pack_line,run,ea_sha,journal_file,journal_line,server_date,server_time,tag,raw
1,GBP0629-B162,1617DC1ACCE6B50ED2D1359582A70A8B8503C569623EE90C18C6B33542796207,Tester/logs/20261011.log,1467030,2026-07-07,09:00,B152PR,"MI	0	11:31:42.721	Core 04	2026.07.07 09:00:00   [SRJ-IND] B152PR sym=GBPUSD bar=2026.07.07 08:55 z1=150,S,1.34395,1.34430,2026.06.15 11:40,1,2026.06.15 17:05,1.34420,1.34363"
2,GBP0629-B162,1617DC1ACCE6B50ED2D1359582A70A8B8503C569623EE90C18C6B33542796207,Tester/logs/20261011.log,1467031,2026-07-07,09:00,B152PR,"HQ	0	11:31:42.721	Core 04	2026.07.07 09:00:00   [SRJ-IND] B152PR sym=GBPUSD bar=2026.07.07 08:55 z1=1582,B,1.31711,1.31751,2026.06.25 15:45,1,2026.06.25 15:55,1.31818,1.31739"
3,GBP0629-B162,1617DC1ACCE6B50ED2D1359582A70A8B8503C569623EE90C18C6B33542796207,Tester/logs/20261011.log,1467032,2026-07-07,09:00,B152PR,"DG	0	11:31:42.721	Core 04	2026.07.07 09:00:00   [SRJ-IND] B152PR sym=GBPUSD bar=2026.07.07 08:55 z1=1869,B,1.31919,1.31950,2026.06.29 02:50,1,2026.06.29 03:00,1.32000,1.31935"
4,GBP0629-B162,1617DC1ACCE6B50ED2D1359582A70A8B8503C569623EE90C18C6B33542796207,Tester/logs/20261011.log,1467033,2026-07-07,09:00,B152PR,"IM	0	11:31:42.721	Core 04	2026.07.07 09:00:00   [SRJ-IND] B152PR sym=GBPUSD bar=2026.07.07 08:55 z1=1875,B,1.31936,1.31982,2026.06.29 05:20,1,2026.06.29 06:55,1.32014,1.31979"
5,GBP0629-B162,1617DC1ACCE6B50ED2D1359582A70A8B8503C569623EE90C18C6B33542796207,Tester/logs/20261011.log,1467034,2026-07-07,09:00,B152PR,"GS	0	11:31:42.721	Core 04	2026.07.07 09:00:00   [SRJ-IND] B152PR sym=GBPUSD bar=2026.07.07 08:55 z1=1899,B,1.31967,1.31979,2026.06.29 07:35,1,2026.06.29 07:40,1.31994,1.31978"
6,GBP0629-B162,1617DC1ACCE6B50ED2D1359582A70A8B8503C569623EE90C18C6B33542796207,Tester/logs/20261011.log,1467035,2026-07-07,09:00,B152PR,"NI	0	11:31:42.721	Core 04	2026.07.07 09:00:00   [SRJ-IND] B152PR sym=GBPUSD bar=2026.07.07 08:55 z1=1909,B,1.32024,1.32052,2026.06.29 08:35,1,2026.06.29 11:20,1.32088,1.32041"
7,GBP0629-B162,1617DC1ACCE6B50ED2D1359582A70A8B8503C569623EE90C18C6B33542796207,Tester/logs/20261011.log,1467036,2026-07-07,09:00,B152PR,"KO	0	11:31:42.721	Core 04	2026.07.07 09:00:00   [SRJ-IND] B152PR sym=GBPUSD bar=2026.07.07 08:55 z1=1941,B,1.32111,1.32139,2026.06.29 14:30,1,2026.06.30 15:20,1.32223,1.32125"
8,GBP0629-B162,1617DC1ACCE6B50ED2D1359582A70A8B8503C569623EE90C18C6B33542796207,Tester/logs/20261011.log,1467037,2026-07-07,09:00,B152PR,"CE	0	11:31:42.721	Core 04	2026.07.07 09:00:00   [SRJ-IND] B152PR sym=GBPUSD bar=2026.07.07 08:55 z1=1943,B,1.32097,1.32138,2026.06.29 13:55,1,2026.06.30 15:20,1.32223,1.32125"
9,GBP0629-B162,1617DC1ACCE6B50ED2D1359582A70A8B8503C569623EE90C18C6B33542796207,Tester/logs/20261011.log,1467038,2026-07-07,09:00,B152PR,"NK	0	11:31:42.721	Core 04	2026.07.07 09:00:00   [SRJ-IND] B152PR sym=GBPUSD bar=2026.07.07 08:55 z1=2367,B,1.32677,1.32799,2026.07.02 03:10,1,2026.07.02 03:15,1.32801,1.32765"
10,GBP0629-B162,1617DC1ACCE6B50ED2D1359582A70A8B8503C569623EE90C18C6B33542796207,Tester/logs/20261011.log,1467039,2026-07-07,09:00,B152PR,"OQ	0	11:31:42.721	Core 04	2026.07.07 09:00:00   [SRJ-IND] B152PR sym=GBPUSD bar=2026.07.07 08:55 z1=2646,B,1.33597,1.33639,2026.07.06 18:50,1,2026.07.06 18:55,1.33678,1.33636"
11,GBP0629-B162,1617DC1ACCE6B50ED2D1359582A70A8B8503C569623EE90C18C6B33542796207,Tester/logs/20261011.log,1467040,2026-07-07,09:00,B152PR,"LF	0	11:31:42.721	Core 04	2026.07.07 09:00:00   [SRJ-IND] B152PR sym=GBPUSD bar=2026.07.07 08:55 z1=2935,S,1.33918,1.33935,2026.07.07 06:50,1,2026.07.07 07:05,1.33919,1.33901"
12,GBP0629-B162,1617DC1ACCE6B50ED2D1359582A70A8B8503C569623EE90C18C6B33542796207,Tester/logs/20261011.log,1467041,2026-07-07,09:00,B152PR,"PO	0	11:31:42.721	Core 04	2026.07.07 09:00:00   [SRJ-IND] B152PR sym=GBPUSD bar=2026.07.07 08:55 bull=1 bear=1 nz=11"
13,GBP0629-B162,1617DC1ACCE6B50ED2D1359582A70A8B8503C569623EE90C18C6B33542796207,Tester/logs/20261011.log,1467042,2026-07-07,09:00,B162ORIGIN,"DG	0	11:31:42.721	Core 04	2026.07.07 09:00:00   [SRJ-IND] B162ORIGIN sym=GBPUSD bar=2026.07.07 08:55 side=B n=9 origin=2646 range=1.33597-1.33639 formT=2026.07.03 14:15 set=1582,1869,1875,1899,1909,1941,1943,2367,2646"
14,GBP0629-B162,1617DC1ACCE6B50ED2D1359582A70A8B8503C569623EE90C18C6B33542796207,Tester/logs/20261011.log,1467043,2026-07-07,09:00,B162ORIGIN,"OK	0	11:31:42.721	Core 04	2026.07.07 09:00:00   [SRJ-IND] B162ORIGIN sym=GBPUSD bar=2026.07.07 08:55 side=S n=2 origin=2935 range=1.33918-1.33935 formT=2026.07.07 06:30 set=150,2935"
15,GBP0629-B162,1617DC1ACCE6B50ED2D1359582A70A8B8503C569623EE90C18C6B33542796207,Tester/logs/20261011.log,1467049,2026-07-07,09:05,B152PR,"DR	0	11:31:42.721	Core 04	2026.07.07 09:05:01   [SRJ-IND] B152PR sym=GBPUSD bar=2026.07.07 09:00 z1=150,S,1.34395,1.34430,2026.06.15 11:40,1,2026.06.15 17:05,1.34420,1.34363"
16,GBP0629-B162,1617DC1ACCE6B50ED2D1359582A70A8B8503C569623EE90C18C6B33542796207,Tester/logs/20261011.log,1467050,2026-07-07,09:05,B152PR,"MF	0	11:31:42.721	Core 04	2026.07.07 09:05:01   [SRJ-IND] B152PR sym=GBPUSD bar=2026.07.07 09:00 z1=1582,B,1.31711,1.31751,2026.06.25 15:45,1,2026.06.25 15:55,1.31818,1.31739"
17,GBP0629-B162,1617DC1ACCE6B50ED2D1359582A70A8B8503C569623EE90C18C6B33542796207,Tester/logs/20261011.log,1467051,2026-07-07,09:05,B152PR,"QL	0	11:31:42.721	Core 04	2026.07.07 09:05:01   [SRJ-IND] B152PR sym=GBPUSD bar=2026.07.07 09:00 z1=1869,B,1.31919,1.31950,2026.06.29 02:50,1,2026.06.29 03:00,1.32000,1.31935"
18,GBP0629-B162,1617DC1ACCE6B50ED2D1359582A70A8B8503C569623EE90C18C6B33542796207,Tester/logs/20261011.log,1467052,2026-07-07,09:05,B152PR,"LR	0	11:31:42.721	Core 04	2026.07.07 09:05:01   [SRJ-IND] B152PR sym=GBPUSD bar=2026.07.07 09:00 z1=1875,B,1.31936,1.31982,2026.06.29 05:20,1,2026.06.29 06:55,1.32014,1.31979"
19,GBP0629-B162,1617DC1ACCE6B50ED2D1359582A70A8B8503C569623EE90C18C6B33542796207,Tester/logs/20261011.log,1467053,2026-07-07,09:05,B152PR,"NH	0	11:31:42.721	Core 04	2026.07.07 09:05:01   [SRJ-IND] B152PR sym=GBPUSD bar=2026.07.07 09:00 z1=1899,B,1.31967,1.31979,2026.06.29 07:35,1,2026.06.29 07:40,1.31994,1.31978"
20,GBP0629-B162,1617DC1ACCE6B50ED2D1359582A70A8B8503C569623EE90C18C6B33542796207,Tester/logs/20261011.log,1467054,2026-07-07,09:05,B152PR,"GN	0	11:31:42.721	Core 04	2026.07.07 09:05:01   [SRJ-IND] B152PR sym=GBPUSD bar=2026.07.07 09:00 z1=1909,B,1.32024,1.32052,2026.06.29 08:35,1,2026.06.29 11:20,1.32088,1.32041"
21,GBP0629-B162,1617DC1ACCE6B50ED2D1359582A70A8B8503C569623EE90C18C6B33542796207,Tester/logs/20261011.log,1467055,2026-07-07,09:05,B152PR,"JD	0	11:31:42.721	Core 04	2026.07.07 09:05:01   [SRJ-IND] B152PR sym=GBPUSD bar=2026.07.07 09:00 z1=1941,B,1.32111,1.32139,2026.06.29 14:30,1,2026.06.30 15:20,1.32223,1.32125"
22,GBP0629-B162,1617DC1ACCE6B50ED2D1359582A70A8B8503C569623EE90C18C6B33542796207,Tester/logs/20261011.log,1467056,2026-07-07,09:05,B152PR,"RJ	0	11:31:42.721	Core 04	2026.07.07 09:05:01   [SRJ-IND] B152PR sym=GBPUSD bar=2026.07.07 09:00 z1=1943,B,1.32097,1.32138,2026.06.29 13:55,1,2026.06.30 15:20,1.32223,1.32125"
23,GBP0629-B162,1617DC1ACCE6B50ED2D1359582A70A8B8503C569623EE90C18C6B33542796207,Tester/logs/20261011.log,1467057,2026-07-07,09:05,B152PR,"GP	0	11:31:42.721	Core 04	2026.07.07 09:05:01   [SRJ-IND] B152PR sym=GBPUSD bar=2026.07.07 09:00 z1=2367,B,1.32677,1.32799,2026.07.02 03:10,1,2026.07.02 03:15,1.32801,1.32765"
24,GBP0629-B162,1617DC1ACCE6B50ED2D1359582A70A8B8503C569623EE90C18C6B33542796207,Tester/logs/20261011.log,1467058,2026-07-07,09:05,B152PR,"FF	0	11:31:42.721	Core 04	2026.07.07 09:05:01   [SRJ-IND] B152PR sym=GBPUSD bar=2026.07.07 09:00 z1=2646,B,1.33597,1.33639,2026.07.06 18:50,1,2026.07.06 18:55,1.33678,1.33636"
25,GBP0629-B162,1617DC1ACCE6B50ED2D1359582A70A8B8503C569623EE90C18C6B33542796207,Tester/logs/20261011.log,1467059,2026-07-07,09:05,B152PR,"IM	0	11:31:42.721	Core 04	2026.07.07 09:05:01   [SRJ-IND] B152PR sym=GBPUSD bar=2026.07.07 09:00 z1=2935,S,1.33918,1.33935,2026.07.07 06:50,1,2026.07.07 07:05,1.33919,1.33901"
26,GBP0629-B162,1617DC1ACCE6B50ED2D1359582A70A8B8503C569623EE90C18C6B33542796207,Tester/logs/20261011.log,1467060,2026-07-07,09:05,B152PR,"EP	0	11:31:42.721	Core 04	2026.07.07 09:05:01   [SRJ-IND] B152PR sym=GBPUSD bar=2026.07.07 09:00 bull=1 bear=1 nz=11"
27,GBP0629-B162,1617DC1ACCE6B50ED2D1359582A70A8B8503C569623EE90C18C6B33542796207,Tester/logs/20261011.log,1467061,2026-07-07,09:05,B162ORIGIN,"QM	0	11:31:42.721	Core 04	2026.07.07 09:05:01   [SRJ-IND] B162ORIGIN sym=GBPUSD bar=2026.07.07 09:00 side=B n=9 origin=2646 range=1.33597-1.33639 formT=2026.07.03 14:15 set=1582,1869,1875,1899,1909,1941,1943,2367,2646"
28,GBP0629-B162,1617DC1ACCE6B50ED2D1359582A70A8B8503C569623EE90C18C6B33542796207,Tester/logs/20261011.log,1467062,2026-07-07,09:05,B162ORIGIN,"JP	0	11:31:42.721	Core 04	2026.07.07 09:05:01   [SRJ-IND] B162ORIGIN sym=GBPUSD bar=2026.07.07 09:00 side=S n=2 origin=2935 range=1.33918-1.33935 formT=2026.07.07 06:30 set=150,2935"
29,GBP0629-B162,1617DC1ACCE6B50ED2D1359582A70A8B8503C569623EE90C18C6B33542796207,Tester/logs/20261011.log,1467071,2026-07-07,09:10,B152PR,"LI	0	11:31:42.721	Core 04	2026.07.07 09:10:04   [SRJ-IND] B152PR sym=GBPUSD bar=2026.07.07 09:05 z1=150,S,1.34395,1.34430,2026.06.15 11:40,1,2026.06.15 17:05,1.34420,1.34363"
30,GBP0629-B162,1617DC1ACCE6B50ED2D1359582A70A8B8503C569623EE90C18C6B33542796207,Tester/logs/20261011.log,1467072,2026-07-07,09:10,B152PR,"MP	0	11:31:42.721	Core 04	2026.07.07 09:10:04   [SRJ-IND] B152PR sym=GBPUSD bar=2026.07.07 09:05 z1=1582,B,1.31711,1.31751,2026.06.25 15:45,1,2026.06.25 15:55,1.31818,1.31739"
31,GBP0629-B162,1617DC1ACCE6B50ED2D1359582A70A8B8503C569623EE90C18C6B33542796207,Tester/logs/20261011.log,1467073,2026-07-07,09:10,B152PR,"QF	0	11:31:42.721	Core 04	2026.07.07 09:10:04   [SRJ-IND] B152PR sym=GBPUSD bar=2026.07.07 09:05 z1=1869,B,1.31919,1.31950,2026.06.29 02:50,1,2026.06.29 03:00,1.32000,1.31935"
32,GBP0629-B162,1617DC1ACCE6B50ED2D1359582A70A8B8503C569623EE90C18C6B33542796207,Tester/logs/20261011.log,1467074,2026-07-07,09:10,B152PR,"LL	0	11:31:42.721	Core 04	2026.07.07 09:10:04   [SRJ-IND] B152PR sym=GBPUSD bar=2026.07.07 09:05 z1=1875,B,1.31936,1.31982,2026.06.29 05:20,1,2026.06.29 06:55,1.32014,1.31979"
33,GBP0629-B162,1617DC1ACCE6B50ED2D1359582A70A8B8503C569623EE90C18C6B33542796207,Tester/logs/20261011.log,1467075,2026-07-07,09:10,B152PR,"NR	0	11:31:42.721	Core 04	2026.07.07 09:10:04   [SRJ-IND] B152PR sym=GBPUSD bar=2026.07.07 09:05 z1=1899,B,1.31967,1.31979,2026.06.29 07:35,1,2026.06.29 07:40,1.31994,1.31978"
34,GBP0629-B162,1617DC1ACCE6B50ED2D1359582A70A8B8503C569623EE90C18C6B33542796207,Tester/logs/20261011.log,1467076,2026-07-07,09:10,B152PR,"GH	0	11:31:42.721	Core 04	2026.07.07 09:10:04   [SRJ-IND] B152PR sym=GBPUSD bar=2026.07.07 09:05 z1=1909,B,1.32024,1.32052,2026.06.29 08:35,1,2026.06.29 11:20,1.32088,1.32041"
35,GBP0629-B162,1617DC1ACCE6B50ED2D1359582A70A8B8503C569623EE90C18C6B33542796207,Tester/logs/20261011.log,1467077,2026-07-07,09:10,B152PR,"JN	0	11:31:42.721	Core 04	2026.07.07 09:10:04   [SRJ-IND] B152PR sym=GBPUSD bar=2026.07.07 09:05 z1=1941,B,1.32111,1.32139,2026.06.29 14:30,1,2026.06.30 15:20,1.32223,1.32125"
36,GBP0629-B162,1617DC1ACCE6B50ED2D1359582A70A8B8503C569623EE90C18C6B33542796207,Tester/logs/20261011.log,1467078,2026-07-07,09:10,B152PR,"RD	0	11:31:42.721	Core 04	2026.07.07 09:10:04   [SRJ-IND] B152PR sym=GBPUSD bar=2026.07.07 09:05 z1=1943,B,1.32097,1.32138,2026.06.29 13:55,1,2026.06.30 15:20,1.32223,1.32125"
37,GBP0629-B162,1617DC1ACCE6B50ED2D1359582A70A8B8503C569623EE90C18C6B33542796207,Tester/logs/20261011.log,1467079,2026-07-07,09:10,B152PR,"GJ	0	11:31:42.721	Core 04	2026.07.07 09:10:04   [SRJ-IND] B152PR sym=GBPUSD bar=2026.07.07 09:05 z1=2367,B,1.32677,1.32799,2026.07.02 03:10,1,2026.07.02 03:15,1.32801,1.32765"
38,GBP0629-B162,1617DC1ACCE6B50ED2D1359582A70A8B8503C569623EE90C18C6B33542796207,Tester/logs/20261011.log,1467080,2026-07-07,09:10,B152PR,"LP	0	11:31:42.721	Core 04	2026.07.07 09:10:04   [SRJ-IND] B152PR sym=GBPUSD bar=2026.07.07 09:05 z1=2604,B,1.33739,1.33790,2026.07.06 21:20,1,2026.07.07 09:05,1.33823,1.33772"
39,GBP0629-B162,1617DC1ACCE6B50ED2D1359582A70A8B8503C569623EE90C18C6B33542796207,Tester/logs/20261011.log,1467081,2026-07-07,09:10,B152PR,"FF	0	11:31:42.721	Core 04	2026.07.07 09:10:04   [SRJ-IND] B152PR sym=GBPUSD bar=2026.07.07 09:05 z1=2646,B,1.33597,1.33639,2026.07.06 18:50,1,2026.07.06 18:55,1.33678,1.33636"
40,GBP0629-B162,1617DC1ACCE6B50ED2D1359582A70A8B8503C569623EE90C18C6B33542796207,Tester/logs/20261011.log,1467082,2026-07-07,09:10,B152PR,"IM	0	11:31:42.721	Core 04	2026.07.07 09:10:04   [SRJ-IND] B152PR sym=GBPUSD bar=2026.07.07 09:05 z1=2935,S,1.33918,1.33935,2026.07.07 06:50,1,2026.07.07 07:05,1.33919,1.33901"
41,GBP0629-B162,1617DC1ACCE6B50ED2D1359582A70A8B8503C569623EE90C18C6B33542796207,Tester/logs/20261011.log,1467083,2026-07-07,09:10,B152PR,"DP	0	11:31:42.721	Core 04	2026.07.07 09:10:04   [SRJ-IND] B152PR sym=GBPUSD bar=2026.07.07 09:05 bull=1 bear=1 nz=12"
42,GBP0629-B162,1617DC1ACCE6B50ED2D1359582A70A8B8503C569623EE90C18C6B33542796207,Tester/logs/20261011.log,1467084,2026-07-07,09:10,B162ORIGIN,"EL	0	11:31:42.721	Core 04	2026.07.07 09:10:04   [SRJ-IND] B162ORIGIN sym=GBPUSD bar=2026.07.07 09:05 side=B n=10 origin=2646 range=1.33597-1.33639 formT=2026.07.03 14:15 set=1582,1869,1875,1899,1909,1941,1943,2367,2604,2646"
43,GBP0629-B162,1617DC1ACCE6B50ED2D1359582A70A8B8503C569623EE90C18C6B33542796207,Tester/logs/20261011.log,1467085,2026-07-07,09:10,B162ORIGIN,"FQ	0	11:31:42.721	Core 04	2026.07.07 09:10:04   [SRJ-IND] B162ORIGIN sym=GBPUSD bar=2026.07.07 09:05 side=S n=2 origin=2935 range=1.33918-1.33935 formT=2026.07.07 06:30 set=150,2935"
44,GBP0629-B162,1617DC1ACCE6B50ED2D1359582A70A8B8503C569623EE90C18C6B33542796207,Tester/logs/20261011.log,1467090,2026-07-07,09:10,CQDRECHECK,"LM	0	11:31:42.721	Core 04	2026.07.07 09:10:04   [SRJ-EA] CQDRECHECK shift=2 passA=2.0 passB=2.0 diff=0 bar=2026.07.07 09:00 state=IDLE dir=NONE divLatch=0 hit1=0 hit2=450 mism=0"
45,GBP0629-B162,1617DC1ACCE6B50ED2D1359582A70A8B8503C569623EE90C18C6B33542796207,Tester/logs/20261011.log,1467096,2026-07-07,09:15,B152PR,"EO	0	11:31:42.721	Core 04	2026.07.07 09:15:00   [SRJ-IND] B152PR sym=GBPUSD bar=2026.07.07 09:10 z1=150,S,1.34395,1.34430,2026.06.15 11:40,1,2026.06.15 17:05,1.34420,1.34363"
46,GBP0629-B162,1617DC1ACCE6B50ED2D1359582A70A8B8503C569623EE90C18C6B33542796207,Tester/logs/20261011.log,1467097,2026-07-07,09:15,B152PR,"PS	0	11:31:42.721	Core 04	2026.07.07 09:15:00   [SRJ-IND] B152PR sym=GBPUSD bar=2026.07.07 09:10 z1=1582,B,1.31711,1.31751,2026.06.25 15:45,1,2026.06.25 15:55,1.31818,1.31739"
47,GBP0629-B162,1617DC1ACCE6B50ED2D1359582A70A8B8503C569623EE90C18C6B33542796207,Tester/logs/20261011.log,1467098,2026-07-07,09:15,B152PR,"LI	0	11:31:42.721	Core 04	2026.07.07 09:15:00   [SRJ-IND] B152PR sym=GBPUSD bar=2026.07.07 09:10 z1=1869,B,1.31919,1.31950,2026.06.29 02:50,1,2026.06.29 03:00,1.32000,1.31935"
48,GBP0629-B162,1617DC1ACCE6B50ED2D1359582A70A8B8503C569623EE90C18C6B33542796207,Tester/logs/20261011.log,1467099,2026-07-07,09:15,B152PR,"QO	0	11:31:42.721	Core 04	2026.07.07 09:15:00   [SRJ-IND] B152PR sym=GBPUSD bar=2026.07.07 09:10 z1=1875,B,1.31936,1.31982,2026.06.29 05:20,1,2026.06.29 06:55,1.32014,1.31979"
49,GBP0629-B162,1617DC1ACCE6B50ED2D1359582A70A8B8503C569623EE90C18C6B33542796207,Tester/logs/20261011.log,1467100,2026-07-07,09:15,B152PR,"OE	0	11:31:42.721	Core 04	2026.07.07 09:15:00   [SRJ-IND] B152PR sym=GBPUSD bar=2026.07.07 09:10 z1=1899,B,1.31967,1.31979,2026.06.29 07:35,1,2026.06.29 07:40,1.31994,1.31978"
50,GBP0629-B162,1617DC1ACCE6B50ED2D1359582A70A8B8503C569623EE90C18C6B33542796207,Tester/logs/20261011.log,1467101,2026-07-07,09:15,B152PR,"FK	0	11:31:42.721	Core 04	2026.07.07 09:15:00   [SRJ-IND] B152PR sym=GBPUSD bar=2026.07.07 09:10 z1=1909,B,1.32024,1.32052,2026.06.29 08:35,1,2026.06.29 11:20,1.32088,1.32041"
51,GBP0629-B162,1617DC1ACCE6B50ED2D1359582A70A8B8503C569623EE90C18C6B33542796207,Tester/logs/20261011.log,1467102,2026-07-07,09:15,B152PR,"CQ	0	11:31:42.721	Core 04	2026.07.07 09:15:00   [SRJ-IND] B152PR sym=GBPUSD bar=2026.07.07 09:10 z1=1941,B,1.32111,1.32139,2026.06.29 14:30,1,2026.06.30 15:20,1.32223,1.32125"
52,GBP0629-B162,1617DC1ACCE6B50ED2D1359582A70A8B8503C569623EE90C18C6B33542796207,Tester/logs/20261011.log,1467103,2026-07-07,09:15,B152PR,"KG	0	11:31:42.721	Core 04	2026.07.07 09:15:00   [SRJ-IND] B152PR sym=GBPUSD bar=2026.07.07 09:10 z1=1943,B,1.32097,1.32138,2026.06.29 13:55,1,2026.06.30 15:20,1.32223,1.32125"
53,GBP0629-B162,1617DC1ACCE6B50ED2D1359582A70A8B8503C569623EE90C18C6B33542796207,Tester/logs/20261011.log,1467104,2026-07-07,09:15,B152PR,"FM	0	11:31:42.721	Core 04	2026.07.07 09:15:00   [SRJ-IND] B152PR sym=GBPUSD bar=2026.07.07 09:10 z1=2367,B,1.32677,1.32799,2026.07.02 03:10,1,2026.07.02 03:15,1.32801,1.32765"
54,GBP0629-B162,1617DC1ACCE6B50ED2D1359582A70A8B8503C569623EE90C18C6B33542796207,Tester/logs/20261011.log,1467105,2026-07-07,09:15,B152PR,"QS	0	11:31:42.721	Core 04	2026.07.07 09:15:00   [SRJ-IND] B152PR sym=GBPUSD bar=2026.07.07 09:10 z1=2604,B,1.33739,1.33790,2026.07.06 21:20,1,2026.07.07 09:05,1.33823,1.33772"
55,GBP0629-B162,1617DC1ACCE6B50ED2D1359582A70A8B8503C569623EE90C18C6B33542796207,Tester/logs/20261011.log,1467106,2026-07-07,09:15,B152PR,"GI	0	11:31:42.721	Core 04	2026.07.07 09:15:00   [SRJ-IND] B152PR sym=GBPUSD bar=2026.07.07 09:10 z1=2646,B,1.33597,1.33639,2026.07.06 18:50,1,2026.07.06 18:55,1.33678,1.33636"
56,GBP0629-B162,1617DC1ACCE6B50ED2D1359582A70A8B8503C569623EE90C18C6B33542796207,Tester/logs/20261011.log,1467107,2026-07-07,09:15,B152PR,"GO	0	11:31:42.721	Core 04	2026.07.07 09:15:00   [SRJ-IND] B152PR sym=GBPUSD bar=2026.07.07 09:10 z1=2855,B,1.33747,1.33764,2026.07.06 20:30,1,2026.07.07 09:10,1.33779,1.33747"
57,GBP0629-B162,1617DC1ACCE6B50ED2D1359582A70A8B8503C569623EE90C18C6B33542796207,Tester/logs/20261011.log,1467108,2026-07-07,09:15,B152PR,"DD	0	11:31:42.721	Core 04	2026.07.07 09:15:00   [SRJ-IND] B152PR sym=GBPUSD bar=2026.07.07 09:10 z1=2935,S,1.33918,1.33935,2026.07.07 06:50,1,2026.07.07 07:05,1.33919,1.33901"
58,GBP0629-B162,1617DC1ACCE6B50ED2D1359582A70A8B8503C569623EE90C18C6B33542796207,Tester/logs/20261011.log,1467109,2026-07-07,09:15,B152PR,"JI	0	11:31:42.721	Core 04	2026.07.07 09:15:00   [SRJ-IND] B152PR sym=GBPUSD bar=2026.07.07 09:10 bull=1 bear=1 nz=13"
59,GBP0629-B162,1617DC1ACCE6B50ED2D1359582A70A8B8503C569623EE90C18C6B33542796207,Tester/logs/20261011.log,1467110,2026-07-07,09:15,B162ORIGIN,"GE	0	11:31:42.721	Core 04	2026.07.07 09:15:00   [SRJ-IND] B162ORIGIN sym=GBPUSD bar=2026.07.07 09:10 side=B n=11 origin=2855 range=1.33747-1.33764 formT=2026.07.06 19:55 set=1582,1869,1875,1899,1909,1941,1943,2367,2604,2646,2855"
60,GBP0629-B162,1617DC1ACCE6B50ED2D1359582A70A8B8503C569623EE90C18C6B33542796207,Tester/logs/20261011.log,1467111,2026-07-07,09:15,B162ORIGIN,"QK	0	11:31:42.721	Core 04	2026.07.07 09:15:00   [SRJ-IND] B162ORIGIN sym=GBPUSD bar=2026.07.07 09:10 side=S n=2 origin=2935 range=1.33918-1.33935 formT=2026.07.07 06:30 set=150,2935"
61,GBP0629-B162,1617DC1ACCE6B50ED2D1359582A70A8B8503C569623EE90C18C6B33542796207,Tester/logs/20261011.log,1467121,2026-07-07,09:20,B152PR,"HR	0	11:31:42.721	Core 04	2026.07.07 09:20:00   [SRJ-IND] B152PR sym=GBPUSD bar=2026.07.07 09:15 z1=150,S,1.34395,1.34430,2026.06.15 11:40,1,2026.06.15 17:05,1.34420,1.34363"
62,GBP0629-B162,1617DC1ACCE6B50ED2D1359582A70A8B8503C569623EE90C18C6B33542796207,Tester/logs/20261011.log,1467122,2026-07-07,09:20,B152PR,"MF	0	11:31:42.721	Core 04	2026.07.07 09:20:00   [SRJ-IND] B152PR sym=GBPUSD bar=2026.07.07 09:15 z1=1582,B,1.31711,1.31751,2026.06.25 15:45,1,2026.06.25 15:55,1.31818,1.31739"
63,GBP0629-B162,1617DC1ACCE6B50ED2D1359582A70A8B8503C569623EE90C18C6B33542796207,Tester/logs/20261011.log,1467123,2026-07-07,09:20,B152PR,"QL	0	11:31:42.721	Core 04	2026.07.07 09:20:00   [SRJ-IND] B152PR sym=GBPUSD bar=2026.07.07 09:15 z1=1869,B,1.31919,1.31950,2026.06.29 02:50,1,2026.06.29 03:00,1.32000,1.31935"
64,GBP0629-B162,1617DC1ACCE6B50ED2D1359582A70A8B8503C569623EE90C18C6B33542796207,Tester/logs/20261011.log,1467124,2026-07-07,09:20,B152PR,"LR	0	11:31:42.721	Core 04	2026.07.07 09:20:00   [SRJ-IND] B152PR sym=GBPUSD bar=2026.07.07 09:15 z1=1875,B,1.31936,1.31982,2026.06.29 05:20,1,2026.06.29 06:55,1.32014,1.31979"
65,GBP0629-B162,1617DC1ACCE6B50ED2D1359582A70A8B8503C569623EE90C18C6B33542796207,Tester/logs/20261011.log,1467125,2026-07-07,09:20,B152PR,"NH	0	11:31:42.721	Core 04	2026.07.07 09:20:00   [SRJ-IND] B152PR sym=GBPUSD bar=2026.07.07 09:15 z1=1899,B,1.31967,1.31979,2026.06.29 07:35,1,2026.06.29 07:40,1.31994,1.31978"
66,GBP0629-B162,1617DC1ACCE6B50ED2D1359582A70A8B8503C569623EE90C18C6B33542796207,Tester/logs/20261011.log,1467126,2026-07-07,09:20,B152PR,"GN	0	11:31:42.721	Core 04	2026.07.07 09:20:00   [SRJ-IND] B152PR sym=GBPUSD bar=2026.07.07 09:15 z1=1909,B,1.32024,1.32052,2026.06.29 08:35,1,2026.06.29 11:20,1.32088,1.32041"
67,GBP0629-B162,1617DC1ACCE6B50ED2D1359582A70A8B8503C569623EE90C18C6B33542796207,Tester/logs/20261011.log,1467127,2026-07-07,09:20,B152PR,"JD	0	11:31:42.721	Core 04	2026.07.07 09:20:00   [SRJ-IND] B152PR sym=GBPUSD bar=2026.07.07 09:15 z1=1941,B,1.32111,1.32139,2026.06.29 14:30,1,2026.06.30 15:20,1.32223,1.32125"
68,GBP0629-B162,1617DC1ACCE6B50ED2D1359582A70A8B8503C569623EE90C18C6B33542796207,Tester/logs/20261011.log,1467128,2026-07-07,09:20,B152PR,"RJ	0	11:31:42.721	Core 04	2026.07.07 09:20:00   [SRJ-IND] B152PR sym=GBPUSD bar=2026.07.07 09:15 z1=1943,B,1.32097,1.32138,2026.06.29 13:55,1,2026.06.30 15:20,1.32223,1.32125"
69,GBP0629-B162,1617DC1ACCE6B50ED2D1359582A70A8B8503C569623EE90C18C6B33542796207,Tester/logs/20261011.log,1467129,2026-07-07,09:20,B152PR,"GP	0	11:31:42.721	Core 04	2026.07.07 09:20:00   [SRJ-IND] B152PR sym=GBPUSD bar=2026.07.07 09:15 z1=2367,B,1.32677,1.32799,2026.07.02 03:10,1,2026.07.02 03:15,1.32801,1.32765"
70,GBP0629-B162,1617DC1ACCE6B50ED2D1359582A70A8B8503C569623EE90C18C6B33542796207,Tester/logs/20261011.log,1467130,2026-07-07,09:20,B152PR,"LF	0	11:31:42.721	Core 04	2026.07.07 09:20:00   [SRJ-IND] B152PR sym=GBPUSD bar=2026.07.07 09:15 z1=2604,B,1.33739,1.33790,2026.07.06 21:20,1,2026.07.07 09:05,1.33823,1.33772"
71,GBP0629-B162,1617DC1ACCE6B50ED2D1359582A70A8B8503C569623EE90C18C6B33542796207,Tester/logs/20261011.log,1467131,2026-07-07,09:20,B152PR,"FL	0	11:31:42.721	Core 04	2026.07.07 09:20:00   [SRJ-IND] B152PR sym=GBPUSD bar=2026.07.07 09:15 z1=2646,B,1.33597,1.33639,2026.07.06 18:50,1,2026.07.06 18:55,1.33678,1.33636"
72,GBP0629-B162,1617DC1ACCE6B50ED2D1359582A70A8B8503C569623EE90C18C6B33542796207,Tester/logs/20261011.log,1467132,2026-07-07,09:20,B152PR,"FR	0	11:31:42.721	Core 04	2026.07.07 09:20:00   [SRJ-IND] B152PR sym=GBPUSD bar=2026.07.07 09:15 z1=2855,B,1.33747,1.33764,2026.07.06 20:30,1,2026.07.07 09:10,1.33779,1.33747"
73,GBP0629-B162,1617DC1ACCE6B50ED2D1359582A70A8B8503C569623EE90C18C6B33542796207,Tester/logs/20261011.log,1467133,2026-07-07,09:20,B152PR,"II	0	11:31:42.721	Core 04	2026.07.07 09:20:00   [SRJ-IND] B152PR sym=GBPUSD bar=2026.07.07 09:15 z1=2935,S,1.33918,1.33935,2026.07.07 06:50,1,2026.07.07 07:05,1.33919,1.33901"
74,GBP0629-B162,1617DC1ACCE6B50ED2D1359582A70A8B8503C569623EE90C18C6B33542796207,Tester/logs/20261011.log,1467134,2026-07-07,09:20,B152PR,"CL	0	11:31:42.721	Core 04	2026.07.07 09:20:00   [SRJ-IND] B152PR sym=GBPUSD bar=2026.07.07 09:15 bull=1 bear=1 nz=13"
75,GBP0629-B162,1617DC1ACCE6B50ED2D1359582A70A8B8503C569623EE90C18C6B33542796207,Tester/logs/20261011.log,1467135,2026-07-07,09:20,B162ORIGIN,"NR	0	11:31:42.721	Core 04	2026.07.07 09:20:00   [SRJ-IND] B162ORIGIN sym=GBPUSD bar=2026.07.07 09:15 side=B n=11 origin=2855 range=1.33747-1.33764 formT=2026.07.06 19:55 set=1582,1869,1875,1899,1909,1941,1943,2367,2604,2646,2855"
76,GBP0629-B162,1617DC1ACCE6B50ED2D1359582A70A8B8503C569623EE90C18C6B33542796207,Tester/logs/20261011.log,1467136,2026-07-07,09:20,B162ORIGIN,"LF	0	11:31:42.721	Core 04	2026.07.07 09:20:00   [SRJ-IND] B162ORIGIN sym=GBPUSD bar=2026.07.07 09:15 side=S n=2 origin=2935 range=1.33918-1.33935 formT=2026.07.07 06:30 set=150,2935"
77,GBP0629-B162,1617DC1ACCE6B50ED2D1359582A70A8B8503C569623EE90C18C6B33542796207,Tester/logs/20261011.log,1467143,2026-07-07,09:25,B152PR,"GL	0	11:31:42.721	Core 04	2026.07.07 09:25:00   [SRJ-IND] B152PR sym=GBPUSD bar=2026.07.07 09:20 z1=150,S,1.34395,1.34430,2026.06.15 11:40,1,2026.06.15 17:05,1.34420,1.34363"
78,GBP0629-B162,1617DC1ACCE6B50ED2D1359582A70A8B8503C569623EE90C18C6B33542796207,Tester/logs/20261011.log,1467144,2026-07-07,09:25,B152PR,"JD	0	11:31:42.721	Core 04	2026.07.07 09:25:00   [SRJ-IND] B152PR sym=GBPUSD bar=2026.07.07 09:20 z1=1582,B,1.31711,1.31751,2026.06.25 15:45,1,2026.06.25 15:55,1.31818,1.31739"
79,GBP0629-B162,1617DC1ACCE6B50ED2D1359582A70A8B8503C569623EE90C18C6B33542796207,Tester/logs/20261011.log,1467145,2026-07-07,09:25,B152PR,"FJ	0	11:31:42.721	Core 04	2026.07.07 09:25:00   [SRJ-IND] B152PR sym=GBPUSD bar=2026.07.07 09:20 z1=1869,B,1.31919,1.31950,2026.06.29 02:50,1,2026.06.29 03:00,1.32000,1.31935"
80,GBP0629-B162,1617DC1ACCE6B50ED2D1359582A70A8B8503C569623EE90C18C6B33542796207,Tester/logs/20261011.log,1467146,2026-07-07,09:25,B152PR,"GP	0	11:31:42.721	Core 04	2026.07.07 09:25:00   [SRJ-IND] B152PR sym=GBPUSD bar=2026.07.07 09:20 z1=1875,B,1.31936,1.31982,2026.06.29 05:20,1,2026.06.29 06:55,1.32014,1.31979"
81,GBP0629-B162,1617DC1ACCE6B50ED2D1359582A70A8B8503C569623EE90C18C6B33542796207,Tester/logs/20261011.log,1467147,2026-07-07,09:25,B152PR,"IF	0	11:31:42.721	Core 04	2026.07.07 09:25:00   [SRJ-IND] B152PR sym=GBPUSD bar=2026.07.07 09:20 z1=1899,B,1.31967,1.31979,2026.06.29 07:35,1,2026.06.29 07:40,1.31994,1.31978"
82,GBP0629-B162,1617DC1ACCE6B50ED2D1359582A70A8B8503C569623EE90C18C6B33542796207,Tester/logs/20261011.log,1467148,2026-07-07,09:25,B152PR,"LL	0	11:31:42.721	Core 04	2026.07.07 09:25:00   [SRJ-IND] B152PR sym=GBPUSD bar=2026.07.07 09:20 z1=1909,B,1.32024,1.32052,2026.06.29 08:35,1,2026.06.29 11:20,1.32088,1.32041"
83,GBP0629-B162,1617DC1ACCE6B50ED2D1359582A70A8B8503C569623EE90C18C6B33542796207,Tester/logs/20261011.log,1467149,2026-07-07,09:25,B152PR,"MR	0	11:31:42.721	Core 04	2026.07.07 09:25:00   [SRJ-IND] B152PR sym=GBPUSD bar=2026.07.07 09:20 z1=1941,B,1.32111,1.32139,2026.06.29 14:30,1,2026.06.30 15:20,1.32223,1.32125"
84,GBP0629-B162,1617DC1ACCE6B50ED2D1359582A70A8B8503C569623EE90C18C6B33542796207,Tester/logs/20261011.log,1467150,2026-07-07,09:25,B152PR,"EH	0	11:31:42.721	Core 04	2026.07.07 09:25:00   [SRJ-IND] B152PR sym=GBPUSD bar=2026.07.07 09:20 z1=1943,B,1.32097,1.32138,2026.06.29 13:55,1,2026.06.30 15:20,1.32223,1.32125"
85,GBP0629-B162,1617DC1ACCE6B50ED2D1359582A70A8B8503C569623EE90C18C6B33542796207,Tester/logs/20261011.log,1467151,2026-07-07,09:25,B152PR,"LN	0	11:31:42.721	Core 04	2026.07.07 09:25:00   [SRJ-IND] B152PR sym=GBPUSD bar=2026.07.07 09:20 z1=2367,B,1.32677,1.32799,2026.07.02 03:10,1,2026.07.02 03:15,1.32801,1.32765"
86,GBP0629-B162,1617DC1ACCE6B50ED2D1359582A70A8B8503C569623EE90C18C6B33542796207,Tester/logs/20261011.log,1467152,2026-07-07,09:25,B152PR,"GD	0	11:31:42.721	Core 04	2026.07.07 09:25:00   [SRJ-IND] B152PR sym=GBPUSD bar=2026.07.07 09:20 z1=2604,B,1.33739,1.33790,2026.07.06 21:20,1,2026.07.07 09:05,1.33823,1.33772"
87,GBP0629-B162,1617DC1ACCE6B50ED2D1359582A70A8B8503C569623EE90C18C6B33542796207,Tester/logs/20261011.log,1467153,2026-07-07,09:25,B152PR,"QJ	0	11:31:42.721	Core 04	2026.07.07 09:25:00   [SRJ-IND] B152PR sym=GBPUSD bar=2026.07.07 09:20 z1=2646,B,1.33597,1.33639,2026.07.06 18:50,1,2026.07.06 18:55,1.33678,1.33636"
88,GBP0629-B162,1617DC1ACCE6B50ED2D1359582A70A8B8503C569623EE90C18C6B33542796207,Tester/logs/20261011.log,1467154,2026-07-07,09:25,B152PR,"QP	0	11:31:42.721	Core 04	2026.07.07 09:25:00   [SRJ-IND] B152PR sym=GBPUSD bar=2026.07.07 09:20 z1=2855,B,1.33747,1.33764,2026.07.06 20:30,1,2026.07.07 09:10,1.33779,1.33747"
89,GBP0629-B162,1617DC1ACCE6B50ED2D1359582A70A8B8503C569623EE90C18C6B33542796207,Tester/logs/20261011.log,1467155,2026-07-07,09:25,B152PR,"NG	0	11:31:42.721	Core 04	2026.07.07 09:25:00   [SRJ-IND] B152PR sym=GBPUSD bar=2026.07.07 09:20 z1=2935,S,1.33918,1.33935,2026.07.07 06:50,1,2026.07.07 07:05,1.33919,1.33901"
90,GBP0629-B162,1617DC1ACCE6B50ED2D1359582A70A8B8503C569623EE90C18C6B33542796207,Tester/logs/20261011.log,1467156,2026-07-07,09:25,B152PR,"PN	0	11:31:42.721	Core 04	2026.07.07 09:25:00   [SRJ-IND] B152PR sym=GBPUSD bar=2026.07.07 09:20 bull=1 bear=1 nz=13"
91,GBP0629-B162,1617DC1ACCE6B50ED2D1359582A70A8B8503C569623EE90C18C6B33542796207,Tester/logs/20261011.log,1467157,2026-07-07,09:25,B162ORIGIN,"QD	0	11:31:42.721	Core 04	2026.07.07 09:25:00   [SRJ-IND] B162ORIGIN sym=GBPUSD bar=2026.07.07 09:20 side=B n=11 origin=2855 range=1.33747-1.33764 formT=2026.07.06 19:55 set=1582,1869,1875,1899,1909,1941,1943,2367,2604,2646,2855"
92,GBP0629-B162,1617DC1ACCE6B50ED2D1359582A70A8B8503C569623EE90C18C6B33542796207,Tester/logs/20261011.log,1467158,2026-07-07,09:25,B162ORIGIN,"GK	0	11:31:42.721	Core 04	2026.07.07 09:25:00   [SRJ-IND] B162ORIGIN sym=GBPUSD bar=2026.07.07 09:20 side=S n=2 origin=2935 range=1.33918-1.33935 formT=2026.07.07 06:30 set=150,2935"
93,GBP0629-B162,1617DC1ACCE6B50ED2D1359582A70A8B8503C569623EE90C18C6B33542796207,Tester/logs/20261011.log,1467165,2026-07-07,09:30,B152PR,"NN	0	11:31:42.721	Core 04	2026.07.07 09:30:00   [SRJ-IND] B152PR sym=GBPUSD bar=2026.07.07 09:25 z1=150,S,1.34395,1.34430,2026.06.15 11:40,1,2026.06.15 17:05,1.34420,1.34363"
94,GBP0629-B162,1617DC1ACCE6B50ED2D1359582A70A8B8503C569623EE90C18C6B33542796207,Tester/logs/20261011.log,1467166,2026-07-07,09:30,B152PR,"GR	0	11:31:42.721	Core 04	2026.07.07 09:30:00   [SRJ-IND] B152PR sym=GBPUSD bar=2026.07.07 09:25 z1=1582,B,1.31711,1.31751,2026.06.25 15:45,1,2026.06.25 15:55,1.31818,1.31739"
95,GBP0629-B162,1617DC1ACCE6B50ED2D1359582A70A8B8503C569623EE90C18C6B33542796207,Tester/logs/20261011.log,1467167,2026-07-07,09:30,B152PR,"CH	0	11:31:42.721	Core 04	2026.07.07 09:30:00   [SRJ-IND] B152PR sym=GBPUSD bar=2026.07.07 09:25 z1=1869,B,1.31919,1.31950,2026.06.29 02:50,1,2026.06.29 03:00,1.32000,1.31935"
96,GBP0629-B162,1617DC1ACCE6B50ED2D1359582A70A8B8503C569623EE90C18C6B33542796207,Tester/logs/20261011.log,1467168,2026-07-07,09:30,B152PR,"JN	0	11:31:42.721	Core 04	2026.07.07 09:30:00   [SRJ-IND] B152PR sym=GBPUSD bar=2026.07.07 09:25 z1=1875,B,1.31936,1.31982,2026.06.29 05:20,1,2026.06.29 06:55,1.32014,1.31979"
97,GBP0629-B162,1617DC1ACCE6B50ED2D1359582A70A8B8503C569623EE90C18C6B33542796207,Tester/logs/20261011.log,1467169,2026-07-07,09:30,B152PR,"HD	0	11:31:42.721	Core 04	2026.07.07 09:30:00   [SRJ-IND] B152PR sym=GBPUSD bar=2026.07.07 09:25 z1=1899,B,1.31967,1.31979,2026.06.29 07:35,1,2026.06.29 07:40,1.31994,1.31978"
98,GBP0629-B162,1617DC1ACCE6B50ED2D1359582A70A8B8503C569623EE90C18C6B33542796207,Tester/logs/20261011.log,1467170,2026-07-07,09:30,B152PR,"MJ	0	11:31:42.721	Core 04	2026.07.07 09:30:00   [SRJ-IND] B152PR sym=GBPUSD bar=2026.07.07 09:25 z1=1909,B,1.32024,1.32052,2026.06.29 08:35,1,2026.06.29 11:20,1.32088,1.32041"
99,GBP0629-B162,1617DC1ACCE6B50ED2D1359582A70A8B8503C569623EE90C18C6B33542796207,Tester/logs/20261011.log,1467171,2026-07-07,09:30,B152PR,"LP	0	11:31:42.721	Core 04	2026.07.07 09:30:00   [SRJ-IND] B152PR sym=GBPUSD bar=2026.07.07 09:25 z1=1941,B,1.32111,1.32139,2026.06.29 14:30,1,2026.06.30 15:20,1.32223,1.32125"
100,GBP0629-B162,1617DC1ACCE6B50ED2D1359582A70A8B8503C569623EE90C18C6B33542796207,Tester/logs/20261011.log,1467172,2026-07-07,09:30,B152PR,"DF	0	11:31:42.721	Core 04	2026.07.07 09:30:00   [SRJ-IND] B152PR sym=GBPUSD bar=2026.07.07 09:25 z1=1943,B,1.32097,1.32138,2026.06.29 13:55,1,2026.06.30 15:20,1.32223,1.32125"
101,GBP0629-B162,1617DC1ACCE6B50ED2D1359582A70A8B8503C569623EE90C18C6B33542796207,Tester/logs/20261011.log,1467173,2026-07-07,09:30,B152PR,"ML	0	11:31:42.721	Core 04	2026.07.07 09:30:00   [SRJ-IND] B152PR sym=GBPUSD bar=2026.07.07 09:25 z1=2367,B,1.32677,1.32799,2026.07.02 03:10,1,2026.07.02 03:15,1.32801,1.32765"
102,GBP0629-B162,1617DC1ACCE6B50ED2D1359582A70A8B8503C569623EE90C18C6B33542796207,Tester/logs/20261011.log,1467174,2026-07-07,09:30,B152PR,"JR	0	11:31:42.721	Core 04	2026.07.07 09:30:00   [SRJ-IND] B152PR sym=GBPUSD bar=2026.07.07 09:25 z1=2604,B,1.33739,1.33790,2026.07.06 21:20,1,2026.07.07 09:05,1.33823,1.33772"
103,GBP0629-B162,1617DC1ACCE6B50ED2D1359582A70A8B8503C569623EE90C18C6B33542796207,Tester/logs/20261011.log,1467175,2026-07-07,09:30,B152PR,"PH	0	11:31:42.721	Core 04	2026.07.07 09:30:00   [SRJ-IND] B152PR sym=GBPUSD bar=2026.07.07 09:25 z1=2646,B,1.33597,1.33639,2026.07.06 18:50,1,2026.07.06 18:55,1.33678,1.33636"
104,GBP0629-B162,1617DC1ACCE6B50ED2D1359582A70A8B8503C569623EE90C18C6B33542796207,Tester/logs/20261011.log,1467176,2026-07-07,09:30,B152PR,"PN	0	11:31:42.721	Core 04	2026.07.07 09:30:00   [SRJ-IND] B152PR sym=GBPUSD bar=2026.07.07 09:25 z1=2855,B,1.33747,1.33764,2026.07.06 20:30,1,2026.07.07 09:10,1.33779,1.33747"
105,GBP0629-B162,1617DC1ACCE6B50ED2D1359582A70A8B8503C569623EE90C18C6B33542796207,Tester/logs/20261011.log,1467177,2026-07-07,09:30,B152PR,"KE	0	11:31:42.721	Core 04	2026.07.07 09:30:00   [SRJ-IND] B152PR sym=GBPUSD bar=2026.07.07 09:25 z1=2935,S,1.33918,1.33935,2026.07.07 06:50,1,2026.07.07 07:05,1.33919,1.33901"
106,GBP0629-B162,1617DC1ACCE6B50ED2D1359582A70A8B8503C569623EE90C18C6B33542796207,Tester/logs/20261011.log,1467178,2026-07-07,09:30,B152PR,"QH	0	11:31:42.721	Core 04	2026.07.07 09:30:00   [SRJ-IND] B152PR sym=GBPUSD bar=2026.07.07 09:25 bull=1 bear=1 nz=13"
107,GBP0629-B162,1617DC1ACCE6B50ED2D1359582A70A8B8503C569623EE90C18C6B33542796207,Tester/logs/20261011.log,1467179,2026-07-07,09:30,B162ORIGIN,"PF	0	11:31:42.721	Core 04	2026.07.07 09:30:00   [SRJ-IND] B162ORIGIN sym=GBPUSD bar=2026.07.07 09:25 side=B n=11 origin=2855 range=1.33747-1.33764 formT=2026.07.06 19:55 set=1582,1869,1875,1899,1909,1941,1943,2367,2604,2646,2855"
108,GBP0629-B162,1617DC1ACCE6B50ED2D1359582A70A8B8503C569623EE90C18C6B33542796207,Tester/logs/20261011.log,1467180,2026-07-07,09:30,B162ORIGIN,"JI	0	11:31:42.721	Core 04	2026.07.07 09:30:00   [SRJ-IND] B162ORIGIN sym=GBPUSD bar=2026.07.07 09:25 side=S n=2 origin=2935 range=1.33918-1.33935 formT=2026.07.07 06:30 set=150,2935"
109,GBP0629-B162,1617DC1ACCE6B50ED2D1359582A70A8B8503C569623EE90C18C6B33542796207,Tester/logs/20261011.log,1467188,2026-07-07,09:35,B152PR,"CH	0	11:31:42.721	Core 04	2026.07.07 09:35:00   [SRJ-IND] B152PR sym=GBPUSD bar=2026.07.07 09:30 z1=150,S,1.34395,1.34430,2026.06.15 11:40,1,2026.06.15 17:05,1.34420,1.34363"
110,GBP0629-B162,1617DC1ACCE6B50ED2D1359582A70A8B8503C569623EE90C18C6B33542796207,Tester/logs/20261011.log,1467189,2026-07-07,09:35,B152PR,"NP	0	11:31:42.721	Core 04	2026.07.07 09:35:00   [SRJ-IND] B152PR sym=GBPUSD bar=2026.07.07 09:30 z1=1582,B,1.31711,1.31751,2026.06.25 15:45,1,2026.06.25 15:55,1.31818,1.31739"
111,GBP0629-B162,1617DC1ACCE6B50ED2D1359582A70A8B8503C569623EE90C18C6B33542796207,Tester/logs/20261011.log,1467190,2026-07-07,09:35,B152PR,"RF	0	11:31:42.721	Core 04	2026.07.07 09:35:00   [SRJ-IND] B152PR sym=GBPUSD bar=2026.07.07 09:30 z1=1869,B,1.31919,1.31950,2026.06.29 02:50,1,2026.06.29 03:00,1.32000,1.31935"
112,GBP0629-B162,1617DC1ACCE6B50ED2D1359582A70A8B8503C569623EE90C18C6B33542796207,Tester/logs/20261011.log,1467191,2026-07-07,09:35,B152PR,"KL	0	11:31:42.721	Core 04	2026.07.07 09:35:00   [SRJ-IND] B152PR sym=GBPUSD bar=2026.07.07 09:30 z1=1875,B,1.31936,1.31982,2026.06.29 05:20,1,2026.06.29 06:55,1.32014,1.31979"
113,GBP0629-B162,1617DC1ACCE6B50ED2D1359582A70A8B8503C569623EE90C18C6B33542796207,Tester/logs/20261011.log,1467192,2026-07-07,09:35,B152PR,"MR	0	11:31:42.721	Core 04	2026.07.07 09:35:00   [SRJ-IND] B152PR sym=GBPUSD bar=2026.07.07 09:30 z1=1899,B,1.31967,1.31979,2026.06.29 07:35,1,2026.06.29 07:40,1.31994,1.31978"
114,GBP0629-B162,1617DC1ACCE6B50ED2D1359582A70A8B8503C569623EE90C18C6B33542796207,Tester/logs/20261011.log,1467193,2026-07-07,09:35,B152PR,"HH	0	11:31:42.721	Core 04	2026.07.07 09:35:00   [SRJ-IND] B152PR sym=GBPUSD bar=2026.07.07 09:30 z1=1909,B,1.32024,1.32052,2026.06.29 08:35,1,2026.06.29 11:20,1.32088,1.32041"
115,GBP0629-B162,1617DC1ACCE6B50ED2D1359582A70A8B8503C569623EE90C18C6B33542796207,Tester/logs/20261011.log,1467194,2026-07-07,09:35,B152PR,"IN	0	11:31:42.721	Core 04	2026.07.07 09:35:00   [SRJ-IND] B152PR sym=GBPUSD bar=2026.07.07 09:30 z1=1941,B,1.32111,1.32139,2026.06.29 14:30,1,2026.06.30 15:20,1.32223,1.32125"
116,GBP0629-B162,1617DC1ACCE6B50ED2D1359582A70A8B8503C569623EE90C18C6B33542796207,Tester/logs/20261011.log,1467195,2026-07-07,09:35,B152PR,"QD	0	11:31:42.721	Core 04	2026.07.07 09:35:00   [SRJ-IND] B152PR sym=GBPUSD bar=2026.07.07 09:30 z1=1943,B,1.32097,1.32138,2026.06.29 13:55,1,2026.06.30 15:20,1.32223,1.32125"
117,GBP0629-B162,1617DC1ACCE6B50ED2D1359582A70A8B8503C569623EE90C18C6B33542796207,Tester/logs/20261011.log,1467196,2026-07-07,09:35,B152PR,"HJ	0	11:31:42.721	Core 04	2026.07.07 09:35:00   [SRJ-IND] B152PR sym=GBPUSD bar=2026.07.07 09:30 z1=2367,B,1.32677,1.32799,2026.07.02 03:10,1,2026.07.02 03:15,1.32801,1.32765"
118,GBP0629-B162,1617DC1ACCE6B50ED2D1359582A70A8B8503C569623EE90C18C6B33542796207,Tester/logs/20261011.log,1467197,2026-07-07,09:35,B152PR,"KP	0	11:31:42.721	Core 04	2026.07.07 09:35:00   [SRJ-IND] B152PR sym=GBPUSD bar=2026.07.07 09:30 z1=2604,B,1.33739,1.33790,2026.07.06 21:20,1,2026.07.07 09:05,1.33823,1.33772"
119,GBP0629-B162,1617DC1ACCE6B50ED2D1359582A70A8B8503C569623EE90C18C6B33542796207,Tester/logs/20261011.log,1467198,2026-07-07,09:35,B152PR,"EF	0	11:31:42.721	Core 04	2026.07.07 09:35:00   [SRJ-IND] B152PR sym=GBPUSD bar=2026.07.07 09:30 z1=2646,B,1.33597,1.33639,2026.07.06 18:50,1,2026.07.06 18:55,1.33678,1.33636"
120,GBP0629-B162,1617DC1ACCE6B50ED2D1359582A70A8B8503C569623EE90C18C6B33542796207,Tester/logs/20261011.log,1467199,2026-07-07,09:35,B152PR,"EL	0	11:31:42.721	Core 04	2026.07.07 09:35:00   [SRJ-IND] B152PR sym=GBPUSD bar=2026.07.07 09:30 z1=2855,B,1.33747,1.33764,2026.07.06 20:30,1,2026.07.07 09:10,1.33779,1.33747"
121,GBP0629-B162,1617DC1ACCE6B50ED2D1359582A70A8B8503C569623EE90C18C6B33542796207,Tester/logs/20261011.log,1467200,2026-07-07,09:35,B152PR,"JS	0	11:31:42.721	Core 04	2026.07.07 09:35:00   [SRJ-IND] B152PR sym=GBPUSD bar=2026.07.07 09:30 z1=2935,S,1.33918,1.33935,2026.07.07 06:50,1,2026.07.07 07:05,1.33919,1.33901"
122,GBP0629-B162,1617DC1ACCE6B50ED2D1359582A70A8B8503C569623EE90C18C6B33542796207,Tester/logs/20261011.log,1467201,2026-07-07,09:35,B152PR,"DJ	0	11:31:42.721	Core 04	2026.07.07 09:35:00   [SRJ-IND] B152PR sym=GBPUSD bar=2026.07.07 09:30 bull=1 bear=1 nz=13"
123,GBP0629-B162,1617DC1ACCE6B50ED2D1359582A70A8B8503C569623EE90C18C6B33542796207,Tester/logs/20261011.log,1467202,2026-07-07,09:35,B162ORIGIN,"MH	0	11:31:42.721	Core 04	2026.07.07 09:35:00   [SRJ-IND] B162ORIGIN sym=GBPUSD bar=2026.07.07 09:30 side=B n=11 origin=2855 range=1.33747-1.33764 formT=2026.07.06 19:55 set=1582,1869,1875,1899,1909,1941,1943,2367,2604,2646,2855"
124,GBP0629-B162,1617DC1ACCE6B50ED2D1359582A70A8B8503C569623EE90C18C6B33542796207,Tester/logs/20261011.log,1467203,2026-07-07,09:35,B162ORIGIN,"KH	0	11:31:42.721	Core 04	2026.07.07 09:35:00   [SRJ-IND] B162ORIGIN sym=GBPUSD bar=2026.07.07 09:30 side=S n=2 origin=2935 range=1.33918-1.33935 formT=2026.07.07 06:30 set=150,2935"
125,GBP0629-B162,1617DC1ACCE6B50ED2D1359582A70A8B8503C569623EE90C18C6B33542796207,Tester/logs/20261011.log,1467210,2026-07-07,09:40,B152PR,"IJ	0	11:31:42.721	Core 04	2026.07.07 09:40:01   [SRJ-IND] B152PR sym=GBPUSD bar=2026.07.07 09:35 z1=150,S,1.34395,1.34430,2026.06.15 11:40,1,2026.06.15 17:05,1.34420,1.34363"
126,GBP0629-B162,1617DC1ACCE6B50ED2D1359582A70A8B8503C569623EE90C18C6B33542796207,Tester/logs/20261011.log,1467211,2026-07-07,09:40,B152PR,"PN	0	11:31:42.721	Core 04	2026.07.07 09:40:01   [SRJ-IND] B152PR sym=GBPUSD bar=2026.07.07 09:35 z1=1582,B,1.31711,1.31751,2026.06.25 15:45,1,2026.06.25 15:55,1.31818,1.31739"
127,GBP0629-B162,1617DC1ACCE6B50ED2D1359582A70A8B8503C569623EE90C18C6B33542796207,Tester/logs/20261011.log,1467212,2026-07-07,09:40,B152PR,"LD	0	11:31:42.721	Core 04	2026.07.07 09:40:01   [SRJ-IND] B152PR sym=GBPUSD bar=2026.07.07 09:35 z1=1869,B,1.31919,1.31950,2026.06.29 02:50,1,2026.06.29 03:00,1.32000,1.31935"
128,GBP0629-B162,1617DC1ACCE6B50ED2D1359582A70A8B8503C569623EE90C18C6B33542796207,Tester/logs/20261011.log,1467213,2026-07-07,09:40,B152PR,"QJ	0	11:31:42.721	Core 04	2026.07.07 09:40:01   [SRJ-IND] B152PR sym=GBPUSD bar=2026.07.07 09:35 z1=1875,B,1.31936,1.31982,2026.06.29 05:20,1,2026.06.29 06:55,1.32014,1.31979"
129,GBP0629-B162,1617DC1ACCE6B50ED2D1359582A70A8B8503C569623EE90C18C6B33542796207,Tester/logs/20261011.log,1467214,2026-07-07,09:40,B152PR,"OP	0	11:31:42.721	Core 04	2026.07.07 09:40:01   [SRJ-IND] B152PR sym=GBPUSD bar=2026.07.07 09:35 z1=1899,B,1.31967,1.31979,2026.06.29 07:35,1,2026.06.29 07:40,1.31994,1.31978"
130,GBP0629-B162,1617DC1ACCE6B50ED2D1359582A70A8B8503C569623EE90C18C6B33542796207,Tester/logs/20261011.log,1467215,2026-07-07,09:40,B152PR,"FF	0	11:31:42.721	Core 04	2026.07.07 09:40:01   [SRJ-IND] B152PR sym=GBPUSD bar=2026.07.07 09:35 z1=1909,B,1.32024,1.32052,2026.06.29 08:35,1,2026.06.29 11:20,1.32088,1.32041"
131,GBP0629-B162,1617DC1ACCE6B50ED2D1359582A70A8B8503C569623EE90C18C6B33542796207,Tester/logs/20261011.log,1467216,2026-07-07,09:40,B152PR,"CL	0	11:31:42.721	Core 04	2026.07.07 09:40:01   [SRJ-IND] B152PR sym=GBPUSD bar=2026.07.07 09:35 z1=1941,B,1.32111,1.32139,2026.06.29 14:30,1,2026.06.30 15:20,1.32223,1.32125"
132,GBP0629-B162,1617DC1ACCE6B50ED2D1359582A70A8B8503C569623EE90C18C6B33542796207,Tester/logs/20261011.log,1467217,2026-07-07,09:40,B152PR,"KR	0	11:31:42.721	Core 04	2026.07.07 09:40:01   [SRJ-IND] B152PR sym=GBPUSD bar=2026.07.07 09:35 z1=1943,B,1.32097,1.32138,2026.06.29 13:55,1,2026.06.30 15:20,1.32223,1.32125"
133,GBP0629-B162,1617DC1ACCE6B50ED2D1359582A70A8B8503C569623EE90C18C6B33542796207,Tester/logs/20261011.log,1467218,2026-07-07,09:40,B152PR,"FH	0	11:31:42.721	Core 04	2026.07.07 09:40:01   [SRJ-IND] B152PR sym=GBPUSD bar=2026.07.07 09:35 z1=2367,B,1.32677,1.32799,2026.07.02 03:10,1,2026.07.02 03:15,1.32801,1.32765"
134,GBP0629-B162,1617DC1ACCE6B50ED2D1359582A70A8B8503C569623EE90C18C6B33542796207,Tester/logs/20261011.log,1467219,2026-07-07,09:40,B152PR,"QN	0	11:31:42.721	Core 04	2026.07.07 09:40:01   [SRJ-IND] B152PR sym=GBPUSD bar=2026.07.07 09:35 z1=2604,B,1.33739,1.33790,2026.07.06 21:20,1,2026.07.07 09:05,1.33823,1.33772"
135,GBP0629-B162,1617DC1ACCE6B50ED2D1359582A70A8B8503C569623EE90C18C6B33542796207,Tester/logs/20261011.log,1467220,2026-07-07,09:40,B152PR,"GD	0	11:31:42.721	Core 04	2026.07.07 09:40:01   [SRJ-IND] B152PR sym=GBPUSD bar=2026.07.07 09:35 z1=2646,B,1.33597,1.33639,2026.07.06 18:50,1,2026.07.06 18:55,1.33678,1.33636"
136,GBP0629-B162,1617DC1ACCE6B50ED2D1359582A70A8B8503C569623EE90C18C6B33542796207,Tester/logs/20261011.log,1467221,2026-07-07,09:40,B152PR,"GJ	0	11:31:42.721	Core 04	2026.07.07 09:40:01   [SRJ-IND] B152PR sym=GBPUSD bar=2026.07.07 09:35 z1=2855,B,1.33747,1.33764,2026.07.06 20:30,1,2026.07.07 09:10,1.33779,1.33747"
137,GBP0629-B162,1617DC1ACCE6B50ED2D1359582A70A8B8503C569623EE90C18C6B33542796207,Tester/logs/20261011.log,1467222,2026-07-07,09:40,B152PR,"DQ	0	11:31:42.721	Core 04	2026.07.07 09:40:01   [SRJ-IND] B152PR sym=GBPUSD bar=2026.07.07 09:35 z1=2935,S,1.33918,1.33935,2026.07.07 06:50,1,2026.07.07 07:05,1.33919,1.33901"
138,GBP0629-B162,1617DC1ACCE6B50ED2D1359582A70A8B8503C569623EE90C18C6B33542796207,Tester/logs/20261011.log,1467223,2026-07-07,09:40,B152PR,"JD	0	11:31:42.721	Core 04	2026.07.07 09:40:01   [SRJ-IND] B152PR sym=GBPUSD bar=2026.07.07 09:35 bull=1 bear=1 nz=13"
139,GBP0629-B162,1617DC1ACCE6B50ED2D1359582A70A8B8503C569623EE90C18C6B33542796207,Tester/logs/20261011.log,1467224,2026-07-07,09:40,B162ORIGIN,"OJ	0	11:31:42.721	Core 04	2026.07.07 09:40:01   [SRJ-IND] B162ORIGIN sym=GBPUSD bar=2026.07.07 09:35 side=B n=11 origin=2855 range=1.33747-1.33764 formT=2026.07.06 19:55 set=1582,1869,1875,1899,1909,1941,1943,2367,2604,2646,2855"
140,GBP0629-B162,1617DC1ACCE6B50ED2D1359582A70A8B8503C569623EE90C18C6B33542796207,Tester/logs/20261011.log,1467225,2026-07-07,09:40,B162ORIGIN,"QN	0	11:31:42.721	Core 04	2026.07.07 09:40:01   [SRJ-IND] B162ORIGIN sym=GBPUSD bar=2026.07.07 09:35 side=S n=2 origin=2935 range=1.33918-1.33935 formT=2026.07.07 06:30 set=150,2935"
141,GBP0629-B162,1617DC1ACCE6B50ED2D1359582A70A8B8503C569623EE90C18C6B33542796207,Tester/logs/20261011.log,1467229,2026-07-07,09:40,CQDRECHECK,"LI	0	11:31:42.721	Core 04	2026.07.07 09:40:01   [SRJ-EA] CQDRECHECK shift=2 passA=-1.0 passB=-1.0 diff=0 bar=2026.07.07 09:30 state=IDLE dir=NONE divLatch=0 hit1=0 hit2=451 mism=0"
142,GBP0629-B162,1617DC1ACCE6B50ED2D1359582A70A8B8503C569623EE90C18C6B33542796207,Tester/logs/20261011.log,1467234,2026-07-07,09:45,B152PR,"MO	0	11:31:42.721	Core 04	2026.07.07 09:45:00   [SRJ-IND] B152PR sym=GBPUSD bar=2026.07.07 09:40 z1=150,S,1.34395,1.34430,2026.06.15 11:40,1,2026.06.15 17:05,1.34420,1.34363"
143,GBP0629-B162,1617DC1ACCE6B50ED2D1359582A70A8B8503C569623EE90C18C6B33542796207,Tester/logs/20261011.log,1467235,2026-07-07,09:45,B152PR,"HS	0	11:31:42.721	Core 04	2026.07.07 09:45:00   [SRJ-IND] B152PR sym=GBPUSD bar=2026.07.07 09:40 z1=1582,B,1.31711,1.31751,2026.06.25 15:45,1,2026.06.25 15:55,1.31818,1.31739"
144,GBP0629-B162,1617DC1ACCE6B50ED2D1359582A70A8B8503C569623EE90C18C6B33542796207,Tester/logs/20261011.log,1467236,2026-07-07,09:45,B152PR,"DI	0	11:31:42.721	Core 04	2026.07.07 09:45:00   [SRJ-IND] B152PR sym=GBPUSD bar=2026.07.07 09:40 z1=1869,B,1.31919,1.31950,2026.06.29 02:50,1,2026.06.29 03:00,1.32000,1.31935"
145,GBP0629-B162,1617DC1ACCE6B50ED2D1359582A70A8B8503C569623EE90C18C6B33542796207,Tester/logs/20261011.log,1467237,2026-07-07,09:45,B152PR,"IO	0	11:31:42.721	Core 04	2026.07.07 09:45:00   [SRJ-IND] B152PR sym=GBPUSD bar=2026.07.07 09:40 z1=1875,B,1.31936,1.31982,2026.06.29 05:20,1,2026.06.29 06:55,1.32014,1.31979"
146,GBP0629-B162,1617DC1ACCE6B50ED2D1359582A70A8B8503C569623EE90C18C6B33542796207,Tester/logs/20261011.log,1467238,2026-07-07,09:45,B152PR,"GE	0	11:31:42.721	Core 04	2026.07.07 09:45:00   [SRJ-IND] B152PR sym=GBPUSD bar=2026.07.07 09:40 z1=1899,B,1.31967,1.31979,2026.06.29 07:35,1,2026.06.29 07:40,1.31994,1.31978"
147,GBP0629-B162,1617DC1ACCE6B50ED2D1359582A70A8B8503C569623EE90C18C6B33542796207,Tester/logs/20261011.log,1467239,2026-07-07,09:45,B152PR,"NK	0	11:31:42.721	Core 04	2026.07.07 09:45:00   [SRJ-IND] B152PR sym=GBPUSD bar=2026.07.07 09:40 z1=1909,B,1.32024,1.32052,2026.06.29 08:35,1,2026.06.29 11:20,1.32088,1.32041"
148,GBP0629-B162,1617DC1ACCE6B50ED2D1359582A70A8B8503C569623EE90C18C6B33542796207,Tester/logs/20261011.log,1467240,2026-07-07,09:45,B152PR,"KQ	0	11:31:42.721	Core 04	2026.07.07 09:45:00   [SRJ-IND] B152PR sym=GBPUSD bar=2026.07.07 09:40 z1=1941,B,1.32111,1.32139,2026.06.29 14:30,1,2026.06.30 15:20,1.32223,1.32125"
149,GBP0629-B162,1617DC1ACCE6B50ED2D1359582A70A8B8503C569623EE90C18C6B33542796207,Tester/logs/20261011.log,1467241,2026-07-07,09:45,B152PR,"CG	0	11:31:42.721	Core 04	2026.07.07 09:45:00   [SRJ-IND] B152PR sym=GBPUSD bar=2026.07.07 09:40 z1=1943,B,1.32097,1.32138,2026.06.29 13:55,1,2026.06.30 15:20,1.32223,1.32125"
150,GBP0629-B162,1617DC1ACCE6B50ED2D1359582A70A8B8503C569623EE90C18C6B33542796207,Tester/logs/20261011.log,1467242,2026-07-07,09:45,B152PR,"NM	0	11:31:42.721	Core 04	2026.07.07 09:45:00   [SRJ-IND] B152PR sym=GBPUSD bar=2026.07.07 09:40 z1=2367,B,1.32677,1.32799,2026.07.02 03:10,1,2026.07.02 03:15,1.32801,1.32765"
151,GBP0629-B162,1617DC1ACCE6B50ED2D1359582A70A8B8503C569623EE90C18C6B33542796207,Tester/logs/20261011.log,1467243,2026-07-07,09:45,B152PR,"IS	0	11:31:42.721	Core 04	2026.07.07 09:45:00   [SRJ-IND] B152PR sym=GBPUSD bar=2026.07.07 09:40 z1=2604,B,1.33739,1.33790,2026.07.06 21:20,1,2026.07.07 09:05,1.33823,1.33772"
152,GBP0629-B162,1617DC1ACCE6B50ED2D1359582A70A8B8503C569623EE90C18C6B33542796207,Tester/logs/20261011.log,1467244,2026-07-07,09:45,B152PR,"OI	0	11:31:42.721	Core 04	2026.07.07 09:45:00   [SRJ-IND] B152PR sym=GBPUSD bar=2026.07.07 09:40 z1=2646,B,1.33597,1.33639,2026.07.06 18:50,1,2026.07.06 18:55,1.33678,1.33636"
153,GBP0629-B162,1617DC1ACCE6B50ED2D1359582A70A8B8503C569623EE90C18C6B33542796207,Tester/logs/20261011.log,1467245,2026-07-07,09:45,B152PR,"OO	0	11:31:42.721	Core 04	2026.07.07 09:45:00   [SRJ-IND] B152PR sym=GBPUSD bar=2026.07.07 09:40 z1=2855,B,1.33747,1.33764,2026.07.06 20:30,1,2026.07.07 09:10,1.33779,1.33747"
154,GBP0629-B162,1617DC1ACCE6B50ED2D1359582A70A8B8503C569623EE90C18C6B33542796207,Tester/logs/20261011.log,1467246,2026-07-07,09:45,B152PR,"LD	0	11:31:42.721	Core 04	2026.07.07 09:45:00   [SRJ-IND] B152PR sym=GBPUSD bar=2026.07.07 09:40 z1=2935,S,1.33918,1.33935,2026.07.07 06:50,1,2026.07.07 07:05,1.33919,1.33901"
155,GBP0629-B162,1617DC1ACCE6B50ED2D1359582A70A8B8503C569623EE90C18C6B33542796207,Tester/logs/20261011.log,1467247,2026-07-07,09:45,B152PR,"RI	0	11:31:42.721	Core 04	2026.07.07 09:45:00   [SRJ-IND] B152PR sym=GBPUSD bar=2026.07.07 09:40 bull=1 bear=1 nz=13"
156,GBP0629-B162,1617DC1ACCE6B50ED2D1359582A70A8B8503C569623EE90C18C6B33542796207,Tester/logs/20261011.log,1467248,2026-07-07,09:45,B162ORIGIN,"OE	0	11:31:42.721	Core 04	2026.07.07 09:45:00   [SRJ-IND] B162ORIGIN sym=GBPUSD bar=2026.07.07 09:40 side=B n=11 origin=2855 range=1.33747-1.33764 formT=2026.07.06 19:55 set=1582,1869,1875,1899,1909,1941,1943,2367,2604,2646,2855"
157,GBP0629-B162,1617DC1ACCE6B50ED2D1359582A70A8B8503C569623EE90C18C6B33542796207,Tester/logs/20261011.log,1467249,2026-07-07,09:45,B162ORIGIN,"IJ	0	11:31:42.721	Core 04	2026.07.07 09:45:00   [SRJ-IND] B162ORIGIN sym=GBPUSD bar=2026.07.07 09:40 side=S n=2 origin=2935 range=1.33918-1.33935 formT=2026.07.07 06:30 set=150,2935"
158,GBP0629-B162,1617DC1ACCE6B50ED2D1359582A70A8B8503C569623EE90C18C6B33542796207,Tester/logs/20261011.log,1467257,2026-07-07,09:50,B152PR,"FI	0	11:31:42.721	Core 04	2026.07.07 09:50:00   [SRJ-IND] B152PR sym=GBPUSD bar=2026.07.07 09:45 z1=150,S,1.34395,1.34430,2026.06.15 11:40,1,2026.06.15 17:05,1.34420,1.34363"
159,GBP0629-B162,1617DC1ACCE6B50ED2D1359582A70A8B8503C569623EE90C18C6B33542796207,Tester/logs/20261011.log,1467258,2026-07-07,09:50,B152PR,"OQ	0	11:31:42.721	Core 04	2026.07.07 09:50:00   [SRJ-IND] B152PR sym=GBPUSD bar=2026.07.07 09:45 z1=1582,B,1.31711,1.31751,2026.06.25 15:45,1,2026.06.25 15:55,1.31818,1.31739"
160,GBP0629-B162,1617DC1ACCE6B50ED2D1359582A70A8B8503C569623EE90C18C6B33542796207,Tester/logs/20261011.log,1467259,2026-07-07,09:50,B152PR,"KG	0	11:31:42.721	Core 04	2026.07.07 09:50:00   [SRJ-IND] B152PR sym=GBPUSD bar=2026.07.07 09:45 z1=1869,B,1.31919,1.31950,2026.06.29 02:50,1,2026.06.29 03:00,1.32000,1.31935"
161,GBP0629-B162,1617DC1ACCE6B50ED2D1359582A70A8B8503C569623EE90C18C6B33542796207,Tester/logs/20261011.log,1467260,2026-07-07,09:50,B152PR,"RM	0	11:31:42.721	Core 04	2026.07.07 09:50:00   [SRJ-IND] B152PR sym=GBPUSD bar=2026.07.07 09:45 z1=1875,B,1.31936,1.31982,2026.06.29 05:20,1,2026.06.29 06:55,1.32014,1.31979"
162,GBP0629-B162,1617DC1ACCE6B50ED2D1359582A70A8B8503C569623EE90C18C6B33542796207,Tester/logs/20261011.log,1467261,2026-07-07,09:50,B152PR,"PS	0	11:31:42.721	Core 04	2026.07.07 09:50:00   [SRJ-IND] B152PR sym=GBPUSD bar=2026.07.07 09:45 z1=1899,B,1.31967,1.31979,2026.06.29 07:35,1,2026.06.29 07:40,1.31994,1.31978"
163,GBP0629-B162,1617DC1ACCE6B50ED2D1359582A70A8B8503C569623EE90C18C6B33542796207,Tester/logs/20261011.log,1467262,2026-07-07,09:50,B152PR,"EI	0	11:31:42.721	Core 04	2026.07.07 09:50:00   [SRJ-IND] B152PR sym=GBPUSD bar=2026.07.07 09:45 z1=1909,B,1.32024,1.32052,2026.06.29 08:35,1,2026.06.29 11:20,1.32088,1.32041"
164,GBP0629-B162,1617DC1ACCE6B50ED2D1359582A70A8B8503C569623EE90C18C6B33542796207,Tester/logs/20261011.log,1467263,2026-07-07,09:50,B152PR,"DO	0	11:31:42.721	Core 04	2026.07.07 09:50:00   [SRJ-IND] B152PR sym=GBPUSD bar=2026.07.07 09:45 z1=1941,B,1.32111,1.32139,2026.06.29 14:30,1,2026.06.30 15:20,1.32223,1.32125"
165,GBP0629-B162,1617DC1ACCE6B50ED2D1359582A70A8B8503C569623EE90C18C6B33542796207,Tester/logs/20261011.log,1467264,2026-07-07,09:50,B152PR,"LE	0	11:31:42.721	Core 04	2026.07.07 09:50:00   [SRJ-IND] B152PR sym=GBPUSD bar=2026.07.07 09:45 z1=1943,B,1.32097,1.32138,2026.06.29 13:55,1,2026.06.30 15:20,1.32223,1.32125"
166,GBP0629-B162,1617DC1ACCE6B50ED2D1359582A70A8B8503C569623EE90C18C6B33542796207,Tester/logs/20261011.log,1467265,2026-07-07,09:50,B152PR,"EK	0	11:31:42.721	Core 04	2026.07.07 09:50:00   [SRJ-IND] B152PR sym=GBPUSD bar=2026.07.07 09:45 z1=2367,B,1.32677,1.32799,2026.07.02 03:10,1,2026.07.02 03:15,1.32801,1.32765"
167,GBP0629-B162,1617DC1ACCE6B50ED2D1359582A70A8B8503C569623EE90C18C6B33542796207,Tester/logs/20261011.log,1467266,2026-07-07,09:50,B152PR,"RQ	0	11:31:42.721	Core 04	2026.07.07 09:50:00   [SRJ-IND] B152PR sym=GBPUSD bar=2026.07.07 09:45 z1=2604,B,1.33739,1.33790,2026.07.06 21:20,1,2026.07.07 09:05,1.33823,1.33772"
168,GBP0629-B162,1617DC1ACCE6B50ED2D1359582A70A8B8503C569623EE90C18C6B33542796207,Tester/logs/20261011.log,1467267,2026-07-07,09:50,B152PR,"HG	0	11:31:42.721	Core 04	2026.07.07 09:50:00   [SRJ-IND] B152PR sym=GBPUSD bar=2026.07.07 09:45 z1=2646,B,1.33597,1.33639,2026.07.06 18:50,1,2026.07.06 18:55,1.33678,1.33636"
169,GBP0629-B162,1617DC1ACCE6B50ED2D1359582A70A8B8503C569623EE90C18C6B33542796207,Tester/logs/20261011.log,1467268,2026-07-07,09:50,B152PR,"HM	0	11:31:42.721	Core 04	2026.07.07 09:50:00   [SRJ-IND] B152PR sym=GBPUSD bar=2026.07.07 09:45 z1=2855,B,1.33747,1.33764,2026.07.06 20:30,1,2026.07.07 09:10,1.33779,1.33747"
170,GBP0629-B162,1617DC1ACCE6B50ED2D1359582A70A8B8503C569623EE90C18C6B33542796207,Tester/logs/20261011.log,1467269,2026-07-07,09:50,B152PR,"CR	0	11:31:42.721	Core 04	2026.07.07 09:50:00   [SRJ-IND] B152PR sym=GBPUSD bar=2026.07.07 09:45 z1=2935,S,1.33918,1.33935,2026.07.07 06:50,1,2026.07.07 07:05,1.33919,1.33901"
171,GBP0629-B162,1617DC1ACCE6B50ED2D1359582A70A8B8503C569623EE90C18C6B33542796207,Tester/logs/20261011.log,1467270,2026-07-07,09:50,B152PR,"IK	0	11:31:42.721	Core 04	2026.07.07 09:50:00   [SRJ-IND] B152PR sym=GBPUSD bar=2026.07.07 09:45 bull=1 bear=1 nz=13"
172,GBP0629-B162,1617DC1ACCE6B50ED2D1359582A70A8B8503C569623EE90C18C6B33542796207,Tester/logs/20261011.log,1467271,2026-07-07,09:50,B162ORIGIN,"HG	0	11:31:42.721	Core 04	2026.07.07 09:50:00   [SRJ-IND] B162ORIGIN sym=GBPUSD bar=2026.07.07 09:45 side=B n=11 origin=2855 range=1.33747-1.33764 formT=2026.07.06 19:55 set=1582,1869,1875,1899,1909,1941,1943,2367,2604,2646,2855"
173,GBP0629-B162,1617DC1ACCE6B50ED2D1359582A70A8B8503C569623EE90C18C6B33542796207,Tester/logs/20261011.log,1467272,2026-07-07,09:50,B162ORIGIN,"RI	0	11:31:42.721	Core 04	2026.07.07 09:50:00   [SRJ-IND] B162ORIGIN sym=GBPUSD bar=2026.07.07 09:45 side=S n=2 origin=2935 range=1.33918-1.33935 formT=2026.07.07 06:30 set=150,2935"
174,GBP0629-B162,1617DC1ACCE6B50ED2D1359582A70A8B8503C569623EE90C18C6B33542796207,Tester/logs/20261011.log,1467279,2026-07-07,09:55,B152PR,"QH	0	11:31:42.721	Core 04	2026.07.07 09:55:00   [SRJ-IND] B152PR sym=GBPUSD bar=2026.07.07 09:50 z1=150,S,1.34395,1.34430,2026.06.15 11:40,1,2026.06.15 17:05,1.34420,1.34363"
175,GBP0629-B162,1617DC1ACCE6B50ED2D1359582A70A8B8503C569623EE90C18C6B33542796207,Tester/logs/20261011.log,1467280,2026-07-07,09:55,B152PR,"DP	0	11:31:42.721	Core 04	2026.07.07 09:55:00   [SRJ-IND] B152PR sym=GBPUSD bar=2026.07.07 09:50 z1=1582,B,1.31711,1.31751,2026.06.25 15:45,1,2026.06.25 15:55,1.31818,1.31739"
176,GBP0629-B162,1617DC1ACCE6B50ED2D1359582A70A8B8503C569623EE90C18C6B33542796207,Tester/logs/20261011.log,1467281,2026-07-07,09:55,B152PR,"HF	0	11:31:42.721	Core 04	2026.07.07 09:55:00   [SRJ-IND] B152PR sym=GBPUSD bar=2026.07.07 09:50 z1=1869,B,1.31919,1.31950,2026.06.29 02:50,1,2026.06.29 03:00,1.32000,1.31935"
177,GBP0629-B162,1617DC1ACCE6B50ED2D1359582A70A8B8503C569623EE90C18C6B33542796207,Tester/logs/20261011.log,1467282,2026-07-07,09:55,B152PR,"EL	0	11:31:42.721	Core 04	2026.07.07 09:55:00   [SRJ-IND] B152PR sym=GBPUSD bar=2026.07.07 09:50 z1=1875,B,1.31936,1.31982,2026.06.29 05:20,1,2026.06.29 06:55,1.32014,1.31979"
178,GBP0629-B162,1617DC1ACCE6B50ED2D1359582A70A8B8503C569623EE90C18C6B33542796207,Tester/logs/20261011.log,1467283,2026-07-07,09:55,B152PR,"CR	0	11:31:42.721	Core 04	2026.07.07 09:55:00   [SRJ-IND] B152PR sym=GBPUSD bar=2026.07.07 09:50 z1=1899,B,1.31967,1.31979,2026.06.29 07:35,1,2026.06.29 07:40,1.31994,1.31978"
179,GBP0629-B162,1617DC1ACCE6B50ED2D1359582A70A8B8503C569623EE90C18C6B33542796207,Tester/logs/20261011.log,1467284,2026-07-07,09:55,B152PR,"RH	0	11:31:42.721	Core 04	2026.07.07 09:55:00   [SRJ-IND] B152PR sym=GBPUSD bar=2026.07.07 09:50 z1=1909,B,1.32024,1.32052,2026.06.29 08:35,1,2026.06.29 11:20,1.32088,1.32041"
180,GBP0629-B162,1617DC1ACCE6B50ED2D1359582A70A8B8503C569623EE90C18C6B33542796207,Tester/logs/20261011.log,1467285,2026-07-07,09:55,B152PR,"ON	0	11:31:42.721	Core 04	2026.07.07 09:55:00   [SRJ-IND] B152PR sym=GBPUSD bar=2026.07.07 09:50 z1=1941,B,1.32111,1.32139,2026.06.29 14:30,1,2026.06.30 15:20,1.32223,1.32125"
181,GBP0629-B162,1617DC1ACCE6B50ED2D1359582A70A8B8503C569623EE90C18C6B33542796207,Tester/logs/20261011.log,1467286,2026-07-07,09:55,B152PR,"GD	0	11:31:42.721	Core 04	2026.07.07 09:55:00   [SRJ-IND] B152PR sym=GBPUSD bar=2026.07.07 09:50 z1=1943,B,1.32097,1.32138,2026.06.29 13:55,1,2026.06.30 15:20,1.32223,1.32125"
182,GBP0629-B162,1617DC1ACCE6B50ED2D1359582A70A8B8503C569623EE90C18C6B33542796207,Tester/logs/20261011.log,1467287,2026-07-07,09:55,B152PR,"RJ	0	11:31:42.721	Core 04	2026.07.07 09:55:00   [SRJ-IND] B152PR sym=GBPUSD bar=2026.07.07 09:50 z1=2367,B,1.32677,1.32799,2026.07.02 03:10,1,2026.07.02 03:15,1.32801,1.32765"
183,GBP0629-B162,1617DC1ACCE6B50ED2D1359582A70A8B8503C569623EE90C18C6B33542796207,Tester/logs/20261011.log,1467288,2026-07-07,09:55,B152PR,"EP	0	11:31:42.721	Core 04	2026.07.07 09:55:00   [SRJ-IND] B152PR sym=GBPUSD bar=2026.07.07 09:50 z1=2604,B,1.33739,1.33790,2026.07.06 21:20,1,2026.07.07 09:05,1.33823,1.33772"
184,GBP0629-B162,1617DC1ACCE6B50ED2D1359582A70A8B8503C569623EE90C18C6B33542796207,Tester/logs/20261011.log,1467289,2026-07-07,09:55,B152PR,"KF	0	11:31:42.721	Core 04	2026.07.07 09:55:00   [SRJ-IND] B152PR sym=GBPUSD bar=2026.07.07 09:50 z1=2646,B,1.33597,1.33639,2026.07.06 18:50,1,2026.07.06 18:55,1.33678,1.33636"
185,GBP0629-B162,1617DC1ACCE6B50ED2D1359582A70A8B8503C569623EE90C18C6B33542796207,Tester/logs/20261011.log,1467290,2026-07-07,09:55,B152PR,"KL	0	11:31:42.721	Core 04	2026.07.07 09:55:00   [SRJ-IND] B152PR sym=GBPUSD bar=2026.07.07 09:50 z1=2855,B,1.33747,1.33764,2026.07.06 20:30,1,2026.07.07 09:10,1.33779,1.33747"
186,GBP0629-B162,1617DC1ACCE6B50ED2D1359582A70A8B8503C569623EE90C18C6B33542796207,Tester/logs/20261011.log,1467291,2026-07-07,09:55,B152PR,"PS	0	11:31:42.721	Core 04	2026.07.07 09:55:00   [SRJ-IND] B152PR sym=GBPUSD bar=2026.07.07 09:50 z1=2935,S,1.33918,1.33935,2026.07.07 06:50,1,2026.07.07 07:05,1.33919,1.33901"
187,GBP0629-B162,1617DC1ACCE6B50ED2D1359582A70A8B8503C569623EE90C18C6B33542796207,Tester/logs/20261011.log,1467292,2026-07-07,09:55,B152PR,"NJ	0	11:31:42.721	Core 04	2026.07.07 09:55:00   [SRJ-IND] B152PR sym=GBPUSD bar=2026.07.07 09:50 bull=1 bear=1 nz=13"
188,GBP0629-B162,1617DC1ACCE6B50ED2D1359582A70A8B8503C569623EE90C18C6B33542796207,Tester/logs/20261011.log,1467293,2026-07-07,09:55,B162ORIGIN,"CI	0	11:31:42.721	Core 04	2026.07.07 09:55:00   [SRJ-IND] B162ORIGIN sym=GBPUSD bar=2026.07.07 09:50 side=B n=11 origin=2855 range=1.33747-1.33764 formT=2026.07.06 19:55 set=1582,1869,1875,1899,1909,1941,1943,2367,2604,2646,2855"
189,GBP0629-B162,1617DC1ACCE6B50ED2D1359582A70A8B8503C569623EE90C18C6B33542796207,Tester/logs/20261011.log,1467294,2026-07-07,09:55,B162ORIGIN,"EO	0	11:31:42.721	Core 04	2026.07.07 09:55:00   [SRJ-IND] B162ORIGIN sym=GBPUSD bar=2026.07.07 09:50 side=S n=2 origin=2935 range=1.33918-1.33935 formT=2026.07.07 06:30 set=150,2935"
190,GBP0629-B162,1617DC1ACCE6B50ED2D1359582A70A8B8503C569623EE90C18C6B33542796207,Tester/logs/20261011.log,1467302,2026-07-07,10:00,B152PR,"FG	0	11:31:42.721	Core 04	2026.07.07 10:00:00   [SRJ-IND] B152PR sym=GBPUSD bar=2026.07.07 09:55 z1=150,S,1.34395,1.34430,2026.06.15 11:40,1,2026.06.15 17:05,1.34420,1.34363"
191,GBP0629-B162,1617DC1ACCE6B50ED2D1359582A70A8B8503C569623EE90C18C6B33542796207,Tester/logs/20261011.log,1467303,2026-07-07,10:00,B152PR,"OK	0	11:31:42.721	Core 04	2026.07.07 10:00:00   [SRJ-IND] B152PR sym=GBPUSD bar=2026.07.07 09:55 z1=1582,B,1.31711,1.31751,2026.06.25 15:45,1,2026.06.25 15:55,1.31818,1.31739"
192,GBP0629-B162,1617DC1ACCE6B50ED2D1359582A70A8B8503C569623EE90C18C6B33542796207,Tester/logs/20261011.log,1467304,2026-07-07,10:00,B152PR,"KQ	0	11:31:42.721	Core 04	2026.07.07 10:00:00   [SRJ-IND] B152PR sym=GBPUSD bar=2026.07.07 09:55 z1=1869,B,1.31919,1.31950,2026.06.29 02:50,1,2026.06.29 03:00,1.32000,1.31935"
193,GBP0629-B162,1617DC1ACCE6B50ED2D1359582A70A8B8503C569623EE90C18C6B33542796207,Tester/logs/20261011.log,1467305,2026-07-07,10:00,B152PR,"RG	0	11:31:42.721	Core 04	2026.07.07 10:00:00   [SRJ-IND] B152PR sym=GBPUSD bar=2026.07.07 09:55 z1=1875,B,1.31936,1.31982,2026.06.29 05:20,1,2026.06.29 06:55,1.32014,1.31979"
194,GBP0629-B162,1617DC1ACCE6B50ED2D1359582A70A8B8503C569623EE90C18C6B33542796207,Tester/logs/20261011.log,1467306,2026-07-07,10:00,B152PR,"PM	0	11:31:42.721	Core 04	2026.07.07 10:00:00   [SRJ-IND] B152PR sym=GBPUSD bar=2026.07.07 09:55 z1=1899,B,1.31967,1.31979,2026.06.29 07:35,1,2026.06.29 07:40,1.31994,1.31978"
195,GBP0629-B162,1617DC1ACCE6B50ED2D1359582A70A8B8503C569623EE90C18C6B33542796207,Tester/logs/20261011.log,1467307,2026-07-07,10:00,B152PR,"ES	0	11:31:42.721	Core 04	2026.07.07 10:00:00   [SRJ-IND] B152PR sym=GBPUSD bar=2026.07.07 09:55 z1=1909,B,1.32024,1.32052,2026.06.29 08:35,1,2026.06.29 11:20,1.32088,1.32041"
196,GBP0629-B162,1617DC1ACCE6B50ED2D1359582A70A8B8503C569623EE90C18C6B33542796207,Tester/logs/20261011.log,1467308,2026-07-07,10:00,B152PR,"DI	0	11:31:42.721	Core 04	2026.07.07 10:00:00   [SRJ-IND] B152PR sym=GBPUSD bar=2026.07.07 09:55 z1=1941,B,1.32111,1.32139,2026.06.29 14:30,1,2026.06.30 15:20,1.32223,1.32125"
197,GBP0629-B162,1617DC1ACCE6B50ED2D1359582A70A8B8503C569623EE90C18C6B33542796207,Tester/logs/20261011.log,1467309,2026-07-07,10:00,B152PR,"LO	0	11:31:42.721	Core 04	2026.07.07 10:00:00   [SRJ-IND] B152PR sym=GBPUSD bar=2026.07.07 09:55 z1=1943,B,1.32097,1.32138,2026.06.29 13:55,1,2026.06.30 15:20,1.32223,1.32125"
198,GBP0629-B162,1617DC1ACCE6B50ED2D1359582A70A8B8503C569623EE90C18C6B33542796207,Tester/logs/20261011.log,1467310,2026-07-07,10:00,B152PR,"EE	0	11:31:42.721	Core 04	2026.07.07 10:00:00   [SRJ-IND] B152PR sym=GBPUSD bar=2026.07.07 09:55 z1=2367,B,1.32677,1.32799,2026.07.02 03:10,1,2026.07.02 03:15,1.32801,1.32765"
199,GBP0629-B162,1617DC1ACCE6B50ED2D1359582A70A8B8503C569623EE90C18C6B33542796207,Tester/logs/20261011.log,1467311,2026-07-07,10:00,B152PR,"RK	0	11:31:42.721	Core 04	2026.07.07 10:00:00   [SRJ-IND] B152PR sym=GBPUSD bar=2026.07.07 09:55 z1=2604,B,1.33739,1.33790,2026.07.06 21:20,1,2026.07.07 09:05,1.33823,1.33772"
200,GBP0629-B162,1617DC1ACCE6B50ED2D1359582A70A8B8503C569623EE90C18C6B33542796207,Tester/logs/20261011.log,1467312,2026-07-07,10:00,B152PR,"HQ	0	11:31:42.721	Core 04	2026.07.07 10:00:00   [SRJ-IND] B152PR sym=GBPUSD bar=2026.07.07 09:55 z1=2646,B,1.33597,1.33639,2026.07.06 18:50,1,2026.07.06 18:55,1.33678,1.33636"
201,GBP0629-B162,1617DC1ACCE6B50ED2D1359582A70A8B8503C569623EE90C18C6B33542796207,Tester/logs/20261011.log,1467313,2026-07-07,10:00,B152PR,"HG	0	11:31:42.721	Core 04	2026.07.07 10:00:00   [SRJ-IND] B152PR sym=GBPUSD bar=2026.07.07 09:55 z1=2855,B,1.33747,1.33764,2026.07.06 20:30,1,2026.07.07 09:10,1.33779,1.33747"
202,GBP0629-B162,1617DC1ACCE6B50ED2D1359582A70A8B8503C569623EE90C18C6B33542796207,Tester/logs/20261011.log,1467314,2026-07-07,10:00,B152PR,"CL	0	11:31:42.721	Core 04	2026.07.07 10:00:00   [SRJ-IND] B152PR sym=GBPUSD bar=2026.07.07 09:55 z1=2935,S,1.33918,1.33935,2026.07.07 06:50,1,2026.07.07 07:05,1.33919,1.33901"
203,GBP0629-B162,1617DC1ACCE6B50ED2D1359582A70A8B8503C569623EE90C18C6B33542796207,Tester/logs/20261011.log,1467315,2026-07-07,10:00,B152PR,"IQ	0	11:31:42.721	Core 04	2026.07.07 10:00:00   [SRJ-IND] B152PR sym=GBPUSD bar=2026.07.07 09:55 bull=1 bear=1 nz=13"
204,GBP0629-B162,1617DC1ACCE6B50ED2D1359582A70A8B8503C569623EE90C18C6B33542796207,Tester/logs/20261011.log,1467316,2026-07-07,10:00,B162ORIGIN,"PN	0	11:31:42.721	Core 04	2026.07.07 10:00:00   [SRJ-IND] B162ORIGIN sym=GBPUSD bar=2026.07.07 09:55 side=B n=11 origin=2855 range=1.33747-1.33764 formT=2026.07.06 19:55 set=1582,1869,1875,1899,1909,1941,1943,2367,2604,2646,2855"
205,GBP0629-B162,1617DC1ACCE6B50ED2D1359582A70A8B8503C569623EE90C18C6B33542796207,Tester/logs/20261011.log,1467317,2026-07-07,10:00,B162ORIGIN,"RR	0	11:31:42.721	Core 04	2026.07.07 10:00:00   [SRJ-IND] B162ORIGIN sym=GBPUSD bar=2026.07.07 09:55 side=S n=2 origin=2935 range=1.33918-1.33935 formT=2026.07.07 06:30 set=150,2935"
206,GBP0629-B162,1617DC1ACCE6B50ED2D1359582A70A8B8503C569623EE90C18C6B33542796207,Tester/logs/20261011.log,1467322,2026-07-07,10:00,CQDRECHECK,"JE	0	11:31:42.721	Core 04	2026.07.07 10:00:00   [SRJ-EA] CQDRECHECK shift=2 passA=2.0 passB=2.0 diff=0 bar=2026.07.07 09:50 state=IDLE dir=NONE divLatch=0 hit1=0 hit2=452 mism=0"
207,GBP0629-B162,1617DC1ACCE6B50ED2D1359582A70A8B8503C569623EE90C18C6B33542796207,Tester/logs/20261011.log,1467329,2026-07-07,10:05,B152PR,"HL	0	11:31:42.721	Core 04	2026.07.07 10:05:01   [SRJ-IND] B152PR sym=GBPUSD bar=2026.07.07 10:00 z1=150,S,1.34395,1.34430,2026.06.15 11:40,1,2026.06.15 17:05,1.34420,1.34363"
208,GBP0629-B162,1617DC1ACCE6B50ED2D1359582A70A8B8503C569623EE90C18C6B33542796207,Tester/logs/20261011.log,1467330,2026-07-07,10:05,B152PR,"ID	0	11:31:42.721	Core 04	2026.07.07 10:05:01   [SRJ-IND] B152PR sym=GBPUSD bar=2026.07.07 10:00 z1=1582,B,1.31711,1.31751,2026.06.25 15:45,1,2026.06.25 15:55,1.31818,1.31739"
209,GBP0629-B162,1617DC1ACCE6B50ED2D1359582A70A8B8503C569623EE90C18C6B33542796207,Tester/logs/20261011.log,1467331,2026-07-07,10:05,B152PR,"EJ	0	11:31:42.721	Core 04	2026.07.07 10:05:01   [SRJ-IND] B152PR sym=GBPUSD bar=2026.07.07 10:00 z1=1869,B,1.31919,1.31950,2026.06.29 02:50,1,2026.06.29 03:00,1.32000,1.31935"
210,GBP0629-B162,1617DC1ACCE6B50ED2D1359582A70A8B8503C569623EE90C18C6B33542796207,Tester/logs/20261011.log,1467332,2026-07-07,10:05,B152PR,"HP	0	11:31:42.721	Core 04	2026.07.07 10:05:01   [SRJ-IND] B152PR sym=GBPUSD bar=2026.07.07 10:00 z1=1875,B,1.31936,1.31982,2026.06.29 05:20,1,2026.06.29 06:55,1.32014,1.31979"
211,GBP0629-B162,1617DC1ACCE6B50ED2D1359582A70A8B8503C569623EE90C18C6B33542796207,Tester/logs/20261011.log,1467333,2026-07-07,10:05,B152PR,"JF	0	11:31:42.721	Core 04	2026.07.07 10:05:01   [SRJ-IND] B152PR sym=GBPUSD bar=2026.07.07 10:00 z1=1899,B,1.31967,1.31979,2026.06.29 07:35,1,2026.06.29 07:40,1.31994,1.31978"
212,GBP0629-B162,1617DC1ACCE6B50ED2D1359582A70A8B8503C569623EE90C18C6B33542796207,Tester/logs/20261011.log,1467334,2026-07-07,10:05,B152PR,"KL	0	11:31:42.721	Core 04	2026.07.07 10:05:01   [SRJ-IND] B152PR sym=GBPUSD bar=2026.07.07 10:00 z1=1909,B,1.32024,1.32052,2026.06.29 08:35,1,2026.06.29 11:20,1.32088,1.32041"
213,GBP0629-B162,1617DC1ACCE6B50ED2D1359582A70A8B8503C569623EE90C18C6B33542796207,Tester/logs/20261011.log,1467335,2026-07-07,10:05,B152PR,"NR	0	11:31:42.721	Core 04	2026.07.07 10:05:01   [SRJ-IND] B152PR sym=GBPUSD bar=2026.07.07 10:00 z1=1941,B,1.32111,1.32139,2026.06.29 14:30,1,2026.06.30 15:20,1.32223,1.32125"
214,GBP0629-B162,1617DC1ACCE6B50ED2D1359582A70A8B8503C569623EE90C18C6B33542796207,Tester/logs/20261011.log,1467336,2026-07-07,10:05,B152PR,"FH	0	11:31:42.721	Core 04	2026.07.07 10:05:01   [SRJ-IND] B152PR sym=GBPUSD bar=2026.07.07 10:00 z1=1943,B,1.32097,1.32138,2026.06.29 13:55,1,2026.06.30 15:20,1.32223,1.32125"
215,GBP0629-B162,1617DC1ACCE6B50ED2D1359582A70A8B8503C569623EE90C18C6B33542796207,Tester/logs/20261011.log,1467337,2026-07-07,10:05,B152PR,"KN	0	11:31:42.721	Core 04	2026.07.07 10:05:01   [SRJ-IND] B152PR sym=GBPUSD bar=2026.07.07 10:00 z1=2367,B,1.32677,1.32799,2026.07.02 03:10,1,2026.07.02 03:15,1.32801,1.32765"
216,GBP0629-B162,1617DC1ACCE6B50ED2D1359582A70A8B8503C569623EE90C18C6B33542796207,Tester/logs/20261011.log,1467338,2026-07-07,10:05,B152PR,"HD	0	11:31:42.721	Core 04	2026.07.07 10:05:01   [SRJ-IND] B152PR sym=GBPUSD bar=2026.07.07 10:00 z1=2604,B,1.33739,1.33790,2026.07.06 21:20,1,2026.07.07 09:05,1.33823,1.33772"
217,GBP0629-B162,1617DC1ACCE6B50ED2D1359582A70A8B8503C569623EE90C18C6B33542796207,Tester/logs/20261011.log,1467339,2026-07-07,10:05,B152PR,"RJ	0	11:31:42.721	Core 04	2026.07.07 10:05:01   [SRJ-IND] B152PR sym=GBPUSD bar=2026.07.07 10:00 z1=2646,B,1.33597,1.33639,2026.07.06 18:50,1,2026.07.06 18:55,1.33678,1.33636"
218,GBP0629-B162,1617DC1ACCE6B50ED2D1359582A70A8B8503C569623EE90C18C6B33542796207,Tester/logs/20261011.log,1467340,2026-07-07,10:05,B152PR,"RP	0	11:31:42.721	Core 04	2026.07.07 10:05:01   [SRJ-IND] B152PR sym=GBPUSD bar=2026.07.07 10:00 z1=2855,B,1.33747,1.33764,2026.07.06 20:30,1,2026.07.07 09:10,1.33779,1.33747"
219,GBP0629-B162,1617DC1ACCE6B50ED2D1359582A70A8B8503C569623EE90C18C6B33542796207,Tester/logs/20261011.log,1467341,2026-07-07,10:05,B152PR,"MG	0	11:31:42.721	Core 04	2026.07.07 10:05:01   [SRJ-IND] B152PR sym=GBPUSD bar=2026.07.07 10:00 z1=2935,S,1.33918,1.33935,2026.07.07 06:50,1,2026.07.07 07:05,1.33919,1.33901"
220,GBP0629-B162,1617DC1ACCE6B50ED2D1359582A70A8B8503C569623EE90C18C6B33542796207,Tester/logs/20261011.log,1467342,2026-07-07,10:05,B152PR,"ON	0	11:31:42.721	Core 04	2026.07.07 10:05:01   [SRJ-IND] B152PR sym=GBPUSD bar=2026.07.07 10:00 bull=1 bear=1 nz=13"
221,GBP0629-B162,1617DC1ACCE6B50ED2D1359582A70A8B8503C569623EE90C18C6B33542796207,Tester/logs/20261011.log,1467343,2026-07-07,10:05,B162ORIGIN,"RD	0	11:31:42.721	Core 04	2026.07.07 10:05:01   [SRJ-IND] B162ORIGIN sym=GBPUSD bar=2026.07.07 10:00 side=B n=11 origin=2855 range=1.33747-1.33764 formT=2026.07.06 19:55 set=1582,1869,1875,1899,1909,1941,1943,2367,2604,2646,2855"
222,GBP0629-B162,1617DC1ACCE6B50ED2D1359582A70A8B8503C569623EE90C18C6B33542796207,Tester/logs/20261011.log,1467344,2026-07-07,10:05,B162ORIGIN,"HK	0	11:31:42.721	Core 04	2026.07.07 10:05:01   [SRJ-IND] B162ORIGIN sym=GBPUSD bar=2026.07.07 10:00 side=S n=2 origin=2935 range=1.33918-1.33935 formT=2026.07.07 06:30 set=150,2935"
223,GBP0629-B162,1617DC1ACCE6B50ED2D1359582A70A8B8503C569623EE90C18C6B33542796207,Tester/logs/20261011.log,1467349,2026-07-07,10:05,CQDRECHECK,"HK	0	11:31:42.721	Core 04	2026.07.07 10:05:01   [SRJ-EA] CQDRECHECK shift=2 passA=2.0 passB=2.0 diff=0 bar=2026.07.07 09:55 state=IDLE dir=NONE divLatch=0 hit1=0 hit2=453 mism=0"
224,GBP0629-B162,1617DC1ACCE6B50ED2D1359582A70A8B8503C569623EE90C18C6B33542796207,Tester/logs/20261011.log,1467357,2026-07-07,10:10,B152PR,"MP	0	11:31:42.721	Core 04	2026.07.07 10:10:01   [SRJ-IND] B152PR sym=GBPUSD bar=2026.07.07 10:05 z1=150,S,1.34395,1.34430,2026.06.15 11:40,1,2026.06.15 17:05,1.34420,1.34363"
225,GBP0629-B162,1617DC1ACCE6B50ED2D1359582A70A8B8503C569623EE90C18C6B33542796207,Tester/logs/20261011.log,1467358,2026-07-07,10:10,B152PR,"HH	0	11:31:42.721	Core 04	2026.07.07 10:10:01   [SRJ-IND] B152PR sym=GBPUSD bar=2026.07.07 10:05 z1=1582,B,1.31711,1.31751,2026.06.25 15:45,1,2026.06.25 15:55,1.31818,1.31739"
226,GBP0629-B162,1617DC1ACCE6B50ED2D1359582A70A8B8503C569623EE90C18C6B33542796207,Tester/logs/20261011.log,1467359,2026-07-07,10:10,B152PR,"DN	0	11:31:42.721	Core 04	2026.07.07 10:10:01   [SRJ-IND] B152PR sym=GBPUSD bar=2026.07.07 10:05 z1=1869,B,1.31919,1.31950,2026.06.29 02:50,1,2026.06.29 03:00,1.32000,1.31935"
227,GBP0629-B162,1617DC1ACCE6B50ED2D1359582A70A8B8503C569623EE90C18C6B33542796207,Tester/logs/20261011.log,1467360,2026-07-07,10:10,B152PR,"ID	0	11:31:42.721	Core 04	2026.07.07 10:10:01   [SRJ-IND] B152PR sym=GBPUSD bar=2026.07.07 10:05 z1=1875,B,1.31936,1.31982,2026.06.29 05:20,1,2026.06.29 06:55,1.32014,1.31979"
228,GBP0629-B162,1617DC1ACCE6B50ED2D1359582A70A8B8503C569623EE90C18C6B33542796207,Tester/logs/20261011.log,1467361,2026-07-07,10:10,B152PR,"GJ	0	11:31:42.721	Core 04	2026.07.07 10:10:01   [SRJ-IND] B152PR sym=GBPUSD bar=2026.07.07 10:05 z1=1899,B,1.31967,1.31979,2026.06.29 07:35,1,2026.06.29 07:40,1.31994,1.31978"
229,GBP0629-B162,1617DC1ACCE6B50ED2D1359582A70A8B8503C569623EE90C18C6B33542796207,Tester/logs/20261011.log,1467362,2026-07-07,10:10,B152PR,"NP	0	11:31:42.721	Core 04	2026.07.07 10:10:01   [SRJ-IND] B152PR sym=GBPUSD bar=2026.07.07 10:05 z1=1909,B,1.32024,1.32052,2026.06.29 08:35,1,2026.06.29 11:20,1.32088,1.32041"
230,GBP0629-B162,1617DC1ACCE6B50ED2D1359582A70A8B8503C569623EE90C18C6B33542796207,Tester/logs/20261011.log,1467363,2026-07-07,10:10,B152PR,"KF	0	11:31:42.721	Core 04	2026.07.07 10:10:01   [SRJ-IND] B152PR sym=GBPUSD bar=2026.07.07 10:05 z1=1941,B,1.32111,1.32139,2026.06.29 14:30,1,2026.06.30 15:20,1.32223,1.32125"
231,GBP0629-B162,1617DC1ACCE6B50ED2D1359582A70A8B8503C569623EE90C18C6B33542796207,Tester/logs/20261011.log,1467364,2026-07-07,10:10,B152PR,"CL	0	11:31:42.721	Core 04	2026.07.07 10:10:01   [SRJ-IND] B152PR sym=GBPUSD bar=2026.07.07 10:05 z1=1943,B,1.32097,1.32138,2026.06.29 13:55,1,2026.06.30 15:20,1.32223,1.32125"
232,GBP0629-B162,1617DC1ACCE6B50ED2D1359582A70A8B8503C569623EE90C18C6B33542796207,Tester/logs/20261011.log,1467365,2026-07-07,10:10,B152PR,"NR	0	11:31:42.721	Core 04	2026.07.07 10:10:01   [SRJ-IND] B152PR sym=GBPUSD bar=2026.07.07 10:05 z1=2367,B,1.32677,1.32799,2026.07.02 03:10,1,2026.07.02 03:15,1.32801,1.32765"
233,GBP0629-B162,1617DC1ACCE6B50ED2D1359582A70A8B8503C569623EE90C18C6B33542796207,Tester/logs/20261011.log,1467366,2026-07-07,10:10,B152PR,"OH	0	11:31:42.721	Core 04	2026.07.07 10:10:01   [SRJ-IND] B152PR sym=GBPUSD bar=2026.07.07 10:05 z1=2646,B,1.33597,1.33639,2026.07.06 18:50,1,2026.07.06 18:55,1.33678,1.33636"
234,GBP0629-B162,1617DC1ACCE6B50ED2D1359582A70A8B8503C569623EE90C18C6B33542796207,Tester/logs/20261011.log,1467367,2026-07-07,10:10,B152PR,"ON	0	11:31:42.721	Core 04	2026.07.07 10:10:01   [SRJ-IND] B152PR sym=GBPUSD bar=2026.07.07 10:05 z1=2855,B,1.33747,1.33764,2026.07.06 20:30,1,2026.07.07 09:10,1.33779,1.33747"
235,GBP0629-B162,1617DC1ACCE6B50ED2D1359582A70A8B8503C569623EE90C18C6B33542796207,Tester/logs/20261011.log,1467368,2026-07-07,10:10,B152PR,"LE	0	11:31:42.721	Core 04	2026.07.07 10:10:01   [SRJ-IND] B152PR sym=GBPUSD bar=2026.07.07 10:05 z1=2935,S,1.33918,1.33935,2026.07.07 06:50,1,2026.07.07 07:05,1.33919,1.33901"
236,GBP0629-B162,1617DC1ACCE6B50ED2D1359582A70A8B8503C569623EE90C18C6B33542796207,Tester/logs/20261011.log,1467369,2026-07-07,10:10,B152PR,"QH	0	11:31:42.721	Core 04	2026.07.07 10:10:01   [SRJ-IND] B152PR sym=GBPUSD bar=2026.07.07 10:05 bull=1 bear=1 nz=12"
237,GBP0629-B162,1617DC1ACCE6B50ED2D1359582A70A8B8503C569623EE90C18C6B33542796207,Tester/logs/20261011.log,1467370,2026-07-07,10:10,B162ORIGIN,"DD	0	11:31:42.721	Core 04	2026.07.07 10:10:01   [SRJ-IND] B162ORIGIN sym=GBPUSD bar=2026.07.07 10:05 side=B n=10 origin=2855 range=1.33747-1.33764 formT=2026.07.06 19:55 set=1582,1869,1875,1899,1909,1941,1943,2367,2646,2855"
238,GBP0629-B162,1617DC1ACCE6B50ED2D1359582A70A8B8503C569623EE90C18C6B33542796207,Tester/logs/20261011.log,1467371,2026-07-07,10:10,B162ORIGIN,"KI	0	11:31:42.721	Core 04	2026.07.07 10:10:01   [SRJ-IND] B162ORIGIN sym=GBPUSD bar=2026.07.07 10:05 side=S n=2 origin=2935 range=1.33918-1.33935 formT=2026.07.07 06:30 set=150,2935"
239,GBP0629-B162,1617DC1ACCE6B50ED2D1359582A70A8B8503C569623EE90C18C6B33542796207,Tester/logs/20261011.log,1467379,2026-07-07,10:15,B152PR,"KL	0	11:31:42.721	Core 04	2026.07.07 10:15:00   [SRJ-IND] B152PR sym=GBPUSD bar=2026.07.07 10:10 z1=150,S,1.34395,1.34430,2026.06.15 11:40,1,2026.06.15 17:05,1.34420,1.34363"
240,GBP0629-B162,1617DC1ACCE6B50ED2D1359582A70A8B8503C569623EE90C18C6B33542796207,Tester/logs/20261011.log,1467380,2026-07-07,10:15,B152PR,"FD	0	11:31:42.721	Core 04	2026.07.07 10:15:00   [SRJ-IND] B152PR sym=GBPUSD bar=2026.07.07 10:10 z1=1582,B,1.31711,1.31751,2026.06.25 15:45,1,2026.06.25 15:55,1.31818,1.31739"
241,GBP0629-B162,1617DC1ACCE6B50ED2D1359582A70A8B8503C569623EE90C18C6B33542796207,Tester/logs/20261011.log,1467381,2026-07-07,10:15,B152PR,"JJ	0	11:31:42.721	Core 04	2026.07.07 10:15:00   [SRJ-IND] B152PR sym=GBPUSD bar=2026.07.07 10:10 z1=1869,B,1.31919,1.31950,2026.06.29 02:50,1,2026.06.29 03:00,1.32000,1.31935"
242,GBP0629-B162,1617DC1ACCE6B50ED2D1359582A70A8B8503C569623EE90C18C6B33542796207,Tester/logs/20261011.log,1467382,2026-07-07,10:15,B152PR,"CP	0	11:31:42.721	Core 04	2026.07.07 10:15:00   [SRJ-IND] B152PR sym=GBPUSD bar=2026.07.07 10:10 z1=1875,B,1.31936,1.31982,2026.06.29 05:20,1,2026.06.29 06:55,1.32014,1.31979"
243,GBP0629-B162,1617DC1ACCE6B50ED2D1359582A70A8B8503C569623EE90C18C6B33542796207,Tester/logs/20261011.log,1467383,2026-07-07,10:15,B152PR,"EF	0	11:31:42.721	Core 04	2026.07.07 10:15:00   [SRJ-IND] B152PR sym=GBPUSD bar=2026.07.07 10:10 z1=1899,B,1.31967,1.31979,2026.06.29 07:35,1,2026.06.29 07:40,1.31994,1.31978"
244,GBP0629-B162,1617DC1ACCE6B50ED2D1359582A70A8B8503C569623EE90C18C6B33542796207,Tester/logs/20261011.log,1467384,2026-07-07,10:15,B152PR,"PL	0	11:31:42.721	Core 04	2026.07.07 10:15:00   [SRJ-IND] B152PR sym=GBPUSD bar=2026.07.07 10:10 z1=1909,B,1.32024,1.32052,2026.06.29 08:35,1,2026.06.29 11:20,1.32088,1.32041"
245,GBP0629-B162,1617DC1ACCE6B50ED2D1359582A70A8B8503C569623EE90C18C6B33542796207,Tester/logs/20261011.log,1467385,2026-07-07,10:15,B152PR,"QR	0	11:31:42.721	Core 04	2026.07.07 10:15:00   [SRJ-IND] B152PR sym=GBPUSD bar=2026.07.07 10:10 z1=1941,B,1.32111,1.32139,2026.06.29 14:30,1,2026.06.30 15:20,1.32223,1.32125"
246,GBP0629-B162,1617DC1ACCE6B50ED2D1359582A70A8B8503C569623EE90C18C6B33542796207,Tester/logs/20261011.log,1467386,2026-07-07,10:15,B152PR,"IH	0	11:31:42.721	Core 04	2026.07.07 10:15:00   [SRJ-IND] B152PR sym=GBPUSD bar=2026.07.07 10:10 z1=1943,B,1.32097,1.32138,2026.06.29 13:55,1,2026.06.30 15:20,1.32223,1.32125"
247,GBP0629-B162,1617DC1ACCE6B50ED2D1359582A70A8B8503C569623EE90C18C6B33542796207,Tester/logs/20261011.log,1467387,2026-07-07,10:15,B152PR,"PN	0	11:31:42.721	Core 04	2026.07.07 10:15:00   [SRJ-IND] B152PR sym=GBPUSD bar=2026.07.07 10:10 z1=2367,B,1.32677,1.32799,2026.07.02 03:10,1,2026.07.02 03:15,1.32801,1.32765"
248,GBP0629-B162,1617DC1ACCE6B50ED2D1359582A70A8B8503C569623EE90C18C6B33542796207,Tester/logs/20261011.log,1467388,2026-07-07,10:15,B152PR,"MD	0	11:31:42.721	Core 04	2026.07.07 10:15:00   [SRJ-IND] B152PR sym=GBPUSD bar=2026.07.07 10:10 z1=2646,B,1.33597,1.33639,2026.07.06 18:50,1,2026.07.06 18:55,1.33678,1.33636"
249,GBP0629-B162,1617DC1ACCE6B50ED2D1359582A70A8B8503C569623EE90C18C6B33542796207,Tester/logs/20261011.log,1467389,2026-07-07,10:15,B152PR,"MJ	0	11:31:42.721	Core 04	2026.07.07 10:15:00   [SRJ-IND] B152PR sym=GBPUSD bar=2026.07.07 10:10 z1=2855,B,1.33747,1.33764,2026.07.06 20:30,1,2026.07.07 09:10,1.33779,1.33747"
250,GBP0629-B162,1617DC1ACCE6B50ED2D1359582A70A8B8503C569623EE90C18C6B33542796207,Tester/logs/20261011.log,1467390,2026-07-07,10:15,B152PR,"RQ	0	11:31:42.721	Core 04	2026.07.07 10:15:00   [SRJ-IND] B152PR sym=GBPUSD bar=2026.07.07 10:10 z1=2935,S,1.33918,1.33935,2026.07.07 06:50,1,2026.07.07 07:05,1.33919,1.33901"
251,GBP0629-B162,1617DC1ACCE6B50ED2D1359582A70A8B8503C569623EE90C18C6B33542796207,Tester/logs/20261011.log,1467391,2026-07-07,10:15,B152PR,"KD	0	11:31:42.721	Core 04	2026.07.07 10:15:00   [SRJ-IND] B152PR sym=GBPUSD bar=2026.07.07 10:10 bull=1 bear=1 nz=12"
252,GBP0629-B162,1617DC1ACCE6B50ED2D1359582A70A8B8503C569623EE90C18C6B33542796207,Tester/logs/20261011.log,1467392,2026-07-07,10:15,B162ORIGIN,"RI	0	11:31:42.721	Core 04	2026.07.07 10:15:00   [SRJ-IND] B162ORIGIN sym=GBPUSD bar=2026.07.07 10:10 side=B n=10 origin=2855 range=1.33747-1.33764 formT=2026.07.06 19:55 set=1582,1869,1875,1899,1909,1941,1943,2367,2646,2855"
253,GBP0629-B162,1617DC1ACCE6B50ED2D1359582A70A8B8503C569623EE90C18C6B33542796207,Tester/logs/20261011.log,1467393,2026-07-07,10:15,B162ORIGIN,"MM	0	11:31:42.721	Core 04	2026.07.07 10:15:00   [SRJ-IND] B162ORIGIN sym=GBPUSD bar=2026.07.07 10:10 side=S n=2 origin=2935 range=1.33918-1.33935 formT=2026.07.07 06:30 set=150,2935"
254,GBP0629-B162,1617DC1ACCE6B50ED2D1359582A70A8B8503C569623EE90C18C6B33542796207,Tester/logs/20261011.log,1467404,2026-07-07,10:20,B152PR,"PO	0	11:31:42.721	Core 04	2026.07.07 10:20:00   [SRJ-IND] B152PR sym=GBPUSD bar=2026.07.07 10:15 z1=150,S,1.34395,1.34430,2026.06.15 11:40,1,2026.06.15 17:05,1.34420,1.34363"
255,GBP0629-B162,1617DC1ACCE6B50ED2D1359582A70A8B8503C569623EE90C18C6B33542796207,Tester/logs/20261011.log,1467405,2026-07-07,10:20,B152PR,"ES	0	11:31:42.721	Core 04	2026.07.07 10:20:00   [SRJ-IND] B152PR sym=GBPUSD bar=2026.07.07 10:15 z1=1582,B,1.31711,1.31751,2026.06.25 15:45,1,2026.06.25 15:55,1.31818,1.31739"
256,GBP0629-B162,1617DC1ACCE6B50ED2D1359582A70A8B8503C569623EE90C18C6B33542796207,Tester/logs/20261011.log,1467406,2026-07-07,10:20,B152PR,"II	0	11:31:42.721	Core 04	2026.07.07 10:20:00   [SRJ-IND] B152PR sym=GBPUSD bar=2026.07.07 10:15 z1=1869,B,1.31919,1.31950,2026.06.29 02:50,1,2026.06.29 03:00,1.32000,1.31935"
257,GBP0629-B162,1617DC1ACCE6B50ED2D1359582A70A8B8503C569623EE90C18C6B33542796207,Tester/logs/20261011.log,1467407,2026-07-07,10:20,B152PR,"DO	0	11:31:42.721	Core 04	2026.07.07 10:20:00   [SRJ-IND] B152PR sym=GBPUSD bar=2026.07.07 10:15 z1=1875,B,1.31936,1.31982,2026.06.29 05:20,1,2026.06.29 06:55,1.32014,1.31979"
258,GBP0629-B162,1617DC1ACCE6B50ED2D1359582A70A8B8503C569623EE90C18C6B33542796207,Tester/logs/20261011.log,1467408,2026-07-07,10:20,B152PR,"FE	0	11:31:42.721	Core 04	2026.07.07 10:20:00   [SRJ-IND] B152PR sym=GBPUSD bar=2026.07.07 10:15 z1=1899,B,1.31967,1.31979,2026.06.29 07:35,1,2026.06.29 07:40,1.31994,1.31978"
259,GBP0629-B162,1617DC1ACCE6B50ED2D1359582A70A8B8503C569623EE90C18C6B33542796207,Tester/logs/20261011.log,1467409,2026-07-07,10:20,B152PR,"OK	0	11:31:42.721	Core 04	2026.07.07 10:20:00   [SRJ-IND] B152PR sym=GBPUSD bar=2026.07.07 10:15 z1=1909,B,1.32024,1.32052,2026.06.29 08:35,1,2026.06.29 11:20,1.32088,1.32041"
260,GBP0629-B162,1617DC1ACCE6B50ED2D1359582A70A8B8503C569623EE90C18C6B33542796207,Tester/logs/20261011.log,1467410,2026-07-07,10:20,B152PR,"RQ	0	11:31:42.721	Core 04	2026.07.07 10:20:00   [SRJ-IND] B152PR sym=GBPUSD bar=2026.07.07 10:15 z1=1941,B,1.32111,1.32139,2026.06.29 14:30,1,2026.06.30 15:20,1.32223,1.32125"
261,GBP0629-B162,1617DC1ACCE6B50ED2D1359582A70A8B8503C569623EE90C18C6B33542796207,Tester/logs/20261011.log,1467411,2026-07-07,10:20,B152PR,"JG	0	11:31:42.721	Core 04	2026.07.07 10:20:00   [SRJ-IND] B152PR sym=GBPUSD bar=2026.07.07 10:15 z1=1943,B,1.32097,1.32138,2026.06.29 13:55,1,2026.06.30 15:20,1.32223,1.32125"
262,GBP0629-B162,1617DC1ACCE6B50ED2D1359582A70A8B8503C569623EE90C18C6B33542796207,Tester/logs/20261011.log,1467412,2026-07-07,10:20,B152PR,"OM	0	11:31:42.721	Core 04	2026.07.07 10:20:00   [SRJ-IND] B152PR sym=GBPUSD bar=2026.07.07 10:15 z1=2367,B,1.32677,1.32799,2026.07.02 03:10,1,2026.07.02 03:15,1.32801,1.32765"
263,GBP0629-B162,1617DC1ACCE6B50ED2D1359582A70A8B8503C569623EE90C18C6B33542796207,Tester/logs/20261011.log,1467413,2026-07-07,10:20,B152PR,"NS	0	11:31:42.721	Core 04	2026.07.07 10:20:00   [SRJ-IND] B152PR sym=GBPUSD bar=2026.07.07 10:15 z1=2646,B,1.33597,1.33639,2026.07.06 18:50,1,2026.07.06 18:55,1.33678,1.33636"
264,GBP0629-B162,1617DC1ACCE6B50ED2D1359582A70A8B8503C569623EE90C18C6B33542796207,Tester/logs/20261011.log,1467414,2026-07-07,10:20,B152PR,"NI	0	11:31:42.721	Core 04	2026.07.07 10:20:00   [SRJ-IND] B152PR sym=GBPUSD bar=2026.07.07 10:15 z1=2855,B,1.33747,1.33764,2026.07.06 20:30,1,2026.07.07 09:10,1.33779,1.33747"
265,GBP0629-B162,1617DC1ACCE6B50ED2D1359582A70A8B8503C569623EE90C18C6B33542796207,Tester/logs/20261011.log,1467415,2026-07-07,10:20,B152PR,"QN	0	11:31:42.721	Core 04	2026.07.07 10:20:00   [SRJ-IND] B152PR sym=GBPUSD bar=2026.07.07 10:15 z1=2935,S,1.33918,1.33935,2026.07.07 06:50,1,2026.07.07 07:05,1.33919,1.33901"
266,GBP0629-B162,1617DC1ACCE6B50ED2D1359582A70A8B8503C569623EE90C18C6B33542796207,Tester/logs/20261011.log,1467416,2026-07-07,10:20,B152PR,"LG	0	11:31:42.721	Core 04	2026.07.07 10:20:00   [SRJ-IND] B152PR sym=GBPUSD bar=2026.07.07 10:15 bull=1 bear=1 nz=12"
267,GBP0629-B162,1617DC1ACCE6B50ED2D1359582A70A8B8503C569623EE90C18C6B33542796207,Tester/logs/20261011.log,1467417,2026-07-07,10:20,B162ORIGIN,"QN	0	11:31:42.721	Core 04	2026.07.07 10:20:00   [SRJ-IND] B162ORIGIN sym=GBPUSD bar=2026.07.07 10:15 side=B n=10 origin=2855 range=1.33747-1.33764 formT=2026.07.06 19:55 set=1582,1869,1875,1899,1909,1941,1943,2367,2646,2855"
268,GBP0629-B162,1617DC1ACCE6B50ED2D1359582A70A8B8503C569623EE90C18C6B33542796207,Tester/logs/20261011.log,1467418,2026-07-07,10:20,B162ORIGIN,"JS	0	11:31:42.721	Core 04	2026.07.07 10:20:00   [SRJ-IND] B162ORIGIN sym=GBPUSD bar=2026.07.07 10:15 side=S n=2 origin=2935 range=1.33918-1.33935 formT=2026.07.07 06:30 set=150,2935"
269,GBP0629-B162,1617DC1ACCE6B50ED2D1359582A70A8B8503C569623EE90C18C6B33542796207,Tester/logs/20261011.log,1467427,2026-07-07,10:25,B152PR,"DK	0	11:31:42.721	Core 04	2026.07.07 10:25:01   [SRJ-IND] B152PR sym=GBPUSD bar=2026.07.07 10:20 z1=150,S,1.34395,1.34430,2026.06.15 11:40,1,2026.06.15 17:05,1.34420,1.34363"
270,GBP0629-B162,1617DC1ACCE6B50ED2D1359582A70A8B8503C569623EE90C18C6B33542796207,Tester/logs/20261011.log,1467428,2026-07-07,10:25,B152PR,"MO	0	11:31:42.721	Core 04	2026.07.07 10:25:01   [SRJ-IND] B152PR sym=GBPUSD bar=2026.07.07 10:20 z1=1582,B,1.31711,1.31751,2026.06.25 15:45,1,2026.06.25 15:55,1.31818,1.31739"
271,GBP0629-B162,1617DC1ACCE6B50ED2D1359582A70A8B8503C569623EE90C18C6B33542796207,Tester/logs/20261011.log,1467429,2026-07-07,10:25,B152PR,"QE	0	11:31:42.721	Core 04	2026.07.07 10:25:01   [SRJ-IND] B152PR sym=GBPUSD bar=2026.07.07 10:20 z1=1869,B,1.31919,1.31950,2026.06.29 02:50,1,2026.06.29 03:00,1.32000,1.31935"
272,GBP0629-B162,1617DC1ACCE6B50ED2D1359582A70A8B8503C569623EE90C18C6B33542796207,Tester/logs/20261011.log,1467430,2026-07-07,10:25,B152PR,"LK	0	11:31:42.721	Core 04	2026.07.07 10:25:01   [SRJ-IND] B152PR sym=GBPUSD bar=2026.07.07 10:20 z1=1875,B,1.31936,1.31982,2026.06.29 05:20,1,2026.06.29 06:55,1.32014,1.31979"
273,GBP0629-B162,1617DC1ACCE6B50ED2D1359582A70A8B8503C569623EE90C18C6B33542796207,Tester/logs/20261011.log,1467431,2026-07-07,10:25,B152PR,"NQ	0	11:31:42.721	Core 04	2026.07.07 10:25:01   [SRJ-IND] B152PR sym=GBPUSD bar=2026.07.07 10:20 z1=1899,B,1.31967,1.31979,2026.06.29 07:35,1,2026.06.29 07:40,1.31994,1.31978"
274,GBP0629-B162,1617DC1ACCE6B50ED2D1359582A70A8B8503C569623EE90C18C6B33542796207,Tester/logs/20261011.log,1467432,2026-07-07,10:25,B152PR,"GG	0	11:31:42.721	Core 04	2026.07.07 10:25:01   [SRJ-IND] B152PR sym=GBPUSD bar=2026.07.07 10:20 z1=1909,B,1.32024,1.32052,2026.06.29 08:35,1,2026.06.29 11:20,1.32088,1.32041"
275,GBP0629-B162,1617DC1ACCE6B50ED2D1359582A70A8B8503C569623EE90C18C6B33542796207,Tester/logs/20261011.log,1467433,2026-07-07,10:25,B152PR,"JM	0	11:31:42.721	Core 04	2026.07.07 10:25:01   [SRJ-IND] B152PR sym=GBPUSD bar=2026.07.07 10:20 z1=1941,B,1.32111,1.32139,2026.06.29 14:30,1,2026.06.30 15:20,1.32223,1.32125"
276,GBP0629-B162,1617DC1ACCE6B50ED2D1359582A70A8B8503C569623EE90C18C6B33542796207,Tester/logs/20261011.log,1467434,2026-07-07,10:25,B152PR,"RS	0	11:31:42.721	Core 04	2026.07.07 10:25:01   [SRJ-IND] B152PR sym=GBPUSD bar=2026.07.07 10:20 z1=1943,B,1.32097,1.32138,2026.06.29 13:55,1,2026.06.30 15:20,1.32223,1.32125"
277,GBP0629-B162,1617DC1ACCE6B50ED2D1359582A70A8B8503C569623EE90C18C6B33542796207,Tester/logs/20261011.log,1467435,2026-07-07,10:25,B152PR,"GI	0	11:31:42.721	Core 04	2026.07.07 10:25:01   [SRJ-IND] B152PR sym=GBPUSD bar=2026.07.07 10:20 z1=2367,B,1.32677,1.32799,2026.07.02 03:10,1,2026.07.02 03:15,1.32801,1.32765"
278,GBP0629-B162,1617DC1ACCE6B50ED2D1359582A70A8B8503C569623EE90C18C6B33542796207,Tester/logs/20261011.log,1467436,2026-07-07,10:25,B152PR,"FO	0	11:31:42.721	Core 04	2026.07.07 10:25:01   [SRJ-IND] B152PR sym=GBPUSD bar=2026.07.07 10:20 z1=2646,B,1.33597,1.33639,2026.07.06 18:50,1,2026.07.06 18:55,1.33678,1.33636"
279,GBP0629-B162,1617DC1ACCE6B50ED2D1359582A70A8B8503C569623EE90C18C6B33542796207,Tester/logs/20261011.log,1467437,2026-07-07,10:25,B152PR,"FE	0	11:31:42.721	Core 04	2026.07.07 10:25:01   [SRJ-IND] B152PR sym=GBPUSD bar=2026.07.07 10:20 z1=2855,B,1.33747,1.33764,2026.07.06 20:30,1,2026.07.07 09:10,1.33779,1.33747"
280,GBP0629-B162,1617DC1ACCE6B50ED2D1359582A70A8B8503C569623EE90C18C6B33542796207,Tester/logs/20261011.log,1467438,2026-07-07,10:25,B152PR,"IJ	0	11:31:42.721	Core 04	2026.07.07 10:25:01   [SRJ-IND] B152PR sym=GBPUSD bar=2026.07.07 10:20 z1=2935,S,1.33918,1.33935,2026.07.07 06:50,1,2026.07.07 07:05,1.33919,1.33901"
281,GBP0629-B162,1617DC1ACCE6B50ED2D1359582A70A8B8503C569623EE90C18C6B33542796207,Tester/logs/20261011.log,1467439,2026-07-07,10:25,B152PR,"DS	0	11:31:42.721	Core 04	2026.07.07 10:25:01   [SRJ-IND] B152PR sym=GBPUSD bar=2026.07.07 10:20 bull=1 bear=1 nz=12"
282,GBP0629-B162,1617DC1ACCE6B50ED2D1359582A70A8B8503C569623EE90C18C6B33542796207,Tester/logs/20261011.log,1467440,2026-07-07,10:25,B162ORIGIN,"IM	0	11:31:42.721	Core 04	2026.07.07 10:25:01   [SRJ-IND] B162ORIGIN sym=GBPUSD bar=2026.07.07 10:20 side=B n=10 origin=2855 range=1.33747-1.33764 formT=2026.07.06 19:55 set=1582,1869,1875,1899,1909,1941,1943,2367,2646,2855"
283,GBP0629-B162,1617DC1ACCE6B50ED2D1359582A70A8B8503C569623EE90C18C6B33542796207,Tester/logs/20261011.log,1467441,2026-07-07,10:25,B162ORIGIN,"FP	0	11:31:42.721	Core 04	2026.07.07 10:25:01   [SRJ-IND] B162ORIGIN sym=GBPUSD bar=2026.07.07 10:20 side=S n=2 origin=2935 range=1.33918-1.33935 formT=2026.07.07 06:30 set=150,2935"
284,GBP0629-B162,1617DC1ACCE6B50ED2D1359582A70A8B8503C569623EE90C18C6B33542796207,Tester/logs/20261011.log,1467445,2026-07-07,10:25,CQDRECHECK,"MG	0	11:31:42.721	Core 04	2026.07.07 10:25:01   [SRJ-EA] CQDRECHECK shift=2 passA=-1.0 passB=-1.0 diff=0 bar=2026.07.07 10:15 state=IDLE dir=NONE divLatch=0 hit1=0 hit2=454 mism=0"
285,GBP0629-B162,1617DC1ACCE6B50ED2D1359582A70A8B8503C569623EE90C18C6B33542796207,Tester/logs/20261011.log,1467451,2026-07-07,10:30,B152PR,"NM	0	11:31:42.721	Core 04	2026.07.07 10:30:00   [SRJ-IND] B152PR sym=GBPUSD bar=2026.07.07 10:25 z1=150,S,1.34395,1.34430,2026.06.15 11:40,1,2026.06.15 17:05,1.34420,1.34363"
286,GBP0629-B162,1617DC1ACCE6B50ED2D1359582A70A8B8503C569623EE90C18C6B33542796207,Tester/logs/20261011.log,1467452,2026-07-07,10:30,B152PR,"GE	0	11:31:42.721	Core 04	2026.07.07 10:30:00   [SRJ-IND] B152PR sym=GBPUSD bar=2026.07.07 10:25 z1=1582,B,1.31711,1.31751,2026.06.25 15:45,1,2026.06.25 15:55,1.31818,1.31739"
287,GBP0629-B162,1617DC1ACCE6B50ED2D1359582A70A8B8503C569623EE90C18C6B33542796207,Tester/logs/20261011.log,1467453,2026-07-07,10:30,B152PR,"CK	0	11:31:42.721	Core 04	2026.07.07 10:30:00   [SRJ-IND] B152PR sym=GBPUSD bar=2026.07.07 10:25 z1=1869,B,1.31919,1.31950,2026.06.29 02:50,1,2026.06.29 03:00,1.32000,1.31935"
288,GBP0629-B162,1617DC1ACCE6B50ED2D1359582A70A8B8503C569623EE90C18C6B33542796207,Tester/logs/20261011.log,1467454,2026-07-07,10:30,B152PR,"JQ	0	11:31:42.721	Core 04	2026.07.07 10:30:00   [SRJ-IND] B152PR sym=GBPUSD bar=2026.07.07 10:25 z1=1875,B,1.31936,1.31982,2026.06.29 05:20,1,2026.06.29 06:55,1.32014,1.31979"
289,GBP0629-B162,1617DC1ACCE6B50ED2D1359582A70A8B8503C569623EE90C18C6B33542796207,Tester/logs/20261011.log,1467455,2026-07-07,10:30,B152PR,"HG	0	11:31:42.721	Core 04	2026.07.07 10:30:00   [SRJ-IND] B152PR sym=GBPUSD bar=2026.07.07 10:25 z1=1899,B,1.31967,1.31979,2026.06.29 07:35,1,2026.06.29 07:40,1.31994,1.31978"
290,GBP0629-B162,1617DC1ACCE6B50ED2D1359582A70A8B8503C569623EE90C18C6B33542796207,Tester/logs/20261011.log,1467456,2026-07-07,10:30,B152PR,"MM	0	11:31:42.721	Core 04	2026.07.07 10:30:00   [SRJ-IND] B152PR sym=GBPUSD bar=2026.07.07 10:25 z1=1909,B,1.32024,1.32052,2026.06.29 08:35,1,2026.06.29 11:20,1.32088,1.32041"
291,GBP0629-B162,1617DC1ACCE6B50ED2D1359582A70A8B8503C569623EE90C18C6B33542796207,Tester/logs/20261011.log,1467457,2026-07-07,10:30,B152PR,"LS	0	11:31:42.721	Core 04	2026.07.07 10:30:00   [SRJ-IND] B152PR sym=GBPUSD bar=2026.07.07 10:25 z1=1941,B,1.32111,1.32139,2026.06.29 14:30,1,2026.06.30 15:20,1.32223,1.32125"
292,GBP0629-B162,1617DC1ACCE6B50ED2D1359582A70A8B8503C569623EE90C18C6B33542796207,Tester/logs/20261011.log,1467458,2026-07-07,10:30,B152PR,"DI	0	11:31:42.721	Core 04	2026.07.07 10:30:00   [SRJ-IND] B152PR sym=GBPUSD bar=2026.07.07 10:25 z1=1943,B,1.32097,1.32138,2026.06.29 13:55,1,2026.06.30 15:20,1.32223,1.32125"
293,GBP0629-B162,1617DC1ACCE6B50ED2D1359582A70A8B8503C569623EE90C18C6B33542796207,Tester/logs/20261011.log,1467459,2026-07-07,10:30,B152PR,"MO	0	11:31:42.721	Core 04	2026.07.07 10:30:00   [SRJ-IND] B152PR sym=GBPUSD bar=2026.07.07 10:25 z1=2367,B,1.32677,1.32799,2026.07.02 03:10,1,2026.07.02 03:15,1.32801,1.32765"
294,GBP0629-B162,1617DC1ACCE6B50ED2D1359582A70A8B8503C569623EE90C18C6B33542796207,Tester/logs/20261011.log,1467460,2026-07-07,10:30,B152PR,"PE	0	11:31:42.721	Core 04	2026.07.07 10:30:00   [SRJ-IND] B152PR sym=GBPUSD bar=2026.07.07 10:25 z1=2646,B,1.33597,1.33639,2026.07.06 18:50,1,2026.07.06 18:55,1.33678,1.33636"
295,GBP0629-B162,1617DC1ACCE6B50ED2D1359582A70A8B8503C569623EE90C18C6B33542796207,Tester/logs/20261011.log,1467461,2026-07-07,10:30,B152PR,"PK	0	11:31:42.721	Core 04	2026.07.07 10:30:00   [SRJ-IND] B152PR sym=GBPUSD bar=2026.07.07 10:25 z1=2855,B,1.33747,1.33764,2026.07.06 20:30,1,2026.07.07 09:10,1.33779,1.33747"
296,GBP0629-B162,1617DC1ACCE6B50ED2D1359582A70A8B8503C569623EE90C18C6B33542796207,Tester/logs/20261011.log,1467462,2026-07-07,10:30,B152PR,"KP	0	11:31:42.721	Core 04	2026.07.07 10:30:00   [SRJ-IND] B152PR sym=GBPUSD bar=2026.07.07 10:25 z1=2935,S,1.33918,1.33935,2026.07.07 06:50,1,2026.07.07 07:05,1.33919,1.33901"
297,GBP0629-B162,1617DC1ACCE6B50ED2D1359582A70A8B8503C569623EE90C18C6B33542796207,Tester/logs/20261011.log,1467463,2026-07-07,10:30,B152PR,"RE	0	11:31:42.721	Core 04	2026.07.07 10:30:00   [SRJ-IND] B152PR sym=GBPUSD bar=2026.07.07 10:25 bull=1 bear=1 nz=12"
298,GBP0629-B162,1617DC1ACCE6B50ED2D1359582A70A8B8503C569623EE90C18C6B33542796207,Tester/logs/20261011.log,1467464,2026-07-07,10:30,B162ORIGIN,"CK	0	11:31:42.721	Core 04	2026.07.07 10:30:00   [SRJ-IND] B162ORIGIN sym=GBPUSD bar=2026.07.07 10:25 side=B n=10 origin=2855 range=1.33747-1.33764 formT=2026.07.06 19:55 set=1582,1869,1875,1899,1909,1941,1943,2367,2646,2855"
299,GBP0629-B162,1617DC1ACCE6B50ED2D1359582A70A8B8503C569623EE90C18C6B33542796207,Tester/logs/20261011.log,1467465,2026-07-07,10:30,B162ORIGIN,"LN	0	11:31:42.721	Core 04	2026.07.07 10:30:00   [SRJ-IND] B162ORIGIN sym=GBPUSD bar=2026.07.07 10:25 side=S n=2 origin=2935 range=1.33918-1.33935 formT=2026.07.07 06:30 set=150,2935"
300,GBP0629-B162,1617DC1ACCE6B50ED2D1359582A70A8B8503C569623EE90C18C6B33542796207,Tester/logs/20261011.log,1467471,2026-07-07,10:30,CQDRECHECK,"IF	0	11:31:42.721	Core 04	2026.07.07 10:30:00   [SRJ-EA] CQDRECHECK shift=2 passA=-1.0 passB=-1.0 diff=0 bar=2026.07.07 10:20 state=IDLE dir=NONE divLatch=0 hit1=0 hit2=455 mism=0"
301,GBP0629-B162,1617DC1ACCE6B50ED2D1359582A70A8B8503C569623EE90C18C6B33542796207,Tester/logs/20261011.log,1467477,2026-07-07,10:35,B152PR,"KQ	0	11:31:42.721	Core 04	2026.07.07 10:35:00   [SRJ-IND] B152PR sym=GBPUSD bar=2026.07.07 10:30 z1=150,S,1.34395,1.34430,2026.06.15 11:40,1,2026.06.15 17:05,1.34420,1.34363"
302,GBP0629-B162,1617DC1ACCE6B50ED2D1359582A70A8B8503C569623EE90C18C6B33542796207,Tester/logs/20261011.log,1467478,2026-07-07,10:35,B152PR,"FI	0	11:31:42.721	Core 04	2026.07.07 10:35:00   [SRJ-IND] B152PR sym=GBPUSD bar=2026.07.07 10:30 z1=1582,B,1.31711,1.31751,2026.06.25 15:45,1,2026.06.25 15:55,1.31818,1.31739"
303,GBP0629-B162,1617DC1ACCE6B50ED2D1359582A70A8B8503C569623EE90C18C6B33542796207,Tester/logs/20261011.log,1467479,2026-07-07,10:35,B152PR,"JO	0	11:31:42.721	Core 04	2026.07.07 10:35:00   [SRJ-IND] B152PR sym=GBPUSD bar=2026.07.07 10:30 z1=1869,B,1.31919,1.31950,2026.06.29 02:50,1,2026.06.29 03:00,1.32000,1.31935"
304,GBP0629-B162,1617DC1ACCE6B50ED2D1359582A70A8B8503C569623EE90C18C6B33542796207,Tester/logs/20261011.log,1467480,2026-07-07,10:35,B152PR,"CE	0	11:31:42.721	Core 04	2026.07.07 10:35:00   [SRJ-IND] B152PR sym=GBPUSD bar=2026.07.07 10:30 z1=1875,B,1.31936,1.31982,2026.06.29 05:20,1,2026.06.29 06:55,1.32014,1.31979"
305,GBP0629-B162,1617DC1ACCE6B50ED2D1359582A70A8B8503C569623EE90C18C6B33542796207,Tester/logs/20261011.log,1467481,2026-07-07,10:35,B152PR,"EK	0	11:31:42.721	Core 04	2026.07.07 10:35:00   [SRJ-IND] B152PR sym=GBPUSD bar=2026.07.07 10:30 z1=1899,B,1.31967,1.31979,2026.06.29 07:35,1,2026.06.29 07:40,1.31994,1.31978"
306,GBP0629-B162,1617DC1ACCE6B50ED2D1359582A70A8B8503C569623EE90C18C6B33542796207,Tester/logs/20261011.log,1467482,2026-07-07,10:35,B152PR,"PQ	0	11:31:42.721	Core 04	2026.07.07 10:35:00   [SRJ-IND] B152PR sym=GBPUSD bar=2026.07.07 10:30 z1=1909,B,1.32024,1.32052,2026.06.29 08:35,1,2026.06.29 11:20,1.32088,1.32041"
307,GBP0629-B162,1617DC1ACCE6B50ED2D1359582A70A8B8503C569623EE90C18C6B33542796207,Tester/logs/20261011.log,1467483,2026-07-07,10:35,B152PR,"QG	0	11:31:42.721	Core 04	2026.07.07 10:35:00   [SRJ-IND] B152PR sym=GBPUSD bar=2026.07.07 10:30 z1=1941,B,1.32111,1.32139,2026.06.29 14:30,1,2026.06.30 15:20,1.32223,1.32125"
308,GBP0629-B162,1617DC1ACCE6B50ED2D1359582A70A8B8503C569623EE90C18C6B33542796207,Tester/logs/20261011.log,1467484,2026-07-07,10:35,B152PR,"IM	0	11:31:42.721	Core 04	2026.07.07 10:35:00   [SRJ-IND] B152PR sym=GBPUSD bar=2026.07.07 10:30 z1=1943,B,1.32097,1.32138,2026.06.29 13:55,1,2026.06.30 15:20,1.32223,1.32125"
309,GBP0629-B162,1617DC1ACCE6B50ED2D1359582A70A8B8503C569623EE90C18C6B33542796207,Tester/logs/20261011.log,1467485,2026-07-07,10:35,B152PR,"PS	0	11:31:42.721	Core 04	2026.07.07 10:35:00   [SRJ-IND] B152PR sym=GBPUSD bar=2026.07.07 10:30 z1=2367,B,1.32677,1.32799,2026.07.02 03:10,1,2026.07.02 03:15,1.32801,1.32765"
310,GBP0629-B162,1617DC1ACCE6B50ED2D1359582A70A8B8503C569623EE90C18C6B33542796207,Tester/logs/20261011.log,1467486,2026-07-07,10:35,B152PR,"MI	0	11:31:42.721	Core 04	2026.07.07 10:35:00   [SRJ-IND] B152PR sym=GBPUSD bar=2026.07.07 10:30 z1=2646,B,1.33597,1.33639,2026.07.06 18:50,1,2026.07.06 18:55,1.33678,1.33636"
311,GBP0629-B162,1617DC1ACCE6B50ED2D1359582A70A8B8503C569623EE90C18C6B33542796207,Tester/logs/20261011.log,1467487,2026-07-07,10:35,B152PR,"MO	0	11:31:42.721	Core 04	2026.07.07 10:35:00   [SRJ-IND] B152PR sym=GBPUSD bar=2026.07.07 10:30 z1=2855,B,1.33747,1.33764,2026.07.06 20:30,1,2026.07.07 09:10,1.33779,1.33747"
312,GBP0629-B162,1617DC1ACCE6B50ED2D1359582A70A8B8503C569623EE90C18C6B33542796207,Tester/logs/20261011.log,1467488,2026-07-07,10:35,B152PR,"RD	0	11:31:42.721	Core 04	2026.07.07 10:35:00   [SRJ-IND] B152PR sym=GBPUSD bar=2026.07.07 10:30 z1=2935,S,1.33918,1.33935,2026.07.07 06:50,1,2026.07.07 07:05,1.33919,1.33901"
313,GBP0629-B162,1617DC1ACCE6B50ED2D1359582A70A8B8503C569623EE90C18C6B33542796207,Tester/logs/20261011.log,1467489,2026-07-07,10:35,B152PR,"HK	0	11:31:42.721	Core 04	2026.07.07 10:35:00   [SRJ-IND] B152PR sym=GBPUSD bar=2026.07.07 10:30 z1=2962,B,1.33748,1.33805,2026.07.07 10:25,1,2026.07.07 10:30,1.33847,1.33788"
314,GBP0629-B162,1617DC1ACCE6B50ED2D1359582A70A8B8503C569623EE90C18C6B33542796207,Tester/logs/20261011.log,1467490,2026-07-07,10:35,B152PR,"LS	0	11:31:42.721	Core 04	2026.07.07 10:35:00   [SRJ-IND] B152PR sym=GBPUSD bar=2026.07.07 10:30 bull=1 bear=1 nz=13"
315,GBP0629-B162,1617DC1ACCE6B50ED2D1359582A70A8B8503C569623EE90C18C6B33542796207,Tester/logs/20261011.log,1467491,2026-07-07,10:35,B162ORIGIN,"JP	0	11:31:42.721	Core 04	2026.07.07 10:35:00   [SRJ-IND] B162ORIGIN sym=GBPUSD bar=2026.07.07 10:30 side=B n=11 origin=2962 range=1.33748-1.33805 formT=2026.07.07 10:00 set=1582,1869,1875,1899,1909,1941,1943,2367,2646,2855,2962"
316,GBP0629-B162,1617DC1ACCE6B50ED2D1359582A70A8B8503C569623EE90C18C6B33542796207,Tester/logs/20261011.log,1467492,2026-07-07,10:35,B162ORIGIN,"CP	0	11:31:42.721	Core 04	2026.07.07 10:35:00   [SRJ-IND] B162ORIGIN sym=GBPUSD bar=2026.07.07 10:30 side=S n=2 origin=2935 range=1.33918-1.33935 formT=2026.07.07 06:30 set=150,2935"
317,GBP0629-B162,1617DC1ACCE6B50ED2D1359582A70A8B8503C569623EE90C18C6B33542796207,Tester/logs/20261011.log,1467499,2026-07-07,10:40,B152PR,"RS	0	11:31:42.721	Core 04	2026.07.07 10:40:00   [SRJ-IND] B152PR sym=GBPUSD bar=2026.07.07 10:35 z1=150,S,1.34395,1.34430,2026.06.15 11:40,1,2026.06.15 17:05,1.34420,1.34363"
318,GBP0629-B162,1617DC1ACCE6B50ED2D1359582A70A8B8503C569623EE90C18C6B33542796207,Tester/logs/20261011.log,1467500,2026-07-07,10:40,B152PR,"GG	0	11:31:42.721	Core 04	2026.07.07 10:40:00   [SRJ-IND] B152PR sym=GBPUSD bar=2026.07.07 10:35 z1=1582,B,1.31711,1.31751,2026.06.25 15:45,1,2026.06.25 15:55,1.31818,1.31739"
319,GBP0629-B162,1617DC1ACCE6B50ED2D1359582A70A8B8503C569623EE90C18C6B33542796207,Tester/logs/20261011.log,1467501,2026-07-07,10:40,B152PR,"CM	0	11:31:42.721	Core 04	2026.07.07 10:40:00   [SRJ-IND] B152PR sym=GBPUSD bar=2026.07.07 10:35 z1=1869,B,1.31919,1.31950,2026.06.29 02:50,1,2026.06.29 03:00,1.32000,1.31935"
320,GBP0629-B162,1617DC1ACCE6B50ED2D1359582A70A8B8503C569623EE90C18C6B33542796207,Tester/logs/20261011.log,1467502,2026-07-07,10:40,B152PR,"JS	0	11:31:42.721	Core 04	2026.07.07 10:40:00   [SRJ-IND] B152PR sym=GBPUSD bar=2026.07.07 10:35 z1=1875,B,1.31936,1.31982,2026.06.29 05:20,1,2026.06.29 06:55,1.32014,1.31979"
321,GBP0629-B162,1617DC1ACCE6B50ED2D1359582A70A8B8503C569623EE90C18C6B33542796207,Tester/logs/20261011.log,1467503,2026-07-07,10:40,B152PR,"HI	0	11:31:42.721	Core 04	2026.07.07 10:40:00   [SRJ-IND] B152PR sym=GBPUSD bar=2026.07.07 10:35 z1=1899,B,1.31967,1.31979,2026.06.29 07:35,1,2026.06.29 07:40,1.31994,1.31978"
322,GBP0629-B162,1617DC1ACCE6B50ED2D1359582A70A8B8503C569623EE90C18C6B33542796207,Tester/logs/20261011.log,1467504,2026-07-07,10:40,B152PR,"MO	0	11:31:42.721	Core 04	2026.07.07 10:40:00   [SRJ-IND] B152PR sym=GBPUSD bar=2026.07.07 10:35 z1=1909,B,1.32024,1.32052,2026.06.29 08:35,1,2026.06.29 11:20,1.32088,1.32041"
323,GBP0629-B162,1617DC1ACCE6B50ED2D1359582A70A8B8503C569623EE90C18C6B33542796207,Tester/logs/20261011.log,1467505,2026-07-07,10:40,B152PR,"LE	0	11:31:42.721	Core 04	2026.07.07 10:40:00   [SRJ-IND] B152PR sym=GBPUSD bar=2026.07.07 10:35 z1=1941,B,1.32111,1.32139,2026.06.29 14:30,1,2026.06.30 15:20,1.32223,1.32125"
324,GBP0629-B162,1617DC1ACCE6B50ED2D1359582A70A8B8503C569623EE90C18C6B33542796207,Tester/logs/20261011.log,1467506,2026-07-07,10:40,B152PR,"DK	0	11:31:42.721	Core 04	2026.07.07 10:40:00   [SRJ-IND] B152PR sym=GBPUSD bar=2026.07.07 10:35 z1=1943,B,1.32097,1.32138,2026.06.29 13:55,1,2026.06.30 15:20,1.32223,1.32125"
325,GBP0629-B162,1617DC1ACCE6B50ED2D1359582A70A8B8503C569623EE90C18C6B33542796207,Tester/logs/20261011.log,1467507,2026-07-07,10:40,B152PR,"MQ	0	11:31:42.721	Core 04	2026.07.07 10:40:00   [SRJ-IND] B152PR sym=GBPUSD bar=2026.07.07 10:35 z1=2367,B,1.32677,1.32799,2026.07.02 03:10,1,2026.07.02 03:15,1.32801,1.32765"
326,GBP0629-B162,1617DC1ACCE6B50ED2D1359582A70A8B8503C569623EE90C18C6B33542796207,Tester/logs/20261011.log,1467508,2026-07-07,10:40,B152PR,"PG	0	11:31:42.721	Core 04	2026.07.07 10:40:00   [SRJ-IND] B152PR sym=GBPUSD bar=2026.07.07 10:35 z1=2646,B,1.33597,1.33639,2026.07.06 18:50,1,2026.07.06 18:55,1.33678,1.33636"
327,GBP0629-B162,1617DC1ACCE6B50ED2D1359582A70A8B8503C569623EE90C18C6B33542796207,Tester/logs/20261011.log,1467509,2026-07-07,10:40,B152PR,"PM	0	11:31:42.721	Core 04	2026.07.07 10:40:00   [SRJ-IND] B152PR sym=GBPUSD bar=2026.07.07 10:35 z1=2855,B,1.33747,1.33764,2026.07.06 20:30,1,2026.07.07 09:10,1.33779,1.33747"
328,GBP0629-B162,1617DC1ACCE6B50ED2D1359582A70A8B8503C569623EE90C18C6B33542796207,Tester/logs/20261011.log,1467510,2026-07-07,10:40,B152PR,"KR	0	11:31:42.721	Core 04	2026.07.07 10:40:00   [SRJ-IND] B152PR sym=GBPUSD bar=2026.07.07 10:35 z1=2935,S,1.33918,1.33935,2026.07.07 06:50,1,2026.07.07 07:05,1.33919,1.33901"
329,GBP0629-B162,1617DC1ACCE6B50ED2D1359582A70A8B8503C569623EE90C18C6B33542796207,Tester/logs/20261011.log,1467511,2026-07-07,10:40,B152PR,"EI	0	11:31:42.721	Core 04	2026.07.07 10:40:00   [SRJ-IND] B152PR sym=GBPUSD bar=2026.07.07 10:35 z1=2962,B,1.33748,1.33805,2026.07.07 10:25,1,2026.07.07 10:30,1.33847,1.33788"
330,GBP0629-B162,1617DC1ACCE6B50ED2D1359582A70A8B8503C569623EE90C18C6B33542796207,Tester/logs/20261011.log,1467512,2026-07-07,10:40,B152PR,"QM	0	11:31:42.721	Core 04	2026.07.07 10:40:00   [SRJ-IND] B152PR sym=GBPUSD bar=2026.07.07 10:35 bull=1 bear=1 nz=13"
331,GBP0629-B162,1617DC1ACCE6B50ED2D1359582A70A8B8503C569623EE90C18C6B33542796207,Tester/logs/20261011.log,1467513,2026-07-07,10:40,B162ORIGIN,"CR	0	11:31:42.721	Core 04	2026.07.07 10:40:00   [SRJ-IND] B162ORIGIN sym=GBPUSD bar=2026.07.07 10:35 side=B n=11 origin=2962 range=1.33748-1.33805 formT=2026.07.07 10:00 set=1582,1869,1875,1899,1909,1941,1943,2367,2646,2855,2962"
332,GBP0629-B162,1617DC1ACCE6B50ED2D1359582A70A8B8503C569623EE90C18C6B33542796207,Tester/logs/20261011.log,1467514,2026-07-07,10:40,B162ORIGIN,"JF	0	11:31:42.721	Core 04	2026.07.07 10:40:00   [SRJ-IND] B162ORIGIN sym=GBPUSD bar=2026.07.07 10:35 side=S n=2 origin=2935 range=1.33918-1.33935 formT=2026.07.07 06:30 set=150,2935"
333,GBP0629-B162,1617DC1ACCE6B50ED2D1359582A70A8B8503C569623EE90C18C6B33542796207,Tester/logs/20261011.log,1467518,2026-07-07,10:40,CQDRECHECK,"RQ	0	11:31:42.721	Core 04	2026.07.07 10:40:00   [SRJ-EA] CQDRECHECK shift=2 passA=2.0 passB=2.0 diff=0 bar=2026.07.07 10:30 state=IDLE dir=NONE divLatch=0 hit1=0 hit2=456 mism=0"
334,GBP0629-B162,1617DC1ACCE6B50ED2D1359582A70A8B8503C569623EE90C18C6B33542796207,Tester/logs/20261011.log,1467523,2026-07-07,10:45,B152PR,"QG	0	11:31:42.721	Core 04	2026.07.07 10:45:00   [SRJ-IND] B152PR sym=GBPUSD bar=2026.07.07 10:40 z1=150,S,1.34395,1.34430,2026.06.15 11:40,1,2026.06.15 17:05,1.34420,1.34363"
335,GBP0629-B162,1617DC1ACCE6B50ED2D1359582A70A8B8503C569623EE90C18C6B33542796207,Tester/logs/20261011.log,1467524,2026-07-07,10:45,B152PR,"DK	0	11:31:42.721	Core 04	2026.07.07 10:45:00   [SRJ-IND] B152PR sym=GBPUSD bar=2026.07.07 10:40 z1=1582,B,1.31711,1.31751,2026.06.25 15:45,1,2026.06.25 15:55,1.31818,1.31739"
336,GBP0629-B162,1617DC1ACCE6B50ED2D1359582A70A8B8503C569623EE90C18C6B33542796207,Tester/logs/20261011.log,1467525,2026-07-07,10:45,B152PR,"HQ	0	11:31:42.721	Core 04	2026.07.07 10:45:00   [SRJ-IND] B152PR sym=GBPUSD bar=2026.07.07 10:40 z1=1869,B,1.31919,1.31950,2026.06.29 02:50,1,2026.06.29 03:00,1.32000,1.31935"
337,GBP0629-B162,1617DC1ACCE6B50ED2D1359582A70A8B8503C569623EE90C18C6B33542796207,Tester/logs/20261011.log,1467526,2026-07-07,10:45,B152PR,"EG	0	11:31:42.721	Core 04	2026.07.07 10:45:00   [SRJ-IND] B152PR sym=GBPUSD bar=2026.07.07 10:40 z1=1875,B,1.31936,1.31982,2026.06.29 05:20,1,2026.06.29 06:55,1.32014,1.31979"
338,GBP0629-B162,1617DC1ACCE6B50ED2D1359582A70A8B8503C569623EE90C18C6B33542796207,Tester/logs/20261011.log,1467527,2026-07-07,10:45,B152PR,"CM	0	11:31:42.721	Core 04	2026.07.07 10:45:00   [SRJ-IND] B152PR sym=GBPUSD bar=2026.07.07 10:40 z1=1899,B,1.31967,1.31979,2026.06.29 07:35,1,2026.06.29 07:40,1.31994,1.31978"
339,GBP0629-B162,1617DC1ACCE6B50ED2D1359582A70A8B8503C569623EE90C18C6B33542796207,Tester/logs/20261011.log,1467528,2026-07-07,10:45,B152PR,"RS	0	11:31:42.721	Core 04	2026.07.07 10:45:00   [SRJ-IND] B152PR sym=GBPUSD bar=2026.07.07 10:40 z1=1909,B,1.32024,1.32052,2026.06.29 08:35,1,2026.06.29 11:20,1.32088,1.32041"
340,GBP0629-B162,1617DC1ACCE6B50ED2D1359582A70A8B8503C569623EE90C18C6B33542796207,Tester/logs/20261011.log,1467529,2026-07-07,10:45,B152PR,"OI	0	11:31:42.721	Core 04	2026.07.07 10:45:00   [SRJ-IND] B152PR sym=GBPUSD bar=2026.07.07 10:40 z1=1941,B,1.32111,1.32139,2026.06.29 14:30,1,2026.06.30 15:20,1.32223,1.32125"
341,GBP0629-B162,1617DC1ACCE6B50ED2D1359582A70A8B8503C569623EE90C18C6B33542796207,Tester/logs/20261011.log,1467530,2026-07-07,10:45,B152PR,"GO	0	11:31:42.721	Core 04	2026.07.07 10:45:00   [SRJ-IND] B152PR sym=GBPUSD bar=2026.07.07 10:40 z1=1943,B,1.32097,1.32138,2026.06.29 13:55,1,2026.06.30 15:20,1.32223,1.32125"
342,GBP0629-B162,1617DC1ACCE6B50ED2D1359582A70A8B8503C569623EE90C18C6B33542796207,Tester/logs/20261011.log,1467531,2026-07-07,10:45,B152PR,"RE	0	11:31:42.721	Core 04	2026.07.07 10:45:00   [SRJ-IND] B152PR sym=GBPUSD bar=2026.07.07 10:40 z1=2367,B,1.32677,1.32799,2026.07.02 03:10,1,2026.07.02 03:15,1.32801,1.32765"
343,GBP0629-B162,1617DC1ACCE6B50ED2D1359582A70A8B8503C569623EE90C18C6B33542796207,Tester/logs/20261011.log,1467532,2026-07-07,10:45,B152PR,"KK	0	11:31:42.721	Core 04	2026.07.07 10:45:00   [SRJ-IND] B152PR sym=GBPUSD bar=2026.07.07 10:40 z1=2646,B,1.33597,1.33639,2026.07.06 18:50,1,2026.07.06 18:55,1.33678,1.33636"
344,GBP0629-B162,1617DC1ACCE6B50ED2D1359582A70A8B8503C569623EE90C18C6B33542796207,Tester/logs/20261011.log,1467533,2026-07-07,10:45,B152PR,"KQ	0	11:31:42.721	Core 04	2026.07.07 10:45:00   [SRJ-IND] B152PR sym=GBPUSD bar=2026.07.07 10:40 z1=2855,B,1.33747,1.33764,2026.07.06 20:30,1,2026.07.07 09:10,1.33779,1.33747"
345,GBP0629-B162,1617DC1ACCE6B50ED2D1359582A70A8B8503C569623EE90C18C6B33542796207,Tester/logs/20261011.log,1467534,2026-07-07,10:45,B152PR,"PF	0	11:31:42.721	Core 04	2026.07.07 10:45:00   [SRJ-IND] B152PR sym=GBPUSD bar=2026.07.07 10:40 z1=2935,S,1.33918,1.33935,2026.07.07 06:50,1,2026.07.07 07:05,1.33919,1.33901"
346,GBP0629-B162,1617DC1ACCE6B50ED2D1359582A70A8B8503C569623EE90C18C6B33542796207,Tester/logs/20261011.log,1467535,2026-07-07,10:45,B152PR,"JM	0	11:31:42.721	Core 04	2026.07.07 10:45:00   [SRJ-IND] B152PR sym=GBPUSD bar=2026.07.07 10:40 z1=2962,B,1.33748,1.33805,2026.07.07 10:25,1,2026.07.07 10:30,1.33847,1.33788"
347,GBP0629-B162,1617DC1ACCE6B50ED2D1359582A70A8B8503C569623EE90C18C6B33542796207,Tester/logs/20261011.log,1467536,2026-07-07,10:45,B152PR,"NQ	0	11:31:42.721	Core 04	2026.07.07 10:45:00   [SRJ-IND] B152PR sym=GBPUSD bar=2026.07.07 10:40 bull=1 bear=1 nz=13"
348,GBP0629-B162,1617DC1ACCE6B50ED2D1359582A70A8B8503C569623EE90C18C6B33542796207,Tester/logs/20261011.log,1467537,2026-07-07,10:45,B162ORIGIN,"HN	0	11:31:42.721	Core 04	2026.07.07 10:45:00   [SRJ-IND] B162ORIGIN sym=GBPUSD bar=2026.07.07 10:40 side=B n=11 origin=2962 range=1.33748-1.33805 formT=2026.07.07 10:00 set=1582,1869,1875,1899,1909,1941,1943,2367,2646,2855,2962"
349,GBP0629-B162,1617DC1ACCE6B50ED2D1359582A70A8B8503C569623EE90C18C6B33542796207,Tester/logs/20261011.log,1467538,2026-07-07,10:45,B162ORIGIN,"ER	0	11:31:42.721	Core 04	2026.07.07 10:45:00   [SRJ-IND] B162ORIGIN sym=GBPUSD bar=2026.07.07 10:40 side=S n=2 origin=2935 range=1.33918-1.33935 formT=2026.07.07 06:30 set=150,2935"
350,GBP0629-B162,1617DC1ACCE6B50ED2D1359582A70A8B8503C569623EE90C18C6B33542796207,Tester/logs/20261011.log,1467543,2026-07-07,10:45,CQDRECHECK,"ME	0	11:31:42.721	Core 04	2026.07.07 10:45:00   [SRJ-EA] CQDRECHECK shift=2 passA=-2.0 passB=-2.0 diff=0 bar=2026.07.07 10:35 state=IDLE dir=NONE divLatch=0 hit1=0 hit2=457 mism=0"
351,GBP0629-B162,1617DC1ACCE6B50ED2D1359582A70A8B8503C569623EE90C18C6B33542796207,Tester/logs/20261011.log,1467548,2026-07-07,10:50,B152PR,"JK	0	11:31:42.721	Core 04	2026.07.07 10:50:00   [SRJ-IND] B152PR sym=GBPUSD bar=2026.07.07 10:45 z1=150,S,1.34395,1.34430,2026.06.15 11:40,1,2026.06.15 17:05,1.34420,1.34363"
352,GBP0629-B162,1617DC1ACCE6B50ED2D1359582A70A8B8503C569623EE90C18C6B33542796207,Tester/logs/20261011.log,1467549,2026-07-07,10:50,B152PR,"KO	0	11:31:42.721	Core 04	2026.07.07 10:50:00   [SRJ-IND] B152PR sym=GBPUSD bar=2026.07.07 10:45 z1=1582,B,1.31711,1.31751,2026.06.25 15:45,1,2026.06.25 15:55,1.31818,1.31739"
353,GBP0629-B162,1617DC1ACCE6B50ED2D1359582A70A8B8503C569623EE90C18C6B33542796207,Tester/logs/20261011.log,1467550,2026-07-07,10:50,B152PR,"OE	0	11:31:42.721	Core 04	2026.07.07 10:50:00   [SRJ-IND] B152PR sym=GBPUSD bar=2026.07.07 10:45 z1=1869,B,1.31919,1.31950,2026.06.29 02:50,1,2026.06.29 03:00,1.32000,1.31935"
354,GBP0629-B162,1617DC1ACCE6B50ED2D1359582A70A8B8503C569623EE90C18C6B33542796207,Tester/logs/20261011.log,1467551,2026-07-07,10:50,B152PR,"NK	0	11:31:42.721	Core 04	2026.07.07 10:50:00   [SRJ-IND] B152PR sym=GBPUSD bar=2026.07.07 10:45 z1=1875,B,1.31936,1.31982,2026.06.29 05:20,1,2026.06.29 06:55,1.32014,1.31979"
355,GBP0629-B162,1617DC1ACCE6B50ED2D1359582A70A8B8503C569623EE90C18C6B33542796207,Tester/logs/20261011.log,1467552,2026-07-07,10:50,B152PR,"LQ	0	11:31:42.721	Core 04	2026.07.07 10:50:00   [SRJ-IND] B152PR sym=GBPUSD bar=2026.07.07 10:45 z1=1899,B,1.31967,1.31979,2026.06.29 07:35,1,2026.06.29 07:40,1.31994,1.31978"
356,GBP0629-B162,1617DC1ACCE6B50ED2D1359582A70A8B8503C569623EE90C18C6B33542796207,Tester/logs/20261011.log,1467553,2026-07-07,10:50,B152PR,"IG	0	11:31:42.721	Core 04	2026.07.07 10:50:00   [SRJ-IND] B152PR sym=GBPUSD bar=2026.07.07 10:45 z1=1909,B,1.32024,1.32052,2026.06.29 08:35,1,2026.06.29 11:20,1.32088,1.32041"
357,GBP0629-B162,1617DC1ACCE6B50ED2D1359582A70A8B8503C569623EE90C18C6B33542796207,Tester/logs/20261011.log,1467554,2026-07-07,10:50,B152PR,"HM	0	11:31:42.721	Core 04	2026.07.07 10:50:00   [SRJ-IND] B152PR sym=GBPUSD bar=2026.07.07 10:45 z1=1941,B,1.32111,1.32139,2026.06.29 14:30,1,2026.06.30 15:20,1.32223,1.32125"
358,GBP0629-B162,1617DC1ACCE6B50ED2D1359582A70A8B8503C569623EE90C18C6B33542796207,Tester/logs/20261011.log,1467555,2026-07-07,10:50,B152PR,"PS	0	11:31:42.721	Core 04	2026.07.07 10:50:00   [SRJ-IND] B152PR sym=GBPUSD bar=2026.07.07 10:45 z1=1943,B,1.32097,1.32138,2026.06.29 13:55,1,2026.06.30 15:20,1.32223,1.32125"
359,GBP0629-B162,1617DC1ACCE6B50ED2D1359582A70A8B8503C569623EE90C18C6B33542796207,Tester/logs/20261011.log,1467556,2026-07-07,10:50,B152PR,"II	0	11:31:42.721	Core 04	2026.07.07 10:50:00   [SRJ-IND] B152PR sym=GBPUSD bar=2026.07.07 10:45 z1=2367,B,1.32677,1.32799,2026.07.02 03:10,1,2026.07.02 03:15,1.32801,1.32765"
360,GBP0629-B162,1617DC1ACCE6B50ED2D1359582A70A8B8503C569623EE90C18C6B33542796207,Tester/logs/20261011.log,1467557,2026-07-07,10:50,B152PR,"DO	0	11:31:42.721	Core 04	2026.07.07 10:50:00   [SRJ-IND] B152PR sym=GBPUSD bar=2026.07.07 10:45 z1=2646,B,1.33597,1.33639,2026.07.06 18:50,1,2026.07.06 18:55,1.33678,1.33636"
361,GBP0629-B162,1617DC1ACCE6B50ED2D1359582A70A8B8503C569623EE90C18C6B33542796207,Tester/logs/20261011.log,1467558,2026-07-07,10:50,B152PR,"DE	0	11:31:42.721	Core 04	2026.07.07 10:50:00   [SRJ-IND] B152PR sym=GBPUSD bar=2026.07.07 10:45 z1=2855,B,1.33747,1.33764,2026.07.06 20:30,1,2026.07.07 09:10,1.33779,1.33747"
362,GBP0629-B162,1617DC1ACCE6B50ED2D1359582A70A8B8503C569623EE90C18C6B33542796207,Tester/logs/20261011.log,1467559,2026-07-07,10:50,B152PR,"GJ	0	11:31:42.721	Core 04	2026.07.07 10:50:00   [SRJ-IND] B152PR sym=GBPUSD bar=2026.07.07 10:45 z1=2935,S,1.33918,1.33935,2026.07.07 06:50,1,2026.07.07 07:05,1.33919,1.33901"
363,GBP0629-B162,1617DC1ACCE6B50ED2D1359582A70A8B8503C569623EE90C18C6B33542796207,Tester/logs/20261011.log,1467560,2026-07-07,10:50,B152PR,"QQ	0	11:31:42.721	Core 04	2026.07.07 10:50:00   [SRJ-IND] B152PR sym=GBPUSD bar=2026.07.07 10:45 z1=2962,B,1.33748,1.33805,2026.07.07 10:25,1,2026.07.07 10:30,1.33847,1.33788"
364,GBP0629-B162,1617DC1ACCE6B50ED2D1359582A70A8B8503C569623EE90C18C6B33542796207,Tester/logs/20261011.log,1467561,2026-07-07,10:50,B152PR,"EE	0	11:31:42.721	Core 04	2026.07.07 10:50:00   [SRJ-IND] B152PR sym=GBPUSD bar=2026.07.07 10:45 bull=1 bear=1 nz=13"
365,GBP0629-B162,1617DC1ACCE6B50ED2D1359582A70A8B8503C569623EE90C18C6B33542796207,Tester/logs/20261011.log,1467562,2026-07-07,10:50,B162ORIGIN,"OI	0	11:31:42.721	Core 04	2026.07.07 10:50:00   [SRJ-IND] B162ORIGIN sym=GBPUSD bar=2026.07.07 10:45 side=B n=11 origin=2962 range=1.33748-1.33805 formT=2026.07.07 10:00 set=1582,1869,1875,1899,1909,1941,1943,2367,2646,2855,2962"
366,GBP0629-B162,1617DC1ACCE6B50ED2D1359582A70A8B8503C569623EE90C18C6B33542796207,Tester/logs/20261011.log,1467563,2026-07-07,10:50,B162ORIGIN,"NO	0	11:31:42.721	Core 04	2026.07.07 10:50:00   [SRJ-IND] B162ORIGIN sym=GBPUSD bar=2026.07.07 10:45 side=S n=2 origin=2935 range=1.33918-1.33935 formT=2026.07.07 06:30 set=150,2935"
367,GBP0629-B162,1617DC1ACCE6B50ED2D1359582A70A8B8503C569623EE90C18C6B33542796207,Tester/logs/20261011.log,1467571,2026-07-07,10:55,B152PR,"GF	0	11:31:42.721	Core 04	2026.07.07 10:55:04   [SRJ-IND] B152PR sym=GBPUSD bar=2026.07.07 10:50 z1=150,S,1.34395,1.34430,2026.06.15 11:40,1,2026.06.15 17:05,1.34420,1.34363"
368,GBP0629-B162,1617DC1ACCE6B50ED2D1359582A70A8B8503C569623EE90C18C6B33542796207,Tester/logs/20261011.log,1467572,2026-07-07,10:55,B152PR,"RJ	0	11:31:42.721	Core 04	2026.07.07 10:55:04   [SRJ-IND] B152PR sym=GBPUSD bar=2026.07.07 10:50 z1=1582,B,1.31711,1.31751,2026.06.25 15:45,1,2026.06.25 15:55,1.31818,1.31739"
369,GBP0629-B162,1617DC1ACCE6B50ED2D1359582A70A8B8503C569623EE90C18C6B33542796207,Tester/logs/20261011.log,1467573,2026-07-07,10:55,B152PR,"NP	0	11:31:42.721	Core 04	2026.07.07 10:55:04   [SRJ-IND] B152PR sym=GBPUSD bar=2026.07.07 10:50 z1=1869,B,1.31919,1.31950,2026.06.29 02:50,1,2026.06.29 03:00,1.32000,1.31935"
370,GBP0629-B162,1617DC1ACCE6B50ED2D1359582A70A8B8503C569623EE90C18C6B33542796207,Tester/logs/20261011.log,1467574,2026-07-07,10:55,B152PR,"OF	0	11:31:42.721	Core 04	2026.07.07 10:55:04   [SRJ-IND] B152PR sym=GBPUSD bar=2026.07.07 10:50 z1=1875,B,1.31936,1.31982,2026.06.29 05:20,1,2026.06.29 06:55,1.32014,1.31979"
371,GBP0629-B162,1617DC1ACCE6B50ED2D1359582A70A8B8503C569623EE90C18C6B33542796207,Tester/logs/20261011.log,1467575,2026-07-07,10:55,B152PR,"QL	0	11:31:42.721	Core 04	2026.07.07 10:55:04   [SRJ-IND] B152PR sym=GBPUSD bar=2026.07.07 10:50 z1=1899,B,1.31967,1.31979,2026.06.29 07:35,1,2026.06.29 07:40,1.31994,1.31978"
372,GBP0629-B162,1617DC1ACCE6B50ED2D1359582A70A8B8503C569623EE90C18C6B33542796207,Tester/logs/20261011.log,1467576,2026-07-07,10:55,B152PR,"DR	0	11:31:42.721	Core 04	2026.07.07 10:55:04   [SRJ-IND] B152PR sym=GBPUSD bar=2026.07.07 10:50 z1=1909,B,1.32024,1.32052,2026.06.29 08:35,1,2026.06.29 11:20,1.32088,1.32041"
373,GBP0629-B162,1617DC1ACCE6B50ED2D1359582A70A8B8503C569623EE90C18C6B33542796207,Tester/logs/20261011.log,1467577,2026-07-07,10:55,B152PR,"EH	0	11:31:42.721	Core 04	2026.07.07 10:55:04   [SRJ-IND] B152PR sym=GBPUSD bar=2026.07.07 10:50 z1=1941,B,1.32111,1.32139,2026.06.29 14:30,1,2026.06.30 15:20,1.32223,1.32125"
374,GBP0629-B162,1617DC1ACCE6B50ED2D1359582A70A8B8503C569623EE90C18C6B33542796207,Tester/logs/20261011.log,1467578,2026-07-07,10:55,B152PR,"MN	0	11:31:42.721	Core 04	2026.07.07 10:55:04   [SRJ-IND] B152PR sym=GBPUSD bar=2026.07.07 10:50 z1=1943,B,1.32097,1.32138,2026.06.29 13:55,1,2026.06.30 15:20,1.32223,1.32125"
375,GBP0629-B162,1617DC1ACCE6B50ED2D1359582A70A8B8503C569623EE90C18C6B33542796207,Tester/logs/20261011.log,1467579,2026-07-07,10:55,B152PR,"DD	0	11:31:42.721	Core 04	2026.07.07 10:55:04   [SRJ-IND] B152PR sym=GBPUSD bar=2026.07.07 10:50 z1=2367,B,1.32677,1.32799,2026.07.02 03:10,1,2026.07.02 03:15,1.32801,1.32765"
376,GBP0629-B162,1617DC1ACCE6B50ED2D1359582A70A8B8503C569623EE90C18C6B33542796207,Tester/logs/20261011.log,1467580,2026-07-07,10:55,B152PR,"IJ	0	11:31:42.721	Core 04	2026.07.07 10:55:04   [SRJ-IND] B152PR sym=GBPUSD bar=2026.07.07 10:50 z1=2646,B,1.33597,1.33639,2026.07.06 18:50,1,2026.07.06 18:55,1.33678,1.33636"
377,GBP0629-B162,1617DC1ACCE6B50ED2D1359582A70A8B8503C569623EE90C18C6B33542796207,Tester/logs/20261011.log,1467581,2026-07-07,10:55,B152PR,"IP	0	11:31:42.721	Core 04	2026.07.07 10:55:04   [SRJ-IND] B152PR sym=GBPUSD bar=2026.07.07 10:50 z1=2855,B,1.33747,1.33764,2026.07.06 20:30,1,2026.07.07 09:10,1.33779,1.33747"
378,GBP0629-B162,1617DC1ACCE6B50ED2D1359582A70A8B8503C569623EE90C18C6B33542796207,Tester/logs/20261011.log,1467582,2026-07-07,10:55,B152PR,"FG	0	11:31:42.721	Core 04	2026.07.07 10:55:04   [SRJ-IND] B152PR sym=GBPUSD bar=2026.07.07 10:50 z1=2935,S,1.33918,1.33935,2026.07.07 06:50,1,2026.07.07 07:05,1.33919,1.33901"
379,GBP0629-B162,1617DC1ACCE6B50ED2D1359582A70A8B8503C569623EE90C18C6B33542796207,Tester/logs/20261011.log,1467583,2026-07-07,10:55,B152PR,"LL	0	11:31:42.721	Core 04	2026.07.07 10:55:04   [SRJ-IND] B152PR sym=GBPUSD bar=2026.07.07 10:50 z1=2962,B,1.33748,1.33805,2026.07.07 10:25,1,2026.07.07 10:30,1.33847,1.33788"
380,GBP0629-B162,1617DC1ACCE6B50ED2D1359582A70A8B8503C569623EE90C18C6B33542796207,Tester/logs/20261011.log,1467584,2026-07-07,10:55,B152PR,"HP	0	11:31:42.721	Core 04	2026.07.07 10:55:04   [SRJ-IND] B152PR sym=GBPUSD bar=2026.07.07 10:50 bull=1 bear=1 nz=13"
381,GBP0629-B162,1617DC1ACCE6B50ED2D1359582A70A8B8503C569623EE90C18C6B33542796207,Tester/logs/20261011.log,1467585,2026-07-07,10:55,B162ORIGIN,"NN	0	11:31:42.721	Core 04	2026.07.07 10:55:04   [SRJ-IND] B162ORIGIN sym=GBPUSD bar=2026.07.07 10:50 side=B n=11 origin=2962 range=1.33748-1.33805 formT=2026.07.07 10:00 set=1582,1869,1875,1899,1909,1941,1943,2367,2646,2855,2962"
382,GBP0629-B162,1617DC1ACCE6B50ED2D1359582A70A8B8503C569623EE90C18C6B33542796207,Tester/logs/20261011.log,1467586,2026-07-07,10:55,B162ORIGIN,"OR	0	11:31:42.721	Core 04	2026.07.07 10:55:04   [SRJ-IND] B162ORIGIN sym=GBPUSD bar=2026.07.07 10:50 side=S n=2 origin=2935 range=1.33918-1.33935 formT=2026.07.07 06:30 set=150,2935"
383,GBP0629-B162,1617DC1ACCE6B50ED2D1359582A70A8B8503C569623EE90C18C6B33542796207,Tester/logs/20261011.log,1467595,2026-07-07,11:00,B152PR,"EN	0	11:31:42.721	Core 04	2026.07.07 11:00:00   [SRJ-IND] B152PR sym=GBPUSD bar=2026.07.07 10:55 z1=150,S,1.34395,1.34430,2026.06.15 11:40,1,2026.06.15 17:05,1.34420,1.34363"
384,GBP0629-B162,1617DC1ACCE6B50ED2D1359582A70A8B8503C569623EE90C18C6B33542796207,Tester/logs/20261011.log,1467596,2026-07-07,11:00,B152PR,"PR	0	11:31:42.721	Core 04	2026.07.07 11:00:00   [SRJ-IND] B152PR sym=GBPUSD bar=2026.07.07 10:55 z1=1582,B,1.31711,1.31751,2026.06.25 15:45,1,2026.06.25 15:55,1.31818,1.31739"
385,GBP0629-B162,1617DC1ACCE6B50ED2D1359582A70A8B8503C569623EE90C18C6B33542796207,Tester/logs/20261011.log,1467597,2026-07-07,11:00,B152PR,"LH	0	11:31:42.721	Core 04	2026.07.07 11:00:00   [SRJ-IND] B152PR sym=GBPUSD bar=2026.07.07 10:55 z1=1869,B,1.31919,1.31950,2026.06.29 02:50,1,2026.06.29 03:00,1.32000,1.31935"
386,GBP0629-B162,1617DC1ACCE6B50ED2D1359582A70A8B8503C569623EE90C18C6B33542796207,Tester/logs/20261011.log,1467598,2026-07-07,11:00,B152PR,"QN	0	11:31:42.721	Core 04	2026.07.07 11:00:00   [SRJ-IND] B152PR sym=GBPUSD bar=2026.07.07 10:55 z1=1875,B,1.31936,1.31982,2026.06.29 05:20,1,2026.06.29 06:55,1.32014,1.31979"
387,GBP0629-B162,1617DC1ACCE6B50ED2D1359582A70A8B8503C569623EE90C18C6B33542796207,Tester/logs/20261011.log,1467599,2026-07-07,11:00,B152PR,"OD	0	11:31:42.721	Core 04	2026.07.07 11:00:00   [SRJ-IND] B152PR sym=GBPUSD bar=2026.07.07 10:55 z1=1899,B,1.31967,1.31979,2026.06.29 07:35,1,2026.06.29 07:40,1.31994,1.31978"
388,GBP0629-B162,1617DC1ACCE6B50ED2D1359582A70A8B8503C569623EE90C18C6B33542796207,Tester/logs/20261011.log,1467600,2026-07-07,11:00,B152PR,"FJ	0	11:31:42.721	Core 04	2026.07.07 11:00:00   [SRJ-IND] B152PR sym=GBPUSD bar=2026.07.07 10:55 z1=1909,B,1.32024,1.32052,2026.06.29 08:35,1,2026.06.29 11:20,1.32088,1.32041"
389,GBP0629-B162,1617DC1ACCE6B50ED2D1359582A70A8B8503C569623EE90C18C6B33542796207,Tester/logs/20261011.log,1467601,2026-07-07,11:00,B152PR,"CP	0	11:31:42.721	Core 04	2026.07.07 11:00:00   [SRJ-IND] B152PR sym=GBPUSD bar=2026.07.07 10:55 z1=1941,B,1.32111,1.32139,2026.06.29 14:30,1,2026.06.30 15:20,1.32223,1.32125"
390,GBP0629-B162,1617DC1ACCE6B50ED2D1359582A70A8B8503C569623EE90C18C6B33542796207,Tester/logs/20261011.log,1467602,2026-07-07,11:00,B152PR,"KF	0	11:31:42.721	Core 04	2026.07.07 11:00:00   [SRJ-IND] B152PR sym=GBPUSD bar=2026.07.07 10:55 z1=1943,B,1.32097,1.32138,2026.06.29 13:55,1,2026.06.30 15:20,1.32223,1.32125"
391,GBP0629-B162,1617DC1ACCE6B50ED2D1359582A70A8B8503C569623EE90C18C6B33542796207,Tester/logs/20261011.log,1467603,2026-07-07,11:00,B152PR,"FL	0	11:31:42.721	Core 04	2026.07.07 11:00:00   [SRJ-IND] B152PR sym=GBPUSD bar=2026.07.07 10:55 z1=2367,B,1.32677,1.32799,2026.07.02 03:10,1,2026.07.02 03:15,1.32801,1.32765"
392,GBP0629-B162,1617DC1ACCE6B50ED2D1359582A70A8B8503C569623EE90C18C6B33542796207,Tester/logs/20261011.log,1467604,2026-07-07,11:00,B152PR,"GR	0	11:31:42.721	Core 04	2026.07.07 11:00:00   [SRJ-IND] B152PR sym=GBPUSD bar=2026.07.07 10:55 z1=2646,B,1.33597,1.33639,2026.07.06 18:50,1,2026.07.06 18:55,1.33678,1.33636"
393,GBP0629-B162,1617DC1ACCE6B50ED2D1359582A70A8B8503C569623EE90C18C6B33542796207,Tester/logs/20261011.log,1467605,2026-07-07,11:00,B152PR,"GH	0	11:31:42.721	Core 04	2026.07.07 11:00:00   [SRJ-IND] B152PR sym=GBPUSD bar=2026.07.07 10:55 z1=2855,B,1.33747,1.33764,2026.07.06 20:30,1,2026.07.07 09:10,1.33779,1.33747"
394,GBP0629-B162,1617DC1ACCE6B50ED2D1359582A70A8B8503C569623EE90C18C6B33542796207,Tester/logs/20261011.log,1467606,2026-07-07,11:00,B152PR,"DO	0	11:31:42.721	Core 04	2026.07.07 11:00:00   [SRJ-IND] B152PR sym=GBPUSD bar=2026.07.07 10:55 z1=2935,S,1.33918,1.33935,2026.07.07 06:50,1,2026.07.07 07:05,1.33919,1.33901"
395,GBP0629-B162,1617DC1ACCE6B50ED2D1359582A70A8B8503C569623EE90C18C6B33542796207,Tester/logs/20261011.log,1467607,2026-07-07,11:00,B152PR,"IF	0	11:31:42.721	Core 04	2026.07.07 11:00:00   [SRJ-IND] B152PR sym=GBPUSD bar=2026.07.07 10:55 bull=1 bear=1 nz=12"
396,GBP0629-B162,1617DC1ACCE6B50ED2D1359582A70A8B8503C569623EE90C18C6B33542796207,Tester/logs/20261011.log,1467608,2026-07-07,11:00,B162ORIGIN,"DN	0	11:31:42.721	Core 04	2026.07.07 11:00:00   [SRJ-IND] B162ORIGIN sym=GBPUSD bar=2026.07.07 10:55 side=B n=10 origin=2855 range=1.33747-1.33764 formT=2026.07.06 19:55 set=1582,1869,1875,1899,1909,1941,1943,2367,2646,2855"
397,GBP0629-B162,1617DC1ACCE6B50ED2D1359582A70A8B8503C569623EE90C18C6B33542796207,Tester/logs/20261011.log,1467609,2026-07-07,11:00,B162ORIGIN,"KS	0	11:31:42.721	Core 04	2026.07.07 11:00:00   [SRJ-IND] B162ORIGIN sym=GBPUSD bar=2026.07.07 10:55 side=S n=2 origin=2935 range=1.33918-1.33935 formT=2026.07.07 06:30 set=150,2935"
398,GBP0629-B162,1617DC1ACCE6B50ED2D1359582A70A8B8503C569623EE90C18C6B33542796207,Tester/logs/20261011.log,1467615,2026-07-07,11:00,CQDRECHECK,"CS	0	11:31:42.721	Core 04	2026.07.07 11:00:00   [SRJ-EA] CQDRECHECK shift=2 passA=1.0 passB=1.0 diff=0 bar=2026.07.07 10:50 state=IDLE dir=NONE divLatch=0 hit1=0 hit2=458 mism=0"
399,GBP0629-B162,1617DC1ACCE6B50ED2D1359582A70A8B8503C569623EE90C18C6B33542796207,Tester/logs/20261011.log,1467621,2026-07-07,11:05,B152PR,"KI	0	11:31:42.721	Core 04	2026.07.07 11:05:19   [SRJ-IND] B152PR sym=GBPUSD bar=2026.07.07 11:00 z1=150,S,1.34395,1.34430,2026.06.15 11:40,1,2026.06.15 17:05,1.34420,1.34363"
400,GBP0629-B162,1617DC1ACCE6B50ED2D1359582A70A8B8503C569623EE90C18C6B33542796207,Tester/logs/20261011.log,1467622,2026-07-07,11:05,B152PR,"FQ	0	11:31:42.721	Core 04	2026.07.07 11:05:19   [SRJ-IND] B152PR sym=GBPUSD bar=2026.07.07 11:00 z1=1582,B,1.31711,1.31751,2026.06.25 15:45,1,2026.06.25 15:55,1.31818,1.31739"
401,GBP0629-B162,1617DC1ACCE6B50ED2D1359582A70A8B8503C569623EE90C18C6B33542796207,Tester/logs/20261011.log,1467623,2026-07-07,11:05,B152PR,"JG	0	11:31:42.721	Core 04	2026.07.07 11:05:19   [SRJ-IND] B152PR sym=GBPUSD bar=2026.07.07 11:00 z1=1869,B,1.31919,1.31950,2026.06.29 02:50,1,2026.06.29 03:00,1.32000,1.31935"
402,GBP0629-B162,1617DC1ACCE6B50ED2D1359582A70A8B8503C569623EE90C18C6B33542796207,Tester/logs/20261011.log,1467624,2026-07-07,11:05,B152PR,"CM	0	11:31:42.721	Core 04	2026.07.07 11:05:19   [SRJ-IND] B152PR sym=GBPUSD bar=2026.07.07 11:00 z1=1875,B,1.31936,1.31982,2026.06.29 05:20,1,2026.06.29 06:55,1.32014,1.31979"
403,GBP0629-B162,1617DC1ACCE6B50ED2D1359582A70A8B8503C569623EE90C18C6B33542796207,Tester/logs/20261011.log,1467625,2026-07-07,11:05,B152PR,"ES	0	11:31:42.721	Core 04	2026.07.07 11:05:19   [SRJ-IND] B152PR sym=GBPUSD bar=2026.07.07 11:00 z1=1899,B,1.31967,1.31979,2026.06.29 07:35,1,2026.06.29 07:40,1.31994,1.31978"
404,GBP0629-B162,1617DC1ACCE6B50ED2D1359582A70A8B8503C569623EE90C18C6B33542796207,Tester/logs/20261011.log,1467626,2026-07-07,11:05,B152PR,"PI	0	11:31:42.721	Core 04	2026.07.07 11:05:19   [SRJ-IND] B152PR sym=GBPUSD bar=2026.07.07 11:00 z1=1909,B,1.32024,1.32052,2026.06.29 08:35,1,2026.06.29 11:20,1.32088,1.32041"
405,GBP0629-B162,1617DC1ACCE6B50ED2D1359582A70A8B8503C569623EE90C18C6B33542796207,Tester/logs/20261011.log,1467627,2026-07-07,11:05,B152PR,"QO	0	11:31:42.721	Core 04	2026.07.07 11:05:19   [SRJ-IND] B152PR sym=GBPUSD bar=2026.07.07 11:00 z1=1941,B,1.32111,1.32139,2026.06.29 14:30,1,2026.06.30 15:20,1.32223,1.32125"
406,GBP0629-B162,1617DC1ACCE6B50ED2D1359582A70A8B8503C569623EE90C18C6B33542796207,Tester/logs/20261011.log,1467628,2026-07-07,11:05,B152PR,"IE	0	11:31:42.721	Core 04	2026.07.07 11:05:19   [SRJ-IND] B152PR sym=GBPUSD bar=2026.07.07 11:00 z1=1943,B,1.32097,1.32138,2026.06.29 13:55,1,2026.06.30 15:20,1.32223,1.32125"
407,GBP0629-B162,1617DC1ACCE6B50ED2D1359582A70A8B8503C569623EE90C18C6B33542796207,Tester/logs/20261011.log,1467629,2026-07-07,11:05,B152PR,"PK	0	11:31:42.721	Core 04	2026.07.07 11:05:19   [SRJ-IND] B152PR sym=GBPUSD bar=2026.07.07 11:00 z1=2367,B,1.32677,1.32799,2026.07.02 03:10,1,2026.07.02 03:15,1.32801,1.32765"
408,GBP0629-B162,1617DC1ACCE6B50ED2D1359582A70A8B8503C569623EE90C18C6B33542796207,Tester/logs/20261011.log,1467630,2026-07-07,11:05,B152PR,"MQ	0	11:31:42.721	Core 04	2026.07.07 11:05:19   [SRJ-IND] B152PR sym=GBPUSD bar=2026.07.07 11:00 z1=2646,B,1.33597,1.33639,2026.07.06 18:50,1,2026.07.06 18:55,1.33678,1.33636"
409,GBP0629-B162,1617DC1ACCE6B50ED2D1359582A70A8B8503C569623EE90C18C6B33542796207,Tester/logs/20261011.log,1467631,2026-07-07,11:05,B152PR,"MG	0	11:31:42.721	Core 04	2026.07.07 11:05:19   [SRJ-IND] B152PR sym=GBPUSD bar=2026.07.07 11:00 z1=2855,B,1.33747,1.33764,2026.07.06 20:30,1,2026.07.07 09:10,1.33779,1.33747"
410,GBP0629-B162,1617DC1ACCE6B50ED2D1359582A70A8B8503C569623EE90C18C6B33542796207,Tester/logs/20261011.log,1467632,2026-07-07,11:05,B152PR,"RL	0	11:31:42.721	Core 04	2026.07.07 11:05:19   [SRJ-IND] B152PR sym=GBPUSD bar=2026.07.07 11:00 z1=2935,S,1.33918,1.33935,2026.07.07 06:50,1,2026.07.07 07:05,1.33919,1.33901"
411,GBP0629-B162,1617DC1ACCE6B50ED2D1359582A70A8B8503C569623EE90C18C6B33542796207,Tester/logs/20261011.log,1467633,2026-07-07,11:05,B152PR,"KQ	0	11:31:42.721	Core 04	2026.07.07 11:05:19   [SRJ-IND] B152PR sym=GBPUSD bar=2026.07.07 11:00 bull=1 bear=1 nz=12"
412,GBP0629-B162,1617DC1ACCE6B50ED2D1359582A70A8B8503C569623EE90C18C6B33542796207,Tester/logs/20261011.log,1467634,2026-07-07,11:05,B162ORIGIN,"RO	0	11:31:42.721	Core 04	2026.07.07 11:05:19   [SRJ-IND] B162ORIGIN sym=GBPUSD bar=2026.07.07 11:00 side=B n=10 origin=2855 range=1.33747-1.33764 formT=2026.07.06 19:55 set=1582,1869,1875,1899,1909,1941,1943,2367,2646,2855"
413,GBP0629-B162,1617DC1ACCE6B50ED2D1359582A70A8B8503C569623EE90C18C6B33542796207,Tester/logs/20261011.log,1467635,2026-07-07,11:05,B162ORIGIN,"MR	0	11:31:42.721	Core 04	2026.07.07 11:05:19   [SRJ-IND] B162ORIGIN sym=GBPUSD bar=2026.07.07 11:00 side=S n=2 origin=2935 range=1.33918-1.33935 formT=2026.07.07 06:30 set=150,2935"
414,GBP0629-B162,1617DC1ACCE6B50ED2D1359582A70A8B8503C569623EE90C18C6B33542796207,Tester/logs/20261011.log,1467640,2026-07-07,11:05,CQDRECHECK,"NR	0	11:31:42.721	Core 04	2026.07.07 11:05:19   [SRJ-EA] CQDRECHECK shift=2 passA=1.0 passB=1.0 diff=0 bar=2026.07.07 10:55 state=IDLE dir=NONE divLatch=0 hit1=0 hit2=459 mism=0"
415,GBP0629-B162,1617DC1ACCE6B50ED2D1359582A70A8B8503C569623EE90C18C6B33542796207,Tester/logs/20261011.log,1467646,2026-07-07,11:10,B152PR,"NM	0	11:31:42.721	Core 04	2026.07.07 11:10:00   [SRJ-IND] B152PR sym=GBPUSD bar=2026.07.07 11:05 z1=150,S,1.34395,1.34430,2026.06.15 11:40,1,2026.06.15 17:05,1.34420,1.34363"
416,GBP0629-B162,1617DC1ACCE6B50ED2D1359582A70A8B8503C569623EE90C18C6B33542796207,Tester/logs/20261011.log,1467647,2026-07-07,11:10,B152PR,"GE	0	11:31:42.721	Core 04	2026.07.07 11:10:00   [SRJ-IND] B152PR sym=GBPUSD bar=2026.07.07 11:05 z1=1582,B,1.31711,1.31751,2026.06.25 15:45,1,2026.06.25 15:55,1.31818,1.31739"
417,GBP0629-B162,1617DC1ACCE6B50ED2D1359582A70A8B8503C569623EE90C18C6B33542796207,Tester/logs/20261011.log,1467648,2026-07-07,11:10,B152PR,"CK	0	11:31:42.721	Core 04	2026.07.07 11:10:00   [SRJ-IND] B152PR sym=GBPUSD bar=2026.07.07 11:05 z1=1869,B,1.31919,1.31950,2026.06.29 02:50,1,2026.06.29 03:00,1.32000,1.31935"
418,GBP0629-B162,1617DC1ACCE6B50ED2D1359582A70A8B8503C569623EE90C18C6B33542796207,Tester/logs/20261011.log,1467649,2026-07-07,11:10,B152PR,"JQ	0	11:31:42.721	Core 04	2026.07.07 11:10:00   [SRJ-IND] B152PR sym=GBPUSD bar=2026.07.07 11:05 z1=1875,B,1.31936,1.31982,2026.06.29 05:20,1,2026.06.29 06:55,1.32014,1.31979"
419,GBP0629-B162,1617DC1ACCE6B50ED2D1359582A70A8B8503C569623EE90C18C6B33542796207,Tester/logs/20261011.log,1467650,2026-07-07,11:10,B152PR,"HG	0	11:31:42.721	Core 04	2026.07.07 11:10:00   [SRJ-IND] B152PR sym=GBPUSD bar=2026.07.07 11:05 z1=1899,B,1.31967,1.31979,2026.06.29 07:35,1,2026.06.29 07:40,1.31994,1.31978"
420,GBP0629-B162,1617DC1ACCE6B50ED2D1359582A70A8B8503C569623EE90C18C6B33542796207,Tester/logs/20261011.log,1467651,2026-07-07,11:10,B152PR,"MM	0	11:31:42.721	Core 04	2026.07.07 11:10:00   [SRJ-IND] B152PR sym=GBPUSD bar=2026.07.07 11:05 z1=1909,B,1.32024,1.32052,2026.06.29 08:35,1,2026.06.29 11:20,1.32088,1.32041"
421,GBP0629-B162,1617DC1ACCE6B50ED2D1359582A70A8B8503C569623EE90C18C6B33542796207,Tester/logs/20261011.log,1467652,2026-07-07,11:10,B152PR,"LS	0	11:31:42.721	Core 04	2026.07.07 11:10:00   [SRJ-IND] B152PR sym=GBPUSD bar=2026.07.07 11:05 z1=1941,B,1.32111,1.32139,2026.06.29 14:30,1,2026.06.30 15:20,1.32223,1.32125"
422,GBP0629-B162,1617DC1ACCE6B50ED2D1359582A70A8B8503C569623EE90C18C6B33542796207,Tester/logs/20261011.log,1467653,2026-07-07,11:10,B152PR,"DI	0	11:31:42.721	Core 04	2026.07.07 11:10:00   [SRJ-IND] B152PR sym=GBPUSD bar=2026.07.07 11:05 z1=1943,B,1.32097,1.32138,2026.06.29 13:55,1,2026.06.30 15:20,1.32223,1.32125"
423,GBP0629-B162,1617DC1ACCE6B50ED2D1359582A70A8B8503C569623EE90C18C6B33542796207,Tester/logs/20261011.log,1467654,2026-07-07,11:10,B152PR,"MO	0	11:31:42.721	Core 04	2026.07.07 11:10:00   [SRJ-IND] B152PR sym=GBPUSD bar=2026.07.07 11:05 z1=2367,B,1.32677,1.32799,2026.07.02 03:10,1,2026.07.02 03:15,1.32801,1.32765"
424,GBP0629-B162,1617DC1ACCE6B50ED2D1359582A70A8B8503C569623EE90C18C6B33542796207,Tester/logs/20261011.log,1467655,2026-07-07,11:10,B152PR,"PE	0	11:31:42.721	Core 04	2026.07.07 11:10:00   [SRJ-IND] B152PR sym=GBPUSD bar=2026.07.07 11:05 z1=2646,B,1.33597,1.33639,2026.07.06 18:50,1,2026.07.06 18:55,1.33678,1.33636"
425,GBP0629-B162,1617DC1ACCE6B50ED2D1359582A70A8B8503C569623EE90C18C6B33542796207,Tester/logs/20261011.log,1467656,2026-07-07,11:10,B152PR,"PK	0	11:31:42.721	Core 04	2026.07.07 11:10:00   [SRJ-IND] B152PR sym=GBPUSD bar=2026.07.07 11:05 z1=2855,B,1.33747,1.33764,2026.07.06 20:30,1,2026.07.07 09:10,1.33779,1.33747"
426,GBP0629-B162,1617DC1ACCE6B50ED2D1359582A70A8B8503C569623EE90C18C6B33542796207,Tester/logs/20261011.log,1467657,2026-07-07,11:10,B152PR,"KP	0	11:31:42.721	Core 04	2026.07.07 11:10:00   [SRJ-IND] B152PR sym=GBPUSD bar=2026.07.07 11:05 z1=2935,S,1.33918,1.33935,2026.07.07 06:50,1,2026.07.07 07:05,1.33919,1.33901"
427,GBP0629-B162,1617DC1ACCE6B50ED2D1359582A70A8B8503C569623EE90C18C6B33542796207,Tester/logs/20261011.log,1467658,2026-07-07,11:10,B152PR,"PF	0	11:31:42.721	Core 04	2026.07.07 11:10:00   [SRJ-IND] B152PR sym=GBPUSD bar=2026.07.07 11:05 z1=2965,S,1.33788,1.33847,2026.07.07 11:00,1,2026.07.07 11:05,1.33808,1.33781"
428,GBP0629-B162,1617DC1ACCE6B50ED2D1359582A70A8B8503C569623EE90C18C6B33542796207,Tester/logs/20261011.log,1467659,2026-07-07,11:10,B152PR,"QO	0	11:31:42.721	Core 04	2026.07.07 11:10:00   [SRJ-IND] B152PR sym=GBPUSD bar=2026.07.07 11:05 bull=1 bear=1 nz=13"
429,GBP0629-B162,1617DC1ACCE6B50ED2D1359582A70A8B8503C569623EE90C18C6B33542796207,Tester/logs/20261011.log,1467660,2026-07-07,11:10,B162ORIGIN,"CQ	0	11:31:42.721	Core 04	2026.07.07 11:10:00   [SRJ-IND] B162ORIGIN sym=GBPUSD bar=2026.07.07 11:05 side=B n=10 origin=2855 range=1.33747-1.33764 formT=2026.07.06 19:55 set=1582,1869,1875,1899,1909,1941,1943,2367,2646,2855"
430,GBP0629-B162,1617DC1ACCE6B50ED2D1359582A70A8B8503C569623EE90C18C6B33542796207,Tester/logs/20261011.log,1467661,2026-07-07,11:10,B162ORIGIN,"PF	0	11:31:42.721	Core 04	2026.07.07 11:10:00   [SRJ-IND] B162ORIGIN sym=GBPUSD bar=2026.07.07 11:05 side=S n=3 origin=2965 range=1.33788-1.33847 formT=2026.07.07 10:30 set=150,2935,2965"
431,GBP0629-B162,1617DC1ACCE6B50ED2D1359582A70A8B8503C569623EE90C18C6B33542796207,Tester/logs/20261011.log,1467670,2026-07-07,11:15,B152PR,"GE	0	11:31:42.721	Core 04	2026.07.07 11:15:00   [SRJ-IND] B152PR sym=GBPUSD bar=2026.07.07 11:10 z1=150,S,1.34395,1.34430,2026.06.15 11:40,1,2026.06.15 17:05,1.34420,1.34363"
432,GBP0629-B162,1617DC1ACCE6B50ED2D1359582A70A8B8503C569623EE90C18C6B33542796207,Tester/logs/20261011.log,1467671,2026-07-07,11:15,B152PR,"JM	0	11:31:42.721	Core 04	2026.07.07 11:15:00   [SRJ-IND] B152PR sym=GBPUSD bar=2026.07.07 11:10 z1=1582,B,1.31711,1.31751,2026.06.25 15:45,1,2026.06.25 15:55,1.31818,1.31739"
433,GBP0629-B162,1617DC1ACCE6B50ED2D1359582A70A8B8503C569623EE90C18C6B33542796207,Tester/logs/20261011.log,1467672,2026-07-07,11:15,B152PR,"FS	0	11:31:42.721	Core 04	2026.07.07 11:15:00   [SRJ-IND] B152PR sym=GBPUSD bar=2026.07.07 11:10 z1=1869,B,1.31919,1.31950,2026.06.29 02:50,1,2026.06.29 03:00,1.32000,1.31935"
434,GBP0629-B162,1617DC1ACCE6B50ED2D1359582A70A8B8503C569623EE90C18C6B33542796207,Tester/logs/20261011.log,1467673,2026-07-07,11:15,B152PR,"GI	0	11:31:42.721	Core 04	2026.07.07 11:15:00   [SRJ-IND] B152PR sym=GBPUSD bar=2026.07.07 11:10 z1=1875,B,1.31936,1.31982,2026.06.29 05:20,1,2026.06.29 06:55,1.32014,1.31979"
435,GBP0629-B162,1617DC1ACCE6B50ED2D1359582A70A8B8503C569623EE90C18C6B33542796207,Tester/logs/20261011.log,1467674,2026-07-07,11:15,B152PR,"IO	0	11:31:42.721	Core 04	2026.07.07 11:15:00   [SRJ-IND] B152PR sym=GBPUSD bar=2026.07.07 11:10 z1=1899,B,1.31967,1.31979,2026.06.29 07:35,1,2026.06.29 07:40,1.31994,1.31978"
436,GBP0629-B162,1617DC1ACCE6B50ED2D1359582A70A8B8503C569623EE90C18C6B33542796207,Tester/logs/20261011.log,1467675,2026-07-07,11:15,B152PR,"LE	0	11:31:42.721	Core 04	2026.07.07 11:15:00   [SRJ-IND] B152PR sym=GBPUSD bar=2026.07.07 11:10 z1=1909,B,1.32024,1.32052,2026.06.29 08:35,1,2026.06.29 11:20,1.32088,1.32041"
437,GBP0629-B162,1617DC1ACCE6B50ED2D1359582A70A8B8503C569623EE90C18C6B33542796207,Tester/logs/20261011.log,1467676,2026-07-07,11:15,B152PR,"MK	0	11:31:42.721	Core 04	2026.07.07 11:15:00   [SRJ-IND] B152PR sym=GBPUSD bar=2026.07.07 11:10 z1=1941,B,1.32111,1.32139,2026.06.29 14:30,1,2026.06.30 15:20,1.32223,1.32125"
438,GBP0629-B162,1617DC1ACCE6B50ED2D1359582A70A8B8503C569623EE90C18C6B33542796207,Tester/logs/20261011.log,1467677,2026-07-07,11:15,B152PR,"EQ	0	11:31:42.721	Core 04	2026.07.07 11:15:00   [SRJ-IND] B152PR sym=GBPUSD bar=2026.07.07 11:10 z1=1943,B,1.32097,1.32138,2026.06.29 13:55,1,2026.06.30 15:20,1.32223,1.32125"
439,GBP0629-B162,1617DC1ACCE6B50ED2D1359582A70A8B8503C569623EE90C18C6B33542796207,Tester/logs/20261011.log,1467678,2026-07-07,11:15,B152PR,"LG	0	11:31:42.721	Core 04	2026.07.07 11:15:00   [SRJ-IND] B152PR sym=GBPUSD bar=2026.07.07 11:10 z1=2367,B,1.32677,1.32799,2026.07.02 03:10,1,2026.07.02 03:15,1.32801,1.32765"
440,GBP0629-B162,1617DC1ACCE6B50ED2D1359582A70A8B8503C569623EE90C18C6B33542796207,Tester/logs/20261011.log,1467679,2026-07-07,11:15,B152PR,"QM	0	11:31:42.721	Core 04	2026.07.07 11:15:00   [SRJ-IND] B152PR sym=GBPUSD bar=2026.07.07 11:10 z1=2646,B,1.33597,1.33639,2026.07.06 18:50,1,2026.07.06 18:55,1.33678,1.33636"
441,GBP0629-B162,1617DC1ACCE6B50ED2D1359582A70A8B8503C569623EE90C18C6B33542796207,Tester/logs/20261011.log,1467680,2026-07-07,11:15,B152PR,"QS	0	11:31:42.721	Core 04	2026.07.07 11:15:00   [SRJ-IND] B152PR sym=GBPUSD bar=2026.07.07 11:10 z1=2855,B,1.33747,1.33764,2026.07.06 20:30,1,2026.07.07 09:10,1.33779,1.33747"
442,GBP0629-B162,1617DC1ACCE6B50ED2D1359582A70A8B8503C569623EE90C18C6B33542796207,Tester/logs/20261011.log,1467681,2026-07-07,11:15,B152PR,"NH	0	11:31:42.721	Core 04	2026.07.07 11:15:00   [SRJ-IND] B152PR sym=GBPUSD bar=2026.07.07 11:10 z1=2935,S,1.33918,1.33935,2026.07.07 06:50,1,2026.07.07 07:05,1.33919,1.33901"
443,GBP0629-B162,1617DC1ACCE6B50ED2D1359582A70A8B8503C569623EE90C18C6B33542796207,Tester/logs/20261011.log,1467682,2026-07-07,11:15,B152PR,"OM	0	11:31:42.721	Core 04	2026.07.07 11:15:00   [SRJ-IND] B152PR sym=GBPUSD bar=2026.07.07 11:10 bull=1 bear=1 nz=12"
444,GBP0629-B162,1617DC1ACCE6B50ED2D1359582A70A8B8503C569623EE90C18C6B33542796207,Tester/logs/20261011.log,1467683,2026-07-07,11:15,B162ORIGIN,"FS	0	11:31:42.721	Core 04	2026.07.07 11:15:00   [SRJ-IND] B162ORIGIN sym=GBPUSD bar=2026.07.07 11:10 side=B n=10 origin=2855 range=1.33747-1.33764 formT=2026.07.06 19:55 set=1582,1869,1875,1899,1909,1941,1943,2367,2646,2855"
445,GBP0629-B162,1617DC1ACCE6B50ED2D1359582A70A8B8503C569623EE90C18C6B33542796207,Tester/logs/20261011.log,1467684,2026-07-07,11:15,B162ORIGIN,"QF	0	11:31:42.721	Core 04	2026.07.07 11:15:00   [SRJ-IND] B162ORIGIN sym=GBPUSD bar=2026.07.07 11:10 side=S n=2 origin=2935 range=1.33918-1.33935 formT=2026.07.07 06:30 set=150,2935"
446,GBP0629-B162,1617DC1ACCE6B50ED2D1359582A70A8B8503C569623EE90C18C6B33542796207,Tester/logs/20261011.log,1467693,2026-07-07,11:20,B152PR,"EE	0	11:31:42.721	Core 04	2026.07.07 11:20:01   [SRJ-IND] B152PR sym=GBPUSD bar=2026.07.07 11:15 z1=150,S,1.34395,1.34430,2026.06.15 11:40,1,2026.06.15 17:05,1.34420,1.34363"
447,GBP0629-B162,1617DC1ACCE6B50ED2D1359582A70A8B8503C569623EE90C18C6B33542796207,Tester/logs/20261011.log,1467694,2026-07-07,11:20,B152PR,"LM	0	11:31:42.721	Core 04	2026.07.07 11:20:01   [SRJ-IND] B152PR sym=GBPUSD bar=2026.07.07 11:15 z1=1582,B,1.31711,1.31751,2026.06.25 15:45,1,2026.06.25 15:55,1.31818,1.31739"
448,GBP0629-B162,1617DC1ACCE6B50ED2D1359582A70A8B8503C569623EE90C18C6B33542796207,Tester/logs/20261011.log,1467695,2026-07-07,11:20,B152PR,"PS	0	11:31:42.721	Core 04	2026.07.07 11:20:01   [SRJ-IND] B152PR sym=GBPUSD bar=2026.07.07 11:15 z1=1869,B,1.31919,1.31950,2026.06.29 02:50,1,2026.06.29 03:00,1.32000,1.31935"
449,GBP0629-B162,1617DC1ACCE6B50ED2D1359582A70A8B8503C569623EE90C18C6B33542796207,Tester/logs/20261011.log,1467696,2026-07-07,11:20,B152PR,"MI	0	11:31:42.721	Core 04	2026.07.07 11:20:01   [SRJ-IND] B152PR sym=GBPUSD bar=2026.07.07 11:15 z1=1875,B,1.31936,1.31982,2026.06.29 05:20,1,2026.06.29 06:55,1.32014,1.31979"
450,GBP0629-B162,1617DC1ACCE6B50ED2D1359582A70A8B8503C569623EE90C18C6B33542796207,Tester/logs/20261011.log,1467697,2026-07-07,11:20,B152PR,"KO	0	11:31:42.721	Core 04	2026.07.07 11:20:01   [SRJ-IND] B152PR sym=GBPUSD bar=2026.07.07 11:15 z1=1899,B,1.31967,1.31979,2026.06.29 07:35,1,2026.06.29 07:40,1.31994,1.31978"
451,GBP0629-B162,1617DC1ACCE6B50ED2D1359582A70A8B8503C569623EE90C18C6B33542796207,Tester/logs/20261011.log,1467698,2026-07-07,11:20,B152PR,"JE	0	11:31:42.721	Core 04	2026.07.07 11:20:01   [SRJ-IND] B152PR sym=GBPUSD bar=2026.07.07 11:15 z1=1909,B,1.32024,1.32052,2026.06.29 08:35,1,2026.06.29 11:20,1.32088,1.32041"
452,GBP0629-B162,1617DC1ACCE6B50ED2D1359582A70A8B8503C569623EE90C18C6B33542796207,Tester/logs/20261011.log,1467699,2026-07-07,11:20,B152PR,"GK	0	11:31:42.721	Core 04	2026.07.07 11:20:01   [SRJ-IND] B152PR sym=GBPUSD bar=2026.07.07 11:15 z1=1941,B,1.32111,1.32139,2026.06.29 14:30,1,2026.06.30 15:20,1.32223,1.32125"
453,GBP0629-B162,1617DC1ACCE6B50ED2D1359582A70A8B8503C569623EE90C18C6B33542796207,Tester/logs/20261011.log,1467700,2026-07-07,11:20,B152PR,"OQ	0	11:31:42.721	Core 04	2026.07.07 11:20:01   [SRJ-IND] B152PR sym=GBPUSD bar=2026.07.07 11:15 z1=1943,B,1.32097,1.32138,2026.06.29 13:55,1,2026.06.30 15:20,1.32223,1.32125"
454,GBP0629-B162,1617DC1ACCE6B50ED2D1359582A70A8B8503C569623EE90C18C6B33542796207,Tester/logs/20261011.log,1467701,2026-07-07,11:20,B152PR,"JG	0	11:31:42.721	Core 04	2026.07.07 11:20:01   [SRJ-IND] B152PR sym=GBPUSD bar=2026.07.07 11:15 z1=2367,B,1.32677,1.32799,2026.07.02 03:10,1,2026.07.02 03:15,1.32801,1.32765"
455,GBP0629-B162,1617DC1ACCE6B50ED2D1359582A70A8B8503C569623EE90C18C6B33542796207,Tester/logs/20261011.log,1467702,2026-07-07,11:20,B152PR,"CM	0	11:31:42.721	Core 04	2026.07.07 11:20:01   [SRJ-IND] B152PR sym=GBPUSD bar=2026.07.07 11:15 z1=2646,B,1.33597,1.33639,2026.07.06 18:50,1,2026.07.06 18:55,1.33678,1.33636"
456,GBP0629-B162,1617DC1ACCE6B50ED2D1359582A70A8B8503C569623EE90C18C6B33542796207,Tester/logs/20261011.log,1467703,2026-07-07,11:20,B152PR,"CS	0	11:31:42.721	Core 04	2026.07.07 11:20:01   [SRJ-IND] B152PR sym=GBPUSD bar=2026.07.07 11:15 z1=2855,B,1.33747,1.33764,2026.07.06 20:30,1,2026.07.07 09:10,1.33779,1.33747"
457,GBP0629-B162,1617DC1ACCE6B50ED2D1359582A70A8B8503C569623EE90C18C6B33542796207,Tester/logs/20261011.log,1467704,2026-07-07,11:20,B152PR,"HH	0	11:31:42.721	Core 04	2026.07.07 11:20:01   [SRJ-IND] B152PR sym=GBPUSD bar=2026.07.07 11:15 z1=2935,S,1.33918,1.33935,2026.07.07 06:50,1,2026.07.07 07:05,1.33919,1.33901"
458,GBP0629-B162,1617DC1ACCE6B50ED2D1359582A70A8B8503C569623EE90C18C6B33542796207,Tester/logs/20261011.log,1467705,2026-07-07,11:20,B152PR,"EM	0	11:31:42.721	Core 04	2026.07.07 11:20:01   [SRJ-IND] B152PR sym=GBPUSD bar=2026.07.07 11:15 bull=1 bear=1 nz=12"
459,GBP0629-B162,1617DC1ACCE6B50ED2D1359582A70A8B8503C569623EE90C18C6B33542796207,Tester/logs/20261011.log,1467706,2026-07-07,11:20,B162ORIGIN,"HS	0	11:31:42.721	Core 04	2026.07.07 11:20:01   [SRJ-IND] B162ORIGIN sym=GBPUSD bar=2026.07.07 11:15 side=B n=10 origin=2855 range=1.33747-1.33764 formT=2026.07.06 19:55 set=1582,1869,1875,1899,1909,1941,1943,2367,2646,2855"
460,GBP0629-B162,1617DC1ACCE6B50ED2D1359582A70A8B8503C569623EE90C18C6B33542796207,Tester/logs/20261011.log,1467707,2026-07-07,11:20,B162ORIGIN,"CF	0	11:31:42.721	Core 04	2026.07.07 11:20:01   [SRJ-IND] B162ORIGIN sym=GBPUSD bar=2026.07.07 11:15 side=S n=2 origin=2935 range=1.33918-1.33935 formT=2026.07.07 06:30 set=150,2935"
461,GBP0629-B162,1617DC1ACCE6B50ED2D1359582A70A8B8503C569623EE90C18C6B33542796207,Tester/logs/20261011.log,1467715,2026-07-07,11:25,B152PR,"ON	0	11:31:42.721	Core 04	2026.07.07 11:25:00   [SRJ-IND] B152PR sym=GBPUSD bar=2026.07.07 11:20 z1=150,S,1.34395,1.34430,2026.06.15 11:40,1,2026.06.15 17:05,1.34420,1.34363"
462,GBP0629-B162,1617DC1ACCE6B50ED2D1359582A70A8B8503C569623EE90C18C6B33542796207,Tester/logs/20261011.log,1467716,2026-07-07,11:25,B152PR,"RQ	0	11:31:42.721	Core 04	2026.07.07 11:25:00   [SRJ-IND] B152PR sym=GBPUSD bar=2026.07.07 11:20 z1=1582,B,1.31711,1.31751,2026.06.25 15:45,1,2026.06.25 15:55,1.31818,1.31739"
463,GBP0629-B162,1617DC1ACCE6B50ED2D1359582A70A8B8503C569623EE90C18C6B33542796207,Tester/logs/20261011.log,1467717,2026-07-07,11:25,B152PR,"NG	0	11:31:42.721	Core 04	2026.07.07 11:25:00   [SRJ-IND] B152PR sym=GBPUSD bar=2026.07.07 11:20 z1=1869,B,1.31919,1.31950,2026.06.29 02:50,1,2026.06.29 03:00,1.32000,1.31935"
464,GBP0629-B162,1617DC1ACCE6B50ED2D1359582A70A8B8503C569623EE90C18C6B33542796207,Tester/logs/20261011.log,1467718,2026-07-07,11:25,B152PR,"OM	0	11:31:42.721	Core 04	2026.07.07 11:25:00   [SRJ-IND] B152PR sym=GBPUSD bar=2026.07.07 11:20 z1=1875,B,1.31936,1.31982,2026.06.29 05:20,1,2026.06.29 06:55,1.32014,1.31979"
465,GBP0629-B162,1617DC1ACCE6B50ED2D1359582A70A8B8503C569623EE90C18C6B33542796207,Tester/logs/20261011.log,1467719,2026-07-07,11:25,B152PR,"QS	0	11:31:42.721	Core 04	2026.07.07 11:25:00   [SRJ-IND] B152PR sym=GBPUSD bar=2026.07.07 11:20 z1=1899,B,1.31967,1.31979,2026.06.29 07:35,1,2026.06.29 07:40,1.31994,1.31978"
466,GBP0629-B162,1617DC1ACCE6B50ED2D1359582A70A8B8503C569623EE90C18C6B33542796207,Tester/logs/20261011.log,1467720,2026-07-07,11:25,B152PR,"DI	0	11:31:42.721	Core 04	2026.07.07 11:25:00   [SRJ-IND] B152PR sym=GBPUSD bar=2026.07.07 11:20 z1=1909,B,1.32024,1.32052,2026.06.29 08:35,1,2026.06.29 11:20,1.32088,1.32041"
467,GBP0629-B162,1617DC1ACCE6B50ED2D1359582A70A8B8503C569623EE90C18C6B33542796207,Tester/logs/20261011.log,1467721,2026-07-07,11:25,B152PR,"EO	0	11:31:42.721	Core 04	2026.07.07 11:25:00   [SRJ-IND] B152PR sym=GBPUSD bar=2026.07.07 11:20 z1=1941,B,1.32111,1.32139,2026.06.29 14:30,1,2026.06.30 15:20,1.32223,1.32125"
468,GBP0629-B162,1617DC1ACCE6B50ED2D1359582A70A8B8503C569623EE90C18C6B33542796207,Tester/logs/20261011.log,1467722,2026-07-07,11:25,B152PR,"ME	0	11:31:42.721	Core 04	2026.07.07 11:25:00   [SRJ-IND] B152PR sym=GBPUSD bar=2026.07.07 11:20 z1=1943,B,1.32097,1.32138,2026.06.29 13:55,1,2026.06.30 15:20,1.32223,1.32125"
469,GBP0629-B162,1617DC1ACCE6B50ED2D1359582A70A8B8503C569623EE90C18C6B33542796207,Tester/logs/20261011.log,1467723,2026-07-07,11:25,B152PR,"DK	0	11:31:42.721	Core 04	2026.07.07 11:25:00   [SRJ-IND] B152PR sym=GBPUSD bar=2026.07.07 11:20 z1=2367,B,1.32677,1.32799,2026.07.02 03:10,1,2026.07.02 03:15,1.32801,1.32765"
470,GBP0629-B162,1617DC1ACCE6B50ED2D1359582A70A8B8503C569623EE90C18C6B33542796207,Tester/logs/20261011.log,1467724,2026-07-07,11:25,B152PR,"IQ	0	11:31:42.721	Core 04	2026.07.07 11:25:00   [SRJ-IND] B152PR sym=GBPUSD bar=2026.07.07 11:20 z1=2646,B,1.33597,1.33639,2026.07.06 18:50,1,2026.07.06 18:55,1.33678,1.33636"
471,GBP0629-B162,1617DC1ACCE6B50ED2D1359582A70A8B8503C569623EE90C18C6B33542796207,Tester/logs/20261011.log,1467725,2026-07-07,11:25,B152PR,"IG	0	11:31:42.721	Core 04	2026.07.07 11:25:00   [SRJ-IND] B152PR sym=GBPUSD bar=2026.07.07 11:20 z1=2855,B,1.33747,1.33764,2026.07.06 20:30,1,2026.07.07 09:10,1.33779,1.33747"
472,GBP0629-B162,1617DC1ACCE6B50ED2D1359582A70A8B8503C569623EE90C18C6B33542796207,Tester/logs/20261011.log,1467726,2026-07-07,11:25,B152PR,"FL	0	11:31:42.721	Core 04	2026.07.07 11:25:00   [SRJ-IND] B152PR sym=GBPUSD bar=2026.07.07 11:20 z1=2935,S,1.33918,1.33935,2026.07.07 06:50,1,2026.07.07 07:05,1.33919,1.33901"
473,GBP0629-B162,1617DC1ACCE6B50ED2D1359582A70A8B8503C569623EE90C18C6B33542796207,Tester/logs/20261011.log,1467727,2026-07-07,11:25,B152PR,"KR	0	11:31:42.721	Core 04	2026.07.07 11:25:00   [SRJ-IND] B152PR sym=GBPUSD bar=2026.07.07 11:20 z1=2940,S,1.33896,1.33927,2026.07.07 10:10,1,2026.07.07 11:20,1.33907,1.33823"
474,GBP0629-B162,1617DC1ACCE6B50ED2D1359582A70A8B8503C569623EE90C18C6B33542796207,Tester/logs/20261011.log,1467728,2026-07-07,11:25,B152PR,"HK	0	11:31:42.721	Core 04	2026.07.07 11:25:00   [SRJ-IND] B152PR sym=GBPUSD bar=2026.07.07 11:20 bull=1 bear=1 nz=13"
475,GBP0629-B162,1617DC1ACCE6B50ED2D1359582A70A8B8503C569623EE90C18C6B33542796207,Tester/logs/20261011.log,1467729,2026-07-07,11:25,B162ORIGIN,"NE	0	11:31:42.721	Core 04	2026.07.07 11:25:00   [SRJ-IND] B162ORIGIN sym=GBPUSD bar=2026.07.07 11:20 side=B n=10 origin=2855 range=1.33747-1.33764 formT=2026.07.06 19:55 set=1582,1869,1875,1899,1909,1941,1943,2367,2646,2855"
476,GBP0629-B162,1617DC1ACCE6B50ED2D1359582A70A8B8503C569623EE90C18C6B33542796207,Tester/logs/20261011.log,1467730,2026-07-07,11:25,B162ORIGIN,"FJ	0	11:31:42.721	Core 04	2026.07.07 11:25:00   [SRJ-IND] B162ORIGIN sym=GBPUSD bar=2026.07.07 11:20 side=S n=3 origin=2940 range=1.33896-1.33927 formT=2026.07.07 07:30 set=150,2935,2940"
477,GBP0629-B162,1617DC1ACCE6B50ED2D1359582A70A8B8503C569623EE90C18C6B33542796207,Tester/logs/20261011.log,1467737,2026-07-07,11:25,CONFIRMPOLL,"PE	0	11:31:42.721	Core 04	2026.07.07 11:25:00   [SRJ-EA] CONFIRMPOLL bar=2026.07.07 11:20 anchor=Daily-POC dir=SHORT oppCandle=0 bodyDir=0 body=60pts doji=0 touchAttr=0 confirm=0 shadow=true"
478,GBP0629-B162,1617DC1ACCE6B50ED2D1359582A70A8B8503C569623EE90C18C6B33542796207,Tester/logs/20261011.log,1467739,2026-07-07,11:25,STATE,"DF	0	11:31:42.721	Core 04	2026.07.07 11:25:00   [SRJ-EA] 2026.07.07 11:25:00 STATE IDLE->S1_REGIME dir=SHORT poi=Daily-POC"
479,GBP0629-B162,1617DC1ACCE6B50ED2D1359582A70A8B8503C569623EE90C18C6B33542796207,Tester/logs/20261011.log,1467740,2026-07-07,11:25,ANCHOR_ELECT,"JF	0	11:31:42.721	Core 04	2026.07.07 11:25:00   [SRJ-EA] ANCHOR_ELECT bar=2026.07.07 11:20 action=SEED poi=Daily-POC rank=10 tier=5 dir=SHORT"
480,GBP0629-B162,1617DC1ACCE6B50ED2D1359582A70A8B8503C569623EE90C18C6B33542796207,Tester/logs/20261011.log,1467752,2026-07-07,11:30,B152PR,"HR	0	11:31:42.721	Core 04	2026.07.07 11:30:00   [SRJ-IND] B152PR sym=GBPUSD bar=2026.07.07 11:25 z1=150,S,1.34395,1.34430,2026.06.15 11:40,1,2026.06.15 17:05,1.34420,1.34363"
481,GBP0629-B162,1617DC1ACCE6B50ED2D1359582A70A8B8503C569623EE90C18C6B33542796207,Tester/logs/20261011.log,1467753,2026-07-07,11:30,B152PR,"IF	0	11:31:42.721	Core 04	2026.07.07 11:30:00   [SRJ-IND] B152PR sym=GBPUSD bar=2026.07.07 11:25 z1=1582,B,1.31711,1.31751,2026.06.25 15:45,1,2026.06.25 15:55,1.31818,1.31739"
482,GBP0629-B162,1617DC1ACCE6B50ED2D1359582A70A8B8503C569623EE90C18C6B33542796207,Tester/logs/20261011.log,1467754,2026-07-07,11:30,B152PR,"EL	0	11:31:42.721	Core 04	2026.07.07 11:30:00   [SRJ-IND] B152PR sym=GBPUSD bar=2026.07.07 11:25 z1=1869,B,1.31919,1.31950,2026.06.29 02:50,1,2026.06.29 03:00,1.32000,1.31935"
483,GBP0629-B162,1617DC1ACCE6B50ED2D1359582A70A8B8503C569623EE90C18C6B33542796207,Tester/logs/20261011.log,1467755,2026-07-07,11:30,B152PR,"HR	0	11:31:42.721	Core 04	2026.07.07 11:30:00   [SRJ-IND] B152PR sym=GBPUSD bar=2026.07.07 11:25 z1=1875,B,1.31936,1.31982,2026.06.29 05:20,1,2026.06.29 06:55,1.32014,1.31979"
484,GBP0629-B162,1617DC1ACCE6B50ED2D1359582A70A8B8503C569623EE90C18C6B33542796207,Tester/logs/20261011.log,1467756,2026-07-07,11:30,B152PR,"JH	0	11:31:42.721	Core 04	2026.07.07 11:30:00   [SRJ-IND] B152PR sym=GBPUSD bar=2026.07.07 11:25 z1=1899,B,1.31967,1.31979,2026.06.29 07:35,1,2026.06.29 07:40,1.31994,1.31978"
485,GBP0629-B162,1617DC1ACCE6B50ED2D1359582A70A8B8503C569623EE90C18C6B33542796207,Tester/logs/20261011.log,1467757,2026-07-07,11:30,B152PR,"KN	0	11:31:42.721	Core 04	2026.07.07 11:30:00   [SRJ-IND] B152PR sym=GBPUSD bar=2026.07.07 11:25 z1=1909,B,1.32024,1.32052,2026.06.29 08:35,1,2026.06.29 11:20,1.32088,1.32041"
486,GBP0629-B162,1617DC1ACCE6B50ED2D1359582A70A8B8503C569623EE90C18C6B33542796207,Tester/logs/20261011.log,1467758,2026-07-07,11:30,B152PR,"ND	0	11:31:42.721	Core 04	2026.07.07 11:30:00   [SRJ-IND] B152PR sym=GBPUSD bar=2026.07.07 11:25 z1=1941,B,1.32111,1.32139,2026.06.29 14:30,1,2026.06.30 15:20,1.32223,1.32125"
487,GBP0629-B162,1617DC1ACCE6B50ED2D1359582A70A8B8503C569623EE90C18C6B33542796207,Tester/logs/20261011.log,1467759,2026-07-07,11:30,B152PR,"FJ	0	11:31:42.721	Core 04	2026.07.07 11:30:00   [SRJ-IND] B152PR sym=GBPUSD bar=2026.07.07 11:25 z1=1943,B,1.32097,1.32138,2026.06.29 13:55,1,2026.06.30 15:20,1.32223,1.32125"
488,GBP0629-B162,1617DC1ACCE6B50ED2D1359582A70A8B8503C569623EE90C18C6B33542796207,Tester/logs/20261011.log,1467760,2026-07-07,11:30,B152PR,"KP	0	11:31:42.721	Core 04	2026.07.07 11:30:00   [SRJ-IND] B152PR sym=GBPUSD bar=2026.07.07 11:25 z1=2367,B,1.32677,1.32799,2026.07.02 03:10,1,2026.07.02 03:15,1.32801,1.32765"
489,GBP0629-B162,1617DC1ACCE6B50ED2D1359582A70A8B8503C569623EE90C18C6B33542796207,Tester/logs/20261011.log,1467761,2026-07-07,11:30,B152PR,"RF	0	11:31:42.721	Core 04	2026.07.07 11:30:00   [SRJ-IND] B152PR sym=GBPUSD bar=2026.07.07 11:25 z1=2646,B,1.33597,1.33639,2026.07.06 18:50,1,2026.07.06 18:55,1.33678,1.33636"
490,GBP0629-B162,1617DC1ACCE6B50ED2D1359582A70A8B8503C569623EE90C18C6B33542796207,Tester/logs/20261011.log,1467762,2026-07-07,11:30,B152PR,"RL	0	11:31:42.721	Core 04	2026.07.07 11:30:00   [SRJ-IND] B152PR sym=GBPUSD bar=2026.07.07 11:25 z1=2855,B,1.33747,1.33764,2026.07.06 20:30,1,2026.07.07 09:10,1.33779,1.33747"
491,GBP0629-B162,1617DC1ACCE6B50ED2D1359582A70A8B8503C569623EE90C18C6B33542796207,Tester/logs/20261011.log,1467763,2026-07-07,11:30,B152PR,"MS	0	11:31:42.721	Core 04	2026.07.07 11:30:00   [SRJ-IND] B152PR sym=GBPUSD bar=2026.07.07 11:25 z1=2935,S,1.33918,1.33935,2026.07.07 06:50,1,2026.07.07 07:05,1.33919,1.33901"
492,GBP0629-B162,1617DC1ACCE6B50ED2D1359582A70A8B8503C569623EE90C18C6B33542796207,Tester/logs/20261011.log,1467764,2026-07-07,11:30,B152PR,"DI	0	11:31:42.721	Core 04	2026.07.07 11:30:00   [SRJ-IND] B152PR sym=GBPUSD bar=2026.07.07 11:25 z1=2940,S,1.33896,1.33927,2026.07.07 10:10,1,2026.07.07 11:20,1.33907,1.33823"
493,GBP0629-B162,1617DC1ACCE6B50ED2D1359582A70A8B8503C569623EE90C18C6B33542796207,Tester/logs/20261011.log,1467765,2026-07-07,11:30,B152PR,"OL	0	11:31:42.721	Core 04	2026.07.07 11:30:00   [SRJ-IND] B152PR sym=GBPUSD bar=2026.07.07 11:25 bull=1 bear=1 nz=13"
494,GBP0629-B162,1617DC1ACCE6B50ED2D1359582A70A8B8503C569623EE90C18C6B33542796207,Tester/logs/20261011.log,1467766,2026-07-07,11:30,B162ORIGIN,"EP	0	11:31:42.721	Core 04	2026.07.07 11:30:00   [SRJ-IND] B162ORIGIN sym=GBPUSD bar=2026.07.07 11:25 side=B n=10 origin=2855 range=1.33747-1.33764 formT=2026.07.06 19:55 set=1582,1869,1875,1899,1909,1941,1943,2367,2646,2855"
495,GBP0629-B162,1617DC1ACCE6B50ED2D1359582A70A8B8503C569623EE90C18C6B33542796207,Tester/logs/20261011.log,1467767,2026-07-07,11:30,B162ORIGIN,"MG	0	11:31:42.721	Core 04	2026.07.07 11:30:00   [SRJ-IND] B162ORIGIN sym=GBPUSD bar=2026.07.07 11:25 side=S n=3 origin=2940 range=1.33896-1.33927 formT=2026.07.07 07:30 set=150,2935,2940"
496,GBP0629-B162,1617DC1ACCE6B50ED2D1359582A70A8B8503C569623EE90C18C6B33542796207,Tester/logs/20261011.log,1467780,2026-07-07,11:30,CONFIRMPOLL,"LP	0	11:31:42.721	Core 04	2026.07.07 11:30:00   [SRJ-EA] CONFIRMPOLL bar=2026.07.07 11:25 anchor=Daily-VWAP dir=LONG oppCandle=0 bodyDir=1 body=3pts doji=0 touchAttr=1 confirm=0 shadow=true"
497,GBP0629-B162,1617DC1ACCE6B50ED2D1359582A70A8B8503C569623EE90C18C6B33542796207,Tester/logs/20261011.log,1467782,2026-07-07,11:30,STATE,"RD	0	11:31:42.721	Core 04	2026.07.07 11:30:00   [SRJ-EA] 2026.07.07 11:30:00 STATE S1_REGIME->S2_LTF_ALIGN dir=LONG poi=Daily-VWAP"
498,GBP0629-B162,1617DC1ACCE6B50ED2D1359582A70A8B8503C569623EE90C18C6B33542796207,Tester/logs/20261011.log,1467783,2026-07-07,11:30,STATE,"QJ	0	11:31:42.721	Core 04	2026.07.07 11:30:00   [SRJ-EA] 2026.07.07 11:30:00 STATE S2_LTF_ALIGN->S3_ZONE_WAIT dir=LONG poi=Daily-VWAP"
499,GBP0629-B162,1617DC1ACCE6B50ED2D1359582A70A8B8503C569623EE90C18C6B33542796207,Tester/logs/20261011.log,1467787,2026-07-07,11:30,XOBPROMO,"OL	0	11:31:42.721	Core 04	2026.07.07 11:30:00   [SRJ-EA] XOBPROMO bar=2026.07.07 11:25 site=S3PICK xobId=2855 raw=1783369800.0 promoT=2026.07.06 20:30"
500,GBP0629-B162,1617DC1ACCE6B50ED2D1359582A70A8B8503C569623EE90C18C6B33542796207,Tester/logs/20261011.log,1467788,2026-07-07,11:30,ZONEPICK,"DS	0	11:31:42.721	Core 04	2026.07.07 11:30:00   [SRJ-EA] ZONEPICK bar=2026.07.07 11:25 dir=LONG haveFvg=0 fvgInPlay=0 haveXob=1 xobInPlay=0 downgraded=0 fvg=--- xob=1.33747-1.33764"
501,GBP0629-B162,1617DC1ACCE6B50ED2D1359582A70A8B8503C569623EE90C18C6B33542796207,Tester/logs/20261011.log,1467793,2026-07-07,11:30,SWINGPICK,"EG	0	11:31:42.721	Core 04	2026.07.07 11:30:00   [SRJ-EA] SWINGPICK site=S3ARM dir=LONG barShift=1 close=1.33891 haveHigh=1 SH=1.33907 atShift=1 haveLow=1 SL=1.33768 atShift=5"
502,GBP0629-B162,1617DC1ACCE6B50ED2D1359582A70A8B8503C569623EE90C18C6B33542796207,Tester/logs/20261011.log,1467794,2026-07-07,11:30,SLSRC,"OD	0	11:31:42.721	Core 04	2026.07.07 11:30:00   [SRJ-EA] SLSRC site=S3ARM dir=LONG src=OB_SWING obStruct=1.33747 obSwing=1.33746 nearest=1.33768 chosen=1.33746 deltaPts=1"
503,GBP0629-B162,1617DC1ACCE6B50ED2D1359582A70A8B8503C569623EE90C18C6B33542796207,Tester/logs/20261011.log,1467795,2026-07-07,11:30,SL_REF,"RS	0	11:31:42.721	Core 04	2026.07.07 11:30:00   [SRJ-EA] SL_REF branch=1-swing obValid=1 slRef=1.33746 distPts=145 site=S3ARM zoneLo=0.00000 zoneHi=0.00000"
504,GBP0629-B162,1617DC1ACCE6B50ED2D1359582A70A8B8503C569623EE90C18C6B33542796207,Tester/logs/20261011.log,1467803,2026-07-07,11:30,INPLAYCOMMIT,"FP	0	11:31:42.721	Core 04	2026.07.07 11:30:00   [SRJ-EA] INPLAYCOMMIT bar=2026.07.07 11:25 dir=LONG zoneSrc=XOB zoneLo=1.33747 zoneHi=1.33764 promoT=2026.07.06 20:30 applied=1 bounded=1 scanned=185 swings=37 hits=3 firstShift=17 firstVal=1.33748 commitVia=SWING legacy=0 legacyVia=none committed=1 changed=1 haveStop=1"
505,GBP0629-B162,1617DC1ACCE6B50ED2D1359582A70A8B8503C569623EE90C18C6B33542796207,Tester/logs/20261011.log,1467804,2026-07-07,11:30,STATE,"HI	0	11:31:42.721	Core 04	2026.07.07 11:30:00   [SRJ-EA] 2026.07.07 11:30:00 STATE S3_ZONE_WAIT->S4_ARMED dir=LONG poi=Daily-VWAP"
506,GBP0629-B162,1617DC1ACCE6B50ED2D1359582A70A8B8503C569623EE90C18C6B33542796207,Tester/logs/20261011.log,1467814,2026-07-07,11:35,B152PR,"CI	0	11:31:42.721	Core 04	2026.07.07 11:35:00   [SRJ-IND] B152PR sym=GBPUSD bar=2026.07.07 11:30 z1=150,S,1.34395,1.34430,2026.06.15 11:40,1,2026.06.15 17:05,1.34420,1.34363"
507,GBP0629-B162,1617DC1ACCE6B50ED2D1359582A70A8B8503C569623EE90C18C6B33542796207,Tester/logs/20261011.log,1467815,2026-07-07,11:35,B152PR,"NQ	0	11:31:42.721	Core 04	2026.07.07 11:35:00   [SRJ-IND] B152PR sym=GBPUSD bar=2026.07.07 11:30 z1=1582,B,1.31711,1.31751,2026.06.25 15:45,1,2026.06.25 15:55,1.31818,1.31739"
508,GBP0629-B162,1617DC1ACCE6B50ED2D1359582A70A8B8503C569623EE90C18C6B33542796207,Tester/logs/20261011.log,1467816,2026-07-07,11:35,B152PR,"RG	0	11:31:42.721	Core 04	2026.07.07 11:35:00   [SRJ-IND] B152PR sym=GBPUSD bar=2026.07.07 11:30 z1=1869,B,1.31919,1.31950,2026.06.29 02:50,1,2026.06.29 03:00,1.32000,1.31935"
509,GBP0629-B162,1617DC1ACCE6B50ED2D1359582A70A8B8503C569623EE90C18C6B33542796207,Tester/logs/20261011.log,1467817,2026-07-07,11:35,B152PR,"KM	0	11:31:42.721	Core 04	2026.07.07 11:35:00   [SRJ-IND] B152PR sym=GBPUSD bar=2026.07.07 11:30 z1=1875,B,1.31936,1.31982,2026.06.29 05:20,1,2026.06.29 06:55,1.32014,1.31979"
510,GBP0629-B162,1617DC1ACCE6B50ED2D1359582A70A8B8503C569623EE90C18C6B33542796207,Tester/logs/20261011.log,1467818,2026-07-07,11:35,B152PR,"MS	0	11:31:42.721	Core 04	2026.07.07 11:35:00   [SRJ-IND] B152PR sym=GBPUSD bar=2026.07.07 11:30 z1=1899,B,1.31967,1.31979,2026.06.29 07:35,1,2026.06.29 07:40,1.31994,1.31978"
511,GBP0629-B162,1617DC1ACCE6B50ED2D1359582A70A8B8503C569623EE90C18C6B33542796207,Tester/logs/20261011.log,1467819,2026-07-07,11:35,B152PR,"HI	0	11:31:42.721	Core 04	2026.07.07 11:35:00   [SRJ-IND] B152PR sym=GBPUSD bar=2026.07.07 11:30 z1=1909,B,1.32024,1.32052,2026.06.29 08:35,1,2026.06.29 11:20,1.32088,1.32041"
512,GBP0629-B162,1617DC1ACCE6B50ED2D1359582A70A8B8503C569623EE90C18C6B33542796207,Tester/logs/20261011.log,1467820,2026-07-07,11:35,B152PR,"IO	0	11:31:42.721	Core 04	2026.07.07 11:35:00   [SRJ-IND] B152PR sym=GBPUSD bar=2026.07.07 11:30 z1=1941,B,1.32111,1.32139,2026.06.29 14:30,1,2026.06.30 15:20,1.32223,1.32125"
513,GBP0629-B162,1617DC1ACCE6B50ED2D1359582A70A8B8503C569623EE90C18C6B33542796207,Tester/logs/20261011.log,1467821,2026-07-07,11:35,B152PR,"QE	0	11:31:42.721	Core 04	2026.07.07 11:35:00   [SRJ-IND] B152PR sym=GBPUSD bar=2026.07.07 11:30 z1=1943,B,1.32097,1.32138,2026.06.29 13:55,1,2026.06.30 15:20,1.32223,1.32125"
514,GBP0629-B162,1617DC1ACCE6B50ED2D1359582A70A8B8503C569623EE90C18C6B33542796207,Tester/logs/20261011.log,1467822,2026-07-07,11:35,B152PR,"HK	0	11:31:42.721	Core 04	2026.07.07 11:35:00   [SRJ-IND] B152PR sym=GBPUSD bar=2026.07.07 11:30 z1=2367,B,1.32677,1.32799,2026.07.02 03:10,1,2026.07.02 03:15,1.32801,1.32765"
515,GBP0629-B162,1617DC1ACCE6B50ED2D1359582A70A8B8503C569623EE90C18C6B33542796207,Tester/logs/20261011.log,1467823,2026-07-07,11:35,B152PR,"EQ	0	11:31:42.721	Core 04	2026.07.07 11:35:00   [SRJ-IND] B152PR sym=GBPUSD bar=2026.07.07 11:30 z1=2646,B,1.33597,1.33639,2026.07.06 18:50,1,2026.07.06 18:55,1.33678,1.33636"
516,GBP0629-B162,1617DC1ACCE6B50ED2D1359582A70A8B8503C569623EE90C18C6B33542796207,Tester/logs/20261011.log,1467824,2026-07-07,11:35,B152PR,"EG	0	11:31:42.721	Core 04	2026.07.07 11:35:00   [SRJ-IND] B152PR sym=GBPUSD bar=2026.07.07 11:30 z1=2855,B,1.33747,1.33764,2026.07.06 20:30,1,2026.07.07 09:10,1.33779,1.33747"
517,GBP0629-B162,1617DC1ACCE6B50ED2D1359582A70A8B8503C569623EE90C18C6B33542796207,Tester/logs/20261011.log,1467825,2026-07-07,11:35,B152PR,"JL	0	11:31:42.721	Core 04	2026.07.07 11:35:00   [SRJ-IND] B152PR sym=GBPUSD bar=2026.07.07 11:30 z1=2935,S,1.33918,1.33935,2026.07.07 06:50,1,2026.07.07 07:05,1.33919,1.33901"
518,GBP0629-B162,1617DC1ACCE6B50ED2D1359582A70A8B8503C569623EE90C18C6B33542796207,Tester/logs/20261011.log,1467826,2026-07-07,11:35,B152PR,"QR	0	11:31:42.721	Core 04	2026.07.07 11:35:00   [SRJ-IND] B152PR sym=GBPUSD bar=2026.07.07 11:30 z1=2938,S,1.33908,1.33929,2026.07.07 08:00,1,2026.07.07 11:30,1.33913,1.33891"
519,GBP0629-B162,1617DC1ACCE6B50ED2D1359582A70A8B8503C569623EE90C18C6B33542796207,Tester/logs/20261011.log,1467827,2026-07-07,11:35,B152PR,"OH	0	11:31:42.721	Core 04	2026.07.07 11:35:00   [SRJ-IND] B152PR sym=GBPUSD bar=2026.07.07 11:30 z1=2940,S,1.33896,1.33927,2026.07.07 10:10,1,2026.07.07 11:20,1.33907,1.33823"
520,GBP0629-B162,1617DC1ACCE6B50ED2D1359582A70A8B8503C569623EE90C18C6B33542796207,Tester/logs/20261011.log,1467828,2026-07-07,11:35,B152PR,"IM	0	11:31:42.721	Core 04	2026.07.07 11:35:00   [SRJ-IND] B152PR sym=GBPUSD bar=2026.07.07 11:30 bull=1 bear=1 nz=14"
521,GBP0629-B162,1617DC1ACCE6B50ED2D1359582A70A8B8503C569623EE90C18C6B33542796207,Tester/logs/20261011.log,1467829,2026-07-07,11:35,B162ORIGIN,"JS	0	11:31:42.721	Core 04	2026.07.07 11:35:00   [SRJ-IND] B162ORIGIN sym=GBPUSD bar=2026.07.07 11:30 side=B n=10 origin=2855 range=1.33747-1.33764 formT=2026.07.06 19:55 set=1582,1869,1875,1899,1909,1941,1943,2367,2646,2855"
522,GBP0629-B162,1617DC1ACCE6B50ED2D1359582A70A8B8503C569623EE90C18C6B33542796207,Tester/logs/20261011.log,1467830,2026-07-07,11:35,B162ORIGIN,"OF	0	11:31:42.721	Core 04	2026.07.07 11:35:00   [SRJ-IND] B162ORIGIN sym=GBPUSD bar=2026.07.07 11:30 side=S n=4 origin=2940 range=1.33896-1.33927 formT=2026.07.07 07:30 set=150,2935,2938,2940"
523,GBP0629-B162,1617DC1ACCE6B50ED2D1359582A70A8B8503C569623EE90C18C6B33542796207,Tester/logs/20261011.log,1467961,2026-07-07,11:35,SWINGPICK,"PF	0	11:31:42.721	Core 04	2026.07.07 11:35:00   [SRJ-EA] SWINGPICK site=S2POLL dir=LONG barShift=1 close=1.33899 haveHigh=1 SH=1.33907 atShift=2 haveLow=1 SL=1.33768 atShift=6"
524,GBP0629-B162,1617DC1ACCE6B50ED2D1359582A70A8B8503C569623EE90C18C6B33542796207,Tester/logs/20261011.log,1467962,2026-07-07,11:35,SLSRC,"LM	0	11:31:42.721	Core 04	2026.07.07 11:35:00   [SRJ-EA] SLSRC site=S2POLL dir=LONG src=OB_SWING obStruct=1.33747 obSwing=1.33746 nearest=1.33768 chosen=1.33746 deltaPts=1"
525,GBP0629-B162,1617DC1ACCE6B50ED2D1359582A70A8B8503C569623EE90C18C6B33542796207,Tester/logs/20261011.log,1467963,2026-07-07,11:35,SL_REF,"MJ	0	11:31:42.721	Core 04	2026.07.07 11:35:00   [SRJ-EA] SL_REF branch=1-swing obValid=1 slRef=1.33746 distPts=153 site=S2POLL zoneLo=1.33747 zoneHi=1.33764"
526,GBP0629-B162,1617DC1ACCE6B50ED2D1359582A70A8B8503C569623EE90C18C6B33542796207,Tester/logs/20261011.log,1467979,2026-07-07,11:35,CONFIRMPOLL,"OI	0	11:31:42.721	Core 04	2026.07.07 11:35:00   [SRJ-EA] CONFIRMPOLL bar=2026.07.07 11:30 anchor=Daily-VWAP dir=LONG oppCandle=0 bodyDir=1 body=7pts doji=0 touchAttr=1 confirm=0 shadow=true"
527,GBP0629-B162,1617DC1ACCE6B50ED2D1359582A70A8B8503C569623EE90C18C6B33542796207,Tester/logs/20261011.log,1467987,2026-07-07,11:40,B152PR,"FD	0	11:31:42.721	Core 04	2026.07.07 11:40:00   [SRJ-IND] B152PR sym=GBPUSD bar=2026.07.07 11:35 z1=150,S,1.34395,1.34430,2026.06.15 11:40,1,2026.06.15 17:05,1.34420,1.34363"
528,GBP0629-B162,1617DC1ACCE6B50ED2D1359582A70A8B8503C569623EE90C18C6B33542796207,Tester/logs/20261011.log,1467988,2026-07-07,11:40,B152PR,"CL	0	11:31:42.721	Core 04	2026.07.07 11:40:00   [SRJ-IND] B152PR sym=GBPUSD bar=2026.07.07 11:35 z1=1582,B,1.31711,1.31751,2026.06.25 15:45,1,2026.06.25 15:55,1.31818,1.31739"
529,GBP0629-B162,1617DC1ACCE6B50ED2D1359582A70A8B8503C569623EE90C18C6B33542796207,Tester/logs/20261011.log,1467989,2026-07-07,11:40,B152PR,"GR	0	11:31:42.721	Core 04	2026.07.07 11:40:00   [SRJ-IND] B152PR sym=GBPUSD bar=2026.07.07 11:35 z1=1869,B,1.31919,1.31950,2026.06.29 02:50,1,2026.06.29 03:00,1.32000,1.31935"
530,GBP0629-B162,1617DC1ACCE6B50ED2D1359582A70A8B8503C569623EE90C18C6B33542796207,Tester/logs/20261011.log,1467990,2026-07-07,11:40,B152PR,"FH	0	11:31:42.721	Core 04	2026.07.07 11:40:00   [SRJ-IND] B152PR sym=GBPUSD bar=2026.07.07 11:35 z1=1875,B,1.31936,1.31982,2026.06.29 05:20,1,2026.06.29 06:55,1.32014,1.31979"
531,GBP0629-B162,1617DC1ACCE6B50ED2D1359582A70A8B8503C569623EE90C18C6B33542796207,Tester/logs/20261011.log,1467991,2026-07-07,11:40,B152PR,"DN	0	11:31:42.721	Core 04	2026.07.07 11:40:00   [SRJ-IND] B152PR sym=GBPUSD bar=2026.07.07 11:35 z1=1899,B,1.31967,1.31979,2026.06.29 07:35,1,2026.06.29 07:40,1.31994,1.31978"
532,GBP0629-B162,1617DC1ACCE6B50ED2D1359582A70A8B8503C569623EE90C18C6B33542796207,Tester/logs/20261011.log,1467992,2026-07-07,11:40,B152PR,"QD	0	11:31:42.721	Core 04	2026.07.07 11:40:00   [SRJ-IND] B152PR sym=GBPUSD bar=2026.07.07 11:35 z1=1909,B,1.32024,1.32052,2026.06.29 08:35,1,2026.06.29 11:20,1.32088,1.32041"
533,GBP0629-B162,1617DC1ACCE6B50ED2D1359582A70A8B8503C569623EE90C18C6B33542796207,Tester/logs/20261011.log,1467993,2026-07-07,11:40,B152PR,"PJ	0	11:31:42.721	Core 04	2026.07.07 11:40:00   [SRJ-IND] B152PR sym=GBPUSD bar=2026.07.07 11:35 z1=1941,B,1.32111,1.32139,2026.06.29 14:30,1,2026.06.30 15:20,1.32223,1.32125"
534,GBP0629-B162,1617DC1ACCE6B50ED2D1359582A70A8B8503C569623EE90C18C6B33542796207,Tester/logs/20261011.log,1467994,2026-07-07,11:40,B152PR,"HP	0	11:31:42.721	Core 04	2026.07.07 11:40:00   [SRJ-IND] B152PR sym=GBPUSD bar=2026.07.07 11:35 z1=1943,B,1.32097,1.32138,2026.06.29 13:55,1,2026.06.30 15:20,1.32223,1.32125"
535,GBP0629-B162,1617DC1ACCE6B50ED2D1359582A70A8B8503C569623EE90C18C6B33542796207,Tester/logs/20261011.log,1467995,2026-07-07,11:40,B152PR,"QF	0	11:31:42.721	Core 04	2026.07.07 11:40:00   [SRJ-IND] B152PR sym=GBPUSD bar=2026.07.07 11:35 z1=2367,B,1.32677,1.32799,2026.07.02 03:10,1,2026.07.02 03:15,1.32801,1.32765"
536,GBP0629-B162,1617DC1ACCE6B50ED2D1359582A70A8B8503C569623EE90C18C6B33542796207,Tester/logs/20261011.log,1467996,2026-07-07,11:40,B152PR,"LL	0	11:31:42.721	Core 04	2026.07.07 11:40:00   [SRJ-IND] B152PR sym=GBPUSD bar=2026.07.07 11:35 z1=2646,B,1.33597,1.33639,2026.07.06 18:50,1,2026.07.06 18:55,1.33678,1.33636"
537,GBP0629-B162,1617DC1ACCE6B50ED2D1359582A70A8B8503C569623EE90C18C6B33542796207,Tester/logs/20261011.log,1467997,2026-07-07,11:40,B152PR,"LR	0	11:31:42.721	Core 04	2026.07.07 11:40:00   [SRJ-IND] B152PR sym=GBPUSD bar=2026.07.07 11:35 z1=2855,B,1.33747,1.33764,2026.07.06 20:30,1,2026.07.07 09:10,1.33779,1.33747"
538,GBP0629-B162,1617DC1ACCE6B50ED2D1359582A70A8B8503C569623EE90C18C6B33542796207,Tester/logs/20261011.log,1467998,2026-07-07,11:40,B152PR,"OI	0	11:31:42.721	Core 04	2026.07.07 11:40:00   [SRJ-IND] B152PR sym=GBPUSD bar=2026.07.07 11:35 z1=2935,S,1.33918,1.33935,2026.07.07 06:50,1,2026.07.07 07:05,1.33919,1.33901"
539,GBP0629-B162,1617DC1ACCE6B50ED2D1359582A70A8B8503C569623EE90C18C6B33542796207,Tester/logs/20261011.log,1467999,2026-07-07,11:40,B152PR,"HO	0	11:31:42.721	Core 04	2026.07.07 11:40:00   [SRJ-IND] B152PR sym=GBPUSD bar=2026.07.07 11:35 z1=2938,S,1.33908,1.33929,2026.07.07 08:00,1,2026.07.07 11:30,1.33913,1.33891"
540,GBP0629-B162,1617DC1ACCE6B50ED2D1359582A70A8B8503C569623EE90C18C6B33542796207,Tester/logs/20261011.log,1468000,2026-07-07,11:40,B152PR,"JE	0	11:31:42.721	Core 04	2026.07.07 11:40:00   [SRJ-IND] B152PR sym=GBPUSD bar=2026.07.07 11:35 z1=2940,S,1.33896,1.33927,2026.07.07 10:10,1,2026.07.07 11:20,1.33907,1.33823"
541,GBP0629-B162,1617DC1ACCE6B50ED2D1359582A70A8B8503C569623EE90C18C6B33542796207,Tester/logs/20261011.log,1468001,2026-07-07,11:40,B152PR,"PH	0	11:31:42.721	Core 04	2026.07.07 11:40:00   [SRJ-IND] B152PR sym=GBPUSD bar=2026.07.07 11:35 bull=1 bear=1 nz=14"
542,GBP0629-B162,1617DC1ACCE6B50ED2D1359582A70A8B8503C569623EE90C18C6B33542796207,Tester/logs/20261011.log,1468002,2026-07-07,11:40,B162ORIGIN,"GD	0	11:31:42.721	Core 04	2026.07.07 11:40:00   [SRJ-IND] B162ORIGIN sym=GBPUSD bar=2026.07.07 11:35 side=B n=10 origin=2855 range=1.33747-1.33764 formT=2026.07.06 19:55 set=1582,1869,1875,1899,1909,1941,1943,2367,2646,2855"
543,GBP0629-B162,1617DC1ACCE6B50ED2D1359582A70A8B8503C569623EE90C18C6B33542796207,Tester/logs/20261011.log,1468003,2026-07-07,11:40,B162ORIGIN,"JI	0	11:31:42.721	Core 04	2026.07.07 11:40:00   [SRJ-IND] B162ORIGIN sym=GBPUSD bar=2026.07.07 11:35 side=S n=4 origin=2940 range=1.33896-1.33927 formT=2026.07.07 07:30 set=150,2935,2938,2940"
544,GBP0629-B162,1617DC1ACCE6B50ED2D1359582A70A8B8503C569623EE90C18C6B33542796207,Tester/logs/20261011.log,1468133,2026-07-07,11:40,SWINGPICK,"MF	0	11:31:42.721	Core 04	2026.07.07 11:40:00   [SRJ-EA] SWINGPICK site=S2POLL dir=LONG barShift=1 close=1.33908 haveHigh=1 SH=1.33907 atShift=3 haveLow=1 SL=1.33768 atShift=7"
545,GBP0629-B162,1617DC1ACCE6B50ED2D1359582A70A8B8503C569623EE90C18C6B33542796207,Tester/logs/20261011.log,1468134,2026-07-07,11:40,SLSRC,"JM	0	11:31:42.721	Core 04	2026.07.07 11:40:00   [SRJ-EA] SLSRC site=S2POLL dir=LONG src=OB_SWING obStruct=1.33747 obSwing=1.33746 nearest=1.33768 chosen=1.33746 deltaPts=1"
546,GBP0629-B162,1617DC1ACCE6B50ED2D1359582A70A8B8503C569623EE90C18C6B33542796207,Tester/logs/20261011.log,1468135,2026-07-07,11:40,SL_REF,"QJ	0	11:31:42.721	Core 04	2026.07.07 11:40:00   [SRJ-EA] SL_REF branch=1-swing obValid=1 slRef=1.33746 distPts=162 site=S2POLL zoneLo=1.33747 zoneHi=1.33764"
547,GBP0629-B162,1617DC1ACCE6B50ED2D1359582A70A8B8503C569623EE90C18C6B33542796207,Tester/logs/20261011.log,1468154,2026-07-07,11:40,CONFIRMPOLL,"JO	0	11:31:42.721	Core 04	2026.07.07 11:40:00   [SRJ-EA] CONFIRMPOLL bar=2026.07.07 11:35 anchor=Daily-VWAP dir=LONG oppCandle=0 bodyDir=1 body=8pts doji=0 touchAttr=0 confirm=0 shadow=true"
548,GBP0629-B162,1617DC1ACCE6B50ED2D1359582A70A8B8503C569623EE90C18C6B33542796207,Tester/logs/20261011.log,1468162,2026-07-07,11:45,B152PR,"CE	0	11:31:42.721	Core 04	2026.07.07 11:45:00   [SRJ-IND] B152PR sym=GBPUSD bar=2026.07.07 11:40 z1=150,S,1.34395,1.34430,2026.06.15 11:40,1,2026.06.15 17:05,1.34420,1.34363"
549,GBP0629-B162,1617DC1ACCE6B50ED2D1359582A70A8B8503C569623EE90C18C6B33542796207,Tester/logs/20261011.log,1468163,2026-07-07,11:45,B152PR,"NM	0	11:31:42.721	Core 04	2026.07.07 11:45:00   [SRJ-IND] B152PR sym=GBPUSD bar=2026.07.07 11:40 z1=1582,B,1.31711,1.31751,2026.06.25 15:45,1,2026.06.25 15:55,1.31818,1.31739"
550,GBP0629-B162,1617DC1ACCE6B50ED2D1359582A70A8B8503C569623EE90C18C6B33542796207,Tester/logs/20261011.log,1468164,2026-07-07,11:45,B152PR,"RS	0	11:31:42.721	Core 04	2026.07.07 11:45:00   [SRJ-IND] B152PR sym=GBPUSD bar=2026.07.07 11:40 z1=1869,B,1.31919,1.31950,2026.06.29 02:50,1,2026.06.29 03:00,1.32000,1.31935"
551,GBP0629-B162,1617DC1ACCE6B50ED2D1359582A70A8B8503C569623EE90C18C6B33542796207,Tester/logs/20261011.log,1468165,2026-07-07,11:45,B152PR,"KI	0	11:31:42.721	Core 04	2026.07.07 11:45:00   [SRJ-IND] B152PR sym=GBPUSD bar=2026.07.07 11:40 z1=1875,B,1.31936,1.31982,2026.06.29 05:20,1,2026.06.29 06:55,1.32014,1.31979"
552,GBP0629-B162,1617DC1ACCE6B50ED2D1359582A70A8B8503C569623EE90C18C6B33542796207,Tester/logs/20261011.log,1468166,2026-07-07,11:45,B152PR,"MO	0	11:31:42.721	Core 04	2026.07.07 11:45:00   [SRJ-IND] B152PR sym=GBPUSD bar=2026.07.07 11:40 z1=1899,B,1.31967,1.31979,2026.06.29 07:35,1,2026.06.29 07:40,1.31994,1.31978"
553,GBP0629-B162,1617DC1ACCE6B50ED2D1359582A70A8B8503C569623EE90C18C6B33542796207,Tester/logs/20261011.log,1468167,2026-07-07,11:45,B152PR,"HE	0	11:31:42.721	Core 04	2026.07.07 11:45:00   [SRJ-IND] B152PR sym=GBPUSD bar=2026.07.07 11:40 z1=1909,B,1.32024,1.32052,2026.06.29 08:35,1,2026.06.29 11:20,1.32088,1.32041"
554,GBP0629-B162,1617DC1ACCE6B50ED2D1359582A70A8B8503C569623EE90C18C6B33542796207,Tester/logs/20261011.log,1468168,2026-07-07,11:45,B152PR,"IK	0	11:31:42.721	Core 04	2026.07.07 11:45:00   [SRJ-IND] B152PR sym=GBPUSD bar=2026.07.07 11:40 z1=1941,B,1.32111,1.32139,2026.06.29 14:30,1,2026.06.30 15:20,1.32223,1.32125"
555,GBP0629-B162,1617DC1ACCE6B50ED2D1359582A70A8B8503C569623EE90C18C6B33542796207,Tester/logs/20261011.log,1468169,2026-07-07,11:45,B152PR,"QQ	0	11:31:42.721	Core 04	2026.07.07 11:45:00   [SRJ-IND] B152PR sym=GBPUSD bar=2026.07.07 11:40 z1=1943,B,1.32097,1.32138,2026.06.29 13:55,1,2026.06.30 15:20,1.32223,1.32125"
556,GBP0629-B162,1617DC1ACCE6B50ED2D1359582A70A8B8503C569623EE90C18C6B33542796207,Tester/logs/20261011.log,1468170,2026-07-07,11:45,B152PR,"HG	0	11:31:42.721	Core 04	2026.07.07 11:45:00   [SRJ-IND] B152PR sym=GBPUSD bar=2026.07.07 11:40 z1=2367,B,1.32677,1.32799,2026.07.02 03:10,1,2026.07.02 03:15,1.32801,1.32765"
557,GBP0629-B162,1617DC1ACCE6B50ED2D1359582A70A8B8503C569623EE90C18C6B33542796207,Tester/logs/20261011.log,1468171,2026-07-07,11:45,B152PR,"EM	0	11:31:42.721	Core 04	2026.07.07 11:45:00   [SRJ-IND] B152PR sym=GBPUSD bar=2026.07.07 11:40 z1=2646,B,1.33597,1.33639,2026.07.06 18:50,1,2026.07.06 18:55,1.33678,1.33636"
558,GBP0629-B162,1617DC1ACCE6B50ED2D1359582A70A8B8503C569623EE90C18C6B33542796207,Tester/logs/20261011.log,1468172,2026-07-07,11:45,B152PR,"ES	0	11:31:42.721	Core 04	2026.07.07 11:45:00   [SRJ-IND] B152PR sym=GBPUSD bar=2026.07.07 11:40 z1=2855,B,1.33747,1.33764,2026.07.06 20:30,1,2026.07.07 09:10,1.33779,1.33747"
559,GBP0629-B162,1617DC1ACCE6B50ED2D1359582A70A8B8503C569623EE90C18C6B33542796207,Tester/logs/20261011.log,1468173,2026-07-07,11:45,B152PR,"JH	0	11:31:42.721	Core 04	2026.07.07 11:45:00   [SRJ-IND] B152PR sym=GBPUSD bar=2026.07.07 11:40 z1=2935,S,1.33918,1.33935,2026.07.07 06:50,1,2026.07.07 07:05,1.33919,1.33901"
560,GBP0629-B162,1617DC1ACCE6B50ED2D1359582A70A8B8503C569623EE90C18C6B33542796207,Tester/logs/20261011.log,1468174,2026-07-07,11:45,B152PR,"QN	0	11:31:42.721	Core 04	2026.07.07 11:45:00   [SRJ-IND] B152PR sym=GBPUSD bar=2026.07.07 11:40 z1=2938,S,1.33908,1.33929,2026.07.07 08:00,1,2026.07.07 11:30,1.33913,1.33891"
561,GBP0629-B162,1617DC1ACCE6B50ED2D1359582A70A8B8503C569623EE90C18C6B33542796207,Tester/logs/20261011.log,1468175,2026-07-07,11:45,B152PR,"OD	0	11:31:42.721	Core 04	2026.07.07 11:45:00   [SRJ-IND] B152PR sym=GBPUSD bar=2026.07.07 11:40 z1=2940,S,1.33896,1.33927,2026.07.07 10:10,1,2026.07.07 11:20,1.33907,1.33823"
562,GBP0629-B162,1617DC1ACCE6B50ED2D1359582A70A8B8503C569623EE90C18C6B33542796207,Tester/logs/20261011.log,1468176,2026-07-07,11:45,B152PR,"II	0	11:31:42.721	Core 04	2026.07.07 11:45:00   [SRJ-IND] B152PR sym=GBPUSD bar=2026.07.07 11:40 bull=1 bear=1 nz=14"
563,GBP0629-B162,1617DC1ACCE6B50ED2D1359582A70A8B8503C569623EE90C18C6B33542796207,Tester/logs/20261011.log,1468177,2026-07-07,11:45,B162ORIGIN,"JG	0	11:31:42.721	Core 04	2026.07.07 11:45:00   [SRJ-IND] B162ORIGIN sym=GBPUSD bar=2026.07.07 11:40 side=B n=10 origin=2855 range=1.33747-1.33764 formT=2026.07.06 19:55 set=1582,1869,1875,1899,1909,1941,1943,2367,2646,2855"
564,GBP0629-B162,1617DC1ACCE6B50ED2D1359582A70A8B8503C569623EE90C18C6B33542796207,Tester/logs/20261011.log,1468178,2026-07-07,11:45,B162ORIGIN,"OJ	0	11:31:42.721	Core 04	2026.07.07 11:45:00   [SRJ-IND] B162ORIGIN sym=GBPUSD bar=2026.07.07 11:40 side=S n=4 origin=2940 range=1.33896-1.33927 formT=2026.07.07 07:30 set=150,2935,2938,2940"
565,GBP0629-B162,1617DC1ACCE6B50ED2D1359582A70A8B8503C569623EE90C18C6B33542796207,Tester/logs/20261011.log,1468309,2026-07-07,11:45,SWINGPICK,"NQ	0	11:31:42.721	Core 04	2026.07.07 11:45:00   [SRJ-EA] SWINGPICK site=S2POLL dir=LONG barShift=1 close=1.33871 haveHigh=1 SH=1.33907 atShift=4 haveLow=1 SL=1.33867 atShift=1"
566,GBP0629-B162,1617DC1ACCE6B50ED2D1359582A70A8B8503C569623EE90C18C6B33542796207,Tester/logs/20261011.log,1468310,2026-07-07,11:45,SLSRC,"GG	0	11:31:42.721	Core 04	2026.07.07 11:45:00   [SRJ-EA] SLSRC site=S2POLL dir=LONG src=OB_SWING obStruct=1.33747 obSwing=1.33746 nearest=1.33867 chosen=1.33746 deltaPts=1"
567,GBP0629-B162,1617DC1ACCE6B50ED2D1359582A70A8B8503C569623EE90C18C6B33542796207,Tester/logs/20261011.log,1468311,2026-07-07,11:45,SL_REF,"EE	0	11:31:42.721	Core 04	2026.07.07 11:45:00   [SRJ-EA] SL_REF branch=1-swing obValid=1 slRef=1.33746 distPts=125 site=S2POLL zoneLo=1.33747 zoneHi=1.33764"
568,GBP0629-B162,1617DC1ACCE6B50ED2D1359582A70A8B8503C569623EE90C18C6B33542796207,Tester/logs/20261011.log,1468325,2026-07-07,11:45,CONFIRMPOLL,"NK	0	11:31:42.721	Core 04	2026.07.07 11:45:00   [SRJ-EA] CONFIRMPOLL bar=2026.07.07 11:40 anchor=Daily-VWAP dir=LONG oppCandle=0 bodyDir=0 body=38pts doji=0 touchAttr=1 confirm=0 shadow=true"
569,GBP0629-B162,1617DC1ACCE6B50ED2D1359582A70A8B8503C569623EE90C18C6B33542796207,Tester/logs/20261011.log,1468338,2026-07-07,11:50,B152PR,"OK	0	11:31:42.721	Core 04	2026.07.07 11:50:01   [SRJ-IND] B152PR sym=GBPUSD bar=2026.07.07 11:45 z1=150,S,1.34395,1.34430,2026.06.15 11:40,1,2026.06.15 17:05,1.34420,1.34363"
570,GBP0629-B162,1617DC1ACCE6B50ED2D1359582A70A8B8503C569623EE90C18C6B33542796207,Tester/logs/20261011.log,1468339,2026-07-07,11:50,B152PR,"RN	0	11:31:42.721	Core 04	2026.07.07 11:50:01   [SRJ-IND] B152PR sym=GBPUSD bar=2026.07.07 11:45 z1=1582,B,1.31711,1.31751,2026.06.25 15:45,1,2026.06.25 15:55,1.31818,1.31739"
571,GBP0629-B162,1617DC1ACCE6B50ED2D1359582A70A8B8503C569623EE90C18C6B33542796207,Tester/logs/20261011.log,1468340,2026-07-07,11:50,B152PR,"ND	0	11:31:42.721	Core 04	2026.07.07 11:50:01   [SRJ-IND] B152PR sym=GBPUSD bar=2026.07.07 11:45 z1=1869,B,1.31919,1.31950,2026.06.29 02:50,1,2026.06.29 03:00,1.32000,1.31935"
572,GBP0629-B162,1617DC1ACCE6B50ED2D1359582A70A8B8503C569623EE90C18C6B33542796207,Tester/logs/20261011.log,1468341,2026-07-07,11:50,B152PR,"OJ	0	11:31:42.721	Core 04	2026.07.07 11:50:01   [SRJ-IND] B152PR sym=GBPUSD bar=2026.07.07 11:45 z1=1875,B,1.31936,1.31982,2026.06.29 05:20,1,2026.06.29 06:55,1.32014,1.31979"
573,GBP0629-B162,1617DC1ACCE6B50ED2D1359582A70A8B8503C569623EE90C18C6B33542796207,Tester/logs/20261011.log,1468342,2026-07-07,11:50,B152PR,"QP	0	11:31:42.721	Core 04	2026.07.07 11:50:01   [SRJ-IND] B152PR sym=GBPUSD bar=2026.07.07 11:45 z1=1899,B,1.31967,1.31979,2026.06.29 07:35,1,2026.06.29 07:40,1.31994,1.31978"
574,GBP0629-B162,1617DC1ACCE6B50ED2D1359582A70A8B8503C569623EE90C18C6B33542796207,Tester/logs/20261011.log,1468343,2026-07-07,11:50,B152PR,"DF	0	11:31:42.721	Core 04	2026.07.07 11:50:01   [SRJ-IND] B152PR sym=GBPUSD bar=2026.07.07 11:45 z1=1909,B,1.32024,1.32052,2026.06.29 08:35,1,2026.06.29 11:20,1.32088,1.32041"
575,GBP0629-B162,1617DC1ACCE6B50ED2D1359582A70A8B8503C569623EE90C18C6B33542796207,Tester/logs/20261011.log,1468344,2026-07-07,11:50,B152PR,"EL	0	11:31:42.721	Core 04	2026.07.07 11:50:01   [SRJ-IND] B152PR sym=GBPUSD bar=2026.07.07 11:45 z1=1941,B,1.32111,1.32139,2026.06.29 14:30,1,2026.06.30 15:20,1.32223,1.32125"
576,GBP0629-B162,1617DC1ACCE6B50ED2D1359582A70A8B8503C569623EE90C18C6B33542796207,Tester/logs/20261011.log,1468345,2026-07-07,11:50,B152PR,"MR	0	11:31:42.721	Core 04	2026.07.07 11:50:01   [SRJ-IND] B152PR sym=GBPUSD bar=2026.07.07 11:45 z1=1943,B,1.32097,1.32138,2026.06.29 13:55,1,2026.06.30 15:20,1.32223,1.32125"
577,GBP0629-B162,1617DC1ACCE6B50ED2D1359582A70A8B8503C569623EE90C18C6B33542796207,Tester/logs/20261011.log,1468346,2026-07-07,11:50,B152PR,"DH	0	11:31:42.721	Core 04	2026.07.07 11:50:01   [SRJ-IND] B152PR sym=GBPUSD bar=2026.07.07 11:45 z1=2367,B,1.32677,1.32799,2026.07.02 03:10,1,2026.07.02 03:15,1.32801,1.32765"
578,GBP0629-B162,1617DC1ACCE6B50ED2D1359582A70A8B8503C569623EE90C18C6B33542796207,Tester/logs/20261011.log,1468347,2026-07-07,11:50,B152PR,"IN	0	11:31:42.721	Core 04	2026.07.07 11:50:01   [SRJ-IND] B152PR sym=GBPUSD bar=2026.07.07 11:45 z1=2646,B,1.33597,1.33639,2026.07.06 18:50,1,2026.07.06 18:55,1.33678,1.33636"
579,GBP0629-B162,1617DC1ACCE6B50ED2D1359582A70A8B8503C569623EE90C18C6B33542796207,Tester/logs/20261011.log,1468348,2026-07-07,11:50,B152PR,"ID	0	11:31:42.721	Core 04	2026.07.07 11:50:01   [SRJ-IND] B152PR sym=GBPUSD bar=2026.07.07 11:45 z1=2855,B,1.33747,1.33764,2026.07.06 20:30,1,2026.07.07 09:10,1.33779,1.33747"
580,GBP0629-B162,1617DC1ACCE6B50ED2D1359582A70A8B8503C569623EE90C18C6B33542796207,Tester/logs/20261011.log,1468349,2026-07-07,11:50,B152PR,"JH	0	11:31:42.721	Core 04	2026.07.07 11:50:01   [SRJ-IND] B152PR sym=GBPUSD bar=2026.07.07 11:45 bull=1 bear=1 nz=11"
581,GBP0629-B162,1617DC1ACCE6B50ED2D1359582A70A8B8503C569623EE90C18C6B33542796207,Tester/logs/20261011.log,1468350,2026-07-07,11:50,B162ORIGIN,"ND	0	11:31:42.721	Core 04	2026.07.07 11:50:01   [SRJ-IND] B162ORIGIN sym=GBPUSD bar=2026.07.07 11:45 side=B n=10 origin=2855 range=1.33747-1.33764 formT=2026.07.06 19:55 set=1582,1869,1875,1899,1909,1941,1943,2367,2646,2855"
582,GBP0629-B162,1617DC1ACCE6B50ED2D1359582A70A8B8503C569623EE90C18C6B33542796207,Tester/logs/20261011.log,1468351,2026-07-07,11:50,B162ORIGIN,"DH	0	11:31:42.721	Core 04	2026.07.07 11:50:01   [SRJ-IND] B162ORIGIN sym=GBPUSD bar=2026.07.07 11:45 side=S n=1 origin=150 range=1.34395-1.34430 formT=2026.06.15 09:50 set=150"
583,GBP0629-B162,1617DC1ACCE6B50ED2D1359582A70A8B8503C569623EE90C18C6B33542796207,Tester/logs/20261011.log,1468482,2026-07-07,11:50,SWINGPICK,"JH	0	11:31:42.721	Core 04	2026.07.07 11:50:01   [SRJ-EA] SWINGPICK site=S2POLL dir=LONG barShift=1 close=1.33931 haveHigh=1 SH=1.33907 atShift=5 haveLow=1 SL=1.33867 atShift=2"
584,GBP0629-B162,1617DC1ACCE6B50ED2D1359582A70A8B8503C569623EE90C18C6B33542796207,Tester/logs/20261011.log,1468483,2026-07-07,11:50,SLSRC,"FO	0	11:31:42.721	Core 04	2026.07.07 11:50:01   [SRJ-EA] SLSRC site=S2POLL dir=LONG src=OB_SWING obStruct=1.33747 obSwing=1.33746 nearest=1.33867 chosen=1.33746 deltaPts=1"
585,GBP0629-B162,1617DC1ACCE6B50ED2D1359582A70A8B8503C569623EE90C18C6B33542796207,Tester/logs/20261011.log,1468484,2026-07-07,11:50,SL_REF,"NM	0	11:31:42.721	Core 04	2026.07.07 11:50:01   [SRJ-EA] SL_REF branch=1-swing obValid=1 slRef=1.33746 distPts=185 site=S2POLL zoneLo=1.33747 zoneHi=1.33764"
586,GBP0629-B162,1617DC1ACCE6B50ED2D1359582A70A8B8503C569623EE90C18C6B33542796207,Tester/logs/20261011.log,1468497,2026-07-07,11:50,CQDRECHECK,"EO	0	11:31:42.721	Core 04	2026.07.07 11:50:01   [SRJ-EA] CQDRECHECK shift=2 passA=-1.0 passB=-1.0 diff=0 bar=2026.07.07 11:40 state=S4_ARMED dir=LONG divLatch=0 hit1=0 hit2=460 mism=0"
587,GBP0629-B162,1617DC1ACCE6B50ED2D1359582A70A8B8503C569623EE90C18C6B33542796207,Tester/logs/20261011.log,1468501,2026-07-07,11:50,CONFIRMPOLL,"HQ	0	11:31:42.721	Core 04	2026.07.07 11:50:01   [SRJ-EA] CONFIRMPOLL bar=2026.07.07 11:45 anchor=Daily-VWAP dir=LONG oppCandle=1 bodyDir=1 body=60pts doji=0 touchAttr=1 confirm=1 shadow=true"
588,GBP0629-B162,1617DC1ACCE6B50ED2D1359582A70A8B8503C569623EE90C18C6B33542796207,Tester/logs/20261011.log,1468508,2026-07-07,11:55,B152PR,"OQ	0	11:31:42.721	Core 04	2026.07.07 11:55:00   [SRJ-IND] B152PR sym=GBPUSD bar=2026.07.07 11:50 z1=150,S,1.34395,1.34430,2026.06.15 11:40,1,2026.06.15 17:05,1.34420,1.34363"
589,GBP0629-B162,1617DC1ACCE6B50ED2D1359582A70A8B8503C569623EE90C18C6B33542796207,Tester/logs/20261011.log,1468509,2026-07-07,11:55,B152PR,"RH	0	11:31:42.721	Core 04	2026.07.07 11:55:00   [SRJ-IND] B152PR sym=GBPUSD bar=2026.07.07 11:50 z1=1582,B,1.31711,1.31751,2026.06.25 15:45,1,2026.06.25 15:55,1.31818,1.31739"
590,GBP0629-B162,1617DC1ACCE6B50ED2D1359582A70A8B8503C569623EE90C18C6B33542796207,Tester/logs/20261011.log,1468510,2026-07-07,11:55,B152PR,"NN	0	11:31:42.721	Core 04	2026.07.07 11:55:00   [SRJ-IND] B152PR sym=GBPUSD bar=2026.07.07 11:50 z1=1869,B,1.31919,1.31950,2026.06.29 02:50,1,2026.06.29 03:00,1.32000,1.31935"
591,GBP0629-B162,1617DC1ACCE6B50ED2D1359582A70A8B8503C569623EE90C18C6B33542796207,Tester/logs/20261011.log,1468511,2026-07-07,11:55,B152PR,"OD	0	11:31:42.721	Core 04	2026.07.07 11:55:00   [SRJ-IND] B152PR sym=GBPUSD bar=2026.07.07 11:50 z1=1875,B,1.31936,1.31982,2026.06.29 05:20,1,2026.06.29 06:55,1.32014,1.31979"
592,GBP0629-B162,1617DC1ACCE6B50ED2D1359582A70A8B8503C569623EE90C18C6B33542796207,Tester/logs/20261011.log,1468512,2026-07-07,11:55,B152PR,"QJ	0	11:31:42.721	Core 04	2026.07.07 11:55:00   [SRJ-IND] B152PR sym=GBPUSD bar=2026.07.07 11:50 z1=1899,B,1.31967,1.31979,2026.06.29 07:35,1,2026.06.29 07:40,1.31994,1.31978"
593,GBP0629-B162,1617DC1ACCE6B50ED2D1359582A70A8B8503C569623EE90C18C6B33542796207,Tester/logs/20261011.log,1468513,2026-07-07,11:55,B152PR,"DP	0	11:31:42.721	Core 04	2026.07.07 11:55:00   [SRJ-IND] B152PR sym=GBPUSD bar=2026.07.07 11:50 z1=1909,B,1.32024,1.32052,2026.06.29 08:35,1,2026.06.29 11:20,1.32088,1.32041"
594,GBP0629-B162,1617DC1ACCE6B50ED2D1359582A70A8B8503C569623EE90C18C6B33542796207,Tester/logs/20261011.log,1468514,2026-07-07,11:55,B152PR,"EF	0	11:31:42.721	Core 04	2026.07.07 11:55:00   [SRJ-IND] B152PR sym=GBPUSD bar=2026.07.07 11:50 z1=1941,B,1.32111,1.32139,2026.06.29 14:30,1,2026.06.30 15:20,1.32223,1.32125"
595,GBP0629-B162,1617DC1ACCE6B50ED2D1359582A70A8B8503C569623EE90C18C6B33542796207,Tester/logs/20261011.log,1468515,2026-07-07,11:55,B152PR,"ML	0	11:31:42.721	Core 04	2026.07.07 11:55:00   [SRJ-IND] B152PR sym=GBPUSD bar=2026.07.07 11:50 z1=1943,B,1.32097,1.32138,2026.06.29 13:55,1,2026.06.30 15:20,1.32223,1.32125"
596,GBP0629-B162,1617DC1ACCE6B50ED2D1359582A70A8B8503C569623EE90C18C6B33542796207,Tester/logs/20261011.log,1468516,2026-07-07,11:55,B152PR,"DR	0	11:31:42.721	Core 04	2026.07.07 11:55:00   [SRJ-IND] B152PR sym=GBPUSD bar=2026.07.07 11:50 z1=2367,B,1.32677,1.32799,2026.07.02 03:10,1,2026.07.02 03:15,1.32801,1.32765"
597,GBP0629-B162,1617DC1ACCE6B50ED2D1359582A70A8B8503C569623EE90C18C6B33542796207,Tester/logs/20261011.log,1468517,2026-07-07,11:55,B152PR,"IH	0	11:31:42.721	Core 04	2026.07.07 11:55:00   [SRJ-IND] B152PR sym=GBPUSD bar=2026.07.07 11:50 z1=2646,B,1.33597,1.33639,2026.07.06 18:50,1,2026.07.06 18:55,1.33678,1.33636"
598,GBP0629-B162,1617DC1ACCE6B50ED2D1359582A70A8B8503C569623EE90C18C6B33542796207,Tester/logs/20261011.log,1468518,2026-07-07,11:55,B152PR,"IN	0	11:31:42.721	Core 04	2026.07.07 11:55:00   [SRJ-IND] B152PR sym=GBPUSD bar=2026.07.07 11:50 z1=2855,B,1.33747,1.33764,2026.07.06 20:30,1,2026.07.07 09:10,1.33779,1.33747"
599,GBP0629-B162,1617DC1ACCE6B50ED2D1359582A70A8B8503C569623EE90C18C6B33542796207,Tester/logs/20261011.log,1468519,2026-07-07,11:55,B152PR,"JF	0	11:31:42.721	Core 04	2026.07.07 11:55:00   [SRJ-IND] B152PR sym=GBPUSD bar=2026.07.07 11:50 bull=1 bear=1 nz=11"
600,GBP0629-B162,1617DC1ACCE6B50ED2D1359582A70A8B8503C569623EE90C18C6B33542796207,Tester/logs/20261011.log,1468520,2026-07-07,11:55,B162ORIGIN,"NN	0	11:31:42.721	Core 04	2026.07.07 11:55:00   [SRJ-IND] B162ORIGIN sym=GBPUSD bar=2026.07.07 11:50 side=B n=10 origin=2855 range=1.33747-1.33764 formT=2026.07.06 19:55 set=1582,1869,1875,1899,1909,1941,1943,2367,2646,2855"
601,GBP0629-B162,1617DC1ACCE6B50ED2D1359582A70A8B8503C569623EE90C18C6B33542796207,Tester/logs/20261011.log,1468521,2026-07-07,11:55,B162ORIGIN,"DR	0	11:31:42.721	Core 04	2026.07.07 11:55:00   [SRJ-IND] B162ORIGIN sym=GBPUSD bar=2026.07.07 11:50 side=S n=1 origin=150 range=1.34395-1.34430 formT=2026.06.15 09:50 set=150"
602,GBP0629-B162,1617DC1ACCE6B50ED2D1359582A70A8B8503C569623EE90C18C6B33542796207,Tester/logs/20261011.log,1468652,2026-07-07,11:55,SWINGPICK,"IM	0	11:31:42.721	Core 04	2026.07.07 11:55:00   [SRJ-EA] SWINGPICK site=S2POLL dir=LONG barShift=1 close=1.33895 haveHigh=1 SH=1.33936 atShift=1 haveLow=1 SL=1.33862 atShift=1"
603,GBP0629-B162,1617DC1ACCE6B50ED2D1359582A70A8B8503C569623EE90C18C6B33542796207,Tester/logs/20261011.log,1468653,2026-07-07,11:55,SLSRC,"OJ	0	11:31:42.721	Core 04	2026.07.07 11:55:00   [SRJ-EA] SLSRC site=S2POLL dir=LONG src=OB_SWING obStruct=1.33747 obSwing=1.33746 nearest=1.33862 chosen=1.33746 deltaPts=1"
604,GBP0629-B162,1617DC1ACCE6B50ED2D1359582A70A8B8503C569623EE90C18C6B33542796207,Tester/logs/20261011.log,1468654,2026-07-07,11:55,SL_REF,"HQ	0	11:31:42.721	Core 04	2026.07.07 11:55:00   [SRJ-EA] SL_REF branch=1-swing obValid=1 slRef=1.33746 distPts=149 site=S2POLL zoneLo=1.33747 zoneHi=1.33764"
605,GBP0629-B162,1617DC1ACCE6B50ED2D1359582A70A8B8503C569623EE90C18C6B33542796207,Tester/logs/20261011.log,1468667,2026-07-07,11:55,CQDRECHECK,"IS	0	11:31:42.721	Core 04	2026.07.07 11:55:00   [SRJ-EA] CQDRECHECK shift=2 passA=-1.0 passB=-1.0 diff=0 bar=2026.07.07 11:45 state=S4_ARMED dir=LONG divLatch=0 hit1=0 hit2=461 mism=0"
606,GBP0629-B162,1617DC1ACCE6B50ED2D1359582A70A8B8503C569623EE90C18C6B33542796207,Tester/logs/20261011.log,1468671,2026-07-07,11:55,CONFIRMPOLL,"FD	0	11:31:42.721	Core 04	2026.07.07 11:55:00   [SRJ-EA] CONFIRMPOLL bar=2026.07.07 11:50 anchor=Daily-VWAP dir=LONG oppCandle=0 bodyDir=0 body=34pts doji=0 touchAttr=1 confirm=0 shadow=true"
607,GBP0629-B162,1617DC1ACCE6B50ED2D1359582A70A8B8503C569623EE90C18C6B33542796207,Tester/logs/20261011.log,1468679,2026-07-07,12:00,B152PR,"EJ	0	11:31:42.721	Core 04	2026.07.07 12:00:00   [SRJ-IND] B152PR sym=GBPUSD bar=2026.07.07 11:55 z1=150,S,1.34395,1.34430,2026.06.15 11:40,1,2026.06.15 17:05,1.34420,1.34363"
608,GBP0629-B162,1617DC1ACCE6B50ED2D1359582A70A8B8503C569623EE90C18C6B33542796207,Tester/logs/20261011.log,1468680,2026-07-07,12:00,B152PR,"DN	0	11:31:42.721	Core 04	2026.07.07 12:00:00   [SRJ-IND] B152PR sym=GBPUSD bar=2026.07.07 11:55 z1=1582,B,1.31711,1.31751,2026.06.25 15:45,1,2026.06.25 15:55,1.31818,1.31739"
609,GBP0629-B162,1617DC1ACCE6B50ED2D1359582A70A8B8503C569623EE90C18C6B33542796207,Tester/logs/20261011.log,1468681,2026-07-07,12:00,B152PR,"HD	0	11:31:42.721	Core 04	2026.07.07 12:00:00   [SRJ-IND] B152PR sym=GBPUSD bar=2026.07.07 11:55 z1=1869,B,1.31919,1.31950,2026.06.29 02:50,1,2026.06.29 03:00,1.32000,1.31935"
610,GBP0629-B162,1617DC1ACCE6B50ED2D1359582A70A8B8503C569623EE90C18C6B33542796207,Tester/logs/20261011.log,1468682,2026-07-07,12:00,B152PR,"EJ	0	11:31:42.721	Core 04	2026.07.07 12:00:00   [SRJ-IND] B152PR sym=GBPUSD bar=2026.07.07 11:55 z1=1875,B,1.31936,1.31982,2026.06.29 05:20,1,2026.06.29 06:55,1.32014,1.31979"
611,GBP0629-B162,1617DC1ACCE6B50ED2D1359582A70A8B8503C569623EE90C18C6B33542796207,Tester/logs/20261011.log,1468683,2026-07-07,12:00,B152PR,"CP	0	11:31:42.721	Core 04	2026.07.07 12:00:00   [SRJ-IND] B152PR sym=GBPUSD bar=2026.07.07 11:55 z1=1899,B,1.31967,1.31979,2026.06.29 07:35,1,2026.06.29 07:40,1.31994,1.31978"
612,GBP0629-B162,1617DC1ACCE6B50ED2D1359582A70A8B8503C569623EE90C18C6B33542796207,Tester/logs/20261011.log,1468684,2026-07-07,12:00,B152PR,"RF	0	11:31:42.721	Core 04	2026.07.07 12:00:00   [SRJ-IND] B152PR sym=GBPUSD bar=2026.07.07 11:55 z1=1909,B,1.32024,1.32052,2026.06.29 08:35,1,2026.06.29 11:20,1.32088,1.32041"
613,GBP0629-B162,1617DC1ACCE6B50ED2D1359582A70A8B8503C569623EE90C18C6B33542796207,Tester/logs/20261011.log,1468685,2026-07-07,12:00,B152PR,"OL	0	11:31:42.721	Core 04	2026.07.07 12:00:00   [SRJ-IND] B152PR sym=GBPUSD bar=2026.07.07 11:55 z1=1941,B,1.32111,1.32139,2026.06.29 14:30,1,2026.06.30 15:20,1.32223,1.32125"
614,GBP0629-B162,1617DC1ACCE6B50ED2D1359582A70A8B8503C569623EE90C18C6B33542796207,Tester/logs/20261011.log,1468686,2026-07-07,12:00,B152PR,"GR	0	11:31:42.721	Core 04	2026.07.07 12:00:00   [SRJ-IND] B152PR sym=GBPUSD bar=2026.07.07 11:55 z1=1943,B,1.32097,1.32138,2026.06.29 13:55,1,2026.06.30 15:20,1.32223,1.32125"
615,GBP0629-B162,1617DC1ACCE6B50ED2D1359582A70A8B8503C569623EE90C18C6B33542796207,Tester/logs/20261011.log,1468687,2026-07-07,12:00,B152PR,"RH	0	11:31:42.721	Core 04	2026.07.07 12:00:00   [SRJ-IND] B152PR sym=GBPUSD bar=2026.07.07 11:55 z1=2367,B,1.32677,1.32799,2026.07.02 03:10,1,2026.07.02 03:15,1.32801,1.32765"
616,GBP0629-B162,1617DC1ACCE6B50ED2D1359582A70A8B8503C569623EE90C18C6B33542796207,Tester/logs/20261011.log,1468688,2026-07-07,12:00,B152PR,"KN	0	11:31:42.721	Core 04	2026.07.07 12:00:00   [SRJ-IND] B152PR sym=GBPUSD bar=2026.07.07 11:55 z1=2646,B,1.33597,1.33639,2026.07.06 18:50,1,2026.07.06 18:55,1.33678,1.33636"
617,GBP0629-B162,1617DC1ACCE6B50ED2D1359582A70A8B8503C569623EE90C18C6B33542796207,Tester/logs/20261011.log,1468689,2026-07-07,12:00,B152PR,"KD	0	11:31:42.721	Core 04	2026.07.07 12:00:00   [SRJ-IND] B152PR sym=GBPUSD bar=2026.07.07 11:55 z1=2855,B,1.33747,1.33764,2026.07.06 20:30,1,2026.07.07 09:10,1.33779,1.33747"
618,GBP0629-B162,1617DC1ACCE6B50ED2D1359582A70A8B8503C569623EE90C18C6B33542796207,Tester/logs/20261011.log,1468690,2026-07-07,12:00,B152PR,"LH	0	11:31:42.721	Core 04	2026.07.07 12:00:00   [SRJ-IND] B152PR sym=GBPUSD bar=2026.07.07 11:55 bull=1 bear=1 nz=11"
619,GBP0629-B162,1617DC1ACCE6B50ED2D1359582A70A8B8503C569623EE90C18C6B33542796207,Tester/logs/20261011.log,1468691,2026-07-07,12:00,B162ORIGIN,"HD	0	11:31:42.721	Core 04	2026.07.07 12:00:00   [SRJ-IND] B162ORIGIN sym=GBPUSD bar=2026.07.07 11:55 side=B n=10 origin=2855 range=1.33747-1.33764 formT=2026.07.06 19:55 set=1582,1869,1875,1899,1909,1941,1943,2367,2646,2855"
620,GBP0629-B162,1617DC1ACCE6B50ED2D1359582A70A8B8503C569623EE90C18C6B33542796207,Tester/logs/20261011.log,1468692,2026-07-07,12:00,B162ORIGIN,"RH	0	11:31:42.721	Core 04	2026.07.07 12:00:00   [SRJ-IND] B162ORIGIN sym=GBPUSD bar=2026.07.07 11:55 side=S n=1 origin=150 range=1.34395-1.34430 formT=2026.06.15 09:50 set=150"
621,GBP0629-B162,1617DC1ACCE6B50ED2D1359582A70A8B8503C569623EE90C18C6B33542796207,Tester/logs/20261011.log,1468823,2026-07-07,12:00,SWINGPICK,"KK	0	11:31:42.721	Core 04	2026.07.07 12:00:00   [SRJ-EA] SWINGPICK site=S2POLL dir=LONG barShift=1 close=1.33913 haveHigh=1 SH=1.33936 atShift=2 haveLow=1 SL=1.33862 atShift=2"
622,GBP0629-B162,1617DC1ACCE6B50ED2D1359582A70A8B8503C569623EE90C18C6B33542796207,Tester/logs/20261011.log,1468824,2026-07-07,12:00,SLSRC,"LH	0	11:31:42.721	Core 04	2026.07.07 12:00:00   [SRJ-EA] SLSRC site=S2POLL dir=LONG src=OB_SWING obStruct=1.33747 obSwing=1.33746 nearest=1.33862 chosen=1.33746 deltaPts=1"
623,GBP0629-B162,1617DC1ACCE6B50ED2D1359582A70A8B8503C569623EE90C18C6B33542796207,Tester/logs/20261011.log,1468825,2026-07-07,12:00,SL_REF,"KO	0	11:31:42.721	Core 04	2026.07.07 12:00:00   [SRJ-EA] SL_REF branch=1-swing obValid=1 slRef=1.33746 distPts=167 site=S2POLL zoneLo=1.33747 zoneHi=1.33764"
624,GBP0629-B162,1617DC1ACCE6B50ED2D1359582A70A8B8503C569623EE90C18C6B33542796207,Tester/logs/20261011.log,1468844,2026-07-07,12:00,CONFIRMPOLL,"MP	0	11:31:42.721	Core 04	2026.07.07 12:00:00   [SRJ-EA] CONFIRMPOLL bar=2026.07.07 11:55 anchor=Daily-VWAP dir=LONG oppCandle=1 bodyDir=1 body=18pts doji=0 touchAttr=0 confirm=0 shadow=true"
625,GBP0629-B162,1617DC1ACCE6B50ED2D1359582A70A8B8503C569623EE90C18C6B33542796207,Tester/logs/20261011.log,1469319,2026-07-07,14:00,B152PR,"CO	0	11:31:42.721	Core 04	2026.07.07 14:00:00   [SRJ-IND] B152PR sym=GBPUSD bar=2026.07.07 13:55 z1=150,S,1.34395,1.34430,2026.06.15 11:40,1,2026.06.15 17:05,1.34420,1.34363"
626,GBP0629-B162,1617DC1ACCE6B50ED2D1359582A70A8B8503C569623EE90C18C6B33542796207,Tester/logs/20261011.log,1469320,2026-07-07,14:00,B152PR,"RS	0	11:31:42.721	Core 04	2026.07.07 14:00:00   [SRJ-IND] B152PR sym=GBPUSD bar=2026.07.07 13:55 z1=1582,B,1.31711,1.31751,2026.06.25 15:45,1,2026.06.25 15:55,1.31818,1.31739"
627,GBP0629-B162,1617DC1ACCE6B50ED2D1359582A70A8B8503C569623EE90C18C6B33542796207,Tester/logs/20261011.log,1469321,2026-07-07,14:00,B152PR,"NI	0	11:31:42.721	Core 04	2026.07.07 14:00:00   [SRJ-IND] B152PR sym=GBPUSD bar=2026.07.07 13:55 z1=1869,B,1.31919,1.31950,2026.06.29 02:50,1,2026.06.29 03:00,1.32000,1.31935"
628,GBP0629-B162,1617DC1ACCE6B50ED2D1359582A70A8B8503C569623EE90C18C6B33542796207,Tester/logs/20261011.log,1469322,2026-07-07,14:00,B152PR,"OO	0	11:31:42.721	Core 04	2026.07.07 14:00:00   [SRJ-IND] B152PR sym=GBPUSD bar=2026.07.07 13:55 z1=1875,B,1.31936,1.31982,2026.06.29 05:20,1,2026.06.29 06:55,1.32014,1.31979"
629,GBP0629-B162,1617DC1ACCE6B50ED2D1359582A70A8B8503C569623EE90C18C6B33542796207,Tester/logs/20261011.log,1469323,2026-07-07,14:00,B152PR,"QE	0	11:31:42.721	Core 04	2026.07.07 14:00:00   [SRJ-IND] B152PR sym=GBPUSD bar=2026.07.07 13:55 z1=1899,B,1.31967,1.31979,2026.06.29 07:35,1,2026.06.29 07:40,1.31994,1.31978"
630,GBP0629-B162,1617DC1ACCE6B50ED2D1359582A70A8B8503C569623EE90C18C6B33542796207,Tester/logs/20261011.log,1469324,2026-07-07,14:00,B152PR,"DK	0	11:31:42.721	Core 04	2026.07.07 14:00:00   [SRJ-IND] B152PR sym=GBPUSD bar=2026.07.07 13:55 z1=1909,B,1.32024,1.32052,2026.06.29 08:35,1,2026.06.29 11:20,1.32088,1.32041"
631,GBP0629-B162,1617DC1ACCE6B50ED2D1359582A70A8B8503C569623EE90C18C6B33542796207,Tester/logs/20261011.log,1469325,2026-07-07,14:00,B152PR,"EQ	0	11:31:42.721	Core 04	2026.07.07 14:00:00   [SRJ-IND] B152PR sym=GBPUSD bar=2026.07.07 13:55 z1=1941,B,1.32111,1.32139,2026.06.29 14:30,1,2026.06.30 15:20,1.32223,1.32125"
632,GBP0629-B162,1617DC1ACCE6B50ED2D1359582A70A8B8503C569623EE90C18C6B33542796207,Tester/logs/20261011.log,1469326,2026-07-07,14:00,B152PR,"MG	0	11:31:42.721	Core 04	2026.07.07 14:00:00   [SRJ-IND] B152PR sym=GBPUSD bar=2026.07.07 13:55 z1=1943,B,1.32097,1.32138,2026.06.29 13:55,1,2026.06.30 15:20,1.32223,1.32125"
633,GBP0629-B162,1617DC1ACCE6B50ED2D1359582A70A8B8503C569623EE90C18C6B33542796207,Tester/logs/20261011.log,1469327,2026-07-07,14:00,B152PR,"DM	0	11:31:42.721	Core 04	2026.07.07 14:00:00   [SRJ-IND] B152PR sym=GBPUSD bar=2026.07.07 13:55 z1=2367,B,1.32677,1.32799,2026.07.02 03:10,1,2026.07.02 03:15,1.32801,1.32765"
634,GBP0629-B162,1617DC1ACCE6B50ED2D1359582A70A8B8503C569623EE90C18C6B33542796207,Tester/logs/20261011.log,1469328,2026-07-07,14:00,B152PR,"IS	0	11:31:42.721	Core 04	2026.07.07 14:00:00   [SRJ-IND] B152PR sym=GBPUSD bar=2026.07.07 13:55 z1=2646,B,1.33597,1.33639,2026.07.06 18:50,1,2026.07.06 18:55,1.33678,1.33636"
635,GBP0629-B162,1617DC1ACCE6B50ED2D1359582A70A8B8503C569623EE90C18C6B33542796207,Tester/logs/20261011.log,1469329,2026-07-07,14:00,B152PR,"EI	0	11:31:42.721	Core 04	2026.07.07 14:00:00   [SRJ-IND] B152PR sym=GBPUSD bar=2026.07.07 13:55 z1=2849,B,1.33657,1.33695,2026.07.06 19:30,1,2026.07.07 13:05,1.33770,1.33691"
636,GBP0629-B162,1617DC1ACCE6B50ED2D1359582A70A8B8503C569623EE90C18C6B33542796207,Tester/logs/20261011.log,1469330,2026-07-07,14:00,B152PR,"RN	0	11:31:42.721	Core 04	2026.07.07 14:00:00   [SRJ-IND] B152PR sym=GBPUSD bar=2026.07.07 13:55 z1=2974,S,1.33862,1.33936,2026.07.07 12:25,1,2026.07.07 12:30,1.33881,1.33856"
637,GBP0629-B162,1617DC1ACCE6B50ED2D1359582A70A8B8503C569623EE90C18C6B33542796207,Tester/logs/20261011.log,1469331,2026-07-07,14:00,B152PR,"GG	0	11:31:42.721	Core 04	2026.07.07 14:00:00   [SRJ-IND] B152PR sym=GBPUSD bar=2026.07.07 13:55 bull=1 bear=1 nz=12"
638,GBP0629-B162,1617DC1ACCE6B50ED2D1359582A70A8B8503C569623EE90C18C6B33542796207,Tester/logs/20261011.log,1469332,2026-07-07,14:00,B162ORIGIN,"HI	0	11:31:42.721	Core 04	2026.07.07 14:00:00   [SRJ-IND] B162ORIGIN sym=GBPUSD bar=2026.07.07 13:55 side=B n=10 origin=2849 range=1.33657-1.33695 formT=2026.07.06 19:10 set=1582,1869,1875,1899,1909,1941,1943,2367,2646,2849"
639,GBP0629-B162,1617DC1ACCE6B50ED2D1359582A70A8B8503C569623EE90C18C6B33542796207,Tester/logs/20261011.log,1469333,2026-07-07,14:00,B162ORIGIN,"LL	0	11:31:42.721	Core 04	2026.07.07 14:00:00   [SRJ-IND] B162ORIGIN sym=GBPUSD bar=2026.07.07 13:55 side=S n=2 origin=2974 range=1.33862-1.33936 formT=2026.07.07 11:45 set=150,2974"
640,GBP0629-B162,1617DC1ACCE6B50ED2D1359582A70A8B8503C569623EE90C18C6B33542796207,Tester/logs/20261011.log,1469338,2026-07-07,14:00,CQDRECHECK,"GH	0	11:31:42.721	Core 04	2026.07.07 14:00:00   [SRJ-EA] CQDRECHECK shift=2 passA=-1.0 passB=-1.0 diff=0 bar=2026.07.07 13:50 state=IDLE dir=NONE divLatch=0 hit1=0 hit2=472 mism=0"
641,GBP0629-B162,1617DC1ACCE6B50ED2D1359582A70A8B8503C569623EE90C18C6B33542796207,Tester/logs/20261011.log,1469343,2026-07-07,14:05,B152PR,"KM	0	11:31:42.721	Core 04	2026.07.07 14:05:00   [SRJ-IND] B152PR sym=GBPUSD bar=2026.07.07 14:00 z1=150,S,1.34395,1.34430,2026.06.15 11:40,1,2026.06.15 17:05,1.34420,1.34363"
642,GBP0629-B162,1617DC1ACCE6B50ED2D1359582A70A8B8503C569623EE90C18C6B33542796207,Tester/logs/20261011.log,1469344,2026-07-07,14:05,B152PR,"FE	0	11:31:42.721	Core 04	2026.07.07 14:05:00   [SRJ-IND] B152PR sym=GBPUSD bar=2026.07.07 14:00 z1=1582,B,1.31711,1.31751,2026.06.25 15:45,1,2026.06.25 15:55,1.31818,1.31739"
643,GBP0629-B162,1617DC1ACCE6B50ED2D1359582A70A8B8503C569623EE90C18C6B33542796207,Tester/logs/20261011.log,1469345,2026-07-07,14:05,B152PR,"JK	0	11:31:42.721	Core 04	2026.07.07 14:05:00   [SRJ-IND] B152PR sym=GBPUSD bar=2026.07.07 14:00 z1=1869,B,1.31919,1.31950,2026.06.29 02:50,1,2026.06.29 03:00,1.32000,1.31935"
644,GBP0629-B162,1617DC1ACCE6B50ED2D1359582A70A8B8503C569623EE90C18C6B33542796207,Tester/logs/20261011.log,1469346,2026-07-07,14:05,B152PR,"CQ	0	11:31:42.721	Core 04	2026.07.07 14:05:00   [SRJ-IND] B152PR sym=GBPUSD bar=2026.07.07 14:00 z1=1875,B,1.31936,1.31982,2026.06.29 05:20,1,2026.06.29 06:55,1.32014,1.31979"
645,GBP0629-B162,1617DC1ACCE6B50ED2D1359582A70A8B8503C569623EE90C18C6B33542796207,Tester/logs/20261011.log,1469347,2026-07-07,14:05,B152PR,"EG	0	11:31:42.721	Core 04	2026.07.07 14:05:00   [SRJ-IND] B152PR sym=GBPUSD bar=2026.07.07 14:00 z1=1899,B,1.31967,1.31979,2026.06.29 07:35,1,2026.06.29 07:40,1.31994,1.31978"
646,GBP0629-B162,1617DC1ACCE6B50ED2D1359582A70A8B8503C569623EE90C18C6B33542796207,Tester/logs/20261011.log,1469348,2026-07-07,14:05,B152PR,"PM	0	11:31:42.721	Core 04	2026.07.07 14:05:00   [SRJ-IND] B152PR sym=GBPUSD bar=2026.07.07 14:00 z1=1909,B,1.32024,1.32052,2026.06.29 08:35,1,2026.06.29 11:20,1.32088,1.32041"
647,GBP0629-B162,1617DC1ACCE6B50ED2D1359582A70A8B8503C569623EE90C18C6B33542796207,Tester/logs/20261011.log,1469349,2026-07-07,14:05,B152PR,"QS	0	11:31:42.721	Core 04	2026.07.07 14:05:00   [SRJ-IND] B152PR sym=GBPUSD bar=2026.07.07 14:00 z1=1941,B,1.32111,1.32139,2026.06.29 14:30,1,2026.06.30 15:20,1.32223,1.32125"
648,GBP0629-B162,1617DC1ACCE6B50ED2D1359582A70A8B8503C569623EE90C18C6B33542796207,Tester/logs/20261011.log,1469350,2026-07-07,14:05,B152PR,"II	0	11:31:42.721	Core 04	2026.07.07 14:05:00   [SRJ-IND] B152PR sym=GBPUSD bar=2026.07.07 14:00 z1=1943,B,1.32097,1.32138,2026.06.29 13:55,1,2026.06.30 15:20,1.32223,1.32125"
649,GBP0629-B162,1617DC1ACCE6B50ED2D1359582A70A8B8503C569623EE90C18C6B33542796207,Tester/logs/20261011.log,1469351,2026-07-07,14:05,B152PR,"PO	0	11:31:42.721	Core 04	2026.07.07 14:05:00   [SRJ-IND] B152PR sym=GBPUSD bar=2026.07.07 14:00 z1=2367,B,1.32677,1.32799,2026.07.02 03:10,1,2026.07.02 03:15,1.32801,1.32765"
650,GBP0629-B162,1617DC1ACCE6B50ED2D1359582A70A8B8503C569623EE90C18C6B33542796207,Tester/logs/20261011.log,1469352,2026-07-07,14:05,B152PR,"ME	0	11:31:42.721	Core 04	2026.07.07 14:05:00   [SRJ-IND] B152PR sym=GBPUSD bar=2026.07.07 14:00 z1=2646,B,1.33597,1.33639,2026.07.06 18:50,1,2026.07.06 18:55,1.33678,1.33636"
651,GBP0629-B162,1617DC1ACCE6B50ED2D1359582A70A8B8503C569623EE90C18C6B33542796207,Tester/logs/20261011.log,1469353,2026-07-07,14:05,B152PR,"QK	0	11:31:42.721	Core 04	2026.07.07 14:05:00   [SRJ-IND] B152PR sym=GBPUSD bar=2026.07.07 14:00 z1=2849,B,1.33657,1.33695,2026.07.06 19:30,1,2026.07.07 13:05,1.33770,1.33691"
652,GBP0629-B162,1617DC1ACCE6B50ED2D1359582A70A8B8503C569623EE90C18C6B33542796207,Tester/logs/20261011.log,1469354,2026-07-07,14:05,B152PR,"FP	0	11:31:42.721	Core 04	2026.07.07 14:05:00   [SRJ-IND] B152PR sym=GBPUSD bar=2026.07.07 14:00 z1=2974,S,1.33862,1.33936,2026.07.07 12:25,1,2026.07.07 12:30,1.33881,1.33856"
653,GBP0629-B162,1617DC1ACCE6B50ED2D1359582A70A8B8503C569623EE90C18C6B33542796207,Tester/logs/20261011.log,1469355,2026-07-07,14:05,B152PR,"KE	0	11:31:42.721	Core 04	2026.07.07 14:05:00   [SRJ-IND] B152PR sym=GBPUSD bar=2026.07.07 14:00 bull=1 bear=1 nz=12"
654,GBP0629-B162,1617DC1ACCE6B50ED2D1359582A70A8B8503C569623EE90C18C6B33542796207,Tester/logs/20261011.log,1469356,2026-07-07,14:05,B162ORIGIN,"DH	0	11:31:42.721	Core 04	2026.07.07 14:05:00   [SRJ-IND] B162ORIGIN sym=GBPUSD bar=2026.07.07 14:00 side=B n=10 origin=2849 range=1.33657-1.33695 formT=2026.07.06 19:10 set=1582,1869,1875,1899,1909,1941,1943,2367,2646,2849"
655,GBP0629-B162,1617DC1ACCE6B50ED2D1359582A70A8B8503C569623EE90C18C6B33542796207,Tester/logs/20261011.log,1469357,2026-07-07,14:05,B162ORIGIN,"DN	0	11:31:42.721	Core 04	2026.07.07 14:05:00   [SRJ-IND] B162ORIGIN sym=GBPUSD bar=2026.07.07 14:00 side=S n=2 origin=2974 range=1.33862-1.33936 formT=2026.07.07 11:45 set=150,2974"
656,GBP0629-B162,1617DC1ACCE6B50ED2D1359582A70A8B8503C569623EE90C18C6B33542796207,Tester/logs/20261011.log,1469361,2026-07-07,14:05,CQDRECHECK,"JI	0	11:31:42.721	Core 04	2026.07.07 14:05:00   [SRJ-EA] CQDRECHECK shift=2 passA=-1.0 passB=-1.0 diff=0 bar=2026.07.07 13:55 state=IDLE dir=NONE divLatch=0 hit1=0 hit2=473 mism=0"
657,GBP0629-B162,1617DC1ACCE6B50ED2D1359582A70A8B8503C569623EE90C18C6B33542796207,Tester/logs/20261011.log,1469366,2026-07-07,14:10,B152PR,"HO	0	11:31:42.721	Core 04	2026.07.07 14:10:00   [SRJ-IND] B152PR sym=GBPUSD bar=2026.07.07 14:05 z1=150,S,1.34395,1.34430,2026.06.15 11:40,1,2026.06.15 17:05,1.34420,1.34363"
658,GBP0629-B162,1617DC1ACCE6B50ED2D1359582A70A8B8503C569623EE90C18C6B33542796207,Tester/logs/20261011.log,1469367,2026-07-07,14:10,B152PR,"IS	0	11:31:42.721	Core 04	2026.07.07 14:10:00   [SRJ-IND] B152PR sym=GBPUSD bar=2026.07.07 14:05 z1=1582,B,1.31711,1.31751,2026.06.25 15:45,1,2026.06.25 15:55,1.31818,1.31739"
659,GBP0629-B162,1617DC1ACCE6B50ED2D1359582A70A8B8503C569623EE90C18C6B33542796207,Tester/logs/20261011.log,1469368,2026-07-07,14:10,B152PR,"EI	0	11:31:42.721	Core 04	2026.07.07 14:10:00   [SRJ-IND] B152PR sym=GBPUSD bar=2026.07.07 14:05 z1=1869,B,1.31919,1.31950,2026.06.29 02:50,1,2026.06.29 03:00,1.32000,1.31935"
660,GBP0629-B162,1617DC1ACCE6B50ED2D1359582A70A8B8503C569623EE90C18C6B33542796207,Tester/logs/20261011.log,1469369,2026-07-07,14:10,B152PR,"HO	0	11:31:42.721	Core 04	2026.07.07 14:10:00   [SRJ-IND] B152PR sym=GBPUSD bar=2026.07.07 14:05 z1=1875,B,1.31936,1.31982,2026.06.29 05:20,1,2026.06.29 06:55,1.32014,1.31979"
661,GBP0629-B162,1617DC1ACCE6B50ED2D1359582A70A8B8503C569623EE90C18C6B33542796207,Tester/logs/20261011.log,1469370,2026-07-07,14:10,B152PR,"JE	0	11:31:42.721	Core 04	2026.07.07 14:10:00   [SRJ-IND] B152PR sym=GBPUSD bar=2026.07.07 14:05 z1=1899,B,1.31967,1.31979,2026.06.29 07:35,1,2026.06.29 07:40,1.31994,1.31978"
662,GBP0629-B162,1617DC1ACCE6B50ED2D1359582A70A8B8503C569623EE90C18C6B33542796207,Tester/logs/20261011.log,1469371,2026-07-07,14:10,B152PR,"KK	0	11:31:42.721	Core 04	2026.07.07 14:10:00   [SRJ-IND] B152PR sym=GBPUSD bar=2026.07.07 14:05 z1=1909,B,1.32024,1.32052,2026.06.29 08:35,1,2026.06.29 11:20,1.32088,1.32041"
663,GBP0629-B162,1617DC1ACCE6B50ED2D1359582A70A8B8503C569623EE90C18C6B33542796207,Tester/logs/20261011.log,1469372,2026-07-07,14:10,B152PR,"NQ	0	11:31:42.721	Core 04	2026.07.07 14:10:00   [SRJ-IND] B152PR sym=GBPUSD bar=2026.07.07 14:05 z1=1941,B,1.32111,1.32139,2026.06.29 14:30,1,2026.06.30 15:20,1.32223,1.32125"
664,GBP0629-B162,1617DC1ACCE6B50ED2D1359582A70A8B8503C569623EE90C18C6B33542796207,Tester/logs/20261011.log,1469373,2026-07-07,14:10,B152PR,"FG	0	11:31:42.721	Core 04	2026.07.07 14:10:00   [SRJ-IND] B152PR sym=GBPUSD bar=2026.07.07 14:05 z1=1943,B,1.32097,1.32138,2026.06.29 13:55,1,2026.06.30 15:20,1.32223,1.32125"
665,GBP0629-B162,1617DC1ACCE6B50ED2D1359582A70A8B8503C569623EE90C18C6B33542796207,Tester/logs/20261011.log,1469374,2026-07-07,14:10,B152PR,"KM	0	11:31:42.721	Core 04	2026.07.07 14:10:00   [SRJ-IND] B152PR sym=GBPUSD bar=2026.07.07 14:05 z1=2367,B,1.32677,1.32799,2026.07.02 03:10,1,2026.07.02 03:15,1.32801,1.32765"
666,GBP0629-B162,1617DC1ACCE6B50ED2D1359582A70A8B8503C569623EE90C18C6B33542796207,Tester/logs/20261011.log,1469375,2026-07-07,14:10,B152PR,"RS	0	11:31:42.721	Core 04	2026.07.07 14:10:00   [SRJ-IND] B152PR sym=GBPUSD bar=2026.07.07 14:05 z1=2646,B,1.33597,1.33639,2026.07.06 18:50,1,2026.07.06 18:55,1.33678,1.33636"
667,GBP0629-B162,1617DC1ACCE6B50ED2D1359582A70A8B8503C569623EE90C18C6B33542796207,Tester/logs/20261011.log,1469376,2026-07-07,14:10,B152PR,"NI	0	11:31:42.721	Core 04	2026.07.07 14:10:00   [SRJ-IND] B152PR sym=GBPUSD bar=2026.07.07 14:05 z1=2849,B,1.33657,1.33695,2026.07.06 19:30,1,2026.07.07 13:05,1.33770,1.33691"
668,GBP0629-B162,1617DC1ACCE6B50ED2D1359582A70A8B8503C569623EE90C18C6B33542796207,Tester/logs/20261011.log,1469377,2026-07-07,14:10,B152PR,"IN	0	11:31:42.721	Core 04	2026.07.07 14:10:00   [SRJ-IND] B152PR sym=GBPUSD bar=2026.07.07 14:05 z1=2974,S,1.33862,1.33936,2026.07.07 12:25,1,2026.07.07 12:30,1.33881,1.33856"
669,GBP0629-B162,1617DC1ACCE6B50ED2D1359582A70A8B8503C569623EE90C18C6B33542796207,Tester/logs/20261011.log,1469378,2026-07-07,14:10,B152PR,"PG	0	11:31:42.721	Core 04	2026.07.07 14:10:00   [SRJ-IND] B152PR sym=GBPUSD bar=2026.07.07 14:05 bull=1 bear=1 nz=12"
670,GBP0629-B162,1617DC1ACCE6B50ED2D1359582A70A8B8503C569623EE90C18C6B33542796207,Tester/logs/20261011.log,1469379,2026-07-07,14:10,B162ORIGIN,"OI	0	11:31:42.721	Core 04	2026.07.07 14:10:00   [SRJ-IND] B162ORIGIN sym=GBPUSD bar=2026.07.07 14:05 side=B n=10 origin=2849 range=1.33657-1.33695 formT=2026.07.06 19:10 set=1582,1869,1875,1899,1909,1941,1943,2367,2646,2849"
671,GBP0629-B162,1617DC1ACCE6B50ED2D1359582A70A8B8503C569623EE90C18C6B33542796207,Tester/logs/20261011.log,1469380,2026-07-07,14:10,B162ORIGIN,"GL	0	11:31:42.721	Core 04	2026.07.07 14:10:00   [SRJ-IND] B162ORIGIN sym=GBPUSD bar=2026.07.07 14:05 side=S n=2 origin=2974 range=1.33862-1.33936 formT=2026.07.07 11:45 set=150,2974"
672,GBP0629-B162,1617DC1ACCE6B50ED2D1359582A70A8B8503C569623EE90C18C6B33542796207,Tester/logs/20261011.log,1469384,2026-07-07,14:10,CQDRECHECK,"FK	0	11:31:42.721	Core 04	2026.07.07 14:10:00   [SRJ-EA] CQDRECHECK shift=2 passA=2.0 passB=2.0 diff=0 bar=2026.07.07 14:00 state=IDLE dir=NONE divLatch=0 hit1=0 hit2=474 mism=0"
673,GBP0629-B162,1617DC1ACCE6B50ED2D1359582A70A8B8503C569623EE90C18C6B33542796207,Tester/logs/20261011.log,1469389,2026-07-07,14:15,B152PR,"MI	0	11:31:42.721	Core 04	2026.07.07 14:15:02   [SRJ-IND] B152PR sym=GBPUSD bar=2026.07.07 14:10 z1=150,S,1.34395,1.34430,2026.06.15 11:40,1,2026.06.15 17:05,1.34420,1.34363"
674,GBP0629-B162,1617DC1ACCE6B50ED2D1359582A70A8B8503C569623EE90C18C6B33542796207,Tester/logs/20261011.log,1469390,2026-07-07,14:15,B152PR,"DQ	0	11:31:42.721	Core 04	2026.07.07 14:15:02   [SRJ-IND] B152PR sym=GBPUSD bar=2026.07.07 14:10 z1=1582,B,1.31711,1.31751,2026.06.25 15:45,1,2026.06.25 15:55,1.31818,1.31739"
675,GBP0629-B162,1617DC1ACCE6B50ED2D1359582A70A8B8503C569623EE90C18C6B33542796207,Tester/logs/20261011.log,1469391,2026-07-07,14:15,B152PR,"HG	0	11:31:42.721	Core 04	2026.07.07 14:15:02   [SRJ-IND] B152PR sym=GBPUSD bar=2026.07.07 14:10 z1=1869,B,1.31919,1.31950,2026.06.29 02:50,1,2026.06.29 03:00,1.32000,1.31935"
676,GBP0629-B162,1617DC1ACCE6B50ED2D1359582A70A8B8503C569623EE90C18C6B33542796207,Tester/logs/20261011.log,1469392,2026-07-07,14:15,B152PR,"EM	0	11:31:42.721	Core 04	2026.07.07 14:15:02   [SRJ-IND] B152PR sym=GBPUSD bar=2026.07.07 14:10 z1=1875,B,1.31936,1.31982,2026.06.29 05:20,1,2026.06.29 06:55,1.32014,1.31979"
677,GBP0629-B162,1617DC1ACCE6B50ED2D1359582A70A8B8503C569623EE90C18C6B33542796207,Tester/logs/20261011.log,1469393,2026-07-07,14:15,B152PR,"CS	0	11:31:42.721	Core 04	2026.07.07 14:15:02   [SRJ-IND] B152PR sym=GBPUSD bar=2026.07.07 14:10 z1=1899,B,1.31967,1.31979,2026.06.29 07:35,1,2026.06.29 07:40,1.31994,1.31978"
678,GBP0629-B162,1617DC1ACCE6B50ED2D1359582A70A8B8503C569623EE90C18C6B33542796207,Tester/logs/20261011.log,1469394,2026-07-07,14:15,B152PR,"RI	0	11:31:42.721	Core 04	2026.07.07 14:15:02   [SRJ-IND] B152PR sym=GBPUSD bar=2026.07.07 14:10 z1=1909,B,1.32024,1.32052,2026.06.29 08:35,1,2026.06.29 11:20,1.32088,1.32041"
679,GBP0629-B162,1617DC1ACCE6B50ED2D1359582A70A8B8503C569623EE90C18C6B33542796207,Tester/logs/20261011.log,1469395,2026-07-07,14:15,B152PR,"OO	0	11:31:42.721	Core 04	2026.07.07 14:15:02   [SRJ-IND] B152PR sym=GBPUSD bar=2026.07.07 14:10 z1=1941,B,1.32111,1.32139,2026.06.29 14:30,1,2026.06.30 15:20,1.32223,1.32125"
680,GBP0629-B162,1617DC1ACCE6B50ED2D1359582A70A8B8503C569623EE90C18C6B33542796207,Tester/logs/20261011.log,1469396,2026-07-07,14:15,B152PR,"GE	0	11:31:42.721	Core 04	2026.07.07 14:15:02   [SRJ-IND] B152PR sym=GBPUSD bar=2026.07.07 14:10 z1=1943,B,1.32097,1.32138,2026.06.29 13:55,1,2026.06.30 15:20,1.32223,1.32125"
681,GBP0629-B162,1617DC1ACCE6B50ED2D1359582A70A8B8503C569623EE90C18C6B33542796207,Tester/logs/20261011.log,1469397,2026-07-07,14:15,B152PR,"RK	0	11:31:42.721	Core 04	2026.07.07 14:15:02   [SRJ-IND] B152PR sym=GBPUSD bar=2026.07.07 14:10 z1=2367,B,1.32677,1.32799,2026.07.02 03:10,1,2026.07.02 03:15,1.32801,1.32765"
682,GBP0629-B162,1617DC1ACCE6B50ED2D1359582A70A8B8503C569623EE90C18C6B33542796207,Tester/logs/20261011.log,1469398,2026-07-07,14:15,B152PR,"KQ	0	11:31:42.721	Core 04	2026.07.07 14:15:02   [SRJ-IND] B152PR sym=GBPUSD bar=2026.07.07 14:10 z1=2646,B,1.33597,1.33639,2026.07.06 18:50,1,2026.07.06 18:55,1.33678,1.33636"
683,GBP0629-B162,1617DC1ACCE6B50ED2D1359582A70A8B8503C569623EE90C18C6B33542796207,Tester/logs/20261011.log,1469399,2026-07-07,14:15,B152PR,"OG	0	11:31:42.721	Core 04	2026.07.07 14:15:02   [SRJ-IND] B152PR sym=GBPUSD bar=2026.07.07 14:10 z1=2849,B,1.33657,1.33695,2026.07.06 19:30,1,2026.07.07 13:05,1.33770,1.33691"
684,GBP0629-B162,1617DC1ACCE6B50ED2D1359582A70A8B8503C569623EE90C18C6B33542796207,Tester/logs/20261011.log,1469400,2026-07-07,14:15,B152PR,"DL	0	11:31:42.721	Core 04	2026.07.07 14:15:02   [SRJ-IND] B152PR sym=GBPUSD bar=2026.07.07 14:10 z1=2974,S,1.33862,1.33936,2026.07.07 12:25,1,2026.07.07 12:30,1.33881,1.33856"
685,GBP0629-B162,1617DC1ACCE6B50ED2D1359582A70A8B8503C569623EE90C18C6B33542796207,Tester/logs/20261011.log,1469401,2026-07-07,14:15,B152PR,"MQ	0	11:31:42.721	Core 04	2026.07.07 14:15:02   [SRJ-IND] B152PR sym=GBPUSD bar=2026.07.07 14:10 bull=1 bear=1 nz=12"
686,GBP0629-B162,1617DC1ACCE6B50ED2D1359582A70A8B8503C569623EE90C18C6B33542796207,Tester/logs/20261011.log,1469402,2026-07-07,14:15,B162ORIGIN,"FL	0	11:31:42.721	Core 04	2026.07.07 14:15:02   [SRJ-IND] B162ORIGIN sym=GBPUSD bar=2026.07.07 14:10 side=B n=10 origin=2849 range=1.33657-1.33695 formT=2026.07.06 19:10 set=1582,1869,1875,1899,1909,1941,1943,2367,2646,2849"
687,GBP0629-B162,1617DC1ACCE6B50ED2D1359582A70A8B8503C569623EE90C18C6B33542796207,Tester/logs/20261011.log,1469403,2026-07-07,14:15,B162ORIGIN,"FR	0	11:31:42.721	Core 04	2026.07.07 14:15:02   [SRJ-IND] B162ORIGIN sym=GBPUSD bar=2026.07.07 14:10 side=S n=2 origin=2974 range=1.33862-1.33936 formT=2026.07.07 11:45 set=150,2974"
688,GBP0629-B162,1617DC1ACCE6B50ED2D1359582A70A8B8503C569623EE90C18C6B33542796207,Tester/logs/20261011.log,1469411,2026-07-07,14:20,B152PR,"IP	0	11:31:42.721	Core 04	2026.07.07 14:20:01   [SRJ-IND] B152PR sym=GBPUSD bar=2026.07.07 14:15 z1=150,S,1.34395,1.34430,2026.06.15 11:40,1,2026.06.15 17:05,1.34420,1.34363"
689,GBP0629-B162,1617DC1ACCE6B50ED2D1359582A70A8B8503C569623EE90C18C6B33542796207,Tester/logs/20261011.log,1469412,2026-07-07,14:20,B152PR,"HH	0	11:31:42.721	Core 04	2026.07.07 14:20:01   [SRJ-IND] B152PR sym=GBPUSD bar=2026.07.07 14:15 z1=1582,B,1.31711,1.31751,2026.06.25 15:45,1,2026.06.25 15:55,1.31818,1.31739"
690,GBP0629-B162,1617DC1ACCE6B50ED2D1359582A70A8B8503C569623EE90C18C6B33542796207,Tester/logs/20261011.log,1469413,2026-07-07,14:20,B152PR,"DN	0	11:31:42.721	Core 04	2026.07.07 14:20:01   [SRJ-IND] B152PR sym=GBPUSD bar=2026.07.07 14:15 z1=1869,B,1.31919,1.31950,2026.06.29 02:50,1,2026.06.29 03:00,1.32000,1.31935"
691,GBP0629-B162,1617DC1ACCE6B50ED2D1359582A70A8B8503C569623EE90C18C6B33542796207,Tester/logs/20261011.log,1469414,2026-07-07,14:20,B152PR,"ID	0	11:31:42.721	Core 04	2026.07.07 14:20:01   [SRJ-IND] B152PR sym=GBPUSD bar=2026.07.07 14:15 z1=1875,B,1.31936,1.31982,2026.06.29 05:20,1,2026.06.29 06:55,1.32014,1.31979"
692,GBP0629-B162,1617DC1ACCE6B50ED2D1359582A70A8B8503C569623EE90C18C6B33542796207,Tester/logs/20261011.log,1469415,2026-07-07,14:20,B152PR,"GJ	0	11:31:42.721	Core 04	2026.07.07 14:20:01   [SRJ-IND] B152PR sym=GBPUSD bar=2026.07.07 14:15 z1=1899,B,1.31967,1.31979,2026.06.29 07:35,1,2026.06.29 07:40,1.31994,1.31978"
693,GBP0629-B162,1617DC1ACCE6B50ED2D1359582A70A8B8503C569623EE90C18C6B33542796207,Tester/logs/20261011.log,1469416,2026-07-07,14:20,B152PR,"NP	0	11:31:42.721	Core 04	2026.07.07 14:20:01   [SRJ-IND] B152PR sym=GBPUSD bar=2026.07.07 14:15 z1=1909,B,1.32024,1.32052,2026.06.29 08:35,1,2026.06.29 11:20,1.32088,1.32041"
694,GBP0629-B162,1617DC1ACCE6B50ED2D1359582A70A8B8503C569623EE90C18C6B33542796207,Tester/logs/20261011.log,1469417,2026-07-07,14:20,B152PR,"KF	0	11:31:42.721	Core 04	2026.07.07 14:20:01   [SRJ-IND] B152PR sym=GBPUSD bar=2026.07.07 14:15 z1=1941,B,1.32111,1.32139,2026.06.29 14:30,1,2026.06.30 15:20,1.32223,1.32125"
695,GBP0629-B162,1617DC1ACCE6B50ED2D1359582A70A8B8503C569623EE90C18C6B33542796207,Tester/logs/20261011.log,1469418,2026-07-07,14:20,B152PR,"CL	0	11:31:42.721	Core 04	2026.07.07 14:20:01   [SRJ-IND] B152PR sym=GBPUSD bar=2026.07.07 14:15 z1=1943,B,1.32097,1.32138,2026.06.29 13:55,1,2026.06.30 15:20,1.32223,1.32125"
696,GBP0629-B162,1617DC1ACCE6B50ED2D1359582A70A8B8503C569623EE90C18C6B33542796207,Tester/logs/20261011.log,1469419,2026-07-07,14:20,B152PR,"NR	0	11:31:42.721	Core 04	2026.07.07 14:20:01   [SRJ-IND] B152PR sym=GBPUSD bar=2026.07.07 14:15 z1=2367,B,1.32677,1.32799,2026.07.02 03:10,1,2026.07.02 03:15,1.32801,1.32765"
697,GBP0629-B162,1617DC1ACCE6B50ED2D1359582A70A8B8503C569623EE90C18C6B33542796207,Tester/logs/20261011.log,1469420,2026-07-07,14:20,B152PR,"OH	0	11:31:42.721	Core 04	2026.07.07 14:20:01   [SRJ-IND] B152PR sym=GBPUSD bar=2026.07.07 14:15 z1=2646,B,1.33597,1.33639,2026.07.06 18:50,1,2026.07.06 18:55,1.33678,1.33636"
698,GBP0629-B162,1617DC1ACCE6B50ED2D1359582A70A8B8503C569623EE90C18C6B33542796207,Tester/logs/20261011.log,1469421,2026-07-07,14:20,B152PR,"KN	0	11:31:42.721	Core 04	2026.07.07 14:20:01   [SRJ-IND] B152PR sym=GBPUSD bar=2026.07.07 14:15 z1=2849,B,1.33657,1.33695,2026.07.06 19:30,1,2026.07.07 13:05,1.33770,1.33691"
699,GBP0629-B162,1617DC1ACCE6B50ED2D1359582A70A8B8503C569623EE90C18C6B33542796207,Tester/logs/20261011.log,1469422,2026-07-07,14:20,B152PR,"HE	0	11:31:42.721	Core 04	2026.07.07 14:20:01   [SRJ-IND] B152PR sym=GBPUSD bar=2026.07.07 14:15 z1=2974,S,1.33862,1.33936,2026.07.07 12:25,1,2026.07.07 12:30,1.33881,1.33856"
700,GBP0629-B162,1617DC1ACCE6B50ED2D1359582A70A8B8503C569623EE90C18C6B33542796207,Tester/logs/20261011.log,1469423,2026-07-07,14:20,B152PR,"QH	0	11:31:42.721	Core 04	2026.07.07 14:20:01   [SRJ-IND] B152PR sym=GBPUSD bar=2026.07.07 14:15 bull=1 bear=1 nz=12"
701,GBP0629-B162,1617DC1ACCE6B50ED2D1359582A70A8B8503C569623EE90C18C6B33542796207,Tester/logs/20261011.log,1469424,2026-07-07,14:20,B162ORIGIN,"RD	0	11:31:42.721	Core 04	2026.07.07 14:20:01   [SRJ-IND] B162ORIGIN sym=GBPUSD bar=2026.07.07 14:15 side=B n=10 origin=2849 range=1.33657-1.33695 formT=2026.07.06 19:10 set=1582,1869,1875,1899,1909,1941,1943,2367,2646,2849"
702,GBP0629-B162,1617DC1ACCE6B50ED2D1359582A70A8B8503C569623EE90C18C6B33542796207,Tester/logs/20261011.log,1469425,2026-07-07,14:20,B162ORIGIN,"JI	0	11:31:42.721	Core 04	2026.07.07 14:20:01   [SRJ-IND] B162ORIGIN sym=GBPUSD bar=2026.07.07 14:15 side=S n=2 origin=2974 range=1.33862-1.33936 formT=2026.07.07 11:45 set=150,2974"
703,GBP0629-B162,1617DC1ACCE6B50ED2D1359582A70A8B8503C569623EE90C18C6B33542796207,Tester/logs/20261011.log,1469434,2026-07-07,14:25,B152PR,"LF	0	11:31:42.721	Core 04	2026.07.07 14:25:01   [SRJ-IND] B152PR sym=GBPUSD bar=2026.07.07 14:20 z1=150,S,1.34395,1.34430,2026.06.15 11:40,1,2026.06.15 17:05,1.34420,1.34363"
704,GBP0629-B162,1617DC1ACCE6B50ED2D1359582A70A8B8503C569623EE90C18C6B33542796207,Tester/logs/20261011.log,1469435,2026-07-07,14:25,B152PR,"EJ	0	11:31:42.721	Core 04	2026.07.07 14:25:01   [SRJ-IND] B152PR sym=GBPUSD bar=2026.07.07 14:20 z1=1582,B,1.31711,1.31751,2026.06.25 15:45,1,2026.06.25 15:55,1.31818,1.31739"
705,GBP0629-B162,1617DC1ACCE6B50ED2D1359582A70A8B8503C569623EE90C18C6B33542796207,Tester/logs/20261011.log,1469436,2026-07-07,14:25,B152PR,"IP	0	11:31:42.721	Core 04	2026.07.07 14:25:01   [SRJ-IND] B152PR sym=GBPUSD bar=2026.07.07 14:20 z1=1869,B,1.31919,1.31950,2026.06.29 02:50,1,2026.06.29 03:00,1.32000,1.31935"
706,GBP0629-B162,1617DC1ACCE6B50ED2D1359582A70A8B8503C569623EE90C18C6B33542796207,Tester/logs/20261011.log,1469437,2026-07-07,14:25,B152PR,"DF	0	11:31:42.721	Core 04	2026.07.07 14:25:01   [SRJ-IND] B152PR sym=GBPUSD bar=2026.07.07 14:20 z1=1875,B,1.31936,1.31982,2026.06.29 05:20,1,2026.06.29 06:55,1.32014,1.31979"
707,GBP0629-B162,1617DC1ACCE6B50ED2D1359582A70A8B8503C569623EE90C18C6B33542796207,Tester/logs/20261011.log,1469438,2026-07-07,14:25,B152PR,"FL	0	11:31:42.721	Core 04	2026.07.07 14:25:01   [SRJ-IND] B152PR sym=GBPUSD bar=2026.07.07 14:20 z1=1899,B,1.31967,1.31979,2026.06.29 07:35,1,2026.06.29 07:40,1.31994,1.31978"
708,GBP0629-B162,1617DC1ACCE6B50ED2D1359582A70A8B8503C569623EE90C18C6B33542796207,Tester/logs/20261011.log,1469439,2026-07-07,14:25,B152PR,"OR	0	11:31:42.721	Core 04	2026.07.07 14:25:01   [SRJ-IND] B152PR sym=GBPUSD bar=2026.07.07 14:20 z1=1909,B,1.32024,1.32052,2026.06.29 08:35,1,2026.06.29 11:20,1.32088,1.32041"
709,GBP0629-B162,1617DC1ACCE6B50ED2D1359582A70A8B8503C569623EE90C18C6B33542796207,Tester/logs/20261011.log,1469440,2026-07-07,14:25,B152PR,"RH	0	11:31:42.721	Core 04	2026.07.07 14:25:01   [SRJ-IND] B152PR sym=GBPUSD bar=2026.07.07 14:20 z1=1941,B,1.32111,1.32139,2026.06.29 14:30,1,2026.06.30 15:20,1.32223,1.32125"
710,GBP0629-B162,1617DC1ACCE6B50ED2D1359582A70A8B8503C569623EE90C18C6B33542796207,Tester/logs/20261011.log,1469441,2026-07-07,14:25,B152PR,"JN	0	11:31:42.721	Core 04	2026.07.07 14:25:01   [SRJ-IND] B152PR sym=GBPUSD bar=2026.07.07 14:20 z1=1943,B,1.32097,1.32138,2026.06.29 13:55,1,2026.06.30 15:20,1.32223,1.32125"
711,GBP0629-B162,1617DC1ACCE6B50ED2D1359582A70A8B8503C569623EE90C18C6B33542796207,Tester/logs/20261011.log,1469442,2026-07-07,14:25,B152PR,"OD	0	11:31:42.721	Core 04	2026.07.07 14:25:01   [SRJ-IND] B152PR sym=GBPUSD bar=2026.07.07 14:20 z1=2367,B,1.32677,1.32799,2026.07.02 03:10,1,2026.07.02 03:15,1.32801,1.32765"
712,GBP0629-B162,1617DC1ACCE6B50ED2D1359582A70A8B8503C569623EE90C18C6B33542796207,Tester/logs/20261011.log,1469443,2026-07-07,14:25,B152PR,"NJ	0	11:31:42.721	Core 04	2026.07.07 14:25:01   [SRJ-IND] B152PR sym=GBPUSD bar=2026.07.07 14:20 z1=2646,B,1.33597,1.33639,2026.07.06 18:50,1,2026.07.06 18:55,1.33678,1.33636"
713,GBP0629-B162,1617DC1ACCE6B50ED2D1359582A70A8B8503C569623EE90C18C6B33542796207,Tester/logs/20261011.log,1469444,2026-07-07,14:25,B152PR,"RP	0	11:31:42.721	Core 04	2026.07.07 14:25:01   [SRJ-IND] B152PR sym=GBPUSD bar=2026.07.07 14:20 z1=2849,B,1.33657,1.33695,2026.07.06 19:30,1,2026.07.07 13:05,1.33770,1.33691"
714,GBP0629-B162,1617DC1ACCE6B50ED2D1359582A70A8B8503C569623EE90C18C6B33542796207,Tester/logs/20261011.log,1469445,2026-07-07,14:25,B152PR,"EG	0	11:31:42.721	Core 04	2026.07.07 14:25:01   [SRJ-IND] B152PR sym=GBPUSD bar=2026.07.07 14:20 z1=2974,S,1.33862,1.33936,2026.07.07 12:25,1,2026.07.07 12:30,1.33881,1.33856"
715,GBP0629-B162,1617DC1ACCE6B50ED2D1359582A70A8B8503C569623EE90C18C6B33542796207,Tester/logs/20261011.log,1469446,2026-07-07,14:25,B152PR,"LN	0	11:31:42.721	Core 04	2026.07.07 14:25:01   [SRJ-IND] B152PR sym=GBPUSD bar=2026.07.07 14:20 bull=1 bear=1 nz=12"
716,GBP0629-B162,1617DC1ACCE6B50ED2D1359582A70A8B8503C569623EE90C18C6B33542796207,Tester/logs/20261011.log,1469447,2026-07-07,14:25,B162ORIGIN,"CG	0	11:31:42.721	Core 04	2026.07.07 14:25:01   [SRJ-IND] B162ORIGIN sym=GBPUSD bar=2026.07.07 14:20 side=B n=10 origin=2849 range=1.33657-1.33695 formT=2026.07.06 19:10 set=1582,1869,1875,1899,1909,1941,1943,2367,2646,2849"
717,GBP0629-B162,1617DC1ACCE6B50ED2D1359582A70A8B8503C569623EE90C18C6B33542796207,Tester/logs/20261011.log,1469448,2026-07-07,14:25,B162ORIGIN,"CK	0	11:31:42.721	Core 04	2026.07.07 14:25:01   [SRJ-IND] B162ORIGIN sym=GBPUSD bar=2026.07.07 14:20 side=S n=2 origin=2974 range=1.33862-1.33936 formT=2026.07.07 11:45 set=150,2974"
718,GBP0629-B162,1617DC1ACCE6B50ED2D1359582A70A8B8503C569623EE90C18C6B33542796207,Tester/logs/20261011.log,1469455,2026-07-07,14:25,CONFIRMPOLL,"EK	0	11:31:42.721	Core 04	2026.07.07 14:25:01   [SRJ-EA] CONFIRMPOLL bar=2026.07.07 14:20 anchor=Weekly-POC dir=SHORT oppCandle=1 bodyDir=0 body=0pts doji=1 touchAttr=0 confirm=0 shadow=true"
719,GBP0629-B162,1617DC1ACCE6B50ED2D1359582A70A8B8503C569623EE90C18C6B33542796207,Tester/logs/20261011.log,1469457,2026-07-07,14:25,STATE,"LK	0	11:31:42.721	Core 04	2026.07.07 14:25:01   [SRJ-EA] 2026.07.07 14:25:01 STATE IDLE->S1_REGIME dir=SHORT poi=Weekly-POC"
720,GBP0629-B162,1617DC1ACCE6B50ED2D1359582A70A8B8503C569623EE90C18C6B33542796207,Tester/logs/20261011.log,1469458,2026-07-07,14:25,ANCHOR_ELECT,"CI	0	11:31:42.721	Core 04	2026.07.07 14:25:01   [SRJ-EA] ANCHOR_ELECT bar=2026.07.07 14:20 action=SEED poi=Weekly-POC rank=8 tier=4 dir=SHORT"
721,GBP0629-B162,1617DC1ACCE6B50ED2D1359582A70A8B8503C569623EE90C18C6B33542796207,Tester/logs/20261011.log,1469468,2026-07-07,14:25,STATE,"PE	0	11:31:42.721	Core 04	2026.07.07 14:25:01   [SRJ-EA] 2026.07.07 14:25:01 STATE S1_REGIME->S2_LTF_ALIGN dir=SHORT poi=Weekly-POC"
722,GBP0629-B162,1617DC1ACCE6B50ED2D1359582A70A8B8503C569623EE90C18C6B33542796207,Tester/logs/20261011.log,1469471,2026-07-07,14:25,ABORT,"PH	0	11:31:42.721	Core 04	2026.07.07 14:25:01   [SRJ-EA] 2026.07.07 14:25:01 ABORT reason=SEEDBIAS_REFUSED state=S2_LTF_ALIGN poi=Weekly-POC dir=SHORT"
723,GBP0629-B162,1617DC1ACCE6B50ED2D1359582A70A8B8503C569623EE90C18C6B33542796207,Tester/logs/20261011.log,1469472,2026-07-07,14:25,A6REFUSED,"GD	0	11:31:42.721	Core 04	2026.07.07 14:25:01   [SRJ-EA] A6REFUSED class=ABSENT_DECLINED bar=2026.07.07 14:25 state=S2_LTF_ALIGN dir=SHORT predicate=SEEDBIAS_REFUSED"
724,GBP0629-B162,1617DC1ACCE6B50ED2D1359582A70A8B8503C569623EE90C18C6B33542796207,Tester/logs/20261011.log,1469473,2026-07-07,14:25,STATE,"RQ	0	11:31:42.721	Core 04	2026.07.07 14:25:01   [SRJ-EA] 2026.07.07 14:25:01 STATE S2_LTF_ALIGN->ABORT dir=SHORT poi=Weekly-POC"
725,GBP0629-B162,1617DC1ACCE6B50ED2D1359582A70A8B8503C569623EE90C18C6B33542796207,Tester/logs/20261011.log,1469478,2026-07-07,14:30,B152PR,"DD	0	11:31:42.721	Core 04	2026.07.07 14:30:00   [SRJ-IND] B152PR sym=GBPUSD bar=2026.07.07 14:25 z1=150,S,1.34395,1.34430,2026.06.15 11:40,1,2026.06.15 17:05,1.34420,1.34363"
726,GBP0629-B162,1617DC1ACCE6B50ED2D1359582A70A8B8503C569623EE90C18C6B33542796207,Tester/logs/20261011.log,1469479,2026-07-07,14:30,B152PR,"ML	0	11:31:42.721	Core 04	2026.07.07 14:30:00   [SRJ-IND] B152PR sym=GBPUSD bar=2026.07.07 14:25 z1=1582,B,1.31711,1.31751,2026.06.25 15:45,1,2026.06.25 15:55,1.31818,1.31739"
727,GBP0629-B162,1617DC1ACCE6B50ED2D1359582A70A8B8503C569623EE90C18C6B33542796207,Tester/logs/20261011.log,1469480,2026-07-07,14:30,B152PR,"QR	0	11:31:42.721	Core 04	2026.07.07 14:30:00   [SRJ-IND] B152PR sym=GBPUSD bar=2026.07.07 14:25 z1=1869,B,1.31919,1.31950,2026.06.29 02:50,1,2026.06.29 03:00,1.32000,1.31935"
728,GBP0629-B162,1617DC1ACCE6B50ED2D1359582A70A8B8503C569623EE90C18C6B33542796207,Tester/logs/20261011.log,1469481,2026-07-07,14:30,B152PR,"LH	0	11:31:42.721	Core 04	2026.07.07 14:30:00   [SRJ-IND] B152PR sym=GBPUSD bar=2026.07.07 14:25 z1=1875,B,1.31936,1.31982,2026.06.29 05:20,1,2026.06.29 06:55,1.32014,1.31979"
729,GBP0629-B162,1617DC1ACCE6B50ED2D1359582A70A8B8503C569623EE90C18C6B33542796207,Tester/logs/20261011.log,1469482,2026-07-07,14:30,B152PR,"NN	0	11:31:42.721	Core 04	2026.07.07 14:30:00   [SRJ-IND] B152PR sym=GBPUSD bar=2026.07.07 14:25 z1=1899,B,1.31967,1.31979,2026.06.29 07:35,1,2026.06.29 07:40,1.31994,1.31978"
730,GBP0629-B162,1617DC1ACCE6B50ED2D1359582A70A8B8503C569623EE90C18C6B33542796207,Tester/logs/20261011.log,1469483,2026-07-07,14:30,B152PR,"GD	0	11:31:42.721	Core 04	2026.07.07 14:30:00   [SRJ-IND] B152PR sym=GBPUSD bar=2026.07.07 14:25 z1=1909,B,1.32024,1.32052,2026.06.29 08:35,1,2026.06.29 11:20,1.32088,1.32041"
731,GBP0629-B162,1617DC1ACCE6B50ED2D1359582A70A8B8503C569623EE90C18C6B33542796207,Tester/logs/20261011.log,1469484,2026-07-07,14:30,B152PR,"JJ	0	11:31:42.721	Core 04	2026.07.07 14:30:00   [SRJ-IND] B152PR sym=GBPUSD bar=2026.07.07 14:25 z1=1941,B,1.32111,1.32139,2026.06.29 14:30,1,2026.06.30 15:20,1.32223,1.32125"
732,GBP0629-B162,1617DC1ACCE6B50ED2D1359582A70A8B8503C569623EE90C18C6B33542796207,Tester/logs/20261011.log,1469485,2026-07-07,14:30,B152PR,"RP	0	11:31:42.721	Core 04	2026.07.07 14:30:00   [SRJ-IND] B152PR sym=GBPUSD bar=2026.07.07 14:25 z1=1943,B,1.32097,1.32138,2026.06.29 13:55,1,2026.06.30 15:20,1.32223,1.32125"
733,GBP0629-B162,1617DC1ACCE6B50ED2D1359582A70A8B8503C569623EE90C18C6B33542796207,Tester/logs/20261011.log,1469486,2026-07-07,14:30,B152PR,"GF	0	11:31:42.721	Core 04	2026.07.07 14:30:00   [SRJ-IND] B152PR sym=GBPUSD bar=2026.07.07 14:25 z1=2367,B,1.32677,1.32799,2026.07.02 03:10,1,2026.07.02 03:15,1.32801,1.32765"
734,GBP0629-B162,1617DC1ACCE6B50ED2D1359582A70A8B8503C569623EE90C18C6B33542796207,Tester/logs/20261011.log,1469487,2026-07-07,14:30,B152PR,"FL	0	11:31:42.721	Core 04	2026.07.07 14:30:00   [SRJ-IND] B152PR sym=GBPUSD bar=2026.07.07 14:25 z1=2646,B,1.33597,1.33639,2026.07.06 18:50,1,2026.07.06 18:55,1.33678,1.33636"
735,GBP0629-B162,1617DC1ACCE6B50ED2D1359582A70A8B8503C569623EE90C18C6B33542796207,Tester/logs/20261011.log,1469488,2026-07-07,14:30,B152PR,"JR	0	11:31:42.721	Core 04	2026.07.07 14:30:00   [SRJ-IND] B152PR sym=GBPUSD bar=2026.07.07 14:25 z1=2849,B,1.33657,1.33695,2026.07.06 19:30,1,2026.07.07 13:05,1.33770,1.33691"
736,GBP0629-B162,1617DC1ACCE6B50ED2D1359582A70A8B8503C569623EE90C18C6B33542796207,Tester/logs/20261011.log,1469489,2026-07-07,14:30,B152PR,"MI	0	11:31:42.721	Core 04	2026.07.07 14:30:00   [SRJ-IND] B152PR sym=GBPUSD bar=2026.07.07 14:25 z1=2974,S,1.33862,1.33936,2026.07.07 12:25,1,2026.07.07 12:30,1.33881,1.33856"
737,GBP0629-B162,1617DC1ACCE6B50ED2D1359582A70A8B8503C569623EE90C18C6B33542796207,Tester/logs/20261011.log,1469490,2026-07-07,14:30,B152PR,"DL	0	11:31:42.721	Core 04	2026.07.07 14:30:00   [SRJ-IND] B152PR sym=GBPUSD bar=2026.07.07 14:25 bull=1 bear=1 nz=12"
738,GBP0629-B162,1617DC1ACCE6B50ED2D1359582A70A8B8503C569623EE90C18C6B33542796207,Tester/logs/20261011.log,1469491,2026-07-07,14:30,B162ORIGIN,"KP	0	11:31:42.721	Core 04	2026.07.07 14:30:00   [SRJ-IND] B162ORIGIN sym=GBPUSD bar=2026.07.07 14:25 side=B n=10 origin=2849 range=1.33657-1.33695 formT=2026.07.06 19:10 set=1582,1869,1875,1899,1909,1941,1943,2367,2646,2849"
739,GBP0629-B162,1617DC1ACCE6B50ED2D1359582A70A8B8503C569623EE90C18C6B33542796207,Tester/logs/20261011.log,1469492,2026-07-07,14:30,B162ORIGIN,"KE	0	11:31:42.721	Core 04	2026.07.07 14:30:00   [SRJ-IND] B162ORIGIN sym=GBPUSD bar=2026.07.07 14:25 side=S n=2 origin=2974 range=1.33862-1.33936 formT=2026.07.07 11:45 set=150,2974"
740,GBP0629-B162,1617DC1ACCE6B50ED2D1359582A70A8B8503C569623EE90C18C6B33542796207,Tester/logs/20261011.log,1469498,2026-07-07,14:30,CQDRECHECK,"MI	0	11:31:42.721	Core 04	2026.07.07 14:30:00   [SRJ-EA] CQDRECHECK shift=2 passA=-1.0 passB=-1.0 diff=0 bar=2026.07.07 14:20 state=IDLE dir=NONE divLatch=0 hit1=0 hit2=475 mism=0"
741,GBP0629-B162,1617DC1ACCE6B50ED2D1359582A70A8B8503C569623EE90C18C6B33542796207,Tester/logs/20261011.log,1469503,2026-07-07,14:30,CONFIRMPOLL,"QR	0	11:31:42.721	Core 04	2026.07.07 14:30:00   [SRJ-EA] CONFIRMPOLL bar=2026.07.07 14:25 anchor=Daily-POC dir=SHORT oppCandle=0 bodyDir=1 body=4pts doji=0 touchAttr=1 confirm=0 shadow=true"
742,GBP0629-B162,1617DC1ACCE6B50ED2D1359582A70A8B8503C569623EE90C18C6B33542796207,Tester/logs/20261011.log,1469505,2026-07-07,14:30,STATE,"FJ	0	11:31:42.721	Core 04	2026.07.07 14:30:00   [SRJ-EA] 2026.07.07 14:30:00 STATE IDLE->S1_REGIME dir=SHORT poi=Daily-POC"
743,GBP0629-B162,1617DC1ACCE6B50ED2D1359582A70A8B8503C569623EE90C18C6B33542796207,Tester/logs/20261011.log,1469506,2026-07-07,14:30,ANCHOR_ELECT,"GJ	0	11:31:42.721	Core 04	2026.07.07 14:30:00   [SRJ-EA] ANCHOR_ELECT bar=2026.07.07 14:25 action=SEED poi=Daily-POC rank=10 tier=5 dir=SHORT"
744,GBP0629-B162,1617DC1ACCE6B50ED2D1359582A70A8B8503C569623EE90C18C6B33542796207,Tester/logs/20261011.log,1469515,2026-07-07,14:30,STATE,"ND	0	11:31:42.721	Core 04	2026.07.07 14:30:00   [SRJ-EA] 2026.07.07 14:30:00 STATE S1_REGIME->S2_LTF_ALIGN dir=SHORT poi=Daily-POC"
745,GBP0629-B162,1617DC1ACCE6B50ED2D1359582A70A8B8503C569623EE90C18C6B33542796207,Tester/logs/20261011.log,1469518,2026-07-07,14:30,ABORT,"FD	0	11:31:42.721	Core 04	2026.07.07 14:30:00   [SRJ-EA] 2026.07.07 14:30:00 ABORT reason=SEEDBIAS_REFUSED state=S2_LTF_ALIGN poi=Daily-POC dir=SHORT"
746,GBP0629-B162,1617DC1ACCE6B50ED2D1359582A70A8B8503C569623EE90C18C6B33542796207,Tester/logs/20261011.log,1469519,2026-07-07,14:30,A6REFUSED,"HJ	0	11:31:42.721	Core 04	2026.07.07 14:30:00   [SRJ-EA] A6REFUSED class=ABSENT_DECLINED bar=2026.07.07 14:30 state=S2_LTF_ALIGN dir=SHORT predicate=SEEDBIAS_REFUSED"
747,GBP0629-B162,1617DC1ACCE6B50ED2D1359582A70A8B8503C569623EE90C18C6B33542796207,Tester/logs/20261011.log,1469520,2026-07-07,14:30,STATE,"RL	0	11:31:42.721	Core 04	2026.07.07 14:30:00   [SRJ-EA] 2026.07.07 14:30:00 STATE S2_LTF_ALIGN->ABORT dir=SHORT poi=Daily-POC"
748,GBP0629-B162,1617DC1ACCE6B50ED2D1359582A70A8B8503C569623EE90C18C6B33542796207,Tester/logs/20261011.log,1469524,2026-07-07,14:35,B152PR,"GR	0	11:31:42.721	Core 04	2026.07.07 14:35:02   [SRJ-IND] B152PR sym=GBPUSD bar=2026.07.07 14:30 z1=150,S,1.34395,1.34430,2026.06.15 11:40,1,2026.06.15 17:05,1.34420,1.34363"
749,GBP0629-B162,1617DC1ACCE6B50ED2D1359582A70A8B8503C569623EE90C18C6B33542796207,Tester/logs/20261011.log,1469525,2026-07-07,14:35,B152PR,"NF	0	11:31:42.721	Core 04	2026.07.07 14:35:02   [SRJ-IND] B152PR sym=GBPUSD bar=2026.07.07 14:30 z1=1582,B,1.31711,1.31751,2026.06.25 15:45,1,2026.06.25 15:55,1.31818,1.31739"
750,GBP0629-B162,1617DC1ACCE6B50ED2D1359582A70A8B8503C569623EE90C18C6B33542796207,Tester/logs/20261011.log,1469526,2026-07-07,14:35,B152PR,"RL	0	11:31:42.721	Core 04	2026.07.07 14:35:02   [SRJ-IND] B152PR sym=GBPUSD bar=2026.07.07 14:30 z1=1869,B,1.31919,1.31950,2026.06.29 02:50,1,2026.06.29 03:00,1.32000,1.31935"
751,GBP0629-B162,1617DC1ACCE6B50ED2D1359582A70A8B8503C569623EE90C18C6B33542796207,Tester/logs/20261011.log,1469527,2026-07-07,14:35,B152PR,"KR	0	11:31:42.721	Core 04	2026.07.07 14:35:02   [SRJ-IND] B152PR sym=GBPUSD bar=2026.07.07 14:30 z1=1875,B,1.31936,1.31982,2026.06.29 05:20,1,2026.06.29 06:55,1.32014,1.31979"
752,GBP0629-B162,1617DC1ACCE6B50ED2D1359582A70A8B8503C569623EE90C18C6B33542796207,Tester/logs/20261011.log,1469528,2026-07-07,14:35,B152PR,"MH	0	11:31:42.721	Core 04	2026.07.07 14:35:02   [SRJ-IND] B152PR sym=GBPUSD bar=2026.07.07 14:30 z1=1899,B,1.31967,1.31979,2026.06.29 07:35,1,2026.06.29 07:40,1.31994,1.31978"
753,GBP0629-B162,1617DC1ACCE6B50ED2D1359582A70A8B8503C569623EE90C18C6B33542796207,Tester/logs/20261011.log,1469529,2026-07-07,14:35,B152PR,"HN	0	11:31:42.721	Core 04	2026.07.07 14:35:02   [SRJ-IND] B152PR sym=GBPUSD bar=2026.07.07 14:30 z1=1909,B,1.32024,1.32052,2026.06.29 08:35,1,2026.06.29 11:20,1.32088,1.32041"
754,GBP0629-B162,1617DC1ACCE6B50ED2D1359582A70A8B8503C569623EE90C18C6B33542796207,Tester/logs/20261011.log,1469530,2026-07-07,14:35,B152PR,"ID	0	11:31:42.721	Core 04	2026.07.07 14:35:02   [SRJ-IND] B152PR sym=GBPUSD bar=2026.07.07 14:30 z1=1941,B,1.32111,1.32139,2026.06.29 14:30,1,2026.06.30 15:20,1.32223,1.32125"
755,GBP0629-B162,1617DC1ACCE6B50ED2D1359582A70A8B8503C569623EE90C18C6B33542796207,Tester/logs/20261011.log,1469531,2026-07-07,14:35,B152PR,"QJ	0	11:31:42.721	Core 04	2026.07.07 14:35:02   [SRJ-IND] B152PR sym=GBPUSD bar=2026.07.07 14:30 z1=1943,B,1.32097,1.32138,2026.06.29 13:55,1,2026.06.30 15:20,1.32223,1.32125"
756,GBP0629-B162,1617DC1ACCE6B50ED2D1359582A70A8B8503C569623EE90C18C6B33542796207,Tester/logs/20261011.log,1469532,2026-07-07,14:35,B152PR,"HP	0	11:31:42.721	Core 04	2026.07.07 14:35:02   [SRJ-IND] B152PR sym=GBPUSD bar=2026.07.07 14:30 z1=2367,B,1.32677,1.32799,2026.07.02 03:10,1,2026.07.02 03:15,1.32801,1.32765"
757,GBP0629-B162,1617DC1ACCE6B50ED2D1359582A70A8B8503C569623EE90C18C6B33542796207,Tester/logs/20261011.log,1469533,2026-07-07,14:35,B152PR,"EF	0	11:31:42.721	Core 04	2026.07.07 14:35:02   [SRJ-IND] B152PR sym=GBPUSD bar=2026.07.07 14:30 z1=2646,B,1.33597,1.33639,2026.07.06 18:50,1,2026.07.06 18:55,1.33678,1.33636"
758,GBP0629-B162,1617DC1ACCE6B50ED2D1359582A70A8B8503C569623EE90C18C6B33542796207,Tester/logs/20261011.log,1469534,2026-07-07,14:35,B152PR,"IL	0	11:31:42.721	Core 04	2026.07.07 14:35:02   [SRJ-IND] B152PR sym=GBPUSD bar=2026.07.07 14:30 z1=2849,B,1.33657,1.33695,2026.07.06 19:30,1,2026.07.07 13:05,1.33770,1.33691"
759,GBP0629-B162,1617DC1ACCE6B50ED2D1359582A70A8B8503C569623EE90C18C6B33542796207,Tester/logs/20261011.log,1469535,2026-07-07,14:35,B152PR,"NS	0	11:31:42.721	Core 04	2026.07.07 14:35:02   [SRJ-IND] B152PR sym=GBPUSD bar=2026.07.07 14:30 z1=2974,S,1.33862,1.33936,2026.07.07 12:25,1,2026.07.07 12:30,1.33881,1.33856"
760,GBP0629-B162,1617DC1ACCE6B50ED2D1359582A70A8B8503C569623EE90C18C6B33542796207,Tester/logs/20261011.log,1469536,2026-07-07,14:35,B152PR,"IH	0	11:31:42.721	Core 04	2026.07.07 14:35:02   [SRJ-IND] B152PR sym=GBPUSD bar=2026.07.07 14:30 z1=2990,B,1.33840,1.33861,2026.07.07 14:25,1,2026.07.07 14:30,1.33891,1.33861"
761,GBP0629-B162,1617DC1ACCE6B50ED2D1359582A70A8B8503C569623EE90C18C6B33542796207,Tester/logs/20261011.log,1469537,2026-07-07,14:35,B152PR,"DL	0	11:31:42.721	Core 04	2026.07.07 14:35:02   [SRJ-IND] B152PR sym=GBPUSD bar=2026.07.07 14:30 bull=1 bear=1 nz=13"
762,GBP0629-B162,1617DC1ACCE6B50ED2D1359582A70A8B8503C569623EE90C18C6B33542796207,Tester/logs/20261011.log,1469538,2026-07-07,14:35,B162ORIGIN,"GR	0	11:31:42.721	Core 04	2026.07.07 14:35:02   [SRJ-IND] B162ORIGIN sym=GBPUSD bar=2026.07.07 14:30 side=B n=11 origin=2990 range=1.33840-1.33861 formT=2026.07.07 13:55 set=1582,1869,1875,1899,1909,1941,1943,2367,2646,2849,2990"
763,GBP0629-B162,1617DC1ACCE6B50ED2D1359582A70A8B8503C569623EE90C18C6B33542796207,Tester/logs/20261011.log,1469539,2026-07-07,14:35,B162ORIGIN,"FF	0	11:31:42.721	Core 04	2026.07.07 14:35:02   [SRJ-IND] B162ORIGIN sym=GBPUSD bar=2026.07.07 14:30 side=S n=2 origin=2974 range=1.33862-1.33936 formT=2026.07.07 11:45 set=150,2974"
764,GBP0629-B162,1617DC1ACCE6B50ED2D1359582A70A8B8503C569623EE90C18C6B33542796207,Tester/logs/20261011.log,1469546,2026-07-07,14:35,CONFIRMPOLL,"EQ	0	11:31:42.721	Core 04	2026.07.07 14:35:02   [SRJ-EA] CONFIRMPOLL bar=2026.07.07 14:30 anchor=Daily-POC dir=SHORT oppCandle=0 bodyDir=1 body=7pts doji=0 touchAttr=1 confirm=0 shadow=true"
765,GBP0629-B162,1617DC1ACCE6B50ED2D1359582A70A8B8503C569623EE90C18C6B33542796207,Tester/logs/20261011.log,1469548,2026-07-07,14:35,STATE,"RO	0	11:31:42.721	Core 04	2026.07.07 14:35:02   [SRJ-EA] 2026.07.07 14:35:02 STATE IDLE->S1_REGIME dir=SHORT poi=Daily-POC"
766,GBP0629-B162,1617DC1ACCE6B50ED2D1359582A70A8B8503C569623EE90C18C6B33542796207,Tester/logs/20261011.log,1469549,2026-07-07,14:35,ANCHOR_ELECT,"NN	0	11:31:42.721	Core 04	2026.07.07 14:35:02   [SRJ-EA] ANCHOR_ELECT bar=2026.07.07 14:30 action=SEED poi=Daily-POC rank=10 tier=5 dir=SHORT"
767,GBP0629-B162,1617DC1ACCE6B50ED2D1359582A70A8B8503C569623EE90C18C6B33542796207,Tester/logs/20261011.log,1469558,2026-07-07,14:35,STATE,"LQ	0	11:31:42.721	Core 04	2026.07.07 14:35:02   [SRJ-EA] 2026.07.07 14:35:02 STATE S1_REGIME->S2_LTF_ALIGN dir=SHORT poi=Daily-POC"
768,GBP0629-B162,1617DC1ACCE6B50ED2D1359582A70A8B8503C569623EE90C18C6B33542796207,Tester/logs/20261011.log,1469561,2026-07-07,14:35,ABORT,"PH	0	11:31:42.721	Core 04	2026.07.07 14:35:02   [SRJ-EA] 2026.07.07 14:35:02 ABORT reason=SEEDBIAS_REFUSED state=S2_LTF_ALIGN poi=Daily-POC dir=SHORT"
769,GBP0629-B162,1617DC1ACCE6B50ED2D1359582A70A8B8503C569623EE90C18C6B33542796207,Tester/logs/20261011.log,1469562,2026-07-07,14:35,A6REFUSED,"HM	0	11:31:42.721	Core 04	2026.07.07 14:35:02   [SRJ-EA] A6REFUSED class=ABSENT_DECLINED bar=2026.07.07 14:35 state=S2_LTF_ALIGN dir=SHORT predicate=SEEDBIAS_REFUSED"
770,GBP0629-B162,1617DC1ACCE6B50ED2D1359582A70A8B8503C569623EE90C18C6B33542796207,Tester/logs/20261011.log,1469563,2026-07-07,14:35,STATE,"LQ	0	11:31:42.721	Core 04	2026.07.07 14:35:02   [SRJ-EA] 2026.07.07 14:35:02 STATE S2_LTF_ALIGN->ABORT dir=SHORT poi=Daily-POC"
771,GBP0629-B162,1617DC1ACCE6B50ED2D1359582A70A8B8503C569623EE90C18C6B33542796207,Tester/logs/20261011.log,1469567,2026-07-07,14:40,B152PR,"FG	0	11:31:42.721	Core 04	2026.07.07 14:40:00   [SRJ-IND] B152PR sym=GBPUSD bar=2026.07.07 14:35 z1=150,S,1.34395,1.34430,2026.06.15 11:40,1,2026.06.15 17:05,1.34420,1.34363"
772,GBP0629-B162,1617DC1ACCE6B50ED2D1359582A70A8B8503C569623EE90C18C6B33542796207,Tester/logs/20261011.log,1469568,2026-07-07,14:40,B152PR,"CK	0	11:31:42.721	Core 04	2026.07.07 14:40:00   [SRJ-IND] B152PR sym=GBPUSD bar=2026.07.07 14:35 z1=1582,B,1.31711,1.31751,2026.06.25 15:45,1,2026.06.25 15:55,1.31818,1.31739"
773,GBP0629-B162,1617DC1ACCE6B50ED2D1359582A70A8B8503C569623EE90C18C6B33542796207,Tester/logs/20261011.log,1469569,2026-07-07,14:40,B152PR,"GQ	0	11:31:42.721	Core 04	2026.07.07 14:40:00   [SRJ-IND] B152PR sym=GBPUSD bar=2026.07.07 14:35 z1=1869,B,1.31919,1.31950,2026.06.29 02:50,1,2026.06.29 03:00,1.32000,1.31935"
774,GBP0629-B162,1617DC1ACCE6B50ED2D1359582A70A8B8503C569623EE90C18C6B33542796207,Tester/logs/20261011.log,1469570,2026-07-07,14:40,B152PR,"FG	0	11:31:42.721	Core 04	2026.07.07 14:40:00   [SRJ-IND] B152PR sym=GBPUSD bar=2026.07.07 14:35 z1=1875,B,1.31936,1.31982,2026.06.29 05:20,1,2026.06.29 06:55,1.32014,1.31979"
775,GBP0629-B162,1617DC1ACCE6B50ED2D1359582A70A8B8503C569623EE90C18C6B33542796207,Tester/logs/20261011.log,1469571,2026-07-07,14:40,B152PR,"DM	0	11:31:42.721	Core 04	2026.07.07 14:40:00   [SRJ-IND] B152PR sym=GBPUSD bar=2026.07.07 14:35 z1=1899,B,1.31967,1.31979,2026.06.29 07:35,1,2026.06.29 07:40,1.31994,1.31978"
776,GBP0629-B162,1617DC1ACCE6B50ED2D1359582A70A8B8503C569623EE90C18C6B33542796207,Tester/logs/20261011.log,1469572,2026-07-07,14:40,B152PR,"QS	0	11:31:42.721	Core 04	2026.07.07 14:40:00   [SRJ-IND] B152PR sym=GBPUSD bar=2026.07.07 14:35 z1=1909,B,1.32024,1.32052,2026.06.29 08:35,1,2026.06.29 11:20,1.32088,1.32041"
777,GBP0629-B162,1617DC1ACCE6B50ED2D1359582A70A8B8503C569623EE90C18C6B33542796207,Tester/logs/20261011.log,1469573,2026-07-07,14:40,B152PR,"PI	0	11:31:42.721	Core 04	2026.07.07 14:40:00   [SRJ-IND] B152PR sym=GBPUSD bar=2026.07.07 14:35 z1=1941,B,1.32111,1.32139,2026.06.29 14:30,1,2026.06.30 15:20,1.32223,1.32125"
778,GBP0629-B162,1617DC1ACCE6B50ED2D1359582A70A8B8503C569623EE90C18C6B33542796207,Tester/logs/20261011.log,1469574,2026-07-07,14:40,B152PR,"HO	0	11:31:42.721	Core 04	2026.07.07 14:40:00   [SRJ-IND] B152PR sym=GBPUSD bar=2026.07.07 14:35 z1=1943,B,1.32097,1.32138,2026.06.29 13:55,1,2026.06.30 15:20,1.32223,1.32125"
779,GBP0629-B162,1617DC1ACCE6B50ED2D1359582A70A8B8503C569623EE90C18C6B33542796207,Tester/logs/20261011.log,1469575,2026-07-07,14:40,B152PR,"QE	0	11:31:42.721	Core 04	2026.07.07 14:40:00   [SRJ-IND] B152PR sym=GBPUSD bar=2026.07.07 14:35 z1=2367,B,1.32677,1.32799,2026.07.02 03:10,1,2026.07.02 03:15,1.32801,1.32765"
780,GBP0629-B162,1617DC1ACCE6B50ED2D1359582A70A8B8503C569623EE90C18C6B33542796207,Tester/logs/20261011.log,1469576,2026-07-07,14:40,B152PR,"LK	0	11:31:42.721	Core 04	2026.07.07 14:40:00   [SRJ-IND] B152PR sym=GBPUSD bar=2026.07.07 14:35 z1=2646,B,1.33597,1.33639,2026.07.06 18:50,1,2026.07.06 18:55,1.33678,1.33636"
781,GBP0629-B162,1617DC1ACCE6B50ED2D1359582A70A8B8503C569623EE90C18C6B33542796207,Tester/logs/20261011.log,1469577,2026-07-07,14:40,B152PR,"PQ	0	11:31:42.721	Core 04	2026.07.07 14:40:00   [SRJ-IND] B152PR sym=GBPUSD bar=2026.07.07 14:35 z1=2849,B,1.33657,1.33695,2026.07.06 19:30,1,2026.07.07 13:05,1.33770,1.33691"
782,GBP0629-B162,1617DC1ACCE6B50ED2D1359582A70A8B8503C569623EE90C18C6B33542796207,Tester/logs/20261011.log,1469578,2026-07-07,14:40,B152PR,"CF	0	11:31:42.721	Core 04	2026.07.07 14:40:00   [SRJ-IND] B152PR sym=GBPUSD bar=2026.07.07 14:35 z1=2974,S,1.33862,1.33936,2026.07.07 12:25,1,2026.07.07 12:30,1.33881,1.33856"
783,GBP0629-B162,1617DC1ACCE6B50ED2D1359582A70A8B8503C569623EE90C18C6B33542796207,Tester/logs/20261011.log,1469579,2026-07-07,14:40,B152PR,"PM	0	11:31:42.721	Core 04	2026.07.07 14:40:00   [SRJ-IND] B152PR sym=GBPUSD bar=2026.07.07 14:35 z1=2990,B,1.33840,1.33861,2026.07.07 14:25,1,2026.07.07 14:30,1.33891,1.33861"
784,GBP0629-B162,1617DC1ACCE6B50ED2D1359582A70A8B8503C569623EE90C18C6B33542796207,Tester/logs/20261011.log,1469580,2026-07-07,14:40,B152PR,"MQ	0	11:31:42.721	Core 04	2026.07.07 14:40:00   [SRJ-IND] B152PR sym=GBPUSD bar=2026.07.07 14:35 bull=1 bear=1 nz=13"
785,GBP0629-B162,1617DC1ACCE6B50ED2D1359582A70A8B8503C569623EE90C18C6B33542796207,Tester/logs/20261011.log,1469581,2026-07-07,14:40,B162ORIGIN,"JM	0	11:31:42.721	Core 04	2026.07.07 14:40:00   [SRJ-IND] B162ORIGIN sym=GBPUSD bar=2026.07.07 14:35 side=B n=11 origin=2990 range=1.33840-1.33861 formT=2026.07.07 13:55 set=1582,1869,1875,1899,1909,1941,1943,2367,2646,2849,2990"
786,GBP0629-B162,1617DC1ACCE6B50ED2D1359582A70A8B8503C569623EE90C18C6B33542796207,Tester/logs/20261011.log,1469582,2026-07-07,14:40,B162ORIGIN,"KR	0	11:31:42.721	Core 04	2026.07.07 14:40:00   [SRJ-IND] B162ORIGIN sym=GBPUSD bar=2026.07.07 14:35 side=S n=2 origin=2974 range=1.33862-1.33936 formT=2026.07.07 11:45 set=150,2974"
787,GBP0629-B162,1617DC1ACCE6B50ED2D1359582A70A8B8503C569623EE90C18C6B33542796207,Tester/logs/20261011.log,1469589,2026-07-07,14:40,CONFIRMPOLL,"NJ	0	11:31:42.721	Core 04	2026.07.07 14:40:00   [SRJ-EA] CONFIRMPOLL bar=2026.07.07 14:35 anchor=Daily-POC dir=SHORT oppCandle=0 bodyDir=0 body=8pts doji=0 touchAttr=1 confirm=0 shadow=true"
788,GBP0629-B162,1617DC1ACCE6B50ED2D1359582A70A8B8503C569623EE90C18C6B33542796207,Tester/logs/20261011.log,1469591,2026-07-07,14:40,STATE,"LR	0	11:31:42.721	Core 04	2026.07.07 14:40:00   [SRJ-EA] 2026.07.07 14:40:00 STATE IDLE->S1_REGIME dir=SHORT poi=Daily-POC"
789,GBP0629-B162,1617DC1ACCE6B50ED2D1359582A70A8B8503C569623EE90C18C6B33542796207,Tester/logs/20261011.log,1469592,2026-07-07,14:40,ANCHOR_ELECT,"KS	0	11:31:42.721	Core 04	2026.07.07 14:40:00   [SRJ-EA] ANCHOR_ELECT bar=2026.07.07 14:35 action=SEED poi=Daily-POC rank=10 tier=5 dir=SHORT"
790,GBP0629-B162,1617DC1ACCE6B50ED2D1359582A70A8B8503C569623EE90C18C6B33542796207,Tester/logs/20261011.log,1469601,2026-07-07,14:40,STATE,"RN	0	11:31:42.721	Core 04	2026.07.07 14:40:00   [SRJ-EA] 2026.07.07 14:40:00 STATE S1_REGIME->S2_LTF_ALIGN dir=SHORT poi=Daily-POC"
791,GBP0629-B162,1617DC1ACCE6B50ED2D1359582A70A8B8503C569623EE90C18C6B33542796207,Tester/logs/20261011.log,1469604,2026-07-07,14:40,ABORT,"RS	0	11:31:42.721	Core 04	2026.07.07 14:40:00   [SRJ-EA] 2026.07.07 14:40:00 ABORT reason=SEEDBIAS_REFUSED state=S2_LTF_ALIGN poi=Daily-POC dir=SHORT"
792,GBP0629-B162,1617DC1ACCE6B50ED2D1359582A70A8B8503C569623EE90C18C6B33542796207,Tester/logs/20261011.log,1469605,2026-07-07,14:40,A6REFUSED,"DP	0	11:31:42.721	Core 04	2026.07.07 14:40:00   [SRJ-EA] A6REFUSED class=ABSENT_DECLINED bar=2026.07.07 14:40 state=S2_LTF_ALIGN dir=SHORT predicate=SEEDBIAS_REFUSED"
793,GBP0629-B162,1617DC1ACCE6B50ED2D1359582A70A8B8503C569623EE90C18C6B33542796207,Tester/logs/20261011.log,1469606,2026-07-07,14:40,STATE,"NJ	0	11:31:42.721	Core 04	2026.07.07 14:40:00   [SRJ-EA] 2026.07.07 14:40:00 STATE S2_LTF_ALIGN->ABORT dir=SHORT poi=Daily-POC"
794,GBP0629-B162,1617DC1ACCE6B50ED2D1359582A70A8B8503C569623EE90C18C6B33542796207,Tester/logs/20261011.log,1469611,2026-07-07,14:45,B152PR,"KE	0	11:31:42.721	Core 04	2026.07.07 14:45:00   [SRJ-IND] B152PR sym=GBPUSD bar=2026.07.07 14:40 z1=150,S,1.34395,1.34430,2026.06.15 11:40,1,2026.06.15 17:05,1.34420,1.34363"
795,GBP0629-B162,1617DC1ACCE6B50ED2D1359582A70A8B8503C569623EE90C18C6B33542796207,Tester/logs/20261011.log,1469612,2026-07-07,14:45,B152PR,"FM	0	11:31:42.721	Core 04	2026.07.07 14:45:00   [SRJ-IND] B152PR sym=GBPUSD bar=2026.07.07 14:40 z1=1582,B,1.31711,1.31751,2026.06.25 15:45,1,2026.06.25 15:55,1.31818,1.31739"
796,GBP0629-B162,1617DC1ACCE6B50ED2D1359582A70A8B8503C569623EE90C18C6B33542796207,Tester/logs/20261011.log,1469613,2026-07-07,14:45,B152PR,"JS	0	11:31:42.721	Core 04	2026.07.07 14:45:00   [SRJ-IND] B152PR sym=GBPUSD bar=2026.07.07 14:40 z1=1869,B,1.31919,1.31950,2026.06.29 02:50,1,2026.06.29 03:00,1.32000,1.31935"
797,GBP0629-B162,1617DC1ACCE6B50ED2D1359582A70A8B8503C569623EE90C18C6B33542796207,Tester/logs/20261011.log,1469614,2026-07-07,14:45,B152PR,"CI	0	11:31:42.721	Core 04	2026.07.07 14:45:00   [SRJ-IND] B152PR sym=GBPUSD bar=2026.07.07 14:40 z1=1875,B,1.31936,1.31982,2026.06.29 05:20,1,2026.06.29 06:55,1.32014,1.31979"
798,GBP0629-B162,1617DC1ACCE6B50ED2D1359582A70A8B8503C569623EE90C18C6B33542796207,Tester/logs/20261011.log,1469615,2026-07-07,14:45,B152PR,"EO	0	11:31:42.721	Core 04	2026.07.07 14:45:00   [SRJ-IND] B152PR sym=GBPUSD bar=2026.07.07 14:40 z1=1899,B,1.31967,1.31979,2026.06.29 07:35,1,2026.06.29 07:40,1.31994,1.31978"
799,GBP0629-B162,1617DC1ACCE6B50ED2D1359582A70A8B8503C569623EE90C18C6B33542796207,Tester/logs/20261011.log,1469616,2026-07-07,14:45,B152PR,"PE	0	11:31:42.721	Core 04	2026.07.07 14:45:00   [SRJ-IND] B152PR sym=GBPUSD bar=2026.07.07 14:40 z1=1909,B,1.32024,1.32052,2026.06.29 08:35,1,2026.06.29 11:20,1.32088,1.32041"
800,GBP0629-B162,1617DC1ACCE6B50ED2D1359582A70A8B8503C569623EE90C18C6B33542796207,Tester/logs/20261011.log,1469617,2026-07-07,14:45,B152PR,"QK	0	11:31:42.721	Core 04	2026.07.07 14:45:00   [SRJ-IND] B152PR sym=GBPUSD bar=2026.07.07 14:40 z1=1941,B,1.32111,1.32139,2026.06.29 14:30,1,2026.06.30 15:20,1.32223,1.32125"
801,GBP0629-B162,1617DC1ACCE6B50ED2D1359582A70A8B8503C569623EE90C18C6B33542796207,Tester/logs/20261011.log,1469618,2026-07-07,14:45,B152PR,"IQ	0	11:31:42.721	Core 04	2026.07.07 14:45:00   [SRJ-IND] B152PR sym=GBPUSD bar=2026.07.07 14:40 z1=1943,B,1.32097,1.32138,2026.06.29 13:55,1,2026.06.30 15:20,1.32223,1.32125"
802,GBP0629-B162,1617DC1ACCE6B50ED2D1359582A70A8B8503C569623EE90C18C6B33542796207,Tester/logs/20261011.log,1469619,2026-07-07,14:45,B152PR,"PG	0	11:31:42.721	Core 04	2026.07.07 14:45:00   [SRJ-IND] B152PR sym=GBPUSD bar=2026.07.07 14:40 z1=2367,B,1.32677,1.32799,2026.07.02 03:10,1,2026.07.02 03:15,1.32801,1.32765"
803,GBP0629-B162,1617DC1ACCE6B50ED2D1359582A70A8B8503C569623EE90C18C6B33542796207,Tester/logs/20261011.log,1469620,2026-07-07,14:45,B152PR,"MM	0	11:31:42.721	Core 04	2026.07.07 14:45:00   [SRJ-IND] B152PR sym=GBPUSD bar=2026.07.07 14:40 z1=2646,B,1.33597,1.33639,2026.07.06 18:50,1,2026.07.06 18:55,1.33678,1.33636"
804,GBP0629-B162,1617DC1ACCE6B50ED2D1359582A70A8B8503C569623EE90C18C6B33542796207,Tester/logs/20261011.log,1469621,2026-07-07,14:45,B152PR,"QS	0	11:31:42.721	Core 04	2026.07.07 14:45:00   [SRJ-IND] B152PR sym=GBPUSD bar=2026.07.07 14:40 z1=2849,B,1.33657,1.33695,2026.07.06 19:30,1,2026.07.07 13:05,1.33770,1.33691"
805,GBP0629-B162,1617DC1ACCE6B50ED2D1359582A70A8B8503C569623EE90C18C6B33542796207,Tester/logs/20261011.log,1469622,2026-07-07,14:45,B152PR,"FH	0	11:31:42.721	Core 04	2026.07.07 14:45:00   [SRJ-IND] B152PR sym=GBPUSD bar=2026.07.07 14:40 z1=2974,S,1.33862,1.33936,2026.07.07 12:25,1,2026.07.07 12:30,1.33881,1.33856"
806,GBP0629-B162,1617DC1ACCE6B50ED2D1359582A70A8B8503C569623EE90C18C6B33542796207,Tester/logs/20261011.log,1469623,2026-07-07,14:45,B152PR,"QO	0	11:31:42.721	Core 04	2026.07.07 14:45:00   [SRJ-IND] B152PR sym=GBPUSD bar=2026.07.07 14:40 z1=2990,B,1.33840,1.33861,2026.07.07 14:25,1,2026.07.07 14:30,1.33891,1.33861"
807,GBP0629-B162,1617DC1ACCE6B50ED2D1359582A70A8B8503C569623EE90C18C6B33542796207,Tester/logs/20261011.log,1469624,2026-07-07,14:45,B152PR,"LG	0	11:31:42.721	Core 04	2026.07.07 14:45:00   [SRJ-IND] B152PR sym=GBPUSD bar=2026.07.07 14:40 bull=1 bear=1 nz=13"
808,GBP0629-B162,1617DC1ACCE6B50ED2D1359582A70A8B8503C569623EE90C18C6B33542796207,Tester/logs/20261011.log,1469625,2026-07-07,14:45,B162ORIGIN,"OL	0	11:31:42.721	Core 04	2026.07.07 14:45:00   [SRJ-IND] B162ORIGIN sym=GBPUSD bar=2026.07.07 14:40 side=B n=11 origin=2990 range=1.33840-1.33861 formT=2026.07.07 13:55 set=1582,1869,1875,1899,1909,1941,1943,2367,2646,2849,2990"
809,GBP0629-B162,1617DC1ACCE6B50ED2D1359582A70A8B8503C569623EE90C18C6B33542796207,Tester/logs/20261011.log,1469626,2026-07-07,14:45,B162ORIGIN,"NL	0	11:31:42.721	Core 04	2026.07.07 14:45:00   [SRJ-IND] B162ORIGIN sym=GBPUSD bar=2026.07.07 14:40 side=S n=2 origin=2974 range=1.33862-1.33936 formT=2026.07.07 11:45 set=150,2974"
810,GBP0629-B162,1617DC1ACCE6B50ED2D1359582A70A8B8503C569623EE90C18C6B33542796207,Tester/logs/20261011.log,1469635,2026-07-07,14:45,CONFIRMPOLL,"OS	0	11:31:42.721	Core 04	2026.07.07 14:45:00   [SRJ-EA] CONFIRMPOLL bar=2026.07.07 14:40 anchor=Daily-POC dir=SHORT oppCandle=1 bodyDir=1 body=21pts doji=0 touchAttr=1 confirm=1 shadow=true"
811,GBP0629-B162,1617DC1ACCE6B50ED2D1359582A70A8B8503C569623EE90C18C6B33542796207,Tester/logs/20261011.log,1469637,2026-07-07,14:45,STATE,"HH	0	11:31:42.721	Core 04	2026.07.07 14:45:00   [SRJ-EA] 2026.07.07 14:45:00 STATE IDLE->S1_REGIME dir=SHORT poi=Daily-POC"
812,GBP0629-B162,1617DC1ACCE6B50ED2D1359582A70A8B8503C569623EE90C18C6B33542796207,Tester/logs/20261011.log,1469638,2026-07-07,14:45,ANCHOR_ELECT,"FH	0	11:31:42.721	Core 04	2026.07.07 14:45:00   [SRJ-EA] ANCHOR_ELECT bar=2026.07.07 14:40 action=SEED poi=Daily-POC rank=10 tier=5 dir=SHORT"
813,GBP0629-B162,1617DC1ACCE6B50ED2D1359582A70A8B8503C569623EE90C18C6B33542796207,Tester/logs/20261011.log,1469647,2026-07-07,14:45,STATE,"LK	0	11:31:42.721	Core 04	2026.07.07 14:45:00   [SRJ-EA] 2026.07.07 14:45:00 STATE S1_REGIME->S2_LTF_ALIGN dir=SHORT poi=Daily-POC"
814,GBP0629-B162,1617DC1ACCE6B50ED2D1359582A70A8B8503C569623EE90C18C6B33542796207,Tester/logs/20261011.log,1469648,2026-07-07,14:45,STATE,"KI	0	11:31:42.721	Core 04	2026.07.07 14:45:00   [SRJ-EA] 2026.07.07 14:45:00 STATE S2_LTF_ALIGN->S3_ZONE_WAIT dir=SHORT poi=Daily-POC"
815,GBP0629-B162,1617DC1ACCE6B50ED2D1359582A70A8B8503C569623EE90C18C6B33542796207,Tester/logs/20261011.log,1469652,2026-07-07,14:45,XOBPROMO,"JK	0	11:31:42.721	Core 04	2026.07.07 14:45:00   [SRJ-EA] XOBPROMO bar=2026.07.07 14:40 site=S3PICK xobId=2974 raw=1783427100.0 promoT=2026.07.07 12:25"
816,GBP0629-B162,1617DC1ACCE6B50ED2D1359582A70A8B8503C569623EE90C18C6B33542796207,Tester/logs/20261011.log,1469653,2026-07-07,14:45,ZONEPICK,"CS	0	11:31:42.721	Core 04	2026.07.07 14:45:00   [SRJ-EA] ZONEPICK bar=2026.07.07 14:40 dir=SHORT haveFvg=0 fvgInPlay=0 haveXob=1 xobInPlay=1 downgraded=0 fvg=--- xob=1.33862-1.33936"
817,GBP0629-B162,1617DC1ACCE6B50ED2D1359582A70A8B8503C569623EE90C18C6B33542796207,Tester/logs/20261011.log,1469658,2026-07-07,14:45,SWINGPICK,"JN	0	11:31:42.721	Core 04	2026.07.07 14:45:00   [SRJ-EA] SWINGPICK site=S3ARM dir=SHORT barShift=1 close=1.33865 haveHigh=1 SH=1.33895 atShift=1 haveLow=1 SL=1.33861 atShift=2"
818,GBP0629-B162,1617DC1ACCE6B50ED2D1359582A70A8B8503C569623EE90C18C6B33542796207,Tester/logs/20261011.log,1469659,2026-07-07,14:45,SLSRC,"RE	0	11:31:42.721	Core 04	2026.07.07 14:45:00   [SRJ-EA] SLSRC site=S3ARM dir=SHORT src=OB_SWING obStruct=1.33936 obSwing=1.33936 nearest=1.33895 chosen=1.33936 deltaPts=0"
819,GBP0629-B162,1617DC1ACCE6B50ED2D1359582A70A8B8503C569623EE90C18C6B33542796207,Tester/logs/20261011.log,1469660,2026-07-07,14:45,SL_REF,"LK	0	11:31:42.721	Core 04	2026.07.07 14:45:00   [SRJ-EA] SL_REF branch=1-swing obValid=1 slRef=1.33936 distPts=71 site=S3ARM zoneLo=0.00000 zoneHi=0.00000"
820,GBP0629-B162,1617DC1ACCE6B50ED2D1359582A70A8B8503C569623EE90C18C6B33542796207,Tester/logs/20261011.log,1469668,2026-07-07,14:45,INPLAYCOMMIT,"FG	0	11:31:42.721	Core 04	2026.07.07 14:45:00   [SRJ-EA] INPLAYCOMMIT bar=2026.07.07 14:40 dir=SHORT zoneSrc=XOB zoneLo=1.33862 zoneHi=1.33936 promoT=2026.07.07 12:25 applied=1 bounded=1 scanned=4 swings=2 hits=1 firstShift=1 firstVal=1.33895 commitVia=BAR legacy=1 legacyVia=BAR committed=1 changed=0 haveStop=1"
821,GBP0629-B162,1617DC1ACCE6B50ED2D1359582A70A8B8503C569623EE90C18C6B33542796207,Tester/logs/20261011.log,1469669,2026-07-07,14:45,STATE,"NN	0	11:31:42.721	Core 04	2026.07.07 14:45:00   [SRJ-EA] 2026.07.07 14:45:00 STATE S3_ZONE_WAIT->S4_ARMED dir=SHORT poi=Daily-POC"
822,GBP0629-B162,1617DC1ACCE6B50ED2D1359582A70A8B8503C569623EE90C18C6B33542796207,Tester/logs/20261011.log,1469672,2026-07-07,14:45,B60C,"LM	0	11:31:42.721	Core 04	2026.07.07 14:45:00   [SRJ-EA] B60C bar=2026.07.07 14:40 dir=SHORT poi=Daily-POC rt=2026.07.07 14:40 rSh=1 rBar=2026.07.07 14:40 cSrc=BOTH xt=1 zxob=1.33862-1.33936 xpromo=2026.07.07 12:25 - C satisfied by retest and prior candles ([B-61 C2][B-129 XT])"
823,GBP0629-B162,1617DC1ACCE6B50ED2D1359582A70A8B8503C569623EE90C18C6B33542796207,Tester/logs/20261011.log,1469674,2026-07-07,14:45,STATE,"LO	0	11:31:42.721	Core 04	2026.07.07 14:45:00   [SRJ-EA] 2026.07.07 14:45:00 STATE S4_ARMED->S5_GATE_CHECK dir=SHORT poi=Daily-POC"
824,GBP0629-B162,1617DC1ACCE6B50ED2D1359582A70A8B8503C569623EE90C18C6B33542796207,Tester/logs/20261011.log,1469675,2026-07-07,14:45,D130LATCH,"QS	0	11:31:42.721	Core 04	2026.07.07 14:45:00   [SRJ-EA] D130LATCH pass=2026.07.07 14:45:00 confBar=2026.07.07 14:40 dir=SHORT verdict=-1 verdictBar=2026.07.07 14:20 walkShift=5 oppPassed=2 oppBar=2026.07.07 14:00"
825,GBP0629-B162,1617DC1ACCE6B50ED2D1359582A70A8B8503C569623EE90C18C6B33542796207,Tester/logs/20261011.log,1469676,2026-07-07,14:45,B150GATE,"RS	0	11:31:42.721	Core 04	2026.07.07 14:45:00   [SRJ-EA] B150GATE bar=2026.07.07 14:40 dir=SHORT value=1.0 src=XOB forbar=2026.07.07 14:40"
826,GBP0629-B162,1617DC1ACCE6B50ED2D1359582A70A8B8503C569623EE90C18C6B33542796207,Tester/logs/20261011.log,1469805,2026-07-07,14:45,SWINGPICK,"JM	0	11:31:42.721	Core 04	2026.07.07 14:45:00   [SRJ-EA] SWINGPICK site=S5 dir=SHORT barShift=1 close=1.33865 haveHigh=1 SH=1.33895 atShift=1 haveLow=1 SL=1.33861 atShift=2"
827,GBP0629-B162,1617DC1ACCE6B50ED2D1359582A70A8B8503C569623EE90C18C6B33542796207,Tester/logs/20261011.log,1469806,2026-07-07,14:45,SLSRC,"DJ	0	11:31:42.721	Core 04	2026.07.07 14:45:00   [SRJ-EA] SLSRC site=S5 dir=SHORT src=OB_SWING obStruct=1.33936 obSwing=1.33936 nearest=1.33895 chosen=1.33936 deltaPts=0"
828,GBP0629-B162,1617DC1ACCE6B50ED2D1359582A70A8B8503C569623EE90C18C6B33542796207,Tester/logs/20261011.log,1469807,2026-07-07,14:45,SL_REF,"HD	0	11:31:42.721	Core 04	2026.07.07 14:45:00   [SRJ-EA] SL_REF branch=1-swing obValid=1 slRef=1.33936 distPts=71 site=S5 zoneLo=1.33862 zoneHi=1.33936"
829,GBP0629-B162,1617DC1ACCE6B50ED2D1359582A70A8B8503C569623EE90C18C6B33542796207,Tester/logs/20261011.log,1469852,2026-07-07,14:45,B157SL,"RL	0	11:31:42.721	Core 04	2026.07.07 14:45:00   [SRJ-EA] B157SL bar=2026.07.07 14:40 side=SHORT flag2xOB=1.0 fvgValid=1.0 branch=ONE_OR_NEITHER first_bar=- first_px=- wo_stop_px=- kept_stop_px=1.33940 booked_stop_px=1.33940 R_at_open=1.51 reason=KEPT_PATH"
830,GBP0629-B162,1617DC1ACCE6B50ED2D1359582A70A8B8503C569623EE90C18C6B33542796207,Tester/logs/20261011.log,1469863,2026-07-07,14:45,TP_ELECT,"LL	0	11:31:42.721	Core 04	2026.07.07 14:45:00   [SRJ-EA] TP_ELECT shadow=true entry=1.33863 sl=1.33940 tp=1.33747 R=1.51 bar=2026.07.07 14:40 latchBar=2026.07.07 14:45"
831,GBP0629-B162,1617DC1ACCE6B50ED2D1359582A70A8B8503C569623EE90C18C6B33542796207,Tester/logs/20261011.log,1469866,2026-07-07,14:45,A6FIRED,"DR	0	11:31:42.721	Core 04	2026.07.07 14:45:00   [SRJ-EA] A6FIRED class=SELECTED state=FIRED bar=2026.07.07 14:40 dir=SHORT tp=1.33747 r=1.51 sl=1.33940 mode=1SWING div=regular"
832,GBP0629-B162,1617DC1ACCE6B50ED2D1359582A70A8B8503C569623EE90C18C6B33542796207,Tester/logs/20261011.log,1469879,2026-07-07,14:45,DEAL,"QR	0	11:31:42.721	Core 04	2026.07.07 14:45:00   deal #4 sell 1.28 GBPUSD at 1.33863 done (based on order #4)"
833,GBP0629-B162,1617DC1ACCE6B50ED2D1359582A70A8B8503C569623EE90C18C6B33542796207,Tester/logs/20261011.log,1469884,2026-07-07,14:45,ENTRY_TICKET,"PD	0	11:31:42.721	Core 04	2026.07.07 14:45:00   [SRJ-EA] ENTRY_TICKET bar=2026.07.07 14:40 ticket=4 deal=4 pid=4 ppid=4 magic=773002"
834,GBP0629-B162,1617DC1ACCE6B50ED2D1359582A70A8B8503C569623EE90C18C6B33542796207,Tester/logs/20261011.log,1469885,2026-07-07,14:45,STATE,"IO	0	11:31:42.721	Core 04	2026.07.07 14:45:00   [SRJ-EA] 2026.07.07 14:45:00 STATE S5_GATE_CHECK->SIGNAL dir=SHORT poi=Daily-POC"
835,GBP0629-B162,1617DC1ACCE6B50ED2D1359582A70A8B8503C569623EE90C18C6B33542796207,Tester/logs/20261011.log,1469888,2026-07-07,14:50,B152PR,"NS	0	11:31:42.721	Core 04	2026.07.07 14:50:00   [SRJ-IND] B152PR sym=GBPUSD bar=2026.07.07 14:45 z1=150,S,1.34395,1.34430,2026.06.15 11:40,1,2026.06.15 17:05,1.34420,1.34363"
836,GBP0629-B162,1617DC1ACCE6B50ED2D1359582A70A8B8503C569623EE90C18C6B33542796207,Tester/logs/20261011.log,1469889,2026-07-07,14:50,B152PR,"GG	0	11:31:42.721	Core 04	2026.07.07 14:50:00   [SRJ-IND] B152PR sym=GBPUSD bar=2026.07.07 14:45 z1=1582,B,1.31711,1.31751,2026.06.25 15:45,1,2026.06.25 15:55,1.31818,1.31739"
837,GBP0629-B162,1617DC1ACCE6B50ED2D1359582A70A8B8503C569623EE90C18C6B33542796207,Tester/logs/20261011.log,1469890,2026-07-07,14:50,B152PR,"CM	0	11:31:42.721	Core 04	2026.07.07 14:50:00   [SRJ-IND] B152PR sym=GBPUSD bar=2026.07.07 14:45 z1=1869,B,1.31919,1.31950,2026.06.29 02:50,1,2026.06.29 03:00,1.32000,1.31935"
838,GBP0629-B162,1617DC1ACCE6B50ED2D1359582A70A8B8503C569623EE90C18C6B33542796207,Tester/logs/20261011.log,1469891,2026-07-07,14:50,B152PR,"JS	0	11:31:42.721	Core 04	2026.07.07 14:50:00   [SRJ-IND] B152PR sym=GBPUSD bar=2026.07.07 14:45 z1=1875,B,1.31936,1.31982,2026.06.29 05:20,1,2026.06.29 06:55,1.32014,1.31979"
839,GBP0629-B162,1617DC1ACCE6B50ED2D1359582A70A8B8503C569623EE90C18C6B33542796207,Tester/logs/20261011.log,1469892,2026-07-07,14:50,B152PR,"HI	0	11:31:42.721	Core 04	2026.07.07 14:50:00   [SRJ-IND] B152PR sym=GBPUSD bar=2026.07.07 14:45 z1=1899,B,1.31967,1.31979,2026.06.29 07:35,1,2026.06.29 07:40,1.31994,1.31978"
840,GBP0629-B162,1617DC1ACCE6B50ED2D1359582A70A8B8503C569623EE90C18C6B33542796207,Tester/logs/20261011.log,1469893,2026-07-07,14:50,B152PR,"MO	0	11:31:42.721	Core 04	2026.07.07 14:50:00   [SRJ-IND] B152PR sym=GBPUSD bar=2026.07.07 14:45 z1=1909,B,1.32024,1.32052,2026.06.29 08:35,1,2026.06.29 11:20,1.32088,1.32041"
841,GBP0629-B162,1617DC1ACCE6B50ED2D1359582A70A8B8503C569623EE90C18C6B33542796207,Tester/logs/20261011.log,1469894,2026-07-07,14:50,B152PR,"LE	0	11:31:42.721	Core 04	2026.07.07 14:50:00   [SRJ-IND] B152PR sym=GBPUSD bar=2026.07.07 14:45 z1=1941,B,1.32111,1.32139,2026.06.29 14:30,1,2026.06.30 15:20,1.32223,1.32125"
842,GBP0629-B162,1617DC1ACCE6B50ED2D1359582A70A8B8503C569623EE90C18C6B33542796207,Tester/logs/20261011.log,1469895,2026-07-07,14:50,B152PR,"DK	0	11:31:42.721	Core 04	2026.07.07 14:50:00   [SRJ-IND] B152PR sym=GBPUSD bar=2026.07.07 14:45 z1=1943,B,1.32097,1.32138,2026.06.29 13:55,1,2026.06.30 15:20,1.32223,1.32125"
843,GBP0629-B162,1617DC1ACCE6B50ED2D1359582A70A8B8503C569623EE90C18C6B33542796207,Tester/logs/20261011.log,1469896,2026-07-07,14:50,B152PR,"MQ	0	11:31:42.721	Core 04	2026.07.07 14:50:00   [SRJ-IND] B152PR sym=GBPUSD bar=2026.07.07 14:45 z1=2367,B,1.32677,1.32799,2026.07.02 03:10,1,2026.07.02 03:15,1.32801,1.32765"
844,GBP0629-B162,1617DC1ACCE6B50ED2D1359582A70A8B8503C569623EE90C18C6B33542796207,Tester/logs/20261011.log,1469897,2026-07-07,14:50,B152PR,"PG	0	11:31:42.721	Core 04	2026.07.07 14:50:00   [SRJ-IND] B152PR sym=GBPUSD bar=2026.07.07 14:45 z1=2646,B,1.33597,1.33639,2026.07.06 18:50,1,2026.07.06 18:55,1.33678,1.33636"
845,GBP0629-B162,1617DC1ACCE6B50ED2D1359582A70A8B8503C569623EE90C18C6B33542796207,Tester/logs/20261011.log,1469898,2026-07-07,14:50,B152PR,"LM	0	11:31:42.721	Core 04	2026.07.07 14:50:00   [SRJ-IND] B152PR sym=GBPUSD bar=2026.07.07 14:45 z1=2849,B,1.33657,1.33695,2026.07.06 19:30,1,2026.07.07 13:05,1.33770,1.33691"
846,GBP0629-B162,1617DC1ACCE6B50ED2D1359582A70A8B8503C569623EE90C18C6B33542796207,Tester/logs/20261011.log,1469899,2026-07-07,14:50,B152PR,"GR	0	11:31:42.721	Core 04	2026.07.07 14:50:00   [SRJ-IND] B152PR sym=GBPUSD bar=2026.07.07 14:45 z1=2974,S,1.33862,1.33936,2026.07.07 12:25,1,2026.07.07 12:30,1.33881,1.33856"
847,GBP0629-B162,1617DC1ACCE6B50ED2D1359582A70A8B8503C569623EE90C18C6B33542796207,Tester/logs/20261011.log,1469900,2026-07-07,14:50,B152PR,"LI	0	11:31:42.721	Core 04	2026.07.07 14:50:00   [SRJ-IND] B152PR sym=GBPUSD bar=2026.07.07 14:45 z1=2990,B,1.33840,1.33861,2026.07.07 14:25,1,2026.07.07 14:30,1.33891,1.33861"
848,GBP0629-B162,1617DC1ACCE6B50ED2D1359582A70A8B8503C569623EE90C18C6B33542796207,Tester/logs/20261011.log,1469901,2026-07-07,14:50,B152PR,"QM	0	11:31:42.721	Core 04	2026.07.07 14:50:00   [SRJ-IND] B152PR sym=GBPUSD bar=2026.07.07 14:45 bull=1 bear=1 nz=13"
849,GBP0629-B162,1617DC1ACCE6B50ED2D1359582A70A8B8503C569623EE90C18C6B33542796207,Tester/logs/20261011.log,1469902,2026-07-07,14:50,B162ORIGIN,"FQ	0	11:31:42.721	Core 04	2026.07.07 14:50:00   [SRJ-IND] B162ORIGIN sym=GBPUSD bar=2026.07.07 14:45 side=B n=11 origin=2990 range=1.33840-1.33861 formT=2026.07.07 13:55 set=1582,1869,1875,1899,1909,1941,1943,2367,2646,2849,2990"
850,GBP0629-B162,1617DC1ACCE6B50ED2D1359582A70A8B8503C569623EE90C18C6B33542796207,Tester/logs/20261011.log,1469903,2026-07-07,14:50,B162ORIGIN,"OF	0	11:31:42.721	Core 04	2026.07.07 14:50:00   [SRJ-IND] B162ORIGIN sym=GBPUSD bar=2026.07.07 14:45 side=S n=2 origin=2974 range=1.33862-1.33936 formT=2026.07.07 11:45 set=150,2974"
851,GBP0629-B162,1617DC1ACCE6B50ED2D1359582A70A8B8503C569623EE90C18C6B33542796207,Tester/logs/20261011.log,1469910,2026-07-07,14:50,CONFIRMPOLL,"MO	0	11:31:42.721	Core 04	2026.07.07 14:50:00   [SRJ-EA] CONFIRMPOLL bar=2026.07.07 14:45 anchor=Daily-VWAP dir=SHORT oppCandle=0 bodyDir=0 body=10pts doji=0 touchAttr=1 confirm=0 shadow=true"
852,GBP0629-B162,1617DC1ACCE6B50ED2D1359582A70A8B8503C569623EE90C18C6B33542796207,Tester/logs/20261011.log,1469912,2026-07-07,14:50,EXITCENSUS,"RL	0	11:31:42.721	Core 04	2026.07.07 14:50:00   [SRJ-EA] EXITCENSUS bar=2026.07.07 14:45 dir=SHORT line=Daily-POC val=1.33890 side=behind trigger=1 bodyLo=1.33863 bodyHi=1.33872 verdict=ok ownO=1.33863 ownC=1.33873 ownBrk=0"
853,GBP0629-B162,1617DC1ACCE6B50ED2D1359582A70A8B8503C569623EE90C18C6B33542796207,Tester/logs/20261011.log,1469913,2026-07-07,14:50,EXITCENSUS,"MD	0	11:31:42.721	Core 04	2026.07.07 14:50:00   [SRJ-EA] EXITCENSUS bar=2026.07.07 14:45 dir=SHORT line=Daily-VWAP val=1.33874 side=behind trigger=0 bodyLo=1.33863 bodyHi=1.33872 verdict=ok ownO=1.33863 ownC=1.33873 ownBrk=0"
854,GBP0629-B162,1617DC1ACCE6B50ED2D1359582A70A8B8503C569623EE90C18C6B33542796207,Tester/logs/20261011.log,1469914,2026-07-07,14:50,EXITCENSUS,"KH	0	11:31:42.721	Core 04	2026.07.07 14:50:00   [SRJ-EA] EXITCENSUS bar=2026.07.07 14:45 dir=SHORT line=Weekly-POC val=1.33910 side=behind trigger=1 bodyLo=1.33863 bodyHi=1.33872 verdict=ok ownO=1.33863 ownC=1.33873 ownBrk=0"
855,GBP0629-B162,1617DC1ACCE6B50ED2D1359582A70A8B8503C569623EE90C18C6B33542796207,Tester/logs/20261011.log,1469915,2026-07-07,14:50,EXITCENSUS,"LN	0	11:31:42.721	Core 04	2026.07.07 14:50:00   [SRJ-EA] EXITCENSUS bar=2026.07.07 14:45 dir=SHORT line=Weekly-VWAP val=1.33630 side=ahead trigger=0 bodyLo=1.33863 bodyHi=1.33872 verdict=ok ownO=1.33863 ownC=1.33873 ownBrk=0"
856,GBP0629-B162,1617DC1ACCE6B50ED2D1359582A70A8B8503C569623EE90C18C6B33542796207,Tester/logs/20261011.log,1469916,2026-07-07,14:50,EXITCENSUS,"EP	0	11:31:42.721	Core 04	2026.07.07 14:50:00   [SRJ-EA] EXITCENSUS bar=2026.07.07 14:45 dir=SHORT line=Monthly-POC val=1.33542 side=ahead trigger=1 bodyLo=1.33863 bodyHi=1.33872 verdict=ok ownO=1.33863 ownC=1.33873 ownBrk=0"
857,GBP0629-B162,1617DC1ACCE6B50ED2D1359582A70A8B8503C569623EE90C18C6B33542796207,Tester/logs/20261011.log,1469917,2026-07-07,14:50,EXITCENSUS,"NH	0	11:31:42.721	Core 04	2026.07.07 14:50:00   [SRJ-EA] EXITCENSUS bar=2026.07.07 14:45 dir=SHORT line=Monthly-VWAP val=1.33289 side=ahead trigger=0 bodyLo=1.33863 bodyHi=1.33872 verdict=ok ownO=1.33863 ownC=1.33873 ownBrk=0"
858,GBP0629-B162,1617DC1ACCE6B50ED2D1359582A70A8B8503C569623EE90C18C6B33542796207,Tester/logs/20261011.log,1469918,2026-07-07,14:50,EXITCENSUS,"KI	0	11:31:42.721	Core 04	2026.07.07 14:50:00   [SRJ-EA] EXITCENSUS bar=2026.07.07 14:45 dir=SHORT line=Quarterly-POC val=1.33542 side=ahead trigger=1 bodyLo=1.33863 bodyHi=1.33872 verdict=ok ownO=1.33863 ownC=1.33873 ownBrk=0"
859,GBP0629-B162,1617DC1ACCE6B50ED2D1359582A70A8B8503C569623EE90C18C6B33542796207,Tester/logs/20261011.log,1469919,2026-07-07,14:50,EXITCENSUS,"PQ	0	11:31:42.721	Core 04	2026.07.07 14:50:00   [SRJ-EA] EXITCENSUS bar=2026.07.07 14:45 dir=SHORT line=Quarterly-VWAP val=1.33289 side=ahead trigger=0 bodyLo=1.33863 bodyHi=1.33872 verdict=ok ownO=1.33863 ownC=1.33873 ownBrk=0"
860,GBP0629-B162,1617DC1ACCE6B50ED2D1359582A70A8B8503C569623EE90C18C6B33542796207,Tester/logs/20261011.log,1469923,2026-07-07,14:55,B152PR,"MF	0	11:31:42.721	Core 04	2026.07.07 14:55:00   [SRJ-IND] B152PR sym=GBPUSD bar=2026.07.07 14:50 z1=150,S,1.34395,1.34430,2026.06.15 11:40,1,2026.06.15 17:05,1.34420,1.34363"
861,GBP0629-B162,1617DC1ACCE6B50ED2D1359582A70A8B8503C569623EE90C18C6B33542796207,Tester/logs/20261011.log,1469924,2026-07-07,14:55,B152PR,"HJ	0	11:31:42.721	Core 04	2026.07.07 14:55:00   [SRJ-IND] B152PR sym=GBPUSD bar=2026.07.07 14:50 z1=1582,B,1.31711,1.31751,2026.06.25 15:45,1,2026.06.25 15:55,1.31818,1.31739"
862,GBP0629-B162,1617DC1ACCE6B50ED2D1359582A70A8B8503C569623EE90C18C6B33542796207,Tester/logs/20261011.log,1469925,2026-07-07,14:55,B152PR,"DP	0	11:31:42.721	Core 04	2026.07.07 14:55:00   [SRJ-IND] B152PR sym=GBPUSD bar=2026.07.07 14:50 z1=1869,B,1.31919,1.31950,2026.06.29 02:50,1,2026.06.29 03:00,1.32000,1.31935"
863,GBP0629-B162,1617DC1ACCE6B50ED2D1359582A70A8B8503C569623EE90C18C6B33542796207,Tester/logs/20261011.log,1469926,2026-07-07,14:55,B152PR,"IF	0	11:31:42.721	Core 04	2026.07.07 14:55:00   [SRJ-IND] B152PR sym=GBPUSD bar=2026.07.07 14:50 z1=1875,B,1.31936,1.31982,2026.06.29 05:20,1,2026.06.29 06:55,1.32014,1.31979"
864,GBP0629-B162,1617DC1ACCE6B50ED2D1359582A70A8B8503C569623EE90C18C6B33542796207,Tester/logs/20261011.log,1469927,2026-07-07,14:55,B152PR,"GL	0	11:31:42.721	Core 04	2026.07.07 14:55:00   [SRJ-IND] B152PR sym=GBPUSD bar=2026.07.07 14:50 z1=1899,B,1.31967,1.31979,2026.06.29 07:35,1,2026.06.29 07:40,1.31994,1.31978"
865,GBP0629-B162,1617DC1ACCE6B50ED2D1359582A70A8B8503C569623EE90C18C6B33542796207,Tester/logs/20261011.log,1469928,2026-07-07,14:55,B152PR,"NR	0	11:31:42.721	Core 04	2026.07.07 14:55:00   [SRJ-IND] B152PR sym=GBPUSD bar=2026.07.07 14:50 z1=1909,B,1.32024,1.32052,2026.06.29 08:35,1,2026.06.29 11:20,1.32088,1.32041"
866,GBP0629-B162,1617DC1ACCE6B50ED2D1359582A70A8B8503C569623EE90C18C6B33542796207,Tester/logs/20261011.log,1469929,2026-07-07,14:55,B152PR,"KH	0	11:31:42.721	Core 04	2026.07.07 14:55:00   [SRJ-IND] B152PR sym=GBPUSD bar=2026.07.07 14:50 z1=1941,B,1.32111,1.32139,2026.06.29 14:30,1,2026.06.30 15:20,1.32223,1.32125"
867,GBP0629-B162,1617DC1ACCE6B50ED2D1359582A70A8B8503C569623EE90C18C6B33542796207,Tester/logs/20261011.log,1469930,2026-07-07,14:55,B152PR,"CN	0	11:31:42.721	Core 04	2026.07.07 14:55:00   [SRJ-IND] B152PR sym=GBPUSD bar=2026.07.07 14:50 z1=1943,B,1.32097,1.32138,2026.06.29 13:55,1,2026.06.30 15:20,1.32223,1.32125"
868,GBP0629-B162,1617DC1ACCE6B50ED2D1359582A70A8B8503C569623EE90C18C6B33542796207,Tester/logs/20261011.log,1469931,2026-07-07,14:55,B152PR,"ND	0	11:31:42.721	Core 04	2026.07.07 14:55:00   [SRJ-IND] B152PR sym=GBPUSD bar=2026.07.07 14:50 z1=2367,B,1.32677,1.32799,2026.07.02 03:10,1,2026.07.02 03:15,1.32801,1.32765"
869,GBP0629-B162,1617DC1ACCE6B50ED2D1359582A70A8B8503C569623EE90C18C6B33542796207,Tester/logs/20261011.log,1469932,2026-07-07,14:55,B152PR,"OJ	0	11:31:42.721	Core 04	2026.07.07 14:55:00   [SRJ-IND] B152PR sym=GBPUSD bar=2026.07.07 14:50 z1=2646,B,1.33597,1.33639,2026.07.06 18:50,1,2026.07.06 18:55,1.33678,1.33636"
870,GBP0629-B162,1617DC1ACCE6B50ED2D1359582A70A8B8503C569623EE90C18C6B33542796207,Tester/logs/20261011.log,1469933,2026-07-07,14:55,B152PR,"KP	0	11:31:42.721	Core 04	2026.07.07 14:55:00   [SRJ-IND] B152PR sym=GBPUSD bar=2026.07.07 14:50 z1=2849,B,1.33657,1.33695,2026.07.06 19:30,1,2026.07.07 13:05,1.33770,1.33691"
871,GBP0629-B162,1617DC1ACCE6B50ED2D1359582A70A8B8503C569623EE90C18C6B33542796207,Tester/logs/20261011.log,1469934,2026-07-07,14:55,B152PR,"HG	0	11:31:42.721	Core 04	2026.07.07 14:55:00   [SRJ-IND] B152PR sym=GBPUSD bar=2026.07.07 14:50 z1=2974,S,1.33862,1.33936,2026.07.07 12:25,1,2026.07.07 12:30,1.33881,1.33856"
872,GBP0629-B162,1617DC1ACCE6B50ED2D1359582A70A8B8503C569623EE90C18C6B33542796207,Tester/logs/20261011.log,1469935,2026-07-07,14:55,B152PR,"KL	0	11:31:42.721	Core 04	2026.07.07 14:55:00   [SRJ-IND] B152PR sym=GBPUSD bar=2026.07.07 14:50 z1=2990,B,1.33840,1.33861,2026.07.07 14:25,1,2026.07.07 14:30,1.33891,1.33861"
873,GBP0629-B162,1617DC1ACCE6B50ED2D1359582A70A8B8503C569623EE90C18C6B33542796207,Tester/logs/20261011.log,1469936,2026-07-07,14:55,B152PR,"RP	0	11:31:42.721	Core 04	2026.07.07 14:55:00   [SRJ-IND] B152PR sym=GBPUSD bar=2026.07.07 14:50 bull=1 bear=1 nz=13"
874,GBP0629-B162,1617DC1ACCE6B50ED2D1359582A70A8B8503C569623EE90C18C6B33542796207,Tester/logs/20261011.log,1469937,2026-07-07,14:55,B162ORIGIN,"EN	0	11:31:42.721	Core 04	2026.07.07 14:55:00   [SRJ-IND] B162ORIGIN sym=GBPUSD bar=2026.07.07 14:50 side=B n=11 origin=2990 range=1.33840-1.33861 formT=2026.07.07 13:55 set=1582,1869,1875,1899,1909,1941,1943,2367,2646,2849,2990"
875,GBP0629-B162,1617DC1ACCE6B50ED2D1359582A70A8B8503C569623EE90C18C6B33542796207,Tester/logs/20261011.log,1469938,2026-07-07,14:55,B162ORIGIN,"PQ	0	11:31:42.721	Core 04	2026.07.07 14:55:00   [SRJ-IND] B162ORIGIN sym=GBPUSD bar=2026.07.07 14:50 side=S n=2 origin=2974 range=1.33862-1.33936 formT=2026.07.07 11:45 set=150,2974"
876,GBP0629-B162,1617DC1ACCE6B50ED2D1359582A70A8B8503C569623EE90C18C6B33542796207,Tester/logs/20261011.log,1469945,2026-07-07,14:55,CONFIRMPOLL,"LP	0	11:31:42.721	Core 04	2026.07.07 14:55:00   [SRJ-EA] CONFIRMPOLL bar=2026.07.07 14:50 anchor=Daily-VWAP dir=SHORT oppCandle=1 bodyDir=1 body=11pts doji=0 touchAttr=1 confirm=1 shadow=true"
877,GBP0629-B162,1617DC1ACCE6B50ED2D1359582A70A8B8503C569623EE90C18C6B33542796207,Tester/logs/20261011.log,1469946,2026-07-07,14:55,EXITCENSUS,"OH	0	11:31:42.721	Core 04	2026.07.07 14:55:00   [SRJ-EA] EXITCENSUS bar=2026.07.07 14:50 dir=SHORT line=Daily-POC val=1.33890 side=behind trigger=1 bodyLo=1.33860 bodyHi=1.33872 verdict=ok ownO=1.33872 ownC=1.33861 ownBrk=0"
878,GBP0629-B162,1617DC1ACCE6B50ED2D1359582A70A8B8503C569623EE90C18C6B33542796207,Tester/logs/20261011.log,1469947,2026-07-07,14:55,EXITCENSUS,"HK	0	11:31:42.721	Core 04	2026.07.07 14:55:00   [SRJ-EA] EXITCENSUS bar=2026.07.07 14:50 dir=SHORT line=Daily-VWAP val=1.33874 side=behind trigger=0 bodyLo=1.33860 bodyHi=1.33872 verdict=ok ownO=1.33872 ownC=1.33861 ownBrk=0"
879,GBP0629-B162,1617DC1ACCE6B50ED2D1359582A70A8B8503C569623EE90C18C6B33542796207,Tester/logs/20261011.log,1469948,2026-07-07,14:55,EXITCENSUS,"RL	0	11:31:42.721	Core 04	2026.07.07 14:55:00   [SRJ-EA] EXITCENSUS bar=2026.07.07 14:50 dir=SHORT line=Weekly-POC val=1.33910 side=behind trigger=1 bodyLo=1.33860 bodyHi=1.33872 verdict=ok ownO=1.33872 ownC=1.33861 ownBrk=0"
880,GBP0629-B162,1617DC1ACCE6B50ED2D1359582A70A8B8503C569623EE90C18C6B33542796207,Tester/logs/20261011.log,1469949,2026-07-07,14:55,EXITCENSUS,"JR	0	11:31:42.721	Core 04	2026.07.07 14:55:00   [SRJ-EA] EXITCENSUS bar=2026.07.07 14:50 dir=SHORT line=Weekly-VWAP val=1.33631 side=ahead trigger=0 bodyLo=1.33860 bodyHi=1.33872 verdict=ok ownO=1.33872 ownC=1.33861 ownBrk=0"
881,GBP0629-B162,1617DC1ACCE6B50ED2D1359582A70A8B8503C569623EE90C18C6B33542796207,Tester/logs/20261011.log,1469950,2026-07-07,14:55,EXITCENSUS,"HD	0	11:31:42.721	Core 04	2026.07.07 14:55:00   [SRJ-EA] EXITCENSUS bar=2026.07.07 14:50 dir=SHORT line=Monthly-POC val=1.33542 side=ahead trigger=1 bodyLo=1.33860 bodyHi=1.33872 verdict=ok ownO=1.33872 ownC=1.33861 ownBrk=0"
882,GBP0629-B162,1617DC1ACCE6B50ED2D1359582A70A8B8503C569623EE90C18C6B33542796207,Tester/logs/20261011.log,1469951,2026-07-07,14:55,EXITCENSUS,"OE	0	11:31:42.721	Core 04	2026.07.07 14:55:00   [SRJ-EA] EXITCENSUS bar=2026.07.07 14:50 dir=SHORT line=Monthly-VWAP val=1.33290 side=ahead trigger=0 bodyLo=1.33860 bodyHi=1.33872 verdict=ok ownO=1.33872 ownC=1.33861 ownBrk=0"
883,GBP0629-B162,1617DC1ACCE6B50ED2D1359582A70A8B8503C569623EE90C18C6B33542796207,Tester/logs/20261011.log,1469952,2026-07-07,14:55,EXITCENSUS,"NM	0	11:31:42.721	Core 04	2026.07.07 14:55:00   [SRJ-EA] EXITCENSUS bar=2026.07.07 14:50 dir=SHORT line=Quarterly-POC val=1.33542 side=ahead trigger=1 bodyLo=1.33860 bodyHi=1.33872 verdict=ok ownO=1.33872 ownC=1.33861 ownBrk=0"
884,GBP0629-B162,1617DC1ACCE6B50ED2D1359582A70A8B8503C569623EE90C18C6B33542796207,Tester/logs/20261011.log,1469953,2026-07-07,14:55,EXITCENSUS,"IM	0	11:31:42.721	Core 04	2026.07.07 14:55:00   [SRJ-EA] EXITCENSUS bar=2026.07.07 14:50 dir=SHORT line=Quarterly-VWAP val=1.33290 side=ahead trigger=0 bodyLo=1.33860 bodyHi=1.33872 verdict=ok ownO=1.33872 ownC=1.33861 ownBrk=0"
885,GBP0629-B162,1617DC1ACCE6B50ED2D1359582A70A8B8503C569623EE90C18C6B33542796207,Tester/logs/20261011.log,1469958,2026-07-07,15:00,B152PR,"EO	0	11:31:42.721	Core 04	2026.07.07 15:00:00   [SRJ-IND] B152PR sym=GBPUSD bar=2026.07.07 14:55 z1=150,S,1.34395,1.34430,2026.06.15 11:40,1,2026.06.15 17:05,1.34420,1.34363"
886,GBP0629-B162,1617DC1ACCE6B50ED2D1359582A70A8B8503C569623EE90C18C6B33542796207,Tester/logs/20261011.log,1469959,2026-07-07,15:00,B152PR,"PS	0	11:31:42.721	Core 04	2026.07.07 15:00:00   [SRJ-IND] B152PR sym=GBPUSD bar=2026.07.07 14:55 z1=1582,B,1.31711,1.31751,2026.06.25 15:45,1,2026.06.25 15:55,1.31818,1.31739"
887,GBP0629-B162,1617DC1ACCE6B50ED2D1359582A70A8B8503C569623EE90C18C6B33542796207,Tester/logs/20261011.log,1469960,2026-07-07,15:00,B152PR,"LI	0	11:31:42.721	Core 04	2026.07.07 15:00:00   [SRJ-IND] B152PR sym=GBPUSD bar=2026.07.07 14:55 z1=1869,B,1.31919,1.31950,2026.06.29 02:50,1,2026.06.29 03:00,1.32000,1.31935"
888,GBP0629-B162,1617DC1ACCE6B50ED2D1359582A70A8B8503C569623EE90C18C6B33542796207,Tester/logs/20261011.log,1469961,2026-07-07,15:00,B152PR,"QO	0	11:31:42.721	Core 04	2026.07.07 15:00:00   [SRJ-IND] B152PR sym=GBPUSD bar=2026.07.07 14:55 z1=1875,B,1.31936,1.31982,2026.06.29 05:20,1,2026.06.29 06:55,1.32014,1.31979"
889,GBP0629-B162,1617DC1ACCE6B50ED2D1359582A70A8B8503C569623EE90C18C6B33542796207,Tester/logs/20261011.log,1469962,2026-07-07,15:00,B152PR,"OE	0	11:31:42.721	Core 04	2026.07.07 15:00:00   [SRJ-IND] B152PR sym=GBPUSD bar=2026.07.07 14:55 z1=1899,B,1.31967,1.31979,2026.06.29 07:35,1,2026.06.29 07:40,1.31994,1.31978"
890,GBP0629-B162,1617DC1ACCE6B50ED2D1359582A70A8B8503C569623EE90C18C6B33542796207,Tester/logs/20261011.log,1469963,2026-07-07,15:00,B152PR,"FK	0	11:31:42.721	Core 04	2026.07.07 15:00:00   [SRJ-IND] B152PR sym=GBPUSD bar=2026.07.07 14:55 z1=1909,B,1.32024,1.32052,2026.06.29 08:35,1,2026.06.29 11:20,1.32088,1.32041"
891,GBP0629-B162,1617DC1ACCE6B50ED2D1359582A70A8B8503C569623EE90C18C6B33542796207,Tester/logs/20261011.log,1469964,2026-07-07,15:00,B152PR,"CQ	0	11:31:42.721	Core 04	2026.07.07 15:00:00   [SRJ-IND] B152PR sym=GBPUSD bar=2026.07.07 14:55 z1=1941,B,1.32111,1.32139,2026.06.29 14:30,1,2026.06.30 15:20,1.32223,1.32125"
892,GBP0629-B162,1617DC1ACCE6B50ED2D1359582A70A8B8503C569623EE90C18C6B33542796207,Tester/logs/20261011.log,1469965,2026-07-07,15:00,B152PR,"KG	0	11:31:42.721	Core 04	2026.07.07 15:00:00   [SRJ-IND] B152PR sym=GBPUSD bar=2026.07.07 14:55 z1=1943,B,1.32097,1.32138,2026.06.29 13:55,1,2026.06.30 15:20,1.32223,1.32125"
893,GBP0629-B162,1617DC1ACCE6B50ED2D1359582A70A8B8503C569623EE90C18C6B33542796207,Tester/logs/20261011.log,1469966,2026-07-07,15:00,B152PR,"FM	0	11:31:42.721	Core 04	2026.07.07 15:00:00   [SRJ-IND] B152PR sym=GBPUSD bar=2026.07.07 14:55 z1=2367,B,1.32677,1.32799,2026.07.02 03:10,1,2026.07.02 03:15,1.32801,1.32765"
894,GBP0629-B162,1617DC1ACCE6B50ED2D1359582A70A8B8503C569623EE90C18C6B33542796207,Tester/logs/20261011.log,1469967,2026-07-07,15:00,B152PR,"GS	0	11:31:42.721	Core 04	2026.07.07 15:00:00   [SRJ-IND] B152PR sym=GBPUSD bar=2026.07.07 14:55 z1=2646,B,1.33597,1.33639,2026.07.06 18:50,1,2026.07.06 18:55,1.33678,1.33636"
895,GBP0629-B162,1617DC1ACCE6B50ED2D1359582A70A8B8503C569623EE90C18C6B33542796207,Tester/logs/20261011.log,1469968,2026-07-07,15:00,B152PR,"CI	0	11:31:42.721	Core 04	2026.07.07 15:00:00   [SRJ-IND] B152PR sym=GBPUSD bar=2026.07.07 14:55 z1=2849,B,1.33657,1.33695,2026.07.06 19:30,1,2026.07.07 13:05,1.33770,1.33691"
896,GBP0629-B162,1617DC1ACCE6B50ED2D1359582A70A8B8503C569623EE90C18C6B33542796207,Tester/logs/20261011.log,1469969,2026-07-07,15:00,B152PR,"PN	0	11:31:42.721	Core 04	2026.07.07 15:00:00   [SRJ-IND] B152PR sym=GBPUSD bar=2026.07.07 14:55 z1=2974,S,1.33862,1.33936,2026.07.07 12:25,1,2026.07.07 12:30,1.33881,1.33856"
897,GBP0629-B162,1617DC1ACCE6B50ED2D1359582A70A8B8503C569623EE90C18C6B33542796207,Tester/logs/20261011.log,1469970,2026-07-07,15:00,B152PR,"CE	0	11:31:42.721	Core 04	2026.07.07 15:00:00   [SRJ-IND] B152PR sym=GBPUSD bar=2026.07.07 14:55 z1=2990,B,1.33840,1.33861,2026.07.07 14:25,1,2026.07.07 14:30,1.33891,1.33861"
898,GBP0629-B162,1617DC1ACCE6B50ED2D1359582A70A8B8503C569623EE90C18C6B33542796207,Tester/logs/20261011.log,1469971,2026-07-07,15:00,B152PR,"JI	0	11:31:42.721	Core 04	2026.07.07 15:00:00   [SRJ-IND] B152PR sym=GBPUSD bar=2026.07.07 14:55 bull=1 bear=1 nz=13"
899,GBP0629-B162,1617DC1ACCE6B50ED2D1359582A70A8B8503C569623EE90C18C6B33542796207,Tester/logs/20261011.log,1469972,2026-07-07,15:00,B162ORIGIN,"EE	0	11:31:42.721	Core 04	2026.07.07 15:00:00   [SRJ-IND] B162ORIGIN sym=GBPUSD bar=2026.07.07 14:55 side=B n=11 origin=2990 range=1.33840-1.33861 formT=2026.07.07 13:55 set=1582,1869,1875,1899,1909,1941,1943,2367,2646,2849,2990"
900,GBP0629-B162,1617DC1ACCE6B50ED2D1359582A70A8B8503C569623EE90C18C6B33542796207,Tester/logs/20261011.log,1469973,2026-07-07,15:00,B162ORIGIN,"HK	0	11:31:42.721	Core 04	2026.07.07 15:00:00   [SRJ-IND] B162ORIGIN sym=GBPUSD bar=2026.07.07 14:55 side=S n=2 origin=2974 range=1.33862-1.33936 formT=2026.07.07 11:45 set=150,2974"
901,GBP0629-B162,1617DC1ACCE6B50ED2D1359582A70A8B8503C569623EE90C18C6B33542796207,Tester/logs/20261011.log,1469978,2026-07-07,15:00,CQDRECHECK,"QR	0	11:31:42.721	Core 04	2026.07.07 15:00:00   [SRJ-EA] CQDRECHECK shift=2 passA=1.0 passB=1.0 diff=0 bar=2026.07.07 14:50 state=IDLE dir=NONE divLatch=0 hit1=0 hit2=476 mism=0"
902,GBP0629-B162,1617DC1ACCE6B50ED2D1359582A70A8B8503C569623EE90C18C6B33542796207,Tester/logs/20261011.log,1469983,2026-07-07,15:00,CONFIRMPOLL,"ML	0	11:31:42.721	Core 04	2026.07.07 15:00:00   [SRJ-EA] CONFIRMPOLL bar=2026.07.07 14:55 anchor=Daily-POC dir=SHORT oppCandle=0 bodyDir=0 body=18pts doji=0 touchAttr=0 confirm=0 shadow=true"
903,GBP0629-B162,1617DC1ACCE6B50ED2D1359582A70A8B8503C569623EE90C18C6B33542796207,Tester/logs/20261011.log,1469984,2026-07-07,15:00,EXITCENSUS,"IH	0	11:31:42.721	Core 04	2026.07.07 15:00:00   [SRJ-EA] EXITCENSUS bar=2026.07.07 14:55 dir=SHORT line=Daily-POC val=1.33890 side=behind trigger=1 bodyLo=1.33860 bodyHi=1.33877 verdict=ok ownO=1.33860 ownC=1.33878 ownBrk=0"
904,GBP0629-B162,1617DC1ACCE6B50ED2D1359582A70A8B8503C569623EE90C18C6B33542796207,Tester/logs/20261011.log,1469985,2026-07-07,15:00,EXITCENSUS,"ME	0	11:31:42.721	Core 04	2026.07.07 15:00:00   [SRJ-EA] EXITCENSUS bar=2026.07.07 14:55 dir=SHORT line=Daily-VWAP val=1.33874 side=ahead trigger=0 bodyLo=1.33860 bodyHi=1.33877 verdict=ok ownO=1.33860 ownC=1.33878 ownBrk=0"
905,GBP0629-B162,1617DC1ACCE6B50ED2D1359582A70A8B8503C569623EE90C18C6B33542796207,Tester/logs/20261011.log,1469986,2026-07-07,15:00,EXITCENSUS,"FL	0	11:31:42.721	Core 04	2026.07.07 15:00:00   [SRJ-EA] EXITCENSUS bar=2026.07.07 14:55 dir=SHORT line=Weekly-POC val=1.33910 side=behind trigger=1 bodyLo=1.33860 bodyHi=1.33877 verdict=ok ownO=1.33860 ownC=1.33878 ownBrk=0"
906,GBP0629-B162,1617DC1ACCE6B50ED2D1359582A70A8B8503C569623EE90C18C6B33542796207,Tester/logs/20261011.log,1469987,2026-07-07,15:00,EXITCENSUS,"CR	0	11:31:42.721	Core 04	2026.07.07 15:00:00   [SRJ-EA] EXITCENSUS bar=2026.07.07 14:55 dir=SHORT line=Weekly-VWAP val=1.33632 side=ahead trigger=0 bodyLo=1.33860 bodyHi=1.33877 verdict=ok ownO=1.33860 ownC=1.33878 ownBrk=0"
907,GBP0629-B162,1617DC1ACCE6B50ED2D1359582A70A8B8503C569623EE90C18C6B33542796207,Tester/logs/20261011.log,1469988,2026-07-07,15:00,EXITCENSUS,"LD	0	11:31:42.721	Core 04	2026.07.07 15:00:00   [SRJ-EA] EXITCENSUS bar=2026.07.07 14:55 dir=SHORT line=Monthly-POC val=1.33542 side=ahead trigger=1 bodyLo=1.33860 bodyHi=1.33877 verdict=ok ownO=1.33860 ownC=1.33878 ownBrk=0"
908,GBP0629-B162,1617DC1ACCE6B50ED2D1359582A70A8B8503C569623EE90C18C6B33542796207,Tester/logs/20261011.log,1469989,2026-07-07,15:00,EXITCENSUS,"KD	0	11:31:42.721	Core 04	2026.07.07 15:00:00   [SRJ-EA] EXITCENSUS bar=2026.07.07 14:55 dir=SHORT line=Monthly-VWAP val=1.33290 side=ahead trigger=0 bodyLo=1.33860 bodyHi=1.33877 verdict=ok ownO=1.33860 ownC=1.33878 ownBrk=0"
909,GBP0629-B162,1617DC1ACCE6B50ED2D1359582A70A8B8503C569623EE90C18C6B33542796207,Tester/logs/20261011.log,1469990,2026-07-07,15:00,EXITCENSUS,"FM	0	11:31:42.721	Core 04	2026.07.07 15:00:00   [SRJ-EA] EXITCENSUS bar=2026.07.07 14:55 dir=SHORT line=Quarterly-POC val=1.33542 side=ahead trigger=1 bodyLo=1.33860 bodyHi=1.33877 verdict=ok ownO=1.33860 ownC=1.33878 ownBrk=0"
910,GBP0629-B162,1617DC1ACCE6B50ED2D1359582A70A8B8503C569623EE90C18C6B33542796207,Tester/logs/20261011.log,1469991,2026-07-07,15:00,EXITCENSUS,"QM	0	11:31:42.721	Core 04	2026.07.07 15:00:00   [SRJ-EA] EXITCENSUS bar=2026.07.07 14:55 dir=SHORT line=Quarterly-VWAP val=1.33290 side=ahead trigger=0 bodyLo=1.33860 bodyHi=1.33877 verdict=ok ownO=1.33860 ownC=1.33878 ownBrk=0"
911,GBP0629-B162,1617DC1ACCE6B50ED2D1359582A70A8B8503C569623EE90C18C6B33542796207,Tester/logs/20261011.log,1469998,2026-07-07,15:05,B152PR,"CE	0	11:31:42.721	Core 04	2026.07.07 15:05:00   [SRJ-IND] B152PR sym=GBPUSD bar=2026.07.07 15:00 z1=150,S,1.34395,1.34430,2026.06.15 11:40,1,2026.06.15 17:05,1.34420,1.34363"
912,GBP0629-B162,1617DC1ACCE6B50ED2D1359582A70A8B8503C569623EE90C18C6B33542796207,Tester/logs/20261011.log,1469999,2026-07-07,15:05,B152PR,"NM	0	11:31:42.721	Core 04	2026.07.07 15:05:00   [SRJ-IND] B152PR sym=GBPUSD bar=2026.07.07 15:00 z1=1582,B,1.31711,1.31751,2026.06.25 15:45,1,2026.06.25 15:55,1.31818,1.31739"
913,GBP0629-B162,1617DC1ACCE6B50ED2D1359582A70A8B8503C569623EE90C18C6B33542796207,Tester/logs/20261011.log,1470000,2026-07-07,15:05,B152PR,"RS	0	11:31:42.721	Core 04	2026.07.07 15:05:00   [SRJ-IND] B152PR sym=GBPUSD bar=2026.07.07 15:00 z1=1869,B,1.31919,1.31950,2026.06.29 02:50,1,2026.06.29 03:00,1.32000,1.31935"
914,GBP0629-B162,1617DC1ACCE6B50ED2D1359582A70A8B8503C569623EE90C18C6B33542796207,Tester/logs/20261011.log,1470001,2026-07-07,15:05,B152PR,"KI	0	11:31:42.721	Core 04	2026.07.07 15:05:00   [SRJ-IND] B152PR sym=GBPUSD bar=2026.07.07 15:00 z1=1875,B,1.31936,1.31982,2026.06.29 05:20,1,2026.06.29 06:55,1.32014,1.31979"
915,GBP0629-B162,1617DC1ACCE6B50ED2D1359582A70A8B8503C569623EE90C18C6B33542796207,Tester/logs/20261011.log,1470002,2026-07-07,15:05,B152PR,"MO	0	11:31:42.721	Core 04	2026.07.07 15:05:00   [SRJ-IND] B152PR sym=GBPUSD bar=2026.07.07 15:00 z1=1899,B,1.31967,1.31979,2026.06.29 07:35,1,2026.06.29 07:40,1.31994,1.31978"
916,GBP0629-B162,1617DC1ACCE6B50ED2D1359582A70A8B8503C569623EE90C18C6B33542796207,Tester/logs/20261011.log,1470003,2026-07-07,15:05,B152PR,"HE	0	11:31:42.721	Core 04	2026.07.07 15:05:00   [SRJ-IND] B152PR sym=GBPUSD bar=2026.07.07 15:00 z1=1909,B,1.32024,1.32052,2026.06.29 08:35,1,2026.06.29 11:20,1.32088,1.32041"
917,GBP0629-B162,1617DC1ACCE6B50ED2D1359582A70A8B8503C569623EE90C18C6B33542796207,Tester/logs/20261011.log,1470004,2026-07-07,15:05,B152PR,"IK	0	11:31:42.721	Core 04	2026.07.07 15:05:00   [SRJ-IND] B152PR sym=GBPUSD bar=2026.07.07 15:00 z1=1941,B,1.32111,1.32139,2026.06.29 14:30,1,2026.06.30 15:20,1.32223,1.32125"
918,GBP0629-B162,1617DC1ACCE6B50ED2D1359582A70A8B8503C569623EE90C18C6B33542796207,Tester/logs/20261011.log,1470005,2026-07-07,15:05,B152PR,"QQ	0	11:31:42.721	Core 04	2026.07.07 15:05:00   [SRJ-IND] B152PR sym=GBPUSD bar=2026.07.07 15:00 z1=1943,B,1.32097,1.32138,2026.06.29 13:55,1,2026.06.30 15:20,1.32223,1.32125"
919,GBP0629-B162,1617DC1ACCE6B50ED2D1359582A70A8B8503C569623EE90C18C6B33542796207,Tester/logs/20261011.log,1470006,2026-07-07,15:05,B152PR,"HG	0	11:31:42.721	Core 04	2026.07.07 15:05:00   [SRJ-IND] B152PR sym=GBPUSD bar=2026.07.07 15:00 z1=2367,B,1.32677,1.32799,2026.07.02 03:10,1,2026.07.02 03:15,1.32801,1.32765"
920,GBP0629-B162,1617DC1ACCE6B50ED2D1359582A70A8B8503C569623EE90C18C6B33542796207,Tester/logs/20261011.log,1470007,2026-07-07,15:05,B152PR,"EM	0	11:31:42.721	Core 04	2026.07.07 15:05:00   [SRJ-IND] B152PR sym=GBPUSD bar=2026.07.07 15:00 z1=2646,B,1.33597,1.33639,2026.07.06 18:50,1,2026.07.06 18:55,1.33678,1.33636"
921,GBP0629-B162,1617DC1ACCE6B50ED2D1359582A70A8B8503C569623EE90C18C6B33542796207,Tester/logs/20261011.log,1470008,2026-07-07,15:05,B152PR,"IS	0	11:31:42.721	Core 04	2026.07.07 15:05:00   [SRJ-IND] B152PR sym=GBPUSD bar=2026.07.07 15:00 z1=2849,B,1.33657,1.33695,2026.07.06 19:30,1,2026.07.07 13:05,1.33770,1.33691"
922,GBP0629-B162,1617DC1ACCE6B50ED2D1359582A70A8B8503C569623EE90C18C6B33542796207,Tester/logs/20261011.log,1470009,2026-07-07,15:05,B152PR,"NH	0	11:31:42.721	Core 04	2026.07.07 15:05:00   [SRJ-IND] B152PR sym=GBPUSD bar=2026.07.07 15:00 z1=2974,S,1.33862,1.33936,2026.07.07 12:25,1,2026.07.07 12:30,1.33881,1.33856"
923,GBP0629-B162,1617DC1ACCE6B50ED2D1359582A70A8B8503C569623EE90C18C6B33542796207,Tester/logs/20261011.log,1470010,2026-07-07,15:05,B152PR,"IO	0	11:31:42.721	Core 04	2026.07.07 15:05:00   [SRJ-IND] B152PR sym=GBPUSD bar=2026.07.07 15:00 z1=2990,B,1.33840,1.33861,2026.07.07 14:25,1,2026.07.07 14:30,1.33891,1.33861"
924,GBP0629-B162,1617DC1ACCE6B50ED2D1359582A70A8B8503C569623EE90C18C6B33542796207,Tester/logs/20261011.log,1470011,2026-07-07,15:05,B152PR,"DG	0	11:31:42.721	Core 04	2026.07.07 15:05:00   [SRJ-IND] B152PR sym=GBPUSD bar=2026.07.07 15:00 bull=1 bear=1 nz=13"
925,GBP0629-B162,1617DC1ACCE6B50ED2D1359582A70A8B8503C569623EE90C18C6B33542796207,Tester/logs/20261011.log,1470012,2026-07-07,15:05,B162ORIGIN,"GK	0	11:31:42.721	Core 04	2026.07.07 15:05:00   [SRJ-IND] B162ORIGIN sym=GBPUSD bar=2026.07.07 15:00 side=B n=11 origin=2990 range=1.33840-1.33861 formT=2026.07.07 13:55 set=1582,1869,1875,1899,1909,1941,1943,2367,2646,2849,2990"
926,GBP0629-B162,1617DC1ACCE6B50ED2D1359582A70A8B8503C569623EE90C18C6B33542796207,Tester/logs/20261011.log,1470013,2026-07-07,15:05,B162ORIGIN,"FM	0	11:31:42.721	Core 04	2026.07.07 15:05:00   [SRJ-IND] B162ORIGIN sym=GBPUSD bar=2026.07.07 15:00 side=S n=2 origin=2974 range=1.33862-1.33936 formT=2026.07.07 11:45 set=150,2974"
927,GBP0629-B162,1617DC1ACCE6B50ED2D1359582A70A8B8503C569623EE90C18C6B33542796207,Tester/logs/20261011.log,1470018,2026-07-07,15:05,CQDRECHECK,"NP	0	11:31:42.721	Core 04	2026.07.07 15:05:00   [SRJ-EA] CQDRECHECK shift=2 passA=-2.0 passB=-2.0 diff=0 bar=2026.07.07 14:55 state=IDLE dir=NONE divLatch=0 hit1=0 hit2=477 mism=0"
928,GBP0629-B162,1617DC1ACCE6B50ED2D1359582A70A8B8503C569623EE90C18C6B33542796207,Tester/logs/20261011.log,1470023,2026-07-07,15:05,CONFIRMPOLL,"ED	0	11:31:42.721	Core 04	2026.07.07 15:05:00   [SRJ-EA] CONFIRMPOLL bar=2026.07.07 15:00 anchor=Weekly-POC dir=SHORT oppCandle=1 bodyDir=0 body=12pts doji=0 touchAttr=1 confirm=0 shadow=true"
929,GBP0629-B162,1617DC1ACCE6B50ED2D1359582A70A8B8503C569623EE90C18C6B33542796207,Tester/logs/20261011.log,1470024,2026-07-07,15:05,EXITCENSUS,"KO	0	11:31:42.721	Core 04	2026.07.07 15:05:00   [SRJ-EA] EXITCENSUS bar=2026.07.07 15:00 dir=SHORT line=Daily-POC val=1.33890 side=behind trigger=1 bodyLo=1.33877 bodyHi=1.33888 verdict=ok ownO=1.33877 ownC=1.33889 ownBrk=0"
930,GBP0629-B162,1617DC1ACCE6B50ED2D1359582A70A8B8503C569623EE90C18C6B33542796207,Tester/logs/20261011.log,1470025,2026-07-07,15:05,EXITCENSUS,"OI	0	11:31:42.721	Core 04	2026.07.07 15:05:00   [SRJ-EA] EXITCENSUS bar=2026.07.07 15:00 dir=SHORT line=Daily-VWAP val=1.33874 side=ahead trigger=0 bodyLo=1.33877 bodyHi=1.33888 verdict=ok ownO=1.33877 ownC=1.33889 ownBrk=0"
931,GBP0629-B162,1617DC1ACCE6B50ED2D1359582A70A8B8503C569623EE90C18C6B33542796207,Tester/logs/20261011.log,1470026,2026-07-07,15:05,EXITCENSUS,"OH	0	11:31:42.721	Core 04	2026.07.07 15:05:00   [SRJ-EA] EXITCENSUS bar=2026.07.07 15:00 dir=SHORT line=Weekly-POC val=1.33890 side=behind trigger=1 bodyLo=1.33877 bodyHi=1.33888 verdict=ok ownO=1.33877 ownC=1.33889 ownBrk=0"
932,GBP0629-B162,1617DC1ACCE6B50ED2D1359582A70A8B8503C569623EE90C18C6B33542796207,Tester/logs/20261011.log,1470027,2026-07-07,15:05,EXITCENSUS,"RO	0	11:31:42.721	Core 04	2026.07.07 15:05:00   [SRJ-EA] EXITCENSUS bar=2026.07.07 15:00 dir=SHORT line=Weekly-VWAP val=1.33633 side=ahead trigger=0 bodyLo=1.33877 bodyHi=1.33888 verdict=ok ownO=1.33877 ownC=1.33889 ownBrk=0"
933,GBP0629-B162,1617DC1ACCE6B50ED2D1359582A70A8B8503C569623EE90C18C6B33542796207,Tester/logs/20261011.log,1470028,2026-07-07,15:05,EXITCENSUS,"RQ	0	11:31:42.721	Core 04	2026.07.07 15:05:00   [SRJ-EA] EXITCENSUS bar=2026.07.07 15:00 dir=SHORT line=Monthly-POC val=1.33542 side=ahead trigger=1 bodyLo=1.33877 bodyHi=1.33888 verdict=ok ownO=1.33877 ownC=1.33889 ownBrk=0"
934,GBP0629-B162,1617DC1ACCE6B50ED2D1359582A70A8B8503C569623EE90C18C6B33542796207,Tester/logs/20261011.log,1470029,2026-07-07,15:05,EXITCENSUS,"JI	0	11:31:42.721	Core 04	2026.07.07 15:05:00   [SRJ-EA] EXITCENSUS bar=2026.07.07 15:00 dir=SHORT line=Monthly-VWAP val=1.33291 side=ahead trigger=0 bodyLo=1.33877 bodyHi=1.33888 verdict=ok ownO=1.33877 ownC=1.33889 ownBrk=0"
935,GBP0629-B162,1617DC1ACCE6B50ED2D1359582A70A8B8503C569623EE90C18C6B33542796207,Tester/logs/20261011.log,1470030,2026-07-07,15:05,EXITCENSUS,"PF	0	11:31:42.721	Core 04	2026.07.07 15:05:00   [SRJ-EA] EXITCENSUS bar=2026.07.07 15:00 dir=SHORT line=Quarterly-POC val=1.33542 side=ahead trigger=1 bodyLo=1.33877 bodyHi=1.33888 verdict=ok ownO=1.33877 ownC=1.33889 ownBrk=0"
936,GBP0629-B162,1617DC1ACCE6B50ED2D1359582A70A8B8503C569623EE90C18C6B33542796207,Tester/logs/20261011.log,1470031,2026-07-07,15:05,EXITCENSUS,"DF	0	11:31:42.721	Core 04	2026.07.07 15:05:00   [SRJ-EA] EXITCENSUS bar=2026.07.07 15:00 dir=SHORT line=Quarterly-VWAP val=1.33291 side=ahead trigger=0 bodyLo=1.33877 bodyHi=1.33888 verdict=ok ownO=1.33877 ownC=1.33889 ownBrk=0"
937,GBP0629-B162,1617DC1ACCE6B50ED2D1359582A70A8B8503C569623EE90C18C6B33542796207,Tester/logs/20261011.log,1470035,2026-07-07,15:10,B152PR,"NG	0	11:31:42.721	Core 04	2026.07.07 15:10:00   [SRJ-IND] B152PR sym=GBPUSD bar=2026.07.07 15:05 z1=150,S,1.34395,1.34430,2026.06.15 11:40,1,2026.06.15 17:05,1.34420,1.34363"
938,GBP0629-B162,1617DC1ACCE6B50ED2D1359582A70A8B8503C569623EE90C18C6B33542796207,Tester/logs/20261011.log,1470036,2026-07-07,15:10,B152PR,"GK	0	11:31:42.721	Core 04	2026.07.07 15:10:00   [SRJ-IND] B152PR sym=GBPUSD bar=2026.07.07 15:05 z1=1582,B,1.31711,1.31751,2026.06.25 15:45,1,2026.06.25 15:55,1.31818,1.31739"
939,GBP0629-B162,1617DC1ACCE6B50ED2D1359582A70A8B8503C569623EE90C18C6B33542796207,Tester/logs/20261011.log,1470037,2026-07-07,15:10,B152PR,"CQ	0	11:31:42.721	Core 04	2026.07.07 15:10:00   [SRJ-IND] B152PR sym=GBPUSD bar=2026.07.07 15:05 z1=1869,B,1.31919,1.31950,2026.06.29 02:50,1,2026.06.29 03:00,1.32000,1.31935"
940,GBP0629-B162,1617DC1ACCE6B50ED2D1359582A70A8B8503C569623EE90C18C6B33542796207,Tester/logs/20261011.log,1470038,2026-07-07,15:10,B152PR,"JG	0	11:31:42.721	Core 04	2026.07.07 15:10:00   [SRJ-IND] B152PR sym=GBPUSD bar=2026.07.07 15:05 z1=1875,B,1.31936,1.31982,2026.06.29 05:20,1,2026.06.29 06:55,1.32014,1.31979"
941,GBP0629-B162,1617DC1ACCE6B50ED2D1359582A70A8B8503C569623EE90C18C6B33542796207,Tester/logs/20261011.log,1470039,2026-07-07,15:10,B152PR,"HM	0	11:31:42.721	Core 04	2026.07.07 15:10:00   [SRJ-IND] B152PR sym=GBPUSD bar=2026.07.07 15:05 z1=1899,B,1.31967,1.31979,2026.06.29 07:35,1,2026.06.29 07:40,1.31994,1.31978"
942,GBP0629-B162,1617DC1ACCE6B50ED2D1359582A70A8B8503C569623EE90C18C6B33542796207,Tester/logs/20261011.log,1470040,2026-07-07,15:10,B152PR,"MS	0	11:31:42.721	Core 04	2026.07.07 15:10:00   [SRJ-IND] B152PR sym=GBPUSD bar=2026.07.07 15:05 z1=1909,B,1.32024,1.32052,2026.06.29 08:35,1,2026.06.29 11:20,1.32088,1.32041"
943,GBP0629-B162,1617DC1ACCE6B50ED2D1359582A70A8B8503C569623EE90C18C6B33542796207,Tester/logs/20261011.log,1470041,2026-07-07,15:10,B152PR,"LI	0	11:31:42.721	Core 04	2026.07.07 15:10:00   [SRJ-IND] B152PR sym=GBPUSD bar=2026.07.07 15:05 z1=1941,B,1.32111,1.32139,2026.06.29 14:30,1,2026.06.30 15:20,1.32223,1.32125"
944,GBP0629-B162,1617DC1ACCE6B50ED2D1359582A70A8B8503C569623EE90C18C6B33542796207,Tester/logs/20261011.log,1470042,2026-07-07,15:10,B152PR,"DO	0	11:31:42.721	Core 04	2026.07.07 15:10:00   [SRJ-IND] B152PR sym=GBPUSD bar=2026.07.07 15:05 z1=1943,B,1.32097,1.32138,2026.06.29 13:55,1,2026.06.30 15:20,1.32223,1.32125"
945,GBP0629-B162,1617DC1ACCE6B50ED2D1359582A70A8B8503C569623EE90C18C6B33542796207,Tester/logs/20261011.log,1470043,2026-07-07,15:10,B152PR,"ME	0	11:31:42.721	Core 04	2026.07.07 15:10:00   [SRJ-IND] B152PR sym=GBPUSD bar=2026.07.07 15:05 z1=2367,B,1.32677,1.32799,2026.07.02 03:10,1,2026.07.02 03:15,1.32801,1.32765"
946,GBP0629-B162,1617DC1ACCE6B50ED2D1359582A70A8B8503C569623EE90C18C6B33542796207,Tester/logs/20261011.log,1470044,2026-07-07,15:10,B152PR,"PK	0	11:31:42.721	Core 04	2026.07.07 15:10:00   [SRJ-IND] B152PR sym=GBPUSD bar=2026.07.07 15:05 z1=2646,B,1.33597,1.33639,2026.07.06 18:50,1,2026.07.06 18:55,1.33678,1.33636"
947,GBP0629-B162,1617DC1ACCE6B50ED2D1359582A70A8B8503C569623EE90C18C6B33542796207,Tester/logs/20261011.log,1470045,2026-07-07,15:10,B152PR,"LQ	0	11:31:42.721	Core 04	2026.07.07 15:10:00   [SRJ-IND] B152PR sym=GBPUSD bar=2026.07.07 15:05 z1=2849,B,1.33657,1.33695,2026.07.06 19:30,1,2026.07.07 13:05,1.33770,1.33691"
948,GBP0629-B162,1617DC1ACCE6B50ED2D1359582A70A8B8503C569623EE90C18C6B33542796207,Tester/logs/20261011.log,1470046,2026-07-07,15:10,B152PR,"GF	0	11:31:42.721	Core 04	2026.07.07 15:10:00   [SRJ-IND] B152PR sym=GBPUSD bar=2026.07.07 15:05 z1=2974,S,1.33862,1.33936,2026.07.07 12:25,1,2026.07.07 12:30,1.33881,1.33856"
949,GBP0629-B162,1617DC1ACCE6B50ED2D1359582A70A8B8503C569623EE90C18C6B33542796207,Tester/logs/20261011.log,1470047,2026-07-07,15:10,B152PR,"LM	0	11:31:42.721	Core 04	2026.07.07 15:10:00   [SRJ-IND] B152PR sym=GBPUSD bar=2026.07.07 15:05 z1=2990,B,1.33840,1.33861,2026.07.07 14:25,1,2026.07.07 14:30,1.33891,1.33861"
950,GBP0629-B162,1617DC1ACCE6B50ED2D1359582A70A8B8503C569623EE90C18C6B33542796207,Tester/logs/20261011.log,1470048,2026-07-07,15:10,B152PR,"QQ	0	11:31:42.721	Core 04	2026.07.07 15:10:00   [SRJ-IND] B152PR sym=GBPUSD bar=2026.07.07 15:05 bull=1 bear=1 nz=13"
951,GBP0629-B162,1617DC1ACCE6B50ED2D1359582A70A8B8503C569623EE90C18C6B33542796207,Tester/logs/20261011.log,1470049,2026-07-07,15:10,B162ORIGIN,"FM	0	11:31:42.721	Core 04	2026.07.07 15:10:00   [SRJ-IND] B162ORIGIN sym=GBPUSD bar=2026.07.07 15:05 side=B n=11 origin=2990 range=1.33840-1.33861 formT=2026.07.07 13:55 set=1582,1869,1875,1899,1909,1941,1943,2367,2646,2849,2990"
952,GBP0629-B162,1617DC1ACCE6B50ED2D1359582A70A8B8503C569623EE90C18C6B33542796207,Tester/logs/20261011.log,1470050,2026-07-07,15:10,B162ORIGIN,"OR	0	11:31:42.721	Core 04	2026.07.07 15:10:00   [SRJ-IND] B162ORIGIN sym=GBPUSD bar=2026.07.07 15:05 side=S n=2 origin=2974 range=1.33862-1.33936 formT=2026.07.07 11:45 set=150,2974"
953,GBP0629-B162,1617DC1ACCE6B50ED2D1359582A70A8B8503C569623EE90C18C6B33542796207,Tester/logs/20261011.log,1470057,2026-07-07,15:10,CONFIRMPOLL,"CQ	0	11:31:42.721	Core 04	2026.07.07 15:10:00   [SRJ-EA] CONFIRMPOLL bar=2026.07.07 15:05 anchor=Weekly-POC dir=SHORT oppCandle=1 bodyDir=1 body=31pts doji=0 touchAttr=1 confirm=1 shadow=true"
954,GBP0629-B162,1617DC1ACCE6B50ED2D1359582A70A8B8503C569623EE90C18C6B33542796207,Tester/logs/20261011.log,1470058,2026-07-07,15:10,EXITCENSUS,"OJ	0	11:31:42.721	Core 04	2026.07.07 15:10:00   [SRJ-EA] EXITCENSUS bar=2026.07.07 15:05 dir=SHORT line=Daily-POC val=1.33890 side=behind trigger=1 bodyLo=1.33855 bodyHi=1.33888 verdict=ok ownO=1.33888 ownC=1.33857 ownBrk=0"
955,GBP0629-B162,1617DC1ACCE6B50ED2D1359582A70A8B8503C569623EE90C18C6B33542796207,Tester/logs/20261011.log,1470059,2026-07-07,15:10,EXITCENSUS,"LJ	0	11:31:42.721	Core 04	2026.07.07 15:10:00   [SRJ-EA] EXITCENSUS bar=2026.07.07 15:05 dir=SHORT line=Daily-VWAP val=1.33874 side=behind trigger=0 bodyLo=1.33855 bodyHi=1.33888 verdict=ok ownO=1.33888 ownC=1.33857 ownBrk=0"
956,GBP0629-B162,1617DC1ACCE6B50ED2D1359582A70A8B8503C569623EE90C18C6B33542796207,Tester/logs/20261011.log,1470060,2026-07-07,15:10,EXITCENSUS,"EJ	0	11:31:42.721	Core 04	2026.07.07 15:10:00   [SRJ-EA] EXITCENSUS bar=2026.07.07 15:05 dir=SHORT line=Weekly-POC val=1.33890 side=behind trigger=1 bodyLo=1.33855 bodyHi=1.33888 verdict=ok ownO=1.33888 ownC=1.33857 ownBrk=0"
957,GBP0629-B162,1617DC1ACCE6B50ED2D1359582A70A8B8503C569623EE90C18C6B33542796207,Tester/logs/20261011.log,1470061,2026-07-07,15:10,EXITCENSUS,"QL	0	11:31:42.721	Core 04	2026.07.07 15:10:00   [SRJ-EA] EXITCENSUS bar=2026.07.07 15:05 dir=SHORT line=Weekly-VWAP val=1.33634 side=ahead trigger=0 bodyLo=1.33855 bodyHi=1.33888 verdict=ok ownO=1.33888 ownC=1.33857 ownBrk=0"
958,GBP0629-B162,1617DC1ACCE6B50ED2D1359582A70A8B8503C569623EE90C18C6B33542796207,Tester/logs/20261011.log,1470062,2026-07-07,15:10,EXITCENSUS,"DR	0	11:31:42.721	Core 04	2026.07.07 15:10:00   [SRJ-EA] EXITCENSUS bar=2026.07.07 15:05 dir=SHORT line=Monthly-POC val=1.33542 side=ahead trigger=1 bodyLo=1.33855 bodyHi=1.33888 verdict=ok ownO=1.33888 ownC=1.33857 ownBrk=0"
959,GBP0629-B162,1617DC1ACCE6B50ED2D1359582A70A8B8503C569623EE90C18C6B33542796207,Tester/logs/20261011.log,1470063,2026-07-07,15:10,EXITCENSUS,"EJ	0	11:31:42.721	Core 04	2026.07.07 15:10:00   [SRJ-EA] EXITCENSUS bar=2026.07.07 15:05 dir=SHORT line=Monthly-VWAP val=1.33292 side=ahead trigger=0 bodyLo=1.33855 bodyHi=1.33888 verdict=ok ownO=1.33888 ownC=1.33857 ownBrk=0"
960,GBP0629-B162,1617DC1ACCE6B50ED2D1359582A70A8B8503C569623EE90C18C6B33542796207,Tester/logs/20261011.log,1470064,2026-07-07,15:10,EXITCENSUS,"NK	0	11:31:42.721	Core 04	2026.07.07 15:10:00   [SRJ-EA] EXITCENSUS bar=2026.07.07 15:05 dir=SHORT line=Quarterly-POC val=1.33542 side=ahead trigger=1 bodyLo=1.33855 bodyHi=1.33888 verdict=ok ownO=1.33888 ownC=1.33857 ownBrk=0"
961,GBP0629-B162,1617DC1ACCE6B50ED2D1359582A70A8B8503C569623EE90C18C6B33542796207,Tester/logs/20261011.log,1470065,2026-07-07,15:10,EXITCENSUS,"GS	0	11:31:42.721	Core 04	2026.07.07 15:10:00   [SRJ-EA] EXITCENSUS bar=2026.07.07 15:05 dir=SHORT line=Quarterly-VWAP val=1.33292 side=ahead trigger=0 bodyLo=1.33855 bodyHi=1.33888 verdict=ok ownO=1.33888 ownC=1.33857 ownBrk=0"
962,GBP0629-B162,1617DC1ACCE6B50ED2D1359582A70A8B8503C569623EE90C18C6B33542796207,Tester/logs/20261011.log,1470068,2026-07-07,15:15,B152PR,"LG	0	11:31:42.721	Core 04	2026.07.07 15:15:07   [SRJ-IND] B152PR sym=GBPUSD bar=2026.07.07 15:10 z1=150,S,1.34395,1.34430,2026.06.15 11:40,1,2026.06.15 17:05,1.34420,1.34363"
963,GBP0629-B162,1617DC1ACCE6B50ED2D1359582A70A8B8503C569623EE90C18C6B33542796207,Tester/logs/20261011.log,1470069,2026-07-07,15:15,B152PR,"IK	0	11:31:42.721	Core 04	2026.07.07 15:15:07   [SRJ-IND] B152PR sym=GBPUSD bar=2026.07.07 15:10 z1=1582,B,1.31711,1.31751,2026.06.25 15:45,1,2026.06.25 15:55,1.31818,1.31739"
964,GBP0629-B162,1617DC1ACCE6B50ED2D1359582A70A8B8503C569623EE90C18C6B33542796207,Tester/logs/20261011.log,1470070,2026-07-07,15:15,B152PR,"EQ	0	11:31:42.721	Core 04	2026.07.07 15:15:07   [SRJ-IND] B152PR sym=GBPUSD bar=2026.07.07 15:10 z1=1869,B,1.31919,1.31950,2026.06.29 02:50,1,2026.06.29 03:00,1.32000,1.31935"
965,GBP0629-B162,1617DC1ACCE6B50ED2D1359582A70A8B8503C569623EE90C18C6B33542796207,Tester/logs/20261011.log,1470071,2026-07-07,15:15,B152PR,"HG	0	11:31:42.721	Core 04	2026.07.07 15:15:07   [SRJ-IND] B152PR sym=GBPUSD bar=2026.07.07 15:10 z1=1875,B,1.31936,1.31982,2026.06.29 05:20,1,2026.06.29 06:55,1.32014,1.31979"
966,GBP0629-B162,1617DC1ACCE6B50ED2D1359582A70A8B8503C569623EE90C18C6B33542796207,Tester/logs/20261011.log,1470072,2026-07-07,15:15,B152PR,"JM	0	11:31:42.721	Core 04	2026.07.07 15:15:07   [SRJ-IND] B152PR sym=GBPUSD bar=2026.07.07 15:10 z1=1899,B,1.31967,1.31979,2026.06.29 07:35,1,2026.06.29 07:40,1.31994,1.31978"
967,GBP0629-B162,1617DC1ACCE6B50ED2D1359582A70A8B8503C569623EE90C18C6B33542796207,Tester/logs/20261011.log,1470073,2026-07-07,15:15,B152PR,"KS	0	11:31:42.721	Core 04	2026.07.07 15:15:07   [SRJ-IND] B152PR sym=GBPUSD bar=2026.07.07 15:10 z1=1909,B,1.32024,1.32052,2026.06.29 08:35,1,2026.06.29 11:20,1.32088,1.32041"
968,GBP0629-B162,1617DC1ACCE6B50ED2D1359582A70A8B8503C569623EE90C18C6B33542796207,Tester/logs/20261011.log,1470074,2026-07-07,15:15,B152PR,"NI	0	11:31:42.721	Core 04	2026.07.07 15:15:07   [SRJ-IND] B152PR sym=GBPUSD bar=2026.07.07 15:10 z1=1941,B,1.32111,1.32139,2026.06.29 14:30,1,2026.06.30 15:20,1.32223,1.32125"
969,GBP0629-B162,1617DC1ACCE6B50ED2D1359582A70A8B8503C569623EE90C18C6B33542796207,Tester/logs/20261011.log,1470075,2026-07-07,15:15,B152PR,"FO	0	11:31:42.721	Core 04	2026.07.07 15:15:07   [SRJ-IND] B152PR sym=GBPUSD bar=2026.07.07 15:10 z1=1943,B,1.32097,1.32138,2026.06.29 13:55,1,2026.06.30 15:20,1.32223,1.32125"
970,GBP0629-B162,1617DC1ACCE6B50ED2D1359582A70A8B8503C569623EE90C18C6B33542796207,Tester/logs/20261011.log,1470076,2026-07-07,15:15,B152PR,"KE	0	11:31:42.721	Core 04	2026.07.07 15:15:07   [SRJ-IND] B152PR sym=GBPUSD bar=2026.07.07 15:10 z1=2367,B,1.32677,1.32799,2026.07.02 03:10,1,2026.07.02 03:15,1.32801,1.32765"
971,GBP0629-B162,1617DC1ACCE6B50ED2D1359582A70A8B8503C569623EE90C18C6B33542796207,Tester/logs/20261011.log,1470077,2026-07-07,15:15,B152PR,"RK	0	11:31:42.721	Core 04	2026.07.07 15:15:07   [SRJ-IND] B152PR sym=GBPUSD bar=2026.07.07 15:10 z1=2646,B,1.33597,1.33639,2026.07.06 18:50,1,2026.07.06 18:55,1.33678,1.33636"
972,GBP0629-B162,1617DC1ACCE6B50ED2D1359582A70A8B8503C569623EE90C18C6B33542796207,Tester/logs/20261011.log,1470078,2026-07-07,15:15,B152PR,"NQ	0	11:31:42.721	Core 04	2026.07.07 15:15:07   [SRJ-IND] B152PR sym=GBPUSD bar=2026.07.07 15:10 z1=2849,B,1.33657,1.33695,2026.07.06 19:30,1,2026.07.07 13:05,1.33770,1.33691"
973,GBP0629-B162,1617DC1ACCE6B50ED2D1359582A70A8B8503C569623EE90C18C6B33542796207,Tester/logs/20261011.log,1470079,2026-07-07,15:15,B152PR,"IF	0	11:31:42.721	Core 04	2026.07.07 15:15:07   [SRJ-IND] B152PR sym=GBPUSD bar=2026.07.07 15:10 z1=2974,S,1.33862,1.33936,2026.07.07 12:25,1,2026.07.07 12:30,1.33881,1.33856"
974,GBP0629-B162,1617DC1ACCE6B50ED2D1359582A70A8B8503C569623EE90C18C6B33542796207,Tester/logs/20261011.log,1470080,2026-07-07,15:15,B152PR,"NM	0	11:31:42.721	Core 04	2026.07.07 15:15:07   [SRJ-IND] B152PR sym=GBPUSD bar=2026.07.07 15:10 z1=2990,B,1.33840,1.33861,2026.07.07 14:25,1,2026.07.07 14:30,1.33891,1.33861"
975,GBP0629-B162,1617DC1ACCE6B50ED2D1359582A70A8B8503C569623EE90C18C6B33542796207,Tester/logs/20261011.log,1470081,2026-07-07,15:15,B152PR,"OQ	0	11:31:42.721	Core 04	2026.07.07 15:15:07   [SRJ-IND] B152PR sym=GBPUSD bar=2026.07.07 15:10 bull=1 bear=1 nz=13"
976,GBP0629-B162,1617DC1ACCE6B50ED2D1359582A70A8B8503C569623EE90C18C6B33542796207,Tester/logs/20261011.log,1470082,2026-07-07,15:15,B162ORIGIN,"LN	0	11:31:42.721	Core 04	2026.07.07 15:15:07   [SRJ-IND] B162ORIGIN sym=GBPUSD bar=2026.07.07 15:10 side=B n=11 origin=2990 range=1.33840-1.33861 formT=2026.07.07 13:55 set=1582,1869,1875,1899,1909,1941,1943,2367,2646,2849,2990"
977,GBP0629-B162,1617DC1ACCE6B50ED2D1359582A70A8B8503C569623EE90C18C6B33542796207,Tester/logs/20261011.log,1470083,2026-07-07,15:15,B162ORIGIN,"QR	0	11:31:42.721	Core 04	2026.07.07 15:15:07   [SRJ-IND] B162ORIGIN sym=GBPUSD bar=2026.07.07 15:10 side=S n=2 origin=2974 range=1.33862-1.33936 formT=2026.07.07 11:45 set=150,2974"
978,GBP0629-B162,1617DC1ACCE6B50ED2D1359582A70A8B8503C569623EE90C18C6B33542796207,Tester/logs/20261011.log,1470088,2026-07-07,15:15,CQDRECHECK,"EE	0	11:31:42.721	Core 04	2026.07.07 15:15:07   [SRJ-EA] CQDRECHECK shift=2 passA=2.0 passB=2.0 diff=0 bar=2026.07.07 15:05 state=IDLE dir=NONE divLatch=0 hit1=0 hit2=478 mism=0"
979,GBP0629-B162,1617DC1ACCE6B50ED2D1359582A70A8B8503C569623EE90C18C6B33542796207,Tester/logs/20261011.log,1470092,2026-07-07,15:15,EXITCENSUS,"LP	0	11:31:42.721	Core 04	2026.07.07 15:15:07   [SRJ-EA] EXITCENSUS bar=2026.07.07 15:10 dir=SHORT line=Daily-POC val=1.33890 side=behind trigger=1 bodyLo=1.33855 bodyHi=1.33876 verdict=ok ownO=1.33855 ownC=1.33875 ownBrk=0"
980,GBP0629-B162,1617DC1ACCE6B50ED2D1359582A70A8B8503C569623EE90C18C6B33542796207,Tester/logs/20261011.log,1470093,2026-07-07,15:15,EXITCENSUS,"HM	0	11:31:42.721	Core 04	2026.07.07 15:15:07   [SRJ-EA] EXITCENSUS bar=2026.07.07 15:10 dir=SHORT line=Daily-VWAP val=1.33874 side=ahead trigger=0 bodyLo=1.33855 bodyHi=1.33876 verdict=ok ownO=1.33855 ownC=1.33875 ownBrk=0"
981,GBP0629-B162,1617DC1ACCE6B50ED2D1359582A70A8B8503C569623EE90C18C6B33542796207,Tester/logs/20261011.log,1470094,2026-07-07,15:15,EXITCENSUS,"HD	0	11:31:42.721	Core 04	2026.07.07 15:15:07   [SRJ-EA] EXITCENSUS bar=2026.07.07 15:10 dir=SHORT line=Weekly-POC val=1.33890 side=behind trigger=1 bodyLo=1.33855 bodyHi=1.33876 verdict=ok ownO=1.33855 ownC=1.33875 ownBrk=0"
982,GBP0629-B162,1617DC1ACCE6B50ED2D1359582A70A8B8503C569623EE90C18C6B33542796207,Tester/logs/20261011.log,1470095,2026-07-07,15:15,EXITCENSUS,"LJ	0	11:31:42.721	Core 04	2026.07.07 15:15:07   [SRJ-EA] EXITCENSUS bar=2026.07.07 15:10 dir=SHORT line=Weekly-VWAP val=1.33634 side=ahead trigger=0 bodyLo=1.33855 bodyHi=1.33876 verdict=ok ownO=1.33855 ownC=1.33875 ownBrk=0"
983,GBP0629-B162,1617DC1ACCE6B50ED2D1359582A70A8B8503C569623EE90C18C6B33542796207,Tester/logs/20261011.log,1470096,2026-07-07,15:15,EXITCENSUS,"IL	0	11:31:42.721	Core 04	2026.07.07 15:15:07   [SRJ-EA] EXITCENSUS bar=2026.07.07 15:10 dir=SHORT line=Monthly-POC val=1.33542 side=ahead trigger=1 bodyLo=1.33855 bodyHi=1.33876 verdict=ok ownO=1.33855 ownC=1.33875 ownBrk=0"
984,GBP0629-B162,1617DC1ACCE6B50ED2D1359582A70A8B8503C569623EE90C18C6B33542796207,Tester/logs/20261011.log,1470097,2026-07-07,15:15,EXITCENSUS,"HL	0	11:31:42.721	Core 04	2026.07.07 15:15:07   [SRJ-EA] EXITCENSUS bar=2026.07.07 15:10 dir=SHORT line=Monthly-VWAP val=1.33292 side=ahead trigger=0 bodyLo=1.33855 bodyHi=1.33876 verdict=ok ownO=1.33855 ownC=1.33875 ownBrk=0"
985,GBP0629-B162,1617DC1ACCE6B50ED2D1359582A70A8B8503C569623EE90C18C6B33542796207,Tester/logs/20261011.log,1470098,2026-07-07,15:15,EXITCENSUS,"OE	0	11:31:42.721	Core 04	2026.07.07 15:15:07   [SRJ-EA] EXITCENSUS bar=2026.07.07 15:10 dir=SHORT line=Quarterly-POC val=1.33542 side=ahead trigger=1 bodyLo=1.33855 bodyHi=1.33876 verdict=ok ownO=1.33855 ownC=1.33875 ownBrk=0"
986,GBP0629-B162,1617DC1ACCE6B50ED2D1359582A70A8B8503C569623EE90C18C6B33542796207,Tester/logs/20261011.log,1470099,2026-07-07,15:15,EXITCENSUS,"FE	0	11:31:42.721	Core 04	2026.07.07 15:15:07   [SRJ-EA] EXITCENSUS bar=2026.07.07 15:10 dir=SHORT line=Quarterly-VWAP val=1.33292 side=ahead trigger=0 bodyLo=1.33855 bodyHi=1.33876 verdict=ok ownO=1.33855 ownC=1.33875 ownBrk=0"
987,GBP0629-B162,1617DC1ACCE6B50ED2D1359582A70A8B8503C569623EE90C18C6B33542796207,Tester/logs/20261011.log,1470105,2026-07-07,15:20,B152PR,"LP	0	11:31:42.721	Core 04	2026.07.07 15:20:00   [SRJ-IND] B152PR sym=GBPUSD bar=2026.07.07 15:15 z1=150,S,1.34395,1.34430,2026.06.15 11:40,1,2026.06.15 17:05,1.34420,1.34363"
988,GBP0629-B162,1617DC1ACCE6B50ED2D1359582A70A8B8503C569623EE90C18C6B33542796207,Tester/logs/20261011.log,1470106,2026-07-07,15:20,B152PR,"IH	0	11:31:42.721	Core 04	2026.07.07 15:20:00   [SRJ-IND] B152PR sym=GBPUSD bar=2026.07.07 15:15 z1=1582,B,1.31711,1.31751,2026.06.25 15:45,1,2026.06.25 15:55,1.31818,1.31739"
989,GBP0629-B162,1617DC1ACCE6B50ED2D1359582A70A8B8503C569623EE90C18C6B33542796207,Tester/logs/20261011.log,1470107,2026-07-07,15:20,B152PR,"EN	0	11:31:42.721	Core 04	2026.07.07 15:20:00   [SRJ-IND] B152PR sym=GBPUSD bar=2026.07.07 15:15 z1=1869,B,1.31919,1.31950,2026.06.29 02:50,1,2026.06.29 03:00,1.32000,1.31935"
990,GBP0629-B162,1617DC1ACCE6B50ED2D1359582A70A8B8503C569623EE90C18C6B33542796207,Tester/logs/20261011.log,1470108,2026-07-07,15:20,B152PR,"HD	0	11:31:42.721	Core 04	2026.07.07 15:20:00   [SRJ-IND] B152PR sym=GBPUSD bar=2026.07.07 15:15 z1=1875,B,1.31936,1.31982,2026.06.29 05:20,1,2026.06.29 06:55,1.32014,1.31979"
991,GBP0629-B162,1617DC1ACCE6B50ED2D1359582A70A8B8503C569623EE90C18C6B33542796207,Tester/logs/20261011.log,1470109,2026-07-07,15:20,B152PR,"JJ	0	11:31:42.721	Core 04	2026.07.07 15:20:00   [SRJ-IND] B152PR sym=GBPUSD bar=2026.07.07 15:15 z1=1899,B,1.31967,1.31979,2026.06.29 07:35,1,2026.06.29 07:40,1.31994,1.31978"
992,GBP0629-B162,1617DC1ACCE6B50ED2D1359582A70A8B8503C569623EE90C18C6B33542796207,Tester/logs/20261011.log,1470110,2026-07-07,15:20,B152PR,"KP	0	11:31:42.721	Core 04	2026.07.07 15:20:00   [SRJ-IND] B152PR sym=GBPUSD bar=2026.07.07 15:15 z1=1909,B,1.32024,1.32052,2026.06.29 08:35,1,2026.06.29 11:20,1.32088,1.32041"
993,GBP0629-B162,1617DC1ACCE6B50ED2D1359582A70A8B8503C569623EE90C18C6B33542796207,Tester/logs/20261011.log,1470111,2026-07-07,15:20,B152PR,"NF	0	11:31:42.721	Core 04	2026.07.07 15:20:00   [SRJ-IND] B152PR sym=GBPUSD bar=2026.07.07 15:15 z1=1941,B,1.32111,1.32139,2026.06.29 14:30,1,2026.06.30 15:20,1.32223,1.32125"
994,GBP0629-B162,1617DC1ACCE6B50ED2D1359582A70A8B8503C569623EE90C18C6B33542796207,Tester/logs/20261011.log,1470112,2026-07-07,15:20,B152PR,"FL	0	11:31:42.721	Core 04	2026.07.07 15:20:00   [SRJ-IND] B152PR sym=GBPUSD bar=2026.07.07 15:15 z1=1943,B,1.32097,1.32138,2026.06.29 13:55,1,2026.06.30 15:20,1.32223,1.32125"
995,GBP0629-B162,1617DC1ACCE6B50ED2D1359582A70A8B8503C569623EE90C18C6B33542796207,Tester/logs/20261011.log,1470113,2026-07-07,15:20,B152PR,"KR	0	11:31:42.721	Core 04	2026.07.07 15:20:00   [SRJ-IND] B152PR sym=GBPUSD bar=2026.07.07 15:15 z1=2367,B,1.32677,1.32799,2026.07.02 03:10,1,2026.07.02 03:15,1.32801,1.32765"
996,GBP0629-B162,1617DC1ACCE6B50ED2D1359582A70A8B8503C569623EE90C18C6B33542796207,Tester/logs/20261011.log,1470114,2026-07-07,15:20,B152PR,"RH	0	11:31:42.721	Core 04	2026.07.07 15:20:00   [SRJ-IND] B152PR sym=GBPUSD bar=2026.07.07 15:15 z1=2646,B,1.33597,1.33639,2026.07.06 18:50,1,2026.07.06 18:55,1.33678,1.33636"
997,GBP0629-B162,1617DC1ACCE6B50ED2D1359582A70A8B8503C569623EE90C18C6B33542796207,Tester/logs/20261011.log,1470115,2026-07-07,15:20,B152PR,"NN	0	11:31:42.721	Core 04	2026.07.07 15:20:00   [SRJ-IND] B152PR sym=GBPUSD bar=2026.07.07 15:15 z1=2849,B,1.33657,1.33695,2026.07.06 19:30,1,2026.07.07 13:05,1.33770,1.33691"
998,GBP0629-B162,1617DC1ACCE6B50ED2D1359582A70A8B8503C569623EE90C18C6B33542796207,Tester/logs/20261011.log,1470116,2026-07-07,15:20,B152PR,"IE	0	11:31:42.721	Core 04	2026.07.07 15:20:00   [SRJ-IND] B152PR sym=GBPUSD bar=2026.07.07 15:15 z1=2974,S,1.33862,1.33936,2026.07.07 12:25,1,2026.07.07 12:30,1.33881,1.33856"
999,GBP0629-B162,1617DC1ACCE6B50ED2D1359582A70A8B8503C569623EE90C18C6B33542796207,Tester/logs/20261011.log,1470117,2026-07-07,15:20,B152PR,"PH	0	11:31:42.721	Core 04	2026.07.07 15:20:00   [SRJ-IND] B152PR sym=GBPUSD bar=2026.07.07 15:15 bull=1 bear=1 nz=12"
1000,GBP0629-B162,1617DC1ACCE6B50ED2D1359582A70A8B8503C569623EE90C18C6B33542796207,Tester/logs/20261011.log,1470118,2026-07-07,15:20,B162ORIGIN,"OD	0	11:31:42.721	Core 04	2026.07.07 15:20:00   [SRJ-IND] B162ORIGIN sym=GBPUSD bar=2026.07.07 15:15 side=B n=10 origin=2849 range=1.33657-1.33695 formT=2026.07.06 19:10 set=1582,1869,1875,1899,1909,1941,1943,2367,2646,2849"
1001,GBP0629-B162,1617DC1ACCE6B50ED2D1359582A70A8B8503C569623EE90C18C6B33542796207,Tester/logs/20261011.log,1470119,2026-07-07,15:20,B162ORIGIN,"CI	0	11:31:42.721	Core 04	2026.07.07 15:20:00   [SRJ-IND] B162ORIGIN sym=GBPUSD bar=2026.07.07 15:15 side=S n=2 origin=2974 range=1.33862-1.33936 formT=2026.07.07 11:45 set=150,2974"
1002,GBP0629-B162,1617DC1ACCE6B50ED2D1359582A70A8B8503C569623EE90C18C6B33542796207,Tester/logs/20261011.log,1470124,2026-07-07,15:20,CQDRECHECK,"CD	0	11:31:42.721	Core 04	2026.07.07 15:20:00   [SRJ-EA] CQDRECHECK shift=2 passA=2.0 passB=2.0 diff=0 bar=2026.07.07 15:10 state=IDLE dir=NONE divLatch=0 hit1=0 hit2=479 mism=0"
1003,GBP0629-B162,1617DC1ACCE6B50ED2D1359582A70A8B8503C569623EE90C18C6B33542796207,Tester/logs/20261011.log,1470128,2026-07-07,15:20,EXITCENSUS,"NP	0	11:31:42.721	Core 04	2026.07.07 15:20:00   [SRJ-EA] EXITCENSUS bar=2026.07.07 15:15 dir=SHORT line=Daily-POC val=1.33890 side=behind trigger=1 bodyLo=1.33827 bodyHi=1.33876 verdict=ok ownO=1.33876 ownC=1.33828 ownBrk=0"
1004,GBP0629-B162,1617DC1ACCE6B50ED2D1359582A70A8B8503C569623EE90C18C6B33542796207,Tester/logs/20261011.log,1470129,2026-07-07,15:20,EXITCENSUS,"LP	0	11:31:42.721	Core 04	2026.07.07 15:20:00   [SRJ-EA] EXITCENSUS bar=2026.07.07 15:15 dir=SHORT line=Daily-VWAP val=1.33873 side=behind trigger=0 bodyLo=1.33827 bodyHi=1.33876 verdict=ok ownO=1.33876 ownC=1.33828 ownBrk=0"
1005,GBP0629-B162,1617DC1ACCE6B50ED2D1359582A70A8B8503C569623EE90C18C6B33542796207,Tester/logs/20261011.log,1470130,2026-07-07,15:20,EXITCENSUS,"HG	0	11:31:42.721	Core 04	2026.07.07 15:20:00   [SRJ-EA] EXITCENSUS bar=2026.07.07 15:15 dir=SHORT line=Weekly-POC val=1.33890 side=behind trigger=1 bodyLo=1.33827 bodyHi=1.33876 verdict=ok ownO=1.33876 ownC=1.33828 ownBrk=0"
1006,GBP0629-B162,1617DC1ACCE6B50ED2D1359582A70A8B8503C569623EE90C18C6B33542796207,Tester/logs/20261011.log,1470131,2026-07-07,15:20,EXITCENSUS,"KI	0	11:31:42.721	Core 04	2026.07.07 15:20:00   [SRJ-EA] EXITCENSUS bar=2026.07.07 15:15 dir=SHORT line=Weekly-VWAP val=1.33635 side=ahead trigger=0 bodyLo=1.33827 bodyHi=1.33876 verdict=ok ownO=1.33876 ownC=1.33828 ownBrk=0"
1007,GBP0629-B162,1617DC1ACCE6B50ED2D1359582A70A8B8503C569623EE90C18C6B33542796207,Tester/logs/20261011.log,1470132,2026-07-07,15:20,EXITCENSUS,"IL	0	11:31:42.721	Core 04	2026.07.07 15:20:00   [SRJ-EA] EXITCENSUS bar=2026.07.07 15:15 dir=SHORT line=Monthly-POC val=1.33542 side=ahead trigger=1 bodyLo=1.33827 bodyHi=1.33876 verdict=ok ownO=1.33876 ownC=1.33828 ownBrk=0"
1008,GBP0629-B162,1617DC1ACCE6B50ED2D1359582A70A8B8503C569623EE90C18C6B33542796207,Tester/logs/20261011.log,1470133,2026-07-07,15:20,EXITCENSUS,"GL	0	11:31:42.721	Core 04	2026.07.07 15:20:00   [SRJ-EA] EXITCENSUS bar=2026.07.07 15:15 dir=SHORT line=Monthly-VWAP val=1.33293 side=ahead trigger=0 bodyLo=1.33827 bodyHi=1.33876 verdict=ok ownO=1.33876 ownC=1.33828 ownBrk=0"
1009,GBP0629-B162,1617DC1ACCE6B50ED2D1359582A70A8B8503C569623EE90C18C6B33542796207,Tester/logs/20261011.log,1470134,2026-07-07,15:20,EXITCENSUS,"OD	0	11:31:42.721	Core 04	2026.07.07 15:20:00   [SRJ-EA] EXITCENSUS bar=2026.07.07 15:15 dir=SHORT line=Quarterly-POC val=1.33542 side=ahead trigger=1 bodyLo=1.33827 bodyHi=1.33876 verdict=ok ownO=1.33876 ownC=1.33828 ownBrk=0"
1010,GBP0629-B162,1617DC1ACCE6B50ED2D1359582A70A8B8503C569623EE90C18C6B33542796207,Tester/logs/20261011.log,1470135,2026-07-07,15:20,EXITCENSUS,"EE	0	11:31:42.721	Core 04	2026.07.07 15:20:00   [SRJ-EA] EXITCENSUS bar=2026.07.07 15:15 dir=SHORT line=Quarterly-VWAP val=1.33293 side=ahead trigger=0 bodyLo=1.33827 bodyHi=1.33876 verdict=ok ownO=1.33876 ownC=1.33828 ownBrk=0"
1011,GBP0629-B162,1617DC1ACCE6B50ED2D1359582A70A8B8503C569623EE90C18C6B33542796207,Tester/logs/20261011.log,1470138,2026-07-07,15:25,B152PR,"IH	0	11:31:42.721	Core 04	2026.07.07 15:25:00   [SRJ-IND] B152PR sym=GBPUSD bar=2026.07.07 15:20 z1=150,S,1.34395,1.34430,2026.06.15 11:40,1,2026.06.15 17:05,1.34420,1.34363"
1012,GBP0629-B162,1617DC1ACCE6B50ED2D1359582A70A8B8503C569623EE90C18C6B33542796207,Tester/logs/20261011.log,1470139,2026-07-07,15:25,B152PR,"LP	0	11:31:42.721	Core 04	2026.07.07 15:25:00   [SRJ-IND] B152PR sym=GBPUSD bar=2026.07.07 15:20 z1=1582,B,1.31711,1.31751,2026.06.25 15:45,1,2026.06.25 15:55,1.31818,1.31739"
1013,GBP0629-B162,1617DC1ACCE6B50ED2D1359582A70A8B8503C569623EE90C18C6B33542796207,Tester/logs/20261011.log,1470140,2026-07-07,15:25,B152PR,"PF	0	11:31:42.721	Core 04	2026.07.07 15:25:00   [SRJ-IND] B152PR sym=GBPUSD bar=2026.07.07 15:20 z1=1869,B,1.31919,1.31950,2026.06.29 02:50,1,2026.06.29 03:00,1.32000,1.31935"
1014,GBP0629-B162,1617DC1ACCE6B50ED2D1359582A70A8B8503C569623EE90C18C6B33542796207,Tester/logs/20261011.log,1470141,2026-07-07,15:25,B152PR,"ML	0	11:31:42.721	Core 04	2026.07.07 15:25:00   [SRJ-IND] B152PR sym=GBPUSD bar=2026.07.07 15:20 z1=1875,B,1.31936,1.31982,2026.06.29 05:20,1,2026.06.29 06:55,1.32014,1.31979"
1015,GBP0629-B162,1617DC1ACCE6B50ED2D1359582A70A8B8503C569623EE90C18C6B33542796207,Tester/logs/20261011.log,1470142,2026-07-07,15:25,B152PR,"KR	0	11:31:42.721	Core 04	2026.07.07 15:25:00   [SRJ-IND] B152PR sym=GBPUSD bar=2026.07.07 15:20 z1=1899,B,1.31967,1.31979,2026.06.29 07:35,1,2026.06.29 07:40,1.31994,1.31978"
1016,GBP0629-B162,1617DC1ACCE6B50ED2D1359582A70A8B8503C569623EE90C18C6B33542796207,Tester/logs/20261011.log,1470143,2026-07-07,15:25,B152PR,"JH	0	11:31:42.721	Core 04	2026.07.07 15:25:00   [SRJ-IND] B152PR sym=GBPUSD bar=2026.07.07 15:20 z1=1909,B,1.32024,1.32052,2026.06.29 08:35,1,2026.06.29 11:20,1.32088,1.32041"
1017,GBP0629-B162,1617DC1ACCE6B50ED2D1359582A70A8B8503C569623EE90C18C6B33542796207,Tester/logs/20261011.log,1470144,2026-07-07,15:25,B152PR,"GN	0	11:31:42.721	Core 04	2026.07.07 15:25:00   [SRJ-IND] B152PR sym=GBPUSD bar=2026.07.07 15:20 z1=1941,B,1.32111,1.32139,2026.06.29 14:30,1,2026.06.30 15:20,1.32223,1.32125"
1018,GBP0629-B162,1617DC1ACCE6B50ED2D1359582A70A8B8503C569623EE90C18C6B33542796207,Tester/logs/20261011.log,1470145,2026-07-07,15:25,B152PR,"OD	0	11:31:42.721	Core 04	2026.07.07 15:25:00   [SRJ-IND] B152PR sym=GBPUSD bar=2026.07.07 15:20 z1=1943,B,1.32097,1.32138,2026.06.29 13:55,1,2026.06.30 15:20,1.32223,1.32125"
1019,GBP0629-B162,1617DC1ACCE6B50ED2D1359582A70A8B8503C569623EE90C18C6B33542796207,Tester/logs/20261011.log,1470146,2026-07-07,15:25,B152PR,"JJ	0	11:31:42.721	Core 04	2026.07.07 15:25:00   [SRJ-IND] B152PR sym=GBPUSD bar=2026.07.07 15:20 z1=2367,B,1.32677,1.32799,2026.07.02 03:10,1,2026.07.02 03:15,1.32801,1.32765"
1020,GBP0629-B162,1617DC1ACCE6B50ED2D1359582A70A8B8503C569623EE90C18C6B33542796207,Tester/logs/20261011.log,1470147,2026-07-07,15:25,B152PR,"CP	0	11:31:42.721	Core 04	2026.07.07 15:25:00   [SRJ-IND] B152PR sym=GBPUSD bar=2026.07.07 15:20 z1=2646,B,1.33597,1.33639,2026.07.06 18:50,1,2026.07.06 18:55,1.33678,1.33636"
1021,GBP0629-B162,1617DC1ACCE6B50ED2D1359582A70A8B8503C569623EE90C18C6B33542796207,Tester/logs/20261011.log,1470148,2026-07-07,15:25,B152PR,"GF	0	11:31:42.721	Core 04	2026.07.07 15:25:00   [SRJ-IND] B152PR sym=GBPUSD bar=2026.07.07 15:20 z1=2849,B,1.33657,1.33695,2026.07.06 19:30,1,2026.07.07 13:05,1.33770,1.33691"
1022,GBP0629-B162,1617DC1ACCE6B50ED2D1359582A70A8B8503C569623EE90C18C6B33542796207,Tester/logs/20261011.log,1470149,2026-07-07,15:25,B152PR,"LM	0	11:31:42.721	Core 04	2026.07.07 15:25:00   [SRJ-IND] B152PR sym=GBPUSD bar=2026.07.07 15:20 z1=2974,S,1.33862,1.33936,2026.07.07 12:25,1,2026.07.07 12:30,1.33881,1.33856"
1023,GBP0629-B162,1617DC1ACCE6B50ED2D1359582A70A8B8503C569623EE90C18C6B33542796207,Tester/logs/20261011.log,1470150,2026-07-07,15:25,B152PR,"EP	0	11:31:42.721	Core 04	2026.07.07 15:25:00   [SRJ-IND] B152PR sym=GBPUSD bar=2026.07.07 15:20 bull=1 bear=1 nz=12"
1024,GBP0629-B162,1617DC1ACCE6B50ED2D1359582A70A8B8503C569623EE90C18C6B33542796207,Tester/logs/20261011.log,1470151,2026-07-07,15:25,B162ORIGIN,"NL	0	11:31:42.721	Core 04	2026.07.07 15:25:00   [SRJ-IND] B162ORIGIN sym=GBPUSD bar=2026.07.07 15:20 side=B n=10 origin=2849 range=1.33657-1.33695 formT=2026.07.06 19:10 set=1582,1869,1875,1899,1909,1941,1943,2367,2646,2849"
1025,GBP0629-B162,1617DC1ACCE6B50ED2D1359582A70A8B8503C569623EE90C18C6B33542796207,Tester/logs/20261011.log,1470152,2026-07-07,15:25,B162ORIGIN,"JQ	0	11:31:42.721	Core 04	2026.07.07 15:25:00   [SRJ-IND] B162ORIGIN sym=GBPUSD bar=2026.07.07 15:20 side=S n=2 origin=2974 range=1.33862-1.33936 formT=2026.07.07 11:45 set=150,2974"
1026,GBP0629-B162,1617DC1ACCE6B50ED2D1359582A70A8B8503C569623EE90C18C6B33542796207,Tester/logs/20261011.log,1470158,2026-07-07,15:25,EXITCENSUS,"KK	0	11:31:42.721	Core 04	2026.07.07 15:25:00   [SRJ-EA] EXITCENSUS bar=2026.07.07 15:20 dir=SHORT line=Daily-POC val=1.33890 side=behind trigger=1 bodyLo=1.33827 bodyHi=1.33829 verdict=ok ownO=1.33827 ownC=1.33831 ownBrk=0"
1027,GBP0629-B162,1617DC1ACCE6B50ED2D1359582A70A8B8503C569623EE90C18C6B33542796207,Tester/logs/20261011.log,1470159,2026-07-07,15:25,EXITCENSUS,"QK	0	11:31:42.721	Core 04	2026.07.07 15:25:00   [SRJ-EA] EXITCENSUS bar=2026.07.07 15:20 dir=SHORT line=Daily-VWAP val=1.33873 side=behind trigger=0 bodyLo=1.33827 bodyHi=1.33829 verdict=ok ownO=1.33827 ownC=1.33831 ownBrk=0"
1028,GBP0629-B162,1617DC1ACCE6B50ED2D1359582A70A8B8503C569623EE90C18C6B33542796207,Tester/logs/20261011.log,1470160,2026-07-07,15:25,EXITCENSUS,"EL	0	11:31:42.721	Core 04	2026.07.07 15:25:00   [SRJ-EA] EXITCENSUS bar=2026.07.07 15:20 dir=SHORT line=Weekly-POC val=1.33890 side=behind trigger=1 bodyLo=1.33827 bodyHi=1.33829 verdict=ok ownO=1.33827 ownC=1.33831 ownBrk=0"
1029,GBP0629-B162,1617DC1ACCE6B50ED2D1359582A70A8B8503C569623EE90C18C6B33542796207,Tester/logs/20261011.log,1470161,2026-07-07,15:25,EXITCENSUS,"OR	0	11:31:42.721	Core 04	2026.07.07 15:25:00   [SRJ-EA] EXITCENSUS bar=2026.07.07 15:20 dir=SHORT line=Weekly-VWAP val=1.33636 side=ahead trigger=0 bodyLo=1.33827 bodyHi=1.33829 verdict=ok ownO=1.33827 ownC=1.33831 ownBrk=0"
1030,GBP0629-B162,1617DC1ACCE6B50ED2D1359582A70A8B8503C569623EE90C18C6B33542796207,Tester/logs/20261011.log,1470162,2026-07-07,15:25,EXITCENSUS,"DE	0	11:31:42.721	Core 04	2026.07.07 15:25:00   [SRJ-EA] EXITCENSUS bar=2026.07.07 15:20 dir=SHORT line=Monthly-POC val=1.33542 side=ahead trigger=1 bodyLo=1.33827 bodyHi=1.33829 verdict=ok ownO=1.33827 ownC=1.33831 ownBrk=0"
1031,GBP0629-B162,1617DC1ACCE6B50ED2D1359582A70A8B8503C569623EE90C18C6B33542796207,Tester/logs/20261011.log,1470163,2026-07-07,15:25,EXITCENSUS,"FE	0	11:31:42.721	Core 04	2026.07.07 15:25:00   [SRJ-EA] EXITCENSUS bar=2026.07.07 15:20 dir=SHORT line=Monthly-VWAP val=1.33293 side=ahead trigger=0 bodyLo=1.33827 bodyHi=1.33829 verdict=ok ownO=1.33827 ownC=1.33831 ownBrk=0"
1032,GBP0629-B162,1617DC1ACCE6B50ED2D1359582A70A8B8503C569623EE90C18C6B33542796207,Tester/logs/20261011.log,1470164,2026-07-07,15:25,EXITCENSUS,"RM	0	11:31:42.721	Core 04	2026.07.07 15:25:00   [SRJ-EA] EXITCENSUS bar=2026.07.07 15:20 dir=SHORT line=Quarterly-POC val=1.33542 side=ahead trigger=1 bodyLo=1.33827 bodyHi=1.33829 verdict=ok ownO=1.33827 ownC=1.33831 ownBrk=0"
1033,GBP0629-B162,1617DC1ACCE6B50ED2D1359582A70A8B8503C569623EE90C18C6B33542796207,Tester/logs/20261011.log,1470165,2026-07-07,15:25,EXITCENSUS,"DR	0	11:31:42.721	Core 04	2026.07.07 15:25:00   [SRJ-EA] EXITCENSUS bar=2026.07.07 15:20 dir=SHORT line=Quarterly-VWAP val=1.33293 side=ahead trigger=0 bodyLo=1.33827 bodyHi=1.33829 verdict=ok ownO=1.33827 ownC=1.33831 ownBrk=0"
1034,GBP0629-B162,1617DC1ACCE6B50ED2D1359582A70A8B8503C569623EE90C18C6B33542796207,Tester/logs/20261011.log,1470172,2026-07-07,15:30,B152PR,"LJ	0	11:31:42.721	Core 04	2026.07.07 15:30:00   [SRJ-IND] B152PR sym=GBPUSD bar=2026.07.07 15:25 z1=150,S,1.34395,1.34430,2026.06.15 11:40,1,2026.06.15 17:05,1.34420,1.34363"
1035,GBP0629-B162,1617DC1ACCE6B50ED2D1359582A70A8B8503C569623EE90C18C6B33542796207,Tester/logs/20261011.log,1470173,2026-07-07,15:30,B152PR,"EN	0	11:31:42.721	Core 04	2026.07.07 15:30:00   [SRJ-IND] B152PR sym=GBPUSD bar=2026.07.07 15:25 z1=1582,B,1.31711,1.31751,2026.06.25 15:45,1,2026.06.25 15:55,1.31818,1.31739"
1036,GBP0629-B162,1617DC1ACCE6B50ED2D1359582A70A8B8503C569623EE90C18C6B33542796207,Tester/logs/20261011.log,1470174,2026-07-07,15:30,B152PR,"ID	0	11:31:42.721	Core 04	2026.07.07 15:30:00   [SRJ-IND] B152PR sym=GBPUSD bar=2026.07.07 15:25 z1=1869,B,1.31919,1.31950,2026.06.29 02:50,1,2026.06.29 03:00,1.32000,1.31935"
1037,GBP0629-B162,1617DC1ACCE6B50ED2D1359582A70A8B8503C569623EE90C18C6B33542796207,Tester/logs/20261011.log,1470175,2026-07-07,15:30,B152PR,"DJ	0	11:31:42.721	Core 04	2026.07.07 15:30:00   [SRJ-IND] B152PR sym=GBPUSD bar=2026.07.07 15:25 z1=1875,B,1.31936,1.31982,2026.06.29 05:20,1,2026.06.29 06:55,1.32014,1.31979"
1038,GBP0629-B162,1617DC1ACCE6B50ED2D1359582A70A8B8503C569623EE90C18C6B33542796207,Tester/logs/20261011.log,1470176,2026-07-07,15:30,B152PR,"FP	0	11:31:42.721	Core 04	2026.07.07 15:30:00   [SRJ-IND] B152PR sym=GBPUSD bar=2026.07.07 15:25 z1=1899,B,1.31967,1.31979,2026.06.29 07:35,1,2026.06.29 07:40,1.31994,1.31978"
1039,GBP0629-B162,1617DC1ACCE6B50ED2D1359582A70A8B8503C569623EE90C18C6B33542796207,Tester/logs/20261011.log,1470177,2026-07-07,15:30,B152PR,"OF	0	11:31:42.721	Core 04	2026.07.07 15:30:00   [SRJ-IND] B152PR sym=GBPUSD bar=2026.07.07 15:25 z1=1909,B,1.32024,1.32052,2026.06.29 08:35,1,2026.06.29 11:20,1.32088,1.32041"
1040,GBP0629-B162,1617DC1ACCE6B50ED2D1359582A70A8B8503C569623EE90C18C6B33542796207,Tester/logs/20261011.log,1470178,2026-07-07,15:30,B152PR,"RL	0	11:31:42.721	Core 04	2026.07.07 15:30:00   [SRJ-IND] B152PR sym=GBPUSD bar=2026.07.07 15:25 z1=1941,B,1.32111,1.32139,2026.06.29 14:30,1,2026.06.30 15:20,1.32223,1.32125"
1041,GBP0629-B162,1617DC1ACCE6B50ED2D1359582A70A8B8503C569623EE90C18C6B33542796207,Tester/logs/20261011.log,1470179,2026-07-07,15:30,B152PR,"JR	0	11:31:42.721	Core 04	2026.07.07 15:30:00   [SRJ-IND] B152PR sym=GBPUSD bar=2026.07.07 15:25 z1=1943,B,1.32097,1.32138,2026.06.29 13:55,1,2026.06.30 15:20,1.32223,1.32125"
1042,GBP0629-B162,1617DC1ACCE6B50ED2D1359582A70A8B8503C569623EE90C18C6B33542796207,Tester/logs/20261011.log,1470180,2026-07-07,15:30,B152PR,"OH	0	11:31:42.721	Core 04	2026.07.07 15:30:00   [SRJ-IND] B152PR sym=GBPUSD bar=2026.07.07 15:25 z1=2367,B,1.32677,1.32799,2026.07.02 03:10,1,2026.07.02 03:15,1.32801,1.32765"
1043,GBP0629-B162,1617DC1ACCE6B50ED2D1359582A70A8B8503C569623EE90C18C6B33542796207,Tester/logs/20261011.log,1470181,2026-07-07,15:30,B152PR,"NN	0	11:31:42.721	Core 04	2026.07.07 15:30:00   [SRJ-IND] B152PR sym=GBPUSD bar=2026.07.07 15:25 z1=2646,B,1.33597,1.33639,2026.07.06 18:50,1,2026.07.06 18:55,1.33678,1.33636"
1044,GBP0629-B162,1617DC1ACCE6B50ED2D1359582A70A8B8503C569623EE90C18C6B33542796207,Tester/logs/20261011.log,1470182,2026-07-07,15:30,B152PR,"RD	0	11:31:42.721	Core 04	2026.07.07 15:30:00   [SRJ-IND] B152PR sym=GBPUSD bar=2026.07.07 15:25 z1=2849,B,1.33657,1.33695,2026.07.06 19:30,1,2026.07.07 13:05,1.33770,1.33691"
1045,GBP0629-B162,1617DC1ACCE6B50ED2D1359582A70A8B8503C569623EE90C18C6B33542796207,Tester/logs/20261011.log,1470183,2026-07-07,15:30,B152PR,"EK	0	11:31:42.721	Core 04	2026.07.07 15:30:00   [SRJ-IND] B152PR sym=GBPUSD bar=2026.07.07 15:25 z1=2974,S,1.33862,1.33936,2026.07.07 12:25,1,2026.07.07 12:30,1.33881,1.33856"
1046,GBP0629-B162,1617DC1ACCE6B50ED2D1359582A70A8B8503C569623EE90C18C6B33542796207,Tester/logs/20261011.log,1470184,2026-07-07,15:30,B152PR,"LR	0	11:31:42.721	Core 04	2026.07.07 15:30:00   [SRJ-IND] B152PR sym=GBPUSD bar=2026.07.07 15:25 bull=1 bear=1 nz=12"
1047,GBP0629-B162,1617DC1ACCE6B50ED2D1359582A70A8B8503C569623EE90C18C6B33542796207,Tester/logs/20261011.log,1470185,2026-07-07,15:30,B162ORIGIN,"CS	0	11:31:42.721	Core 04	2026.07.07 15:30:00   [SRJ-IND] B162ORIGIN sym=GBPUSD bar=2026.07.07 15:25 side=B n=10 origin=2849 range=1.33657-1.33695 formT=2026.07.06 19:10 set=1582,1869,1875,1899,1909,1941,1943,2367,2646,2849"
1048,GBP0629-B162,1617DC1ACCE6B50ED2D1359582A70A8B8503C569623EE90C18C6B33542796207,Tester/logs/20261011.log,1470186,2026-07-07,15:30,B162ORIGIN,"CG	0	11:31:42.721	Core 04	2026.07.07 15:30:00   [SRJ-IND] B162ORIGIN sym=GBPUSD bar=2026.07.07 15:25 side=S n=2 origin=2974 range=1.33862-1.33936 formT=2026.07.07 11:45 set=150,2974"
1049,GBP0629-B162,1617DC1ACCE6B50ED2D1359582A70A8B8503C569623EE90C18C6B33542796207,Tester/logs/20261011.log,1470195,2026-07-07,15:30,CONFIRMPOLL,"HJ	0	11:31:42.721	Core 04	2026.07.07 15:30:00   [SRJ-EA] CONFIRMPOLL bar=2026.07.07 15:25 anchor=Weekly-POC dir=SHORT oppCandle=1 bodyDir=0 body=55pts doji=0 touchAttr=0 confirm=0 shadow=true"
1050,GBP0629-B162,1617DC1ACCE6B50ED2D1359582A70A8B8503C569623EE90C18C6B33542796207,Tester/logs/20261011.log,1470196,2026-07-07,15:30,EXITCENSUS,"OQ	0	11:31:42.721	Core 04	2026.07.07 15:30:00   [SRJ-EA] EXITCENSUS bar=2026.07.07 15:25 dir=SHORT line=Daily-POC val=1.33890 side=behind trigger=1 bodyLo=1.33829 bodyHi=1.33884 verdict=ok ownO=1.33829 ownC=1.33884 ownBrk=0"
1051,GBP0629-B162,1617DC1ACCE6B50ED2D1359582A70A8B8503C569623EE90C18C6B33542796207,Tester/logs/20261011.log,1470197,2026-07-07,15:30,EXITCENSUS,"JN	0	11:31:42.721	Core 04	2026.07.07 15:30:00   [SRJ-EA] EXITCENSUS bar=2026.07.07 15:25 dir=SHORT line=Daily-VWAP val=1.33873 side=ahead trigger=0 bodyLo=1.33829 bodyHi=1.33884 verdict=ok ownO=1.33829 ownC=1.33884 ownBrk=0"
1052,GBP0629-B162,1617DC1ACCE6B50ED2D1359582A70A8B8503C569623EE90C18C6B33542796207,Tester/logs/20261011.log,1470198,2026-07-07,15:30,EXITCENSUS,"CG	0	11:31:42.721	Core 04	2026.07.07 15:30:00   [SRJ-EA] EXITCENSUS bar=2026.07.07 15:25 dir=SHORT line=Weekly-POC val=1.33890 side=behind trigger=1 bodyLo=1.33829 bodyHi=1.33884 verdict=ok ownO=1.33829 ownC=1.33884 ownBrk=0"
1053,GBP0629-B162,1617DC1ACCE6B50ED2D1359582A70A8B8503C569623EE90C18C6B33542796207,Tester/logs/20261011.log,1470199,2026-07-07,15:30,EXITCENSUS,"QI	0	11:31:42.721	Core 04	2026.07.07 15:30:00   [SRJ-EA] EXITCENSUS bar=2026.07.07 15:25 dir=SHORT line=Weekly-VWAP val=1.33636 side=ahead trigger=0 bodyLo=1.33829 bodyHi=1.33884 verdict=ok ownO=1.33829 ownC=1.33884 ownBrk=0"
1054,GBP0629-B162,1617DC1ACCE6B50ED2D1359582A70A8B8503C569623EE90C18C6B33542796207,Tester/logs/20261011.log,1470200,2026-07-07,15:30,EXITCENSUS,"FO	0	11:31:42.721	Core 04	2026.07.07 15:30:00   [SRJ-EA] EXITCENSUS bar=2026.07.07 15:25 dir=SHORT line=Monthly-POC val=1.33542 side=ahead trigger=1 bodyLo=1.33829 bodyHi=1.33884 verdict=ok ownO=1.33829 ownC=1.33884 ownBrk=0"
1055,GBP0629-B162,1617DC1ACCE6B50ED2D1359582A70A8B8503C569623EE90C18C6B33542796207,Tester/logs/20261011.log,1470201,2026-07-07,15:30,EXITCENSUS,"DO	0	11:31:42.721	Core 04	2026.07.07 15:30:00   [SRJ-EA] EXITCENSUS bar=2026.07.07 15:25 dir=SHORT line=Monthly-VWAP val=1.33293 side=ahead trigger=0 bodyLo=1.33829 bodyHi=1.33884 verdict=ok ownO=1.33829 ownC=1.33884 ownBrk=0"
1056,GBP0629-B162,1617DC1ACCE6B50ED2D1359582A70A8B8503C569623EE90C18C6B33542796207,Tester/logs/20261011.log,1470202,2026-07-07,15:30,EXITCENSUS,"LD	0	11:31:42.721	Core 04	2026.07.07 15:30:00   [SRJ-EA] EXITCENSUS bar=2026.07.07 15:25 dir=SHORT line=Quarterly-POC val=1.33542 side=ahead trigger=1 bodyLo=1.33829 bodyHi=1.33884 verdict=ok ownO=1.33829 ownC=1.33884 ownBrk=0"
1057,GBP0629-B162,1617DC1ACCE6B50ED2D1359582A70A8B8503C569623EE90C18C6B33542796207,Tester/logs/20261011.log,1470203,2026-07-07,15:30,EXITCENSUS,"JD	0	11:31:42.721	Core 04	2026.07.07 15:30:00   [SRJ-EA] EXITCENSUS bar=2026.07.07 15:25 dir=SHORT line=Quarterly-VWAP val=1.33293 side=ahead trigger=0 bodyLo=1.33829 bodyHi=1.33884 verdict=ok ownO=1.33829 ownC=1.33884 ownBrk=0"
1058,GBP0629-B162,1617DC1ACCE6B50ED2D1359582A70A8B8503C569623EE90C18C6B33542796207,Tester/logs/20261011.log,1470207,2026-07-07,15:35,B152PR,"ED	0	11:31:42.721	Core 04	2026.07.07 15:35:00   [SRJ-IND] B152PR sym=GBPUSD bar=2026.07.07 15:30 z1=150,S,1.34395,1.34430,2026.06.15 11:40,1,2026.06.15 17:05,1.34420,1.34363"
1059,GBP0629-B162,1617DC1ACCE6B50ED2D1359582A70A8B8503C569623EE90C18C6B33542796207,Tester/logs/20261011.log,1470208,2026-07-07,15:35,B152PR,"PL	0	11:31:42.721	Core 04	2026.07.07 15:35:00   [SRJ-IND] B152PR sym=GBPUSD bar=2026.07.07 15:30 z1=1582,B,1.31711,1.31751,2026.06.25 15:45,1,2026.06.25 15:55,1.31818,1.31739"
1060,GBP0629-B162,1617DC1ACCE6B50ED2D1359582A70A8B8503C569623EE90C18C6B33542796207,Tester/logs/20261011.log,1470209,2026-07-07,15:35,B152PR,"LR	0	11:31:42.721	Core 04	2026.07.07 15:35:00   [SRJ-IND] B152PR sym=GBPUSD bar=2026.07.07 15:30 z1=1869,B,1.31919,1.31950,2026.06.29 02:50,1,2026.06.29 03:00,1.32000,1.31935"
1061,GBP0629-B162,1617DC1ACCE6B50ED2D1359582A70A8B8503C569623EE90C18C6B33542796207,Tester/logs/20261011.log,1470210,2026-07-07,15:35,B152PR,"QH	0	11:31:42.721	Core 04	2026.07.07 15:35:00   [SRJ-IND] B152PR sym=GBPUSD bar=2026.07.07 15:30 z1=1875,B,1.31936,1.31982,2026.06.29 05:20,1,2026.06.29 06:55,1.32014,1.31979"
1062,GBP0629-B162,1617DC1ACCE6B50ED2D1359582A70A8B8503C569623EE90C18C6B33542796207,Tester/logs/20261011.log,1470211,2026-07-07,15:35,B152PR,"ON	0	11:31:42.721	Core 04	2026.07.07 15:35:00   [SRJ-IND] B152PR sym=GBPUSD bar=2026.07.07 15:30 z1=1899,B,1.31967,1.31979,2026.06.29 07:35,1,2026.06.29 07:40,1.31994,1.31978"
1063,GBP0629-B162,1617DC1ACCE6B50ED2D1359582A70A8B8503C569623EE90C18C6B33542796207,Tester/logs/20261011.log,1470212,2026-07-07,15:35,B152PR,"FD	0	11:31:42.721	Core 04	2026.07.07 15:35:00   [SRJ-IND] B152PR sym=GBPUSD bar=2026.07.07 15:30 z1=1909,B,1.32024,1.32052,2026.06.29 08:35,1,2026.06.29 11:20,1.32088,1.32041"
1064,GBP0629-B162,1617DC1ACCE6B50ED2D1359582A70A8B8503C569623EE90C18C6B33542796207,Tester/logs/20261011.log,1470213,2026-07-07,15:35,B152PR,"CJ	0	11:31:42.721	Core 04	2026.07.07 15:35:00   [SRJ-IND] B152PR sym=GBPUSD bar=2026.07.07 15:30 z1=1941,B,1.32111,1.32139,2026.06.29 14:30,1,2026.06.30 15:20,1.32223,1.32125"
1065,GBP0629-B162,1617DC1ACCE6B50ED2D1359582A70A8B8503C569623EE90C18C6B33542796207,Tester/logs/20261011.log,1470214,2026-07-07,15:35,B152PR,"KP	0	11:31:42.721	Core 04	2026.07.07 15:35:00   [SRJ-IND] B152PR sym=GBPUSD bar=2026.07.07 15:30 z1=1943,B,1.32097,1.32138,2026.06.29 13:55,1,2026.06.30 15:20,1.32223,1.32125"
1066,GBP0629-B162,1617DC1ACCE6B50ED2D1359582A70A8B8503C569623EE90C18C6B33542796207,Tester/logs/20261011.log,1470215,2026-07-07,15:35,B152PR,"FF	0	11:31:42.721	Core 04	2026.07.07 15:35:00   [SRJ-IND] B152PR sym=GBPUSD bar=2026.07.07 15:30 z1=2367,B,1.32677,1.32799,2026.07.02 03:10,1,2026.07.02 03:15,1.32801,1.32765"
1067,GBP0629-B162,1617DC1ACCE6B50ED2D1359582A70A8B8503C569623EE90C18C6B33542796207,Tester/logs/20261011.log,1470216,2026-07-07,15:35,B152PR,"GL	0	11:31:42.721	Core 04	2026.07.07 15:35:00   [SRJ-IND] B152PR sym=GBPUSD bar=2026.07.07 15:30 z1=2646,B,1.33597,1.33639,2026.07.06 18:50,1,2026.07.06 18:55,1.33678,1.33636"
1068,GBP0629-B162,1617DC1ACCE6B50ED2D1359582A70A8B8503C569623EE90C18C6B33542796207,Tester/logs/20261011.log,1470217,2026-07-07,15:35,B152PR,"CR	0	11:31:42.721	Core 04	2026.07.07 15:35:00   [SRJ-IND] B152PR sym=GBPUSD bar=2026.07.07 15:30 z1=2849,B,1.33657,1.33695,2026.07.06 19:30,1,2026.07.07 13:05,1.33770,1.33691"
1069,GBP0629-B162,1617DC1ACCE6B50ED2D1359582A70A8B8503C569623EE90C18C6B33542796207,Tester/logs/20261011.log,1470218,2026-07-07,15:35,B152PR,"PI	0	11:31:42.721	Core 04	2026.07.07 15:35:00   [SRJ-IND] B152PR sym=GBPUSD bar=2026.07.07 15:30 z1=2974,S,1.33862,1.33936,2026.07.07 12:25,1,2026.07.07 12:30,1.33881,1.33856"
1070,GBP0629-B162,1617DC1ACCE6B50ED2D1359582A70A8B8503C569623EE90C18C6B33542796207,Tester/logs/20261011.log,1470219,2026-07-07,15:35,B152PR,"IL	0	11:31:42.721	Core 04	2026.07.07 15:35:00   [SRJ-IND] B152PR sym=GBPUSD bar=2026.07.07 15:30 bull=1 bear=1 nz=12"
1071,GBP0629-B162,1617DC1ACCE6B50ED2D1359582A70A8B8503C569623EE90C18C6B33542796207,Tester/logs/20261011.log,1470220,2026-07-07,15:35,B162ORIGIN,"JP	0	11:31:42.721	Core 04	2026.07.07 15:35:00   [SRJ-IND] B162ORIGIN sym=GBPUSD bar=2026.07.07 15:30 side=B n=10 origin=2849 range=1.33657-1.33695 formT=2026.07.06 19:10 set=1582,1869,1875,1899,1909,1941,1943,2367,2646,2849"
1072,GBP0629-B162,1617DC1ACCE6B50ED2D1359582A70A8B8503C569623EE90C18C6B33542796207,Tester/logs/20261011.log,1470221,2026-07-07,15:35,B162ORIGIN,"NE	0	11:31:42.721	Core 04	2026.07.07 15:35:00   [SRJ-IND] B162ORIGIN sym=GBPUSD bar=2026.07.07 15:30 side=S n=2 origin=2974 range=1.33862-1.33936 formT=2026.07.07 11:45 set=150,2974"
1073,GBP0629-B162,1617DC1ACCE6B50ED2D1359582A70A8B8503C569623EE90C18C6B33542796207,Tester/logs/20261011.log,1470227,2026-07-07,15:35,EXITCENSUS,"MJ	0	11:31:42.721	Core 04	2026.07.07 15:35:00   [SRJ-EA] EXITCENSUS bar=2026.07.07 15:30 dir=SHORT line=Daily-POC val=1.33890 side=ahead trigger=1 bodyLo=1.33884 bodyHi=1.33895 verdict=ok ownO=1.33884 ownC=1.33893 ownBrk=0"
1074,GBP0629-B162,1617DC1ACCE6B50ED2D1359582A70A8B8503C569623EE90C18C6B33542796207,Tester/logs/20261011.log,1470228,2026-07-07,15:35,EXITCENSUS,"MR	0	11:31:42.721	Core 04	2026.07.07 15:35:00   [SRJ-EA] EXITCENSUS bar=2026.07.07 15:30 dir=SHORT line=Daily-VWAP val=1.33873 side=ahead trigger=0 bodyLo=1.33884 bodyHi=1.33895 verdict=ok ownO=1.33884 ownC=1.33893 ownBrk=0"
1075,GBP0629-B162,1617DC1ACCE6B50ED2D1359582A70A8B8503C569623EE90C18C6B33542796207,Tester/logs/20261011.log,1470229,2026-07-07,15:35,EXITCENSUS,"IP	0	11:31:42.721	Core 04	2026.07.07 15:35:00   [SRJ-EA] EXITCENSUS bar=2026.07.07 15:30 dir=SHORT line=Weekly-POC val=1.33890 side=ahead trigger=1 bodyLo=1.33884 bodyHi=1.33895 verdict=BREAK ownO=1.33884 ownC=1.33893 ownBrk=1"
1076,GBP0629-B162,1617DC1ACCE6B50ED2D1359582A70A8B8503C569623EE90C18C6B33542796207,Tester/logs/20261011.log,1470230,2026-07-07,15:35,EXITCENSUS,"MF	0	11:31:42.721	Core 04	2026.07.07 15:35:00   [SRJ-EA] EXITCENSUS bar=2026.07.07 15:30 dir=SHORT line=Weekly-VWAP val=1.33637 side=ahead trigger=0 bodyLo=1.33884 bodyHi=1.33895 verdict=ok ownO=1.33884 ownC=1.33893 ownBrk=0"
1077,GBP0629-B162,1617DC1ACCE6B50ED2D1359582A70A8B8503C569623EE90C18C6B33542796207,Tester/logs/20261011.log,1470231,2026-07-07,15:35,EXITCENSUS,"IH	0	11:31:42.721	Core 04	2026.07.07 15:35:00   [SRJ-EA] EXITCENSUS bar=2026.07.07 15:30 dir=SHORT line=Monthly-POC val=1.33542 side=ahead trigger=1 bodyLo=1.33884 bodyHi=1.33895 verdict=ok ownO=1.33884 ownC=1.33893 ownBrk=0"
1078,GBP0629-B162,1617DC1ACCE6B50ED2D1359582A70A8B8503C569623EE90C18C6B33542796207,Tester/logs/20261011.log,1470232,2026-07-07,15:35,EXITCENSUS,"FP	0	11:31:42.721	Core 04	2026.07.07 15:35:00   [SRJ-EA] EXITCENSUS bar=2026.07.07 15:30 dir=SHORT line=Monthly-VWAP val=1.33294 side=ahead trigger=0 bodyLo=1.33884 bodyHi=1.33895 verdict=ok ownO=1.33884 ownC=1.33893 ownBrk=0"
1079,GBP0629-B162,1617DC1ACCE6B50ED2D1359582A70A8B8503C569623EE90C18C6B33542796207,Tester/logs/20261011.log,1470233,2026-07-07,15:35,EXITCENSUS,"KQ	0	11:31:42.721	Core 04	2026.07.07 15:35:00   [SRJ-EA] EXITCENSUS bar=2026.07.07 15:30 dir=SHORT line=Quarterly-POC val=1.33542 side=ahead trigger=1 bodyLo=1.33884 bodyHi=1.33895 verdict=ok ownO=1.33884 ownC=1.33893 ownBrk=0"
1080,GBP0629-B162,1617DC1ACCE6B50ED2D1359582A70A8B8503C569623EE90C18C6B33542796207,Tester/logs/20261011.log,1470234,2026-07-07,15:35,EXITCENSUS,"DI	0	11:31:42.721	Core 04	2026.07.07 15:35:00   [SRJ-EA] EXITCENSUS bar=2026.07.07 15:30 dir=SHORT line=Quarterly-VWAP val=1.33294 side=ahead trigger=0 bodyLo=1.33884 bodyHi=1.33895 verdict=ok ownO=1.33884 ownC=1.33893 ownBrk=0"
1081,GBP0629-B162,1617DC1ACCE6B50ED2D1359582A70A8B8503C569623EE90C18C6B33542796207,Tester/logs/20261011.log,1470236,2026-07-07,15:35,MTEXIT,"PH	0	11:31:42.721	Core 04	2026.07.07 15:35:00   [SRJ-EA] MTEXIT bar=2026.07.07 15:30 reason=POI_BODY_BREAK line=Weekly-POC lineVal=1.33890 entry=1.33863 exit=1.33895 src=OWNBODY"
1082,GBP0629-B162,1617DC1ACCE6B50ED2D1359582A70A8B8503C569623EE90C18C6B33542796207,Tester/logs/20261011.log,1470238,2026-07-07,15:35,DEAL,"HI	0	11:31:42.721	Core 04	2026.07.07 15:35:00   deal #5 buy 1.28 GBPUSD at 1.33901 done (based on order #5)"
1083,GBP0629-B162,1617DC1ACCE6B50ED2D1359582A70A8B8503C569623EE90C18C6B33542796207,Tester/logs/20261011.log,1470247,2026-07-07,15:40,B152PR,"LS	0	11:31:42.721	Core 04	2026.07.07 15:40:00   [SRJ-IND] B152PR sym=GBPUSD bar=2026.07.07 15:35 z1=150,S,1.34395,1.34430,2026.06.15 11:40,1,2026.06.15 17:05,1.34420,1.34363"
1084,GBP0629-B162,1617DC1ACCE6B50ED2D1359582A70A8B8503C569623EE90C18C6B33542796207,Tester/logs/20261011.log,1470248,2026-07-07,15:40,B152PR,"IG	0	11:31:42.721	Core 04	2026.07.07 15:40:00   [SRJ-IND] B152PR sym=GBPUSD bar=2026.07.07 15:35 z1=1582,B,1.31711,1.31751,2026.06.25 15:45,1,2026.06.25 15:55,1.31818,1.31739"
1085,GBP0629-B162,1617DC1ACCE6B50ED2D1359582A70A8B8503C569623EE90C18C6B33542796207,Tester/logs/20261011.log,1470249,2026-07-07,15:40,B152PR,"EM	0	11:31:42.721	Core 04	2026.07.07 15:40:00   [SRJ-IND] B152PR sym=GBPUSD bar=2026.07.07 15:35 z1=1869,B,1.31919,1.31950,2026.06.29 02:50,1,2026.06.29 03:00,1.32000,1.31935"
1086,GBP0629-B162,1617DC1ACCE6B50ED2D1359582A70A8B8503C569623EE90C18C6B33542796207,Tester/logs/20261011.log,1470250,2026-07-07,15:40,B152PR,"HS	0	11:31:42.721	Core 04	2026.07.07 15:40:00   [SRJ-IND] B152PR sym=GBPUSD bar=2026.07.07 15:35 z1=1875,B,1.31936,1.31982,2026.06.29 05:20,1,2026.06.29 06:55,1.32014,1.31979"
1087,GBP0629-B162,1617DC1ACCE6B50ED2D1359582A70A8B8503C569623EE90C18C6B33542796207,Tester/logs/20261011.log,1470251,2026-07-07,15:40,B152PR,"JI	0	11:31:42.721	Core 04	2026.07.07 15:40:00   [SRJ-IND] B152PR sym=GBPUSD bar=2026.07.07 15:35 z1=1899,B,1.31967,1.31979,2026.06.29 07:35,1,2026.06.29 07:40,1.31994,1.31978"
1088,GBP0629-B162,1617DC1ACCE6B50ED2D1359582A70A8B8503C569623EE90C18C6B33542796207,Tester/logs/20261011.log,1470252,2026-07-07,15:40,B152PR,"KO	0	11:31:42.721	Core 04	2026.07.07 15:40:00   [SRJ-IND] B152PR sym=GBPUSD bar=2026.07.07 15:35 z1=1909,B,1.32024,1.32052,2026.06.29 08:35,1,2026.06.29 11:20,1.32088,1.32041"
1089,GBP0629-B162,1617DC1ACCE6B50ED2D1359582A70A8B8503C569623EE90C18C6B33542796207,Tester/logs/20261011.log,1470253,2026-07-07,15:40,B152PR,"NE	0	11:31:42.721	Core 04	2026.07.07 15:40:00   [SRJ-IND] B152PR sym=GBPUSD bar=2026.07.07 15:35 z1=1941,B,1.32111,1.32139,2026.06.29 14:30,1,2026.06.30 15:20,1.32223,1.32125"
1090,GBP0629-B162,1617DC1ACCE6B50ED2D1359582A70A8B8503C569623EE90C18C6B33542796207,Tester/logs/20261011.log,1470254,2026-07-07,15:40,B152PR,"FK	0	11:31:42.721	Core 04	2026.07.07 15:40:00   [SRJ-IND] B152PR sym=GBPUSD bar=2026.07.07 15:35 z1=1943,B,1.32097,1.32138,2026.06.29 13:55,1,2026.06.30 15:20,1.32223,1.32125"
1091,GBP0629-B162,1617DC1ACCE6B50ED2D1359582A70A8B8503C569623EE90C18C6B33542796207,Tester/logs/20261011.log,1470255,2026-07-07,15:40,B152PR,"KQ	0	11:31:42.721	Core 04	2026.07.07 15:40:00   [SRJ-IND] B152PR sym=GBPUSD bar=2026.07.07 15:35 z1=2367,B,1.32677,1.32799,2026.07.02 03:10,1,2026.07.02 03:15,1.32801,1.32765"
1092,GBP0629-B162,1617DC1ACCE6B50ED2D1359582A70A8B8503C569623EE90C18C6B33542796207,Tester/logs/20261011.log,1470256,2026-07-07,15:40,B152PR,"RG	0	11:31:42.721	Core 04	2026.07.07 15:40:00   [SRJ-IND] B152PR sym=GBPUSD bar=2026.07.07 15:35 z1=2646,B,1.33597,1.33639,2026.07.06 18:50,1,2026.07.06 18:55,1.33678,1.33636"
1093,GBP0629-B162,1617DC1ACCE6B50ED2D1359582A70A8B8503C569623EE90C18C6B33542796207,Tester/logs/20261011.log,1470257,2026-07-07,15:40,B152PR,"NM	0	11:31:42.721	Core 04	2026.07.07 15:40:00   [SRJ-IND] B152PR sym=GBPUSD bar=2026.07.07 15:35 z1=2849,B,1.33657,1.33695,2026.07.06 19:30,1,2026.07.07 13:05,1.33770,1.33691"
1094,GBP0629-B162,1617DC1ACCE6B50ED2D1359582A70A8B8503C569623EE90C18C6B33542796207,Tester/logs/20261011.log,1470258,2026-07-07,15:40,B152PR,"IR	0	11:31:42.721	Core 04	2026.07.07 15:40:00   [SRJ-IND] B152PR sym=GBPUSD bar=2026.07.07 15:35 z1=2974,S,1.33862,1.33936,2026.07.07 12:25,1,2026.07.07 12:30,1.33881,1.33856"
1095,GBP0629-B162,1617DC1ACCE6B50ED2D1359582A70A8B8503C569623EE90C18C6B33542796207,Tester/logs/20261011.log,1470259,2026-07-07,15:40,B152PR,"PK	0	11:31:42.721	Core 04	2026.07.07 15:40:00   [SRJ-IND] B152PR sym=GBPUSD bar=2026.07.07 15:35 bull=1 bear=1 nz=12"
1096,GBP0629-B162,1617DC1ACCE6B50ED2D1359582A70A8B8503C569623EE90C18C6B33542796207,Tester/logs/20261011.log,1470260,2026-07-07,15:40,B162ORIGIN,"GJ	0	11:31:42.721	Core 04	2026.07.07 15:40:00   [SRJ-IND] B162ORIGIN sym=GBPUSD bar=2026.07.07 15:35 side=B n=10 origin=2849 range=1.33657-1.33695 formT=2026.07.06 19:10 set=1582,1869,1875,1899,1909,1941,1943,2367,2646,2849"
1097,GBP0629-B162,1617DC1ACCE6B50ED2D1359582A70A8B8503C569623EE90C18C6B33542796207,Tester/logs/20261011.log,1470261,2026-07-07,15:40,B162ORIGIN,"KO	0	11:31:42.721	Core 04	2026.07.07 15:40:00   [SRJ-IND] B162ORIGIN sym=GBPUSD bar=2026.07.07 15:35 side=S n=2 origin=2974 range=1.33862-1.33936 formT=2026.07.07 11:45 set=150,2974"
1098,GBP0629-B162,1617DC1ACCE6B50ED2D1359582A70A8B8503C569623EE90C18C6B33542796207,Tester/logs/20261011.log,1470272,2026-07-07,15:45,B152PR,"CJ	0	11:31:42.721	Core 04	2026.07.07 15:45:00   [SRJ-IND] B152PR sym=GBPUSD bar=2026.07.07 15:40 z1=150,S,1.34395,1.34430,2026.06.15 11:40,1,2026.06.15 17:05,1.34420,1.34363"
1099,GBP0629-B162,1617DC1ACCE6B50ED2D1359582A70A8B8503C569623EE90C18C6B33542796207,Tester/logs/20261011.log,1470273,2026-07-07,15:45,B152PR,"NN	0	11:31:42.721	Core 04	2026.07.07 15:45:00   [SRJ-IND] B152PR sym=GBPUSD bar=2026.07.07 15:40 z1=1582,B,1.31711,1.31751,2026.06.25 15:45,1,2026.06.25 15:55,1.31818,1.31739"
1100,GBP0629-B162,1617DC1ACCE6B50ED2D1359582A70A8B8503C569623EE90C18C6B33542796207,Tester/logs/20261011.log,1470274,2026-07-07,15:45,B152PR,"RD	0	11:31:42.721	Core 04	2026.07.07 15:45:00   [SRJ-IND] B152PR sym=GBPUSD bar=2026.07.07 15:40 z1=1869,B,1.31919,1.31950,2026.06.29 02:50,1,2026.06.29 03:00,1.32000,1.31935"
1101,GBP0629-B162,1617DC1ACCE6B50ED2D1359582A70A8B8503C569623EE90C18C6B33542796207,Tester/logs/20261011.log,1470275,2026-07-07,15:45,B152PR,"KJ	0	11:31:42.721	Core 04	2026.07.07 15:45:00   [SRJ-IND] B152PR sym=GBPUSD bar=2026.07.07 15:40 z1=1875,B,1.31936,1.31982,2026.06.29 05:20,1,2026.06.29 06:55,1.32014,1.31979"
1102,GBP0629-B162,1617DC1ACCE6B50ED2D1359582A70A8B8503C569623EE90C18C6B33542796207,Tester/logs/20261011.log,1470276,2026-07-07,15:45,B152PR,"MP	0	11:31:42.721	Core 04	2026.07.07 15:45:00   [SRJ-IND] B152PR sym=GBPUSD bar=2026.07.07 15:40 z1=1899,B,1.31967,1.31979,2026.06.29 07:35,1,2026.06.29 07:40,1.31994,1.31978"
1103,GBP0629-B162,1617DC1ACCE6B50ED2D1359582A70A8B8503C569623EE90C18C6B33542796207,Tester/logs/20261011.log,1470277,2026-07-07,15:45,B152PR,"HF	0	11:31:42.721	Core 04	2026.07.07 15:45:00   [SRJ-IND] B152PR sym=GBPUSD bar=2026.07.07 15:40 z1=1909,B,1.32024,1.32052,2026.06.29 08:35,1,2026.06.29 11:20,1.32088,1.32041"
1104,GBP0629-B162,1617DC1ACCE6B50ED2D1359582A70A8B8503C569623EE90C18C6B33542796207,Tester/logs/20261011.log,1470278,2026-07-07,15:45,B152PR,"IL	0	11:31:42.721	Core 04	2026.07.07 15:45:00   [SRJ-IND] B152PR sym=GBPUSD bar=2026.07.07 15:40 z1=1941,B,1.32111,1.32139,2026.06.29 14:30,1,2026.06.30 15:20,1.32223,1.32125"
1105,GBP0629-B162,1617DC1ACCE6B50ED2D1359582A70A8B8503C569623EE90C18C6B33542796207,Tester/logs/20261011.log,1470279,2026-07-07,15:45,B152PR,"QR	0	11:31:42.721	Core 04	2026.07.07 15:45:00   [SRJ-IND] B152PR sym=GBPUSD bar=2026.07.07 15:40 z1=1943,B,1.32097,1.32138,2026.06.29 13:55,1,2026.06.30 15:20,1.32223,1.32125"
1106,GBP0629-B162,1617DC1ACCE6B50ED2D1359582A70A8B8503C569623EE90C18C6B33542796207,Tester/logs/20261011.log,1470280,2026-07-07,15:45,B152PR,"HH	0	11:31:42.721	Core 04	2026.07.07 15:45:00   [SRJ-IND] B152PR sym=GBPUSD bar=2026.07.07 15:40 z1=2367,B,1.32677,1.32799,2026.07.02 03:10,1,2026.07.02 03:15,1.32801,1.32765"
1107,GBP0629-B162,1617DC1ACCE6B50ED2D1359582A70A8B8503C569623EE90C18C6B33542796207,Tester/logs/20261011.log,1470281,2026-07-07,15:45,B152PR,"EN	0	11:31:42.721	Core 04	2026.07.07 15:45:00   [SRJ-IND] B152PR sym=GBPUSD bar=2026.07.07 15:40 z1=2646,B,1.33597,1.33639,2026.07.06 18:50,1,2026.07.06 18:55,1.33678,1.33636"
1108,GBP0629-B162,1617DC1ACCE6B50ED2D1359582A70A8B8503C569623EE90C18C6B33542796207,Tester/logs/20261011.log,1470282,2026-07-07,15:45,B152PR,"ID	0	11:31:42.721	Core 04	2026.07.07 15:45:00   [SRJ-IND] B152PR sym=GBPUSD bar=2026.07.07 15:40 z1=2849,B,1.33657,1.33695,2026.07.06 19:30,1,2026.07.07 13:05,1.33770,1.33691"
1109,GBP0629-B162,1617DC1ACCE6B50ED2D1359582A70A8B8503C569623EE90C18C6B33542796207,Tester/logs/20261011.log,1470283,2026-07-07,15:45,B152PR,"NK	0	11:31:42.721	Core 04	2026.07.07 15:45:00   [SRJ-IND] B152PR sym=GBPUSD bar=2026.07.07 15:40 z1=2974,S,1.33862,1.33936,2026.07.07 12:25,1,2026.07.07 12:30,1.33881,1.33856"
1110,GBP0629-B162,1617DC1ACCE6B50ED2D1359582A70A8B8503C569623EE90C18C6B33542796207,Tester/logs/20261011.log,1470284,2026-07-07,15:45,B152PR,"CR	0	11:31:42.721	Core 04	2026.07.07 15:45:00   [SRJ-IND] B152PR sym=GBPUSD bar=2026.07.07 15:40 bull=1 bear=1 nz=12"
1111,GBP0629-B162,1617DC1ACCE6B50ED2D1359582A70A8B8503C569623EE90C18C6B33542796207,Tester/logs/20261011.log,1470285,2026-07-07,15:45,B162ORIGIN,"LR	0	11:31:42.721	Core 04	2026.07.07 15:45:00   [SRJ-IND] B162ORIGIN sym=GBPUSD bar=2026.07.07 15:40 side=B n=10 origin=2849 range=1.33657-1.33695 formT=2026.07.06 19:10 set=1582,1869,1875,1899,1909,1941,1943,2367,2646,2849"
1112,GBP0629-B162,1617DC1ACCE6B50ED2D1359582A70A8B8503C569623EE90C18C6B33542796207,Tester/logs/20261011.log,1470286,2026-07-07,15:45,B162ORIGIN,"LG	0	11:31:42.721	Core 04	2026.07.07 15:45:00   [SRJ-IND] B162ORIGIN sym=GBPUSD bar=2026.07.07 15:40 side=S n=2 origin=2974 range=1.33862-1.33936 formT=2026.07.07 11:45 set=150,2974"
1113,GBP0629-B162,1617DC1ACCE6B50ED2D1359582A70A8B8503C569623EE90C18C6B33542796207,Tester/logs/20261011.log,1470295,2026-07-07,15:50,B152PR,"FJ	0	11:31:42.721	Core 04	2026.07.07 15:50:02   [SRJ-IND] B152PR sym=GBPUSD bar=2026.07.07 15:45 z1=150,S,1.34395,1.34430,2026.06.15 11:40,1,2026.06.15 17:05,1.34420,1.34363"
1114,GBP0629-B162,1617DC1ACCE6B50ED2D1359582A70A8B8503C569623EE90C18C6B33542796207,Tester/logs/20261011.log,1470296,2026-07-07,15:50,B152PR,"KN	0	11:31:42.721	Core 04	2026.07.07 15:50:02   [SRJ-IND] B152PR sym=GBPUSD bar=2026.07.07 15:45 z1=1582,B,1.31711,1.31751,2026.06.25 15:45,1,2026.06.25 15:55,1.31818,1.31739"
1115,GBP0629-B162,1617DC1ACCE6B50ED2D1359582A70A8B8503C569623EE90C18C6B33542796207,Tester/logs/20261011.log,1470297,2026-07-07,15:50,B152PR,"OD	0	11:31:42.721	Core 04	2026.07.07 15:50:02   [SRJ-IND] B152PR sym=GBPUSD bar=2026.07.07 15:45 z1=1869,B,1.31919,1.31950,2026.06.29 02:50,1,2026.06.29 03:00,1.32000,1.31935"
1116,GBP0629-B162,1617DC1ACCE6B50ED2D1359582A70A8B8503C569623EE90C18C6B33542796207,Tester/logs/20261011.log,1470298,2026-07-07,15:50,B152PR,"NJ	0	11:31:42.721	Core 04	2026.07.07 15:50:02   [SRJ-IND] B152PR sym=GBPUSD bar=2026.07.07 15:45 z1=1875,B,1.31936,1.31982,2026.06.29 05:20,1,2026.06.29 06:55,1.32014,1.31979"
1117,GBP0629-B162,1617DC1ACCE6B50ED2D1359582A70A8B8503C569623EE90C18C6B33542796207,Tester/logs/20261011.log,1470299,2026-07-07,15:50,B152PR,"LP	0	11:31:42.721	Core 04	2026.07.07 15:50:02   [SRJ-IND] B152PR sym=GBPUSD bar=2026.07.07 15:45 z1=1899,B,1.31967,1.31979,2026.06.29 07:35,1,2026.06.29 07:40,1.31994,1.31978"
1118,GBP0629-B162,1617DC1ACCE6B50ED2D1359582A70A8B8503C569623EE90C18C6B33542796207,Tester/logs/20261011.log,1470300,2026-07-07,15:50,B152PR,"IF	0	11:31:42.721	Core 04	2026.07.07 15:50:02   [SRJ-IND] B152PR sym=GBPUSD bar=2026.07.07 15:45 z1=1909,B,1.32024,1.32052,2026.06.29 08:35,1,2026.06.29 11:20,1.32088,1.32041"
1119,GBP0629-B162,1617DC1ACCE6B50ED2D1359582A70A8B8503C569623EE90C18C6B33542796207,Tester/logs/20261011.log,1470301,2026-07-07,15:50,B152PR,"HL	0	11:31:42.721	Core 04	2026.07.07 15:50:02   [SRJ-IND] B152PR sym=GBPUSD bar=2026.07.07 15:45 z1=1941,B,1.32111,1.32139,2026.06.29 14:30,1,2026.06.30 15:20,1.32223,1.32125"
1120,GBP0629-B162,1617DC1ACCE6B50ED2D1359582A70A8B8503C569623EE90C18C6B33542796207,Tester/logs/20261011.log,1470302,2026-07-07,15:50,B152PR,"PR	0	11:31:42.721	Core 04	2026.07.07 15:50:02   [SRJ-IND] B152PR sym=GBPUSD bar=2026.07.07 15:45 z1=1943,B,1.32097,1.32138,2026.06.29 13:55,1,2026.06.30 15:20,1.32223,1.32125"
1121,GBP0629-B162,1617DC1ACCE6B50ED2D1359582A70A8B8503C569623EE90C18C6B33542796207,Tester/logs/20261011.log,1470303,2026-07-07,15:50,B152PR,"IH	0	11:31:42.721	Core 04	2026.07.07 15:50:02   [SRJ-IND] B152PR sym=GBPUSD bar=2026.07.07 15:45 z1=2367,B,1.32677,1.32799,2026.07.02 03:10,1,2026.07.02 03:15,1.32801,1.32765"
1122,GBP0629-B162,1617DC1ACCE6B50ED2D1359582A70A8B8503C569623EE90C18C6B33542796207,Tester/logs/20261011.log,1470304,2026-07-07,15:50,B152PR,"DN	0	11:31:42.721	Core 04	2026.07.07 15:50:02   [SRJ-IND] B152PR sym=GBPUSD bar=2026.07.07 15:45 z1=2646,B,1.33597,1.33639,2026.07.06 18:50,1,2026.07.06 18:55,1.33678,1.33636"
1123,GBP0629-B162,1617DC1ACCE6B50ED2D1359582A70A8B8503C569623EE90C18C6B33542796207,Tester/logs/20261011.log,1470305,2026-07-07,15:50,B152PR,"HD	0	11:31:42.721	Core 04	2026.07.07 15:50:02   [SRJ-IND] B152PR sym=GBPUSD bar=2026.07.07 15:45 z1=2849,B,1.33657,1.33695,2026.07.06 19:30,1,2026.07.07 13:05,1.33770,1.33691"
1124,GBP0629-B162,1617DC1ACCE6B50ED2D1359582A70A8B8503C569623EE90C18C6B33542796207,Tester/logs/20261011.log,1470306,2026-07-07,15:50,B152PR,"KK	0	11:31:42.721	Core 04	2026.07.07 15:50:02   [SRJ-IND] B152PR sym=GBPUSD bar=2026.07.07 15:45 z1=2974,S,1.33862,1.33936,2026.07.07 12:25,1,2026.07.07 12:30,1.33881,1.33856"
1125,GBP0629-B162,1617DC1ACCE6B50ED2D1359582A70A8B8503C569623EE90C18C6B33542796207,Tester/logs/20261011.log,1470307,2026-07-07,15:50,B152PR,"FR	0	11:31:42.721	Core 04	2026.07.07 15:50:02   [SRJ-IND] B152PR sym=GBPUSD bar=2026.07.07 15:45 bull=1 bear=1 nz=12"
1126,GBP0629-B162,1617DC1ACCE6B50ED2D1359582A70A8B8503C569623EE90C18C6B33542796207,Tester/logs/20261011.log,1470308,2026-07-07,15:50,B162ORIGIN,"MR	0	11:31:42.721	Core 04	2026.07.07 15:50:02   [SRJ-IND] B162ORIGIN sym=GBPUSD bar=2026.07.07 15:45 side=B n=10 origin=2849 range=1.33657-1.33695 formT=2026.07.06 19:10 set=1582,1869,1875,1899,1909,1941,1943,2367,2646,2849"
1127,GBP0629-B162,1617DC1ACCE6B50ED2D1359582A70A8B8503C569623EE90C18C6B33542796207,Tester/logs/20261011.log,1470309,2026-07-07,15:50,B162ORIGIN,"MG	0	11:31:42.721	Core 04	2026.07.07 15:50:02   [SRJ-IND] B162ORIGIN sym=GBPUSD bar=2026.07.07 15:45 side=S n=2 origin=2974 range=1.33862-1.33936 formT=2026.07.07 11:45 set=150,2974"
1128,GBP0629-B162,1617DC1ACCE6B50ED2D1359582A70A8B8503C569623EE90C18C6B33542796207,Tester/logs/20261011.log,1470316,2026-07-07,15:55,B152PR,"EM	0	11:31:42.721	Core 04	2026.07.07 15:55:00   [SRJ-IND] B152PR sym=GBPUSD bar=2026.07.07 15:50 z1=150,S,1.34395,1.34430,2026.06.15 11:40,1,2026.06.15 17:05,1.34420,1.34363"
1129,GBP0629-B162,1617DC1ACCE6B50ED2D1359582A70A8B8503C569623EE90C18C6B33542796207,Tester/logs/20261011.log,1470317,2026-07-07,15:55,B152PR,"PE	0	11:31:42.721	Core 04	2026.07.07 15:55:00   [SRJ-IND] B152PR sym=GBPUSD bar=2026.07.07 15:50 z1=1582,B,1.31711,1.31751,2026.06.25 15:45,1,2026.06.25 15:55,1.31818,1.31739"
1130,GBP0629-B162,1617DC1ACCE6B50ED2D1359582A70A8B8503C569623EE90C18C6B33542796207,Tester/logs/20261011.log,1470318,2026-07-07,15:55,B152PR,"LK	0	11:31:42.721	Core 04	2026.07.07 15:55:00   [SRJ-IND] B152PR sym=GBPUSD bar=2026.07.07 15:50 z1=1869,B,1.31919,1.31950,2026.06.29 02:50,1,2026.06.29 03:00,1.32000,1.31935"
1131,GBP0629-B162,1617DC1ACCE6B50ED2D1359582A70A8B8503C569623EE90C18C6B33542796207,Tester/logs/20261011.log,1470319,2026-07-07,15:55,B152PR,"QQ	0	11:31:42.721	Core 04	2026.07.07 15:55:00   [SRJ-IND] B152PR sym=GBPUSD bar=2026.07.07 15:50 z1=1875,B,1.31936,1.31982,2026.06.29 05:20,1,2026.06.29 06:55,1.32014,1.31979"
1132,GBP0629-B162,1617DC1ACCE6B50ED2D1359582A70A8B8503C569623EE90C18C6B33542796207,Tester/logs/20261011.log,1470320,2026-07-07,15:55,B152PR,"OG	0	11:31:42.721	Core 04	2026.07.07 15:55:00   [SRJ-IND] B152PR sym=GBPUSD bar=2026.07.07 15:50 z1=1899,B,1.31967,1.31979,2026.06.29 07:35,1,2026.06.29 07:40,1.31994,1.31978"
1133,GBP0629-B162,1617DC1ACCE6B50ED2D1359582A70A8B8503C569623EE90C18C6B33542796207,Tester/logs/20261011.log,1470321,2026-07-07,15:55,B152PR,"FM	0	11:31:42.721	Core 04	2026.07.07 15:55:00   [SRJ-IND] B152PR sym=GBPUSD bar=2026.07.07 15:50 z1=1909,B,1.32024,1.32052,2026.06.29 08:35,1,2026.06.29 11:20,1.32088,1.32041"
1134,GBP0629-B162,1617DC1ACCE6B50ED2D1359582A70A8B8503C569623EE90C18C6B33542796207,Tester/logs/20261011.log,1470322,2026-07-07,15:55,B152PR,"CS	0	11:31:42.721	Core 04	2026.07.07 15:55:00   [SRJ-IND] B152PR sym=GBPUSD bar=2026.07.07 15:50 z1=1941,B,1.32111,1.32139,2026.06.29 14:30,1,2026.06.30 15:20,1.32223,1.32125"
1135,GBP0629-B162,1617DC1ACCE6B50ED2D1359582A70A8B8503C569623EE90C18C6B33542796207,Tester/logs/20261011.log,1470323,2026-07-07,15:55,B152PR,"KI	0	11:31:42.721	Core 04	2026.07.07 15:55:00   [SRJ-IND] B152PR sym=GBPUSD bar=2026.07.07 15:50 z1=1943,B,1.32097,1.32138,2026.06.29 13:55,1,2026.06.30 15:20,1.32223,1.32125"
1136,GBP0629-B162,1617DC1ACCE6B50ED2D1359582A70A8B8503C569623EE90C18C6B33542796207,Tester/logs/20261011.log,1470324,2026-07-07,15:55,B152PR,"FO	0	11:31:42.721	Core 04	2026.07.07 15:55:00   [SRJ-IND] B152PR sym=GBPUSD bar=2026.07.07 15:50 z1=2367,B,1.32677,1.32799,2026.07.02 03:10,1,2026.07.02 03:15,1.32801,1.32765"
1137,GBP0629-B162,1617DC1ACCE6B50ED2D1359582A70A8B8503C569623EE90C18C6B33542796207,Tester/logs/20261011.log,1470325,2026-07-07,15:55,B152PR,"GE	0	11:31:42.721	Core 04	2026.07.07 15:55:00   [SRJ-IND] B152PR sym=GBPUSD bar=2026.07.07 15:50 z1=2646,B,1.33597,1.33639,2026.07.06 18:50,1,2026.07.06 18:55,1.33678,1.33636"
1138,GBP0629-B162,1617DC1ACCE6B50ED2D1359582A70A8B8503C569623EE90C18C6B33542796207,Tester/logs/20261011.log,1470326,2026-07-07,15:55,B152PR,"CK	0	11:31:42.721	Core 04	2026.07.07 15:55:00   [SRJ-IND] B152PR sym=GBPUSD bar=2026.07.07 15:50 z1=2849,B,1.33657,1.33695,2026.07.06 19:30,1,2026.07.07 13:05,1.33770,1.33691"
1139,GBP0629-B162,1617DC1ACCE6B50ED2D1359582A70A8B8503C569623EE90C18C6B33542796207,Tester/logs/20261011.log,1470327,2026-07-07,15:55,B152PR,"PP	0	11:31:42.721	Core 04	2026.07.07 15:55:00   [SRJ-IND] B152PR sym=GBPUSD bar=2026.07.07 15:50 z1=2974,S,1.33862,1.33936,2026.07.07 12:25,1,2026.07.07 12:30,1.33881,1.33856"
1140,GBP0629-B162,1617DC1ACCE6B50ED2D1359582A70A8B8503C569623EE90C18C6B33542796207,Tester/logs/20261011.log,1470328,2026-07-07,15:55,B152PR,"IE	0	11:31:42.721	Core 04	2026.07.07 15:55:00   [SRJ-IND] B152PR sym=GBPUSD bar=2026.07.07 15:50 bull=1 bear=1 nz=12"
1141,GBP0629-B162,1617DC1ACCE6B50ED2D1359582A70A8B8503C569623EE90C18C6B33542796207,Tester/logs/20261011.log,1470329,2026-07-07,15:55,B162ORIGIN,"JK	0	11:31:42.721	Core 04	2026.07.07 15:55:00   [SRJ-IND] B162ORIGIN sym=GBPUSD bar=2026.07.07 15:50 side=B n=10 origin=2849 range=1.33657-1.33695 formT=2026.07.06 19:10 set=1582,1869,1875,1899,1909,1941,1943,2367,2646,2849"
1142,GBP0629-B162,1617DC1ACCE6B50ED2D1359582A70A8B8503C569623EE90C18C6B33542796207,Tester/logs/20261011.log,1470330,2026-07-07,15:55,B162ORIGIN,"NN	0	11:31:42.721	Core 04	2026.07.07 15:55:00   [SRJ-IND] B162ORIGIN sym=GBPUSD bar=2026.07.07 15:50 side=S n=2 origin=2974 range=1.33862-1.33936 formT=2026.07.07 11:45 set=150,2974"
1143,GBP0629-B162,1617DC1ACCE6B50ED2D1359582A70A8B8503C569623EE90C18C6B33542796207,Tester/logs/20261011.log,1470337,2026-07-07,16:00,B152PR,"ME	0	11:31:42.721	Core 04	2026.07.07 16:00:00   [SRJ-IND] B152PR sym=GBPUSD bar=2026.07.07 15:55 z1=150,S,1.34395,1.34430,2026.06.15 11:40,1,2026.06.15 17:05,1.34420,1.34363"
1144,GBP0629-B162,1617DC1ACCE6B50ED2D1359582A70A8B8503C569623EE90C18C6B33542796207,Tester/logs/20261011.log,1470338,2026-07-07,16:00,B152PR,"LL	0	11:31:42.721	Core 04	2026.07.07 16:00:00   [SRJ-IND] B152PR sym=GBPUSD bar=2026.07.07 15:55 z1=1582,B,1.31711,1.31751,2026.06.25 15:45,1,2026.06.25 15:55,1.31818,1.31739"
1145,GBP0629-B162,1617DC1ACCE6B50ED2D1359582A70A8B8503C569623EE90C18C6B33542796207,Tester/logs/20261011.log,1470339,2026-07-07,16:00,B152PR,"PR	0	11:31:42.721	Core 04	2026.07.07 16:00:00   [SRJ-IND] B152PR sym=GBPUSD bar=2026.07.07 15:55 z1=1869,B,1.31919,1.31950,2026.06.29 02:50,1,2026.06.29 03:00,1.32000,1.31935"
1146,GBP0629-B162,1617DC1ACCE6B50ED2D1359582A70A8B8503C569623EE90C18C6B33542796207,Tester/logs/20261011.log,1470340,2026-07-07,16:00,B152PR,"MH	0	11:31:42.721	Core 04	2026.07.07 16:00:00   [SRJ-IND] B152PR sym=GBPUSD bar=2026.07.07 15:55 z1=1875,B,1.31936,1.31982,2026.06.29 05:20,1,2026.06.29 06:55,1.32014,1.31979"
1147,GBP0629-B162,1617DC1ACCE6B50ED2D1359582A70A8B8503C569623EE90C18C6B33542796207,Tester/logs/20261011.log,1470341,2026-07-07,16:00,B152PR,"KN	0	11:31:42.721	Core 04	2026.07.07 16:00:00   [SRJ-IND] B152PR sym=GBPUSD bar=2026.07.07 15:55 z1=1899,B,1.31967,1.31979,2026.06.29 07:35,1,2026.06.29 07:40,1.31994,1.31978"
1148,GBP0629-B162,1617DC1ACCE6B50ED2D1359582A70A8B8503C569623EE90C18C6B33542796207,Tester/logs/20261011.log,1470342,2026-07-07,16:00,B152PR,"JD	0	11:31:42.721	Core 04	2026.07.07 16:00:00   [SRJ-IND] B152PR sym=GBPUSD bar=2026.07.07 15:55 z1=1909,B,1.32024,1.32052,2026.06.29 08:35,1,2026.06.29 11:20,1.32088,1.32041"
1149,GBP0629-B162,1617DC1ACCE6B50ED2D1359582A70A8B8503C569623EE90C18C6B33542796207,Tester/logs/20261011.log,1470343,2026-07-07,16:00,B152PR,"GJ	0	11:31:42.721	Core 04	2026.07.07 16:00:00   [SRJ-IND] B152PR sym=GBPUSD bar=2026.07.07 15:55 z1=1941,B,1.32111,1.32139,2026.06.29 14:30,1,2026.06.30 15:20,1.32223,1.32125"
1150,GBP0629-B162,1617DC1ACCE6B50ED2D1359582A70A8B8503C569623EE90C18C6B33542796207,Tester/logs/20261011.log,1470344,2026-07-07,16:00,B152PR,"OP	0	11:31:42.721	Core 04	2026.07.07 16:00:00   [SRJ-IND] B152PR sym=GBPUSD bar=2026.07.07 15:55 z1=1943,B,1.32097,1.32138,2026.06.29 13:55,1,2026.06.30 15:20,1.32223,1.32125"
1151,GBP0629-B162,1617DC1ACCE6B50ED2D1359582A70A8B8503C569623EE90C18C6B33542796207,Tester/logs/20261011.log,1470345,2026-07-07,16:00,B152PR,"JF	0	11:31:42.721	Core 04	2026.07.07 16:00:00   [SRJ-IND] B152PR sym=GBPUSD bar=2026.07.07 15:55 z1=2367,B,1.32677,1.32799,2026.07.02 03:10,1,2026.07.02 03:15,1.32801,1.32765"
1152,GBP0629-B162,1617DC1ACCE6B50ED2D1359582A70A8B8503C569623EE90C18C6B33542796207,Tester/logs/20261011.log,1470346,2026-07-07,16:00,B152PR,"CL	0	11:31:42.721	Core 04	2026.07.07 16:00:00   [SRJ-IND] B152PR sym=GBPUSD bar=2026.07.07 15:55 z1=2646,B,1.33597,1.33639,2026.07.06 18:50,1,2026.07.06 18:55,1.33678,1.33636"
1153,GBP0629-B162,1617DC1ACCE6B50ED2D1359582A70A8B8503C569623EE90C18C6B33542796207,Tester/logs/20261011.log,1470347,2026-07-07,16:00,B152PR,"GR	0	11:31:42.721	Core 04	2026.07.07 16:00:00   [SRJ-IND] B152PR sym=GBPUSD bar=2026.07.07 15:55 z1=2849,B,1.33657,1.33695,2026.07.06 19:30,1,2026.07.07 13:05,1.33770,1.33691"
1154,GBP0629-B162,1617DC1ACCE6B50ED2D1359582A70A8B8503C569623EE90C18C6B33542796207,Tester/logs/20261011.log,1470348,2026-07-07,16:00,B152PR,"LI	0	11:31:42.721	Core 04	2026.07.07 16:00:00   [SRJ-IND] B152PR sym=GBPUSD bar=2026.07.07 15:55 z1=2974,S,1.33862,1.33936,2026.07.07 12:25,1,2026.07.07 12:30,1.33881,1.33856"
1155,GBP0629-B162,1617DC1ACCE6B50ED2D1359582A70A8B8503C569623EE90C18C6B33542796207,Tester/logs/20261011.log,1470349,2026-07-07,16:00,B152PR,"EL	0	11:31:42.721	Core 04	2026.07.07 16:00:00   [SRJ-IND] B152PR sym=GBPUSD bar=2026.07.07 15:55 bull=1 bear=1 nz=12"
1156,GBP0629-B162,1617DC1ACCE6B50ED2D1359582A70A8B8503C569623EE90C18C6B33542796207,Tester/logs/20261011.log,1470350,2026-07-07,16:00,B162ORIGIN,"FP	0	11:31:42.721	Core 04	2026.07.07 16:00:00   [SRJ-IND] B162ORIGIN sym=GBPUSD bar=2026.07.07 15:55 side=B n=10 origin=2849 range=1.33657-1.33695 formT=2026.07.06 19:10 set=1582,1869,1875,1899,1909,1941,1943,2367,2646,2849"
1157,GBP0629-B162,1617DC1ACCE6B50ED2D1359582A70A8B8503C569623EE90C18C6B33542796207,Tester/logs/20261011.log,1470351,2026-07-07,16:00,B162ORIGIN,"NE	0	11:31:42.721	Core 04	2026.07.07 16:00:00   [SRJ-IND] B162ORIGIN sym=GBPUSD bar=2026.07.07 15:55 side=S n=2 origin=2974 range=1.33862-1.33936 formT=2026.07.07 11:45 set=150,2974"
1158,GBP0629-B162,1617DC1ACCE6B50ED2D1359582A70A8B8503C569623EE90C18C6B33542796207,Tester/logs/20261011.log,1470359,2026-07-07,16:05,B152PR,"KL	0	11:31:42.721	Core 04	2026.07.07 16:05:00   [SRJ-IND] B152PR sym=GBPUSD bar=2026.07.07 16:00 z1=150,S,1.34395,1.34430,2026.06.15 11:40,1,2026.06.15 17:05,1.34420,1.34363"
1159,GBP0629-B162,1617DC1ACCE6B50ED2D1359582A70A8B8503C569623EE90C18C6B33542796207,Tester/logs/20261011.log,1470360,2026-07-07,16:05,B152PR,"FD	0	11:31:42.721	Core 04	2026.07.07 16:05:00   [SRJ-IND] B152PR sym=GBPUSD bar=2026.07.07 16:00 z1=1582,B,1.31711,1.31751,2026.06.25 15:45,1,2026.06.25 15:55,1.31818,1.31739"
1160,GBP0629-B162,1617DC1ACCE6B50ED2D1359582A70A8B8503C569623EE90C18C6B33542796207,Tester/logs/20261011.log,1470361,2026-07-07,16:05,B152PR,"JJ	0	11:31:42.721	Core 04	2026.07.07 16:05:00   [SRJ-IND] B152PR sym=GBPUSD bar=2026.07.07 16:00 z1=1869,B,1.31919,1.31950,2026.06.29 02:50,1,2026.06.29 03:00,1.32000,1.31935"
1161,GBP0629-B162,1617DC1ACCE6B50ED2D1359582A70A8B8503C569623EE90C18C6B33542796207,Tester/logs/20261011.log,1470362,2026-07-07,16:05,B152PR,"CP	0	11:31:42.721	Core 04	2026.07.07 16:05:00   [SRJ-IND] B152PR sym=GBPUSD bar=2026.07.07 16:00 z1=1875,B,1.31936,1.31982,2026.06.29 05:20,1,2026.06.29 06:55,1.32014,1.31979"
1162,GBP0629-B162,1617DC1ACCE6B50ED2D1359582A70A8B8503C569623EE90C18C6B33542796207,Tester/logs/20261011.log,1470363,2026-07-07,16:05,B152PR,"EF	0	11:31:42.721	Core 04	2026.07.07 16:05:00   [SRJ-IND] B152PR sym=GBPUSD bar=2026.07.07 16:00 z1=1899,B,1.31967,1.31979,2026.06.29 07:35,1,2026.06.29 07:40,1.31994,1.31978"
1163,GBP0629-B162,1617DC1ACCE6B50ED2D1359582A70A8B8503C569623EE90C18C6B33542796207,Tester/logs/20261011.log,1470364,2026-07-07,16:05,B152PR,"PL	0	11:31:42.721	Core 04	2026.07.07 16:05:00   [SRJ-IND] B152PR sym=GBPUSD bar=2026.07.07 16:00 z1=1909,B,1.32024,1.32052,2026.06.29 08:35,1,2026.06.29 11:20,1.32088,1.32041"
1164,GBP0629-B162,1617DC1ACCE6B50ED2D1359582A70A8B8503C569623EE90C18C6B33542796207,Tester/logs/20261011.log,1470365,2026-07-07,16:05,B152PR,"QR	0	11:31:42.721	Core 04	2026.07.07 16:05:00   [SRJ-IND] B152PR sym=GBPUSD bar=2026.07.07 16:00 z1=1941,B,1.32111,1.32139,2026.06.29 14:30,1,2026.06.30 15:20,1.32223,1.32125"
1165,GBP0629-B162,1617DC1ACCE6B50ED2D1359582A70A8B8503C569623EE90C18C6B33542796207,Tester/logs/20261011.log,1470366,2026-07-07,16:05,B152PR,"IH	0	11:31:42.721	Core 04	2026.07.07 16:05:00   [SRJ-IND] B152PR sym=GBPUSD bar=2026.07.07 16:00 z1=1943,B,1.32097,1.32138,2026.06.29 13:55,1,2026.06.30 15:20,1.32223,1.32125"
1166,GBP0629-B162,1617DC1ACCE6B50ED2D1359582A70A8B8503C569623EE90C18C6B33542796207,Tester/logs/20261011.log,1470367,2026-07-07,16:05,B152PR,"PN	0	11:31:42.721	Core 04	2026.07.07 16:05:00   [SRJ-IND] B152PR sym=GBPUSD bar=2026.07.07 16:00 z1=2367,B,1.32677,1.32799,2026.07.02 03:10,1,2026.07.02 03:15,1.32801,1.32765"
1167,GBP0629-B162,1617DC1ACCE6B50ED2D1359582A70A8B8503C569623EE90C18C6B33542796207,Tester/logs/20261011.log,1470368,2026-07-07,16:05,B152PR,"MD	0	11:31:42.721	Core 04	2026.07.07 16:05:00   [SRJ-IND] B152PR sym=GBPUSD bar=2026.07.07 16:00 z1=2646,B,1.33597,1.33639,2026.07.06 18:50,1,2026.07.06 18:55,1.33678,1.33636"
1168,GBP0629-B162,1617DC1ACCE6B50ED2D1359582A70A8B8503C569623EE90C18C6B33542796207,Tester/logs/20261011.log,1470369,2026-07-07,16:05,B152PR,"QJ	0	11:31:42.721	Core 04	2026.07.07 16:05:00   [SRJ-IND] B152PR sym=GBPUSD bar=2026.07.07 16:00 z1=2849,B,1.33657,1.33695,2026.07.06 19:30,1,2026.07.07 13:05,1.33770,1.33691"
1169,GBP0629-B162,1617DC1ACCE6B50ED2D1359582A70A8B8503C569623EE90C18C6B33542796207,Tester/logs/20261011.log,1470370,2026-07-07,16:05,B152PR,"FQ	0	11:31:42.721	Core 04	2026.07.07 16:05:00   [SRJ-IND] B152PR sym=GBPUSD bar=2026.07.07 16:00 z1=2974,S,1.33862,1.33936,2026.07.07 12:25,1,2026.07.07 12:30,1.33881,1.33856"
1170,GBP0629-B162,1617DC1ACCE6B50ED2D1359582A70A8B8503C569623EE90C18C6B33542796207,Tester/logs/20261011.log,1470371,2026-07-07,16:05,B152PR,"KD	0	11:31:42.721	Core 04	2026.07.07 16:05:00   [SRJ-IND] B152PR sym=GBPUSD bar=2026.07.07 16:00 bull=1 bear=1 nz=12"
1171,GBP0629-B162,1617DC1ACCE6B50ED2D1359582A70A8B8503C569623EE90C18C6B33542796207,Tester/logs/20261011.log,1470372,2026-07-07,16:05,B162ORIGIN,"DI	0	11:31:42.721	Core 04	2026.07.07 16:05:00   [SRJ-IND] B162ORIGIN sym=GBPUSD bar=2026.07.07 16:00 side=B n=10 origin=2849 range=1.33657-1.33695 formT=2026.07.06 19:10 set=1582,1869,1875,1899,1909,1941,1943,2367,2646,2849"
1172,GBP0629-B162,1617DC1ACCE6B50ED2D1359582A70A8B8503C569623EE90C18C6B33542796207,Tester/logs/20261011.log,1470373,2026-07-07,16:05,B162ORIGIN,"DM	0	11:31:42.721	Core 04	2026.07.07 16:05:00   [SRJ-IND] B162ORIGIN sym=GBPUSD bar=2026.07.07 16:00 side=S n=2 origin=2974 range=1.33862-1.33936 formT=2026.07.07 11:45 set=150,2974"
1173,GBP0629-B162,1617DC1ACCE6B50ED2D1359582A70A8B8503C569623EE90C18C6B33542796207,Tester/logs/20261011.log,1470381,2026-07-07,16:10,B152PR,"HP	0	11:31:42.721	Core 04	2026.07.07 16:10:00   [SRJ-IND] B152PR sym=GBPUSD bar=2026.07.07 16:05 z1=150,S,1.34395,1.34430,2026.06.15 11:40,1,2026.06.15 17:05,1.34420,1.34363"
1174,GBP0629-B162,1617DC1ACCE6B50ED2D1359582A70A8B8503C569623EE90C18C6B33542796207,Tester/logs/20261011.log,1470382,2026-07-07,16:10,B152PR,"IH	0	11:31:42.721	Core 04	2026.07.07 16:10:00   [SRJ-IND] B152PR sym=GBPUSD bar=2026.07.07 16:05 z1=1582,B,1.31711,1.31751,2026.06.25 15:45,1,2026.06.25 15:55,1.31818,1.31739"
1175,GBP0629-B162,1617DC1ACCE6B50ED2D1359582A70A8B8503C569623EE90C18C6B33542796207,Tester/logs/20261011.log,1470383,2026-07-07,16:10,B152PR,"EN	0	11:31:42.721	Core 04	2026.07.07 16:10:00   [SRJ-IND] B152PR sym=GBPUSD bar=2026.07.07 16:05 z1=1869,B,1.31919,1.31950,2026.06.29 02:50,1,2026.06.29 03:00,1.32000,1.31935"
1176,GBP0629-B162,1617DC1ACCE6B50ED2D1359582A70A8B8503C569623EE90C18C6B33542796207,Tester/logs/20261011.log,1470384,2026-07-07,16:10,B152PR,"HD	0	11:31:42.721	Core 04	2026.07.07 16:10:00   [SRJ-IND] B152PR sym=GBPUSD bar=2026.07.07 16:05 z1=1875,B,1.31936,1.31982,2026.06.29 05:20,1,2026.06.29 06:55,1.32014,1.31979"
1177,GBP0629-B162,1617DC1ACCE6B50ED2D1359582A70A8B8503C569623EE90C18C6B33542796207,Tester/logs/20261011.log,1470385,2026-07-07,16:10,B152PR,"JJ	0	11:31:42.721	Core 04	2026.07.07 16:10:00   [SRJ-IND] B152PR sym=GBPUSD bar=2026.07.07 16:05 z1=1899,B,1.31967,1.31979,2026.06.29 07:35,1,2026.06.29 07:40,1.31994,1.31978"
1178,GBP0629-B162,1617DC1ACCE6B50ED2D1359582A70A8B8503C569623EE90C18C6B33542796207,Tester/logs/20261011.log,1470386,2026-07-07,16:10,B152PR,"KP	0	11:31:42.721	Core 04	2026.07.07 16:10:00   [SRJ-IND] B152PR sym=GBPUSD bar=2026.07.07 16:05 z1=1909,B,1.32024,1.32052,2026.06.29 08:35,1,2026.06.29 11:20,1.32088,1.32041"
1179,GBP0629-B162,1617DC1ACCE6B50ED2D1359582A70A8B8503C569623EE90C18C6B33542796207,Tester/logs/20261011.log,1470387,2026-07-07,16:10,B152PR,"NF	0	11:31:42.721	Core 04	2026.07.07 16:10:00   [SRJ-IND] B152PR sym=GBPUSD bar=2026.07.07 16:05 z1=1941,B,1.32111,1.32139,2026.06.29 14:30,1,2026.06.30 15:20,1.32223,1.32125"
1180,GBP0629-B162,1617DC1ACCE6B50ED2D1359582A70A8B8503C569623EE90C18C6B33542796207,Tester/logs/20261011.log,1470388,2026-07-07,16:10,B152PR,"FL	0	11:31:42.721	Core 04	2026.07.07 16:10:00   [SRJ-IND] B152PR sym=GBPUSD bar=2026.07.07 16:05 z1=1943,B,1.32097,1.32138,2026.06.29 13:55,1,2026.06.30 15:20,1.32223,1.32125"
1181,GBP0629-B162,1617DC1ACCE6B50ED2D1359582A70A8B8503C569623EE90C18C6B33542796207,Tester/logs/20261011.log,1470389,2026-07-07,16:10,B152PR,"KR	0	11:31:42.721	Core 04	2026.07.07 16:10:00   [SRJ-IND] B152PR sym=GBPUSD bar=2026.07.07 16:05 z1=2367,B,1.32677,1.32799,2026.07.02 03:10,1,2026.07.02 03:15,1.32801,1.32765"
1182,GBP0629-B162,1617DC1ACCE6B50ED2D1359582A70A8B8503C569623EE90C18C6B33542796207,Tester/logs/20261011.log,1470390,2026-07-07,16:10,B152PR,"RH	0	11:31:42.721	Core 04	2026.07.07 16:10:00   [SRJ-IND] B152PR sym=GBPUSD bar=2026.07.07 16:05 z1=2646,B,1.33597,1.33639,2026.07.06 18:50,1,2026.07.06 18:55,1.33678,1.33636"
1183,GBP0629-B162,1617DC1ACCE6B50ED2D1359582A70A8B8503C569623EE90C18C6B33542796207,Tester/logs/20261011.log,1470391,2026-07-07,16:10,B152PR,"NN	0	11:31:42.721	Core 04	2026.07.07 16:10:00   [SRJ-IND] B152PR sym=GBPUSD bar=2026.07.07 16:05 z1=2849,B,1.33657,1.33695,2026.07.06 19:30,1,2026.07.07 13:05,1.33770,1.33691"
1184,GBP0629-B162,1617DC1ACCE6B50ED2D1359582A70A8B8503C569623EE90C18C6B33542796207,Tester/logs/20261011.log,1470392,2026-07-07,16:10,B152PR,"IE	0	11:31:42.721	Core 04	2026.07.07 16:10:00   [SRJ-IND] B152PR sym=GBPUSD bar=2026.07.07 16:05 z1=2974,S,1.33862,1.33936,2026.07.07 12:25,1,2026.07.07 12:30,1.33881,1.33856"
1185,GBP0629-B162,1617DC1ACCE6B50ED2D1359582A70A8B8503C569623EE90C18C6B33542796207,Tester/logs/20261011.log,1470393,2026-07-07,16:10,B152PR,"PH	0	11:31:42.721	Core 04	2026.07.07 16:10:00   [SRJ-IND] B152PR sym=GBPUSD bar=2026.07.07 16:05 bull=1 bear=1 nz=12"
1186,GBP0629-B162,1617DC1ACCE6B50ED2D1359582A70A8B8503C569623EE90C18C6B33542796207,Tester/logs/20261011.log,1470394,2026-07-07,16:10,B162ORIGIN,"OD	0	11:31:42.721	Core 04	2026.07.07 16:10:00   [SRJ-IND] B162ORIGIN sym=GBPUSD bar=2026.07.07 16:05 side=B n=10 origin=2849 range=1.33657-1.33695 formT=2026.07.06 19:10 set=1582,1869,1875,1899,1909,1941,1943,2367,2646,2849"
1187,GBP0629-B162,1617DC1ACCE6B50ED2D1359582A70A8B8503C569623EE90C18C6B33542796207,Tester/logs/20261011.log,1470395,2026-07-07,16:10,B162ORIGIN,"GI	0	11:31:42.721	Core 04	2026.07.07 16:10:00   [SRJ-IND] B162ORIGIN sym=GBPUSD bar=2026.07.07 16:05 side=S n=2 origin=2974 range=1.33862-1.33936 formT=2026.07.07 11:45 set=150,2974"
1188,GBP0629-B162,1617DC1ACCE6B50ED2D1359582A70A8B8503C569623EE90C18C6B33542796207,Tester/logs/20261011.log,1470399,2026-07-07,16:10,CQDRECHECK,"OL	0	11:31:42.721	Core 04	2026.07.07 16:10:00   [SRJ-EA] CQDRECHECK shift=2 passA=-1.0 passB=-1.0 diff=0 bar=2026.07.07 16:00 state=IDLE dir=NONE divLatch=0 hit1=0 hit2=480 mism=0"
1189,GBP0629-B162,1617DC1ACCE6B50ED2D1359582A70A8B8503C569623EE90C18C6B33542796207,Tester/logs/20261011.log,1470405,2026-07-07,16:15,B152PR,"GO	0	11:31:42.721	Core 04	2026.07.07 16:15:00   [SRJ-IND] B152PR sym=GBPUSD bar=2026.07.07 16:10 z1=150,S,1.34395,1.34430,2026.06.15 11:40,1,2026.06.15 17:05,1.34420,1.34363"
1190,GBP0629-B162,1617DC1ACCE6B50ED2D1359582A70A8B8503C569623EE90C18C6B33542796207,Tester/logs/20261011.log,1470406,2026-07-07,16:15,B152PR,"JS	0	11:31:42.721	Core 04	2026.07.07 16:15:00   [SRJ-IND] B152PR sym=GBPUSD bar=2026.07.07 16:10 z1=1582,B,1.31711,1.31751,2026.06.25 15:45,1,2026.06.25 15:55,1.31818,1.31739"
1191,GBP0629-B162,1617DC1ACCE6B50ED2D1359582A70A8B8503C569623EE90C18C6B33542796207,Tester/logs/20261011.log,1470407,2026-07-07,16:15,B152PR,"FI	0	11:31:42.721	Core 04	2026.07.07 16:15:00   [SRJ-IND] B152PR sym=GBPUSD bar=2026.07.07 16:10 z1=1869,B,1.31919,1.31950,2026.06.29 02:50,1,2026.06.29 03:00,1.32000,1.31935"
1192,GBP0629-B162,1617DC1ACCE6B50ED2D1359582A70A8B8503C569623EE90C18C6B33542796207,Tester/logs/20261011.log,1470408,2026-07-07,16:15,B152PR,"GO	0	11:31:42.721	Core 04	2026.07.07 16:15:00   [SRJ-IND] B152PR sym=GBPUSD bar=2026.07.07 16:10 z1=1875,B,1.31936,1.31982,2026.06.29 05:20,1,2026.06.29 06:55,1.32014,1.31979"
1193,GBP0629-B162,1617DC1ACCE6B50ED2D1359582A70A8B8503C569623EE90C18C6B33542796207,Tester/logs/20261011.log,1470409,2026-07-07,16:15,B152PR,"IE	0	11:31:42.721	Core 04	2026.07.07 16:15:00   [SRJ-IND] B152PR sym=GBPUSD bar=2026.07.07 16:10 z1=1899,B,1.31967,1.31979,2026.06.29 07:35,1,2026.06.29 07:40,1.31994,1.31978"
1194,GBP0629-B162,1617DC1ACCE6B50ED2D1359582A70A8B8503C569623EE90C18C6B33542796207,Tester/logs/20261011.log,1470410,2026-07-07,16:15,B152PR,"LK	0	11:31:42.721	Core 04	2026.07.07 16:15:00   [SRJ-IND] B152PR sym=GBPUSD bar=2026.07.07 16:10 z1=1909,B,1.32024,1.32052,2026.06.29 08:35,1,2026.06.29 11:20,1.32088,1.32041"
1195,GBP0629-B162,1617DC1ACCE6B50ED2D1359582A70A8B8503C569623EE90C18C6B33542796207,Tester/logs/20261011.log,1470411,2026-07-07,16:15,B152PR,"MQ	0	11:31:42.721	Core 04	2026.07.07 16:15:00   [SRJ-IND] B152PR sym=GBPUSD bar=2026.07.07 16:10 z1=1941,B,1.32111,1.32139,2026.06.29 14:30,1,2026.06.30 15:20,1.32223,1.32125"
1196,GBP0629-B162,1617DC1ACCE6B50ED2D1359582A70A8B8503C569623EE90C18C6B33542796207,Tester/logs/20261011.log,1470412,2026-07-07,16:15,B152PR,"EG	0	11:31:42.721	Core 04	2026.07.07 16:15:00   [SRJ-IND] B152PR sym=GBPUSD bar=2026.07.07 16:10 z1=1943,B,1.32097,1.32138,2026.06.29 13:55,1,2026.06.30 15:20,1.32223,1.32125"
1197,GBP0629-B162,1617DC1ACCE6B50ED2D1359582A70A8B8503C569623EE90C18C6B33542796207,Tester/logs/20261011.log,1470413,2026-07-07,16:15,B152PR,"LM	0	11:31:42.721	Core 04	2026.07.07 16:15:00   [SRJ-IND] B152PR sym=GBPUSD bar=2026.07.07 16:10 z1=2367,B,1.32677,1.32799,2026.07.02 03:10,1,2026.07.02 03:15,1.32801,1.32765"
1198,GBP0629-B162,1617DC1ACCE6B50ED2D1359582A70A8B8503C569623EE90C18C6B33542796207,Tester/logs/20261011.log,1470414,2026-07-07,16:15,B152PR,"QS	0	11:31:42.721	Core 04	2026.07.07 16:15:00   [SRJ-IND] B152PR sym=GBPUSD bar=2026.07.07 16:10 z1=2646,B,1.33597,1.33639,2026.07.06 18:50,1,2026.07.06 18:55,1.33678,1.33636"
1199,GBP0629-B162,1617DC1ACCE6B50ED2D1359582A70A8B8503C569623EE90C18C6B33542796207,Tester/logs/20261011.log,1470415,2026-07-07,16:15,B152PR,"MI	0	11:31:42.721	Core 04	2026.07.07 16:15:00   [SRJ-IND] B152PR sym=GBPUSD bar=2026.07.07 16:10 z1=2849,B,1.33657,1.33695,2026.07.06 19:30,1,2026.07.07 13:05,1.33770,1.33691"
1200,GBP0629-B162,1617DC1ACCE6B50ED2D1359582A70A8B8503C569623EE90C18C6B33542796207,Tester/logs/20261011.log,1470416,2026-07-07,16:15,B152PR,"JN	0	11:31:42.721	Core 04	2026.07.07 16:15:00   [SRJ-IND] B152PR sym=GBPUSD bar=2026.07.07 16:10 z1=2974,S,1.33862,1.33936,2026.07.07 12:25,1,2026.07.07 12:30,1.33881,1.33856"
1201,GBP0629-B162,1617DC1ACCE6B50ED2D1359582A70A8B8503C569623EE90C18C6B33542796207,Tester/logs/20261011.log,1470417,2026-07-07,16:15,B152PR,"OG	0	11:31:42.721	Core 04	2026.07.07 16:15:00   [SRJ-IND] B152PR sym=GBPUSD bar=2026.07.07 16:10 bull=1 bear=1 nz=12"
1202,GBP0629-B162,1617DC1ACCE6B50ED2D1359582A70A8B8503C569623EE90C18C6B33542796207,Tester/logs/20261011.log,1470418,2026-07-07,16:15,B162ORIGIN,"PI	0	11:31:42.721	Core 04	2026.07.07 16:15:00   [SRJ-IND] B162ORIGIN sym=GBPUSD bar=2026.07.07 16:10 side=B n=10 origin=2849 range=1.33657-1.33695 formT=2026.07.06 19:10 set=1582,1869,1875,1899,1909,1941,1943,2367,2646,2849"
1203,GBP0629-B162,1617DC1ACCE6B50ED2D1359582A70A8B8503C569623EE90C18C6B33542796207,Tester/logs/20261011.log,1470419,2026-07-07,16:15,B162ORIGIN,"HL	0	11:31:42.721	Core 04	2026.07.07 16:15:00   [SRJ-IND] B162ORIGIN sym=GBPUSD bar=2026.07.07 16:10 side=S n=2 origin=2974 range=1.33862-1.33936 formT=2026.07.07 11:45 set=150,2974"
1204,GBP0629-B162,1617DC1ACCE6B50ED2D1359582A70A8B8503C569623EE90C18C6B33542796207,Tester/logs/20261011.log,1470424,2026-07-07,16:15,CQDRECHECK,"RK	0	11:31:42.721	Core 04	2026.07.07 16:15:00   [SRJ-EA] CQDRECHECK shift=2 passA=2.0 passB=2.0 diff=0 bar=2026.07.07 16:05 state=IDLE dir=NONE divLatch=0 hit1=0 hit2=481 mism=0"
1205,GBP0629-B162,1617DC1ACCE6B50ED2D1359582A70A8B8503C569623EE90C18C6B33542796207,Tester/logs/20261011.log,1470429,2026-07-07,16:20,B152PR,"DH	0	11:31:42.721	Core 04	2026.07.07 16:20:00   [SRJ-IND] B152PR sym=GBPUSD bar=2026.07.07 16:15 z1=150,S,1.34395,1.34430,2026.06.15 11:40,1,2026.06.15 17:05,1.34420,1.34363"
1206,GBP0629-B162,1617DC1ACCE6B50ED2D1359582A70A8B8503C569623EE90C18C6B33542796207,Tester/logs/20261011.log,1470430,2026-07-07,16:20,B152PR,"QP	0	11:31:42.721	Core 04	2026.07.07 16:20:00   [SRJ-IND] B152PR sym=GBPUSD bar=2026.07.07 16:15 z1=1582,B,1.31711,1.31751,2026.06.25 15:45,1,2026.06.25 15:55,1.31818,1.31739"
1207,GBP0629-B162,1617DC1ACCE6B50ED2D1359582A70A8B8503C569623EE90C18C6B33542796207,Tester/logs/20261011.log,1470431,2026-07-07,16:20,B152PR,"MF	0	11:31:42.721	Core 04	2026.07.07 16:20:00   [SRJ-IND] B152PR sym=GBPUSD bar=2026.07.07 16:15 z1=1869,B,1.31919,1.31950,2026.06.29 02:50,1,2026.06.29 03:00,1.32000,1.31935"
1208,GBP0629-B162,1617DC1ACCE6B50ED2D1359582A70A8B8503C569623EE90C18C6B33542796207,Tester/logs/20261011.log,1470432,2026-07-07,16:20,B152PR,"PL	0	11:31:42.721	Core 04	2026.07.07 16:20:00   [SRJ-IND] B152PR sym=GBPUSD bar=2026.07.07 16:15 z1=1875,B,1.31936,1.31982,2026.06.29 05:20,1,2026.06.29 06:55,1.32014,1.31979"
1209,GBP0629-B162,1617DC1ACCE6B50ED2D1359582A70A8B8503C569623EE90C18C6B33542796207,Tester/logs/20261011.log,1470433,2026-07-07,16:20,B152PR,"RR	0	11:31:42.721	Core 04	2026.07.07 16:20:00   [SRJ-IND] B152PR sym=GBPUSD bar=2026.07.07 16:15 z1=1899,B,1.31967,1.31979,2026.06.29 07:35,1,2026.06.29 07:40,1.31994,1.31978"
1210,GBP0629-B162,1617DC1ACCE6B50ED2D1359582A70A8B8503C569623EE90C18C6B33542796207,Tester/logs/20261011.log,1470434,2026-07-07,16:20,B152PR,"CH	0	11:31:42.721	Core 04	2026.07.07 16:20:00   [SRJ-IND] B152PR sym=GBPUSD bar=2026.07.07 16:15 z1=1909,B,1.32024,1.32052,2026.06.29 08:35,1,2026.06.29 11:20,1.32088,1.32041"
1211,GBP0629-B162,1617DC1ACCE6B50ED2D1359582A70A8B8503C569623EE90C18C6B33542796207,Tester/logs/20261011.log,1470435,2026-07-07,16:20,B152PR,"FN	0	11:31:42.721	Core 04	2026.07.07 16:20:00   [SRJ-IND] B152PR sym=GBPUSD bar=2026.07.07 16:15 z1=1941,B,1.32111,1.32139,2026.06.29 14:30,1,2026.06.30 15:20,1.32223,1.32125"
1212,GBP0629-B162,1617DC1ACCE6B50ED2D1359582A70A8B8503C569623EE90C18C6B33542796207,Tester/logs/20261011.log,1470436,2026-07-07,16:20,B152PR,"ND	0	11:31:42.721	Core 04	2026.07.07 16:20:00   [SRJ-IND] B152PR sym=GBPUSD bar=2026.07.07 16:15 z1=1943,B,1.32097,1.32138,2026.06.29 13:55,1,2026.06.30 15:20,1.32223,1.32125"
1213,GBP0629-B162,1617DC1ACCE6B50ED2D1359582A70A8B8503C569623EE90C18C6B33542796207,Tester/logs/20261011.log,1470437,2026-07-07,16:20,B152PR,"CJ	0	11:31:42.721	Core 04	2026.07.07 16:20:00   [SRJ-IND] B152PR sym=GBPUSD bar=2026.07.07 16:15 z1=2367,B,1.32677,1.32799,2026.07.02 03:10,1,2026.07.02 03:15,1.32801,1.32765"
1214,GBP0629-B162,1617DC1ACCE6B50ED2D1359582A70A8B8503C569623EE90C18C6B33542796207,Tester/logs/20261011.log,1470438,2026-07-07,16:20,B152PR,"JP	0	11:31:42.721	Core 04	2026.07.07 16:20:00   [SRJ-IND] B152PR sym=GBPUSD bar=2026.07.07 16:15 z1=2646,B,1.33597,1.33639,2026.07.06 18:50,1,2026.07.06 18:55,1.33678,1.33636"
1215,GBP0629-B162,1617DC1ACCE6B50ED2D1359582A70A8B8503C569623EE90C18C6B33542796207,Tester/logs/20261011.log,1470439,2026-07-07,16:20,B152PR,"FF	0	11:31:42.721	Core 04	2026.07.07 16:20:00   [SRJ-IND] B152PR sym=GBPUSD bar=2026.07.07 16:15 z1=2849,B,1.33657,1.33695,2026.07.06 19:30,1,2026.07.07 13:05,1.33770,1.33691"
1216,GBP0629-B162,1617DC1ACCE6B50ED2D1359582A70A8B8503C569623EE90C18C6B33542796207,Tester/logs/20261011.log,1470440,2026-07-07,16:20,B152PR,"QM	0	11:31:42.721	Core 04	2026.07.07 16:20:00   [SRJ-IND] B152PR sym=GBPUSD bar=2026.07.07 16:15 z1=2974,S,1.33862,1.33936,2026.07.07 12:25,1,2026.07.07 12:30,1.33881,1.33856"
1217,GBP0629-B162,1617DC1ACCE6B50ED2D1359582A70A8B8503C569623EE90C18C6B33542796207,Tester/logs/20261011.log,1470441,2026-07-07,16:20,B152PR,"HP	0	11:31:42.721	Core 04	2026.07.07 16:20:00   [SRJ-IND] B152PR sym=GBPUSD bar=2026.07.07 16:15 bull=1 bear=1 nz=12"
1218,GBP0629-B162,1617DC1ACCE6B50ED2D1359582A70A8B8503C569623EE90C18C6B33542796207,Tester/logs/20261011.log,1470442,2026-07-07,16:20,B162ORIGIN,"GL	0	11:31:42.721	Core 04	2026.07.07 16:20:00   [SRJ-IND] B162ORIGIN sym=GBPUSD bar=2026.07.07 16:15 side=B n=10 origin=2849 range=1.33657-1.33695 formT=2026.07.06 19:10 set=1582,1869,1875,1899,1909,1941,1943,2367,2646,2849"
1219,GBP0629-B162,1617DC1ACCE6B50ED2D1359582A70A8B8503C569623EE90C18C6B33542796207,Tester/logs/20261011.log,1470443,2026-07-07,16:20,B162ORIGIN,"KQ	0	11:31:42.721	Core 04	2026.07.07 16:20:00   [SRJ-IND] B162ORIGIN sym=GBPUSD bar=2026.07.07 16:15 side=S n=2 origin=2974 range=1.33862-1.33936 formT=2026.07.07 11:45 set=150,2974"
1220,GBP0629-B162,1617DC1ACCE6B50ED2D1359582A70A8B8503C569623EE90C18C6B33542796207,Tester/logs/20261011.log,1470452,2026-07-07,16:25,B152PR,"CI	0	11:31:42.721	Core 04	2026.07.07 16:25:00   [SRJ-IND] B152PR sym=GBPUSD bar=2026.07.07 16:20 z1=150,S,1.34395,1.34430,2026.06.15 11:40,1,2026.06.15 17:05,1.34420,1.34363"
1221,GBP0629-B162,1617DC1ACCE6B50ED2D1359582A70A8B8503C569623EE90C18C6B33542796207,Tester/logs/20261011.log,1470453,2026-07-07,16:25,B152PR,"NQ	0	11:31:42.721	Core 04	2026.07.07 16:25:00   [SRJ-IND] B152PR sym=GBPUSD bar=2026.07.07 16:20 z1=1582,B,1.31711,1.31751,2026.06.25 15:45,1,2026.06.25 15:55,1.31818,1.31739"
1222,GBP0629-B162,1617DC1ACCE6B50ED2D1359582A70A8B8503C569623EE90C18C6B33542796207,Tester/logs/20261011.log,1470454,2026-07-07,16:25,B152PR,"RG	0	11:31:42.721	Core 04	2026.07.07 16:25:00   [SRJ-IND] B152PR sym=GBPUSD bar=2026.07.07 16:20 z1=1869,B,1.31919,1.31950,2026.06.29 02:50,1,2026.06.29 03:00,1.32000,1.31935"
1223,GBP0629-B162,1617DC1ACCE6B50ED2D1359582A70A8B8503C569623EE90C18C6B33542796207,Tester/logs/20261011.log,1470455,2026-07-07,16:25,B152PR,"KM	0	11:31:42.721	Core 04	2026.07.07 16:25:00   [SRJ-IND] B152PR sym=GBPUSD bar=2026.07.07 16:20 z1=1875,B,1.31936,1.31982,2026.06.29 05:20,1,2026.06.29 06:55,1.32014,1.31979"
1224,GBP0629-B162,1617DC1ACCE6B50ED2D1359582A70A8B8503C569623EE90C18C6B33542796207,Tester/logs/20261011.log,1470456,2026-07-07,16:25,B152PR,"MS	0	11:31:42.721	Core 04	2026.07.07 16:25:00   [SRJ-IND] B152PR sym=GBPUSD bar=2026.07.07 16:20 z1=1899,B,1.31967,1.31979,2026.06.29 07:35,1,2026.06.29 07:40,1.31994,1.31978"
1225,GBP0629-B162,1617DC1ACCE6B50ED2D1359582A70A8B8503C569623EE90C18C6B33542796207,Tester/logs/20261011.log,1470457,2026-07-07,16:25,B152PR,"HI	0	11:31:42.721	Core 04	2026.07.07 16:25:00   [SRJ-IND] B152PR sym=GBPUSD bar=2026.07.07 16:20 z1=1909,B,1.32024,1.32052,2026.06.29 08:35,1,2026.06.29 11:20,1.32088,1.32041"
1226,GBP0629-B162,1617DC1ACCE6B50ED2D1359582A70A8B8503C569623EE90C18C6B33542796207,Tester/logs/20261011.log,1470458,2026-07-07,16:25,B152PR,"IO	0	11:31:42.721	Core 04	2026.07.07 16:25:00   [SRJ-IND] B152PR sym=GBPUSD bar=2026.07.07 16:20 z1=1941,B,1.32111,1.32139,2026.06.29 14:30,1,2026.06.30 15:20,1.32223,1.32125"
1227,GBP0629-B162,1617DC1ACCE6B50ED2D1359582A70A8B8503C569623EE90C18C6B33542796207,Tester/logs/20261011.log,1470459,2026-07-07,16:25,B152PR,"QE	0	11:31:42.721	Core 04	2026.07.07 16:25:00   [SRJ-IND] B152PR sym=GBPUSD bar=2026.07.07 16:20 z1=1943,B,1.32097,1.32138,2026.06.29 13:55,1,2026.06.30 15:20,1.32223,1.32125"
1228,GBP0629-B162,1617DC1ACCE6B50ED2D1359582A70A8B8503C569623EE90C18C6B33542796207,Tester/logs/20261011.log,1470460,2026-07-07,16:25,B152PR,"HK	0	11:31:42.721	Core 04	2026.07.07 16:25:00   [SRJ-IND] B152PR sym=GBPUSD bar=2026.07.07 16:20 z1=2367,B,1.32677,1.32799,2026.07.02 03:10,1,2026.07.02 03:15,1.32801,1.32765"
1229,GBP0629-B162,1617DC1ACCE6B50ED2D1359582A70A8B8503C569623EE90C18C6B33542796207,Tester/logs/20261011.log,1470461,2026-07-07,16:25,B152PR,"EQ	0	11:31:42.721	Core 04	2026.07.07 16:25:00   [SRJ-IND] B152PR sym=GBPUSD bar=2026.07.07 16:20 z1=2646,B,1.33597,1.33639,2026.07.06 18:50,1,2026.07.06 18:55,1.33678,1.33636"
1230,GBP0629-B162,1617DC1ACCE6B50ED2D1359582A70A8B8503C569623EE90C18C6B33542796207,Tester/logs/20261011.log,1470462,2026-07-07,16:25,B152PR,"IG	0	11:31:42.721	Core 04	2026.07.07 16:25:00   [SRJ-IND] B152PR sym=GBPUSD bar=2026.07.07 16:20 z1=2849,B,1.33657,1.33695,2026.07.06 19:30,1,2026.07.07 13:05,1.33770,1.33691"
1231,GBP0629-B162,1617DC1ACCE6B50ED2D1359582A70A8B8503C569623EE90C18C6B33542796207,Tester/logs/20261011.log,1470463,2026-07-07,16:25,B152PR,"NL	0	11:31:42.721	Core 04	2026.07.07 16:25:00   [SRJ-IND] B152PR sym=GBPUSD bar=2026.07.07 16:20 z1=2974,S,1.33862,1.33936,2026.07.07 12:25,1,2026.07.07 12:30,1.33881,1.33856"
1232,GBP0629-B162,1617DC1ACCE6B50ED2D1359582A70A8B8503C569623EE90C18C6B33542796207,Tester/logs/20261011.log,1470464,2026-07-07,16:25,B152PR,"CQ	0	11:31:42.721	Core 04	2026.07.07 16:25:00   [SRJ-IND] B152PR sym=GBPUSD bar=2026.07.07 16:20 bull=1 bear=1 nz=12"
1233,GBP0629-B162,1617DC1ACCE6B50ED2D1359582A70A8B8503C569623EE90C18C6B33542796207,Tester/logs/20261011.log,1470465,2026-07-07,16:25,B162ORIGIN,"LO	0	11:31:42.721	Core 04	2026.07.07 16:25:00   [SRJ-IND] B162ORIGIN sym=GBPUSD bar=2026.07.07 16:20 side=B n=10 origin=2849 range=1.33657-1.33695 formT=2026.07.06 19:10 set=1582,1869,1875,1899,1909,1941,1943,2367,2646,2849"
1234,GBP0629-B162,1617DC1ACCE6B50ED2D1359582A70A8B8503C569623EE90C18C6B33542796207,Tester/logs/20261011.log,1470466,2026-07-07,16:25,B162ORIGIN,"LR	0	11:31:42.721	Core 04	2026.07.07 16:25:00   [SRJ-IND] B162ORIGIN sym=GBPUSD bar=2026.07.07 16:20 side=S n=2 origin=2974 range=1.33862-1.33936 formT=2026.07.07 11:45 set=150,2974"
1235,GBP0629-B162,1617DC1ACCE6B50ED2D1359582A70A8B8503C569623EE90C18C6B33542796207,Tester/logs/20261011.log,1470470,2026-07-07,16:25,CQDRECHECK,"CE	0	11:31:42.721	Core 04	2026.07.07 16:25:00   [SRJ-EA] CQDRECHECK shift=2 passA=-1.0 passB=-1.0 diff=0 bar=2026.07.07 16:15 state=IDLE dir=NONE divLatch=0 hit1=0 hit2=482 mism=0"
1236,GBP0629-B162,1617DC1ACCE6B50ED2D1359582A70A8B8503C569623EE90C18C6B33542796207,Tester/logs/20261011.log,1470475,2026-07-07,16:30,B152PR,"HK	0	11:31:42.721	Core 04	2026.07.07 16:30:00   [SRJ-IND] B152PR sym=GBPUSD bar=2026.07.07 16:25 z1=150,S,1.34395,1.34430,2026.06.15 11:40,1,2026.06.15 17:05,1.34420,1.34363"
1237,GBP0629-B162,1617DC1ACCE6B50ED2D1359582A70A8B8503C569623EE90C18C6B33542796207,Tester/logs/20261011.log,1470476,2026-07-07,16:30,B152PR,"IO	0	11:31:42.721	Core 04	2026.07.07 16:30:00   [SRJ-IND] B152PR sym=GBPUSD bar=2026.07.07 16:25 z1=1582,B,1.31711,1.31751,2026.06.25 15:45,1,2026.06.25 15:55,1.31818,1.31739"
1238,GBP0629-B162,1617DC1ACCE6B50ED2D1359582A70A8B8503C569623EE90C18C6B33542796207,Tester/logs/20261011.log,1470477,2026-07-07,16:30,B152PR,"EE	0	11:31:42.721	Core 04	2026.07.07 16:30:00   [SRJ-IND] B152PR sym=GBPUSD bar=2026.07.07 16:25 z1=1869,B,1.31919,1.31950,2026.06.29 02:50,1,2026.06.29 03:00,1.32000,1.31935"
1239,GBP0629-B162,1617DC1ACCE6B50ED2D1359582A70A8B8503C569623EE90C18C6B33542796207,Tester/logs/20261011.log,1470478,2026-07-07,16:30,B152PR,"HK	0	11:31:42.721	Core 04	2026.07.07 16:30:00   [SRJ-IND] B152PR sym=GBPUSD bar=2026.07.07 16:25 z1=1875,B,1.31936,1.31982,2026.06.29 05:20,1,2026.06.29 06:55,1.32014,1.31979"
1240,GBP0629-B162,1617DC1ACCE6B50ED2D1359582A70A8B8503C569623EE90C18C6B33542796207,Tester/logs/20261011.log,1470479,2026-07-07,16:30,B152PR,"JQ	0	11:31:42.721	Core 04	2026.07.07 16:30:00   [SRJ-IND] B152PR sym=GBPUSD bar=2026.07.07 16:25 z1=1899,B,1.31967,1.31979,2026.06.29 07:35,1,2026.06.29 07:40,1.31994,1.31978"
1241,GBP0629-B162,1617DC1ACCE6B50ED2D1359582A70A8B8503C569623EE90C18C6B33542796207,Tester/logs/20261011.log,1470480,2026-07-07,16:30,B152PR,"KG	0	11:31:42.721	Core 04	2026.07.07 16:30:00   [SRJ-IND] B152PR sym=GBPUSD bar=2026.07.07 16:25 z1=1909,B,1.32024,1.32052,2026.06.29 08:35,1,2026.06.29 11:20,1.32088,1.32041"
1242,GBP0629-B162,1617DC1ACCE6B50ED2D1359582A70A8B8503C569623EE90C18C6B33542796207,Tester/logs/20261011.log,1470481,2026-07-07,16:30,B152PR,"NM	0	11:31:42.721	Core 04	2026.07.07 16:30:00   [SRJ-IND] B152PR sym=GBPUSD bar=2026.07.07 16:25 z1=1941,B,1.32111,1.32139,2026.06.29 14:30,1,2026.06.30 15:20,1.32223,1.32125"
1243,GBP0629-B162,1617DC1ACCE6B50ED2D1359582A70A8B8503C569623EE90C18C6B33542796207,Tester/logs/20261011.log,1470482,2026-07-07,16:30,B152PR,"FS	0	11:31:42.721	Core 04	2026.07.07 16:30:00   [SRJ-IND] B152PR sym=GBPUSD bar=2026.07.07 16:25 z1=1943,B,1.32097,1.32138,2026.06.29 13:55,1,2026.06.30 15:20,1.32223,1.32125"
1244,GBP0629-B162,1617DC1ACCE6B50ED2D1359582A70A8B8503C569623EE90C18C6B33542796207,Tester/logs/20261011.log,1470483,2026-07-07,16:30,B152PR,"KI	0	11:31:42.721	Core 04	2026.07.07 16:30:00   [SRJ-IND] B152PR sym=GBPUSD bar=2026.07.07 16:25 z1=2367,B,1.32677,1.32799,2026.07.02 03:10,1,2026.07.02 03:15,1.32801,1.32765"
1245,GBP0629-B162,1617DC1ACCE6B50ED2D1359582A70A8B8503C569623EE90C18C6B33542796207,Tester/logs/20261011.log,1470484,2026-07-07,16:30,B152PR,"RO	0	11:31:42.721	Core 04	2026.07.07 16:30:00   [SRJ-IND] B152PR sym=GBPUSD bar=2026.07.07 16:25 z1=2646,B,1.33597,1.33639,2026.07.06 18:50,1,2026.07.06 18:55,1.33678,1.33636"
1246,GBP0629-B162,1617DC1ACCE6B50ED2D1359582A70A8B8503C569623EE90C18C6B33542796207,Tester/logs/20261011.log,1470485,2026-07-07,16:30,B152PR,"NE	0	11:31:42.721	Core 04	2026.07.07 16:30:00   [SRJ-IND] B152PR sym=GBPUSD bar=2026.07.07 16:25 z1=2849,B,1.33657,1.33695,2026.07.06 19:30,1,2026.07.07 13:05,1.33770,1.33691"
1247,GBP0629-B162,1617DC1ACCE6B50ED2D1359582A70A8B8503C569623EE90C18C6B33542796207,Tester/logs/20261011.log,1470486,2026-07-07,16:30,B152PR,"IJ	0	11:31:42.721	Core 04	2026.07.07 16:30:00   [SRJ-IND] B152PR sym=GBPUSD bar=2026.07.07 16:25 z1=2974,S,1.33862,1.33936,2026.07.07 12:25,1,2026.07.07 12:30,1.33881,1.33856"
1248,GBP0629-B162,1617DC1ACCE6B50ED2D1359582A70A8B8503C569623EE90C18C6B33542796207,Tester/logs/20261011.log,1470487,2026-07-07,16:30,B152PR,"PS	0	11:31:42.721	Core 04	2026.07.07 16:30:00   [SRJ-IND] B152PR sym=GBPUSD bar=2026.07.07 16:25 bull=1 bear=1 nz=12"
1249,GBP0629-B162,1617DC1ACCE6B50ED2D1359582A70A8B8503C569623EE90C18C6B33542796207,Tester/logs/20261011.log,1470488,2026-07-07,16:30,B162ORIGIN,"OM	0	11:31:42.721	Core 04	2026.07.07 16:30:00   [SRJ-IND] B162ORIGIN sym=GBPUSD bar=2026.07.07 16:25 side=B n=10 origin=2849 range=1.33657-1.33695 formT=2026.07.06 19:10 set=1582,1869,1875,1899,1909,1941,1943,2367,2646,2849"
1250,GBP0629-B162,1617DC1ACCE6B50ED2D1359582A70A8B8503C569623EE90C18C6B33542796207,Tester/logs/20261011.log,1470489,2026-07-07,16:30,B162ORIGIN,"GP	0	11:31:42.721	Core 04	2026.07.07 16:30:00   [SRJ-IND] B162ORIGIN sym=GBPUSD bar=2026.07.07 16:25 side=S n=2 origin=2974 range=1.33862-1.33936 formT=2026.07.07 11:45 set=150,2974"
1251,GBP0629-B162,1617DC1ACCE6B50ED2D1359582A70A8B8503C569623EE90C18C6B33542796207,Tester/logs/20261011.log,1470497,2026-07-07,16:35,B152PR,"OS	0	11:31:42.721	Core 04	2026.07.07 16:35:00   [SRJ-IND] B152PR sym=GBPUSD bar=2026.07.07 16:30 z1=150,S,1.34395,1.34430,2026.06.15 11:40,1,2026.06.15 17:05,1.34420,1.34363"
1252,GBP0629-B162,1617DC1ACCE6B50ED2D1359582A70A8B8503C569623EE90C18C6B33542796207,Tester/logs/20261011.log,1470498,2026-07-07,16:35,B152PR,"RF	0	11:31:42.721	Core 04	2026.07.07 16:35:00   [SRJ-IND] B152PR sym=GBPUSD bar=2026.07.07 16:30 z1=1582,B,1.31711,1.31751,2026.06.25 15:45,1,2026.06.25 15:55,1.31818,1.31739"
1253,GBP0629-B162,1617DC1ACCE6B50ED2D1359582A70A8B8503C569623EE90C18C6B33542796207,Tester/logs/20261011.log,1470499,2026-07-07,16:35,B152PR,"NL	0	11:31:42.721	Core 04	2026.07.07 16:35:00   [SRJ-IND] B152PR sym=GBPUSD bar=2026.07.07 16:30 z1=1869,B,1.31919,1.31950,2026.06.29 02:50,1,2026.06.29 03:00,1.32000,1.31935"
1254,GBP0629-B162,1617DC1ACCE6B50ED2D1359582A70A8B8503C569623EE90C18C6B33542796207,Tester/logs/20261011.log,1470500,2026-07-07,16:35,B152PR,"OR	0	11:31:42.721	Core 04	2026.07.07 16:35:00   [SRJ-IND] B152PR sym=GBPUSD bar=2026.07.07 16:30 z1=1875,B,1.31936,1.31982,2026.06.29 05:20,1,2026.06.29 06:55,1.32014,1.31979"
1255,GBP0629-B162,1617DC1ACCE6B50ED2D1359582A70A8B8503C569623EE90C18C6B33542796207,Tester/logs/20261011.log,1470501,2026-07-07,16:35,B152PR,"QH	0	11:31:42.721	Core 04	2026.07.07 16:35:00   [SRJ-IND] B152PR sym=GBPUSD bar=2026.07.07 16:30 z1=1899,B,1.31967,1.31979,2026.06.29 07:35,1,2026.06.29 07:40,1.31994,1.31978"
1256,GBP0629-B162,1617DC1ACCE6B50ED2D1359582A70A8B8503C569623EE90C18C6B33542796207,Tester/logs/20261011.log,1470502,2026-07-07,16:35,B152PR,"DN	0	11:31:42.721	Core 04	2026.07.07 16:35:00   [SRJ-IND] B152PR sym=GBPUSD bar=2026.07.07 16:30 z1=1909,B,1.32024,1.32052,2026.06.29 08:35,1,2026.06.29 11:20,1.32088,1.32041"
1257,GBP0629-B162,1617DC1ACCE6B50ED2D1359582A70A8B8503C569623EE90C18C6B33542796207,Tester/logs/20261011.log,1470503,2026-07-07,16:35,B152PR,"ED	0	11:31:42.721	Core 04	2026.07.07 16:35:00   [SRJ-IND] B152PR sym=GBPUSD bar=2026.07.07 16:30 z1=1941,B,1.32111,1.32139,2026.06.29 14:30,1,2026.06.30 15:20,1.32223,1.32125"
1258,GBP0629-B162,1617DC1ACCE6B50ED2D1359582A70A8B8503C569623EE90C18C6B33542796207,Tester/logs/20261011.log,1470504,2026-07-07,16:35,B152PR,"MJ	0	11:31:42.721	Core 04	2026.07.07 16:35:00   [SRJ-IND] B152PR sym=GBPUSD bar=2026.07.07 16:30 z1=1943,B,1.32097,1.32138,2026.06.29 13:55,1,2026.06.30 15:20,1.32223,1.32125"
1259,GBP0629-B162,1617DC1ACCE6B50ED2D1359582A70A8B8503C569623EE90C18C6B33542796207,Tester/logs/20261011.log,1470505,2026-07-07,16:35,B152PR,"DP	0	11:31:42.721	Core 04	2026.07.07 16:35:00   [SRJ-IND] B152PR sym=GBPUSD bar=2026.07.07 16:30 z1=2367,B,1.32677,1.32799,2026.07.02 03:10,1,2026.07.02 03:15,1.32801,1.32765"
1260,GBP0629-B162,1617DC1ACCE6B50ED2D1359582A70A8B8503C569623EE90C18C6B33542796207,Tester/logs/20261011.log,1470506,2026-07-07,16:35,B152PR,"IF	0	11:31:42.721	Core 04	2026.07.07 16:35:00   [SRJ-IND] B152PR sym=GBPUSD bar=2026.07.07 16:30 z1=2646,B,1.33597,1.33639,2026.07.06 18:50,1,2026.07.06 18:55,1.33678,1.33636"
1261,GBP0629-B162,1617DC1ACCE6B50ED2D1359582A70A8B8503C569623EE90C18C6B33542796207,Tester/logs/20261011.log,1470507,2026-07-07,16:35,B152PR,"EL	0	11:31:42.721	Core 04	2026.07.07 16:35:00   [SRJ-IND] B152PR sym=GBPUSD bar=2026.07.07 16:30 z1=2849,B,1.33657,1.33695,2026.07.06 19:30,1,2026.07.07 13:05,1.33770,1.33691"
1262,GBP0629-B162,1617DC1ACCE6B50ED2D1359582A70A8B8503C569623EE90C18C6B33542796207,Tester/logs/20261011.log,1470508,2026-07-07,16:35,B152PR,"RS	0	11:31:42.721	Core 04	2026.07.07 16:35:00   [SRJ-IND] B152PR sym=GBPUSD bar=2026.07.07 16:30 z1=2974,S,1.33862,1.33936,2026.07.07 12:25,1,2026.07.07 12:30,1.33881,1.33856"
1263,GBP0629-B162,1617DC1ACCE6B50ED2D1359582A70A8B8503C569623EE90C18C6B33542796207,Tester/logs/20261011.log,1470509,2026-07-07,16:35,B152PR,"GJ	0	11:31:42.721	Core 04	2026.07.07 16:35:00   [SRJ-IND] B152PR sym=GBPUSD bar=2026.07.07 16:30 bull=1 bear=1 nz=12"
1264,GBP0629-B162,1617DC1ACCE6B50ED2D1359582A70A8B8503C569623EE90C18C6B33542796207,Tester/logs/20261011.log,1470510,2026-07-07,16:35,B162ORIGIN,"HJ	0	11:31:42.721	Core 04	2026.07.07 16:35:00   [SRJ-IND] B162ORIGIN sym=GBPUSD bar=2026.07.07 16:30 side=B n=10 origin=2849 range=1.33657-1.33695 formT=2026.07.06 19:10 set=1582,1869,1875,1899,1909,1941,1943,2367,2646,2849"
1265,GBP0629-B162,1617DC1ACCE6B50ED2D1359582A70A8B8503C569623EE90C18C6B33542796207,Tester/logs/20261011.log,1470511,2026-07-07,16:35,B162ORIGIN,"PO	0	11:31:42.721	Core 04	2026.07.07 16:35:00   [SRJ-IND] B162ORIGIN sym=GBPUSD bar=2026.07.07 16:30 side=S n=2 origin=2974 range=1.33862-1.33936 formT=2026.07.07 11:45 set=150,2974"
1266,GBP0629-B162,1617DC1ACCE6B50ED2D1359582A70A8B8503C569623EE90C18C6B33542796207,Tester/logs/20261011.log,1470515,2026-07-07,16:35,CQDRECHECK,"FN	0	11:31:42.721	Core 04	2026.07.07 16:35:00   [SRJ-EA] CQDRECHECK shift=2 passA=2.0 passB=2.0 diff=0 bar=2026.07.07 16:25 state=IDLE dir=NONE divLatch=0 hit1=0 hit2=483 mism=0"
1267,GBP0629-B162,1617DC1ACCE6B50ED2D1359582A70A8B8503C569623EE90C18C6B33542796207,Tester/logs/20261011.log,1470523,2026-07-07,16:40,B152PR,"FG	0	11:31:42.721	Core 04	2026.07.07 16:40:00   [SRJ-IND] B152PR sym=GBPUSD bar=2026.07.07 16:35 z1=150,S,1.34395,1.34430,2026.06.15 11:40,1,2026.06.15 17:05,1.34420,1.34363"
1268,GBP0629-B162,1617DC1ACCE6B50ED2D1359582A70A8B8503C569623EE90C18C6B33542796207,Tester/logs/20261011.log,1470524,2026-07-07,16:40,B152PR,"CK	0	11:31:42.721	Core 04	2026.07.07 16:40:00   [SRJ-IND] B152PR sym=GBPUSD bar=2026.07.07 16:35 z1=1582,B,1.31711,1.31751,2026.06.25 15:45,1,2026.06.25 15:55,1.31818,1.31739"
1269,GBP0629-B162,1617DC1ACCE6B50ED2D1359582A70A8B8503C569623EE90C18C6B33542796207,Tester/logs/20261011.log,1470525,2026-07-07,16:40,B152PR,"GQ	0	11:31:42.721	Core 04	2026.07.07 16:40:00   [SRJ-IND] B152PR sym=GBPUSD bar=2026.07.07 16:35 z1=1869,B,1.31919,1.31950,2026.06.29 02:50,1,2026.06.29 03:00,1.32000,1.31935"
1270,GBP0629-B162,1617DC1ACCE6B50ED2D1359582A70A8B8503C569623EE90C18C6B33542796207,Tester/logs/20261011.log,1470526,2026-07-07,16:40,B152PR,"FG	0	11:31:42.721	Core 04	2026.07.07 16:40:00   [SRJ-IND] B152PR sym=GBPUSD bar=2026.07.07 16:35 z1=1875,B,1.31936,1.31982,2026.06.29 05:20,1,2026.06.29 06:55,1.32014,1.31979"
1271,GBP0629-B162,1617DC1ACCE6B50ED2D1359582A70A8B8503C569623EE90C18C6B33542796207,Tester/logs/20261011.log,1470527,2026-07-07,16:40,B152PR,"DM	0	11:31:42.721	Core 04	2026.07.07 16:40:00   [SRJ-IND] B152PR sym=GBPUSD bar=2026.07.07 16:35 z1=1899,B,1.31967,1.31979,2026.06.29 07:35,1,2026.06.29 07:40,1.31994,1.31978"
1272,GBP0629-B162,1617DC1ACCE6B50ED2D1359582A70A8B8503C569623EE90C18C6B33542796207,Tester/logs/20261011.log,1470528,2026-07-07,16:40,B152PR,"QS	0	11:31:42.721	Core 04	2026.07.07 16:40:00   [SRJ-IND] B152PR sym=GBPUSD bar=2026.07.07 16:35 z1=1909,B,1.32024,1.32052,2026.06.29 08:35,1,2026.06.29 11:20,1.32088,1.32041"
1273,GBP0629-B162,1617DC1ACCE6B50ED2D1359582A70A8B8503C569623EE90C18C6B33542796207,Tester/logs/20261011.log,1470529,2026-07-07,16:40,B152PR,"PI	0	11:31:42.721	Core 04	2026.07.07 16:40:00   [SRJ-IND] B152PR sym=GBPUSD bar=2026.07.07 16:35 z1=1941,B,1.32111,1.32139,2026.06.29 14:30,1,2026.06.30 15:20,1.32223,1.32125"
1274,GBP0629-B162,1617DC1ACCE6B50ED2D1359582A70A8B8503C569623EE90C18C6B33542796207,Tester/logs/20261011.log,1470530,2026-07-07,16:40,B152PR,"HO	0	11:31:42.721	Core 04	2026.07.07 16:40:00   [SRJ-IND] B152PR sym=GBPUSD bar=2026.07.07 16:35 z1=1943,B,1.32097,1.32138,2026.06.29 13:55,1,2026.06.30 15:20,1.32223,1.32125"
1275,GBP0629-B162,1617DC1ACCE6B50ED2D1359582A70A8B8503C569623EE90C18C6B33542796207,Tester/logs/20261011.log,1470531,2026-07-07,16:40,B152PR,"QE	0	11:31:42.721	Core 04	2026.07.07 16:40:00   [SRJ-IND] B152PR sym=GBPUSD bar=2026.07.07 16:35 z1=2367,B,1.32677,1.32799,2026.07.02 03:10,1,2026.07.02 03:15,1.32801,1.32765"
1276,GBP0629-B162,1617DC1ACCE6B50ED2D1359582A70A8B8503C569623EE90C18C6B33542796207,Tester/logs/20261011.log,1470532,2026-07-07,16:40,B152PR,"LK	0	11:31:42.721	Core 04	2026.07.07 16:40:00   [SRJ-IND] B152PR sym=GBPUSD bar=2026.07.07 16:35 z1=2646,B,1.33597,1.33639,2026.07.06 18:50,1,2026.07.06 18:55,1.33678,1.33636"
1277,GBP0629-B162,1617DC1ACCE6B50ED2D1359582A70A8B8503C569623EE90C18C6B33542796207,Tester/logs/20261011.log,1470533,2026-07-07,16:40,B152PR,"PQ	0	11:31:42.721	Core 04	2026.07.07 16:40:00   [SRJ-IND] B152PR sym=GBPUSD bar=2026.07.07 16:35 z1=2849,B,1.33657,1.33695,2026.07.06 19:30,1,2026.07.07 13:05,1.33770,1.33691"
1278,GBP0629-B162,1617DC1ACCE6B50ED2D1359582A70A8B8503C569623EE90C18C6B33542796207,Tester/logs/20261011.log,1470534,2026-07-07,16:40,B152PR,"CF	0	11:31:42.721	Core 04	2026.07.07 16:40:00   [SRJ-IND] B152PR sym=GBPUSD bar=2026.07.07 16:35 z1=2974,S,1.33862,1.33936,2026.07.07 12:25,1,2026.07.07 12:30,1.33881,1.33856"
1279,GBP0629-B162,1617DC1ACCE6B50ED2D1359582A70A8B8503C569623EE90C18C6B33542796207,Tester/logs/20261011.log,1470535,2026-07-07,16:40,B152PR,"NO	0	11:31:42.721	Core 04	2026.07.07 16:40:00   [SRJ-IND] B152PR sym=GBPUSD bar=2026.07.07 16:35 bull=1 bear=1 nz=12"
1280,GBP0629-B162,1617DC1ACCE6B50ED2D1359582A70A8B8503C569623EE90C18C6B33542796207,Tester/logs/20261011.log,1470536,2026-07-07,16:40,B162ORIGIN,"MQ	0	11:31:42.721	Core 04	2026.07.07 16:40:00   [SRJ-IND] B162ORIGIN sym=GBPUSD bar=2026.07.07 16:35 side=B n=10 origin=2849 range=1.33657-1.33695 formT=2026.07.06 19:10 set=1582,1869,1875,1899,1909,1941,1943,2367,2646,2849"
1281,GBP0629-B162,1617DC1ACCE6B50ED2D1359582A70A8B8503C569623EE90C18C6B33542796207,Tester/logs/20261011.log,1470537,2026-07-07,16:40,B162ORIGIN,"ED	0	11:31:42.721	Core 04	2026.07.07 16:40:00   [SRJ-IND] B162ORIGIN sym=GBPUSD bar=2026.07.07 16:35 side=S n=2 origin=2974 range=1.33862-1.33936 formT=2026.07.07 11:45 set=150,2974"
1282,GBP0629-B162,1617DC1ACCE6B50ED2D1359582A70A8B8503C569623EE90C18C6B33542796207,Tester/logs/20261011.log,1470545,2026-07-07,16:45,B152PR,"OG	0	11:31:42.721	Core 04	2026.07.07 16:45:00   [SRJ-IND] B152PR sym=GBPUSD bar=2026.07.07 16:40 z1=150,S,1.34395,1.34430,2026.06.15 11:40,1,2026.06.15 17:05,1.34420,1.34363"
1283,GBP0629-B162,1617DC1ACCE6B50ED2D1359582A70A8B8503C569623EE90C18C6B33542796207,Tester/logs/20261011.log,1470546,2026-07-07,16:45,B152PR,"RJ	0	11:31:42.721	Core 04	2026.07.07 16:45:00   [SRJ-IND] B152PR sym=GBPUSD bar=2026.07.07 16:40 z1=1582,B,1.31711,1.31751,2026.06.25 15:45,1,2026.06.25 15:55,1.31818,1.31739"
1284,GBP0629-B162,1617DC1ACCE6B50ED2D1359582A70A8B8503C569623EE90C18C6B33542796207,Tester/logs/20261011.log,1470547,2026-07-07,16:45,B152PR,"NP	0	11:31:42.721	Core 04	2026.07.07 16:45:00   [SRJ-IND] B152PR sym=GBPUSD bar=2026.07.07 16:40 z1=1869,B,1.31919,1.31950,2026.06.29 02:50,1,2026.06.29 03:00,1.32000,1.31935"
1285,GBP0629-B162,1617DC1ACCE6B50ED2D1359582A70A8B8503C569623EE90C18C6B33542796207,Tester/logs/20261011.log,1470548,2026-07-07,16:45,B152PR,"OF	0	11:31:42.721	Core 04	2026.07.07 16:45:00   [SRJ-IND] B152PR sym=GBPUSD bar=2026.07.07 16:40 z1=1875,B,1.31936,1.31982,2026.06.29 05:20,1,2026.06.29 06:55,1.32014,1.31979"
1286,GBP0629-B162,1617DC1ACCE6B50ED2D1359582A70A8B8503C569623EE90C18C6B33542796207,Tester/logs/20261011.log,1470549,2026-07-07,16:45,B152PR,"QL	0	11:31:42.721	Core 04	2026.07.07 16:45:00   [SRJ-IND] B152PR sym=GBPUSD bar=2026.07.07 16:40 z1=1899,B,1.31967,1.31979,2026.06.29 07:35,1,2026.06.29 07:40,1.31994,1.31978"
1287,GBP0629-B162,1617DC1ACCE6B50ED2D1359582A70A8B8503C569623EE90C18C6B33542796207,Tester/logs/20261011.log,1470550,2026-07-07,16:45,B152PR,"DR	0	11:31:42.721	Core 04	2026.07.07 16:45:00   [SRJ-IND] B152PR sym=GBPUSD bar=2026.07.07 16:40 z1=1909,B,1.32024,1.32052,2026.06.29 08:35,1,2026.06.29 11:20,1.32088,1.32041"
1288,GBP0629-B162,1617DC1ACCE6B50ED2D1359582A70A8B8503C569623EE90C18C6B33542796207,Tester/logs/20261011.log,1470551,2026-07-07,16:45,B152PR,"EH	0	11:31:42.721	Core 04	2026.07.07 16:45:00   [SRJ-IND] B152PR sym=GBPUSD bar=2026.07.07 16:40 z1=1941,B,1.32111,1.32139,2026.06.29 14:30,1,2026.06.30 15:20,1.32223,1.32125"
1289,GBP0629-B162,1617DC1ACCE6B50ED2D1359582A70A8B8503C569623EE90C18C6B33542796207,Tester/logs/20261011.log,1470552,2026-07-07,16:45,B152PR,"MN	0	11:31:42.721	Core 04	2026.07.07 16:45:00   [SRJ-IND] B152PR sym=GBPUSD bar=2026.07.07 16:40 z1=1943,B,1.32097,1.32138,2026.06.29 13:55,1,2026.06.30 15:20,1.32223,1.32125"
1290,GBP0629-B162,1617DC1ACCE6B50ED2D1359582A70A8B8503C569623EE90C18C6B33542796207,Tester/logs/20261011.log,1470553,2026-07-07,16:45,B152PR,"DD	0	11:31:42.721	Core 04	2026.07.07 16:45:00   [SRJ-IND] B152PR sym=GBPUSD bar=2026.07.07 16:40 z1=2367,B,1.32677,1.32799,2026.07.02 03:10,1,2026.07.02 03:15,1.32801,1.32765"
1291,GBP0629-B162,1617DC1ACCE6B50ED2D1359582A70A8B8503C569623EE90C18C6B33542796207,Tester/logs/20261011.log,1470554,2026-07-07,16:45,B152PR,"IJ	0	11:31:42.721	Core 04	2026.07.07 16:45:00   [SRJ-IND] B152PR sym=GBPUSD bar=2026.07.07 16:40 z1=2646,B,1.33597,1.33639,2026.07.06 18:50,1,2026.07.06 18:55,1.33678,1.33636"
1292,GBP0629-B162,1617DC1ACCE6B50ED2D1359582A70A8B8503C569623EE90C18C6B33542796207,Tester/logs/20261011.log,1470555,2026-07-07,16:45,B152PR,"EP	0	11:31:42.721	Core 04	2026.07.07 16:45:00   [SRJ-IND] B152PR sym=GBPUSD bar=2026.07.07 16:40 z1=2849,B,1.33657,1.33695,2026.07.06 19:30,1,2026.07.07 13:05,1.33770,1.33691"
1293,GBP0629-B162,1617DC1ACCE6B50ED2D1359582A70A8B8503C569623EE90C18C6B33542796207,Tester/logs/20261011.log,1470556,2026-07-07,16:45,B152PR,"RG	0	11:31:42.721	Core 04	2026.07.07 16:45:00   [SRJ-IND] B152PR sym=GBPUSD bar=2026.07.07 16:40 z1=2974,S,1.33862,1.33936,2026.07.07 12:25,1,2026.07.07 12:30,1.33881,1.33856"
1294,GBP0629-B162,1617DC1ACCE6B50ED2D1359582A70A8B8503C569623EE90C18C6B33542796207,Tester/logs/20261011.log,1470557,2026-07-07,16:45,B152PR,"GN	0	11:31:42.721	Core 04	2026.07.07 16:45:00   [SRJ-IND] B152PR sym=GBPUSD bar=2026.07.07 16:40 bull=1 bear=1 nz=12"
1295,GBP0629-B162,1617DC1ACCE6B50ED2D1359582A70A8B8503C569623EE90C18C6B33542796207,Tester/logs/20261011.log,1470558,2026-07-07,16:45,B162ORIGIN,"HF	0	11:31:42.721	Core 04	2026.07.07 16:45:00   [SRJ-IND] B162ORIGIN sym=GBPUSD bar=2026.07.07 16:40 side=B n=10 origin=2849 range=1.33657-1.33695 formT=2026.07.06 19:10 set=1582,1869,1875,1899,1909,1941,1943,2367,2646,2849"
1296,GBP0629-B162,1617DC1ACCE6B50ED2D1359582A70A8B8503C569623EE90C18C6B33542796207,Tester/logs/20261011.log,1470559,2026-07-07,16:45,B162ORIGIN,"PK	0	11:31:42.721	Core 04	2026.07.07 16:45:00   [SRJ-IND] B162ORIGIN sym=GBPUSD bar=2026.07.07 16:40 side=S n=2 origin=2974 range=1.33862-1.33936 formT=2026.07.07 11:45 set=150,2974"
1297,GBP0629-B162,1617DC1ACCE6B50ED2D1359582A70A8B8503C569623EE90C18C6B33542796207,Tester/logs/20261011.log,1470567,2026-07-07,16:50,B152PR,"ON	0	11:31:42.721	Core 04	2026.07.07 16:50:01   [SRJ-IND] B152PR sym=GBPUSD bar=2026.07.07 16:45 z1=150,S,1.34395,1.34430,2026.06.15 11:40,1,2026.06.15 17:05,1.34420,1.34363"
1298,GBP0629-B162,1617DC1ACCE6B50ED2D1359582A70A8B8503C569623EE90C18C6B33542796207,Tester/logs/20261011.log,1470568,2026-07-07,16:50,B152PR,"RQ	0	11:31:42.721	Core 04	2026.07.07 16:50:01   [SRJ-IND] B152PR sym=GBPUSD bar=2026.07.07 16:45 z1=1582,B,1.31711,1.31751,2026.06.25 15:45,1,2026.06.25 15:55,1.31818,1.31739"
1299,GBP0629-B162,1617DC1ACCE6B50ED2D1359582A70A8B8503C569623EE90C18C6B33542796207,Tester/logs/20261011.log,1470569,2026-07-07,16:50,B152PR,"NG	0	11:31:42.721	Core 04	2026.07.07 16:50:01   [SRJ-IND] B152PR sym=GBPUSD bar=2026.07.07 16:45 z1=1869,B,1.31919,1.31950,2026.06.29 02:50,1,2026.06.29 03:00,1.32000,1.31935"
1300,GBP0629-B162,1617DC1ACCE6B50ED2D1359582A70A8B8503C569623EE90C18C6B33542796207,Tester/logs/20261011.log,1470570,2026-07-07,16:50,B152PR,"OM	0	11:31:42.721	Core 04	2026.07.07 16:50:01   [SRJ-IND] B152PR sym=GBPUSD bar=2026.07.07 16:45 z1=1875,B,1.31936,1.31982,2026.06.29 05:20,1,2026.06.29 06:55,1.32014,1.31979"
1301,GBP0629-B162,1617DC1ACCE6B50ED2D1359582A70A8B8503C569623EE90C18C6B33542796207,Tester/logs/20261011.log,1470571,2026-07-07,16:50,B152PR,"QS	0	11:31:42.721	Core 04	2026.07.07 16:50:01   [SRJ-IND] B152PR sym=GBPUSD bar=2026.07.07 16:45 z1=1899,B,1.31967,1.31979,2026.06.29 07:35,1,2026.06.29 07:40,1.31994,1.31978"
1302,GBP0629-B162,1617DC1ACCE6B50ED2D1359582A70A8B8503C569623EE90C18C6B33542796207,Tester/logs/20261011.log,1470572,2026-07-07,16:50,B152PR,"DI	0	11:31:42.721	Core 04	2026.07.07 16:50:01   [SRJ-IND] B152PR sym=GBPUSD bar=2026.07.07 16:45 z1=1909,B,1.32024,1.32052,2026.06.29 08:35,1,2026.06.29 11:20,1.32088,1.32041"
1303,GBP0629-B162,1617DC1ACCE6B50ED2D1359582A70A8B8503C569623EE90C18C6B33542796207,Tester/logs/20261011.log,1470573,2026-07-07,16:50,B152PR,"EO	0	11:31:42.721	Core 04	2026.07.07 16:50:01   [SRJ-IND] B152PR sym=GBPUSD bar=2026.07.07 16:45 z1=1941,B,1.32111,1.32139,2026.06.29 14:30,1,2026.06.30 15:20,1.32223,1.32125"
1304,GBP0629-B162,1617DC1ACCE6B50ED2D1359582A70A8B8503C569623EE90C18C6B33542796207,Tester/logs/20261011.log,1470574,2026-07-07,16:50,B152PR,"ME	0	11:31:42.721	Core 04	2026.07.07 16:50:01   [SRJ-IND] B152PR sym=GBPUSD bar=2026.07.07 16:45 z1=1943,B,1.32097,1.32138,2026.06.29 13:55,1,2026.06.30 15:20,1.32223,1.32125"
1305,GBP0629-B162,1617DC1ACCE6B50ED2D1359582A70A8B8503C569623EE90C18C6B33542796207,Tester/logs/20261011.log,1470575,2026-07-07,16:50,B152PR,"DK	0	11:31:42.721	Core 04	2026.07.07 16:50:01   [SRJ-IND] B152PR sym=GBPUSD bar=2026.07.07 16:45 z1=2367,B,1.32677,1.32799,2026.07.02 03:10,1,2026.07.02 03:15,1.32801,1.32765"
1306,GBP0629-B162,1617DC1ACCE6B50ED2D1359582A70A8B8503C569623EE90C18C6B33542796207,Tester/logs/20261011.log,1470576,2026-07-07,16:50,B152PR,"IQ	0	11:31:42.721	Core 04	2026.07.07 16:50:01   [SRJ-IND] B152PR sym=GBPUSD bar=2026.07.07 16:45 z1=2646,B,1.33597,1.33639,2026.07.06 18:50,1,2026.07.06 18:55,1.33678,1.33636"
1307,GBP0629-B162,1617DC1ACCE6B50ED2D1359582A70A8B8503C569623EE90C18C6B33542796207,Tester/logs/20261011.log,1470577,2026-07-07,16:50,B152PR,"EG	0	11:31:42.721	Core 04	2026.07.07 16:50:01   [SRJ-IND] B152PR sym=GBPUSD bar=2026.07.07 16:45 z1=2849,B,1.33657,1.33695,2026.07.06 19:30,1,2026.07.07 13:05,1.33770,1.33691"
1308,GBP0629-B162,1617DC1ACCE6B50ED2D1359582A70A8B8503C569623EE90C18C6B33542796207,Tester/logs/20261011.log,1470578,2026-07-07,16:50,B152PR,"RL	0	11:31:42.721	Core 04	2026.07.07 16:50:01   [SRJ-IND] B152PR sym=GBPUSD bar=2026.07.07 16:45 z1=2974,S,1.33862,1.33936,2026.07.07 12:25,1,2026.07.07 12:30,1.33881,1.33856"
1309,GBP0629-B162,1617DC1ACCE6B50ED2D1359582A70A8B8503C569623EE90C18C6B33542796207,Tester/logs/20261011.log,1470579,2026-07-07,16:50,B152PR,"GQ	0	11:31:42.721	Core 04	2026.07.07 16:50:01   [SRJ-IND] B152PR sym=GBPUSD bar=2026.07.07 16:45 bull=1 bear=1 nz=12"
1310,GBP0629-B162,1617DC1ACCE6B50ED2D1359582A70A8B8503C569623EE90C18C6B33542796207,Tester/logs/20261011.log,1470580,2026-07-07,16:50,B162ORIGIN,"HO	0	11:31:42.721	Core 04	2026.07.07 16:50:01   [SRJ-IND] B162ORIGIN sym=GBPUSD bar=2026.07.07 16:45 side=B n=10 origin=2849 range=1.33657-1.33695 formT=2026.07.06 19:10 set=1582,1869,1875,1899,1909,1941,1943,2367,2646,2849"
1311,GBP0629-B162,1617DC1ACCE6B50ED2D1359582A70A8B8503C569623EE90C18C6B33542796207,Tester/logs/20261011.log,1470581,2026-07-07,16:50,B162ORIGIN,"PR	0	11:31:42.721	Core 04	2026.07.07 16:50:01   [SRJ-IND] B162ORIGIN sym=GBPUSD bar=2026.07.07 16:45 side=S n=2 origin=2974 range=1.33862-1.33936 formT=2026.07.07 11:45 set=150,2974"
1312,GBP0629-B162,1617DC1ACCE6B50ED2D1359582A70A8B8503C569623EE90C18C6B33542796207,Tester/logs/20261011.log,1470591,2026-07-07,16:55,B152PR,"QH	0	11:31:42.721	Core 04	2026.07.07 16:55:00   [SRJ-IND] B152PR sym=GBPUSD bar=2026.07.07 16:50 z1=150,S,1.34395,1.34430,2026.06.15 11:40,1,2026.06.15 17:05,1.34420,1.34363"
1313,GBP0629-B162,1617DC1ACCE6B50ED2D1359582A70A8B8503C569623EE90C18C6B33542796207,Tester/logs/20261011.log,1470592,2026-07-07,16:55,B152PR,"DP	0	11:31:42.721	Core 04	2026.07.07 16:55:00   [SRJ-IND] B152PR sym=GBPUSD bar=2026.07.07 16:50 z1=1582,B,1.31711,1.31751,2026.06.25 15:45,1,2026.06.25 15:55,1.31818,1.31739"
1314,GBP0629-B162,1617DC1ACCE6B50ED2D1359582A70A8B8503C569623EE90C18C6B33542796207,Tester/logs/20261011.log,1470593,2026-07-07,16:55,B152PR,"HF	0	11:31:42.721	Core 04	2026.07.07 16:55:00   [SRJ-IND] B152PR sym=GBPUSD bar=2026.07.07 16:50 z1=1869,B,1.31919,1.31950,2026.06.29 02:50,1,2026.06.29 03:00,1.32000,1.31935"
1315,GBP0629-B162,1617DC1ACCE6B50ED2D1359582A70A8B8503C569623EE90C18C6B33542796207,Tester/logs/20261011.log,1470594,2026-07-07,16:55,B152PR,"EL	0	11:31:42.721	Core 04	2026.07.07 16:55:00   [SRJ-IND] B152PR sym=GBPUSD bar=2026.07.07 16:50 z1=1875,B,1.31936,1.31982,2026.06.29 05:20,1,2026.06.29 06:55,1.32014,1.31979"
1316,GBP0629-B162,1617DC1ACCE6B50ED2D1359582A70A8B8503C569623EE90C18C6B33542796207,Tester/logs/20261011.log,1470595,2026-07-07,16:55,B152PR,"CR	0	11:31:42.721	Core 04	2026.07.07 16:55:00   [SRJ-IND] B152PR sym=GBPUSD bar=2026.07.07 16:50 z1=1899,B,1.31967,1.31979,2026.06.29 07:35,1,2026.06.29 07:40,1.31994,1.31978"
1317,GBP0629-B162,1617DC1ACCE6B50ED2D1359582A70A8B8503C569623EE90C18C6B33542796207,Tester/logs/20261011.log,1470596,2026-07-07,16:55,B152PR,"RH	0	11:31:42.721	Core 04	2026.07.07 16:55:00   [SRJ-IND] B152PR sym=GBPUSD bar=2026.07.07 16:50 z1=1909,B,1.32024,1.32052,2026.06.29 08:35,1,2026.06.29 11:20,1.32088,1.32041"
1318,GBP0629-B162,1617DC1ACCE6B50ED2D1359582A70A8B8503C569623EE90C18C6B33542796207,Tester/logs/20261011.log,1470597,2026-07-07,16:55,B152PR,"ON	0	11:31:42.721	Core 04	2026.07.07 16:55:00   [SRJ-IND] B152PR sym=GBPUSD bar=2026.07.07 16:50 z1=1941,B,1.32111,1.32139,2026.06.29 14:30,1,2026.06.30 15:20,1.32223,1.32125"
1319,GBP0629-B162,1617DC1ACCE6B50ED2D1359582A70A8B8503C569623EE90C18C6B33542796207,Tester/logs/20261011.log,1470598,2026-07-07,16:55,B152PR,"GD	0	11:31:42.721	Core 04	2026.07.07 16:55:00   [SRJ-IND] B152PR sym=GBPUSD bar=2026.07.07 16:50 z1=1943,B,1.32097,1.32138,2026.06.29 13:55,1,2026.06.30 15:20,1.32223,1.32125"
1320,GBP0629-B162,1617DC1ACCE6B50ED2D1359582A70A8B8503C569623EE90C18C6B33542796207,Tester/logs/20261011.log,1470599,2026-07-07,16:55,B152PR,"RJ	0	11:31:42.721	Core 04	2026.07.07 16:55:00   [SRJ-IND] B152PR sym=GBPUSD bar=2026.07.07 16:50 z1=2367,B,1.32677,1.32799,2026.07.02 03:10,1,2026.07.02 03:15,1.32801,1.32765"
1321,GBP0629-B162,1617DC1ACCE6B50ED2D1359582A70A8B8503C569623EE90C18C6B33542796207,Tester/logs/20261011.log,1470600,2026-07-07,16:55,B152PR,"KP	0	11:31:42.721	Core 04	2026.07.07 16:55:00   [SRJ-IND] B152PR sym=GBPUSD bar=2026.07.07 16:50 z1=2646,B,1.33597,1.33639,2026.07.06 18:50,1,2026.07.06 18:55,1.33678,1.33636"
1322,GBP0629-B162,1617DC1ACCE6B50ED2D1359582A70A8B8503C569623EE90C18C6B33542796207,Tester/logs/20261011.log,1470601,2026-07-07,16:55,B152PR,"OF	0	11:31:42.721	Core 04	2026.07.07 16:55:00   [SRJ-IND] B152PR sym=GBPUSD bar=2026.07.07 16:50 z1=2849,B,1.33657,1.33695,2026.07.06 19:30,1,2026.07.07 13:05,1.33770,1.33691"
1323,GBP0629-B162,1617DC1ACCE6B50ED2D1359582A70A8B8503C569623EE90C18C6B33542796207,Tester/logs/20261011.log,1470602,2026-07-07,16:55,B152PR,"DM	0	11:31:42.721	Core 04	2026.07.07 16:55:00   [SRJ-IND] B152PR sym=GBPUSD bar=2026.07.07 16:50 z1=2974,S,1.33862,1.33936,2026.07.07 12:25,1,2026.07.07 12:30,1.33881,1.33856"
1324,GBP0629-B162,1617DC1ACCE6B50ED2D1359582A70A8B8503C569623EE90C18C6B33542796207,Tester/logs/20261011.log,1470603,2026-07-07,16:55,B152PR,"MP	0	11:31:42.721	Core 04	2026.07.07 16:55:00   [SRJ-IND] B152PR sym=GBPUSD bar=2026.07.07 16:50 bull=1 bear=1 nz=12"
1325,GBP0629-B162,1617DC1ACCE6B50ED2D1359582A70A8B8503C569623EE90C18C6B33542796207,Tester/logs/20261011.log,1470604,2026-07-07,16:55,B162ORIGIN,"FM	0	11:31:42.721	Core 04	2026.07.07 16:55:00   [SRJ-IND] B162ORIGIN sym=GBPUSD bar=2026.07.07 16:50 side=B n=10 origin=2849 range=1.33657-1.33695 formT=2026.07.06 19:10 set=1582,1869,1875,1899,1909,1941,1943,2367,2646,2849"
1326,GBP0629-B162,1617DC1ACCE6B50ED2D1359582A70A8B8503C569623EE90C18C6B33542796207,Tester/logs/20261011.log,1470605,2026-07-07,16:55,B162ORIGIN,"RP	0	11:31:42.721	Core 04	2026.07.07 16:55:00   [SRJ-IND] B162ORIGIN sym=GBPUSD bar=2026.07.07 16:50 side=S n=2 origin=2974 range=1.33862-1.33936 formT=2026.07.07 11:45 set=150,2974"
1327,GBP0629-B162,1617DC1ACCE6B50ED2D1359582A70A8B8503C569623EE90C18C6B33542796207,Tester/logs/20261011.log,1470613,2026-07-07,17:00,B152PR,"IK	0	11:31:42.721	Core 04	2026.07.07 17:00:00   [SRJ-IND] B152PR sym=GBPUSD bar=2026.07.07 16:55 z1=150,S,1.34395,1.34430,2026.06.15 11:40,1,2026.06.15 17:05,1.34420,1.34363"
1328,GBP0629-B162,1617DC1ACCE6B50ED2D1359582A70A8B8503C569623EE90C18C6B33542796207,Tester/logs/20261011.log,1470614,2026-07-07,17:00,B152PR,"LO	0	11:31:42.721	Core 04	2026.07.07 17:00:00   [SRJ-IND] B152PR sym=GBPUSD bar=2026.07.07 16:55 z1=1582,B,1.31711,1.31751,2026.06.25 15:45,1,2026.06.25 15:55,1.31818,1.31739"
1329,GBP0629-B162,1617DC1ACCE6B50ED2D1359582A70A8B8503C569623EE90C18C6B33542796207,Tester/logs/20261011.log,1470615,2026-07-07,17:00,B152PR,"PE	0	11:31:42.721	Core 04	2026.07.07 17:00:00   [SRJ-IND] B152PR sym=GBPUSD bar=2026.07.07 16:55 z1=1869,B,1.31919,1.31950,2026.06.29 02:50,1,2026.06.29 03:00,1.32000,1.31935"
1330,GBP0629-B162,1617DC1ACCE6B50ED2D1359582A70A8B8503C569623EE90C18C6B33542796207,Tester/logs/20261011.log,1470616,2026-07-07,17:00,B152PR,"MK	0	11:31:42.721	Core 04	2026.07.07 17:00:00   [SRJ-IND] B152PR sym=GBPUSD bar=2026.07.07 16:55 z1=1875,B,1.31936,1.31982,2026.06.29 05:20,1,2026.06.29 06:55,1.32014,1.31979"
1331,GBP0629-B162,1617DC1ACCE6B50ED2D1359582A70A8B8503C569623EE90C18C6B33542796207,Tester/logs/20261011.log,1470617,2026-07-07,17:00,B152PR,"KQ	0	11:31:42.721	Core 04	2026.07.07 17:00:00   [SRJ-IND] B152PR sym=GBPUSD bar=2026.07.07 16:55 z1=1899,B,1.31967,1.31979,2026.06.29 07:35,1,2026.06.29 07:40,1.31994,1.31978"
1332,GBP0629-B162,1617DC1ACCE6B50ED2D1359582A70A8B8503C569623EE90C18C6B33542796207,Tester/logs/20261011.log,1470618,2026-07-07,17:00,B152PR,"JG	0	11:31:42.721	Core 04	2026.07.07 17:00:00   [SRJ-IND] B152PR sym=GBPUSD bar=2026.07.07 16:55 z1=1909,B,1.32024,1.32052,2026.06.29 08:35,1,2026.06.29 11:20,1.32088,1.32041"
1333,GBP0629-B162,1617DC1ACCE6B50ED2D1359582A70A8B8503C569623EE90C18C6B33542796207,Tester/logs/20261011.log,1470619,2026-07-07,17:00,B152PR,"GM	0	11:31:42.721	Core 04	2026.07.07 17:00:00   [SRJ-IND] B152PR sym=GBPUSD bar=2026.07.07 16:55 z1=1941,B,1.32111,1.32139,2026.06.29 14:30,1,2026.06.30 15:20,1.32223,1.32125"
1334,GBP0629-B162,1617DC1ACCE6B50ED2D1359582A70A8B8503C569623EE90C18C6B33542796207,Tester/logs/20261011.log,1470620,2026-07-07,17:00,B152PR,"OS	0	11:31:42.721	Core 04	2026.07.07 17:00:00   [SRJ-IND] B152PR sym=GBPUSD bar=2026.07.07 16:55 z1=1943,B,1.32097,1.32138,2026.06.29 13:55,1,2026.06.30 15:20,1.32223,1.32125"
1335,GBP0629-B162,1617DC1ACCE6B50ED2D1359582A70A8B8503C569623EE90C18C6B33542796207,Tester/logs/20261011.log,1470621,2026-07-07,17:00,B152PR,"JI	0	11:31:42.721	Core 04	2026.07.07 17:00:00   [SRJ-IND] B152PR sym=GBPUSD bar=2026.07.07 16:55 z1=2367,B,1.32677,1.32799,2026.07.02 03:10,1,2026.07.02 03:15,1.32801,1.32765"
1336,GBP0629-B162,1617DC1ACCE6B50ED2D1359582A70A8B8503C569623EE90C18C6B33542796207,Tester/logs/20261011.log,1470622,2026-07-07,17:00,B152PR,"CO	0	11:31:42.721	Core 04	2026.07.07 17:00:00   [SRJ-IND] B152PR sym=GBPUSD bar=2026.07.07 16:55 z1=2646,B,1.33597,1.33639,2026.07.06 18:50,1,2026.07.06 18:55,1.33678,1.33636"
1337,GBP0629-B162,1617DC1ACCE6B50ED2D1359582A70A8B8503C569623EE90C18C6B33542796207,Tester/logs/20261011.log,1470623,2026-07-07,17:00,B152PR,"GE	0	11:31:42.721	Core 04	2026.07.07 17:00:00   [SRJ-IND] B152PR sym=GBPUSD bar=2026.07.07 16:55 z1=2849,B,1.33657,1.33695,2026.07.06 19:30,1,2026.07.07 13:05,1.33770,1.33691"
1338,GBP0629-B162,1617DC1ACCE6B50ED2D1359582A70A8B8503C569623EE90C18C6B33542796207,Tester/logs/20261011.log,1470624,2026-07-07,17:00,B152PR,"LJ	0	11:31:42.721	Core 04	2026.07.07 17:00:00   [SRJ-IND] B152PR sym=GBPUSD bar=2026.07.07 16:55 z1=2974,S,1.33862,1.33936,2026.07.07 12:25,1,2026.07.07 12:30,1.33881,1.33856"
1339,GBP0629-B162,1617DC1ACCE6B50ED2D1359582A70A8B8503C569623EE90C18C6B33542796207,Tester/logs/20261011.log,1470625,2026-07-07,17:00,B152PR,"ES	0	11:31:42.721	Core 04	2026.07.07 17:00:00   [SRJ-IND] B152PR sym=GBPUSD bar=2026.07.07 16:55 bull=1 bear=1 nz=12"
1340,GBP0629-B162,1617DC1ACCE6B50ED2D1359582A70A8B8503C569623EE90C18C6B33542796207,Tester/logs/20261011.log,1470626,2026-07-07,17:00,B162ORIGIN,"FM	0	11:31:42.721	Core 04	2026.07.07 17:00:00   [SRJ-IND] B162ORIGIN sym=GBPUSD bar=2026.07.07 16:55 side=B n=10 origin=2849 range=1.33657-1.33695 formT=2026.07.06 19:10 set=1582,1869,1875,1899,1909,1941,1943,2367,2646,2849"
1341,GBP0629-B162,1617DC1ACCE6B50ED2D1359582A70A8B8503C569623EE90C18C6B33542796207,Tester/logs/20261011.log,1470627,2026-07-07,17:00,B162ORIGIN,"RP	0	11:31:42.721	Core 04	2026.07.07 17:00:00   [SRJ-IND] B162ORIGIN sym=GBPUSD bar=2026.07.07 16:55 side=S n=2 origin=2974 range=1.33862-1.33936 formT=2026.07.07 11:45 set=150,2974"
1342,GBP0629-B162,1617DC1ACCE6B50ED2D1359582A70A8B8503C569623EE90C18C6B33542796207,Tester/logs/20261011.log,1470632,2026-07-07,17:00,CQDRECHECK,"JG	0	11:31:42.721	Core 04	2026.07.07 17:00:00   [SRJ-EA] CQDRECHECK shift=2 passA=1.0 passB=1.0 diff=0 bar=2026.07.07 16:50 state=IDLE dir=NONE divLatch=0 hit1=0 hit2=484 mism=0"
1343,GBP0629-B162,1617DC1ACCE6B50ED2D1359582A70A8B8503C569623EE90C18C6B33542796207,Tester/logs/20261011.log,1470640,2026-07-07,17:05,B152PR,"ML	0	11:31:42.721	Core 04	2026.07.07 17:05:00   [SRJ-IND] B152PR sym=GBPUSD bar=2026.07.07 17:00 z1=150,S,1.34395,1.34430,2026.06.15 11:40,1,2026.06.15 17:05,1.34420,1.34363"
1344,GBP0629-B162,1617DC1ACCE6B50ED2D1359582A70A8B8503C569623EE90C18C6B33542796207,Tester/logs/20261011.log,1470641,2026-07-07,17:05,B152PR,"HD	0	11:31:42.721	Core 04	2026.07.07 17:05:00   [SRJ-IND] B152PR sym=GBPUSD bar=2026.07.07 17:00 z1=1582,B,1.31711,1.31751,2026.06.25 15:45,1,2026.06.25 15:55,1.31818,1.31739"
1345,GBP0629-B162,1617DC1ACCE6B50ED2D1359582A70A8B8503C569623EE90C18C6B33542796207,Tester/logs/20261011.log,1470642,2026-07-07,17:05,B152PR,"DJ	0	11:31:42.721	Core 04	2026.07.07 17:05:00   [SRJ-IND] B152PR sym=GBPUSD bar=2026.07.07 17:00 z1=1869,B,1.31919,1.31950,2026.06.29 02:50,1,2026.06.29 03:00,1.32000,1.31935"
1346,GBP0629-B162,1617DC1ACCE6B50ED2D1359582A70A8B8503C569623EE90C18C6B33542796207,Tester/logs/20261011.log,1470643,2026-07-07,17:05,B152PR,"IP	0	11:31:42.721	Core 04	2026.07.07 17:05:00   [SRJ-IND] B152PR sym=GBPUSD bar=2026.07.07 17:00 z1=1875,B,1.31936,1.31982,2026.06.29 05:20,1,2026.06.29 06:55,1.32014,1.31979"
1347,GBP0629-B162,1617DC1ACCE6B50ED2D1359582A70A8B8503C569623EE90C18C6B33542796207,Tester/logs/20261011.log,1470644,2026-07-07,17:05,B152PR,"GF	0	11:31:42.721	Core 04	2026.07.07 17:05:00   [SRJ-IND] B152PR sym=GBPUSD bar=2026.07.07 17:00 z1=1899,B,1.31967,1.31979,2026.06.29 07:35,1,2026.06.29 07:40,1.31994,1.31978"
1348,GBP0629-B162,1617DC1ACCE6B50ED2D1359582A70A8B8503C569623EE90C18C6B33542796207,Tester/logs/20261011.log,1470645,2026-07-07,17:05,B152PR,"NL	0	11:31:42.721	Core 04	2026.07.07 17:05:00   [SRJ-IND] B152PR sym=GBPUSD bar=2026.07.07 17:00 z1=1909,B,1.32024,1.32052,2026.06.29 08:35,1,2026.06.29 11:20,1.32088,1.32041"
1349,GBP0629-B162,1617DC1ACCE6B50ED2D1359582A70A8B8503C569623EE90C18C6B33542796207,Tester/logs/20261011.log,1470646,2026-07-07,17:05,B152PR,"KR	0	11:31:42.721	Core 04	2026.07.07 17:05:00   [SRJ-IND] B152PR sym=GBPUSD bar=2026.07.07 17:00 z1=1941,B,1.32111,1.32139,2026.06.29 14:30,1,2026.06.30 15:20,1.32223,1.32125"
1350,GBP0629-B162,1617DC1ACCE6B50ED2D1359582A70A8B8503C569623EE90C18C6B33542796207,Tester/logs/20261011.log,1470647,2026-07-07,17:05,B152PR,"CH	0	11:31:42.721	Core 04	2026.07.07 17:05:00   [SRJ-IND] B152PR sym=GBPUSD bar=2026.07.07 17:00 z1=1943,B,1.32097,1.32138,2026.06.29 13:55,1,2026.06.30 15:20,1.32223,1.32125"
1351,GBP0629-B162,1617DC1ACCE6B50ED2D1359582A70A8B8503C569623EE90C18C6B33542796207,Tester/logs/20261011.log,1470648,2026-07-07,17:05,B152PR,"NN	0	11:31:42.721	Core 04	2026.07.07 17:05:00   [SRJ-IND] B152PR sym=GBPUSD bar=2026.07.07 17:00 z1=2367,B,1.32677,1.32799,2026.07.02 03:10,1,2026.07.02 03:15,1.32801,1.32765"
1352,GBP0629-B162,1617DC1ACCE6B50ED2D1359582A70A8B8503C569623EE90C18C6B33542796207,Tester/logs/20261011.log,1470649,2026-07-07,17:05,B152PR,"CD	0	11:31:42.721	Core 04	2026.07.07 17:05:00   [SRJ-IND] B152PR sym=GBPUSD bar=2026.07.07 17:00 z1=2621,B,1.33583,1.33663,2026.07.06 19:25,1,2026.07.07 17:00,1.33742,1.33625"
1353,GBP0629-B162,1617DC1ACCE6B50ED2D1359582A70A8B8503C569623EE90C18C6B33542796207,Tester/logs/20261011.log,1470650,2026-07-07,17:05,B152PR,"OJ	0	11:31:42.721	Core 04	2026.07.07 17:05:00   [SRJ-IND] B152PR sym=GBPUSD bar=2026.07.07 17:00 z1=2646,B,1.33597,1.33639,2026.07.06 18:50,1,2026.07.06 18:55,1.33678,1.33636"
1354,GBP0629-B162,1617DC1ACCE6B50ED2D1359582A70A8B8503C569623EE90C18C6B33542796207,Tester/logs/20261011.log,1470651,2026-07-07,17:05,B152PR,"HQ	0	11:31:42.721	Core 04	2026.07.07 17:05:00   [SRJ-IND] B152PR sym=GBPUSD bar=2026.07.07 17:00 z1=2974,S,1.33862,1.33936,2026.07.07 12:25,1,2026.07.07 12:30,1.33881,1.33856"
1355,GBP0629-B162,1617DC1ACCE6B50ED2D1359582A70A8B8503C569623EE90C18C6B33542796207,Tester/logs/20261011.log,1470652,2026-07-07,17:05,B152PR,"QD	0	11:31:42.721	Core 04	2026.07.07 17:05:00   [SRJ-IND] B152PR sym=GBPUSD bar=2026.07.07 17:00 bull=1 bear=1 nz=12"
1356,GBP0629-B162,1617DC1ACCE6B50ED2D1359582A70A8B8503C569623EE90C18C6B33542796207,Tester/logs/20261011.log,1470653,2026-07-07,17:05,B162ORIGIN,"MH	0	11:31:42.721	Core 04	2026.07.07 17:05:00   [SRJ-IND] B162ORIGIN sym=GBPUSD bar=2026.07.07 17:00 side=B n=10 origin=2646 range=1.33597-1.33639 formT=2026.07.03 14:15 set=1582,1869,1875,1899,1909,1941,1943,2367,2621,2646"
1357,GBP0629-B162,1617DC1ACCE6B50ED2D1359582A70A8B8503C569623EE90C18C6B33542796207,Tester/logs/20261011.log,1470654,2026-07-07,17:05,B162ORIGIN,"FM	0	11:31:42.721	Core 04	2026.07.07 17:05:00   [SRJ-IND] B162ORIGIN sym=GBPUSD bar=2026.07.07 17:00 side=S n=2 origin=2974 range=1.33862-1.33936 formT=2026.07.07 11:45 set=150,2974"
1358,GBP0629-B162,1617DC1ACCE6B50ED2D1359582A70A8B8503C569623EE90C18C6B33542796207,Tester/logs/20261011.log,1470667,2026-07-07,17:10,B152PR,"FJ	0	11:31:42.721	Core 04	2026.07.07 17:10:00   [SRJ-IND] B152PR sym=GBPUSD bar=2026.07.07 17:05 z1=150,S,1.34395,1.34430,2026.06.15 11:40,1,2026.06.15 17:05,1.34420,1.34363"
1359,GBP0629-B162,1617DC1ACCE6B50ED2D1359582A70A8B8503C569623EE90C18C6B33542796207,Tester/logs/20261011.log,1470668,2026-07-07,17:10,B152PR,"ON	0	11:31:42.721	Core 04	2026.07.07 17:10:00   [SRJ-IND] B152PR sym=GBPUSD bar=2026.07.07 17:05 z1=1582,B,1.31711,1.31751,2026.06.25 15:45,1,2026.06.25 15:55,1.31818,1.31739"
1360,GBP0629-B162,1617DC1ACCE6B50ED2D1359582A70A8B8503C569623EE90C18C6B33542796207,Tester/logs/20261011.log,1470669,2026-07-07,17:10,B152PR,"KD	0	11:31:42.721	Core 04	2026.07.07 17:10:00   [SRJ-IND] B152PR sym=GBPUSD bar=2026.07.07 17:05 z1=1869,B,1.31919,1.31950,2026.06.29 02:50,1,2026.06.29 03:00,1.32000,1.31935"
1361,GBP0629-B162,1617DC1ACCE6B50ED2D1359582A70A8B8503C569623EE90C18C6B33542796207,Tester/logs/20261011.log,1470670,2026-07-07,17:10,B152PR,"RJ	0	11:31:42.721	Core 04	2026.07.07 17:10:00   [SRJ-IND] B152PR sym=GBPUSD bar=2026.07.07 17:05 z1=1875,B,1.31936,1.31982,2026.06.29 05:20,1,2026.06.29 06:55,1.32014,1.31979"
1362,GBP0629-B162,1617DC1ACCE6B50ED2D1359582A70A8B8503C569623EE90C18C6B33542796207,Tester/logs/20261011.log,1470671,2026-07-07,17:10,B152PR,"PP	0	11:31:42.721	Core 04	2026.07.07 17:10:00   [SRJ-IND] B152PR sym=GBPUSD bar=2026.07.07 17:05 z1=1899,B,1.31967,1.31979,2026.06.29 07:35,1,2026.06.29 07:40,1.31994,1.31978"
1363,GBP0629-B162,1617DC1ACCE6B50ED2D1359582A70A8B8503C569623EE90C18C6B33542796207,Tester/logs/20261011.log,1470672,2026-07-07,17:10,B152PR,"EF	0	11:31:42.721	Core 04	2026.07.07 17:10:00   [SRJ-IND] B152PR sym=GBPUSD bar=2026.07.07 17:05 z1=1909,B,1.32024,1.32052,2026.06.29 08:35,1,2026.06.29 11:20,1.32088,1.32041"
1364,GBP0629-B162,1617DC1ACCE6B50ED2D1359582A70A8B8503C569623EE90C18C6B33542796207,Tester/logs/20261011.log,1470673,2026-07-07,17:10,B152PR,"DL	0	11:31:42.721	Core 04	2026.07.07 17:10:00   [SRJ-IND] B152PR sym=GBPUSD bar=2026.07.07 17:05 z1=1941,B,1.32111,1.32139,2026.06.29 14:30,1,2026.06.30 15:20,1.32223,1.32125"
1365,GBP0629-B162,1617DC1ACCE6B50ED2D1359582A70A8B8503C569623EE90C18C6B33542796207,Tester/logs/20261011.log,1470674,2026-07-07,17:10,B152PR,"LR	0	11:31:42.721	Core 04	2026.07.07 17:10:00   [SRJ-IND] B152PR sym=GBPUSD bar=2026.07.07 17:05 z1=1943,B,1.32097,1.32138,2026.06.29 13:55,1,2026.06.30 15:20,1.32223,1.32125"
1366,GBP0629-B162,1617DC1ACCE6B50ED2D1359582A70A8B8503C569623EE90C18C6B33542796207,Tester/logs/20261011.log,1470675,2026-07-07,17:10,B152PR,"EH	0	11:31:42.721	Core 04	2026.07.07 17:10:00   [SRJ-IND] B152PR sym=GBPUSD bar=2026.07.07 17:05 z1=2367,B,1.32677,1.32799,2026.07.02 03:10,1,2026.07.02 03:15,1.32801,1.32765"
1367,GBP0629-B162,1617DC1ACCE6B50ED2D1359582A70A8B8503C569623EE90C18C6B33542796207,Tester/logs/20261011.log,1470676,2026-07-07,17:10,B152PR,"OO	0	11:31:42.721	Core 04	2026.07.07 17:10:00   [SRJ-IND] B152PR sym=GBPUSD bar=2026.07.07 17:05 z1=2974,S,1.33862,1.33936,2026.07.07 12:25,1,2026.07.07 12:30,1.33881,1.33856"
1368,GBP0629-B162,1617DC1ACCE6B50ED2D1359582A70A8B8503C569623EE90C18C6B33542796207,Tester/logs/20261011.log,1470677,2026-07-07,17:10,B152PR,"HF	0	11:31:42.721	Core 04	2026.07.07 17:10:00   [SRJ-IND] B152PR sym=GBPUSD bar=2026.07.07 17:05 bull=1 bear=1 nz=10"
1369,GBP0629-B162,1617DC1ACCE6B50ED2D1359582A70A8B8503C569623EE90C18C6B33542796207,Tester/logs/20261011.log,1470678,2026-07-07,17:10,B162ORIGIN,"NM	0	11:31:42.721	Core 04	2026.07.07 17:10:00   [SRJ-IND] B162ORIGIN sym=GBPUSD bar=2026.07.07 17:05 side=B n=8 origin=2367 range=1.32677-1.32799 formT=2026.07.02 00:55 set=1582,1869,1875,1899,1909,1941,1943,2367"
1370,GBP0629-B162,1617DC1ACCE6B50ED2D1359582A70A8B8503C569623EE90C18C6B33542796207,Tester/logs/20261011.log,1470679,2026-07-07,17:10,B162ORIGIN,"GR	0	11:31:42.721	Core 04	2026.07.07 17:10:00   [SRJ-IND] B162ORIGIN sym=GBPUSD bar=2026.07.07 17:05 side=S n=2 origin=2974 range=1.33862-1.33936 formT=2026.07.07 11:45 set=150,2974"
1371,GBP0629-B162,1617DC1ACCE6B50ED2D1359582A70A8B8503C569623EE90C18C6B33542796207,Tester/logs/20261011.log,1470686,2026-07-07,17:10,CONFIRMPOLL,"GL	0	11:31:42.721	Core 04	2026.07.07 17:10:00   [SRJ-EA] CONFIRMPOLL bar=2026.07.07 17:05 anchor=Weekly-VWAP dir=SHORT oppCandle=0 bodyDir=1 body=24pts doji=0 touchAttr=1 confirm=0 shadow=true"
1372,GBP0629-B162,1617DC1ACCE6B50ED2D1359582A70A8B8503C569623EE90C18C6B33542796207,Tester/logs/20261011.log,1470688,2026-07-07,17:15,B152PR,"KP	0	11:31:42.721	Core 04	2026.07.07 17:15:00   [SRJ-IND] B152PR sym=GBPUSD bar=2026.07.07 17:10 z1=150,S,1.34395,1.34430,2026.06.15 11:40,1,2026.06.15 17:05,1.34420,1.34363"
1373,GBP0629-B162,1617DC1ACCE6B50ED2D1359582A70A8B8503C569623EE90C18C6B33542796207,Tester/logs/20261011.log,1470689,2026-07-07,17:15,B152PR,"FH	0	11:31:42.721	Core 04	2026.07.07 17:15:00   [SRJ-IND] B152PR sym=GBPUSD bar=2026.07.07 17:10 z1=1582,B,1.31711,1.31751,2026.06.25 15:45,1,2026.06.25 15:55,1.31818,1.31739"
1374,GBP0629-B162,1617DC1ACCE6B50ED2D1359582A70A8B8503C569623EE90C18C6B33542796207,Tester/logs/20261011.log,1470690,2026-07-07,17:15,B152PR,"JN	0	11:31:42.721	Core 04	2026.07.07 17:15:00   [SRJ-IND] B152PR sym=GBPUSD bar=2026.07.07 17:10 z1=1869,B,1.31919,1.31950,2026.06.29 02:50,1,2026.06.29 03:00,1.32000,1.31935"
1375,GBP0629-B162,1617DC1ACCE6B50ED2D1359582A70A8B8503C569623EE90C18C6B33542796207,Tester/logs/20261011.log,1470691,2026-07-07,17:15,B152PR,"CD	0	11:31:42.721	Core 04	2026.07.07 17:15:00   [SRJ-IND] B152PR sym=GBPUSD bar=2026.07.07 17:10 z1=1875,B,1.31936,1.31982,2026.06.29 05:20,1,2026.06.29 06:55,1.32014,1.31979"
1376,GBP0629-B162,1617DC1ACCE6B50ED2D1359582A70A8B8503C569623EE90C18C6B33542796207,Tester/logs/20261011.log,1470692,2026-07-07,17:15,B152PR,"EJ	0	11:31:42.721	Core 04	2026.07.07 17:15:00   [SRJ-IND] B152PR sym=GBPUSD bar=2026.07.07 17:10 z1=1899,B,1.31967,1.31979,2026.06.29 07:35,1,2026.06.29 07:40,1.31994,1.31978"
1377,GBP0629-B162,1617DC1ACCE6B50ED2D1359582A70A8B8503C569623EE90C18C6B33542796207,Tester/logs/20261011.log,1470693,2026-07-07,17:15,B152PR,"PP	0	11:31:42.721	Core 04	2026.07.07 17:15:00   [SRJ-IND] B152PR sym=GBPUSD bar=2026.07.07 17:10 z1=1909,B,1.32024,1.32052,2026.06.29 08:35,1,2026.06.29 11:20,1.32088,1.32041"
1378,GBP0629-B162,1617DC1ACCE6B50ED2D1359582A70A8B8503C569623EE90C18C6B33542796207,Tester/logs/20261011.log,1470694,2026-07-07,17:15,B152PR,"QF	0	11:31:42.721	Core 04	2026.07.07 17:15:00   [SRJ-IND] B152PR sym=GBPUSD bar=2026.07.07 17:10 z1=1941,B,1.32111,1.32139,2026.06.29 14:30,1,2026.06.30 15:20,1.32223,1.32125"
1379,GBP0629-B162,1617DC1ACCE6B50ED2D1359582A70A8B8503C569623EE90C18C6B33542796207,Tester/logs/20261011.log,1470695,2026-07-07,17:15,B152PR,"IL	0	11:31:42.721	Core 04	2026.07.07 17:15:00   [SRJ-IND] B152PR sym=GBPUSD bar=2026.07.07 17:10 z1=1943,B,1.32097,1.32138,2026.06.29 13:55,1,2026.06.30 15:20,1.32223,1.32125"
1380,GBP0629-B162,1617DC1ACCE6B50ED2D1359582A70A8B8503C569623EE90C18C6B33542796207,Tester/logs/20261011.log,1470696,2026-07-07,17:15,B152PR,"PR	0	11:31:42.721	Core 04	2026.07.07 17:15:00   [SRJ-IND] B152PR sym=GBPUSD bar=2026.07.07 17:10 z1=2367,B,1.32677,1.32799,2026.07.02 03:10,1,2026.07.02 03:15,1.32801,1.32765"
1381,GBP0629-B162,1617DC1ACCE6B50ED2D1359582A70A8B8503C569623EE90C18C6B33542796207,Tester/logs/20261011.log,1470697,2026-07-07,17:15,B152PR,"FI	0	11:31:42.721	Core 04	2026.07.07 17:15:00   [SRJ-IND] B152PR sym=GBPUSD bar=2026.07.07 17:10 z1=2974,S,1.33862,1.33936,2026.07.07 12:25,1,2026.07.07 12:30,1.33881,1.33856"
1382,GBP0629-B162,1617DC1ACCE6B50ED2D1359582A70A8B8503C569623EE90C18C6B33542796207,Tester/logs/20261011.log,1470698,2026-07-07,17:15,B152PR,"ML	0	11:31:42.721	Core 04	2026.07.07 17:15:00   [SRJ-IND] B152PR sym=GBPUSD bar=2026.07.07 17:10 bull=1 bear=1 nz=10"
1383,GBP0629-B162,1617DC1ACCE6B50ED2D1359582A70A8B8503C569623EE90C18C6B33542796207,Tester/logs/20261011.log,1470699,2026-07-07,17:15,B162ORIGIN,"OR	0	11:31:42.721	Core 04	2026.07.07 17:15:00   [SRJ-IND] B162ORIGIN sym=GBPUSD bar=2026.07.07 17:10 side=B n=8 origin=2367 range=1.32677-1.32799 formT=2026.07.02 00:55 set=1582,1869,1875,1899,1909,1941,1943,2367"
1384,GBP0629-B162,1617DC1ACCE6B50ED2D1359582A70A8B8503C569623EE90C18C6B33542796207,Tester/logs/20261011.log,1470700,2026-07-07,17:15,B162ORIGIN,"NK	0	11:31:42.721	Core 04	2026.07.07 17:15:00   [SRJ-IND] B162ORIGIN sym=GBPUSD bar=2026.07.07 17:10 side=S n=2 origin=2974 range=1.33862-1.33936 formT=2026.07.07 11:45 set=150,2974"
1385,GBP0629-B162,1617DC1ACCE6B50ED2D1359582A70A8B8503C569623EE90C18C6B33542796207,Tester/logs/20261011.log,1470709,2026-07-07,17:20,B152PR,"KH	0	11:31:48.825	Core 04	2026.07.07 17:20:00   [SRJ-IND] B152PR sym=GBPUSD bar=2026.07.07 17:15 z1=150,S,1.34395,1.34430,2026.06.15 11:40,1,2026.06.15 17:05,1.34420,1.34363"
1386,GBP0629-B162,1617DC1ACCE6B50ED2D1359582A70A8B8503C569623EE90C18C6B33542796207,Tester/logs/20261011.log,1470710,2026-07-07,17:20,B152PR,"JP	0	11:31:48.825	Core 04	2026.07.07 17:20:00   [SRJ-IND] B152PR sym=GBPUSD bar=2026.07.07 17:15 z1=1582,B,1.31711,1.31751,2026.06.25 15:45,1,2026.06.25 15:55,1.31818,1.31739"
1387,GBP0629-B162,1617DC1ACCE6B50ED2D1359582A70A8B8503C569623EE90C18C6B33542796207,Tester/logs/20261011.log,1470711,2026-07-07,17:20,B152PR,"FF	0	11:31:48.825	Core 04	2026.07.07 17:20:00   [SRJ-IND] B152PR sym=GBPUSD bar=2026.07.07 17:15 z1=1869,B,1.31919,1.31950,2026.06.29 02:50,1,2026.06.29 03:00,1.32000,1.31935"
1388,GBP0629-B162,1617DC1ACCE6B50ED2D1359582A70A8B8503C569623EE90C18C6B33542796207,Tester/logs/20261011.log,1470712,2026-07-07,17:20,B152PR,"GL	0	11:31:48.825	Core 04	2026.07.07 17:20:00   [SRJ-IND] B152PR sym=GBPUSD bar=2026.07.07 17:15 z1=1875,B,1.31936,1.31982,2026.06.29 05:20,1,2026.06.29 06:55,1.32014,1.31979"
1389,GBP0629-B162,1617DC1ACCE6B50ED2D1359582A70A8B8503C569623EE90C18C6B33542796207,Tester/logs/20261011.log,1470713,2026-07-07,17:20,B152PR,"IR	0	11:31:48.825	Core 04	2026.07.07 17:20:00   [SRJ-IND] B152PR sym=GBPUSD bar=2026.07.07 17:15 z1=1899,B,1.31967,1.31979,2026.06.29 07:35,1,2026.06.29 07:40,1.31994,1.31978"
1390,GBP0629-B162,1617DC1ACCE6B50ED2D1359582A70A8B8503C569623EE90C18C6B33542796207,Tester/logs/20261011.log,1470714,2026-07-07,17:20,B152PR,"LH	0	11:31:48.825	Core 04	2026.07.07 17:20:00   [SRJ-IND] B152PR sym=GBPUSD bar=2026.07.07 17:15 z1=1909,B,1.32024,1.32052,2026.06.29 08:35,1,2026.06.29 11:20,1.32088,1.32041"
1391,GBP0629-B162,1617DC1ACCE6B50ED2D1359582A70A8B8503C569623EE90C18C6B33542796207,Tester/logs/20261011.log,1470715,2026-07-07,17:20,B152PR,"MN	0	11:31:48.825	Core 04	2026.07.07 17:20:00   [SRJ-IND] B152PR sym=GBPUSD bar=2026.07.07 17:15 z1=1941,B,1.32111,1.32139,2026.06.29 14:30,1,2026.06.30 15:20,1.32223,1.32125"
1392,GBP0629-B162,1617DC1ACCE6B50ED2D1359582A70A8B8503C569623EE90C18C6B33542796207,Tester/logs/20261011.log,1470716,2026-07-07,17:20,B152PR,"ED	0	11:31:48.825	Core 04	2026.07.07 17:20:00   [SRJ-IND] B152PR sym=GBPUSD bar=2026.07.07 17:15 z1=1943,B,1.32097,1.32138,2026.06.29 13:55,1,2026.06.30 15:20,1.32223,1.32125"
1393,GBP0629-B162,1617DC1ACCE6B50ED2D1359582A70A8B8503C569623EE90C18C6B33542796207,Tester/logs/20261011.log,1470717,2026-07-07,17:20,B152PR,"LJ	0	11:31:48.825	Core 04	2026.07.07 17:20:00   [SRJ-IND] B152PR sym=GBPUSD bar=2026.07.07 17:15 z1=2367,B,1.32677,1.32799,2026.07.02 03:10,1,2026.07.02 03:15,1.32801,1.32765"
1394,GBP0629-B162,1617DC1ACCE6B50ED2D1359582A70A8B8503C569623EE90C18C6B33542796207,Tester/logs/20261011.log,1470718,2026-07-07,17:20,B152PR,"JQ	0	11:31:48.825	Core 04	2026.07.07 17:20:00   [SRJ-IND] B152PR sym=GBPUSD bar=2026.07.07 17:15 z1=2974,S,1.33862,1.33936,2026.07.07 12:25,1,2026.07.07 12:30,1.33881,1.33856"
1395,GBP0629-B162,1617DC1ACCE6B50ED2D1359582A70A8B8503C569623EE90C18C6B33542796207,Tester/logs/20261011.log,1470719,2026-07-07,17:20,B152PR,"QD	0	11:31:48.825	Core 04	2026.07.07 17:20:00   [SRJ-IND] B152PR sym=GBPUSD bar=2026.07.07 17:15 bull=1 bear=1 nz=10"
1396,GBP0629-B162,1617DC1ACCE6B50ED2D1359582A70A8B8503C569623EE90C18C6B33542796207,Tester/logs/20261011.log,1470720,2026-07-07,17:20,B162ORIGIN,"CK	0	11:31:48.825	Core 04	2026.07.07 17:20:00   [SRJ-IND] B162ORIGIN sym=GBPUSD bar=2026.07.07 17:15 side=B n=8 origin=2367 range=1.32677-1.32799 formT=2026.07.02 00:55 set=1582,1869,1875,1899,1909,1941,1943,2367"
1397,GBP0629-B162,1617DC1ACCE6B50ED2D1359582A70A8B8503C569623EE90C18C6B33542796207,Tester/logs/20261011.log,1470721,2026-07-07,17:20,B162ORIGIN,"RS	0	11:31:48.825	Core 04	2026.07.07 17:20:00   [SRJ-IND] B162ORIGIN sym=GBPUSD bar=2026.07.07 17:15 side=S n=2 origin=2974 range=1.33862-1.33936 formT=2026.07.07 11:45 set=150,2974"
1398,GBP0629-B162,1617DC1ACCE6B50ED2D1359582A70A8B8503C569623EE90C18C6B33542796207,Tester/logs/20261011.log,1470728,2026-07-07,17:20,CONFIRMPOLL,"QP	0	11:31:48.825	Core 04	2026.07.07 17:20:00   [SRJ-EA] CONFIRMPOLL bar=2026.07.07 17:15 anchor=Weekly-VWAP dir=LONG oppCandle=0 bodyDir=1 body=49pts doji=0 touchAttr=1 confirm=0 shadow=true"
1399,GBP0629-B162,1617DC1ACCE6B50ED2D1359582A70A8B8503C569623EE90C18C6B33542796207,Tester/logs/20261011.log,1470730,2026-07-07,17:25,B152PR,"HQ	0	11:31:48.825	Core 04	2026.07.07 17:25:00   [SRJ-IND] B152PR sym=GBPUSD bar=2026.07.07 17:20 z1=150,S,1.34395,1.34430,2026.06.15 11:40,1,2026.06.15 17:05,1.34420,1.34363"
1400,GBP0629-B162,1617DC1ACCE6B50ED2D1359582A70A8B8503C569623EE90C18C6B33542796207,Tester/logs/20261011.log,1470731,2026-07-07,17:25,B152PR,"II	0	11:31:48.825	Core 04	2026.07.07 17:25:00   [SRJ-IND] B152PR sym=GBPUSD bar=2026.07.07 17:20 z1=1582,B,1.31711,1.31751,2026.06.25 15:45,1,2026.06.25 15:55,1.31818,1.31739"
1401,GBP0629-B162,1617DC1ACCE6B50ED2D1359582A70A8B8503C569623EE90C18C6B33542796207,Tester/logs/20261011.log,1470732,2026-07-07,17:25,B152PR,"EO	0	11:31:48.825	Core 04	2026.07.07 17:25:00   [SRJ-IND] B152PR sym=GBPUSD bar=2026.07.07 17:20 z1=1869,B,1.31919,1.31950,2026.06.29 02:50,1,2026.06.29 03:00,1.32000,1.31935"
1402,GBP0629-B162,1617DC1ACCE6B50ED2D1359582A70A8B8503C569623EE90C18C6B33542796207,Tester/logs/20261011.log,1470733,2026-07-07,17:25,B152PR,"HE	0	11:31:48.825	Core 04	2026.07.07 17:25:00   [SRJ-IND] B152PR sym=GBPUSD bar=2026.07.07 17:20 z1=1875,B,1.31936,1.31982,2026.06.29 05:20,1,2026.06.29 06:55,1.32014,1.31979"
1403,GBP0629-B162,1617DC1ACCE6B50ED2D1359582A70A8B8503C569623EE90C18C6B33542796207,Tester/logs/20261011.log,1470734,2026-07-07,17:25,B152PR,"JK	0	11:31:48.825	Core 04	2026.07.07 17:25:00   [SRJ-IND] B152PR sym=GBPUSD bar=2026.07.07 17:20 z1=1899,B,1.31967,1.31979,2026.06.29 07:35,1,2026.06.29 07:40,1.31994,1.31978"
1404,GBP0629-B162,1617DC1ACCE6B50ED2D1359582A70A8B8503C569623EE90C18C6B33542796207,Tester/logs/20261011.log,1470735,2026-07-07,17:25,B152PR,"KQ	0	11:31:48.825	Core 04	2026.07.07 17:25:00   [SRJ-IND] B152PR sym=GBPUSD bar=2026.07.07 17:20 z1=1909,B,1.32024,1.32052,2026.06.29 08:35,1,2026.06.29 11:20,1.32088,1.32041"
1405,GBP0629-B162,1617DC1ACCE6B50ED2D1359582A70A8B8503C569623EE90C18C6B33542796207,Tester/logs/20261011.log,1470736,2026-07-07,17:25,B152PR,"NG	0	11:31:48.825	Core 04	2026.07.07 17:25:00   [SRJ-IND] B152PR sym=GBPUSD bar=2026.07.07 17:20 z1=1941,B,1.32111,1.32139,2026.06.29 14:30,1,2026.06.30 15:20,1.32223,1.32125"
1406,GBP0629-B162,1617DC1ACCE6B50ED2D1359582A70A8B8503C569623EE90C18C6B33542796207,Tester/logs/20261011.log,1470737,2026-07-07,17:25,B152PR,"FM	0	11:31:48.825	Core 04	2026.07.07 17:25:00   [SRJ-IND] B152PR sym=GBPUSD bar=2026.07.07 17:20 z1=1943,B,1.32097,1.32138,2026.06.29 13:55,1,2026.06.30 15:20,1.32223,1.32125"
1407,GBP0629-B162,1617DC1ACCE6B50ED2D1359582A70A8B8503C569623EE90C18C6B33542796207,Tester/logs/20261011.log,1470738,2026-07-07,17:25,B152PR,"KS	0	11:31:48.825	Core 04	2026.07.07 17:25:00   [SRJ-IND] B152PR sym=GBPUSD bar=2026.07.07 17:20 z1=2367,B,1.32677,1.32799,2026.07.02 03:10,1,2026.07.02 03:15,1.32801,1.32765"
1408,GBP0629-B162,1617DC1ACCE6B50ED2D1359582A70A8B8503C569623EE90C18C6B33542796207,Tester/logs/20261011.log,1470739,2026-07-07,17:25,B152PR,"IH	0	11:31:48.825	Core 04	2026.07.07 17:25:00   [SRJ-IND] B152PR sym=GBPUSD bar=2026.07.07 17:20 z1=2974,S,1.33862,1.33936,2026.07.07 12:25,1,2026.07.07 12:30,1.33881,1.33856"
1409,GBP0629-B162,1617DC1ACCE6B50ED2D1359582A70A8B8503C569623EE90C18C6B33542796207,Tester/logs/20261011.log,1470740,2026-07-07,17:25,B152PR,"RM	0	11:31:48.825	Core 04	2026.07.07 17:25:00   [SRJ-IND] B152PR sym=GBPUSD bar=2026.07.07 17:20 bull=1 bear=1 nz=10"
1410,GBP0629-B162,1617DC1ACCE6B50ED2D1359582A70A8B8503C569623EE90C18C6B33542796207,Tester/logs/20261011.log,1470741,2026-07-07,17:25,B162ORIGIN,"DP	0	11:31:48.825	Core 04	2026.07.07 17:25:00   [SRJ-IND] B162ORIGIN sym=GBPUSD bar=2026.07.07 17:20 side=B n=8 origin=2367 range=1.32677-1.32799 formT=2026.07.02 00:55 set=1582,1869,1875,1899,1909,1941,1943,2367"
1411,GBP0629-B162,1617DC1ACCE6B50ED2D1359582A70A8B8503C569623EE90C18C6B33542796207,Tester/logs/20261011.log,1470742,2026-07-07,17:25,B162ORIGIN,"QD	0	11:31:48.825	Core 04	2026.07.07 17:25:00   [SRJ-IND] B162ORIGIN sym=GBPUSD bar=2026.07.07 17:20 side=S n=2 origin=2974 range=1.33862-1.33936 formT=2026.07.07 11:45 set=150,2974"
1412,GBP0629-B162,1617DC1ACCE6B50ED2D1359582A70A8B8503C569623EE90C18C6B33542796207,Tester/logs/20261011.log,1470749,2026-07-07,17:30,B152PR,"GO	0	11:31:48.825	Core 04	2026.07.07 17:30:00   [SRJ-IND] B152PR sym=GBPUSD bar=2026.07.07 17:25 z1=150,S,1.34395,1.34430,2026.06.15 11:40,1,2026.06.15 17:05,1.34420,1.34363"
1413,GBP0629-B162,1617DC1ACCE6B50ED2D1359582A70A8B8503C569623EE90C18C6B33542796207,Tester/logs/20261011.log,1470750,2026-07-07,17:30,B152PR,"JS	0	11:31:48.825	Core 04	2026.07.07 17:30:00   [SRJ-IND] B152PR sym=GBPUSD bar=2026.07.07 17:25 z1=1582,B,1.31711,1.31751,2026.06.25 15:45,1,2026.06.25 15:55,1.31818,1.31739"
1414,GBP0629-B162,1617DC1ACCE6B50ED2D1359582A70A8B8503C569623EE90C18C6B33542796207,Tester/logs/20261011.log,1470751,2026-07-07,17:30,B152PR,"FI	0	11:31:48.825	Core 04	2026.07.07 17:30:00   [SRJ-IND] B152PR sym=GBPUSD bar=2026.07.07 17:25 z1=1869,B,1.31919,1.31950,2026.06.29 02:50,1,2026.06.29 03:00,1.32000,1.31935"
1415,GBP0629-B162,1617DC1ACCE6B50ED2D1359582A70A8B8503C569623EE90C18C6B33542796207,Tester/logs/20261011.log,1470752,2026-07-07,17:30,B152PR,"GO	0	11:31:48.825	Core 04	2026.07.07 17:30:00   [SRJ-IND] B152PR sym=GBPUSD bar=2026.07.07 17:25 z1=1875,B,1.31936,1.31982,2026.06.29 05:20,1,2026.06.29 06:55,1.32014,1.31979"
1416,GBP0629-B162,1617DC1ACCE6B50ED2D1359582A70A8B8503C569623EE90C18C6B33542796207,Tester/logs/20261011.log,1470753,2026-07-07,17:30,B152PR,"IE	0	11:31:48.825	Core 04	2026.07.07 17:30:00   [SRJ-IND] B152PR sym=GBPUSD bar=2026.07.07 17:25 z1=1899,B,1.31967,1.31979,2026.06.29 07:35,1,2026.06.29 07:40,1.31994,1.31978"
1417,GBP0629-B162,1617DC1ACCE6B50ED2D1359582A70A8B8503C569623EE90C18C6B33542796207,Tester/logs/20261011.log,1470754,2026-07-07,17:30,B152PR,"LK	0	11:31:48.825	Core 04	2026.07.07 17:30:00   [SRJ-IND] B152PR sym=GBPUSD bar=2026.07.07 17:25 z1=1909,B,1.32024,1.32052,2026.06.29 08:35,1,2026.06.29 11:20,1.32088,1.32041"
1418,GBP0629-B162,1617DC1ACCE6B50ED2D1359582A70A8B8503C569623EE90C18C6B33542796207,Tester/logs/20261011.log,1470755,2026-07-07,17:30,B152PR,"MQ	0	11:31:48.825	Core 04	2026.07.07 17:30:00   [SRJ-IND] B152PR sym=GBPUSD bar=2026.07.07 17:25 z1=1941,B,1.32111,1.32139,2026.06.29 14:30,1,2026.06.30 15:20,1.32223,1.32125"
1419,GBP0629-B162,1617DC1ACCE6B50ED2D1359582A70A8B8503C569623EE90C18C6B33542796207,Tester/logs/20261011.log,1470756,2026-07-07,17:30,B152PR,"EG	0	11:31:48.825	Core 04	2026.07.07 17:30:00   [SRJ-IND] B152PR sym=GBPUSD bar=2026.07.07 17:25 z1=1943,B,1.32097,1.32138,2026.06.29 13:55,1,2026.06.30 15:20,1.32223,1.32125"
1420,GBP0629-B162,1617DC1ACCE6B50ED2D1359582A70A8B8503C569623EE90C18C6B33542796207,Tester/logs/20261011.log,1470757,2026-07-07,17:30,B152PR,"LM	0	11:31:48.825	Core 04	2026.07.07 17:30:00   [SRJ-IND] B152PR sym=GBPUSD bar=2026.07.07 17:25 z1=2367,B,1.32677,1.32799,2026.07.02 03:10,1,2026.07.02 03:15,1.32801,1.32765"
1421,GBP0629-B162,1617DC1ACCE6B50ED2D1359582A70A8B8503C569623EE90C18C6B33542796207,Tester/logs/20261011.log,1470758,2026-07-07,17:30,B152PR,"JR	0	11:31:48.825	Core 04	2026.07.07 17:30:00   [SRJ-IND] B152PR sym=GBPUSD bar=2026.07.07 17:25 z1=2974,S,1.33862,1.33936,2026.07.07 12:25,1,2026.07.07 12:30,1.33881,1.33856"
1422,GBP0629-B162,1617DC1ACCE6B50ED2D1359582A70A8B8503C569623EE90C18C6B33542796207,Tester/logs/20261011.log,1470759,2026-07-07,17:30,B152PR,"QK	0	11:31:48.825	Core 04	2026.07.07 17:30:00   [SRJ-IND] B152PR sym=GBPUSD bar=2026.07.07 17:25 bull=1 bear=1 nz=10"
1423,GBP0629-B162,1617DC1ACCE6B50ED2D1359582A70A8B8503C569623EE90C18C6B33542796207,Tester/logs/20261011.log,1470760,2026-07-07,17:30,B162ORIGIN,"CF	0	11:31:48.825	Core 04	2026.07.07 17:30:00   [SRJ-IND] B162ORIGIN sym=GBPUSD bar=2026.07.07 17:25 side=B n=8 origin=2367 range=1.32677-1.32799 formT=2026.07.02 00:55 set=1582,1869,1875,1899,1909,1941,1943,2367"
1424,GBP0629-B162,1617DC1ACCE6B50ED2D1359582A70A8B8503C569623EE90C18C6B33542796207,Tester/logs/20261011.log,1470761,2026-07-07,17:30,B162ORIGIN,"RN	0	11:31:48.825	Core 04	2026.07.07 17:30:00   [SRJ-IND] B162ORIGIN sym=GBPUSD bar=2026.07.07 17:25 side=S n=2 origin=2974 range=1.33862-1.33936 formT=2026.07.07 11:45 set=150,2974"
1425,GBP0629-B162,1617DC1ACCE6B50ED2D1359582A70A8B8503C569623EE90C18C6B33542796207,Tester/logs/20261011.log,1470769,2026-07-07,17:35,B152PR,"DE	0	11:31:48.825	Core 04	2026.07.07 17:35:00   [SRJ-IND] B152PR sym=GBPUSD bar=2026.07.07 17:30 z1=150,S,1.34395,1.34430,2026.06.15 11:40,1,2026.06.15 17:05,1.34420,1.34363"
1426,GBP0629-B162,1617DC1ACCE6B50ED2D1359582A70A8B8503C569623EE90C18C6B33542796207,Tester/logs/20261011.log,1470770,2026-07-07,17:35,B152PR,"MM	0	11:31:48.825	Core 04	2026.07.07 17:35:00   [SRJ-IND] B152PR sym=GBPUSD bar=2026.07.07 17:30 z1=1582,B,1.31711,1.31751,2026.06.25 15:45,1,2026.06.25 15:55,1.31818,1.31739"
1427,GBP0629-B162,1617DC1ACCE6B50ED2D1359582A70A8B8503C569623EE90C18C6B33542796207,Tester/logs/20261011.log,1470771,2026-07-07,17:35,B152PR,"QS	0	11:31:48.825	Core 04	2026.07.07 17:35:00   [SRJ-IND] B152PR sym=GBPUSD bar=2026.07.07 17:30 z1=1869,B,1.31919,1.31950,2026.06.29 02:50,1,2026.06.29 03:00,1.32000,1.31935"
1428,GBP0629-B162,1617DC1ACCE6B50ED2D1359582A70A8B8503C569623EE90C18C6B33542796207,Tester/logs/20261011.log,1470772,2026-07-07,17:35,B152PR,"LI	0	11:31:48.825	Core 04	2026.07.07 17:35:00   [SRJ-IND] B152PR sym=GBPUSD bar=2026.07.07 17:30 z1=1875,B,1.31936,1.31982,2026.06.29 05:20,1,2026.06.29 06:55,1.32014,1.31979"
1429,GBP0629-B162,1617DC1ACCE6B50ED2D1359582A70A8B8503C569623EE90C18C6B33542796207,Tester/logs/20261011.log,1470773,2026-07-07,17:35,B152PR,"NO	0	11:31:48.825	Core 04	2026.07.07 17:35:00   [SRJ-IND] B152PR sym=GBPUSD bar=2026.07.07 17:30 z1=1899,B,1.31967,1.31979,2026.06.29 07:35,1,2026.06.29 07:40,1.31994,1.31978"
1430,GBP0629-B162,1617DC1ACCE6B50ED2D1359582A70A8B8503C569623EE90C18C6B33542796207,Tester/logs/20261011.log,1470774,2026-07-07,17:35,B152PR,"GE	0	11:31:48.825	Core 04	2026.07.07 17:35:00   [SRJ-IND] B152PR sym=GBPUSD bar=2026.07.07 17:30 z1=1909,B,1.32024,1.32052,2026.06.29 08:35,1,2026.06.29 11:20,1.32088,1.32041"
1431,GBP0629-B162,1617DC1ACCE6B50ED2D1359582A70A8B8503C569623EE90C18C6B33542796207,Tester/logs/20261011.log,1470775,2026-07-07,17:35,B152PR,"JK	0	11:31:48.825	Core 04	2026.07.07 17:35:00   [SRJ-IND] B152PR sym=GBPUSD bar=2026.07.07 17:30 z1=1941,B,1.32111,1.32139,2026.06.29 14:30,1,2026.06.30 15:20,1.32223,1.32125"
1432,GBP0629-B162,1617DC1ACCE6B50ED2D1359582A70A8B8503C569623EE90C18C6B33542796207,Tester/logs/20261011.log,1470776,2026-07-07,17:35,B152PR,"RQ	0	11:31:48.825	Core 04	2026.07.07 17:35:00   [SRJ-IND] B152PR sym=GBPUSD bar=2026.07.07 17:30 z1=1943,B,1.32097,1.32138,2026.06.29 13:55,1,2026.06.30 15:20,1.32223,1.32125"
1433,GBP0629-B162,1617DC1ACCE6B50ED2D1359582A70A8B8503C569623EE90C18C6B33542796207,Tester/logs/20261011.log,1470777,2026-07-07,17:35,B152PR,"GG	0	11:31:48.825	Core 04	2026.07.07 17:35:00   [SRJ-IND] B152PR sym=GBPUSD bar=2026.07.07 17:30 z1=2367,B,1.32677,1.32799,2026.07.02 03:10,1,2026.07.02 03:15,1.32801,1.32765"
1434,GBP0629-B162,1617DC1ACCE6B50ED2D1359582A70A8B8503C569623EE90C18C6B33542796207,Tester/logs/20261011.log,1470778,2026-07-07,17:35,B152PR,"ML	0	11:31:48.825	Core 04	2026.07.07 17:35:00   [SRJ-IND] B152PR sym=GBPUSD bar=2026.07.07 17:30 z1=2974,S,1.33862,1.33936,2026.07.07 12:25,1,2026.07.07 12:30,1.33881,1.33856"
1435,GBP0629-B162,1617DC1ACCE6B50ED2D1359582A70A8B8503C569623EE90C18C6B33542796207,Tester/logs/20261011.log,1470779,2026-07-07,17:35,B152PR,"FQ	0	11:31:48.825	Core 04	2026.07.07 17:35:00   [SRJ-IND] B152PR sym=GBPUSD bar=2026.07.07 17:30 bull=1 bear=1 nz=10"
1436,GBP0629-B162,1617DC1ACCE6B50ED2D1359582A70A8B8503C569623EE90C18C6B33542796207,Tester/logs/20261011.log,1470780,2026-07-07,17:35,B162ORIGIN,"HL	0	11:31:48.825	Core 04	2026.07.07 17:35:00   [SRJ-IND] B162ORIGIN sym=GBPUSD bar=2026.07.07 17:30 side=B n=8 origin=2367 range=1.32677-1.32799 formT=2026.07.02 00:55 set=1582,1869,1875,1899,1909,1941,1943,2367"
1437,GBP0629-B162,1617DC1ACCE6B50ED2D1359582A70A8B8503C569623EE90C18C6B33542796207,Tester/logs/20261011.log,1470781,2026-07-07,17:35,B162ORIGIN,"EQ	0	11:31:48.825	Core 04	2026.07.07 17:35:00   [SRJ-IND] B162ORIGIN sym=GBPUSD bar=2026.07.07 17:30 side=S n=2 origin=2974 range=1.33862-1.33936 formT=2026.07.07 11:45 set=150,2974"
1438,GBP0629-B162,1617DC1ACCE6B50ED2D1359582A70A8B8503C569623EE90C18C6B33542796207,Tester/logs/20261011.log,1470785,2026-07-07,17:35,CQDRECHECK,"OD	0	11:31:48.825	Core 04	2026.07.07 17:35:00   [SRJ-EA] CQDRECHECK shift=2 passA=2.0 passB=2.0 diff=0 bar=2026.07.07 17:25 state=IDLE dir=NONE divLatch=0 hit1=0 hit2=485 mism=0"
1439,GBP0629-B162,1617DC1ACCE6B50ED2D1359582A70A8B8503C569623EE90C18C6B33542796207,Tester/logs/20261011.log,1470790,2026-07-07,17:40,B152PR,"IE	0	11:31:48.825	Core 04	2026.07.07 17:40:00   [SRJ-IND] B152PR sym=GBPUSD bar=2026.07.07 17:35 z1=150,S,1.34395,1.34430,2026.06.15 11:40,1,2026.06.15 17:05,1.34420,1.34363"
1440,GBP0629-B162,1617DC1ACCE6B50ED2D1359582A70A8B8503C569623EE90C18C6B33542796207,Tester/logs/20261011.log,1470791,2026-07-07,17:40,B152PR,"PM	0	11:31:48.825	Core 04	2026.07.07 17:40:00   [SRJ-IND] B152PR sym=GBPUSD bar=2026.07.07 17:35 z1=1582,B,1.31711,1.31751,2026.06.25 15:45,1,2026.06.25 15:55,1.31818,1.31739"
1441,GBP0629-B162,1617DC1ACCE6B50ED2D1359582A70A8B8503C569623EE90C18C6B33542796207,Tester/logs/20261011.log,1470792,2026-07-07,17:40,B152PR,"LS	0	11:31:48.825	Core 04	2026.07.07 17:40:00   [SRJ-IND] B152PR sym=GBPUSD bar=2026.07.07 17:35 z1=1869,B,1.31919,1.31950,2026.06.29 02:50,1,2026.06.29 03:00,1.32000,1.31935"
1442,GBP0629-B162,1617DC1ACCE6B50ED2D1359582A70A8B8503C569623EE90C18C6B33542796207,Tester/logs/20261011.log,1470793,2026-07-07,17:40,B152PR,"QI	0	11:31:48.825	Core 04	2026.07.07 17:40:00   [SRJ-IND] B152PR sym=GBPUSD bar=2026.07.07 17:35 z1=1875,B,1.31936,1.31982,2026.06.29 05:20,1,2026.06.29 06:55,1.32014,1.31979"
1443,GBP0629-B162,1617DC1ACCE6B50ED2D1359582A70A8B8503C569623EE90C18C6B33542796207,Tester/logs/20261011.log,1470794,2026-07-07,17:40,B152PR,"OO	0	11:31:48.825	Core 04	2026.07.07 17:40:00   [SRJ-IND] B152PR sym=GBPUSD bar=2026.07.07 17:35 z1=1899,B,1.31967,1.31979,2026.06.29 07:35,1,2026.06.29 07:40,1.31994,1.31978"
1444,GBP0629-B162,1617DC1ACCE6B50ED2D1359582A70A8B8503C569623EE90C18C6B33542796207,Tester/logs/20261011.log,1470795,2026-07-07,17:40,B152PR,"FE	0	11:31:48.825	Core 04	2026.07.07 17:40:00   [SRJ-IND] B152PR sym=GBPUSD bar=2026.07.07 17:35 z1=1909,B,1.32024,1.32052,2026.06.29 08:35,1,2026.06.29 11:20,1.32088,1.32041"
1445,GBP0629-B162,1617DC1ACCE6B50ED2D1359582A70A8B8503C569623EE90C18C6B33542796207,Tester/logs/20261011.log,1470796,2026-07-07,17:40,B152PR,"CK	0	11:31:48.825	Core 04	2026.07.07 17:40:00   [SRJ-IND] B152PR sym=GBPUSD bar=2026.07.07 17:35 z1=1941,B,1.32111,1.32139,2026.06.29 14:30,1,2026.06.30 15:20,1.32223,1.32125"
1446,GBP0629-B162,1617DC1ACCE6B50ED2D1359582A70A8B8503C569623EE90C18C6B33542796207,Tester/logs/20261011.log,1470797,2026-07-07,17:40,B152PR,"KQ	0	11:31:48.825	Core 04	2026.07.07 17:40:00   [SRJ-IND] B152PR sym=GBPUSD bar=2026.07.07 17:35 z1=1943,B,1.32097,1.32138,2026.06.29 13:55,1,2026.06.30 15:20,1.32223,1.32125"
1447,GBP0629-B162,1617DC1ACCE6B50ED2D1359582A70A8B8503C569623EE90C18C6B33542796207,Tester/logs/20261011.log,1470798,2026-07-07,17:40,B152PR,"FG	0	11:31:48.825	Core 04	2026.07.07 17:40:00   [SRJ-IND] B152PR sym=GBPUSD bar=2026.07.07 17:35 z1=2367,B,1.32677,1.32799,2026.07.02 03:10,1,2026.07.02 03:15,1.32801,1.32765"
1448,GBP0629-B162,1617DC1ACCE6B50ED2D1359582A70A8B8503C569623EE90C18C6B33542796207,Tester/logs/20261011.log,1470799,2026-07-07,17:40,B152PR,"PL	0	11:31:48.825	Core 04	2026.07.07 17:40:00   [SRJ-IND] B152PR sym=GBPUSD bar=2026.07.07 17:35 z1=2974,S,1.33862,1.33936,2026.07.07 12:25,1,2026.07.07 12:30,1.33881,1.33856"
1449,GBP0629-B162,1617DC1ACCE6B50ED2D1359582A70A8B8503C569623EE90C18C6B33542796207,Tester/logs/20261011.log,1470800,2026-07-07,17:40,B152PR,"GQ	0	11:31:48.825	Core 04	2026.07.07 17:40:00   [SRJ-IND] B152PR sym=GBPUSD bar=2026.07.07 17:35 bull=1 bear=1 nz=10"
1450,GBP0629-B162,1617DC1ACCE6B50ED2D1359582A70A8B8503C569623EE90C18C6B33542796207,Tester/logs/20261011.log,1470801,2026-07-07,17:40,B162ORIGIN,"EL	0	11:31:48.825	Core 04	2026.07.07 17:40:00   [SRJ-IND] B162ORIGIN sym=GBPUSD bar=2026.07.07 17:35 side=B n=8 origin=2367 range=1.32677-1.32799 formT=2026.07.02 00:55 set=1582,1869,1875,1899,1909,1941,1943,2367"
1451,GBP0629-B162,1617DC1ACCE6B50ED2D1359582A70A8B8503C569623EE90C18C6B33542796207,Tester/logs/20261011.log,1470802,2026-07-07,17:40,B162ORIGIN,"HQ	0	11:31:48.825	Core 04	2026.07.07 17:40:00   [SRJ-IND] B162ORIGIN sym=GBPUSD bar=2026.07.07 17:35 side=S n=2 origin=2974 range=1.33862-1.33936 formT=2026.07.07 11:45 set=150,2974"
1452,GBP0629-B162,1617DC1ACCE6B50ED2D1359582A70A8B8503C569623EE90C18C6B33542796207,Tester/logs/20261011.log,1470810,2026-07-07,17:45,B152PR,"PH	0	11:31:48.825	Core 04	2026.07.07 17:45:00   [SRJ-IND] B152PR sym=GBPUSD bar=2026.07.07 17:40 z1=150,S,1.34395,1.34430,2026.06.15 11:40,1,2026.06.15 17:05,1.34420,1.34363"
1453,GBP0629-B162,1617DC1ACCE6B50ED2D1359582A70A8B8503C569623EE90C18C6B33542796207,Tester/logs/20261011.log,1470811,2026-07-07,17:45,B152PR,"QO	0	11:31:48.825	Core 04	2026.07.07 17:45:00   [SRJ-IND] B152PR sym=GBPUSD bar=2026.07.07 17:40 z1=1582,B,1.31711,1.31751,2026.06.25 15:45,1,2026.06.25 15:55,1.31818,1.31739"
1454,GBP0629-B162,1617DC1ACCE6B50ED2D1359582A70A8B8503C569623EE90C18C6B33542796207,Tester/logs/20261011.log,1470812,2026-07-07,17:45,B152PR,"ME	0	11:31:48.825	Core 04	2026.07.07 17:45:00   [SRJ-IND] B152PR sym=GBPUSD bar=2026.07.07 17:40 z1=1869,B,1.31919,1.31950,2026.06.29 02:50,1,2026.06.29 03:00,1.32000,1.31935"
1455,GBP0629-B162,1617DC1ACCE6B50ED2D1359582A70A8B8503C569623EE90C18C6B33542796207,Tester/logs/20261011.log,1470813,2026-07-07,17:45,B152PR,"PK	0	11:31:48.825	Core 04	2026.07.07 17:45:00   [SRJ-IND] B152PR sym=GBPUSD bar=2026.07.07 17:40 z1=1875,B,1.31936,1.31982,2026.06.29 05:20,1,2026.06.29 06:55,1.32014,1.31979"
1456,GBP0629-B162,1617DC1ACCE6B50ED2D1359582A70A8B8503C569623EE90C18C6B33542796207,Tester/logs/20261011.log,1470814,2026-07-07,17:45,B152PR,"RQ	0	11:31:48.825	Core 04	2026.07.07 17:45:00   [SRJ-IND] B152PR sym=GBPUSD bar=2026.07.07 17:40 z1=1899,B,1.31967,1.31979,2026.06.29 07:35,1,2026.06.29 07:40,1.31994,1.31978"
1457,GBP0629-B162,1617DC1ACCE6B50ED2D1359582A70A8B8503C569623EE90C18C6B33542796207,Tester/logs/20261011.log,1470815,2026-07-07,17:45,B152PR,"CG	0	11:31:48.825	Core 04	2026.07.07 17:45:00   [SRJ-IND] B152PR sym=GBPUSD bar=2026.07.07 17:40 z1=1909,B,1.32024,1.32052,2026.06.29 08:35,1,2026.06.29 11:20,1.32088,1.32041"
1458,GBP0629-B162,1617DC1ACCE6B50ED2D1359582A70A8B8503C569623EE90C18C6B33542796207,Tester/logs/20261011.log,1470816,2026-07-07,17:45,B152PR,"FM	0	11:31:48.825	Core 04	2026.07.07 17:45:00   [SRJ-IND] B152PR sym=GBPUSD bar=2026.07.07 17:40 z1=1941,B,1.32111,1.32139,2026.06.29 14:30,1,2026.06.30 15:20,1.32223,1.32125"
1459,GBP0629-B162,1617DC1ACCE6B50ED2D1359582A70A8B8503C569623EE90C18C6B33542796207,Tester/logs/20261011.log,1470817,2026-07-07,17:45,B152PR,"NS	0	11:31:48.825	Core 04	2026.07.07 17:45:00   [SRJ-IND] B152PR sym=GBPUSD bar=2026.07.07 17:40 z1=1943,B,1.32097,1.32138,2026.06.29 13:55,1,2026.06.30 15:20,1.32223,1.32125"
1460,GBP0629-B162,1617DC1ACCE6B50ED2D1359582A70A8B8503C569623EE90C18C6B33542796207,Tester/logs/20261011.log,1470818,2026-07-07,17:45,B152PR,"CI	0	11:31:48.825	Core 04	2026.07.07 17:45:00   [SRJ-IND] B152PR sym=GBPUSD bar=2026.07.07 17:40 z1=2367,B,1.32677,1.32799,2026.07.02 03:10,1,2026.07.02 03:15,1.32801,1.32765"
1461,GBP0629-B162,1617DC1ACCE6B50ED2D1359582A70A8B8503C569623EE90C18C6B33542796207,Tester/logs/20261011.log,1470819,2026-07-07,17:45,B152PR,"QN	0	11:31:48.825	Core 04	2026.07.07 17:45:00   [SRJ-IND] B152PR sym=GBPUSD bar=2026.07.07 17:40 z1=2974,S,1.33862,1.33936,2026.07.07 12:25,1,2026.07.07 12:30,1.33881,1.33856"
1462,GBP0629-B162,1617DC1ACCE6B50ED2D1359582A70A8B8503C569623EE90C18C6B33542796207,Tester/logs/20261011.log,1470820,2026-07-07,17:45,B152PR,"JG	0	11:31:48.825	Core 04	2026.07.07 17:45:00   [SRJ-IND] B152PR sym=GBPUSD bar=2026.07.07 17:40 bull=1 bear=1 nz=10"
1463,GBP0629-B162,1617DC1ACCE6B50ED2D1359582A70A8B8503C569623EE90C18C6B33542796207,Tester/logs/20261011.log,1470821,2026-07-07,17:45,B162ORIGIN,"LJ	0	11:31:48.825	Core 04	2026.07.07 17:45:00   [SRJ-IND] B162ORIGIN sym=GBPUSD bar=2026.07.07 17:40 side=B n=8 origin=2367 range=1.32677-1.32799 formT=2026.07.02 00:55 set=1582,1869,1875,1899,1909,1941,1943,2367"
1464,GBP0629-B162,1617DC1ACCE6B50ED2D1359582A70A8B8503C569623EE90C18C6B33542796207,Tester/logs/20261011.log,1470822,2026-07-07,17:45,B162ORIGIN,"IS	0	11:31:48.825	Core 04	2026.07.07 17:45:00   [SRJ-IND] B162ORIGIN sym=GBPUSD bar=2026.07.07 17:40 side=S n=2 origin=2974 range=1.33862-1.33936 formT=2026.07.07 11:45 set=150,2974"
1465,GBP0629-B162,1617DC1ACCE6B50ED2D1359582A70A8B8503C569623EE90C18C6B33542796207,Tester/logs/20261011.log,1470830,2026-07-07,17:50,B152PR,"QF	0	11:31:48.825	Core 04	2026.07.07 17:50:02   [SRJ-IND] B152PR sym=GBPUSD bar=2026.07.07 17:45 z1=150,S,1.34395,1.34430,2026.06.15 11:40,1,2026.06.15 17:05,1.34420,1.34363"
1466,GBP0629-B162,1617DC1ACCE6B50ED2D1359582A70A8B8503C569623EE90C18C6B33542796207,Tester/logs/20261011.log,1470831,2026-07-07,17:50,B152PR,"PI	0	11:31:48.825	Core 04	2026.07.07 17:50:02   [SRJ-IND] B152PR sym=GBPUSD bar=2026.07.07 17:45 z1=1582,B,1.31711,1.31751,2026.06.25 15:45,1,2026.06.25 15:55,1.31818,1.31739"
1467,GBP0629-B162,1617DC1ACCE6B50ED2D1359582A70A8B8503C569623EE90C18C6B33542796207,Tester/logs/20261011.log,1470832,2026-07-07,17:50,B152PR,"LO	0	11:31:48.825	Core 04	2026.07.07 17:50:02   [SRJ-IND] B152PR sym=GBPUSD bar=2026.07.07 17:45 z1=1869,B,1.31919,1.31950,2026.06.29 02:50,1,2026.06.29 03:00,1.32000,1.31935"
1468,GBP0629-B162,1617DC1ACCE6B50ED2D1359582A70A8B8503C569623EE90C18C6B33542796207,Tester/logs/20261011.log,1470833,2026-07-07,17:50,B152PR,"QE	0	11:31:48.825	Core 04	2026.07.07 17:50:02   [SRJ-IND] B152PR sym=GBPUSD bar=2026.07.07 17:45 z1=1875,B,1.31936,1.31982,2026.06.29 05:20,1,2026.06.29 06:55,1.32014,1.31979"
1469,GBP0629-B162,1617DC1ACCE6B50ED2D1359582A70A8B8503C569623EE90C18C6B33542796207,Tester/logs/20261011.log,1470834,2026-07-07,17:50,B152PR,"OK	0	11:31:48.825	Core 04	2026.07.07 17:50:02   [SRJ-IND] B152PR sym=GBPUSD bar=2026.07.07 17:45 z1=1899,B,1.31967,1.31979,2026.06.29 07:35,1,2026.06.29 07:40,1.31994,1.31978"
1470,GBP0629-B162,1617DC1ACCE6B50ED2D1359582A70A8B8503C569623EE90C18C6B33542796207,Tester/logs/20261011.log,1470835,2026-07-07,17:50,B152PR,"FQ	0	11:31:48.825	Core 04	2026.07.07 17:50:02   [SRJ-IND] B152PR sym=GBPUSD bar=2026.07.07 17:45 z1=1909,B,1.32024,1.32052,2026.06.29 08:35,1,2026.06.29 11:20,1.32088,1.32041"
1471,GBP0629-B162,1617DC1ACCE6B50ED2D1359582A70A8B8503C569623EE90C18C6B33542796207,Tester/logs/20261011.log,1470836,2026-07-07,17:50,B152PR,"CG	0	11:31:48.825	Core 04	2026.07.07 17:50:02   [SRJ-IND] B152PR sym=GBPUSD bar=2026.07.07 17:45 z1=1941,B,1.32111,1.32139,2026.06.29 14:30,1,2026.06.30 15:20,1.32223,1.32125"
1472,GBP0629-B162,1617DC1ACCE6B50ED2D1359582A70A8B8503C569623EE90C18C6B33542796207,Tester/logs/20261011.log,1470837,2026-07-07,17:50,B152PR,"KM	0	11:31:48.825	Core 04	2026.07.07 17:50:02   [SRJ-IND] B152PR sym=GBPUSD bar=2026.07.07 17:45 z1=1943,B,1.32097,1.32138,2026.06.29 13:55,1,2026.06.30 15:20,1.32223,1.32125"
1473,GBP0629-B162,1617DC1ACCE6B50ED2D1359582A70A8B8503C569623EE90C18C6B33542796207,Tester/logs/20261011.log,1470838,2026-07-07,17:50,B152PR,"FS	0	11:31:48.825	Core 04	2026.07.07 17:50:02   [SRJ-IND] B152PR sym=GBPUSD bar=2026.07.07 17:45 z1=2367,B,1.32677,1.32799,2026.07.02 03:10,1,2026.07.02 03:15,1.32801,1.32765"
1474,GBP0629-B162,1617DC1ACCE6B50ED2D1359582A70A8B8503C569623EE90C18C6B33542796207,Tester/logs/20261011.log,1470839,2026-07-07,17:50,B152PR,"PH	0	11:31:48.825	Core 04	2026.07.07 17:50:02   [SRJ-IND] B152PR sym=GBPUSD bar=2026.07.07 17:45 z1=2974,S,1.33862,1.33936,2026.07.07 12:25,1,2026.07.07 12:30,1.33881,1.33856"
1475,GBP0629-B162,1617DC1ACCE6B50ED2D1359582A70A8B8503C569623EE90C18C6B33542796207,Tester/logs/20261011.log,1470840,2026-07-07,17:50,B152PR,"GM	0	11:31:48.825	Core 04	2026.07.07 17:50:02   [SRJ-IND] B152PR sym=GBPUSD bar=2026.07.07 17:45 bull=1 bear=1 nz=10"
1476,GBP0629-B162,1617DC1ACCE6B50ED2D1359582A70A8B8503C569623EE90C18C6B33542796207,Tester/logs/20261011.log,1470841,2026-07-07,17:50,B162ORIGIN,"MP	0	11:31:48.825	Core 04	2026.07.07 17:50:02   [SRJ-IND] B162ORIGIN sym=GBPUSD bar=2026.07.07 17:45 side=B n=8 origin=2367 range=1.32677-1.32799 formT=2026.07.02 00:55 set=1582,1869,1875,1899,1909,1941,1943,2367"
1477,GBP0629-B162,1617DC1ACCE6B50ED2D1359582A70A8B8503C569623EE90C18C6B33542796207,Tester/logs/20261011.log,1470842,2026-07-07,17:50,B162ORIGIN,"HE	0	11:31:48.825	Core 04	2026.07.07 17:50:02   [SRJ-IND] B162ORIGIN sym=GBPUSD bar=2026.07.07 17:45 side=S n=2 origin=2974 range=1.33862-1.33936 formT=2026.07.07 11:45 set=150,2974"
1478,GBP0629-B162,1617DC1ACCE6B50ED2D1359582A70A8B8503C569623EE90C18C6B33542796207,Tester/logs/20261011.log,1470852,2026-07-07,17:55,B152PR,"RG	0	11:31:48.825	Core 04	2026.07.07 17:55:00   [SRJ-IND] B152PR sym=GBPUSD bar=2026.07.07 17:50 z1=150,S,1.34395,1.34430,2026.06.15 11:40,1,2026.06.15 17:05,1.34420,1.34363"
1479,GBP0629-B162,1617DC1ACCE6B50ED2D1359582A70A8B8503C569623EE90C18C6B33542796207,Tester/logs/20261011.log,1470853,2026-07-07,17:55,B152PR,"CK	0	11:31:48.825	Core 04	2026.07.07 17:55:00   [SRJ-IND] B152PR sym=GBPUSD bar=2026.07.07 17:50 z1=1582,B,1.31711,1.31751,2026.06.25 15:45,1,2026.06.25 15:55,1.31818,1.31739"
1480,GBP0629-B162,1617DC1ACCE6B50ED2D1359582A70A8B8503C569623EE90C18C6B33542796207,Tester/logs/20261011.log,1470854,2026-07-07,17:55,B152PR,"GQ	0	11:31:48.825	Core 04	2026.07.07 17:55:00   [SRJ-IND] B152PR sym=GBPUSD bar=2026.07.07 17:50 z1=1869,B,1.31919,1.31950,2026.06.29 02:50,1,2026.06.29 03:00,1.32000,1.31935"
1481,GBP0629-B162,1617DC1ACCE6B50ED2D1359582A70A8B8503C569623EE90C18C6B33542796207,Tester/logs/20261011.log,1470855,2026-07-07,17:55,B152PR,"FG	0	11:31:48.825	Core 04	2026.07.07 17:55:00   [SRJ-IND] B152PR sym=GBPUSD bar=2026.07.07 17:50 z1=1875,B,1.31936,1.31982,2026.06.29 05:20,1,2026.06.29 06:55,1.32014,1.31979"
1482,GBP0629-B162,1617DC1ACCE6B50ED2D1359582A70A8B8503C569623EE90C18C6B33542796207,Tester/logs/20261011.log,1470856,2026-07-07,17:55,B152PR,"DM	0	11:31:48.825	Core 04	2026.07.07 17:55:00   [SRJ-IND] B152PR sym=GBPUSD bar=2026.07.07 17:50 z1=1899,B,1.31967,1.31979,2026.06.29 07:35,1,2026.06.29 07:40,1.31994,1.31978"
1483,GBP0629-B162,1617DC1ACCE6B50ED2D1359582A70A8B8503C569623EE90C18C6B33542796207,Tester/logs/20261011.log,1470857,2026-07-07,17:55,B152PR,"QS	0	11:31:48.825	Core 04	2026.07.07 17:55:00   [SRJ-IND] B152PR sym=GBPUSD bar=2026.07.07 17:50 z1=1909,B,1.32024,1.32052,2026.06.29 08:35,1,2026.06.29 11:20,1.32088,1.32041"
1484,GBP0629-B162,1617DC1ACCE6B50ED2D1359582A70A8B8503C569623EE90C18C6B33542796207,Tester/logs/20261011.log,1470858,2026-07-07,17:55,B152PR,"PI	0	11:31:48.825	Core 04	2026.07.07 17:55:00   [SRJ-IND] B152PR sym=GBPUSD bar=2026.07.07 17:50 z1=1941,B,1.32111,1.32139,2026.06.29 14:30,1,2026.06.30 15:20,1.32223,1.32125"
1485,GBP0629-B162,1617DC1ACCE6B50ED2D1359582A70A8B8503C569623EE90C18C6B33542796207,Tester/logs/20261011.log,1470859,2026-07-07,17:55,B152PR,"HO	0	11:31:48.825	Core 04	2026.07.07 17:55:00   [SRJ-IND] B152PR sym=GBPUSD bar=2026.07.07 17:50 z1=1943,B,1.32097,1.32138,2026.06.29 13:55,1,2026.06.30 15:20,1.32223,1.32125"
1486,GBP0629-B162,1617DC1ACCE6B50ED2D1359582A70A8B8503C569623EE90C18C6B33542796207,Tester/logs/20261011.log,1470860,2026-07-07,17:55,B152PR,"QE	0	11:31:48.825	Core 04	2026.07.07 17:55:00   [SRJ-IND] B152PR sym=GBPUSD bar=2026.07.07 17:50 z1=2367,B,1.32677,1.32799,2026.07.02 03:10,1,2026.07.02 03:15,1.32801,1.32765"
1487,GBP0629-B162,1617DC1ACCE6B50ED2D1359582A70A8B8503C569623EE90C18C6B33542796207,Tester/logs/20261011.log,1470861,2026-07-07,17:55,B152PR,"CJ	0	11:31:48.825	Core 04	2026.07.07 17:55:00   [SRJ-IND] B152PR sym=GBPUSD bar=2026.07.07 17:50 z1=2974,S,1.33862,1.33936,2026.07.07 12:25,1,2026.07.07 12:30,1.33881,1.33856"
1488,GBP0629-B162,1617DC1ACCE6B50ED2D1359582A70A8B8503C569623EE90C18C6B33542796207,Tester/logs/20261011.log,1470862,2026-07-07,17:55,B152PR,"LS	0	11:31:48.825	Core 04	2026.07.07 17:55:00   [SRJ-IND] B152PR sym=GBPUSD bar=2026.07.07 17:50 bull=1 bear=1 nz=10"
1489,GBP0629-B162,1617DC1ACCE6B50ED2D1359582A70A8B8503C569623EE90C18C6B33542796207,Tester/logs/20261011.log,1470863,2026-07-07,17:55,B162ORIGIN,"RQ	0	11:31:48.825	Core 04	2026.07.07 17:55:00   [SRJ-IND] B162ORIGIN sym=GBPUSD bar=2026.07.07 17:50 side=B n=8 origin=2367 range=1.32677-1.32799 formT=2026.07.02 00:55 set=1582,1869,1875,1899,1909,1941,1943,2367"
1490,GBP0629-B162,1617DC1ACCE6B50ED2D1359582A70A8B8503C569623EE90C18C6B33542796207,Tester/logs/20261011.log,1470864,2026-07-07,17:55,B162ORIGIN,"KF	0	11:31:48.825	Core 04	2026.07.07 17:55:00   [SRJ-IND] B162ORIGIN sym=GBPUSD bar=2026.07.07 17:50 side=S n=2 origin=2974 range=1.33862-1.33936 formT=2026.07.07 11:45 set=150,2974"
1491,GBP0629-B162,1617DC1ACCE6B50ED2D1359582A70A8B8503C569623EE90C18C6B33542796207,Tester/logs/20261011.log,1470872,2026-07-07,17:55,CONFIRMPOLL,"LG	0	11:31:48.825	Core 04	2026.07.07 17:55:00   [SRJ-EA] CONFIRMPOLL bar=2026.07.07 17:50 anchor=Daily-VWAP dir=SHORT oppCandle=1 bodyDir=0 body=33pts doji=0 touchAttr=0 confirm=0 shadow=true"
1492,GBP0629-B162,1617DC1ACCE6B50ED2D1359582A70A8B8503C569623EE90C18C6B33542796207,Tester/logs/20261011.log,1470874,2026-07-07,18:00,B152PR,"RD	0	11:31:48.825	Core 04	2026.07.07 18:00:00   [SRJ-IND] B152PR sym=GBPUSD bar=2026.07.07 17:55 z1=150,S,1.34395,1.34430,2026.06.15 11:40,1,2026.06.15 17:05,1.34420,1.34363"
1493,GBP0629-B162,1617DC1ACCE6B50ED2D1359582A70A8B8503C569623EE90C18C6B33542796207,Tester/logs/20261011.log,1470875,2026-07-07,18:00,B152PR,"OL	0	11:31:48.825	Core 04	2026.07.07 18:00:00   [SRJ-IND] B152PR sym=GBPUSD bar=2026.07.07 17:55 z1=1582,B,1.31711,1.31751,2026.06.25 15:45,1,2026.06.25 15:55,1.31818,1.31739"
1494,GBP0629-B162,1617DC1ACCE6B50ED2D1359582A70A8B8503C569623EE90C18C6B33542796207,Tester/logs/20261011.log,1470876,2026-07-07,18:00,B152PR,"KR	0	11:31:48.825	Core 04	2026.07.07 18:00:00   [SRJ-IND] B152PR sym=GBPUSD bar=2026.07.07 17:55 z1=1869,B,1.31919,1.31950,2026.06.29 02:50,1,2026.06.29 03:00,1.32000,1.31935"
1495,GBP0629-B162,1617DC1ACCE6B50ED2D1359582A70A8B8503C569623EE90C18C6B33542796207,Tester/logs/20261011.log,1470877,2026-07-07,18:00,B152PR,"RH	0	11:31:48.825	Core 04	2026.07.07 18:00:00   [SRJ-IND] B152PR sym=GBPUSD bar=2026.07.07 17:55 z1=1875,B,1.31936,1.31982,2026.06.29 05:20,1,2026.06.29 06:55,1.32014,1.31979"
1496,GBP0629-B162,1617DC1ACCE6B50ED2D1359582A70A8B8503C569623EE90C18C6B33542796207,Tester/logs/20261011.log,1470878,2026-07-07,18:00,B152PR,"PN	0	11:31:48.825	Core 04	2026.07.07 18:00:00   [SRJ-IND] B152PR sym=GBPUSD bar=2026.07.07 17:55 z1=1899,B,1.31967,1.31979,2026.06.29 07:35,1,2026.06.29 07:40,1.31994,1.31978"
1497,GBP0629-B162,1617DC1ACCE6B50ED2D1359582A70A8B8503C569623EE90C18C6B33542796207,Tester/logs/20261011.log,1470879,2026-07-07,18:00,B152PR,"ED	0	11:31:48.825	Core 04	2026.07.07 18:00:00   [SRJ-IND] B152PR sym=GBPUSD bar=2026.07.07 17:55 z1=1909,B,1.32024,1.32052,2026.06.29 08:35,1,2026.06.29 11:20,1.32088,1.32041"
1498,GBP0629-B162,1617DC1ACCE6B50ED2D1359582A70A8B8503C569623EE90C18C6B33542796207,Tester/logs/20261011.log,1470880,2026-07-07,18:00,B152PR,"DJ	0	11:31:48.825	Core 04	2026.07.07 18:00:00   [SRJ-IND] B152PR sym=GBPUSD bar=2026.07.07 17:55 z1=1941,B,1.32111,1.32139,2026.06.29 14:30,1,2026.06.30 15:20,1.32223,1.32125"
1499,GBP0629-B162,1617DC1ACCE6B50ED2D1359582A70A8B8503C569623EE90C18C6B33542796207,Tester/logs/20261011.log,1470881,2026-07-07,18:00,B152PR,"LP	0	11:31:48.825	Core 04	2026.07.07 18:00:00   [SRJ-IND] B152PR sym=GBPUSD bar=2026.07.07 17:55 z1=1943,B,1.32097,1.32138,2026.06.29 13:55,1,2026.06.30 15:20,1.32223,1.32125"
1500,GBP0629-B162,1617DC1ACCE6B50ED2D1359582A70A8B8503C569623EE90C18C6B33542796207,Tester/logs/20261011.log,1470882,2026-07-07,18:00,B152PR,"EF	0	11:31:48.825	Core 04	2026.07.07 18:00:00   [SRJ-IND] B152PR sym=GBPUSD bar=2026.07.07 17:55 z1=2367,B,1.32677,1.32799,2026.07.02 03:10,1,2026.07.02 03:15,1.32801,1.32765"
1501,GBP0629-B162,1617DC1ACCE6B50ED2D1359582A70A8B8503C569623EE90C18C6B33542796207,Tester/logs/20261011.log,1470883,2026-07-07,18:00,B152PR,"OM	0	11:31:48.825	Core 04	2026.07.07 18:00:00   [SRJ-IND] B152PR sym=GBPUSD bar=2026.07.07 17:55 z1=2974,S,1.33862,1.33936,2026.07.07 12:25,1,2026.07.07 12:30,1.33881,1.33856"
1502,GBP0629-B162,1617DC1ACCE6B50ED2D1359582A70A8B8503C569623EE90C18C6B33542796207,Tester/logs/20261011.log,1470884,2026-07-07,18:00,B152PR,"HP	0	11:31:48.825	Core 04	2026.07.07 18:00:00   [SRJ-IND] B152PR sym=GBPUSD bar=2026.07.07 17:55 bull=1 bear=1 nz=10"
1503,GBP0629-B162,1617DC1ACCE6B50ED2D1359582A70A8B8503C569623EE90C18C6B33542796207,Tester/logs/20261011.log,1470885,2026-07-07,18:00,B162ORIGIN,"NO	0	11:31:48.825	Core 04	2026.07.07 18:00:00   [SRJ-IND] B162ORIGIN sym=GBPUSD bar=2026.07.07 17:55 side=B n=8 origin=2367 range=1.32677-1.32799 formT=2026.07.02 00:55 set=1582,1869,1875,1899,1909,1941,1943,2367"
1504,GBP0629-B162,1617DC1ACCE6B50ED2D1359582A70A8B8503C569623EE90C18C6B33542796207,Tester/logs/20261011.log,1470886,2026-07-07,18:00,B162ORIGIN,"GG	0	11:31:48.825	Core 04	2026.07.07 18:00:00   [SRJ-IND] B162ORIGIN sym=GBPUSD bar=2026.07.07 17:55 side=S n=2 origin=2974 range=1.33862-1.33936 formT=2026.07.07 11:45 set=150,2974"
1505,GBP0629-B162,1617DC1ACCE6B50ED2D1359582A70A8B8503C569623EE90C18C6B33542796207,Tester/logs/20261011.log,1470891,2026-07-07,18:00,CQDRECHECK,"GG	0	11:31:48.825	Core 04	2026.07.07 18:00:00   [SRJ-EA] CQDRECHECK shift=2 passA=-1.0 passB=-1.0 diff=0 bar=2026.07.07 17:50 state=IDLE dir=NONE divLatch=0 hit1=0 hit2=486 mism=0"
1506,GBP0629-B162,1617DC1ACCE6B50ED2D1359582A70A8B8503C569623EE90C18C6B33542796207,Tester/logs/20261011.log,1470896,2026-07-07,18:05,B152PR,"CD	0	11:31:48.825	Core 04	2026.07.07 18:05:01   [SRJ-IND] B152PR sym=GBPUSD bar=2026.07.07 18:00 z1=150,S,1.34395,1.34430,2026.06.15 11:40,1,2026.06.15 17:05,1.34420,1.34363"
1507,GBP0629-B162,1617DC1ACCE6B50ED2D1359582A70A8B8503C569623EE90C18C6B33542796207,Tester/logs/20261011.log,1470897,2026-07-07,18:05,B152PR,"NL	0	11:31:48.825	Core 04	2026.07.07 18:05:01   [SRJ-IND] B152PR sym=GBPUSD bar=2026.07.07 18:00 z1=1582,B,1.31711,1.31751,2026.06.25 15:45,1,2026.06.25 15:55,1.31818,1.31739"
1508,GBP0629-B162,1617DC1ACCE6B50ED2D1359582A70A8B8503C569623EE90C18C6B33542796207,Tester/logs/20261011.log,1470898,2026-07-07,18:05,B152PR,"RR	0	11:31:48.825	Core 04	2026.07.07 18:05:01   [SRJ-IND] B152PR sym=GBPUSD bar=2026.07.07 18:00 z1=1869,B,1.31919,1.31950,2026.06.29 02:50,1,2026.06.29 03:00,1.32000,1.31935"
1509,GBP0629-B162,1617DC1ACCE6B50ED2D1359582A70A8B8503C569623EE90C18C6B33542796207,Tester/logs/20261011.log,1470899,2026-07-07,18:05,B152PR,"KH	0	11:31:48.825	Core 04	2026.07.07 18:05:01   [SRJ-IND] B152PR sym=GBPUSD bar=2026.07.07 18:00 z1=1875,B,1.31936,1.31982,2026.06.29 05:20,1,2026.06.29 06:55,1.32014,1.31979"
1510,GBP0629-B162,1617DC1ACCE6B50ED2D1359582A70A8B8503C569623EE90C18C6B33542796207,Tester/logs/20261011.log,1470900,2026-07-07,18:05,B152PR,"MN	0	11:31:48.825	Core 04	2026.07.07 18:05:01   [SRJ-IND] B152PR sym=GBPUSD bar=2026.07.07 18:00 z1=1899,B,1.31967,1.31979,2026.06.29 07:35,1,2026.06.29 07:40,1.31994,1.31978"
1511,GBP0629-B162,1617DC1ACCE6B50ED2D1359582A70A8B8503C569623EE90C18C6B33542796207,Tester/logs/20261011.log,1470901,2026-07-07,18:05,B152PR,"HD	0	11:31:48.825	Core 04	2026.07.07 18:05:01   [SRJ-IND] B152PR sym=GBPUSD bar=2026.07.07 18:00 z1=1909,B,1.32024,1.32052,2026.06.29 08:35,1,2026.06.29 11:20,1.32088,1.32041"
1512,GBP0629-B162,1617DC1ACCE6B50ED2D1359582A70A8B8503C569623EE90C18C6B33542796207,Tester/logs/20261011.log,1470902,2026-07-07,18:05,B152PR,"IJ	0	11:31:48.825	Core 04	2026.07.07 18:05:01   [SRJ-IND] B152PR sym=GBPUSD bar=2026.07.07 18:00 z1=1941,B,1.32111,1.32139,2026.06.29 14:30,1,2026.06.30 15:20,1.32223,1.32125"
1513,GBP0629-B162,1617DC1ACCE6B50ED2D1359582A70A8B8503C569623EE90C18C6B33542796207,Tester/logs/20261011.log,1470903,2026-07-07,18:05,B152PR,"QP	0	11:31:48.825	Core 04	2026.07.07 18:05:01   [SRJ-IND] B152PR sym=GBPUSD bar=2026.07.07 18:00 z1=1943,B,1.32097,1.32138,2026.06.29 13:55,1,2026.06.30 15:20,1.32223,1.32125"
1514,GBP0629-B162,1617DC1ACCE6B50ED2D1359582A70A8B8503C569623EE90C18C6B33542796207,Tester/logs/20261011.log,1470904,2026-07-07,18:05,B152PR,"HF	0	11:31:48.825	Core 04	2026.07.07 18:05:01   [SRJ-IND] B152PR sym=GBPUSD bar=2026.07.07 18:00 z1=2367,B,1.32677,1.32799,2026.07.02 03:10,1,2026.07.02 03:15,1.32801,1.32765"
1515,GBP0629-B162,1617DC1ACCE6B50ED2D1359582A70A8B8503C569623EE90C18C6B33542796207,Tester/logs/20261011.log,1470905,2026-07-07,18:05,B152PR,"NM	0	11:31:48.825	Core 04	2026.07.07 18:05:01   [SRJ-IND] B152PR sym=GBPUSD bar=2026.07.07 18:00 z1=2974,S,1.33862,1.33936,2026.07.07 12:25,1,2026.07.07 12:30,1.33881,1.33856"
1516,GBP0629-B162,1617DC1ACCE6B50ED2D1359582A70A8B8503C569623EE90C18C6B33542796207,Tester/logs/20261011.log,1470906,2026-07-07,18:05,B152PR,"EP	0	11:31:48.825	Core 04	2026.07.07 18:05:01   [SRJ-IND] B152PR sym=GBPUSD bar=2026.07.07 18:00 bull=1 bear=1 nz=10"
1517,GBP0629-B162,1617DC1ACCE6B50ED2D1359582A70A8B8503C569623EE90C18C6B33542796207,Tester/logs/20261011.log,1470907,2026-07-07,18:05,B162ORIGIN,"GO	0	11:31:48.825	Core 04	2026.07.07 18:05:01   [SRJ-IND] B162ORIGIN sym=GBPUSD bar=2026.07.07 18:00 side=B n=8 origin=2367 range=1.32677-1.32799 formT=2026.07.02 00:55 set=1582,1869,1875,1899,1909,1941,1943,2367"
1518,GBP0629-B162,1617DC1ACCE6B50ED2D1359582A70A8B8503C569623EE90C18C6B33542796207,Tester/logs/20261011.log,1470908,2026-07-07,18:05,B162ORIGIN,"FP	0	11:31:48.825	Core 04	2026.07.07 18:05:01   [SRJ-IND] B162ORIGIN sym=GBPUSD bar=2026.07.07 18:00 side=S n=2 origin=2974 range=1.33862-1.33936 formT=2026.07.07 11:45 set=150,2974"
1519,GBP0629-B162,1617DC1ACCE6B50ED2D1359582A70A8B8503C569623EE90C18C6B33542796207,Tester/logs/20261011.log,1470915,2026-07-07,18:10,B152PR,"GR	0	11:31:48.825	Core 04	2026.07.07 18:10:00   [SRJ-IND] B152PR sym=GBPUSD bar=2026.07.07 18:05 z1=150,S,1.34395,1.34430,2026.06.15 11:40,1,2026.06.15 17:05,1.34420,1.34363"
1520,GBP0629-B162,1617DC1ACCE6B50ED2D1359582A70A8B8503C569623EE90C18C6B33542796207,Tester/logs/20261011.log,1470916,2026-07-07,18:10,B152PR,"JF	0	11:31:48.825	Core 04	2026.07.07 18:10:00   [SRJ-IND] B152PR sym=GBPUSD bar=2026.07.07 18:05 z1=1582,B,1.31711,1.31751,2026.06.25 15:45,1,2026.06.25 15:55,1.31818,1.31739"
1521,GBP0629-B162,1617DC1ACCE6B50ED2D1359582A70A8B8503C569623EE90C18C6B33542796207,Tester/logs/20261011.log,1470917,2026-07-07,18:10,B152PR,"FL	0	11:31:48.825	Core 04	2026.07.07 18:10:00   [SRJ-IND] B152PR sym=GBPUSD bar=2026.07.07 18:05 z1=1869,B,1.31919,1.31950,2026.06.29 02:50,1,2026.06.29 03:00,1.32000,1.31935"
1522,GBP0629-B162,1617DC1ACCE6B50ED2D1359582A70A8B8503C569623EE90C18C6B33542796207,Tester/logs/20261011.log,1470918,2026-07-07,18:10,B152PR,"GR	0	11:31:48.825	Core 04	2026.07.07 18:10:00   [SRJ-IND] B152PR sym=GBPUSD bar=2026.07.07 18:05 z1=1875,B,1.31936,1.31982,2026.06.29 05:20,1,2026.06.29 06:55,1.32014,1.31979"
1523,GBP0629-B162,1617DC1ACCE6B50ED2D1359582A70A8B8503C569623EE90C18C6B33542796207,Tester/logs/20261011.log,1470919,2026-07-07,18:10,B152PR,"IH	0	11:31:48.825	Core 04	2026.07.07 18:10:00   [SRJ-IND] B152PR sym=GBPUSD bar=2026.07.07 18:05 z1=1899,B,1.31967,1.31979,2026.06.29 07:35,1,2026.06.29 07:40,1.31994,1.31978"
1524,GBP0629-B162,1617DC1ACCE6B50ED2D1359582A70A8B8503C569623EE90C18C6B33542796207,Tester/logs/20261011.log,1470920,2026-07-07,18:10,B152PR,"LN	0	11:31:48.825	Core 04	2026.07.07 18:10:00   [SRJ-IND] B152PR sym=GBPUSD bar=2026.07.07 18:05 z1=1909,B,1.32024,1.32052,2026.06.29 08:35,1,2026.06.29 11:20,1.32088,1.32041"
1525,GBP0629-B162,1617DC1ACCE6B50ED2D1359582A70A8B8503C569623EE90C18C6B33542796207,Tester/logs/20261011.log,1470921,2026-07-07,18:10,B152PR,"MD	0	11:31:48.825	Core 04	2026.07.07 18:10:00   [SRJ-IND] B152PR sym=GBPUSD bar=2026.07.07 18:05 z1=1941,B,1.32111,1.32139,2026.06.29 14:30,1,2026.06.30 15:20,1.32223,1.32125"
1526,GBP0629-B162,1617DC1ACCE6B50ED2D1359582A70A8B8503C569623EE90C18C6B33542796207,Tester/logs/20261011.log,1470922,2026-07-07,18:10,B152PR,"EJ	0	11:31:48.825	Core 04	2026.07.07 18:10:00   [SRJ-IND] B152PR sym=GBPUSD bar=2026.07.07 18:05 z1=1943,B,1.32097,1.32138,2026.06.29 13:55,1,2026.06.30 15:20,1.32223,1.32125"
1527,GBP0629-B162,1617DC1ACCE6B50ED2D1359582A70A8B8503C569623EE90C18C6B33542796207,Tester/logs/20261011.log,1470923,2026-07-07,18:10,B152PR,"LP	0	11:31:48.825	Core 04	2026.07.07 18:10:00   [SRJ-IND] B152PR sym=GBPUSD bar=2026.07.07 18:05 z1=2367,B,1.32677,1.32799,2026.07.02 03:10,1,2026.07.02 03:15,1.32801,1.32765"
1528,GBP0629-B162,1617DC1ACCE6B50ED2D1359582A70A8B8503C569623EE90C18C6B33542796207,Tester/logs/20261011.log,1470924,2026-07-07,18:10,B152PR,"JG	0	11:31:48.825	Core 04	2026.07.07 18:10:00   [SRJ-IND] B152PR sym=GBPUSD bar=2026.07.07 18:05 z1=2974,S,1.33862,1.33936,2026.07.07 12:25,1,2026.07.07 12:30,1.33881,1.33856"
1529,GBP0629-B162,1617DC1ACCE6B50ED2D1359582A70A8B8503C569623EE90C18C6B33542796207,Tester/logs/20261011.log,1470925,2026-07-07,18:10,B152PR,"QN	0	11:31:48.825	Core 04	2026.07.07 18:10:00   [SRJ-IND] B152PR sym=GBPUSD bar=2026.07.07 18:05 bull=1 bear=1 nz=10"
1530,GBP0629-B162,1617DC1ACCE6B50ED2D1359582A70A8B8503C569623EE90C18C6B33542796207,Tester/logs/20261011.log,1470926,2026-07-07,18:10,B162ORIGIN,"CE	0	11:31:48.825	Core 04	2026.07.07 18:10:00   [SRJ-IND] B162ORIGIN sym=GBPUSD bar=2026.07.07 18:05 side=B n=8 origin=2367 range=1.32677-1.32799 formT=2026.07.02 00:55 set=1582,1869,1875,1899,1909,1941,1943,2367"
1531,GBP0629-B162,1617DC1ACCE6B50ED2D1359582A70A8B8503C569623EE90C18C6B33542796207,Tester/logs/20261011.log,1470927,2026-07-07,18:10,B162ORIGIN,"RI	0	11:31:48.825	Core 04	2026.07.07 18:10:00   [SRJ-IND] B162ORIGIN sym=GBPUSD bar=2026.07.07 18:05 side=S n=2 origin=2974 range=1.33862-1.33936 formT=2026.07.07 11:45 set=150,2974"
1532,GBP0629-B162,1617DC1ACCE6B50ED2D1359582A70A8B8503C569623EE90C18C6B33542796207,Tester/logs/20261011.log,1470934,2026-07-07,18:15,B152PR,"LH	0	11:31:48.825	Core 04	2026.07.07 18:15:00   [SRJ-IND] B152PR sym=GBPUSD bar=2026.07.07 18:10 z1=150,S,1.34395,1.34430,2026.06.15 11:40,1,2026.06.15 17:05,1.34420,1.34363"
1533,GBP0629-B162,1617DC1ACCE6B50ED2D1359582A70A8B8503C569623EE90C18C6B33542796207,Tester/logs/20261011.log,1470935,2026-07-07,18:15,B152PR,"EP	0	11:31:48.825	Core 04	2026.07.07 18:15:00   [SRJ-IND] B152PR sym=GBPUSD bar=2026.07.07 18:10 z1=1582,B,1.31711,1.31751,2026.06.25 15:45,1,2026.06.25 15:55,1.31818,1.31739"
1534,GBP0629-B162,1617DC1ACCE6B50ED2D1359582A70A8B8503C569623EE90C18C6B33542796207,Tester/logs/20261011.log,1470936,2026-07-07,18:15,B152PR,"IF	0	11:31:48.825	Core 04	2026.07.07 18:15:00   [SRJ-IND] B152PR sym=GBPUSD bar=2026.07.07 18:10 z1=1869,B,1.31919,1.31950,2026.06.29 02:50,1,2026.06.29 03:00,1.32000,1.31935"
1535,GBP0629-B162,1617DC1ACCE6B50ED2D1359582A70A8B8503C569623EE90C18C6B33542796207,Tester/logs/20261011.log,1470937,2026-07-07,18:15,B152PR,"DL	0	11:31:48.825	Core 04	2026.07.07 18:15:00   [SRJ-IND] B152PR sym=GBPUSD bar=2026.07.07 18:10 z1=1875,B,1.31936,1.31982,2026.06.29 05:20,1,2026.06.29 06:55,1.32014,1.31979"
1536,GBP0629-B162,1617DC1ACCE6B50ED2D1359582A70A8B8503C569623EE90C18C6B33542796207,Tester/logs/20261011.log,1470938,2026-07-07,18:15,B152PR,"FR	0	11:31:48.825	Core 04	2026.07.07 18:15:00   [SRJ-IND] B152PR sym=GBPUSD bar=2026.07.07 18:10 z1=1899,B,1.31967,1.31979,2026.06.29 07:35,1,2026.06.29 07:40,1.31994,1.31978"
1537,GBP0629-B162,1617DC1ACCE6B50ED2D1359582A70A8B8503C569623EE90C18C6B33542796207,Tester/logs/20261011.log,1470939,2026-07-07,18:15,B152PR,"OH	0	11:31:48.825	Core 04	2026.07.07 18:15:00   [SRJ-IND] B152PR sym=GBPUSD bar=2026.07.07 18:10 z1=1909,B,1.32024,1.32052,2026.06.29 08:35,1,2026.06.29 11:20,1.32088,1.32041"
1538,GBP0629-B162,1617DC1ACCE6B50ED2D1359582A70A8B8503C569623EE90C18C6B33542796207,Tester/logs/20261011.log,1470940,2026-07-07,18:15,B152PR,"RN	0	11:31:48.825	Core 04	2026.07.07 18:15:00   [SRJ-IND] B152PR sym=GBPUSD bar=2026.07.07 18:10 z1=1941,B,1.32111,1.32139,2026.06.29 14:30,1,2026.06.30 15:20,1.32223,1.32125"
1539,GBP0629-B162,1617DC1ACCE6B50ED2D1359582A70A8B8503C569623EE90C18C6B33542796207,Tester/logs/20261011.log,1470941,2026-07-07,18:15,B152PR,"JD	0	11:31:48.825	Core 04	2026.07.07 18:15:00   [SRJ-IND] B152PR sym=GBPUSD bar=2026.07.07 18:10 z1=1943,B,1.32097,1.32138,2026.06.29 13:55,1,2026.06.30 15:20,1.32223,1.32125"
1540,GBP0629-B162,1617DC1ACCE6B50ED2D1359582A70A8B8503C569623EE90C18C6B33542796207,Tester/logs/20261011.log,1470942,2026-07-07,18:15,B152PR,"OJ	0	11:31:48.825	Core 04	2026.07.07 18:15:00   [SRJ-IND] B152PR sym=GBPUSD bar=2026.07.07 18:10 z1=2367,B,1.32677,1.32799,2026.07.02 03:10,1,2026.07.02 03:15,1.32801,1.32765"
1541,GBP0629-B162,1617DC1ACCE6B50ED2D1359582A70A8B8503C569623EE90C18C6B33542796207,Tester/logs/20261011.log,1470943,2026-07-07,18:15,B152PR,"EQ	0	11:31:48.825	Core 04	2026.07.07 18:15:00   [SRJ-IND] B152PR sym=GBPUSD bar=2026.07.07 18:10 z1=2974,S,1.33862,1.33936,2026.07.07 12:25,1,2026.07.07 12:30,1.33881,1.33856"
1542,GBP0629-B162,1617DC1ACCE6B50ED2D1359582A70A8B8503C569623EE90C18C6B33542796207,Tester/logs/20261011.log,1470944,2026-07-07,18:15,B152PR,"ND	0	11:31:48.825	Core 04	2026.07.07 18:15:00   [SRJ-IND] B152PR sym=GBPUSD bar=2026.07.07 18:10 bull=1 bear=1 nz=10"
1543,GBP0629-B162,1617DC1ACCE6B50ED2D1359582A70A8B8503C569623EE90C18C6B33542796207,Tester/logs/20261011.log,1470945,2026-07-07,18:15,B162ORIGIN,"PJ	0	11:31:48.825	Core 04	2026.07.07 18:15:00   [SRJ-IND] B162ORIGIN sym=GBPUSD bar=2026.07.07 18:10 side=B n=8 origin=2367 range=1.32677-1.32799 formT=2026.07.02 00:55 set=1582,1869,1875,1899,1909,1941,1943,2367"
1544,GBP0629-B162,1617DC1ACCE6B50ED2D1359582A70A8B8503C569623EE90C18C6B33542796207,Tester/logs/20261011.log,1470946,2026-07-07,18:15,B162ORIGIN,"MS	0	11:31:48.825	Core 04	2026.07.07 18:15:00   [SRJ-IND] B162ORIGIN sym=GBPUSD bar=2026.07.07 18:10 side=S n=2 origin=2974 range=1.33862-1.33936 formT=2026.07.07 11:45 set=150,2974"
1545,GBP0629-B162,1617DC1ACCE6B50ED2D1359582A70A8B8503C569623EE90C18C6B33542796207,Tester/logs/20261011.log,1470954,2026-07-07,18:20,B152PR,"QF	0	11:31:48.825	Core 04	2026.07.07 18:20:00   [SRJ-IND] B152PR sym=GBPUSD bar=2026.07.07 18:15 z1=150,S,1.34395,1.34430,2026.06.15 11:40,1,2026.06.15 17:05,1.34420,1.34363"
1546,GBP0629-B162,1617DC1ACCE6B50ED2D1359582A70A8B8503C569623EE90C18C6B33542796207,Tester/logs/20261011.log,1470955,2026-07-07,18:20,B152PR,"PI	0	11:31:48.825	Core 04	2026.07.07 18:20:00   [SRJ-IND] B152PR sym=GBPUSD bar=2026.07.07 18:15 z1=1582,B,1.31711,1.31751,2026.06.25 15:45,1,2026.06.25 15:55,1.31818,1.31739"
1547,GBP0629-B162,1617DC1ACCE6B50ED2D1359582A70A8B8503C569623EE90C18C6B33542796207,Tester/logs/20261011.log,1470956,2026-07-07,18:20,B152PR,"LO	0	11:31:48.825	Core 04	2026.07.07 18:20:00   [SRJ-IND] B152PR sym=GBPUSD bar=2026.07.07 18:15 z1=1869,B,1.31919,1.31950,2026.06.29 02:50,1,2026.06.29 03:00,1.32000,1.31935"
1548,GBP0629-B162,1617DC1ACCE6B50ED2D1359582A70A8B8503C569623EE90C18C6B33542796207,Tester/logs/20261011.log,1470957,2026-07-07,18:20,B152PR,"QE	0	11:31:48.825	Core 04	2026.07.07 18:20:00   [SRJ-IND] B152PR sym=GBPUSD bar=2026.07.07 18:15 z1=1875,B,1.31936,1.31982,2026.06.29 05:20,1,2026.06.29 06:55,1.32014,1.31979"
1549,GBP0629-B162,1617DC1ACCE6B50ED2D1359582A70A8B8503C569623EE90C18C6B33542796207,Tester/logs/20261011.log,1470958,2026-07-07,18:20,B152PR,"OK	0	11:31:48.825	Core 04	2026.07.07 18:20:00   [SRJ-IND] B152PR sym=GBPUSD bar=2026.07.07 18:15 z1=1899,B,1.31967,1.31979,2026.06.29 07:35,1,2026.06.29 07:40,1.31994,1.31978"
1550,GBP0629-B162,1617DC1ACCE6B50ED2D1359582A70A8B8503C569623EE90C18C6B33542796207,Tester/logs/20261011.log,1470959,2026-07-07,18:20,B152PR,"FQ	0	11:31:48.825	Core 04	2026.07.07 18:20:00   [SRJ-IND] B152PR sym=GBPUSD bar=2026.07.07 18:15 z1=1909,B,1.32024,1.32052,2026.06.29 08:35,1,2026.06.29 11:20,1.32088,1.32041"
1551,GBP0629-B162,1617DC1ACCE6B50ED2D1359582A70A8B8503C569623EE90C18C6B33542796207,Tester/logs/20261011.log,1470960,2026-07-07,18:20,B152PR,"CG	0	11:31:48.825	Core 04	2026.07.07 18:20:00   [SRJ-IND] B152PR sym=GBPUSD bar=2026.07.07 18:15 z1=1941,B,1.32111,1.32139,2026.06.29 14:30,1,2026.06.30 15:20,1.32223,1.32125"
1552,GBP0629-B162,1617DC1ACCE6B50ED2D1359582A70A8B8503C569623EE90C18C6B33542796207,Tester/logs/20261011.log,1470961,2026-07-07,18:20,B152PR,"KM	0	11:31:48.825	Core 04	2026.07.07 18:20:00   [SRJ-IND] B152PR sym=GBPUSD bar=2026.07.07 18:15 z1=1943,B,1.32097,1.32138,2026.06.29 13:55,1,2026.06.30 15:20,1.32223,1.32125"
1553,GBP0629-B162,1617DC1ACCE6B50ED2D1359582A70A8B8503C569623EE90C18C6B33542796207,Tester/logs/20261011.log,1470962,2026-07-07,18:20,B152PR,"FS	0	11:31:48.825	Core 04	2026.07.07 18:20:00   [SRJ-IND] B152PR sym=GBPUSD bar=2026.07.07 18:15 z1=2367,B,1.32677,1.32799,2026.07.02 03:10,1,2026.07.02 03:15,1.32801,1.32765"
1554,GBP0629-B162,1617DC1ACCE6B50ED2D1359582A70A8B8503C569623EE90C18C6B33542796207,Tester/logs/20261011.log,1470963,2026-07-07,18:20,B152PR,"PH	0	11:31:48.825	Core 04	2026.07.07 18:20:00   [SRJ-IND] B152PR sym=GBPUSD bar=2026.07.07 18:15 z1=2974,S,1.33862,1.33936,2026.07.07 12:25,1,2026.07.07 12:30,1.33881,1.33856"
1555,GBP0629-B162,1617DC1ACCE6B50ED2D1359582A70A8B8503C569623EE90C18C6B33542796207,Tester/logs/20261011.log,1470964,2026-07-07,18:20,B152PR,"QO	0	11:31:48.825	Core 04	2026.07.07 18:20:00   [SRJ-IND] B152PR sym=GBPUSD bar=2026.07.07 18:15 z1=3012,B,1.33678,1.33714,2026.07.07 17:40,1,2026.07.07 18:15,1.33745,1.33701"
1556,GBP0629-B162,1617DC1ACCE6B50ED2D1359582A70A8B8503C569623EE90C18C6B33542796207,Tester/logs/20261011.log,1470965,2026-07-07,18:20,B152PR,"HG	0	11:31:48.825	Core 04	2026.07.07 18:20:00   [SRJ-IND] B152PR sym=GBPUSD bar=2026.07.07 18:15 bull=1 bear=1 nz=11"
1557,GBP0629-B162,1617DC1ACCE6B50ED2D1359582A70A8B8503C569623EE90C18C6B33542796207,Tester/logs/20261011.log,1470966,2026-07-07,18:20,B162ORIGIN,"OH	0	11:31:48.825	Core 04	2026.07.07 18:20:00   [SRJ-IND] B162ORIGIN sym=GBPUSD bar=2026.07.07 18:15 side=B n=9 origin=3012 range=1.33678-1.33714 formT=2026.07.07 17:20 set=1582,1869,1875,1899,1909,1941,1943,2367,3012"
1558,GBP0629-B162,1617DC1ACCE6B50ED2D1359582A70A8B8503C569623EE90C18C6B33542796207,Tester/logs/20261011.log,1470967,2026-07-07,18:20,B162ORIGIN,"FL	0	11:31:48.825	Core 04	2026.07.07 18:20:00   [SRJ-IND] B162ORIGIN sym=GBPUSD bar=2026.07.07 18:15 side=S n=2 origin=2974 range=1.33862-1.33936 formT=2026.07.07 11:45 set=150,2974"
1559,GBP0629-B162,1617DC1ACCE6B50ED2D1359582A70A8B8503C569623EE90C18C6B33542796207,Tester/logs/20261011.log,1470975,2026-07-07,18:25,B152PR,"CN	0	11:31:48.825	Core 04	2026.07.07 18:25:01   [SRJ-IND] B152PR sym=GBPUSD bar=2026.07.07 18:20 z1=150,S,1.34395,1.34430,2026.06.15 11:40,1,2026.06.15 17:05,1.34420,1.34363"
1560,GBP0629-B162,1617DC1ACCE6B50ED2D1359582A70A8B8503C569623EE90C18C6B33542796207,Tester/logs/20261011.log,1470976,2026-07-07,18:25,B152PR,"NR	0	11:31:48.825	Core 04	2026.07.07 18:25:01   [SRJ-IND] B152PR sym=GBPUSD bar=2026.07.07 18:20 z1=1582,B,1.31711,1.31751,2026.06.25 15:45,1,2026.06.25 15:55,1.31818,1.31739"
1561,GBP0629-B162,1617DC1ACCE6B50ED2D1359582A70A8B8503C569623EE90C18C6B33542796207,Tester/logs/20261011.log,1470977,2026-07-07,18:25,B152PR,"RH	0	11:31:48.825	Core 04	2026.07.07 18:25:01   [SRJ-IND] B152PR sym=GBPUSD bar=2026.07.07 18:20 z1=1869,B,1.31919,1.31950,2026.06.29 02:50,1,2026.06.29 03:00,1.32000,1.31935"
1562,GBP0629-B162,1617DC1ACCE6B50ED2D1359582A70A8B8503C569623EE90C18C6B33542796207,Tester/logs/20261011.log,1470978,2026-07-07,18:25,B152PR,"KN	0	11:31:48.825	Core 04	2026.07.07 18:25:01   [SRJ-IND] B152PR sym=GBPUSD bar=2026.07.07 18:20 z1=1875,B,1.31936,1.31982,2026.06.29 05:20,1,2026.06.29 06:55,1.32014,1.31979"
1563,GBP0629-B162,1617DC1ACCE6B50ED2D1359582A70A8B8503C569623EE90C18C6B33542796207,Tester/logs/20261011.log,1470979,2026-07-07,18:25,B152PR,"MD	0	11:31:48.825	Core 04	2026.07.07 18:25:01   [SRJ-IND] B152PR sym=GBPUSD bar=2026.07.07 18:20 z1=1899,B,1.31967,1.31979,2026.06.29 07:35,1,2026.06.29 07:40,1.31994,1.31978"
1564,GBP0629-B162,1617DC1ACCE6B50ED2D1359582A70A8B8503C569623EE90C18C6B33542796207,Tester/logs/20261011.log,1470980,2026-07-07,18:25,B152PR,"HJ	0	11:31:48.825	Core 04	2026.07.07 18:25:01   [SRJ-IND] B152PR sym=GBPUSD bar=2026.07.07 18:20 z1=1909,B,1.32024,1.32052,2026.06.29 08:35,1,2026.06.29 11:20,1.32088,1.32041"
1565,GBP0629-B162,1617DC1ACCE6B50ED2D1359582A70A8B8503C569623EE90C18C6B33542796207,Tester/logs/20261011.log,1470981,2026-07-07,18:25,B152PR,"IP	0	11:31:48.825	Core 04	2026.07.07 18:25:01   [SRJ-IND] B152PR sym=GBPUSD bar=2026.07.07 18:20 z1=1941,B,1.32111,1.32139,2026.06.29 14:30,1,2026.06.30 15:20,1.32223,1.32125"
1566,GBP0629-B162,1617DC1ACCE6B50ED2D1359582A70A8B8503C569623EE90C18C6B33542796207,Tester/logs/20261011.log,1470982,2026-07-07,18:25,B152PR,"QF	0	11:31:48.825	Core 04	2026.07.07 18:25:01   [SRJ-IND] B152PR sym=GBPUSD bar=2026.07.07 18:20 z1=1943,B,1.32097,1.32138,2026.06.29 13:55,1,2026.06.30 15:20,1.32223,1.32125"
1567,GBP0629-B162,1617DC1ACCE6B50ED2D1359582A70A8B8503C569623EE90C18C6B33542796207,Tester/logs/20261011.log,1470983,2026-07-07,18:25,B152PR,"HL	0	11:31:48.825	Core 04	2026.07.07 18:25:01   [SRJ-IND] B152PR sym=GBPUSD bar=2026.07.07 18:20 z1=2367,B,1.32677,1.32799,2026.07.02 03:10,1,2026.07.02 03:15,1.32801,1.32765"
1568,GBP0629-B162,1617DC1ACCE6B50ED2D1359582A70A8B8503C569623EE90C18C6B33542796207,Tester/logs/20261011.log,1470984,2026-07-07,18:25,B152PR,"NS	0	11:31:48.825	Core 04	2026.07.07 18:25:01   [SRJ-IND] B152PR sym=GBPUSD bar=2026.07.07 18:20 z1=2974,S,1.33862,1.33936,2026.07.07 12:25,1,2026.07.07 12:30,1.33881,1.33856"
1569,GBP0629-B162,1617DC1ACCE6B50ED2D1359582A70A8B8503C569623EE90C18C6B33542796207,Tester/logs/20261011.log,1470985,2026-07-07,18:25,B152PR,"KH	0	11:31:48.825	Core 04	2026.07.07 18:25:01   [SRJ-IND] B152PR sym=GBPUSD bar=2026.07.07 18:20 z1=3012,B,1.33678,1.33714,2026.07.07 17:40,1,2026.07.07 18:15,1.33745,1.33701"
1570,GBP0629-B162,1617DC1ACCE6B50ED2D1359582A70A8B8503C569623EE90C18C6B33542796207,Tester/logs/20261011.log,1470986,2026-07-07,18:25,B152PR,"FL	0	11:31:48.825	Core 04	2026.07.07 18:25:01   [SRJ-IND] B152PR sym=GBPUSD bar=2026.07.07 18:20 bull=1 bear=1 nz=11"
1571,GBP0629-B162,1617DC1ACCE6B50ED2D1359582A70A8B8503C569623EE90C18C6B33542796207,Tester/logs/20261011.log,1470987,2026-07-07,18:25,B162ORIGIN,"EQ	0	11:31:48.825	Core 04	2026.07.07 18:25:01   [SRJ-IND] B162ORIGIN sym=GBPUSD bar=2026.07.07 18:20 side=B n=9 origin=3012 range=1.33678-1.33714 formT=2026.07.07 17:20 set=1582,1869,1875,1899,1909,1941,1943,2367,3012"
1572,GBP0629-B162,1617DC1ACCE6B50ED2D1359582A70A8B8503C569623EE90C18C6B33542796207,Tester/logs/20261011.log,1470988,2026-07-07,18:25,B162ORIGIN,"PD	0	11:31:48.825	Core 04	2026.07.07 18:25:01   [SRJ-IND] B162ORIGIN sym=GBPUSD bar=2026.07.07 18:20 side=S n=2 origin=2974 range=1.33862-1.33936 formT=2026.07.07 11:45 set=150,2974"
1573,GBP0629-B162,1617DC1ACCE6B50ED2D1359582A70A8B8503C569623EE90C18C6B33542796207,Tester/logs/20261011.log,1470995,2026-07-07,18:30,B152PR,"QO	0	11:31:48.825	Core 04	2026.07.07 18:30:00   [SRJ-IND] B152PR sym=GBPUSD bar=2026.07.07 18:25 z1=150,S,1.34395,1.34430,2026.06.15 11:40,1,2026.06.15 17:05,1.34420,1.34363"
1574,GBP0629-B162,1617DC1ACCE6B50ED2D1359582A70A8B8503C569623EE90C18C6B33542796207,Tester/logs/20261011.log,1470996,2026-07-07,18:30,B152PR,"DS	0	11:31:48.825	Core 04	2026.07.07 18:30:00   [SRJ-IND] B152PR sym=GBPUSD bar=2026.07.07 18:25 z1=1582,B,1.31711,1.31751,2026.06.25 15:45,1,2026.06.25 15:55,1.31818,1.31739"
1575,GBP0629-B162,1617DC1ACCE6B50ED2D1359582A70A8B8503C569623EE90C18C6B33542796207,Tester/logs/20261011.log,1470997,2026-07-07,18:30,B152PR,"HI	0	11:31:48.825	Core 04	2026.07.07 18:30:00   [SRJ-IND] B152PR sym=GBPUSD bar=2026.07.07 18:25 z1=1869,B,1.31919,1.31950,2026.06.29 02:50,1,2026.06.29 03:00,1.32000,1.31935"
1576,GBP0629-B162,1617DC1ACCE6B50ED2D1359582A70A8B8503C569623EE90C18C6B33542796207,Tester/logs/20261011.log,1470998,2026-07-07,18:30,B152PR,"EO	0	11:31:48.825	Core 04	2026.07.07 18:30:00   [SRJ-IND] B152PR sym=GBPUSD bar=2026.07.07 18:25 z1=1875,B,1.31936,1.31982,2026.06.29 05:20,1,2026.06.29 06:55,1.32014,1.31979"
1577,GBP0629-B162,1617DC1ACCE6B50ED2D1359582A70A8B8503C569623EE90C18C6B33542796207,Tester/logs/20261011.log,1470999,2026-07-07,18:30,B152PR,"CE	0	11:31:48.825	Core 04	2026.07.07 18:30:00   [SRJ-IND] B152PR sym=GBPUSD bar=2026.07.07 18:25 z1=1899,B,1.31967,1.31979,2026.06.29 07:35,1,2026.06.29 07:40,1.31994,1.31978"
1578,GBP0629-B162,1617DC1ACCE6B50ED2D1359582A70A8B8503C569623EE90C18C6B33542796207,Tester/logs/20261011.log,1471000,2026-07-07,18:30,B152PR,"RK	0	11:31:48.825	Core 04	2026.07.07 18:30:00   [SRJ-IND] B152PR sym=GBPUSD bar=2026.07.07 18:25 z1=1909,B,1.32024,1.32052,2026.06.29 08:35,1,2026.06.29 11:20,1.32088,1.32041"
1579,GBP0629-B162,1617DC1ACCE6B50ED2D1359582A70A8B8503C569623EE90C18C6B33542796207,Tester/logs/20261011.log,1471001,2026-07-07,18:30,B152PR,"OQ	0	11:31:48.825	Core 04	2026.07.07 18:30:00   [SRJ-IND] B152PR sym=GBPUSD bar=2026.07.07 18:25 z1=1941,B,1.32111,1.32139,2026.06.29 14:30,1,2026.06.30 15:20,1.32223,1.32125"
1580,GBP0629-B162,1617DC1ACCE6B50ED2D1359582A70A8B8503C569623EE90C18C6B33542796207,Tester/logs/20261011.log,1471002,2026-07-07,18:30,B152PR,"GG	0	11:31:48.825	Core 04	2026.07.07 18:30:00   [SRJ-IND] B152PR sym=GBPUSD bar=2026.07.07 18:25 z1=1943,B,1.32097,1.32138,2026.06.29 13:55,1,2026.06.30 15:20,1.32223,1.32125"
1581,GBP0629-B162,1617DC1ACCE6B50ED2D1359582A70A8B8503C569623EE90C18C6B33542796207,Tester/logs/20261011.log,1471003,2026-07-07,18:30,B152PR,"RM	0	11:31:48.825	Core 04	2026.07.07 18:30:00   [SRJ-IND] B152PR sym=GBPUSD bar=2026.07.07 18:25 z1=2367,B,1.32677,1.32799,2026.07.02 03:10,1,2026.07.02 03:15,1.32801,1.32765"
1582,GBP0629-B162,1617DC1ACCE6B50ED2D1359582A70A8B8503C569623EE90C18C6B33542796207,Tester/logs/20261011.log,1471004,2026-07-07,18:30,B152PR,"DR	0	11:31:48.825	Core 04	2026.07.07 18:30:00   [SRJ-IND] B152PR sym=GBPUSD bar=2026.07.07 18:25 z1=2974,S,1.33862,1.33936,2026.07.07 12:25,1,2026.07.07 12:30,1.33881,1.33856"
1583,GBP0629-B162,1617DC1ACCE6B50ED2D1359582A70A8B8503C569623EE90C18C6B33542796207,Tester/logs/20261011.log,1471005,2026-07-07,18:30,B152PR,"EI	0	11:31:48.825	Core 04	2026.07.07 18:30:00   [SRJ-IND] B152PR sym=GBPUSD bar=2026.07.07 18:25 z1=3012,B,1.33678,1.33714,2026.07.07 17:40,1,2026.07.07 18:15,1.33745,1.33701"
1584,GBP0629-B162,1617DC1ACCE6B50ED2D1359582A70A8B8503C569623EE90C18C6B33542796207,Tester/logs/20261011.log,1471006,2026-07-07,18:30,B152PR,"DN	0	11:31:48.825	Core 04	2026.07.07 18:30:00   [SRJ-IND] B152PR sym=GBPUSD bar=2026.07.07 18:25 z1=3019,S,1.33755,1.33804,2026.07.07 18:20,1,2026.07.07 18:25,1.33774,1.33722"
1585,GBP0629-B162,1617DC1ACCE6B50ED2D1359582A70A8B8503C569623EE90C18C6B33542796207,Tester/logs/20261011.log,1471007,2026-07-07,18:30,B152PR,"MG	0	11:31:48.825	Core 04	2026.07.07 18:30:00   [SRJ-IND] B152PR sym=GBPUSD bar=2026.07.07 18:25 bull=1 bear=1 nz=12"
1586,GBP0629-B162,1617DC1ACCE6B50ED2D1359582A70A8B8503C569623EE90C18C6B33542796207,Tester/logs/20261011.log,1471008,2026-07-07,18:30,B162ORIGIN,"KO	0	11:31:48.825	Core 04	2026.07.07 18:30:00   [SRJ-IND] B162ORIGIN sym=GBPUSD bar=2026.07.07 18:25 side=B n=9 origin=3012 range=1.33678-1.33714 formT=2026.07.07 17:20 set=1582,1869,1875,1899,1909,1941,1943,2367,3012"
1587,GBP0629-B162,1617DC1ACCE6B50ED2D1359582A70A8B8503C569623EE90C18C6B33542796207,Tester/logs/20261011.log,1471009,2026-07-07,18:30,B162ORIGIN,"CQ	0	11:31:48.825	Core 04	2026.07.07 18:30:00   [SRJ-IND] B162ORIGIN sym=GBPUSD bar=2026.07.07 18:25 side=S n=3 origin=3019 range=1.33755-1.33804 formT=2026.07.07 18:05 set=150,2974,3019"
1588,GBP0629-B162,1617DC1ACCE6B50ED2D1359582A70A8B8503C569623EE90C18C6B33542796207,Tester/logs/20261011.log,1471014,2026-07-07,18:30,CQDRECHECK,"IJ	0	11:31:48.825	Core 04	2026.07.07 18:30:00   [SRJ-EA] CQDRECHECK shift=2 passA=-2.0 passB=-2.0 diff=0 bar=2026.07.07 18:20 state=IDLE dir=NONE divLatch=0 hit1=0 hit2=487 mism=0"
1589,GBP0629-B162,1617DC1ACCE6B50ED2D1359582A70A8B8503C569623EE90C18C6B33542796207,Tester/logs/20261011.log,1471019,2026-07-07,18:35,B152PR,"MH	0	11:31:48.825	Core 04	2026.07.07 18:35:01   [SRJ-IND] B152PR sym=GBPUSD bar=2026.07.07 18:30 z1=150,S,1.34395,1.34430,2026.06.15 11:40,1,2026.06.15 17:05,1.34420,1.34363"
1590,GBP0629-B162,1617DC1ACCE6B50ED2D1359582A70A8B8503C569623EE90C18C6B33542796207,Tester/logs/20261011.log,1471020,2026-07-07,18:35,B152PR,"HP	0	11:31:48.825	Core 04	2026.07.07 18:35:01   [SRJ-IND] B152PR sym=GBPUSD bar=2026.07.07 18:30 z1=1582,B,1.31711,1.31751,2026.06.25 15:45,1,2026.06.25 15:55,1.31818,1.31739"
1591,GBP0629-B162,1617DC1ACCE6B50ED2D1359582A70A8B8503C569623EE90C18C6B33542796207,Tester/logs/20261011.log,1471021,2026-07-07,18:35,B152PR,"DF	0	11:31:48.825	Core 04	2026.07.07 18:35:01   [SRJ-IND] B152PR sym=GBPUSD bar=2026.07.07 18:30 z1=1869,B,1.31919,1.31950,2026.06.29 02:50,1,2026.06.29 03:00,1.32000,1.31935"
1592,GBP0629-B162,1617DC1ACCE6B50ED2D1359582A70A8B8503C569623EE90C18C6B33542796207,Tester/logs/20261011.log,1471022,2026-07-07,18:35,B152PR,"IL	0	11:31:48.825	Core 04	2026.07.07 18:35:01   [SRJ-IND] B152PR sym=GBPUSD bar=2026.07.07 18:30 z1=1875,B,1.31936,1.31982,2026.06.29 05:20,1,2026.06.29 06:55,1.32014,1.31979"
1593,GBP0629-B162,1617DC1ACCE6B50ED2D1359582A70A8B8503C569623EE90C18C6B33542796207,Tester/logs/20261011.log,1471023,2026-07-07,18:35,B152PR,"GR	0	11:31:48.825	Core 04	2026.07.07 18:35:01   [SRJ-IND] B152PR sym=GBPUSD bar=2026.07.07 18:30 z1=1899,B,1.31967,1.31979,2026.06.29 07:35,1,2026.06.29 07:40,1.31994,1.31978"
1594,GBP0629-B162,1617DC1ACCE6B50ED2D1359582A70A8B8503C569623EE90C18C6B33542796207,Tester/logs/20261011.log,1471024,2026-07-07,18:35,B152PR,"NH	0	11:31:48.825	Core 04	2026.07.07 18:35:01   [SRJ-IND] B152PR sym=GBPUSD bar=2026.07.07 18:30 z1=1909,B,1.32024,1.32052,2026.06.29 08:35,1,2026.06.29 11:20,1.32088,1.32041"
1595,GBP0629-B162,1617DC1ACCE6B50ED2D1359582A70A8B8503C569623EE90C18C6B33542796207,Tester/logs/20261011.log,1471025,2026-07-07,18:35,B152PR,"KN	0	11:31:48.825	Core 04	2026.07.07 18:35:01   [SRJ-IND] B152PR sym=GBPUSD bar=2026.07.07 18:30 z1=1941,B,1.32111,1.32139,2026.06.29 14:30,1,2026.06.30 15:20,1.32223,1.32125"
1596,GBP0629-B162,1617DC1ACCE6B50ED2D1359582A70A8B8503C569623EE90C18C6B33542796207,Tester/logs/20261011.log,1471026,2026-07-07,18:35,B152PR,"CD	0	11:31:48.825	Core 04	2026.07.07 18:35:01   [SRJ-IND] B152PR sym=GBPUSD bar=2026.07.07 18:30 z1=1943,B,1.32097,1.32138,2026.06.29 13:55,1,2026.06.30 15:20,1.32223,1.32125"
1597,GBP0629-B162,1617DC1ACCE6B50ED2D1359582A70A8B8503C569623EE90C18C6B33542796207,Tester/logs/20261011.log,1471027,2026-07-07,18:35,B152PR,"NJ	0	11:31:48.825	Core 04	2026.07.07 18:35:01   [SRJ-IND] B152PR sym=GBPUSD bar=2026.07.07 18:30 z1=2367,B,1.32677,1.32799,2026.07.02 03:10,1,2026.07.02 03:15,1.32801,1.32765"
1598,GBP0629-B162,1617DC1ACCE6B50ED2D1359582A70A8B8503C569623EE90C18C6B33542796207,Tester/logs/20261011.log,1471028,2026-07-07,18:35,B152PR,"HQ	0	11:31:48.825	Core 04	2026.07.07 18:35:01   [SRJ-IND] B152PR sym=GBPUSD bar=2026.07.07 18:30 z1=2974,S,1.33862,1.33936,2026.07.07 12:25,1,2026.07.07 12:30,1.33881,1.33856"
1599,GBP0629-B162,1617DC1ACCE6B50ED2D1359582A70A8B8503C569623EE90C18C6B33542796207,Tester/logs/20261011.log,1471029,2026-07-07,18:35,B152PR,"IF	0	11:31:48.825	Core 04	2026.07.07 18:35:01   [SRJ-IND] B152PR sym=GBPUSD bar=2026.07.07 18:30 z1=3012,B,1.33678,1.33714,2026.07.07 17:40,1,2026.07.07 18:15,1.33745,1.33701"
1600,GBP0629-B162,1617DC1ACCE6B50ED2D1359582A70A8B8503C569623EE90C18C6B33542796207,Tester/logs/20261011.log,1471030,2026-07-07,18:35,B152PR,"HM	0	11:31:48.825	Core 04	2026.07.07 18:35:01   [SRJ-IND] B152PR sym=GBPUSD bar=2026.07.07 18:30 z1=3019,S,1.33755,1.33804,2026.07.07 18:20,1,2026.07.07 18:25,1.33774,1.33722"
1601,GBP0629-B162,1617DC1ACCE6B50ED2D1359582A70A8B8503C569623EE90C18C6B33542796207,Tester/logs/20261011.log,1471031,2026-07-07,18:35,B152PR,"QP	0	11:31:48.825	Core 04	2026.07.07 18:35:01   [SRJ-IND] B152PR sym=GBPUSD bar=2026.07.07 18:30 bull=1 bear=1 nz=12"
1602,GBP0629-B162,1617DC1ACCE6B50ED2D1359582A70A8B8503C569623EE90C18C6B33542796207,Tester/logs/20261011.log,1471032,2026-07-07,18:35,B162ORIGIN,"GM	0	11:31:48.825	Core 04	2026.07.07 18:35:01   [SRJ-IND] B162ORIGIN sym=GBPUSD bar=2026.07.07 18:30 side=B n=9 origin=3012 range=1.33678-1.33714 formT=2026.07.07 17:20 set=1582,1869,1875,1899,1909,1941,1943,2367,3012"
1603,GBP0629-B162,1617DC1ACCE6B50ED2D1359582A70A8B8503C569623EE90C18C6B33542796207,Tester/logs/20261011.log,1471033,2026-07-07,18:35,B162ORIGIN,"GR	0	11:31:48.825	Core 04	2026.07.07 18:35:01   [SRJ-IND] B162ORIGIN sym=GBPUSD bar=2026.07.07 18:30 side=S n=3 origin=3019 range=1.33755-1.33804 formT=2026.07.07 18:05 set=150,2974,3019"
1604,GBP0629-B162,1617DC1ACCE6B50ED2D1359582A70A8B8503C569623EE90C18C6B33542796207,Tester/logs/20261011.log,1471037,2026-07-07,18:35,CQDRECHECK,"QG	0	11:31:48.825	Core 04	2026.07.07 18:35:01   [SRJ-EA] CQDRECHECK shift=2 passA=-2.0 passB=-2.0 diff=0 bar=2026.07.07 18:25 state=IDLE dir=NONE divLatch=0 hit1=0 hit2=488 mism=0"
1605,GBP0629-B162,1617DC1ACCE6B50ED2D1359582A70A8B8503C569623EE90C18C6B33542796207,Tester/logs/20261011.log,1471042,2026-07-07,18:40,B152PR,"EE	0	11:31:48.825	Core 04	2026.07.07 18:40:00   [SRJ-IND] B152PR sym=GBPUSD bar=2026.07.07 18:35 z1=150,S,1.34395,1.34430,2026.06.15 11:40,1,2026.06.15 17:05,1.34420,1.34363"
1606,GBP0629-B162,1617DC1ACCE6B50ED2D1359582A70A8B8503C569623EE90C18C6B33542796207,Tester/logs/20261011.log,1471043,2026-07-07,18:40,B152PR,"DM	0	11:31:48.825	Core 04	2026.07.07 18:40:00   [SRJ-IND] B152PR sym=GBPUSD bar=2026.07.07 18:35 z1=1582,B,1.31711,1.31751,2026.06.25 15:45,1,2026.06.25 15:55,1.31818,1.31739"
1607,GBP0629-B162,1617DC1ACCE6B50ED2D1359582A70A8B8503C569623EE90C18C6B33542796207,Tester/logs/20261011.log,1471044,2026-07-07,18:40,B152PR,"HS	0	11:31:48.825	Core 04	2026.07.07 18:40:00   [SRJ-IND] B152PR sym=GBPUSD bar=2026.07.07 18:35 z1=1869,B,1.31919,1.31950,2026.06.29 02:50,1,2026.06.29 03:00,1.32000,1.31935"
1608,GBP0629-B162,1617DC1ACCE6B50ED2D1359582A70A8B8503C569623EE90C18C6B33542796207,Tester/logs/20261011.log,1471045,2026-07-07,18:40,B152PR,"EI	0	11:31:48.825	Core 04	2026.07.07 18:40:00   [SRJ-IND] B152PR sym=GBPUSD bar=2026.07.07 18:35 z1=1875,B,1.31936,1.31982,2026.06.29 05:20,1,2026.06.29 06:55,1.32014,1.31979"
1609,GBP0629-B162,1617DC1ACCE6B50ED2D1359582A70A8B8503C569623EE90C18C6B33542796207,Tester/logs/20261011.log,1471046,2026-07-07,18:40,B152PR,"CO	0	11:31:48.825	Core 04	2026.07.07 18:40:00   [SRJ-IND] B152PR sym=GBPUSD bar=2026.07.07 18:35 z1=1899,B,1.31967,1.31979,2026.06.29 07:35,1,2026.06.29 07:40,1.31994,1.31978"
1610,GBP0629-B162,1617DC1ACCE6B50ED2D1359582A70A8B8503C569623EE90C18C6B33542796207,Tester/logs/20261011.log,1471047,2026-07-07,18:40,B152PR,"RE	0	11:31:48.825	Core 04	2026.07.07 18:40:00   [SRJ-IND] B152PR sym=GBPUSD bar=2026.07.07 18:35 z1=1909,B,1.32024,1.32052,2026.06.29 08:35,1,2026.06.29 11:20,1.32088,1.32041"
1611,GBP0629-B162,1617DC1ACCE6B50ED2D1359582A70A8B8503C569623EE90C18C6B33542796207,Tester/logs/20261011.log,1471048,2026-07-07,18:40,B152PR,"OK	0	11:31:48.825	Core 04	2026.07.07 18:40:00   [SRJ-IND] B152PR sym=GBPUSD bar=2026.07.07 18:35 z1=1941,B,1.32111,1.32139,2026.06.29 14:30,1,2026.06.30 15:20,1.32223,1.32125"
1612,GBP0629-B162,1617DC1ACCE6B50ED2D1359582A70A8B8503C569623EE90C18C6B33542796207,Tester/logs/20261011.log,1471049,2026-07-07,18:40,B152PR,"GQ	0	11:31:48.825	Core 04	2026.07.07 18:40:00   [SRJ-IND] B152PR sym=GBPUSD bar=2026.07.07 18:35 z1=1943,B,1.32097,1.32138,2026.06.29 13:55,1,2026.06.30 15:20,1.32223,1.32125"
1613,GBP0629-B162,1617DC1ACCE6B50ED2D1359582A70A8B8503C569623EE90C18C6B33542796207,Tester/logs/20261011.log,1471050,2026-07-07,18:40,B152PR,"RG	0	11:31:48.825	Core 04	2026.07.07 18:40:00   [SRJ-IND] B152PR sym=GBPUSD bar=2026.07.07 18:35 z1=2367,B,1.32677,1.32799,2026.07.02 03:10,1,2026.07.02 03:15,1.32801,1.32765"
1614,GBP0629-B162,1617DC1ACCE6B50ED2D1359582A70A8B8503C569623EE90C18C6B33542796207,Tester/logs/20261011.log,1471051,2026-07-07,18:40,B152PR,"DL	0	11:31:48.825	Core 04	2026.07.07 18:40:00   [SRJ-IND] B152PR sym=GBPUSD bar=2026.07.07 18:35 z1=2974,S,1.33862,1.33936,2026.07.07 12:25,1,2026.07.07 12:30,1.33881,1.33856"
1615,GBP0629-B162,1617DC1ACCE6B50ED2D1359582A70A8B8503C569623EE90C18C6B33542796207,Tester/logs/20261011.log,1471052,2026-07-07,18:40,B152PR,"ES	0	11:31:48.825	Core 04	2026.07.07 18:40:00   [SRJ-IND] B152PR sym=GBPUSD bar=2026.07.07 18:35 z1=3012,B,1.33678,1.33714,2026.07.07 17:40,1,2026.07.07 18:15,1.33745,1.33701"
1616,GBP0629-B162,1617DC1ACCE6B50ED2D1359582A70A8B8503C569623EE90C18C6B33542796207,Tester/logs/20261011.log,1471053,2026-07-07,18:40,B152PR,"DH	0	11:31:48.825	Core 04	2026.07.07 18:40:00   [SRJ-IND] B152PR sym=GBPUSD bar=2026.07.07 18:35 z1=3019,S,1.33755,1.33804,2026.07.07 18:20,1,2026.07.07 18:25,1.33774,1.33722"
1617,GBP0629-B162,1617DC1ACCE6B50ED2D1359582A70A8B8503C569623EE90C18C6B33542796207,Tester/logs/20261011.log,1471054,2026-07-07,18:40,B152PR,"MM	0	11:31:48.825	Core 04	2026.07.07 18:40:00   [SRJ-IND] B152PR sym=GBPUSD bar=2026.07.07 18:35 bull=1 bear=1 nz=12"
1618,GBP0629-B162,1617DC1ACCE6B50ED2D1359582A70A8B8503C569623EE90C18C6B33542796207,Tester/logs/20261011.log,1471055,2026-07-07,18:40,B162ORIGIN,"CR	0	11:31:48.825	Core 04	2026.07.07 18:40:00   [SRJ-IND] B162ORIGIN sym=GBPUSD bar=2026.07.07 18:35 side=B n=9 origin=3012 range=1.33678-1.33714 formT=2026.07.07 17:20 set=1582,1869,1875,1899,1909,1941,1943,2367,3012"
1619,GBP0629-B162,1617DC1ACCE6B50ED2D1359582A70A8B8503C569623EE90C18C6B33542796207,Tester/logs/20261011.log,1471056,2026-07-07,18:40,B162ORIGIN,"OG	0	11:31:48.825	Core 04	2026.07.07 18:40:00   [SRJ-IND] B162ORIGIN sym=GBPUSD bar=2026.07.07 18:35 side=S n=3 origin=3019 range=1.33755-1.33804 formT=2026.07.07 18:05 set=150,2974,3019"
1620,GBP0629-B162,1617DC1ACCE6B50ED2D1359582A70A8B8503C569623EE90C18C6B33542796207,Tester/logs/20261011.log,1471060,2026-07-07,18:40,CQDRECHECK,"MP	0	11:31:48.825	Core 04	2026.07.07 18:40:00   [SRJ-EA] CQDRECHECK shift=2 passA=-2.0 passB=-2.0 diff=0 bar=2026.07.07 18:30 state=IDLE dir=NONE divLatch=0 hit1=0 hit2=489 mism=0"
1621,GBP0629-B162,1617DC1ACCE6B50ED2D1359582A70A8B8503C569623EE90C18C6B33542796207,Tester/logs/20261011.log,1471065,2026-07-07,18:45,B152PR,"JF	0	11:31:48.825	Core 04	2026.07.07 18:45:00   [SRJ-IND] B152PR sym=GBPUSD bar=2026.07.07 18:40 z1=150,S,1.34395,1.34430,2026.06.15 11:40,1,2026.06.15 17:05,1.34420,1.34363"
1622,GBP0629-B162,1617DC1ACCE6B50ED2D1359582A70A8B8503C569623EE90C18C6B33542796207,Tester/logs/20261011.log,1471066,2026-07-07,18:45,B152PR,"KJ	0	11:31:48.825	Core 04	2026.07.07 18:45:00   [SRJ-IND] B152PR sym=GBPUSD bar=2026.07.07 18:40 z1=1582,B,1.31711,1.31751,2026.06.25 15:45,1,2026.06.25 15:55,1.31818,1.31739"
1623,GBP0629-B162,1617DC1ACCE6B50ED2D1359582A70A8B8503C569623EE90C18C6B33542796207,Tester/logs/20261011.log,1471067,2026-07-07,18:45,B152PR,"OP	0	11:31:48.825	Core 04	2026.07.07 18:45:00   [SRJ-IND] B152PR sym=GBPUSD bar=2026.07.07 18:40 z1=1869,B,1.31919,1.31950,2026.06.29 02:50,1,2026.06.29 03:00,1.32000,1.31935"
1624,GBP0629-B162,1617DC1ACCE6B50ED2D1359582A70A8B8503C569623EE90C18C6B33542796207,Tester/logs/20261011.log,1471068,2026-07-07,18:45,B152PR,"NF	0	11:31:48.825	Core 04	2026.07.07 18:45:00   [SRJ-IND] B152PR sym=GBPUSD bar=2026.07.07 18:40 z1=1875,B,1.31936,1.31982,2026.06.29 05:20,1,2026.06.29 06:55,1.32014,1.31979"
1625,GBP0629-B162,1617DC1ACCE6B50ED2D1359582A70A8B8503C569623EE90C18C6B33542796207,Tester/logs/20261011.log,1471069,2026-07-07,18:45,B152PR,"LL	0	11:31:48.825	Core 04	2026.07.07 18:45:00   [SRJ-IND] B152PR sym=GBPUSD bar=2026.07.07 18:40 z1=1899,B,1.31967,1.31979,2026.06.29 07:35,1,2026.06.29 07:40,1.31994,1.31978"
1626,GBP0629-B162,1617DC1ACCE6B50ED2D1359582A70A8B8503C569623EE90C18C6B33542796207,Tester/logs/20261011.log,1471070,2026-07-07,18:45,B152PR,"IR	0	11:31:48.825	Core 04	2026.07.07 18:45:00   [SRJ-IND] B152PR sym=GBPUSD bar=2026.07.07 18:40 z1=1909,B,1.32024,1.32052,2026.06.29 08:35,1,2026.06.29 11:20,1.32088,1.32041"
1627,GBP0629-B162,1617DC1ACCE6B50ED2D1359582A70A8B8503C569623EE90C18C6B33542796207,Tester/logs/20261011.log,1471071,2026-07-07,18:45,B152PR,"HH	0	11:31:48.825	Core 04	2026.07.07 18:45:00   [SRJ-IND] B152PR sym=GBPUSD bar=2026.07.07 18:40 z1=1941,B,1.32111,1.32139,2026.06.29 14:30,1,2026.06.30 15:20,1.32223,1.32125"
1628,GBP0629-B162,1617DC1ACCE6B50ED2D1359582A70A8B8503C569623EE90C18C6B33542796207,Tester/logs/20261011.log,1471072,2026-07-07,18:45,B152PR,"PN	0	11:31:48.825	Core 04	2026.07.07 18:45:00   [SRJ-IND] B152PR sym=GBPUSD bar=2026.07.07 18:40 z1=1943,B,1.32097,1.32138,2026.06.29 13:55,1,2026.06.30 15:20,1.32223,1.32125"
1629,GBP0629-B162,1617DC1ACCE6B50ED2D1359582A70A8B8503C569623EE90C18C6B33542796207,Tester/logs/20261011.log,1471073,2026-07-07,18:45,B152PR,"ID	0	11:31:48.825	Core 04	2026.07.07 18:45:00   [SRJ-IND] B152PR sym=GBPUSD bar=2026.07.07 18:40 z1=2367,B,1.32677,1.32799,2026.07.02 03:10,1,2026.07.02 03:15,1.32801,1.32765"
1630,GBP0629-B162,1617DC1ACCE6B50ED2D1359582A70A8B8503C569623EE90C18C6B33542796207,Tester/logs/20261011.log,1471074,2026-07-07,18:45,B152PR,"KK	0	11:31:48.825	Core 04	2026.07.07 18:45:00   [SRJ-IND] B152PR sym=GBPUSD bar=2026.07.07 18:40 z1=2974,S,1.33862,1.33936,2026.07.07 12:25,1,2026.07.07 12:30,1.33881,1.33856"
1631,GBP0629-B162,1617DC1ACCE6B50ED2D1359582A70A8B8503C569623EE90C18C6B33542796207,Tester/logs/20261011.log,1471075,2026-07-07,18:45,B152PR,"NP	0	11:31:48.825	Core 04	2026.07.07 18:45:00   [SRJ-IND] B152PR sym=GBPUSD bar=2026.07.07 18:40 z1=3012,B,1.33678,1.33714,2026.07.07 17:40,1,2026.07.07 18:15,1.33745,1.33701"
1632,GBP0629-B162,1617DC1ACCE6B50ED2D1359582A70A8B8503C569623EE90C18C6B33542796207,Tester/logs/20261011.log,1471076,2026-07-07,18:45,B152PR,"KG	0	11:31:48.825	Core 04	2026.07.07 18:45:00   [SRJ-IND] B152PR sym=GBPUSD bar=2026.07.07 18:40 z1=3019,S,1.33755,1.33804,2026.07.07 18:20,1,2026.07.07 18:25,1.33774,1.33722"
1633,GBP0629-B162,1617DC1ACCE6B50ED2D1359582A70A8B8503C569623EE90C18C6B33542796207,Tester/logs/20261011.log,1471077,2026-07-07,18:45,B152PR,"FN	0	11:31:48.825	Core 04	2026.07.07 18:45:00   [SRJ-IND] B152PR sym=GBPUSD bar=2026.07.07 18:40 bull=1 bear=1 nz=12"
1634,GBP0629-B162,1617DC1ACCE6B50ED2D1359582A70A8B8503C569623EE90C18C6B33542796207,Tester/logs/20261011.log,1471078,2026-07-07,18:45,B162ORIGIN,"DG	0	11:31:48.825	Core 04	2026.07.07 18:45:00   [SRJ-IND] B162ORIGIN sym=GBPUSD bar=2026.07.07 18:40 side=B n=9 origin=3012 range=1.33678-1.33714 formT=2026.07.07 17:20 set=1582,1869,1875,1899,1909,1941,1943,2367,3012"
1635,GBP0629-B162,1617DC1ACCE6B50ED2D1359582A70A8B8503C569623EE90C18C6B33542796207,Tester/logs/20261011.log,1471079,2026-07-07,18:45,B162ORIGIN,"LH	0	11:31:48.825	Core 04	2026.07.07 18:45:00   [SRJ-IND] B162ORIGIN sym=GBPUSD bar=2026.07.07 18:40 side=S n=3 origin=3019 range=1.33755-1.33804 formT=2026.07.07 18:05 set=150,2974,3019"
1636,GBP0629-B162,1617DC1ACCE6B50ED2D1359582A70A8B8503C569623EE90C18C6B33542796207,Tester/logs/20261011.log,1471084,2026-07-07,18:45,CQDRECHECK,"QR	0	11:31:48.825	Core 04	2026.07.07 18:45:00   [SRJ-EA] CQDRECHECK shift=2 passA=-2.0 passB=-2.0 diff=0 bar=2026.07.07 18:35 state=IDLE dir=NONE divLatch=0 hit1=0 hit2=490 mism=0"
1637,GBP0629-B162,1617DC1ACCE6B50ED2D1359582A70A8B8503C569623EE90C18C6B33542796207,Tester/logs/20261011.log,1471091,2026-07-07,18:50,B152PR,"EI	0	11:31:48.825	Core 04	2026.07.07 18:50:00   [SRJ-IND] B152PR sym=GBPUSD bar=2026.07.07 18:45 z1=150,S,1.34395,1.34430,2026.06.15 11:40,1,2026.06.15 17:05,1.34420,1.34363"
1638,GBP0629-B162,1617DC1ACCE6B50ED2D1359582A70A8B8503C569623EE90C18C6B33542796207,Tester/logs/20261011.log,1471092,2026-07-07,18:50,B152PR,"PQ	0	11:31:48.825	Core 04	2026.07.07 18:50:00   [SRJ-IND] B152PR sym=GBPUSD bar=2026.07.07 18:45 z1=1582,B,1.31711,1.31751,2026.06.25 15:45,1,2026.06.25 15:55,1.31818,1.31739"
1639,GBP0629-B162,1617DC1ACCE6B50ED2D1359582A70A8B8503C569623EE90C18C6B33542796207,Tester/logs/20261011.log,1471093,2026-07-07,18:50,B152PR,"LG	0	11:31:48.825	Core 04	2026.07.07 18:50:00   [SRJ-IND] B152PR sym=GBPUSD bar=2026.07.07 18:45 z1=1869,B,1.31919,1.31950,2026.06.29 02:50,1,2026.06.29 03:00,1.32000,1.31935"
1640,GBP0629-B162,1617DC1ACCE6B50ED2D1359582A70A8B8503C569623EE90C18C6B33542796207,Tester/logs/20261011.log,1471094,2026-07-07,18:50,B152PR,"QM	0	11:31:48.825	Core 04	2026.07.07 18:50:00   [SRJ-IND] B152PR sym=GBPUSD bar=2026.07.07 18:45 z1=1875,B,1.31936,1.31982,2026.06.29 05:20,1,2026.06.29 06:55,1.32014,1.31979"
1641,GBP0629-B162,1617DC1ACCE6B50ED2D1359582A70A8B8503C569623EE90C18C6B33542796207,Tester/logs/20261011.log,1471095,2026-07-07,18:50,B152PR,"OS	0	11:31:48.825	Core 04	2026.07.07 18:50:00   [SRJ-IND] B152PR sym=GBPUSD bar=2026.07.07 18:45 z1=1899,B,1.31967,1.31979,2026.06.29 07:35,1,2026.06.29 07:40,1.31994,1.31978"
1642,GBP0629-B162,1617DC1ACCE6B50ED2D1359582A70A8B8503C569623EE90C18C6B33542796207,Tester/logs/20261011.log,1471096,2026-07-07,18:50,B152PR,"FI	0	11:31:48.825	Core 04	2026.07.07 18:50:00   [SRJ-IND] B152PR sym=GBPUSD bar=2026.07.07 18:45 z1=1909,B,1.32024,1.32052,2026.06.29 08:35,1,2026.06.29 11:20,1.32088,1.32041"
1643,GBP0629-B162,1617DC1ACCE6B50ED2D1359582A70A8B8503C569623EE90C18C6B33542796207,Tester/logs/20261011.log,1471097,2026-07-07,18:50,B152PR,"CO	0	11:31:48.825	Core 04	2026.07.07 18:50:00   [SRJ-IND] B152PR sym=GBPUSD bar=2026.07.07 18:45 z1=1941,B,1.32111,1.32139,2026.06.29 14:30,1,2026.06.30 15:20,1.32223,1.32125"
1644,GBP0629-B162,1617DC1ACCE6B50ED2D1359582A70A8B8503C569623EE90C18C6B33542796207,Tester/logs/20261011.log,1471098,2026-07-07,18:50,B152PR,"KE	0	11:31:48.825	Core 04	2026.07.07 18:50:00   [SRJ-IND] B152PR sym=GBPUSD bar=2026.07.07 18:45 z1=1943,B,1.32097,1.32138,2026.06.29 13:55,1,2026.06.30 15:20,1.32223,1.32125"
1645,GBP0629-B162,1617DC1ACCE6B50ED2D1359582A70A8B8503C569623EE90C18C6B33542796207,Tester/logs/20261011.log,1471099,2026-07-07,18:50,B152PR,"FK	0	11:31:48.825	Core 04	2026.07.07 18:50:00   [SRJ-IND] B152PR sym=GBPUSD bar=2026.07.07 18:45 z1=2367,B,1.32677,1.32799,2026.07.02 03:10,1,2026.07.02 03:15,1.32801,1.32765"
1646,GBP0629-B162,1617DC1ACCE6B50ED2D1359582A70A8B8503C569623EE90C18C6B33542796207,Tester/logs/20261011.log,1471100,2026-07-07,18:50,B152PR,"PP	0	11:31:48.825	Core 04	2026.07.07 18:50:00   [SRJ-IND] B152PR sym=GBPUSD bar=2026.07.07 18:45 z1=2974,S,1.33862,1.33936,2026.07.07 12:25,1,2026.07.07 12:30,1.33881,1.33856"
1647,GBP0629-B162,1617DC1ACCE6B50ED2D1359582A70A8B8503C569623EE90C18C6B33542796207,Tester/logs/20261011.log,1471101,2026-07-07,18:50,B152PR,"QG	0	11:31:48.825	Core 04	2026.07.07 18:50:00   [SRJ-IND] B152PR sym=GBPUSD bar=2026.07.07 18:45 z1=3012,B,1.33678,1.33714,2026.07.07 17:40,1,2026.07.07 18:15,1.33745,1.33701"
1648,GBP0629-B162,1617DC1ACCE6B50ED2D1359582A70A8B8503C569623EE90C18C6B33542796207,Tester/logs/20261011.log,1471102,2026-07-07,18:50,B152PR,"PL	0	11:31:48.825	Core 04	2026.07.07 18:50:00   [SRJ-IND] B152PR sym=GBPUSD bar=2026.07.07 18:45 z1=3019,S,1.33755,1.33804,2026.07.07 18:20,1,2026.07.07 18:25,1.33774,1.33722"
1649,GBP0629-B162,1617DC1ACCE6B50ED2D1359582A70A8B8503C569623EE90C18C6B33542796207,Tester/logs/20261011.log,1471103,2026-07-07,18:50,B152PR,"IQ	0	11:31:48.825	Core 04	2026.07.07 18:50:00   [SRJ-IND] B152PR sym=GBPUSD bar=2026.07.07 18:45 bull=1 bear=1 nz=12"
1650,GBP0629-B162,1617DC1ACCE6B50ED2D1359582A70A8B8503C569623EE90C18C6B33542796207,Tester/logs/20261011.log,1471104,2026-07-07,18:50,B162ORIGIN,"ON	0	11:31:48.825	Core 04	2026.07.07 18:50:00   [SRJ-IND] B162ORIGIN sym=GBPUSD bar=2026.07.07 18:45 side=B n=9 origin=3012 range=1.33678-1.33714 formT=2026.07.07 17:20 set=1582,1869,1875,1899,1909,1941,1943,2367,3012"
1651,GBP0629-B162,1617DC1ACCE6B50ED2D1359582A70A8B8503C569623EE90C18C6B33542796207,Tester/logs/20261011.log,1471105,2026-07-07,18:50,B162ORIGIN,"OS	0	11:31:48.825	Core 04	2026.07.07 18:50:00   [SRJ-IND] B162ORIGIN sym=GBPUSD bar=2026.07.07 18:45 side=S n=3 origin=3019 range=1.33755-1.33804 formT=2026.07.07 18:05 set=150,2974,3019"
1652,GBP0629-B162,1617DC1ACCE6B50ED2D1359582A70A8B8503C569623EE90C18C6B33542796207,Tester/logs/20261011.log,1471113,2026-07-07,18:55,B152PR,"JI	0	11:31:48.825	Core 04	2026.07.07 18:55:00   [SRJ-IND] B152PR sym=GBPUSD bar=2026.07.07 18:50 z1=150,S,1.34395,1.34430,2026.06.15 11:40,1,2026.06.15 17:05,1.34420,1.34363"
1653,GBP0629-B162,1617DC1ACCE6B50ED2D1359582A70A8B8503C569623EE90C18C6B33542796207,Tester/logs/20261011.log,1471114,2026-07-07,18:55,B152PR,"KQ	0	11:31:48.825	Core 04	2026.07.07 18:55:00   [SRJ-IND] B152PR sym=GBPUSD bar=2026.07.07 18:50 z1=1582,B,1.31711,1.31751,2026.06.25 15:45,1,2026.06.25 15:55,1.31818,1.31739"
1654,GBP0629-B162,1617DC1ACCE6B50ED2D1359582A70A8B8503C569623EE90C18C6B33542796207,Tester/logs/20261011.log,1471115,2026-07-07,18:55,B152PR,"OG	0	11:31:48.825	Core 04	2026.07.07 18:55:00   [SRJ-IND] B152PR sym=GBPUSD bar=2026.07.07 18:50 z1=1869,B,1.31919,1.31950,2026.06.29 02:50,1,2026.06.29 03:00,1.32000,1.31935"
1655,GBP0629-B162,1617DC1ACCE6B50ED2D1359582A70A8B8503C569623EE90C18C6B33542796207,Tester/logs/20261011.log,1471116,2026-07-07,18:55,B152PR,"NM	0	11:31:48.825	Core 04	2026.07.07 18:55:00   [SRJ-IND] B152PR sym=GBPUSD bar=2026.07.07 18:50 z1=1875,B,1.31936,1.31982,2026.06.29 05:20,1,2026.06.29 06:55,1.32014,1.31979"
1656,GBP0629-B162,1617DC1ACCE6B50ED2D1359582A70A8B8503C569623EE90C18C6B33542796207,Tester/logs/20261011.log,1471117,2026-07-07,18:55,B152PR,"LS	0	11:31:48.825	Core 04	2026.07.07 18:55:00   [SRJ-IND] B152PR sym=GBPUSD bar=2026.07.07 18:50 z1=1899,B,1.31967,1.31979,2026.06.29 07:35,1,2026.06.29 07:40,1.31994,1.31978"
1657,GBP0629-B162,1617DC1ACCE6B50ED2D1359582A70A8B8503C569623EE90C18C6B33542796207,Tester/logs/20261011.log,1471118,2026-07-07,18:55,B152PR,"II	0	11:31:48.825	Core 04	2026.07.07 18:55:00   [SRJ-IND] B152PR sym=GBPUSD bar=2026.07.07 18:50 z1=1909,B,1.32024,1.32052,2026.06.29 08:35,1,2026.06.29 11:20,1.32088,1.32041"
1658,GBP0629-B162,1617DC1ACCE6B50ED2D1359582A70A8B8503C569623EE90C18C6B33542796207,Tester/logs/20261011.log,1471119,2026-07-07,18:55,B152PR,"HO	0	11:31:48.825	Core 04	2026.07.07 18:55:00   [SRJ-IND] B152PR sym=GBPUSD bar=2026.07.07 18:50 z1=1941,B,1.32111,1.32139,2026.06.29 14:30,1,2026.06.30 15:20,1.32223,1.32125"
1659,GBP0629-B162,1617DC1ACCE6B50ED2D1359582A70A8B8503C569623EE90C18C6B33542796207,Tester/logs/20261011.log,1471120,2026-07-07,18:55,B152PR,"PE	0	11:31:48.825	Core 04	2026.07.07 18:55:00   [SRJ-IND] B152PR sym=GBPUSD bar=2026.07.07 18:50 z1=1943,B,1.32097,1.32138,2026.06.29 13:55,1,2026.06.30 15:20,1.32223,1.32125"
1660,GBP0629-B162,1617DC1ACCE6B50ED2D1359582A70A8B8503C569623EE90C18C6B33542796207,Tester/logs/20261011.log,1471121,2026-07-07,18:55,B152PR,"IK	0	11:31:48.825	Core 04	2026.07.07 18:55:00   [SRJ-IND] B152PR sym=GBPUSD bar=2026.07.07 18:50 z1=2367,B,1.32677,1.32799,2026.07.02 03:10,1,2026.07.02 03:15,1.32801,1.32765"
1661,GBP0629-B162,1617DC1ACCE6B50ED2D1359582A70A8B8503C569623EE90C18C6B33542796207,Tester/logs/20261011.log,1471122,2026-07-07,18:55,B152PR,"KP	0	11:31:48.825	Core 04	2026.07.07 18:55:00   [SRJ-IND] B152PR sym=GBPUSD bar=2026.07.07 18:50 z1=2974,S,1.33862,1.33936,2026.07.07 12:25,1,2026.07.07 12:30,1.33881,1.33856"
1662,GBP0629-B162,1617DC1ACCE6B50ED2D1359582A70A8B8503C569623EE90C18C6B33542796207,Tester/logs/20261011.log,1471123,2026-07-07,18:55,B152PR,"NG	0	11:31:48.825	Core 04	2026.07.07 18:55:00   [SRJ-IND] B152PR sym=GBPUSD bar=2026.07.07 18:50 z1=3012,B,1.33678,1.33714,2026.07.07 17:40,1,2026.07.07 18:15,1.33745,1.33701"
1663,GBP0629-B162,1617DC1ACCE6B50ED2D1359582A70A8B8503C569623EE90C18C6B33542796207,Tester/logs/20261011.log,1471124,2026-07-07,18:55,B152PR,"KL	0	11:31:48.825	Core 04	2026.07.07 18:55:00   [SRJ-IND] B152PR sym=GBPUSD bar=2026.07.07 18:50 z1=3019,S,1.33755,1.33804,2026.07.07 18:20,1,2026.07.07 18:25,1.33774,1.33722"
1664,GBP0629-B162,1617DC1ACCE6B50ED2D1359582A70A8B8503C569623EE90C18C6B33542796207,Tester/logs/20261011.log,1471125,2026-07-07,18:55,B152PR,"FQ	0	11:31:48.825	Core 04	2026.07.07 18:55:00   [SRJ-IND] B152PR sym=GBPUSD bar=2026.07.07 18:50 bull=1 bear=1 nz=12"
1665,GBP0629-B162,1617DC1ACCE6B50ED2D1359582A70A8B8503C569623EE90C18C6B33542796207,Tester/logs/20261011.log,1471126,2026-07-07,18:55,B162ORIGIN,"DN	0	11:31:48.825	Core 04	2026.07.07 18:55:00   [SRJ-IND] B162ORIGIN sym=GBPUSD bar=2026.07.07 18:50 side=B n=9 origin=3012 range=1.33678-1.33714 formT=2026.07.07 17:20 set=1582,1869,1875,1899,1909,1941,1943,2367,3012"
1666,GBP0629-B162,1617DC1ACCE6B50ED2D1359582A70A8B8503C569623EE90C18C6B33542796207,Tester/logs/20261011.log,1471127,2026-07-07,18:55,B162ORIGIN,"LS	0	11:31:48.825	Core 04	2026.07.07 18:55:00   [SRJ-IND] B162ORIGIN sym=GBPUSD bar=2026.07.07 18:50 side=S n=3 origin=3019 range=1.33755-1.33804 formT=2026.07.07 18:05 set=150,2974,3019"
1667,GBP0629-B162,1617DC1ACCE6B50ED2D1359582A70A8B8503C569623EE90C18C6B33542796207,Tester/logs/20261011.log,1471134,2026-07-07,19:00,B152PR,"HP	0	11:31:48.825	Core 04	2026.07.07 19:00:00   [SRJ-IND] B152PR sym=GBPUSD bar=2026.07.07 18:55 z1=150,S,1.34395,1.34430,2026.06.15 11:40,1,2026.06.15 17:05,1.34420,1.34363"
1668,GBP0629-B162,1617DC1ACCE6B50ED2D1359582A70A8B8503C569623EE90C18C6B33542796207,Tester/logs/20261011.log,1471135,2026-07-07,19:00,B152PR,"QH	0	11:31:48.825	Core 04	2026.07.07 19:00:00   [SRJ-IND] B152PR sym=GBPUSD bar=2026.07.07 18:55 z1=1582,B,1.31711,1.31751,2026.06.25 15:45,1,2026.06.25 15:55,1.31818,1.31739"
1669,GBP0629-B162,1617DC1ACCE6B50ED2D1359582A70A8B8503C569623EE90C18C6B33542796207,Tester/logs/20261011.log,1471136,2026-07-07,19:00,B152PR,"MN	0	11:31:48.825	Core 04	2026.07.07 19:00:00   [SRJ-IND] B152PR sym=GBPUSD bar=2026.07.07 18:55 z1=1869,B,1.31919,1.31950,2026.06.29 02:50,1,2026.06.29 03:00,1.32000,1.31935"
1670,GBP0629-B162,1617DC1ACCE6B50ED2D1359582A70A8B8503C569623EE90C18C6B33542796207,Tester/logs/20261011.log,1471137,2026-07-07,19:00,B152PR,"PD	0	11:31:48.825	Core 04	2026.07.07 19:00:00   [SRJ-IND] B152PR sym=GBPUSD bar=2026.07.07 18:55 z1=1875,B,1.31936,1.31982,2026.06.29 05:20,1,2026.06.29 06:55,1.32014,1.31979"
1671,GBP0629-B162,1617DC1ACCE6B50ED2D1359582A70A8B8503C569623EE90C18C6B33542796207,Tester/logs/20261011.log,1471138,2026-07-07,19:00,B152PR,"RJ	0	11:31:48.825	Core 04	2026.07.07 19:00:00   [SRJ-IND] B152PR sym=GBPUSD bar=2026.07.07 18:55 z1=1899,B,1.31967,1.31979,2026.06.29 07:35,1,2026.06.29 07:40,1.31994,1.31978"
1672,GBP0629-B162,1617DC1ACCE6B50ED2D1359582A70A8B8503C569623EE90C18C6B33542796207,Tester/logs/20261011.log,1471139,2026-07-07,19:00,B152PR,"CP	0	11:31:48.825	Core 04	2026.07.07 19:00:00   [SRJ-IND] B152PR sym=GBPUSD bar=2026.07.07 18:55 z1=1909,B,1.32024,1.32052,2026.06.29 08:35,1,2026.06.29 11:20,1.32088,1.32041"
1673,GBP0629-B162,1617DC1ACCE6B50ED2D1359582A70A8B8503C569623EE90C18C6B33542796207,Tester/logs/20261011.log,1471140,2026-07-07,19:00,B152PR,"FF	0	11:31:48.825	Core 04	2026.07.07 19:00:00   [SRJ-IND] B152PR sym=GBPUSD bar=2026.07.07 18:55 z1=1941,B,1.32111,1.32139,2026.06.29 14:30,1,2026.06.30 15:20,1.32223,1.32125"
1674,GBP0629-B162,1617DC1ACCE6B50ED2D1359582A70A8B8503C569623EE90C18C6B33542796207,Tester/logs/20261011.log,1471141,2026-07-07,19:00,B152PR,"NL	0	11:31:48.825	Core 04	2026.07.07 19:00:00   [SRJ-IND] B152PR sym=GBPUSD bar=2026.07.07 18:55 z1=1943,B,1.32097,1.32138,2026.06.29 13:55,1,2026.06.30 15:20,1.32223,1.32125"
1675,GBP0629-B162,1617DC1ACCE6B50ED2D1359582A70A8B8503C569623EE90C18C6B33542796207,Tester/logs/20261011.log,1471142,2026-07-07,19:00,B152PR,"CR	0	11:31:48.825	Core 04	2026.07.07 19:00:00   [SRJ-IND] B152PR sym=GBPUSD bar=2026.07.07 18:55 z1=2367,B,1.32677,1.32799,2026.07.02 03:10,1,2026.07.02 03:15,1.32801,1.32765"
1676,GBP0629-B162,1617DC1ACCE6B50ED2D1359582A70A8B8503C569623EE90C18C6B33542796207,Tester/logs/20261011.log,1471143,2026-07-07,19:00,B152PR,"QI	0	11:31:48.825	Core 04	2026.07.07 19:00:00   [SRJ-IND] B152PR sym=GBPUSD bar=2026.07.07 18:55 z1=2974,S,1.33862,1.33936,2026.07.07 12:25,1,2026.07.07 12:30,1.33881,1.33856"
1677,GBP0629-B162,1617DC1ACCE6B50ED2D1359582A70A8B8503C569623EE90C18C6B33542796207,Tester/logs/20261011.log,1471144,2026-07-07,19:00,B152PR,"PN	0	11:31:48.825	Core 04	2026.07.07 19:00:00   [SRJ-IND] B152PR sym=GBPUSD bar=2026.07.07 18:55 z1=3012,B,1.33678,1.33714,2026.07.07 17:40,1,2026.07.07 18:15,1.33745,1.33701"
1678,GBP0629-B162,1617DC1ACCE6B50ED2D1359582A70A8B8503C569623EE90C18C6B33542796207,Tester/logs/20261011.log,1471145,2026-07-07,19:00,B152PR,"QE	0	11:31:48.825	Core 04	2026.07.07 19:00:00   [SRJ-IND] B152PR sym=GBPUSD bar=2026.07.07 18:55 z1=3019,S,1.33755,1.33804,2026.07.07 18:20,1,2026.07.07 18:25,1.33774,1.33722"
1679,GBP0629-B162,1617DC1ACCE6B50ED2D1359582A70A8B8503C569623EE90C18C6B33542796207,Tester/logs/20261011.log,1471146,2026-07-07,19:00,B152PR,"HH	0	11:31:48.825	Core 04	2026.07.07 19:00:00   [SRJ-IND] B152PR sym=GBPUSD bar=2026.07.07 18:55 bull=1 bear=1 nz=12"
1680,GBP0629-B162,1617DC1ACCE6B50ED2D1359582A70A8B8503C569623EE90C18C6B33542796207,Tester/logs/20261011.log,1471147,2026-07-07,19:00,B162ORIGIN,"JE	0	11:31:48.825	Core 04	2026.07.07 19:00:00   [SRJ-IND] B162ORIGIN sym=GBPUSD bar=2026.07.07 18:55 side=B n=9 origin=3012 range=1.33678-1.33714 formT=2026.07.07 17:20 set=1582,1869,1875,1899,1909,1941,1943,2367,3012"
1681,GBP0629-B162,1617DC1ACCE6B50ED2D1359582A70A8B8503C569623EE90C18C6B33542796207,Tester/logs/20261011.log,1471148,2026-07-07,19:00,B162ORIGIN,"NJ	0	11:31:48.825	Core 04	2026.07.07 19:00:00   [SRJ-IND] B162ORIGIN sym=GBPUSD bar=2026.07.07 18:55 side=S n=3 origin=3019 range=1.33755-1.33804 formT=2026.07.07 18:05 set=150,2974,3019"
