pack_line,run,ea_sha,journal_file,journal_line,server_date,server_time,tag,raw
1,RECON62-B137,585093BF576B922A241E21779C72C62236B4F57746F778E25A772E493CC3D9C6,Tester/logs/20261009.log,1068399,2026-08-26,09:00,CQDRECHECK,"EI	0	19:47:37.116	Core 04	2026.08.26 09:00:00   [SRJ-EA] CQDRECHECK shift=2 passA=1.0 passB=1.0 diff=0 bar=2026.08.26 08:50 state=IDLE dir=NONE divLatch=0 hit1=0 hit2=22 mism=0"
2,RECON62-B137,585093BF576B922A241E21779C72C62236B4F57746F778E25A772E493CC3D9C6,Tester/logs/20261009.log,1068411,2026-08-26,09:10,CQDRECHECK,"LG	0	19:47:37.116	Core 04	2026.08.26 09:10:01   [SRJ-EA] CQDRECHECK shift=2 passA=2.0 passB=2.0 diff=0 bar=2026.08.26 09:00 state=IDLE dir=NONE divLatch=0 hit1=0 hit2=23 mism=0"
3,RECON62-B137,585093BF576B922A241E21779C72C62236B4F57746F778E25A772E493CC3D9C6,Tester/logs/20261009.log,1068422,2026-08-26,09:15,CQDRECHECK,"OI	0	19:47:37.116	Core 04	2026.08.26 09:15:01   [SRJ-EA] CQDRECHECK shift=2 passA=2.0 passB=2.0 diff=0 bar=2026.08.26 09:05 state=IDLE dir=NONE divLatch=0 hit1=0 hit2=24 mism=0"
4,RECON62-B137,585093BF576B922A241E21779C72C62236B4F57746F778E25A772E493CC3D9C6,Tester/logs/20261009.log,1068427,2026-08-26,09:15,CONFIRMPOLL,"QO	0	19:47:37.116	Core 04	2026.08.26 09:15:01   [SRJ-EA] CONFIRMPOLL bar=2026.08.26 09:10 anchor=Weekly-POC dir=SHORT oppCandle=1 bodyDir=1 body=16pts doji=0 touchAttr=0 confirm=0 shadow=true"
5,RECON62-B137,585093BF576B922A241E21779C72C62236B4F57746F778E25A772E493CC3D9C6,Tester/logs/20261009.log,1068429,2026-08-26,09:15,STATE,"CF	0	19:47:37.116	Core 04	2026.08.26 09:15:01   [SRJ-EA] 2026.08.26 09:15:01 STATE IDLE->S1_REGIME dir=SHORT poi=Weekly-POC"
6,RECON62-B137,585093BF576B922A241E21779C72C62236B4F57746F778E25A772E493CC3D9C6,Tester/logs/20261009.log,1068430,2026-08-26,09:15,ANCHOR_ELECT,"LD	0	19:47:37.116	Core 04	2026.08.26 09:15:01   [SRJ-EA] ANCHOR_ELECT bar=2026.08.26 09:10 action=SEED poi=Weekly-POC rank=8 tier=4 dir=SHORT"
7,RECON62-B137,585093BF576B922A241E21779C72C62236B4F57746F778E25A772E493CC3D9C6,Tester/logs/20261009.log,1068431,2026-08-26,09:15,SIDE1T_SEEDBIAS,"QS	0	19:47:37.116	Core 04	2026.08.26 09:15:01   [SRJ-EA] SIDE1T_SEEDBIAS bar=2026.08.26 09:10 dir=SHORT biasAligned=1 verdict=CONSIDER"
8,RECON62-B137,585093BF576B922A241E21779C72C62236B4F57746F778E25A772E493CC3D9C6,Tester/logs/20261009.log,1068440,2026-08-26,09:15,STATE,"QJ	0	19:47:37.116	Core 04	2026.08.26 09:15:01   [SRJ-EA] 2026.08.26 09:15:01 STATE S1_REGIME->S2_LTF_ALIGN dir=SHORT poi=Weekly-POC"
9,RECON62-B137,585093BF576B922A241E21779C72C62236B4F57746F778E25A772E493CC3D9C6,Tester/logs/20261009.log,1068441,2026-08-26,09:15,STATE,"LG	0	19:47:37.116	Core 04	2026.08.26 09:15:01   [SRJ-EA] 2026.08.26 09:15:01 STATE S2_LTF_ALIGN->S3_ZONE_WAIT dir=SHORT poi=Weekly-POC"
10,RECON62-B137,585093BF576B922A241E21779C72C62236B4F57746F778E25A772E493CC3D9C6,Tester/logs/20261009.log,1068444,2026-08-26,09:15,ZONEID,"EM	0	19:47:37.116	Core 04	2026.08.26 09:15:01   [SRJ-EA] ZONEID bar=2026.08.26 09:10 site=S3PICK xobId=1833 fvgId=0"
11,RECON62-B137,585093BF576B922A241E21779C72C62236B4F57746F778E25A772E493CC3D9C6,Tester/logs/20261009.log,1068445,2026-08-26,09:15,XOBPROMO,"JL	0	19:47:37.116	Core 04	2026.08.26 09:15:01   [SRJ-EA] XOBPROMO bar=2026.08.26 09:10 site=S3PICK xobId=1833 raw=1787734500.0 promoT=2026.08.26 08:55"
12,RECON62-B137,585093BF576B922A241E21779C72C62236B4F57746F778E25A772E493CC3D9C6,Tester/logs/20261009.log,1068446,2026-08-26,09:15,ZONEPICK,"ON	0	19:47:37.116	Core 04	2026.08.26 09:15:01   [SRJ-EA] ZONEPICK bar=2026.08.26 09:10 dir=SHORT haveFvg=0 fvgInPlay=0 haveXob=1 xobInPlay=1 downgraded=0 fvg=--- xob=1.16660-1.16682"
13,RECON62-B137,585093BF576B922A241E21779C72C62236B4F57746F778E25A772E493CC3D9C6,Tester/logs/20261009.log,1068462,2026-08-26,09:15,INPLAYCOMMIT,"GM	0	19:47:37.116	Core 04	2026.08.26 09:15:01   [SRJ-EA] INPLAYCOMMIT bar=2026.08.26 09:10 dir=SHORT zoneSrc=XOB zoneLo=1.16660 zoneHi=1.16682 promoT=2026.08.26 08:55 applied=1 bounded=1 scanned=33 swings=8 hits=3 firstShift=6 firstVal=1.16667 commitVia=SWING legacy=1 legacyVia=SWING2 committed=1 changed=0 haveStop=1"
14,RECON62-B137,585093BF576B922A241E21779C72C62236B4F57746F778E25A772E493CC3D9C6,Tester/logs/20261009.log,1068463,2026-08-26,09:15,STATE,"CK	0	19:47:37.116	Core 04	2026.08.26 09:15:01   [SRJ-EA] 2026.08.26 09:15:01 STATE S3_ZONE_WAIT->S4_ARMED dir=SHORT poi=Weekly-POC"
15,RECON62-B137,585093BF576B922A241E21779C72C62236B4F57746F778E25A772E493CC3D9C6,Tester/logs/20261009.log,1068466,2026-08-26,09:15,ZONEID,"JE	0	19:47:37.116	Core 04	2026.08.26 09:15:01   [SRJ-EA] ZONEID bar=2026.08.26 09:10 site=S4RQZ xobId=1833 fvgId=0"
16,RECON62-B137,585093BF576B922A241E21779C72C62236B4F57746F778E25A772E493CC3D9C6,Tester/logs/20261009.log,1068562,2026-08-26,09:20,CQDRECHECK,"ES	0	19:47:37.116	Core 04	2026.08.26 09:20:01   [SRJ-EA] CQDRECHECK shift=2 passA=2.0 passB=2.0 diff=0 bar=2026.08.26 09:10 state=S4_ARMED dir=SHORT divLatch=0 hit1=0 hit2=25 mism=0"
17,RECON62-B137,585093BF576B922A241E21779C72C62236B4F57746F778E25A772E493CC3D9C6,Tester/logs/20261009.log,1068566,2026-08-26,09:20,CONFIRMPOLL,"MO	0	19:47:37.116	Core 04	2026.08.26 09:20:01   [SRJ-EA] CONFIRMPOLL bar=2026.08.26 09:15 anchor=Weekly-POC dir=SHORT oppCandle=0 bodyDir=0 body=25pts doji=0 touchAttr=1 confirm=0 shadow=true"
18,RECON62-B137,585093BF576B922A241E21779C72C62236B4F57746F778E25A772E493CC3D9C6,Tester/logs/20261009.log,1068568,2026-08-26,09:20,ZONEID,"QK	0	19:47:37.116	Core 04	2026.08.26 09:20:01   [SRJ-EA] ZONEID bar=2026.08.26 09:15 site=S4RQZ xobId=1833 fvgId=0"
19,RECON62-B137,585093BF576B922A241E21779C72C62236B4F57746F778E25A772E493CC3D9C6,Tester/logs/20261009.log,1068667,2026-08-26,09:25,CONFIRMPOLL,"JG	0	19:47:37.116	Core 04	2026.08.26 09:25:00   [SRJ-EA] CONFIRMPOLL bar=2026.08.26 09:20 anchor=Weekly-POC dir=SHORT oppCandle=1 bodyDir=1 body=21pts doji=0 touchAttr=1 confirm=1 shadow=true"
20,RECON62-B137,585093BF576B922A241E21779C72C62236B4F57746F778E25A772E493CC3D9C6,Tester/logs/20261009.log,1068669,2026-08-26,09:25,ZONEID,"GR	0	19:47:37.116	Core 04	2026.08.26 09:25:00   [SRJ-EA] ZONEID bar=2026.08.26 09:20 site=S4RQZ xobId=1833 fvgId=0"
21,RECON62-B137,585093BF576B922A241E21779C72C62236B4F57746F778E25A772E493CC3D9C6,Tester/logs/20261009.log,1068769,2026-08-26,09:30,CONFIRMPOLL,"EL	0	19:47:37.116	Core 04	2026.08.26 09:30:00   [SRJ-EA] CONFIRMPOLL bar=2026.08.26 09:25 anchor=Weekly-POC dir=SHORT oppCandle=0 bodyDir=1 body=12pts doji=0 touchAttr=1 confirm=0 shadow=true"
22,RECON62-B137,585093BF576B922A241E21779C72C62236B4F57746F778E25A772E493CC3D9C6,Tester/logs/20261009.log,1068771,2026-08-26,09:30,ZONEID,"NK	0	19:47:37.116	Core 04	2026.08.26 09:30:00   [SRJ-EA] ZONEID bar=2026.08.26 09:25 site=S4RQZ xobId=1833 fvgId=0"
23,RECON62-B137,585093BF576B922A241E21779C72C62236B4F57746F778E25A772E493CC3D9C6,Tester/logs/20261009.log,1068868,2026-08-26,09:35,CQDRECHECK,"PR	0	19:47:37.116	Core 04	2026.08.26 09:35:01   [SRJ-EA] CQDRECHECK shift=2 passA=2.0 passB=2.0 diff=0 bar=2026.08.26 09:25 state=S4_ARMED dir=SHORT divLatch=0 hit1=0 hit2=26 mism=0"
24,RECON62-B137,585093BF576B922A241E21779C72C62236B4F57746F778E25A772E493CC3D9C6,Tester/logs/20261009.log,1068872,2026-08-26,09:35,CONFIRMPOLL,"QK	0	19:47:37.116	Core 04	2026.08.26 09:35:01   [SRJ-EA] CONFIRMPOLL bar=2026.08.26 09:30 anchor=Weekly-POC dir=SHORT oppCandle=0 bodyDir=0 body=0pts doji=1 touchAttr=0 confirm=0 shadow=true"
25,RECON62-B137,585093BF576B922A241E21779C72C62236B4F57746F778E25A772E493CC3D9C6,Tester/logs/20261009.log,1068874,2026-08-26,09:35,ZONEID,"RN	0	19:47:37.116	Core 04	2026.08.26 09:35:01   [SRJ-EA] ZONEID bar=2026.08.26 09:30 site=S4RQZ xobId=1833 fvgId=0"
26,RECON62-B137,585093BF576B922A241E21779C72C62236B4F57746F778E25A772E493CC3D9C6,Tester/logs/20261009.log,1068971,2026-08-26,09:40,CQDRECHECK,"RO	0	19:47:37.116	Core 04	2026.08.26 09:40:00   [SRJ-EA] CQDRECHECK shift=2 passA=2.0 passB=2.0 diff=0 bar=2026.08.26 09:30 state=S4_ARMED dir=SHORT divLatch=0 hit1=0 hit2=27 mism=0"
27,RECON62-B137,585093BF576B922A241E21779C72C62236B4F57746F778E25A772E493CC3D9C6,Tester/logs/20261009.log,1068975,2026-08-26,09:40,CONFIRMPOLL,"KF	0	19:47:37.116	Core 04	2026.08.26 09:40:00   [SRJ-EA] CONFIRMPOLL bar=2026.08.26 09:35 anchor=Weekly-POC dir=SHORT oppCandle=0 bodyDir=1 body=2pts doji=0 touchAttr=0 confirm=0 shadow=true"
28,RECON62-B137,585093BF576B922A241E21779C72C62236B4F57746F778E25A772E493CC3D9C6,Tester/logs/20261009.log,1068977,2026-08-26,09:40,ZONEID,"JQ	0	19:47:37.116	Core 04	2026.08.26 09:40:00   [SRJ-EA] ZONEID bar=2026.08.26 09:35 site=S4RQZ xobId=1833 fvgId=0"
29,RECON62-B137,585093BF576B922A241E21779C72C62236B4F57746F778E25A772E493CC3D9C6,Tester/logs/20261009.log,1069082,2026-08-26,09:45,CONFIRMPOLL,"NM	0	19:47:37.116	Core 04	2026.08.26 09:45:01   [SRJ-EA] CONFIRMPOLL bar=2026.08.26 09:40 anchor=Weekly-POC dir=SHORT oppCandle=0 bodyDir=0 body=26pts doji=0 touchAttr=0 confirm=0 shadow=true"
30,RECON62-B137,585093BF576B922A241E21779C72C62236B4F57746F778E25A772E493CC3D9C6,Tester/logs/20261009.log,1069085,2026-08-26,09:45,ABORT,"HP	0	19:47:37.116	Core 04	2026.08.26 09:45:01   [SRJ-EA] 2026.08.26 09:45:01 ABORT reason=LTF_MISALIGN state=S4_ARMED poi=Weekly-POC dir=SHORT"
31,RECON62-B137,585093BF576B922A241E21779C72C62236B4F57746F778E25A772E493CC3D9C6,Tester/logs/20261009.log,1069086,2026-08-26,09:45,A6REFUSED,"OM	0	19:47:37.116	Core 04	2026.08.26 09:45:01   [SRJ-EA] A6REFUSED class=ABSENT_DECLINED bar=2026.08.26 09:45 state=S4_ARMED dir=SHORT predicate=LTF_MISALIGN"
32,RECON62-B137,585093BF576B922A241E21779C72C62236B4F57746F778E25A772E493CC3D9C6,Tester/logs/20261009.log,1069088,2026-08-26,09:45,STATE,"HO	0	19:47:37.116	Core 04	2026.08.26 09:45:01   [SRJ-EA] 2026.08.26 09:45:01 STATE S4_ARMED->ABORT dir=SHORT poi=Weekly-POC"
33,RECON62-B137,585093BF576B922A241E21779C72C62236B4F57746F778E25A772E493CC3D9C6,Tester/logs/20261009.log,1069098,2026-08-26,09:50,CONFIRMPOLL,"LG	0	19:47:37.116	Core 04	2026.08.26 09:50:10   [SRJ-EA] CONFIRMPOLL bar=2026.08.26 09:45 anchor=Weekly-POC dir=SHORT oppCandle=1 bodyDir=0 body=2pts doji=0 touchAttr=0 confirm=0 shadow=true"
34,RECON62-B137,585093BF576B922A241E21779C72C62236B4F57746F778E25A772E493CC3D9C6,Tester/logs/20261009.log,1069100,2026-08-26,09:50,STATE,"CO	0	19:47:37.116	Core 04	2026.08.26 09:50:10   [SRJ-EA] 2026.08.26 09:50:10 STATE IDLE->S1_REGIME dir=SHORT poi=Weekly-POC"
35,RECON62-B137,585093BF576B922A241E21779C72C62236B4F57746F778E25A772E493CC3D9C6,Tester/logs/20261009.log,1069101,2026-08-26,09:50,ANCHOR_ELECT,"KM	0	19:47:37.116	Core 04	2026.08.26 09:50:10   [SRJ-EA] ANCHOR_ELECT bar=2026.08.26 09:45 action=SEED poi=Weekly-POC rank=8 tier=4 dir=SHORT"
36,RECON62-B137,585093BF576B922A241E21779C72C62236B4F57746F778E25A772E493CC3D9C6,Tester/logs/20261009.log,1069102,2026-08-26,09:50,SIDE1T_SEEDBIAS,"FJ	0	19:47:37.116	Core 04	2026.08.26 09:50:10   [SRJ-EA] SIDE1T_SEEDBIAS bar=2026.08.26 09:45 dir=SHORT biasAligned=0 verdict=REJECT-BIAS-TIMING"
37,RECON62-B137,585093BF576B922A241E21779C72C62236B4F57746F778E25A772E493CC3D9C6,Tester/logs/20261009.log,1069112,2026-08-26,09:50,STATE,"CS	0	19:47:37.116	Core 04	2026.08.26 09:50:10   [SRJ-EA] 2026.08.26 09:50:10 STATE S1_REGIME->S2_LTF_ALIGN dir=SHORT poi=Weekly-POC"
38,RECON62-B137,585093BF576B922A241E21779C72C62236B4F57746F778E25A772E493CC3D9C6,Tester/logs/20261009.log,1069114,2026-08-26,09:50,S2SEEDBIAS_KILL,"QF	0	19:47:37.116	Core 04	2026.08.26 09:50:10   [SRJ-EA] S2SEEDBIAS_KILL bar=2026.08.26 09:45 dir=SHORT poi=Weekly-POC - seedbias refused, promotion killed (Fix B2)"
39,RECON62-B137,585093BF576B922A241E21779C72C62236B4F57746F778E25A772E493CC3D9C6,Tester/logs/20261009.log,1069115,2026-08-26,09:50,ABORT,"KS	0	19:47:37.116	Core 04	2026.08.26 09:50:10   [SRJ-EA] 2026.08.26 09:50:10 ABORT reason=SEEDBIAS_REFUSED state=S2_LTF_ALIGN poi=Weekly-POC dir=SHORT"
40,RECON62-B137,585093BF576B922A241E21779C72C62236B4F57746F778E25A772E493CC3D9C6,Tester/logs/20261009.log,1069116,2026-08-26,09:50,A6REFUSED,"DQ	0	19:47:37.116	Core 04	2026.08.26 09:50:10   [SRJ-EA] A6REFUSED class=ABSENT_DECLINED bar=2026.08.26 09:50 state=S2_LTF_ALIGN dir=SHORT predicate=SEEDBIAS_REFUSED"
41,RECON62-B137,585093BF576B922A241E21779C72C62236B4F57746F778E25A772E493CC3D9C6,Tester/logs/20261009.log,1069117,2026-08-26,09:50,STATE,"MJ	0	19:47:37.116	Core 04	2026.08.26 09:50:10   [SRJ-EA] 2026.08.26 09:50:10 STATE S2_LTF_ALIGN->ABORT dir=SHORT poi=Weekly-POC"
42,RECON62-B137,585093BF576B922A241E21779C72C62236B4F57746F778E25A772E493CC3D9C6,Tester/logs/20261009.log,1069133,2026-08-26,10:00,CONFIRMPOLL,"QR	0	19:47:37.116	Core 04	2026.08.26 10:00:00   [SRJ-EA] CONFIRMPOLL bar=2026.08.26 09:55 anchor=Weekly-POC dir=LONG oppCandle=0 bodyDir=1 body=16pts doji=0 touchAttr=1 confirm=0 shadow=true"
43,RECON62-B137,585093BF576B922A241E21779C72C62236B4F57746F778E25A772E493CC3D9C6,Tester/logs/20261009.log,1069135,2026-08-26,10:00,STATE,"KK	0	19:47:37.116	Core 04	2026.08.26 10:00:00   [SRJ-EA] 2026.08.26 10:00:00 STATE IDLE->S1_REGIME dir=LONG poi=Weekly-POC"
44,RECON62-B137,585093BF576B922A241E21779C72C62236B4F57746F778E25A772E493CC3D9C6,Tester/logs/20261009.log,1069136,2026-08-26,10:00,ANCHOR_ELECT,"NI	0	19:47:37.116	Core 04	2026.08.26 10:00:00   [SRJ-EA] ANCHOR_ELECT bar=2026.08.26 09:55 action=SEED poi=Weekly-POC rank=8 tier=4 dir=LONG"
45,RECON62-B137,585093BF576B922A241E21779C72C62236B4F57746F778E25A772E493CC3D9C6,Tester/logs/20261009.log,1069137,2026-08-26,10:00,SIDE1T_SEEDBIAS,"II	0	19:47:37.116	Core 04	2026.08.26 10:00:00   [SRJ-EA] SIDE1T_SEEDBIAS bar=2026.08.26 09:55 dir=LONG biasAligned=1 verdict=CONSIDER"
46,RECON62-B137,585093BF576B922A241E21779C72C62236B4F57746F778E25A772E493CC3D9C6,Tester/logs/20261009.log,1069154,2026-08-26,10:05,CQDRECHECK,"OL	0	19:47:37.116	Core 04	2026.08.26 10:05:02   [SRJ-EA] CQDRECHECK shift=2 passA=2.0 passB=2.0 diff=0 bar=2026.08.26 09:55 state=S1_REGIME dir=LONG divLatch=1 hit1=0 hit2=28 mism=0"
47,RECON62-B137,585093BF576B922A241E21779C72C62236B4F57746F778E25A772E493CC3D9C6,Tester/logs/20261009.log,1069164,2026-08-26,10:05,CONFIRMPOLL,"EI	0	19:47:37.116	Core 04	2026.08.26 10:05:02   [SRJ-EA] CONFIRMPOLL bar=2026.08.26 10:00 anchor=Weekly-VWAP dir=SHORT oppCandle=1 bodyDir=0 body=10pts doji=0 touchAttr=0 confirm=0 shadow=true"
48,RECON62-B137,585093BF576B922A241E21779C72C62236B4F57746F778E25A772E493CC3D9C6,Tester/logs/20261009.log,1069166,2026-08-26,10:05,STATE,"MM	0	19:47:37.116	Core 04	2026.08.26 10:05:02   [SRJ-EA] 2026.08.26 10:05:02 STATE S1_REGIME->S2_LTF_ALIGN dir=SHORT poi=Weekly-VWAP"
49,RECON62-B137,585093BF576B922A241E21779C72C62236B4F57746F778E25A772E493CC3D9C6,Tester/logs/20261009.log,1069173,2026-08-26,10:10,FRESHSKIP,"PN	0	19:47:37.116	Core 04	2026.08.26 10:10:00   [SRJ-EA] FRESHSKIP bar=2026.08.26 10:05 dir=SHORT state=S2_LTF_ALIGN poi=Weekly-VWAP reason=PRE_BINDING"
50,RECON62-B137,585093BF576B922A241E21779C72C62236B4F57746F778E25A772E493CC3D9C6,Tester/logs/20261009.log,1069260,2026-08-26,10:10,CQDRECHECK,"JR	0	19:47:37.116	Core 04	2026.08.26 10:10:00   [SRJ-EA] CQDRECHECK shift=2 passA=-1.0 passB=-1.0 diff=0 bar=2026.08.26 10:00 state=S2_LTF_ALIGN dir=SHORT divLatch=1 hit1=0 hit2=29 mism=0"
51,RECON62-B137,585093BF576B922A241E21779C72C62236B4F57746F778E25A772E493CC3D9C6,Tester/logs/20261009.log,1069264,2026-08-26,10:10,CONFIRMPOLL,"MQ	0	19:47:37.116	Core 04	2026.08.26 10:10:00   [SRJ-EA] CONFIRMPOLL bar=2026.08.26 10:05 anchor=Weekly-VWAP dir=SHORT oppCandle=1 bodyDir=0 body=1pts doji=0 touchAttr=1 confirm=0 shadow=true"
52,RECON62-B137,585093BF576B922A241E21779C72C62236B4F57746F778E25A772E493CC3D9C6,Tester/logs/20261009.log,1069273,2026-08-26,10:15,FRESHSKIP,"CJ	0	19:47:37.116	Core 04	2026.08.26 10:15:00   [SRJ-EA] FRESHSKIP bar=2026.08.26 10:10 dir=SHORT state=S2_LTF_ALIGN poi=Weekly-VWAP reason=PRE_BINDING"
53,RECON62-B137,585093BF576B922A241E21779C72C62236B4F57746F778E25A772E493CC3D9C6,Tester/logs/20261009.log,1069366,2026-08-26,10:15,CONFIRMPOLL,"HS	0	19:47:37.116	Core 04	2026.08.26 10:15:00   [SRJ-EA] CONFIRMPOLL bar=2026.08.26 10:10 anchor=Weekly-VWAP dir=SHORT oppCandle=1 bodyDir=0 body=4pts doji=0 touchAttr=0 confirm=0 shadow=true"
54,RECON62-B137,585093BF576B922A241E21779C72C62236B4F57746F778E25A772E493CC3D9C6,Tester/logs/20261009.log,1069376,2026-08-26,10:20,FRESHSKIP,"JD	0	19:47:37.116	Core 04	2026.08.26 10:20:00   [SRJ-EA] FRESHSKIP bar=2026.08.26 10:15 dir=SHORT state=S2_LTF_ALIGN poi=Weekly-VWAP reason=PRE_BINDING"
55,RECON62-B137,585093BF576B922A241E21779C72C62236B4F57746F778E25A772E493CC3D9C6,Tester/logs/20261009.log,1069464,2026-08-26,10:20,CQDRECHECK,"LL	0	19:47:37.116	Core 04	2026.08.26 10:20:00   [SRJ-EA] CQDRECHECK shift=2 passA=-1.0 passB=-1.0 diff=0 bar=2026.08.26 10:10 state=S2_LTF_ALIGN dir=SHORT divLatch=1 hit1=0 hit2=30 mism=0"
56,RECON62-B137,585093BF576B922A241E21779C72C62236B4F57746F778E25A772E493CC3D9C6,Tester/logs/20261009.log,1069468,2026-08-26,10:20,CONFIRMPOLL,"OF	0	19:47:37.116	Core 04	2026.08.26 10:20:00   [SRJ-EA] CONFIRMPOLL bar=2026.08.26 10:15 anchor=Weekly-VWAP dir=SHORT oppCandle=1 bodyDir=0 body=5pts doji=0 touchAttr=1 confirm=0 shadow=true"
57,RECON62-B137,585093BF576B922A241E21779C72C62236B4F57746F778E25A772E493CC3D9C6,Tester/logs/20261009.log,1069476,2026-08-26,10:25,FRESHSKIP,"MH	0	19:47:37.116	Core 04	2026.08.26 10:25:00   [SRJ-EA] FRESHSKIP bar=2026.08.26 10:20 dir=SHORT state=S2_LTF_ALIGN poi=Weekly-VWAP reason=PRE_BINDING"
58,RECON62-B137,585093BF576B922A241E21779C72C62236B4F57746F778E25A772E493CC3D9C6,Tester/logs/20261009.log,1069563,2026-08-26,10:25,CQDRECHECK,"CM	0	19:47:37.116	Core 04	2026.08.26 10:25:00   [SRJ-EA] CQDRECHECK shift=2 passA=-1.0 passB=-1.0 diff=0 bar=2026.08.26 10:15 state=S2_LTF_ALIGN dir=SHORT divLatch=1 hit1=0 hit2=31 mism=0"
59,RECON62-B137,585093BF576B922A241E21779C72C62236B4F57746F778E25A772E493CC3D9C6,Tester/logs/20261009.log,1069572,2026-08-26,10:25,CONFIRMPOLL,"RI	0	19:47:37.116	Core 04	2026.08.26 10:25:00   [SRJ-EA] CONFIRMPOLL bar=2026.08.26 10:20 anchor=Weekly-VWAP dir=LONG oppCandle=0 bodyDir=1 body=1pts doji=0 touchAttr=1 confirm=0 shadow=true"
60,RECON62-B137,585093BF576B922A241E21779C72C62236B4F57746F778E25A772E493CC3D9C6,Tester/logs/20261009.log,1069573,2026-08-26,10:25,STATE,"NN	0	19:47:37.116	Core 04	2026.08.26 10:25:00   [SRJ-EA] 2026.08.26 10:25:00 STATE S2_LTF_ALIGN->S3_ZONE_WAIT dir=LONG poi=Weekly-VWAP"
61,RECON62-B137,585093BF576B922A241E21779C72C62236B4F57746F778E25A772E493CC3D9C6,Tester/logs/20261009.log,1069576,2026-08-26,10:25,ZONEID,"GE	0	19:47:37.116	Core 04	2026.08.26 10:25:00   [SRJ-EA] ZONEID bar=2026.08.26 10:20 site=S3PICK xobId=1702 fvgId=0"
62,RECON62-B137,585093BF576B922A241E21779C72C62236B4F57746F778E25A772E493CC3D9C6,Tester/logs/20261009.log,1069577,2026-08-26,10:25,XOBPROMO,"KE	0	19:47:37.116	Core 04	2026.08.26 10:25:00   [SRJ-EA] XOBPROMO bar=2026.08.26 10:20 site=S3PICK xobId=1702 raw=1787657400.0 promoT=2026.08.25 11:30"
63,RECON62-B137,585093BF576B922A241E21779C72C62236B4F57746F778E25A772E493CC3D9C6,Tester/logs/20261009.log,1069578,2026-08-26,10:25,ZONEPICK,"MD	0	19:47:37.116	Core 04	2026.08.26 10:25:00   [SRJ-EA] ZONEPICK bar=2026.08.26 10:20 dir=LONG haveFvg=0 fvgInPlay=0 haveXob=1 xobInPlay=1 downgraded=0 fvg=--- xob=1.16582-1.16604"
64,RECON62-B137,585093BF576B922A241E21779C72C62236B4F57746F778E25A772E493CC3D9C6,Tester/logs/20261009.log,1069594,2026-08-26,10:25,INPLAYCOMMIT,"CJ	0	19:47:37.116	Core 04	2026.08.26 10:25:00   [SRJ-EA] INPLAYCOMMIT bar=2026.08.26 10:20 dir=LONG zoneSrc=XOB zoneLo=1.16582 zoneHi=1.16604 promoT=2026.08.25 11:30 applied=1 bounded=1 scanned=276 swings=58 hits=6 firstShift=9 firstVal=1.16597 commitVia=SWING legacy=1 legacyVia=SWINGLEG committed=1 changed=0 haveStop=1"
65,RECON62-B137,585093BF576B922A241E21779C72C62236B4F57746F778E25A772E493CC3D9C6,Tester/logs/20261009.log,1069595,2026-08-26,10:25,STATE,"MO	0	19:47:37.116	Core 04	2026.08.26 10:25:00   [SRJ-EA] 2026.08.26 10:25:00 STATE S3_ZONE_WAIT->S4_ARMED dir=LONG poi=Weekly-VWAP"
66,RECON62-B137,585093BF576B922A241E21779C72C62236B4F57746F778E25A772E493CC3D9C6,Tester/logs/20261009.log,1069598,2026-08-26,10:25,ZONEID,"HH	0	19:47:37.116	Core 04	2026.08.26 10:25:00   [SRJ-EA] ZONEID bar=2026.08.26 10:20 site=S4RQZ xobId=1702 fvgId=0"
67,RECON62-B137,585093BF576B922A241E21779C72C62236B4F57746F778E25A772E493CC3D9C6,Tester/logs/20261009.log,1069699,2026-08-26,10:30,CONFIRMPOLL,"PN	0	19:47:37.116	Core 04	2026.08.26 10:30:00   [SRJ-EA] CONFIRMPOLL bar=2026.08.26 10:25 anchor=Weekly-VWAP dir=LONG oppCandle=0 bodyDir=1 body=2pts doji=0 touchAttr=1 confirm=0 shadow=true"
68,RECON62-B137,585093BF576B922A241E21779C72C62236B4F57746F778E25A772E493CC3D9C6,Tester/logs/20261009.log,1069701,2026-08-26,10:30,ZONEID,"KJ	0	19:47:37.116	Core 04	2026.08.26 10:30:00   [SRJ-EA] ZONEID bar=2026.08.26 10:25 site=S4RQZ xobId=1702 fvgId=0"
69,RECON62-B137,585093BF576B922A241E21779C72C62236B4F57746F778E25A772E493CC3D9C6,Tester/logs/20261009.log,1069804,2026-08-26,10:35,CONFIRMPOLL,"IL	0	19:47:37.116	Core 04	2026.08.26 10:35:00   [SRJ-EA] CONFIRMPOLL bar=2026.08.26 10:30 anchor=Weekly-VWAP dir=LONG oppCandle=0 bodyDir=1 body=18pts doji=0 touchAttr=0 confirm=0 shadow=true"
70,RECON62-B137,585093BF576B922A241E21779C72C62236B4F57746F778E25A772E493CC3D9C6,Tester/logs/20261009.log,1069806,2026-08-26,10:35,ZONEID,"RI	0	19:47:37.116	Core 04	2026.08.26 10:35:00   [SRJ-EA] ZONEID bar=2026.08.26 10:30 site=S4RQZ xobId=1702 fvgId=0"
71,RECON62-B137,585093BF576B922A241E21779C72C62236B4F57746F778E25A772E493CC3D9C6,Tester/logs/20261009.log,1069905,2026-08-26,10:40,CQDRECHECK,"NJ	0	19:47:37.116	Core 04	2026.08.26 10:40:02   [SRJ-EA] CQDRECHECK shift=2 passA=-1.0 passB=-1.0 diff=0 bar=2026.08.26 10:30 state=S4_ARMED dir=LONG divLatch=0 hit1=0 hit2=32 mism=0"
72,RECON62-B137,585093BF576B922A241E21779C72C62236B4F57746F778E25A772E493CC3D9C6,Tester/logs/20261009.log,1069909,2026-08-26,10:40,CONFIRMPOLL,"NM	0	19:47:37.116	Core 04	2026.08.26 10:40:02   [SRJ-EA] CONFIRMPOLL bar=2026.08.26 10:35 anchor=Weekly-VWAP dir=LONG oppCandle=0 bodyDir=1 body=5pts doji=0 touchAttr=0 confirm=0 shadow=true"
73,RECON62-B137,585093BF576B922A241E21779C72C62236B4F57746F778E25A772E493CC3D9C6,Tester/logs/20261009.log,1069911,2026-08-26,10:40,ZONEID,"KK	0	19:47:37.116	Core 04	2026.08.26 10:40:02   [SRJ-EA] ZONEID bar=2026.08.26 10:35 site=S4RQZ xobId=1702 fvgId=0"
74,RECON62-B137,585093BF576B922A241E21779C72C62236B4F57746F778E25A772E493CC3D9C6,Tester/logs/20261009.log,1070011,2026-08-26,10:45,CQDRECHECK,"DO	0	19:47:37.116	Core 04	2026.08.26 10:45:01   [SRJ-EA] CQDRECHECK shift=2 passA=-1.0 passB=-1.0 diff=0 bar=2026.08.26 10:35 state=S4_ARMED dir=LONG divLatch=0 hit1=0 hit2=33 mism=0"
75,RECON62-B137,585093BF576B922A241E21779C72C62236B4F57746F778E25A772E493CC3D9C6,Tester/logs/20261009.log,1070015,2026-08-26,10:45,CONFIRMPOLL,"IJ	0	19:47:37.116	Core 04	2026.08.26 10:45:01   [SRJ-EA] CONFIRMPOLL bar=2026.08.26 10:40 anchor=Weekly-VWAP dir=LONG oppCandle=0 bodyDir=0 body=16pts doji=0 touchAttr=0 confirm=0 shadow=true"
76,RECON62-B137,585093BF576B922A241E21779C72C62236B4F57746F778E25A772E493CC3D9C6,Tester/logs/20261009.log,1070017,2026-08-26,10:45,ZONEID,"GP	0	19:47:37.116	Core 04	2026.08.26 10:45:01   [SRJ-EA] ZONEID bar=2026.08.26 10:40 site=S4RQZ xobId=1702 fvgId=0"
77,RECON62-B137,585093BF576B922A241E21779C72C62236B4F57746F778E25A772E493CC3D9C6,Tester/logs/20261009.log,1070118,2026-08-26,10:50,CONFIRMPOLL,"KR	0	19:47:37.116	Core 04	2026.08.26 10:50:00   [SRJ-EA] CONFIRMPOLL bar=2026.08.26 10:45 anchor=Weekly-VWAP dir=LONG oppCandle=1 bodyDir=0 body=2pts doji=0 touchAttr=0 confirm=0 shadow=true"
78,RECON62-B137,585093BF576B922A241E21779C72C62236B4F57746F778E25A772E493CC3D9C6,Tester/logs/20261009.log,1070120,2026-08-26,10:50,ZONEID,"EF	0	19:47:37.116	Core 04	2026.08.26 10:50:00   [SRJ-EA] ZONEID bar=2026.08.26 10:45 site=S4RQZ xobId=1702 fvgId=0"
79,RECON62-B137,585093BF576B922A241E21779C72C62236B4F57746F778E25A772E493CC3D9C6,Tester/logs/20261009.log,1070220,2026-08-26,10:55,CONFIRMPOLL,"FL	0	19:47:37.116	Core 04	2026.08.26 10:55:01   [SRJ-EA] CONFIRMPOLL bar=2026.08.26 10:50 anchor=Weekly-VWAP dir=LONG oppCandle=1 bodyDir=0 body=16pts doji=0 touchAttr=0 confirm=0 shadow=true"
80,RECON62-B137,585093BF576B922A241E21779C72C62236B4F57746F778E25A772E493CC3D9C6,Tester/logs/20261009.log,1070222,2026-08-26,10:55,ZONEID,"IJ	0	19:47:37.116	Core 04	2026.08.26 10:55:01   [SRJ-EA] ZONEID bar=2026.08.26 10:50 site=S4RQZ xobId=1702 fvgId=0"
81,RECON62-B137,585093BF576B922A241E21779C72C62236B4F57746F778E25A772E493CC3D9C6,Tester/logs/20261009.log,1070321,2026-08-26,11:00,CQDRECHECK,"JO	0	19:47:37.116	Core 04	2026.08.26 11:00:00   [SRJ-EA] CQDRECHECK shift=2 passA=1.0 passB=1.0 diff=0 bar=2026.08.26 10:50 state=S4_ARMED dir=LONG divLatch=1 hit1=0 hit2=34 mism=0"
82,RECON62-B137,585093BF576B922A241E21779C72C62236B4F57746F778E25A772E493CC3D9C6,Tester/logs/20261009.log,1070325,2026-08-26,11:00,CONFIRMPOLL,"LH	0	19:47:37.116	Core 04	2026.08.26 11:00:00   [SRJ-EA] CONFIRMPOLL bar=2026.08.26 10:55 anchor=Weekly-VWAP dir=LONG oppCandle=1 bodyDir=1 body=23pts doji=0 touchAttr=1 confirm=1 shadow=true"
83,RECON62-B137,585093BF576B922A241E21779C72C62236B4F57746F778E25A772E493CC3D9C6,Tester/logs/20261009.log,1070327,2026-08-26,11:00,ZONEID,"NL	0	19:47:37.116	Core 04	2026.08.26 11:00:00   [SRJ-EA] ZONEID bar=2026.08.26 10:55 site=S4RQZ xobId=1702 fvgId=0"
84,RECON62-B137,585093BF576B922A241E21779C72C62236B4F57746F778E25A772E493CC3D9C6,Tester/logs/20261009.log,1070431,2026-08-26,11:05,CONFIRMPOLL,"QJ	0	19:47:37.116	Core 04	2026.08.26 11:05:00   [SRJ-EA] CONFIRMPOLL bar=2026.08.26 11:00 anchor=Weekly-VWAP dir=LONG oppCandle=0 bodyDir=1 body=2pts doji=0 touchAttr=1 confirm=0 shadow=true"
85,RECON62-B137,585093BF576B922A241E21779C72C62236B4F57746F778E25A772E493CC3D9C6,Tester/logs/20261009.log,1070434,2026-08-26,11:05,ZONEID,"JJ	0	19:47:37.116	Core 04	2026.08.26 11:05:00   [SRJ-EA] ZONEID bar=2026.08.26 11:00 site=S4RQZ xobId=1702 fvgId=0"
86,RECON62-B137,585093BF576B922A241E21779C72C62236B4F57746F778E25A772E493CC3D9C6,Tester/logs/20261009.log,1070536,2026-08-26,11:10,CONFIRMPOLL,"NL	0	19:47:37.116	Core 04	2026.08.26 11:10:01   [SRJ-EA] CONFIRMPOLL bar=2026.08.26 11:05 anchor=Weekly-VWAP dir=LONG oppCandle=0 bodyDir=1 body=19pts doji=0 touchAttr=0 confirm=0 shadow=true"
87,RECON62-B137,585093BF576B922A241E21779C72C62236B4F57746F778E25A772E493CC3D9C6,Tester/logs/20261009.log,1070538,2026-08-26,11:10,ZONEID,"NI	0	19:47:37.116	Core 04	2026.08.26 11:10:01   [SRJ-EA] ZONEID bar=2026.08.26 11:05 site=S4RQZ xobId=1702 fvgId=0"
88,RECON62-B137,585093BF576B922A241E21779C72C62236B4F57746F778E25A772E493CC3D9C6,Tester/logs/20261009.log,1070636,2026-08-26,11:15,CQDRECHECK,"ML	0	19:47:37.116	Core 04	2026.08.26 11:15:00   [SRJ-EA] CQDRECHECK shift=2 passA=-1.0 passB=-1.0 diff=0 bar=2026.08.26 11:05 state=S4_ARMED dir=LONG divLatch=0 hit1=0 hit2=35 mism=0"
89,RECON62-B137,585093BF576B922A241E21779C72C62236B4F57746F778E25A772E493CC3D9C6,Tester/logs/20261009.log,1070640,2026-08-26,11:15,CONFIRMPOLL,"IH	0	19:47:37.116	Core 04	2026.08.26 11:15:00   [SRJ-EA] CONFIRMPOLL bar=2026.08.26 11:10 anchor=Weekly-VWAP dir=LONG oppCandle=0 bodyDir=1 body=18pts doji=0 touchAttr=0 confirm=0 shadow=true"
90,RECON62-B137,585093BF576B922A241E21779C72C62236B4F57746F778E25A772E493CC3D9C6,Tester/logs/20261009.log,1070642,2026-08-26,11:15,ZONEID,"RM	0	19:47:37.116	Core 04	2026.08.26 11:15:00   [SRJ-EA] ZONEID bar=2026.08.26 11:10 site=S4RQZ xobId=1702 fvgId=0"
91,RECON62-B137,585093BF576B922A241E21779C72C62236B4F57746F778E25A772E493CC3D9C6,Tester/logs/20261009.log,1070738,2026-08-26,11:20,CQDRECHECK,"NM	0	19:47:37.116	Core 04	2026.08.26 11:20:00   [SRJ-EA] CQDRECHECK shift=2 passA=-1.0 passB=-1.0 diff=0 bar=2026.08.26 11:10 state=S4_ARMED dir=LONG divLatch=0 hit1=0 hit2=36 mism=0"
92,RECON62-B137,585093BF576B922A241E21779C72C62236B4F57746F778E25A772E493CC3D9C6,Tester/logs/20261009.log,1070742,2026-08-26,11:20,CONFIRMPOLL,"NJ	0	19:47:37.116	Core 04	2026.08.26 11:20:00   [SRJ-EA] CONFIRMPOLL bar=2026.08.26 11:15 anchor=Weekly-VWAP dir=LONG oppCandle=0 bodyDir=1 body=7pts doji=0 touchAttr=0 confirm=0 shadow=true"
93,RECON62-B137,585093BF576B922A241E21779C72C62236B4F57746F778E25A772E493CC3D9C6,Tester/logs/20261009.log,1070744,2026-08-26,11:20,ZONEID,"MN	0	19:47:37.116	Core 04	2026.08.26 11:20:00   [SRJ-EA] ZONEID bar=2026.08.26 11:15 site=S4RQZ xobId=1702 fvgId=0"
94,RECON62-B137,585093BF576B922A241E21779C72C62236B4F57746F778E25A772E493CC3D9C6,Tester/logs/20261009.log,1070840,2026-08-26,11:25,CQDRECHECK,"OR	0	19:47:37.116	Core 04	2026.08.26 11:25:00   [SRJ-EA] CQDRECHECK shift=2 passA=-1.0 passB=-1.0 diff=0 bar=2026.08.26 11:15 state=S4_ARMED dir=LONG divLatch=0 hit1=0 hit2=37 mism=0"
95,RECON62-B137,585093BF576B922A241E21779C72C62236B4F57746F778E25A772E493CC3D9C6,Tester/logs/20261009.log,1070844,2026-08-26,11:25,CONFIRMPOLL,"FF	0	19:47:37.116	Core 04	2026.08.26 11:25:00   [SRJ-EA] CONFIRMPOLL bar=2026.08.26 11:20 anchor=Weekly-VWAP dir=LONG oppCandle=0 bodyDir=1 body=6pts doji=0 touchAttr=0 confirm=0 shadow=true"
96,RECON62-B137,585093BF576B922A241E21779C72C62236B4F57746F778E25A772E493CC3D9C6,Tester/logs/20261009.log,1070846,2026-08-26,11:25,ZONEID,"FS	0	19:47:37.116	Core 04	2026.08.26 11:25:00   [SRJ-EA] ZONEID bar=2026.08.26 11:20 site=S4RQZ xobId=1702 fvgId=0"
97,RECON62-B137,585093BF576B922A241E21779C72C62236B4F57746F778E25A772E493CC3D9C6,Tester/logs/20261009.log,1070943,2026-08-26,11:30,CQDRECHECK,"HI	0	19:47:37.116	Core 04	2026.08.26 11:30:00   [SRJ-EA] CQDRECHECK shift=2 passA=-1.0 passB=-1.0 diff=0 bar=2026.08.26 11:20 state=S4_ARMED dir=LONG divLatch=0 hit1=0 hit2=38 mism=0"
98,RECON62-B137,585093BF576B922A241E21779C72C62236B4F57746F778E25A772E493CC3D9C6,Tester/logs/20261009.log,1070947,2026-08-26,11:30,CONFIRMPOLL,"RN	0	19:47:37.116	Core 04	2026.08.26 11:30:00   [SRJ-EA] CONFIRMPOLL bar=2026.08.26 11:25 anchor=Weekly-VWAP dir=LONG oppCandle=0 bodyDir=1 body=7pts doji=0 touchAttr=0 confirm=0 shadow=true"
99,RECON62-B137,585093BF576B922A241E21779C72C62236B4F57746F778E25A772E493CC3D9C6,Tester/logs/20261009.log,1070949,2026-08-26,11:30,ZONEID,"QJ	0	19:47:37.116	Core 04	2026.08.26 11:30:00   [SRJ-EA] ZONEID bar=2026.08.26 11:25 site=S4RQZ xobId=1702 fvgId=0"
100,RECON62-B137,585093BF576B922A241E21779C72C62236B4F57746F778E25A772E493CC3D9C6,Tester/logs/20261009.log,1071045,2026-08-26,11:35,CQDRECHECK,"MJ	0	19:47:37.116	Core 04	2026.08.26 11:35:00   [SRJ-EA] CQDRECHECK shift=2 passA=-1.0 passB=-1.0 diff=0 bar=2026.08.26 11:25 state=S4_ARMED dir=LONG divLatch=0 hit1=0 hit2=39 mism=0"
101,RECON62-B137,585093BF576B922A241E21779C72C62236B4F57746F778E25A772E493CC3D9C6,Tester/logs/20261009.log,1071049,2026-08-26,11:35,CONFIRMPOLL,"EM	0	19:47:37.116	Core 04	2026.08.26 11:35:00   [SRJ-EA] CONFIRMPOLL bar=2026.08.26 11:30 anchor=Weekly-VWAP dir=LONG oppCandle=0 bodyDir=0 body=22pts doji=0 touchAttr=0 confirm=0 shadow=true"
102,RECON62-B137,585093BF576B922A241E21779C72C62236B4F57746F778E25A772E493CC3D9C6,Tester/logs/20261009.log,1071051,2026-08-26,11:35,ZONEID,"NJ	0	19:47:37.116	Core 04	2026.08.26 11:35:00   [SRJ-EA] ZONEID bar=2026.08.26 11:30 site=S4RQZ xobId=1702 fvgId=0"
103,RECON62-B137,585093BF576B922A241E21779C72C62236B4F57746F778E25A772E493CC3D9C6,Tester/logs/20261009.log,1071059,2026-08-26,11:40,ABORT,"QM	0	19:47:37.116	Core 04	2026.08.26 11:40:04   [SRJ-EA] 2026.08.26 11:40:04 ABORT reason=FRESH_OPP_FVG state=S4_ARMED poi=Weekly-VWAP dir=LONG"
104,RECON62-B137,585093BF576B922A241E21779C72C62236B4F57746F778E25A772E493CC3D9C6,Tester/logs/20261009.log,1071060,2026-08-26,11:40,A6REFUSED,"OL	0	19:47:37.116	Core 04	2026.08.26 11:40:04   [SRJ-EA] A6REFUSED class=ABSENT_DECLINED bar=2026.08.26 11:40 state=S4_ARMED dir=LONG predicate=FRESH_OPP_FVG"
105,RECON62-B137,585093BF576B922A241E21779C72C62236B4F57746F778E25A772E493CC3D9C6,Tester/logs/20261009.log,1071062,2026-08-26,11:40,STATE,"FN	0	19:47:37.116	Core 04	2026.08.26 11:40:04   [SRJ-EA] 2026.08.26 11:40:04 STATE S4_ARMED->ABORT dir=LONG poi=Weekly-VWAP"
106,RECON62-B137,585093BF576B922A241E21779C72C62236B4F57746F778E25A772E493CC3D9C6,Tester/logs/20261009.log,1071074,2026-08-26,11:50,CQDRECHECK,"CI	0	19:47:37.116	Core 04	2026.08.26 11:50:07   [SRJ-EA] CQDRECHECK shift=2 passA=2.0 passB=2.0 diff=0 bar=2026.08.26 11:40 state=IDLE dir=NONE divLatch=0 hit1=0 hit2=40 mism=0"
107,RECON62-B137,585093BF576B922A241E21779C72C62236B4F57746F778E25A772E493CC3D9C6,Tester/logs/20261009.log,1071097,2026-08-26,12:00,CONFIRMPOLL,"FN	0	19:47:37.116	Core 04	2026.08.26 12:00:00   [SRJ-EA] CONFIRMPOLL bar=2026.08.26 11:55 anchor=Weekly-POC dir=LONG oppCandle=1 bodyDir=0 body=13pts doji=0 touchAttr=0 confirm=0 shadow=true"
108,RECON62-B137,585093BF576B922A241E21779C72C62236B4F57746F778E25A772E493CC3D9C6,Tester/logs/20261009.log,1071099,2026-08-26,12:00,STATE,"QO	0	19:47:37.116	Core 04	2026.08.26 12:00:00   [SRJ-EA] 2026.08.26 12:00:00 STATE IDLE->S1_REGIME dir=LONG poi=Weekly-POC"
109,RECON62-B137,585093BF576B922A241E21779C72C62236B4F57746F778E25A772E493CC3D9C6,Tester/logs/20261009.log,1071100,2026-08-26,12:00,ANCHOR_ELECT,"IM	0	19:47:37.116	Core 04	2026.08.26 12:00:00   [SRJ-EA] ANCHOR_ELECT bar=2026.08.26 11:55 action=SEED poi=Weekly-POC rank=8 tier=4 dir=LONG"
110,RECON62-B137,585093BF576B922A241E21779C72C62236B4F57746F778E25A772E493CC3D9C6,Tester/logs/20261009.log,1071101,2026-08-26,12:00,SIDE1T_SEEDBIAS,"RR	0	19:47:37.116	Core 04	2026.08.26 12:00:00   [SRJ-EA] SIDE1T_SEEDBIAS bar=2026.08.26 11:55 dir=LONG biasAligned=0 verdict=REJECT-BIAS-TIMING"
111,RECON62-B137,585093BF576B922A241E21779C72C62236B4F57746F778E25A772E493CC3D9C6,Tester/logs/20261009.log,1071235,2026-08-26,14:05,CQDRECHECK,"JQ	0	19:47:37.116	Core 04	2026.08.26 14:05:00   [SRJ-EA] CQDRECHECK shift=2 passA=1.0 passB=1.0 diff=0 bar=2026.08.26 13:55 state=IDLE dir=NONE divLatch=0 hit1=0 hit2=52 mism=0"
112,RECON62-B137,585093BF576B922A241E21779C72C62236B4F57746F778E25A772E493CC3D9C6,Tester/logs/20261009.log,1071298,2026-08-26,14:40,CONFIRMPOLL,"GR	0	19:47:37.116	Core 04	2026.08.26 14:40:03   [SRJ-EA] CONFIRMPOLL bar=2026.08.26 14:35 anchor=Weekly-POC dir=LONG oppCandle=0 bodyDir=0 body=5pts doji=0 touchAttr=1 confirm=0 shadow=true"
113,RECON62-B137,585093BF576B922A241E21779C72C62236B4F57746F778E25A772E493CC3D9C6,Tester/logs/20261009.log,1071300,2026-08-26,14:40,STATE,"MJ	0	19:47:37.116	Core 04	2026.08.26 14:40:03   [SRJ-EA] 2026.08.26 14:40:03 STATE IDLE->S1_REGIME dir=LONG poi=Weekly-POC"
114,RECON62-B137,585093BF576B922A241E21779C72C62236B4F57746F778E25A772E493CC3D9C6,Tester/logs/20261009.log,1071301,2026-08-26,14:40,ANCHOR_ELECT,"CH	0	19:47:37.116	Core 04	2026.08.26 14:40:03   [SRJ-EA] ANCHOR_ELECT bar=2026.08.26 14:35 action=SEED poi=Weekly-POC rank=8 tier=4 dir=LONG"
115,RECON62-B137,585093BF576B922A241E21779C72C62236B4F57746F778E25A772E493CC3D9C6,Tester/logs/20261009.log,1071302,2026-08-26,14:40,SIDE1T_SEEDBIAS,"PN	0	19:47:37.116	Core 04	2026.08.26 14:40:03   [SRJ-EA] SIDE1T_SEEDBIAS bar=2026.08.26 14:35 dir=LONG biasAligned=1 verdict=CONSIDER"
116,RECON62-B137,585093BF576B922A241E21779C72C62236B4F57746F778E25A772E493CC3D9C6,Tester/logs/20261009.log,1071318,2026-08-26,14:45,CONFIRMPOLL,"EM	0	19:47:37.116	Core 04	2026.08.26 14:45:01   [SRJ-EA] CONFIRMPOLL bar=2026.08.26 14:40 anchor=Weekly-POC dir=LONG oppCandle=1 bodyDir=1 body=9pts doji=0 touchAttr=1 confirm=1 shadow=true"
117,RECON62-B137,585093BF576B922A241E21779C72C62236B4F57746F778E25A772E493CC3D9C6,Tester/logs/20261009.log,1071328,2026-08-26,14:50,CONFIRMPOLL,"GG	0	19:47:37.116	Core 04	2026.08.26 14:50:00   [SRJ-EA] CONFIRMPOLL bar=2026.08.26 14:45 anchor=Weekly-POC dir=LONG oppCandle=0 bodyDir=1 body=9pts doji=0 touchAttr=1 confirm=0 shadow=true"
118,RECON62-B137,585093BF576B922A241E21779C72C62236B4F57746F778E25A772E493CC3D9C6,Tester/logs/20261009.log,1071337,2026-08-26,14:55,CQDRECHECK,"FL	0	19:47:37.116	Core 04	2026.08.26 14:55:00   [SRJ-EA] CQDRECHECK shift=2 passA=-1.0 passB=-1.0 diff=0 bar=2026.08.26 14:45 state=S1_REGIME dir=LONG divLatch=0 hit1=0 hit2=53 mism=0"
119,RECON62-B137,585093BF576B922A241E21779C72C62236B4F57746F778E25A772E493CC3D9C6,Tester/logs/20261009.log,1071341,2026-08-26,14:55,CONFIRMPOLL,"KF	0	19:47:37.116	Core 04	2026.08.26 14:55:00   [SRJ-EA] CONFIRMPOLL bar=2026.08.26 14:50 anchor=Weekly-POC dir=LONG oppCandle=0 bodyDir=1 body=14pts doji=0 touchAttr=0 confirm=0 shadow=true"
120,RECON62-B137,585093BF576B922A241E21779C72C62236B4F57746F778E25A772E493CC3D9C6,Tester/logs/20261009.log,1071349,2026-08-26,15:00,CQDRECHECK,"MP	0	19:47:43.224	Core 04	2026.08.26 15:00:00   [SRJ-EA] CQDRECHECK shift=2 passA=-2.0 passB=-2.0 diff=0 bar=2026.08.26 14:50 state=S1_REGIME dir=LONG divLatch=0 hit1=0 hit2=54 mism=0"
121,RECON62-B137,585093BF576B922A241E21779C72C62236B4F57746F778E25A772E493CC3D9C6,Tester/logs/20261009.log,1071353,2026-08-26,15:00,CONFIRMPOLL,"MR	0	19:47:43.224	Core 04	2026.08.26 15:00:00   [SRJ-EA] CONFIRMPOLL bar=2026.08.26 14:55 anchor=Weekly-POC dir=LONG oppCandle=0 bodyDir=1 body=8pts doji=0 touchAttr=0 confirm=0 shadow=true"
122,RECON62-B137,585093BF576B922A241E21779C72C62236B4F57746F778E25A772E493CC3D9C6,Tester/logs/20261009.log,1071366,2026-08-26,15:05,CONFIRMPOLL,"NI	0	19:47:43.224	Core 04	2026.08.26 15:05:00   [SRJ-EA] CONFIRMPOLL bar=2026.08.26 15:00 anchor=Weekly-POC dir=LONG oppCandle=0 bodyDir=1 body=10pts doji=0 touchAttr=0 confirm=0 shadow=true"
123,RECON62-B137,585093BF576B922A241E21779C72C62236B4F57746F778E25A772E493CC3D9C6,Tester/logs/20261009.log,1071368,2026-08-26,15:05,STATE,"LN	0	19:47:43.224	Core 04	2026.08.26 15:05:00   [SRJ-EA] 2026.08.26 15:05:00 STATE S1_REGIME->S2_LTF_ALIGN dir=LONG poi=Weekly-POC"
124,RECON62-B137,585093BF576B922A241E21779C72C62236B4F57746F778E25A772E493CC3D9C6,Tester/logs/20261009.log,1071369,2026-08-26,15:05,STATE,"KR	0	19:47:43.224	Core 04	2026.08.26 15:05:00   [SRJ-EA] 2026.08.26 15:05:00 STATE S2_LTF_ALIGN->S3_ZONE_WAIT dir=LONG poi=Weekly-POC"
125,RECON62-B137,585093BF576B922A241E21779C72C62236B4F57746F778E25A772E493CC3D9C6,Tester/logs/20261009.log,1071372,2026-08-26,15:05,ZONEID,"PF	0	19:47:43.224	Core 04	2026.08.26 15:05:00   [SRJ-EA] ZONEID bar=2026.08.26 15:00 site=S3PICK xobId=1702 fvgId=0"
126,RECON62-B137,585093BF576B922A241E21779C72C62236B4F57746F778E25A772E493CC3D9C6,Tester/logs/20261009.log,1071373,2026-08-26,15:05,XOBPROMO,"DE	0	19:47:43.224	Core 04	2026.08.26 15:05:00   [SRJ-EA] XOBPROMO bar=2026.08.26 15:00 site=S3PICK xobId=1702 raw=1787657400.0 promoT=2026.08.25 11:30"
127,RECON62-B137,585093BF576B922A241E21779C72C62236B4F57746F778E25A772E493CC3D9C6,Tester/logs/20261009.log,1071374,2026-08-26,15:05,ZONEPICK,"FD	0	19:47:43.224	Core 04	2026.08.26 15:05:00   [SRJ-EA] ZONEPICK bar=2026.08.26 15:00 dir=LONG haveFvg=0 fvgInPlay=0 haveXob=1 xobInPlay=1 downgraded=0 fvg=--- xob=1.16582-1.16604"
128,RECON62-B137,585093BF576B922A241E21779C72C62236B4F57746F778E25A772E493CC3D9C6,Tester/logs/20261009.log,1071389,2026-08-26,15:05,INPLAYCOMMIT,"MD	0	19:47:43.224	Core 04	2026.08.26 15:05:00   [SRJ-EA] INPLAYCOMMIT bar=2026.08.26 15:00 dir=LONG zoneSrc=XOB zoneLo=1.16582 zoneHi=1.16604 promoT=2026.08.25 11:30 applied=1 bounded=1 scanned=332 swings=68 hits=7 firstShift=7 firstVal=1.16602 commitVia=SWING legacy=1 legacyVia=SWING1 committed=1 changed=0 haveStop=1"
129,RECON62-B137,585093BF576B922A241E21779C72C62236B4F57746F778E25A772E493CC3D9C6,Tester/logs/20261009.log,1071390,2026-08-26,15:05,STATE,"LS	0	19:47:43.224	Core 04	2026.08.26 15:05:00   [SRJ-EA] 2026.08.26 15:05:00 STATE S3_ZONE_WAIT->S4_ARMED dir=LONG poi=Weekly-POC"
130,RECON62-B137,585093BF576B922A241E21779C72C62236B4F57746F778E25A772E493CC3D9C6,Tester/logs/20261009.log,1071393,2026-08-26,15:05,ZONEID,"EI	0	19:47:43.224	Core 04	2026.08.26 15:05:00   [SRJ-EA] ZONEID bar=2026.08.26 15:00 site=S4RQZ xobId=1702 fvgId=0"
131,RECON62-B137,585093BF576B922A241E21779C72C62236B4F57746F778E25A772E493CC3D9C6,Tester/logs/20261009.log,1071492,2026-08-26,15:10,CONFIRMPOLL,"QN	0	19:47:43.224	Core 04	2026.08.26 15:10:00   [SRJ-EA] CONFIRMPOLL bar=2026.08.26 15:05 anchor=Weekly-POC dir=LONG oppCandle=0 bodyDir=0 body=6pts doji=0 touchAttr=0 confirm=0 shadow=true"
132,RECON62-B137,585093BF576B922A241E21779C72C62236B4F57746F778E25A772E493CC3D9C6,Tester/logs/20261009.log,1071494,2026-08-26,15:10,ZONEID,"PG	0	19:47:43.224	Core 04	2026.08.26 15:10:00   [SRJ-EA] ZONEID bar=2026.08.26 15:05 site=S4RQZ xobId=1702 fvgId=0"
133,RECON62-B137,585093BF576B922A241E21779C72C62236B4F57746F778E25A772E493CC3D9C6,Tester/logs/20261009.log,1071593,2026-08-26,15:15,CONFIRMPOLL,"JS	0	19:47:43.224	Core 04	2026.08.26 15:15:04   [SRJ-EA] CONFIRMPOLL bar=2026.08.26 15:10 anchor=Weekly-POC dir=LONG oppCandle=1 bodyDir=1 body=35pts doji=0 touchAttr=0 confirm=0 shadow=true"
134,RECON62-B137,585093BF576B922A241E21779C72C62236B4F57746F778E25A772E493CC3D9C6,Tester/logs/20261009.log,1071595,2026-08-26,15:15,ZONEID,"IL	0	19:47:43.224	Core 04	2026.08.26 15:15:04   [SRJ-EA] ZONEID bar=2026.08.26 15:10 site=S4RQZ xobId=1702 fvgId=0"
135,RECON62-B137,585093BF576B922A241E21779C72C62236B4F57746F778E25A772E493CC3D9C6,Tester/logs/20261009.log,1071694,2026-08-26,15:20,CONFIRMPOLL,"JI	0	19:47:43.224	Core 04	2026.08.26 15:20:00   [SRJ-EA] CONFIRMPOLL bar=2026.08.26 15:15 anchor=Weekly-POC dir=LONG oppCandle=0 bodyDir=1 body=4pts doji=0 touchAttr=0 confirm=0 shadow=true"
136,RECON62-B137,585093BF576B922A241E21779C72C62236B4F57746F778E25A772E493CC3D9C6,Tester/logs/20261009.log,1071696,2026-08-26,15:20,ZONEID,"JD	0	19:47:43.224	Core 04	2026.08.26 15:20:00   [SRJ-EA] ZONEID bar=2026.08.26 15:15 site=S4RQZ xobId=1702 fvgId=0"
137,RECON62-B137,585093BF576B922A241E21779C72C62236B4F57746F778E25A772E493CC3D9C6,Tester/logs/20261009.log,1071792,2026-08-26,15:25,CQDRECHECK,"HQ	0	19:47:43.224	Core 04	2026.08.26 15:25:00   [SRJ-EA] CQDRECHECK shift=2 passA=-2.0 passB=-2.0 diff=0 bar=2026.08.26 15:15 state=S4_ARMED dir=LONG divLatch=0 hit1=0 hit2=55 mism=0"
138,RECON62-B137,585093BF576B922A241E21779C72C62236B4F57746F778E25A772E493CC3D9C6,Tester/logs/20261009.log,1071796,2026-08-26,15:25,CONFIRMPOLL,"IK	0	19:47:43.224	Core 04	2026.08.26 15:25:00   [SRJ-EA] CONFIRMPOLL bar=2026.08.26 15:20 anchor=Weekly-POC dir=LONG oppCandle=0 bodyDir=0 body=9pts doji=0 touchAttr=0 confirm=0 shadow=true"
139,RECON62-B137,585093BF576B922A241E21779C72C62236B4F57746F778E25A772E493CC3D9C6,Tester/logs/20261009.log,1071798,2026-08-26,15:25,ZONEID,"IR	0	19:47:43.224	Core 04	2026.08.26 15:25:00   [SRJ-EA] ZONEID bar=2026.08.26 15:20 site=S4RQZ xobId=1702 fvgId=0"
140,RECON62-B137,585093BF576B922A241E21779C72C62236B4F57746F778E25A772E493CC3D9C6,Tester/logs/20261009.log,1071897,2026-08-26,15:30,CONFIRMPOLL,"GN	0	19:47:43.224	Core 04	2026.08.26 15:30:00   [SRJ-EA] CONFIRMPOLL bar=2026.08.26 15:25 anchor=Weekly-POC dir=LONG oppCandle=1 bodyDir=0 body=0pts doji=1 touchAttr=0 confirm=0 shadow=true"
141,RECON62-B137,585093BF576B922A241E21779C72C62236B4F57746F778E25A772E493CC3D9C6,Tester/logs/20261009.log,1071899,2026-08-26,15:30,ZONEID,"RF	0	19:47:43.224	Core 04	2026.08.26 15:30:00   [SRJ-EA] ZONEID bar=2026.08.26 15:25 site=S4RQZ xobId=1702 fvgId=0"
142,RECON62-B137,585093BF576B922A241E21779C72C62236B4F57746F778E25A772E493CC3D9C6,Tester/logs/20261009.log,1072002,2026-08-26,15:35,CONFIRMPOLL,"GR	0	19:47:43.224	Core 04	2026.08.26 15:35:00   [SRJ-EA] CONFIRMPOLL bar=2026.08.26 15:30 anchor=Weekly-POC dir=LONG oppCandle=0 bodyDir=0 body=70pts doji=0 touchAttr=0 confirm=0 shadow=true"
143,RECON62-B137,585093BF576B922A241E21779C72C62236B4F57746F778E25A772E493CC3D9C6,Tester/logs/20261009.log,1072005,2026-08-26,15:35,ZONEID,"GG	0	19:47:43.224	Core 04	2026.08.26 15:35:00   [SRJ-EA] ZONEID bar=2026.08.26 15:30 site=S4RQZ xobId=1702 fvgId=0"
144,RECON62-B137,585093BF576B922A241E21779C72C62236B4F57746F778E25A772E493CC3D9C6,Tester/logs/20261009.log,1072015,2026-08-26,15:40,ABORT,"LQ	0	19:47:43.224	Core 04	2026.08.26 15:40:03   [SRJ-EA] 2026.08.26 15:40:03 ABORT reason=FRESH_OPP_FVG state=S4_ARMED poi=Weekly-POC dir=LONG"
145,RECON62-B137,585093BF576B922A241E21779C72C62236B4F57746F778E25A772E493CC3D9C6,Tester/logs/20261009.log,1072016,2026-08-26,15:40,A6REFUSED,"EL	0	19:47:43.224	Core 04	2026.08.26 15:40:03   [SRJ-EA] A6REFUSED class=ABSENT_DECLINED bar=2026.08.26 15:40 state=S4_ARMED dir=LONG predicate=FRESH_OPP_FVG"
146,RECON62-B137,585093BF576B922A241E21779C72C62236B4F57746F778E25A772E493CC3D9C6,Tester/logs/20261009.log,1072018,2026-08-26,15:40,STATE,"OR	0	19:47:43.224	Core 04	2026.08.26 15:40:03   [SRJ-EA] 2026.08.26 15:40:03 STATE S4_ARMED->ABORT dir=LONG poi=Weekly-POC"
147,RECON62-B137,585093BF576B922A241E21779C72C62236B4F57746F778E25A772E493CC3D9C6,Tester/logs/20261009.log,1072040,2026-08-26,15:55,CQDRECHECK,"NK	0	19:47:43.224	Core 04	2026.08.26 15:55:00   [SRJ-EA] CQDRECHECK shift=2 passA=1.0 passB=1.0 diff=0 bar=2026.08.26 15:45 state=IDLE dir=NONE divLatch=0 hit1=0 hit2=56 mism=0"
148,RECON62-B137,585093BF576B922A241E21779C72C62236B4F57746F778E25A772E493CC3D9C6,Tester/logs/20261009.log,1072045,2026-08-26,15:55,CONFIRMPOLL,"NM	0	19:47:43.224	Core 04	2026.08.26 15:55:00   [SRJ-EA] CONFIRMPOLL bar=2026.08.26 15:50 anchor=Weekly-POC dir=SHORT oppCandle=1 bodyDir=1 body=33pts doji=0 touchAttr=0 confirm=0 shadow=true"
149,RECON62-B137,585093BF576B922A241E21779C72C62236B4F57746F778E25A772E493CC3D9C6,Tester/logs/20261009.log,1072047,2026-08-26,15:55,STATE,"JP	0	19:47:43.224	Core 04	2026.08.26 15:55:00   [SRJ-EA] 2026.08.26 15:55:00 STATE IDLE->S1_REGIME dir=SHORT poi=Weekly-POC"
150,RECON62-B137,585093BF576B922A241E21779C72C62236B4F57746F778E25A772E493CC3D9C6,Tester/logs/20261009.log,1072048,2026-08-26,15:55,ANCHOR_ELECT,"NR	0	19:47:43.224	Core 04	2026.08.26 15:55:00   [SRJ-EA] ANCHOR_ELECT bar=2026.08.26 15:50 action=SEED poi=Weekly-POC rank=8 tier=4 dir=SHORT"
151,RECON62-B137,585093BF576B922A241E21779C72C62236B4F57746F778E25A772E493CC3D9C6,Tester/logs/20261009.log,1072049,2026-08-26,15:55,SIDE1T_SEEDBIAS,"KQ	0	19:47:43.224	Core 04	2026.08.26 15:55:00   [SRJ-EA] SIDE1T_SEEDBIAS bar=2026.08.26 15:50 dir=SHORT biasAligned=1 verdict=CONSIDER"
152,RECON62-B137,585093BF576B922A241E21779C72C62236B4F57746F778E25A772E493CC3D9C6,Tester/logs/20261009.log,1072069,2026-08-26,16:00,CQDRECHECK,"NE	0	19:47:43.224	Core 04	2026.08.26 16:00:00   [SRJ-EA] CQDRECHECK shift=2 passA=1.0 passB=1.0 diff=0 bar=2026.08.26 15:50 state=S1_REGIME dir=SHORT divLatch=0 hit1=0 hit2=57 mism=0"
153,RECON62-B137,585093BF576B922A241E21779C72C62236B4F57746F778E25A772E493CC3D9C6,Tester/logs/20261009.log,1072073,2026-08-26,16:00,CONFIRMPOLL,"GG	0	19:47:43.224	Core 04	2026.08.26 16:00:00   [SRJ-EA] CONFIRMPOLL bar=2026.08.26 15:55 anchor=Weekly-POC dir=SHORT oppCandle=0 bodyDir=1 body=50pts doji=0 touchAttr=1 confirm=0 shadow=true"
154,RECON62-B137,585093BF576B922A241E21779C72C62236B4F57746F778E25A772E493CC3D9C6,Tester/logs/20261009.log,1072087,2026-08-26,16:05,CONFIRMPOLL,"FE	0	19:47:43.224	Core 04	2026.08.26 16:05:00   [SRJ-EA] CONFIRMPOLL bar=2026.08.26 16:00 anchor=Weekly-POC dir=SHORT oppCandle=0 bodyDir=1 body=36pts doji=0 touchAttr=0 confirm=0 shadow=true"
155,RECON62-B137,585093BF576B922A241E21779C72C62236B4F57746F778E25A772E493CC3D9C6,Tester/logs/20261009.log,1072089,2026-08-26,16:05,STATE,"LQ	0	19:47:43.224	Core 04	2026.08.26 16:05:00   [SRJ-EA] 2026.08.26 16:05:00 STATE S1_REGIME->S2_LTF_ALIGN dir=SHORT poi=Weekly-POC"
156,RECON62-B137,585093BF576B922A241E21779C72C62236B4F57746F778E25A772E493CC3D9C6,Tester/logs/20261009.log,1072090,2026-08-26,16:05,STATE,"ML	0	19:47:43.224	Core 04	2026.08.26 16:05:00   [SRJ-EA] 2026.08.26 16:05:00 STATE S2_LTF_ALIGN->S3_ZONE_WAIT dir=SHORT poi=Weekly-POC"
157,RECON62-B137,585093BF576B922A241E21779C72C62236B4F57746F778E25A772E493CC3D9C6,Tester/logs/20261009.log,1072092,2026-08-26,16:05,ZONEID,"KQ	0	19:47:43.224	Core 04	2026.08.26 16:05:00   [SRJ-EA] ZONEID bar=2026.08.26 16:00 site=S3PICK xobId=1891 fvgId=0"
158,RECON62-B137,585093BF576B922A241E21779C72C62236B4F57746F778E25A772E493CC3D9C6,Tester/logs/20261009.log,1072093,2026-08-26,16:05,XOBPROMO,"EP	0	19:47:43.224	Core 04	2026.08.26 16:05:00   [SRJ-EA] XOBPROMO bar=2026.08.26 16:00 site=S3PICK xobId=1891 raw=1787760000.0 promoT=2026.08.26 16:00"
159,RECON62-B137,585093BF576B922A241E21779C72C62236B4F57746F778E25A772E493CC3D9C6,Tester/logs/20261009.log,1072094,2026-08-26,16:05,ZONEPICK,"CJ	0	19:47:43.224	Core 04	2026.08.26 16:05:00   [SRJ-EA] ZONEPICK bar=2026.08.26 16:00 dir=SHORT haveFvg=0 fvgInPlay=0 haveXob=1 xobInPlay=0 downgraded=0 fvg=--- xob=1.16612-1.16640"
160,RECON62-B137,585093BF576B922A241E21779C72C62236B4F57746F778E25A772E493CC3D9C6,Tester/logs/20261009.log,1072109,2026-08-26,16:05,INPLAYCOMMIT,"KM	0	19:47:43.224	Core 04	2026.08.26 16:05:00   [SRJ-EA] INPLAYCOMMIT bar=2026.08.26 16:00 dir=SHORT zoneSrc=XOB zoneLo=1.16612 zoneHi=1.16640 promoT=2026.08.26 16:00 applied=1 bounded=1 scanned=2 swings=1 hits=0 firstShift=-1 firstVal=- commitVia=none legacy=0 legacyVia=none committed=0 changed=0 haveStop=1"
161,RECON62-B137,585093BF576B922A241E21779C72C62236B4F57746F778E25A772E493CC3D9C6,Tester/logs/20261009.log,1072117,2026-08-26,16:10,FRESHSKIP,"ID	0	19:47:43.224	Core 04	2026.08.26 16:10:01   [SRJ-EA] FRESHSKIP bar=2026.08.26 16:05 dir=SHORT state=S3_ZONE_WAIT poi=Weekly-POC reason=PRE_BINDING"
162,RECON62-B137,585093BF576B922A241E21779C72C62236B4F57746F778E25A772E493CC3D9C6,Tester/logs/20261009.log,1072205,2026-08-26,16:10,CQDRECHECK,"DK	0	19:47:43.224	Core 04	2026.08.26 16:10:01   [SRJ-EA] CQDRECHECK shift=2 passA=1.0 passB=1.0 diff=0 bar=2026.08.26 16:00 state=S3_ZONE_WAIT dir=SHORT divLatch=0 hit1=0 hit2=58 mism=0"
163,RECON62-B137,585093BF576B922A241E21779C72C62236B4F57746F778E25A772E493CC3D9C6,Tester/logs/20261009.log,1072209,2026-08-26,16:10,CONFIRMPOLL,"IQ	0	19:47:43.224	Core 04	2026.08.26 16:10:01   [SRJ-EA] CONFIRMPOLL bar=2026.08.26 16:05 anchor=Weekly-POC dir=SHORT oppCandle=0 bodyDir=0 body=10pts doji=0 touchAttr=0 confirm=0 shadow=true"
164,RECON62-B137,585093BF576B922A241E21779C72C62236B4F57746F778E25A772E493CC3D9C6,Tester/logs/20261009.log,1072211,2026-08-26,16:10,ZONEID,"EI	0	19:47:43.224	Core 04	2026.08.26 16:10:01   [SRJ-EA] ZONEID bar=2026.08.26 16:05 site=S3PICK xobId=1891 fvgId=0"
165,RECON62-B137,585093BF576B922A241E21779C72C62236B4F57746F778E25A772E493CC3D9C6,Tester/logs/20261009.log,1072212,2026-08-26,16:10,XOBPROMO,"OI	0	19:47:43.224	Core 04	2026.08.26 16:10:01   [SRJ-EA] XOBPROMO bar=2026.08.26 16:05 site=S3PICK xobId=1891 raw=1787760000.0 promoT=2026.08.26 16:00"
166,RECON62-B137,585093BF576B922A241E21779C72C62236B4F57746F778E25A772E493CC3D9C6,Tester/logs/20261009.log,1072213,2026-08-26,16:10,ZONEPICK,"QE	0	19:47:43.224	Core 04	2026.08.26 16:10:01   [SRJ-EA] ZONEPICK bar=2026.08.26 16:05 dir=SHORT haveFvg=0 fvgInPlay=0 haveXob=1 xobInPlay=0 downgraded=0 fvg=--- xob=1.16612-1.16640"
167,RECON62-B137,585093BF576B922A241E21779C72C62236B4F57746F778E25A772E493CC3D9C6,Tester/logs/20261009.log,1072222,2026-08-26,16:10,INPLAYCOMMIT,"DQ	0	19:47:43.224	Core 04	2026.08.26 16:10:01   [SRJ-EA] INPLAYCOMMIT bar=2026.08.26 16:05 dir=SHORT zoneSrc=XOB zoneLo=1.16612 zoneHi=1.16640 promoT=2026.08.26 16:00 applied=1 bounded=1 scanned=3 swings=1 hits=0 firstShift=-1 firstVal=- commitVia=none legacy=0 legacyVia=none committed=0 changed=0 haveStop=1"
168,RECON62-B137,585093BF576B922A241E21779C72C62236B4F57746F778E25A772E493CC3D9C6,Tester/logs/20261009.log,1072230,2026-08-26,16:15,FRESHSKIP,"IP	0	19:47:43.224	Core 04	2026.08.26 16:15:00   [SRJ-EA] FRESHSKIP bar=2026.08.26 16:10 dir=SHORT state=S3_ZONE_WAIT poi=Weekly-POC reason=PRE_BINDING"
169,RECON62-B137,585093BF576B922A241E21779C72C62236B4F57746F778E25A772E493CC3D9C6,Tester/logs/20261009.log,1072321,2026-08-26,16:15,CONFIRMPOLL,"QM	0	19:47:43.224	Core 04	2026.08.26 16:15:00   [SRJ-EA] CONFIRMPOLL bar=2026.08.26 16:10 anchor=Weekly-POC dir=SHORT oppCandle=1 bodyDir=0 body=33pts doji=0 touchAttr=0 confirm=0 shadow=true"
170,RECON62-B137,585093BF576B922A241E21779C72C62236B4F57746F778E25A772E493CC3D9C6,Tester/logs/20261009.log,1072323,2026-08-26,16:15,ZONEID,"OE	0	19:47:43.224	Core 04	2026.08.26 16:15:00   [SRJ-EA] ZONEID bar=2026.08.26 16:10 site=S3PICK xobId=1891 fvgId=0"
171,RECON62-B137,585093BF576B922A241E21779C72C62236B4F57746F778E25A772E493CC3D9C6,Tester/logs/20261009.log,1072324,2026-08-26,16:15,XOBPROMO,"ID	0	19:47:43.224	Core 04	2026.08.26 16:15:00   [SRJ-EA] XOBPROMO bar=2026.08.26 16:10 site=S3PICK xobId=1891 raw=1787760000.0 promoT=2026.08.26 16:00"
172,RECON62-B137,585093BF576B922A241E21779C72C62236B4F57746F778E25A772E493CC3D9C6,Tester/logs/20261009.log,1072325,2026-08-26,16:15,ZONEPICK,"GF	0	19:47:43.224	Core 04	2026.08.26 16:15:00   [SRJ-EA] ZONEPICK bar=2026.08.26 16:10 dir=SHORT haveFvg=0 fvgInPlay=0 haveXob=1 xobInPlay=0 downgraded=0 fvg=--- xob=1.16612-1.16640"
173,RECON62-B137,585093BF576B922A241E21779C72C62236B4F57746F778E25A772E493CC3D9C6,Tester/logs/20261009.log,1072334,2026-08-26,16:15,INPLAYCOMMIT,"KM	0	19:47:43.224	Core 04	2026.08.26 16:15:00   [SRJ-EA] INPLAYCOMMIT bar=2026.08.26 16:10 dir=SHORT zoneSrc=XOB zoneLo=1.16612 zoneHi=1.16640 promoT=2026.08.26 16:00 applied=1 bounded=1 scanned=4 swings=1 hits=0 firstShift=-1 firstVal=- commitVia=none legacy=0 legacyVia=none committed=0 changed=0 haveStop=1"
174,RECON62-B137,585093BF576B922A241E21779C72C62236B4F57746F778E25A772E493CC3D9C6,Tester/logs/20261009.log,1072341,2026-08-26,16:20,FRESHSKIP,"PD	0	19:47:43.224	Core 04	2026.08.26 16:20:00   [SRJ-EA] FRESHSKIP bar=2026.08.26 16:15 dir=SHORT state=S3_ZONE_WAIT poi=Weekly-POC reason=PRE_BINDING"
175,RECON62-B137,585093BF576B922A241E21779C72C62236B4F57746F778E25A772E493CC3D9C6,Tester/logs/20261009.log,1072432,2026-08-26,16:20,CONFIRMPOLL,"EM	0	19:47:43.224	Core 04	2026.08.26 16:20:00   [SRJ-EA] CONFIRMPOLL bar=2026.08.26 16:15 anchor=Weekly-POC dir=SHORT oppCandle=1 bodyDir=0 body=7pts doji=0 touchAttr=0 confirm=0 shadow=true"
176,RECON62-B137,585093BF576B922A241E21779C72C62236B4F57746F778E25A772E493CC3D9C6,Tester/logs/20261009.log,1072434,2026-08-26,16:20,ZONEID,"DP	0	19:47:43.224	Core 04	2026.08.26 16:20:00   [SRJ-EA] ZONEID bar=2026.08.26 16:15 site=S3PICK xobId=1891 fvgId=0"
177,RECON62-B137,585093BF576B922A241E21779C72C62236B4F57746F778E25A772E493CC3D9C6,Tester/logs/20261009.log,1072435,2026-08-26,16:20,XOBPROMO,"RP	0	19:47:43.224	Core 04	2026.08.26 16:20:00   [SRJ-EA] XOBPROMO bar=2026.08.26 16:15 site=S3PICK xobId=1891 raw=1787760000.0 promoT=2026.08.26 16:00"
178,RECON62-B137,585093BF576B922A241E21779C72C62236B4F57746F778E25A772E493CC3D9C6,Tester/logs/20261009.log,1072436,2026-08-26,16:20,ZONEPICK,"PJ	0	19:47:43.224	Core 04	2026.08.26 16:20:00   [SRJ-EA] ZONEPICK bar=2026.08.26 16:15 dir=SHORT haveFvg=0 fvgInPlay=0 haveXob=1 xobInPlay=0 downgraded=0 fvg=--- xob=1.16612-1.16640"
179,RECON62-B137,585093BF576B922A241E21779C72C62236B4F57746F778E25A772E493CC3D9C6,Tester/logs/20261009.log,1072445,2026-08-26,16:20,INPLAYCOMMIT,"GH	0	19:47:43.224	Core 04	2026.08.26 16:20:00   [SRJ-EA] INPLAYCOMMIT bar=2026.08.26 16:15 dir=SHORT zoneSrc=XOB zoneLo=1.16612 zoneHi=1.16640 promoT=2026.08.26 16:00 applied=1 bounded=1 scanned=5 swings=1 hits=0 firstShift=-1 firstVal=- commitVia=none legacy=0 legacyVia=none committed=0 changed=0 haveStop=1"
180,RECON62-B137,585093BF576B922A241E21779C72C62236B4F57746F778E25A772E493CC3D9C6,Tester/logs/20261009.log,1072452,2026-08-26,16:25,FRESHSKIP,"GI	0	19:47:43.224	Core 04	2026.08.26 16:25:00   [SRJ-EA] FRESHSKIP bar=2026.08.26 16:20 dir=SHORT state=S3_ZONE_WAIT poi=Weekly-POC reason=PRE_BINDING"
181,RECON62-B137,585093BF576B922A241E21779C72C62236B4F57746F778E25A772E493CC3D9C6,Tester/logs/20261009.log,1072543,2026-08-26,16:25,CONFIRMPOLL,"OI	0	19:47:43.224	Core 04	2026.08.26 16:25:00   [SRJ-EA] CONFIRMPOLL bar=2026.08.26 16:20 anchor=Weekly-POC dir=SHORT oppCandle=1 bodyDir=1 body=1pts doji=0 touchAttr=0 confirm=0 shadow=true"
182,RECON62-B137,585093BF576B922A241E21779C72C62236B4F57746F778E25A772E493CC3D9C6,Tester/logs/20261009.log,1072545,2026-08-26,16:25,ZONEID,"ML	0	19:47:43.224	Core 04	2026.08.26 16:25:00   [SRJ-EA] ZONEID bar=2026.08.26 16:20 site=S3PICK xobId=1891 fvgId=0"
183,RECON62-B137,585093BF576B922A241E21779C72C62236B4F57746F778E25A772E493CC3D9C6,Tester/logs/20261009.log,1072546,2026-08-26,16:25,XOBPROMO,"GO	0	19:47:43.224	Core 04	2026.08.26 16:25:00   [SRJ-EA] XOBPROMO bar=2026.08.26 16:20 site=S3PICK xobId=1891 raw=1787760000.0 promoT=2026.08.26 16:00"
184,RECON62-B137,585093BF576B922A241E21779C72C62236B4F57746F778E25A772E493CC3D9C6,Tester/logs/20261009.log,1072547,2026-08-26,16:25,ZONEPICK,"IO	0	19:47:43.224	Core 04	2026.08.26 16:25:00   [SRJ-EA] ZONEPICK bar=2026.08.26 16:20 dir=SHORT haveFvg=0 fvgInPlay=0 haveXob=1 xobInPlay=0 downgraded=0 fvg=--- xob=1.16612-1.16640"
185,RECON62-B137,585093BF576B922A241E21779C72C62236B4F57746F778E25A772E493CC3D9C6,Tester/logs/20261009.log,1072556,2026-08-26,16:25,INPLAYCOMMIT,"RD	0	19:47:43.224	Core 04	2026.08.26 16:25:00   [SRJ-EA] INPLAYCOMMIT bar=2026.08.26 16:20 dir=SHORT zoneSrc=XOB zoneLo=1.16612 zoneHi=1.16640 promoT=2026.08.26 16:00 applied=1 bounded=1 scanned=6 swings=2 hits=0 firstShift=-1 firstVal=- commitVia=none legacy=0 legacyVia=none committed=0 changed=0 haveStop=1"
186,RECON62-B137,585093BF576B922A241E21779C72C62236B4F57746F778E25A772E493CC3D9C6,Tester/logs/20261009.log,1072564,2026-08-26,16:30,FRESHSKIP,"FJ	0	19:47:43.224	Core 04	2026.08.26 16:30:00   [SRJ-EA] FRESHSKIP bar=2026.08.26 16:25 dir=SHORT state=S3_ZONE_WAIT poi=Weekly-POC reason=PRE_BINDING"
187,RECON62-B137,585093BF576B922A241E21779C72C62236B4F57746F778E25A772E493CC3D9C6,Tester/logs/20261009.log,1072655,2026-08-26,16:30,CONFIRMPOLL,"LD	0	19:47:43.224	Core 04	2026.08.26 16:30:00   [SRJ-EA] CONFIRMPOLL bar=2026.08.26 16:25 anchor=Weekly-POC dir=SHORT oppCandle=0 bodyDir=1 body=2pts doji=0 touchAttr=0 confirm=0 shadow=true"
188,RECON62-B137,585093BF576B922A241E21779C72C62236B4F57746F778E25A772E493CC3D9C6,Tester/logs/20261009.log,1072657,2026-08-26,16:30,ZONEID,"HO	0	19:47:43.224	Core 04	2026.08.26 16:30:00   [SRJ-EA] ZONEID bar=2026.08.26 16:25 site=S3PICK xobId=1891 fvgId=0"
189,RECON62-B137,585093BF576B922A241E21779C72C62236B4F57746F778E25A772E493CC3D9C6,Tester/logs/20261009.log,1072658,2026-08-26,16:30,XOBPROMO,"RK	0	19:47:43.224	Core 04	2026.08.26 16:30:00   [SRJ-EA] XOBPROMO bar=2026.08.26 16:25 site=S3PICK xobId=1891 raw=1787760000.0 promoT=2026.08.26 16:00"
190,RECON62-B137,585093BF576B922A241E21779C72C62236B4F57746F778E25A772E493CC3D9C6,Tester/logs/20261009.log,1072659,2026-08-26,16:30,ZONEPICK,"PS	0	19:47:43.224	Core 04	2026.08.26 16:30:00   [SRJ-EA] ZONEPICK bar=2026.08.26 16:25 dir=SHORT haveFvg=0 fvgInPlay=0 haveXob=1 xobInPlay=0 downgraded=0 fvg=--- xob=1.16612-1.16640"
191,RECON62-B137,585093BF576B922A241E21779C72C62236B4F57746F778E25A772E493CC3D9C6,Tester/logs/20261009.log,1072668,2026-08-26,16:30,INPLAYCOMMIT,"DG	0	19:47:43.224	Core 04	2026.08.26 16:30:00   [SRJ-EA] INPLAYCOMMIT bar=2026.08.26 16:25 dir=SHORT zoneSrc=XOB zoneLo=1.16612 zoneHi=1.16640 promoT=2026.08.26 16:00 applied=1 bounded=1 scanned=7 swings=2 hits=0 firstShift=-1 firstVal=- commitVia=none legacy=0 legacyVia=none committed=0 changed=0 haveStop=1"
192,RECON62-B137,585093BF576B922A241E21779C72C62236B4F57746F778E25A772E493CC3D9C6,Tester/logs/20261009.log,1072675,2026-08-26,16:35,FRESHSKIP,"GN	0	19:47:43.224	Core 04	2026.08.26 16:35:00   [SRJ-EA] FRESHSKIP bar=2026.08.26 16:30 dir=SHORT state=S3_ZONE_WAIT poi=Weekly-POC reason=PRE_BINDING"
193,RECON62-B137,585093BF576B922A241E21779C72C62236B4F57746F778E25A772E493CC3D9C6,Tester/logs/20261009.log,1072766,2026-08-26,16:35,CONFIRMPOLL,"HS	0	19:47:43.224	Core 04	2026.08.26 16:35:00   [SRJ-EA] CONFIRMPOLL bar=2026.08.26 16:30 anchor=Weekly-POC dir=SHORT oppCandle=0 bodyDir=1 body=29pts doji=0 touchAttr=0 confirm=0 shadow=true"
194,RECON62-B137,585093BF576B922A241E21779C72C62236B4F57746F778E25A772E493CC3D9C6,Tester/logs/20261009.log,1072768,2026-08-26,16:35,ZONEID,"MK	0	19:47:43.224	Core 04	2026.08.26 16:35:00   [SRJ-EA] ZONEID bar=2026.08.26 16:30 site=S3PICK xobId=1891 fvgId=0"
195,RECON62-B137,585093BF576B922A241E21779C72C62236B4F57746F778E25A772E493CC3D9C6,Tester/logs/20261009.log,1072769,2026-08-26,16:35,XOBPROMO,"GF	0	19:47:43.224	Core 04	2026.08.26 16:35:00   [SRJ-EA] XOBPROMO bar=2026.08.26 16:30 site=S3PICK xobId=1891 raw=1787760000.0 promoT=2026.08.26 16:00"
196,RECON62-B137,585093BF576B922A241E21779C72C62236B4F57746F778E25A772E493CC3D9C6,Tester/logs/20261009.log,1072770,2026-08-26,16:35,ZONEPICK,"ID	0	19:47:43.224	Core 04	2026.08.26 16:35:00   [SRJ-EA] ZONEPICK bar=2026.08.26 16:30 dir=SHORT haveFvg=0 fvgInPlay=0 haveXob=1 xobInPlay=0 downgraded=0 fvg=--- xob=1.16612-1.16640"
197,RECON62-B137,585093BF576B922A241E21779C72C62236B4F57746F778E25A772E493CC3D9C6,Tester/logs/20261009.log,1072779,2026-08-26,16:35,INPLAYCOMMIT,"DS	0	19:47:43.224	Core 04	2026.08.26 16:35:00   [SRJ-EA] INPLAYCOMMIT bar=2026.08.26 16:30 dir=SHORT zoneSrc=XOB zoneLo=1.16612 zoneHi=1.16640 promoT=2026.08.26 16:00 applied=1 bounded=1 scanned=8 swings=2 hits=0 firstShift=-1 firstVal=- commitVia=none legacy=0 legacyVia=none committed=0 changed=0 haveStop=1"
198,RECON62-B137,585093BF576B922A241E21779C72C62236B4F57746F778E25A772E493CC3D9C6,Tester/logs/20261009.log,1072787,2026-08-26,16:40,FRESHSKIP,"FR	0	19:47:43.224	Core 04	2026.08.26 16:40:00   [SRJ-EA] FRESHSKIP bar=2026.08.26 16:35 dir=SHORT state=S3_ZONE_WAIT poi=Weekly-POC reason=PRE_BINDING"
199,RECON62-B137,585093BF576B922A241E21779C72C62236B4F57746F778E25A772E493CC3D9C6,Tester/logs/20261009.log,1072875,2026-08-26,16:40,CQDRECHECK,"HI	0	19:47:43.224	Core 04	2026.08.26 16:40:00   [SRJ-EA] CQDRECHECK shift=2 passA=2.0 passB=2.0 diff=0 bar=2026.08.26 16:30 state=S3_ZONE_WAIT dir=SHORT divLatch=0 hit1=0 hit2=59 mism=0"
200,RECON62-B137,585093BF576B922A241E21779C72C62236B4F57746F778E25A772E493CC3D9C6,Tester/logs/20261009.log,1072879,2026-08-26,16:40,CONFIRMPOLL,"DD	0	19:47:43.224	Core 04	2026.08.26 16:40:00   [SRJ-EA] CONFIRMPOLL bar=2026.08.26 16:35 anchor=Weekly-POC dir=SHORT oppCandle=0 bodyDir=0 body=3pts doji=0 touchAttr=0 confirm=0 shadow=true"
201,RECON62-B137,585093BF576B922A241E21779C72C62236B4F57746F778E25A772E493CC3D9C6,Tester/logs/20261009.log,1072881,2026-08-26,16:40,ZONEID,"LH	0	19:47:43.224	Core 04	2026.08.26 16:40:00   [SRJ-EA] ZONEID bar=2026.08.26 16:35 site=S3PICK xobId=1891 fvgId=0"
202,RECON62-B137,585093BF576B922A241E21779C72C62236B4F57746F778E25A772E493CC3D9C6,Tester/logs/20261009.log,1072882,2026-08-26,16:40,XOBPROMO,"RK	0	19:47:43.224	Core 04	2026.08.26 16:40:00   [SRJ-EA] XOBPROMO bar=2026.08.26 16:35 site=S3PICK xobId=1891 raw=1787760000.0 promoT=2026.08.26 16:00"
203,RECON62-B137,585093BF576B922A241E21779C72C62236B4F57746F778E25A772E493CC3D9C6,Tester/logs/20261009.log,1072883,2026-08-26,16:40,ZONEPICK,"PS	0	19:47:43.224	Core 04	2026.08.26 16:40:00   [SRJ-EA] ZONEPICK bar=2026.08.26 16:35 dir=SHORT haveFvg=0 fvgInPlay=0 haveXob=1 xobInPlay=0 downgraded=0 fvg=--- xob=1.16612-1.16640"
204,RECON62-B137,585093BF576B922A241E21779C72C62236B4F57746F778E25A772E493CC3D9C6,Tester/logs/20261009.log,1072892,2026-08-26,16:40,INPLAYCOMMIT,"EP	0	19:47:43.224	Core 04	2026.08.26 16:40:00   [SRJ-EA] INPLAYCOMMIT bar=2026.08.26 16:35 dir=SHORT zoneSrc=XOB zoneLo=1.16612 zoneHi=1.16640 promoT=2026.08.26 16:00 applied=1 bounded=1 scanned=9 swings=3 hits=0 firstShift=-1 firstVal=- commitVia=none legacy=0 legacyVia=none committed=0 changed=0 haveStop=1"
205,RECON62-B137,585093BF576B922A241E21779C72C62236B4F57746F778E25A772E493CC3D9C6,Tester/logs/20261009.log,1072901,2026-08-26,16:45,FRESHSKIP,"OQ	0	19:47:43.224	Core 04	2026.08.26 16:45:00   [SRJ-EA] FRESHSKIP bar=2026.08.26 16:40 dir=SHORT state=S3_ZONE_WAIT poi=Weekly-POC reason=PRE_BINDING"
206,RECON62-B137,585093BF576B922A241E21779C72C62236B4F57746F778E25A772E493CC3D9C6,Tester/logs/20261009.log,1072989,2026-08-26,16:45,CQDRECHECK,"DM	0	19:47:43.224	Core 04	2026.08.26 16:45:00   [SRJ-EA] CQDRECHECK shift=2 passA=2.0 passB=2.0 diff=0 bar=2026.08.26 16:35 state=S3_ZONE_WAIT dir=SHORT divLatch=0 hit1=0 hit2=60 mism=0"
207,RECON62-B137,585093BF576B922A241E21779C72C62236B4F57746F778E25A772E493CC3D9C6,Tester/logs/20261009.log,1072993,2026-08-26,16:45,CONFIRMPOLL,"IH	0	19:47:43.224	Core 04	2026.08.26 16:45:00   [SRJ-EA] CONFIRMPOLL bar=2026.08.26 16:40 anchor=Weekly-POC dir=SHORT oppCandle=1 bodyDir=0 body=4pts doji=0 touchAttr=0 confirm=0 shadow=true"
208,RECON62-B137,585093BF576B922A241E21779C72C62236B4F57746F778E25A772E493CC3D9C6,Tester/logs/20261009.log,1072995,2026-08-26,16:45,ZONEID,"QL	0	19:47:43.224	Core 04	2026.08.26 16:45:00   [SRJ-EA] ZONEID bar=2026.08.26 16:40 site=S3PICK xobId=1891 fvgId=0"
209,RECON62-B137,585093BF576B922A241E21779C72C62236B4F57746F778E25A772E493CC3D9C6,Tester/logs/20261009.log,1072996,2026-08-26,16:45,XOBPROMO,"KO	0	19:47:43.224	Core 04	2026.08.26 16:45:00   [SRJ-EA] XOBPROMO bar=2026.08.26 16:40 site=S3PICK xobId=1891 raw=1787760000.0 promoT=2026.08.26 16:00"
210,RECON62-B137,585093BF576B922A241E21779C72C62236B4F57746F778E25A772E493CC3D9C6,Tester/logs/20261009.log,1072997,2026-08-26,16:45,ZONEPICK,"MO	0	19:47:43.224	Core 04	2026.08.26 16:45:00   [SRJ-EA] ZONEPICK bar=2026.08.26 16:40 dir=SHORT haveFvg=0 fvgInPlay=0 haveXob=1 xobInPlay=0 downgraded=0 fvg=--- xob=1.16612-1.16640"
211,RECON62-B137,585093BF576B922A241E21779C72C62236B4F57746F778E25A772E493CC3D9C6,Tester/logs/20261009.log,1073006,2026-08-26,16:45,INPLAYCOMMIT,"DH	0	19:47:43.224	Core 04	2026.08.26 16:45:00   [SRJ-EA] INPLAYCOMMIT bar=2026.08.26 16:40 dir=SHORT zoneSrc=XOB zoneLo=1.16612 zoneHi=1.16640 promoT=2026.08.26 16:00 applied=1 bounded=1 scanned=10 swings=3 hits=0 firstShift=-1 firstVal=- commitVia=none legacy=0 legacyVia=none committed=0 changed=0 haveStop=1"
212,RECON62-B137,585093BF576B922A241E21779C72C62236B4F57746F778E25A772E493CC3D9C6,Tester/logs/20261009.log,1073013,2026-08-26,16:50,FRESHSKIP,"GJ	0	19:47:43.224	Core 04	2026.08.26 16:50:01   [SRJ-EA] FRESHSKIP bar=2026.08.26 16:45 dir=SHORT state=S3_ZONE_WAIT poi=Weekly-POC reason=PRE_BINDING"
213,RECON62-B137,585093BF576B922A241E21779C72C62236B4F57746F778E25A772E493CC3D9C6,Tester/logs/20261009.log,1073104,2026-08-26,16:50,CONFIRMPOLL,"HG	0	19:47:43.224	Core 04	2026.08.26 16:50:01   [SRJ-EA] CONFIRMPOLL bar=2026.08.26 16:45 anchor=Weekly-POC dir=SHORT oppCandle=1 bodyDir=0 body=1pts doji=0 touchAttr=0 confirm=0 shadow=true"
214,RECON62-B137,585093BF576B922A241E21779C72C62236B4F57746F778E25A772E493CC3D9C6,Tester/logs/20261009.log,1073106,2026-08-26,16:50,ZONEID,"CN	0	19:47:43.224	Core 04	2026.08.26 16:50:01   [SRJ-EA] ZONEID bar=2026.08.26 16:45 site=S3PICK xobId=1891 fvgId=0"
215,RECON62-B137,585093BF576B922A241E21779C72C62236B4F57746F778E25A772E493CC3D9C6,Tester/logs/20261009.log,1073107,2026-08-26,16:50,XOBPROMO,"MJ	0	19:47:43.224	Core 04	2026.08.26 16:50:01   [SRJ-EA] XOBPROMO bar=2026.08.26 16:45 site=S3PICK xobId=1891 raw=1787760000.0 promoT=2026.08.26 16:00"
216,RECON62-B137,585093BF576B922A241E21779C72C62236B4F57746F778E25A772E493CC3D9C6,Tester/logs/20261009.log,1073108,2026-08-26,16:50,ZONEPICK,"KP	0	19:47:43.224	Core 04	2026.08.26 16:50:01   [SRJ-EA] ZONEPICK bar=2026.08.26 16:45 dir=SHORT haveFvg=0 fvgInPlay=0 haveXob=1 xobInPlay=0 downgraded=0 fvg=--- xob=1.16612-1.16640"
217,RECON62-B137,585093BF576B922A241E21779C72C62236B4F57746F778E25A772E493CC3D9C6,Tester/logs/20261009.log,1073117,2026-08-26,16:50,INPLAYCOMMIT,"KE	0	19:47:43.224	Core 04	2026.08.26 16:50:01   [SRJ-EA] INPLAYCOMMIT bar=2026.08.26 16:45 dir=SHORT zoneSrc=XOB zoneLo=1.16612 zoneHi=1.16640 promoT=2026.08.26 16:00 applied=1 bounded=1 scanned=11 swings=3 hits=0 firstShift=-1 firstVal=- commitVia=none legacy=0 legacyVia=none committed=0 changed=0 haveStop=1"
218,RECON62-B137,585093BF576B922A241E21779C72C62236B4F57746F778E25A772E493CC3D9C6,Tester/logs/20261009.log,1073124,2026-08-26,16:55,FRESHSKIP,"OO	0	19:47:43.224	Core 04	2026.08.26 16:55:00   [SRJ-EA] FRESHSKIP bar=2026.08.26 16:50 dir=SHORT state=S3_ZONE_WAIT poi=Weekly-POC reason=PRE_BINDING"
219,RECON62-B137,585093BF576B922A241E21779C72C62236B4F57746F778E25A772E493CC3D9C6,Tester/logs/20261009.log,1073215,2026-08-26,16:55,CONFIRMPOLL,"RR	0	19:47:43.224	Core 04	2026.08.26 16:55:00   [SRJ-EA] CONFIRMPOLL bar=2026.08.26 16:50 anchor=Weekly-POC dir=SHORT oppCandle=1 bodyDir=1 body=2pts doji=0 touchAttr=0 confirm=0 shadow=true"
220,RECON62-B137,585093BF576B922A241E21779C72C62236B4F57746F778E25A772E493CC3D9C6,Tester/logs/20261009.log,1073217,2026-08-26,16:55,ZONEID,"MI	0	19:47:43.224	Core 04	2026.08.26 16:55:00   [SRJ-EA] ZONEID bar=2026.08.26 16:50 site=S3PICK xobId=1891 fvgId=0"
221,RECON62-B137,585093BF576B922A241E21779C72C62236B4F57746F778E25A772E493CC3D9C6,Tester/logs/20261009.log,1073218,2026-08-26,16:55,XOBPROMO,"GH	0	19:47:43.224	Core 04	2026.08.26 16:55:00   [SRJ-EA] XOBPROMO bar=2026.08.26 16:50 site=S3PICK xobId=1891 raw=1787760000.0 promoT=2026.08.26 16:00"
222,RECON62-B137,585093BF576B922A241E21779C72C62236B4F57746F778E25A772E493CC3D9C6,Tester/logs/20261009.log,1073219,2026-08-26,16:55,ZONEPICK,"IR	0	19:47:43.224	Core 04	2026.08.26 16:55:00   [SRJ-EA] ZONEPICK bar=2026.08.26 16:50 dir=SHORT haveFvg=0 fvgInPlay=0 haveXob=1 xobInPlay=0 downgraded=0 fvg=--- xob=1.16612-1.16640"
223,RECON62-B137,585093BF576B922A241E21779C72C62236B4F57746F778E25A772E493CC3D9C6,Tester/logs/20261009.log,1073228,2026-08-26,16:55,INPLAYCOMMIT,"LS	0	19:47:43.224	Core 04	2026.08.26 16:55:00   [SRJ-EA] INPLAYCOMMIT bar=2026.08.26 16:50 dir=SHORT zoneSrc=XOB zoneLo=1.16612 zoneHi=1.16640 promoT=2026.08.26 16:00 applied=1 bounded=1 scanned=12 swings=3 hits=0 firstShift=-1 firstVal=- commitVia=none legacy=0 legacyVia=none committed=0 changed=0 haveStop=1"
224,RECON62-B137,585093BF576B922A241E21779C72C62236B4F57746F778E25A772E493CC3D9C6,Tester/logs/20261009.log,1073236,2026-08-26,17:00,FRESHSKIP,"GN	0	19:47:43.224	Core 04	2026.08.26 17:00:00   [SRJ-EA] FRESHSKIP bar=2026.08.26 16:55 dir=SHORT state=S3_ZONE_WAIT poi=Weekly-POC reason=PRE_BINDING"
225,RECON62-B137,585093BF576B922A241E21779C72C62236B4F57746F778E25A772E493CC3D9C6,Tester/logs/20261009.log,1073327,2026-08-26,17:00,CONFIRMPOLL,"PP	0	19:47:43.224	Core 04	2026.08.26 17:00:00   [SRJ-EA] CONFIRMPOLL bar=2026.08.26 16:55 anchor=Weekly-POC dir=SHORT oppCandle=0 bodyDir=1 body=29pts doji=0 touchAttr=0 confirm=0 shadow=true"
226,RECON62-B137,585093BF576B922A241E21779C72C62236B4F57746F778E25A772E493CC3D9C6,Tester/logs/20261009.log,1073329,2026-08-26,17:00,ZONEID,"MK	0	19:47:43.224	Core 04	2026.08.26 17:00:00   [SRJ-EA] ZONEID bar=2026.08.26 16:55 site=S3PICK xobId=1891 fvgId=0"
227,RECON62-B137,585093BF576B922A241E21779C72C62236B4F57746F778E25A772E493CC3D9C6,Tester/logs/20261009.log,1073330,2026-08-26,17:00,XOBPROMO,"OF	0	19:47:43.224	Core 04	2026.08.26 17:00:00   [SRJ-EA] XOBPROMO bar=2026.08.26 16:55 site=S3PICK xobId=1891 raw=1787760000.0 promoT=2026.08.26 16:00"
228,RECON62-B137,585093BF576B922A241E21779C72C62236B4F57746F778E25A772E493CC3D9C6,Tester/logs/20261009.log,1073331,2026-08-26,17:00,ZONEPICK,"QD	0	19:47:43.224	Core 04	2026.08.26 17:00:00   [SRJ-EA] ZONEPICK bar=2026.08.26 16:55 dir=SHORT haveFvg=0 fvgInPlay=0 haveXob=1 xobInPlay=0 downgraded=0 fvg=--- xob=1.16612-1.16640"
229,RECON62-B137,585093BF576B922A241E21779C72C62236B4F57746F778E25A772E493CC3D9C6,Tester/logs/20261009.log,1073340,2026-08-26,17:00,INPLAYCOMMIT,"NQ	0	19:47:43.224	Core 04	2026.08.26 17:00:00   [SRJ-EA] INPLAYCOMMIT bar=2026.08.26 16:55 dir=SHORT zoneSrc=XOB zoneLo=1.16612 zoneHi=1.16640 promoT=2026.08.26 16:00 applied=1 bounded=1 scanned=13 swings=4 hits=0 firstShift=-1 firstVal=- commitVia=none legacy=0 legacyVia=none committed=0 changed=0 haveStop=1"
230,RECON62-B137,585093BF576B922A241E21779C72C62236B4F57746F778E25A772E493CC3D9C6,Tester/logs/20261009.log,1073348,2026-08-26,17:05,FRESHSKIP,"GD	0	19:47:43.224	Core 04	2026.08.26 17:05:00   [SRJ-EA] FRESHSKIP bar=2026.08.26 17:00 dir=SHORT state=S3_ZONE_WAIT poi=Weekly-POC reason=PRE_BINDING"
231,RECON62-B137,585093BF576B922A241E21779C72C62236B4F57746F778E25A772E493CC3D9C6,Tester/logs/20261009.log,1073437,2026-08-26,17:05,CONFIRMPOLL,"KG	0	19:47:43.224	Core 04	2026.08.26 17:05:00   [SRJ-EA] CONFIRMPOLL bar=2026.08.26 17:00 anchor=Weekly-POC dir=SHORT oppCandle=0 bodyDir=1 body=11pts doji=0 touchAttr=0 confirm=0 shadow=true"
232,RECON62-B137,585093BF576B922A241E21779C72C62236B4F57746F778E25A772E493CC3D9C6,Tester/logs/20261009.log,1073439,2026-08-26,17:05,ZONEID,"GO	0	19:47:43.224	Core 04	2026.08.26 17:05:00   [SRJ-EA] ZONEID bar=2026.08.26 17:00 site=S3PICK xobId=1891 fvgId=0"
233,RECON62-B137,585093BF576B922A241E21779C72C62236B4F57746F778E25A772E493CC3D9C6,Tester/logs/20261009.log,1073440,2026-08-26,17:05,XOBPROMO,"QK	0	19:47:43.224	Core 04	2026.08.26 17:05:00   [SRJ-EA] XOBPROMO bar=2026.08.26 17:00 site=S3PICK xobId=1891 raw=1787760000.0 promoT=2026.08.26 16:00"
234,RECON62-B137,585093BF576B922A241E21779C72C62236B4F57746F778E25A772E493CC3D9C6,Tester/logs/20261009.log,1073441,2026-08-26,17:05,ZONEPICK,"OS	0	19:47:43.224	Core 04	2026.08.26 17:05:00   [SRJ-EA] ZONEPICK bar=2026.08.26 17:00 dir=SHORT haveFvg=0 fvgInPlay=0 haveXob=1 xobInPlay=0 downgraded=0 fvg=--- xob=1.16612-1.16640"
235,RECON62-B137,585093BF576B922A241E21779C72C62236B4F57746F778E25A772E493CC3D9C6,Tester/logs/20261009.log,1073450,2026-08-26,17:05,INPLAYCOMMIT,"QD	0	19:47:43.224	Core 04	2026.08.26 17:05:00   [SRJ-EA] INPLAYCOMMIT bar=2026.08.26 17:00 dir=SHORT zoneSrc=XOB zoneLo=1.16612 zoneHi=1.16640 promoT=2026.08.26 16:00 applied=1 bounded=1 scanned=14 swings=4 hits=0 firstShift=-1 firstVal=- commitVia=none legacy=0 legacyVia=none committed=0 changed=0 haveStop=1"
236,RECON62-B137,585093BF576B922A241E21779C72C62236B4F57746F778E25A772E493CC3D9C6,Tester/logs/20261009.log,1073458,2026-08-26,17:10,FRESHSKIP,"NS	0	19:47:43.224	Core 04	2026.08.26 17:10:00   [SRJ-EA] FRESHSKIP bar=2026.08.26 17:05 dir=SHORT state=S3_ZONE_WAIT poi=Weekly-POC reason=PRE_BINDING"
237,RECON62-B137,585093BF576B922A241E21779C72C62236B4F57746F778E25A772E493CC3D9C6,Tester/logs/20261009.log,1073547,2026-08-26,17:10,CONFIRMPOLL,"QJ	0	19:47:43.224	Core 04	2026.08.26 17:10:00   [SRJ-EA] CONFIRMPOLL bar=2026.08.26 17:05 anchor=Weekly-POC dir=SHORT oppCandle=0 bodyDir=1 body=10pts doji=0 touchAttr=0 confirm=0 shadow=true"
238,RECON62-B137,585093BF576B922A241E21779C72C62236B4F57746F778E25A772E493CC3D9C6,Tester/logs/20261009.log,1073549,2026-08-26,17:10,ZONEID,"NL	0	19:47:43.224	Core 04	2026.08.26 17:10:00   [SRJ-EA] ZONEID bar=2026.08.26 17:05 site=S3PICK xobId=1891 fvgId=0"
239,RECON62-B137,585093BF576B922A241E21779C72C62236B4F57746F778E25A772E493CC3D9C6,Tester/logs/20261009.log,1073550,2026-08-26,17:10,XOBPROMO,"HO	0	19:47:43.224	Core 04	2026.08.26 17:10:00   [SRJ-EA] XOBPROMO bar=2026.08.26 17:05 site=S3PICK xobId=1891 raw=1787760000.0 promoT=2026.08.26 16:00"
240,RECON62-B137,585093BF576B922A241E21779C72C62236B4F57746F778E25A772E493CC3D9C6,Tester/logs/20261009.log,1073551,2026-08-26,17:10,ZONEPICK,"JO	0	19:47:43.224	Core 04	2026.08.26 17:10:00   [SRJ-EA] ZONEPICK bar=2026.08.26 17:05 dir=SHORT haveFvg=0 fvgInPlay=0 haveXob=1 xobInPlay=0 downgraded=0 fvg=--- xob=1.16612-1.16640"
241,RECON62-B137,585093BF576B922A241E21779C72C62236B4F57746F778E25A772E493CC3D9C6,Tester/logs/20261009.log,1073560,2026-08-26,17:10,INPLAYCOMMIT,"GH	0	19:47:43.224	Core 04	2026.08.26 17:10:00   [SRJ-EA] INPLAYCOMMIT bar=2026.08.26 17:05 dir=SHORT zoneSrc=XOB zoneLo=1.16612 zoneHi=1.16640 promoT=2026.08.26 16:00 applied=1 bounded=1 scanned=15 swings=4 hits=0 firstShift=-1 firstVal=- commitVia=none legacy=0 legacyVia=none committed=0 changed=0 haveStop=1"
242,RECON62-B137,585093BF576B922A241E21779C72C62236B4F57746F778E25A772E493CC3D9C6,Tester/logs/20261009.log,1073569,2026-08-26,17:15,FRESHSKIP,"JR	0	19:47:43.224	Core 04	2026.08.26 17:15:01   [SRJ-EA] FRESHSKIP bar=2026.08.26 17:10 dir=SHORT state=S3_ZONE_WAIT poi=Weekly-POC reason=PRE_BINDING"
243,RECON62-B137,585093BF576B922A241E21779C72C62236B4F57746F778E25A772E493CC3D9C6,Tester/logs/20261009.log,1073658,2026-08-26,17:15,CONFIRMPOLL,"NF	0	19:47:43.224	Core 04	2026.08.26 17:15:01   [SRJ-EA] CONFIRMPOLL bar=2026.08.26 17:10 anchor=Weekly-POC dir=SHORT oppCandle=0 bodyDir=0 body=0pts doji=1 touchAttr=0 confirm=0 shadow=true"
244,RECON62-B137,585093BF576B922A241E21779C72C62236B4F57746F778E25A772E493CC3D9C6,Tester/logs/20261009.log,1073660,2026-08-26,17:15,ZONEID,"HM	0	19:47:43.224	Core 04	2026.08.26 17:15:01   [SRJ-EA] ZONEID bar=2026.08.26 17:10 site=S3PICK xobId=1891 fvgId=0"
245,RECON62-B137,585093BF576B922A241E21779C72C62236B4F57746F778E25A772E493CC3D9C6,Tester/logs/20261009.log,1073661,2026-08-26,17:15,XOBPROMO,"RM	0	19:47:43.224	Core 04	2026.08.26 17:15:01   [SRJ-EA] XOBPROMO bar=2026.08.26 17:10 site=S3PICK xobId=1891 raw=1787760000.0 promoT=2026.08.26 16:00"
246,RECON62-B137,585093BF576B922A241E21779C72C62236B4F57746F778E25A772E493CC3D9C6,Tester/logs/20261009.log,1073662,2026-08-26,17:15,ZONEPICK,"PQ	0	19:47:43.224	Core 04	2026.08.26 17:15:01   [SRJ-EA] ZONEPICK bar=2026.08.26 17:10 dir=SHORT haveFvg=0 fvgInPlay=0 haveXob=1 xobInPlay=0 downgraded=0 fvg=--- xob=1.16612-1.16640"
247,RECON62-B137,585093BF576B922A241E21779C72C62236B4F57746F778E25A772E493CC3D9C6,Tester/logs/20261009.log,1073671,2026-08-26,17:15,INPLAYCOMMIT,"PF	0	19:47:43.224	Core 04	2026.08.26 17:15:01   [SRJ-EA] INPLAYCOMMIT bar=2026.08.26 17:10 dir=SHORT zoneSrc=XOB zoneLo=1.16612 zoneHi=1.16640 promoT=2026.08.26 16:00 applied=1 bounded=1 scanned=16 swings=4 hits=0 firstShift=-1 firstVal=- commitVia=none legacy=0 legacyVia=none committed=0 changed=0 haveStop=1"
248,RECON62-B137,585093BF576B922A241E21779C72C62236B4F57746F778E25A772E493CC3D9C6,Tester/logs/20261009.log,1073681,2026-08-26,17:20,FRESHSKIP,"PG	0	19:47:43.224	Core 04	2026.08.26 17:20:00   [SRJ-EA] FRESHSKIP bar=2026.08.26 17:15 dir=SHORT state=S3_ZONE_WAIT poi=Weekly-POC reason=PRE_BINDING"
249,RECON62-B137,585093BF576B922A241E21779C72C62236B4F57746F778E25A772E493CC3D9C6,Tester/logs/20261009.log,1073772,2026-08-26,17:20,CONFIRMPOLL,"HN	0	19:47:43.224	Core 04	2026.08.26 17:20:00   [SRJ-EA] CONFIRMPOLL bar=2026.08.26 17:15 anchor=Weekly-POC dir=SHORT oppCandle=0 bodyDir=1 body=40pts doji=0 touchAttr=0 confirm=0 shadow=true"
250,RECON62-B137,585093BF576B922A241E21779C72C62236B4F57746F778E25A772E493CC3D9C6,Tester/logs/20261009.log,1073774,2026-08-26,17:20,ZONEID,"PQ	0	19:47:43.224	Core 04	2026.08.26 17:20:00   [SRJ-EA] ZONEID bar=2026.08.26 17:15 site=S3PICK xobId=1891 fvgId=0"
251,RECON62-B137,585093BF576B922A241E21779C72C62236B4F57746F778E25A772E493CC3D9C6,Tester/logs/20261009.log,1073775,2026-08-26,17:20,XOBPROMO,"NP	0	19:47:43.224	Core 04	2026.08.26 17:20:00   [SRJ-EA] XOBPROMO bar=2026.08.26 17:15 site=S3PICK xobId=1891 raw=1787760000.0 promoT=2026.08.26 16:00"
252,RECON62-B137,585093BF576B922A241E21779C72C62236B4F57746F778E25A772E493CC3D9C6,Tester/logs/20261009.log,1073776,2026-08-26,17:20,ZONEPICK,"LJ	0	19:47:43.224	Core 04	2026.08.26 17:20:00   [SRJ-EA] ZONEPICK bar=2026.08.26 17:15 dir=SHORT haveFvg=0 fvgInPlay=0 haveXob=1 xobInPlay=0 downgraded=0 fvg=--- xob=1.16612-1.16640"
253,RECON62-B137,585093BF576B922A241E21779C72C62236B4F57746F778E25A772E493CC3D9C6,Tester/logs/20261009.log,1073785,2026-08-26,17:20,INPLAYCOMMIT,"KK	0	19:47:43.224	Core 04	2026.08.26 17:20:00   [SRJ-EA] INPLAYCOMMIT bar=2026.08.26 17:15 dir=SHORT zoneSrc=XOB zoneLo=1.16612 zoneHi=1.16640 promoT=2026.08.26 16:00 applied=1 bounded=1 scanned=17 swings=4 hits=0 firstShift=-1 firstVal=- commitVia=none legacy=0 legacyVia=none committed=0 changed=0 haveStop=1"
254,RECON62-B137,585093BF576B922A241E21779C72C62236B4F57746F778E25A772E493CC3D9C6,Tester/logs/20261009.log,1073793,2026-08-26,17:25,FRESHSKIP,"JI	0	19:47:43.224	Core 04	2026.08.26 17:25:01   [SRJ-EA] FRESHSKIP bar=2026.08.26 17:20 dir=SHORT state=S3_ZONE_WAIT poi=Weekly-POC reason=PRE_BINDING"
255,RECON62-B137,585093BF576B922A241E21779C72C62236B4F57746F778E25A772E493CC3D9C6,Tester/logs/20261009.log,1073881,2026-08-26,17:25,CQDRECHECK,"JE	0	19:47:43.224	Core 04	2026.08.26 17:25:01   [SRJ-EA] CQDRECHECK shift=2 passA=1.0 passB=1.0 diff=0 bar=2026.08.26 17:15 state=S3_ZONE_WAIT dir=SHORT divLatch=0 hit1=0 hit2=61 mism=0"
256,RECON62-B137,585093BF576B922A241E21779C72C62236B4F57746F778E25A772E493CC3D9C6,Tester/logs/20261009.log,1073885,2026-08-26,17:25,CONFIRMPOLL,"JS	0	19:47:43.224	Core 04	2026.08.26 17:25:01   [SRJ-EA] CONFIRMPOLL bar=2026.08.26 17:20 anchor=Weekly-POC dir=SHORT oppCandle=0 bodyDir=1 body=15pts doji=0 touchAttr=0 confirm=0 shadow=true"
257,RECON62-B137,585093BF576B922A241E21779C72C62236B4F57746F778E25A772E493CC3D9C6,Tester/logs/20261009.log,1073887,2026-08-26,17:25,ZONEID,"RD	0	19:47:43.224	Core 04	2026.08.26 17:25:01   [SRJ-EA] ZONEID bar=2026.08.26 17:20 site=S3PICK xobId=1891 fvgId=0"
258,RECON62-B137,585093BF576B922A241E21779C72C62236B4F57746F778E25A772E493CC3D9C6,Tester/logs/20261009.log,1073888,2026-08-26,17:25,XOBPROMO,"LG	0	19:47:43.224	Core 04	2026.08.26 17:25:01   [SRJ-EA] XOBPROMO bar=2026.08.26 17:20 site=S3PICK xobId=1891 raw=1787760000.0 promoT=2026.08.26 16:00"
259,RECON62-B137,585093BF576B922A241E21779C72C62236B4F57746F778E25A772E493CC3D9C6,Tester/logs/20261009.log,1073889,2026-08-26,17:25,ZONEPICK,"NG	0	19:47:43.224	Core 04	2026.08.26 17:25:01   [SRJ-EA] ZONEPICK bar=2026.08.26 17:20 dir=SHORT haveFvg=0 fvgInPlay=0 haveXob=1 xobInPlay=0 downgraded=0 fvg=--- xob=1.16612-1.16640"
260,RECON62-B137,585093BF576B922A241E21779C72C62236B4F57746F778E25A772E493CC3D9C6,Tester/logs/20261009.log,1073898,2026-08-26,17:25,INPLAYCOMMIT,"DP	0	19:47:43.224	Core 04	2026.08.26 17:25:01   [SRJ-EA] INPLAYCOMMIT bar=2026.08.26 17:20 dir=SHORT zoneSrc=XOB zoneLo=1.16612 zoneHi=1.16640 promoT=2026.08.26 16:00 applied=1 bounded=1 scanned=18 swings=4 hits=0 firstShift=-1 firstVal=- commitVia=none legacy=0 legacyVia=none committed=0 changed=0 haveStop=1"
261,RECON62-B137,585093BF576B922A241E21779C72C62236B4F57746F778E25A772E493CC3D9C6,Tester/logs/20261009.log,1073907,2026-08-26,17:30,FRESHSKIP,"RR	0	19:47:43.224	Core 04	2026.08.26 17:30:00   [SRJ-EA] FRESHSKIP bar=2026.08.26 17:25 dir=SHORT state=S3_ZONE_WAIT poi=Weekly-POC reason=PRE_BINDING"
262,RECON62-B137,585093BF576B922A241E21779C72C62236B4F57746F778E25A772E493CC3D9C6,Tester/logs/20261009.log,1073995,2026-08-26,17:30,CQDRECHECK,"RH	0	19:47:43.224	Core 04	2026.08.26 17:30:00   [SRJ-EA] CQDRECHECK shift=2 passA=1.0 passB=1.0 diff=0 bar=2026.08.26 17:20 state=S3_ZONE_WAIT dir=SHORT divLatch=0 hit1=0 hit2=62 mism=0"
263,RECON62-B137,585093BF576B922A241E21779C72C62236B4F57746F778E25A772E493CC3D9C6,Tester/logs/20261009.log,1073999,2026-08-26,17:30,CONFIRMPOLL,"ND	0	19:47:43.224	Core 04	2026.08.26 17:30:00   [SRJ-EA] CONFIRMPOLL bar=2026.08.26 17:25 anchor=Weekly-POC dir=SHORT oppCandle=0 bodyDir=1 body=22pts doji=0 touchAttr=0 confirm=0 shadow=true"
264,RECON62-B137,585093BF576B922A241E21779C72C62236B4F57746F778E25A772E493CC3D9C6,Tester/logs/20261009.log,1074001,2026-08-26,17:30,ZONEID,"JN	0	19:47:43.224	Core 04	2026.08.26 17:30:00   [SRJ-EA] ZONEID bar=2026.08.26 17:25 site=S3PICK xobId=1891 fvgId=0"
265,RECON62-B137,585093BF576B922A241E21779C72C62236B4F57746F778E25A772E493CC3D9C6,Tester/logs/20261009.log,1074002,2026-08-26,17:30,XOBPROMO,"DM	0	19:47:43.224	Core 04	2026.08.26 17:30:00   [SRJ-EA] XOBPROMO bar=2026.08.26 17:25 site=S3PICK xobId=1891 raw=1787760000.0 promoT=2026.08.26 16:00"
266,RECON62-B137,585093BF576B922A241E21779C72C62236B4F57746F778E25A772E493CC3D9C6,Tester/logs/20261009.log,1074003,2026-08-26,17:30,ZONEPICK,"FQ	0	19:47:43.224	Core 04	2026.08.26 17:30:00   [SRJ-EA] ZONEPICK bar=2026.08.26 17:25 dir=SHORT haveFvg=0 fvgInPlay=0 haveXob=1 xobInPlay=0 downgraded=0 fvg=--- xob=1.16612-1.16640"
267,RECON62-B137,585093BF576B922A241E21779C72C62236B4F57746F778E25A772E493CC3D9C6,Tester/logs/20261009.log,1074012,2026-08-26,17:30,INPLAYCOMMIT,"KF	0	19:47:43.224	Core 04	2026.08.26 17:30:00   [SRJ-EA] INPLAYCOMMIT bar=2026.08.26 17:25 dir=SHORT zoneSrc=XOB zoneLo=1.16612 zoneHi=1.16640 promoT=2026.08.26 16:00 applied=1 bounded=1 scanned=19 swings=4 hits=0 firstShift=-1 firstVal=- commitVia=none legacy=0 legacyVia=none committed=0 changed=0 haveStop=1"
268,RECON62-B137,585093BF576B922A241E21779C72C62236B4F57746F778E25A772E493CC3D9C6,Tester/logs/20261009.log,1074019,2026-08-26,17:35,FRESHSKIP,"IL	0	19:47:43.224	Core 04	2026.08.26 17:35:00   [SRJ-EA] FRESHSKIP bar=2026.08.26 17:30 dir=SHORT state=S3_ZONE_WAIT poi=Weekly-POC reason=PRE_BINDING"
269,RECON62-B137,585093BF576B922A241E21779C72C62236B4F57746F778E25A772E493CC3D9C6,Tester/logs/20261009.log,1074110,2026-08-26,17:35,CONFIRMPOLL,"RF	0	19:47:43.224	Core 04	2026.08.26 17:35:00   [SRJ-EA] CONFIRMPOLL bar=2026.08.26 17:30 anchor=Weekly-POC dir=SHORT oppCandle=0 bodyDir=0 body=37pts doji=0 touchAttr=0 confirm=0 shadow=true"
270,RECON62-B137,585093BF576B922A241E21779C72C62236B4F57746F778E25A772E493CC3D9C6,Tester/logs/20261009.log,1074112,2026-08-26,17:35,ZONEID,"IH	0	19:47:43.224	Core 04	2026.08.26 17:35:00   [SRJ-EA] ZONEID bar=2026.08.26 17:30 site=S3PICK xobId=1891 fvgId=0"
271,RECON62-B137,585093BF576B922A241E21779C72C62236B4F57746F778E25A772E493CC3D9C6,Tester/logs/20261009.log,1074113,2026-08-26,17:35,XOBPROMO,"CK	0	19:47:43.224	Core 04	2026.08.26 17:35:00   [SRJ-EA] XOBPROMO bar=2026.08.26 17:30 site=S3PICK xobId=1891 raw=1787760000.0 promoT=2026.08.26 16:00"
272,RECON62-B137,585093BF576B922A241E21779C72C62236B4F57746F778E25A772E493CC3D9C6,Tester/logs/20261009.log,1074114,2026-08-26,17:35,ZONEPICK,"ES	0	19:47:43.224	Core 04	2026.08.26 17:35:00   [SRJ-EA] ZONEPICK bar=2026.08.26 17:30 dir=SHORT haveFvg=0 fvgInPlay=0 haveXob=1 xobInPlay=0 downgraded=0 fvg=--- xob=1.16612-1.16640"
273,RECON62-B137,585093BF576B922A241E21779C72C62236B4F57746F778E25A772E493CC3D9C6,Tester/logs/20261009.log,1074123,2026-08-26,17:35,INPLAYCOMMIT,"FD	0	19:47:43.224	Core 04	2026.08.26 17:35:00   [SRJ-EA] INPLAYCOMMIT bar=2026.08.26 17:30 dir=SHORT zoneSrc=XOB zoneLo=1.16612 zoneHi=1.16640 promoT=2026.08.26 16:00 applied=1 bounded=1 scanned=20 swings=4 hits=0 firstShift=-1 firstVal=- commitVia=none legacy=0 legacyVia=none committed=0 changed=0 haveStop=1"
274,RECON62-B137,585093BF576B922A241E21779C72C62236B4F57746F778E25A772E493CC3D9C6,Tester/logs/20261009.log,1074130,2026-08-26,17:40,FRESHSKIP,"DN	0	19:47:43.224	Core 04	2026.08.26 17:40:00   [SRJ-EA] FRESHSKIP bar=2026.08.26 17:35 dir=SHORT state=S3_ZONE_WAIT poi=Weekly-POC reason=PRE_BINDING"
275,RECON62-B137,585093BF576B922A241E21779C72C62236B4F57746F778E25A772E493CC3D9C6,Tester/logs/20261009.log,1074219,2026-08-26,17:40,CONFIRMPOLL,"QI	0	19:47:43.224	Core 04	2026.08.26 17:40:00   [SRJ-EA] CONFIRMPOLL bar=2026.08.26 17:35 anchor=Weekly-POC dir=SHORT oppCandle=1 bodyDir=0 body=25pts doji=0 touchAttr=0 confirm=0 shadow=true"
276,RECON62-B137,585093BF576B922A241E21779C72C62236B4F57746F778E25A772E493CC3D9C6,Tester/logs/20261009.log,1074221,2026-08-26,17:40,ZONEID,"NQ	0	19:47:43.224	Core 04	2026.08.26 17:40:00   [SRJ-EA] ZONEID bar=2026.08.26 17:35 site=S3PICK xobId=1891 fvgId=0"
277,RECON62-B137,585093BF576B922A241E21779C72C62236B4F57746F778E25A772E493CC3D9C6,Tester/logs/20261009.log,1074222,2026-08-26,17:40,XOBPROMO,"DP	0	19:47:43.224	Core 04	2026.08.26 17:40:00   [SRJ-EA] XOBPROMO bar=2026.08.26 17:35 site=S3PICK xobId=1891 raw=1787760000.0 promoT=2026.08.26 16:00"
278,RECON62-B137,585093BF576B922A241E21779C72C62236B4F57746F778E25A772E493CC3D9C6,Tester/logs/20261009.log,1074223,2026-08-26,17:40,ZONEPICK,"FJ	0	19:47:43.224	Core 04	2026.08.26 17:40:00   [SRJ-EA] ZONEPICK bar=2026.08.26 17:35 dir=SHORT haveFvg=0 fvgInPlay=0 haveXob=1 xobInPlay=0 downgraded=0 fvg=--- xob=1.16612-1.16640"
279,RECON62-B137,585093BF576B922A241E21779C72C62236B4F57746F778E25A772E493CC3D9C6,Tester/logs/20261009.log,1074232,2026-08-26,17:40,INPLAYCOMMIT,"NK	0	19:47:43.224	Core 04	2026.08.26 17:40:00   [SRJ-EA] INPLAYCOMMIT bar=2026.08.26 17:35 dir=SHORT zoneSrc=XOB zoneLo=1.16612 zoneHi=1.16640 promoT=2026.08.26 16:00 applied=1 bounded=1 scanned=21 swings=4 hits=0 firstShift=-1 firstVal=- commitVia=none legacy=0 legacyVia=none committed=0 changed=0 haveStop=1"
280,RECON62-B137,585093BF576B922A241E21779C72C62236B4F57746F778E25A772E493CC3D9C6,Tester/logs/20261009.log,1074240,2026-08-26,17:45,FRESHSKIP,"EF	0	19:47:43.224	Core 04	2026.08.26 17:45:00   [SRJ-EA] FRESHSKIP bar=2026.08.26 17:40 dir=SHORT state=S3_ZONE_WAIT poi=Weekly-POC reason=PRE_BINDING"
281,RECON62-B137,585093BF576B922A241E21779C72C62236B4F57746F778E25A772E493CC3D9C6,Tester/logs/20261009.log,1074331,2026-08-26,17:45,CONFIRMPOLL,"HJ	0	19:47:43.224	Core 04	2026.08.26 17:45:00   [SRJ-EA] CONFIRMPOLL bar=2026.08.26 17:40 anchor=Weekly-POC dir=SHORT oppCandle=1 bodyDir=1 body=6pts doji=0 touchAttr=0 confirm=0 shadow=true"
282,RECON62-B137,585093BF576B922A241E21779C72C62236B4F57746F778E25A772E493CC3D9C6,Tester/logs/20261009.log,1074333,2026-08-26,17:45,ZONEID,"CQ	0	19:47:43.224	Core 04	2026.08.26 17:45:00   [SRJ-EA] ZONEID bar=2026.08.26 17:40 site=S3PICK xobId=1891 fvgId=0"
283,RECON62-B137,585093BF576B922A241E21779C72C62236B4F57746F778E25A772E493CC3D9C6,Tester/logs/20261009.log,1074334,2026-08-26,17:45,XOBPROMO,"MQ	0	19:47:43.224	Core 04	2026.08.26 17:45:00   [SRJ-EA] XOBPROMO bar=2026.08.26 17:40 site=S3PICK xobId=1891 raw=1787760000.0 promoT=2026.08.26 16:00"
284,RECON62-B137,585093BF576B922A241E21779C72C62236B4F57746F778E25A772E493CC3D9C6,Tester/logs/20261009.log,1074335,2026-08-26,17:45,ZONEPICK,"KM	0	19:47:43.224	Core 04	2026.08.26 17:45:00   [SRJ-EA] ZONEPICK bar=2026.08.26 17:40 dir=SHORT haveFvg=0 fvgInPlay=0 haveXob=1 xobInPlay=0 downgraded=0 fvg=--- xob=1.16612-1.16640"
285,RECON62-B137,585093BF576B922A241E21779C72C62236B4F57746F778E25A772E493CC3D9C6,Tester/logs/20261009.log,1074344,2026-08-26,17:45,INPLAYCOMMIT,"HK	0	19:47:43.224	Core 04	2026.08.26 17:45:00   [SRJ-EA] INPLAYCOMMIT bar=2026.08.26 17:40 dir=SHORT zoneSrc=XOB zoneLo=1.16612 zoneHi=1.16640 promoT=2026.08.26 16:00 applied=1 bounded=1 scanned=22 swings=4 hits=0 firstShift=-1 firstVal=- commitVia=none legacy=0 legacyVia=none committed=0 changed=0 haveStop=1"
286,RECON62-B137,585093BF576B922A241E21779C72C62236B4F57746F778E25A772E493CC3D9C6,Tester/logs/20261009.log,1074352,2026-08-26,17:50,FRESHSKIP,"FI	0	19:47:43.224	Core 04	2026.08.26 17:50:00   [SRJ-EA] FRESHSKIP bar=2026.08.26 17:45 dir=SHORT state=S3_ZONE_WAIT poi=Weekly-POC reason=PRE_BINDING"
287,RECON62-B137,585093BF576B922A241E21779C72C62236B4F57746F778E25A772E493CC3D9C6,Tester/logs/20261009.log,1074440,2026-08-26,17:50,CQDRECHECK,"LF	0	19:47:43.224	Core 04	2026.08.26 17:50:00   [SRJ-EA] CQDRECHECK shift=2 passA=-1.0 passB=-1.0 diff=0 bar=2026.08.26 17:40 state=S3_ZONE_WAIT dir=SHORT divLatch=1 hit1=0 hit2=63 mism=0"
288,RECON62-B137,585093BF576B922A241E21779C72C62236B4F57746F778E25A772E493CC3D9C6,Tester/logs/20261009.log,1074444,2026-08-26,17:50,CONFIRMPOLL,"OR	0	19:47:43.224	Core 04	2026.08.26 17:50:00   [SRJ-EA] CONFIRMPOLL bar=2026.08.26 17:45 anchor=Weekly-POC dir=SHORT oppCandle=0 bodyDir=1 body=30pts doji=0 touchAttr=0 confirm=0 shadow=true"
289,RECON62-B137,585093BF576B922A241E21779C72C62236B4F57746F778E25A772E493CC3D9C6,Tester/logs/20261009.log,1074446,2026-08-26,17:50,ZONEID,"ND	0	19:47:43.224	Core 04	2026.08.26 17:50:00   [SRJ-EA] ZONEID bar=2026.08.26 17:45 site=S3PICK xobId=1891 fvgId=0"
290,RECON62-B137,585093BF576B922A241E21779C72C62236B4F57746F778E25A772E493CC3D9C6,Tester/logs/20261009.log,1074447,2026-08-26,17:50,XOBPROMO,"HG	0	19:47:43.224	Core 04	2026.08.26 17:50:00   [SRJ-EA] XOBPROMO bar=2026.08.26 17:45 site=S3PICK xobId=1891 raw=1787760000.0 promoT=2026.08.26 16:00"
291,RECON62-B137,585093BF576B922A241E21779C72C62236B4F57746F778E25A772E493CC3D9C6,Tester/logs/20261009.log,1074448,2026-08-26,17:50,ZONEPICK,"JG	0	19:47:43.224	Core 04	2026.08.26 17:50:00   [SRJ-EA] ZONEPICK bar=2026.08.26 17:45 dir=SHORT haveFvg=0 fvgInPlay=0 haveXob=1 xobInPlay=0 downgraded=0 fvg=--- xob=1.16612-1.16640"
292,RECON62-B137,585093BF576B922A241E21779C72C62236B4F57746F778E25A772E493CC3D9C6,Tester/logs/20261009.log,1074457,2026-08-26,17:50,INPLAYCOMMIT,"OP	0	19:47:43.224	Core 04	2026.08.26 17:50:00   [SRJ-EA] INPLAYCOMMIT bar=2026.08.26 17:45 dir=SHORT zoneSrc=XOB zoneLo=1.16612 zoneHi=1.16640 promoT=2026.08.26 16:00 applied=1 bounded=1 scanned=23 swings=5 hits=0 firstShift=-1 firstVal=- commitVia=none legacy=0 legacyVia=none committed=0 changed=0 haveStop=1"
293,RECON62-B137,585093BF576B922A241E21779C72C62236B4F57746F778E25A772E493CC3D9C6,Tester/logs/20261009.log,1074466,2026-08-26,17:55,FRESHSKIP,"CG	0	19:47:43.224	Core 04	2026.08.26 17:55:00   [SRJ-EA] FRESHSKIP bar=2026.08.26 17:50 dir=SHORT state=S3_ZONE_WAIT poi=Weekly-POC reason=PRE_BINDING"
294,RECON62-B137,585093BF576B922A241E21779C72C62236B4F57746F778E25A772E493CC3D9C6,Tester/logs/20261009.log,1074554,2026-08-26,17:55,CQDRECHECK,"PD	0	19:47:43.224	Core 04	2026.08.26 17:55:00   [SRJ-EA] CQDRECHECK shift=2 passA=2.0 passB=2.0 diff=0 bar=2026.08.26 17:45 state=S3_ZONE_WAIT dir=SHORT divLatch=0 hit1=0 hit2=64 mism=0"
295,RECON62-B137,585093BF576B922A241E21779C72C62236B4F57746F778E25A772E493CC3D9C6,Tester/logs/20261009.log,1074558,2026-08-26,17:55,CONFIRMPOLL,"DS	0	19:47:43.224	Core 04	2026.08.26 17:55:00   [SRJ-EA] CONFIRMPOLL bar=2026.08.26 17:50 anchor=Weekly-POC dir=SHORT oppCandle=0 bodyDir=0 body=8pts doji=0 touchAttr=0 confirm=0 shadow=true"
296,RECON62-B137,585093BF576B922A241E21779C72C62236B4F57746F778E25A772E493CC3D9C6,Tester/logs/20261009.log,1074560,2026-08-26,17:55,ZONEID,"EJ	0	19:47:43.224	Core 04	2026.08.26 17:55:00   [SRJ-EA] ZONEID bar=2026.08.26 17:50 site=S3PICK xobId=1891 fvgId=0"
297,RECON62-B137,585093BF576B922A241E21779C72C62236B4F57746F778E25A772E493CC3D9C6,Tester/logs/20261009.log,1074561,2026-08-26,17:55,XOBPROMO,"OF	0	19:47:43.224	Core 04	2026.08.26 17:55:00   [SRJ-EA] XOBPROMO bar=2026.08.26 17:50 site=S3PICK xobId=1891 raw=1787760000.0 promoT=2026.08.26 16:00"
298,RECON62-B137,585093BF576B922A241E21779C72C62236B4F57746F778E25A772E493CC3D9C6,Tester/logs/20261009.log,1074562,2026-08-26,17:55,ZONEPICK,"QD	0	19:47:43.224	Core 04	2026.08.26 17:55:00   [SRJ-EA] ZONEPICK bar=2026.08.26 17:50 dir=SHORT haveFvg=0 fvgInPlay=0 haveXob=1 xobInPlay=0 downgraded=0 fvg=--- xob=1.16612-1.16640"
299,RECON62-B137,585093BF576B922A241E21779C72C62236B4F57746F778E25A772E493CC3D9C6,Tester/logs/20261009.log,1074571,2026-08-26,17:55,INPLAYCOMMIT,"ER	0	19:47:43.224	Core 04	2026.08.26 17:55:00   [SRJ-EA] INPLAYCOMMIT bar=2026.08.26 17:50 dir=SHORT zoneSrc=XOB zoneLo=1.16612 zoneHi=1.16640 promoT=2026.08.26 16:00 applied=1 bounded=1 scanned=24 swings=5 hits=0 firstShift=-1 firstVal=- commitVia=none legacy=0 legacyVia=none committed=0 changed=0 haveStop=1"
300,RECON62-B137,585093BF576B922A241E21779C72C62236B4F57746F778E25A772E493CC3D9C6,Tester/logs/20261009.log,1074579,2026-08-26,18:00,FRESHSKIP,"QP	0	19:47:43.224	Core 04	2026.08.26 18:00:00   [SRJ-EA] FRESHSKIP bar=2026.08.26 17:55 dir=SHORT state=S3_ZONE_WAIT poi=Weekly-POC reason=PRE_BINDING"
301,RECON62-B137,585093BF576B922A241E21779C72C62236B4F57746F778E25A772E493CC3D9C6,Tester/logs/20261009.log,1074670,2026-08-26,18:00,CONFIRMPOLL,"HQ	0	19:47:43.224	Core 04	2026.08.26 18:00:00   [SRJ-EA] CONFIRMPOLL bar=2026.08.26 17:55 anchor=Weekly-POC dir=SHORT oppCandle=1 bodyDir=1 body=8pts doji=0 touchAttr=0 confirm=0 shadow=true"
302,RECON62-B137,585093BF576B922A241E21779C72C62236B4F57746F778E25A772E493CC3D9C6,Tester/logs/20261009.log,1074672,2026-08-26,18:00,ZONEID,"QD	0	19:47:43.224	Core 04	2026.08.26 18:00:00   [SRJ-EA] ZONEID bar=2026.08.26 17:55 site=S3PICK xobId=1891 fvgId=0"
303,RECON62-B137,585093BF576B922A241E21779C72C62236B4F57746F778E25A772E493CC3D9C6,Tester/logs/20261009.log,1074673,2026-08-26,18:00,XOBPROMO,"GD	0	19:47:43.224	Core 04	2026.08.26 18:00:00   [SRJ-EA] XOBPROMO bar=2026.08.26 17:55 site=S3PICK xobId=1891 raw=1787760000.0 promoT=2026.08.26 16:00"
304,RECON62-B137,585093BF576B922A241E21779C72C62236B4F57746F778E25A772E493CC3D9C6,Tester/logs/20261009.log,1074674,2026-08-26,18:00,ZONEPICK,"IF	0	19:47:43.224	Core 04	2026.08.26 18:00:00   [SRJ-EA] ZONEPICK bar=2026.08.26 17:55 dir=SHORT haveFvg=0 fvgInPlay=0 haveXob=1 xobInPlay=0 downgraded=0 fvg=--- xob=1.16612-1.16640"
305,RECON62-B137,585093BF576B922A241E21779C72C62236B4F57746F778E25A772E493CC3D9C6,Tester/logs/20261009.log,1074683,2026-08-26,18:00,INPLAYCOMMIT,"NP	0	19:47:43.224	Core 04	2026.08.26 18:00:00   [SRJ-EA] INPLAYCOMMIT bar=2026.08.26 17:55 dir=SHORT zoneSrc=XOB zoneLo=1.16612 zoneHi=1.16640 promoT=2026.08.26 16:00 applied=1 bounded=1 scanned=25 swings=5 hits=0 firstShift=-1 firstVal=- commitVia=none legacy=0 legacyVia=none committed=0 changed=0 haveStop=1"
306,RECON62-B137,585093BF576B922A241E21779C72C62236B4F57746F778E25A772E493CC3D9C6,Tester/logs/20261009.log,1074690,2026-08-26,18:05,FRESHSKIP,"IR	0	19:47:43.224	Core 04	2026.08.26 18:05:00   [SRJ-EA] FRESHSKIP bar=2026.08.26 18:00 dir=SHORT state=S3_ZONE_WAIT poi=Weekly-POC reason=PRE_BINDING"
307,RECON62-B137,585093BF576B922A241E21779C72C62236B4F57746F778E25A772E493CC3D9C6,Tester/logs/20261009.log,1074781,2026-08-26,18:05,CONFIRMPOLL,"ML	0	19:47:43.224	Core 04	2026.08.26 18:05:00   [SRJ-EA] CONFIRMPOLL bar=2026.08.26 18:00 anchor=Weekly-POC dir=SHORT oppCandle=0 bodyDir=0 body=21pts doji=0 touchAttr=0 confirm=0 shadow=true"
308,RECON62-B137,585093BF576B922A241E21779C72C62236B4F57746F778E25A772E493CC3D9C6,Tester/logs/20261009.log,1074783,2026-08-26,18:05,ZONEID,"GF	0	19:47:43.224	Core 04	2026.08.26 18:05:00   [SRJ-EA] ZONEID bar=2026.08.26 18:00 site=S3PICK xobId=1891 fvgId=0"
309,RECON62-B137,585093BF576B922A241E21779C72C62236B4F57746F778E25A772E493CC3D9C6,Tester/logs/20261009.log,1074784,2026-08-26,18:05,XOBPROMO,"QR	0	19:47:43.224	Core 04	2026.08.26 18:05:00   [SRJ-EA] XOBPROMO bar=2026.08.26 18:00 site=S3PICK xobId=1891 raw=1787760000.0 promoT=2026.08.26 16:00"
310,RECON62-B137,585093BF576B922A241E21779C72C62236B4F57746F778E25A772E493CC3D9C6,Tester/logs/20261009.log,1074785,2026-08-26,18:05,ZONEPICK,"OH	0	19:47:43.224	Core 04	2026.08.26 18:05:00   [SRJ-EA] ZONEPICK bar=2026.08.26 18:00 dir=SHORT haveFvg=0 fvgInPlay=0 haveXob=1 xobInPlay=0 downgraded=0 fvg=--- xob=1.16612-1.16640"
311,RECON62-B137,585093BF576B922A241E21779C72C62236B4F57746F778E25A772E493CC3D9C6,Tester/logs/20261009.log,1074794,2026-08-26,18:05,INPLAYCOMMIT,"EN	0	19:47:43.224	Core 04	2026.08.26 18:05:00   [SRJ-EA] INPLAYCOMMIT bar=2026.08.26 18:00 dir=SHORT zoneSrc=XOB zoneLo=1.16612 zoneHi=1.16640 promoT=2026.08.26 16:00 applied=1 bounded=1 scanned=26 swings=5 hits=0 firstShift=-1 firstVal=- commitVia=none legacy=0 legacyVia=none committed=0 changed=0 haveStop=1"
312,RECON62-B137,585093BF576B922A241E21779C72C62236B4F57746F778E25A772E493CC3D9C6,Tester/logs/20261009.log,1074803,2026-08-26,18:10,FRESHSKIP,"FI	0	19:47:43.224	Core 04	2026.08.26 18:10:00   [SRJ-EA] FRESHSKIP bar=2026.08.26 18:05 dir=SHORT state=S3_ZONE_WAIT poi=Weekly-POC reason=PRE_BINDING"
313,RECON62-B137,585093BF576B922A241E21779C72C62236B4F57746F778E25A772E493CC3D9C6,Tester/logs/20261009.log,1074889,2026-08-26,18:10,CQDRECHECK,"CD	0	19:47:43.224	Core 04	2026.08.26 18:10:00   [SRJ-EA] CQDRECHECK shift=2 passA=2.0 passB=2.0 diff=0 bar=2026.08.26 18:00 state=S3_ZONE_WAIT dir=SHORT divLatch=0 hit1=0 hit2=65 mism=0"
314,RECON62-B137,585093BF576B922A241E21779C72C62236B4F57746F778E25A772E493CC3D9C6,Tester/logs/20261009.log,1074893,2026-08-26,18:10,CONFIRMPOLL,"GP	0	19:47:43.224	Core 04	2026.08.26 18:10:00   [SRJ-EA] CONFIRMPOLL bar=2026.08.26 18:05 anchor=Weekly-POC dir=SHORT oppCandle=1 bodyDir=0 body=45pts doji=0 touchAttr=0 confirm=0 shadow=true"
315,RECON62-B137,585093BF576B922A241E21779C72C62236B4F57746F778E25A772E493CC3D9C6,Tester/logs/20261009.log,1074895,2026-08-26,18:10,ZONEID,"FJ	0	19:47:43.224	Core 04	2026.08.26 18:10:00   [SRJ-EA] ZONEID bar=2026.08.26 18:05 site=S3PICK xobId=1891 fvgId=0"
316,RECON62-B137,585093BF576B922A241E21779C72C62236B4F57746F778E25A772E493CC3D9C6,Tester/logs/20261009.log,1074896,2026-08-26,18:10,XOBPROMO,"PF	0	19:47:43.224	Core 04	2026.08.26 18:10:00   [SRJ-EA] XOBPROMO bar=2026.08.26 18:05 site=S3PICK xobId=1891 raw=1787760000.0 promoT=2026.08.26 16:00"
317,RECON62-B137,585093BF576B922A241E21779C72C62236B4F57746F778E25A772E493CC3D9C6,Tester/logs/20261009.log,1074897,2026-08-26,18:10,ZONEPICK,"RD	0	19:47:43.224	Core 04	2026.08.26 18:10:00   [SRJ-EA] ZONEPICK bar=2026.08.26 18:05 dir=SHORT haveFvg=0 fvgInPlay=0 haveXob=1 xobInPlay=0 downgraded=0 fvg=--- xob=1.16612-1.16640"
318,RECON62-B137,585093BF576B922A241E21779C72C62236B4F57746F778E25A772E493CC3D9C6,Tester/logs/20261009.log,1074906,2026-08-26,18:10,INPLAYCOMMIT,"IR	0	19:47:43.224	Core 04	2026.08.26 18:10:00   [SRJ-EA] INPLAYCOMMIT bar=2026.08.26 18:05 dir=SHORT zoneSrc=XOB zoneLo=1.16612 zoneHi=1.16640 promoT=2026.08.26 16:00 applied=1 bounded=1 scanned=15 swings=2 hits=0 firstShift=-1 firstVal=- commitVia=none legacy=0 legacyVia=none committed=0 changed=0 haveStop=1"
319,RECON62-B137,585093BF576B922A241E21779C72C62236B4F57746F778E25A772E493CC3D9C6,Tester/logs/20261009.log,1074920,2026-08-26,18:15,FRESHSKIP,"GE	0	19:47:43.224	Core 04	2026.08.26 18:15:00   [SRJ-EA] FRESHSKIP bar=2026.08.26 18:10 dir=SHORT state=S3_ZONE_WAIT poi=Weekly-POC reason=PRE_BINDING"
320,RECON62-B137,585093BF576B922A241E21779C72C62236B4F57746F778E25A772E493CC3D9C6,Tester/logs/20261009.log,1075006,2026-08-26,18:15,CQDRECHECK,"OQ	0	19:47:43.224	Core 04	2026.08.26 18:15:00   [SRJ-EA] CQDRECHECK shift=2 passA=-1.0 passB=-1.0 diff=0 bar=2026.08.26 18:05 state=S3_ZONE_WAIT dir=SHORT divLatch=1 hit1=0 hit2=66 mism=0"
321,RECON62-B137,585093BF576B922A241E21779C72C62236B4F57746F778E25A772E493CC3D9C6,Tester/logs/20261009.log,1075010,2026-08-26,18:15,CONFIRMPOLL,"IO	0	19:47:43.224	Core 04	2026.08.26 18:15:00   [SRJ-EA] CONFIRMPOLL bar=2026.08.26 18:10 anchor=Weekly-POC dir=SHORT oppCandle=1 bodyDir=1 body=18pts doji=0 touchAttr=0 confirm=0 shadow=true"
322,RECON62-B137,585093BF576B922A241E21779C72C62236B4F57746F778E25A772E493CC3D9C6,Tester/logs/20261009.log,1075013,2026-08-26,18:15,ABORT,"MG	0	19:47:43.224	Core 04	2026.08.26 18:15:00   [SRJ-EA] 2026.08.26 18:15:00 ABORT reason=LTF_MISALIGN state=S3_ZONE_WAIT poi=Weekly-POC dir=SHORT"
323,RECON62-B137,585093BF576B922A241E21779C72C62236B4F57746F778E25A772E493CC3D9C6,Tester/logs/20261009.log,1075014,2026-08-26,18:15,A6REFUSED,"MO	0	19:47:43.224	Core 04	2026.08.26 18:15:00   [SRJ-EA] A6REFUSED class=ABSENT_DECLINED bar=2026.08.26 18:15 state=S3_ZONE_WAIT dir=SHORT predicate=LTF_MISALIGN"
324,RECON62-B137,585093BF576B922A241E21779C72C62236B4F57746F778E25A772E493CC3D9C6,Tester/logs/20261009.log,1075015,2026-08-26,18:15,STATE,"GL	0	19:47:43.224	Core 04	2026.08.26 18:15:00   [SRJ-EA] 2026.08.26 18:15:00 STATE S3_ZONE_WAIT->ABORT dir=SHORT poi=Weekly-POC"
325,RECON62-B137,585093BF576B922A241E21779C72C62236B4F57746F778E25A772E493CC3D9C6,Tester/logs/20261009.log,1075022,2026-08-26,18:20,CQDRECHECK,"CM	0	19:47:43.224	Core 04	2026.08.26 18:20:01   [SRJ-EA] CQDRECHECK shift=2 passA=-1.0 passB=-1.0 diff=0 bar=2026.08.26 18:10 state=IDLE dir=NONE divLatch=0 hit1=0 hit2=67 mism=0"
326,RECON62-B137,585093BF576B922A241E21779C72C62236B4F57746F778E25A772E493CC3D9C6,Tester/logs/20261009.log,1075056,2026-08-26,18:45,CQDRECHECK,"FH	0	19:47:43.224	Core 04	2026.08.26 18:45:03   [SRJ-EA] CQDRECHECK shift=2 passA=-1.0 passB=-1.0 diff=0 bar=2026.08.26 18:35 state=IDLE dir=NONE divLatch=0 hit1=0 hit2=68 mism=0"
327,RECON62-B137,585093BF576B922A241E21779C72C62236B4F57746F778E25A772E493CC3D9C6,Tester/logs/20261009.log,1075064,2026-08-26,18:50,CQDRECHECK,"KL	0	19:47:43.224	Core 04	2026.08.26 18:50:01   [SRJ-EA] CQDRECHECK shift=2 passA=-1.0 passB=-1.0 diff=0 bar=2026.08.26 18:40 state=IDLE dir=NONE divLatch=0 hit1=0 hit2=69 mism=0"
328,RECON62-B137,585093BF576B922A241E21779C72C62236B4F57746F778E25A772E493CC3D9C6,Tester/logs/20261009.log,1075084,2026-08-26,19:00,CQDRECHECK,"EK	0	19:47:43.224	Core 04	2026.08.26 19:00:00   [SRJ-EA] CQDRECHECK shift=2 passA=1.0 passB=1.0 diff=0 bar=2026.08.26 18:50 state=IDLE dir=NONE divLatch=0 hit1=0 hit2=70 mism=0"
