pack_line,run,ea_sha,journal_file,journal_line,server_date,server_time,tag,raw
1,JUNE0525-B162,1617DC1ACCE6B50ED2D1359582A70A8B8503C569623EE90C18C6B33542796207,Tester/logs/20261011.log,980940,2026-06-04,09:00,B152PR,"RH	0	00:09:04.445	Core 04	2026.06.04 09:00:00   [SRJ-IND] B152PR sym=USDJPY bar=2026.06.04 08:55 z1=65,B,156.672,156.773,2026.05.11 04:10,1,2026.05.12 08:55,157.714,156.726"
2,JUNE0525-B162,1617DC1ACCE6B50ED2D1359582A70A8B8503C569623EE90C18C6B33542796207,Tester/logs/20261011.log,980941,2026-06-04,09:00,B152PR,"RN	0	00:09:04.445	Core 04	2026.06.04 09:00:00   [SRJ-IND] B152PR sym=USDJPY bar=2026.06.04 08:55 z1=78,B,156.578,156.584,2026.05.11 00:35,1,2026.05.11 00:40,156.644,156.537"
3,JUNE0525-B162,1617DC1ACCE6B50ED2D1359582A70A8B8503C569623EE90C18C6B33542796207,Tester/logs/20261011.log,980942,2026-06-04,09:00,B152PR,"PG	0	00:09:04.445	Core 04	2026.06.04 09:00:00   [SRJ-IND] B152PR sym=USDJPY bar=2026.06.04 08:55 z1=212,B,157.028,157.060,2026.05.11 19:20,1,2026.05.12 00:00,157.152,157.050"
4,JUNE0525-B162,1617DC1ACCE6B50ED2D1359582A70A8B8503C569623EE90C18C6B33542796207,Tester/logs/20261011.log,980943,2026-06-04,09:00,B152PR,"PI	0	00:09:04.445	Core 04	2026.06.04 09:00:00   [SRJ-IND] B152PR sym=USDJPY bar=2026.06.04 08:55 z1=256,B,157.172,157.178,2026.05.12 01:25,1,2026.05.12 08:55,157.714,156.726"
5,JUNE0525-B162,1617DC1ACCE6B50ED2D1359582A70A8B8503C569623EE90C18C6B33542796207,Tester/logs/20261011.log,980944,2026-06-04,09:00,B152PR,"JS	0	00:09:04.445	Core 04	2026.06.04 09:00:00   [SRJ-IND] B152PR sym=USDJPY bar=2026.06.04 08:55 z1=261,B,157.184,157.192,2026.05.12 03:00,1,2026.05.12 08:55,157.714,156.726"
6,JUNE0525-B162,1617DC1ACCE6B50ED2D1359582A70A8B8503C569623EE90C18C6B33542796207,Tester/logs/20261011.log,980945,2026-06-04,09:00,B152PR,"NE	0	00:09:04.445	Core 04	2026.06.04 09:00:00   [SRJ-IND] B152PR sym=USDJPY bar=2026.06.04 08:55 z1=313,B,157.331,157.497,2026.05.12 10:00,1,2026.05.12 10:10,157.546,157.487"
7,JUNE0525-B162,1617DC1ACCE6B50ED2D1359582A70A8B8503C569623EE90C18C6B33542796207,Tester/logs/20261011.log,980946,2026-06-04,09:00,B152PR,"ON	0	00:09:04.445	Core 04	2026.06.04 09:00:00   [SRJ-IND] B152PR sym=USDJPY bar=2026.06.04 08:55 z1=414,B,157.517,157.589,2026.05.13 01:10,1,2026.05.13 01:20,157.607,157.587"
8,JUNE0525-B162,1617DC1ACCE6B50ED2D1359582A70A8B8503C569623EE90C18C6B33542796207,Tester/logs/20261011.log,980947,2026-06-04,09:00,B152PR,"DP	0	00:09:04.445	Core 04	2026.06.04 09:00:00   [SRJ-IND] B152PR sym=USDJPY bar=2026.06.04 08:55 z1=447,B,157.562,157.648,2026.05.13 06:20,1,2026.05.13 06:25,157.662,157.648"
9,JUNE0525-B162,1617DC1ACCE6B50ED2D1359582A70A8B8503C569623EE90C18C6B33542796207,Tester/logs/20261011.log,980948,2026-06-04,09:00,B152PR,"CJ	0	00:09:04.445	Core 04	2026.06.04 09:00:00   [SRJ-IND] B152PR sym=USDJPY bar=2026.06.04 08:55 z1=449,B,157.599,157.654,2026.05.13 05:15,1,2026.05.13 05:45,157.687,157.652"
10,JUNE0525-B162,1617DC1ACCE6B50ED2D1359582A70A8B8503C569623EE90C18C6B33542796207,Tester/logs/20261011.log,980949,2026-06-04,09:00,B152PR,"NL	0	00:09:04.445	Core 04	2026.06.04 09:00:00   [SRJ-IND] B152PR sym=USDJPY bar=2026.06.04 08:55 z1=460,B,157.645,157.660,2026.05.13 07:05,1,2026.05.14 00:25,157.812,157.650"
11,JUNE0525-B162,1617DC1ACCE6B50ED2D1359582A70A8B8503C569623EE90C18C6B33542796207,Tester/logs/20261011.log,980950,2026-06-04,09:00,B152PR,"FF	0	00:09:04.445	Core 04	2026.06.04 09:00:00   [SRJ-IND] B152PR sym=USDJPY bar=2026.06.04 08:55 z1=696,B,157.568,158.167,2026.05.14 18:05,1,2026.05.14 18:10,158.191,158.119"
12,JUNE0525-B162,1617DC1ACCE6B50ED2D1359582A70A8B8503C569623EE90C18C6B33542796207,Tester/logs/20261011.log,980951,2026-06-04,09:00,B152PR,"NH	0	00:09:04.445	Core 04	2026.06.04 09:00:00   [SRJ-IND] B152PR sym=USDJPY bar=2026.06.04 08:55 z1=714,B,158.107,158.142,2026.05.14 19:30,1,2026.05.14 20:00,158.169,158.142"
13,JUNE0525-B162,1617DC1ACCE6B50ED2D1359582A70A8B8503C569623EE90C18C6B33542796207,Tester/logs/20261011.log,980952,2026-06-04,09:00,B152PR,"KR	0	00:09:04.445	Core 04	2026.06.04 09:00:00   [SRJ-IND] B152PR sym=USDJPY bar=2026.06.04 08:55 z1=724,B,158.168,158.186,2026.05.14 21:00,1,2026.05.14 21:05,158.191,158.182"
14,JUNE0525-B162,1617DC1ACCE6B50ED2D1359582A70A8B8503C569623EE90C18C6B33542796207,Tester/logs/20261011.log,980953,2026-06-04,09:00,B152PR,"QG	0	00:09:04.445	Core 04	2026.06.04 09:00:00   [SRJ-IND] B152PR sym=USDJPY bar=2026.06.04 08:55 z1=1405,B,158.735,158.769,2026.05.20 19:00,1,2026.05.20 19:05,158.816,158.753"
15,JUNE0525-B162,1617DC1ACCE6B50ED2D1359582A70A8B8503C569623EE90C18C6B33542796207,Tester/logs/20261011.log,980954,2026-06-04,09:00,B152PR,"CM	0	00:09:04.445	Core 04	2026.06.04 09:00:00   [SRJ-IND] B152PR sym=USDJPY bar=2026.06.04 08:55 z1=1779,B,158.756,158.800,2026.05.25 06:45,1,2026.05.26 00:00,158.887,158.784"
16,JUNE0525-B162,1617DC1ACCE6B50ED2D1359582A70A8B8503C569623EE90C18C6B33542796207,Tester/logs/20261011.log,980955,2026-06-04,09:00,B152PR,"JS	0	00:09:04.445	Core 04	2026.06.04 09:00:00   [SRJ-IND] B152PR sym=USDJPY bar=2026.06.04 08:55 z1=1780,B,158.789,158.814,2026.05.25 04:50,1,2026.05.26 00:00,158.887,158.784"
17,JUNE0525-B162,1617DC1ACCE6B50ED2D1359582A70A8B8503C569623EE90C18C6B33542796207,Tester/logs/20261011.log,980956,2026-06-04,09:00,B152PR,"OI	0	00:09:04.445	Core 04	2026.06.04 09:00:00   [SRJ-IND] B152PR sym=USDJPY bar=2026.06.04 08:55 z1=1949,B,158.916,158.934,2026.05.26 07:25,1,2026.05.26 07:30,158.942,158.934"
18,JUNE0525-B162,1617DC1ACCE6B50ED2D1359582A70A8B8503C569623EE90C18C6B33542796207,Tester/logs/20261011.log,980957,2026-06-04,09:00,B152PR,"JO	0	00:09:04.445	Core 04	2026.06.04 09:00:00   [SRJ-IND] B152PR sym=USDJPY bar=2026.06.04 08:55 z1=2509,B,159.134,159.195,2026.05.29 19:10,1,2026.05.29 19:35,159.215,159.186"
19,JUNE0525-B162,1617DC1ACCE6B50ED2D1359582A70A8B8503C569623EE90C18C6B33542796207,Tester/logs/20261011.log,980958,2026-06-04,09:00,B152PR,"GE	0	00:09:04.445	Core 04	2026.06.04 09:00:00   [SRJ-IND] B152PR sym=USDJPY bar=2026.06.04 08:55 z1=2566,B,159.382,159.407,2026.06.01 03:15,1,2026.06.03 11:30,159.790,159.368"
20,JUNE0525-B162,1617DC1ACCE6B50ED2D1359582A70A8B8503C569623EE90C18C6B33542796207,Tester/logs/20261011.log,980959,2026-06-04,09:00,B152PR,"QK	0	00:09:04.445	Core 04	2026.06.04 09:00:00   [SRJ-IND] B152PR sym=USDJPY bar=2026.06.04 08:55 z1=2648,B,159.435,159.481,2026.06.01 16:00,1,2026.06.03 11:30,159.790,159.368"
21,JUNE0525-B162,1617DC1ACCE6B50ED2D1359582A70A8B8503C569623EE90C18C6B33542796207,Tester/logs/20261011.log,980960,2026-06-04,09:00,B152PR,"FQ	0	00:09:04.445	Core 04	2026.06.04 09:00:00   [SRJ-IND] B152PR sym=USDJPY bar=2026.06.04 08:55 z1=2716,B,159.576,159.603,2026.06.02 03:10,1,2026.06.03 10:35,159.787,159.550"
22,JUNE0525-B162,1617DC1ACCE6B50ED2D1359582A70A8B8503C569623EE90C18C6B33542796207,Tester/logs/20261011.log,980961,2026-06-04,09:00,B152PR,"LG	0	00:09:04.445	Core 04	2026.06.04 09:00:00   [SRJ-IND] B152PR sym=USDJPY bar=2026.06.04 08:55 z1=2720,B,159.586,159.605,2026.06.02 01:05,1,2026.06.03 10:35,159.787,159.550"
23,JUNE0525-B162,1617DC1ACCE6B50ED2D1359582A70A8B8503C569623EE90C18C6B33542796207,Tester/logs/20261011.log,980962,2026-06-04,09:00,B152PR,"PM	0	00:09:04.445	Core 04	2026.06.04 09:00:00   [SRJ-IND] B152PR sym=USDJPY bar=2026.06.04 08:55 z1=2945,B,159.579,159.675,2026.06.03 11:15,1,2026.06.03 11:25,159.727,159.674"
24,JUNE0525-B162,1617DC1ACCE6B50ED2D1359582A70A8B8503C569623EE90C18C6B33542796207,Tester/logs/20261011.log,980963,2026-06-04,09:00,B152PR,"DS	0	00:09:04.445	Core 04	2026.06.04 09:00:00   [SRJ-IND] B152PR sym=USDJPY bar=2026.06.04 08:55 z1=3099,B,159.797,159.868,2026.06.04 08:15,1,2026.06.04 08:50,159.895,159.859"
25,JUNE0525-B162,1617DC1ACCE6B50ED2D1359582A70A8B8503C569623EE90C18C6B33542796207,Tester/logs/20261011.log,980964,2026-06-04,09:00,B152PR,"GK	0	00:09:04.445	Core 04	2026.06.04 09:00:00   [SRJ-IND] B152PR sym=USDJPY bar=2026.06.04 08:55 bull=1 bear=0 nz=24"
26,JUNE0525-B162,1617DC1ACCE6B50ED2D1359582A70A8B8503C569623EE90C18C6B33542796207,Tester/logs/20261011.log,980965,2026-06-04,09:00,B162ORIGIN,"NI	0	00:09:04.445	Core 04	2026.06.04 09:00:00   [SRJ-IND] B162ORIGIN sym=USDJPY bar=2026.06.04 08:55 side=B n=24 origin=3099 range=159.797-159.868 formT=2026.06.04 07:40 set=65,78,212,256,261,313,414,447,449,460,696,714,724,1405,1779,1780,1949,2509,2566,2648,2716,2720,2945,3099"
27,JUNE0525-B162,1617DC1ACCE6B50ED2D1359582A70A8B8503C569623EE90C18C6B33542796207,Tester/logs/20261011.log,980966,2026-06-04,09:00,B162ORIGIN,"MD	0	00:09:04.445	Core 04	2026.06.04 09:00:00   [SRJ-IND] B162ORIGIN sym=USDJPY bar=2026.06.04 08:55 side=S n=0 origin=NONE range=- formT=- set=-"
28,JUNE0525-B162,1617DC1ACCE6B50ED2D1359582A70A8B8503C569623EE90C18C6B33542796207,Tester/logs/20261011.log,980971,2026-06-04,09:00,CQDRECHECK,"KL	0	00:09:04.445	Core 04	2026.06.04 09:00:00   [SRJ-EA] CQDRECHECK shift=2 passA=1.0 passB=1.0 diff=0 bar=2026.06.04 08:50 state=IDLE dir=NONE divLatch=0 hit1=0 hit2=575 mism=0"
29,JUNE0525-B162,1617DC1ACCE6B50ED2D1359582A70A8B8503C569623EE90C18C6B33542796207,Tester/logs/20261011.log,980975,2026-06-04,09:05,B152PR,"PG	0	00:09:04.445	Core 04	2026.06.04 09:05:00   [SRJ-IND] B152PR sym=USDJPY bar=2026.06.04 09:00 z1=65,B,156.672,156.773,2026.05.11 04:10,1,2026.05.12 08:55,157.714,156.726"
30,JUNE0525-B162,1617DC1ACCE6B50ED2D1359582A70A8B8503C569623EE90C18C6B33542796207,Tester/logs/20261011.log,980976,2026-06-04,09:05,B152PR,"HM	0	00:09:04.445	Core 04	2026.06.04 09:05:00   [SRJ-IND] B152PR sym=USDJPY bar=2026.06.04 09:00 z1=78,B,156.578,156.584,2026.05.11 00:35,1,2026.05.11 00:40,156.644,156.537"
31,JUNE0525-B162,1617DC1ACCE6B50ED2D1359582A70A8B8503C569623EE90C18C6B33542796207,Tester/logs/20261011.log,980977,2026-06-04,09:05,B152PR,"RP	0	00:09:04.445	Core 04	2026.06.04 09:05:00   [SRJ-IND] B152PR sym=USDJPY bar=2026.06.04 09:00 z1=212,B,157.028,157.060,2026.05.11 19:20,1,2026.05.12 00:00,157.152,157.050"
32,JUNE0525-B162,1617DC1ACCE6B50ED2D1359582A70A8B8503C569623EE90C18C6B33542796207,Tester/logs/20261011.log,980978,2026-06-04,09:05,B152PR,"FE	0	00:09:04.445	Core 04	2026.06.04 09:05:00   [SRJ-IND] B152PR sym=USDJPY bar=2026.06.04 09:00 z1=256,B,157.172,157.178,2026.05.12 01:25,1,2026.05.12 08:55,157.714,156.726"
33,JUNE0525-B162,1617DC1ACCE6B50ED2D1359582A70A8B8503C569623EE90C18C6B33542796207,Tester/logs/20261011.log,980979,2026-06-04,09:05,B152PR,"PO	0	00:09:04.445	Core 04	2026.06.04 09:05:00   [SRJ-IND] B152PR sym=USDJPY bar=2026.06.04 09:00 z1=261,B,157.184,157.192,2026.05.12 03:00,1,2026.05.12 08:55,157.714,156.726"
34,JUNE0525-B162,1617DC1ACCE6B50ED2D1359582A70A8B8503C569623EE90C18C6B33542796207,Tester/logs/20261011.log,980980,2026-06-04,09:05,B152PR,"HQ	0	00:09:04.445	Core 04	2026.06.04 09:05:00   [SRJ-IND] B152PR sym=USDJPY bar=2026.06.04 09:00 z1=313,B,157.331,157.497,2026.05.12 10:00,1,2026.05.12 10:10,157.546,157.487"
35,JUNE0525-B162,1617DC1ACCE6B50ED2D1359582A70A8B8503C569623EE90C18C6B33542796207,Tester/logs/20261011.log,980981,2026-06-04,09:05,B152PR,"QK	0	00:09:04.445	Core 04	2026.06.04 09:05:00   [SRJ-IND] B152PR sym=USDJPY bar=2026.06.04 09:00 z1=414,B,157.517,157.589,2026.05.13 01:10,1,2026.05.13 01:20,157.607,157.587"
36,JUNE0525-B162,1617DC1ACCE6B50ED2D1359582A70A8B8503C569623EE90C18C6B33542796207,Tester/logs/20261011.log,980982,2026-06-04,09:05,B152PR,"RM	0	00:09:04.445	Core 04	2026.06.04 09:05:00   [SRJ-IND] B152PR sym=USDJPY bar=2026.06.04 09:00 z1=447,B,157.562,157.648,2026.05.13 06:20,1,2026.05.13 06:25,157.662,157.648"
37,JUNE0525-B162,1617DC1ACCE6B50ED2D1359582A70A8B8503C569623EE90C18C6B33542796207,Tester/logs/20261011.log,980983,2026-06-04,09:05,B152PR,"MG	0	00:09:04.445	Core 04	2026.06.04 09:05:00   [SRJ-IND] B152PR sym=USDJPY bar=2026.06.04 09:00 z1=449,B,157.599,157.654,2026.05.13 05:15,1,2026.05.13 05:45,157.687,157.652"
38,JUNE0525-B162,1617DC1ACCE6B50ED2D1359582A70A8B8503C569623EE90C18C6B33542796207,Tester/logs/20261011.log,980984,2026-06-04,09:05,B152PR,"HI	0	00:09:04.445	Core 04	2026.06.04 09:05:00   [SRJ-IND] B152PR sym=USDJPY bar=2026.06.04 09:00 z1=460,B,157.645,157.660,2026.05.13 07:05,1,2026.05.14 00:25,157.812,157.650"
39,JUNE0525-B162,1617DC1ACCE6B50ED2D1359582A70A8B8503C569623EE90C18C6B33542796207,Tester/logs/20261011.log,980985,2026-06-04,09:05,B152PR,"DS	0	00:09:04.445	Core 04	2026.06.04 09:05:00   [SRJ-IND] B152PR sym=USDJPY bar=2026.06.04 09:00 z1=696,B,157.568,158.167,2026.05.14 18:05,1,2026.05.14 18:10,158.191,158.119"
40,JUNE0525-B162,1617DC1ACCE6B50ED2D1359582A70A8B8503C569623EE90C18C6B33542796207,Tester/logs/20261011.log,980986,2026-06-04,09:05,B152PR,"HD	0	00:09:04.445	Core 04	2026.06.04 09:05:00   [SRJ-IND] B152PR sym=USDJPY bar=2026.06.04 09:00 z1=714,B,158.107,158.142,2026.05.14 19:30,1,2026.05.14 20:00,158.169,158.142"
41,JUNE0525-B162,1617DC1ACCE6B50ED2D1359582A70A8B8503C569623EE90C18C6B33542796207,Tester/logs/20261011.log,980987,2026-06-04,09:05,B152PR,"EN	0	00:09:04.445	Core 04	2026.06.04 09:05:00   [SRJ-IND] B152PR sym=USDJPY bar=2026.06.04 09:00 z1=724,B,158.168,158.186,2026.05.14 21:00,1,2026.05.14 21:05,158.191,158.182"
42,JUNE0525-B162,1617DC1ACCE6B50ED2D1359582A70A8B8503C569623EE90C18C6B33542796207,Tester/logs/20261011.log,980988,2026-06-04,09:05,B152PR,"CS	0	00:09:04.445	Core 04	2026.06.04 09:05:00   [SRJ-IND] B152PR sym=USDJPY bar=2026.06.04 09:00 z1=1405,B,158.735,158.769,2026.05.20 19:00,1,2026.05.20 19:05,158.816,158.753"
43,JUNE0525-B162,1617DC1ACCE6B50ED2D1359582A70A8B8503C569623EE90C18C6B33542796207,Tester/logs/20261011.log,980989,2026-06-04,09:05,B152PR,"QI	0	00:09:04.445	Core 04	2026.06.04 09:05:00   [SRJ-IND] B152PR sym=USDJPY bar=2026.06.04 09:00 z1=1779,B,158.756,158.800,2026.05.25 06:45,1,2026.05.26 00:00,158.887,158.784"
44,JUNE0525-B162,1617DC1ACCE6B50ED2D1359582A70A8B8503C569623EE90C18C6B33542796207,Tester/logs/20261011.log,980990,2026-06-04,09:05,B152PR,"LO	0	00:09:04.445	Core 04	2026.06.04 09:05:00   [SRJ-IND] B152PR sym=USDJPY bar=2026.06.04 09:00 z1=1780,B,158.789,158.814,2026.05.25 04:50,1,2026.05.26 00:00,158.887,158.784"
45,JUNE0525-B162,1617DC1ACCE6B50ED2D1359582A70A8B8503C569623EE90C18C6B33542796207,Tester/logs/20261011.log,980991,2026-06-04,09:05,B152PR,"EE	0	00:09:04.445	Core 04	2026.06.04 09:05:00   [SRJ-IND] B152PR sym=USDJPY bar=2026.06.04 09:00 z1=1949,B,158.916,158.934,2026.05.26 07:25,1,2026.05.26 07:30,158.942,158.934"
46,JUNE0525-B162,1617DC1ACCE6B50ED2D1359582A70A8B8503C569623EE90C18C6B33542796207,Tester/logs/20261011.log,980992,2026-06-04,09:05,B152PR,"LK	0	00:09:04.445	Core 04	2026.06.04 09:05:00   [SRJ-IND] B152PR sym=USDJPY bar=2026.06.04 09:00 z1=2509,B,159.134,159.195,2026.05.29 19:10,1,2026.05.29 19:35,159.215,159.186"
47,JUNE0525-B162,1617DC1ACCE6B50ED2D1359582A70A8B8503C569623EE90C18C6B33542796207,Tester/logs/20261011.log,980993,2026-06-04,09:05,B152PR,"MQ	0	00:09:04.445	Core 04	2026.06.04 09:05:00   [SRJ-IND] B152PR sym=USDJPY bar=2026.06.04 09:00 z1=2566,B,159.382,159.407,2026.06.01 03:15,1,2026.06.03 11:30,159.790,159.368"
48,JUNE0525-B162,1617DC1ACCE6B50ED2D1359582A70A8B8503C569623EE90C18C6B33542796207,Tester/logs/20261011.log,980994,2026-06-04,09:05,B152PR,"CG	0	00:09:04.445	Core 04	2026.06.04 09:05:00   [SRJ-IND] B152PR sym=USDJPY bar=2026.06.04 09:00 z1=2648,B,159.435,159.481,2026.06.01 16:00,1,2026.06.03 11:30,159.790,159.368"
49,JUNE0525-B162,1617DC1ACCE6B50ED2D1359582A70A8B8503C569623EE90C18C6B33542796207,Tester/logs/20261011.log,980995,2026-06-04,09:05,B152PR,"PM	0	00:09:04.445	Core 04	2026.06.04 09:05:00   [SRJ-IND] B152PR sym=USDJPY bar=2026.06.04 09:00 z1=2716,B,159.576,159.603,2026.06.02 03:10,1,2026.06.03 10:35,159.787,159.550"
50,JUNE0525-B162,1617DC1ACCE6B50ED2D1359582A70A8B8503C569623EE90C18C6B33542796207,Tester/logs/20261011.log,980996,2026-06-04,09:05,B152PR,"JS	0	00:09:04.445	Core 04	2026.06.04 09:05:00   [SRJ-IND] B152PR sym=USDJPY bar=2026.06.04 09:00 z1=2720,B,159.586,159.605,2026.06.02 01:05,1,2026.06.03 10:35,159.787,159.550"
51,JUNE0525-B162,1617DC1ACCE6B50ED2D1359582A70A8B8503C569623EE90C18C6B33542796207,Tester/logs/20261011.log,980997,2026-06-04,09:05,B152PR,"FI	0	00:09:04.445	Core 04	2026.06.04 09:05:00   [SRJ-IND] B152PR sym=USDJPY bar=2026.06.04 09:00 z1=2945,B,159.579,159.675,2026.06.03 11:15,1,2026.06.03 11:25,159.727,159.674"
52,JUNE0525-B162,1617DC1ACCE6B50ED2D1359582A70A8B8503C569623EE90C18C6B33542796207,Tester/logs/20261011.log,980998,2026-06-04,09:05,B152PR,"RO	0	00:09:04.445	Core 04	2026.06.04 09:05:00   [SRJ-IND] B152PR sym=USDJPY bar=2026.06.04 09:00 z1=3099,B,159.797,159.868,2026.06.04 08:15,1,2026.06.04 08:50,159.895,159.859"
53,JUNE0525-B162,1617DC1ACCE6B50ED2D1359582A70A8B8503C569623EE90C18C6B33542796207,Tester/logs/20261011.log,980999,2026-06-04,09:05,B152PR,"MG	0	00:09:04.445	Core 04	2026.06.04 09:05:00   [SRJ-IND] B152PR sym=USDJPY bar=2026.06.04 09:00 bull=1 bear=0 nz=24"
54,JUNE0525-B162,1617DC1ACCE6B50ED2D1359582A70A8B8503C569623EE90C18C6B33542796207,Tester/logs/20261011.log,981000,2026-06-04,09:05,B162ORIGIN,"HL	0	00:09:04.445	Core 04	2026.06.04 09:05:00   [SRJ-IND] B162ORIGIN sym=USDJPY bar=2026.06.04 09:00 side=B n=24 origin=3099 range=159.797-159.868 formT=2026.06.04 07:40 set=65,78,212,256,261,313,414,447,449,460,696,714,724,1405,1779,1780,1949,2509,2566,2648,2716,2720,2945,3099"
55,JUNE0525-B162,1617DC1ACCE6B50ED2D1359582A70A8B8503C569623EE90C18C6B33542796207,Tester/logs/20261011.log,981001,2026-06-04,09:05,B162ORIGIN,"GK	0	00:09:04.445	Core 04	2026.06.04 09:05:00   [SRJ-IND] B162ORIGIN sym=USDJPY bar=2026.06.04 09:00 side=S n=0 origin=NONE range=- formT=- set=-"
56,JUNE0525-B162,1617DC1ACCE6B50ED2D1359582A70A8B8503C569623EE90C18C6B33542796207,Tester/logs/20261011.log,981010,2026-06-04,09:10,B152PR,"KL	0	00:09:04.445	Core 04	2026.06.04 09:10:00   [SRJ-IND] B152PR sym=USDJPY bar=2026.06.04 09:05 z1=65,B,156.672,156.773,2026.05.11 04:10,1,2026.05.12 08:55,157.714,156.726"
57,JUNE0525-B162,1617DC1ACCE6B50ED2D1359582A70A8B8503C569623EE90C18C6B33542796207,Tester/logs/20261011.log,981011,2026-06-04,09:10,B152PR,"KR	0	00:09:04.445	Core 04	2026.06.04 09:10:00   [SRJ-IND] B152PR sym=USDJPY bar=2026.06.04 09:05 z1=78,B,156.578,156.584,2026.05.11 00:35,1,2026.05.11 00:40,156.644,156.537"
58,JUNE0525-B162,1617DC1ACCE6B50ED2D1359582A70A8B8503C569623EE90C18C6B33542796207,Tester/logs/20261011.log,981012,2026-06-04,09:10,B152PR,"MK	0	00:09:04.445	Core 04	2026.06.04 09:10:00   [SRJ-IND] B152PR sym=USDJPY bar=2026.06.04 09:05 z1=212,B,157.028,157.060,2026.05.11 19:20,1,2026.05.12 00:00,157.152,157.050"
59,JUNE0525-B162,1617DC1ACCE6B50ED2D1359582A70A8B8503C569623EE90C18C6B33542796207,Tester/logs/20261011.log,981013,2026-06-04,09:10,B152PR,"QM	0	00:09:04.445	Core 04	2026.06.04 09:10:00   [SRJ-IND] B152PR sym=USDJPY bar=2026.06.04 09:05 z1=256,B,157.172,157.178,2026.05.12 01:25,1,2026.05.12 08:55,157.714,156.726"
60,JUNE0525-B162,1617DC1ACCE6B50ED2D1359582A70A8B8503C569623EE90C18C6B33542796207,Tester/logs/20261011.log,981014,2026-06-04,09:10,B152PR,"CG	0	00:09:04.445	Core 04	2026.06.04 09:10:00   [SRJ-IND] B152PR sym=USDJPY bar=2026.06.04 09:05 z1=261,B,157.184,157.192,2026.05.12 03:00,1,2026.05.12 08:55,157.714,156.726"
61,JUNE0525-B162,1617DC1ACCE6B50ED2D1359582A70A8B8503C569623EE90C18C6B33542796207,Tester/logs/20261011.log,981015,2026-06-04,09:10,B152PR,"CH	0	00:09:04.445	Core 04	2026.06.04 09:10:00   [SRJ-IND] B152PR sym=USDJPY bar=2026.06.04 09:05 z1=313,B,157.331,157.497,2026.05.12 10:00,1,2026.05.12 10:10,157.546,157.487"
62,JUNE0525-B162,1617DC1ACCE6B50ED2D1359582A70A8B8503C569623EE90C18C6B33542796207,Tester/logs/20261011.log,981016,2026-06-04,09:10,B152PR,"NR	0	00:09:04.445	Core 04	2026.06.04 09:10:00   [SRJ-IND] B152PR sym=USDJPY bar=2026.06.04 09:05 z1=414,B,157.517,157.589,2026.05.13 01:10,1,2026.05.13 01:20,157.607,157.587"
63,JUNE0525-B162,1617DC1ACCE6B50ED2D1359582A70A8B8503C569623EE90C18C6B33542796207,Tester/logs/20261011.log,981017,2026-06-04,09:10,B152PR,"ED	0	00:09:04.445	Core 04	2026.06.04 09:10:00   [SRJ-IND] B152PR sym=USDJPY bar=2026.06.04 09:05 z1=447,B,157.562,157.648,2026.05.13 06:20,1,2026.05.13 06:25,157.662,157.648"
64,JUNE0525-B162,1617DC1ACCE6B50ED2D1359582A70A8B8503C569623EE90C18C6B33542796207,Tester/logs/20261011.log,981018,2026-06-04,09:10,B152PR,"JN	0	00:09:04.445	Core 04	2026.06.04 09:10:00   [SRJ-IND] B152PR sym=USDJPY bar=2026.06.04 09:05 z1=449,B,157.599,157.654,2026.05.13 05:15,1,2026.05.13 05:45,157.687,157.652"
65,JUNE0525-B162,1617DC1ACCE6B50ED2D1359582A70A8B8503C569623EE90C18C6B33542796207,Tester/logs/20261011.log,981019,2026-06-04,09:10,B152PR,"CP	0	00:09:04.445	Core 04	2026.06.04 09:10:00   [SRJ-IND] B152PR sym=USDJPY bar=2026.06.04 09:05 z1=460,B,157.645,157.660,2026.05.13 07:05,1,2026.05.14 00:25,157.812,157.650"
66,JUNE0525-B162,1617DC1ACCE6B50ED2D1359582A70A8B8503C569623EE90C18C6B33542796207,Tester/logs/20261011.log,981020,2026-06-04,09:10,B152PR,"GJ	0	00:09:04.445	Core 04	2026.06.04 09:10:00   [SRJ-IND] B152PR sym=USDJPY bar=2026.06.04 09:05 z1=696,B,157.568,158.167,2026.05.14 18:05,1,2026.05.14 18:10,158.191,158.119"
67,JUNE0525-B162,1617DC1ACCE6B50ED2D1359582A70A8B8503C569623EE90C18C6B33542796207,Tester/logs/20261011.log,981021,2026-06-04,09:10,B152PR,"KL	0	00:09:04.445	Core 04	2026.06.04 09:10:00   [SRJ-IND] B152PR sym=USDJPY bar=2026.06.04 09:05 z1=714,B,158.107,158.142,2026.05.14 19:30,1,2026.05.14 20:00,158.169,158.142"
68,JUNE0525-B162,1617DC1ACCE6B50ED2D1359582A70A8B8503C569623EE90C18C6B33542796207,Tester/logs/20261011.log,981022,2026-06-04,09:10,B152PR,"RF	0	00:09:04.445	Core 04	2026.06.04 09:10:00   [SRJ-IND] B152PR sym=USDJPY bar=2026.06.04 09:05 z1=724,B,158.168,158.186,2026.05.14 21:00,1,2026.05.14 21:05,158.191,158.182"
69,JUNE0525-B162,1617DC1ACCE6B50ED2D1359582A70A8B8503C569623EE90C18C6B33542796207,Tester/logs/20261011.log,981023,2026-06-04,09:10,B152PR,"HH	0	00:09:04.445	Core 04	2026.06.04 09:10:00   [SRJ-IND] B152PR sym=USDJPY bar=2026.06.04 09:05 z1=1405,B,158.735,158.769,2026.05.20 19:00,1,2026.05.20 19:05,158.816,158.753"
70,JUNE0525-B162,1617DC1ACCE6B50ED2D1359582A70A8B8503C569623EE90C18C6B33542796207,Tester/logs/20261011.log,981024,2026-06-04,09:10,B152PR,"NN	0	00:09:04.445	Core 04	2026.06.04 09:10:00   [SRJ-IND] B152PR sym=USDJPY bar=2026.06.04 09:05 z1=1779,B,158.756,158.800,2026.05.25 06:45,1,2026.05.26 00:00,158.887,158.784"
71,JUNE0525-B162,1617DC1ACCE6B50ED2D1359582A70A8B8503C569623EE90C18C6B33542796207,Tester/logs/20261011.log,981025,2026-06-04,09:10,B152PR,"OD	0	00:09:04.445	Core 04	2026.06.04 09:10:00   [SRJ-IND] B152PR sym=USDJPY bar=2026.06.04 09:05 z1=1780,B,158.789,158.814,2026.05.25 04:50,1,2026.05.26 00:00,158.887,158.784"
72,JUNE0525-B162,1617DC1ACCE6B50ED2D1359582A70A8B8503C569623EE90C18C6B33542796207,Tester/logs/20261011.log,981026,2026-06-04,09:10,B152PR,"JJ	0	00:09:04.445	Core 04	2026.06.04 09:10:00   [SRJ-IND] B152PR sym=USDJPY bar=2026.06.04 09:05 z1=1949,B,158.916,158.934,2026.05.26 07:25,1,2026.05.26 07:30,158.942,158.934"
73,JUNE0525-B162,1617DC1ACCE6B50ED2D1359582A70A8B8503C569623EE90C18C6B33542796207,Tester/logs/20261011.log,981027,2026-06-04,09:10,B152PR,"OP	0	00:09:04.445	Core 04	2026.06.04 09:10:00   [SRJ-IND] B152PR sym=USDJPY bar=2026.06.04 09:05 z1=2509,B,159.134,159.195,2026.05.29 19:10,1,2026.05.29 19:35,159.215,159.186"
74,JUNE0525-B162,1617DC1ACCE6B50ED2D1359582A70A8B8503C569623EE90C18C6B33542796207,Tester/logs/20261011.log,981028,2026-06-04,09:10,B152PR,"RF	0	00:09:04.445	Core 04	2026.06.04 09:10:00   [SRJ-IND] B152PR sym=USDJPY bar=2026.06.04 09:05 z1=2566,B,159.382,159.407,2026.06.01 03:15,1,2026.06.03 11:30,159.790,159.368"
75,JUNE0525-B162,1617DC1ACCE6B50ED2D1359582A70A8B8503C569623EE90C18C6B33542796207,Tester/logs/20261011.log,981029,2026-06-04,09:10,B152PR,"HL	0	00:09:04.445	Core 04	2026.06.04 09:10:00   [SRJ-IND] B152PR sym=USDJPY bar=2026.06.04 09:05 z1=2648,B,159.435,159.481,2026.06.01 16:00,1,2026.06.03 11:30,159.790,159.368"
76,JUNE0525-B162,1617DC1ACCE6B50ED2D1359582A70A8B8503C569623EE90C18C6B33542796207,Tester/logs/20261011.log,981030,2026-06-04,09:10,B152PR,"KR	0	00:09:04.445	Core 04	2026.06.04 09:10:00   [SRJ-IND] B152PR sym=USDJPY bar=2026.06.04 09:05 z1=2716,B,159.576,159.603,2026.06.02 03:10,1,2026.06.03 10:35,159.787,159.550"
77,JUNE0525-B162,1617DC1ACCE6B50ED2D1359582A70A8B8503C569623EE90C18C6B33542796207,Tester/logs/20261011.log,981031,2026-06-04,09:10,B152PR,"EH	0	00:09:04.445	Core 04	2026.06.04 09:10:00   [SRJ-IND] B152PR sym=USDJPY bar=2026.06.04 09:05 z1=2720,B,159.586,159.605,2026.06.02 01:05,1,2026.06.03 10:35,159.787,159.550"
78,JUNE0525-B162,1617DC1ACCE6B50ED2D1359582A70A8B8503C569623EE90C18C6B33542796207,Tester/logs/20261011.log,981032,2026-06-04,09:10,B152PR,"IN	0	00:09:04.445	Core 04	2026.06.04 09:10:00   [SRJ-IND] B152PR sym=USDJPY bar=2026.06.04 09:05 z1=2945,B,159.579,159.675,2026.06.03 11:15,1,2026.06.03 11:25,159.727,159.674"
79,JUNE0525-B162,1617DC1ACCE6B50ED2D1359582A70A8B8503C569623EE90C18C6B33542796207,Tester/logs/20261011.log,981033,2026-06-04,09:10,B152PR,"MD	0	00:09:04.445	Core 04	2026.06.04 09:10:00   [SRJ-IND] B152PR sym=USDJPY bar=2026.06.04 09:05 z1=3099,B,159.797,159.868,2026.06.04 08:15,1,2026.06.04 08:50,159.895,159.859"
80,JUNE0525-B162,1617DC1ACCE6B50ED2D1359582A70A8B8503C569623EE90C18C6B33542796207,Tester/logs/20261011.log,981034,2026-06-04,09:10,B152PR,"RH	0	00:09:04.445	Core 04	2026.06.04 09:10:00   [SRJ-IND] B152PR sym=USDJPY bar=2026.06.04 09:05 bull=1 bear=0 nz=24"
81,JUNE0525-B162,1617DC1ACCE6B50ED2D1359582A70A8B8503C569623EE90C18C6B33542796207,Tester/logs/20261011.log,981035,2026-06-04,09:10,B162ORIGIN,"KE	0	00:09:04.445	Core 04	2026.06.04 09:10:00   [SRJ-IND] B162ORIGIN sym=USDJPY bar=2026.06.04 09:05 side=B n=24 origin=3099 range=159.797-159.868 formT=2026.06.04 07:40 set=65,78,212,256,261,313,414,447,449,460,696,714,724,1405,1779,1780,1949,2509,2566,2648,2716,2720,2945,3099"
82,JUNE0525-B162,1617DC1ACCE6B50ED2D1359582A70A8B8503C569623EE90C18C6B33542796207,Tester/logs/20261011.log,981036,2026-06-04,09:10,B162ORIGIN,"LP	0	00:09:04.445	Core 04	2026.06.04 09:10:00   [SRJ-IND] B162ORIGIN sym=USDJPY bar=2026.06.04 09:05 side=S n=0 origin=NONE range=- formT=- set=-"
83,JUNE0525-B162,1617DC1ACCE6B50ED2D1359582A70A8B8503C569623EE90C18C6B33542796207,Tester/logs/20261011.log,981045,2026-06-04,09:15,B152PR,"NI	0	00:09:04.445	Core 04	2026.06.04 09:15:00   [SRJ-IND] B152PR sym=USDJPY bar=2026.06.04 09:10 z1=65,B,156.672,156.773,2026.05.11 04:10,1,2026.05.12 08:55,157.714,156.726"
84,JUNE0525-B162,1617DC1ACCE6B50ED2D1359582A70A8B8503C569623EE90C18C6B33542796207,Tester/logs/20261011.log,981046,2026-06-04,09:15,B152PR,"NO	0	00:09:04.445	Core 04	2026.06.04 09:15:00   [SRJ-IND] B152PR sym=USDJPY bar=2026.06.04 09:10 z1=78,B,156.578,156.584,2026.05.11 00:35,1,2026.05.11 00:40,156.644,156.537"
85,JUNE0525-B162,1617DC1ACCE6B50ED2D1359582A70A8B8503C569623EE90C18C6B33542796207,Tester/logs/20261011.log,981047,2026-06-04,09:15,B152PR,"LF	0	00:09:04.445	Core 04	2026.06.04 09:15:00   [SRJ-IND] B152PR sym=USDJPY bar=2026.06.04 09:10 z1=212,B,157.028,157.060,2026.05.11 19:20,1,2026.05.12 00:00,157.152,157.050"
86,JUNE0525-B162,1617DC1ACCE6B50ED2D1359582A70A8B8503C569623EE90C18C6B33542796207,Tester/logs/20261011.log,981048,2026-06-04,09:15,B152PR,"LH	0	00:09:04.445	Core 04	2026.06.04 09:15:00   [SRJ-IND] B152PR sym=USDJPY bar=2026.06.04 09:10 z1=256,B,157.172,157.178,2026.05.12 01:25,1,2026.05.12 08:55,157.714,156.726"
87,JUNE0525-B162,1617DC1ACCE6B50ED2D1359582A70A8B8503C569623EE90C18C6B33542796207,Tester/logs/20261011.log,981049,2026-06-04,09:15,B152PR,"FR	0	00:09:04.445	Core 04	2026.06.04 09:15:00   [SRJ-IND] B152PR sym=USDJPY bar=2026.06.04 09:10 z1=261,B,157.184,157.192,2026.05.12 03:00,1,2026.05.12 08:55,157.714,156.726"
88,JUNE0525-B162,1617DC1ACCE6B50ED2D1359582A70A8B8503C569623EE90C18C6B33542796207,Tester/logs/20261011.log,981050,2026-06-04,09:15,B152PR,"RD	0	00:09:04.445	Core 04	2026.06.04 09:15:00   [SRJ-IND] B152PR sym=USDJPY bar=2026.06.04 09:10 z1=313,B,157.331,157.497,2026.05.12 10:00,1,2026.05.12 10:10,157.546,157.487"
89,JUNE0525-B162,1617DC1ACCE6B50ED2D1359582A70A8B8503C569623EE90C18C6B33542796207,Tester/logs/20261011.log,981051,2026-06-04,09:15,B152PR,"KI	0	00:09:04.445	Core 04	2026.06.04 09:15:00   [SRJ-IND] B152PR sym=USDJPY bar=2026.06.04 09:10 z1=414,B,157.517,157.589,2026.05.13 01:10,1,2026.05.13 01:20,157.607,157.587"
90,JUNE0525-B162,1617DC1ACCE6B50ED2D1359582A70A8B8503C569623EE90C18C6B33542796207,Tester/logs/20261011.log,981052,2026-06-04,09:15,B152PR,"HS	0	00:09:04.445	Core 04	2026.06.04 09:15:00   [SRJ-IND] B152PR sym=USDJPY bar=2026.06.04 09:10 z1=447,B,157.562,157.648,2026.05.13 06:20,1,2026.05.13 06:25,157.662,157.648"
91,JUNE0525-B162,1617DC1ACCE6B50ED2D1359582A70A8B8503C569623EE90C18C6B33542796207,Tester/logs/20261011.log,981053,2026-06-04,09:15,B152PR,"GE	0	00:09:04.445	Core 04	2026.06.04 09:15:00   [SRJ-IND] B152PR sym=USDJPY bar=2026.06.04 09:10 z1=449,B,157.599,157.654,2026.05.13 05:15,1,2026.05.13 05:45,157.687,157.652"
92,JUNE0525-B162,1617DC1ACCE6B50ED2D1359582A70A8B8503C569623EE90C18C6B33542796207,Tester/logs/20261011.log,981054,2026-06-04,09:15,B152PR,"RO	0	00:09:04.445	Core 04	2026.06.04 09:15:00   [SRJ-IND] B152PR sym=USDJPY bar=2026.06.04 09:10 z1=460,B,157.645,157.660,2026.05.13 07:05,1,2026.05.14 00:25,157.812,157.650"
93,JUNE0525-B162,1617DC1ACCE6B50ED2D1359582A70A8B8503C569623EE90C18C6B33542796207,Tester/logs/20261011.log,981055,2026-06-04,09:15,B152PR,"JQ	0	00:09:04.445	Core 04	2026.06.04 09:15:00   [SRJ-IND] B152PR sym=USDJPY bar=2026.06.04 09:10 z1=696,B,157.568,158.167,2026.05.14 18:05,1,2026.05.14 18:10,158.191,158.119"
94,JUNE0525-B162,1617DC1ACCE6B50ED2D1359582A70A8B8503C569623EE90C18C6B33542796207,Tester/logs/20261011.log,981056,2026-06-04,09:15,B152PR,"RK	0	00:09:04.445	Core 04	2026.06.04 09:15:00   [SRJ-IND] B152PR sym=USDJPY bar=2026.06.04 09:10 z1=714,B,158.107,158.142,2026.05.14 19:30,1,2026.05.14 20:00,158.169,158.142"
95,JUNE0525-B162,1617DC1ACCE6B50ED2D1359582A70A8B8503C569623EE90C18C6B33542796207,Tester/logs/20261011.log,981057,2026-06-04,09:15,B152PR,"OM	0	00:09:04.445	Core 04	2026.06.04 09:15:00   [SRJ-IND] B152PR sym=USDJPY bar=2026.06.04 09:10 z1=724,B,158.168,158.186,2026.05.14 21:00,1,2026.05.14 21:05,158.191,158.182"
96,JUNE0525-B162,1617DC1ACCE6B50ED2D1359582A70A8B8503C569623EE90C18C6B33542796207,Tester/logs/20261011.log,981058,2026-06-04,09:15,B152PR,"MD	0	00:09:04.445	Core 04	2026.06.04 09:15:00   [SRJ-IND] B152PR sym=USDJPY bar=2026.06.04 09:10 z1=1405,B,158.735,158.769,2026.05.20 19:00,1,2026.05.20 19:05,158.816,158.753"
97,JUNE0525-B162,1617DC1ACCE6B50ED2D1359582A70A8B8503C569623EE90C18C6B33542796207,Tester/logs/20261011.log,981059,2026-06-04,09:15,B152PR,"GJ	0	00:09:04.445	Core 04	2026.06.04 09:15:00   [SRJ-IND] B152PR sym=USDJPY bar=2026.06.04 09:10 z1=1779,B,158.756,158.800,2026.05.25 06:45,1,2026.05.26 00:00,158.887,158.784"
98,JUNE0525-B162,1617DC1ACCE6B50ED2D1359582A70A8B8503C569623EE90C18C6B33542796207,Tester/logs/20261011.log,981060,2026-06-04,09:15,B152PR,"FP	0	00:09:04.445	Core 04	2026.06.04 09:15:00   [SRJ-IND] B152PR sym=USDJPY bar=2026.06.04 09:10 z1=1780,B,158.789,158.814,2026.05.25 04:50,1,2026.05.26 00:00,158.887,158.784"
99,JUNE0525-B162,1617DC1ACCE6B50ED2D1359582A70A8B8503C569623EE90C18C6B33542796207,Tester/logs/20261011.log,981061,2026-06-04,09:15,B152PR,"KF	0	00:09:04.445	Core 04	2026.06.04 09:15:00   [SRJ-IND] B152PR sym=USDJPY bar=2026.06.04 09:10 z1=1949,B,158.916,158.934,2026.05.26 07:25,1,2026.05.26 07:30,158.942,158.934"
100,JUNE0525-B162,1617DC1ACCE6B50ED2D1359582A70A8B8503C569623EE90C18C6B33542796207,Tester/logs/20261011.log,981062,2026-06-04,09:15,B152PR,"FL	0	00:09:04.445	Core 04	2026.06.04 09:15:00   [SRJ-IND] B152PR sym=USDJPY bar=2026.06.04 09:10 z1=2509,B,159.134,159.195,2026.05.29 19:10,1,2026.05.29 19:35,159.215,159.186"
101,JUNE0525-B162,1617DC1ACCE6B50ED2D1359582A70A8B8503C569623EE90C18C6B33542796207,Tester/logs/20261011.log,981063,2026-06-04,09:15,B152PR,"CR	0	00:09:04.445	Core 04	2026.06.04 09:15:00   [SRJ-IND] B152PR sym=USDJPY bar=2026.06.04 09:10 z1=2566,B,159.382,159.407,2026.06.01 03:15,1,2026.06.03 11:30,159.790,159.368"
102,JUNE0525-B162,1617DC1ACCE6B50ED2D1359582A70A8B8503C569623EE90C18C6B33542796207,Tester/logs/20261011.log,981064,2026-06-04,09:15,B152PR,"MH	0	00:09:04.445	Core 04	2026.06.04 09:15:00   [SRJ-IND] B152PR sym=USDJPY bar=2026.06.04 09:10 z1=2648,B,159.435,159.481,2026.06.01 16:00,1,2026.06.03 11:30,159.790,159.368"
103,JUNE0525-B162,1617DC1ACCE6B50ED2D1359582A70A8B8503C569623EE90C18C6B33542796207,Tester/logs/20261011.log,981065,2026-06-04,09:15,B152PR,"JN	0	00:09:04.445	Core 04	2026.06.04 09:15:00   [SRJ-IND] B152PR sym=USDJPY bar=2026.06.04 09:10 z1=2716,B,159.576,159.603,2026.06.02 03:10,1,2026.06.03 10:35,159.787,159.550"
104,JUNE0525-B162,1617DC1ACCE6B50ED2D1359582A70A8B8503C569623EE90C18C6B33542796207,Tester/logs/20261011.log,981066,2026-06-04,09:15,B152PR,"PD	0	00:09:04.445	Core 04	2026.06.04 09:15:00   [SRJ-IND] B152PR sym=USDJPY bar=2026.06.04 09:10 z1=2720,B,159.586,159.605,2026.06.02 01:05,1,2026.06.03 10:35,159.787,159.550"
105,JUNE0525-B162,1617DC1ACCE6B50ED2D1359582A70A8B8503C569623EE90C18C6B33542796207,Tester/logs/20261011.log,981067,2026-06-04,09:15,B152PR,"LJ	0	00:09:04.445	Core 04	2026.06.04 09:15:00   [SRJ-IND] B152PR sym=USDJPY bar=2026.06.04 09:10 z1=2945,B,159.579,159.675,2026.06.03 11:15,1,2026.06.03 11:25,159.727,159.674"
106,JUNE0525-B162,1617DC1ACCE6B50ED2D1359582A70A8B8503C569623EE90C18C6B33542796207,Tester/logs/20261011.log,981068,2026-06-04,09:15,B152PR,"HP	0	00:09:04.445	Core 04	2026.06.04 09:15:00   [SRJ-IND] B152PR sym=USDJPY bar=2026.06.04 09:10 z1=3099,B,159.797,159.868,2026.06.04 08:15,1,2026.06.04 08:50,159.895,159.859"
107,JUNE0525-B162,1617DC1ACCE6B50ED2D1359582A70A8B8503C569623EE90C18C6B33542796207,Tester/logs/20261011.log,981069,2026-06-04,09:15,B152PR,"JG	0	00:09:04.445	Core 04	2026.06.04 09:15:00   [SRJ-IND] B152PR sym=USDJPY bar=2026.06.04 09:10 z1=3107,S,159.868,159.898,2026.06.04 09:05,1,2026.06.04 09:10,159.888,159.866"
108,JUNE0525-B162,1617DC1ACCE6B50ED2D1359582A70A8B8503C569623EE90C18C6B33542796207,Tester/logs/20261011.log,981070,2026-06-04,09:15,B152PR,"CN	0	00:09:04.445	Core 04	2026.06.04 09:15:00   [SRJ-IND] B152PR sym=USDJPY bar=2026.06.04 09:10 bull=1 bear=1 nz=25"
109,JUNE0525-B162,1617DC1ACCE6B50ED2D1359582A70A8B8503C569623EE90C18C6B33542796207,Tester/logs/20261011.log,981071,2026-06-04,09:15,B162ORIGIN,"RD	0	00:09:04.445	Core 04	2026.06.04 09:15:00   [SRJ-IND] B162ORIGIN sym=USDJPY bar=2026.06.04 09:10 side=B n=24 origin=3099 range=159.797-159.868 formT=2026.06.04 07:40 set=65,78,212,256,261,313,414,447,449,460,696,714,724,1405,1779,1780,1949,2509,2566,2648,2716,2720,2945,3099"
110,JUNE0525-B162,1617DC1ACCE6B50ED2D1359582A70A8B8503C569623EE90C18C6B33542796207,Tester/logs/20261011.log,981072,2026-06-04,09:15,B162ORIGIN,"OR	0	00:09:04.445	Core 04	2026.06.04 09:15:00   [SRJ-IND] B162ORIGIN sym=USDJPY bar=2026.06.04 09:10 side=S n=1 origin=3107 range=159.868-159.898 formT=2026.06.04 08:55 set=3107"
111,JUNE0525-B162,1617DC1ACCE6B50ED2D1359582A70A8B8503C569623EE90C18C6B33542796207,Tester/logs/20261011.log,981080,2026-06-04,09:15,CONFIRMPOLL,"GI	0	00:09:04.445	Core 04	2026.06.04 09:15:00   [SRJ-EA] CONFIRMPOLL bar=2026.06.04 09:10 anchor=Daily-POC dir=SHORT oppCandle=1 bodyDir=0 body=3pts doji=0 touchAttr=1 confirm=0 shadow=true"
112,JUNE0525-B162,1617DC1ACCE6B50ED2D1359582A70A8B8503C569623EE90C18C6B33542796207,Tester/logs/20261011.log,981082,2026-06-04,09:15,STATE,"RG	0	00:09:04.445	Core 04	2026.06.04 09:15:00   [SRJ-EA] 2026.06.04 09:15:00 STATE IDLE->S1_REGIME dir=SHORT poi=Daily-POC"
113,JUNE0525-B162,1617DC1ACCE6B50ED2D1359582A70A8B8503C569623EE90C18C6B33542796207,Tester/logs/20261011.log,981083,2026-06-04,09:15,ANCHOR_ELECT,"LQ	0	00:09:04.445	Core 04	2026.06.04 09:15:00   [SRJ-EA] ANCHOR_ELECT bar=2026.06.04 09:10 action=SEED poi=Daily-POC rank=10 tier=5 dir=SHORT"
114,JUNE0525-B162,1617DC1ACCE6B50ED2D1359582A70A8B8503C569623EE90C18C6B33542796207,Tester/logs/20261011.log,981096,2026-06-04,09:20,B152PR,"PM	0	00:09:04.445	Core 04	2026.06.04 09:20:01   [SRJ-IND] B152PR sym=USDJPY bar=2026.06.04 09:15 z1=65,B,156.672,156.773,2026.05.11 04:10,1,2026.05.12 08:55,157.714,156.726"
115,JUNE0525-B162,1617DC1ACCE6B50ED2D1359582A70A8B8503C569623EE90C18C6B33542796207,Tester/logs/20261011.log,981097,2026-06-04,09:20,B152PR,"HS	0	00:09:04.445	Core 04	2026.06.04 09:20:01   [SRJ-IND] B152PR sym=USDJPY bar=2026.06.04 09:15 z1=78,B,156.578,156.584,2026.05.11 00:35,1,2026.05.11 00:40,156.644,156.537"
116,JUNE0525-B162,1617DC1ACCE6B50ED2D1359582A70A8B8503C569623EE90C18C6B33542796207,Tester/logs/20261011.log,981098,2026-06-04,09:20,B152PR,"RJ	0	00:09:04.445	Core 04	2026.06.04 09:20:01   [SRJ-IND] B152PR sym=USDJPY bar=2026.06.04 09:15 z1=212,B,157.028,157.060,2026.05.11 19:20,1,2026.05.12 00:00,157.152,157.050"
117,JUNE0525-B162,1617DC1ACCE6B50ED2D1359582A70A8B8503C569623EE90C18C6B33542796207,Tester/logs/20261011.log,981099,2026-06-04,09:20,B152PR,"RL	0	00:09:04.445	Core 04	2026.06.04 09:20:01   [SRJ-IND] B152PR sym=USDJPY bar=2026.06.04 09:15 z1=256,B,157.172,157.178,2026.05.12 01:25,1,2026.05.12 08:55,157.714,156.726"
118,JUNE0525-B162,1617DC1ACCE6B50ED2D1359582A70A8B8503C569623EE90C18C6B33542796207,Tester/logs/20261011.log,981100,2026-06-04,09:20,B152PR,"PQ	0	00:09:04.445	Core 04	2026.06.04 09:20:01   [SRJ-IND] B152PR sym=USDJPY bar=2026.06.04 09:15 z1=261,B,157.184,157.192,2026.05.12 03:00,1,2026.05.12 08:55,157.714,156.726"
119,JUNE0525-B162,1617DC1ACCE6B50ED2D1359582A70A8B8503C569623EE90C18C6B33542796207,Tester/logs/20261011.log,981101,2026-06-04,09:20,B152PR,"DK	0	00:09:04.445	Core 04	2026.06.04 09:20:01   [SRJ-IND] B152PR sym=USDJPY bar=2026.06.04 09:15 z1=313,B,157.331,157.497,2026.05.12 10:00,1,2026.05.12 10:10,157.546,157.487"
120,JUNE0525-B162,1617DC1ACCE6B50ED2D1359582A70A8B8503C569623EE90C18C6B33542796207,Tester/logs/20261011.log,981102,2026-06-04,09:20,B152PR,"QM	0	00:09:04.445	Core 04	2026.06.04 09:20:01   [SRJ-IND] B152PR sym=USDJPY bar=2026.06.04 09:15 z1=414,B,157.517,157.589,2026.05.13 01:10,1,2026.05.13 01:20,157.607,157.587"
121,JUNE0525-B162,1617DC1ACCE6B50ED2D1359582A70A8B8503C569623EE90C18C6B33542796207,Tester/logs/20261011.log,981103,2026-06-04,09:20,B152PR,"FG	0	00:09:04.445	Core 04	2026.06.04 09:20:01   [SRJ-IND] B152PR sym=USDJPY bar=2026.06.04 09:15 z1=447,B,157.562,157.648,2026.05.13 06:20,1,2026.05.13 06:25,157.662,157.648"
122,JUNE0525-B162,1617DC1ACCE6B50ED2D1359582A70A8B8503C569623EE90C18C6B33542796207,Tester/logs/20261011.log,981104,2026-06-04,09:20,B152PR,"MI	0	00:09:04.445	Core 04	2026.06.04 09:20:01   [SRJ-IND] B152PR sym=USDJPY bar=2026.06.04 09:15 z1=449,B,157.599,157.654,2026.05.13 05:15,1,2026.05.13 05:45,157.687,157.652"
123,JUNE0525-B162,1617DC1ACCE6B50ED2D1359582A70A8B8503C569623EE90C18C6B33542796207,Tester/logs/20261011.log,981105,2026-06-04,09:20,B152PR,"DS	0	00:09:04.445	Core 04	2026.06.04 09:20:01   [SRJ-IND] B152PR sym=USDJPY bar=2026.06.04 09:15 z1=460,B,157.645,157.660,2026.05.13 07:05,1,2026.05.14 00:25,157.812,157.650"
124,JUNE0525-B162,1617DC1ACCE6B50ED2D1359582A70A8B8503C569623EE90C18C6B33542796207,Tester/logs/20261011.log,981106,2026-06-04,09:20,B152PR,"DE	0	00:09:04.445	Core 04	2026.06.04 09:20:01   [SRJ-IND] B152PR sym=USDJPY bar=2026.06.04 09:15 z1=696,B,157.568,158.167,2026.05.14 18:05,1,2026.05.14 18:10,158.191,158.119"
125,JUNE0525-B162,1617DC1ACCE6B50ED2D1359582A70A8B8503C569623EE90C18C6B33542796207,Tester/logs/20261011.log,981107,2026-06-04,09:20,B152PR,"LO	0	00:09:04.445	Core 04	2026.06.04 09:20:01   [SRJ-IND] B152PR sym=USDJPY bar=2026.06.04 09:15 z1=714,B,158.107,158.142,2026.05.14 19:30,1,2026.05.14 20:00,158.169,158.142"
126,JUNE0525-B162,1617DC1ACCE6B50ED2D1359582A70A8B8503C569623EE90C18C6B33542796207,Tester/logs/20261011.log,981108,2026-06-04,09:20,B152PR,"EP	0	00:09:04.445	Core 04	2026.06.04 09:20:01   [SRJ-IND] B152PR sym=USDJPY bar=2026.06.04 09:15 z1=724,B,158.168,158.186,2026.05.14 21:00,1,2026.05.14 21:05,158.191,158.182"
127,JUNE0525-B162,1617DC1ACCE6B50ED2D1359582A70A8B8503C569623EE90C18C6B33542796207,Tester/logs/20261011.log,981109,2026-06-04,09:20,B152PR,"GI	0	00:09:04.445	Core 04	2026.06.04 09:20:01   [SRJ-IND] B152PR sym=USDJPY bar=2026.06.04 09:15 z1=1405,B,158.735,158.769,2026.05.20 19:00,1,2026.05.20 19:05,158.816,158.753"
128,JUNE0525-B162,1617DC1ACCE6B50ED2D1359582A70A8B8503C569623EE90C18C6B33542796207,Tester/logs/20261011.log,981110,2026-06-04,09:20,B152PR,"MO	0	00:09:04.445	Core 04	2026.06.04 09:20:01   [SRJ-IND] B152PR sym=USDJPY bar=2026.06.04 09:15 z1=1779,B,158.756,158.800,2026.05.25 06:45,1,2026.05.26 00:00,158.887,158.784"
129,JUNE0525-B162,1617DC1ACCE6B50ED2D1359582A70A8B8503C569623EE90C18C6B33542796207,Tester/logs/20261011.log,981111,2026-06-04,09:20,B152PR,"PE	0	00:09:04.445	Core 04	2026.06.04 09:20:01   [SRJ-IND] B152PR sym=USDJPY bar=2026.06.04 09:15 z1=1780,B,158.789,158.814,2026.05.25 04:50,1,2026.05.26 00:00,158.887,158.784"
130,JUNE0525-B162,1617DC1ACCE6B50ED2D1359582A70A8B8503C569623EE90C18C6B33542796207,Tester/logs/20261011.log,981112,2026-06-04,09:20,B152PR,"IK	0	00:09:04.445	Core 04	2026.06.04 09:20:01   [SRJ-IND] B152PR sym=USDJPY bar=2026.06.04 09:15 z1=1949,B,158.916,158.934,2026.05.26 07:25,1,2026.05.26 07:30,158.942,158.934"
131,JUNE0525-B162,1617DC1ACCE6B50ED2D1359582A70A8B8503C569623EE90C18C6B33542796207,Tester/logs/20261011.log,981113,2026-06-04,09:20,B152PR,"PQ	0	00:09:04.445	Core 04	2026.06.04 09:20:01   [SRJ-IND] B152PR sym=USDJPY bar=2026.06.04 09:15 z1=2509,B,159.134,159.195,2026.05.29 19:10,1,2026.05.29 19:35,159.215,159.186"
132,JUNE0525-B162,1617DC1ACCE6B50ED2D1359582A70A8B8503C569623EE90C18C6B33542796207,Tester/logs/20261011.log,981114,2026-06-04,09:20,B152PR,"QG	0	00:09:04.445	Core 04	2026.06.04 09:20:01   [SRJ-IND] B152PR sym=USDJPY bar=2026.06.04 09:15 z1=2566,B,159.382,159.407,2026.06.01 03:15,1,2026.06.03 11:30,159.790,159.368"
133,JUNE0525-B162,1617DC1ACCE6B50ED2D1359582A70A8B8503C569623EE90C18C6B33542796207,Tester/logs/20261011.log,981115,2026-06-04,09:20,B152PR,"GM	0	00:09:04.445	Core 04	2026.06.04 09:20:01   [SRJ-IND] B152PR sym=USDJPY bar=2026.06.04 09:15 z1=2648,B,159.435,159.481,2026.06.01 16:00,1,2026.06.03 11:30,159.790,159.368"
134,JUNE0525-B162,1617DC1ACCE6B50ED2D1359582A70A8B8503C569623EE90C18C6B33542796207,Tester/logs/20261011.log,981116,2026-06-04,09:20,B152PR,"LS	0	00:09:04.445	Core 04	2026.06.04 09:20:01   [SRJ-IND] B152PR sym=USDJPY bar=2026.06.04 09:15 z1=2716,B,159.576,159.603,2026.06.02 03:10,1,2026.06.03 10:35,159.787,159.550"
135,JUNE0525-B162,1617DC1ACCE6B50ED2D1359582A70A8B8503C569623EE90C18C6B33542796207,Tester/logs/20261011.log,981117,2026-06-04,09:20,B152PR,"FI	0	00:09:04.445	Core 04	2026.06.04 09:20:01   [SRJ-IND] B152PR sym=USDJPY bar=2026.06.04 09:15 z1=2720,B,159.586,159.605,2026.06.02 01:05,1,2026.06.03 10:35,159.787,159.550"
136,JUNE0525-B162,1617DC1ACCE6B50ED2D1359582A70A8B8503C569623EE90C18C6B33542796207,Tester/logs/20261011.log,981118,2026-06-04,09:20,B152PR,"JO	0	00:09:04.445	Core 04	2026.06.04 09:20:01   [SRJ-IND] B152PR sym=USDJPY bar=2026.06.04 09:15 z1=2945,B,159.579,159.675,2026.06.03 11:15,1,2026.06.03 11:25,159.727,159.674"
137,JUNE0525-B162,1617DC1ACCE6B50ED2D1359582A70A8B8503C569623EE90C18C6B33542796207,Tester/logs/20261011.log,981119,2026-06-04,09:20,B152PR,"NE	0	00:09:04.445	Core 04	2026.06.04 09:20:01   [SRJ-IND] B152PR sym=USDJPY bar=2026.06.04 09:15 z1=3099,B,159.797,159.868,2026.06.04 08:15,1,2026.06.04 08:50,159.895,159.859"
138,JUNE0525-B162,1617DC1ACCE6B50ED2D1359582A70A8B8503C569623EE90C18C6B33542796207,Tester/logs/20261011.log,981120,2026-06-04,09:20,B152PR,"QI	0	00:09:04.445	Core 04	2026.06.04 09:20:01   [SRJ-IND] B152PR sym=USDJPY bar=2026.06.04 09:15 bull=1 bear=0 nz=24"
139,JUNE0525-B162,1617DC1ACCE6B50ED2D1359582A70A8B8503C569623EE90C18C6B33542796207,Tester/logs/20261011.log,981121,2026-06-04,09:20,B162ORIGIN,"LF	0	00:09:04.445	Core 04	2026.06.04 09:20:01   [SRJ-IND] B162ORIGIN sym=USDJPY bar=2026.06.04 09:15 side=B n=24 origin=3099 range=159.797-159.868 formT=2026.06.04 07:40 set=65,78,212,256,261,313,414,447,449,460,696,714,724,1405,1779,1780,1949,2509,2566,2648,2716,2720,2945,3099"
140,JUNE0525-B162,1617DC1ACCE6B50ED2D1359582A70A8B8503C569623EE90C18C6B33542796207,Tester/logs/20261011.log,981122,2026-06-04,09:20,B162ORIGIN,"KQ	0	00:09:04.445	Core 04	2026.06.04 09:20:01   [SRJ-IND] B162ORIGIN sym=USDJPY bar=2026.06.04 09:15 side=S n=0 origin=NONE range=- formT=- set=-"
141,JUNE0525-B162,1617DC1ACCE6B50ED2D1359582A70A8B8503C569623EE90C18C6B33542796207,Tester/logs/20261011.log,981129,2026-06-04,09:20,CONFIRMPOLL,"EI	0	00:09:04.445	Core 04	2026.06.04 09:20:01   [SRJ-EA] CONFIRMPOLL bar=2026.06.04 09:15 anchor=Daily-POC dir=SHORT oppCandle=1 bodyDir=0 body=27pts doji=0 touchAttr=1 confirm=0 shadow=true"
142,JUNE0525-B162,1617DC1ACCE6B50ED2D1359582A70A8B8503C569623EE90C18C6B33542796207,Tester/logs/20261011.log,981135,2026-06-04,09:25,B152PR,"NG	0	00:09:04.445	Core 04	2026.06.04 09:25:11   [SRJ-IND] B152PR sym=USDJPY bar=2026.06.04 09:20 z1=65,B,156.672,156.773,2026.05.11 04:10,1,2026.05.12 08:55,157.714,156.726"
143,JUNE0525-B162,1617DC1ACCE6B50ED2D1359582A70A8B8503C569623EE90C18C6B33542796207,Tester/logs/20261011.log,981136,2026-06-04,09:25,B152PR,"NM	0	00:09:04.445	Core 04	2026.06.04 09:25:11   [SRJ-IND] B152PR sym=USDJPY bar=2026.06.04 09:20 z1=78,B,156.578,156.584,2026.05.11 00:35,1,2026.05.11 00:40,156.644,156.537"
144,JUNE0525-B162,1617DC1ACCE6B50ED2D1359582A70A8B8503C569623EE90C18C6B33542796207,Tester/logs/20261011.log,981137,2026-06-04,09:25,B152PR,"LP	0	00:09:04.445	Core 04	2026.06.04 09:25:11   [SRJ-IND] B152PR sym=USDJPY bar=2026.06.04 09:20 z1=212,B,157.028,157.060,2026.05.11 19:20,1,2026.05.12 00:00,157.152,157.050"
145,JUNE0525-B162,1617DC1ACCE6B50ED2D1359582A70A8B8503C569623EE90C18C6B33542796207,Tester/logs/20261011.log,981138,2026-06-04,09:25,B152PR,"LJ	0	00:09:04.445	Core 04	2026.06.04 09:25:11   [SRJ-IND] B152PR sym=USDJPY bar=2026.06.04 09:20 z1=256,B,157.172,157.178,2026.05.12 01:25,1,2026.05.12 08:55,157.714,156.726"
146,JUNE0525-B162,1617DC1ACCE6B50ED2D1359582A70A8B8503C569623EE90C18C6B33542796207,Tester/logs/20261011.log,981139,2026-06-04,09:25,B152PR,"FL	0	00:09:04.445	Core 04	2026.06.04 09:25:11   [SRJ-IND] B152PR sym=USDJPY bar=2026.06.04 09:20 z1=261,B,157.184,157.192,2026.05.12 03:00,1,2026.05.12 08:55,157.714,156.726"
147,JUNE0525-B162,1617DC1ACCE6B50ED2D1359582A70A8B8503C569623EE90C18C6B33542796207,Tester/logs/20261011.log,981140,2026-06-04,09:25,B152PR,"RF	0	00:09:04.445	Core 04	2026.06.04 09:25:11   [SRJ-IND] B152PR sym=USDJPY bar=2026.06.04 09:20 z1=313,B,157.331,157.497,2026.05.12 10:00,1,2026.05.12 10:10,157.546,157.487"
148,JUNE0525-B162,1617DC1ACCE6B50ED2D1359582A70A8B8503C569623EE90C18C6B33542796207,Tester/logs/20261011.log,981141,2026-06-04,09:25,B152PR,"KK	0	00:09:04.445	Core 04	2026.06.04 09:25:11   [SRJ-IND] B152PR sym=USDJPY bar=2026.06.04 09:20 z1=414,B,157.517,157.589,2026.05.13 01:10,1,2026.05.13 01:20,157.607,157.587"
149,JUNE0525-B162,1617DC1ACCE6B50ED2D1359582A70A8B8503C569623EE90C18C6B33542796207,Tester/logs/20261011.log,981142,2026-06-04,09:25,B152PR,"HM	0	00:09:04.445	Core 04	2026.06.04 09:25:11   [SRJ-IND] B152PR sym=USDJPY bar=2026.06.04 09:20 z1=447,B,157.562,157.648,2026.05.13 06:20,1,2026.05.13 06:25,157.662,157.648"
150,JUNE0525-B162,1617DC1ACCE6B50ED2D1359582A70A8B8503C569623EE90C18C6B33542796207,Tester/logs/20261011.log,981143,2026-06-04,09:25,B152PR,"GG	0	00:09:04.445	Core 04	2026.06.04 09:25:11   [SRJ-IND] B152PR sym=USDJPY bar=2026.06.04 09:20 z1=449,B,157.599,157.654,2026.05.13 05:15,1,2026.05.13 05:45,157.687,157.652"
151,JUNE0525-B162,1617DC1ACCE6B50ED2D1359582A70A8B8503C569623EE90C18C6B33542796207,Tester/logs/20261011.log,981144,2026-06-04,09:25,B152PR,"RI	0	00:09:04.445	Core 04	2026.06.04 09:25:11   [SRJ-IND] B152PR sym=USDJPY bar=2026.06.04 09:20 z1=460,B,157.645,157.660,2026.05.13 07:05,1,2026.05.14 00:25,157.812,157.650"
152,JUNE0525-B162,1617DC1ACCE6B50ED2D1359582A70A8B8503C569623EE90C18C6B33542796207,Tester/logs/20261011.log,981145,2026-06-04,09:25,B152PR,"JS	0	00:09:04.445	Core 04	2026.06.04 09:25:11   [SRJ-IND] B152PR sym=USDJPY bar=2026.06.04 09:20 z1=696,B,157.568,158.167,2026.05.14 18:05,1,2026.05.14 18:10,158.191,158.119"
153,JUNE0525-B162,1617DC1ACCE6B50ED2D1359582A70A8B8503C569623EE90C18C6B33542796207,Tester/logs/20261011.log,981146,2026-06-04,09:25,B152PR,"RE	0	00:09:04.445	Core 04	2026.06.04 09:25:11   [SRJ-IND] B152PR sym=USDJPY bar=2026.06.04 09:20 z1=714,B,158.107,158.142,2026.05.14 19:30,1,2026.05.14 20:00,158.169,158.142"
154,JUNE0525-B162,1617DC1ACCE6B50ED2D1359582A70A8B8503C569623EE90C18C6B33542796207,Tester/logs/20261011.log,981147,2026-06-04,09:25,B152PR,"OO	0	00:09:04.445	Core 04	2026.06.04 09:25:11   [SRJ-IND] B152PR sym=USDJPY bar=2026.06.04 09:20 z1=724,B,158.168,158.186,2026.05.14 21:00,1,2026.05.14 21:05,158.191,158.182"
155,JUNE0525-B162,1617DC1ACCE6B50ED2D1359582A70A8B8503C569623EE90C18C6B33542796207,Tester/logs/20261011.log,981148,2026-06-04,09:25,B152PR,"MR	0	00:09:04.445	Core 04	2026.06.04 09:25:11   [SRJ-IND] B152PR sym=USDJPY bar=2026.06.04 09:20 z1=1405,B,158.735,158.769,2026.05.20 19:00,1,2026.05.20 19:05,158.816,158.753"
156,JUNE0525-B162,1617DC1ACCE6B50ED2D1359582A70A8B8503C569623EE90C18C6B33542796207,Tester/logs/20261011.log,981149,2026-06-04,09:25,B152PR,"GH	0	00:09:04.445	Core 04	2026.06.04 09:25:11   [SRJ-IND] B152PR sym=USDJPY bar=2026.06.04 09:20 z1=1779,B,158.756,158.800,2026.05.25 06:45,1,2026.05.26 00:00,158.887,158.784"
157,JUNE0525-B162,1617DC1ACCE6B50ED2D1359582A70A8B8503C569623EE90C18C6B33542796207,Tester/logs/20261011.log,981150,2026-06-04,09:25,B152PR,"FN	0	00:09:04.445	Core 04	2026.06.04 09:25:11   [SRJ-IND] B152PR sym=USDJPY bar=2026.06.04 09:20 z1=1780,B,158.789,158.814,2026.05.25 04:50,1,2026.05.26 00:00,158.887,158.784"
158,JUNE0525-B162,1617DC1ACCE6B50ED2D1359582A70A8B8503C569623EE90C18C6B33542796207,Tester/logs/20261011.log,981151,2026-06-04,09:25,B152PR,"KD	0	00:09:04.445	Core 04	2026.06.04 09:25:11   [SRJ-IND] B152PR sym=USDJPY bar=2026.06.04 09:20 z1=1949,B,158.916,158.934,2026.05.26 07:25,1,2026.05.26 07:30,158.942,158.934"
159,JUNE0525-B162,1617DC1ACCE6B50ED2D1359582A70A8B8503C569623EE90C18C6B33542796207,Tester/logs/20261011.log,981152,2026-06-04,09:25,B152PR,"FJ	0	00:09:04.445	Core 04	2026.06.04 09:25:11   [SRJ-IND] B152PR sym=USDJPY bar=2026.06.04 09:20 z1=2509,B,159.134,159.195,2026.05.29 19:10,1,2026.05.29 19:35,159.215,159.186"
160,JUNE0525-B162,1617DC1ACCE6B50ED2D1359582A70A8B8503C569623EE90C18C6B33542796207,Tester/logs/20261011.log,981153,2026-06-04,09:25,B152PR,"CP	0	00:09:04.445	Core 04	2026.06.04 09:25:11   [SRJ-IND] B152PR sym=USDJPY bar=2026.06.04 09:20 z1=2566,B,159.382,159.407,2026.06.01 03:15,1,2026.06.03 11:30,159.790,159.368"
161,JUNE0525-B162,1617DC1ACCE6B50ED2D1359582A70A8B8503C569623EE90C18C6B33542796207,Tester/logs/20261011.log,981154,2026-06-04,09:25,B152PR,"MF	0	00:09:04.445	Core 04	2026.06.04 09:25:11   [SRJ-IND] B152PR sym=USDJPY bar=2026.06.04 09:20 z1=2648,B,159.435,159.481,2026.06.01 16:00,1,2026.06.03 11:30,159.790,159.368"
162,JUNE0525-B162,1617DC1ACCE6B50ED2D1359582A70A8B8503C569623EE90C18C6B33542796207,Tester/logs/20261011.log,981155,2026-06-04,09:25,B152PR,"JL	0	00:09:04.445	Core 04	2026.06.04 09:25:11   [SRJ-IND] B152PR sym=USDJPY bar=2026.06.04 09:20 z1=2716,B,159.576,159.603,2026.06.02 03:10,1,2026.06.03 10:35,159.787,159.550"
163,JUNE0525-B162,1617DC1ACCE6B50ED2D1359582A70A8B8503C569623EE90C18C6B33542796207,Tester/logs/20261011.log,981156,2026-06-04,09:25,B152PR,"PR	0	00:09:04.445	Core 04	2026.06.04 09:25:11   [SRJ-IND] B152PR sym=USDJPY bar=2026.06.04 09:20 z1=2720,B,159.586,159.605,2026.06.02 01:05,1,2026.06.03 10:35,159.787,159.550"
164,JUNE0525-B162,1617DC1ACCE6B50ED2D1359582A70A8B8503C569623EE90C18C6B33542796207,Tester/logs/20261011.log,981157,2026-06-04,09:25,B152PR,"LH	0	00:09:04.445	Core 04	2026.06.04 09:25:11   [SRJ-IND] B152PR sym=USDJPY bar=2026.06.04 09:20 z1=2945,B,159.579,159.675,2026.06.03 11:15,1,2026.06.03 11:25,159.727,159.674"
165,JUNE0525-B162,1617DC1ACCE6B50ED2D1359582A70A8B8503C569623EE90C18C6B33542796207,Tester/logs/20261011.log,981158,2026-06-04,09:25,B152PR,"HN	0	00:09:04.445	Core 04	2026.06.04 09:25:11   [SRJ-IND] B152PR sym=USDJPY bar=2026.06.04 09:20 z1=3099,B,159.797,159.868,2026.06.04 08:15,1,2026.06.04 08:50,159.895,159.859"
166,JUNE0525-B162,1617DC1ACCE6B50ED2D1359582A70A8B8503C569623EE90C18C6B33542796207,Tester/logs/20261011.log,981159,2026-06-04,09:25,B152PR,"CF	0	00:09:04.445	Core 04	2026.06.04 09:25:11   [SRJ-IND] B152PR sym=USDJPY bar=2026.06.04 09:20 bull=1 bear=0 nz=24"
167,JUNE0525-B162,1617DC1ACCE6B50ED2D1359582A70A8B8503C569623EE90C18C6B33542796207,Tester/logs/20261011.log,981160,2026-06-04,09:25,B162ORIGIN,"RL	0	00:09:04.445	Core 04	2026.06.04 09:25:11   [SRJ-IND] B162ORIGIN sym=USDJPY bar=2026.06.04 09:20 side=B n=24 origin=3099 range=159.797-159.868 formT=2026.06.04 07:40 set=65,78,212,256,261,313,414,447,449,460,696,714,724,1405,1779,1780,1949,2509,2566,2648,2716,2720,2945,3099"
168,JUNE0525-B162,1617DC1ACCE6B50ED2D1359582A70A8B8503C569623EE90C18C6B33542796207,Tester/logs/20261011.log,981161,2026-06-04,09:25,B162ORIGIN,"QK	0	00:09:04.445	Core 04	2026.06.04 09:25:11   [SRJ-IND] B162ORIGIN sym=USDJPY bar=2026.06.04 09:20 side=S n=0 origin=NONE range=- formT=- set=-"
169,JUNE0525-B162,1617DC1ACCE6B50ED2D1359582A70A8B8503C569623EE90C18C6B33542796207,Tester/logs/20261011.log,981171,2026-06-04,09:25,CONFIRMPOLL,"FK	0	00:09:04.445	Core 04	2026.06.04 09:25:11   [SRJ-EA] CONFIRMPOLL bar=2026.06.04 09:20 anchor=Daily-POC dir=SHORT oppCandle=1 bodyDir=1 body=6pts doji=0 touchAttr=1 confirm=1 shadow=true"
170,JUNE0525-B162,1617DC1ACCE6B50ED2D1359582A70A8B8503C569623EE90C18C6B33542796207,Tester/logs/20261011.log,981177,2026-06-04,09:30,B152PR,"OR	0	00:09:04.445	Core 04	2026.06.04 09:30:00   [SRJ-IND] B152PR sym=USDJPY bar=2026.06.04 09:25 z1=65,B,156.672,156.773,2026.05.11 04:10,1,2026.05.12 08:55,157.714,156.726"
171,JUNE0525-B162,1617DC1ACCE6B50ED2D1359582A70A8B8503C569623EE90C18C6B33542796207,Tester/logs/20261011.log,981178,2026-06-04,09:30,B152PR,"GH	0	00:09:04.445	Core 04	2026.06.04 09:30:00   [SRJ-IND] B152PR sym=USDJPY bar=2026.06.04 09:25 z1=78,B,156.578,156.584,2026.05.11 00:35,1,2026.05.11 00:40,156.644,156.537"
172,JUNE0525-B162,1617DC1ACCE6B50ED2D1359582A70A8B8503C569623EE90C18C6B33542796207,Tester/logs/20261011.log,981179,2026-06-04,09:30,B152PR,"QM	0	00:09:04.445	Core 04	2026.06.04 09:30:00   [SRJ-IND] B152PR sym=USDJPY bar=2026.06.04 09:25 z1=212,B,157.028,157.060,2026.05.11 19:20,1,2026.05.12 00:00,157.152,157.050"
173,JUNE0525-B162,1617DC1ACCE6B50ED2D1359582A70A8B8503C569623EE90C18C6B33542796207,Tester/logs/20261011.log,981180,2026-06-04,09:30,B152PR,"EF	0	00:09:04.445	Core 04	2026.06.04 09:30:00   [SRJ-IND] B152PR sym=USDJPY bar=2026.06.04 09:25 z1=256,B,157.172,157.178,2026.05.12 01:25,1,2026.05.12 08:55,157.714,156.726"
174,JUNE0525-B162,1617DC1ACCE6B50ED2D1359582A70A8B8503C569623EE90C18C6B33542796207,Tester/logs/20261011.log,981181,2026-06-04,09:30,B152PR,"OH	0	00:09:04.445	Core 04	2026.06.04 09:30:00   [SRJ-IND] B152PR sym=USDJPY bar=2026.06.04 09:25 z1=261,B,157.184,157.192,2026.05.12 03:00,1,2026.05.12 08:55,157.714,156.726"
175,JUNE0525-B162,1617DC1ACCE6B50ED2D1359582A70A8B8503C569623EE90C18C6B33542796207,Tester/logs/20261011.log,981182,2026-06-04,09:30,B152PR,"GR	0	00:09:04.445	Core 04	2026.06.04 09:30:00   [SRJ-IND] B152PR sym=USDJPY bar=2026.06.04 09:25 z1=313,B,157.331,157.497,2026.05.12 10:00,1,2026.05.12 10:10,157.546,157.487"
176,JUNE0525-B162,1617DC1ACCE6B50ED2D1359582A70A8B8503C569623EE90C18C6B33542796207,Tester/logs/20261011.log,981183,2026-06-04,09:30,B152PR,"RD	0	00:09:04.445	Core 04	2026.06.04 09:30:00   [SRJ-IND] B152PR sym=USDJPY bar=2026.06.04 09:25 z1=414,B,157.517,157.589,2026.05.13 01:10,1,2026.05.13 01:20,157.607,157.587"
177,JUNE0525-B162,1617DC1ACCE6B50ED2D1359582A70A8B8503C569623EE90C18C6B33542796207,Tester/logs/20261011.log,981184,2026-06-04,09:30,B152PR,"QN	0	00:09:04.445	Core 04	2026.06.04 09:30:00   [SRJ-IND] B152PR sym=USDJPY bar=2026.06.04 09:25 z1=447,B,157.562,157.648,2026.05.13 06:20,1,2026.05.13 06:25,157.662,157.648"
178,JUNE0525-B162,1617DC1ACCE6B50ED2D1359582A70A8B8503C569623EE90C18C6B33542796207,Tester/logs/20261011.log,981185,2026-06-04,09:30,B152PR,"NP	0	00:09:04.445	Core 04	2026.06.04 09:30:00   [SRJ-IND] B152PR sym=USDJPY bar=2026.06.04 09:25 z1=449,B,157.599,157.654,2026.05.13 05:15,1,2026.05.13 05:45,157.687,157.652"
179,JUNE0525-B162,1617DC1ACCE6B50ED2D1359582A70A8B8503C569623EE90C18C6B33542796207,Tester/logs/20261011.log,981186,2026-06-04,09:30,B152PR,"GJ	0	00:09:04.445	Core 04	2026.06.04 09:30:00   [SRJ-IND] B152PR sym=USDJPY bar=2026.06.04 09:25 z1=460,B,157.645,157.660,2026.05.13 07:05,1,2026.05.14 00:25,157.812,157.650"
180,JUNE0525-B162,1617DC1ACCE6B50ED2D1359582A70A8B8503C569623EE90C18C6B33542796207,Tester/logs/20261011.log,981187,2026-06-04,09:30,B152PR,"CL	0	00:09:04.445	Core 04	2026.06.04 09:30:00   [SRJ-IND] B152PR sym=USDJPY bar=2026.06.04 09:25 z1=696,B,157.568,158.167,2026.05.14 18:05,1,2026.05.14 18:10,158.191,158.119"
181,JUNE0525-B162,1617DC1ACCE6B50ED2D1359582A70A8B8503C569623EE90C18C6B33542796207,Tester/logs/20261011.log,981188,2026-06-04,09:30,B152PR,"GQ	0	00:09:04.445	Core 04	2026.06.04 09:30:00   [SRJ-IND] B152PR sym=USDJPY bar=2026.06.04 09:25 z1=714,B,158.107,158.142,2026.05.14 19:30,1,2026.05.14 20:00,158.169,158.142"
182,JUNE0525-B162,1617DC1ACCE6B50ED2D1359582A70A8B8503C569623EE90C18C6B33542796207,Tester/logs/20261011.log,981189,2026-06-04,09:30,B152PR,"FK	0	00:09:04.445	Core 04	2026.06.04 09:30:00   [SRJ-IND] B152PR sym=USDJPY bar=2026.06.04 09:25 z1=724,B,158.168,158.186,2026.05.14 21:00,1,2026.05.14 21:05,158.191,158.182"
183,JUNE0525-B162,1617DC1ACCE6B50ED2D1359582A70A8B8503C569623EE90C18C6B33542796207,Tester/logs/20261011.log,981190,2026-06-04,09:30,B152PR,"DN	0	00:09:04.445	Core 04	2026.06.04 09:30:00   [SRJ-IND] B152PR sym=USDJPY bar=2026.06.04 09:25 z1=1405,B,158.735,158.769,2026.05.20 19:00,1,2026.05.20 19:05,158.816,158.753"
184,JUNE0525-B162,1617DC1ACCE6B50ED2D1359582A70A8B8503C569623EE90C18C6B33542796207,Tester/logs/20261011.log,981191,2026-06-04,09:30,B152PR,"RD	0	00:09:04.445	Core 04	2026.06.04 09:30:00   [SRJ-IND] B152PR sym=USDJPY bar=2026.06.04 09:25 z1=1779,B,158.756,158.800,2026.05.25 06:45,1,2026.05.26 00:00,158.887,158.784"
185,JUNE0525-B162,1617DC1ACCE6B50ED2D1359582A70A8B8503C569623EE90C18C6B33542796207,Tester/logs/20261011.log,981192,2026-06-04,09:30,B152PR,"KJ	0	00:09:04.445	Core 04	2026.06.04 09:30:00   [SRJ-IND] B152PR sym=USDJPY bar=2026.06.04 09:25 z1=1780,B,158.789,158.814,2026.05.25 04:50,1,2026.05.26 00:00,158.887,158.784"
186,JUNE0525-B162,1617DC1ACCE6B50ED2D1359582A70A8B8503C569623EE90C18C6B33542796207,Tester/logs/20261011.log,981193,2026-06-04,09:30,B152PR,"FP	0	00:09:04.445	Core 04	2026.06.04 09:30:00   [SRJ-IND] B152PR sym=USDJPY bar=2026.06.04 09:25 z1=1949,B,158.916,158.934,2026.05.26 07:25,1,2026.05.26 07:30,158.942,158.934"
187,JUNE0525-B162,1617DC1ACCE6B50ED2D1359582A70A8B8503C569623EE90C18C6B33542796207,Tester/logs/20261011.log,981194,2026-06-04,09:30,B152PR,"KF	0	00:09:04.445	Core 04	2026.06.04 09:30:00   [SRJ-IND] B152PR sym=USDJPY bar=2026.06.04 09:25 z1=2509,B,159.134,159.195,2026.05.29 19:10,1,2026.05.29 19:35,159.215,159.186"
188,JUNE0525-B162,1617DC1ACCE6B50ED2D1359582A70A8B8503C569623EE90C18C6B33542796207,Tester/logs/20261011.log,981195,2026-06-04,09:30,B152PR,"NL	0	00:09:04.445	Core 04	2026.06.04 09:30:00   [SRJ-IND] B152PR sym=USDJPY bar=2026.06.04 09:25 z1=2566,B,159.382,159.407,2026.06.01 03:15,1,2026.06.03 11:30,159.790,159.368"
189,JUNE0525-B162,1617DC1ACCE6B50ED2D1359582A70A8B8503C569623EE90C18C6B33542796207,Tester/logs/20261011.log,981196,2026-06-04,09:30,B152PR,"DR	0	00:09:04.445	Core 04	2026.06.04 09:30:00   [SRJ-IND] B152PR sym=USDJPY bar=2026.06.04 09:25 z1=2648,B,159.435,159.481,2026.06.01 16:00,1,2026.06.03 11:30,159.790,159.368"
190,JUNE0525-B162,1617DC1ACCE6B50ED2D1359582A70A8B8503C569623EE90C18C6B33542796207,Tester/logs/20261011.log,981197,2026-06-04,09:30,B152PR,"OH	0	00:09:04.445	Core 04	2026.06.04 09:30:00   [SRJ-IND] B152PR sym=USDJPY bar=2026.06.04 09:25 z1=2716,B,159.576,159.603,2026.06.02 03:10,1,2026.06.03 10:35,159.787,159.550"
191,JUNE0525-B162,1617DC1ACCE6B50ED2D1359582A70A8B8503C569623EE90C18C6B33542796207,Tester/logs/20261011.log,981198,2026-06-04,09:30,B152PR,"IN	0	00:09:04.445	Core 04	2026.06.04 09:30:00   [SRJ-IND] B152PR sym=USDJPY bar=2026.06.04 09:25 z1=2720,B,159.586,159.605,2026.06.02 01:05,1,2026.06.03 10:35,159.787,159.550"
192,JUNE0525-B162,1617DC1ACCE6B50ED2D1359582A70A8B8503C569623EE90C18C6B33542796207,Tester/logs/20261011.log,981199,2026-06-04,09:30,B152PR,"ED	0	00:09:04.445	Core 04	2026.06.04 09:30:00   [SRJ-IND] B152PR sym=USDJPY bar=2026.06.04 09:25 z1=2945,B,159.579,159.675,2026.06.03 11:15,1,2026.06.03 11:25,159.727,159.674"
193,JUNE0525-B162,1617DC1ACCE6B50ED2D1359582A70A8B8503C569623EE90C18C6B33542796207,Tester/logs/20261011.log,981200,2026-06-04,09:30,B152PR,"QJ	0	00:09:04.445	Core 04	2026.06.04 09:30:00   [SRJ-IND] B152PR sym=USDJPY bar=2026.06.04 09:25 z1=3099,B,159.797,159.868,2026.06.04 08:15,1,2026.06.04 08:50,159.895,159.859"
194,JUNE0525-B162,1617DC1ACCE6B50ED2D1359582A70A8B8503C569623EE90C18C6B33542796207,Tester/logs/20261011.log,981201,2026-06-04,09:30,B152PR,"NR	0	00:09:04.445	Core 04	2026.06.04 09:30:00   [SRJ-IND] B152PR sym=USDJPY bar=2026.06.04 09:25 bull=1 bear=0 nz=24"
195,JUNE0525-B162,1617DC1ACCE6B50ED2D1359582A70A8B8503C569623EE90C18C6B33542796207,Tester/logs/20261011.log,981202,2026-06-04,09:30,B162ORIGIN,"GO	0	00:09:04.445	Core 04	2026.06.04 09:30:00   [SRJ-IND] B162ORIGIN sym=USDJPY bar=2026.06.04 09:25 side=B n=24 origin=3099 range=159.797-159.868 formT=2026.06.04 07:40 set=65,78,212,256,261,313,414,447,449,460,696,714,724,1405,1779,1780,1949,2509,2566,2648,2716,2720,2945,3099"
196,JUNE0525-B162,1617DC1ACCE6B50ED2D1359582A70A8B8503C569623EE90C18C6B33542796207,Tester/logs/20261011.log,981203,2026-06-04,09:30,B162ORIGIN,"HN	0	00:09:04.445	Core 04	2026.06.04 09:30:00   [SRJ-IND] B162ORIGIN sym=USDJPY bar=2026.06.04 09:25 side=S n=0 origin=NONE range=- formT=- set=-"
197,JUNE0525-B162,1617DC1ACCE6B50ED2D1359582A70A8B8503C569623EE90C18C6B33542796207,Tester/logs/20261011.log,981209,2026-06-04,09:30,CQDRECHECK,"RL	0	00:09:04.445	Core 04	2026.06.04 09:30:00   [SRJ-EA] CQDRECHECK shift=2 passA=-2.0 passB=-2.0 diff=0 bar=2026.06.04 09:20 state=S1_REGIME dir=SHORT divLatch=1 hit1=0 hit2=576 mism=0"
198,JUNE0525-B162,1617DC1ACCE6B50ED2D1359582A70A8B8503C569623EE90C18C6B33542796207,Tester/logs/20261011.log,981213,2026-06-04,09:30,CONFIRMPOLL,"GO	0	00:09:04.445	Core 04	2026.06.04 09:30:00   [SRJ-EA] CONFIRMPOLL bar=2026.06.04 09:25 anchor=Daily-POC dir=SHORT oppCandle=0 bodyDir=1 body=36pts doji=0 touchAttr=0 confirm=0 shadow=true"
199,JUNE0525-B162,1617DC1ACCE6B50ED2D1359582A70A8B8503C569623EE90C18C6B33542796207,Tester/logs/20261011.log,981219,2026-06-04,09:35,B152PR,"RE	0	00:09:04.445	Core 04	2026.06.04 09:35:00   [SRJ-IND] B152PR sym=USDJPY bar=2026.06.04 09:30 z1=65,B,156.672,156.773,2026.05.11 04:10,1,2026.05.12 08:55,157.714,156.726"
200,JUNE0525-B162,1617DC1ACCE6B50ED2D1359582A70A8B8503C569623EE90C18C6B33542796207,Tester/logs/20261011.log,981220,2026-06-04,09:35,B152PR,"JK	0	00:09:04.445	Core 04	2026.06.04 09:35:00   [SRJ-IND] B152PR sym=USDJPY bar=2026.06.04 09:30 z1=78,B,156.578,156.584,2026.05.11 00:35,1,2026.05.11 00:40,156.644,156.537"
201,JUNE0525-B162,1617DC1ACCE6B50ED2D1359582A70A8B8503C569623EE90C18C6B33542796207,Tester/logs/20261011.log,981221,2026-06-04,09:35,B152PR,"PR	0	00:09:04.445	Core 04	2026.06.04 09:35:00   [SRJ-IND] B152PR sym=USDJPY bar=2026.06.04 09:30 z1=212,B,157.028,157.060,2026.05.11 19:20,1,2026.05.12 00:00,157.152,157.050"
202,JUNE0525-B162,1617DC1ACCE6B50ED2D1359582A70A8B8503C569623EE90C18C6B33542796207,Tester/logs/20261011.log,981222,2026-06-04,09:35,B152PR,"PD	0	00:09:04.445	Core 04	2026.06.04 09:35:00   [SRJ-IND] B152PR sym=USDJPY bar=2026.06.04 09:30 z1=256,B,157.172,157.178,2026.05.12 01:25,1,2026.05.12 08:55,157.714,156.726"
203,JUNE0525-B162,1617DC1ACCE6B50ED2D1359582A70A8B8503C569623EE90C18C6B33542796207,Tester/logs/20261011.log,981223,2026-06-04,09:35,B152PR,"RI	0	00:09:04.445	Core 04	2026.06.04 09:35:00   [SRJ-IND] B152PR sym=USDJPY bar=2026.06.04 09:30 z1=261,B,157.184,157.192,2026.05.12 03:00,1,2026.05.12 08:55,157.714,156.726"
204,JUNE0525-B162,1617DC1ACCE6B50ED2D1359582A70A8B8503C569623EE90C18C6B33542796207,Tester/logs/20261011.log,981224,2026-06-04,09:35,B152PR,"FS	0	00:09:04.445	Core 04	2026.06.04 09:35:00   [SRJ-IND] B152PR sym=USDJPY bar=2026.06.04 09:30 z1=313,B,157.331,157.497,2026.05.12 10:00,1,2026.05.12 10:10,157.546,157.487"
205,JUNE0525-B162,1617DC1ACCE6B50ED2D1359582A70A8B8503C569623EE90C18C6B33542796207,Tester/logs/20261011.log,981225,2026-06-04,09:35,B152PR,"OE	0	00:09:04.445	Core 04	2026.06.04 09:35:00   [SRJ-IND] B152PR sym=USDJPY bar=2026.06.04 09:30 z1=414,B,157.517,157.589,2026.05.13 01:10,1,2026.05.13 01:20,157.607,157.587"
206,JUNE0525-B162,1617DC1ACCE6B50ED2D1359582A70A8B8503C569623EE90C18C6B33542796207,Tester/logs/20261011.log,981226,2026-06-04,09:35,B152PR,"DO	0	00:09:04.445	Core 04	2026.06.04 09:35:00   [SRJ-IND] B152PR sym=USDJPY bar=2026.06.04 09:30 z1=447,B,157.562,157.648,2026.05.13 06:20,1,2026.05.13 06:25,157.662,157.648"
207,JUNE0525-B162,1617DC1ACCE6B50ED2D1359582A70A8B8503C569623EE90C18C6B33542796207,Tester/logs/20261011.log,981227,2026-06-04,09:35,B152PR,"KQ	0	00:09:04.445	Core 04	2026.06.04 09:35:00   [SRJ-IND] B152PR sym=USDJPY bar=2026.06.04 09:30 z1=449,B,157.599,157.654,2026.05.13 05:15,1,2026.05.13 05:45,157.687,157.652"
208,JUNE0525-B162,1617DC1ACCE6B50ED2D1359582A70A8B8503C569623EE90C18C6B33542796207,Tester/logs/20261011.log,981228,2026-06-04,09:35,B152PR,"FK	0	00:09:04.445	Core 04	2026.06.04 09:35:00   [SRJ-IND] B152PR sym=USDJPY bar=2026.06.04 09:30 z1=460,B,157.645,157.660,2026.05.13 07:05,1,2026.05.14 00:25,157.812,157.650"
209,JUNE0525-B162,1617DC1ACCE6B50ED2D1359582A70A8B8503C569623EE90C18C6B33542796207,Tester/logs/20261011.log,981229,2026-06-04,09:35,B152PR,"FM	0	00:09:04.445	Core 04	2026.06.04 09:35:00   [SRJ-IND] B152PR sym=USDJPY bar=2026.06.04 09:30 z1=696,B,157.568,158.167,2026.05.14 18:05,1,2026.05.14 18:10,158.191,158.119"
210,JUNE0525-B162,1617DC1ACCE6B50ED2D1359582A70A8B8503C569623EE90C18C6B33542796207,Tester/logs/20261011.log,981230,2026-06-04,09:35,B152PR,"NG	0	00:09:04.445	Core 04	2026.06.04 09:35:00   [SRJ-IND] B152PR sym=USDJPY bar=2026.06.04 09:30 z1=714,B,158.107,158.142,2026.05.14 19:30,1,2026.05.14 20:00,158.169,158.142"
211,JUNE0525-B162,1617DC1ACCE6B50ED2D1359582A70A8B8503C569623EE90C18C6B33542796207,Tester/logs/20261011.log,981231,2026-06-04,09:35,B152PR,"CH	0	00:09:04.445	Core 04	2026.06.04 09:35:00   [SRJ-IND] B152PR sym=USDJPY bar=2026.06.04 09:30 z1=724,B,158.168,158.186,2026.05.14 21:00,1,2026.05.14 21:05,158.191,158.182"
212,JUNE0525-B162,1617DC1ACCE6B50ED2D1359582A70A8B8503C569623EE90C18C6B33542796207,Tester/logs/20261011.log,981232,2026-06-04,09:35,B152PR,"IQ	0	00:09:04.445	Core 04	2026.06.04 09:35:00   [SRJ-IND] B152PR sym=USDJPY bar=2026.06.04 09:30 z1=1405,B,158.735,158.769,2026.05.20 19:00,1,2026.05.20 19:05,158.816,158.753"
213,JUNE0525-B162,1617DC1ACCE6B50ED2D1359582A70A8B8503C569623EE90C18C6B33542796207,Tester/logs/20261011.log,981233,2026-06-04,09:35,B152PR,"KG	0	00:09:04.445	Core 04	2026.06.04 09:35:00   [SRJ-IND] B152PR sym=USDJPY bar=2026.06.04 09:30 z1=1779,B,158.756,158.800,2026.05.25 06:45,1,2026.05.26 00:00,158.887,158.784"
214,JUNE0525-B162,1617DC1ACCE6B50ED2D1359582A70A8B8503C569623EE90C18C6B33542796207,Tester/logs/20261011.log,981234,2026-06-04,09:35,B152PR,"RM	0	00:09:04.445	Core 04	2026.06.04 09:35:00   [SRJ-IND] B152PR sym=USDJPY bar=2026.06.04 09:30 z1=1780,B,158.789,158.814,2026.05.25 04:50,1,2026.05.26 00:00,158.887,158.784"
215,JUNE0525-B162,1617DC1ACCE6B50ED2D1359582A70A8B8503C569623EE90C18C6B33542796207,Tester/logs/20261011.log,981235,2026-06-04,09:35,B152PR,"GS	0	00:09:04.445	Core 04	2026.06.04 09:35:00   [SRJ-IND] B152PR sym=USDJPY bar=2026.06.04 09:30 z1=1949,B,158.916,158.934,2026.05.26 07:25,1,2026.05.26 07:30,158.942,158.934"
216,JUNE0525-B162,1617DC1ACCE6B50ED2D1359582A70A8B8503C569623EE90C18C6B33542796207,Tester/logs/20261011.log,981236,2026-06-04,09:35,B152PR,"RI	0	00:09:04.445	Core 04	2026.06.04 09:35:00   [SRJ-IND] B152PR sym=USDJPY bar=2026.06.04 09:30 z1=2509,B,159.134,159.195,2026.05.29 19:10,1,2026.05.29 19:35,159.215,159.186"
217,JUNE0525-B162,1617DC1ACCE6B50ED2D1359582A70A8B8503C569623EE90C18C6B33542796207,Tester/logs/20261011.log,981237,2026-06-04,09:35,B152PR,"OO	0	00:09:04.445	Core 04	2026.06.04 09:35:00   [SRJ-IND] B152PR sym=USDJPY bar=2026.06.04 09:30 z1=2566,B,159.382,159.407,2026.06.01 03:15,1,2026.06.03 11:30,159.790,159.368"
218,JUNE0525-B162,1617DC1ACCE6B50ED2D1359582A70A8B8503C569623EE90C18C6B33542796207,Tester/logs/20261011.log,981238,2026-06-04,09:35,B152PR,"IE	0	00:09:04.445	Core 04	2026.06.04 09:35:00   [SRJ-IND] B152PR sym=USDJPY bar=2026.06.04 09:30 z1=2648,B,159.435,159.481,2026.06.01 16:00,1,2026.06.03 11:30,159.790,159.368"
219,JUNE0525-B162,1617DC1ACCE6B50ED2D1359582A70A8B8503C569623EE90C18C6B33542796207,Tester/logs/20261011.log,981239,2026-06-04,09:35,B152PR,"NK	0	00:09:04.445	Core 04	2026.06.04 09:35:00   [SRJ-IND] B152PR sym=USDJPY bar=2026.06.04 09:30 z1=2716,B,159.576,159.603,2026.06.02 03:10,1,2026.06.03 10:35,159.787,159.550"
220,JUNE0525-B162,1617DC1ACCE6B50ED2D1359582A70A8B8503C569623EE90C18C6B33542796207,Tester/logs/20261011.log,981240,2026-06-04,09:35,B152PR,"DQ	0	00:09:04.445	Core 04	2026.06.04 09:35:00   [SRJ-IND] B152PR sym=USDJPY bar=2026.06.04 09:30 z1=2720,B,159.586,159.605,2026.06.02 01:05,1,2026.06.03 10:35,159.787,159.550"
221,JUNE0525-B162,1617DC1ACCE6B50ED2D1359582A70A8B8503C569623EE90C18C6B33542796207,Tester/logs/20261011.log,981241,2026-06-04,09:35,B152PR,"HG	0	00:09:04.445	Core 04	2026.06.04 09:35:00   [SRJ-IND] B152PR sym=USDJPY bar=2026.06.04 09:30 z1=2945,B,159.579,159.675,2026.06.03 11:15,1,2026.06.03 11:25,159.727,159.674"
222,JUNE0525-B162,1617DC1ACCE6B50ED2D1359582A70A8B8503C569623EE90C18C6B33542796207,Tester/logs/20261011.log,981242,2026-06-04,09:35,B152PR,"LM	0	00:09:04.445	Core 04	2026.06.04 09:35:00   [SRJ-IND] B152PR sym=USDJPY bar=2026.06.04 09:30 z1=3099,B,159.797,159.868,2026.06.04 08:15,1,2026.06.04 08:50,159.895,159.859"
223,JUNE0525-B162,1617DC1ACCE6B50ED2D1359582A70A8B8503C569623EE90C18C6B33542796207,Tester/logs/20261011.log,981243,2026-06-04,09:35,B152PR,"OQ	0	00:09:04.445	Core 04	2026.06.04 09:35:00   [SRJ-IND] B152PR sym=USDJPY bar=2026.06.04 09:30 bull=1 bear=0 nz=24"
224,JUNE0525-B162,1617DC1ACCE6B50ED2D1359582A70A8B8503C569623EE90C18C6B33542796207,Tester/logs/20261011.log,981244,2026-06-04,09:35,B162ORIGIN,"NN	0	00:09:04.445	Core 04	2026.06.04 09:35:00   [SRJ-IND] B162ORIGIN sym=USDJPY bar=2026.06.04 09:30 side=B n=24 origin=3099 range=159.797-159.868 formT=2026.06.04 07:40 set=65,78,212,256,261,313,414,447,449,460,696,714,724,1405,1779,1780,1949,2509,2566,2648,2716,2720,2945,3099"
225,JUNE0525-B162,1617DC1ACCE6B50ED2D1359582A70A8B8503C569623EE90C18C6B33542796207,Tester/logs/20261011.log,981245,2026-06-04,09:35,B162ORIGIN,"MI	0	00:09:04.445	Core 04	2026.06.04 09:35:00   [SRJ-IND] B162ORIGIN sym=USDJPY bar=2026.06.04 09:30 side=S n=0 origin=NONE range=- formT=- set=-"
226,JUNE0525-B162,1617DC1ACCE6B50ED2D1359582A70A8B8503C569623EE90C18C6B33542796207,Tester/logs/20261011.log,981252,2026-06-04,09:35,CONFIRMPOLL,"EF	0	00:09:04.445	Core 04	2026.06.04 09:35:00   [SRJ-EA] CONFIRMPOLL bar=2026.06.04 09:30 anchor=Daily-POC dir=SHORT oppCandle=0 bodyDir=1 body=14pts doji=0 touchAttr=1 confirm=0 shadow=true"
227,JUNE0525-B162,1617DC1ACCE6B50ED2D1359582A70A8B8503C569623EE90C18C6B33542796207,Tester/logs/20261011.log,981256,2026-06-04,09:40,B152PR,"EE	0	00:09:04.445	Core 04	2026.06.04 09:40:00   [SRJ-IND] B152PR sym=USDJPY bar=2026.06.04 09:35 z1=65,B,156.672,156.773,2026.05.11 04:10,1,2026.05.12 08:55,157.714,156.726"
228,JUNE0525-B162,1617DC1ACCE6B50ED2D1359582A70A8B8503C569623EE90C18C6B33542796207,Tester/logs/20261011.log,981257,2026-06-04,09:40,B152PR,"MH	0	00:09:04.445	Core 04	2026.06.04 09:40:00   [SRJ-IND] B152PR sym=USDJPY bar=2026.06.04 09:35 z1=78,B,156.578,156.584,2026.05.11 00:35,1,2026.05.11 00:40,156.644,156.537"
229,JUNE0525-B162,1617DC1ACCE6B50ED2D1359582A70A8B8503C569623EE90C18C6B33542796207,Tester/logs/20261011.log,981258,2026-06-04,09:40,B152PR,"CM	0	00:09:04.445	Core 04	2026.06.04 09:40:00   [SRJ-IND] B152PR sym=USDJPY bar=2026.06.04 09:35 z1=212,B,157.028,157.060,2026.05.11 19:20,1,2026.05.12 00:00,157.152,157.050"
230,JUNE0525-B162,1617DC1ACCE6B50ED2D1359582A70A8B8503C569623EE90C18C6B33542796207,Tester/logs/20261011.log,981259,2026-06-04,09:40,B152PR,"OG	0	00:09:04.445	Core 04	2026.06.04 09:40:00   [SRJ-IND] B152PR sym=USDJPY bar=2026.06.04 09:35 z1=256,B,157.172,157.178,2026.05.12 01:25,1,2026.05.12 08:55,157.714,156.726"
231,JUNE0525-B162,1617DC1ACCE6B50ED2D1359582A70A8B8503C569623EE90C18C6B33542796207,Tester/logs/20261011.log,981260,2026-06-04,09:40,B152PR,"EI	0	00:09:04.445	Core 04	2026.06.04 09:40:00   [SRJ-IND] B152PR sym=USDJPY bar=2026.06.04 09:35 z1=261,B,157.184,157.192,2026.05.12 03:00,1,2026.05.12 08:55,157.714,156.726"
232,JUNE0525-B162,1617DC1ACCE6B50ED2D1359582A70A8B8503C569623EE90C18C6B33542796207,Tester/logs/20261011.log,981261,2026-06-04,09:40,B152PR,"MS	0	00:09:04.445	Core 04	2026.06.04 09:40:00   [SRJ-IND] B152PR sym=USDJPY bar=2026.06.04 09:35 z1=313,B,157.331,157.497,2026.05.12 10:00,1,2026.05.12 10:10,157.546,157.487"
233,JUNE0525-B162,1617DC1ACCE6B50ED2D1359582A70A8B8503C569623EE90C18C6B33542796207,Tester/logs/20261011.log,981262,2026-06-04,09:40,B152PR,"DE	0	00:09:04.445	Core 04	2026.06.04 09:40:00   [SRJ-IND] B152PR sym=USDJPY bar=2026.06.04 09:35 z1=414,B,157.517,157.589,2026.05.13 01:10,1,2026.05.13 01:20,157.607,157.587"
234,JUNE0525-B162,1617DC1ACCE6B50ED2D1359582A70A8B8503C569623EE90C18C6B33542796207,Tester/logs/20261011.log,981263,2026-06-04,09:40,B152PR,"CN	0	00:09:04.445	Core 04	2026.06.04 09:40:00   [SRJ-IND] B152PR sym=USDJPY bar=2026.06.04 09:35 z1=447,B,157.562,157.648,2026.05.13 06:20,1,2026.05.13 06:25,157.662,157.648"
235,JUNE0525-B162,1617DC1ACCE6B50ED2D1359582A70A8B8503C569623EE90C18C6B33542796207,Tester/logs/20261011.log,981264,2026-06-04,09:40,B152PR,"HP	0	00:09:04.445	Core 04	2026.06.04 09:40:00   [SRJ-IND] B152PR sym=USDJPY bar=2026.06.04 09:35 z1=449,B,157.599,157.654,2026.05.13 05:15,1,2026.05.13 05:45,157.687,157.652"
236,JUNE0525-B162,1617DC1ACCE6B50ED2D1359582A70A8B8503C569623EE90C18C6B33542796207,Tester/logs/20261011.log,981265,2026-06-04,09:40,B152PR,"MJ	0	00:09:04.445	Core 04	2026.06.04 09:40:00   [SRJ-IND] B152PR sym=USDJPY bar=2026.06.04 09:35 z1=460,B,157.645,157.660,2026.05.13 07:05,1,2026.05.14 00:25,157.812,157.650"
237,JUNE0525-B162,1617DC1ACCE6B50ED2D1359582A70A8B8503C569623EE90C18C6B33542796207,Tester/logs/20261011.log,981266,2026-06-04,09:40,B152PR,"QL	0	00:09:04.445	Core 04	2026.06.04 09:40:00   [SRJ-IND] B152PR sym=USDJPY bar=2026.06.04 09:35 z1=696,B,157.568,158.167,2026.05.14 18:05,1,2026.05.14 18:10,158.191,158.119"
238,JUNE0525-B162,1617DC1ACCE6B50ED2D1359582A70A8B8503C569623EE90C18C6B33542796207,Tester/logs/20261011.log,981267,2026-06-04,09:40,B152PR,"MF	0	00:09:04.445	Core 04	2026.06.04 09:40:00   [SRJ-IND] B152PR sym=USDJPY bar=2026.06.04 09:35 z1=714,B,158.107,158.142,2026.05.14 19:30,1,2026.05.14 20:00,158.169,158.142"
239,JUNE0525-B162,1617DC1ACCE6B50ED2D1359582A70A8B8503C569623EE90C18C6B33542796207,Tester/logs/20261011.log,981268,2026-06-04,09:40,B152PR,"PH	0	00:09:04.445	Core 04	2026.06.04 09:40:00   [SRJ-IND] B152PR sym=USDJPY bar=2026.06.04 09:35 z1=724,B,158.168,158.186,2026.05.14 21:00,1,2026.05.14 21:05,158.191,158.182"
240,JUNE0525-B162,1617DC1ACCE6B50ED2D1359582A70A8B8503C569623EE90C18C6B33542796207,Tester/logs/20261011.log,981269,2026-06-04,09:40,B152PR,"RQ	0	00:09:04.445	Core 04	2026.06.04 09:40:00   [SRJ-IND] B152PR sym=USDJPY bar=2026.06.04 09:35 z1=1405,B,158.735,158.769,2026.05.20 19:00,1,2026.05.20 19:05,158.816,158.753"
241,JUNE0525-B162,1617DC1ACCE6B50ED2D1359582A70A8B8503C569623EE90C18C6B33542796207,Tester/logs/20261011.log,981270,2026-06-04,09:40,B152PR,"DG	0	00:09:04.445	Core 04	2026.06.04 09:40:00   [SRJ-IND] B152PR sym=USDJPY bar=2026.06.04 09:35 z1=1779,B,158.756,158.800,2026.05.25 06:45,1,2026.05.26 00:00,158.887,158.784"
242,JUNE0525-B162,1617DC1ACCE6B50ED2D1359582A70A8B8503C569623EE90C18C6B33542796207,Tester/logs/20261011.log,981271,2026-06-04,09:40,B152PR,"IM	0	00:09:04.445	Core 04	2026.06.04 09:40:00   [SRJ-IND] B152PR sym=USDJPY bar=2026.06.04 09:35 z1=1780,B,158.789,158.814,2026.05.25 04:50,1,2026.05.26 00:00,158.887,158.784"
243,JUNE0525-B162,1617DC1ACCE6B50ED2D1359582A70A8B8503C569623EE90C18C6B33542796207,Tester/logs/20261011.log,981272,2026-06-04,09:40,B152PR,"PS	0	00:09:04.445	Core 04	2026.06.04 09:40:00   [SRJ-IND] B152PR sym=USDJPY bar=2026.06.04 09:35 z1=1949,B,158.916,158.934,2026.05.26 07:25,1,2026.05.26 07:30,158.942,158.934"
244,JUNE0525-B162,1617DC1ACCE6B50ED2D1359582A70A8B8503C569623EE90C18C6B33542796207,Tester/logs/20261011.log,981273,2026-06-04,09:40,B152PR,"II	0	00:09:04.445	Core 04	2026.06.04 09:40:00   [SRJ-IND] B152PR sym=USDJPY bar=2026.06.04 09:35 z1=2509,B,159.134,159.195,2026.05.29 19:10,1,2026.05.29 19:35,159.215,159.186"
245,JUNE0525-B162,1617DC1ACCE6B50ED2D1359582A70A8B8503C569623EE90C18C6B33542796207,Tester/logs/20261011.log,981274,2026-06-04,09:40,B152PR,"HO	0	00:09:04.445	Core 04	2026.06.04 09:40:00   [SRJ-IND] B152PR sym=USDJPY bar=2026.06.04 09:35 z1=2566,B,159.382,159.407,2026.06.01 03:15,1,2026.06.03 11:30,159.790,159.368"
246,JUNE0525-B162,1617DC1ACCE6B50ED2D1359582A70A8B8503C569623EE90C18C6B33542796207,Tester/logs/20261011.log,981275,2026-06-04,09:40,B152PR,"RE	0	00:09:04.445	Core 04	2026.06.04 09:40:00   [SRJ-IND] B152PR sym=USDJPY bar=2026.06.04 09:35 z1=2648,B,159.435,159.481,2026.06.01 16:00,1,2026.06.03 11:30,159.790,159.368"
247,JUNE0525-B162,1617DC1ACCE6B50ED2D1359582A70A8B8503C569623EE90C18C6B33542796207,Tester/logs/20261011.log,981276,2026-06-04,09:40,B152PR,"EK	0	00:09:04.445	Core 04	2026.06.04 09:40:00   [SRJ-IND] B152PR sym=USDJPY bar=2026.06.04 09:35 z1=2716,B,159.576,159.603,2026.06.02 03:10,1,2026.06.03 10:35,159.787,159.550"
248,JUNE0525-B162,1617DC1ACCE6B50ED2D1359582A70A8B8503C569623EE90C18C6B33542796207,Tester/logs/20261011.log,981277,2026-06-04,09:40,B152PR,"KQ	0	00:09:04.445	Core 04	2026.06.04 09:40:00   [SRJ-IND] B152PR sym=USDJPY bar=2026.06.04 09:35 z1=2720,B,159.586,159.605,2026.06.02 01:05,1,2026.06.03 10:35,159.787,159.550"
249,JUNE0525-B162,1617DC1ACCE6B50ED2D1359582A70A8B8503C569623EE90C18C6B33542796207,Tester/logs/20261011.log,981278,2026-06-04,09:40,B152PR,"OG	0	00:09:04.445	Core 04	2026.06.04 09:40:00   [SRJ-IND] B152PR sym=USDJPY bar=2026.06.04 09:35 z1=2945,B,159.579,159.675,2026.06.03 11:15,1,2026.06.03 11:25,159.727,159.674"
250,JUNE0525-B162,1617DC1ACCE6B50ED2D1359582A70A8B8503C569623EE90C18C6B33542796207,Tester/logs/20261011.log,981279,2026-06-04,09:40,B152PR,"CM	0	00:09:04.445	Core 04	2026.06.04 09:40:00   [SRJ-IND] B152PR sym=USDJPY bar=2026.06.04 09:35 z1=3099,B,159.797,159.868,2026.06.04 08:15,1,2026.06.04 08:50,159.895,159.859"
251,JUNE0525-B162,1617DC1ACCE6B50ED2D1359582A70A8B8503C569623EE90C18C6B33542796207,Tester/logs/20261011.log,981280,2026-06-04,09:40,B152PR,"HQ	0	00:09:04.445	Core 04	2026.06.04 09:40:00   [SRJ-IND] B152PR sym=USDJPY bar=2026.06.04 09:35 bull=1 bear=0 nz=24"
252,JUNE0525-B162,1617DC1ACCE6B50ED2D1359582A70A8B8503C569623EE90C18C6B33542796207,Tester/logs/20261011.log,981281,2026-06-04,09:40,B162ORIGIN,"MO	0	00:09:04.445	Core 04	2026.06.04 09:40:00   [SRJ-IND] B162ORIGIN sym=USDJPY bar=2026.06.04 09:35 side=B n=24 origin=3099 range=159.797-159.868 formT=2026.06.04 07:40 set=65,78,212,256,261,313,414,447,449,460,696,714,724,1405,1779,1780,1949,2509,2566,2648,2716,2720,2945,3099"
253,JUNE0525-B162,1617DC1ACCE6B50ED2D1359582A70A8B8503C569623EE90C18C6B33542796207,Tester/logs/20261011.log,981282,2026-06-04,09:40,B162ORIGIN,"NN	0	00:09:04.445	Core 04	2026.06.04 09:40:00   [SRJ-IND] B162ORIGIN sym=USDJPY bar=2026.06.04 09:35 side=S n=0 origin=NONE range=- formT=- set=-"
254,JUNE0525-B162,1617DC1ACCE6B50ED2D1359582A70A8B8503C569623EE90C18C6B33542796207,Tester/logs/20261011.log,981288,2026-06-04,09:40,CONFIRMPOLL,"LL	0	00:09:04.445	Core 04	2026.06.04 09:40:00   [SRJ-EA] CONFIRMPOLL bar=2026.06.04 09:35 anchor=Daily-POC dir=SHORT oppCandle=0 bodyDir=1 body=18pts doji=0 touchAttr=1 confirm=0 shadow=true"
255,JUNE0525-B162,1617DC1ACCE6B50ED2D1359582A70A8B8503C569623EE90C18C6B33542796207,Tester/logs/20261011.log,981292,2026-06-04,09:45,B152PR,"HK	0	00:09:04.445	Core 04	2026.06.04 09:45:00   [SRJ-IND] B152PR sym=USDJPY bar=2026.06.04 09:40 z1=65,B,156.672,156.773,2026.05.11 04:10,1,2026.05.12 08:55,157.714,156.726"
256,JUNE0525-B162,1617DC1ACCE6B50ED2D1359582A70A8B8503C569623EE90C18C6B33542796207,Tester/logs/20261011.log,981293,2026-06-04,09:45,B152PR,"PN	0	00:09:04.445	Core 04	2026.06.04 09:45:00   [SRJ-IND] B152PR sym=USDJPY bar=2026.06.04 09:40 z1=78,B,156.578,156.584,2026.05.11 00:35,1,2026.05.11 00:40,156.644,156.537"
257,JUNE0525-B162,1617DC1ACCE6B50ED2D1359582A70A8B8503C569623EE90C18C6B33542796207,Tester/logs/20261011.log,981294,2026-06-04,09:45,B152PR,"JG	0	00:09:04.445	Core 04	2026.06.04 09:45:00   [SRJ-IND] B152PR sym=USDJPY bar=2026.06.04 09:40 z1=212,B,157.028,157.060,2026.05.11 19:20,1,2026.05.12 00:00,157.152,157.050"
258,JUNE0525-B162,1617DC1ACCE6B50ED2D1359582A70A8B8503C569623EE90C18C6B33542796207,Tester/logs/20261011.log,981295,2026-06-04,09:45,B152PR,"NI	0	00:09:04.445	Core 04	2026.06.04 09:45:00   [SRJ-IND] B152PR sym=USDJPY bar=2026.06.04 09:40 z1=256,B,157.172,157.178,2026.05.12 01:25,1,2026.05.12 08:55,157.714,156.726"
259,JUNE0525-B162,1617DC1ACCE6B50ED2D1359582A70A8B8503C569623EE90C18C6B33542796207,Tester/logs/20261011.log,981296,2026-06-04,09:45,B152PR,"HS	0	00:09:04.445	Core 04	2026.06.04 09:45:00   [SRJ-IND] B152PR sym=USDJPY bar=2026.06.04 09:40 z1=261,B,157.184,157.192,2026.05.12 03:00,1,2026.05.12 08:55,157.714,156.726"
260,JUNE0525-B162,1617DC1ACCE6B50ED2D1359582A70A8B8503C569623EE90C18C6B33542796207,Tester/logs/20261011.log,981297,2026-06-04,09:45,B152PR,"PE	0	00:09:04.445	Core 04	2026.06.04 09:45:00   [SRJ-IND] B152PR sym=USDJPY bar=2026.06.04 09:40 z1=313,B,157.331,157.497,2026.05.12 10:00,1,2026.05.12 10:10,157.546,157.487"
261,JUNE0525-B162,1617DC1ACCE6B50ED2D1359582A70A8B8503C569623EE90C18C6B33542796207,Tester/logs/20261011.log,981298,2026-06-04,09:45,B152PR,"IO	0	00:09:04.445	Core 04	2026.06.04 09:45:00   [SRJ-IND] B152PR sym=USDJPY bar=2026.06.04 09:40 z1=414,B,157.517,157.589,2026.05.13 01:10,1,2026.05.13 01:20,157.607,157.587"
262,JUNE0525-B162,1617DC1ACCE6B50ED2D1359582A70A8B8503C569623EE90C18C6B33542796207,Tester/logs/20261011.log,981299,2026-06-04,09:45,B152PR,"JP	0	00:09:04.445	Core 04	2026.06.04 09:45:00   [SRJ-IND] B152PR sym=USDJPY bar=2026.06.04 09:40 z1=447,B,157.562,157.648,2026.05.13 06:20,1,2026.05.13 06:25,157.662,157.648"
263,JUNE0525-B162,1617DC1ACCE6B50ED2D1359582A70A8B8503C569623EE90C18C6B33542796207,Tester/logs/20261011.log,981300,2026-06-04,09:45,B152PR,"EJ	0	00:09:04.445	Core 04	2026.06.04 09:45:00   [SRJ-IND] B152PR sym=USDJPY bar=2026.06.04 09:40 z1=449,B,157.599,157.654,2026.05.13 05:15,1,2026.05.13 05:45,157.687,157.652"
264,JUNE0525-B162,1617DC1ACCE6B50ED2D1359582A70A8B8503C569623EE90C18C6B33542796207,Tester/logs/20261011.log,981301,2026-06-04,09:45,B152PR,"PL	0	00:09:04.445	Core 04	2026.06.04 09:45:00   [SRJ-IND] B152PR sym=USDJPY bar=2026.06.04 09:40 z1=460,B,157.645,157.660,2026.05.13 07:05,1,2026.05.14 00:25,157.812,157.650"
265,JUNE0525-B162,1617DC1ACCE6B50ED2D1359582A70A8B8503C569623EE90C18C6B33542796207,Tester/logs/20261011.log,981302,2026-06-04,09:45,B152PR,"LF	0	00:09:04.445	Core 04	2026.06.04 09:45:00   [SRJ-IND] B152PR sym=USDJPY bar=2026.06.04 09:40 z1=696,B,157.568,158.167,2026.05.14 18:05,1,2026.05.14 18:10,158.191,158.119"
266,JUNE0525-B162,1617DC1ACCE6B50ED2D1359582A70A8B8503C569623EE90C18C6B33542796207,Tester/logs/20261011.log,981303,2026-06-04,09:45,B152PR,"PH	0	00:09:04.445	Core 04	2026.06.04 09:45:00   [SRJ-IND] B152PR sym=USDJPY bar=2026.06.04 09:40 z1=714,B,158.107,158.142,2026.05.14 19:30,1,2026.05.14 20:00,158.169,158.142"
267,JUNE0525-B162,1617DC1ACCE6B50ED2D1359582A70A8B8503C569623EE90C18C6B33542796207,Tester/logs/20261011.log,981304,2026-06-04,09:45,B152PR,"MR	0	00:09:04.445	Core 04	2026.06.04 09:45:00   [SRJ-IND] B152PR sym=USDJPY bar=2026.06.04 09:40 z1=724,B,158.168,158.186,2026.05.14 21:00,1,2026.05.14 21:05,158.191,158.182"
268,JUNE0525-B162,1617DC1ACCE6B50ED2D1359582A70A8B8503C569623EE90C18C6B33542796207,Tester/logs/20261011.log,981305,2026-06-04,09:45,B152PR,"KG	0	00:09:04.445	Core 04	2026.06.04 09:45:00   [SRJ-IND] B152PR sym=USDJPY bar=2026.06.04 09:40 z1=1405,B,158.735,158.769,2026.05.20 19:00,1,2026.05.20 19:05,158.816,158.753"
269,JUNE0525-B162,1617DC1ACCE6B50ED2D1359582A70A8B8503C569623EE90C18C6B33542796207,Tester/logs/20261011.log,981306,2026-06-04,09:45,B152PR,"IM	0	00:09:04.445	Core 04	2026.06.04 09:45:00   [SRJ-IND] B152PR sym=USDJPY bar=2026.06.04 09:40 z1=1779,B,158.756,158.800,2026.05.25 06:45,1,2026.05.26 00:00,158.887,158.784"
270,JUNE0525-B162,1617DC1ACCE6B50ED2D1359582A70A8B8503C569623EE90C18C6B33542796207,Tester/logs/20261011.log,981307,2026-06-04,09:45,B152PR,"DS	0	00:09:04.445	Core 04	2026.06.04 09:45:00   [SRJ-IND] B152PR sym=USDJPY bar=2026.06.04 09:40 z1=1780,B,158.789,158.814,2026.05.25 04:50,1,2026.05.26 00:00,158.887,158.784"
271,JUNE0525-B162,1617DC1ACCE6B50ED2D1359582A70A8B8503C569623EE90C18C6B33542796207,Tester/logs/20261011.log,981308,2026-06-04,09:45,B152PR,"MI	0	00:09:04.445	Core 04	2026.06.04 09:45:00   [SRJ-IND] B152PR sym=USDJPY bar=2026.06.04 09:40 z1=1949,B,158.916,158.934,2026.05.26 07:25,1,2026.05.26 07:30,158.942,158.934"
272,JUNE0525-B162,1617DC1ACCE6B50ED2D1359582A70A8B8503C569623EE90C18C6B33542796207,Tester/logs/20261011.log,981309,2026-06-04,09:45,B152PR,"DO	0	00:09:04.445	Core 04	2026.06.04 09:45:00   [SRJ-IND] B152PR sym=USDJPY bar=2026.06.04 09:40 z1=2509,B,159.134,159.195,2026.05.29 19:10,1,2026.05.29 19:35,159.215,159.186"
273,JUNE0525-B162,1617DC1ACCE6B50ED2D1359582A70A8B8503C569623EE90C18C6B33542796207,Tester/logs/20261011.log,981310,2026-06-04,09:45,B152PR,"EE	0	00:09:04.445	Core 04	2026.06.04 09:45:00   [SRJ-IND] B152PR sym=USDJPY bar=2026.06.04 09:40 z1=2566,B,159.382,159.407,2026.06.01 03:15,1,2026.06.03 11:30,159.790,159.368"
274,JUNE0525-B162,1617DC1ACCE6B50ED2D1359582A70A8B8503C569623EE90C18C6B33542796207,Tester/logs/20261011.log,981311,2026-06-04,09:45,B152PR,"KK	0	00:09:04.445	Core 04	2026.06.04 09:45:00   [SRJ-IND] B152PR sym=USDJPY bar=2026.06.04 09:40 z1=2648,B,159.435,159.481,2026.06.01 16:00,1,2026.06.03 11:30,159.790,159.368"
275,JUNE0525-B162,1617DC1ACCE6B50ED2D1359582A70A8B8503C569623EE90C18C6B33542796207,Tester/logs/20261011.log,981312,2026-06-04,09:45,B152PR,"HQ	0	00:09:04.445	Core 04	2026.06.04 09:45:00   [SRJ-IND] B152PR sym=USDJPY bar=2026.06.04 09:40 z1=2716,B,159.576,159.603,2026.06.02 03:10,1,2026.06.03 10:35,159.787,159.550"
276,JUNE0525-B162,1617DC1ACCE6B50ED2D1359582A70A8B8503C569623EE90C18C6B33542796207,Tester/logs/20261011.log,981313,2026-06-04,09:45,B152PR,"RG	0	00:09:04.445	Core 04	2026.06.04 09:45:00   [SRJ-IND] B152PR sym=USDJPY bar=2026.06.04 09:40 z1=2720,B,159.586,159.605,2026.06.02 01:05,1,2026.06.03 10:35,159.787,159.550"
277,JUNE0525-B162,1617DC1ACCE6B50ED2D1359582A70A8B8503C569623EE90C18C6B33542796207,Tester/logs/20261011.log,981314,2026-06-04,09:45,B152PR,"NM	0	00:09:04.445	Core 04	2026.06.04 09:45:00   [SRJ-IND] B152PR sym=USDJPY bar=2026.06.04 09:40 z1=2945,B,159.579,159.675,2026.06.03 11:15,1,2026.06.03 11:25,159.727,159.674"
278,JUNE0525-B162,1617DC1ACCE6B50ED2D1359582A70A8B8503C569623EE90C18C6B33542796207,Tester/logs/20261011.log,981315,2026-06-04,09:45,B152PR,"JS	0	00:09:04.445	Core 04	2026.06.04 09:45:00   [SRJ-IND] B152PR sym=USDJPY bar=2026.06.04 09:40 z1=3099,B,159.797,159.868,2026.06.04 08:15,1,2026.06.04 08:50,159.895,159.859"
279,JUNE0525-B162,1617DC1ACCE6B50ED2D1359582A70A8B8503C569623EE90C18C6B33542796207,Tester/logs/20261011.log,981316,2026-06-04,09:45,B152PR,"EK	0	00:09:04.445	Core 04	2026.06.04 09:45:00   [SRJ-IND] B152PR sym=USDJPY bar=2026.06.04 09:40 bull=1 bear=0 nz=24"
280,JUNE0525-B162,1617DC1ACCE6B50ED2D1359582A70A8B8503C569623EE90C18C6B33542796207,Tester/logs/20261011.log,981317,2026-06-04,09:45,B162ORIGIN,"PI	0	00:09:04.445	Core 04	2026.06.04 09:45:00   [SRJ-IND] B162ORIGIN sym=USDJPY bar=2026.06.04 09:40 side=B n=24 origin=3099 range=159.797-159.868 formT=2026.06.04 07:40 set=65,78,212,256,261,313,414,447,449,460,696,714,724,1405,1779,1780,1949,2509,2566,2648,2716,2720,2945,3099"
281,JUNE0525-B162,1617DC1ACCE6B50ED2D1359582A70A8B8503C569623EE90C18C6B33542796207,Tester/logs/20261011.log,981318,2026-06-04,09:45,B162ORIGIN,"OD	0	00:09:04.445	Core 04	2026.06.04 09:45:00   [SRJ-IND] B162ORIGIN sym=USDJPY bar=2026.06.04 09:40 side=S n=0 origin=NONE range=- formT=- set=-"
282,JUNE0525-B162,1617DC1ACCE6B50ED2D1359582A70A8B8503C569623EE90C18C6B33542796207,Tester/logs/20261011.log,981323,2026-06-04,09:45,CQDRECHECK,"JS	0	00:09:04.445	Core 04	2026.06.04 09:45:00   [SRJ-EA] CQDRECHECK shift=2 passA=1.0 passB=1.0 diff=0 bar=2026.06.04 09:35 state=S1_REGIME dir=SHORT divLatch=0 hit1=0 hit2=577 mism=0"
283,JUNE0525-B162,1617DC1ACCE6B50ED2D1359582A70A8B8503C569623EE90C18C6B33542796207,Tester/logs/20261011.log,981327,2026-06-04,09:45,CONFIRMPOLL,"CS	0	00:09:04.445	Core 04	2026.06.04 09:45:00   [SRJ-EA] CONFIRMPOLL bar=2026.06.04 09:40 anchor=Daily-POC dir=SHORT oppCandle=0 bodyDir=0 body=18pts doji=0 touchAttr=0 confirm=0 shadow=true"
284,JUNE0525-B162,1617DC1ACCE6B50ED2D1359582A70A8B8503C569623EE90C18C6B33542796207,Tester/logs/20261011.log,981332,2026-06-04,09:50,B152PR,"CE	0	00:09:04.445	Core 04	2026.06.04 09:50:00   [SRJ-IND] B152PR sym=USDJPY bar=2026.06.04 09:45 z1=65,B,156.672,156.773,2026.05.11 04:10,1,2026.05.12 08:55,157.714,156.726"
285,JUNE0525-B162,1617DC1ACCE6B50ED2D1359582A70A8B8503C569623EE90C18C6B33542796207,Tester/logs/20261011.log,981333,2026-06-04,09:50,B152PR,"CK	0	00:09:04.445	Core 04	2026.06.04 09:50:00   [SRJ-IND] B152PR sym=USDJPY bar=2026.06.04 09:45 z1=78,B,156.578,156.584,2026.05.11 00:35,1,2026.05.11 00:40,156.644,156.537"
286,JUNE0525-B162,1617DC1ACCE6B50ED2D1359582A70A8B8503C569623EE90C18C6B33542796207,Tester/logs/20261011.log,981334,2026-06-04,09:50,B152PR,"EM	0	00:09:04.445	Core 04	2026.06.04 09:50:00   [SRJ-IND] B152PR sym=USDJPY bar=2026.06.04 09:45 z1=212,B,157.028,157.060,2026.05.11 19:20,1,2026.05.12 00:00,157.152,157.050"
287,JUNE0525-B162,1617DC1ACCE6B50ED2D1359582A70A8B8503C569623EE90C18C6B33542796207,Tester/logs/20261011.log,981335,2026-06-04,09:50,B152PR,"IG	0	00:09:04.445	Core 04	2026.06.04 09:50:00   [SRJ-IND] B152PR sym=USDJPY bar=2026.06.04 09:45 z1=256,B,157.172,157.178,2026.05.12 01:25,1,2026.05.12 08:55,157.714,156.726"
288,JUNE0525-B162,1617DC1ACCE6B50ED2D1359582A70A8B8503C569623EE90C18C6B33542796207,Tester/logs/20261011.log,981336,2026-06-04,09:50,B152PR,"KI	0	00:09:04.445	Core 04	2026.06.04 09:50:00   [SRJ-IND] B152PR sym=USDJPY bar=2026.06.04 09:45 z1=261,B,157.184,157.192,2026.05.12 03:00,1,2026.05.12 08:55,157.714,156.726"
289,JUNE0525-B162,1617DC1ACCE6B50ED2D1359582A70A8B8503C569623EE90C18C6B33542796207,Tester/logs/20261011.log,981337,2026-06-04,09:50,B152PR,"KS	0	00:09:04.445	Core 04	2026.06.04 09:50:00   [SRJ-IND] B152PR sym=USDJPY bar=2026.06.04 09:45 z1=313,B,157.331,157.497,2026.05.12 10:00,1,2026.05.12 10:10,157.546,157.487"
290,JUNE0525-B162,1617DC1ACCE6B50ED2D1359582A70A8B8503C569623EE90C18C6B33542796207,Tester/logs/20261011.log,981338,2026-06-04,09:50,B152PR,"FE	0	00:09:04.445	Core 04	2026.06.04 09:50:00   [SRJ-IND] B152PR sym=USDJPY bar=2026.06.04 09:45 z1=414,B,157.517,157.589,2026.05.13 01:10,1,2026.05.13 01:20,157.607,157.587"
291,JUNE0525-B162,1617DC1ACCE6B50ED2D1359582A70A8B8503C569623EE90C18C6B33542796207,Tester/logs/20261011.log,981339,2026-06-04,09:50,B152PR,"MO	0	00:09:04.445	Core 04	2026.06.04 09:50:00   [SRJ-IND] B152PR sym=USDJPY bar=2026.06.04 09:45 z1=447,B,157.562,157.648,2026.05.13 06:20,1,2026.05.13 06:25,157.662,157.648"
292,JUNE0525-B162,1617DC1ACCE6B50ED2D1359582A70A8B8503C569623EE90C18C6B33542796207,Tester/logs/20261011.log,981340,2026-06-04,09:50,B152PR,"RQ	0	00:09:04.445	Core 04	2026.06.04 09:50:00   [SRJ-IND] B152PR sym=USDJPY bar=2026.06.04 09:45 z1=449,B,157.599,157.654,2026.05.13 05:15,1,2026.05.13 05:45,157.687,157.652"
293,JUNE0525-B162,1617DC1ACCE6B50ED2D1359582A70A8B8503C569623EE90C18C6B33542796207,Tester/logs/20261011.log,981341,2026-06-04,09:50,B152PR,"KJ	0	00:09:04.445	Core 04	2026.06.04 09:50:00   [SRJ-IND] B152PR sym=USDJPY bar=2026.06.04 09:45 z1=460,B,157.645,157.660,2026.05.13 07:05,1,2026.05.14 00:25,157.812,157.650"
294,JUNE0525-B162,1617DC1ACCE6B50ED2D1359582A70A8B8503C569623EE90C18C6B33542796207,Tester/logs/20261011.log,981342,2026-06-04,09:50,B152PR,"OL	0	00:09:04.445	Core 04	2026.06.04 09:50:00   [SRJ-IND] B152PR sym=USDJPY bar=2026.06.04 09:45 z1=696,B,157.568,158.167,2026.05.14 18:05,1,2026.05.14 18:10,158.191,158.119"
295,JUNE0525-B162,1617DC1ACCE6B50ED2D1359582A70A8B8503C569623EE90C18C6B33542796207,Tester/logs/20261011.log,981343,2026-06-04,09:50,B152PR,"CF	0	00:09:04.445	Core 04	2026.06.04 09:50:00   [SRJ-IND] B152PR sym=USDJPY bar=2026.06.04 09:45 z1=714,B,158.107,158.142,2026.05.14 19:30,1,2026.05.14 20:00,158.169,158.142"
296,JUNE0525-B162,1617DC1ACCE6B50ED2D1359582A70A8B8503C569623EE90C18C6B33542796207,Tester/logs/20261011.log,981344,2026-06-04,09:50,B152PR,"JH	0	00:09:04.445	Core 04	2026.06.04 09:50:00   [SRJ-IND] B152PR sym=USDJPY bar=2026.06.04 09:45 z1=724,B,158.168,158.186,2026.05.14 21:00,1,2026.05.14 21:05,158.191,158.182"
297,JUNE0525-B162,1617DC1ACCE6B50ED2D1359582A70A8B8503C569623EE90C18C6B33542796207,Tester/logs/20261011.log,981345,2026-06-04,09:50,B152PR,"PQ	0	00:09:04.445	Core 04	2026.06.04 09:50:00   [SRJ-IND] B152PR sym=USDJPY bar=2026.06.04 09:45 z1=1405,B,158.735,158.769,2026.05.20 19:00,1,2026.05.20 19:05,158.816,158.753"
298,JUNE0525-B162,1617DC1ACCE6B50ED2D1359582A70A8B8503C569623EE90C18C6B33542796207,Tester/logs/20261011.log,981346,2026-06-04,09:50,B152PR,"FG	0	00:09:04.445	Core 04	2026.06.04 09:50:00   [SRJ-IND] B152PR sym=USDJPY bar=2026.06.04 09:45 z1=1779,B,158.756,158.800,2026.05.25 06:45,1,2026.05.26 00:00,158.887,158.784"
299,JUNE0525-B162,1617DC1ACCE6B50ED2D1359582A70A8B8503C569623EE90C18C6B33542796207,Tester/logs/20261011.log,981347,2026-06-04,09:50,B152PR,"GM	0	00:09:04.445	Core 04	2026.06.04 09:50:00   [SRJ-IND] B152PR sym=USDJPY bar=2026.06.04 09:45 z1=1780,B,158.789,158.814,2026.05.25 04:50,1,2026.05.26 00:00,158.887,158.784"
300,JUNE0525-B162,1617DC1ACCE6B50ED2D1359582A70A8B8503C569623EE90C18C6B33542796207,Tester/logs/20261011.log,981348,2026-06-04,09:50,B152PR,"RS	0	00:09:04.445	Core 04	2026.06.04 09:50:00   [SRJ-IND] B152PR sym=USDJPY bar=2026.06.04 09:45 z1=1949,B,158.916,158.934,2026.05.26 07:25,1,2026.05.26 07:30,158.942,158.934"
301,JUNE0525-B162,1617DC1ACCE6B50ED2D1359582A70A8B8503C569623EE90C18C6B33542796207,Tester/logs/20261011.log,981349,2026-06-04,09:50,B152PR,"GI	0	00:09:04.445	Core 04	2026.06.04 09:50:00   [SRJ-IND] B152PR sym=USDJPY bar=2026.06.04 09:45 z1=2509,B,159.134,159.195,2026.05.29 19:10,1,2026.05.29 19:35,159.215,159.186"
302,JUNE0525-B162,1617DC1ACCE6B50ED2D1359582A70A8B8503C569623EE90C18C6B33542796207,Tester/logs/20261011.log,981350,2026-06-04,09:50,B152PR,"JO	0	00:09:04.445	Core 04	2026.06.04 09:50:00   [SRJ-IND] B152PR sym=USDJPY bar=2026.06.04 09:45 z1=2566,B,159.382,159.407,2026.06.01 03:15,1,2026.06.03 11:30,159.790,159.368"
303,JUNE0525-B162,1617DC1ACCE6B50ED2D1359582A70A8B8503C569623EE90C18C6B33542796207,Tester/logs/20261011.log,981351,2026-06-04,09:50,B152PR,"PE	0	00:09:04.445	Core 04	2026.06.04 09:50:00   [SRJ-IND] B152PR sym=USDJPY bar=2026.06.04 09:45 z1=2648,B,159.435,159.481,2026.06.01 16:00,1,2026.06.03 11:30,159.790,159.368"
304,JUNE0525-B162,1617DC1ACCE6B50ED2D1359582A70A8B8503C569623EE90C18C6B33542796207,Tester/logs/20261011.log,981352,2026-06-04,09:50,B152PR,"CK	0	00:09:04.445	Core 04	2026.06.04 09:50:00   [SRJ-IND] B152PR sym=USDJPY bar=2026.06.04 09:45 z1=2716,B,159.576,159.603,2026.06.02 03:10,1,2026.06.03 10:35,159.787,159.550"
305,JUNE0525-B162,1617DC1ACCE6B50ED2D1359582A70A8B8503C569623EE90C18C6B33542796207,Tester/logs/20261011.log,981353,2026-06-04,09:50,B152PR,"MQ	0	00:09:04.445	Core 04	2026.06.04 09:50:00   [SRJ-IND] B152PR sym=USDJPY bar=2026.06.04 09:45 z1=2720,B,159.586,159.605,2026.06.02 01:05,1,2026.06.03 10:35,159.787,159.550"
306,JUNE0525-B162,1617DC1ACCE6B50ED2D1359582A70A8B8503C569623EE90C18C6B33542796207,Tester/logs/20261011.log,981354,2026-06-04,09:50,B152PR,"QG	0	00:09:04.445	Core 04	2026.06.04 09:50:00   [SRJ-IND] B152PR sym=USDJPY bar=2026.06.04 09:45 z1=2945,B,159.579,159.675,2026.06.03 11:15,1,2026.06.03 11:25,159.727,159.674"
307,JUNE0525-B162,1617DC1ACCE6B50ED2D1359582A70A8B8503C569623EE90C18C6B33542796207,Tester/logs/20261011.log,981355,2026-06-04,09:50,B152PR,"EM	0	00:09:04.445	Core 04	2026.06.04 09:50:00   [SRJ-IND] B152PR sym=USDJPY bar=2026.06.04 09:45 z1=3099,B,159.797,159.868,2026.06.04 08:15,1,2026.06.04 08:50,159.895,159.859"
308,JUNE0525-B162,1617DC1ACCE6B50ED2D1359582A70A8B8503C569623EE90C18C6B33542796207,Tester/logs/20261011.log,981356,2026-06-04,09:50,B152PR,"JQ	0	00:09:04.445	Core 04	2026.06.04 09:50:00   [SRJ-IND] B152PR sym=USDJPY bar=2026.06.04 09:45 bull=1 bear=0 nz=24"
309,JUNE0525-B162,1617DC1ACCE6B50ED2D1359582A70A8B8503C569623EE90C18C6B33542796207,Tester/logs/20261011.log,981357,2026-06-04,09:50,B162ORIGIN,"CN	0	00:09:04.445	Core 04	2026.06.04 09:50:00   [SRJ-IND] B162ORIGIN sym=USDJPY bar=2026.06.04 09:45 side=B n=24 origin=3099 range=159.797-159.868 formT=2026.06.04 07:40 set=65,78,212,256,261,313,414,447,449,460,696,714,724,1405,1779,1780,1949,2509,2566,2648,2716,2720,2945,3099"
310,JUNE0525-B162,1617DC1ACCE6B50ED2D1359582A70A8B8503C569623EE90C18C6B33542796207,Tester/logs/20261011.log,981358,2026-06-04,09:50,B162ORIGIN,"DI	0	00:09:04.445	Core 04	2026.06.04 09:50:00   [SRJ-IND] B162ORIGIN sym=USDJPY bar=2026.06.04 09:45 side=S n=0 origin=NONE range=- formT=- set=-"
311,JUNE0525-B162,1617DC1ACCE6B50ED2D1359582A70A8B8503C569623EE90C18C6B33542796207,Tester/logs/20261011.log,981367,2026-06-04,09:50,CONFIRMPOLL,"RG	0	00:09:04.445	Core 04	2026.06.04 09:50:00   [SRJ-EA] CONFIRMPOLL bar=2026.06.04 09:45 anchor=Daily-POC dir=SHORT oppCandle=1 bodyDir=0 body=31pts doji=0 touchAttr=0 confirm=0 shadow=true"
312,JUNE0525-B162,1617DC1ACCE6B50ED2D1359582A70A8B8503C569623EE90C18C6B33542796207,Tester/logs/20261011.log,981369,2026-06-04,09:50,STATE,"JI	0	00:09:04.445	Core 04	2026.06.04 09:50:00   [SRJ-EA] 2026.06.04 09:50:00 STATE S1_REGIME->S2_LTF_ALIGN dir=SHORT poi=Daily-POC"
313,JUNE0525-B162,1617DC1ACCE6B50ED2D1359582A70A8B8503C569623EE90C18C6B33542796207,Tester/logs/20261011.log,981370,2026-06-04,09:50,STATE,"IG	0	00:09:04.445	Core 04	2026.06.04 09:50:00   [SRJ-EA] 2026.06.04 09:50:00 STATE S2_LTF_ALIGN->S3_ZONE_WAIT dir=SHORT poi=Daily-POC"
314,JUNE0525-B162,1617DC1ACCE6B50ED2D1359582A70A8B8503C569623EE90C18C6B33542796207,Tester/logs/20261011.log,981374,2026-06-04,09:50,XOBPROMO,"FH	0	00:09:04.445	Core 04	2026.06.04 09:50:00   [SRJ-EA] XOBPROMO bar=2026.06.04 09:45 site=S3PICK xobId=3052 raw=1780548600.0 promoT=2026.06.04 04:50"
315,JUNE0525-B162,1617DC1ACCE6B50ED2D1359582A70A8B8503C569623EE90C18C6B33542796207,Tester/logs/20261011.log,981375,2026-06-04,09:50,ZONEPICK,"CR	0	00:09:04.445	Core 04	2026.06.04 09:50:00   [SRJ-EA] ZONEPICK bar=2026.06.04 09:45 dir=SHORT haveFvg=0 fvgInPlay=0 haveXob=1 xobInPlay=0 downgraded=0 fvg=--- xob=160.001-160.012"
316,JUNE0525-B162,1617DC1ACCE6B50ED2D1359582A70A8B8503C569623EE90C18C6B33542796207,Tester/logs/20261011.log,981390,2026-06-04,09:50,INPLAYCOMMIT,"RG	0	00:09:04.445	Core 04	2026.06.04 09:50:00   [SRJ-EA] INPLAYCOMMIT bar=2026.06.04 09:45 dir=SHORT zoneSrc=XOB zoneLo=160.001 zoneHi=160.012 promoT=2026.06.04 04:50 applied=1 bounded=1 scanned=97 swings=20 hits=2 firstShift=95 firstVal=160.011 commitVia=SWING legacy=0 legacyVia=none committed=1 changed=1 haveStop=1"
317,JUNE0525-B162,1617DC1ACCE6B50ED2D1359582A70A8B8503C569623EE90C18C6B33542796207,Tester/logs/20261011.log,981391,2026-06-04,09:50,STATE,"JQ	0	00:09:04.445	Core 04	2026.06.04 09:50:00   [SRJ-EA] 2026.06.04 09:50:00 STATE S3_ZONE_WAIT->S4_ARMED dir=SHORT poi=Daily-POC"
318,JUNE0525-B162,1617DC1ACCE6B50ED2D1359582A70A8B8503C569623EE90C18C6B33542796207,Tester/logs/20261011.log,981401,2026-06-04,09:55,B152PR,"PD	0	00:09:04.445	Core 04	2026.06.04 09:55:00   [SRJ-IND] B152PR sym=USDJPY bar=2026.06.04 09:50 z1=65,B,156.672,156.773,2026.05.11 04:10,1,2026.05.12 08:55,157.714,156.726"
319,JUNE0525-B162,1617DC1ACCE6B50ED2D1359582A70A8B8503C569623EE90C18C6B33542796207,Tester/logs/20261011.log,981402,2026-06-04,09:55,B152PR,"HJ	0	00:09:04.445	Core 04	2026.06.04 09:55:00   [SRJ-IND] B152PR sym=USDJPY bar=2026.06.04 09:50 z1=78,B,156.578,156.584,2026.05.11 00:35,1,2026.05.11 00:40,156.644,156.537"
320,JUNE0525-B162,1617DC1ACCE6B50ED2D1359582A70A8B8503C569623EE90C18C6B33542796207,Tester/logs/20261011.log,981403,2026-06-04,09:55,B152PR,"RS	0	00:09:04.445	Core 04	2026.06.04 09:55:00   [SRJ-IND] B152PR sym=USDJPY bar=2026.06.04 09:50 z1=212,B,157.028,157.060,2026.05.11 19:20,1,2026.05.12 00:00,157.152,157.050"
321,JUNE0525-B162,1617DC1ACCE6B50ED2D1359582A70A8B8503C569623EE90C18C6B33542796207,Tester/logs/20261011.log,981404,2026-06-04,09:55,B152PR,"FD	0	00:09:04.445	Core 04	2026.06.04 09:55:00   [SRJ-IND] B152PR sym=USDJPY bar=2026.06.04 09:50 z1=256,B,157.172,157.178,2026.05.12 01:25,1,2026.05.12 08:55,157.714,156.726"
322,JUNE0525-B162,1617DC1ACCE6B50ED2D1359582A70A8B8503C569623EE90C18C6B33542796207,Tester/logs/20261011.log,981405,2026-06-04,09:55,B152PR,"PN	0	00:09:04.445	Core 04	2026.06.04 09:55:00   [SRJ-IND] B152PR sym=USDJPY bar=2026.06.04 09:50 z1=261,B,157.184,157.192,2026.05.12 03:00,1,2026.05.12 08:55,157.714,156.726"
323,JUNE0525-B162,1617DC1ACCE6B50ED2D1359582A70A8B8503C569623EE90C18C6B33542796207,Tester/logs/20261011.log,981406,2026-06-04,09:55,B152PR,"HP	0	00:09:04.445	Core 04	2026.06.04 09:55:00   [SRJ-IND] B152PR sym=USDJPY bar=2026.06.04 09:50 z1=313,B,157.331,157.497,2026.05.12 10:00,1,2026.05.12 10:10,157.546,157.487"
324,JUNE0525-B162,1617DC1ACCE6B50ED2D1359582A70A8B8503C569623EE90C18C6B33542796207,Tester/logs/20261011.log,981407,2026-06-04,09:55,B152PR,"QJ	0	00:09:04.445	Core 04	2026.06.04 09:55:00   [SRJ-IND] B152PR sym=USDJPY bar=2026.06.04 09:50 z1=414,B,157.517,157.589,2026.05.13 01:10,1,2026.05.13 01:20,157.607,157.587"
325,JUNE0525-B162,1617DC1ACCE6B50ED2D1359582A70A8B8503C569623EE90C18C6B33542796207,Tester/logs/20261011.log,981408,2026-06-04,09:55,B152PR,"RL	0	00:09:04.445	Core 04	2026.06.04 09:55:00   [SRJ-IND] B152PR sym=USDJPY bar=2026.06.04 09:50 z1=447,B,157.562,157.648,2026.05.13 06:20,1,2026.05.13 06:25,157.662,157.648"
326,JUNE0525-B162,1617DC1ACCE6B50ED2D1359582A70A8B8503C569623EE90C18C6B33542796207,Tester/logs/20261011.log,981409,2026-06-04,09:55,B152PR,"MF	0	00:09:04.445	Core 04	2026.06.04 09:55:00   [SRJ-IND] B152PR sym=USDJPY bar=2026.06.04 09:50 z1=449,B,157.599,157.654,2026.05.13 05:15,1,2026.05.13 05:45,157.687,157.652"
327,JUNE0525-B162,1617DC1ACCE6B50ED2D1359582A70A8B8503C569623EE90C18C6B33542796207,Tester/logs/20261011.log,981410,2026-06-04,09:55,B152PR,"HH	0	00:09:04.445	Core 04	2026.06.04 09:55:00   [SRJ-IND] B152PR sym=USDJPY bar=2026.06.04 09:50 z1=460,B,157.645,157.660,2026.05.13 07:05,1,2026.05.14 00:25,157.812,157.650"
328,JUNE0525-B162,1617DC1ACCE6B50ED2D1359582A70A8B8503C569623EE90C18C6B33542796207,Tester/logs/20261011.log,981411,2026-06-04,09:55,B152PR,"DR	0	00:09:04.445	Core 04	2026.06.04 09:55:00   [SRJ-IND] B152PR sym=USDJPY bar=2026.06.04 09:50 z1=696,B,157.568,158.167,2026.05.14 18:05,1,2026.05.14 18:10,158.191,158.119"
329,JUNE0525-B162,1617DC1ACCE6B50ED2D1359582A70A8B8503C569623EE90C18C6B33542796207,Tester/logs/20261011.log,981412,2026-06-04,09:55,B152PR,"HG	0	00:09:04.445	Core 04	2026.06.04 09:55:00   [SRJ-IND] B152PR sym=USDJPY bar=2026.06.04 09:50 z1=714,B,158.107,158.142,2026.05.14 19:30,1,2026.05.14 20:00,158.169,158.142"
330,JUNE0525-B162,1617DC1ACCE6B50ED2D1359582A70A8B8503C569623EE90C18C6B33542796207,Tester/logs/20261011.log,981413,2026-06-04,09:55,B152PR,"EI	0	00:09:04.445	Core 04	2026.06.04 09:55:00   [SRJ-IND] B152PR sym=USDJPY bar=2026.06.04 09:50 z1=724,B,158.168,158.186,2026.05.14 21:00,1,2026.05.14 21:05,158.191,158.182"
331,JUNE0525-B162,1617DC1ACCE6B50ED2D1359582A70A8B8503C569623EE90C18C6B33542796207,Tester/logs/20261011.log,981414,2026-06-04,09:55,B152PR,"CP	0	00:09:04.445	Core 04	2026.06.04 09:55:00   [SRJ-IND] B152PR sym=USDJPY bar=2026.06.04 09:50 z1=1405,B,158.735,158.769,2026.05.20 19:00,1,2026.05.20 19:05,158.816,158.753"
332,JUNE0525-B162,1617DC1ACCE6B50ED2D1359582A70A8B8503C569623EE90C18C6B33542796207,Tester/logs/20261011.log,981415,2026-06-04,09:55,B152PR,"QF	0	00:09:04.445	Core 04	2026.06.04 09:55:00   [SRJ-IND] B152PR sym=USDJPY bar=2026.06.04 09:50 z1=1779,B,158.756,158.800,2026.05.25 06:45,1,2026.05.26 00:00,158.887,158.784"
333,JUNE0525-B162,1617DC1ACCE6B50ED2D1359582A70A8B8503C569623EE90C18C6B33542796207,Tester/logs/20261011.log,981416,2026-06-04,09:55,B152PR,"LL	0	00:09:04.445	Core 04	2026.06.04 09:55:00   [SRJ-IND] B152PR sym=USDJPY bar=2026.06.04 09:50 z1=1780,B,158.789,158.814,2026.05.25 04:50,1,2026.05.26 00:00,158.887,158.784"
334,JUNE0525-B162,1617DC1ACCE6B50ED2D1359582A70A8B8503C569623EE90C18C6B33542796207,Tester/logs/20261011.log,981417,2026-06-04,09:55,B152PR,"ER	0	00:09:04.445	Core 04	2026.06.04 09:55:00   [SRJ-IND] B152PR sym=USDJPY bar=2026.06.04 09:50 z1=1949,B,158.916,158.934,2026.05.26 07:25,1,2026.05.26 07:30,158.942,158.934"
335,JUNE0525-B162,1617DC1ACCE6B50ED2D1359582A70A8B8503C569623EE90C18C6B33542796207,Tester/logs/20261011.log,981418,2026-06-04,09:55,B152PR,"LH	0	00:09:04.445	Core 04	2026.06.04 09:55:00   [SRJ-IND] B152PR sym=USDJPY bar=2026.06.04 09:50 z1=2509,B,159.134,159.195,2026.05.29 19:10,1,2026.05.29 19:35,159.215,159.186"
336,JUNE0525-B162,1617DC1ACCE6B50ED2D1359582A70A8B8503C569623EE90C18C6B33542796207,Tester/logs/20261011.log,981419,2026-06-04,09:55,B152PR,"MN	0	00:09:04.445	Core 04	2026.06.04 09:55:00   [SRJ-IND] B152PR sym=USDJPY bar=2026.06.04 09:50 z1=2566,B,159.382,159.407,2026.06.01 03:15,1,2026.06.03 11:30,159.790,159.368"
337,JUNE0525-B162,1617DC1ACCE6B50ED2D1359582A70A8B8503C569623EE90C18C6B33542796207,Tester/logs/20261011.log,981420,2026-06-04,09:55,B152PR,"CD	0	00:09:04.445	Core 04	2026.06.04 09:55:00   [SRJ-IND] B152PR sym=USDJPY bar=2026.06.04 09:50 z1=2648,B,159.435,159.481,2026.06.01 16:00,1,2026.06.03 11:30,159.790,159.368"
338,JUNE0525-B162,1617DC1ACCE6B50ED2D1359582A70A8B8503C569623EE90C18C6B33542796207,Tester/logs/20261011.log,981421,2026-06-04,09:55,B152PR,"PJ	0	00:09:04.445	Core 04	2026.06.04 09:55:00   [SRJ-IND] B152PR sym=USDJPY bar=2026.06.04 09:50 z1=2716,B,159.576,159.603,2026.06.02 03:10,1,2026.06.03 10:35,159.787,159.550"
339,JUNE0525-B162,1617DC1ACCE6B50ED2D1359582A70A8B8503C569623EE90C18C6B33542796207,Tester/logs/20261011.log,981422,2026-06-04,09:55,B152PR,"JP	0	00:09:04.445	Core 04	2026.06.04 09:55:00   [SRJ-IND] B152PR sym=USDJPY bar=2026.06.04 09:50 z1=2720,B,159.586,159.605,2026.06.02 01:05,1,2026.06.03 10:35,159.787,159.550"
340,JUNE0525-B162,1617DC1ACCE6B50ED2D1359582A70A8B8503C569623EE90C18C6B33542796207,Tester/logs/20261011.log,981423,2026-06-04,09:55,B152PR,"FF	0	00:09:04.445	Core 04	2026.06.04 09:55:00   [SRJ-IND] B152PR sym=USDJPY bar=2026.06.04 09:50 z1=2945,B,159.579,159.675,2026.06.03 11:15,1,2026.06.03 11:25,159.727,159.674"
341,JUNE0525-B162,1617DC1ACCE6B50ED2D1359582A70A8B8503C569623EE90C18C6B33542796207,Tester/logs/20261011.log,981424,2026-06-04,09:55,B152PR,"RL	0	00:09:04.445	Core 04	2026.06.04 09:55:00   [SRJ-IND] B152PR sym=USDJPY bar=2026.06.04 09:50 z1=3099,B,159.797,159.868,2026.06.04 08:15,1,2026.06.04 08:50,159.895,159.859"
342,JUNE0525-B162,1617DC1ACCE6B50ED2D1359582A70A8B8503C569623EE90C18C6B33542796207,Tester/logs/20261011.log,981425,2026-06-04,09:55,B152PR,"MP	0	00:09:04.445	Core 04	2026.06.04 09:55:00   [SRJ-IND] B152PR sym=USDJPY bar=2026.06.04 09:50 bull=1 bear=0 nz=24"
343,JUNE0525-B162,1617DC1ACCE6B50ED2D1359582A70A8B8503C569623EE90C18C6B33542796207,Tester/logs/20261011.log,981426,2026-06-04,09:55,B162ORIGIN,"HM	0	00:09:04.445	Core 04	2026.06.04 09:55:00   [SRJ-IND] B162ORIGIN sym=USDJPY bar=2026.06.04 09:50 side=B n=24 origin=3099 range=159.797-159.868 formT=2026.06.04 07:40 set=65,78,212,256,261,313,414,447,449,460,696,714,724,1405,1779,1780,1949,2509,2566,2648,2716,2720,2945,3099"
344,JUNE0525-B162,1617DC1ACCE6B50ED2D1359582A70A8B8503C569623EE90C18C6B33542796207,Tester/logs/20261011.log,981427,2026-06-04,09:55,B162ORIGIN,"GH	0	00:09:04.445	Core 04	2026.06.04 09:55:00   [SRJ-IND] B162ORIGIN sym=USDJPY bar=2026.06.04 09:50 side=S n=0 origin=NONE range=- formT=- set=-"
345,JUNE0525-B162,1617DC1ACCE6B50ED2D1359582A70A8B8503C569623EE90C18C6B33542796207,Tester/logs/20261011.log,981582,2026-06-04,09:55,CQDRECHECK,"QR	0	00:09:04.445	Core 04	2026.06.04 09:55:00   [SRJ-EA] CQDRECHECK shift=2 passA=-2.0 passB=-2.0 diff=0 bar=2026.06.04 09:45 state=S4_ARMED dir=SHORT divLatch=1 hit1=0 hit2=578 mism=0"
346,JUNE0525-B162,1617DC1ACCE6B50ED2D1359582A70A8B8503C569623EE90C18C6B33542796207,Tester/logs/20261011.log,981589,2026-06-04,09:55,CONFIRMPOLL,"MF	0	00:09:04.445	Core 04	2026.06.04 09:55:00   [SRJ-EA] CONFIRMPOLL bar=2026.06.04 09:50 anchor=Daily-POC dir=SHORT oppCandle=1 bodyDir=1 body=16pts doji=0 touchAttr=1 confirm=1 shadow=true"
347,JUNE0525-B162,1617DC1ACCE6B50ED2D1359582A70A8B8503C569623EE90C18C6B33542796207,Tester/logs/20261011.log,981595,2026-06-04,09:55,B60C,"JS	0	00:09:04.445	Core 04	2026.06.04 09:55:00   [SRJ-EA] B60C bar=2026.06.04 09:50 dir=SHORT poi=Daily-POC rt=2026.06.04 09:10 rSh=9 rBar=2026.06.04 09:10 cSrc=BOTH xt=0 zxob=160.001-160.012 xpromo=2026.06.04 04:50 - C satisfied by retest and prior candles ([B-61 C2][B-129 XT])"
348,JUNE0525-B162,1617DC1ACCE6B50ED2D1359582A70A8B8503C569623EE90C18C6B33542796207,Tester/logs/20261011.log,981596,2026-06-04,09:55,STATE,"FL	0	00:09:04.445	Core 04	2026.06.04 09:55:00   [SRJ-EA] 2026.06.04 09:55:00 STATE S4_ARMED->S5_GATE_CHECK dir=SHORT poi=Daily-POC"
349,JUNE0525-B162,1617DC1ACCE6B50ED2D1359582A70A8B8503C569623EE90C18C6B33542796207,Tester/logs/20261011.log,981597,2026-06-04,09:55,D130LATCH,"LP	0	00:09:04.445	Core 04	2026.06.04 09:55:00   [SRJ-EA] D130LATCH pass=2026.06.04 09:55:00 confBar=2026.06.04 09:50 dir=SHORT verdict=-2 verdictBar=2026.06.04 09:45 walkShift=2 oppPassed=1 oppBar=2026.06.04 09:35"
350,JUNE0525-B162,1617DC1ACCE6B50ED2D1359582A70A8B8503C569623EE90C18C6B33542796207,Tester/logs/20261011.log,981598,2026-06-04,09:55,B150GATE,"JF	0	00:09:04.445	Core 04	2026.06.04 09:55:00   [SRJ-EA] B150GATE bar=2026.06.04 09:50 dir=SHORT value=0.0 src=XOB forbar=2026.06.04 09:50"
351,JUNE0525-B162,1617DC1ACCE6B50ED2D1359582A70A8B8503C569623EE90C18C6B33542796207,Tester/logs/20261011.log,981599,2026-06-04,09:55,ABORT,"KO	0	00:09:04.445	Core 04	2026.06.04 09:55:00   [SRJ-EA] 2026.06.04 09:55:00 ABORT reason=PROMO_RETURN_NONE state=S5_GATE_CHECK poi=Daily-POC dir=SHORT"
352,JUNE0525-B162,1617DC1ACCE6B50ED2D1359582A70A8B8503C569623EE90C18C6B33542796207,Tester/logs/20261011.log,981600,2026-06-04,09:55,A6REFUSED,"QS	0	00:09:04.445	Core 04	2026.06.04 09:55:00   [SRJ-EA] A6REFUSED class=ABSENT_DECLINED bar=2026.06.04 09:55 state=S5_GATE_CHECK dir=SHORT predicate=PROMO_RETURN_NONE"
353,JUNE0525-B162,1617DC1ACCE6B50ED2D1359582A70A8B8503C569623EE90C18C6B33542796207,Tester/logs/20261011.log,981602,2026-06-04,09:55,STATE,"QI	0	00:09:04.445	Core 04	2026.06.04 09:55:00   [SRJ-EA] 2026.06.04 09:55:00 STATE S5_GATE_CHECK->ABORT dir=SHORT poi=Daily-POC"
354,JUNE0525-B162,1617DC1ACCE6B50ED2D1359582A70A8B8503C569623EE90C18C6B33542796207,Tester/logs/20261011.log,981605,2026-06-04,10:00,B152PR,"OM	0	00:09:04.445	Core 04	2026.06.04 10:00:00   [SRJ-IND] B152PR sym=USDJPY bar=2026.06.04 09:55 z1=65,B,156.672,156.773,2026.05.11 04:10,1,2026.05.12 08:55,157.714,156.726"
355,JUNE0525-B162,1617DC1ACCE6B50ED2D1359582A70A8B8503C569623EE90C18C6B33542796207,Tester/logs/20261011.log,981606,2026-06-04,10:00,B152PR,"OS	0	00:09:04.445	Core 04	2026.06.04 10:00:00   [SRJ-IND] B152PR sym=USDJPY bar=2026.06.04 09:55 z1=78,B,156.578,156.584,2026.05.11 00:35,1,2026.05.11 00:40,156.644,156.537"
356,JUNE0525-B162,1617DC1ACCE6B50ED2D1359582A70A8B8503C569623EE90C18C6B33542796207,Tester/logs/20261011.log,981607,2026-06-04,10:00,B152PR,"QE	0	00:09:04.445	Core 04	2026.06.04 10:00:00   [SRJ-IND] B152PR sym=USDJPY bar=2026.06.04 09:55 z1=212,B,157.028,157.060,2026.05.11 19:20,1,2026.05.12 00:00,157.152,157.050"
357,JUNE0525-B162,1617DC1ACCE6B50ED2D1359582A70A8B8503C569623EE90C18C6B33542796207,Tester/logs/20261011.log,981608,2026-06-04,10:00,B152PR,"MO	0	00:09:04.445	Core 04	2026.06.04 10:00:00   [SRJ-IND] B152PR sym=USDJPY bar=2026.06.04 09:55 z1=256,B,157.172,157.178,2026.05.12 01:25,1,2026.05.12 08:55,157.714,156.726"
358,JUNE0525-B162,1617DC1ACCE6B50ED2D1359582A70A8B8503C569623EE90C18C6B33542796207,Tester/logs/20261011.log,981609,2026-06-04,10:00,B152PR,"GQ	0	00:09:04.445	Core 04	2026.06.04 10:00:00   [SRJ-IND] B152PR sym=USDJPY bar=2026.06.04 09:55 z1=261,B,157.184,157.192,2026.05.12 03:00,1,2026.05.12 08:55,157.714,156.726"
359,JUNE0525-B162,1617DC1ACCE6B50ED2D1359582A70A8B8503C569623EE90C18C6B33542796207,Tester/logs/20261011.log,981610,2026-06-04,10:00,B152PR,"GK	0	00:09:04.445	Core 04	2026.06.04 10:00:00   [SRJ-IND] B152PR sym=USDJPY bar=2026.06.04 09:55 z1=313,B,157.331,157.497,2026.05.12 10:00,1,2026.05.12 10:10,157.546,157.487"
360,JUNE0525-B162,1617DC1ACCE6B50ED2D1359582A70A8B8503C569623EE90C18C6B33542796207,Tester/logs/20261011.log,981611,2026-06-04,10:00,B152PR,"RM	0	00:09:04.445	Core 04	2026.06.04 10:00:00   [SRJ-IND] B152PR sym=USDJPY bar=2026.06.04 09:55 z1=414,B,157.517,157.589,2026.05.13 01:10,1,2026.05.13 01:20,157.607,157.587"
361,JUNE0525-B162,1617DC1ACCE6B50ED2D1359582A70A8B8503C569623EE90C18C6B33542796207,Tester/logs/20261011.log,981612,2026-06-04,10:00,B152PR,"IG	0	00:09:04.445	Core 04	2026.06.04 10:00:00   [SRJ-IND] B152PR sym=USDJPY bar=2026.06.04 09:55 z1=447,B,157.562,157.648,2026.05.13 06:20,1,2026.05.13 06:25,157.662,157.648"
362,JUNE0525-B162,1617DC1ACCE6B50ED2D1359582A70A8B8503C569623EE90C18C6B33542796207,Tester/logs/20261011.log,981613,2026-06-04,10:00,B152PR,"FI	0	00:09:04.445	Core 04	2026.06.04 10:00:00   [SRJ-IND] B152PR sym=USDJPY bar=2026.06.04 09:55 z1=449,B,157.599,157.654,2026.05.13 05:15,1,2026.05.13 05:45,157.687,157.652"
363,JUNE0525-B162,1617DC1ACCE6B50ED2D1359582A70A8B8503C569623EE90C18C6B33542796207,Tester/logs/20261011.log,981614,2026-06-04,10:00,B152PR,"GR	0	00:09:04.445	Core 04	2026.06.04 10:00:00   [SRJ-IND] B152PR sym=USDJPY bar=2026.06.04 09:55 z1=460,B,157.645,157.660,2026.05.13 07:05,1,2026.05.14 00:25,157.812,157.650"
364,JUNE0525-B162,1617DC1ACCE6B50ED2D1359582A70A8B8503C569623EE90C18C6B33542796207,Tester/logs/20261011.log,981615,2026-06-04,10:00,B152PR,"CD	0	00:09:04.445	Core 04	2026.06.04 10:00:00   [SRJ-IND] B152PR sym=USDJPY bar=2026.06.04 09:55 z1=696,B,157.568,158.167,2026.05.14 18:05,1,2026.05.14 18:10,158.191,158.119"
365,JUNE0525-B162,1617DC1ACCE6B50ED2D1359582A70A8B8503C569623EE90C18C6B33542796207,Tester/logs/20261011.log,981616,2026-06-04,10:00,B152PR,"ON	0	00:09:04.445	Core 04	2026.06.04 10:00:00   [SRJ-IND] B152PR sym=USDJPY bar=2026.06.04 09:55 z1=714,B,158.107,158.142,2026.05.14 19:30,1,2026.05.14 20:00,158.169,158.142"
366,JUNE0525-B162,1617DC1ACCE6B50ED2D1359582A70A8B8503C569623EE90C18C6B33542796207,Tester/logs/20261011.log,981617,2026-06-04,10:00,B152PR,"NP	0	00:09:04.445	Core 04	2026.06.04 10:00:00   [SRJ-IND] B152PR sym=USDJPY bar=2026.06.04 09:55 z1=724,B,158.168,158.186,2026.05.14 21:00,1,2026.05.14 21:05,158.191,158.182"
367,JUNE0525-B162,1617DC1ACCE6B50ED2D1359582A70A8B8503C569623EE90C18C6B33542796207,Tester/logs/20261011.log,981618,2026-06-04,10:00,B152PR,"DI	0	00:09:04.445	Core 04	2026.06.04 10:00:00   [SRJ-IND] B152PR sym=USDJPY bar=2026.06.04 09:55 z1=1405,B,158.735,158.769,2026.05.20 19:00,1,2026.05.20 19:05,158.816,158.753"
368,JUNE0525-B162,1617DC1ACCE6B50ED2D1359582A70A8B8503C569623EE90C18C6B33542796207,Tester/logs/20261011.log,981619,2026-06-04,10:00,B152PR,"RO	0	00:09:04.445	Core 04	2026.06.04 10:00:00   [SRJ-IND] B152PR sym=USDJPY bar=2026.06.04 09:55 z1=1779,B,158.756,158.800,2026.05.25 06:45,1,2026.05.26 00:00,158.887,158.784"
369,JUNE0525-B162,1617DC1ACCE6B50ED2D1359582A70A8B8503C569623EE90C18C6B33542796207,Tester/logs/20261011.log,981620,2026-06-04,10:00,B152PR,"KE	0	00:09:04.445	Core 04	2026.06.04 10:00:00   [SRJ-IND] B152PR sym=USDJPY bar=2026.06.04 09:55 z1=1780,B,158.789,158.814,2026.05.25 04:50,1,2026.05.26 00:00,158.887,158.784"
370,JUNE0525-B162,1617DC1ACCE6B50ED2D1359582A70A8B8503C569623EE90C18C6B33542796207,Tester/logs/20261011.log,981621,2026-06-04,10:00,B152PR,"FK	0	00:09:04.445	Core 04	2026.06.04 10:00:00   [SRJ-IND] B152PR sym=USDJPY bar=2026.06.04 09:55 z1=1949,B,158.916,158.934,2026.05.26 07:25,1,2026.05.26 07:30,158.942,158.934"
371,JUNE0525-B162,1617DC1ACCE6B50ED2D1359582A70A8B8503C569623EE90C18C6B33542796207,Tester/logs/20261011.log,981622,2026-06-04,10:00,B152PR,"KQ	0	00:09:04.445	Core 04	2026.06.04 10:00:00   [SRJ-IND] B152PR sym=USDJPY bar=2026.06.04 09:55 z1=2509,B,159.134,159.195,2026.05.29 19:10,1,2026.05.29 19:35,159.215,159.186"
372,JUNE0525-B162,1617DC1ACCE6B50ED2D1359582A70A8B8503C569623EE90C18C6B33542796207,Tester/logs/20261011.log,981623,2026-06-04,10:00,B152PR,"NG	0	00:09:04.445	Core 04	2026.06.04 10:00:00   [SRJ-IND] B152PR sym=USDJPY bar=2026.06.04 09:55 z1=2566,B,159.382,159.407,2026.06.01 03:15,1,2026.06.03 11:30,159.790,159.368"
373,JUNE0525-B162,1617DC1ACCE6B50ED2D1359582A70A8B8503C569623EE90C18C6B33542796207,Tester/logs/20261011.log,981624,2026-06-04,10:00,B152PR,"DM	0	00:09:04.445	Core 04	2026.06.04 10:00:00   [SRJ-IND] B152PR sym=USDJPY bar=2026.06.04 09:55 z1=2648,B,159.435,159.481,2026.06.01 16:00,1,2026.06.03 11:30,159.790,159.368"
374,JUNE0525-B162,1617DC1ACCE6B50ED2D1359582A70A8B8503C569623EE90C18C6B33542796207,Tester/logs/20261011.log,981625,2026-06-04,10:00,B152PR,"OS	0	00:09:04.445	Core 04	2026.06.04 10:00:00   [SRJ-IND] B152PR sym=USDJPY bar=2026.06.04 09:55 z1=2716,B,159.576,159.603,2026.06.02 03:10,1,2026.06.03 10:35,159.787,159.550"
375,JUNE0525-B162,1617DC1ACCE6B50ED2D1359582A70A8B8503C569623EE90C18C6B33542796207,Tester/logs/20261011.log,981626,2026-06-04,10:00,B152PR,"II	0	00:09:04.445	Core 04	2026.06.04 10:00:00   [SRJ-IND] B152PR sym=USDJPY bar=2026.06.04 09:55 z1=2720,B,159.586,159.605,2026.06.02 01:05,1,2026.06.03 10:35,159.787,159.550"
376,JUNE0525-B162,1617DC1ACCE6B50ED2D1359582A70A8B8503C569623EE90C18C6B33542796207,Tester/logs/20261011.log,981627,2026-06-04,10:00,B152PR,"EO	0	00:09:04.445	Core 04	2026.06.04 10:00:00   [SRJ-IND] B152PR sym=USDJPY bar=2026.06.04 09:55 z1=2945,B,159.579,159.675,2026.06.03 11:15,1,2026.06.03 11:25,159.727,159.674"
377,JUNE0525-B162,1617DC1ACCE6B50ED2D1359582A70A8B8503C569623EE90C18C6B33542796207,Tester/logs/20261011.log,981628,2026-06-04,10:00,B152PR,"QE	0	00:09:04.445	Core 04	2026.06.04 10:00:00   [SRJ-IND] B152PR sym=USDJPY bar=2026.06.04 09:55 z1=3099,B,159.797,159.868,2026.06.04 08:15,1,2026.06.04 08:50,159.895,159.859"
378,JUNE0525-B162,1617DC1ACCE6B50ED2D1359582A70A8B8503C569623EE90C18C6B33542796207,Tester/logs/20261011.log,981629,2026-06-04,10:00,B152PR,"NI	0	00:09:04.445	Core 04	2026.06.04 10:00:00   [SRJ-IND] B152PR sym=USDJPY bar=2026.06.04 09:55 bull=1 bear=0 nz=24"
379,JUNE0525-B162,1617DC1ACCE6B50ED2D1359582A70A8B8503C569623EE90C18C6B33542796207,Tester/logs/20261011.log,981630,2026-06-04,10:00,B162ORIGIN,"OF	0	00:09:04.445	Core 04	2026.06.04 10:00:00   [SRJ-IND] B162ORIGIN sym=USDJPY bar=2026.06.04 09:55 side=B n=24 origin=3099 range=159.797-159.868 formT=2026.06.04 07:40 set=65,78,212,256,261,313,414,447,449,460,696,714,724,1405,1779,1780,1949,2509,2566,2648,2716,2720,2945,3099"
380,JUNE0525-B162,1617DC1ACCE6B50ED2D1359582A70A8B8503C569623EE90C18C6B33542796207,Tester/logs/20261011.log,981631,2026-06-04,10:00,B162ORIGIN,"PQ	0	00:09:04.445	Core 04	2026.06.04 10:00:00   [SRJ-IND] B162ORIGIN sym=USDJPY bar=2026.06.04 09:55 side=S n=0 origin=NONE range=- formT=- set=-"
381,JUNE0525-B162,1617DC1ACCE6B50ED2D1359582A70A8B8503C569623EE90C18C6B33542796207,Tester/logs/20261011.log,981641,2026-06-04,10:05,B152PR,"NM	0	00:09:04.445	Core 04	2026.06.04 10:05:00   [SRJ-IND] B152PR sym=USDJPY bar=2026.06.04 10:00 z1=65,B,156.672,156.773,2026.05.11 04:10,1,2026.05.12 08:55,157.714,156.726"
382,JUNE0525-B162,1617DC1ACCE6B50ED2D1359582A70A8B8503C569623EE90C18C6B33542796207,Tester/logs/20261011.log,981642,2026-06-04,10:05,B152PR,"NS	0	00:09:04.445	Core 04	2026.06.04 10:05:00   [SRJ-IND] B152PR sym=USDJPY bar=2026.06.04 10:00 z1=78,B,156.578,156.584,2026.05.11 00:35,1,2026.05.11 00:40,156.644,156.537"
383,JUNE0525-B162,1617DC1ACCE6B50ED2D1359582A70A8B8503C569623EE90C18C6B33542796207,Tester/logs/20261011.log,981643,2026-06-04,10:05,B152PR,"LJ	0	00:09:04.445	Core 04	2026.06.04 10:05:00   [SRJ-IND] B152PR sym=USDJPY bar=2026.06.04 10:00 z1=212,B,157.028,157.060,2026.05.11 19:20,1,2026.05.12 00:00,157.152,157.050"
384,JUNE0525-B162,1617DC1ACCE6B50ED2D1359582A70A8B8503C569623EE90C18C6B33542796207,Tester/logs/20261011.log,981644,2026-06-04,10:05,B152PR,"LL	0	00:09:04.445	Core 04	2026.06.04 10:05:00   [SRJ-IND] B152PR sym=USDJPY bar=2026.06.04 10:00 z1=256,B,157.172,157.178,2026.05.12 01:25,1,2026.05.12 08:55,157.714,156.726"
385,JUNE0525-B162,1617DC1ACCE6B50ED2D1359582A70A8B8503C569623EE90C18C6B33542796207,Tester/logs/20261011.log,981645,2026-06-04,10:05,B152PR,"FF	0	00:09:04.445	Core 04	2026.06.04 10:05:00   [SRJ-IND] B152PR sym=USDJPY bar=2026.06.04 10:00 z1=261,B,157.184,157.192,2026.05.12 03:00,1,2026.05.12 08:55,157.714,156.726"
386,JUNE0525-B162,1617DC1ACCE6B50ED2D1359582A70A8B8503C569623EE90C18C6B33542796207,Tester/logs/20261011.log,981646,2026-06-04,10:05,B152PR,"RH	0	00:09:04.445	Core 04	2026.06.04 10:05:00   [SRJ-IND] B152PR sym=USDJPY bar=2026.06.04 10:00 z1=313,B,157.331,157.497,2026.05.12 10:00,1,2026.05.12 10:10,157.546,157.487"
387,JUNE0525-B162,1617DC1ACCE6B50ED2D1359582A70A8B8503C569623EE90C18C6B33542796207,Tester/logs/20261011.log,981647,2026-06-04,10:05,B152PR,"KM	0	00:09:04.445	Core 04	2026.06.04 10:05:00   [SRJ-IND] B152PR sym=USDJPY bar=2026.06.04 10:00 z1=414,B,157.517,157.589,2026.05.13 01:10,1,2026.05.13 01:20,157.607,157.587"
388,JUNE0525-B162,1617DC1ACCE6B50ED2D1359582A70A8B8503C569623EE90C18C6B33542796207,Tester/logs/20261011.log,981648,2026-06-04,10:05,B152PR,"HG	0	00:09:04.445	Core 04	2026.06.04 10:05:00   [SRJ-IND] B152PR sym=USDJPY bar=2026.06.04 10:00 z1=447,B,157.562,157.648,2026.05.13 06:20,1,2026.05.13 06:25,157.662,157.648"
389,JUNE0525-B162,1617DC1ACCE6B50ED2D1359582A70A8B8503C569623EE90C18C6B33542796207,Tester/logs/20261011.log,981649,2026-06-04,10:05,B152PR,"GI	0	00:09:04.445	Core 04	2026.06.04 10:05:00   [SRJ-IND] B152PR sym=USDJPY bar=2026.06.04 10:00 z1=449,B,157.599,157.654,2026.05.13 05:15,1,2026.05.13 05:45,157.687,157.652"
390,JUNE0525-B162,1617DC1ACCE6B50ED2D1359582A70A8B8503C569623EE90C18C6B33542796207,Tester/logs/20261011.log,981650,2026-06-04,10:05,B152PR,"RS	0	00:09:04.445	Core 04	2026.06.04 10:05:00   [SRJ-IND] B152PR sym=USDJPY bar=2026.06.04 10:00 z1=460,B,157.645,157.660,2026.05.13 07:05,1,2026.05.14 00:25,157.812,157.650"
391,JUNE0525-B162,1617DC1ACCE6B50ED2D1359582A70A8B8503C569623EE90C18C6B33542796207,Tester/logs/20261011.log,981651,2026-06-04,10:05,B152PR,"JE	0	00:09:04.445	Core 04	2026.06.04 10:05:00   [SRJ-IND] B152PR sym=USDJPY bar=2026.06.04 10:00 z1=696,B,157.568,158.167,2026.05.14 18:05,1,2026.05.14 18:10,158.191,158.119"
392,JUNE0525-B162,1617DC1ACCE6B50ED2D1359582A70A8B8503C569623EE90C18C6B33542796207,Tester/logs/20261011.log,981652,2026-06-04,10:05,B152PR,"RO	0	00:09:04.445	Core 04	2026.06.04 10:05:00   [SRJ-IND] B152PR sym=USDJPY bar=2026.06.04 10:00 z1=714,B,158.107,158.142,2026.05.14 19:30,1,2026.05.14 20:00,158.169,158.142"
393,JUNE0525-B162,1617DC1ACCE6B50ED2D1359582A70A8B8503C569623EE90C18C6B33542796207,Tester/logs/20261011.log,981653,2026-06-04,10:05,B152PR,"OQ	0	00:09:04.445	Core 04	2026.06.04 10:05:00   [SRJ-IND] B152PR sym=USDJPY bar=2026.06.04 10:00 z1=724,B,158.168,158.186,2026.05.14 21:00,1,2026.05.14 21:05,158.191,158.182"
394,JUNE0525-B162,1617DC1ACCE6B50ED2D1359582A70A8B8503C569623EE90C18C6B33542796207,Tester/logs/20261011.log,981654,2026-06-04,10:05,B152PR,"MH	0	00:09:04.445	Core 04	2026.06.04 10:05:00   [SRJ-IND] B152PR sym=USDJPY bar=2026.06.04 10:00 z1=1405,B,158.735,158.769,2026.05.20 19:00,1,2026.05.20 19:05,158.816,158.753"
395,JUNE0525-B162,1617DC1ACCE6B50ED2D1359582A70A8B8503C569623EE90C18C6B33542796207,Tester/logs/20261011.log,981655,2026-06-04,10:05,B152PR,"GN	0	00:09:04.445	Core 04	2026.06.04 10:05:00   [SRJ-IND] B152PR sym=USDJPY bar=2026.06.04 10:00 z1=1779,B,158.756,158.800,2026.05.25 06:45,1,2026.05.26 00:00,158.887,158.784"
396,JUNE0525-B162,1617DC1ACCE6B50ED2D1359582A70A8B8503C569623EE90C18C6B33542796207,Tester/logs/20261011.log,981656,2026-06-04,10:05,B152PR,"FD	0	00:09:04.445	Core 04	2026.06.04 10:05:00   [SRJ-IND] B152PR sym=USDJPY bar=2026.06.04 10:00 z1=1780,B,158.789,158.814,2026.05.25 04:50,1,2026.05.26 00:00,158.887,158.784"
397,JUNE0525-B162,1617DC1ACCE6B50ED2D1359582A70A8B8503C569623EE90C18C6B33542796207,Tester/logs/20261011.log,981657,2026-06-04,10:05,B152PR,"KJ	0	00:09:04.445	Core 04	2026.06.04 10:05:00   [SRJ-IND] B152PR sym=USDJPY bar=2026.06.04 10:00 z1=1949,B,158.916,158.934,2026.05.26 07:25,1,2026.05.26 07:30,158.942,158.934"
398,JUNE0525-B162,1617DC1ACCE6B50ED2D1359582A70A8B8503C569623EE90C18C6B33542796207,Tester/logs/20261011.log,981658,2026-06-04,10:05,B152PR,"FP	0	00:09:04.445	Core 04	2026.06.04 10:05:00   [SRJ-IND] B152PR sym=USDJPY bar=2026.06.04 10:00 z1=2509,B,159.134,159.195,2026.05.29 19:10,1,2026.05.29 19:35,159.215,159.186"
399,JUNE0525-B162,1617DC1ACCE6B50ED2D1359582A70A8B8503C569623EE90C18C6B33542796207,Tester/logs/20261011.log,981659,2026-06-04,10:05,B152PR,"CF	0	00:09:04.445	Core 04	2026.06.04 10:05:00   [SRJ-IND] B152PR sym=USDJPY bar=2026.06.04 10:00 z1=2566,B,159.382,159.407,2026.06.01 03:15,1,2026.06.03 11:30,159.790,159.368"
400,JUNE0525-B162,1617DC1ACCE6B50ED2D1359582A70A8B8503C569623EE90C18C6B33542796207,Tester/logs/20261011.log,981660,2026-06-04,10:05,B152PR,"ML	0	00:09:04.445	Core 04	2026.06.04 10:05:00   [SRJ-IND] B152PR sym=USDJPY bar=2026.06.04 10:00 z1=2648,B,159.435,159.481,2026.06.01 16:00,1,2026.06.03 11:30,159.790,159.368"
401,JUNE0525-B162,1617DC1ACCE6B50ED2D1359582A70A8B8503C569623EE90C18C6B33542796207,Tester/logs/20261011.log,981661,2026-06-04,10:05,B152PR,"JR	0	00:09:04.445	Core 04	2026.06.04 10:05:00   [SRJ-IND] B152PR sym=USDJPY bar=2026.06.04 10:00 z1=2716,B,159.576,159.603,2026.06.02 03:10,1,2026.06.03 10:35,159.787,159.550"
402,JUNE0525-B162,1617DC1ACCE6B50ED2D1359582A70A8B8503C569623EE90C18C6B33542796207,Tester/logs/20261011.log,981662,2026-06-04,10:05,B152PR,"PH	0	00:09:04.445	Core 04	2026.06.04 10:05:00   [SRJ-IND] B152PR sym=USDJPY bar=2026.06.04 10:00 z1=2720,B,159.586,159.605,2026.06.02 01:05,1,2026.06.03 10:35,159.787,159.550"
403,JUNE0525-B162,1617DC1ACCE6B50ED2D1359582A70A8B8503C569623EE90C18C6B33542796207,Tester/logs/20261011.log,981663,2026-06-04,10:05,B152PR,"LN	0	00:09:04.445	Core 04	2026.06.04 10:05:00   [SRJ-IND] B152PR sym=USDJPY bar=2026.06.04 10:00 z1=2945,B,159.579,159.675,2026.06.03 11:15,1,2026.06.03 11:25,159.727,159.674"
404,JUNE0525-B162,1617DC1ACCE6B50ED2D1359582A70A8B8503C569623EE90C18C6B33542796207,Tester/logs/20261011.log,981664,2026-06-04,10:05,B152PR,"HD	0	00:09:04.445	Core 04	2026.06.04 10:05:00   [SRJ-IND] B152PR sym=USDJPY bar=2026.06.04 10:00 z1=3099,B,159.797,159.868,2026.06.04 08:15,1,2026.06.04 08:50,159.895,159.859"
405,JUNE0525-B162,1617DC1ACCE6B50ED2D1359582A70A8B8503C569623EE90C18C6B33542796207,Tester/logs/20261011.log,981665,2026-06-04,10:05,B152PR,"CH	0	00:09:04.445	Core 04	2026.06.04 10:05:00   [SRJ-IND] B152PR sym=USDJPY bar=2026.06.04 10:00 bull=1 bear=0 nz=24"
406,JUNE0525-B162,1617DC1ACCE6B50ED2D1359582A70A8B8503C569623EE90C18C6B33542796207,Tester/logs/20261011.log,981666,2026-06-04,10:05,B162ORIGIN,"RF	0	00:09:04.445	Core 04	2026.06.04 10:05:00   [SRJ-IND] B162ORIGIN sym=USDJPY bar=2026.06.04 10:00 side=B n=24 origin=3099 range=159.797-159.868 formT=2026.06.04 07:40 set=65,78,212,256,261,313,414,447,449,460,696,714,724,1405,1779,1780,1949,2509,2566,2648,2716,2720,2945,3099"
407,JUNE0525-B162,1617DC1ACCE6B50ED2D1359582A70A8B8503C569623EE90C18C6B33542796207,Tester/logs/20261011.log,981667,2026-06-04,10:05,B162ORIGIN,"QQ	0	00:09:04.445	Core 04	2026.06.04 10:05:00   [SRJ-IND] B162ORIGIN sym=USDJPY bar=2026.06.04 10:00 side=S n=0 origin=NONE range=- formT=- set=-"
408,JUNE0525-B162,1617DC1ACCE6B50ED2D1359582A70A8B8503C569623EE90C18C6B33542796207,Tester/logs/20261011.log,981674,2026-06-04,10:05,CONFIRMPOLL,"DR	0	00:09:04.445	Core 04	2026.06.04 10:05:00   [SRJ-EA] CONFIRMPOLL bar=2026.06.04 10:00 anchor=Daily-POC dir=LONG oppCandle=0 bodyDir=0 body=18pts doji=0 touchAttr=1 confirm=0 shadow=true"
409,JUNE0525-B162,1617DC1ACCE6B50ED2D1359582A70A8B8503C569623EE90C18C6B33542796207,Tester/logs/20261011.log,981676,2026-06-04,10:05,STATE,"RP	0	00:09:04.445	Core 04	2026.06.04 10:05:00   [SRJ-EA] 2026.06.04 10:05:00 STATE IDLE->S1_REGIME dir=LONG poi=Daily-POC"
410,JUNE0525-B162,1617DC1ACCE6B50ED2D1359582A70A8B8503C569623EE90C18C6B33542796207,Tester/logs/20261011.log,981677,2026-06-04,10:05,ANCHOR_ELECT,"RQ	0	00:09:04.445	Core 04	2026.06.04 10:05:00   [SRJ-EA] ANCHOR_ELECT bar=2026.06.04 10:00 action=SEED poi=Daily-POC rank=10 tier=5 dir=LONG"
411,JUNE0525-B162,1617DC1ACCE6B50ED2D1359582A70A8B8503C569623EE90C18C6B33542796207,Tester/logs/20261011.log,981689,2026-06-04,10:10,B152PR,"LK	0	00:09:04.445	Core 04	2026.06.04 10:10:01   [SRJ-IND] B152PR sym=USDJPY bar=2026.06.04 10:05 z1=65,B,156.672,156.773,2026.05.11 04:10,1,2026.05.12 08:55,157.714,156.726"
412,JUNE0525-B162,1617DC1ACCE6B50ED2D1359582A70A8B8503C569623EE90C18C6B33542796207,Tester/logs/20261011.log,981690,2026-06-04,10:10,B152PR,"LQ	0	00:09:04.445	Core 04	2026.06.04 10:10:01   [SRJ-IND] B152PR sym=USDJPY bar=2026.06.04 10:05 z1=78,B,156.578,156.584,2026.05.11 00:35,1,2026.05.11 00:40,156.644,156.537"
413,JUNE0525-B162,1617DC1ACCE6B50ED2D1359582A70A8B8503C569623EE90C18C6B33542796207,Tester/logs/20261011.log,981691,2026-06-04,10:10,B152PR,"ND	0	00:09:04.445	Core 04	2026.06.04 10:10:01   [SRJ-IND] B152PR sym=USDJPY bar=2026.06.04 10:05 z1=212,B,157.028,157.060,2026.05.11 19:20,1,2026.05.12 00:00,157.152,157.050"
414,JUNE0525-B162,1617DC1ACCE6B50ED2D1359582A70A8B8503C569623EE90C18C6B33542796207,Tester/logs/20261011.log,981692,2026-06-04,10:10,B152PR,"RN	0	00:09:04.445	Core 04	2026.06.04 10:10:01   [SRJ-IND] B152PR sym=USDJPY bar=2026.06.04 10:05 z1=256,B,157.172,157.178,2026.05.12 01:25,1,2026.05.12 08:55,157.714,156.726"
415,JUNE0525-B162,1617DC1ACCE6B50ED2D1359582A70A8B8503C569623EE90C18C6B33542796207,Tester/logs/20261011.log,981693,2026-06-04,10:10,B152PR,"DP	0	00:09:04.445	Core 04	2026.06.04 10:10:01   [SRJ-IND] B152PR sym=USDJPY bar=2026.06.04 10:05 z1=261,B,157.184,157.192,2026.05.12 03:00,1,2026.05.12 08:55,157.714,156.726"
416,JUNE0525-B162,1617DC1ACCE6B50ED2D1359582A70A8B8503C569623EE90C18C6B33542796207,Tester/logs/20261011.log,981694,2026-06-04,10:10,B152PR,"DE	0	00:09:04.445	Core 04	2026.06.04 10:10:01   [SRJ-IND] B152PR sym=USDJPY bar=2026.06.04 10:05 z1=313,B,157.331,157.497,2026.05.12 10:00,1,2026.05.12 10:10,157.546,157.487"
417,JUNE0525-B162,1617DC1ACCE6B50ED2D1359582A70A8B8503C569623EE90C18C6B33542796207,Tester/logs/20261011.log,981695,2026-06-04,10:10,B152PR,"MO	0	00:09:04.445	Core 04	2026.06.04 10:10:01   [SRJ-IND] B152PR sym=USDJPY bar=2026.06.04 10:05 z1=414,B,157.517,157.589,2026.05.13 01:10,1,2026.05.13 01:20,157.607,157.587"
418,JUNE0525-B162,1617DC1ACCE6B50ED2D1359582A70A8B8503C569623EE90C18C6B33542796207,Tester/logs/20261011.log,981696,2026-06-04,10:10,B152PR,"FQ	0	00:09:04.445	Core 04	2026.06.04 10:10:01   [SRJ-IND] B152PR sym=USDJPY bar=2026.06.04 10:05 z1=447,B,157.562,157.648,2026.05.13 06:20,1,2026.05.13 06:25,157.662,157.648"
419,JUNE0525-B162,1617DC1ACCE6B50ED2D1359582A70A8B8503C569623EE90C18C6B33542796207,Tester/logs/20261011.log,981697,2026-06-04,10:10,B152PR,"IK	0	00:09:04.445	Core 04	2026.06.04 10:10:01   [SRJ-IND] B152PR sym=USDJPY bar=2026.06.04 10:05 z1=449,B,157.599,157.654,2026.05.13 05:15,1,2026.05.13 05:45,157.687,157.652"
420,JUNE0525-B162,1617DC1ACCE6B50ED2D1359582A70A8B8503C569623EE90C18C6B33542796207,Tester/logs/20261011.log,981698,2026-06-04,10:10,B152PR,"DM	0	00:09:04.445	Core 04	2026.06.04 10:10:01   [SRJ-IND] B152PR sym=USDJPY bar=2026.06.04 10:05 z1=460,B,157.645,157.660,2026.05.13 07:05,1,2026.05.14 00:25,157.812,157.650"
421,JUNE0525-B162,1617DC1ACCE6B50ED2D1359582A70A8B8503C569623EE90C18C6B33542796207,Tester/logs/20261011.log,981699,2026-06-04,10:10,B152PR,"HG	0	00:09:04.445	Core 04	2026.06.04 10:10:01   [SRJ-IND] B152PR sym=USDJPY bar=2026.06.04 10:05 z1=696,B,157.568,158.167,2026.05.14 18:05,1,2026.05.14 18:10,158.191,158.119"
422,JUNE0525-B162,1617DC1ACCE6B50ED2D1359582A70A8B8503C569623EE90C18C6B33542796207,Tester/logs/20261011.log,981700,2026-06-04,10:10,B152PR,"LI	0	00:09:04.445	Core 04	2026.06.04 10:10:01   [SRJ-IND] B152PR sym=USDJPY bar=2026.06.04 10:05 z1=714,B,158.107,158.142,2026.05.14 19:30,1,2026.05.14 20:00,158.169,158.142"
423,JUNE0525-B162,1617DC1ACCE6B50ED2D1359582A70A8B8503C569623EE90C18C6B33542796207,Tester/logs/20261011.log,981701,2026-06-04,10:10,B152PR,"QS	0	00:09:04.445	Core 04	2026.06.04 10:10:01   [SRJ-IND] B152PR sym=USDJPY bar=2026.06.04 10:05 z1=724,B,158.168,158.186,2026.05.14 21:00,1,2026.05.14 21:05,158.191,158.182"
424,JUNE0525-B162,1617DC1ACCE6B50ED2D1359582A70A8B8503C569623EE90C18C6B33542796207,Tester/logs/20261011.log,981702,2026-06-04,10:10,B152PR,"GG	0	00:09:04.445	Core 04	2026.06.04 10:10:01   [SRJ-IND] B152PR sym=USDJPY bar=2026.06.04 10:05 z1=1405,B,158.735,158.769,2026.05.20 19:00,1,2026.05.20 19:05,158.816,158.753"
425,JUNE0525-B162,1617DC1ACCE6B50ED2D1359582A70A8B8503C569623EE90C18C6B33542796207,Tester/logs/20261011.log,981703,2026-06-04,10:10,B152PR,"MM	0	00:09:04.445	Core 04	2026.06.04 10:10:01   [SRJ-IND] B152PR sym=USDJPY bar=2026.06.04 10:05 z1=1779,B,158.756,158.800,2026.05.25 06:45,1,2026.05.26 00:00,158.887,158.784"
426,JUNE0525-B162,1617DC1ACCE6B50ED2D1359582A70A8B8503C569623EE90C18C6B33542796207,Tester/logs/20261011.log,981704,2026-06-04,10:10,B152PR,"PS	0	00:09:04.445	Core 04	2026.06.04 10:10:01   [SRJ-IND] B152PR sym=USDJPY bar=2026.06.04 10:05 z1=1780,B,158.789,158.814,2026.05.25 04:50,1,2026.05.26 00:00,158.887,158.784"
427,JUNE0525-B162,1617DC1ACCE6B50ED2D1359582A70A8B8503C569623EE90C18C6B33542796207,Tester/logs/20261011.log,981705,2026-06-04,10:10,B152PR,"II	0	00:09:04.445	Core 04	2026.06.04 10:10:01   [SRJ-IND] B152PR sym=USDJPY bar=2026.06.04 10:05 z1=1949,B,158.916,158.934,2026.05.26 07:25,1,2026.05.26 07:30,158.942,158.934"
428,JUNE0525-B162,1617DC1ACCE6B50ED2D1359582A70A8B8503C569623EE90C18C6B33542796207,Tester/logs/20261011.log,981706,2026-06-04,10:10,B152PR,"PO	0	00:09:04.445	Core 04	2026.06.04 10:10:01   [SRJ-IND] B152PR sym=USDJPY bar=2026.06.04 10:05 z1=2509,B,159.134,159.195,2026.05.29 19:10,1,2026.05.29 19:35,159.215,159.186"
429,JUNE0525-B162,1617DC1ACCE6B50ED2D1359582A70A8B8503C569623EE90C18C6B33542796207,Tester/logs/20261011.log,981707,2026-06-04,10:10,B152PR,"QE	0	00:09:04.445	Core 04	2026.06.04 10:10:01   [SRJ-IND] B152PR sym=USDJPY bar=2026.06.04 10:05 z1=2566,B,159.382,159.407,2026.06.01 03:15,1,2026.06.03 11:30,159.790,159.368"
430,JUNE0525-B162,1617DC1ACCE6B50ED2D1359582A70A8B8503C569623EE90C18C6B33542796207,Tester/logs/20261011.log,981708,2026-06-04,10:10,B152PR,"GK	0	00:09:04.445	Core 04	2026.06.04 10:10:01   [SRJ-IND] B152PR sym=USDJPY bar=2026.06.04 10:05 z1=2648,B,159.435,159.481,2026.06.01 16:00,1,2026.06.03 11:30,159.790,159.368"
431,JUNE0525-B162,1617DC1ACCE6B50ED2D1359582A70A8B8503C569623EE90C18C6B33542796207,Tester/logs/20261011.log,981709,2026-06-04,10:10,B152PR,"LQ	0	00:09:04.445	Core 04	2026.06.04 10:10:01   [SRJ-IND] B152PR sym=USDJPY bar=2026.06.04 10:05 z1=2716,B,159.576,159.603,2026.06.02 03:10,1,2026.06.03 10:35,159.787,159.550"
432,JUNE0525-B162,1617DC1ACCE6B50ED2D1359582A70A8B8503C569623EE90C18C6B33542796207,Tester/logs/20261011.log,981710,2026-06-04,10:10,B152PR,"FG	0	00:09:04.445	Core 04	2026.06.04 10:10:01   [SRJ-IND] B152PR sym=USDJPY bar=2026.06.04 10:05 z1=2720,B,159.586,159.605,2026.06.02 01:05,1,2026.06.03 10:35,159.787,159.550"
433,JUNE0525-B162,1617DC1ACCE6B50ED2D1359582A70A8B8503C569623EE90C18C6B33542796207,Tester/logs/20261011.log,981711,2026-06-04,10:10,B152PR,"JM	0	00:09:04.445	Core 04	2026.06.04 10:10:01   [SRJ-IND] B152PR sym=USDJPY bar=2026.06.04 10:05 z1=2945,B,159.579,159.675,2026.06.03 11:15,1,2026.06.03 11:25,159.727,159.674"
434,JUNE0525-B162,1617DC1ACCE6B50ED2D1359582A70A8B8503C569623EE90C18C6B33542796207,Tester/logs/20261011.log,981712,2026-06-04,10:10,B152PR,"NS	0	00:09:04.445	Core 04	2026.06.04 10:10:01   [SRJ-IND] B152PR sym=USDJPY bar=2026.06.04 10:05 z1=3099,B,159.797,159.868,2026.06.04 08:15,1,2026.06.04 08:50,159.895,159.859"
435,JUNE0525-B162,1617DC1ACCE6B50ED2D1359582A70A8B8503C569623EE90C18C6B33542796207,Tester/logs/20261011.log,981713,2026-06-04,10:10,B152PR,"QK	0	00:09:04.445	Core 04	2026.06.04 10:10:01   [SRJ-IND] B152PR sym=USDJPY bar=2026.06.04 10:05 bull=1 bear=0 nz=24"
436,JUNE0525-B162,1617DC1ACCE6B50ED2D1359582A70A8B8503C569623EE90C18C6B33542796207,Tester/logs/20261011.log,981714,2026-06-04,10:10,B162ORIGIN,"LH	0	00:09:04.445	Core 04	2026.06.04 10:10:01   [SRJ-IND] B162ORIGIN sym=USDJPY bar=2026.06.04 10:05 side=B n=24 origin=3099 range=159.797-159.868 formT=2026.06.04 07:40 set=65,78,212,256,261,313,414,447,449,460,696,714,724,1405,1779,1780,1949,2509,2566,2648,2716,2720,2945,3099"
437,JUNE0525-B162,1617DC1ACCE6B50ED2D1359582A70A8B8503C569623EE90C18C6B33542796207,Tester/logs/20261011.log,981715,2026-06-04,10:10,B162ORIGIN,"KG	0	00:09:04.445	Core 04	2026.06.04 10:10:01   [SRJ-IND] B162ORIGIN sym=USDJPY bar=2026.06.04 10:05 side=S n=0 origin=NONE range=- formT=- set=-"
438,JUNE0525-B162,1617DC1ACCE6B50ED2D1359582A70A8B8503C569623EE90C18C6B33542796207,Tester/logs/20261011.log,981719,2026-06-04,10:10,CQDRECHECK,"MO	0	00:09:04.445	Core 04	2026.06.04 10:10:01   [SRJ-EA] CQDRECHECK shift=2 passA=-2.0 passB=-2.0 diff=0 bar=2026.06.04 10:00 state=S1_REGIME dir=LONG divLatch=0 hit1=0 hit2=579 mism=0"
439,JUNE0525-B162,1617DC1ACCE6B50ED2D1359582A70A8B8503C569623EE90C18C6B33542796207,Tester/logs/20261011.log,981726,2026-06-04,10:10,CONFIRMPOLL,"CE	0	00:09:04.445	Core 04	2026.06.04 10:10:01   [SRJ-EA] CONFIRMPOLL bar=2026.06.04 10:05 anchor=Daily-POC dir=LONG oppCandle=1 bodyDir=0 body=1pts doji=0 touchAttr=1 confirm=0 shadow=true"
440,JUNE0525-B162,1617DC1ACCE6B50ED2D1359582A70A8B8503C569623EE90C18C6B33542796207,Tester/logs/20261011.log,981731,2026-06-04,10:15,B152PR,"PJ	0	00:09:04.445	Core 04	2026.06.04 10:15:02   [SRJ-IND] B152PR sym=USDJPY bar=2026.06.04 10:10 z1=65,B,156.672,156.773,2026.05.11 04:10,1,2026.05.12 08:55,157.714,156.726"
441,JUNE0525-B162,1617DC1ACCE6B50ED2D1359582A70A8B8503C569623EE90C18C6B33542796207,Tester/logs/20261011.log,981732,2026-06-04,10:15,B152PR,"HP	0	00:09:04.445	Core 04	2026.06.04 10:15:02   [SRJ-IND] B152PR sym=USDJPY bar=2026.06.04 10:10 z1=78,B,156.578,156.584,2026.05.11 00:35,1,2026.05.11 00:40,156.644,156.537"
442,JUNE0525-B162,1617DC1ACCE6B50ED2D1359582A70A8B8503C569623EE90C18C6B33542796207,Tester/logs/20261011.log,981733,2026-06-04,10:15,B152PR,"RE	0	00:09:04.445	Core 04	2026.06.04 10:15:02   [SRJ-IND] B152PR sym=USDJPY bar=2026.06.04 10:10 z1=212,B,157.028,157.060,2026.05.11 19:20,1,2026.05.12 00:00,157.152,157.050"
443,JUNE0525-B162,1617DC1ACCE6B50ED2D1359582A70A8B8503C569623EE90C18C6B33542796207,Tester/logs/20261011.log,981734,2026-06-04,10:15,B152PR,"RO	0	00:09:04.445	Core 04	2026.06.04 10:15:02   [SRJ-IND] B152PR sym=USDJPY bar=2026.06.04 10:10 z1=256,B,157.172,157.178,2026.05.12 01:25,1,2026.05.12 08:55,157.714,156.726"
444,JUNE0525-B162,1617DC1ACCE6B50ED2D1359582A70A8B8503C569623EE90C18C6B33542796207,Tester/logs/20261011.log,981735,2026-06-04,10:15,B152PR,"PP	0	00:09:04.445	Core 04	2026.06.04 10:15:02   [SRJ-IND] B152PR sym=USDJPY bar=2026.06.04 10:10 z1=261,B,157.184,157.192,2026.05.12 03:00,1,2026.05.12 08:55,157.714,156.726"
445,JUNE0525-B162,1617DC1ACCE6B50ED2D1359582A70A8B8503C569623EE90C18C6B33542796207,Tester/logs/20261011.log,981736,2026-06-04,10:15,B152PR,"DJ	0	00:09:04.445	Core 04	2026.06.04 10:15:02   [SRJ-IND] B152PR sym=USDJPY bar=2026.06.04 10:10 z1=313,B,157.331,157.497,2026.05.12 10:00,1,2026.05.12 10:10,157.546,157.487"
446,JUNE0525-B162,1617DC1ACCE6B50ED2D1359582A70A8B8503C569623EE90C18C6B33542796207,Tester/logs/20261011.log,981737,2026-06-04,10:15,B152PR,"QL	0	00:09:04.445	Core 04	2026.06.04 10:15:02   [SRJ-IND] B152PR sym=USDJPY bar=2026.06.04 10:10 z1=414,B,157.517,157.589,2026.05.13 01:10,1,2026.05.13 01:20,157.607,157.587"
447,JUNE0525-B162,1617DC1ACCE6B50ED2D1359582A70A8B8503C569623EE90C18C6B33542796207,Tester/logs/20261011.log,981738,2026-06-04,10:15,B152PR,"FF	0	00:09:04.445	Core 04	2026.06.04 10:15:02   [SRJ-IND] B152PR sym=USDJPY bar=2026.06.04 10:10 z1=447,B,157.562,157.648,2026.05.13 06:20,1,2026.05.13 06:25,157.662,157.648"
448,JUNE0525-B162,1617DC1ACCE6B50ED2D1359582A70A8B8503C569623EE90C18C6B33542796207,Tester/logs/20261011.log,981739,2026-06-04,10:15,B152PR,"MH	0	00:09:04.445	Core 04	2026.06.04 10:15:02   [SRJ-IND] B152PR sym=USDJPY bar=2026.06.04 10:10 z1=449,B,157.599,157.654,2026.05.13 05:15,1,2026.05.13 05:45,157.687,157.652"
449,JUNE0525-B162,1617DC1ACCE6B50ED2D1359582A70A8B8503C569623EE90C18C6B33542796207,Tester/logs/20261011.log,981740,2026-06-04,10:15,B152PR,"DR	0	00:09:04.445	Core 04	2026.06.04 10:15:02   [SRJ-IND] B152PR sym=USDJPY bar=2026.06.04 10:10 z1=460,B,157.645,157.660,2026.05.13 07:05,1,2026.05.14 00:25,157.812,157.650"
450,JUNE0525-B162,1617DC1ACCE6B50ED2D1359582A70A8B8503C569623EE90C18C6B33542796207,Tester/logs/20261011.log,981741,2026-06-04,10:15,B152PR,"DD	0	00:09:04.445	Core 04	2026.06.04 10:15:02   [SRJ-IND] B152PR sym=USDJPY bar=2026.06.04 10:10 z1=696,B,157.568,158.167,2026.05.14 18:05,1,2026.05.14 18:10,158.191,158.119"
451,JUNE0525-B162,1617DC1ACCE6B50ED2D1359582A70A8B8503C569623EE90C18C6B33542796207,Tester/logs/20261011.log,981742,2026-06-04,10:15,B152PR,"LN	0	00:09:04.445	Core 04	2026.06.04 10:15:02   [SRJ-IND] B152PR sym=USDJPY bar=2026.06.04 10:10 z1=714,B,158.107,158.142,2026.05.14 19:30,1,2026.05.14 20:00,158.169,158.142"
452,JUNE0525-B162,1617DC1ACCE6B50ED2D1359582A70A8B8503C569623EE90C18C6B33542796207,Tester/logs/20261011.log,981743,2026-06-04,10:15,B152PR,"ES	0	00:09:04.445	Core 04	2026.06.04 10:15:02   [SRJ-IND] B152PR sym=USDJPY bar=2026.06.04 10:10 z1=724,B,158.168,158.186,2026.05.14 21:00,1,2026.05.14 21:05,158.191,158.182"
453,JUNE0525-B162,1617DC1ACCE6B50ED2D1359582A70A8B8503C569623EE90C18C6B33542796207,Tester/logs/20261011.log,981744,2026-06-04,10:15,B152PR,"GF	0	00:09:04.445	Core 04	2026.06.04 10:15:02   [SRJ-IND] B152PR sym=USDJPY bar=2026.06.04 10:10 z1=1405,B,158.735,158.769,2026.05.20 19:00,1,2026.05.20 19:05,158.816,158.753"
454,JUNE0525-B162,1617DC1ACCE6B50ED2D1359582A70A8B8503C569623EE90C18C6B33542796207,Tester/logs/20261011.log,981745,2026-06-04,10:15,B152PR,"ML	0	00:09:04.445	Core 04	2026.06.04 10:15:02   [SRJ-IND] B152PR sym=USDJPY bar=2026.06.04 10:10 z1=1779,B,158.756,158.800,2026.05.25 06:45,1,2026.05.26 00:00,158.887,158.784"
455,JUNE0525-B162,1617DC1ACCE6B50ED2D1359582A70A8B8503C569623EE90C18C6B33542796207,Tester/logs/20261011.log,981746,2026-06-04,10:15,B152PR,"PR	0	00:09:04.445	Core 04	2026.06.04 10:15:02   [SRJ-IND] B152PR sym=USDJPY bar=2026.06.04 10:10 z1=1780,B,158.789,158.814,2026.05.25 04:50,1,2026.05.26 00:00,158.887,158.784"
456,JUNE0525-B162,1617DC1ACCE6B50ED2D1359582A70A8B8503C569623EE90C18C6B33542796207,Tester/logs/20261011.log,981747,2026-06-04,10:15,B152PR,"IH	0	00:09:04.445	Core 04	2026.06.04 10:15:02   [SRJ-IND] B152PR sym=USDJPY bar=2026.06.04 10:10 z1=1949,B,158.916,158.934,2026.05.26 07:25,1,2026.05.26 07:30,158.942,158.934"
457,JUNE0525-B162,1617DC1ACCE6B50ED2D1359582A70A8B8503C569623EE90C18C6B33542796207,Tester/logs/20261011.log,981748,2026-06-04,10:15,B152PR,"PN	0	00:09:04.445	Core 04	2026.06.04 10:15:02   [SRJ-IND] B152PR sym=USDJPY bar=2026.06.04 10:10 z1=2509,B,159.134,159.195,2026.05.29 19:10,1,2026.05.29 19:35,159.215,159.186"
458,JUNE0525-B162,1617DC1ACCE6B50ED2D1359582A70A8B8503C569623EE90C18C6B33542796207,Tester/logs/20261011.log,981749,2026-06-04,10:15,B152PR,"QD	0	00:09:04.445	Core 04	2026.06.04 10:15:02   [SRJ-IND] B152PR sym=USDJPY bar=2026.06.04 10:10 z1=2566,B,159.382,159.407,2026.06.01 03:15,1,2026.06.03 11:30,159.790,159.368"
459,JUNE0525-B162,1617DC1ACCE6B50ED2D1359582A70A8B8503C569623EE90C18C6B33542796207,Tester/logs/20261011.log,981750,2026-06-04,10:15,B152PR,"GJ	0	00:09:04.445	Core 04	2026.06.04 10:15:02   [SRJ-IND] B152PR sym=USDJPY bar=2026.06.04 10:10 z1=2648,B,159.435,159.481,2026.06.01 16:00,1,2026.06.03 11:30,159.790,159.368"
460,JUNE0525-B162,1617DC1ACCE6B50ED2D1359582A70A8B8503C569623EE90C18C6B33542796207,Tester/logs/20261011.log,981751,2026-06-04,10:15,B152PR,"LP	0	00:09:04.445	Core 04	2026.06.04 10:15:02   [SRJ-IND] B152PR sym=USDJPY bar=2026.06.04 10:10 z1=2716,B,159.576,159.603,2026.06.02 03:10,1,2026.06.03 10:35,159.787,159.550"
461,JUNE0525-B162,1617DC1ACCE6B50ED2D1359582A70A8B8503C569623EE90C18C6B33542796207,Tester/logs/20261011.log,981752,2026-06-04,10:15,B152PR,"FF	0	00:09:04.445	Core 04	2026.06.04 10:15:02   [SRJ-IND] B152PR sym=USDJPY bar=2026.06.04 10:10 z1=2720,B,159.586,159.605,2026.06.02 01:05,1,2026.06.03 10:35,159.787,159.550"
462,JUNE0525-B162,1617DC1ACCE6B50ED2D1359582A70A8B8503C569623EE90C18C6B33542796207,Tester/logs/20261011.log,981753,2026-06-04,10:15,B152PR,"JL	0	00:09:04.445	Core 04	2026.06.04 10:15:02   [SRJ-IND] B152PR sym=USDJPY bar=2026.06.04 10:10 z1=2945,B,159.579,159.675,2026.06.03 11:15,1,2026.06.03 11:25,159.727,159.674"
463,JUNE0525-B162,1617DC1ACCE6B50ED2D1359582A70A8B8503C569623EE90C18C6B33542796207,Tester/logs/20261011.log,981754,2026-06-04,10:15,B152PR,"NR	0	00:09:04.445	Core 04	2026.06.04 10:15:02   [SRJ-IND] B152PR sym=USDJPY bar=2026.06.04 10:10 z1=3099,B,159.797,159.868,2026.06.04 08:15,1,2026.06.04 08:50,159.895,159.859"
464,JUNE0525-B162,1617DC1ACCE6B50ED2D1359582A70A8B8503C569623EE90C18C6B33542796207,Tester/logs/20261011.log,981755,2026-06-04,10:15,B152PR,"QJ	0	00:09:04.445	Core 04	2026.06.04 10:15:02   [SRJ-IND] B152PR sym=USDJPY bar=2026.06.04 10:10 bull=1 bear=0 nz=24"
465,JUNE0525-B162,1617DC1ACCE6B50ED2D1359582A70A8B8503C569623EE90C18C6B33542796207,Tester/logs/20261011.log,981756,2026-06-04,10:15,B162ORIGIN,"LG	0	00:09:04.445	Core 04	2026.06.04 10:15:02   [SRJ-IND] B162ORIGIN sym=USDJPY bar=2026.06.04 10:10 side=B n=24 origin=3099 range=159.797-159.868 formT=2026.06.04 07:40 set=65,78,212,256,261,313,414,447,449,460,696,714,724,1405,1779,1780,1949,2509,2566,2648,2716,2720,2945,3099"
466,JUNE0525-B162,1617DC1ACCE6B50ED2D1359582A70A8B8503C569623EE90C18C6B33542796207,Tester/logs/20261011.log,981757,2026-06-04,10:15,B162ORIGIN,"KF	0	00:09:04.445	Core 04	2026.06.04 10:15:02   [SRJ-IND] B162ORIGIN sym=USDJPY bar=2026.06.04 10:10 side=S n=0 origin=NONE range=- formT=- set=-"
467,JUNE0525-B162,1617DC1ACCE6B50ED2D1359582A70A8B8503C569623EE90C18C6B33542796207,Tester/logs/20261011.log,981762,2026-06-04,10:15,CQDRECHECK,"DP	0	00:09:04.445	Core 04	2026.06.04 10:15:02   [SRJ-EA] CQDRECHECK shift=2 passA=-2.0 passB=-2.0 diff=0 bar=2026.06.04 10:05 state=S1_REGIME dir=LONG divLatch=0 hit1=0 hit2=580 mism=0"
468,JUNE0525-B162,1617DC1ACCE6B50ED2D1359582A70A8B8503C569623EE90C18C6B33542796207,Tester/logs/20261011.log,981769,2026-06-04,10:15,CONFIRMPOLL,"JK	0	00:09:04.445	Core 04	2026.06.04 10:15:02   [SRJ-EA] CONFIRMPOLL bar=2026.06.04 10:10 anchor=Daily-POC dir=LONG oppCandle=1 bodyDir=1 body=2pts doji=0 touchAttr=1 confirm=1 shadow=true"
469,JUNE0525-B162,1617DC1ACCE6B50ED2D1359582A70A8B8503C569623EE90C18C6B33542796207,Tester/logs/20261011.log,981773,2026-06-04,10:20,B152PR,"IP	0	00:09:04.445	Core 04	2026.06.04 10:20:00   [SRJ-IND] B152PR sym=USDJPY bar=2026.06.04 10:15 z1=65,B,156.672,156.773,2026.05.11 04:10,1,2026.05.12 08:55,157.714,156.726"
470,JUNE0525-B162,1617DC1ACCE6B50ED2D1359582A70A8B8503C569623EE90C18C6B33542796207,Tester/logs/20261011.log,981774,2026-06-04,10:20,B152PR,"QG	0	00:09:04.445	Core 04	2026.06.04 10:20:00   [SRJ-IND] B152PR sym=USDJPY bar=2026.06.04 10:15 z1=78,B,156.578,156.584,2026.05.11 00:35,1,2026.05.11 00:40,156.644,156.537"
471,JUNE0525-B162,1617DC1ACCE6B50ED2D1359582A70A8B8503C569623EE90C18C6B33542796207,Tester/logs/20261011.log,981775,2026-06-04,10:20,B152PR,"GN	0	00:09:04.445	Core 04	2026.06.04 10:20:00   [SRJ-IND] B152PR sym=USDJPY bar=2026.06.04 10:15 z1=212,B,157.028,157.060,2026.05.11 19:20,1,2026.05.12 00:00,157.152,157.050"
472,JUNE0525-B162,1617DC1ACCE6B50ED2D1359582A70A8B8503C569623EE90C18C6B33542796207,Tester/logs/20261011.log,981776,2026-06-04,10:20,B152PR,"KP	0	00:09:04.445	Core 04	2026.06.04 10:20:00   [SRJ-IND] B152PR sym=USDJPY bar=2026.06.04 10:15 z1=256,B,157.172,157.178,2026.05.12 01:25,1,2026.05.12 08:55,157.714,156.726"
473,JUNE0525-B162,1617DC1ACCE6B50ED2D1359582A70A8B8503C569623EE90C18C6B33542796207,Tester/logs/20261011.log,981777,2026-06-04,10:20,B152PR,"IJ	0	00:09:04.445	Core 04	2026.06.04 10:20:00   [SRJ-IND] B152PR sym=USDJPY bar=2026.06.04 10:15 z1=261,B,157.184,157.192,2026.05.12 03:00,1,2026.05.12 08:55,157.714,156.726"
474,JUNE0525-B162,1617DC1ACCE6B50ED2D1359582A70A8B8503C569623EE90C18C6B33542796207,Tester/logs/20261011.log,981778,2026-06-04,10:20,B152PR,"QL	0	00:09:04.445	Core 04	2026.06.04 10:20:00   [SRJ-IND] B152PR sym=USDJPY bar=2026.06.04 10:15 z1=313,B,157.331,157.497,2026.05.12 10:00,1,2026.05.12 10:10,157.546,157.487"
475,JUNE0525-B162,1617DC1ACCE6B50ED2D1359582A70A8B8503C569623EE90C18C6B33542796207,Tester/logs/20261011.log,981779,2026-06-04,10:20,B152PR,"HF	0	00:09:04.445	Core 04	2026.06.04 10:20:00   [SRJ-IND] B152PR sym=USDJPY bar=2026.06.04 10:15 z1=414,B,157.517,157.589,2026.05.13 01:10,1,2026.05.13 01:20,157.607,157.587"
476,JUNE0525-B162,1617DC1ACCE6B50ED2D1359582A70A8B8503C569623EE90C18C6B33542796207,Tester/logs/20261011.log,981780,2026-06-04,10:20,B152PR,"GK	0	00:09:04.445	Core 04	2026.06.04 10:20:00   [SRJ-IND] B152PR sym=USDJPY bar=2026.06.04 10:15 z1=447,B,157.562,157.648,2026.05.13 06:20,1,2026.05.13 06:25,157.662,157.648"
477,JUNE0525-B162,1617DC1ACCE6B50ED2D1359582A70A8B8503C569623EE90C18C6B33542796207,Tester/logs/20261011.log,981781,2026-06-04,10:20,B152PR,"DM	0	00:09:04.445	Core 04	2026.06.04 10:20:00   [SRJ-IND] B152PR sym=USDJPY bar=2026.06.04 10:15 z1=449,B,157.599,157.654,2026.05.13 05:15,1,2026.05.13 05:45,157.687,157.652"
478,JUNE0525-B162,1617DC1ACCE6B50ED2D1359582A70A8B8503C569623EE90C18C6B33542796207,Tester/logs/20261011.log,981782,2026-06-04,10:20,B152PR,"QG	0	00:09:04.445	Core 04	2026.06.04 10:20:00   [SRJ-IND] B152PR sym=USDJPY bar=2026.06.04 10:15 z1=460,B,157.645,157.660,2026.05.13 07:05,1,2026.05.14 00:25,157.812,157.650"
479,JUNE0525-B162,1617DC1ACCE6B50ED2D1359582A70A8B8503C569623EE90C18C6B33542796207,Tester/logs/20261011.log,981783,2026-06-04,10:20,B152PR,"MI	0	00:09:04.445	Core 04	2026.06.04 10:20:00   [SRJ-IND] B152PR sym=USDJPY bar=2026.06.04 10:15 z1=696,B,157.568,158.167,2026.05.14 18:05,1,2026.05.14 18:10,158.191,158.119"
480,JUNE0525-B162,1617DC1ACCE6B50ED2D1359582A70A8B8503C569623EE90C18C6B33542796207,Tester/logs/20261011.log,981784,2026-06-04,10:20,B152PR,"QS	0	00:09:04.445	Core 04	2026.06.04 10:20:00   [SRJ-IND] B152PR sym=USDJPY bar=2026.06.04 10:15 z1=714,B,158.107,158.142,2026.05.14 19:30,1,2026.05.14 20:00,158.169,158.142"
481,JUNE0525-B162,1617DC1ACCE6B50ED2D1359582A70A8B8503C569623EE90C18C6B33542796207,Tester/logs/20261011.log,981785,2026-06-04,10:20,B152PR,"LE	0	00:09:04.445	Core 04	2026.06.04 10:20:00   [SRJ-IND] B152PR sym=USDJPY bar=2026.06.04 10:15 z1=724,B,158.168,158.186,2026.05.14 21:00,1,2026.05.14 21:05,158.191,158.182"
482,JUNE0525-B162,1617DC1ACCE6B50ED2D1359582A70A8B8503C569623EE90C18C6B33542796207,Tester/logs/20261011.log,981786,2026-06-04,10:20,B152PR,"NL	0	00:09:04.445	Core 04	2026.06.04 10:20:00   [SRJ-IND] B152PR sym=USDJPY bar=2026.06.04 10:15 z1=1405,B,158.735,158.769,2026.05.20 19:00,1,2026.05.20 19:05,158.816,158.753"
483,JUNE0525-B162,1617DC1ACCE6B50ED2D1359582A70A8B8503C569623EE90C18C6B33542796207,Tester/logs/20261011.log,981787,2026-06-04,10:20,B152PR,"HR	0	00:09:04.445	Core 04	2026.06.04 10:20:00   [SRJ-IND] B152PR sym=USDJPY bar=2026.06.04 10:15 z1=1779,B,158.756,158.800,2026.05.25 06:45,1,2026.05.26 00:00,158.887,158.784"
484,JUNE0525-B162,1617DC1ACCE6B50ED2D1359582A70A8B8503C569623EE90C18C6B33542796207,Tester/logs/20261011.log,981788,2026-06-04,10:20,B152PR,"EH	0	00:09:04.445	Core 04	2026.06.04 10:20:00   [SRJ-IND] B152PR sym=USDJPY bar=2026.06.04 10:15 z1=1780,B,158.789,158.814,2026.05.25 04:50,1,2026.05.26 00:00,158.887,158.784"
485,JUNE0525-B162,1617DC1ACCE6B50ED2D1359582A70A8B8503C569623EE90C18C6B33542796207,Tester/logs/20261011.log,981789,2026-06-04,10:20,B152PR,"LN	0	00:09:04.445	Core 04	2026.06.04 10:20:00   [SRJ-IND] B152PR sym=USDJPY bar=2026.06.04 10:15 z1=1949,B,158.916,158.934,2026.05.26 07:25,1,2026.05.26 07:30,158.942,158.934"
486,JUNE0525-B162,1617DC1ACCE6B50ED2D1359582A70A8B8503C569623EE90C18C6B33542796207,Tester/logs/20261011.log,981790,2026-06-04,10:20,B152PR,"ED	0	00:09:04.445	Core 04	2026.06.04 10:20:00   [SRJ-IND] B152PR sym=USDJPY bar=2026.06.04 10:15 z1=2509,B,159.134,159.195,2026.05.29 19:10,1,2026.05.29 19:35,159.215,159.186"
487,JUNE0525-B162,1617DC1ACCE6B50ED2D1359582A70A8B8503C569623EE90C18C6B33542796207,Tester/logs/20261011.log,981791,2026-06-04,10:20,B152PR,"DJ	0	00:09:04.445	Core 04	2026.06.04 10:20:00   [SRJ-IND] B152PR sym=USDJPY bar=2026.06.04 10:15 z1=2566,B,159.382,159.407,2026.06.01 03:15,1,2026.06.03 11:30,159.790,159.368"
488,JUNE0525-B162,1617DC1ACCE6B50ED2D1359582A70A8B8503C569623EE90C18C6B33542796207,Tester/logs/20261011.log,981792,2026-06-04,10:20,B152PR,"NP	0	00:09:04.445	Core 04	2026.06.04 10:20:00   [SRJ-IND] B152PR sym=USDJPY bar=2026.06.04 10:15 z1=2648,B,159.435,159.481,2026.06.01 16:00,1,2026.06.03 11:30,159.790,159.368"
489,JUNE0525-B162,1617DC1ACCE6B50ED2D1359582A70A8B8503C569623EE90C18C6B33542796207,Tester/logs/20261011.log,981793,2026-06-04,10:20,B152PR,"IF	0	00:09:04.445	Core 04	2026.06.04 10:20:00   [SRJ-IND] B152PR sym=USDJPY bar=2026.06.04 10:15 z1=2716,B,159.576,159.603,2026.06.02 03:10,1,2026.06.03 10:35,159.787,159.550"
490,JUNE0525-B162,1617DC1ACCE6B50ED2D1359582A70A8B8503C569623EE90C18C6B33542796207,Tester/logs/20261011.log,981794,2026-06-04,10:20,B152PR,"OL	0	00:09:04.445	Core 04	2026.06.04 10:20:00   [SRJ-IND] B152PR sym=USDJPY bar=2026.06.04 10:15 z1=2720,B,159.586,159.605,2026.06.02 01:05,1,2026.06.03 10:35,159.787,159.550"
491,JUNE0525-B162,1617DC1ACCE6B50ED2D1359582A70A8B8503C569623EE90C18C6B33542796207,Tester/logs/20261011.log,981795,2026-06-04,10:20,B152PR,"KR	0	00:09:04.445	Core 04	2026.06.04 10:20:00   [SRJ-IND] B152PR sym=USDJPY bar=2026.06.04 10:15 z1=2945,B,159.579,159.675,2026.06.03 11:15,1,2026.06.03 11:25,159.727,159.674"
492,JUNE0525-B162,1617DC1ACCE6B50ED2D1359582A70A8B8503C569623EE90C18C6B33542796207,Tester/logs/20261011.log,981796,2026-06-04,10:20,B152PR,"GH	0	00:09:04.445	Core 04	2026.06.04 10:20:00   [SRJ-IND] B152PR sym=USDJPY bar=2026.06.04 10:15 z1=3099,B,159.797,159.868,2026.06.04 08:15,1,2026.06.04 08:50,159.895,159.859"
493,JUNE0525-B162,1617DC1ACCE6B50ED2D1359582A70A8B8503C569623EE90C18C6B33542796207,Tester/logs/20261011.log,981797,2026-06-04,10:20,B152PR,"DL	0	00:09:04.445	Core 04	2026.06.04 10:20:00   [SRJ-IND] B152PR sym=USDJPY bar=2026.06.04 10:15 bull=1 bear=0 nz=24"
494,JUNE0525-B162,1617DC1ACCE6B50ED2D1359582A70A8B8503C569623EE90C18C6B33542796207,Tester/logs/20261011.log,981798,2026-06-04,10:20,B162ORIGIN,"QR	0	00:09:04.445	Core 04	2026.06.04 10:20:00   [SRJ-IND] B162ORIGIN sym=USDJPY bar=2026.06.04 10:15 side=B n=24 origin=3099 range=159.797-159.868 formT=2026.06.04 07:40 set=65,78,212,256,261,313,414,447,449,460,696,714,724,1405,1779,1780,1949,2509,2566,2648,2716,2720,2945,3099"
495,JUNE0525-B162,1617DC1ACCE6B50ED2D1359582A70A8B8503C569623EE90C18C6B33542796207,Tester/logs/20261011.log,981799,2026-06-04,10:20,B162ORIGIN,"RM	0	00:09:04.445	Core 04	2026.06.04 10:20:00   [SRJ-IND] B162ORIGIN sym=USDJPY bar=2026.06.04 10:15 side=S n=0 origin=NONE range=- formT=- set=-"
496,JUNE0525-B162,1617DC1ACCE6B50ED2D1359582A70A8B8503C569623EE90C18C6B33542796207,Tester/logs/20261011.log,981805,2026-06-04,10:20,CONFIRMPOLL,"NL	0	00:09:04.445	Core 04	2026.06.04 10:20:00   [SRJ-EA] CONFIRMPOLL bar=2026.06.04 10:15 anchor=Daily-POC dir=LONG oppCandle=0 bodyDir=0 body=6pts doji=0 touchAttr=1 confirm=0 shadow=true"
497,JUNE0525-B162,1617DC1ACCE6B50ED2D1359582A70A8B8503C569623EE90C18C6B33542796207,Tester/logs/20261011.log,981810,2026-06-04,10:25,B152PR,"LE	0	00:09:04.445	Core 04	2026.06.04 10:25:00   [SRJ-IND] B152PR sym=USDJPY bar=2026.06.04 10:20 z1=65,B,156.672,156.773,2026.05.11 04:10,1,2026.05.12 08:55,157.714,156.726"
498,JUNE0525-B162,1617DC1ACCE6B50ED2D1359582A70A8B8503C569623EE90C18C6B33542796207,Tester/logs/20261011.log,981811,2026-06-04,10:25,B152PR,"LK	0	00:09:04.445	Core 04	2026.06.04 10:25:00   [SRJ-IND] B152PR sym=USDJPY bar=2026.06.04 10:20 z1=78,B,156.578,156.584,2026.05.11 00:35,1,2026.05.11 00:40,156.644,156.537"
499,JUNE0525-B162,1617DC1ACCE6B50ED2D1359582A70A8B8503C569623EE90C18C6B33542796207,Tester/logs/20261011.log,981812,2026-06-04,10:25,B152PR,"NR	0	00:09:04.445	Core 04	2026.06.04 10:25:00   [SRJ-IND] B152PR sym=USDJPY bar=2026.06.04 10:20 z1=212,B,157.028,157.060,2026.05.11 19:20,1,2026.05.12 00:00,157.152,157.050"
500,JUNE0525-B162,1617DC1ACCE6B50ED2D1359582A70A8B8503C569623EE90C18C6B33542796207,Tester/logs/20261011.log,981813,2026-06-04,10:25,B152PR,"RD	0	00:09:04.445	Core 04	2026.06.04 10:25:00   [SRJ-IND] B152PR sym=USDJPY bar=2026.06.04 10:20 z1=256,B,157.172,157.178,2026.05.12 01:25,1,2026.05.12 08:55,157.714,156.726"
501,JUNE0525-B162,1617DC1ACCE6B50ED2D1359582A70A8B8503C569623EE90C18C6B33542796207,Tester/logs/20261011.log,981814,2026-06-04,10:25,B152PR,"DN	0	00:09:04.445	Core 04	2026.06.04 10:25:00   [SRJ-IND] B152PR sym=USDJPY bar=2026.06.04 10:20 z1=261,B,157.184,157.192,2026.05.12 03:00,1,2026.05.12 08:55,157.714,156.726"
502,JUNE0525-B162,1617DC1ACCE6B50ED2D1359582A70A8B8503C569623EE90C18C6B33542796207,Tester/logs/20261011.log,981815,2026-06-04,10:25,B152PR,"DS	0	00:09:04.445	Core 04	2026.06.04 10:25:00   [SRJ-IND] B152PR sym=USDJPY bar=2026.06.04 10:20 z1=313,B,157.331,157.497,2026.05.12 10:00,1,2026.05.12 10:10,157.546,157.487"
503,JUNE0525-B162,1617DC1ACCE6B50ED2D1359582A70A8B8503C569623EE90C18C6B33542796207,Tester/logs/20261011.log,981816,2026-06-04,10:25,B152PR,"ME	0	00:09:04.445	Core 04	2026.06.04 10:25:00   [SRJ-IND] B152PR sym=USDJPY bar=2026.06.04 10:20 z1=414,B,157.517,157.589,2026.05.13 01:10,1,2026.05.13 01:20,157.607,157.587"
504,JUNE0525-B162,1617DC1ACCE6B50ED2D1359582A70A8B8503C569623EE90C18C6B33542796207,Tester/logs/20261011.log,981817,2026-06-04,10:25,B152PR,"FO	0	00:09:04.445	Core 04	2026.06.04 10:25:00   [SRJ-IND] B152PR sym=USDJPY bar=2026.06.04 10:20 z1=447,B,157.562,157.648,2026.05.13 06:20,1,2026.05.13 06:25,157.662,157.648"
505,JUNE0525-B162,1617DC1ACCE6B50ED2D1359582A70A8B8503C569623EE90C18C6B33542796207,Tester/logs/20261011.log,981818,2026-06-04,10:25,B152PR,"IQ	0	00:09:04.445	Core 04	2026.06.04 10:25:00   [SRJ-IND] B152PR sym=USDJPY bar=2026.06.04 10:20 z1=449,B,157.599,157.654,2026.05.13 05:15,1,2026.05.13 05:45,157.687,157.652"
506,JUNE0525-B162,1617DC1ACCE6B50ED2D1359582A70A8B8503C569623EE90C18C6B33542796207,Tester/logs/20261011.log,981819,2026-06-04,10:25,B152PR,"DK	0	00:09:04.445	Core 04	2026.06.04 10:25:00   [SRJ-IND] B152PR sym=USDJPY bar=2026.06.04 10:20 z1=460,B,157.645,157.660,2026.05.13 07:05,1,2026.05.14 00:25,157.812,157.650"
507,JUNE0525-B162,1617DC1ACCE6B50ED2D1359582A70A8B8503C569623EE90C18C6B33542796207,Tester/logs/20261011.log,981820,2026-06-04,10:25,B152PR,"HM	0	00:09:04.445	Core 04	2026.06.04 10:25:00   [SRJ-IND] B152PR sym=USDJPY bar=2026.06.04 10:20 z1=696,B,157.568,158.167,2026.05.14 18:05,1,2026.05.14 18:10,158.191,158.119"
508,JUNE0525-B162,1617DC1ACCE6B50ED2D1359582A70A8B8503C569623EE90C18C6B33542796207,Tester/logs/20261011.log,981821,2026-06-04,10:25,B152PR,"LG	0	00:09:04.445	Core 04	2026.06.04 10:25:00   [SRJ-IND] B152PR sym=USDJPY bar=2026.06.04 10:20 z1=714,B,158.107,158.142,2026.05.14 19:30,1,2026.05.14 20:00,158.169,158.142"
509,JUNE0525-B162,1617DC1ACCE6B50ED2D1359582A70A8B8503C569623EE90C18C6B33542796207,Tester/logs/20261011.log,981822,2026-06-04,10:25,B152PR,"QI	0	00:09:04.445	Core 04	2026.06.04 10:25:00   [SRJ-IND] B152PR sym=USDJPY bar=2026.06.04 10:20 z1=724,B,158.168,158.186,2026.05.14 21:00,1,2026.05.14 21:05,158.191,158.182"
510,JUNE0525-B162,1617DC1ACCE6B50ED2D1359582A70A8B8503C569623EE90C18C6B33542796207,Tester/logs/20261011.log,981823,2026-06-04,10:25,B152PR,"GQ	0	00:09:04.445	Core 04	2026.06.04 10:25:00   [SRJ-IND] B152PR sym=USDJPY bar=2026.06.04 10:20 z1=1405,B,158.735,158.769,2026.05.20 19:00,1,2026.05.20 19:05,158.816,158.753"
511,JUNE0525-B162,1617DC1ACCE6B50ED2D1359582A70A8B8503C569623EE90C18C6B33542796207,Tester/logs/20261011.log,981824,2026-06-04,10:25,B152PR,"MG	0	00:09:04.445	Core 04	2026.06.04 10:25:00   [SRJ-IND] B152PR sym=USDJPY bar=2026.06.04 10:20 z1=1779,B,158.756,158.800,2026.05.25 06:45,1,2026.05.26 00:00,158.887,158.784"
512,JUNE0525-B162,1617DC1ACCE6B50ED2D1359582A70A8B8503C569623EE90C18C6B33542796207,Tester/logs/20261011.log,981825,2026-06-04,10:25,B152PR,"PM	0	00:09:04.445	Core 04	2026.06.04 10:25:00   [SRJ-IND] B152PR sym=USDJPY bar=2026.06.04 10:20 z1=1780,B,158.789,158.814,2026.05.25 04:50,1,2026.05.26 00:00,158.887,158.784"
513,JUNE0525-B162,1617DC1ACCE6B50ED2D1359582A70A8B8503C569623EE90C18C6B33542796207,Tester/logs/20261011.log,981826,2026-06-04,10:25,B152PR,"IS	0	00:09:04.445	Core 04	2026.06.04 10:25:00   [SRJ-IND] B152PR sym=USDJPY bar=2026.06.04 10:20 z1=1949,B,158.916,158.934,2026.05.26 07:25,1,2026.05.26 07:30,158.942,158.934"
514,JUNE0525-B162,1617DC1ACCE6B50ED2D1359582A70A8B8503C569623EE90C18C6B33542796207,Tester/logs/20261011.log,981827,2026-06-04,10:25,B152PR,"PI	0	00:09:04.445	Core 04	2026.06.04 10:25:00   [SRJ-IND] B152PR sym=USDJPY bar=2026.06.04 10:20 z1=2509,B,159.134,159.195,2026.05.29 19:10,1,2026.05.29 19:35,159.215,159.186"
515,JUNE0525-B162,1617DC1ACCE6B50ED2D1359582A70A8B8503C569623EE90C18C6B33542796207,Tester/logs/20261011.log,981828,2026-06-04,10:25,B152PR,"QO	0	00:09:04.445	Core 04	2026.06.04 10:25:00   [SRJ-IND] B152PR sym=USDJPY bar=2026.06.04 10:20 z1=2566,B,159.382,159.407,2026.06.01 03:15,1,2026.06.03 11:30,159.790,159.368"
516,JUNE0525-B162,1617DC1ACCE6B50ED2D1359582A70A8B8503C569623EE90C18C6B33542796207,Tester/logs/20261011.log,981829,2026-06-04,10:25,B152PR,"GE	0	00:09:04.445	Core 04	2026.06.04 10:25:00   [SRJ-IND] B152PR sym=USDJPY bar=2026.06.04 10:20 z1=2648,B,159.435,159.481,2026.06.01 16:00,1,2026.06.03 11:30,159.790,159.368"
517,JUNE0525-B162,1617DC1ACCE6B50ED2D1359582A70A8B8503C569623EE90C18C6B33542796207,Tester/logs/20261011.log,981830,2026-06-04,10:25,B152PR,"LK	0	00:09:04.445	Core 04	2026.06.04 10:25:00   [SRJ-IND] B152PR sym=USDJPY bar=2026.06.04 10:20 z1=2716,B,159.576,159.603,2026.06.02 03:10,1,2026.06.03 10:35,159.787,159.550"
518,JUNE0525-B162,1617DC1ACCE6B50ED2D1359582A70A8B8503C569623EE90C18C6B33542796207,Tester/logs/20261011.log,981831,2026-06-04,10:25,B152PR,"FQ	0	00:09:04.445	Core 04	2026.06.04 10:25:00   [SRJ-IND] B152PR sym=USDJPY bar=2026.06.04 10:20 z1=2720,B,159.586,159.605,2026.06.02 01:05,1,2026.06.03 10:35,159.787,159.550"
519,JUNE0525-B162,1617DC1ACCE6B50ED2D1359582A70A8B8503C569623EE90C18C6B33542796207,Tester/logs/20261011.log,981832,2026-06-04,10:25,B152PR,"JG	0	00:09:04.445	Core 04	2026.06.04 10:25:00   [SRJ-IND] B152PR sym=USDJPY bar=2026.06.04 10:20 z1=2945,B,159.579,159.675,2026.06.03 11:15,1,2026.06.03 11:25,159.727,159.674"
520,JUNE0525-B162,1617DC1ACCE6B50ED2D1359582A70A8B8503C569623EE90C18C6B33542796207,Tester/logs/20261011.log,981833,2026-06-04,10:25,B152PR,"NM	0	00:09:04.445	Core 04	2026.06.04 10:25:00   [SRJ-IND] B152PR sym=USDJPY bar=2026.06.04 10:20 z1=3099,B,159.797,159.868,2026.06.04 08:15,1,2026.06.04 08:50,159.895,159.859"
521,JUNE0525-B162,1617DC1ACCE6B50ED2D1359582A70A8B8503C569623EE90C18C6B33542796207,Tester/logs/20261011.log,981834,2026-06-04,10:25,B152PR,"QQ	0	00:09:04.445	Core 04	2026.06.04 10:25:00   [SRJ-IND] B152PR sym=USDJPY bar=2026.06.04 10:20 bull=1 bear=0 nz=24"
522,JUNE0525-B162,1617DC1ACCE6B50ED2D1359582A70A8B8503C569623EE90C18C6B33542796207,Tester/logs/20261011.log,981835,2026-06-04,10:25,B162ORIGIN,"LN	0	00:09:04.445	Core 04	2026.06.04 10:25:00   [SRJ-IND] B162ORIGIN sym=USDJPY bar=2026.06.04 10:20 side=B n=24 origin=3099 range=159.797-159.868 formT=2026.06.04 07:40 set=65,78,212,256,261,313,414,447,449,460,696,714,724,1405,1779,1780,1949,2509,2566,2648,2716,2720,2945,3099"
523,JUNE0525-B162,1617DC1ACCE6B50ED2D1359582A70A8B8503C569623EE90C18C6B33542796207,Tester/logs/20261011.log,981836,2026-06-04,10:25,B162ORIGIN,"KI	0	00:09:04.445	Core 04	2026.06.04 10:25:00   [SRJ-IND] B162ORIGIN sym=USDJPY bar=2026.06.04 10:20 side=S n=0 origin=NONE range=- formT=- set=-"
524,JUNE0525-B162,1617DC1ACCE6B50ED2D1359582A70A8B8503C569623EE90C18C6B33542796207,Tester/logs/20261011.log,981848,2026-06-04,10:25,CONFIRMPOLL,"EN	0	00:09:04.445	Core 04	2026.06.04 10:25:00   [SRJ-EA] CONFIRMPOLL bar=2026.06.04 10:20 anchor=Daily-VWAP dir=SHORT oppCandle=0 bodyDir=0 body=9pts doji=0 touchAttr=0 confirm=0 shadow=true"
525,JUNE0525-B162,1617DC1ACCE6B50ED2D1359582A70A8B8503C569623EE90C18C6B33542796207,Tester/logs/20261011.log,981850,2026-06-04,10:25,STATE,"HG	0	00:09:04.445	Core 04	2026.06.04 10:25:00   [SRJ-EA] 2026.06.04 10:25:00 STATE S1_REGIME->S2_LTF_ALIGN dir=SHORT poi=Daily-VWAP"
526,JUNE0525-B162,1617DC1ACCE6B50ED2D1359582A70A8B8503C569623EE90C18C6B33542796207,Tester/logs/20261011.log,981851,2026-06-04,10:25,STATE,"IJ	0	00:09:04.445	Core 04	2026.06.04 10:25:00   [SRJ-EA] 2026.06.04 10:25:00 STATE S2_LTF_ALIGN->S3_ZONE_WAIT dir=SHORT poi=Daily-VWAP"
527,JUNE0525-B162,1617DC1ACCE6B50ED2D1359582A70A8B8503C569623EE90C18C6B33542796207,Tester/logs/20261011.log,981855,2026-06-04,10:25,XOBPROMO,"CJ	0	00:09:04.445	Core 04	2026.06.04 10:25:00   [SRJ-EA] XOBPROMO bar=2026.06.04 10:20 site=S3PICK xobId=3052 raw=1780548600.0 promoT=2026.06.04 04:50"
528,JUNE0525-B162,1617DC1ACCE6B50ED2D1359582A70A8B8503C569623EE90C18C6B33542796207,Tester/logs/20261011.log,981856,2026-06-04,10:25,ZONEPICK,"FP	0	00:09:04.445	Core 04	2026.06.04 10:25:00   [SRJ-EA] ZONEPICK bar=2026.06.04 10:20 dir=SHORT haveFvg=0 fvgInPlay=0 haveXob=1 xobInPlay=0 downgraded=0 fvg=--- xob=160.001-160.012"
529,JUNE0525-B162,1617DC1ACCE6B50ED2D1359582A70A8B8503C569623EE90C18C6B33542796207,Tester/logs/20261011.log,981871,2026-06-04,10:25,INPLAYCOMMIT,"QJ	0	00:09:04.445	Core 04	2026.06.04 10:25:00   [SRJ-EA] INPLAYCOMMIT bar=2026.06.04 10:20 dir=SHORT zoneSrc=XOB zoneLo=160.001 zoneHi=160.012 promoT=2026.06.04 04:50 applied=1 bounded=1 scanned=12 swings=3 hits=0 firstShift=-1 firstVal=- commitVia=none legacy=0 legacyVia=none committed=0 changed=0 haveStop=1"
530,JUNE0525-B162,1617DC1ACCE6B50ED2D1359582A70A8B8503C569623EE90C18C6B33542796207,Tester/logs/20261011.log,981876,2026-06-04,10:30,B152PR,"QR	0	00:09:04.445	Core 04	2026.06.04 10:30:00   [SRJ-IND] B152PR sym=USDJPY bar=2026.06.04 10:25 z1=65,B,156.672,156.773,2026.05.11 04:10,1,2026.05.12 08:55,157.714,156.726"
531,JUNE0525-B162,1617DC1ACCE6B50ED2D1359582A70A8B8503C569623EE90C18C6B33542796207,Tester/logs/20261011.log,981877,2026-06-04,10:30,B152PR,"IH	0	00:09:04.445	Core 04	2026.06.04 10:30:00   [SRJ-IND] B152PR sym=USDJPY bar=2026.06.04 10:25 z1=78,B,156.578,156.584,2026.05.11 00:35,1,2026.05.11 00:40,156.644,156.537"
532,JUNE0525-B162,1617DC1ACCE6B50ED2D1359582A70A8B8503C569623EE90C18C6B33542796207,Tester/logs/20261011.log,981878,2026-06-04,10:30,B152PR,"OM	0	00:09:04.445	Core 04	2026.06.04 10:30:00   [SRJ-IND] B152PR sym=USDJPY bar=2026.06.04 10:25 z1=212,B,157.028,157.060,2026.05.11 19:20,1,2026.05.12 00:00,157.152,157.050"
533,JUNE0525-B162,1617DC1ACCE6B50ED2D1359582A70A8B8503C569623EE90C18C6B33542796207,Tester/logs/20261011.log,981879,2026-06-04,10:30,B152PR,"OG	0	00:09:04.445	Core 04	2026.06.04 10:30:00   [SRJ-IND] B152PR sym=USDJPY bar=2026.06.04 10:25 z1=256,B,157.172,157.178,2026.05.12 01:25,1,2026.05.12 08:55,157.714,156.726"
534,JUNE0525-B162,1617DC1ACCE6B50ED2D1359582A70A8B8503C569623EE90C18C6B33542796207,Tester/logs/20261011.log,981880,2026-06-04,10:30,B152PR,"QH	0	00:09:04.445	Core 04	2026.06.04 10:30:00   [SRJ-IND] B152PR sym=USDJPY bar=2026.06.04 10:25 z1=261,B,157.184,157.192,2026.05.12 03:00,1,2026.05.12 08:55,157.714,156.726"
535,JUNE0525-B162,1617DC1ACCE6B50ED2D1359582A70A8B8503C569623EE90C18C6B33542796207,Tester/logs/20261011.log,981881,2026-06-04,10:30,B152PR,"ER	0	00:09:04.445	Core 04	2026.06.04 10:30:00   [SRJ-IND] B152PR sym=USDJPY bar=2026.06.04 10:25 z1=313,B,157.331,157.497,2026.05.12 10:00,1,2026.05.12 10:10,157.546,157.487"
536,JUNE0525-B162,1617DC1ACCE6B50ED2D1359582A70A8B8503C569623EE90C18C6B33542796207,Tester/logs/20261011.log,981882,2026-06-04,10:30,B152PR,"PD	0	00:09:04.445	Core 04	2026.06.04 10:30:00   [SRJ-IND] B152PR sym=USDJPY bar=2026.06.04 10:25 z1=414,B,157.517,157.589,2026.05.13 01:10,1,2026.05.13 01:20,157.607,157.587"
537,JUNE0525-B162,1617DC1ACCE6B50ED2D1359582A70A8B8503C569623EE90C18C6B33542796207,Tester/logs/20261011.log,981883,2026-06-04,10:30,B152PR,"CN	0	00:09:04.445	Core 04	2026.06.04 10:30:00   [SRJ-IND] B152PR sym=USDJPY bar=2026.06.04 10:25 z1=447,B,157.562,157.648,2026.05.13 06:20,1,2026.05.13 06:25,157.662,157.648"
538,JUNE0525-B162,1617DC1ACCE6B50ED2D1359582A70A8B8503C569623EE90C18C6B33542796207,Tester/logs/20261011.log,981884,2026-06-04,10:30,B152PR,"LP	0	00:09:04.445	Core 04	2026.06.04 10:30:00   [SRJ-IND] B152PR sym=USDJPY bar=2026.06.04 10:25 z1=449,B,157.599,157.654,2026.05.13 05:15,1,2026.05.13 05:45,157.687,157.652"
539,JUNE0525-B162,1617DC1ACCE6B50ED2D1359582A70A8B8503C569623EE90C18C6B33542796207,Tester/logs/20261011.log,981885,2026-06-04,10:30,B152PR,"EJ	0	00:09:04.445	Core 04	2026.06.04 10:30:00   [SRJ-IND] B152PR sym=USDJPY bar=2026.06.04 10:25 z1=460,B,157.645,157.660,2026.05.13 07:05,1,2026.05.14 00:25,157.812,157.650"
540,JUNE0525-B162,1617DC1ACCE6B50ED2D1359582A70A8B8503C569623EE90C18C6B33542796207,Tester/logs/20261011.log,981886,2026-06-04,10:30,B152PR,"EL	0	00:09:04.445	Core 04	2026.06.04 10:30:00   [SRJ-IND] B152PR sym=USDJPY bar=2026.06.04 10:25 z1=696,B,157.568,158.167,2026.05.14 18:05,1,2026.05.14 18:10,158.191,158.119"
541,JUNE0525-B162,1617DC1ACCE6B50ED2D1359582A70A8B8503C569623EE90C18C6B33542796207,Tester/logs/20261011.log,981887,2026-06-04,10:30,B152PR,"MF	0	00:09:04.445	Core 04	2026.06.04 10:30:00   [SRJ-IND] B152PR sym=USDJPY bar=2026.06.04 10:25 z1=714,B,158.107,158.142,2026.05.14 19:30,1,2026.05.14 20:00,158.169,158.142"
542,JUNE0525-B162,1617DC1ACCE6B50ED2D1359582A70A8B8503C569623EE90C18C6B33542796207,Tester/logs/20261011.log,981888,2026-06-04,10:30,B152PR,"DK	0	00:09:04.445	Core 04	2026.06.04 10:30:00   [SRJ-IND] B152PR sym=USDJPY bar=2026.06.04 10:25 z1=724,B,158.168,158.186,2026.05.14 21:00,1,2026.05.14 21:05,158.191,158.182"
543,JUNE0525-B162,1617DC1ACCE6B50ED2D1359582A70A8B8503C569623EE90C18C6B33542796207,Tester/logs/20261011.log,981889,2026-06-04,10:30,B152PR,"JN	0	00:09:04.445	Core 04	2026.06.04 10:30:00   [SRJ-IND] B152PR sym=USDJPY bar=2026.06.04 10:25 z1=1405,B,158.735,158.769,2026.05.20 19:00,1,2026.05.20 19:05,158.816,158.753"
544,JUNE0525-B162,1617DC1ACCE6B50ED2D1359582A70A8B8503C569623EE90C18C6B33542796207,Tester/logs/20261011.log,981890,2026-06-04,10:30,B152PR,"LD	0	00:09:04.445	Core 04	2026.06.04 10:30:00   [SRJ-IND] B152PR sym=USDJPY bar=2026.06.04 10:25 z1=1779,B,158.756,158.800,2026.05.25 06:45,1,2026.05.26 00:00,158.887,158.784"
545,JUNE0525-B162,1617DC1ACCE6B50ED2D1359582A70A8B8503C569623EE90C18C6B33542796207,Tester/logs/20261011.log,981891,2026-06-04,10:30,B152PR,"QJ	0	00:09:04.445	Core 04	2026.06.04 10:30:00   [SRJ-IND] B152PR sym=USDJPY bar=2026.06.04 10:25 z1=1780,B,158.789,158.814,2026.05.25 04:50,1,2026.05.26 00:00,158.887,158.784"
546,JUNE0525-B162,1617DC1ACCE6B50ED2D1359582A70A8B8503C569623EE90C18C6B33542796207,Tester/logs/20261011.log,981892,2026-06-04,10:30,B152PR,"HP	0	00:09:04.445	Core 04	2026.06.04 10:30:00   [SRJ-IND] B152PR sym=USDJPY bar=2026.06.04 10:25 z1=1949,B,158.916,158.934,2026.05.26 07:25,1,2026.05.26 07:30,158.942,158.934"
547,JUNE0525-B162,1617DC1ACCE6B50ED2D1359582A70A8B8503C569623EE90C18C6B33542796207,Tester/logs/20261011.log,981893,2026-06-04,10:30,B152PR,"QF	0	00:09:04.445	Core 04	2026.06.04 10:30:00   [SRJ-IND] B152PR sym=USDJPY bar=2026.06.04 10:25 z1=2509,B,159.134,159.195,2026.05.29 19:10,1,2026.05.29 19:35,159.215,159.186"
548,JUNE0525-B162,1617DC1ACCE6B50ED2D1359582A70A8B8503C569623EE90C18C6B33542796207,Tester/logs/20261011.log,981894,2026-06-04,10:30,B152PR,"PL	0	00:09:04.445	Core 04	2026.06.04 10:30:00   [SRJ-IND] B152PR sym=USDJPY bar=2026.06.04 10:25 z1=2566,B,159.382,159.407,2026.06.01 03:15,1,2026.06.03 11:30,159.790,159.368"
549,JUNE0525-B162,1617DC1ACCE6B50ED2D1359582A70A8B8503C569623EE90C18C6B33542796207,Tester/logs/20261011.log,981895,2026-06-04,10:30,B152PR,"JR	0	00:09:04.445	Core 04	2026.06.04 10:30:00   [SRJ-IND] B152PR sym=USDJPY bar=2026.06.04 10:25 z1=2648,B,159.435,159.481,2026.06.01 16:00,1,2026.06.03 11:30,159.790,159.368"
550,JUNE0525-B162,1617DC1ACCE6B50ED2D1359582A70A8B8503C569623EE90C18C6B33542796207,Tester/logs/20261011.log,981896,2026-06-04,10:30,B152PR,"MH	0	00:09:04.445	Core 04	2026.06.04 10:30:00   [SRJ-IND] B152PR sym=USDJPY bar=2026.06.04 10:25 z1=2716,B,159.576,159.603,2026.06.02 03:10,1,2026.06.03 10:35,159.787,159.550"
551,JUNE0525-B162,1617DC1ACCE6B50ED2D1359582A70A8B8503C569623EE90C18C6B33542796207,Tester/logs/20261011.log,981897,2026-06-04,10:30,B152PR,"CN	0	00:09:04.445	Core 04	2026.06.04 10:30:00   [SRJ-IND] B152PR sym=USDJPY bar=2026.06.04 10:25 z1=2720,B,159.586,159.605,2026.06.02 01:05,1,2026.06.03 10:35,159.787,159.550"
552,JUNE0525-B162,1617DC1ACCE6B50ED2D1359582A70A8B8503C569623EE90C18C6B33542796207,Tester/logs/20261011.log,981898,2026-06-04,10:30,B152PR,"GD	0	00:09:04.445	Core 04	2026.06.04 10:30:00   [SRJ-IND] B152PR sym=USDJPY bar=2026.06.04 10:25 z1=2945,B,159.579,159.675,2026.06.03 11:15,1,2026.06.03 11:25,159.727,159.674"
553,JUNE0525-B162,1617DC1ACCE6B50ED2D1359582A70A8B8503C569623EE90C18C6B33542796207,Tester/logs/20261011.log,981899,2026-06-04,10:30,B152PR,"KJ	0	00:09:04.445	Core 04	2026.06.04 10:30:00   [SRJ-IND] B152PR sym=USDJPY bar=2026.06.04 10:25 z1=3099,B,159.797,159.868,2026.06.04 08:15,1,2026.06.04 08:50,159.895,159.859"
554,JUNE0525-B162,1617DC1ACCE6B50ED2D1359582A70A8B8503C569623EE90C18C6B33542796207,Tester/logs/20261011.log,981900,2026-06-04,10:30,B152PR,"PR	0	00:09:04.445	Core 04	2026.06.04 10:30:00   [SRJ-IND] B152PR sym=USDJPY bar=2026.06.04 10:25 bull=1 bear=0 nz=24"
555,JUNE0525-B162,1617DC1ACCE6B50ED2D1359582A70A8B8503C569623EE90C18C6B33542796207,Tester/logs/20261011.log,981901,2026-06-04,10:30,B162ORIGIN,"MO	0	00:09:04.445	Core 04	2026.06.04 10:30:00   [SRJ-IND] B162ORIGIN sym=USDJPY bar=2026.06.04 10:25 side=B n=24 origin=3099 range=159.797-159.868 formT=2026.06.04 07:40 set=65,78,212,256,261,313,414,447,449,460,696,714,724,1405,1779,1780,1949,2509,2566,2648,2716,2720,2945,3099"
556,JUNE0525-B162,1617DC1ACCE6B50ED2D1359582A70A8B8503C569623EE90C18C6B33542796207,Tester/logs/20261011.log,981902,2026-06-04,10:30,B162ORIGIN,"NN	0	00:09:04.445	Core 04	2026.06.04 10:30:00   [SRJ-IND] B162ORIGIN sym=USDJPY bar=2026.06.04 10:25 side=S n=0 origin=NONE range=- formT=- set=-"
557,JUNE0525-B162,1617DC1ACCE6B50ED2D1359582A70A8B8503C569623EE90C18C6B33542796207,Tester/logs/20261011.log,981907,2026-06-04,10:30,FRESHSKIP,"NE	0	00:09:04.445	Core 04	2026.06.04 10:30:00   [SRJ-EA] FRESHSKIP bar=2026.06.04 10:25 dir=SHORT state=S3_ZONE_WAIT poi=Daily-VWAP reason=PRE_BINDING"
558,JUNE0525-B162,1617DC1ACCE6B50ED2D1359582A70A8B8503C569623EE90C18C6B33542796207,Tester/logs/20261011.log,982058,2026-06-04,10:30,CQDRECHECK,"CD	0	00:09:04.445	Core 04	2026.06.04 10:30:00   [SRJ-EA] CQDRECHECK shift=2 passA=-2.0 passB=-2.0 diff=0 bar=2026.06.04 10:20 state=S3_ZONE_WAIT dir=SHORT divLatch=1 hit1=0 hit2=581 mism=0"
559,JUNE0525-B162,1617DC1ACCE6B50ED2D1359582A70A8B8503C569623EE90C18C6B33542796207,Tester/logs/20261011.log,982062,2026-06-04,10:30,CONFIRMPOLL,"DF	0	00:09:04.445	Core 04	2026.06.04 10:30:00   [SRJ-EA] CONFIRMPOLL bar=2026.06.04 10:25 anchor=Daily-VWAP dir=SHORT oppCandle=1 bodyDir=0 body=0pts doji=1 touchAttr=1 confirm=0 shadow=true"
560,JUNE0525-B162,1617DC1ACCE6B50ED2D1359582A70A8B8503C569623EE90C18C6B33542796207,Tester/logs/20261011.log,982065,2026-06-04,10:30,XOBPROMO,"NH	0	00:09:04.445	Core 04	2026.06.04 10:30:00   [SRJ-EA] XOBPROMO bar=2026.06.04 10:25 site=S3PICK xobId=3052 raw=1780548600.0 promoT=2026.06.04 04:50"
561,JUNE0525-B162,1617DC1ACCE6B50ED2D1359582A70A8B8503C569623EE90C18C6B33542796207,Tester/logs/20261011.log,982066,2026-06-04,10:30,ZONEPICK,"KR	0	00:09:04.445	Core 04	2026.06.04 10:30:00   [SRJ-EA] ZONEPICK bar=2026.06.04 10:25 dir=SHORT haveFvg=0 fvgInPlay=0 haveXob=1 xobInPlay=0 downgraded=0 fvg=--- xob=160.001-160.012"
562,JUNE0525-B162,1617DC1ACCE6B50ED2D1359582A70A8B8503C569623EE90C18C6B33542796207,Tester/logs/20261011.log,982075,2026-06-04,10:30,INPLAYCOMMIT,"LE	0	00:09:04.445	Core 04	2026.06.04 10:30:00   [SRJ-EA] INPLAYCOMMIT bar=2026.06.04 10:25 dir=SHORT zoneSrc=XOB zoneLo=160.001 zoneHi=160.012 promoT=2026.06.04 04:50 applied=1 bounded=1 scanned=13 swings=4 hits=0 firstShift=-1 firstVal=- commitVia=none legacy=0 legacyVia=none committed=0 changed=0 haveStop=1"
563,JUNE0525-B162,1617DC1ACCE6B50ED2D1359582A70A8B8503C569623EE90C18C6B33542796207,Tester/logs/20261011.log,982081,2026-06-04,10:35,B152PR,"NJ	0	00:09:04.445	Core 04	2026.06.04 10:35:02   [SRJ-IND] B152PR sym=USDJPY bar=2026.06.04 10:30 z1=65,B,156.672,156.773,2026.05.11 04:10,1,2026.05.12 08:55,157.714,156.726"
564,JUNE0525-B162,1617DC1ACCE6B50ED2D1359582A70A8B8503C569623EE90C18C6B33542796207,Tester/logs/20261011.log,982082,2026-06-04,10:35,B152PR,"NP	0	00:09:04.445	Core 04	2026.06.04 10:35:02   [SRJ-IND] B152PR sym=USDJPY bar=2026.06.04 10:30 z1=78,B,156.578,156.584,2026.05.11 00:35,1,2026.05.11 00:40,156.644,156.537"
565,JUNE0525-B162,1617DC1ACCE6B50ED2D1359582A70A8B8503C569623EE90C18C6B33542796207,Tester/logs/20261011.log,982083,2026-06-04,10:35,B152PR,"LE	0	00:09:04.445	Core 04	2026.06.04 10:35:02   [SRJ-IND] B152PR sym=USDJPY bar=2026.06.04 10:30 z1=212,B,157.028,157.060,2026.05.11 19:20,1,2026.05.12 00:00,157.152,157.050"
566,JUNE0525-B162,1617DC1ACCE6B50ED2D1359582A70A8B8503C569623EE90C18C6B33542796207,Tester/logs/20261011.log,982084,2026-06-04,10:35,B152PR,"PO	0	00:09:04.445	Core 04	2026.06.04 10:35:02   [SRJ-IND] B152PR sym=USDJPY bar=2026.06.04 10:30 z1=256,B,157.172,157.178,2026.05.12 01:25,1,2026.05.12 08:55,157.714,156.726"
567,JUNE0525-B162,1617DC1ACCE6B50ED2D1359582A70A8B8503C569623EE90C18C6B33542796207,Tester/logs/20261011.log,982085,2026-06-04,10:35,B152PR,"FQ	0	00:09:04.445	Core 04	2026.06.04 10:35:02   [SRJ-IND] B152PR sym=USDJPY bar=2026.06.04 10:30 z1=261,B,157.184,157.192,2026.05.12 03:00,1,2026.05.12 08:55,157.714,156.726"
568,JUNE0525-B162,1617DC1ACCE6B50ED2D1359582A70A8B8503C569623EE90C18C6B33542796207,Tester/logs/20261011.log,982086,2026-06-04,10:35,B152PR,"FJ	0	00:09:04.445	Core 04	2026.06.04 10:35:02   [SRJ-IND] B152PR sym=USDJPY bar=2026.06.04 10:30 z1=313,B,157.331,157.497,2026.05.12 10:00,1,2026.05.12 10:10,157.546,157.487"
569,JUNE0525-B162,1617DC1ACCE6B50ED2D1359582A70A8B8503C569623EE90C18C6B33542796207,Tester/logs/20261011.log,982087,2026-06-04,10:35,B152PR,"KL	0	00:09:04.445	Core 04	2026.06.04 10:35:02   [SRJ-IND] B152PR sym=USDJPY bar=2026.06.04 10:30 z1=414,B,157.517,157.589,2026.05.13 01:10,1,2026.05.13 01:20,157.607,157.587"
570,JUNE0525-B162,1617DC1ACCE6B50ED2D1359582A70A8B8503C569623EE90C18C6B33542796207,Tester/logs/20261011.log,982088,2026-06-04,10:35,B152PR,"DF	0	00:09:04.445	Core 04	2026.06.04 10:35:02   [SRJ-IND] B152PR sym=USDJPY bar=2026.06.04 10:30 z1=447,B,157.562,157.648,2026.05.13 06:20,1,2026.05.13 06:25,157.662,157.648"
571,JUNE0525-B162,1617DC1ACCE6B50ED2D1359582A70A8B8503C569623EE90C18C6B33542796207,Tester/logs/20261011.log,982089,2026-06-04,10:35,B152PR,"GH	0	00:09:04.445	Core 04	2026.06.04 10:35:02   [SRJ-IND] B152PR sym=USDJPY bar=2026.06.04 10:30 z1=449,B,157.599,157.654,2026.05.13 05:15,1,2026.05.13 05:45,157.687,157.652"
572,JUNE0525-B162,1617DC1ACCE6B50ED2D1359582A70A8B8503C569623EE90C18C6B33542796207,Tester/logs/20261011.log,982090,2026-06-04,10:35,B152PR,"FR	0	00:09:04.445	Core 04	2026.06.04 10:35:02   [SRJ-IND] B152PR sym=USDJPY bar=2026.06.04 10:30 z1=460,B,157.645,157.660,2026.05.13 07:05,1,2026.05.14 00:25,157.812,157.650"
573,JUNE0525-B162,1617DC1ACCE6B50ED2D1359582A70A8B8503C569623EE90C18C6B33542796207,Tester/logs/20261011.log,982091,2026-06-04,10:35,B152PR,"JD	0	00:09:04.445	Core 04	2026.06.04 10:35:02   [SRJ-IND] B152PR sym=USDJPY bar=2026.06.04 10:30 z1=696,B,157.568,158.167,2026.05.14 18:05,1,2026.05.14 18:10,158.191,158.119"
574,JUNE0525-B162,1617DC1ACCE6B50ED2D1359582A70A8B8503C569623EE90C18C6B33542796207,Tester/logs/20261011.log,982092,2026-06-04,10:35,B152PR,"NN	0	00:09:04.445	Core 04	2026.06.04 10:35:02   [SRJ-IND] B152PR sym=USDJPY bar=2026.06.04 10:30 z1=714,B,158.107,158.142,2026.05.14 19:30,1,2026.05.14 20:00,158.169,158.142"
575,JUNE0525-B162,1617DC1ACCE6B50ED2D1359582A70A8B8503C569623EE90C18C6B33542796207,Tester/logs/20261011.log,982093,2026-06-04,10:35,B152PR,"OP	0	00:09:04.445	Core 04	2026.06.04 10:35:02   [SRJ-IND] B152PR sym=USDJPY bar=2026.06.04 10:30 z1=724,B,158.168,158.186,2026.05.14 21:00,1,2026.05.14 21:05,158.191,158.182"
576,JUNE0525-B162,1617DC1ACCE6B50ED2D1359582A70A8B8503C569623EE90C18C6B33542796207,Tester/logs/20261011.log,982094,2026-06-04,10:35,B152PR,"IF	0	00:09:04.445	Core 04	2026.06.04 10:35:02   [SRJ-IND] B152PR sym=USDJPY bar=2026.06.04 10:30 z1=1405,B,158.735,158.769,2026.05.20 19:00,1,2026.05.20 19:05,158.816,158.753"
577,JUNE0525-B162,1617DC1ACCE6B50ED2D1359582A70A8B8503C569623EE90C18C6B33542796207,Tester/logs/20261011.log,982095,2026-06-04,10:35,B152PR,"KL	0	00:09:04.445	Core 04	2026.06.04 10:35:02   [SRJ-IND] B152PR sym=USDJPY bar=2026.06.04 10:30 z1=1779,B,158.756,158.800,2026.05.25 06:45,1,2026.05.26 00:00,158.887,158.784"
578,JUNE0525-B162,1617DC1ACCE6B50ED2D1359582A70A8B8503C569623EE90C18C6B33542796207,Tester/logs/20261011.log,982096,2026-06-04,10:35,B152PR,"RR	0	00:09:04.445	Core 04	2026.06.04 10:35:02   [SRJ-IND] B152PR sym=USDJPY bar=2026.06.04 10:30 z1=1780,B,158.789,158.814,2026.05.25 04:50,1,2026.05.26 00:00,158.887,158.784"
579,JUNE0525-B162,1617DC1ACCE6B50ED2D1359582A70A8B8503C569623EE90C18C6B33542796207,Tester/logs/20261011.log,982097,2026-06-04,10:35,B152PR,"GH	0	00:09:04.445	Core 04	2026.06.04 10:35:02   [SRJ-IND] B152PR sym=USDJPY bar=2026.06.04 10:30 z1=1949,B,158.916,158.934,2026.05.26 07:25,1,2026.05.26 07:30,158.942,158.934"
580,JUNE0525-B162,1617DC1ACCE6B50ED2D1359582A70A8B8503C569623EE90C18C6B33542796207,Tester/logs/20261011.log,982098,2026-06-04,10:35,B152PR,"RN	0	00:09:04.445	Core 04	2026.06.04 10:35:02   [SRJ-IND] B152PR sym=USDJPY bar=2026.06.04 10:30 z1=2509,B,159.134,159.195,2026.05.29 19:10,1,2026.05.29 19:35,159.215,159.186"
581,JUNE0525-B162,1617DC1ACCE6B50ED2D1359582A70A8B8503C569623EE90C18C6B33542796207,Tester/logs/20261011.log,982099,2026-06-04,10:35,B152PR,"OD	0	00:09:04.445	Core 04	2026.06.04 10:35:02   [SRJ-IND] B152PR sym=USDJPY bar=2026.06.04 10:30 z1=2566,B,159.382,159.407,2026.06.01 03:15,1,2026.06.03 11:30,159.790,159.368"
582,JUNE0525-B162,1617DC1ACCE6B50ED2D1359582A70A8B8503C569623EE90C18C6B33542796207,Tester/logs/20261011.log,982100,2026-06-04,10:35,B152PR,"IJ	0	00:09:04.445	Core 04	2026.06.04 10:35:02   [SRJ-IND] B152PR sym=USDJPY bar=2026.06.04 10:30 z1=2648,B,159.435,159.481,2026.06.01 16:00,1,2026.06.03 11:30,159.790,159.368"
583,JUNE0525-B162,1617DC1ACCE6B50ED2D1359582A70A8B8503C569623EE90C18C6B33542796207,Tester/logs/20261011.log,982101,2026-06-04,10:35,B152PR,"NP	0	00:09:04.445	Core 04	2026.06.04 10:35:02   [SRJ-IND] B152PR sym=USDJPY bar=2026.06.04 10:30 z1=2716,B,159.576,159.603,2026.06.02 03:10,1,2026.06.03 10:35,159.787,159.550"
584,JUNE0525-B162,1617DC1ACCE6B50ED2D1359582A70A8B8503C569623EE90C18C6B33542796207,Tester/logs/20261011.log,982102,2026-06-04,10:35,B152PR,"DF	0	00:09:04.445	Core 04	2026.06.04 10:35:02   [SRJ-IND] B152PR sym=USDJPY bar=2026.06.04 10:30 z1=2720,B,159.586,159.605,2026.06.02 01:05,1,2026.06.03 10:35,159.787,159.550"
585,JUNE0525-B162,1617DC1ACCE6B50ED2D1359582A70A8B8503C569623EE90C18C6B33542796207,Tester/logs/20261011.log,982103,2026-06-04,10:35,B152PR,"HL	0	00:09:04.445	Core 04	2026.06.04 10:35:02   [SRJ-IND] B152PR sym=USDJPY bar=2026.06.04 10:30 z1=2945,B,159.579,159.675,2026.06.03 11:15,1,2026.06.03 11:25,159.727,159.674"
586,JUNE0525-B162,1617DC1ACCE6B50ED2D1359582A70A8B8503C569623EE90C18C6B33542796207,Tester/logs/20261011.log,982104,2026-06-04,10:35,B152PR,"LR	0	00:09:04.445	Core 04	2026.06.04 10:35:02   [SRJ-IND] B152PR sym=USDJPY bar=2026.06.04 10:30 z1=3099,B,159.797,159.868,2026.06.04 08:15,1,2026.06.04 08:50,159.895,159.859"
587,JUNE0525-B162,1617DC1ACCE6B50ED2D1359582A70A8B8503C569623EE90C18C6B33542796207,Tester/logs/20261011.log,982105,2026-06-04,10:35,B152PR,"OJ	0	00:09:04.445	Core 04	2026.06.04 10:35:02   [SRJ-IND] B152PR sym=USDJPY bar=2026.06.04 10:30 bull=1 bear=0 nz=24"
588,JUNE0525-B162,1617DC1ACCE6B50ED2D1359582A70A8B8503C569623EE90C18C6B33542796207,Tester/logs/20261011.log,982106,2026-06-04,10:35,B162ORIGIN,"NG	0	00:09:04.445	Core 04	2026.06.04 10:35:02   [SRJ-IND] B162ORIGIN sym=USDJPY bar=2026.06.04 10:30 side=B n=24 origin=3099 range=159.797-159.868 formT=2026.06.04 07:40 set=65,78,212,256,261,313,414,447,449,460,696,714,724,1405,1779,1780,1949,2509,2566,2648,2716,2720,2945,3099"
589,JUNE0525-B162,1617DC1ACCE6B50ED2D1359582A70A8B8503C569623EE90C18C6B33542796207,Tester/logs/20261011.log,982107,2026-06-04,10:35,B162ORIGIN,"MF	0	00:09:04.445	Core 04	2026.06.04 10:35:02   [SRJ-IND] B162ORIGIN sym=USDJPY bar=2026.06.04 10:30 side=S n=0 origin=NONE range=- formT=- set=-"
590,JUNE0525-B162,1617DC1ACCE6B50ED2D1359582A70A8B8503C569623EE90C18C6B33542796207,Tester/logs/20261011.log,982110,2026-06-04,10:35,FRESHSKIP,"IM	0	00:09:04.445	Core 04	2026.06.04 10:35:02   [SRJ-EA] FRESHSKIP bar=2026.06.04 10:30 dir=SHORT state=S3_ZONE_WAIT poi=Daily-VWAP reason=PRE_BINDING"
591,JUNE0525-B162,1617DC1ACCE6B50ED2D1359582A70A8B8503C569623EE90C18C6B33542796207,Tester/logs/20261011.log,982266,2026-06-04,10:35,CONFIRMPOLL,"RF	0	00:09:04.445	Core 04	2026.06.04 10:35:02   [SRJ-EA] CONFIRMPOLL bar=2026.06.04 10:30 anchor=Daily-VWAP dir=SHORT oppCandle=0 bodyDir=1 body=6pts doji=0 touchAttr=1 confirm=0 shadow=true"
592,JUNE0525-B162,1617DC1ACCE6B50ED2D1359582A70A8B8503C569623EE90C18C6B33542796207,Tester/logs/20261011.log,982270,2026-06-04,10:35,XOBPROMO,"IN	0	00:09:04.445	Core 04	2026.06.04 10:35:02   [SRJ-EA] XOBPROMO bar=2026.06.04 10:30 site=S3PICK xobId=3052 raw=1780548600.0 promoT=2026.06.04 04:50"
593,JUNE0525-B162,1617DC1ACCE6B50ED2D1359582A70A8B8503C569623EE90C18C6B33542796207,Tester/logs/20261011.log,982271,2026-06-04,10:35,ZONEPICK,"HL	0	00:09:04.445	Core 04	2026.06.04 10:35:02   [SRJ-EA] ZONEPICK bar=2026.06.04 10:30 dir=SHORT haveFvg=0 fvgInPlay=0 haveXob=1 xobInPlay=0 downgraded=0 fvg=--- xob=160.001-160.012"
594,JUNE0525-B162,1617DC1ACCE6B50ED2D1359582A70A8B8503C569623EE90C18C6B33542796207,Tester/logs/20261011.log,982280,2026-06-04,10:35,INPLAYCOMMIT,"NJ	0	00:09:04.445	Core 04	2026.06.04 10:35:02   [SRJ-EA] INPLAYCOMMIT bar=2026.06.04 10:30 dir=SHORT zoneSrc=XOB zoneLo=160.001 zoneHi=160.012 promoT=2026.06.04 04:50 applied=1 bounded=1 scanned=14 swings=4 hits=0 firstShift=-1 firstVal=- commitVia=none legacy=0 legacyVia=none committed=0 changed=0 haveStop=1"
595,JUNE0525-B162,1617DC1ACCE6B50ED2D1359582A70A8B8503C569623EE90C18C6B33542796207,Tester/logs/20261011.log,982289,2026-06-04,10:40,B152PR,"II	0	00:09:04.445	Core 04	2026.06.04 10:40:04   [SRJ-IND] B152PR sym=USDJPY bar=2026.06.04 10:35 z1=65,B,156.672,156.773,2026.05.11 04:10,1,2026.05.12 08:55,157.714,156.726"
596,JUNE0525-B162,1617DC1ACCE6B50ED2D1359582A70A8B8503C569623EE90C18C6B33542796207,Tester/logs/20261011.log,982290,2026-06-04,10:40,B152PR,"QL	0	00:09:04.445	Core 04	2026.06.04 10:40:04   [SRJ-IND] B152PR sym=USDJPY bar=2026.06.04 10:35 z1=78,B,156.578,156.584,2026.05.11 00:35,1,2026.05.11 00:40,156.644,156.537"
597,JUNE0525-B162,1617DC1ACCE6B50ED2D1359582A70A8B8503C569623EE90C18C6B33542796207,Tester/logs/20261011.log,982291,2026-06-04,10:40,B152PR,"GQ	0	00:09:04.445	Core 04	2026.06.04 10:40:04   [SRJ-IND] B152PR sym=USDJPY bar=2026.06.04 10:35 z1=212,B,157.028,157.060,2026.05.11 19:20,1,2026.05.12 00:00,157.152,157.050"
598,JUNE0525-B162,1617DC1ACCE6B50ED2D1359582A70A8B8503C569623EE90C18C6B33542796207,Tester/logs/20261011.log,982292,2026-06-04,10:40,B152PR,"KK	0	00:09:04.445	Core 04	2026.06.04 10:40:04   [SRJ-IND] B152PR sym=USDJPY bar=2026.06.04 10:35 z1=256,B,157.172,157.178,2026.05.12 01:25,1,2026.05.12 08:55,157.714,156.726"
599,JUNE0525-B162,1617DC1ACCE6B50ED2D1359582A70A8B8503C569623EE90C18C6B33542796207,Tester/logs/20261011.log,982293,2026-06-04,10:40,B152PR,"IM	0	00:09:04.445	Core 04	2026.06.04 10:40:04   [SRJ-IND] B152PR sym=USDJPY bar=2026.06.04 10:35 z1=261,B,157.184,157.192,2026.05.12 03:00,1,2026.05.12 08:55,157.714,156.726"
600,JUNE0525-B162,1617DC1ACCE6B50ED2D1359582A70A8B8503C569623EE90C18C6B33542796207,Tester/logs/20261011.log,982294,2026-06-04,10:40,B152PR,"QG	0	00:09:04.445	Core 04	2026.06.04 10:40:04   [SRJ-IND] B152PR sym=USDJPY bar=2026.06.04 10:35 z1=313,B,157.331,157.497,2026.05.12 10:00,1,2026.05.12 10:10,157.546,157.487"
601,JUNE0525-B162,1617DC1ACCE6B50ED2D1359582A70A8B8503C569623EE90C18C6B33542796207,Tester/logs/20261011.log,982295,2026-06-04,10:40,B152PR,"HI	0	00:09:04.445	Core 04	2026.06.04 10:40:04   [SRJ-IND] B152PR sym=USDJPY bar=2026.06.04 10:35 z1=414,B,157.517,157.589,2026.05.13 01:10,1,2026.05.13 01:20,157.607,157.587"
602,JUNE0525-B162,1617DC1ACCE6B50ED2D1359582A70A8B8503C569623EE90C18C6B33542796207,Tester/logs/20261011.log,982296,2026-06-04,10:40,B152PR,"GR	0	00:09:04.445	Core 04	2026.06.04 10:40:04   [SRJ-IND] B152PR sym=USDJPY bar=2026.06.04 10:35 z1=447,B,157.562,157.648,2026.05.13 06:20,1,2026.05.13 06:25,157.662,157.648"
603,JUNE0525-B162,1617DC1ACCE6B50ED2D1359582A70A8B8503C569623EE90C18C6B33542796207,Tester/logs/20261011.log,982297,2026-06-04,10:40,B152PR,"DD	0	00:09:04.445	Core 04	2026.06.04 10:40:04   [SRJ-IND] B152PR sym=USDJPY bar=2026.06.04 10:35 z1=449,B,157.599,157.654,2026.05.13 05:15,1,2026.05.13 05:45,157.687,157.652"
604,JUNE0525-B162,1617DC1ACCE6B50ED2D1359582A70A8B8503C569623EE90C18C6B33542796207,Tester/logs/20261011.log,982298,2026-06-04,10:40,B152PR,"QN	0	00:09:04.445	Core 04	2026.06.04 10:40:04   [SRJ-IND] B152PR sym=USDJPY bar=2026.06.04 10:35 z1=460,B,157.645,157.660,2026.05.13 07:05,1,2026.05.14 00:25,157.812,157.650"
605,JUNE0525-B162,1617DC1ACCE6B50ED2D1359582A70A8B8503C569623EE90C18C6B33542796207,Tester/logs/20261011.log,982299,2026-06-04,10:40,B152PR,"MP	0	00:09:04.445	Core 04	2026.06.04 10:40:04   [SRJ-IND] B152PR sym=USDJPY bar=2026.06.04 10:35 z1=696,B,157.568,158.167,2026.05.14 18:05,1,2026.05.14 18:10,158.191,158.119"
606,JUNE0525-B162,1617DC1ACCE6B50ED2D1359582A70A8B8503C569623EE90C18C6B33542796207,Tester/logs/20261011.log,982300,2026-06-04,10:40,B152PR,"QJ	0	00:09:04.445	Core 04	2026.06.04 10:40:04   [SRJ-IND] B152PR sym=USDJPY bar=2026.06.04 10:35 z1=714,B,158.107,158.142,2026.05.14 19:30,1,2026.05.14 20:00,158.169,158.142"
607,JUNE0525-B162,1617DC1ACCE6B50ED2D1359582A70A8B8503C569623EE90C18C6B33542796207,Tester/logs/20261011.log,982301,2026-06-04,10:40,B152PR,"LL	0	00:09:04.445	Core 04	2026.06.04 10:40:04   [SRJ-IND] B152PR sym=USDJPY bar=2026.06.04 10:35 z1=724,B,158.168,158.186,2026.05.14 21:00,1,2026.05.14 21:05,158.191,158.182"
608,JUNE0525-B162,1617DC1ACCE6B50ED2D1359582A70A8B8503C569623EE90C18C6B33542796207,Tester/logs/20261011.log,982302,2026-06-04,10:40,B152PR,"NE	0	00:09:04.445	Core 04	2026.06.04 10:40:04   [SRJ-IND] B152PR sym=USDJPY bar=2026.06.04 10:35 z1=1405,B,158.735,158.769,2026.05.20 19:00,1,2026.05.20 19:05,158.816,158.753"
609,JUNE0525-B162,1617DC1ACCE6B50ED2D1359582A70A8B8503C569623EE90C18C6B33542796207,Tester/logs/20261011.log,982303,2026-06-04,10:40,B152PR,"HK	0	00:09:04.445	Core 04	2026.06.04 10:40:04   [SRJ-IND] B152PR sym=USDJPY bar=2026.06.04 10:35 z1=1779,B,158.756,158.800,2026.05.25 06:45,1,2026.05.26 00:00,158.887,158.784"
610,JUNE0525-B162,1617DC1ACCE6B50ED2D1359582A70A8B8503C569623EE90C18C6B33542796207,Tester/logs/20261011.log,982304,2026-06-04,10:40,B152PR,"EQ	0	00:09:04.445	Core 04	2026.06.04 10:40:04   [SRJ-IND] B152PR sym=USDJPY bar=2026.06.04 10:35 z1=1780,B,158.789,158.814,2026.05.25 04:50,1,2026.05.26 00:00,158.887,158.784"
611,JUNE0525-B162,1617DC1ACCE6B50ED2D1359582A70A8B8503C569623EE90C18C6B33542796207,Tester/logs/20261011.log,982305,2026-06-04,10:40,B152PR,"LG	0	00:09:04.445	Core 04	2026.06.04 10:40:04   [SRJ-IND] B152PR sym=USDJPY bar=2026.06.04 10:35 z1=1949,B,158.916,158.934,2026.05.26 07:25,1,2026.05.26 07:30,158.942,158.934"
612,JUNE0525-B162,1617DC1ACCE6B50ED2D1359582A70A8B8503C569623EE90C18C6B33542796207,Tester/logs/20261011.log,982306,2026-06-04,10:40,B152PR,"EM	0	00:09:04.445	Core 04	2026.06.04 10:40:04   [SRJ-IND] B152PR sym=USDJPY bar=2026.06.04 10:35 z1=2509,B,159.134,159.195,2026.05.29 19:10,1,2026.05.29 19:35,159.215,159.186"
613,JUNE0525-B162,1617DC1ACCE6B50ED2D1359582A70A8B8503C569623EE90C18C6B33542796207,Tester/logs/20261011.log,982307,2026-06-04,10:40,B152PR,"DS	0	00:09:04.445	Core 04	2026.06.04 10:40:04   [SRJ-IND] B152PR sym=USDJPY bar=2026.06.04 10:35 z1=2566,B,159.382,159.407,2026.06.01 03:15,1,2026.06.03 11:30,159.790,159.368"
614,JUNE0525-B162,1617DC1ACCE6B50ED2D1359582A70A8B8503C569623EE90C18C6B33542796207,Tester/logs/20261011.log,982308,2026-06-04,10:40,B152PR,"NI	0	00:09:04.445	Core 04	2026.06.04 10:40:04   [SRJ-IND] B152PR sym=USDJPY bar=2026.06.04 10:35 z1=2648,B,159.435,159.481,2026.06.01 16:00,1,2026.06.03 11:30,159.790,159.368"
615,JUNE0525-B162,1617DC1ACCE6B50ED2D1359582A70A8B8503C569623EE90C18C6B33542796207,Tester/logs/20261011.log,982309,2026-06-04,10:40,B152PR,"IO	0	00:09:04.445	Core 04	2026.06.04 10:40:04   [SRJ-IND] B152PR sym=USDJPY bar=2026.06.04 10:35 z1=2716,B,159.576,159.603,2026.06.02 03:10,1,2026.06.03 10:35,159.787,159.550"
616,JUNE0525-B162,1617DC1ACCE6B50ED2D1359582A70A8B8503C569623EE90C18C6B33542796207,Tester/logs/20261011.log,982310,2026-06-04,10:40,B152PR,"OE	0	00:09:04.445	Core 04	2026.06.04 10:40:04   [SRJ-IND] B152PR sym=USDJPY bar=2026.06.04 10:35 z1=2720,B,159.586,159.605,2026.06.02 01:05,1,2026.06.03 10:35,159.787,159.550"
617,JUNE0525-B162,1617DC1ACCE6B50ED2D1359582A70A8B8503C569623EE90C18C6B33542796207,Tester/logs/20261011.log,982311,2026-06-04,10:40,B152PR,"KK	0	00:09:04.445	Core 04	2026.06.04 10:40:04   [SRJ-IND] B152PR sym=USDJPY bar=2026.06.04 10:35 z1=2945,B,159.579,159.675,2026.06.03 11:15,1,2026.06.03 11:25,159.727,159.674"
618,JUNE0525-B162,1617DC1ACCE6B50ED2D1359582A70A8B8503C569623EE90C18C6B33542796207,Tester/logs/20261011.log,982312,2026-06-04,10:40,B152PR,"GQ	0	00:09:04.445	Core 04	2026.06.04 10:40:04   [SRJ-IND] B152PR sym=USDJPY bar=2026.06.04 10:35 z1=3099,B,159.797,159.868,2026.06.04 08:15,1,2026.06.04 08:50,159.895,159.859"
619,JUNE0525-B162,1617DC1ACCE6B50ED2D1359582A70A8B8503C569623EE90C18C6B33542796207,Tester/logs/20261011.log,982313,2026-06-04,10:40,B152PR,"DE	0	00:09:04.445	Core 04	2026.06.04 10:40:04   [SRJ-IND] B152PR sym=USDJPY bar=2026.06.04 10:35 bull=1 bear=0 nz=24"
620,JUNE0525-B162,1617DC1ACCE6B50ED2D1359582A70A8B8503C569623EE90C18C6B33542796207,Tester/logs/20261011.log,982314,2026-06-04,10:40,B162ORIGIN,"QK	0	00:09:04.445	Core 04	2026.06.04 10:40:04   [SRJ-IND] B162ORIGIN sym=USDJPY bar=2026.06.04 10:35 side=B n=24 origin=3099 range=159.797-159.868 formT=2026.06.04 07:40 set=65,78,212,256,261,313,414,447,449,460,696,714,724,1405,1779,1780,1949,2509,2566,2648,2716,2720,2945,3099"
621,JUNE0525-B162,1617DC1ACCE6B50ED2D1359582A70A8B8503C569623EE90C18C6B33542796207,Tester/logs/20261011.log,982315,2026-06-04,10:40,B162ORIGIN,"RJ	0	00:09:04.445	Core 04	2026.06.04 10:40:04   [SRJ-IND] B162ORIGIN sym=USDJPY bar=2026.06.04 10:35 side=S n=0 origin=NONE range=- formT=- set=-"
622,JUNE0525-B162,1617DC1ACCE6B50ED2D1359582A70A8B8503C569623EE90C18C6B33542796207,Tester/logs/20261011.log,982323,2026-06-04,10:40,FRESHSKIP,"PP	0	00:09:04.445	Core 04	2026.06.04 10:40:04   [SRJ-EA] FRESHSKIP bar=2026.06.04 10:35 dir=SHORT state=S3_ZONE_WAIT poi=Daily-VWAP reason=PRE_BINDING"
623,JUNE0525-B162,1617DC1ACCE6B50ED2D1359582A70A8B8503C569623EE90C18C6B33542796207,Tester/logs/20261011.log,982473,2026-06-04,10:40,CQDRECHECK,"EQ	0	00:09:04.445	Core 04	2026.06.04 10:40:04   [SRJ-EA] CQDRECHECK shift=2 passA=1.0 passB=1.0 diff=0 bar=2026.06.04 10:30 state=S3_ZONE_WAIT dir=SHORT divLatch=0 hit1=0 hit2=582 mism=0"
624,JUNE0525-B162,1617DC1ACCE6B50ED2D1359582A70A8B8503C569623EE90C18C6B33542796207,Tester/logs/20261011.log,982481,2026-06-04,10:40,CONFIRMPOLL,"RI	0	00:09:04.445	Core 04	2026.06.04 10:40:04   [SRJ-EA] CONFIRMPOLL bar=2026.06.04 10:35 anchor=Daily-VWAP dir=SHORT oppCandle=0 bodyDir=0 body=25pts doji=0 touchAttr=0 confirm=0 shadow=true"
625,JUNE0525-B162,1617DC1ACCE6B50ED2D1359582A70A8B8503C569623EE90C18C6B33542796207,Tester/logs/20261011.log,982485,2026-06-04,10:40,ABORT,"ME	0	00:09:04.445	Core 04	2026.06.04 10:40:04   [SRJ-EA] 2026.06.04 10:40:04 ABORT reason=LTF_MISALIGN state=S3_ZONE_WAIT poi=Daily-VWAP dir=SHORT"
626,JUNE0525-B162,1617DC1ACCE6B50ED2D1359582A70A8B8503C569623EE90C18C6B33542796207,Tester/logs/20261011.log,982486,2026-06-04,10:40,A6REFUSED,"EO	0	00:09:04.445	Core 04	2026.06.04 10:40:04   [SRJ-EA] A6REFUSED class=ABSENT_DECLINED bar=2026.06.04 10:40 state=S3_ZONE_WAIT dir=SHORT predicate=LTF_MISALIGN"
627,JUNE0525-B162,1617DC1ACCE6B50ED2D1359582A70A8B8503C569623EE90C18C6B33542796207,Tester/logs/20261011.log,982487,2026-06-04,10:40,STATE,"GL	0	00:09:04.445	Core 04	2026.06.04 10:40:04   [SRJ-EA] 2026.06.04 10:40:04 STATE S3_ZONE_WAIT->ABORT dir=SHORT poi=Daily-VWAP"
628,JUNE0525-B162,1617DC1ACCE6B50ED2D1359582A70A8B8503C569623EE90C18C6B33542796207,Tester/logs/20261011.log,982489,2026-06-04,10:40,B60POT,"ND	0	00:09:04.445	Core 04	2026.06.04 10:40:04   [SRJ-EA] B60POT bar=2026.06.04 10:35 dir=LONG poi=Daily-POC ltf=1.0 - fresh retest kept as potential despite 5m read ([B-61 C1])"
629,JUNE0525-B162,1617DC1ACCE6B50ED2D1359582A70A8B8503C569623EE90C18C6B33542796207,Tester/logs/20261011.log,982490,2026-06-04,10:40,STATE,"HO	0	00:09:04.445	Core 04	2026.06.04 10:40:04   [SRJ-EA] 2026.06.04 10:40:04 STATE ABORT->S1_REGIME dir=LONG poi=Daily-POC"
630,JUNE0525-B162,1617DC1ACCE6B50ED2D1359582A70A8B8503C569623EE90C18C6B33542796207,Tester/logs/20261011.log,982492,2026-06-04,10:45,B152PR,"ME	0	00:09:04.445	Core 04	2026.06.04 10:45:10   [SRJ-IND] B152PR sym=USDJPY bar=2026.06.04 10:40 z1=65,B,156.672,156.773,2026.05.11 04:10,1,2026.05.12 08:55,157.714,156.726"
631,JUNE0525-B162,1617DC1ACCE6B50ED2D1359582A70A8B8503C569623EE90C18C6B33542796207,Tester/logs/20261011.log,982493,2026-06-04,10:45,B152PR,"MK	0	00:09:04.445	Core 04	2026.06.04 10:45:10   [SRJ-IND] B152PR sym=USDJPY bar=2026.06.04 10:40 z1=78,B,156.578,156.584,2026.05.11 00:35,1,2026.05.11 00:40,156.644,156.537"
632,JUNE0525-B162,1617DC1ACCE6B50ED2D1359582A70A8B8503C569623EE90C18C6B33542796207,Tester/logs/20261011.log,982494,2026-06-04,10:45,B152PR,"KR	0	00:09:04.445	Core 04	2026.06.04 10:45:10   [SRJ-IND] B152PR sym=USDJPY bar=2026.06.04 10:40 z1=212,B,157.028,157.060,2026.05.11 19:20,1,2026.05.12 00:00,157.152,157.050"
633,JUNE0525-B162,1617DC1ACCE6B50ED2D1359582A70A8B8503C569623EE90C18C6B33542796207,Tester/logs/20261011.log,982495,2026-06-04,10:45,B152PR,"KD	0	00:09:04.445	Core 04	2026.06.04 10:45:10   [SRJ-IND] B152PR sym=USDJPY bar=2026.06.04 10:40 z1=256,B,157.172,157.178,2026.05.12 01:25,1,2026.05.12 08:55,157.714,156.726"
634,JUNE0525-B162,1617DC1ACCE6B50ED2D1359582A70A8B8503C569623EE90C18C6B33542796207,Tester/logs/20261011.log,982496,2026-06-04,10:45,B152PR,"EN	0	00:09:04.445	Core 04	2026.06.04 10:45:10   [SRJ-IND] B152PR sym=USDJPY bar=2026.06.04 10:40 z1=261,B,157.184,157.192,2026.05.12 03:00,1,2026.05.12 08:55,157.714,156.726"
635,JUNE0525-B162,1617DC1ACCE6B50ED2D1359582A70A8B8503C569623EE90C18C6B33542796207,Tester/logs/20261011.log,982497,2026-06-04,10:45,B152PR,"QP	0	00:09:04.445	Core 04	2026.06.04 10:45:10   [SRJ-IND] B152PR sym=USDJPY bar=2026.06.04 10:40 z1=313,B,157.331,157.497,2026.05.12 10:00,1,2026.05.12 10:10,157.546,157.487"
636,JUNE0525-B162,1617DC1ACCE6B50ED2D1359582A70A8B8503C569623EE90C18C6B33542796207,Tester/logs/20261011.log,982498,2026-06-04,10:45,B152PR,"LE	0	00:09:04.445	Core 04	2026.06.04 10:45:10   [SRJ-IND] B152PR sym=USDJPY bar=2026.06.04 10:40 z1=414,B,157.517,157.589,2026.05.13 01:10,1,2026.05.13 01:20,157.607,157.587"
637,JUNE0525-B162,1617DC1ACCE6B50ED2D1359582A70A8B8503C569623EE90C18C6B33542796207,Tester/logs/20261011.log,982499,2026-06-04,10:45,B152PR,"GO	0	00:09:04.445	Core 04	2026.06.04 10:45:10   [SRJ-IND] B152PR sym=USDJPY bar=2026.06.04 10:40 z1=447,B,157.562,157.648,2026.05.13 06:20,1,2026.05.13 06:25,157.662,157.648"
638,JUNE0525-B162,1617DC1ACCE6B50ED2D1359582A70A8B8503C569623EE90C18C6B33542796207,Tester/logs/20261011.log,982500,2026-06-04,10:45,B152PR,"HQ	0	00:09:04.445	Core 04	2026.06.04 10:45:10   [SRJ-IND] B152PR sym=USDJPY bar=2026.06.04 10:40 z1=449,B,157.599,157.654,2026.05.13 05:15,1,2026.05.13 05:45,157.687,157.652"
639,JUNE0525-B162,1617DC1ACCE6B50ED2D1359582A70A8B8503C569623EE90C18C6B33542796207,Tester/logs/20261011.log,982501,2026-06-04,10:45,B152PR,"QK	0	00:09:04.445	Core 04	2026.06.04 10:45:10   [SRJ-IND] B152PR sym=USDJPY bar=2026.06.04 10:40 z1=460,B,157.645,157.660,2026.05.13 07:05,1,2026.05.14 00:25,157.812,157.650"
640,JUNE0525-B162,1617DC1ACCE6B50ED2D1359582A70A8B8503C569623EE90C18C6B33542796207,Tester/logs/20261011.log,982502,2026-06-04,10:45,B152PR,"IM	0	00:09:04.445	Core 04	2026.06.04 10:45:10   [SRJ-IND] B152PR sym=USDJPY bar=2026.06.04 10:40 z1=696,B,157.568,158.167,2026.05.14 18:05,1,2026.05.14 18:10,158.191,158.119"
641,JUNE0525-B162,1617DC1ACCE6B50ED2D1359582A70A8B8503C569623EE90C18C6B33542796207,Tester/logs/20261011.log,982503,2026-06-04,10:45,B152PR,"QG	0	00:09:04.445	Core 04	2026.06.04 10:45:10   [SRJ-IND] B152PR sym=USDJPY bar=2026.06.04 10:40 z1=714,B,158.107,158.142,2026.05.14 19:30,1,2026.05.14 20:00,158.169,158.142"
642,JUNE0525-B162,1617DC1ACCE6B50ED2D1359582A70A8B8503C569623EE90C18C6B33542796207,Tester/logs/20261011.log,982504,2026-06-04,10:45,B152PR,"PI	0	00:09:04.445	Core 04	2026.06.04 10:45:10   [SRJ-IND] B152PR sym=USDJPY bar=2026.06.04 10:40 z1=724,B,158.168,158.186,2026.05.14 21:00,1,2026.05.14 21:05,158.191,158.182"
643,JUNE0525-B162,1617DC1ACCE6B50ED2D1359582A70A8B8503C569623EE90C18C6B33542796207,Tester/logs/20261011.log,982505,2026-06-04,10:45,B152PR,"NP	0	00:09:04.445	Core 04	2026.06.04 10:45:10   [SRJ-IND] B152PR sym=USDJPY bar=2026.06.04 10:40 z1=1405,B,158.735,158.769,2026.05.20 19:00,1,2026.05.20 19:05,158.816,158.753"
644,JUNE0525-B162,1617DC1ACCE6B50ED2D1359582A70A8B8503C569623EE90C18C6B33542796207,Tester/logs/20261011.log,982506,2026-06-04,10:45,B152PR,"HF	0	00:09:04.445	Core 04	2026.06.04 10:45:10   [SRJ-IND] B152PR sym=USDJPY bar=2026.06.04 10:40 z1=1779,B,158.756,158.800,2026.05.25 06:45,1,2026.05.26 00:00,158.887,158.784"
645,JUNE0525-B162,1617DC1ACCE6B50ED2D1359582A70A8B8503C569623EE90C18C6B33542796207,Tester/logs/20261011.log,982507,2026-06-04,10:45,B152PR,"EL	0	00:09:04.445	Core 04	2026.06.04 10:45:10   [SRJ-IND] B152PR sym=USDJPY bar=2026.06.04 10:40 z1=1780,B,158.789,158.814,2026.05.25 04:50,1,2026.05.26 00:00,158.887,158.784"
646,JUNE0525-B162,1617DC1ACCE6B50ED2D1359582A70A8B8503C569623EE90C18C6B33542796207,Tester/logs/20261011.log,982508,2026-06-04,10:45,B152PR,"LR	0	00:09:04.445	Core 04	2026.06.04 10:45:10   [SRJ-IND] B152PR sym=USDJPY bar=2026.06.04 10:40 z1=1949,B,158.916,158.934,2026.05.26 07:25,1,2026.05.26 07:30,158.942,158.934"
647,JUNE0525-B162,1617DC1ACCE6B50ED2D1359582A70A8B8503C569623EE90C18C6B33542796207,Tester/logs/20261011.log,982509,2026-06-04,10:45,B152PR,"EH	0	00:09:04.445	Core 04	2026.06.04 10:45:10   [SRJ-IND] B152PR sym=USDJPY bar=2026.06.04 10:40 z1=2509,B,159.134,159.195,2026.05.29 19:10,1,2026.05.29 19:35,159.215,159.186"
648,JUNE0525-B162,1617DC1ACCE6B50ED2D1359582A70A8B8503C569623EE90C18C6B33542796207,Tester/logs/20261011.log,982510,2026-06-04,10:45,B152PR,"DN	0	00:09:04.445	Core 04	2026.06.04 10:45:10   [SRJ-IND] B152PR sym=USDJPY bar=2026.06.04 10:40 z1=2566,B,159.382,159.407,2026.06.01 03:15,1,2026.06.03 11:30,159.790,159.368"
649,JUNE0525-B162,1617DC1ACCE6B50ED2D1359582A70A8B8503C569623EE90C18C6B33542796207,Tester/logs/20261011.log,982511,2026-06-04,10:45,B152PR,"ND	0	00:09:04.445	Core 04	2026.06.04 10:45:10   [SRJ-IND] B152PR sym=USDJPY bar=2026.06.04 10:40 z1=2648,B,159.435,159.481,2026.06.01 16:00,1,2026.06.03 11:30,159.790,159.368"
650,JUNE0525-B162,1617DC1ACCE6B50ED2D1359582A70A8B8503C569623EE90C18C6B33542796207,Tester/logs/20261011.log,982512,2026-06-04,10:45,B152PR,"IJ	0	00:09:04.445	Core 04	2026.06.04 10:45:10   [SRJ-IND] B152PR sym=USDJPY bar=2026.06.04 10:40 z1=2716,B,159.576,159.603,2026.06.02 03:10,1,2026.06.03 10:35,159.787,159.550"
651,JUNE0525-B162,1617DC1ACCE6B50ED2D1359582A70A8B8503C569623EE90C18C6B33542796207,Tester/logs/20261011.log,982513,2026-06-04,10:45,B152PR,"OP	0	00:09:04.445	Core 04	2026.06.04 10:45:10   [SRJ-IND] B152PR sym=USDJPY bar=2026.06.04 10:40 z1=2720,B,159.586,159.605,2026.06.02 01:05,1,2026.06.03 10:35,159.787,159.550"
652,JUNE0525-B162,1617DC1ACCE6B50ED2D1359582A70A8B8503C569623EE90C18C6B33542796207,Tester/logs/20261011.log,982514,2026-06-04,10:45,B152PR,"KF	0	00:09:04.445	Core 04	2026.06.04 10:45:10   [SRJ-IND] B152PR sym=USDJPY bar=2026.06.04 10:40 z1=2945,B,159.579,159.675,2026.06.03 11:15,1,2026.06.03 11:25,159.727,159.674"
653,JUNE0525-B162,1617DC1ACCE6B50ED2D1359582A70A8B8503C569623EE90C18C6B33542796207,Tester/logs/20261011.log,982515,2026-06-04,10:45,B152PR,"GL	0	00:09:04.445	Core 04	2026.06.04 10:45:10   [SRJ-IND] B152PR sym=USDJPY bar=2026.06.04 10:40 z1=3099,B,159.797,159.868,2026.06.04 08:15,1,2026.06.04 08:50,159.895,159.859"
654,JUNE0525-B162,1617DC1ACCE6B50ED2D1359582A70A8B8503C569623EE90C18C6B33542796207,Tester/logs/20261011.log,982516,2026-06-04,10:45,B152PR,"DP	0	00:09:04.445	Core 04	2026.06.04 10:45:10   [SRJ-IND] B152PR sym=USDJPY bar=2026.06.04 10:40 bull=1 bear=0 nz=24"
655,JUNE0525-B162,1617DC1ACCE6B50ED2D1359582A70A8B8503C569623EE90C18C6B33542796207,Tester/logs/20261011.log,982517,2026-06-04,10:45,B162ORIGIN,"QN	0	00:09:04.445	Core 04	2026.06.04 10:45:10   [SRJ-IND] B162ORIGIN sym=USDJPY bar=2026.06.04 10:40 side=B n=24 origin=3099 range=159.797-159.868 formT=2026.06.04 07:40 set=65,78,212,256,261,313,414,447,449,460,696,714,724,1405,1779,1780,1949,2509,2566,2648,2716,2720,2945,3099"
656,JUNE0525-B162,1617DC1ACCE6B50ED2D1359582A70A8B8503C569623EE90C18C6B33542796207,Tester/logs/20261011.log,982518,2026-06-04,10:45,B162ORIGIN,"RI	0	00:09:04.445	Core 04	2026.06.04 10:45:10   [SRJ-IND] B162ORIGIN sym=USDJPY bar=2026.06.04 10:40 side=S n=0 origin=NONE range=- formT=- set=-"
657,JUNE0525-B162,1617DC1ACCE6B50ED2D1359582A70A8B8503C569623EE90C18C6B33542796207,Tester/logs/20261011.log,982523,2026-06-04,10:45,CQDRECHECK,"JI	0	00:09:04.445	Core 04	2026.06.04 10:45:10   [SRJ-EA] CQDRECHECK shift=2 passA=-2.0 passB=-2.0 diff=0 bar=2026.06.04 10:35 state=S1_REGIME dir=LONG divLatch=0 hit1=0 hit2=583 mism=0"
658,JUNE0525-B162,1617DC1ACCE6B50ED2D1359582A70A8B8503C569623EE90C18C6B33542796207,Tester/logs/20261011.log,982527,2026-06-04,10:45,CONFIRMPOLL,"RH	0	00:09:04.445	Core 04	2026.06.04 10:45:10   [SRJ-EA] CONFIRMPOLL bar=2026.06.04 10:40 anchor=Daily-POC dir=LONG oppCandle=0 bodyDir=0 body=22pts doji=0 touchAttr=1 confirm=0 shadow=true"
659,JUNE0525-B162,1617DC1ACCE6B50ED2D1359582A70A8B8503C569623EE90C18C6B33542796207,Tester/logs/20261011.log,982532,2026-06-04,10:50,B152PR,"ML	0	00:09:04.445	Core 04	2026.06.04 10:50:00   [SRJ-IND] B152PR sym=USDJPY bar=2026.06.04 10:45 z1=65,B,156.672,156.773,2026.05.11 04:10,1,2026.05.12 08:55,157.714,156.726"
660,JUNE0525-B162,1617DC1ACCE6B50ED2D1359582A70A8B8503C569623EE90C18C6B33542796207,Tester/logs/20261011.log,982533,2026-06-04,10:50,B152PR,"MR	0	00:09:04.445	Core 04	2026.06.04 10:50:00   [SRJ-IND] B152PR sym=USDJPY bar=2026.06.04 10:45 z1=78,B,156.578,156.584,2026.05.11 00:35,1,2026.05.11 00:40,156.644,156.537"
661,JUNE0525-B162,1617DC1ACCE6B50ED2D1359582A70A8B8503C569623EE90C18C6B33542796207,Tester/logs/20261011.log,982534,2026-06-04,10:50,B152PR,"KK	0	00:09:04.445	Core 04	2026.06.04 10:50:00   [SRJ-IND] B152PR sym=USDJPY bar=2026.06.04 10:45 z1=212,B,157.028,157.060,2026.05.11 19:20,1,2026.05.12 00:00,157.152,157.050"
662,JUNE0525-B162,1617DC1ACCE6B50ED2D1359582A70A8B8503C569623EE90C18C6B33542796207,Tester/logs/20261011.log,982535,2026-06-04,10:50,B152PR,"KM	0	00:09:04.445	Core 04	2026.06.04 10:50:00   [SRJ-IND] B152PR sym=USDJPY bar=2026.06.04 10:45 z1=256,B,157.172,157.178,2026.05.12 01:25,1,2026.05.12 08:55,157.714,156.726"
663,JUNE0525-B162,1617DC1ACCE6B50ED2D1359582A70A8B8503C569623EE90C18C6B33542796207,Tester/logs/20261011.log,982536,2026-06-04,10:50,B152PR,"EG	0	00:09:04.445	Core 04	2026.06.04 10:50:00   [SRJ-IND] B152PR sym=USDJPY bar=2026.06.04 10:45 z1=261,B,157.184,157.192,2026.05.12 03:00,1,2026.05.12 08:55,157.714,156.726"
664,JUNE0525-B162,1617DC1ACCE6B50ED2D1359582A70A8B8503C569623EE90C18C6B33542796207,Tester/logs/20261011.log,982537,2026-06-04,10:50,B152PR,"QI	0	00:09:04.445	Core 04	2026.06.04 10:50:00   [SRJ-IND] B152PR sym=USDJPY bar=2026.06.04 10:45 z1=313,B,157.331,157.497,2026.05.12 10:00,1,2026.05.12 10:10,157.546,157.487"
665,JUNE0525-B162,1617DC1ACCE6B50ED2D1359582A70A8B8503C569623EE90C18C6B33542796207,Tester/logs/20261011.log,982538,2026-06-04,10:50,B152PR,"LR	0	00:09:04.445	Core 04	2026.06.04 10:50:00   [SRJ-IND] B152PR sym=USDJPY bar=2026.06.04 10:45 z1=414,B,157.517,157.589,2026.05.13 01:10,1,2026.05.13 01:20,157.607,157.587"
666,JUNE0525-B162,1617DC1ACCE6B50ED2D1359582A70A8B8503C569623EE90C18C6B33542796207,Tester/logs/20261011.log,982539,2026-06-04,10:50,B152PR,"GD	0	00:09:04.445	Core 04	2026.06.04 10:50:00   [SRJ-IND] B152PR sym=USDJPY bar=2026.06.04 10:45 z1=447,B,157.562,157.648,2026.05.13 06:20,1,2026.05.13 06:25,157.662,157.648"
667,JUNE0525-B162,1617DC1ACCE6B50ED2D1359582A70A8B8503C569623EE90C18C6B33542796207,Tester/logs/20261011.log,982540,2026-06-04,10:50,B152PR,"HN	0	00:09:04.445	Core 04	2026.06.04 10:50:00   [SRJ-IND] B152PR sym=USDJPY bar=2026.06.04 10:45 z1=449,B,157.599,157.654,2026.05.13 05:15,1,2026.05.13 05:45,157.687,157.652"
668,JUNE0525-B162,1617DC1ACCE6B50ED2D1359582A70A8B8503C569623EE90C18C6B33542796207,Tester/logs/20261011.log,982541,2026-06-04,10:50,B152PR,"QP	0	00:09:04.445	Core 04	2026.06.04 10:50:00   [SRJ-IND] B152PR sym=USDJPY bar=2026.06.04 10:45 z1=460,B,157.645,157.660,2026.05.13 07:05,1,2026.05.14 00:25,157.812,157.650"
669,JUNE0525-B162,1617DC1ACCE6B50ED2D1359582A70A8B8503C569623EE90C18C6B33542796207,Tester/logs/20261011.log,982542,2026-06-04,10:50,B152PR,"IJ	0	00:09:04.445	Core 04	2026.06.04 10:50:00   [SRJ-IND] B152PR sym=USDJPY bar=2026.06.04 10:45 z1=696,B,157.568,158.167,2026.05.14 18:05,1,2026.05.14 18:10,158.191,158.119"
670,JUNE0525-B162,1617DC1ACCE6B50ED2D1359582A70A8B8503C569623EE90C18C6B33542796207,Tester/logs/20261011.log,982543,2026-06-04,10:50,B152PR,"QL	0	00:09:04.445	Core 04	2026.06.04 10:50:00   [SRJ-IND] B152PR sym=USDJPY bar=2026.06.04 10:45 z1=714,B,158.107,158.142,2026.05.14 19:30,1,2026.05.14 20:00,158.169,158.142"
671,JUNE0525-B162,1617DC1ACCE6B50ED2D1359582A70A8B8503C569623EE90C18C6B33542796207,Tester/logs/20261011.log,982544,2026-06-04,10:50,B152PR,"PF	0	00:09:04.445	Core 04	2026.06.04 10:50:00   [SRJ-IND] B152PR sym=USDJPY bar=2026.06.04 10:45 z1=724,B,158.168,158.186,2026.05.14 21:00,1,2026.05.14 21:05,158.191,158.182"
672,JUNE0525-B162,1617DC1ACCE6B50ED2D1359582A70A8B8503C569623EE90C18C6B33542796207,Tester/logs/20261011.log,982545,2026-06-04,10:50,B152PR,"NK	0	00:09:04.445	Core 04	2026.06.04 10:50:00   [SRJ-IND] B152PR sym=USDJPY bar=2026.06.04 10:45 z1=1405,B,158.735,158.769,2026.05.20 19:00,1,2026.05.20 19:05,158.816,158.753"
673,JUNE0525-B162,1617DC1ACCE6B50ED2D1359582A70A8B8503C569623EE90C18C6B33542796207,Tester/logs/20261011.log,982546,2026-06-04,10:50,B152PR,"HQ	0	00:09:04.445	Core 04	2026.06.04 10:50:00   [SRJ-IND] B152PR sym=USDJPY bar=2026.06.04 10:45 z1=1779,B,158.756,158.800,2026.05.25 06:45,1,2026.05.26 00:00,158.887,158.784"
674,JUNE0525-B162,1617DC1ACCE6B50ED2D1359582A70A8B8503C569623EE90C18C6B33542796207,Tester/logs/20261011.log,982547,2026-06-04,10:50,B152PR,"EG	0	00:09:04.445	Core 04	2026.06.04 10:50:00   [SRJ-IND] B152PR sym=USDJPY bar=2026.06.04 10:45 z1=1780,B,158.789,158.814,2026.05.25 04:50,1,2026.05.26 00:00,158.887,158.784"
675,JUNE0525-B162,1617DC1ACCE6B50ED2D1359582A70A8B8503C569623EE90C18C6B33542796207,Tester/logs/20261011.log,982548,2026-06-04,10:50,B152PR,"LM	0	00:09:04.445	Core 04	2026.06.04 10:50:00   [SRJ-IND] B152PR sym=USDJPY bar=2026.06.04 10:45 z1=1949,B,158.916,158.934,2026.05.26 07:25,1,2026.05.26 07:30,158.942,158.934"
676,JUNE0525-B162,1617DC1ACCE6B50ED2D1359582A70A8B8503C569623EE90C18C6B33542796207,Tester/logs/20261011.log,982549,2026-06-04,10:50,B152PR,"ES	0	00:09:04.445	Core 04	2026.06.04 10:50:00   [SRJ-IND] B152PR sym=USDJPY bar=2026.06.04 10:45 z1=2509,B,159.134,159.195,2026.05.29 19:10,1,2026.05.29 19:35,159.215,159.186"
677,JUNE0525-B162,1617DC1ACCE6B50ED2D1359582A70A8B8503C569623EE90C18C6B33542796207,Tester/logs/20261011.log,982550,2026-06-04,10:50,B152PR,"DI	0	00:09:04.445	Core 04	2026.06.04 10:50:00   [SRJ-IND] B152PR sym=USDJPY bar=2026.06.04 10:45 z1=2566,B,159.382,159.407,2026.06.01 03:15,1,2026.06.03 11:30,159.790,159.368"
678,JUNE0525-B162,1617DC1ACCE6B50ED2D1359582A70A8B8503C569623EE90C18C6B33542796207,Tester/logs/20261011.log,982551,2026-06-04,10:50,B152PR,"NO	0	00:09:04.445	Core 04	2026.06.04 10:50:00   [SRJ-IND] B152PR sym=USDJPY bar=2026.06.04 10:45 z1=2648,B,159.435,159.481,2026.06.01 16:00,1,2026.06.03 11:30,159.790,159.368"
679,JUNE0525-B162,1617DC1ACCE6B50ED2D1359582A70A8B8503C569623EE90C18C6B33542796207,Tester/logs/20261011.log,982552,2026-06-04,10:50,B152PR,"IE	0	00:09:04.445	Core 04	2026.06.04 10:50:00   [SRJ-IND] B152PR sym=USDJPY bar=2026.06.04 10:45 z1=2716,B,159.576,159.603,2026.06.02 03:10,1,2026.06.03 10:35,159.787,159.550"
680,JUNE0525-B162,1617DC1ACCE6B50ED2D1359582A70A8B8503C569623EE90C18C6B33542796207,Tester/logs/20261011.log,982553,2026-06-04,10:50,B152PR,"OK	0	00:09:04.445	Core 04	2026.06.04 10:50:00   [SRJ-IND] B152PR sym=USDJPY bar=2026.06.04 10:45 z1=2720,B,159.586,159.605,2026.06.02 01:05,1,2026.06.03 10:35,159.787,159.550"
681,JUNE0525-B162,1617DC1ACCE6B50ED2D1359582A70A8B8503C569623EE90C18C6B33542796207,Tester/logs/20261011.log,982554,2026-06-04,10:50,B152PR,"KQ	0	00:09:04.445	Core 04	2026.06.04 10:50:00   [SRJ-IND] B152PR sym=USDJPY bar=2026.06.04 10:45 z1=2945,B,159.579,159.675,2026.06.03 11:15,1,2026.06.03 11:25,159.727,159.674"
682,JUNE0525-B162,1617DC1ACCE6B50ED2D1359582A70A8B8503C569623EE90C18C6B33542796207,Tester/logs/20261011.log,982555,2026-06-04,10:50,B152PR,"GG	0	00:09:04.445	Core 04	2026.06.04 10:50:00   [SRJ-IND] B152PR sym=USDJPY bar=2026.06.04 10:45 z1=3099,B,159.797,159.868,2026.06.04 08:15,1,2026.06.04 08:50,159.895,159.859"
683,JUNE0525-B162,1617DC1ACCE6B50ED2D1359582A70A8B8503C569623EE90C18C6B33542796207,Tester/logs/20261011.log,982556,2026-06-04,10:50,B152PR,"DO	0	00:09:04.445	Core 04	2026.06.04 10:50:00   [SRJ-IND] B152PR sym=USDJPY bar=2026.06.04 10:45 bull=1 bear=0 nz=24"
684,JUNE0525-B162,1617DC1ACCE6B50ED2D1359582A70A8B8503C569623EE90C18C6B33542796207,Tester/logs/20261011.log,982557,2026-06-04,10:50,B162ORIGIN,"QE	0	00:09:04.445	Core 04	2026.06.04 10:50:00   [SRJ-IND] B162ORIGIN sym=USDJPY bar=2026.06.04 10:45 side=B n=24 origin=3099 range=159.797-159.868 formT=2026.06.04 07:40 set=65,78,212,256,261,313,414,447,449,460,696,714,724,1405,1779,1780,1949,2509,2566,2648,2716,2720,2945,3099"
685,JUNE0525-B162,1617DC1ACCE6B50ED2D1359582A70A8B8503C569623EE90C18C6B33542796207,Tester/logs/20261011.log,982558,2026-06-04,10:50,B162ORIGIN,"RP	0	00:09:04.445	Core 04	2026.06.04 10:50:00   [SRJ-IND] B162ORIGIN sym=USDJPY bar=2026.06.04 10:45 side=S n=0 origin=NONE range=- formT=- set=-"
686,JUNE0525-B162,1617DC1ACCE6B50ED2D1359582A70A8B8503C569623EE90C18C6B33542796207,Tester/logs/20261011.log,982562,2026-06-04,10:50,CQDRECHECK,"NR	0	00:09:04.445	Core 04	2026.06.04 10:50:00   [SRJ-EA] CQDRECHECK shift=2 passA=-2.0 passB=-2.0 diff=0 bar=2026.06.04 10:40 state=S1_REGIME dir=LONG divLatch=0 hit1=0 hit2=584 mism=0"
687,JUNE0525-B162,1617DC1ACCE6B50ED2D1359582A70A8B8503C569623EE90C18C6B33542796207,Tester/logs/20261011.log,982566,2026-06-04,10:50,CONFIRMPOLL,"IR	0	00:09:04.445	Core 04	2026.06.04 10:50:00   [SRJ-EA] CONFIRMPOLL bar=2026.06.04 10:45 anchor=Daily-POC dir=LONG oppCandle=1 bodyDir=0 body=10pts doji=0 touchAttr=0 confirm=0 shadow=true"
688,JUNE0525-B162,1617DC1ACCE6B50ED2D1359582A70A8B8503C569623EE90C18C6B33542796207,Tester/logs/20261011.log,982571,2026-06-04,10:55,B152PR,"DI	0	00:09:04.445	Core 04	2026.06.04 10:55:00   [SRJ-IND] B152PR sym=USDJPY bar=2026.06.04 10:50 z1=65,B,156.672,156.773,2026.05.11 04:10,1,2026.05.12 08:55,157.714,156.726"
689,JUNE0525-B162,1617DC1ACCE6B50ED2D1359582A70A8B8503C569623EE90C18C6B33542796207,Tester/logs/20261011.log,982572,2026-06-04,10:55,B152PR,"DO	0	00:09:04.445	Core 04	2026.06.04 10:55:00   [SRJ-IND] B152PR sym=USDJPY bar=2026.06.04 10:50 z1=78,B,156.578,156.584,2026.05.11 00:35,1,2026.05.11 00:40,156.644,156.537"
690,JUNE0525-B162,1617DC1ACCE6B50ED2D1359582A70A8B8503C569623EE90C18C6B33542796207,Tester/logs/20261011.log,982573,2026-06-04,10:55,B152PR,"FQ	0	00:09:04.445	Core 04	2026.06.04 10:55:00   [SRJ-IND] B152PR sym=USDJPY bar=2026.06.04 10:50 z1=212,B,157.028,157.060,2026.05.11 19:20,1,2026.05.12 00:00,157.152,157.050"
691,JUNE0525-B162,1617DC1ACCE6B50ED2D1359582A70A8B8503C569623EE90C18C6B33542796207,Tester/logs/20261011.log,982574,2026-06-04,10:55,B152PR,"JK	0	00:09:04.445	Core 04	2026.06.04 10:55:00   [SRJ-IND] B152PR sym=USDJPY bar=2026.06.04 10:50 z1=256,B,157.172,157.178,2026.05.12 01:25,1,2026.05.12 08:55,157.714,156.726"
692,JUNE0525-B162,1617DC1ACCE6B50ED2D1359582A70A8B8503C569623EE90C18C6B33542796207,Tester/logs/20261011.log,982575,2026-06-04,10:55,B152PR,"LM	0	00:09:04.445	Core 04	2026.06.04 10:55:00   [SRJ-IND] B152PR sym=USDJPY bar=2026.06.04 10:50 z1=261,B,157.184,157.192,2026.05.12 03:00,1,2026.05.12 08:55,157.714,156.726"
693,JUNE0525-B162,1617DC1ACCE6B50ED2D1359582A70A8B8503C569623EE90C18C6B33542796207,Tester/logs/20261011.log,982576,2026-06-04,10:55,B152PR,"LG	0	00:09:04.445	Core 04	2026.06.04 10:55:00   [SRJ-IND] B152PR sym=USDJPY bar=2026.06.04 10:50 z1=313,B,157.331,157.497,2026.05.12 10:00,1,2026.05.12 10:10,157.546,157.487"
694,JUNE0525-B162,1617DC1ACCE6B50ED2D1359582A70A8B8503C569623EE90C18C6B33542796207,Tester/logs/20261011.log,982577,2026-06-04,10:55,B152PR,"EI	0	00:09:04.445	Core 04	2026.06.04 10:55:00   [SRJ-IND] B152PR sym=USDJPY bar=2026.06.04 10:50 z1=414,B,157.517,157.589,2026.05.13 01:10,1,2026.05.13 01:20,157.607,157.587"
695,JUNE0525-B162,1617DC1ACCE6B50ED2D1359582A70A8B8503C569623EE90C18C6B33542796207,Tester/logs/20261011.log,982578,2026-06-04,10:55,B152PR,"NS	0	00:09:04.445	Core 04	2026.06.04 10:55:00   [SRJ-IND] B152PR sym=USDJPY bar=2026.06.04 10:50 z1=447,B,157.562,157.648,2026.05.13 06:20,1,2026.05.13 06:25,157.662,157.648"
696,JUNE0525-B162,1617DC1ACCE6B50ED2D1359582A70A8B8503C569623EE90C18C6B33542796207,Tester/logs/20261011.log,982579,2026-06-04,10:55,B152PR,"QE	0	00:09:04.445	Core 04	2026.06.04 10:55:00   [SRJ-IND] B152PR sym=USDJPY bar=2026.06.04 10:50 z1=449,B,157.599,157.654,2026.05.13 05:15,1,2026.05.13 05:45,157.687,157.652"
697,JUNE0525-B162,1617DC1ACCE6B50ED2D1359582A70A8B8503C569623EE90C18C6B33542796207,Tester/logs/20261011.log,982580,2026-06-04,10:55,B152PR,"LN	0	00:09:04.445	Core 04	2026.06.04 10:55:00   [SRJ-IND] B152PR sym=USDJPY bar=2026.06.04 10:50 z1=460,B,157.645,157.660,2026.05.13 07:05,1,2026.05.14 00:25,157.812,157.650"
698,JUNE0525-B162,1617DC1ACCE6B50ED2D1359582A70A8B8503C569623EE90C18C6B33542796207,Tester/logs/20261011.log,982581,2026-06-04,10:55,B152PR,"PP	0	00:09:04.445	Core 04	2026.06.04 10:55:00   [SRJ-IND] B152PR sym=USDJPY bar=2026.06.04 10:50 z1=696,B,157.568,158.167,2026.05.14 18:05,1,2026.05.14 18:10,158.191,158.119"
699,JUNE0525-B162,1617DC1ACCE6B50ED2D1359582A70A8B8503C569623EE90C18C6B33542796207,Tester/logs/20261011.log,982582,2026-06-04,10:55,B152PR,"DJ	0	00:09:04.445	Core 04	2026.06.04 10:55:00   [SRJ-IND] B152PR sym=USDJPY bar=2026.06.04 10:50 z1=714,B,158.107,158.142,2026.05.14 19:30,1,2026.05.14 20:00,158.169,158.142"
700,JUNE0525-B162,1617DC1ACCE6B50ED2D1359582A70A8B8503C569623EE90C18C6B33542796207,Tester/logs/20261011.log,982583,2026-06-04,10:55,B152PR,"IL	0	00:09:04.445	Core 04	2026.06.04 10:55:00   [SRJ-IND] B152PR sym=USDJPY bar=2026.06.04 10:50 z1=724,B,158.168,158.186,2026.05.14 21:00,1,2026.05.14 21:05,158.191,158.182"
701,JUNE0525-B162,1617DC1ACCE6B50ED2D1359582A70A8B8503C569623EE90C18C6B33542796207,Tester/logs/20261011.log,982584,2026-06-04,10:55,B152PR,"OE	0	00:09:04.445	Core 04	2026.06.04 10:55:00   [SRJ-IND] B152PR sym=USDJPY bar=2026.06.04 10:50 z1=1405,B,158.735,158.769,2026.05.20 19:00,1,2026.05.20 19:05,158.816,158.753"
702,JUNE0525-B162,1617DC1ACCE6B50ED2D1359582A70A8B8503C569623EE90C18C6B33542796207,Tester/logs/20261011.log,982585,2026-06-04,10:55,B152PR,"EK	0	00:09:04.445	Core 04	2026.06.04 10:55:00   [SRJ-IND] B152PR sym=USDJPY bar=2026.06.04 10:50 z1=1779,B,158.756,158.800,2026.05.25 06:45,1,2026.05.26 00:00,158.887,158.784"
703,JUNE0525-B162,1617DC1ACCE6B50ED2D1359582A70A8B8503C569623EE90C18C6B33542796207,Tester/logs/20261011.log,982586,2026-06-04,10:55,B152PR,"HQ	0	00:09:04.445	Core 04	2026.06.04 10:55:00   [SRJ-IND] B152PR sym=USDJPY bar=2026.06.04 10:50 z1=1780,B,158.789,158.814,2026.05.25 04:50,1,2026.05.26 00:00,158.887,158.784"
704,JUNE0525-B162,1617DC1ACCE6B50ED2D1359582A70A8B8503C569623EE90C18C6B33542796207,Tester/logs/20261011.log,982587,2026-06-04,10:55,B152PR,"QG	0	00:09:04.445	Core 04	2026.06.04 10:55:00   [SRJ-IND] B152PR sym=USDJPY bar=2026.06.04 10:50 z1=1949,B,158.916,158.934,2026.05.26 07:25,1,2026.05.26 07:30,158.942,158.934"
705,JUNE0525-B162,1617DC1ACCE6B50ED2D1359582A70A8B8503C569623EE90C18C6B33542796207,Tester/logs/20261011.log,982588,2026-06-04,10:55,B152PR,"HM	0	00:09:04.445	Core 04	2026.06.04 10:55:00   [SRJ-IND] B152PR sym=USDJPY bar=2026.06.04 10:50 z1=2509,B,159.134,159.195,2026.05.29 19:10,1,2026.05.29 19:35,159.215,159.186"
706,JUNE0525-B162,1617DC1ACCE6B50ED2D1359582A70A8B8503C569623EE90C18C6B33542796207,Tester/logs/20261011.log,982589,2026-06-04,10:55,B152PR,"IS	0	00:09:04.445	Core 04	2026.06.04 10:55:00   [SRJ-IND] B152PR sym=USDJPY bar=2026.06.04 10:50 z1=2566,B,159.382,159.407,2026.06.01 03:15,1,2026.06.03 11:30,159.790,159.368"
707,JUNE0525-B162,1617DC1ACCE6B50ED2D1359582A70A8B8503C569623EE90C18C6B33542796207,Tester/logs/20261011.log,982590,2026-06-04,10:55,B152PR,"OI	0	00:09:04.445	Core 04	2026.06.04 10:55:00   [SRJ-IND] B152PR sym=USDJPY bar=2026.06.04 10:50 z1=2648,B,159.435,159.481,2026.06.01 16:00,1,2026.06.03 11:30,159.790,159.368"
708,JUNE0525-B162,1617DC1ACCE6B50ED2D1359582A70A8B8503C569623EE90C18C6B33542796207,Tester/logs/20261011.log,982591,2026-06-04,10:55,B152PR,"DO	0	00:09:04.445	Core 04	2026.06.04 10:55:00   [SRJ-IND] B152PR sym=USDJPY bar=2026.06.04 10:50 z1=2716,B,159.576,159.603,2026.06.02 03:10,1,2026.06.03 10:35,159.787,159.550"
709,JUNE0525-B162,1617DC1ACCE6B50ED2D1359582A70A8B8503C569623EE90C18C6B33542796207,Tester/logs/20261011.log,982592,2026-06-04,10:55,B152PR,"NE	0	00:09:04.445	Core 04	2026.06.04 10:55:00   [SRJ-IND] B152PR sym=USDJPY bar=2026.06.04 10:50 z1=2720,B,159.586,159.605,2026.06.02 01:05,1,2026.06.03 10:35,159.787,159.550"
710,JUNE0525-B162,1617DC1ACCE6B50ED2D1359582A70A8B8503C569623EE90C18C6B33542796207,Tester/logs/20261011.log,982593,2026-06-04,10:55,B152PR,"RK	0	00:09:04.445	Core 04	2026.06.04 10:55:00   [SRJ-IND] B152PR sym=USDJPY bar=2026.06.04 10:50 z1=2945,B,159.579,159.675,2026.06.03 11:15,1,2026.06.03 11:25,159.727,159.674"
711,JUNE0525-B162,1617DC1ACCE6B50ED2D1359582A70A8B8503C569623EE90C18C6B33542796207,Tester/logs/20261011.log,982594,2026-06-04,10:55,B152PR,"FQ	0	00:09:04.445	Core 04	2026.06.04 10:55:00   [SRJ-IND] B152PR sym=USDJPY bar=2026.06.04 10:50 z1=3099,B,159.797,159.868,2026.06.04 08:15,1,2026.06.04 08:50,159.895,159.859"
712,JUNE0525-B162,1617DC1ACCE6B50ED2D1359582A70A8B8503C569623EE90C18C6B33542796207,Tester/logs/20261011.log,982595,2026-06-04,10:55,B152PR,"IE	0	00:09:04.445	Core 04	2026.06.04 10:55:00   [SRJ-IND] B152PR sym=USDJPY bar=2026.06.04 10:50 bull=1 bear=0 nz=24"
713,JUNE0525-B162,1617DC1ACCE6B50ED2D1359582A70A8B8503C569623EE90C18C6B33542796207,Tester/logs/20261011.log,982596,2026-06-04,10:55,B162ORIGIN,"DJ	0	00:09:04.445	Core 04	2026.06.04 10:55:00   [SRJ-IND] B162ORIGIN sym=USDJPY bar=2026.06.04 10:50 side=B n=24 origin=3099 range=159.797-159.868 formT=2026.06.04 07:40 set=65,78,212,256,261,313,414,447,449,460,696,714,724,1405,1779,1780,1949,2509,2566,2648,2716,2720,2945,3099"
714,JUNE0525-B162,1617DC1ACCE6B50ED2D1359582A70A8B8503C569623EE90C18C6B33542796207,Tester/logs/20261011.log,982597,2026-06-04,10:55,B162ORIGIN,"CE	0	00:09:04.445	Core 04	2026.06.04 10:55:00   [SRJ-IND] B162ORIGIN sym=USDJPY bar=2026.06.04 10:50 side=S n=0 origin=NONE range=- formT=- set=-"
715,JUNE0525-B162,1617DC1ACCE6B50ED2D1359582A70A8B8503C569623EE90C18C6B33542796207,Tester/logs/20261011.log,982603,2026-06-04,10:55,CONFIRMPOLL,"NF	0	00:09:04.445	Core 04	2026.06.04 10:55:00   [SRJ-EA] CONFIRMPOLL bar=2026.06.04 10:50 anchor=Daily-POC dir=LONG oppCandle=1 bodyDir=1 body=17pts doji=0 touchAttr=1 confirm=1 shadow=true"
716,JUNE0525-B162,1617DC1ACCE6B50ED2D1359582A70A8B8503C569623EE90C18C6B33542796207,Tester/logs/20261011.log,982609,2026-06-04,11:00,B152PR,"PI	0	00:09:04.445	Core 04	2026.06.04 11:00:00   [SRJ-IND] B152PR sym=USDJPY bar=2026.06.04 10:55 z1=65,B,156.672,156.773,2026.05.11 04:10,1,2026.05.12 08:55,157.714,156.726"
717,JUNE0525-B162,1617DC1ACCE6B50ED2D1359582A70A8B8503C569623EE90C18C6B33542796207,Tester/logs/20261011.log,982610,2026-06-04,11:00,B152PR,"PO	0	00:09:04.445	Core 04	2026.06.04 11:00:00   [SRJ-IND] B152PR sym=USDJPY bar=2026.06.04 10:55 z1=78,B,156.578,156.584,2026.05.11 00:35,1,2026.05.11 00:40,156.644,156.537"
718,JUNE0525-B162,1617DC1ACCE6B50ED2D1359582A70A8B8503C569623EE90C18C6B33542796207,Tester/logs/20261011.log,982611,2026-06-04,11:00,B152PR,"RF	0	00:09:04.445	Core 04	2026.06.04 11:00:00   [SRJ-IND] B152PR sym=USDJPY bar=2026.06.04 10:55 z1=212,B,157.028,157.060,2026.05.11 19:20,1,2026.05.12 00:00,157.152,157.050"
719,JUNE0525-B162,1617DC1ACCE6B50ED2D1359582A70A8B8503C569623EE90C18C6B33542796207,Tester/logs/20261011.log,982612,2026-06-04,11:00,B152PR,"NH	0	00:09:04.445	Core 04	2026.06.04 11:00:00   [SRJ-IND] B152PR sym=USDJPY bar=2026.06.04 10:55 z1=256,B,157.172,157.178,2026.05.12 01:25,1,2026.05.12 08:55,157.714,156.726"
720,JUNE0525-B162,1617DC1ACCE6B50ED2D1359582A70A8B8503C569623EE90C18C6B33542796207,Tester/logs/20261011.log,982613,2026-06-04,11:00,B152PR,"HR	0	00:09:04.445	Core 04	2026.06.04 11:00:00   [SRJ-IND] B152PR sym=USDJPY bar=2026.06.04 10:55 z1=261,B,157.184,157.192,2026.05.12 03:00,1,2026.05.12 08:55,157.714,156.726"
721,JUNE0525-B162,1617DC1ACCE6B50ED2D1359582A70A8B8503C569623EE90C18C6B33542796207,Tester/logs/20261011.log,982614,2026-06-04,11:00,B152PR,"HG	0	00:09:04.445	Core 04	2026.06.04 11:00:00   [SRJ-IND] B152PR sym=USDJPY bar=2026.06.04 10:55 z1=313,B,157.331,157.497,2026.05.12 10:00,1,2026.05.12 10:10,157.546,157.487"
722,JUNE0525-B162,1617DC1ACCE6B50ED2D1359582A70A8B8503C569623EE90C18C6B33542796207,Tester/logs/20261011.log,982615,2026-06-04,11:00,B152PR,"QI	0	00:09:04.445	Core 04	2026.06.04 11:00:00   [SRJ-IND] B152PR sym=USDJPY bar=2026.06.04 10:55 z1=414,B,157.517,157.589,2026.05.13 01:10,1,2026.05.13 01:20,157.607,157.587"
723,JUNE0525-B162,1617DC1ACCE6B50ED2D1359582A70A8B8503C569623EE90C18C6B33542796207,Tester/logs/20261011.log,982616,2026-06-04,11:00,B152PR,"JS	0	00:09:04.445	Core 04	2026.06.04 11:00:00   [SRJ-IND] B152PR sym=USDJPY bar=2026.06.04 10:55 z1=447,B,157.562,157.648,2026.05.13 06:20,1,2026.05.13 06:25,157.662,157.648"
724,JUNE0525-B162,1617DC1ACCE6B50ED2D1359582A70A8B8503C569623EE90C18C6B33542796207,Tester/logs/20261011.log,982617,2026-06-04,11:00,B152PR,"EE	0	00:09:04.445	Core 04	2026.06.04 11:00:00   [SRJ-IND] B152PR sym=USDJPY bar=2026.06.04 10:55 z1=449,B,157.599,157.654,2026.05.13 05:15,1,2026.05.13 05:45,157.687,157.652"
725,JUNE0525-B162,1617DC1ACCE6B50ED2D1359582A70A8B8503C569623EE90C18C6B33542796207,Tester/logs/20261011.log,982618,2026-06-04,11:00,B152PR,"HO	0	00:09:04.445	Core 04	2026.06.04 11:00:00   [SRJ-IND] B152PR sym=USDJPY bar=2026.06.04 10:55 z1=460,B,157.645,157.660,2026.05.13 07:05,1,2026.05.14 00:25,157.812,157.650"
726,JUNE0525-B162,1617DC1ACCE6B50ED2D1359582A70A8B8503C569623EE90C18C6B33542796207,Tester/logs/20261011.log,982619,2026-06-04,11:00,B152PR,"DQ	0	00:09:04.445	Core 04	2026.06.04 11:00:00   [SRJ-IND] B152PR sym=USDJPY bar=2026.06.04 10:55 z1=696,B,157.568,158.167,2026.05.14 18:05,1,2026.05.14 18:10,158.191,158.119"
727,JUNE0525-B162,1617DC1ACCE6B50ED2D1359582A70A8B8503C569623EE90C18C6B33542796207,Tester/logs/20261011.log,982620,2026-06-04,11:00,B152PR,"PK	0	00:09:04.445	Core 04	2026.06.04 11:00:00   [SRJ-IND] B152PR sym=USDJPY bar=2026.06.04 10:55 z1=714,B,158.107,158.142,2026.05.14 19:30,1,2026.05.14 20:00,158.169,158.142"
728,JUNE0525-B162,1617DC1ACCE6B50ED2D1359582A70A8B8503C569623EE90C18C6B33542796207,Tester/logs/20261011.log,982621,2026-06-04,11:00,B152PR,"MM	0	00:09:04.445	Core 04	2026.06.04 11:00:00   [SRJ-IND] B152PR sym=USDJPY bar=2026.06.04 10:55 z1=724,B,158.168,158.186,2026.05.14 21:00,1,2026.05.14 21:05,158.191,158.182"
729,JUNE0525-B162,1617DC1ACCE6B50ED2D1359582A70A8B8503C569623EE90C18C6B33542796207,Tester/logs/20261011.log,982622,2026-06-04,11:00,B152PR,"CE	0	00:09:04.445	Core 04	2026.06.04 11:00:00   [SRJ-IND] B152PR sym=USDJPY bar=2026.06.04 10:55 z1=1405,B,158.735,158.769,2026.05.20 19:00,1,2026.05.20 19:05,158.816,158.753"
730,JUNE0525-B162,1617DC1ACCE6B50ED2D1359582A70A8B8503C569623EE90C18C6B33542796207,Tester/logs/20261011.log,982623,2026-06-04,11:00,B152PR,"QK	0	00:09:04.445	Core 04	2026.06.04 11:00:00   [SRJ-IND] B152PR sym=USDJPY bar=2026.06.04 10:55 z1=1779,B,158.756,158.800,2026.05.25 06:45,1,2026.05.26 00:00,158.887,158.784"
731,JUNE0525-B162,1617DC1ACCE6B50ED2D1359582A70A8B8503C569623EE90C18C6B33542796207,Tester/logs/20261011.log,982624,2026-06-04,11:00,B152PR,"LQ	0	00:09:04.445	Core 04	2026.06.04 11:00:00   [SRJ-IND] B152PR sym=USDJPY bar=2026.06.04 10:55 z1=1780,B,158.789,158.814,2026.05.25 04:50,1,2026.05.26 00:00,158.887,158.784"
732,JUNE0525-B162,1617DC1ACCE6B50ED2D1359582A70A8B8503C569623EE90C18C6B33542796207,Tester/logs/20261011.log,982625,2026-06-04,11:00,B152PR,"EG	0	00:09:04.445	Core 04	2026.06.04 11:00:00   [SRJ-IND] B152PR sym=USDJPY bar=2026.06.04 10:55 z1=1949,B,158.916,158.934,2026.05.26 07:25,1,2026.05.26 07:30,158.942,158.934"
733,JUNE0525-B162,1617DC1ACCE6B50ED2D1359582A70A8B8503C569623EE90C18C6B33542796207,Tester/logs/20261011.log,982626,2026-06-04,11:00,B152PR,"LM	0	00:09:04.445	Core 04	2026.06.04 11:00:00   [SRJ-IND] B152PR sym=USDJPY bar=2026.06.04 10:55 z1=2509,B,159.134,159.195,2026.05.29 19:10,1,2026.05.29 19:35,159.215,159.186"
734,JUNE0525-B162,1617DC1ACCE6B50ED2D1359582A70A8B8503C569623EE90C18C6B33542796207,Tester/logs/20261011.log,982627,2026-06-04,11:00,B152PR,"MS	0	00:09:04.445	Core 04	2026.06.04 11:00:00   [SRJ-IND] B152PR sym=USDJPY bar=2026.06.04 10:55 z1=2566,B,159.382,159.407,2026.06.01 03:15,1,2026.06.03 11:30,159.790,159.368"
735,JUNE0525-B162,1617DC1ACCE6B50ED2D1359582A70A8B8503C569623EE90C18C6B33542796207,Tester/logs/20261011.log,982628,2026-06-04,11:00,B152PR,"CI	0	00:09:04.445	Core 04	2026.06.04 11:00:00   [SRJ-IND] B152PR sym=USDJPY bar=2026.06.04 10:55 z1=2648,B,159.435,159.481,2026.06.01 16:00,1,2026.06.03 11:30,159.790,159.368"
736,JUNE0525-B162,1617DC1ACCE6B50ED2D1359582A70A8B8503C569623EE90C18C6B33542796207,Tester/logs/20261011.log,982629,2026-06-04,11:00,B152PR,"PO	0	00:09:04.445	Core 04	2026.06.04 11:00:00   [SRJ-IND] B152PR sym=USDJPY bar=2026.06.04 10:55 z1=2716,B,159.576,159.603,2026.06.02 03:10,1,2026.06.03 10:35,159.787,159.550"
737,JUNE0525-B162,1617DC1ACCE6B50ED2D1359582A70A8B8503C569623EE90C18C6B33542796207,Tester/logs/20261011.log,982630,2026-06-04,11:00,B152PR,"JE	0	00:09:04.445	Core 04	2026.06.04 11:00:00   [SRJ-IND] B152PR sym=USDJPY bar=2026.06.04 10:55 z1=2720,B,159.586,159.605,2026.06.02 01:05,1,2026.06.03 10:35,159.787,159.550"
738,JUNE0525-B162,1617DC1ACCE6B50ED2D1359582A70A8B8503C569623EE90C18C6B33542796207,Tester/logs/20261011.log,982631,2026-06-04,11:00,B152PR,"FK	0	00:09:04.445	Core 04	2026.06.04 11:00:00   [SRJ-IND] B152PR sym=USDJPY bar=2026.06.04 10:55 z1=2945,B,159.579,159.675,2026.06.03 11:15,1,2026.06.03 11:25,159.727,159.674"
739,JUNE0525-B162,1617DC1ACCE6B50ED2D1359582A70A8B8503C569623EE90C18C6B33542796207,Tester/logs/20261011.log,982632,2026-06-04,11:00,B152PR,"RQ	0	00:09:04.445	Core 04	2026.06.04 11:00:00   [SRJ-IND] B152PR sym=USDJPY bar=2026.06.04 10:55 z1=3099,B,159.797,159.868,2026.06.04 08:15,1,2026.06.04 08:50,159.895,159.859"
740,JUNE0525-B162,1617DC1ACCE6B50ED2D1359582A70A8B8503C569623EE90C18C6B33542796207,Tester/logs/20261011.log,982633,2026-06-04,11:00,B152PR,"ME	0	00:09:04.445	Core 04	2026.06.04 11:00:00   [SRJ-IND] B152PR sym=USDJPY bar=2026.06.04 10:55 bull=1 bear=0 nz=24"
741,JUNE0525-B162,1617DC1ACCE6B50ED2D1359582A70A8B8503C569623EE90C18C6B33542796207,Tester/logs/20261011.log,982634,2026-06-04,11:00,B162ORIGIN,"PJ	0	00:09:04.445	Core 04	2026.06.04 11:00:00   [SRJ-IND] B162ORIGIN sym=USDJPY bar=2026.06.04 10:55 side=B n=24 origin=3099 range=159.797-159.868 formT=2026.06.04 07:40 set=65,78,212,256,261,313,414,447,449,460,696,714,724,1405,1779,1780,1949,2509,2566,2648,2716,2720,2945,3099"
742,JUNE0525-B162,1617DC1ACCE6B50ED2D1359582A70A8B8503C569623EE90C18C6B33542796207,Tester/logs/20261011.log,982635,2026-06-04,11:00,B162ORIGIN,"OE	0	00:09:04.445	Core 04	2026.06.04 11:00:00   [SRJ-IND] B162ORIGIN sym=USDJPY bar=2026.06.04 10:55 side=S n=0 origin=NONE range=- formT=- set=-"
743,JUNE0525-B162,1617DC1ACCE6B50ED2D1359582A70A8B8503C569623EE90C18C6B33542796207,Tester/logs/20261011.log,982645,2026-06-04,11:00,CONFIRMPOLL,"DL	0	00:09:04.445	Core 04	2026.06.04 11:00:00   [SRJ-EA] CONFIRMPOLL bar=2026.06.04 10:55 anchor=Daily-POC dir=LONG oppCandle=0 bodyDir=1 body=4pts doji=0 touchAttr=1 confirm=0 shadow=true"
744,JUNE0525-B162,1617DC1ACCE6B50ED2D1359582A70A8B8503C569623EE90C18C6B33542796207,Tester/logs/20261011.log,982650,2026-06-04,11:05,B152PR,"NE	0	00:09:04.445	Core 04	2026.06.04 11:05:00   [SRJ-IND] B152PR sym=USDJPY bar=2026.06.04 11:00 z1=65,B,156.672,156.773,2026.05.11 04:10,1,2026.05.12 08:55,157.714,156.726"
745,JUNE0525-B162,1617DC1ACCE6B50ED2D1359582A70A8B8503C569623EE90C18C6B33542796207,Tester/logs/20261011.log,982651,2026-06-04,11:05,B152PR,"NK	0	00:09:04.445	Core 04	2026.06.04 11:05:00   [SRJ-IND] B152PR sym=USDJPY bar=2026.06.04 11:00 z1=78,B,156.578,156.584,2026.05.11 00:35,1,2026.05.11 00:40,156.644,156.537"
746,JUNE0525-B162,1617DC1ACCE6B50ED2D1359582A70A8B8503C569623EE90C18C6B33542796207,Tester/logs/20261011.log,982652,2026-06-04,11:05,B152PR,"LR	0	00:09:04.445	Core 04	2026.06.04 11:05:00   [SRJ-IND] B152PR sym=USDJPY bar=2026.06.04 11:00 z1=212,B,157.028,157.060,2026.05.11 19:20,1,2026.05.12 00:00,157.152,157.050"
747,JUNE0525-B162,1617DC1ACCE6B50ED2D1359582A70A8B8503C569623EE90C18C6B33542796207,Tester/logs/20261011.log,982653,2026-06-04,11:05,B152PR,"LD	0	00:09:04.445	Core 04	2026.06.04 11:05:00   [SRJ-IND] B152PR sym=USDJPY bar=2026.06.04 11:00 z1=256,B,157.172,157.178,2026.05.12 01:25,1,2026.05.12 08:55,157.714,156.726"
748,JUNE0525-B162,1617DC1ACCE6B50ED2D1359582A70A8B8503C569623EE90C18C6B33542796207,Tester/logs/20261011.log,982654,2026-06-04,11:05,B152PR,"FN	0	00:09:04.445	Core 04	2026.06.04 11:05:00   [SRJ-IND] B152PR sym=USDJPY bar=2026.06.04 11:00 z1=261,B,157.184,157.192,2026.05.12 03:00,1,2026.05.12 08:55,157.714,156.726"
749,JUNE0525-B162,1617DC1ACCE6B50ED2D1359582A70A8B8503C569623EE90C18C6B33542796207,Tester/logs/20261011.log,982655,2026-06-04,11:05,B152PR,"RP	0	00:09:04.445	Core 04	2026.06.04 11:05:00   [SRJ-IND] B152PR sym=USDJPY bar=2026.06.04 11:00 z1=313,B,157.331,157.497,2026.05.12 10:00,1,2026.05.12 10:10,157.546,157.487"
750,JUNE0525-B162,1617DC1ACCE6B50ED2D1359582A70A8B8503C569623EE90C18C6B33542796207,Tester/logs/20261011.log,982656,2026-06-04,11:05,B152PR,"KE	0	00:09:04.445	Core 04	2026.06.04 11:05:00   [SRJ-IND] B152PR sym=USDJPY bar=2026.06.04 11:00 z1=414,B,157.517,157.589,2026.05.13 01:10,1,2026.05.13 01:20,157.607,157.587"
751,JUNE0525-B162,1617DC1ACCE6B50ED2D1359582A70A8B8503C569623EE90C18C6B33542796207,Tester/logs/20261011.log,982657,2026-06-04,11:05,B152PR,"HO	0	00:09:04.445	Core 04	2026.06.04 11:05:00   [SRJ-IND] B152PR sym=USDJPY bar=2026.06.04 11:00 z1=447,B,157.562,157.648,2026.05.13 06:20,1,2026.05.13 06:25,157.662,157.648"
752,JUNE0525-B162,1617DC1ACCE6B50ED2D1359582A70A8B8503C569623EE90C18C6B33542796207,Tester/logs/20261011.log,982658,2026-06-04,11:05,B152PR,"GQ	0	00:09:04.445	Core 04	2026.06.04 11:05:00   [SRJ-IND] B152PR sym=USDJPY bar=2026.06.04 11:00 z1=449,B,157.599,157.654,2026.05.13 05:15,1,2026.05.13 05:45,157.687,157.652"
753,JUNE0525-B162,1617DC1ACCE6B50ED2D1359582A70A8B8503C569623EE90C18C6B33542796207,Tester/logs/20261011.log,982659,2026-06-04,11:05,B152PR,"RK	0	00:09:04.445	Core 04	2026.06.04 11:05:00   [SRJ-IND] B152PR sym=USDJPY bar=2026.06.04 11:00 z1=460,B,157.645,157.660,2026.05.13 07:05,1,2026.05.14 00:25,157.812,157.650"
754,JUNE0525-B162,1617DC1ACCE6B50ED2D1359582A70A8B8503C569623EE90C18C6B33542796207,Tester/logs/20261011.log,982660,2026-06-04,11:05,B152PR,"JM	0	00:09:04.445	Core 04	2026.06.04 11:05:00   [SRJ-IND] B152PR sym=USDJPY bar=2026.06.04 11:00 z1=696,B,157.568,158.167,2026.05.14 18:05,1,2026.05.14 18:10,158.191,158.119"
755,JUNE0525-B162,1617DC1ACCE6B50ED2D1359582A70A8B8503C569623EE90C18C6B33542796207,Tester/logs/20261011.log,982661,2026-06-04,11:05,B152PR,"RG	0	00:09:04.445	Core 04	2026.06.04 11:05:00   [SRJ-IND] B152PR sym=USDJPY bar=2026.06.04 11:00 z1=714,B,158.107,158.142,2026.05.14 19:30,1,2026.05.14 20:00,158.169,158.142"
756,JUNE0525-B162,1617DC1ACCE6B50ED2D1359582A70A8B8503C569623EE90C18C6B33542796207,Tester/logs/20261011.log,982662,2026-06-04,11:05,B152PR,"OI	0	00:09:04.445	Core 04	2026.06.04 11:05:00   [SRJ-IND] B152PR sym=USDJPY bar=2026.06.04 11:00 z1=724,B,158.168,158.186,2026.05.14 21:00,1,2026.05.14 21:05,158.191,158.182"
757,JUNE0525-B162,1617DC1ACCE6B50ED2D1359582A70A8B8503C569623EE90C18C6B33542796207,Tester/logs/20261011.log,982663,2026-06-04,11:05,B152PR,"MP	0	00:09:04.445	Core 04	2026.06.04 11:05:00   [SRJ-IND] B152PR sym=USDJPY bar=2026.06.04 11:00 z1=1405,B,158.735,158.769,2026.05.20 19:00,1,2026.05.20 19:05,158.816,158.753"
758,JUNE0525-B162,1617DC1ACCE6B50ED2D1359582A70A8B8503C569623EE90C18C6B33542796207,Tester/logs/20261011.log,982664,2026-06-04,11:05,B152PR,"GF	0	00:09:04.445	Core 04	2026.06.04 11:05:00   [SRJ-IND] B152PR sym=USDJPY bar=2026.06.04 11:00 z1=1779,B,158.756,158.800,2026.05.25 06:45,1,2026.05.26 00:00,158.887,158.784"
759,JUNE0525-B162,1617DC1ACCE6B50ED2D1359582A70A8B8503C569623EE90C18C6B33542796207,Tester/logs/20261011.log,982665,2026-06-04,11:05,B152PR,"FL	0	00:09:04.445	Core 04	2026.06.04 11:05:00   [SRJ-IND] B152PR sym=USDJPY bar=2026.06.04 11:00 z1=1780,B,158.789,158.814,2026.05.25 04:50,1,2026.05.26 00:00,158.887,158.784"
760,JUNE0525-B162,1617DC1ACCE6B50ED2D1359582A70A8B8503C569623EE90C18C6B33542796207,Tester/logs/20261011.log,982666,2026-06-04,11:05,B152PR,"KR	0	00:09:04.445	Core 04	2026.06.04 11:05:00   [SRJ-IND] B152PR sym=USDJPY bar=2026.06.04 11:00 z1=1949,B,158.916,158.934,2026.05.26 07:25,1,2026.05.26 07:30,158.942,158.934"
761,JUNE0525-B162,1617DC1ACCE6B50ED2D1359582A70A8B8503C569623EE90C18C6B33542796207,Tester/logs/20261011.log,982667,2026-06-04,11:05,B152PR,"FH	0	00:09:04.445	Core 04	2026.06.04 11:05:00   [SRJ-IND] B152PR sym=USDJPY bar=2026.06.04 11:00 z1=2509,B,159.134,159.195,2026.05.29 19:10,1,2026.05.29 19:35,159.215,159.186"
762,JUNE0525-B162,1617DC1ACCE6B50ED2D1359582A70A8B8503C569623EE90C18C6B33542796207,Tester/logs/20261011.log,982668,2026-06-04,11:05,B152PR,"CN	0	00:09:04.445	Core 04	2026.06.04 11:05:00   [SRJ-IND] B152PR sym=USDJPY bar=2026.06.04 11:00 z1=2566,B,159.382,159.407,2026.06.01 03:15,1,2026.06.03 11:30,159.790,159.368"
763,JUNE0525-B162,1617DC1ACCE6B50ED2D1359582A70A8B8503C569623EE90C18C6B33542796207,Tester/logs/20261011.log,982669,2026-06-04,11:05,B152PR,"MD	0	00:09:04.445	Core 04	2026.06.04 11:05:00   [SRJ-IND] B152PR sym=USDJPY bar=2026.06.04 11:00 z1=2648,B,159.435,159.481,2026.06.01 16:00,1,2026.06.03 11:30,159.790,159.368"
764,JUNE0525-B162,1617DC1ACCE6B50ED2D1359582A70A8B8503C569623EE90C18C6B33542796207,Tester/logs/20261011.log,982670,2026-06-04,11:05,B152PR,"JJ	0	00:09:04.445	Core 04	2026.06.04 11:05:00   [SRJ-IND] B152PR sym=USDJPY bar=2026.06.04 11:00 z1=2716,B,159.576,159.603,2026.06.02 03:10,1,2026.06.03 10:35,159.787,159.550"
765,JUNE0525-B162,1617DC1ACCE6B50ED2D1359582A70A8B8503C569623EE90C18C6B33542796207,Tester/logs/20261011.log,982671,2026-06-04,11:05,B152PR,"PP	0	00:09:04.445	Core 04	2026.06.04 11:05:00   [SRJ-IND] B152PR sym=USDJPY bar=2026.06.04 11:00 z1=2720,B,159.586,159.605,2026.06.02 01:05,1,2026.06.03 10:35,159.787,159.550"
766,JUNE0525-B162,1617DC1ACCE6B50ED2D1359582A70A8B8503C569623EE90C18C6B33542796207,Tester/logs/20261011.log,982672,2026-06-04,11:05,B152PR,"LF	0	00:09:04.445	Core 04	2026.06.04 11:05:00   [SRJ-IND] B152PR sym=USDJPY bar=2026.06.04 11:00 z1=2945,B,159.579,159.675,2026.06.03 11:15,1,2026.06.03 11:25,159.727,159.674"
767,JUNE0525-B162,1617DC1ACCE6B50ED2D1359582A70A8B8503C569623EE90C18C6B33542796207,Tester/logs/20261011.log,982673,2026-06-04,11:05,B152PR,"HL	0	00:09:04.445	Core 04	2026.06.04 11:05:00   [SRJ-IND] B152PR sym=USDJPY bar=2026.06.04 11:00 z1=3099,B,159.797,159.868,2026.06.04 08:15,1,2026.06.04 08:50,159.895,159.859"
768,JUNE0525-B162,1617DC1ACCE6B50ED2D1359582A70A8B8503C569623EE90C18C6B33542796207,Tester/logs/20261011.log,982674,2026-06-04,11:05,B152PR,"CP	0	00:09:04.445	Core 04	2026.06.04 11:05:00   [SRJ-IND] B152PR sym=USDJPY bar=2026.06.04 11:00 bull=1 bear=0 nz=24"
769,JUNE0525-B162,1617DC1ACCE6B50ED2D1359582A70A8B8503C569623EE90C18C6B33542796207,Tester/logs/20261011.log,982675,2026-06-04,11:05,B162ORIGIN,"RN	0	00:09:04.445	Core 04	2026.06.04 11:05:00   [SRJ-IND] B162ORIGIN sym=USDJPY bar=2026.06.04 11:00 side=B n=24 origin=3099 range=159.797-159.868 formT=2026.06.04 07:40 set=65,78,212,256,261,313,414,447,449,460,696,714,724,1405,1779,1780,1949,2509,2566,2648,2716,2720,2945,3099"
770,JUNE0525-B162,1617DC1ACCE6B50ED2D1359582A70A8B8503C569623EE90C18C6B33542796207,Tester/logs/20261011.log,982676,2026-06-04,11:05,B162ORIGIN,"QI	0	00:09:04.445	Core 04	2026.06.04 11:05:00   [SRJ-IND] B162ORIGIN sym=USDJPY bar=2026.06.04 11:00 side=S n=0 origin=NONE range=- formT=- set=-"
771,JUNE0525-B162,1617DC1ACCE6B50ED2D1359582A70A8B8503C569623EE90C18C6B33542796207,Tester/logs/20261011.log,982688,2026-06-04,11:05,CONFIRMPOLL,"QD	0	00:09:04.445	Core 04	2026.06.04 11:05:00   [SRJ-EA] CONFIRMPOLL bar=2026.06.04 11:00 anchor=Daily-VWAP dir=SHORT oppCandle=1 bodyDir=1 body=12pts doji=0 touchAttr=1 confirm=1 shadow=true"
772,JUNE0525-B162,1617DC1ACCE6B50ED2D1359582A70A8B8503C569623EE90C18C6B33542796207,Tester/logs/20261011.log,982690,2026-06-04,11:05,STATE,"DP	0	00:09:04.445	Core 04	2026.06.04 11:05:00   [SRJ-EA] 2026.06.04 11:05:00 STATE S1_REGIME->S2_LTF_ALIGN dir=SHORT poi=Daily-VWAP"
773,JUNE0525-B162,1617DC1ACCE6B50ED2D1359582A70A8B8503C569623EE90C18C6B33542796207,Tester/logs/20261011.log,982693,2026-06-04,11:05,STATE,"EM	0	00:09:04.445	Core 04	2026.06.04 11:05:00   [SRJ-EA] 2026.06.04 11:05:00 STATE S2_LTF_ALIGN->S3_ZONE_WAIT dir=SHORT poi=Daily-VWAP"
774,JUNE0525-B162,1617DC1ACCE6B50ED2D1359582A70A8B8503C569623EE90C18C6B33542796207,Tester/logs/20261011.log,982697,2026-06-04,11:05,XOBPROMO,"PR	0	00:09:04.445	Core 04	2026.06.04 11:05:00   [SRJ-EA] XOBPROMO bar=2026.06.04 11:00 site=S3PICK xobId=3099 raw=1780560900.0 promoT=2026.06.04 08:15"
775,JUNE0525-B162,1617DC1ACCE6B50ED2D1359582A70A8B8503C569623EE90C18C6B33542796207,Tester/logs/20261011.log,982698,2026-06-04,11:05,ZONEPICK,"OH	0	00:09:04.445	Core 04	2026.06.04 11:05:00   [SRJ-EA] ZONEPICK bar=2026.06.04 11:00 dir=SHORT haveFvg=0 fvgInPlay=0 haveXob=1 xobInPlay=0 downgraded=0 fvg=--- xob=159.797-159.868"
776,JUNE0525-B162,1617DC1ACCE6B50ED2D1359582A70A8B8503C569623EE90C18C6B33542796207,Tester/logs/20261011.log,982713,2026-06-04,11:05,INPLAYCOMMIT,"ND	0	00:09:04.445	Core 04	2026.06.04 11:05:00   [SRJ-EA] INPLAYCOMMIT bar=2026.06.04 11:00 dir=SHORT zoneSrc=XOB zoneLo=159.797 zoneHi=159.868 promoT=2026.06.04 08:15 applied=1 bounded=1 scanned=4 swings=1 hits=0 firstShift=-1 firstVal=- commitVia=none legacy=0 legacyVia=none committed=0 changed=0 haveStop=1"
777,JUNE0525-B162,1617DC1ACCE6B50ED2D1359582A70A8B8503C569623EE90C18C6B33542796207,Tester/logs/20261011.log,982715,2026-06-04,11:05,B60C,"QI	0	00:09:04.445	Core 04	2026.06.04 11:05:00   [SRJ-EA] B60C bar=2026.06.04 11:00 dir=SHORT poi=Daily-VWAP rt=2026.06.04 10:35 rSh=6 rBar=2026.06.04 10:35 cSrc=BOTH xt=0 zxob=159.797-159.868 xpromo=2026.06.04 08:15 - C satisfied by retest and prior candles ([B-61 C2][B-129 XT])"
778,JUNE0525-B162,1617DC1ACCE6B50ED2D1359582A70A8B8503C569623EE90C18C6B33542796207,Tester/logs/20261011.log,982717,2026-06-04,11:05,STATE,"JR	0	00:09:04.445	Core 04	2026.06.04 11:05:00   [SRJ-EA] 2026.06.04 11:05:00 STATE S3_ZONE_WAIT->S5_GATE_CHECK dir=SHORT poi=Daily-VWAP"
779,JUNE0525-B162,1617DC1ACCE6B50ED2D1359582A70A8B8503C569623EE90C18C6B33542796207,Tester/logs/20261011.log,982719,2026-06-04,11:05,D130LATCH,"IS	0	00:09:04.445	Core 04	2026.06.04 11:05:00   [SRJ-EA] D130LATCH pass=2026.06.04 11:05:00 confBar=2026.06.04 11:00 dir=SHORT verdict=-2 verdictBar=2026.06.04 10:40 walkShift=5 oppPassed=1 oppBar=2026.06.04 10:30"
780,JUNE0525-B162,1617DC1ACCE6B50ED2D1359582A70A8B8503C569623EE90C18C6B33542796207,Tester/logs/20261011.log,982720,2026-06-04,11:05,B150GATE,"JS	0	00:09:04.445	Core 04	2026.06.04 11:05:00   [SRJ-EA] B150GATE bar=2026.06.04 11:00 dir=SHORT value=0.0 src=XOB forbar=2026.06.04 11:00"
781,JUNE0525-B162,1617DC1ACCE6B50ED2D1359582A70A8B8503C569623EE90C18C6B33542796207,Tester/logs/20261011.log,982721,2026-06-04,11:05,ABORT,"KO	0	00:09:04.445	Core 04	2026.06.04 11:05:00   [SRJ-EA] 2026.06.04 11:05:00 ABORT reason=PROMO_RETURN_NONE state=S5_GATE_CHECK poi=Daily-VWAP dir=SHORT"
782,JUNE0525-B162,1617DC1ACCE6B50ED2D1359582A70A8B8503C569623EE90C18C6B33542796207,Tester/logs/20261011.log,982722,2026-06-04,11:05,A6REFUSED,"KP	0	00:09:04.445	Core 04	2026.06.04 11:05:00   [SRJ-EA] A6REFUSED class=ABSENT_DECLINED bar=2026.06.04 11:05 state=S5_GATE_CHECK dir=SHORT predicate=PROMO_RETURN_NONE"
783,JUNE0525-B162,1617DC1ACCE6B50ED2D1359582A70A8B8503C569623EE90C18C6B33542796207,Tester/logs/20261011.log,982723,2026-06-04,11:05,STATE,"MJ	0	00:09:04.445	Core 04	2026.06.04 11:05:00   [SRJ-EA] 2026.06.04 11:05:00 STATE S5_GATE_CHECK->ABORT dir=SHORT poi=Daily-VWAP"
784,JUNE0525-B162,1617DC1ACCE6B50ED2D1359582A70A8B8503C569623EE90C18C6B33542796207,Tester/logs/20261011.log,982726,2026-06-04,11:10,B152PR,"DL	0	00:09:04.445	Core 04	2026.06.04 11:10:29   [SRJ-IND] B152PR sym=USDJPY bar=2026.06.04 11:05 z1=65,B,156.672,156.773,2026.05.11 04:10,1,2026.05.12 08:55,157.714,156.726"
785,JUNE0525-B162,1617DC1ACCE6B50ED2D1359582A70A8B8503C569623EE90C18C6B33542796207,Tester/logs/20261011.log,982727,2026-06-04,11:10,B152PR,"DR	0	00:09:04.445	Core 04	2026.06.04 11:10:29   [SRJ-IND] B152PR sym=USDJPY bar=2026.06.04 11:05 z1=78,B,156.578,156.584,2026.05.11 00:35,1,2026.05.11 00:40,156.644,156.537"
786,JUNE0525-B162,1617DC1ACCE6B50ED2D1359582A70A8B8503C569623EE90C18C6B33542796207,Tester/logs/20261011.log,982728,2026-06-04,11:10,B152PR,"FK	0	00:09:04.445	Core 04	2026.06.04 11:10:29   [SRJ-IND] B152PR sym=USDJPY bar=2026.06.04 11:05 z1=212,B,157.028,157.060,2026.05.11 19:20,1,2026.05.12 00:00,157.152,157.050"
787,JUNE0525-B162,1617DC1ACCE6B50ED2D1359582A70A8B8503C569623EE90C18C6B33542796207,Tester/logs/20261011.log,982729,2026-06-04,11:10,B152PR,"FM	0	00:09:04.445	Core 04	2026.06.04 11:10:29   [SRJ-IND] B152PR sym=USDJPY bar=2026.06.04 11:05 z1=256,B,157.172,157.178,2026.05.12 01:25,1,2026.05.12 08:55,157.714,156.726"
788,JUNE0525-B162,1617DC1ACCE6B50ED2D1359582A70A8B8503C569623EE90C18C6B33542796207,Tester/logs/20261011.log,982730,2026-06-04,11:10,B152PR,"LG	0	00:09:04.445	Core 04	2026.06.04 11:10:29   [SRJ-IND] B152PR sym=USDJPY bar=2026.06.04 11:05 z1=261,B,157.184,157.192,2026.05.12 03:00,1,2026.05.12 08:55,157.714,156.726"
789,JUNE0525-B162,1617DC1ACCE6B50ED2D1359582A70A8B8503C569623EE90C18C6B33542796207,Tester/logs/20261011.log,982731,2026-06-04,11:10,B152PR,"HI	0	00:09:04.445	Core 04	2026.06.04 11:10:29   [SRJ-IND] B152PR sym=USDJPY bar=2026.06.04 11:05 z1=313,B,157.331,157.497,2026.05.12 10:00,1,2026.05.12 10:10,157.546,157.487"
790,JUNE0525-B162,1617DC1ACCE6B50ED2D1359582A70A8B8503C569623EE90C18C6B33542796207,Tester/logs/20261011.log,982732,2026-06-04,11:10,B152PR,"ER	0	00:09:04.445	Core 04	2026.06.04 11:10:29   [SRJ-IND] B152PR sym=USDJPY bar=2026.06.04 11:05 z1=414,B,157.517,157.589,2026.05.13 01:10,1,2026.05.13 01:20,157.607,157.587"
791,JUNE0525-B162,1617DC1ACCE6B50ED2D1359582A70A8B8503C569623EE90C18C6B33542796207,Tester/logs/20261011.log,982733,2026-06-04,11:10,B152PR,"RD	0	00:09:04.445	Core 04	2026.06.04 11:10:29   [SRJ-IND] B152PR sym=USDJPY bar=2026.06.04 11:05 z1=447,B,157.562,157.648,2026.05.13 06:20,1,2026.05.13 06:25,157.662,157.648"
792,JUNE0525-B162,1617DC1ACCE6B50ED2D1359582A70A8B8503C569623EE90C18C6B33542796207,Tester/logs/20261011.log,982734,2026-06-04,11:10,B152PR,"QN	0	00:09:04.445	Core 04	2026.06.04 11:10:29   [SRJ-IND] B152PR sym=USDJPY bar=2026.06.04 11:05 z1=449,B,157.599,157.654,2026.05.13 05:15,1,2026.05.13 05:45,157.687,157.652"
793,JUNE0525-B162,1617DC1ACCE6B50ED2D1359582A70A8B8503C569623EE90C18C6B33542796207,Tester/logs/20261011.log,982735,2026-06-04,11:10,B152PR,"HP	0	00:09:04.445	Core 04	2026.06.04 11:10:29   [SRJ-IND] B152PR sym=USDJPY bar=2026.06.04 11:05 z1=460,B,157.645,157.660,2026.05.13 07:05,1,2026.05.14 00:25,157.812,157.650"
794,JUNE0525-B162,1617DC1ACCE6B50ED2D1359582A70A8B8503C569623EE90C18C6B33542796207,Tester/logs/20261011.log,982736,2026-06-04,11:10,B152PR,"PJ	0	00:09:04.445	Core 04	2026.06.04 11:10:29   [SRJ-IND] B152PR sym=USDJPY bar=2026.06.04 11:05 z1=696,B,157.568,158.167,2026.05.14 18:05,1,2026.05.14 18:10,158.191,158.119"
795,JUNE0525-B162,1617DC1ACCE6B50ED2D1359582A70A8B8503C569623EE90C18C6B33542796207,Tester/logs/20261011.log,982737,2026-06-04,11:10,B152PR,"HL	0	00:09:04.445	Core 04	2026.06.04 11:10:29   [SRJ-IND] B152PR sym=USDJPY bar=2026.06.04 11:05 z1=714,B,158.107,158.142,2026.05.14 19:30,1,2026.05.14 20:00,158.169,158.142"
796,JUNE0525-B162,1617DC1ACCE6B50ED2D1359582A70A8B8503C569623EE90C18C6B33542796207,Tester/logs/20261011.log,982738,2026-06-04,11:10,B152PR,"IF	0	00:09:04.445	Core 04	2026.06.04 11:10:29   [SRJ-IND] B152PR sym=USDJPY bar=2026.06.04 11:05 z1=724,B,158.168,158.186,2026.05.14 21:00,1,2026.05.14 21:05,158.191,158.182"
797,JUNE0525-B162,1617DC1ACCE6B50ED2D1359582A70A8B8503C569623EE90C18C6B33542796207,Tester/logs/20261011.log,982739,2026-06-04,11:10,B152PR,"CK	0	00:09:04.445	Core 04	2026.06.04 11:10:29   [SRJ-IND] B152PR sym=USDJPY bar=2026.06.04 11:05 z1=1405,B,158.735,158.769,2026.05.20 19:00,1,2026.05.20 19:05,158.816,158.753"
798,JUNE0525-B162,1617DC1ACCE6B50ED2D1359582A70A8B8503C569623EE90C18C6B33542796207,Tester/logs/20261011.log,982740,2026-06-04,11:10,B152PR,"QQ	0	00:09:04.445	Core 04	2026.06.04 11:10:29   [SRJ-IND] B152PR sym=USDJPY bar=2026.06.04 11:05 z1=1779,B,158.756,158.800,2026.05.25 06:45,1,2026.05.26 00:00,158.887,158.784"
799,JUNE0525-B162,1617DC1ACCE6B50ED2D1359582A70A8B8503C569623EE90C18C6B33542796207,Tester/logs/20261011.log,982741,2026-06-04,11:10,B152PR,"LG	0	00:09:04.445	Core 04	2026.06.04 11:10:29   [SRJ-IND] B152PR sym=USDJPY bar=2026.06.04 11:05 z1=1780,B,158.789,158.814,2026.05.25 04:50,1,2026.05.26 00:00,158.887,158.784"
800,JUNE0525-B162,1617DC1ACCE6B50ED2D1359582A70A8B8503C569623EE90C18C6B33542796207,Tester/logs/20261011.log,982742,2026-06-04,11:10,B152PR,"EM	0	00:09:04.445	Core 04	2026.06.04 11:10:29   [SRJ-IND] B152PR sym=USDJPY bar=2026.06.04 11:05 z1=1949,B,158.916,158.934,2026.05.26 07:25,1,2026.05.26 07:30,158.942,158.934"
801,JUNE0525-B162,1617DC1ACCE6B50ED2D1359582A70A8B8503C569623EE90C18C6B33542796207,Tester/logs/20261011.log,982743,2026-06-04,11:10,B152PR,"LS	0	00:09:04.445	Core 04	2026.06.04 11:10:29   [SRJ-IND] B152PR sym=USDJPY bar=2026.06.04 11:05 z1=2509,B,159.134,159.195,2026.05.29 19:10,1,2026.05.29 19:35,159.215,159.186"
802,JUNE0525-B162,1617DC1ACCE6B50ED2D1359582A70A8B8503C569623EE90C18C6B33542796207,Tester/logs/20261011.log,982744,2026-06-04,11:10,B152PR,"MI	0	00:09:04.445	Core 04	2026.06.04 11:10:29   [SRJ-IND] B152PR sym=USDJPY bar=2026.06.04 11:05 z1=2566,B,159.382,159.407,2026.06.01 03:15,1,2026.06.03 11:30,159.790,159.368"
803,JUNE0525-B162,1617DC1ACCE6B50ED2D1359582A70A8B8503C569623EE90C18C6B33542796207,Tester/logs/20261011.log,982745,2026-06-04,11:10,B152PR,"CO	0	00:09:04.445	Core 04	2026.06.04 11:10:29   [SRJ-IND] B152PR sym=USDJPY bar=2026.06.04 11:05 z1=2648,B,159.435,159.481,2026.06.01 16:00,1,2026.06.03 11:30,159.790,159.368"
804,JUNE0525-B162,1617DC1ACCE6B50ED2D1359582A70A8B8503C569623EE90C18C6B33542796207,Tester/logs/20261011.log,982746,2026-06-04,11:10,B152PR,"PE	0	00:09:04.445	Core 04	2026.06.04 11:10:29   [SRJ-IND] B152PR sym=USDJPY bar=2026.06.04 11:05 z1=2716,B,159.576,159.603,2026.06.02 03:10,1,2026.06.03 10:35,159.787,159.550"
805,JUNE0525-B162,1617DC1ACCE6B50ED2D1359582A70A8B8503C569623EE90C18C6B33542796207,Tester/logs/20261011.log,982747,2026-06-04,11:10,B152PR,"JK	0	00:09:04.445	Core 04	2026.06.04 11:10:29   [SRJ-IND] B152PR sym=USDJPY bar=2026.06.04 11:05 z1=2720,B,159.586,159.605,2026.06.02 01:05,1,2026.06.03 10:35,159.787,159.550"
806,JUNE0525-B162,1617DC1ACCE6B50ED2D1359582A70A8B8503C569623EE90C18C6B33542796207,Tester/logs/20261011.log,982748,2026-06-04,11:10,B152PR,"FQ	0	00:09:04.445	Core 04	2026.06.04 11:10:29   [SRJ-IND] B152PR sym=USDJPY bar=2026.06.04 11:05 z1=2945,B,159.579,159.675,2026.06.03 11:15,1,2026.06.03 11:25,159.727,159.674"
807,JUNE0525-B162,1617DC1ACCE6B50ED2D1359582A70A8B8503C569623EE90C18C6B33542796207,Tester/logs/20261011.log,982749,2026-06-04,11:10,B152PR,"RG	0	00:09:04.445	Core 04	2026.06.04 11:10:29   [SRJ-IND] B152PR sym=USDJPY bar=2026.06.04 11:05 z1=3099,B,159.797,159.868,2026.06.04 08:15,1,2026.06.04 08:50,159.895,159.859"
808,JUNE0525-B162,1617DC1ACCE6B50ED2D1359582A70A8B8503C569623EE90C18C6B33542796207,Tester/logs/20261011.log,982750,2026-06-04,11:10,B152PR,"MO	0	00:09:04.445	Core 04	2026.06.04 11:10:29   [SRJ-IND] B152PR sym=USDJPY bar=2026.06.04 11:05 bull=1 bear=0 nz=24"
809,JUNE0525-B162,1617DC1ACCE6B50ED2D1359582A70A8B8503C569623EE90C18C6B33542796207,Tester/logs/20261011.log,982751,2026-06-04,11:10,B162ORIGIN,"HE	0	00:09:04.445	Core 04	2026.06.04 11:10:29   [SRJ-IND] B162ORIGIN sym=USDJPY bar=2026.06.04 11:05 side=B n=24 origin=3099 range=159.797-159.868 formT=2026.06.04 07:40 set=65,78,212,256,261,313,414,447,449,460,696,714,724,1405,1779,1780,1949,2509,2566,2648,2716,2720,2945,3099"
810,JUNE0525-B162,1617DC1ACCE6B50ED2D1359582A70A8B8503C569623EE90C18C6B33542796207,Tester/logs/20261011.log,982752,2026-06-04,11:10,B162ORIGIN,"GP	0	00:09:04.445	Core 04	2026.06.04 11:10:29   [SRJ-IND] B162ORIGIN sym=USDJPY bar=2026.06.04 11:05 side=S n=0 origin=NONE range=- formT=- set=-"
811,JUNE0525-B162,1617DC1ACCE6B50ED2D1359582A70A8B8503C569623EE90C18C6B33542796207,Tester/logs/20261011.log,982756,2026-06-04,11:10,CQDRECHECK,"LP	0	00:09:04.445	Core 04	2026.06.04 11:10:29   [SRJ-EA] CQDRECHECK shift=2 passA=-2.0 passB=-2.0 diff=0 bar=2026.06.04 11:00 state=IDLE dir=NONE divLatch=0 hit1=0 hit2=585 mism=0"
812,JUNE0525-B162,1617DC1ACCE6B50ED2D1359582A70A8B8503C569623EE90C18C6B33542796207,Tester/logs/20261011.log,982761,2026-06-04,11:10,CONFIRMPOLL,"DJ	0	00:09:04.445	Core 04	2026.06.04 11:10:29   [SRJ-EA] CONFIRMPOLL bar=2026.06.04 11:05 anchor=Daily-VWAP dir=SHORT oppCandle=0 bodyDir=0 body=5pts doji=0 touchAttr=1 confirm=0 shadow=true"
813,JUNE0525-B162,1617DC1ACCE6B50ED2D1359582A70A8B8503C569623EE90C18C6B33542796207,Tester/logs/20261011.log,982763,2026-06-04,11:10,STATE,"FJ	0	00:09:04.445	Core 04	2026.06.04 11:10:29   [SRJ-EA] 2026.06.04 11:10:29 STATE IDLE->S1_REGIME dir=SHORT poi=Daily-VWAP"
814,JUNE0525-B162,1617DC1ACCE6B50ED2D1359582A70A8B8503C569623EE90C18C6B33542796207,Tester/logs/20261011.log,982764,2026-06-04,11:10,ANCHOR_ELECT,"OJ	0	00:09:04.445	Core 04	2026.06.04 11:10:29   [SRJ-EA] ANCHOR_ELECT bar=2026.06.04 11:05 action=SEED poi=Daily-VWAP rank=11 tier=5 dir=SHORT"
815,JUNE0525-B162,1617DC1ACCE6B50ED2D1359582A70A8B8503C569623EE90C18C6B33542796207,Tester/logs/20261011.log,982773,2026-06-04,11:10,STATE,"NF	0	00:09:04.445	Core 04	2026.06.04 11:10:29   [SRJ-EA] 2026.06.04 11:10:29 STATE S1_REGIME->S2_LTF_ALIGN dir=SHORT poi=Daily-VWAP"
816,JUNE0525-B162,1617DC1ACCE6B50ED2D1359582A70A8B8503C569623EE90C18C6B33542796207,Tester/logs/20261011.log,982776,2026-06-04,11:10,STATE,"OJ	0	00:09:04.445	Core 04	2026.06.04 11:10:29   [SRJ-EA] 2026.06.04 11:10:29 STATE S2_LTF_ALIGN->S3_ZONE_WAIT dir=SHORT poi=Daily-VWAP"
817,JUNE0525-B162,1617DC1ACCE6B50ED2D1359582A70A8B8503C569623EE90C18C6B33542796207,Tester/logs/20261011.log,982780,2026-06-04,11:10,XOBPROMO,"NK	0	00:09:04.445	Core 04	2026.06.04 11:10:29   [SRJ-EA] XOBPROMO bar=2026.06.04 11:05 site=S3PICK xobId=3099 raw=1780560900.0 promoT=2026.06.04 08:15"
818,JUNE0525-B162,1617DC1ACCE6B50ED2D1359582A70A8B8503C569623EE90C18C6B33542796207,Tester/logs/20261011.log,982781,2026-06-04,11:10,ZONEPICK,"MS	0	00:09:04.445	Core 04	2026.06.04 11:10:29   [SRJ-EA] ZONEPICK bar=2026.06.04 11:05 dir=SHORT haveFvg=0 fvgInPlay=0 haveXob=1 xobInPlay=0 downgraded=0 fvg=--- xob=159.797-159.868"
819,JUNE0525-B162,1617DC1ACCE6B50ED2D1359582A70A8B8503C569623EE90C18C6B33542796207,Tester/logs/20261011.log,982796,2026-06-04,11:10,INPLAYCOMMIT,"GM	0	00:09:04.445	Core 04	2026.06.04 11:10:29   [SRJ-EA] INPLAYCOMMIT bar=2026.06.04 11:05 dir=SHORT zoneSrc=XOB zoneLo=159.797 zoneHi=159.868 promoT=2026.06.04 08:15 applied=1 bounded=1 scanned=1 swings=1 hits=0 firstShift=-1 firstVal=- commitVia=none legacy=0 legacyVia=none committed=0 changed=0 haveStop=1"
820,JUNE0525-B162,1617DC1ACCE6B50ED2D1359582A70A8B8503C569623EE90C18C6B33542796207,Tester/logs/20261011.log,982802,2026-06-04,11:15,B152PR,"PE	0	00:09:04.445	Core 04	2026.06.04 11:15:00   [SRJ-IND] B152PR sym=USDJPY bar=2026.06.04 11:10 z1=65,B,156.672,156.773,2026.05.11 04:10,1,2026.05.12 08:55,157.714,156.726"
821,JUNE0525-B162,1617DC1ACCE6B50ED2D1359582A70A8B8503C569623EE90C18C6B33542796207,Tester/logs/20261011.log,982803,2026-06-04,11:15,B152PR,"HK	0	00:09:04.445	Core 04	2026.06.04 11:15:00   [SRJ-IND] B152PR sym=USDJPY bar=2026.06.04 11:10 z1=78,B,156.578,156.584,2026.05.11 00:35,1,2026.05.11 00:40,156.644,156.537"
822,JUNE0525-B162,1617DC1ACCE6B50ED2D1359582A70A8B8503C569623EE90C18C6B33542796207,Tester/logs/20261011.log,982804,2026-06-04,11:15,B152PR,"RR	0	00:09:04.445	Core 04	2026.06.04 11:15:00   [SRJ-IND] B152PR sym=USDJPY bar=2026.06.04 11:10 z1=212,B,157.028,157.060,2026.05.11 19:20,1,2026.05.12 00:00,157.152,157.050"
823,JUNE0525-B162,1617DC1ACCE6B50ED2D1359582A70A8B8503C569623EE90C18C6B33542796207,Tester/logs/20261011.log,982805,2026-06-04,11:15,B152PR,"FG	0	00:09:04.445	Core 04	2026.06.04 11:15:00   [SRJ-IND] B152PR sym=USDJPY bar=2026.06.04 11:10 z1=256,B,157.172,157.178,2026.05.12 01:25,1,2026.05.12 08:55,157.714,156.726"
824,JUNE0525-B162,1617DC1ACCE6B50ED2D1359582A70A8B8503C569623EE90C18C6B33542796207,Tester/logs/20261011.log,982806,2026-06-04,11:15,B152PR,"PI	0	00:09:04.445	Core 04	2026.06.04 11:15:00   [SRJ-IND] B152PR sym=USDJPY bar=2026.06.04 11:10 z1=261,B,157.184,157.192,2026.05.12 03:00,1,2026.05.12 08:55,157.714,156.726"
825,JUNE0525-B162,1617DC1ACCE6B50ED2D1359582A70A8B8503C569623EE90C18C6B33542796207,Tester/logs/20261011.log,982807,2026-06-04,11:15,B152PR,"HS	0	00:09:04.445	Core 04	2026.06.04 11:15:00   [SRJ-IND] B152PR sym=USDJPY bar=2026.06.04 11:10 z1=313,B,157.331,157.497,2026.05.12 10:00,1,2026.05.12 10:10,157.546,157.487"
826,JUNE0525-B162,1617DC1ACCE6B50ED2D1359582A70A8B8503C569623EE90C18C6B33542796207,Tester/logs/20261011.log,982808,2026-06-04,11:15,B152PR,"QE	0	00:09:04.445	Core 04	2026.06.04 11:15:00   [SRJ-IND] B152PR sym=USDJPY bar=2026.06.04 11:10 z1=414,B,157.517,157.589,2026.05.13 01:10,1,2026.05.13 01:20,157.607,157.587"
827,JUNE0525-B162,1617DC1ACCE6B50ED2D1359582A70A8B8503C569623EE90C18C6B33542796207,Tester/logs/20261011.log,982809,2026-06-04,11:15,B152PR,"RO	0	00:09:04.445	Core 04	2026.06.04 11:15:00   [SRJ-IND] B152PR sym=USDJPY bar=2026.06.04 11:10 z1=447,B,157.562,157.648,2026.05.13 06:20,1,2026.05.13 06:25,157.662,157.648"
828,JUNE0525-B162,1617DC1ACCE6B50ED2D1359582A70A8B8503C569623EE90C18C6B33542796207,Tester/logs/20261011.log,982810,2026-06-04,11:15,B152PR,"MQ	0	00:09:04.445	Core 04	2026.06.04 11:15:00   [SRJ-IND] B152PR sym=USDJPY bar=2026.06.04 11:10 z1=449,B,157.599,157.654,2026.05.13 05:15,1,2026.05.13 05:45,157.687,157.652"
829,JUNE0525-B162,1617DC1ACCE6B50ED2D1359582A70A8B8503C569623EE90C18C6B33542796207,Tester/logs/20261011.log,982811,2026-06-04,11:15,B152PR,"HK	0	00:09:04.445	Core 04	2026.06.04 11:15:00   [SRJ-IND] B152PR sym=USDJPY bar=2026.06.04 11:10 z1=460,B,157.645,157.660,2026.05.13 07:05,1,2026.05.14 00:25,157.812,157.650"
830,JUNE0525-B162,1617DC1ACCE6B50ED2D1359582A70A8B8503C569623EE90C18C6B33542796207,Tester/logs/20261011.log,982812,2026-06-04,11:15,B152PR,"DM	0	00:09:04.445	Core 04	2026.06.04 11:15:00   [SRJ-IND] B152PR sym=USDJPY bar=2026.06.04 11:10 z1=696,B,157.568,158.167,2026.05.14 18:05,1,2026.05.14 18:10,158.191,158.119"
831,JUNE0525-B162,1617DC1ACCE6B50ED2D1359582A70A8B8503C569623EE90C18C6B33542796207,Tester/logs/20261011.log,982813,2026-06-04,11:15,B152PR,"HF	0	00:09:04.445	Core 04	2026.06.04 11:15:00   [SRJ-IND] B152PR sym=USDJPY bar=2026.06.04 11:10 z1=714,B,158.107,158.142,2026.05.14 19:30,1,2026.05.14 20:00,158.169,158.142"
832,JUNE0525-B162,1617DC1ACCE6B50ED2D1359582A70A8B8503C569623EE90C18C6B33542796207,Tester/logs/20261011.log,982814,2026-06-04,11:15,B152PR,"EH	0	00:09:04.445	Core 04	2026.06.04 11:15:00   [SRJ-IND] B152PR sym=USDJPY bar=2026.06.04 11:10 z1=724,B,158.168,158.186,2026.05.14 21:00,1,2026.05.14 21:05,158.191,158.182"
833,JUNE0525-B162,1617DC1ACCE6B50ED2D1359582A70A8B8503C569623EE90C18C6B33542796207,Tester/logs/20261011.log,982815,2026-06-04,11:15,B152PR,"CQ	0	00:09:04.445	Core 04	2026.06.04 11:15:00   [SRJ-IND] B152PR sym=USDJPY bar=2026.06.04 11:10 z1=1405,B,158.735,158.769,2026.05.20 19:00,1,2026.05.20 19:05,158.816,158.753"
834,JUNE0525-B162,1617DC1ACCE6B50ED2D1359582A70A8B8503C569623EE90C18C6B33542796207,Tester/logs/20261011.log,982816,2026-06-04,11:15,B152PR,"QG	0	00:09:04.445	Core 04	2026.06.04 11:15:00   [SRJ-IND] B152PR sym=USDJPY bar=2026.06.04 11:10 z1=1779,B,158.756,158.800,2026.05.25 06:45,1,2026.05.26 00:00,158.887,158.784"
835,JUNE0525-B162,1617DC1ACCE6B50ED2D1359582A70A8B8503C569623EE90C18C6B33542796207,Tester/logs/20261011.log,982817,2026-06-04,11:15,B152PR,"LM	0	00:09:04.445	Core 04	2026.06.04 11:15:00   [SRJ-IND] B152PR sym=USDJPY bar=2026.06.04 11:10 z1=1780,B,158.789,158.814,2026.05.25 04:50,1,2026.05.26 00:00,158.887,158.784"
836,JUNE0525-B162,1617DC1ACCE6B50ED2D1359582A70A8B8503C569623EE90C18C6B33542796207,Tester/logs/20261011.log,982818,2026-06-04,11:15,B152PR,"ES	0	00:09:04.445	Core 04	2026.06.04 11:15:00   [SRJ-IND] B152PR sym=USDJPY bar=2026.06.04 11:10 z1=1949,B,158.916,158.934,2026.05.26 07:25,1,2026.05.26 07:30,158.942,158.934"
837,JUNE0525-B162,1617DC1ACCE6B50ED2D1359582A70A8B8503C569623EE90C18C6B33542796207,Tester/logs/20261011.log,982819,2026-06-04,11:15,B152PR,"LI	0	00:09:04.445	Core 04	2026.06.04 11:15:00   [SRJ-IND] B152PR sym=USDJPY bar=2026.06.04 11:10 z1=2509,B,159.134,159.195,2026.05.29 19:10,1,2026.05.29 19:35,159.215,159.186"
838,JUNE0525-B162,1617DC1ACCE6B50ED2D1359582A70A8B8503C569623EE90C18C6B33542796207,Tester/logs/20261011.log,982820,2026-06-04,11:15,B152PR,"MO	0	00:09:04.445	Core 04	2026.06.04 11:15:00   [SRJ-IND] B152PR sym=USDJPY bar=2026.06.04 11:10 z1=2566,B,159.382,159.407,2026.06.01 03:15,1,2026.06.03 11:30,159.790,159.368"
839,JUNE0525-B162,1617DC1ACCE6B50ED2D1359582A70A8B8503C569623EE90C18C6B33542796207,Tester/logs/20261011.log,982821,2026-06-04,11:15,B152PR,"CE	0	00:09:04.445	Core 04	2026.06.04 11:15:00   [SRJ-IND] B152PR sym=USDJPY bar=2026.06.04 11:10 z1=2648,B,159.435,159.481,2026.06.01 16:00,1,2026.06.03 11:30,159.790,159.368"
840,JUNE0525-B162,1617DC1ACCE6B50ED2D1359582A70A8B8503C569623EE90C18C6B33542796207,Tester/logs/20261011.log,982822,2026-06-04,11:15,B152PR,"PK	0	00:09:04.445	Core 04	2026.06.04 11:15:00   [SRJ-IND] B152PR sym=USDJPY bar=2026.06.04 11:10 z1=2716,B,159.576,159.603,2026.06.02 03:10,1,2026.06.03 10:35,159.787,159.550"
841,JUNE0525-B162,1617DC1ACCE6B50ED2D1359582A70A8B8503C569623EE90C18C6B33542796207,Tester/logs/20261011.log,982823,2026-06-04,11:15,B152PR,"JQ	0	00:09:04.445	Core 04	2026.06.04 11:15:00   [SRJ-IND] B152PR sym=USDJPY bar=2026.06.04 11:10 z1=2720,B,159.586,159.605,2026.06.02 01:05,1,2026.06.03 10:35,159.787,159.550"
842,JUNE0525-B162,1617DC1ACCE6B50ED2D1359582A70A8B8503C569623EE90C18C6B33542796207,Tester/logs/20261011.log,982824,2026-06-04,11:15,B152PR,"FG	0	00:09:04.445	Core 04	2026.06.04 11:15:00   [SRJ-IND] B152PR sym=USDJPY bar=2026.06.04 11:10 z1=2945,B,159.579,159.675,2026.06.03 11:15,1,2026.06.03 11:25,159.727,159.674"
843,JUNE0525-B162,1617DC1ACCE6B50ED2D1359582A70A8B8503C569623EE90C18C6B33542796207,Tester/logs/20261011.log,982825,2026-06-04,11:15,B152PR,"RM	0	00:09:04.445	Core 04	2026.06.04 11:15:00   [SRJ-IND] B152PR sym=USDJPY bar=2026.06.04 11:10 z1=3099,B,159.797,159.868,2026.06.04 08:15,1,2026.06.04 08:50,159.895,159.859"
844,JUNE0525-B162,1617DC1ACCE6B50ED2D1359582A70A8B8503C569623EE90C18C6B33542796207,Tester/logs/20261011.log,982826,2026-06-04,11:15,B152PR,"MQ	0	00:09:04.445	Core 04	2026.06.04 11:15:00   [SRJ-IND] B152PR sym=USDJPY bar=2026.06.04 11:10 bull=1 bear=0 nz=24"
845,JUNE0525-B162,1617DC1ACCE6B50ED2D1359582A70A8B8503C569623EE90C18C6B33542796207,Tester/logs/20261011.log,982827,2026-06-04,11:15,B162ORIGIN,"HN	0	00:09:04.445	Core 04	2026.06.04 11:15:00   [SRJ-IND] B162ORIGIN sym=USDJPY bar=2026.06.04 11:10 side=B n=24 origin=3099 range=159.797-159.868 formT=2026.06.04 07:40 set=65,78,212,256,261,313,414,447,449,460,696,714,724,1405,1779,1780,1949,2509,2566,2648,2716,2720,2945,3099"
846,JUNE0525-B162,1617DC1ACCE6B50ED2D1359582A70A8B8503C569623EE90C18C6B33542796207,Tester/logs/20261011.log,982828,2026-06-04,11:15,B162ORIGIN,"GI	0	00:09:04.445	Core 04	2026.06.04 11:15:00   [SRJ-IND] B162ORIGIN sym=USDJPY bar=2026.06.04 11:10 side=S n=0 origin=NONE range=- formT=- set=-"
847,JUNE0525-B162,1617DC1ACCE6B50ED2D1359582A70A8B8503C569623EE90C18C6B33542796207,Tester/logs/20261011.log,982835,2026-06-04,11:15,FRESHSKIP,"OM	0	00:09:04.445	Core 04	2026.06.04 11:15:00   [SRJ-EA] FRESHSKIP bar=2026.06.04 11:10 dir=SHORT state=S3_ZONE_WAIT poi=Daily-VWAP reason=PRE_BINDING"
848,JUNE0525-B162,1617DC1ACCE6B50ED2D1359582A70A8B8503C569623EE90C18C6B33542796207,Tester/logs/20261011.log,982993,2026-06-04,11:15,CONFIRMPOLL,"KL	0	00:09:04.445	Core 04	2026.06.04 11:15:00   [SRJ-EA] CONFIRMPOLL bar=2026.06.04 11:10 anchor=Daily-VWAP dir=SHORT oppCandle=1 bodyDir=1 body=1pts doji=0 touchAttr=1 confirm=1 shadow=true"
849,JUNE0525-B162,1617DC1ACCE6B50ED2D1359582A70A8B8503C569623EE90C18C6B33542796207,Tester/logs/20261011.log,982997,2026-06-04,11:15,ABORT,"MQ	0	00:09:04.445	Core 04	2026.06.04 11:15:00   [SRJ-EA] 2026.06.04 11:15:00 ABORT reason=LTF_MISALIGN state=S3_ZONE_WAIT poi=Daily-VWAP dir=SHORT"
850,JUNE0525-B162,1617DC1ACCE6B50ED2D1359582A70A8B8503C569623EE90C18C6B33542796207,Tester/logs/20261011.log,982998,2026-06-04,11:15,A6REFUSED,"IS	0	00:09:04.445	Core 04	2026.06.04 11:15:00   [SRJ-EA] A6REFUSED class=ABSENT_DECLINED bar=2026.06.04 11:15 state=S3_ZONE_WAIT dir=SHORT predicate=LTF_MISALIGN"
851,JUNE0525-B162,1617DC1ACCE6B50ED2D1359582A70A8B8503C569623EE90C18C6B33542796207,Tester/logs/20261011.log,982999,2026-06-04,11:15,STATE,"GH	0	00:09:04.445	Core 04	2026.06.04 11:15:00   [SRJ-EA] 2026.06.04 11:15:00 STATE S3_ZONE_WAIT->ABORT dir=SHORT poi=Daily-VWAP"
852,JUNE0525-B162,1617DC1ACCE6B50ED2D1359582A70A8B8503C569623EE90C18C6B33542796207,Tester/logs/20261011.log,983001,2026-06-04,11:15,B60POT,"KH	0	00:09:04.445	Core 04	2026.06.04 11:15:00   [SRJ-EA] B60POT bar=2026.06.04 11:10 dir=LONG poi=Daily-POC ltf=1.0 - fresh retest kept as potential despite 5m read ([B-61 C1])"
853,JUNE0525-B162,1617DC1ACCE6B50ED2D1359582A70A8B8503C569623EE90C18C6B33542796207,Tester/logs/20261011.log,983002,2026-06-04,11:15,STATE,"HS	0	00:09:04.445	Core 04	2026.06.04 11:15:00   [SRJ-EA] 2026.06.04 11:15:00 STATE ABORT->S1_REGIME dir=LONG poi=Daily-POC"
854,JUNE0525-B162,1617DC1ACCE6B50ED2D1359582A70A8B8503C569623EE90C18C6B33542796207,Tester/logs/20261011.log,983007,2026-06-04,11:20,B152PR,"HQ	0	00:09:04.445	Core 04	2026.06.04 11:20:03   [SRJ-IND] B152PR sym=USDJPY bar=2026.06.04 11:15 z1=65,B,156.672,156.773,2026.05.11 04:10,1,2026.05.12 08:55,157.714,156.726"
855,JUNE0525-B162,1617DC1ACCE6B50ED2D1359582A70A8B8503C569623EE90C18C6B33542796207,Tester/logs/20261011.log,983008,2026-06-04,11:20,B152PR,"PD	0	00:09:04.445	Core 04	2026.06.04 11:20:03   [SRJ-IND] B152PR sym=USDJPY bar=2026.06.04 11:15 z1=78,B,156.578,156.584,2026.05.11 00:35,1,2026.05.11 00:40,156.644,156.537"
856,JUNE0525-B162,1617DC1ACCE6B50ED2D1359582A70A8B8503C569623EE90C18C6B33542796207,Tester/logs/20261011.log,983009,2026-06-04,11:20,B152PR,"JI	0	00:09:04.445	Core 04	2026.06.04 11:20:03   [SRJ-IND] B152PR sym=USDJPY bar=2026.06.04 11:15 z1=212,B,157.028,157.060,2026.05.11 19:20,1,2026.05.12 00:00,157.152,157.050"
857,JUNE0525-B162,1617DC1ACCE6B50ED2D1359582A70A8B8503C569623EE90C18C6B33542796207,Tester/logs/20261011.log,983010,2026-06-04,11:20,B152PR,"NS	0	00:09:04.445	Core 04	2026.06.04 11:20:03   [SRJ-IND] B152PR sym=USDJPY bar=2026.06.04 11:15 z1=256,B,157.172,157.178,2026.05.12 01:25,1,2026.05.12 08:55,157.714,156.726"
858,JUNE0525-B162,1617DC1ACCE6B50ED2D1359582A70A8B8503C569623EE90C18C6B33542796207,Tester/logs/20261011.log,983011,2026-06-04,11:20,B152PR,"HE	0	00:09:04.445	Core 04	2026.06.04 11:20:03   [SRJ-IND] B152PR sym=USDJPY bar=2026.06.04 11:15 z1=261,B,157.184,157.192,2026.05.12 03:00,1,2026.05.12 08:55,157.714,156.726"
859,JUNE0525-B162,1617DC1ACCE6B50ED2D1359582A70A8B8503C569623EE90C18C6B33542796207,Tester/logs/20261011.log,983012,2026-06-04,11:20,B152PR,"PO	0	00:09:04.445	Core 04	2026.06.04 11:20:03   [SRJ-IND] B152PR sym=USDJPY bar=2026.06.04 11:15 z1=313,B,157.331,157.497,2026.05.12 10:00,1,2026.05.12 10:10,157.546,157.487"
860,JUNE0525-B162,1617DC1ACCE6B50ED2D1359582A70A8B8503C569623EE90C18C6B33542796207,Tester/logs/20261011.log,983013,2026-06-04,11:20,B152PR,"IQ	0	00:09:04.445	Core 04	2026.06.04 11:20:03   [SRJ-IND] B152PR sym=USDJPY bar=2026.06.04 11:15 z1=414,B,157.517,157.589,2026.05.13 01:10,1,2026.05.13 01:20,157.607,157.587"
861,JUNE0525-B162,1617DC1ACCE6B50ED2D1359582A70A8B8503C569623EE90C18C6B33542796207,Tester/logs/20261011.log,983014,2026-06-04,11:20,B152PR,"JJ	0	00:09:04.445	Core 04	2026.06.04 11:20:03   [SRJ-IND] B152PR sym=USDJPY bar=2026.06.04 11:15 z1=447,B,157.562,157.648,2026.05.13 06:20,1,2026.05.13 06:25,157.662,157.648"
862,JUNE0525-B162,1617DC1ACCE6B50ED2D1359582A70A8B8503C569623EE90C18C6B33542796207,Tester/logs/20261011.log,983015,2026-06-04,11:20,B152PR,"EL	0	00:09:04.445	Core 04	2026.06.04 11:20:03   [SRJ-IND] B152PR sym=USDJPY bar=2026.06.04 11:15 z1=449,B,157.599,157.654,2026.05.13 05:15,1,2026.05.13 05:45,157.687,157.652"
863,JUNE0525-B162,1617DC1ACCE6B50ED2D1359582A70A8B8503C569623EE90C18C6B33542796207,Tester/logs/20261011.log,983016,2026-06-04,11:20,B152PR,"PF	0	00:09:04.445	Core 04	2026.06.04 11:20:03   [SRJ-IND] B152PR sym=USDJPY bar=2026.06.04 11:15 z1=460,B,157.645,157.660,2026.05.13 07:05,1,2026.05.14 00:25,157.812,157.650"
864,JUNE0525-B162,1617DC1ACCE6B50ED2D1359582A70A8B8503C569623EE90C18C6B33542796207,Tester/logs/20261011.log,983017,2026-06-04,11:20,B152PR,"LH	0	00:09:04.445	Core 04	2026.06.04 11:20:03   [SRJ-IND] B152PR sym=USDJPY bar=2026.06.04 11:15 z1=696,B,157.568,158.167,2026.05.14 18:05,1,2026.05.14 18:10,158.191,158.119"
865,JUNE0525-B162,1617DC1ACCE6B50ED2D1359582A70A8B8503C569623EE90C18C6B33542796207,Tester/logs/20261011.log,983018,2026-06-04,11:20,B152PR,"PR	0	00:09:04.445	Core 04	2026.06.04 11:20:03   [SRJ-IND] B152PR sym=USDJPY bar=2026.06.04 11:15 z1=714,B,158.107,158.142,2026.05.14 19:30,1,2026.05.14 20:00,158.169,158.142"
866,JUNE0525-B162,1617DC1ACCE6B50ED2D1359582A70A8B8503C569623EE90C18C6B33542796207,Tester/logs/20261011.log,983019,2026-06-04,11:20,B152PR,"MD	0	00:09:04.445	Core 04	2026.06.04 11:20:03   [SRJ-IND] B152PR sym=USDJPY bar=2026.06.04 11:15 z1=724,B,158.168,158.186,2026.05.14 21:00,1,2026.05.14 21:05,158.191,158.182"
867,JUNE0525-B162,1617DC1ACCE6B50ED2D1359582A70A8B8503C569623EE90C18C6B33542796207,Tester/logs/20261011.log,983020,2026-06-04,11:20,B152PR,"KM	0	00:09:04.445	Core 04	2026.06.04 11:20:03   [SRJ-IND] B152PR sym=USDJPY bar=2026.06.04 11:15 z1=1405,B,158.735,158.769,2026.05.20 19:00,1,2026.05.20 19:05,158.816,158.753"
868,JUNE0525-B162,1617DC1ACCE6B50ED2D1359582A70A8B8503C569623EE90C18C6B33542796207,Tester/logs/20261011.log,983021,2026-06-04,11:20,B152PR,"IS	0	00:09:04.445	Core 04	2026.06.04 11:20:03   [SRJ-IND] B152PR sym=USDJPY bar=2026.06.04 11:15 z1=1779,B,158.756,158.800,2026.05.25 06:45,1,2026.05.26 00:00,158.887,158.784"
869,JUNE0525-B162,1617DC1ACCE6B50ED2D1359582A70A8B8503C569623EE90C18C6B33542796207,Tester/logs/20261011.log,983022,2026-06-04,11:20,B152PR,"DI	0	00:09:04.445	Core 04	2026.06.04 11:20:03   [SRJ-IND] B152PR sym=USDJPY bar=2026.06.04 11:15 z1=1780,B,158.789,158.814,2026.05.25 04:50,1,2026.05.26 00:00,158.887,158.784"
870,JUNE0525-B162,1617DC1ACCE6B50ED2D1359582A70A8B8503C569623EE90C18C6B33542796207,Tester/logs/20261011.log,983023,2026-06-04,11:20,B152PR,"MO	0	00:09:04.445	Core 04	2026.06.04 11:20:03   [SRJ-IND] B152PR sym=USDJPY bar=2026.06.04 11:15 z1=1949,B,158.916,158.934,2026.05.26 07:25,1,2026.05.26 07:30,158.942,158.934"
871,JUNE0525-B162,1617DC1ACCE6B50ED2D1359582A70A8B8503C569623EE90C18C6B33542796207,Tester/logs/20261011.log,983024,2026-06-04,11:20,B152PR,"DE	0	00:09:04.445	Core 04	2026.06.04 11:20:03   [SRJ-IND] B152PR sym=USDJPY bar=2026.06.04 11:15 z1=2509,B,159.134,159.195,2026.05.29 19:10,1,2026.05.29 19:35,159.215,159.186"
872,JUNE0525-B162,1617DC1ACCE6B50ED2D1359582A70A8B8503C569623EE90C18C6B33542796207,Tester/logs/20261011.log,983025,2026-06-04,11:20,B152PR,"EK	0	00:09:04.445	Core 04	2026.06.04 11:20:03   [SRJ-IND] B152PR sym=USDJPY bar=2026.06.04 11:15 z1=2566,B,159.382,159.407,2026.06.01 03:15,1,2026.06.03 11:30,159.790,159.368"
873,JUNE0525-B162,1617DC1ACCE6B50ED2D1359582A70A8B8503C569623EE90C18C6B33542796207,Tester/logs/20261011.log,983026,2026-06-04,11:20,B152PR,"KQ	0	00:09:04.445	Core 04	2026.06.04 11:20:03   [SRJ-IND] B152PR sym=USDJPY bar=2026.06.04 11:15 z1=2648,B,159.435,159.481,2026.06.01 16:00,1,2026.06.03 11:30,159.790,159.368"
874,JUNE0525-B162,1617DC1ACCE6B50ED2D1359582A70A8B8503C569623EE90C18C6B33542796207,Tester/logs/20261011.log,983027,2026-06-04,11:20,B152PR,"HG	0	00:09:04.445	Core 04	2026.06.04 11:20:03   [SRJ-IND] B152PR sym=USDJPY bar=2026.06.04 11:15 z1=2716,B,159.576,159.603,2026.06.02 03:10,1,2026.06.03 10:35,159.787,159.550"
875,JUNE0525-B162,1617DC1ACCE6B50ED2D1359582A70A8B8503C569623EE90C18C6B33542796207,Tester/logs/20261011.log,983028,2026-06-04,11:20,B152PR,"RM	0	00:09:04.445	Core 04	2026.06.04 11:20:03   [SRJ-IND] B152PR sym=USDJPY bar=2026.06.04 11:15 z1=2720,B,159.586,159.605,2026.06.02 01:05,1,2026.06.03 10:35,159.787,159.550"
876,JUNE0525-B162,1617DC1ACCE6B50ED2D1359582A70A8B8503C569623EE90C18C6B33542796207,Tester/logs/20261011.log,983029,2026-06-04,11:20,B152PR,"NS	0	00:09:04.445	Core 04	2026.06.04 11:20:03   [SRJ-IND] B152PR sym=USDJPY bar=2026.06.04 11:15 z1=2945,B,159.579,159.675,2026.06.03 11:15,1,2026.06.03 11:25,159.727,159.674"
877,JUNE0525-B162,1617DC1ACCE6B50ED2D1359582A70A8B8503C569623EE90C18C6B33542796207,Tester/logs/20261011.log,983030,2026-06-04,11:20,B152PR,"JI	0	00:09:04.445	Core 04	2026.06.04 11:20:03   [SRJ-IND] B152PR sym=USDJPY bar=2026.06.04 11:15 z1=3099,B,159.797,159.868,2026.06.04 08:15,1,2026.06.04 08:50,159.895,159.859"
878,JUNE0525-B162,1617DC1ACCE6B50ED2D1359582A70A8B8503C569623EE90C18C6B33542796207,Tester/logs/20261011.log,983031,2026-06-04,11:20,B152PR,"EM	0	00:09:04.445	Core 04	2026.06.04 11:20:03   [SRJ-IND] B152PR sym=USDJPY bar=2026.06.04 11:15 bull=1 bear=0 nz=24"
879,JUNE0525-B162,1617DC1ACCE6B50ED2D1359582A70A8B8503C569623EE90C18C6B33542796207,Tester/logs/20261011.log,983032,2026-06-04,11:20,B162ORIGIN,"PS	0	00:09:04.445	Core 04	2026.06.04 11:20:03   [SRJ-IND] B162ORIGIN sym=USDJPY bar=2026.06.04 11:15 side=B n=24 origin=3099 range=159.797-159.868 formT=2026.06.04 07:40 set=65,78,212,256,261,313,414,447,449,460,696,714,724,1405,1779,1780,1949,2509,2566,2648,2716,2720,2945,3099"
880,JUNE0525-B162,1617DC1ACCE6B50ED2D1359582A70A8B8503C569623EE90C18C6B33542796207,Tester/logs/20261011.log,983033,2026-06-04,11:20,B162ORIGIN,"OR	0	00:09:04.445	Core 04	2026.06.04 11:20:03   [SRJ-IND] B162ORIGIN sym=USDJPY bar=2026.06.04 11:15 side=S n=0 origin=NONE range=- formT=- set=-"
881,JUNE0525-B162,1617DC1ACCE6B50ED2D1359582A70A8B8503C569623EE90C18C6B33542796207,Tester/logs/20261011.log,983047,2026-06-04,11:20,CONFIRMPOLL,"KD	0	00:09:04.445	Core 04	2026.06.04 11:20:03   [SRJ-EA] CONFIRMPOLL bar=2026.06.04 11:15 anchor=Daily-POC dir=SHORT oppCandle=0 bodyDir=1 body=5pts doji=0 touchAttr=1 confirm=0 shadow=true"
882,JUNE0525-B162,1617DC1ACCE6B50ED2D1359582A70A8B8503C569623EE90C18C6B33542796207,Tester/logs/20261011.log,983049,2026-06-04,11:20,STATE,"HI	0	00:09:04.445	Core 04	2026.06.04 11:20:03   [SRJ-EA] 2026.06.04 11:20:03 STATE S1_REGIME->S2_LTF_ALIGN dir=SHORT poi=Daily-POC"
883,JUNE0525-B162,1617DC1ACCE6B50ED2D1359582A70A8B8503C569623EE90C18C6B33542796207,Tester/logs/20261011.log,983050,2026-06-04,11:20,STATE,"GG	0	00:09:04.445	Core 04	2026.06.04 11:20:03   [SRJ-EA] 2026.06.04 11:20:03 STATE S2_LTF_ALIGN->S3_ZONE_WAIT dir=SHORT poi=Daily-POC"
884,JUNE0525-B162,1617DC1ACCE6B50ED2D1359582A70A8B8503C569623EE90C18C6B33542796207,Tester/logs/20261011.log,983054,2026-06-04,11:20,XOBPROMO,"IH	0	00:09:04.445	Core 04	2026.06.04 11:20:03   [SRJ-EA] XOBPROMO bar=2026.06.04 11:15 site=S3PICK xobId=3052 raw=1780548600.0 promoT=2026.06.04 04:50"
885,JUNE0525-B162,1617DC1ACCE6B50ED2D1359582A70A8B8503C569623EE90C18C6B33542796207,Tester/logs/20261011.log,983055,2026-06-04,11:20,ZONEPICK,"HR	0	00:09:04.445	Core 04	2026.06.04 11:20:03   [SRJ-EA] ZONEPICK bar=2026.06.04 11:15 dir=SHORT haveFvg=0 fvgInPlay=0 haveXob=1 xobInPlay=0 downgraded=0 fvg=--- xob=160.001-160.012"
886,JUNE0525-B162,1617DC1ACCE6B50ED2D1359582A70A8B8503C569623EE90C18C6B33542796207,Tester/logs/20261011.log,983070,2026-06-04,11:20,INPLAYCOMMIT,"PG	0	00:09:04.445	Core 04	2026.06.04 11:20:03   [SRJ-EA] INPLAYCOMMIT bar=2026.06.04 11:15 dir=SHORT zoneSrc=XOB zoneLo=160.001 zoneHi=160.012 promoT=2026.06.04 04:50 applied=1 bounded=1 scanned=115 swings=25 hits=2 firstShift=113 firstVal=160.011 commitVia=SWING legacy=0 legacyVia=none committed=1 changed=1 haveStop=1"
887,JUNE0525-B162,1617DC1ACCE6B50ED2D1359582A70A8B8503C569623EE90C18C6B33542796207,Tester/logs/20261011.log,983071,2026-06-04,11:20,STATE,"LQ	0	00:09:04.445	Core 04	2026.06.04 11:20:03   [SRJ-EA] 2026.06.04 11:20:03 STATE S3_ZONE_WAIT->S4_ARMED dir=SHORT poi=Daily-POC"
888,JUNE0525-B162,1617DC1ACCE6B50ED2D1359582A70A8B8503C569623EE90C18C6B33542796207,Tester/logs/20261011.log,983081,2026-06-04,11:25,B152PR,"MQ	0	00:09:04.445	Core 04	2026.06.04 11:25:03   [SRJ-IND] B152PR sym=USDJPY bar=2026.06.04 11:20 z1=65,B,156.672,156.773,2026.05.11 04:10,1,2026.05.12 08:55,157.714,156.726"
889,JUNE0525-B162,1617DC1ACCE6B50ED2D1359582A70A8B8503C569623EE90C18C6B33542796207,Tester/logs/20261011.log,983082,2026-06-04,11:25,B152PR,"MG	0	00:09:04.445	Core 04	2026.06.04 11:25:03   [SRJ-IND] B152PR sym=USDJPY bar=2026.06.04 11:20 z1=78,B,156.578,156.584,2026.05.11 00:35,1,2026.05.11 00:40,156.644,156.537"
890,JUNE0525-B162,1617DC1ACCE6B50ED2D1359582A70A8B8503C569623EE90C18C6B33542796207,Tester/logs/20261011.log,983083,2026-06-04,11:25,B152PR,"KN	0	00:09:04.445	Core 04	2026.06.04 11:25:03   [SRJ-IND] B152PR sym=USDJPY bar=2026.06.04 11:20 z1=212,B,157.028,157.060,2026.05.11 19:20,1,2026.05.12 00:00,157.152,157.050"
891,JUNE0525-B162,1617DC1ACCE6B50ED2D1359582A70A8B8503C569623EE90C18C6B33542796207,Tester/logs/20261011.log,983084,2026-06-04,11:25,B152PR,"OP	0	00:09:04.445	Core 04	2026.06.04 11:25:03   [SRJ-IND] B152PR sym=USDJPY bar=2026.06.04 11:20 z1=256,B,157.172,157.178,2026.05.12 01:25,1,2026.05.12 08:55,157.714,156.726"
892,JUNE0525-B162,1617DC1ACCE6B50ED2D1359582A70A8B8503C569623EE90C18C6B33542796207,Tester/logs/20261011.log,983085,2026-06-04,11:25,B152PR,"EJ	0	00:09:04.445	Core 04	2026.06.04 11:25:03   [SRJ-IND] B152PR sym=USDJPY bar=2026.06.04 11:20 z1=261,B,157.184,157.192,2026.05.12 03:00,1,2026.05.12 08:55,157.714,156.726"
893,JUNE0525-B162,1617DC1ACCE6B50ED2D1359582A70A8B8503C569623EE90C18C6B33542796207,Tester/logs/20261011.log,983086,2026-06-04,11:25,B152PR,"EO	0	00:09:04.445	Core 04	2026.06.04 11:25:03   [SRJ-IND] B152PR sym=USDJPY bar=2026.06.04 11:20 z1=313,B,157.331,157.497,2026.05.12 10:00,1,2026.05.12 10:10,157.546,157.487"
894,JUNE0525-B162,1617DC1ACCE6B50ED2D1359582A70A8B8503C569623EE90C18C6B33542796207,Tester/logs/20261011.log,983087,2026-06-04,11:25,B152PR,"LQ	0	00:09:04.445	Core 04	2026.06.04 11:25:03   [SRJ-IND] B152PR sym=USDJPY bar=2026.06.04 11:20 z1=414,B,157.517,157.589,2026.05.13 01:10,1,2026.05.13 01:20,157.607,157.587"
895,JUNE0525-B162,1617DC1ACCE6B50ED2D1359582A70A8B8503C569623EE90C18C6B33542796207,Tester/logs/20261011.log,983088,2026-06-04,11:25,B152PR,"CK	0	00:09:04.445	Core 04	2026.06.04 11:25:03   [SRJ-IND] B152PR sym=USDJPY bar=2026.06.04 11:20 z1=447,B,157.562,157.648,2026.05.13 06:20,1,2026.05.13 06:25,157.662,157.648"
896,JUNE0525-B162,1617DC1ACCE6B50ED2D1359582A70A8B8503C569623EE90C18C6B33542796207,Tester/logs/20261011.log,983089,2026-06-04,11:25,B152PR,"HM	0	00:09:04.445	Core 04	2026.06.04 11:25:03   [SRJ-IND] B152PR sym=USDJPY bar=2026.06.04 11:20 z1=449,B,157.599,157.654,2026.05.13 05:15,1,2026.05.13 05:45,157.687,157.652"
897,JUNE0525-B162,1617DC1ACCE6B50ED2D1359582A70A8B8503C569623EE90C18C6B33542796207,Tester/logs/20261011.log,983090,2026-06-04,11:25,B152PR,"EG	0	00:09:04.445	Core 04	2026.06.04 11:25:03   [SRJ-IND] B152PR sym=USDJPY bar=2026.06.04 11:20 z1=460,B,157.645,157.660,2026.05.13 07:05,1,2026.05.14 00:25,157.812,157.650"
898,JUNE0525-B162,1617DC1ACCE6B50ED2D1359582A70A8B8503C569623EE90C18C6B33542796207,Tester/logs/20261011.log,983091,2026-06-04,11:25,B152PR,"II	0	00:09:04.445	Core 04	2026.06.04 11:25:03   [SRJ-IND] B152PR sym=USDJPY bar=2026.06.04 11:20 z1=696,B,157.568,158.167,2026.05.14 18:05,1,2026.05.14 18:10,158.191,158.119"
899,JUNE0525-B162,1617DC1ACCE6B50ED2D1359582A70A8B8503C569623EE90C18C6B33542796207,Tester/logs/20261011.log,983092,2026-06-04,11:25,B152PR,"MS	0	00:09:04.445	Core 04	2026.06.04 11:25:03   [SRJ-IND] B152PR sym=USDJPY bar=2026.06.04 11:20 z1=714,B,158.107,158.142,2026.05.14 19:30,1,2026.05.14 20:00,158.169,158.142"
900,JUNE0525-B162,1617DC1ACCE6B50ED2D1359582A70A8B8503C569623EE90C18C6B33542796207,Tester/logs/20261011.log,983093,2026-06-04,11:25,B152PR,"PE	0	00:09:04.445	Core 04	2026.06.04 11:25:03   [SRJ-IND] B152PR sym=USDJPY bar=2026.06.04 11:20 z1=724,B,158.168,158.186,2026.05.14 21:00,1,2026.05.14 21:05,158.191,158.182"
901,JUNE0525-B162,1617DC1ACCE6B50ED2D1359582A70A8B8503C569623EE90C18C6B33542796207,Tester/logs/20261011.log,983094,2026-06-04,11:25,B152PR,"JM	0	00:09:04.445	Core 04	2026.06.04 11:25:03   [SRJ-IND] B152PR sym=USDJPY bar=2026.06.04 11:20 z1=1405,B,158.735,158.769,2026.05.20 19:00,1,2026.05.20 19:05,158.816,158.753"
902,JUNE0525-B162,1617DC1ACCE6B50ED2D1359582A70A8B8503C569623EE90C18C6B33542796207,Tester/logs/20261011.log,983095,2026-06-04,11:25,B152PR,"LS	0	00:09:04.445	Core 04	2026.06.04 11:25:03   [SRJ-IND] B152PR sym=USDJPY bar=2026.06.04 11:20 z1=1779,B,158.756,158.800,2026.05.25 06:45,1,2026.05.26 00:00,158.887,158.784"
903,JUNE0525-B162,1617DC1ACCE6B50ED2D1359582A70A8B8503C569623EE90C18C6B33542796207,Tester/logs/20261011.log,983096,2026-06-04,11:25,B152PR,"QI	0	00:09:04.445	Core 04	2026.06.04 11:25:03   [SRJ-IND] B152PR sym=USDJPY bar=2026.06.04 11:20 z1=1780,B,158.789,158.814,2026.05.25 04:50,1,2026.05.26 00:00,158.887,158.784"
904,JUNE0525-B162,1617DC1ACCE6B50ED2D1359582A70A8B8503C569623EE90C18C6B33542796207,Tester/logs/20261011.log,983097,2026-06-04,11:25,B152PR,"HO	0	00:09:04.445	Core 04	2026.06.04 11:25:03   [SRJ-IND] B152PR sym=USDJPY bar=2026.06.04 11:20 z1=1949,B,158.916,158.934,2026.05.26 07:25,1,2026.05.26 07:30,158.942,158.934"
905,JUNE0525-B162,1617DC1ACCE6B50ED2D1359582A70A8B8503C569623EE90C18C6B33542796207,Tester/logs/20261011.log,983098,2026-06-04,11:25,B152PR,"QE	0	00:09:04.445	Core 04	2026.06.04 11:25:03   [SRJ-IND] B152PR sym=USDJPY bar=2026.06.04 11:20 z1=2509,B,159.134,159.195,2026.05.29 19:10,1,2026.05.29 19:35,159.215,159.186"
906,JUNE0525-B162,1617DC1ACCE6B50ED2D1359582A70A8B8503C569623EE90C18C6B33542796207,Tester/logs/20261011.log,983099,2026-06-04,11:25,B152PR,"PK	0	00:09:04.445	Core 04	2026.06.04 11:25:03   [SRJ-IND] B152PR sym=USDJPY bar=2026.06.04 11:20 z1=2566,B,159.382,159.407,2026.06.01 03:15,1,2026.06.03 11:30,159.790,159.368"
907,JUNE0525-B162,1617DC1ACCE6B50ED2D1359582A70A8B8503C569623EE90C18C6B33542796207,Tester/logs/20261011.log,983100,2026-06-04,11:25,B152PR,"JQ	0	00:09:04.445	Core 04	2026.06.04 11:25:03   [SRJ-IND] B152PR sym=USDJPY bar=2026.06.04 11:20 z1=2648,B,159.435,159.481,2026.06.01 16:00,1,2026.06.03 11:30,159.790,159.368"
908,JUNE0525-B162,1617DC1ACCE6B50ED2D1359582A70A8B8503C569623EE90C18C6B33542796207,Tester/logs/20261011.log,983101,2026-06-04,11:25,B152PR,"MG	0	00:09:04.445	Core 04	2026.06.04 11:25:03   [SRJ-IND] B152PR sym=USDJPY bar=2026.06.04 11:20 z1=2716,B,159.576,159.603,2026.06.02 03:10,1,2026.06.03 10:35,159.787,159.550"
909,JUNE0525-B162,1617DC1ACCE6B50ED2D1359582A70A8B8503C569623EE90C18C6B33542796207,Tester/logs/20261011.log,983102,2026-06-04,11:25,B152PR,"CM	0	00:09:04.445	Core 04	2026.06.04 11:25:03   [SRJ-IND] B152PR sym=USDJPY bar=2026.06.04 11:20 z1=2720,B,159.586,159.605,2026.06.02 01:05,1,2026.06.03 10:35,159.787,159.550"
910,JUNE0525-B162,1617DC1ACCE6B50ED2D1359582A70A8B8503C569623EE90C18C6B33542796207,Tester/logs/20261011.log,983103,2026-06-04,11:25,B152PR,"GS	0	00:09:04.445	Core 04	2026.06.04 11:25:03   [SRJ-IND] B152PR sym=USDJPY bar=2026.06.04 11:20 z1=2945,B,159.579,159.675,2026.06.03 11:15,1,2026.06.03 11:25,159.727,159.674"
911,JUNE0525-B162,1617DC1ACCE6B50ED2D1359582A70A8B8503C569623EE90C18C6B33542796207,Tester/logs/20261011.log,983104,2026-06-04,11:25,B152PR,"KI	0	00:09:04.445	Core 04	2026.06.04 11:25:03   [SRJ-IND] B152PR sym=USDJPY bar=2026.06.04 11:20 z1=3099,B,159.797,159.868,2026.06.04 08:15,1,2026.06.04 08:50,159.895,159.859"
912,JUNE0525-B162,1617DC1ACCE6B50ED2D1359582A70A8B8503C569623EE90C18C6B33542796207,Tester/logs/20261011.log,983105,2026-06-04,11:25,B152PR,"PM	0	00:09:04.445	Core 04	2026.06.04 11:25:03   [SRJ-IND] B152PR sym=USDJPY bar=2026.06.04 11:20 bull=1 bear=0 nz=24"
913,JUNE0525-B162,1617DC1ACCE6B50ED2D1359582A70A8B8503C569623EE90C18C6B33542796207,Tester/logs/20261011.log,983106,2026-06-04,11:25,B162ORIGIN,"MR	0	00:09:04.445	Core 04	2026.06.04 11:25:03   [SRJ-IND] B162ORIGIN sym=USDJPY bar=2026.06.04 11:20 side=B n=24 origin=3099 range=159.797-159.868 formT=2026.06.04 07:40 set=65,78,212,256,261,313,414,447,449,460,696,714,724,1405,1779,1780,1949,2509,2566,2648,2716,2720,2945,3099"
914,JUNE0525-B162,1617DC1ACCE6B50ED2D1359582A70A8B8503C569623EE90C18C6B33542796207,Tester/logs/20261011.log,983107,2026-06-04,11:25,B162ORIGIN,"NM	0	00:09:04.445	Core 04	2026.06.04 11:25:03   [SRJ-IND] B162ORIGIN sym=USDJPY bar=2026.06.04 11:20 side=S n=0 origin=NONE range=- formT=- set=-"
915,JUNE0525-B162,1617DC1ACCE6B50ED2D1359582A70A8B8503C569623EE90C18C6B33542796207,Tester/logs/20261011.log,983266,2026-06-04,11:25,CONFIRMPOLL,"OO	0	00:09:04.445	Core 04	2026.06.04 11:25:03   [SRJ-EA] CONFIRMPOLL bar=2026.06.04 11:20 anchor=Daily-POC dir=SHORT oppCandle=0 bodyDir=1 body=4pts doji=0 touchAttr=1 confirm=0 shadow=true"
916,JUNE0525-B162,1617DC1ACCE6B50ED2D1359582A70A8B8503C569623EE90C18C6B33542796207,Tester/logs/20261011.log,983276,2026-06-04,11:30,B152PR,"QG	0	00:09:04.445	Core 04	2026.06.04 11:30:00   [SRJ-IND] B152PR sym=USDJPY bar=2026.06.04 11:25 z1=65,B,156.672,156.773,2026.05.11 04:10,1,2026.05.12 08:55,157.714,156.726"
917,JUNE0525-B162,1617DC1ACCE6B50ED2D1359582A70A8B8503C569623EE90C18C6B33542796207,Tester/logs/20261011.log,983277,2026-06-04,11:30,B152PR,"IM	0	00:09:04.445	Core 04	2026.06.04 11:30:00   [SRJ-IND] B152PR sym=USDJPY bar=2026.06.04 11:25 z1=78,B,156.578,156.584,2026.05.11 00:35,1,2026.05.11 00:40,156.644,156.537"
918,JUNE0525-B162,1617DC1ACCE6B50ED2D1359582A70A8B8503C569623EE90C18C6B33542796207,Tester/logs/20261011.log,983278,2026-06-04,11:30,B152PR,"OP	0	00:09:04.445	Core 04	2026.06.04 11:30:00   [SRJ-IND] B152PR sym=USDJPY bar=2026.06.04 11:25 z1=212,B,157.028,157.060,2026.05.11 19:20,1,2026.05.12 00:00,157.152,157.050"
919,JUNE0525-B162,1617DC1ACCE6B50ED2D1359582A70A8B8503C569623EE90C18C6B33542796207,Tester/logs/20261011.log,983279,2026-06-04,11:30,B152PR,"OJ	0	00:09:04.445	Core 04	2026.06.04 11:30:00   [SRJ-IND] B152PR sym=USDJPY bar=2026.06.04 11:25 z1=256,B,157.172,157.178,2026.05.12 01:25,1,2026.05.12 08:55,157.714,156.726"
920,JUNE0525-B162,1617DC1ACCE6B50ED2D1359582A70A8B8503C569623EE90C18C6B33542796207,Tester/logs/20261011.log,983280,2026-06-04,11:30,B152PR,"QO	0	00:09:04.445	Core 04	2026.06.04 11:30:00   [SRJ-IND] B152PR sym=USDJPY bar=2026.06.04 11:25 z1=261,B,157.184,157.192,2026.05.12 03:00,1,2026.05.12 08:55,157.714,156.726"
921,JUNE0525-B162,1617DC1ACCE6B50ED2D1359582A70A8B8503C569623EE90C18C6B33542796207,Tester/logs/20261011.log,983281,2026-06-04,11:30,B152PR,"EQ	0	00:09:04.445	Core 04	2026.06.04 11:30:00   [SRJ-IND] B152PR sym=USDJPY bar=2026.06.04 11:25 z1=313,B,157.331,157.497,2026.05.12 10:00,1,2026.05.12 10:10,157.546,157.487"
922,JUNE0525-B162,1617DC1ACCE6B50ED2D1359582A70A8B8503C569623EE90C18C6B33542796207,Tester/logs/20261011.log,983282,2026-06-04,11:30,B152PR,"PK	0	00:09:04.445	Core 04	2026.06.04 11:30:00   [SRJ-IND] B152PR sym=USDJPY bar=2026.06.04 11:25 z1=414,B,157.517,157.589,2026.05.13 01:10,1,2026.05.13 01:20,157.607,157.587"
923,JUNE0525-B162,1617DC1ACCE6B50ED2D1359582A70A8B8503C569623EE90C18C6B33542796207,Tester/logs/20261011.log,983283,2026-06-04,11:30,B152PR,"CM	0	00:09:04.445	Core 04	2026.06.04 11:30:00   [SRJ-IND] B152PR sym=USDJPY bar=2026.06.04 11:25 z1=447,B,157.562,157.648,2026.05.13 06:20,1,2026.05.13 06:25,157.662,157.648"
924,JUNE0525-B162,1617DC1ACCE6B50ED2D1359582A70A8B8503C569623EE90C18C6B33542796207,Tester/logs/20261011.log,983284,2026-06-04,11:30,B152PR,"LG	0	00:09:04.445	Core 04	2026.06.04 11:30:00   [SRJ-IND] B152PR sym=USDJPY bar=2026.06.04 11:25 z1=449,B,157.599,157.654,2026.05.13 05:15,1,2026.05.13 05:45,157.687,157.652"
925,JUNE0525-B162,1617DC1ACCE6B50ED2D1359582A70A8B8503C569623EE90C18C6B33542796207,Tester/logs/20261011.log,983285,2026-06-04,11:30,B152PR,"EI	0	00:09:04.445	Core 04	2026.06.04 11:30:00   [SRJ-IND] B152PR sym=USDJPY bar=2026.06.04 11:25 z1=460,B,157.645,157.660,2026.05.13 07:05,1,2026.05.14 00:25,157.812,157.650"
926,JUNE0525-B162,1617DC1ACCE6B50ED2D1359582A70A8B8503C569623EE90C18C6B33542796207,Tester/logs/20261011.log,983286,2026-06-04,11:30,B152PR,"ES	0	00:09:04.445	Core 04	2026.06.04 11:30:00   [SRJ-IND] B152PR sym=USDJPY bar=2026.06.04 11:25 z1=696,B,157.568,158.167,2026.05.14 18:05,1,2026.05.14 18:10,158.191,158.119"
927,JUNE0525-B162,1617DC1ACCE6B50ED2D1359582A70A8B8503C569623EE90C18C6B33542796207,Tester/logs/20261011.log,983287,2026-06-04,11:30,B152PR,"ME	0	00:09:04.445	Core 04	2026.06.04 11:30:00   [SRJ-IND] B152PR sym=USDJPY bar=2026.06.04 11:25 z1=714,B,158.107,158.142,2026.05.14 19:30,1,2026.05.14 20:00,158.169,158.142"
928,JUNE0525-B162,1617DC1ACCE6B50ED2D1359582A70A8B8503C569623EE90C18C6B33542796207,Tester/logs/20261011.log,983288,2026-06-04,11:30,B152PR,"DN	0	00:09:04.445	Core 04	2026.06.04 11:30:00   [SRJ-IND] B152PR sym=USDJPY bar=2026.06.04 11:25 z1=724,B,158.168,158.186,2026.05.14 21:00,1,2026.05.14 21:05,158.191,158.182"
929,JUNE0525-B162,1617DC1ACCE6B50ED2D1359582A70A8B8503C569623EE90C18C6B33542796207,Tester/logs/20261011.log,983289,2026-06-04,11:30,B152PR,"JS	0	00:09:04.445	Core 04	2026.06.04 11:30:00   [SRJ-IND] B152PR sym=USDJPY bar=2026.06.04 11:25 z1=1405,B,158.735,158.769,2026.05.20 19:00,1,2026.05.20 19:05,158.816,158.753"
930,JUNE0525-B162,1617DC1ACCE6B50ED2D1359582A70A8B8503C569623EE90C18C6B33542796207,Tester/logs/20261011.log,983290,2026-06-04,11:30,B152PR,"LI	0	00:09:04.445	Core 04	2026.06.04 11:30:00   [SRJ-IND] B152PR sym=USDJPY bar=2026.06.04 11:25 z1=1779,B,158.756,158.800,2026.05.25 06:45,1,2026.05.26 00:00,158.887,158.784"
931,JUNE0525-B162,1617DC1ACCE6B50ED2D1359582A70A8B8503C569623EE90C18C6B33542796207,Tester/logs/20261011.log,983291,2026-06-04,11:30,B152PR,"QO	0	00:09:04.445	Core 04	2026.06.04 11:30:00   [SRJ-IND] B152PR sym=USDJPY bar=2026.06.04 11:25 z1=1780,B,158.789,158.814,2026.05.25 04:50,1,2026.05.26 00:00,158.887,158.784"
932,JUNE0525-B162,1617DC1ACCE6B50ED2D1359582A70A8B8503C569623EE90C18C6B33542796207,Tester/logs/20261011.log,983292,2026-06-04,11:30,B152PR,"HE	0	00:09:04.445	Core 04	2026.06.04 11:30:00   [SRJ-IND] B152PR sym=USDJPY bar=2026.06.04 11:25 z1=1949,B,158.916,158.934,2026.05.26 07:25,1,2026.05.26 07:30,158.942,158.934"
933,JUNE0525-B162,1617DC1ACCE6B50ED2D1359582A70A8B8503C569623EE90C18C6B33542796207,Tester/logs/20261011.log,983293,2026-06-04,11:30,B152PR,"QK	0	00:09:04.445	Core 04	2026.06.04 11:30:00   [SRJ-IND] B152PR sym=USDJPY bar=2026.06.04 11:25 z1=2509,B,159.134,159.195,2026.05.29 19:10,1,2026.05.29 19:35,159.215,159.186"
934,JUNE0525-B162,1617DC1ACCE6B50ED2D1359582A70A8B8503C569623EE90C18C6B33542796207,Tester/logs/20261011.log,983294,2026-06-04,11:30,B152PR,"PQ	0	00:09:04.445	Core 04	2026.06.04 11:30:00   [SRJ-IND] B152PR sym=USDJPY bar=2026.06.04 11:25 z1=2566,B,159.382,159.407,2026.06.01 03:15,1,2026.06.03 11:30,159.790,159.368"
935,JUNE0525-B162,1617DC1ACCE6B50ED2D1359582A70A8B8503C569623EE90C18C6B33542796207,Tester/logs/20261011.log,983295,2026-06-04,11:30,B152PR,"JG	0	00:09:04.445	Core 04	2026.06.04 11:30:00   [SRJ-IND] B152PR sym=USDJPY bar=2026.06.04 11:25 z1=2648,B,159.435,159.481,2026.06.01 16:00,1,2026.06.03 11:30,159.790,159.368"
936,JUNE0525-B162,1617DC1ACCE6B50ED2D1359582A70A8B8503C569623EE90C18C6B33542796207,Tester/logs/20261011.log,983296,2026-06-04,11:30,B152PR,"MM	0	00:09:04.445	Core 04	2026.06.04 11:30:00   [SRJ-IND] B152PR sym=USDJPY bar=2026.06.04 11:25 z1=2716,B,159.576,159.603,2026.06.02 03:10,1,2026.06.03 10:35,159.787,159.550"
937,JUNE0525-B162,1617DC1ACCE6B50ED2D1359582A70A8B8503C569623EE90C18C6B33542796207,Tester/logs/20261011.log,983297,2026-06-04,11:30,B152PR,"CS	0	00:09:04.445	Core 04	2026.06.04 11:30:00   [SRJ-IND] B152PR sym=USDJPY bar=2026.06.04 11:25 z1=2720,B,159.586,159.605,2026.06.02 01:05,1,2026.06.03 10:35,159.787,159.550"
938,JUNE0525-B162,1617DC1ACCE6B50ED2D1359582A70A8B8503C569623EE90C18C6B33542796207,Tester/logs/20261011.log,983298,2026-06-04,11:30,B152PR,"GI	0	00:09:04.445	Core 04	2026.06.04 11:30:00   [SRJ-IND] B152PR sym=USDJPY bar=2026.06.04 11:25 z1=2945,B,159.579,159.675,2026.06.03 11:15,1,2026.06.03 11:25,159.727,159.674"
939,JUNE0525-B162,1617DC1ACCE6B50ED2D1359582A70A8B8503C569623EE90C18C6B33542796207,Tester/logs/20261011.log,983299,2026-06-04,11:30,B152PR,"KO	0	00:09:04.445	Core 04	2026.06.04 11:30:00   [SRJ-IND] B152PR sym=USDJPY bar=2026.06.04 11:25 z1=3099,B,159.797,159.868,2026.06.04 08:15,1,2026.06.04 08:50,159.895,159.859"
940,JUNE0525-B162,1617DC1ACCE6B50ED2D1359582A70A8B8503C569623EE90C18C6B33542796207,Tester/logs/20261011.log,983300,2026-06-04,11:30,B152PR,"PG	0	00:09:04.445	Core 04	2026.06.04 11:30:00   [SRJ-IND] B152PR sym=USDJPY bar=2026.06.04 11:25 bull=1 bear=0 nz=24"
941,JUNE0525-B162,1617DC1ACCE6B50ED2D1359582A70A8B8503C569623EE90C18C6B33542796207,Tester/logs/20261011.log,983301,2026-06-04,11:30,B162ORIGIN,"ML	0	00:09:04.445	Core 04	2026.06.04 11:30:00   [SRJ-IND] B162ORIGIN sym=USDJPY bar=2026.06.04 11:25 side=B n=24 origin=3099 range=159.797-159.868 formT=2026.06.04 07:40 set=65,78,212,256,261,313,414,447,449,460,696,714,724,1405,1779,1780,1949,2509,2566,2648,2716,2720,2945,3099"
942,JUNE0525-B162,1617DC1ACCE6B50ED2D1359582A70A8B8503C569623EE90C18C6B33542796207,Tester/logs/20261011.log,983302,2026-06-04,11:30,B162ORIGIN,"NK	0	00:09:04.445	Core 04	2026.06.04 11:30:00   [SRJ-IND] B162ORIGIN sym=USDJPY bar=2026.06.04 11:25 side=S n=0 origin=NONE range=- formT=- set=-"
943,JUNE0525-B162,1617DC1ACCE6B50ED2D1359582A70A8B8503C569623EE90C18C6B33542796207,Tester/logs/20261011.log,983459,2026-06-04,11:30,CQDRECHECK,"CM	0	00:09:04.445	Core 04	2026.06.04 11:30:00   [SRJ-EA] CQDRECHECK shift=2 passA=2.0 passB=2.0 diff=0 bar=2026.06.04 11:20 state=S4_ARMED dir=SHORT divLatch=0 hit1=0 hit2=586 mism=0"
944,JUNE0525-B162,1617DC1ACCE6B50ED2D1359582A70A8B8503C569623EE90C18C6B33542796207,Tester/logs/20261011.log,983463,2026-06-04,11:30,CONFIRMPOLL,"QQ	0	00:09:04.445	Core 04	2026.06.04 11:30:00   [SRJ-EA] CONFIRMPOLL bar=2026.06.04 11:25 anchor=Daily-POC dir=SHORT oppCandle=0 bodyDir=1 body=15pts doji=0 touchAttr=1 confirm=0 shadow=true"
945,JUNE0525-B162,1617DC1ACCE6B50ED2D1359582A70A8B8503C569623EE90C18C6B33542796207,Tester/logs/20261011.log,983471,2026-06-04,11:35,B152PR,"FN	0	00:09:04.445	Core 04	2026.06.04 11:35:00   [SRJ-IND] B152PR sym=USDJPY bar=2026.06.04 11:30 z1=65,B,156.672,156.773,2026.05.11 04:10,1,2026.05.12 08:55,157.714,156.726"
946,JUNE0525-B162,1617DC1ACCE6B50ED2D1359582A70A8B8503C569623EE90C18C6B33542796207,Tester/logs/20261011.log,983472,2026-06-04,11:35,B152PR,"FD	0	00:09:04.445	Core 04	2026.06.04 11:35:00   [SRJ-IND] B152PR sym=USDJPY bar=2026.06.04 11:30 z1=78,B,156.578,156.584,2026.05.11 00:35,1,2026.05.11 00:40,156.644,156.537"
947,JUNE0525-B162,1617DC1ACCE6B50ED2D1359582A70A8B8503C569623EE90C18C6B33542796207,Tester/logs/20261011.log,983473,2026-06-04,11:35,B152PR,"DH	0	00:09:04.445	Core 04	2026.06.04 11:35:00   [SRJ-IND] B152PR sym=USDJPY bar=2026.06.04 11:30 z1=212,B,157.028,157.060,2026.05.11 19:20,1,2026.05.12 00:00,157.152,157.050"
948,JUNE0525-B162,1617DC1ACCE6B50ED2D1359582A70A8B8503C569623EE90C18C6B33542796207,Tester/logs/20261011.log,983474,2026-06-04,11:35,B152PR,"DR	0	00:09:04.445	Core 04	2026.06.04 11:35:00   [SRJ-IND] B152PR sym=USDJPY bar=2026.06.04 11:30 z1=256,B,157.172,157.178,2026.05.12 01:25,1,2026.05.12 08:55,157.714,156.726"
949,JUNE0525-B162,1617DC1ACCE6B50ED2D1359582A70A8B8503C569623EE90C18C6B33542796207,Tester/logs/20261011.log,983475,2026-06-04,11:35,B152PR,"ND	0	00:09:04.445	Core 04	2026.06.04 11:35:00   [SRJ-IND] B152PR sym=USDJPY bar=2026.06.04 11:30 z1=261,B,157.184,157.192,2026.05.12 03:00,1,2026.05.12 08:55,157.714,156.726"
950,JUNE0525-B162,1617DC1ACCE6B50ED2D1359582A70A8B8503C569623EE90C18C6B33542796207,Tester/logs/20261011.log,983476,2026-06-04,11:35,B152PR,"JN	0	00:09:04.445	Core 04	2026.06.04 11:35:00   [SRJ-IND] B152PR sym=USDJPY bar=2026.06.04 11:30 z1=313,B,157.331,157.497,2026.05.12 10:00,1,2026.05.12 10:10,157.546,157.487"
951,JUNE0525-B162,1617DC1ACCE6B50ED2D1359582A70A8B8503C569623EE90C18C6B33542796207,Tester/logs/20261011.log,983477,2026-06-04,11:35,B152PR,"CP	0	00:09:04.445	Core 04	2026.06.04 11:35:00   [SRJ-IND] B152PR sym=USDJPY bar=2026.06.04 11:30 z1=414,B,157.517,157.589,2026.05.13 01:10,1,2026.05.13 01:20,157.607,157.587"
952,JUNE0525-B162,1617DC1ACCE6B50ED2D1359582A70A8B8503C569623EE90C18C6B33542796207,Tester/logs/20261011.log,983478,2026-06-04,11:35,B152PR,"PJ	0	00:09:04.445	Core 04	2026.06.04 11:35:00   [SRJ-IND] B152PR sym=USDJPY bar=2026.06.04 11:30 z1=447,B,157.562,157.648,2026.05.13 06:20,1,2026.05.13 06:25,157.662,157.648"
953,JUNE0525-B162,1617DC1ACCE6B50ED2D1359582A70A8B8503C569623EE90C18C6B33542796207,Tester/logs/20261011.log,983479,2026-06-04,11:35,B152PR,"OL	0	00:09:04.445	Core 04	2026.06.04 11:35:00   [SRJ-IND] B152PR sym=USDJPY bar=2026.06.04 11:30 z1=449,B,157.599,157.654,2026.05.13 05:15,1,2026.05.13 05:45,157.687,157.652"
954,JUNE0525-B162,1617DC1ACCE6B50ED2D1359582A70A8B8503C569623EE90C18C6B33542796207,Tester/logs/20261011.log,983480,2026-06-04,11:35,B152PR,"JF	0	00:09:04.445	Core 04	2026.06.04 11:35:00   [SRJ-IND] B152PR sym=USDJPY bar=2026.06.04 11:30 z1=460,B,157.645,157.660,2026.05.13 07:05,1,2026.05.14 00:25,157.812,157.650"
955,JUNE0525-B162,1617DC1ACCE6B50ED2D1359582A70A8B8503C569623EE90C18C6B33542796207,Tester/logs/20261011.log,983481,2026-06-04,11:35,B152PR,"RK	0	00:09:04.445	Core 04	2026.06.04 11:35:00   [SRJ-IND] B152PR sym=USDJPY bar=2026.06.04 11:30 z1=696,B,157.568,158.167,2026.05.14 18:05,1,2026.05.14 18:10,158.191,158.119"
956,JUNE0525-B162,1617DC1ACCE6B50ED2D1359582A70A8B8503C569623EE90C18C6B33542796207,Tester/logs/20261011.log,983482,2026-06-04,11:35,B152PR,"JM	0	00:09:04.445	Core 04	2026.06.04 11:35:00   [SRJ-IND] B152PR sym=USDJPY bar=2026.06.04 11:30 z1=714,B,158.107,158.142,2026.05.14 19:30,1,2026.05.14 20:00,158.169,158.142"
957,JUNE0525-B162,1617DC1ACCE6B50ED2D1359582A70A8B8503C569623EE90C18C6B33542796207,Tester/logs/20261011.log,983483,2026-06-04,11:35,B152PR,"GG	0	00:09:04.445	Core 04	2026.06.04 11:35:00   [SRJ-IND] B152PR sym=USDJPY bar=2026.06.04 11:30 z1=724,B,158.168,158.186,2026.05.14 21:00,1,2026.05.14 21:05,158.191,158.182"
958,JUNE0525-B162,1617DC1ACCE6B50ED2D1359582A70A8B8503C569623EE90C18C6B33542796207,Tester/logs/20261011.log,983484,2026-06-04,11:35,B152PR,"EJ	0	00:09:04.445	Core 04	2026.06.04 11:35:00   [SRJ-IND] B152PR sym=USDJPY bar=2026.06.04 11:30 z1=1405,B,158.735,158.769,2026.05.20 19:00,1,2026.05.20 19:05,158.816,158.753"
959,JUNE0525-B162,1617DC1ACCE6B50ED2D1359582A70A8B8503C569623EE90C18C6B33542796207,Tester/logs/20261011.log,983485,2026-06-04,11:35,B152PR,"OP	0	00:09:04.445	Core 04	2026.06.04 11:35:00   [SRJ-IND] B152PR sym=USDJPY bar=2026.06.04 11:30 z1=1779,B,158.756,158.800,2026.05.25 06:45,1,2026.05.26 00:00,158.887,158.784"
960,JUNE0525-B162,1617DC1ACCE6B50ED2D1359582A70A8B8503C569623EE90C18C6B33542796207,Tester/logs/20261011.log,983486,2026-06-04,11:35,B152PR,"NF	0	00:09:04.445	Core 04	2026.06.04 11:35:00   [SRJ-IND] B152PR sym=USDJPY bar=2026.06.04 11:30 z1=1780,B,158.789,158.814,2026.05.25 04:50,1,2026.05.26 00:00,158.887,158.784"
961,JUNE0525-B162,1617DC1ACCE6B50ED2D1359582A70A8B8503C569623EE90C18C6B33542796207,Tester/logs/20261011.log,983487,2026-06-04,11:35,B152PR,"CL	0	00:09:04.445	Core 04	2026.06.04 11:35:00   [SRJ-IND] B152PR sym=USDJPY bar=2026.06.04 11:30 z1=1949,B,158.916,158.934,2026.05.26 07:25,1,2026.05.26 07:30,158.942,158.934"
962,JUNE0525-B162,1617DC1ACCE6B50ED2D1359582A70A8B8503C569623EE90C18C6B33542796207,Tester/logs/20261011.log,983488,2026-06-04,11:35,B152PR,"NR	0	00:09:04.445	Core 04	2026.06.04 11:35:00   [SRJ-IND] B152PR sym=USDJPY bar=2026.06.04 11:30 z1=2509,B,159.134,159.195,2026.05.29 19:10,1,2026.05.29 19:35,159.215,159.186"
963,JUNE0525-B162,1617DC1ACCE6B50ED2D1359582A70A8B8503C569623EE90C18C6B33542796207,Tester/logs/20261011.log,983489,2026-06-04,11:35,B152PR,"KH	0	00:09:04.445	Core 04	2026.06.04 11:35:00   [SRJ-IND] B152PR sym=USDJPY bar=2026.06.04 11:30 z1=2566,B,159.382,159.407,2026.06.01 03:15,1,2026.06.03 11:30,159.790,159.368"
964,JUNE0525-B162,1617DC1ACCE6B50ED2D1359582A70A8B8503C569623EE90C18C6B33542796207,Tester/logs/20261011.log,983490,2026-06-04,11:35,B152PR,"EN	0	00:09:04.445	Core 04	2026.06.04 11:35:00   [SRJ-IND] B152PR sym=USDJPY bar=2026.06.04 11:30 z1=2648,B,159.435,159.481,2026.06.01 16:00,1,2026.06.03 11:30,159.790,159.368"
965,JUNE0525-B162,1617DC1ACCE6B50ED2D1359582A70A8B8503C569623EE90C18C6B33542796207,Tester/logs/20261011.log,983491,2026-06-04,11:35,B152PR,"RD	0	00:09:04.445	Core 04	2026.06.04 11:35:00   [SRJ-IND] B152PR sym=USDJPY bar=2026.06.04 11:30 z1=2716,B,159.576,159.603,2026.06.02 03:10,1,2026.06.03 10:35,159.787,159.550"
966,JUNE0525-B162,1617DC1ACCE6B50ED2D1359582A70A8B8503C569623EE90C18C6B33542796207,Tester/logs/20261011.log,983492,2026-06-04,11:35,B152PR,"HJ	0	00:09:04.445	Core 04	2026.06.04 11:35:00   [SRJ-IND] B152PR sym=USDJPY bar=2026.06.04 11:30 z1=2720,B,159.586,159.605,2026.06.02 01:05,1,2026.06.03 10:35,159.787,159.550"
967,JUNE0525-B162,1617DC1ACCE6B50ED2D1359582A70A8B8503C569623EE90C18C6B33542796207,Tester/logs/20261011.log,983493,2026-06-04,11:35,B152PR,"DP	0	00:09:04.445	Core 04	2026.06.04 11:35:00   [SRJ-IND] B152PR sym=USDJPY bar=2026.06.04 11:30 z1=2945,B,159.579,159.675,2026.06.03 11:15,1,2026.06.03 11:25,159.727,159.674"
968,JUNE0525-B162,1617DC1ACCE6B50ED2D1359582A70A8B8503C569623EE90C18C6B33542796207,Tester/logs/20261011.log,983494,2026-06-04,11:35,B152PR,"PF	0	00:09:04.445	Core 04	2026.06.04 11:35:00   [SRJ-IND] B152PR sym=USDJPY bar=2026.06.04 11:30 z1=3099,B,159.797,159.868,2026.06.04 08:15,1,2026.06.04 08:50,159.895,159.859"
969,JUNE0525-B162,1617DC1ACCE6B50ED2D1359582A70A8B8503C569623EE90C18C6B33542796207,Tester/logs/20261011.log,983495,2026-06-04,11:35,B152PR,"KN	0	00:09:04.445	Core 04	2026.06.04 11:35:00   [SRJ-IND] B152PR sym=USDJPY bar=2026.06.04 11:30 bull=1 bear=0 nz=24"
970,JUNE0525-B162,1617DC1ACCE6B50ED2D1359582A70A8B8503C569623EE90C18C6B33542796207,Tester/logs/20261011.log,983496,2026-06-04,11:35,B162ORIGIN,"JS	0	00:09:04.445	Core 04	2026.06.04 11:35:00   [SRJ-IND] B162ORIGIN sym=USDJPY bar=2026.06.04 11:30 side=B n=24 origin=3099 range=159.797-159.868 formT=2026.06.04 07:40 set=65,78,212,256,261,313,414,447,449,460,696,714,724,1405,1779,1780,1949,2509,2566,2648,2716,2720,2945,3099"
971,JUNE0525-B162,1617DC1ACCE6B50ED2D1359582A70A8B8503C569623EE90C18C6B33542796207,Tester/logs/20261011.log,983497,2026-06-04,11:35,B162ORIGIN,"IR	0	00:09:04.445	Core 04	2026.06.04 11:35:00   [SRJ-IND] B162ORIGIN sym=USDJPY bar=2026.06.04 11:30 side=S n=0 origin=NONE range=- formT=- set=-"
972,JUNE0525-B162,1617DC1ACCE6B50ED2D1359582A70A8B8503C569623EE90C18C6B33542796207,Tester/logs/20261011.log,983655,2026-06-04,11:35,CONFIRMPOLL,"HP	0	00:09:04.445	Core 04	2026.06.04 11:35:00   [SRJ-EA] CONFIRMPOLL bar=2026.06.04 11:30 anchor=Daily-POC dir=SHORT oppCandle=0 bodyDir=0 body=3pts doji=0 touchAttr=1 confirm=0 shadow=true"
973,JUNE0525-B162,1617DC1ACCE6B50ED2D1359582A70A8B8503C569623EE90C18C6B33542796207,Tester/logs/20261011.log,983665,2026-06-04,11:40,B152PR,"CQ	0	00:09:04.445	Core 04	2026.06.04 11:40:00   [SRJ-IND] B152PR sym=USDJPY bar=2026.06.04 11:35 z1=65,B,156.672,156.773,2026.05.11 04:10,1,2026.05.12 08:55,157.714,156.726"
974,JUNE0525-B162,1617DC1ACCE6B50ED2D1359582A70A8B8503C569623EE90C18C6B33542796207,Tester/logs/20261011.log,983666,2026-06-04,11:40,B152PR,"KD	0	00:09:04.445	Core 04	2026.06.04 11:40:00   [SRJ-IND] B152PR sym=USDJPY bar=2026.06.04 11:35 z1=78,B,156.578,156.584,2026.05.11 00:35,1,2026.05.11 00:40,156.644,156.537"
975,JUNE0525-B162,1617DC1ACCE6B50ED2D1359582A70A8B8503C569623EE90C18C6B33542796207,Tester/logs/20261011.log,983667,2026-06-04,11:40,B152PR,"EI	0	00:09:04.445	Core 04	2026.06.04 11:40:00   [SRJ-IND] B152PR sym=USDJPY bar=2026.06.04 11:35 z1=212,B,157.028,157.060,2026.05.11 19:20,1,2026.05.12 00:00,157.152,157.050"
976,JUNE0525-B162,1617DC1ACCE6B50ED2D1359582A70A8B8503C569623EE90C18C6B33542796207,Tester/logs/20261011.log,983668,2026-06-04,11:40,B152PR,"ES	0	00:09:04.445	Core 04	2026.06.04 11:40:00   [SRJ-IND] B152PR sym=USDJPY bar=2026.06.04 11:35 z1=256,B,157.172,157.178,2026.05.12 01:25,1,2026.05.12 08:55,157.714,156.726"
977,JUNE0525-B162,1617DC1ACCE6B50ED2D1359582A70A8B8503C569623EE90C18C6B33542796207,Tester/logs/20261011.log,983669,2026-06-04,11:40,B152PR,"CE	0	00:09:04.445	Core 04	2026.06.04 11:40:00   [SRJ-IND] B152PR sym=USDJPY bar=2026.06.04 11:35 z1=261,B,157.184,157.192,2026.05.12 03:00,1,2026.05.12 08:55,157.714,156.726"
978,JUNE0525-B162,1617DC1ACCE6B50ED2D1359582A70A8B8503C569623EE90C18C6B33542796207,Tester/logs/20261011.log,983670,2026-06-04,11:40,B152PR,"OO	0	00:09:04.445	Core 04	2026.06.04 11:40:00   [SRJ-IND] B152PR sym=USDJPY bar=2026.06.04 11:35 z1=313,B,157.331,157.497,2026.05.12 10:00,1,2026.05.12 10:10,157.546,157.487"
979,JUNE0525-B162,1617DC1ACCE6B50ED2D1359582A70A8B8503C569623EE90C18C6B33542796207,Tester/logs/20261011.log,983671,2026-06-04,11:40,B152PR,"FQ	0	00:09:04.445	Core 04	2026.06.04 11:40:00   [SRJ-IND] B152PR sym=USDJPY bar=2026.06.04 11:35 z1=414,B,157.517,157.589,2026.05.13 01:10,1,2026.05.13 01:20,157.607,157.587"
980,JUNE0525-B162,1617DC1ACCE6B50ED2D1359582A70A8B8503C569623EE90C18C6B33542796207,Tester/logs/20261011.log,983672,2026-06-04,11:40,B152PR,"QK	0	00:09:04.445	Core 04	2026.06.04 11:40:00   [SRJ-IND] B152PR sym=USDJPY bar=2026.06.04 11:35 z1=447,B,157.562,157.648,2026.05.13 06:20,1,2026.05.13 06:25,157.662,157.648"
981,JUNE0525-B162,1617DC1ACCE6B50ED2D1359582A70A8B8503C569623EE90C18C6B33542796207,Tester/logs/20261011.log,983673,2026-06-04,11:40,B152PR,"JL	0	00:09:04.445	Core 04	2026.06.04 11:40:00   [SRJ-IND] B152PR sym=USDJPY bar=2026.06.04 11:35 z1=449,B,157.599,157.654,2026.05.13 05:15,1,2026.05.13 05:45,157.687,157.652"
982,JUNE0525-B162,1617DC1ACCE6B50ED2D1359582A70A8B8503C569623EE90C18C6B33542796207,Tester/logs/20261011.log,983674,2026-06-04,11:40,B152PR,"OF	0	00:09:04.445	Core 04	2026.06.04 11:40:00   [SRJ-IND] B152PR sym=USDJPY bar=2026.06.04 11:35 z1=460,B,157.645,157.660,2026.05.13 07:05,1,2026.05.14 00:25,157.812,157.650"
983,JUNE0525-B162,1617DC1ACCE6B50ED2D1359582A70A8B8503C569623EE90C18C6B33542796207,Tester/logs/20261011.log,983675,2026-06-04,11:40,B152PR,"OH	0	00:09:04.445	Core 04	2026.06.04 11:40:00   [SRJ-IND] B152PR sym=USDJPY bar=2026.06.04 11:35 z1=696,B,157.568,158.167,2026.05.14 18:05,1,2026.05.14 18:10,158.191,158.119"
984,JUNE0525-B162,1617DC1ACCE6B50ED2D1359582A70A8B8503C569623EE90C18C6B33542796207,Tester/logs/20261011.log,983676,2026-06-04,11:40,B152PR,"GR	0	00:09:04.445	Core 04	2026.06.04 11:40:00   [SRJ-IND] B152PR sym=USDJPY bar=2026.06.04 11:35 z1=714,B,158.107,158.142,2026.05.14 19:30,1,2026.05.14 20:00,158.169,158.142"
985,JUNE0525-B162,1617DC1ACCE6B50ED2D1359582A70A8B8503C569623EE90C18C6B33542796207,Tester/logs/20261011.log,983677,2026-06-04,11:40,B152PR,"RD	0	00:09:04.445	Core 04	2026.06.04 11:40:00   [SRJ-IND] B152PR sym=USDJPY bar=2026.06.04 11:35 z1=724,B,158.168,158.186,2026.05.14 21:00,1,2026.05.14 21:05,158.191,158.182"
986,JUNE0525-B162,1617DC1ACCE6B50ED2D1359582A70A8B8503C569623EE90C18C6B33542796207,Tester/logs/20261011.log,983678,2026-06-04,11:40,B152PR,"LM	0	00:09:04.445	Core 04	2026.06.04 11:40:00   [SRJ-IND] B152PR sym=USDJPY bar=2026.06.04 11:35 z1=1405,B,158.735,158.769,2026.05.20 19:00,1,2026.05.20 19:05,158.816,158.753"
987,JUNE0525-B162,1617DC1ACCE6B50ED2D1359582A70A8B8503C569623EE90C18C6B33542796207,Tester/logs/20261011.log,983679,2026-06-04,11:40,B152PR,"JS	0	00:09:04.445	Core 04	2026.06.04 11:40:00   [SRJ-IND] B152PR sym=USDJPY bar=2026.06.04 11:35 z1=1779,B,158.756,158.800,2026.05.25 06:45,1,2026.05.26 00:00,158.887,158.784"
988,JUNE0525-B162,1617DC1ACCE6B50ED2D1359582A70A8B8503C569623EE90C18C6B33542796207,Tester/logs/20261011.log,983680,2026-06-04,11:40,B152PR,"CI	0	00:09:04.445	Core 04	2026.06.04 11:40:00   [SRJ-IND] B152PR sym=USDJPY bar=2026.06.04 11:35 z1=1780,B,158.789,158.814,2026.05.25 04:50,1,2026.05.26 00:00,158.887,158.784"
989,JUNE0525-B162,1617DC1ACCE6B50ED2D1359582A70A8B8503C569623EE90C18C6B33542796207,Tester/logs/20261011.log,983681,2026-06-04,11:40,B152PR,"NO	0	00:09:04.445	Core 04	2026.06.04 11:40:00   [SRJ-IND] B152PR sym=USDJPY bar=2026.06.04 11:35 z1=1949,B,158.916,158.934,2026.05.26 07:25,1,2026.05.26 07:30,158.942,158.934"
990,JUNE0525-B162,1617DC1ACCE6B50ED2D1359582A70A8B8503C569623EE90C18C6B33542796207,Tester/logs/20261011.log,983682,2026-06-04,11:40,B152PR,"CE	0	00:09:04.445	Core 04	2026.06.04 11:40:00   [SRJ-IND] B152PR sym=USDJPY bar=2026.06.04 11:35 z1=2509,B,159.134,159.195,2026.05.29 19:10,1,2026.05.29 19:35,159.215,159.186"
991,JUNE0525-B162,1617DC1ACCE6B50ED2D1359582A70A8B8503C569623EE90C18C6B33542796207,Tester/logs/20261011.log,983683,2026-06-04,11:40,B152PR,"FK	0	00:09:04.445	Core 04	2026.06.04 11:40:00   [SRJ-IND] B152PR sym=USDJPY bar=2026.06.04 11:35 z1=2566,B,159.382,159.407,2026.06.01 03:15,1,2026.06.03 11:30,159.790,159.368"
992,JUNE0525-B162,1617DC1ACCE6B50ED2D1359582A70A8B8503C569623EE90C18C6B33542796207,Tester/logs/20261011.log,983684,2026-06-04,11:40,B152PR,"LQ	0	00:09:04.445	Core 04	2026.06.04 11:40:00   [SRJ-IND] B152PR sym=USDJPY bar=2026.06.04 11:35 z1=2648,B,159.435,159.481,2026.06.01 16:00,1,2026.06.03 11:30,159.790,159.368"
993,JUNE0525-B162,1617DC1ACCE6B50ED2D1359582A70A8B8503C569623EE90C18C6B33542796207,Tester/logs/20261011.log,983685,2026-06-04,11:40,B152PR,"GG	0	00:09:04.445	Core 04	2026.06.04 11:40:00   [SRJ-IND] B152PR sym=USDJPY bar=2026.06.04 11:35 z1=2716,B,159.576,159.603,2026.06.02 03:10,1,2026.06.03 10:35,159.787,159.550"
994,JUNE0525-B162,1617DC1ACCE6B50ED2D1359582A70A8B8503C569623EE90C18C6B33542796207,Tester/logs/20261011.log,983686,2026-06-04,11:40,B152PR,"QM	0	00:09:04.445	Core 04	2026.06.04 11:40:00   [SRJ-IND] B152PR sym=USDJPY bar=2026.06.04 11:35 z1=2720,B,159.586,159.605,2026.06.02 01:05,1,2026.06.03 10:35,159.787,159.550"
995,JUNE0525-B162,1617DC1ACCE6B50ED2D1359582A70A8B8503C569623EE90C18C6B33542796207,Tester/logs/20261011.log,983687,2026-06-04,11:40,B152PR,"MS	0	00:09:04.445	Core 04	2026.06.04 11:40:00   [SRJ-IND] B152PR sym=USDJPY bar=2026.06.04 11:35 z1=2945,B,159.579,159.675,2026.06.03 11:15,1,2026.06.03 11:25,159.727,159.674"
996,JUNE0525-B162,1617DC1ACCE6B50ED2D1359582A70A8B8503C569623EE90C18C6B33542796207,Tester/logs/20261011.log,983688,2026-06-04,11:40,B152PR,"II	0	00:09:04.445	Core 04	2026.06.04 11:40:00   [SRJ-IND] B152PR sym=USDJPY bar=2026.06.04 11:35 z1=3099,B,159.797,159.868,2026.06.04 08:15,1,2026.06.04 08:50,159.895,159.859"
997,JUNE0525-B162,1617DC1ACCE6B50ED2D1359582A70A8B8503C569623EE90C18C6B33542796207,Tester/logs/20261011.log,983689,2026-06-04,11:40,B152PR,"FM	0	00:09:04.445	Core 04	2026.06.04 11:40:00   [SRJ-IND] B152PR sym=USDJPY bar=2026.06.04 11:35 bull=1 bear=0 nz=24"
998,JUNE0525-B162,1617DC1ACCE6B50ED2D1359582A70A8B8503C569623EE90C18C6B33542796207,Tester/logs/20261011.log,983690,2026-06-04,11:40,B162ORIGIN,"GR	0	00:09:04.445	Core 04	2026.06.04 11:40:00   [SRJ-IND] B162ORIGIN sym=USDJPY bar=2026.06.04 11:35 side=B n=24 origin=3099 range=159.797-159.868 formT=2026.06.04 07:40 set=65,78,212,256,261,313,414,447,449,460,696,714,724,1405,1779,1780,1949,2509,2566,2648,2716,2720,2945,3099"
999,JUNE0525-B162,1617DC1ACCE6B50ED2D1359582A70A8B8503C569623EE90C18C6B33542796207,Tester/logs/20261011.log,983691,2026-06-04,11:40,B162ORIGIN,"HM	0	00:09:04.445	Core 04	2026.06.04 11:40:00   [SRJ-IND] B162ORIGIN sym=USDJPY bar=2026.06.04 11:35 side=S n=0 origin=NONE range=- formT=- set=-"
1000,JUNE0525-B162,1617DC1ACCE6B50ED2D1359582A70A8B8503C569623EE90C18C6B33542796207,Tester/logs/20261011.log,983696,2026-06-04,11:40,ABORT,"GR	0	00:09:04.445	Core 04	2026.06.04 11:40:00   [SRJ-EA] 2026.06.04 11:40:00 ABORT reason=FRESH_OB_DEAD state=S4_ARMED poi=Daily-POC dir=SHORT"
1001,JUNE0525-B162,1617DC1ACCE6B50ED2D1359582A70A8B8503C569623EE90C18C6B33542796207,Tester/logs/20261011.log,983697,2026-06-04,11:40,A6REFUSED,"OP	0	00:09:04.445	Core 04	2026.06.04 11:40:00   [SRJ-EA] A6REFUSED class=ABSENT_DECLINED bar=2026.06.04 11:40 state=S4_ARMED dir=SHORT predicate=FRESH_OB_DEAD"
1002,JUNE0525-B162,1617DC1ACCE6B50ED2D1359582A70A8B8503C569623EE90C18C6B33542796207,Tester/logs/20261011.log,983699,2026-06-04,11:40,STATE,"MG	0	00:09:04.445	Core 04	2026.06.04 11:40:00   [SRJ-EA] 2026.06.04 11:40:00 STATE S4_ARMED->ABORT dir=SHORT poi=Daily-POC"
1003,JUNE0525-B162,1617DC1ACCE6B50ED2D1359582A70A8B8503C569623EE90C18C6B33542796207,Tester/logs/20261011.log,983702,2026-06-04,11:45,B152PR,"OI	0	00:09:04.445	Core 04	2026.06.04 11:45:03   [SRJ-IND] B152PR sym=USDJPY bar=2026.06.04 11:40 z1=65,B,156.672,156.773,2026.05.11 04:10,1,2026.05.12 08:55,157.714,156.726"
1004,JUNE0525-B162,1617DC1ACCE6B50ED2D1359582A70A8B8503C569623EE90C18C6B33542796207,Tester/logs/20261011.log,983703,2026-06-04,11:45,B152PR,"GO	0	00:09:04.445	Core 04	2026.06.04 11:45:03   [SRJ-IND] B152PR sym=USDJPY bar=2026.06.04 11:40 z1=78,B,156.578,156.584,2026.05.11 00:35,1,2026.05.11 00:40,156.644,156.537"
1005,JUNE0525-B162,1617DC1ACCE6B50ED2D1359582A70A8B8503C569623EE90C18C6B33542796207,Tester/logs/20261011.log,983704,2026-06-04,11:45,B152PR,"QF	0	00:09:04.445	Core 04	2026.06.04 11:45:03   [SRJ-IND] B152PR sym=USDJPY bar=2026.06.04 11:40 z1=212,B,157.028,157.060,2026.05.11 19:20,1,2026.05.12 00:00,157.152,157.050"
1006,JUNE0525-B162,1617DC1ACCE6B50ED2D1359582A70A8B8503C569623EE90C18C6B33542796207,Tester/logs/20261011.log,983705,2026-06-04,11:45,B152PR,"QH	0	00:09:04.445	Core 04	2026.06.04 11:45:03   [SRJ-IND] B152PR sym=USDJPY bar=2026.06.04 11:40 z1=256,B,157.172,157.178,2026.05.12 01:25,1,2026.05.12 08:55,157.714,156.726"
1007,JUNE0525-B162,1617DC1ACCE6B50ED2D1359582A70A8B8503C569623EE90C18C6B33542796207,Tester/logs/20261011.log,983706,2026-06-04,11:45,B152PR,"OM	0	00:09:04.445	Core 04	2026.06.04 11:45:03   [SRJ-IND] B152PR sym=USDJPY bar=2026.06.04 11:40 z1=261,B,157.184,157.192,2026.05.12 03:00,1,2026.05.12 08:55,157.714,156.726"
1008,JUNE0525-B162,1617DC1ACCE6B50ED2D1359582A70A8B8503C569623EE90C18C6B33542796207,Tester/logs/20261011.log,983707,2026-06-04,11:45,B152PR,"CG	0	00:09:04.445	Core 04	2026.06.04 11:45:03   [SRJ-IND] B152PR sym=USDJPY bar=2026.06.04 11:40 z1=313,B,157.331,157.497,2026.05.12 10:00,1,2026.05.12 10:10,157.546,157.487"
1009,JUNE0525-B162,1617DC1ACCE6B50ED2D1359582A70A8B8503C569623EE90C18C6B33542796207,Tester/logs/20261011.log,983708,2026-06-04,11:45,B152PR,"RI	0	00:09:04.445	Core 04	2026.06.04 11:45:03   [SRJ-IND] B152PR sym=USDJPY bar=2026.06.04 11:40 z1=414,B,157.517,157.589,2026.05.13 01:10,1,2026.05.13 01:20,157.607,157.587"
1010,JUNE0525-B162,1617DC1ACCE6B50ED2D1359582A70A8B8503C569623EE90C18C6B33542796207,Tester/logs/20261011.log,983709,2026-06-04,11:45,B152PR,"ES	0	00:09:04.445	Core 04	2026.06.04 11:45:03   [SRJ-IND] B152PR sym=USDJPY bar=2026.06.04 11:40 z1=447,B,157.562,157.648,2026.05.13 06:20,1,2026.05.13 06:25,157.662,157.648"
1011,JUNE0525-B162,1617DC1ACCE6B50ED2D1359582A70A8B8503C569623EE90C18C6B33542796207,Tester/logs/20261011.log,983710,2026-06-04,11:45,B152PR,"NE	0	00:09:04.445	Core 04	2026.06.04 11:45:03   [SRJ-IND] B152PR sym=USDJPY bar=2026.06.04 11:40 z1=449,B,157.599,157.654,2026.05.13 05:15,1,2026.05.13 05:45,157.687,157.652"
1012,JUNE0525-B162,1617DC1ACCE6B50ED2D1359582A70A8B8503C569623EE90C18C6B33542796207,Tester/logs/20261011.log,983711,2026-06-04,11:45,B152PR,"CO	0	00:09:04.445	Core 04	2026.06.04 11:45:03   [SRJ-IND] B152PR sym=USDJPY bar=2026.06.04 11:40 z1=460,B,157.645,157.660,2026.05.13 07:05,1,2026.05.14 00:25,157.812,157.650"
1013,JUNE0525-B162,1617DC1ACCE6B50ED2D1359582A70A8B8503C569623EE90C18C6B33542796207,Tester/logs/20261011.log,983712,2026-06-04,11:45,B152PR,"CQ	0	00:09:04.445	Core 04	2026.06.04 11:45:03   [SRJ-IND] B152PR sym=USDJPY bar=2026.06.04 11:40 z1=696,B,157.568,158.167,2026.05.14 18:05,1,2026.05.14 18:10,158.191,158.119"
1014,JUNE0525-B162,1617DC1ACCE6B50ED2D1359582A70A8B8503C569623EE90C18C6B33542796207,Tester/logs/20261011.log,983713,2026-06-04,11:45,B152PR,"KK	0	00:09:04.445	Core 04	2026.06.04 11:45:03   [SRJ-IND] B152PR sym=USDJPY bar=2026.06.04 11:40 z1=714,B,158.107,158.142,2026.05.14 19:30,1,2026.05.14 20:00,158.169,158.142"
1015,JUNE0525-B162,1617DC1ACCE6B50ED2D1359582A70A8B8503C569623EE90C18C6B33542796207,Tester/logs/20261011.log,983714,2026-06-04,11:45,B152PR,"FL	0	00:09:04.445	Core 04	2026.06.04 11:45:03   [SRJ-IND] B152PR sym=USDJPY bar=2026.06.04 11:40 z1=724,B,158.168,158.186,2026.05.14 21:00,1,2026.05.14 21:05,158.191,158.182"
1016,JUNE0525-B162,1617DC1ACCE6B50ED2D1359582A70A8B8503C569623EE90C18C6B33542796207,Tester/logs/20261011.log,983715,2026-06-04,11:45,B152PR,"HE	0	00:09:04.445	Core 04	2026.06.04 11:45:03   [SRJ-IND] B152PR sym=USDJPY bar=2026.06.04 11:40 z1=1405,B,158.735,158.769,2026.05.20 19:00,1,2026.05.20 19:05,158.816,158.753"
1017,JUNE0525-B162,1617DC1ACCE6B50ED2D1359582A70A8B8503C569623EE90C18C6B33542796207,Tester/logs/20261011.log,983716,2026-06-04,11:45,B152PR,"NK	0	00:09:04.445	Core 04	2026.06.04 11:45:03   [SRJ-IND] B152PR sym=USDJPY bar=2026.06.04 11:40 z1=1779,B,158.756,158.800,2026.05.25 06:45,1,2026.05.26 00:00,158.887,158.784"
1018,JUNE0525-B162,1617DC1ACCE6B50ED2D1359582A70A8B8503C569623EE90C18C6B33542796207,Tester/logs/20261011.log,983717,2026-06-04,11:45,B152PR,"OQ	0	00:09:04.445	Core 04	2026.06.04 11:45:03   [SRJ-IND] B152PR sym=USDJPY bar=2026.06.04 11:40 z1=1780,B,158.789,158.814,2026.05.25 04:50,1,2026.05.26 00:00,158.887,158.784"
1019,JUNE0525-B162,1617DC1ACCE6B50ED2D1359582A70A8B8503C569623EE90C18C6B33542796207,Tester/logs/20261011.log,983718,2026-06-04,11:45,B152PR,"JG	0	00:09:04.445	Core 04	2026.06.04 11:45:03   [SRJ-IND] B152PR sym=USDJPY bar=2026.06.04 11:40 z1=1949,B,158.916,158.934,2026.05.26 07:25,1,2026.05.26 07:30,158.942,158.934"
1020,JUNE0525-B162,1617DC1ACCE6B50ED2D1359582A70A8B8503C569623EE90C18C6B33542796207,Tester/logs/20261011.log,983719,2026-06-04,11:45,B152PR,"OM	0	00:09:04.445	Core 04	2026.06.04 11:45:03   [SRJ-IND] B152PR sym=USDJPY bar=2026.06.04 11:40 z1=2509,B,159.134,159.195,2026.05.29 19:10,1,2026.05.29 19:35,159.215,159.186"
1021,JUNE0525-B162,1617DC1ACCE6B50ED2D1359582A70A8B8503C569623EE90C18C6B33542796207,Tester/logs/20261011.log,983720,2026-06-04,11:45,B152PR,"RS	0	00:09:04.445	Core 04	2026.06.04 11:45:03   [SRJ-IND] B152PR sym=USDJPY bar=2026.06.04 11:40 z1=2566,B,159.382,159.407,2026.06.01 03:15,1,2026.06.03 11:30,159.790,159.368"
1022,JUNE0525-B162,1617DC1ACCE6B50ED2D1359582A70A8B8503C569623EE90C18C6B33542796207,Tester/logs/20261011.log,983721,2026-06-04,11:45,B152PR,"HI	0	00:09:04.445	Core 04	2026.06.04 11:45:03   [SRJ-IND] B152PR sym=USDJPY bar=2026.06.04 11:40 z1=2648,B,159.435,159.481,2026.06.01 16:00,1,2026.06.03 11:30,159.790,159.368"
1023,JUNE0525-B162,1617DC1ACCE6B50ED2D1359582A70A8B8503C569623EE90C18C6B33542796207,Tester/logs/20261011.log,983722,2026-06-04,11:45,B152PR,"KO	0	00:09:04.445	Core 04	2026.06.04 11:45:03   [SRJ-IND] B152PR sym=USDJPY bar=2026.06.04 11:40 z1=2716,B,159.576,159.603,2026.06.02 03:10,1,2026.06.03 10:35,159.787,159.550"
1024,JUNE0525-B162,1617DC1ACCE6B50ED2D1359582A70A8B8503C569623EE90C18C6B33542796207,Tester/logs/20261011.log,983723,2026-06-04,11:45,B152PR,"EE	0	00:09:04.445	Core 04	2026.06.04 11:45:03   [SRJ-IND] B152PR sym=USDJPY bar=2026.06.04 11:40 z1=2720,B,159.586,159.605,2026.06.02 01:05,1,2026.06.03 10:35,159.787,159.550"
1025,JUNE0525-B162,1617DC1ACCE6B50ED2D1359582A70A8B8503C569623EE90C18C6B33542796207,Tester/logs/20261011.log,983724,2026-06-04,11:45,B152PR,"IK	0	00:09:04.445	Core 04	2026.06.04 11:45:03   [SRJ-IND] B152PR sym=USDJPY bar=2026.06.04 11:40 z1=2945,B,159.579,159.675,2026.06.03 11:15,1,2026.06.03 11:25,159.727,159.674"
1026,JUNE0525-B162,1617DC1ACCE6B50ED2D1359582A70A8B8503C569623EE90C18C6B33542796207,Tester/logs/20261011.log,983725,2026-06-04,11:45,B152PR,"MQ	0	00:09:04.445	Core 04	2026.06.04 11:45:03   [SRJ-IND] B152PR sym=USDJPY bar=2026.06.04 11:40 z1=3099,B,159.797,159.868,2026.06.04 08:15,1,2026.06.04 08:50,159.895,159.859"
1027,JUNE0525-B162,1617DC1ACCE6B50ED2D1359582A70A8B8503C569623EE90C18C6B33542796207,Tester/logs/20261011.log,983726,2026-06-04,11:45,B152PR,"RE	0	00:09:04.445	Core 04	2026.06.04 11:45:03   [SRJ-IND] B152PR sym=USDJPY bar=2026.06.04 11:40 bull=1 bear=0 nz=24"
1028,JUNE0525-B162,1617DC1ACCE6B50ED2D1359582A70A8B8503C569623EE90C18C6B33542796207,Tester/logs/20261011.log,983727,2026-06-04,11:45,B162ORIGIN,"KJ	0	00:09:04.445	Core 04	2026.06.04 11:45:03   [SRJ-IND] B162ORIGIN sym=USDJPY bar=2026.06.04 11:40 side=B n=24 origin=3099 range=159.797-159.868 formT=2026.06.04 07:40 set=65,78,212,256,261,313,414,447,449,460,696,714,724,1405,1779,1780,1949,2509,2566,2648,2716,2720,2945,3099"
1029,JUNE0525-B162,1617DC1ACCE6B50ED2D1359582A70A8B8503C569623EE90C18C6B33542796207,Tester/logs/20261011.log,983728,2026-06-04,11:45,B162ORIGIN,"LE	0	00:09:04.445	Core 04	2026.06.04 11:45:03   [SRJ-IND] B162ORIGIN sym=USDJPY bar=2026.06.04 11:40 side=S n=0 origin=NONE range=- formT=- set=-"
1030,JUNE0525-B162,1617DC1ACCE6B50ED2D1359582A70A8B8503C569623EE90C18C6B33542796207,Tester/logs/20261011.log,983736,2026-06-04,11:45,CONFIRMPOLL,"ON	0	00:09:04.445	Core 04	2026.06.04 11:45:03   [SRJ-EA] CONFIRMPOLL bar=2026.06.04 11:40 anchor=Daily-POC dir=LONG oppCandle=0 bodyDir=1 body=4pts doji=0 touchAttr=1 confirm=0 shadow=true"
1031,JUNE0525-B162,1617DC1ACCE6B50ED2D1359582A70A8B8503C569623EE90C18C6B33542796207,Tester/logs/20261011.log,983738,2026-06-04,11:45,STATE,"RG	0	00:09:04.445	Core 04	2026.06.04 11:45:03   [SRJ-EA] 2026.06.04 11:45:03 STATE IDLE->S1_REGIME dir=LONG poi=Daily-POC"
1032,JUNE0525-B162,1617DC1ACCE6B50ED2D1359582A70A8B8503C569623EE90C18C6B33542796207,Tester/logs/20261011.log,983739,2026-06-04,11:45,ANCHOR_ELECT,"OF	0	00:09:04.445	Core 04	2026.06.04 11:45:03   [SRJ-EA] ANCHOR_ELECT bar=2026.06.04 11:40 action=SEED poi=Daily-POC rank=10 tier=5 dir=LONG"
1033,JUNE0525-B162,1617DC1ACCE6B50ED2D1359582A70A8B8503C569623EE90C18C6B33542796207,Tester/logs/20261011.log,983750,2026-06-04,11:50,B152PR,"QG	0	00:09:04.445	Core 04	2026.06.04 11:50:00   [SRJ-IND] B152PR sym=USDJPY bar=2026.06.04 11:45 z1=65,B,156.672,156.773,2026.05.11 04:10,1,2026.05.12 08:55,157.714,156.726"
1034,JUNE0525-B162,1617DC1ACCE6B50ED2D1359582A70A8B8503C569623EE90C18C6B33542796207,Tester/logs/20261011.log,983751,2026-06-04,11:50,B152PR,"IM	0	00:09:04.445	Core 04	2026.06.04 11:50:00   [SRJ-IND] B152PR sym=USDJPY bar=2026.06.04 11:45 z1=78,B,156.578,156.584,2026.05.11 00:35,1,2026.05.11 00:40,156.644,156.537"
1035,JUNE0525-B162,1617DC1ACCE6B50ED2D1359582A70A8B8503C569623EE90C18C6B33542796207,Tester/logs/20261011.log,983752,2026-06-04,11:50,B152PR,"OP	0	00:09:04.445	Core 04	2026.06.04 11:50:00   [SRJ-IND] B152PR sym=USDJPY bar=2026.06.04 11:45 z1=212,B,157.028,157.060,2026.05.11 19:20,1,2026.05.12 00:00,157.152,157.050"
1036,JUNE0525-B162,1617DC1ACCE6B50ED2D1359582A70A8B8503C569623EE90C18C6B33542796207,Tester/logs/20261011.log,983753,2026-06-04,11:50,B152PR,"OJ	0	00:09:04.445	Core 04	2026.06.04 11:50:00   [SRJ-IND] B152PR sym=USDJPY bar=2026.06.04 11:45 z1=256,B,157.172,157.178,2026.05.12 01:25,1,2026.05.12 08:55,157.714,156.726"
1037,JUNE0525-B162,1617DC1ACCE6B50ED2D1359582A70A8B8503C569623EE90C18C6B33542796207,Tester/logs/20261011.log,983754,2026-06-04,11:50,B152PR,"QO	0	00:09:04.445	Core 04	2026.06.04 11:50:00   [SRJ-IND] B152PR sym=USDJPY bar=2026.06.04 11:45 z1=261,B,157.184,157.192,2026.05.12 03:00,1,2026.05.12 08:55,157.714,156.726"
1038,JUNE0525-B162,1617DC1ACCE6B50ED2D1359582A70A8B8503C569623EE90C18C6B33542796207,Tester/logs/20261011.log,983755,2026-06-04,11:50,B152PR,"EQ	0	00:09:04.445	Core 04	2026.06.04 11:50:00   [SRJ-IND] B152PR sym=USDJPY bar=2026.06.04 11:45 z1=313,B,157.331,157.497,2026.05.12 10:00,1,2026.05.12 10:10,157.546,157.487"
1039,JUNE0525-B162,1617DC1ACCE6B50ED2D1359582A70A8B8503C569623EE90C18C6B33542796207,Tester/logs/20261011.log,983756,2026-06-04,11:50,B152PR,"PK	0	00:09:04.445	Core 04	2026.06.04 11:50:00   [SRJ-IND] B152PR sym=USDJPY bar=2026.06.04 11:45 z1=414,B,157.517,157.589,2026.05.13 01:10,1,2026.05.13 01:20,157.607,157.587"
1040,JUNE0525-B162,1617DC1ACCE6B50ED2D1359582A70A8B8503C569623EE90C18C6B33542796207,Tester/logs/20261011.log,983757,2026-06-04,11:50,B152PR,"CM	0	00:09:04.445	Core 04	2026.06.04 11:50:00   [SRJ-IND] B152PR sym=USDJPY bar=2026.06.04 11:45 z1=447,B,157.562,157.648,2026.05.13 06:20,1,2026.05.13 06:25,157.662,157.648"
1041,JUNE0525-B162,1617DC1ACCE6B50ED2D1359582A70A8B8503C569623EE90C18C6B33542796207,Tester/logs/20261011.log,983758,2026-06-04,11:50,B152PR,"LG	0	00:09:04.445	Core 04	2026.06.04 11:50:00   [SRJ-IND] B152PR sym=USDJPY bar=2026.06.04 11:45 z1=449,B,157.599,157.654,2026.05.13 05:15,1,2026.05.13 05:45,157.687,157.652"
1042,JUNE0525-B162,1617DC1ACCE6B50ED2D1359582A70A8B8503C569623EE90C18C6B33542796207,Tester/logs/20261011.log,983759,2026-06-04,11:50,B152PR,"EI	0	00:09:04.445	Core 04	2026.06.04 11:50:00   [SRJ-IND] B152PR sym=USDJPY bar=2026.06.04 11:45 z1=460,B,157.645,157.660,2026.05.13 07:05,1,2026.05.14 00:25,157.812,157.650"
1043,JUNE0525-B162,1617DC1ACCE6B50ED2D1359582A70A8B8503C569623EE90C18C6B33542796207,Tester/logs/20261011.log,983760,2026-06-04,11:50,B152PR,"ES	0	00:09:04.445	Core 04	2026.06.04 11:50:00   [SRJ-IND] B152PR sym=USDJPY bar=2026.06.04 11:45 z1=696,B,157.568,158.167,2026.05.14 18:05,1,2026.05.14 18:10,158.191,158.119"
1044,JUNE0525-B162,1617DC1ACCE6B50ED2D1359582A70A8B8503C569623EE90C18C6B33542796207,Tester/logs/20261011.log,983761,2026-06-04,11:50,B152PR,"ME	0	00:09:04.445	Core 04	2026.06.04 11:50:00   [SRJ-IND] B152PR sym=USDJPY bar=2026.06.04 11:45 z1=714,B,158.107,158.142,2026.05.14 19:30,1,2026.05.14 20:00,158.169,158.142"
1045,JUNE0525-B162,1617DC1ACCE6B50ED2D1359582A70A8B8503C569623EE90C18C6B33542796207,Tester/logs/20261011.log,983762,2026-06-04,11:50,B152PR,"DN	0	00:09:04.445	Core 04	2026.06.04 11:50:00   [SRJ-IND] B152PR sym=USDJPY bar=2026.06.04 11:45 z1=724,B,158.168,158.186,2026.05.14 21:00,1,2026.05.14 21:05,158.191,158.182"
1046,JUNE0525-B162,1617DC1ACCE6B50ED2D1359582A70A8B8503C569623EE90C18C6B33542796207,Tester/logs/20261011.log,983763,2026-06-04,11:50,B152PR,"JS	0	00:09:04.445	Core 04	2026.06.04 11:50:00   [SRJ-IND] B152PR sym=USDJPY bar=2026.06.04 11:45 z1=1405,B,158.735,158.769,2026.05.20 19:00,1,2026.05.20 19:05,158.816,158.753"
1047,JUNE0525-B162,1617DC1ACCE6B50ED2D1359582A70A8B8503C569623EE90C18C6B33542796207,Tester/logs/20261011.log,983764,2026-06-04,11:50,B152PR,"LI	0	00:09:04.445	Core 04	2026.06.04 11:50:00   [SRJ-IND] B152PR sym=USDJPY bar=2026.06.04 11:45 z1=1779,B,158.756,158.800,2026.05.25 06:45,1,2026.05.26 00:00,158.887,158.784"
1048,JUNE0525-B162,1617DC1ACCE6B50ED2D1359582A70A8B8503C569623EE90C18C6B33542796207,Tester/logs/20261011.log,983765,2026-06-04,11:50,B152PR,"QO	0	00:09:04.445	Core 04	2026.06.04 11:50:00   [SRJ-IND] B152PR sym=USDJPY bar=2026.06.04 11:45 z1=1780,B,158.789,158.814,2026.05.25 04:50,1,2026.05.26 00:00,158.887,158.784"
1049,JUNE0525-B162,1617DC1ACCE6B50ED2D1359582A70A8B8503C569623EE90C18C6B33542796207,Tester/logs/20261011.log,983766,2026-06-04,11:50,B152PR,"HE	0	00:09:04.445	Core 04	2026.06.04 11:50:00   [SRJ-IND] B152PR sym=USDJPY bar=2026.06.04 11:45 z1=1949,B,158.916,158.934,2026.05.26 07:25,1,2026.05.26 07:30,158.942,158.934"
1050,JUNE0525-B162,1617DC1ACCE6B50ED2D1359582A70A8B8503C569623EE90C18C6B33542796207,Tester/logs/20261011.log,983767,2026-06-04,11:50,B152PR,"QK	0	00:09:04.445	Core 04	2026.06.04 11:50:00   [SRJ-IND] B152PR sym=USDJPY bar=2026.06.04 11:45 z1=2509,B,159.134,159.195,2026.05.29 19:10,1,2026.05.29 19:35,159.215,159.186"
1051,JUNE0525-B162,1617DC1ACCE6B50ED2D1359582A70A8B8503C569623EE90C18C6B33542796207,Tester/logs/20261011.log,983768,2026-06-04,11:50,B152PR,"PQ	0	00:09:04.445	Core 04	2026.06.04 11:50:00   [SRJ-IND] B152PR sym=USDJPY bar=2026.06.04 11:45 z1=2566,B,159.382,159.407,2026.06.01 03:15,1,2026.06.03 11:30,159.790,159.368"
1052,JUNE0525-B162,1617DC1ACCE6B50ED2D1359582A70A8B8503C569623EE90C18C6B33542796207,Tester/logs/20261011.log,983769,2026-06-04,11:50,B152PR,"JG	0	00:09:04.445	Core 04	2026.06.04 11:50:00   [SRJ-IND] B152PR sym=USDJPY bar=2026.06.04 11:45 z1=2648,B,159.435,159.481,2026.06.01 16:00,1,2026.06.03 11:30,159.790,159.368"
1053,JUNE0525-B162,1617DC1ACCE6B50ED2D1359582A70A8B8503C569623EE90C18C6B33542796207,Tester/logs/20261011.log,983770,2026-06-04,11:50,B152PR,"MM	0	00:09:04.445	Core 04	2026.06.04 11:50:00   [SRJ-IND] B152PR sym=USDJPY bar=2026.06.04 11:45 z1=2716,B,159.576,159.603,2026.06.02 03:10,1,2026.06.03 10:35,159.787,159.550"
1054,JUNE0525-B162,1617DC1ACCE6B50ED2D1359582A70A8B8503C569623EE90C18C6B33542796207,Tester/logs/20261011.log,983771,2026-06-04,11:50,B152PR,"CS	0	00:09:04.445	Core 04	2026.06.04 11:50:00   [SRJ-IND] B152PR sym=USDJPY bar=2026.06.04 11:45 z1=2720,B,159.586,159.605,2026.06.02 01:05,1,2026.06.03 10:35,159.787,159.550"
1055,JUNE0525-B162,1617DC1ACCE6B50ED2D1359582A70A8B8503C569623EE90C18C6B33542796207,Tester/logs/20261011.log,983772,2026-06-04,11:50,B152PR,"GI	0	00:09:04.445	Core 04	2026.06.04 11:50:00   [SRJ-IND] B152PR sym=USDJPY bar=2026.06.04 11:45 z1=2945,B,159.579,159.675,2026.06.03 11:15,1,2026.06.03 11:25,159.727,159.674"
1056,JUNE0525-B162,1617DC1ACCE6B50ED2D1359582A70A8B8503C569623EE90C18C6B33542796207,Tester/logs/20261011.log,983773,2026-06-04,11:50,B152PR,"KO	0	00:09:04.445	Core 04	2026.06.04 11:50:00   [SRJ-IND] B152PR sym=USDJPY bar=2026.06.04 11:45 z1=3099,B,159.797,159.868,2026.06.04 08:15,1,2026.06.04 08:50,159.895,159.859"
1057,JUNE0525-B162,1617DC1ACCE6B50ED2D1359582A70A8B8503C569623EE90C18C6B33542796207,Tester/logs/20261011.log,983774,2026-06-04,11:50,B152PR,"PG	0	00:09:04.445	Core 04	2026.06.04 11:50:00   [SRJ-IND] B152PR sym=USDJPY bar=2026.06.04 11:45 bull=1 bear=0 nz=24"
1058,JUNE0525-B162,1617DC1ACCE6B50ED2D1359582A70A8B8503C569623EE90C18C6B33542796207,Tester/logs/20261011.log,983775,2026-06-04,11:50,B162ORIGIN,"ML	0	00:09:04.445	Core 04	2026.06.04 11:50:00   [SRJ-IND] B162ORIGIN sym=USDJPY bar=2026.06.04 11:45 side=B n=24 origin=3099 range=159.797-159.868 formT=2026.06.04 07:40 set=65,78,212,256,261,313,414,447,449,460,696,714,724,1405,1779,1780,1949,2509,2566,2648,2716,2720,2945,3099"
1059,JUNE0525-B162,1617DC1ACCE6B50ED2D1359582A70A8B8503C569623EE90C18C6B33542796207,Tester/logs/20261011.log,983776,2026-06-04,11:50,B162ORIGIN,"NK	0	00:09:04.445	Core 04	2026.06.04 11:50:00   [SRJ-IND] B162ORIGIN sym=USDJPY bar=2026.06.04 11:45 side=S n=0 origin=NONE range=- formT=- set=-"
1060,JUNE0525-B162,1617DC1ACCE6B50ED2D1359582A70A8B8503C569623EE90C18C6B33542796207,Tester/logs/20261011.log,983782,2026-06-04,11:50,CONFIRMPOLL,"ED	0	00:09:04.445	Core 04	2026.06.04 11:50:00   [SRJ-EA] CONFIRMPOLL bar=2026.06.04 11:45 anchor=Daily-POC dir=LONG oppCandle=0 bodyDir=0 body=10pts doji=0 touchAttr=1 confirm=0 shadow=true"
1061,JUNE0525-B162,1617DC1ACCE6B50ED2D1359582A70A8B8503C569623EE90C18C6B33542796207,Tester/logs/20261011.log,983784,2026-06-04,11:50,STATE,"DN	0	00:09:04.445	Core 04	2026.06.04 11:50:00   [SRJ-EA] 2026.06.04 11:50:00 STATE S1_REGIME->S2_LTF_ALIGN dir=LONG poi=Daily-POC"
1062,JUNE0525-B162,1617DC1ACCE6B50ED2D1359582A70A8B8503C569623EE90C18C6B33542796207,Tester/logs/20261011.log,983787,2026-06-04,11:50,ABORT,"DS	0	00:09:04.445	Core 04	2026.06.04 11:50:00   [SRJ-EA] 2026.06.04 11:50:00 ABORT reason=SEEDBIAS_REFUSED state=S2_LTF_ALIGN poi=Daily-POC dir=LONG"
1063,JUNE0525-B162,1617DC1ACCE6B50ED2D1359582A70A8B8503C569623EE90C18C6B33542796207,Tester/logs/20261011.log,983788,2026-06-04,11:50,A6REFUSED,"HQ	0	00:09:04.445	Core 04	2026.06.04 11:50:00   [SRJ-EA] A6REFUSED class=ABSENT_DECLINED bar=2026.06.04 11:50 state=S2_LTF_ALIGN dir=LONG predicate=SEEDBIAS_REFUSED"
1064,JUNE0525-B162,1617DC1ACCE6B50ED2D1359582A70A8B8503C569623EE90C18C6B33542796207,Tester/logs/20261011.log,983789,2026-06-04,11:50,STATE,"LK	0	00:09:04.445	Core 04	2026.06.04 11:50:00   [SRJ-EA] 2026.06.04 11:50:00 STATE S2_LTF_ALIGN->ABORT dir=LONG poi=Daily-POC"
1065,JUNE0525-B162,1617DC1ACCE6B50ED2D1359582A70A8B8503C569623EE90C18C6B33542796207,Tester/logs/20261011.log,983792,2026-06-04,11:55,B152PR,"GH	0	00:09:04.445	Core 04	2026.06.04 11:55:09   [SRJ-IND] B152PR sym=USDJPY bar=2026.06.04 11:50 z1=65,B,156.672,156.773,2026.05.11 04:10,1,2026.05.12 08:55,157.714,156.726"
1066,JUNE0525-B162,1617DC1ACCE6B50ED2D1359582A70A8B8503C569623EE90C18C6B33542796207,Tester/logs/20261011.log,983793,2026-06-04,11:55,B152PR,"ON	0	00:09:04.445	Core 04	2026.06.04 11:55:09   [SRJ-IND] B152PR sym=USDJPY bar=2026.06.04 11:50 z1=78,B,156.578,156.584,2026.05.11 00:35,1,2026.05.11 00:40,156.644,156.537"
1067,JUNE0525-B162,1617DC1ACCE6B50ED2D1359582A70A8B8503C569623EE90C18C6B33542796207,Tester/logs/20261011.log,983794,2026-06-04,11:55,B152PR,"IG	0	00:09:04.445	Core 04	2026.06.04 11:55:09   [SRJ-IND] B152PR sym=USDJPY bar=2026.06.04 11:50 z1=212,B,157.028,157.060,2026.05.11 19:20,1,2026.05.12 00:00,157.152,157.050"
1068,JUNE0525-B162,1617DC1ACCE6B50ED2D1359582A70A8B8503C569623EE90C18C6B33542796207,Tester/logs/20261011.log,983795,2026-06-04,11:55,B152PR,"MH	0	00:09:04.445	Core 04	2026.06.04 11:55:09   [SRJ-IND] B152PR sym=USDJPY bar=2026.06.04 11:50 z1=256,B,157.172,157.178,2026.05.12 01:25,1,2026.05.12 08:55,157.714,156.726"
1069,JUNE0525-B162,1617DC1ACCE6B50ED2D1359582A70A8B8503C569623EE90C18C6B33542796207,Tester/logs/20261011.log,983796,2026-06-04,11:55,B152PR,"GR	0	00:09:04.445	Core 04	2026.06.04 11:55:09   [SRJ-IND] B152PR sym=USDJPY bar=2026.06.04 11:50 z1=261,B,157.184,157.192,2026.05.12 03:00,1,2026.05.12 08:55,157.714,156.726"
1070,JUNE0525-B162,1617DC1ACCE6B50ED2D1359582A70A8B8503C569623EE90C18C6B33542796207,Tester/logs/20261011.log,983797,2026-06-04,11:55,B152PR,"OD	0	00:09:04.445	Core 04	2026.06.04 11:55:09   [SRJ-IND] B152PR sym=USDJPY bar=2026.06.04 11:50 z1=313,B,157.331,157.497,2026.05.12 10:00,1,2026.05.12 10:10,157.546,157.487"
1071,JUNE0525-B162,1617DC1ACCE6B50ED2D1359582A70A8B8503C569623EE90C18C6B33542796207,Tester/logs/20261011.log,983798,2026-06-04,11:55,B152PR,"JN	0	00:09:04.445	Core 04	2026.06.04 11:55:09   [SRJ-IND] B152PR sym=USDJPY bar=2026.06.04 11:50 z1=414,B,157.517,157.589,2026.05.13 01:10,1,2026.05.13 01:20,157.607,157.587"
1072,JUNE0525-B162,1617DC1ACCE6B50ED2D1359582A70A8B8503C569623EE90C18C6B33542796207,Tester/logs/20261011.log,983799,2026-06-04,11:55,B152PR,"IP	0	00:09:04.445	Core 04	2026.06.04 11:55:09   [SRJ-IND] B152PR sym=USDJPY bar=2026.06.04 11:50 z1=447,B,157.562,157.648,2026.05.13 06:20,1,2026.05.13 06:25,157.662,157.648"
1073,JUNE0525-B162,1617DC1ACCE6B50ED2D1359582A70A8B8503C569623EE90C18C6B33542796207,Tester/logs/20261011.log,983800,2026-06-04,11:55,B152PR,"FJ	0	00:09:04.445	Core 04	2026.06.04 11:55:09   [SRJ-IND] B152PR sym=USDJPY bar=2026.06.04 11:50 z1=449,B,157.599,157.654,2026.05.13 05:15,1,2026.05.13 05:45,157.687,157.652"
1074,JUNE0525-B162,1617DC1ACCE6B50ED2D1359582A70A8B8503C569623EE90C18C6B33542796207,Tester/logs/20261011.log,983801,2026-06-04,11:55,B152PR,"OL	0	00:09:04.445	Core 04	2026.06.04 11:55:09   [SRJ-IND] B152PR sym=USDJPY bar=2026.06.04 11:50 z1=460,B,157.645,157.660,2026.05.13 07:05,1,2026.05.14 00:25,157.812,157.650"
1075,JUNE0525-B162,1617DC1ACCE6B50ED2D1359582A70A8B8503C569623EE90C18C6B33542796207,Tester/logs/20261011.log,983802,2026-06-04,11:55,B152PR,"KF	0	00:09:04.445	Core 04	2026.06.04 11:55:09   [SRJ-IND] B152PR sym=USDJPY bar=2026.06.04 11:50 z1=696,B,157.568,158.167,2026.05.14 18:05,1,2026.05.14 18:10,158.191,158.119"
1076,JUNE0525-B162,1617DC1ACCE6B50ED2D1359582A70A8B8503C569623EE90C18C6B33542796207,Tester/logs/20261011.log,983803,2026-06-04,11:55,B152PR,"OK	0	00:09:04.445	Core 04	2026.06.04 11:55:09   [SRJ-IND] B152PR sym=USDJPY bar=2026.06.04 11:50 z1=714,B,158.107,158.142,2026.05.14 19:30,1,2026.05.14 20:00,158.169,158.142"
1077,JUNE0525-B162,1617DC1ACCE6B50ED2D1359582A70A8B8503C569623EE90C18C6B33542796207,Tester/logs/20261011.log,983804,2026-06-04,11:55,B152PR,"NM	0	00:09:04.445	Core 04	2026.06.04 11:55:09   [SRJ-IND] B152PR sym=USDJPY bar=2026.06.04 11:50 z1=724,B,158.168,158.186,2026.05.14 21:00,1,2026.05.14 21:05,158.191,158.182"
1078,JUNE0525-B162,1617DC1ACCE6B50ED2D1359582A70A8B8503C569623EE90C18C6B33542796207,Tester/logs/20261011.log,983805,2026-06-04,11:55,B152PR,"LD	0	00:09:04.445	Core 04	2026.06.04 11:55:09   [SRJ-IND] B152PR sym=USDJPY bar=2026.06.04 11:50 z1=1405,B,158.735,158.769,2026.05.20 19:00,1,2026.05.20 19:05,158.816,158.753"
1079,JUNE0525-B162,1617DC1ACCE6B50ED2D1359582A70A8B8503C569623EE90C18C6B33542796207,Tester/logs/20261011.log,983806,2026-06-04,11:55,B152PR,"JJ	0	00:09:04.445	Core 04	2026.06.04 11:55:09   [SRJ-IND] B152PR sym=USDJPY bar=2026.06.04 11:50 z1=1779,B,158.756,158.800,2026.05.25 06:45,1,2026.05.26 00:00,158.887,158.784"
1080,JUNE0525-B162,1617DC1ACCE6B50ED2D1359582A70A8B8503C569623EE90C18C6B33542796207,Tester/logs/20261011.log,983807,2026-06-04,11:55,B152PR,"CP	0	00:09:04.445	Core 04	2026.06.04 11:55:09   [SRJ-IND] B152PR sym=USDJPY bar=2026.06.04 11:50 z1=1780,B,158.789,158.814,2026.05.25 04:50,1,2026.05.26 00:00,158.887,158.784"
1081,JUNE0525-B162,1617DC1ACCE6B50ED2D1359582A70A8B8503C569623EE90C18C6B33542796207,Tester/logs/20261011.log,983808,2026-06-04,11:55,B152PR,"NF	0	00:09:04.445	Core 04	2026.06.04 11:55:09   [SRJ-IND] B152PR sym=USDJPY bar=2026.06.04 11:50 z1=1949,B,158.916,158.934,2026.05.26 07:25,1,2026.05.26 07:30,158.942,158.934"
1082,JUNE0525-B162,1617DC1ACCE6B50ED2D1359582A70A8B8503C569623EE90C18C6B33542796207,Tester/logs/20261011.log,983809,2026-06-04,11:55,B152PR,"CL	0	00:09:04.445	Core 04	2026.06.04 11:55:09   [SRJ-IND] B152PR sym=USDJPY bar=2026.06.04 11:50 z1=2509,B,159.134,159.195,2026.05.29 19:10,1,2026.05.29 19:35,159.215,159.186"
1083,JUNE0525-B162,1617DC1ACCE6B50ED2D1359582A70A8B8503C569623EE90C18C6B33542796207,Tester/logs/20261011.log,983810,2026-06-04,11:55,B152PR,"FR	0	00:09:04.445	Core 04	2026.06.04 11:55:09   [SRJ-IND] B152PR sym=USDJPY bar=2026.06.04 11:50 z1=2566,B,159.382,159.407,2026.06.01 03:15,1,2026.06.03 11:30,159.790,159.368"
1084,JUNE0525-B162,1617DC1ACCE6B50ED2D1359582A70A8B8503C569623EE90C18C6B33542796207,Tester/logs/20261011.log,983811,2026-06-04,11:55,B152PR,"LH	0	00:09:04.445	Core 04	2026.06.04 11:55:09   [SRJ-IND] B152PR sym=USDJPY bar=2026.06.04 11:50 z1=2648,B,159.435,159.481,2026.06.01 16:00,1,2026.06.03 11:30,159.790,159.368"
1085,JUNE0525-B162,1617DC1ACCE6B50ED2D1359582A70A8B8503C569623EE90C18C6B33542796207,Tester/logs/20261011.log,983812,2026-06-04,11:55,B152PR,"GN	0	00:09:04.445	Core 04	2026.06.04 11:55:09   [SRJ-IND] B152PR sym=USDJPY bar=2026.06.04 11:50 z1=2716,B,159.576,159.603,2026.06.02 03:10,1,2026.06.03 10:35,159.787,159.550"
1086,JUNE0525-B162,1617DC1ACCE6B50ED2D1359582A70A8B8503C569623EE90C18C6B33542796207,Tester/logs/20261011.log,983813,2026-06-04,11:55,B152PR,"QD	0	00:09:04.445	Core 04	2026.06.04 11:55:09   [SRJ-IND] B152PR sym=USDJPY bar=2026.06.04 11:50 z1=2720,B,159.586,159.605,2026.06.02 01:05,1,2026.06.03 10:35,159.787,159.550"
1087,JUNE0525-B162,1617DC1ACCE6B50ED2D1359582A70A8B8503C569623EE90C18C6B33542796207,Tester/logs/20261011.log,983814,2026-06-04,11:55,B152PR,"MJ	0	00:09:04.445	Core 04	2026.06.04 11:55:09   [SRJ-IND] B152PR sym=USDJPY bar=2026.06.04 11:50 z1=2945,B,159.579,159.675,2026.06.03 11:15,1,2026.06.03 11:25,159.727,159.674"
1088,JUNE0525-B162,1617DC1ACCE6B50ED2D1359582A70A8B8503C569623EE90C18C6B33542796207,Tester/logs/20261011.log,983815,2026-06-04,11:55,B152PR,"IP	0	00:09:04.445	Core 04	2026.06.04 11:55:09   [SRJ-IND] B152PR sym=USDJPY bar=2026.06.04 11:50 z1=3099,B,159.797,159.868,2026.06.04 08:15,1,2026.06.04 08:50,159.895,159.859"
1089,JUNE0525-B162,1617DC1ACCE6B50ED2D1359582A70A8B8503C569623EE90C18C6B33542796207,Tester/logs/20261011.log,983816,2026-06-04,11:55,B152PR,"FD	0	00:09:04.445	Core 04	2026.06.04 11:55:09   [SRJ-IND] B152PR sym=USDJPY bar=2026.06.04 11:50 bull=1 bear=0 nz=24"
1090,JUNE0525-B162,1617DC1ACCE6B50ED2D1359582A70A8B8503C569623EE90C18C6B33542796207,Tester/logs/20261011.log,983817,2026-06-04,11:55,B162ORIGIN,"OI	0	00:09:04.445	Core 04	2026.06.04 11:55:09   [SRJ-IND] B162ORIGIN sym=USDJPY bar=2026.06.04 11:50 side=B n=24 origin=3099 range=159.797-159.868 formT=2026.06.04 07:40 set=65,78,212,256,261,313,414,447,449,460,696,714,724,1405,1779,1780,1949,2509,2566,2648,2716,2720,2945,3099"
1091,JUNE0525-B162,1617DC1ACCE6B50ED2D1359582A70A8B8503C569623EE90C18C6B33542796207,Tester/logs/20261011.log,983818,2026-06-04,11:55,B162ORIGIN,"PD	0	00:09:04.445	Core 04	2026.06.04 11:55:09   [SRJ-IND] B162ORIGIN sym=USDJPY bar=2026.06.04 11:50 side=S n=0 origin=NONE range=- formT=- set=-"
1092,JUNE0525-B162,1617DC1ACCE6B50ED2D1359582A70A8B8503C569623EE90C18C6B33542796207,Tester/logs/20261011.log,983825,2026-06-04,11:55,CONFIRMPOLL,"JS	0	00:09:04.445	Core 04	2026.06.04 11:55:09   [SRJ-EA] CONFIRMPOLL bar=2026.06.04 11:50 anchor=Daily-POC dir=SHORT oppCandle=0 bodyDir=1 body=3pts doji=0 touchAttr=1 confirm=0 shadow=true"
1093,JUNE0525-B162,1617DC1ACCE6B50ED2D1359582A70A8B8503C569623EE90C18C6B33542796207,Tester/logs/20261011.log,983827,2026-06-04,11:55,STATE,"DI	0	00:09:04.445	Core 04	2026.06.04 11:55:09   [SRJ-EA] 2026.06.04 11:55:09 STATE IDLE->S1_REGIME dir=SHORT poi=Daily-POC"
1094,JUNE0525-B162,1617DC1ACCE6B50ED2D1359582A70A8B8503C569623EE90C18C6B33542796207,Tester/logs/20261011.log,983828,2026-06-04,11:55,ANCHOR_ELECT,"QH	0	00:09:04.445	Core 04	2026.06.04 11:55:09   [SRJ-EA] ANCHOR_ELECT bar=2026.06.04 11:50 action=SEED poi=Daily-POC rank=10 tier=5 dir=SHORT"
1095,JUNE0525-B162,1617DC1ACCE6B50ED2D1359582A70A8B8503C569623EE90C18C6B33542796207,Tester/logs/20261011.log,983841,2026-06-04,12:00,B152PR,"PP	0	00:09:04.445	Core 04	2026.06.04 12:00:00   [SRJ-IND] B152PR sym=USDJPY bar=2026.06.04 11:55 z1=65,B,156.672,156.773,2026.05.11 04:10,1,2026.05.12 08:55,157.714,156.726"
1096,JUNE0525-B162,1617DC1ACCE6B50ED2D1359582A70A8B8503C569623EE90C18C6B33542796207,Tester/logs/20261011.log,983842,2026-06-04,12:00,B152PR,"PF	0	00:09:04.445	Core 04	2026.06.04 12:00:00   [SRJ-IND] B152PR sym=USDJPY bar=2026.06.04 11:55 z1=78,B,156.578,156.584,2026.05.11 00:35,1,2026.05.11 00:40,156.644,156.537"
1097,JUNE0525-B162,1617DC1ACCE6B50ED2D1359582A70A8B8503C569623EE90C18C6B33542796207,Tester/logs/20261011.log,983843,2026-06-04,12:00,B152PR,"RO	0	00:09:04.445	Core 04	2026.06.04 12:00:00   [SRJ-IND] B152PR sym=USDJPY bar=2026.06.04 11:55 z1=212,B,157.028,157.060,2026.05.11 19:20,1,2026.05.12 00:00,157.152,157.050"
1098,JUNE0525-B162,1617DC1ACCE6B50ED2D1359582A70A8B8503C569623EE90C18C6B33542796207,Tester/logs/20261011.log,983844,2026-06-04,12:00,B152PR,"RQ	0	00:09:04.445	Core 04	2026.06.04 12:00:00   [SRJ-IND] B152PR sym=USDJPY bar=2026.06.04 11:55 z1=256,B,157.172,157.178,2026.05.12 01:25,1,2026.05.12 08:55,157.714,156.726"
1099,JUNE0525-B162,1617DC1ACCE6B50ED2D1359582A70A8B8503C569623EE90C18C6B33542796207,Tester/logs/20261011.log,983845,2026-06-04,12:00,B152PR,"HK	0	00:09:04.445	Core 04	2026.06.04 12:00:00   [SRJ-IND] B152PR sym=USDJPY bar=2026.06.04 11:55 z1=261,B,157.184,157.192,2026.05.12 03:00,1,2026.05.12 08:55,157.714,156.726"
1100,JUNE0525-B162,1617DC1ACCE6B50ED2D1359582A70A8B8503C569623EE90C18C6B33542796207,Tester/logs/20261011.log,983846,2026-06-04,12:00,B152PR,"LM	0	00:09:04.445	Core 04	2026.06.04 12:00:00   [SRJ-IND] B152PR sym=USDJPY bar=2026.06.04 11:55 z1=313,B,157.331,157.497,2026.05.12 10:00,1,2026.05.12 10:10,157.546,157.487"
1101,JUNE0525-B162,1617DC1ACCE6B50ED2D1359582A70A8B8503C569623EE90C18C6B33542796207,Tester/logs/20261011.log,983847,2026-06-04,12:00,B152PR,"QF	0	00:09:04.445	Core 04	2026.06.04 12:00:00   [SRJ-IND] B152PR sym=USDJPY bar=2026.06.04 11:55 z1=414,B,157.517,157.589,2026.05.13 01:10,1,2026.05.13 01:20,157.607,157.587"
1102,JUNE0525-B162,1617DC1ACCE6B50ED2D1359582A70A8B8503C569623EE90C18C6B33542796207,Tester/logs/20261011.log,983848,2026-06-04,12:00,B152PR,"FH	0	00:09:04.445	Core 04	2026.06.04 12:00:00   [SRJ-IND] B152PR sym=USDJPY bar=2026.06.04 11:55 z1=447,B,157.562,157.648,2026.05.13 06:20,1,2026.05.13 06:25,157.662,157.648"
1103,JUNE0525-B162,1617DC1ACCE6B50ED2D1359582A70A8B8503C569623EE90C18C6B33542796207,Tester/logs/20261011.log,983849,2026-06-04,12:00,B152PR,"ER	0	00:09:04.445	Core 04	2026.06.04 12:00:00   [SRJ-IND] B152PR sym=USDJPY bar=2026.06.04 11:55 z1=449,B,157.599,157.654,2026.05.13 05:15,1,2026.05.13 05:45,157.687,157.652"
1104,JUNE0525-B162,1617DC1ACCE6B50ED2D1359582A70A8B8503C569623EE90C18C6B33542796207,Tester/logs/20261011.log,983850,2026-06-04,12:00,B152PR,"LD	0	00:09:04.445	Core 04	2026.06.04 12:00:00   [SRJ-IND] B152PR sym=USDJPY bar=2026.06.04 11:55 z1=460,B,157.645,157.660,2026.05.13 07:05,1,2026.05.14 00:25,157.812,157.650"
1105,JUNE0525-B162,1617DC1ACCE6B50ED2D1359582A70A8B8503C569623EE90C18C6B33542796207,Tester/logs/20261011.log,983851,2026-06-04,12:00,B152PR,"DN	0	00:09:04.445	Core 04	2026.06.04 12:00:00   [SRJ-IND] B152PR sym=USDJPY bar=2026.06.04 11:55 z1=696,B,157.568,158.167,2026.05.14 18:05,1,2026.05.14 18:10,158.191,158.119"
1106,JUNE0525-B162,1617DC1ACCE6B50ED2D1359582A70A8B8503C569623EE90C18C6B33542796207,Tester/logs/20261011.log,983852,2026-06-04,12:00,B152PR,"LP	0	00:09:04.445	Core 04	2026.06.04 12:00:00   [SRJ-IND] B152PR sym=USDJPY bar=2026.06.04 11:55 z1=714,B,158.107,158.142,2026.05.14 19:30,1,2026.05.14 20:00,158.169,158.142"
1107,JUNE0525-B162,1617DC1ACCE6B50ED2D1359582A70A8B8503C569623EE90C18C6B33542796207,Tester/logs/20261011.log,983853,2026-06-04,12:00,B152PR,"MJ	0	00:09:04.445	Core 04	2026.06.04 12:00:00   [SRJ-IND] B152PR sym=USDJPY bar=2026.06.04 11:55 z1=724,B,158.168,158.186,2026.05.14 21:00,1,2026.05.14 21:05,158.191,158.182"
1108,JUNE0525-B162,1617DC1ACCE6B50ED2D1359582A70A8B8503C569623EE90C18C6B33542796207,Tester/logs/20261011.log,983854,2026-06-04,12:00,B152PR,"OO	0	00:09:04.445	Core 04	2026.06.04 12:00:00   [SRJ-IND] B152PR sym=USDJPY bar=2026.06.04 11:55 z1=1405,B,158.735,158.769,2026.05.20 19:00,1,2026.05.20 19:05,158.816,158.753"
1109,JUNE0525-B162,1617DC1ACCE6B50ED2D1359582A70A8B8503C569623EE90C18C6B33542796207,Tester/logs/20261011.log,983855,2026-06-04,12:00,B152PR,"EE	0	00:09:04.445	Core 04	2026.06.04 12:00:00   [SRJ-IND] B152PR sym=USDJPY bar=2026.06.04 11:55 z1=1779,B,158.756,158.800,2026.05.25 06:45,1,2026.05.26 00:00,158.887,158.784"
1110,JUNE0525-B162,1617DC1ACCE6B50ED2D1359582A70A8B8503C569623EE90C18C6B33542796207,Tester/logs/20261011.log,983856,2026-06-04,12:00,B152PR,"HK	0	00:09:04.445	Core 04	2026.06.04 12:00:00   [SRJ-IND] B152PR sym=USDJPY bar=2026.06.04 11:55 z1=1780,B,158.789,158.814,2026.05.25 04:50,1,2026.05.26 00:00,158.887,158.784"
1111,JUNE0525-B162,1617DC1ACCE6B50ED2D1359582A70A8B8503C569623EE90C18C6B33542796207,Tester/logs/20261011.log,983857,2026-06-04,12:00,B152PR,"QQ	0	00:09:04.445	Core 04	2026.06.04 12:00:00   [SRJ-IND] B152PR sym=USDJPY bar=2026.06.04 11:55 z1=1949,B,158.916,158.934,2026.05.26 07:25,1,2026.05.26 07:30,158.942,158.934"
1112,JUNE0525-B162,1617DC1ACCE6B50ED2D1359582A70A8B8503C569623EE90C18C6B33542796207,Tester/logs/20261011.log,983858,2026-06-04,12:00,B152PR,"HG	0	00:09:04.445	Core 04	2026.06.04 12:00:00   [SRJ-IND] B152PR sym=USDJPY bar=2026.06.04 11:55 z1=2509,B,159.134,159.195,2026.05.29 19:10,1,2026.05.29 19:35,159.215,159.186"
1113,JUNE0525-B162,1617DC1ACCE6B50ED2D1359582A70A8B8503C569623EE90C18C6B33542796207,Tester/logs/20261011.log,983859,2026-06-04,12:00,B152PR,"IM	0	00:09:04.445	Core 04	2026.06.04 12:00:00   [SRJ-IND] B152PR sym=USDJPY bar=2026.06.04 11:55 z1=2566,B,159.382,159.407,2026.06.01 03:15,1,2026.06.03 11:30,159.790,159.368"
1114,JUNE0525-B162,1617DC1ACCE6B50ED2D1359582A70A8B8503C569623EE90C18C6B33542796207,Tester/logs/20261011.log,983860,2026-06-04,12:00,B152PR,"OS	0	00:09:04.445	Core 04	2026.06.04 12:00:00   [SRJ-IND] B152PR sym=USDJPY bar=2026.06.04 11:55 z1=2648,B,159.435,159.481,2026.06.01 16:00,1,2026.06.03 11:30,159.790,159.368"
1115,JUNE0525-B162,1617DC1ACCE6B50ED2D1359582A70A8B8503C569623EE90C18C6B33542796207,Tester/logs/20261011.log,983861,2026-06-04,12:00,B152PR,"DI	0	00:09:04.445	Core 04	2026.06.04 12:00:00   [SRJ-IND] B152PR sym=USDJPY bar=2026.06.04 11:55 z1=2716,B,159.576,159.603,2026.06.02 03:10,1,2026.06.03 10:35,159.787,159.550"
1116,JUNE0525-B162,1617DC1ACCE6B50ED2D1359582A70A8B8503C569623EE90C18C6B33542796207,Tester/logs/20261011.log,983862,2026-06-04,12:00,B152PR,"NO	0	00:09:04.445	Core 04	2026.06.04 12:00:00   [SRJ-IND] B152PR sym=USDJPY bar=2026.06.04 11:55 z1=2720,B,159.586,159.605,2026.06.02 01:05,1,2026.06.03 10:35,159.787,159.550"
1117,JUNE0525-B162,1617DC1ACCE6B50ED2D1359582A70A8B8503C569623EE90C18C6B33542796207,Tester/logs/20261011.log,983863,2026-06-04,12:00,B152PR,"RE	0	00:09:04.445	Core 04	2026.06.04 12:00:00   [SRJ-IND] B152PR sym=USDJPY bar=2026.06.04 11:55 z1=2945,B,159.579,159.675,2026.06.03 11:15,1,2026.06.03 11:25,159.727,159.674"
1118,JUNE0525-B162,1617DC1ACCE6B50ED2D1359582A70A8B8503C569623EE90C18C6B33542796207,Tester/logs/20261011.log,983864,2026-06-04,12:00,B152PR,"FK	0	00:09:04.445	Core 04	2026.06.04 12:00:00   [SRJ-IND] B152PR sym=USDJPY bar=2026.06.04 11:55 z1=3099,B,159.797,159.868,2026.06.04 08:15,1,2026.06.04 08:50,159.895,159.859"
1119,JUNE0525-B162,1617DC1ACCE6B50ED2D1359582A70A8B8503C569623EE90C18C6B33542796207,Tester/logs/20261011.log,983865,2026-06-04,12:00,B152PR,"IS	0	00:09:04.445	Core 04	2026.06.04 12:00:00   [SRJ-IND] B152PR sym=USDJPY bar=2026.06.04 11:55 bull=1 bear=0 nz=24"
1120,JUNE0525-B162,1617DC1ACCE6B50ED2D1359582A70A8B8503C569623EE90C18C6B33542796207,Tester/logs/20261011.log,983866,2026-06-04,12:00,B162ORIGIN,"LQ	0	00:09:04.445	Core 04	2026.06.04 12:00:00   [SRJ-IND] B162ORIGIN sym=USDJPY bar=2026.06.04 11:55 side=B n=24 origin=3099 range=159.797-159.868 formT=2026.06.04 07:40 set=65,78,212,256,261,313,414,447,449,460,696,714,724,1405,1779,1780,1949,2509,2566,2648,2716,2720,2945,3099"
1121,JUNE0525-B162,1617DC1ACCE6B50ED2D1359582A70A8B8503C569623EE90C18C6B33542796207,Tester/logs/20261011.log,983867,2026-06-04,12:00,B162ORIGIN,"KL	0	00:09:04.445	Core 04	2026.06.04 12:00:00   [SRJ-IND] B162ORIGIN sym=USDJPY bar=2026.06.04 11:55 side=S n=0 origin=NONE range=- formT=- set=-"
1122,JUNE0525-B162,1617DC1ACCE6B50ED2D1359582A70A8B8503C569623EE90C18C6B33542796207,Tester/logs/20261011.log,983874,2026-06-04,12:00,CONFIRMPOLL,"NQ	0	00:09:04.445	Core 04	2026.06.04 12:00:00   [SRJ-EA] CONFIRMPOLL bar=2026.06.04 11:55 anchor=Daily-POC dir=SHORT oppCandle=0 bodyDir=1 body=6pts doji=0 touchAttr=1 confirm=0 shadow=true"
1123,JUNE0525-B162,1617DC1ACCE6B50ED2D1359582A70A8B8503C569623EE90C18C6B33542796207,Tester/logs/20261011.log,984606,2026-06-04,14:00,B152PR,"HM	0	00:09:04.445	Core 04	2026.06.04 14:00:00   [SRJ-IND] B152PR sym=USDJPY bar=2026.06.04 13:55 z1=65,B,156.672,156.773,2026.05.11 04:10,1,2026.05.12 08:55,157.714,156.726"
1124,JUNE0525-B162,1617DC1ACCE6B50ED2D1359582A70A8B8503C569623EE90C18C6B33542796207,Tester/logs/20261011.log,984607,2026-06-04,14:00,B152PR,"PP	0	00:09:04.445	Core 04	2026.06.04 14:00:00   [SRJ-IND] B152PR sym=USDJPY bar=2026.06.04 13:55 z1=78,B,156.578,156.584,2026.05.11 00:35,1,2026.05.11 00:40,156.644,156.537"
1125,JUNE0525-B162,1617DC1ACCE6B50ED2D1359582A70A8B8503C569623EE90C18C6B33542796207,Tester/logs/20261011.log,984608,2026-06-04,14:00,B152PR,"JE	0	00:09:04.445	Core 04	2026.06.04 14:00:00   [SRJ-IND] B152PR sym=USDJPY bar=2026.06.04 13:55 z1=212,B,157.028,157.060,2026.05.11 19:20,1,2026.05.12 00:00,157.152,157.050"
1126,JUNE0525-B162,1617DC1ACCE6B50ED2D1359582A70A8B8503C569623EE90C18C6B33542796207,Tester/logs/20261011.log,984609,2026-06-04,14:00,B152PR,"JO	0	00:09:04.445	Core 04	2026.06.04 14:00:00   [SRJ-IND] B152PR sym=USDJPY bar=2026.06.04 13:55 z1=256,B,157.172,157.178,2026.05.12 01:25,1,2026.05.12 08:55,157.714,156.726"
1127,JUNE0525-B162,1617DC1ACCE6B50ED2D1359582A70A8B8503C569623EE90C18C6B33542796207,Tester/logs/20261011.log,984610,2026-06-04,14:00,B152PR,"HQ	0	00:09:04.445	Core 04	2026.06.04 14:00:00   [SRJ-IND] B152PR sym=USDJPY bar=2026.06.04 13:55 z1=261,B,157.184,157.192,2026.05.12 03:00,1,2026.05.12 08:55,157.714,156.726"
1128,JUNE0525-B162,1617DC1ACCE6B50ED2D1359582A70A8B8503C569623EE90C18C6B33542796207,Tester/logs/20261011.log,984611,2026-06-04,14:00,B152PR,"LK	0	00:09:04.445	Core 04	2026.06.04 14:00:00   [SRJ-IND] B152PR sym=USDJPY bar=2026.06.04 13:55 z1=313,B,157.331,157.497,2026.05.12 10:00,1,2026.05.12 10:10,157.546,157.487"
1129,JUNE0525-B162,1617DC1ACCE6B50ED2D1359582A70A8B8503C569623EE90C18C6B33542796207,Tester/logs/20261011.log,984612,2026-06-04,14:00,B152PR,"IM	0	00:09:04.445	Core 04	2026.06.04 14:00:00   [SRJ-IND] B152PR sym=USDJPY bar=2026.06.04 13:55 z1=414,B,157.517,157.589,2026.05.13 01:10,1,2026.05.13 01:20,157.607,157.587"
1130,JUNE0525-B162,1617DC1ACCE6B50ED2D1359582A70A8B8503C569623EE90C18C6B33542796207,Tester/logs/20261011.log,984613,2026-06-04,14:00,B152PR,"NG	0	00:09:04.445	Core 04	2026.06.04 14:00:00   [SRJ-IND] B152PR sym=USDJPY bar=2026.06.04 13:55 z1=447,B,157.562,157.648,2026.05.13 06:20,1,2026.05.13 06:25,157.662,157.648"
1131,JUNE0525-B162,1617DC1ACCE6B50ED2D1359582A70A8B8503C569623EE90C18C6B33542796207,Tester/logs/20261011.log,984614,2026-06-04,14:00,B152PR,"EH	0	00:09:04.445	Core 04	2026.06.04 14:00:00   [SRJ-IND] B152PR sym=USDJPY bar=2026.06.04 13:55 z1=449,B,157.599,157.654,2026.05.13 05:15,1,2026.05.13 05:45,157.687,157.652"
1132,JUNE0525-B162,1617DC1ACCE6B50ED2D1359582A70A8B8503C569623EE90C18C6B33542796207,Tester/logs/20261011.log,984615,2026-06-04,14:00,B152PR,"LR	0	00:09:04.445	Core 04	2026.06.04 14:00:00   [SRJ-IND] B152PR sym=USDJPY bar=2026.06.04 13:55 z1=460,B,157.645,157.660,2026.05.13 07:05,1,2026.05.14 00:25,157.812,157.650"
1133,JUNE0525-B162,1617DC1ACCE6B50ED2D1359582A70A8B8503C569623EE90C18C6B33542796207,Tester/logs/20261011.log,984616,2026-06-04,14:00,B152PR,"LD	0	00:09:04.445	Core 04	2026.06.04 14:00:00   [SRJ-IND] B152PR sym=USDJPY bar=2026.06.04 13:55 z1=696,B,157.568,158.167,2026.05.14 18:05,1,2026.05.14 18:10,158.191,158.119"
1134,JUNE0525-B162,1617DC1ACCE6B50ED2D1359582A70A8B8503C569623EE90C18C6B33542796207,Tester/logs/20261011.log,984617,2026-06-04,14:00,B152PR,"DN	0	00:09:04.445	Core 04	2026.06.04 14:00:00   [SRJ-IND] B152PR sym=USDJPY bar=2026.06.04 13:55 z1=714,B,158.107,158.142,2026.05.14 19:30,1,2026.05.14 20:00,158.169,158.142"
1135,JUNE0525-B162,1617DC1ACCE6B50ED2D1359582A70A8B8503C569623EE90C18C6B33542796207,Tester/logs/20261011.log,984618,2026-06-04,14:00,B152PR,"MP	0	00:09:04.445	Core 04	2026.06.04 14:00:00   [SRJ-IND] B152PR sym=USDJPY bar=2026.06.04 13:55 z1=724,B,158.168,158.186,2026.05.14 21:00,1,2026.05.14 21:05,158.191,158.182"
1136,JUNE0525-B162,1617DC1ACCE6B50ED2D1359582A70A8B8503C569623EE90C18C6B33542796207,Tester/logs/20261011.log,984619,2026-06-04,14:00,B152PR,"OI	0	00:09:04.445	Core 04	2026.06.04 14:00:00   [SRJ-IND] B152PR sym=USDJPY bar=2026.06.04 13:55 z1=1405,B,158.735,158.769,2026.05.20 19:00,1,2026.05.20 19:05,158.816,158.753"
1137,JUNE0525-B162,1617DC1ACCE6B50ED2D1359582A70A8B8503C569623EE90C18C6B33542796207,Tester/logs/20261011.log,984620,2026-06-04,14:00,B152PR,"EO	0	00:09:04.445	Core 04	2026.06.04 14:00:00   [SRJ-IND] B152PR sym=USDJPY bar=2026.06.04 13:55 z1=1779,B,158.756,158.800,2026.05.25 06:45,1,2026.05.26 00:00,158.887,158.784"
1138,JUNE0525-B162,1617DC1ACCE6B50ED2D1359582A70A8B8503C569623EE90C18C6B33542796207,Tester/logs/20261011.log,984621,2026-06-04,14:00,B152PR,"HE	0	00:09:04.445	Core 04	2026.06.04 14:00:00   [SRJ-IND] B152PR sym=USDJPY bar=2026.06.04 13:55 z1=1780,B,158.789,158.814,2026.05.25 04:50,1,2026.05.26 00:00,158.887,158.784"
1139,JUNE0525-B162,1617DC1ACCE6B50ED2D1359582A70A8B8503C569623EE90C18C6B33542796207,Tester/logs/20261011.log,984622,2026-06-04,14:00,B152PR,"QK	0	00:09:04.445	Core 04	2026.06.04 14:00:00   [SRJ-IND] B152PR sym=USDJPY bar=2026.06.04 13:55 z1=1949,B,158.916,158.934,2026.05.26 07:25,1,2026.05.26 07:30,158.942,158.934"
1140,JUNE0525-B162,1617DC1ACCE6B50ED2D1359582A70A8B8503C569623EE90C18C6B33542796207,Tester/logs/20261011.log,984623,2026-06-04,14:00,B152PR,"HQ	0	00:09:04.445	Core 04	2026.06.04 14:00:00   [SRJ-IND] B152PR sym=USDJPY bar=2026.06.04 13:55 z1=2509,B,159.134,159.195,2026.05.29 19:10,1,2026.05.29 19:35,159.215,159.186"
1141,JUNE0525-B162,1617DC1ACCE6B50ED2D1359582A70A8B8503C569623EE90C18C6B33542796207,Tester/logs/20261011.log,984624,2026-06-04,14:00,B152PR,"IG	0	00:09:04.445	Core 04	2026.06.04 14:00:00   [SRJ-IND] B152PR sym=USDJPY bar=2026.06.04 13:55 z1=2566,B,159.382,159.407,2026.06.01 03:15,1,2026.06.03 11:30,159.790,159.368"
1142,JUNE0525-B162,1617DC1ACCE6B50ED2D1359582A70A8B8503C569623EE90C18C6B33542796207,Tester/logs/20261011.log,984625,2026-06-04,14:00,B152PR,"OM	0	00:09:04.445	Core 04	2026.06.04 14:00:00   [SRJ-IND] B152PR sym=USDJPY bar=2026.06.04 13:55 z1=2648,B,159.435,159.481,2026.06.01 16:00,1,2026.06.03 11:30,159.790,159.368"
1143,JUNE0525-B162,1617DC1ACCE6B50ED2D1359582A70A8B8503C569623EE90C18C6B33542796207,Tester/logs/20261011.log,984626,2026-06-04,14:00,B152PR,"DS	0	00:09:04.445	Core 04	2026.06.04 14:00:00   [SRJ-IND] B152PR sym=USDJPY bar=2026.06.04 13:55 z1=2716,B,159.576,159.603,2026.06.02 03:10,1,2026.06.03 10:35,159.787,159.550"
1144,JUNE0525-B162,1617DC1ACCE6B50ED2D1359582A70A8B8503C569623EE90C18C6B33542796207,Tester/logs/20261011.log,984627,2026-06-04,14:00,B152PR,"NI	0	00:09:04.445	Core 04	2026.06.04 14:00:00   [SRJ-IND] B152PR sym=USDJPY bar=2026.06.04 13:55 z1=2720,B,159.586,159.605,2026.06.02 01:05,1,2026.06.03 10:35,159.787,159.550"
1145,JUNE0525-B162,1617DC1ACCE6B50ED2D1359582A70A8B8503C569623EE90C18C6B33542796207,Tester/logs/20261011.log,984628,2026-06-04,14:00,B152PR,"RO	0	00:09:04.445	Core 04	2026.06.04 14:00:00   [SRJ-IND] B152PR sym=USDJPY bar=2026.06.04 13:55 z1=2945,B,159.579,159.675,2026.06.03 11:15,1,2026.06.03 11:25,159.727,159.674"
1146,JUNE0525-B162,1617DC1ACCE6B50ED2D1359582A70A8B8503C569623EE90C18C6B33542796207,Tester/logs/20261011.log,984629,2026-06-04,14:00,B152PR,"FE	0	00:09:04.445	Core 04	2026.06.04 14:00:00   [SRJ-IND] B152PR sym=USDJPY bar=2026.06.04 13:55 z1=3099,B,159.797,159.868,2026.06.04 08:15,1,2026.06.04 08:50,159.895,159.859"
1147,JUNE0525-B162,1617DC1ACCE6B50ED2D1359582A70A8B8503C569623EE90C18C6B33542796207,Tester/logs/20261011.log,984630,2026-06-04,14:00,B152PR,"II	0	00:09:04.445	Core 04	2026.06.04 14:00:00   [SRJ-IND] B152PR sym=USDJPY bar=2026.06.04 13:55 bull=1 bear=0 nz=24"
1148,JUNE0525-B162,1617DC1ACCE6B50ED2D1359582A70A8B8503C569623EE90C18C6B33542796207,Tester/logs/20261011.log,984631,2026-06-04,14:00,B162ORIGIN,"DF	0	00:09:04.445	Core 04	2026.06.04 14:00:00   [SRJ-IND] B162ORIGIN sym=USDJPY bar=2026.06.04 13:55 side=B n=24 origin=3099 range=159.797-159.868 formT=2026.06.04 07:40 set=65,78,212,256,261,313,414,447,449,460,696,714,724,1405,1779,1780,1949,2509,2566,2648,2716,2720,2945,3099"
1149,JUNE0525-B162,1617DC1ACCE6B50ED2D1359582A70A8B8503C569623EE90C18C6B33542796207,Tester/logs/20261011.log,984632,2026-06-04,14:00,B162ORIGIN,"CQ	0	00:09:04.445	Core 04	2026.06.04 14:00:00   [SRJ-IND] B162ORIGIN sym=USDJPY bar=2026.06.04 13:55 side=S n=0 origin=NONE range=- formT=- set=-"
1150,JUNE0525-B162,1617DC1ACCE6B50ED2D1359582A70A8B8503C569623EE90C18C6B33542796207,Tester/logs/20261011.log,984637,2026-06-04,14:00,CQDRECHECK,"JS	0	00:09:04.445	Core 04	2026.06.04 14:00:00   [SRJ-EA] CQDRECHECK shift=2 passA=-2.0 passB=-2.0 diff=0 bar=2026.06.04 13:50 state=IDLE dir=NONE divLatch=0 hit1=0 hit2=596 mism=0"
1151,JUNE0525-B162,1617DC1ACCE6B50ED2D1359582A70A8B8503C569623EE90C18C6B33542796207,Tester/logs/20261011.log,984641,2026-06-04,14:05,B152PR,"FH	0	00:09:04.445	Core 04	2026.06.04 14:05:00   [SRJ-IND] B152PR sym=USDJPY bar=2026.06.04 14:00 z1=65,B,156.672,156.773,2026.05.11 04:10,1,2026.05.12 08:55,157.714,156.726"
1152,JUNE0525-B162,1617DC1ACCE6B50ED2D1359582A70A8B8503C569623EE90C18C6B33542796207,Tester/logs/20261011.log,984642,2026-06-04,14:05,B152PR,"FN	0	00:09:04.445	Core 04	2026.06.04 14:05:00   [SRJ-IND] B152PR sym=USDJPY bar=2026.06.04 14:00 z1=78,B,156.578,156.584,2026.05.11 00:35,1,2026.05.11 00:40,156.644,156.537"
1153,JUNE0525-B162,1617DC1ACCE6B50ED2D1359582A70A8B8503C569623EE90C18C6B33542796207,Tester/logs/20261011.log,984643,2026-06-04,14:05,B152PR,"DF	0	00:09:04.445	Core 04	2026.06.04 14:05:00   [SRJ-IND] B152PR sym=USDJPY bar=2026.06.04 14:00 z1=212,B,157.028,157.060,2026.05.11 19:20,1,2026.05.12 00:00,157.152,157.050"
1154,JUNE0525-B162,1617DC1ACCE6B50ED2D1359582A70A8B8503C569623EE90C18C6B33542796207,Tester/logs/20261011.log,984644,2026-06-04,14:05,B152PR,"DH	0	00:09:04.445	Core 04	2026.06.04 14:05:00   [SRJ-IND] B152PR sym=USDJPY bar=2026.06.04 14:00 z1=256,B,157.172,157.178,2026.05.12 01:25,1,2026.05.12 08:55,157.714,156.726"
1155,JUNE0525-B162,1617DC1ACCE6B50ED2D1359582A70A8B8503C569623EE90C18C6B33542796207,Tester/logs/20261011.log,984645,2026-06-04,14:05,B152PR,"NR	0	00:09:04.445	Core 04	2026.06.04 14:05:00   [SRJ-IND] B152PR sym=USDJPY bar=2026.06.04 14:00 z1=261,B,157.184,157.192,2026.05.12 03:00,1,2026.05.12 08:55,157.714,156.726"
1156,JUNE0525-B162,1617DC1ACCE6B50ED2D1359582A70A8B8503C569623EE90C18C6B33542796207,Tester/logs/20261011.log,984646,2026-06-04,14:05,B152PR,"JD	0	00:09:04.445	Core 04	2026.06.04 14:05:00   [SRJ-IND] B152PR sym=USDJPY bar=2026.06.04 14:00 z1=313,B,157.331,157.497,2026.05.12 10:00,1,2026.05.12 10:10,157.546,157.487"
1157,JUNE0525-B162,1617DC1ACCE6B50ED2D1359582A70A8B8503C569623EE90C18C6B33542796207,Tester/logs/20261011.log,984647,2026-06-04,14:05,B152PR,"CN	0	00:09:04.445	Core 04	2026.06.04 14:05:00   [SRJ-IND] B152PR sym=USDJPY bar=2026.06.04 14:00 z1=414,B,157.517,157.589,2026.05.13 01:10,1,2026.05.13 01:20,157.607,157.587"
1158,JUNE0525-B162,1617DC1ACCE6B50ED2D1359582A70A8B8503C569623EE90C18C6B33542796207,Tester/logs/20261011.log,984648,2026-06-04,14:05,B152PR,"PP	0	00:09:04.445	Core 04	2026.06.04 14:05:00   [SRJ-IND] B152PR sym=USDJPY bar=2026.06.04 14:00 z1=447,B,157.562,157.648,2026.05.13 06:20,1,2026.05.13 06:25,157.662,157.648"
1159,JUNE0525-B162,1617DC1ACCE6B50ED2D1359582A70A8B8503C569623EE90C18C6B33542796207,Tester/logs/20261011.log,984649,2026-06-04,14:05,B152PR,"OJ	0	00:09:04.445	Core 04	2026.06.04 14:05:00   [SRJ-IND] B152PR sym=USDJPY bar=2026.06.04 14:00 z1=449,B,157.599,157.654,2026.05.13 05:15,1,2026.05.13 05:45,157.687,157.652"
1160,JUNE0525-B162,1617DC1ACCE6B50ED2D1359582A70A8B8503C569623EE90C18C6B33542796207,Tester/logs/20261011.log,984650,2026-06-04,14:05,B152PR,"JL	0	00:09:04.445	Core 04	2026.06.04 14:05:00   [SRJ-IND] B152PR sym=USDJPY bar=2026.06.04 14:00 z1=460,B,157.645,157.660,2026.05.13 07:05,1,2026.05.14 00:25,157.812,157.650"
1161,JUNE0525-B162,1617DC1ACCE6B50ED2D1359582A70A8B8503C569623EE90C18C6B33542796207,Tester/logs/20261011.log,984651,2026-06-04,14:05,B152PR,"RQ	0	00:09:04.445	Core 04	2026.06.04 14:05:00   [SRJ-IND] B152PR sym=USDJPY bar=2026.06.04 14:00 z1=696,B,157.568,158.167,2026.05.14 18:05,1,2026.05.14 18:10,158.191,158.119"
1162,JUNE0525-B162,1617DC1ACCE6B50ED2D1359582A70A8B8503C569623EE90C18C6B33542796207,Tester/logs/20261011.log,984652,2026-06-04,14:05,B152PR,"JK	0	00:09:04.445	Core 04	2026.06.04 14:05:00   [SRJ-IND] B152PR sym=USDJPY bar=2026.06.04 14:00 z1=714,B,158.107,158.142,2026.05.14 19:30,1,2026.05.14 20:00,158.169,158.142"
1163,JUNE0525-B162,1617DC1ACCE6B50ED2D1359582A70A8B8503C569623EE90C18C6B33542796207,Tester/logs/20261011.log,984653,2026-06-04,14:05,B152PR,"GM	0	00:09:04.445	Core 04	2026.06.04 14:05:00   [SRJ-IND] B152PR sym=USDJPY bar=2026.06.04 14:00 z1=724,B,158.168,158.186,2026.05.14 21:00,1,2026.05.14 21:05,158.191,158.182"
1164,JUNE0525-B162,1617DC1ACCE6B50ED2D1359582A70A8B8503C569623EE90C18C6B33542796207,Tester/logs/20261011.log,984654,2026-06-04,14:05,B152PR,"ED	0	00:09:04.445	Core 04	2026.06.04 14:05:00   [SRJ-IND] B152PR sym=USDJPY bar=2026.06.04 14:00 z1=1405,B,158.735,158.769,2026.05.20 19:00,1,2026.05.20 19:05,158.816,158.753"
1165,JUNE0525-B162,1617DC1ACCE6B50ED2D1359582A70A8B8503C569623EE90C18C6B33542796207,Tester/logs/20261011.log,984655,2026-06-04,14:05,B152PR,"OJ	0	00:09:04.445	Core 04	2026.06.04 14:05:00   [SRJ-IND] B152PR sym=USDJPY bar=2026.06.04 14:00 z1=1779,B,158.756,158.800,2026.05.25 06:45,1,2026.05.26 00:00,158.887,158.784"
1166,JUNE0525-B162,1617DC1ACCE6B50ED2D1359582A70A8B8503C569623EE90C18C6B33542796207,Tester/logs/20261011.log,984656,2026-06-04,14:05,B152PR,"NP	0	00:09:04.445	Core 04	2026.06.04 14:05:00   [SRJ-IND] B152PR sym=USDJPY bar=2026.06.04 14:00 z1=1780,B,158.789,158.814,2026.05.25 04:50,1,2026.05.26 00:00,158.887,158.784"
1167,JUNE0525-B162,1617DC1ACCE6B50ED2D1359582A70A8B8503C569623EE90C18C6B33542796207,Tester/logs/20261011.log,984657,2026-06-04,14:05,B152PR,"CF	0	00:09:04.445	Core 04	2026.06.04 14:05:00   [SRJ-IND] B152PR sym=USDJPY bar=2026.06.04 14:00 z1=1949,B,158.916,158.934,2026.05.26 07:25,1,2026.05.26 07:30,158.942,158.934"
1168,JUNE0525-B162,1617DC1ACCE6B50ED2D1359582A70A8B8503C569623EE90C18C6B33542796207,Tester/logs/20261011.log,984658,2026-06-04,14:05,B152PR,"NL	0	00:09:04.445	Core 04	2026.06.04 14:05:00   [SRJ-IND] B152PR sym=USDJPY bar=2026.06.04 14:00 z1=2509,B,159.134,159.195,2026.05.29 19:10,1,2026.05.29 19:35,159.215,159.186"
1169,JUNE0525-B162,1617DC1ACCE6B50ED2D1359582A70A8B8503C569623EE90C18C6B33542796207,Tester/logs/20261011.log,984659,2026-06-04,14:05,B152PR,"KR	0	00:09:04.445	Core 04	2026.06.04 14:05:00   [SRJ-IND] B152PR sym=USDJPY bar=2026.06.04 14:00 z1=2566,B,159.382,159.407,2026.06.01 03:15,1,2026.06.03 11:30,159.790,159.368"
1170,JUNE0525-B162,1617DC1ACCE6B50ED2D1359582A70A8B8503C569623EE90C18C6B33542796207,Tester/logs/20261011.log,984660,2026-06-04,14:05,B152PR,"EH	0	00:09:04.445	Core 04	2026.06.04 14:05:00   [SRJ-IND] B152PR sym=USDJPY bar=2026.06.04 14:00 z1=2648,B,159.435,159.481,2026.06.01 16:00,1,2026.06.03 11:30,159.790,159.368"
1171,JUNE0525-B162,1617DC1ACCE6B50ED2D1359582A70A8B8503C569623EE90C18C6B33542796207,Tester/logs/20261011.log,984661,2026-06-04,14:05,B152PR,"RN	0	00:09:04.445	Core 04	2026.06.04 14:05:00   [SRJ-IND] B152PR sym=USDJPY bar=2026.06.04 14:00 z1=2716,B,159.576,159.603,2026.06.02 03:10,1,2026.06.03 10:35,159.787,159.550"
1172,JUNE0525-B162,1617DC1ACCE6B50ED2D1359582A70A8B8503C569623EE90C18C6B33542796207,Tester/logs/20261011.log,984662,2026-06-04,14:05,B152PR,"HD	0	00:09:04.445	Core 04	2026.06.04 14:05:00   [SRJ-IND] B152PR sym=USDJPY bar=2026.06.04 14:00 z1=2720,B,159.586,159.605,2026.06.02 01:05,1,2026.06.03 10:35,159.787,159.550"
1173,JUNE0525-B162,1617DC1ACCE6B50ED2D1359582A70A8B8503C569623EE90C18C6B33542796207,Tester/logs/20261011.log,984663,2026-06-04,14:05,B152PR,"DJ	0	00:09:04.445	Core 04	2026.06.04 14:05:00   [SRJ-IND] B152PR sym=USDJPY bar=2026.06.04 14:00 z1=2945,B,159.579,159.675,2026.06.03 11:15,1,2026.06.03 11:25,159.727,159.674"
1174,JUNE0525-B162,1617DC1ACCE6B50ED2D1359582A70A8B8503C569623EE90C18C6B33542796207,Tester/logs/20261011.log,984664,2026-06-04,14:05,B152PR,"PP	0	00:09:04.445	Core 04	2026.06.04 14:05:00   [SRJ-IND] B152PR sym=USDJPY bar=2026.06.04 14:00 z1=3099,B,159.797,159.868,2026.06.04 08:15,1,2026.06.04 08:50,159.895,159.859"
1175,JUNE0525-B162,1617DC1ACCE6B50ED2D1359582A70A8B8503C569623EE90C18C6B33542796207,Tester/logs/20261011.log,984665,2026-06-04,14:05,B152PR,"KD	0	00:09:04.445	Core 04	2026.06.04 14:05:00   [SRJ-IND] B152PR sym=USDJPY bar=2026.06.04 14:00 bull=1 bear=0 nz=24"
1176,JUNE0525-B162,1617DC1ACCE6B50ED2D1359582A70A8B8503C569623EE90C18C6B33542796207,Tester/logs/20261011.log,984666,2026-06-04,14:05,B162ORIGIN,"JI	0	00:09:04.445	Core 04	2026.06.04 14:05:00   [SRJ-IND] B162ORIGIN sym=USDJPY bar=2026.06.04 14:00 side=B n=24 origin=3099 range=159.797-159.868 formT=2026.06.04 07:40 set=65,78,212,256,261,313,414,447,449,460,696,714,724,1405,1779,1780,1949,2509,2566,2648,2716,2720,2945,3099"
1177,JUNE0525-B162,1617DC1ACCE6B50ED2D1359582A70A8B8503C569623EE90C18C6B33542796207,Tester/logs/20261011.log,984667,2026-06-04,14:05,B162ORIGIN,"ID	0	00:09:04.445	Core 04	2026.06.04 14:05:00   [SRJ-IND] B162ORIGIN sym=USDJPY bar=2026.06.04 14:00 side=S n=0 origin=NONE range=- formT=- set=-"
1178,JUNE0525-B162,1617DC1ACCE6B50ED2D1359582A70A8B8503C569623EE90C18C6B33542796207,Tester/logs/20261011.log,984677,2026-06-04,14:10,B152PR,"MD	0	00:09:04.445	Core 04	2026.06.04 14:10:00   [SRJ-IND] B152PR sym=USDJPY bar=2026.06.04 14:05 z1=65,B,156.672,156.773,2026.05.11 04:10,1,2026.05.12 08:55,157.714,156.726"
1179,JUNE0525-B162,1617DC1ACCE6B50ED2D1359582A70A8B8503C569623EE90C18C6B33542796207,Tester/logs/20261011.log,984678,2026-06-04,14:10,B152PR,"MJ	0	00:09:04.445	Core 04	2026.06.04 14:10:00   [SRJ-IND] B152PR sym=USDJPY bar=2026.06.04 14:05 z1=78,B,156.578,156.584,2026.05.11 00:35,1,2026.05.11 00:40,156.644,156.537"
1180,JUNE0525-B162,1617DC1ACCE6B50ED2D1359582A70A8B8503C569623EE90C18C6B33542796207,Tester/logs/20261011.log,984679,2026-06-04,14:10,B152PR,"KS	0	00:09:04.445	Core 04	2026.06.04 14:10:00   [SRJ-IND] B152PR sym=USDJPY bar=2026.06.04 14:05 z1=212,B,157.028,157.060,2026.05.11 19:20,1,2026.05.12 00:00,157.152,157.050"
1181,JUNE0525-B162,1617DC1ACCE6B50ED2D1359582A70A8B8503C569623EE90C18C6B33542796207,Tester/logs/20261011.log,984680,2026-06-04,14:10,B152PR,"KE	0	00:09:04.445	Core 04	2026.06.04 14:10:00   [SRJ-IND] B152PR sym=USDJPY bar=2026.06.04 14:05 z1=256,B,157.172,157.178,2026.05.12 01:25,1,2026.05.12 08:55,157.714,156.726"
1182,JUNE0525-B162,1617DC1ACCE6B50ED2D1359582A70A8B8503C569623EE90C18C6B33542796207,Tester/logs/20261011.log,984681,2026-06-04,14:10,B152PR,"EO	0	00:09:04.445	Core 04	2026.06.04 14:10:00   [SRJ-IND] B152PR sym=USDJPY bar=2026.06.04 14:05 z1=261,B,157.184,157.192,2026.05.12 03:00,1,2026.05.12 08:55,157.714,156.726"
1183,JUNE0525-B162,1617DC1ACCE6B50ED2D1359582A70A8B8503C569623EE90C18C6B33542796207,Tester/logs/20261011.log,984682,2026-06-04,14:10,B152PR,"QQ	0	00:09:04.445	Core 04	2026.06.04 14:10:00   [SRJ-IND] B152PR sym=USDJPY bar=2026.06.04 14:05 z1=313,B,157.331,157.497,2026.05.12 10:00,1,2026.05.12 10:10,157.546,157.487"
1184,JUNE0525-B162,1617DC1ACCE6B50ED2D1359582A70A8B8503C569623EE90C18C6B33542796207,Tester/logs/20261011.log,984683,2026-06-04,14:10,B152PR,"LJ	0	00:09:04.445	Core 04	2026.06.04 14:10:00   [SRJ-IND] B152PR sym=USDJPY bar=2026.06.04 14:05 z1=414,B,157.517,157.589,2026.05.13 01:10,1,2026.05.13 01:20,157.607,157.587"
1185,JUNE0525-B162,1617DC1ACCE6B50ED2D1359582A70A8B8503C569623EE90C18C6B33542796207,Tester/logs/20261011.log,984684,2026-06-04,14:10,B152PR,"GL	0	00:09:04.445	Core 04	2026.06.04 14:10:00   [SRJ-IND] B152PR sym=USDJPY bar=2026.06.04 14:05 z1=447,B,157.562,157.648,2026.05.13 06:20,1,2026.05.13 06:25,157.662,157.648"
1186,JUNE0525-B162,1617DC1ACCE6B50ED2D1359582A70A8B8503C569623EE90C18C6B33542796207,Tester/logs/20261011.log,984685,2026-06-04,14:10,B152PR,"HF	0	00:09:04.445	Core 04	2026.06.04 14:10:00   [SRJ-IND] B152PR sym=USDJPY bar=2026.06.04 14:05 z1=449,B,157.599,157.654,2026.05.13 05:15,1,2026.05.13 05:45,157.687,157.652"
1187,JUNE0525-B162,1617DC1ACCE6B50ED2D1359582A70A8B8503C569623EE90C18C6B33542796207,Tester/logs/20261011.log,984686,2026-06-04,14:10,B152PR,"QH	0	00:09:04.445	Core 04	2026.06.04 14:10:00   [SRJ-IND] B152PR sym=USDJPY bar=2026.06.04 14:05 z1=460,B,157.645,157.660,2026.05.13 07:05,1,2026.05.14 00:25,157.812,157.650"
1188,JUNE0525-B162,1617DC1ACCE6B50ED2D1359582A70A8B8503C569623EE90C18C6B33542796207,Tester/logs/20261011.log,984687,2026-06-04,14:10,B152PR,"IR	0	00:09:04.445	Core 04	2026.06.04 14:10:00   [SRJ-IND] B152PR sym=USDJPY bar=2026.06.04 14:05 z1=696,B,157.568,158.167,2026.05.14 18:05,1,2026.05.14 18:10,158.191,158.119"
1189,JUNE0525-B162,1617DC1ACCE6B50ED2D1359582A70A8B8503C569623EE90C18C6B33542796207,Tester/logs/20261011.log,984688,2026-06-04,14:10,B152PR,"QD	0	00:09:04.445	Core 04	2026.06.04 14:10:00   [SRJ-IND] B152PR sym=USDJPY bar=2026.06.04 14:05 z1=714,B,158.107,158.142,2026.05.14 19:30,1,2026.05.14 20:00,158.169,158.142"
1190,JUNE0525-B162,1617DC1ACCE6B50ED2D1359582A70A8B8503C569623EE90C18C6B33542796207,Tester/logs/20261011.log,984689,2026-06-04,14:10,B152PR,"PN	0	00:09:04.445	Core 04	2026.06.04 14:10:00   [SRJ-IND] B152PR sym=USDJPY bar=2026.06.04 14:05 z1=724,B,158.168,158.186,2026.05.14 21:00,1,2026.05.14 21:05,158.191,158.182"
1191,JUNE0525-B162,1617DC1ACCE6B50ED2D1359582A70A8B8503C569623EE90C18C6B33542796207,Tester/logs/20261011.log,984690,2026-06-04,14:10,B152PR,"NS	0	00:09:04.445	Core 04	2026.06.04 14:10:00   [SRJ-IND] B152PR sym=USDJPY bar=2026.06.04 14:05 z1=1405,B,158.735,158.769,2026.05.20 19:00,1,2026.05.20 19:05,158.816,158.753"
1192,JUNE0525-B162,1617DC1ACCE6B50ED2D1359582A70A8B8503C569623EE90C18C6B33542796207,Tester/logs/20261011.log,984691,2026-06-04,14:10,B152PR,"HI	0	00:09:04.445	Core 04	2026.06.04 14:10:00   [SRJ-IND] B152PR sym=USDJPY bar=2026.06.04 14:05 z1=1779,B,158.756,158.800,2026.05.25 06:45,1,2026.05.26 00:00,158.887,158.784"
1193,JUNE0525-B162,1617DC1ACCE6B50ED2D1359582A70A8B8503C569623EE90C18C6B33542796207,Tester/logs/20261011.log,984692,2026-06-04,14:10,B152PR,"EO	0	00:09:04.445	Core 04	2026.06.04 14:10:00   [SRJ-IND] B152PR sym=USDJPY bar=2026.06.04 14:05 z1=1780,B,158.789,158.814,2026.05.25 04:50,1,2026.05.26 00:00,158.887,158.784"
1194,JUNE0525-B162,1617DC1ACCE6B50ED2D1359582A70A8B8503C569623EE90C18C6B33542796207,Tester/logs/20261011.log,984693,2026-06-04,14:10,B152PR,"LE	0	00:09:04.445	Core 04	2026.06.04 14:10:00   [SRJ-IND] B152PR sym=USDJPY bar=2026.06.04 14:05 z1=1949,B,158.916,158.934,2026.05.26 07:25,1,2026.05.26 07:30,158.942,158.934"
1195,JUNE0525-B162,1617DC1ACCE6B50ED2D1359582A70A8B8503C569623EE90C18C6B33542796207,Tester/logs/20261011.log,984694,2026-06-04,14:10,B152PR,"EK	0	00:09:04.445	Core 04	2026.06.04 14:10:00   [SRJ-IND] B152PR sym=USDJPY bar=2026.06.04 14:05 z1=2509,B,159.134,159.195,2026.05.29 19:10,1,2026.05.29 19:35,159.215,159.186"
1196,JUNE0525-B162,1617DC1ACCE6B50ED2D1359582A70A8B8503C569623EE90C18C6B33542796207,Tester/logs/20261011.log,984695,2026-06-04,14:10,B152PR,"DQ	0	00:09:04.445	Core 04	2026.06.04 14:10:00   [SRJ-IND] B152PR sym=USDJPY bar=2026.06.04 14:05 z1=2566,B,159.382,159.407,2026.06.01 03:15,1,2026.06.03 11:30,159.790,159.368"
1197,JUNE0525-B162,1617DC1ACCE6B50ED2D1359582A70A8B8503C569623EE90C18C6B33542796207,Tester/logs/20261011.log,984696,2026-06-04,14:10,B152PR,"NG	0	00:09:04.445	Core 04	2026.06.04 14:10:00   [SRJ-IND] B152PR sym=USDJPY bar=2026.06.04 14:05 z1=2648,B,159.435,159.481,2026.06.01 16:00,1,2026.06.03 11:30,159.790,159.368"
1198,JUNE0525-B162,1617DC1ACCE6B50ED2D1359582A70A8B8503C569623EE90C18C6B33542796207,Tester/logs/20261011.log,984697,2026-06-04,14:10,B152PR,"IM	0	00:09:04.445	Core 04	2026.06.04 14:10:00   [SRJ-IND] B152PR sym=USDJPY bar=2026.06.04 14:05 z1=2716,B,159.576,159.603,2026.06.02 03:10,1,2026.06.03 10:35,159.787,159.550"
1199,JUNE0525-B162,1617DC1ACCE6B50ED2D1359582A70A8B8503C569623EE90C18C6B33542796207,Tester/logs/20261011.log,984698,2026-06-04,14:10,B152PR,"OS	0	00:09:04.445	Core 04	2026.06.04 14:10:00   [SRJ-IND] B152PR sym=USDJPY bar=2026.06.04 14:05 z1=2720,B,159.586,159.605,2026.06.02 01:05,1,2026.06.03 10:35,159.787,159.550"
1200,JUNE0525-B162,1617DC1ACCE6B50ED2D1359582A70A8B8503C569623EE90C18C6B33542796207,Tester/logs/20261011.log,984699,2026-06-04,14:10,B152PR,"KI	0	00:09:04.445	Core 04	2026.06.04 14:10:00   [SRJ-IND] B152PR sym=USDJPY bar=2026.06.04 14:05 z1=2945,B,159.579,159.675,2026.06.03 11:15,1,2026.06.03 11:25,159.727,159.674"
1201,JUNE0525-B162,1617DC1ACCE6B50ED2D1359582A70A8B8503C569623EE90C18C6B33542796207,Tester/logs/20261011.log,984700,2026-06-04,14:10,B152PR,"GO	0	00:09:04.445	Core 04	2026.06.04 14:10:00   [SRJ-IND] B152PR sym=USDJPY bar=2026.06.04 14:05 z1=3099,B,159.797,159.868,2026.06.04 08:15,1,2026.06.04 08:50,159.895,159.859"
1202,JUNE0525-B162,1617DC1ACCE6B50ED2D1359582A70A8B8503C569623EE90C18C6B33542796207,Tester/logs/20261011.log,984701,2026-06-04,14:10,B152PR,"DG	0	00:09:04.445	Core 04	2026.06.04 14:10:00   [SRJ-IND] B152PR sym=USDJPY bar=2026.06.04 14:05 bull=1 bear=0 nz=24"
1203,JUNE0525-B162,1617DC1ACCE6B50ED2D1359582A70A8B8503C569623EE90C18C6B33542796207,Tester/logs/20261011.log,984702,2026-06-04,14:10,B162ORIGIN,"QM	0	00:09:04.445	Core 04	2026.06.04 14:10:00   [SRJ-IND] B162ORIGIN sym=USDJPY bar=2026.06.04 14:05 side=B n=24 origin=3099 range=159.797-159.868 formT=2026.06.04 07:40 set=65,78,212,256,261,313,414,447,449,460,696,714,724,1405,1779,1780,1949,2509,2566,2648,2716,2720,2945,3099"
1204,JUNE0525-B162,1617DC1ACCE6B50ED2D1359582A70A8B8503C569623EE90C18C6B33542796207,Tester/logs/20261011.log,984703,2026-06-04,14:10,B162ORIGIN,"RH	0	00:09:04.445	Core 04	2026.06.04 14:10:00   [SRJ-IND] B162ORIGIN sym=USDJPY bar=2026.06.04 14:05 side=S n=0 origin=NONE range=- formT=- set=-"
1205,JUNE0525-B162,1617DC1ACCE6B50ED2D1359582A70A8B8503C569623EE90C18C6B33542796207,Tester/logs/20261011.log,984711,2026-06-04,14:15,B152PR,"NR	0	00:09:04.445	Core 04	2026.06.04 14:15:08   [SRJ-IND] B152PR sym=USDJPY bar=2026.06.04 14:10 z1=65,B,156.672,156.773,2026.05.11 04:10,1,2026.05.12 08:55,157.714,156.726"
1206,JUNE0525-B162,1617DC1ACCE6B50ED2D1359582A70A8B8503C569623EE90C18C6B33542796207,Tester/logs/20261011.log,984712,2026-06-04,14:15,B152PR,"NH	0	00:09:04.445	Core 04	2026.06.04 14:15:08   [SRJ-IND] B152PR sym=USDJPY bar=2026.06.04 14:10 z1=78,B,156.578,156.584,2026.05.11 00:35,1,2026.05.11 00:40,156.644,156.537"
1207,JUNE0525-B162,1617DC1ACCE6B50ED2D1359582A70A8B8503C569623EE90C18C6B33542796207,Tester/logs/20261011.log,984713,2026-06-04,14:15,B152PR,"LL	0	00:09:04.445	Core 04	2026.06.04 14:15:08   [SRJ-IND] B152PR sym=USDJPY bar=2026.06.04 14:10 z1=212,B,157.028,157.060,2026.05.11 19:20,1,2026.05.12 00:00,157.152,157.050"
1208,JUNE0525-B162,1617DC1ACCE6B50ED2D1359582A70A8B8503C569623EE90C18C6B33542796207,Tester/logs/20261011.log,984714,2026-06-04,14:15,B152PR,"LF	0	00:09:04.445	Core 04	2026.06.04 14:15:08   [SRJ-IND] B152PR sym=USDJPY bar=2026.06.04 14:10 z1=256,B,157.172,157.178,2026.05.12 01:25,1,2026.05.12 08:55,157.714,156.726"
1209,JUNE0525-B162,1617DC1ACCE6B50ED2D1359582A70A8B8503C569623EE90C18C6B33542796207,Tester/logs/20261011.log,984715,2026-06-04,14:15,B152PR,"FH	0	00:09:04.445	Core 04	2026.06.04 14:15:08   [SRJ-IND] B152PR sym=USDJPY bar=2026.06.04 14:10 z1=261,B,157.184,157.192,2026.05.12 03:00,1,2026.05.12 08:55,157.714,156.726"
1210,JUNE0525-B162,1617DC1ACCE6B50ED2D1359582A70A8B8503C569623EE90C18C6B33542796207,Tester/logs/20261011.log,984716,2026-06-04,14:15,B152PR,"RR	0	00:09:04.445	Core 04	2026.06.04 14:15:08   [SRJ-IND] B152PR sym=USDJPY bar=2026.06.04 14:10 z1=313,B,157.331,157.497,2026.05.12 10:00,1,2026.05.12 10:10,157.546,157.487"
1211,JUNE0525-B162,1617DC1ACCE6B50ED2D1359582A70A8B8503C569623EE90C18C6B33542796207,Tester/logs/20261011.log,984717,2026-06-04,14:15,B152PR,"KD	0	00:09:04.445	Core 04	2026.06.04 14:15:08   [SRJ-IND] B152PR sym=USDJPY bar=2026.06.04 14:10 z1=414,B,157.517,157.589,2026.05.13 01:10,1,2026.05.13 01:20,157.607,157.587"
1212,JUNE0525-B162,1617DC1ACCE6B50ED2D1359582A70A8B8503C569623EE90C18C6B33542796207,Tester/logs/20261011.log,984718,2026-06-04,14:15,B152PR,"HN	0	00:09:04.445	Core 04	2026.06.04 14:15:08   [SRJ-IND] B152PR sym=USDJPY bar=2026.06.04 14:10 z1=447,B,157.562,157.648,2026.05.13 06:20,1,2026.05.13 06:25,157.662,157.648"
1213,JUNE0525-B162,1617DC1ACCE6B50ED2D1359582A70A8B8503C569623EE90C18C6B33542796207,Tester/logs/20261011.log,984719,2026-06-04,14:15,B152PR,"GP	0	00:09:04.445	Core 04	2026.06.04 14:15:08   [SRJ-IND] B152PR sym=USDJPY bar=2026.06.04 14:10 z1=449,B,157.599,157.654,2026.05.13 05:15,1,2026.05.13 05:45,157.687,157.652"
1214,JUNE0525-B162,1617DC1ACCE6B50ED2D1359582A70A8B8503C569623EE90C18C6B33542796207,Tester/logs/20261011.log,984720,2026-06-04,14:15,B152PR,"RJ	0	00:09:04.445	Core 04	2026.06.04 14:15:08   [SRJ-IND] B152PR sym=USDJPY bar=2026.06.04 14:10 z1=460,B,157.645,157.660,2026.05.13 07:05,1,2026.05.14 00:25,157.812,157.650"
1215,JUNE0525-B162,1617DC1ACCE6B50ED2D1359582A70A8B8503C569623EE90C18C6B33542796207,Tester/logs/20261011.log,984721,2026-06-04,14:15,B152PR,"JO	0	00:09:04.445	Core 04	2026.06.04 14:15:08   [SRJ-IND] B152PR sym=USDJPY bar=2026.06.04 14:10 z1=696,B,157.568,158.167,2026.05.14 18:05,1,2026.05.14 18:10,158.191,158.119"
1216,JUNE0525-B162,1617DC1ACCE6B50ED2D1359582A70A8B8503C569623EE90C18C6B33542796207,Tester/logs/20261011.log,984722,2026-06-04,14:15,B152PR,"RQ	0	00:09:04.445	Core 04	2026.06.04 14:15:08   [SRJ-IND] B152PR sym=USDJPY bar=2026.06.04 14:10 z1=714,B,158.107,158.142,2026.05.14 19:30,1,2026.05.14 20:00,158.169,158.142"
1217,JUNE0525-B162,1617DC1ACCE6B50ED2D1359582A70A8B8503C569623EE90C18C6B33542796207,Tester/logs/20261011.log,984723,2026-06-04,14:15,B152PR,"OK	0	00:09:04.445	Core 04	2026.06.04 14:15:08   [SRJ-IND] B152PR sym=USDJPY bar=2026.06.04 14:10 z1=724,B,158.168,158.186,2026.05.14 21:00,1,2026.05.14 21:05,158.191,158.182"
1218,JUNE0525-B162,1617DC1ACCE6B50ED2D1359582A70A8B8503C569623EE90C18C6B33542796207,Tester/logs/20261011.log,984724,2026-06-04,14:15,B152PR,"MN	0	00:09:04.445	Core 04	2026.06.04 14:15:08   [SRJ-IND] B152PR sym=USDJPY bar=2026.06.04 14:10 z1=1405,B,158.735,158.769,2026.05.20 19:00,1,2026.05.20 19:05,158.816,158.753"
1219,JUNE0525-B162,1617DC1ACCE6B50ED2D1359582A70A8B8503C569623EE90C18C6B33542796207,Tester/logs/20261011.log,984725,2026-06-04,14:15,B152PR,"GD	0	00:09:04.445	Core 04	2026.06.04 14:15:08   [SRJ-IND] B152PR sym=USDJPY bar=2026.06.04 14:10 z1=1779,B,158.756,158.800,2026.05.25 06:45,1,2026.05.26 00:00,158.887,158.784"
1220,JUNE0525-B162,1617DC1ACCE6B50ED2D1359582A70A8B8503C569623EE90C18C6B33542796207,Tester/logs/20261011.log,984726,2026-06-04,14:15,B152PR,"FJ	0	00:09:04.445	Core 04	2026.06.04 14:15:08   [SRJ-IND] B152PR sym=USDJPY bar=2026.06.04 14:10 z1=1780,B,158.789,158.814,2026.05.25 04:50,1,2026.05.26 00:00,158.887,158.784"
1221,JUNE0525-B162,1617DC1ACCE6B50ED2D1359582A70A8B8503C569623EE90C18C6B33542796207,Tester/logs/20261011.log,984727,2026-06-04,14:15,B152PR,"KP	0	00:09:04.445	Core 04	2026.06.04 14:15:08   [SRJ-IND] B152PR sym=USDJPY bar=2026.06.04 14:10 z1=1949,B,158.916,158.934,2026.05.26 07:25,1,2026.05.26 07:30,158.942,158.934"
1222,JUNE0525-B162,1617DC1ACCE6B50ED2D1359582A70A8B8503C569623EE90C18C6B33542796207,Tester/logs/20261011.log,984728,2026-06-04,14:15,B152PR,"FF	0	00:09:04.445	Core 04	2026.06.04 14:15:08   [SRJ-IND] B152PR sym=USDJPY bar=2026.06.04 14:10 z1=2509,B,159.134,159.195,2026.05.29 19:10,1,2026.05.29 19:35,159.215,159.186"
1223,JUNE0525-B162,1617DC1ACCE6B50ED2D1359582A70A8B8503C569623EE90C18C6B33542796207,Tester/logs/20261011.log,984729,2026-06-04,14:15,B152PR,"CL	0	00:09:04.445	Core 04	2026.06.04 14:15:08   [SRJ-IND] B152PR sym=USDJPY bar=2026.06.04 14:10 z1=2566,B,159.382,159.407,2026.06.01 03:15,1,2026.06.03 11:30,159.790,159.368"
1224,JUNE0525-B162,1617DC1ACCE6B50ED2D1359582A70A8B8503C569623EE90C18C6B33542796207,Tester/logs/20261011.log,984730,2026-06-04,14:15,B152PR,"MR	0	00:09:04.445	Core 04	2026.06.04 14:15:08   [SRJ-IND] B152PR sym=USDJPY bar=2026.06.04 14:10 z1=2648,B,159.435,159.481,2026.06.01 16:00,1,2026.06.03 11:30,159.790,159.368"
1225,JUNE0525-B162,1617DC1ACCE6B50ED2D1359582A70A8B8503C569623EE90C18C6B33542796207,Tester/logs/20261011.log,984731,2026-06-04,14:15,B152PR,"JH	0	00:09:04.445	Core 04	2026.06.04 14:15:08   [SRJ-IND] B152PR sym=USDJPY bar=2026.06.04 14:10 z1=2716,B,159.576,159.603,2026.06.02 03:10,1,2026.06.03 10:35,159.787,159.550"
1226,JUNE0525-B162,1617DC1ACCE6B50ED2D1359582A70A8B8503C569623EE90C18C6B33542796207,Tester/logs/20261011.log,984732,2026-06-04,14:15,B152PR,"PN	0	00:09:04.445	Core 04	2026.06.04 14:15:08   [SRJ-IND] B152PR sym=USDJPY bar=2026.06.04 14:10 z1=2720,B,159.586,159.605,2026.06.02 01:05,1,2026.06.03 10:35,159.787,159.550"
1227,JUNE0525-B162,1617DC1ACCE6B50ED2D1359582A70A8B8503C569623EE90C18C6B33542796207,Tester/logs/20261011.log,984733,2026-06-04,14:15,B152PR,"LD	0	00:09:04.445	Core 04	2026.06.04 14:15:08   [SRJ-IND] B152PR sym=USDJPY bar=2026.06.04 14:10 z1=2945,B,159.579,159.675,2026.06.03 11:15,1,2026.06.03 11:25,159.727,159.674"
1228,JUNE0525-B162,1617DC1ACCE6B50ED2D1359582A70A8B8503C569623EE90C18C6B33542796207,Tester/logs/20261011.log,984734,2026-06-04,14:15,B152PR,"HJ	0	00:09:04.445	Core 04	2026.06.04 14:15:08   [SRJ-IND] B152PR sym=USDJPY bar=2026.06.04 14:10 z1=3099,B,159.797,159.868,2026.06.04 08:15,1,2026.06.04 08:50,159.895,159.859"
1229,JUNE0525-B162,1617DC1ACCE6B50ED2D1359582A70A8B8503C569623EE90C18C6B33542796207,Tester/logs/20261011.log,984735,2026-06-04,14:15,B152PR,"CR	0	00:09:04.445	Core 04	2026.06.04 14:15:08   [SRJ-IND] B152PR sym=USDJPY bar=2026.06.04 14:10 bull=1 bear=0 nz=24"
1230,JUNE0525-B162,1617DC1ACCE6B50ED2D1359582A70A8B8503C569623EE90C18C6B33542796207,Tester/logs/20261011.log,984736,2026-06-04,14:15,B162ORIGIN,"RO	0	00:09:04.445	Core 04	2026.06.04 14:15:08   [SRJ-IND] B162ORIGIN sym=USDJPY bar=2026.06.04 14:10 side=B n=24 origin=3099 range=159.797-159.868 formT=2026.06.04 07:40 set=65,78,212,256,261,313,414,447,449,460,696,714,724,1405,1779,1780,1949,2509,2566,2648,2716,2720,2945,3099"
1231,JUNE0525-B162,1617DC1ACCE6B50ED2D1359582A70A8B8503C569623EE90C18C6B33542796207,Tester/logs/20261011.log,984737,2026-06-04,14:15,B162ORIGIN,"QN	0	00:09:04.445	Core 04	2026.06.04 14:15:08   [SRJ-IND] B162ORIGIN sym=USDJPY bar=2026.06.04 14:10 side=S n=0 origin=NONE range=- formT=- set=-"
1232,JUNE0525-B162,1617DC1ACCE6B50ED2D1359582A70A8B8503C569623EE90C18C6B33542796207,Tester/logs/20261011.log,984749,2026-06-04,14:20,B152PR,"IH	0	00:09:04.445	Core 04	2026.06.04 14:20:00   [SRJ-IND] B152PR sym=USDJPY bar=2026.06.04 14:15 z1=65,B,156.672,156.773,2026.05.11 04:10,1,2026.05.12 08:55,157.714,156.726"
1233,JUNE0525-B162,1617DC1ACCE6B50ED2D1359582A70A8B8503C569623EE90C18C6B33542796207,Tester/logs/20261011.log,984750,2026-06-04,14:20,B152PR,"QO	0	00:09:04.445	Core 04	2026.06.04 14:20:00   [SRJ-IND] B152PR sym=USDJPY bar=2026.06.04 14:15 z1=78,B,156.578,156.584,2026.05.11 00:35,1,2026.05.11 00:40,156.644,156.537"
1234,JUNE0525-B162,1617DC1ACCE6B50ED2D1359582A70A8B8503C569623EE90C18C6B33542796207,Tester/logs/20261011.log,984751,2026-06-04,14:20,B152PR,"GF	0	00:09:04.445	Core 04	2026.06.04 14:20:00   [SRJ-IND] B152PR sym=USDJPY bar=2026.06.04 14:15 z1=212,B,157.028,157.060,2026.05.11 19:20,1,2026.05.12 00:00,157.152,157.050"
1235,JUNE0525-B162,1617DC1ACCE6B50ED2D1359582A70A8B8503C569623EE90C18C6B33542796207,Tester/logs/20261011.log,984752,2026-06-04,14:20,B152PR,"KH	0	00:09:04.445	Core 04	2026.06.04 14:20:00   [SRJ-IND] B152PR sym=USDJPY bar=2026.06.04 14:15 z1=256,B,157.172,157.178,2026.05.12 01:25,1,2026.05.12 08:55,157.714,156.726"
1236,JUNE0525-B162,1617DC1ACCE6B50ED2D1359582A70A8B8503C569623EE90C18C6B33542796207,Tester/logs/20261011.log,984753,2026-06-04,14:20,B152PR,"IR	0	00:09:04.445	Core 04	2026.06.04 14:20:00   [SRJ-IND] B152PR sym=USDJPY bar=2026.06.04 14:15 z1=261,B,157.184,157.192,2026.05.12 03:00,1,2026.05.12 08:55,157.714,156.726"
1237,JUNE0525-B162,1617DC1ACCE6B50ED2D1359582A70A8B8503C569623EE90C18C6B33542796207,Tester/logs/20261011.log,984754,2026-06-04,14:20,B152PR,"QD	0	00:09:04.445	Core 04	2026.06.04 14:20:00   [SRJ-IND] B152PR sym=USDJPY bar=2026.06.04 14:15 z1=313,B,157.331,157.497,2026.05.12 10:00,1,2026.05.12 10:10,157.546,157.487"
1238,JUNE0525-B162,1617DC1ACCE6B50ED2D1359582A70A8B8503C569623EE90C18C6B33542796207,Tester/logs/20261011.log,984755,2026-06-04,14:20,B152PR,"HN	0	00:09:04.445	Core 04	2026.06.04 14:20:00   [SRJ-IND] B152PR sym=USDJPY bar=2026.06.04 14:15 z1=414,B,157.517,157.589,2026.05.13 01:10,1,2026.05.13 01:20,157.607,157.587"
1239,JUNE0525-B162,1617DC1ACCE6B50ED2D1359582A70A8B8503C569623EE90C18C6B33542796207,Tester/logs/20261011.log,984756,2026-06-04,14:20,B152PR,"GS	0	00:09:04.445	Core 04	2026.06.04 14:20:00   [SRJ-IND] B152PR sym=USDJPY bar=2026.06.04 14:15 z1=447,B,157.562,157.648,2026.05.13 06:20,1,2026.05.13 06:25,157.662,157.648"
1240,JUNE0525-B162,1617DC1ACCE6B50ED2D1359582A70A8B8503C569623EE90C18C6B33542796207,Tester/logs/20261011.log,984757,2026-06-04,14:20,B152PR,"DE	0	00:09:04.445	Core 04	2026.06.04 14:20:00   [SRJ-IND] B152PR sym=USDJPY bar=2026.06.04 14:15 z1=449,B,157.599,157.654,2026.05.13 05:15,1,2026.05.13 05:45,157.687,157.652"
1241,JUNE0525-B162,1617DC1ACCE6B50ED2D1359582A70A8B8503C569623EE90C18C6B33542796207,Tester/logs/20261011.log,984758,2026-06-04,14:20,B152PR,"QO	0	00:09:04.445	Core 04	2026.06.04 14:20:00   [SRJ-IND] B152PR sym=USDJPY bar=2026.06.04 14:15 z1=460,B,157.645,157.660,2026.05.13 07:05,1,2026.05.14 00:25,157.812,157.650"
1242,JUNE0525-B162,1617DC1ACCE6B50ED2D1359582A70A8B8503C569623EE90C18C6B33542796207,Tester/logs/20261011.log,984759,2026-06-04,14:20,B152PR,"MQ	0	00:09:04.445	Core 04	2026.06.04 14:20:00   [SRJ-IND] B152PR sym=USDJPY bar=2026.06.04 14:15 z1=696,B,157.568,158.167,2026.05.14 18:05,1,2026.05.14 18:10,158.191,158.119"
1243,JUNE0525-B162,1617DC1ACCE6B50ED2D1359582A70A8B8503C569623EE90C18C6B33542796207,Tester/logs/20261011.log,984760,2026-06-04,14:20,B152PR,"QK	0	00:09:04.445	Core 04	2026.06.04 14:20:00   [SRJ-IND] B152PR sym=USDJPY bar=2026.06.04 14:15 z1=714,B,158.107,158.142,2026.05.14 19:30,1,2026.05.14 20:00,158.169,158.142"
1244,JUNE0525-B162,1617DC1ACCE6B50ED2D1359582A70A8B8503C569623EE90C18C6B33542796207,Tester/logs/20261011.log,984761,2026-06-04,14:20,B152PR,"LM	0	00:09:04.445	Core 04	2026.06.04 14:20:00   [SRJ-IND] B152PR sym=USDJPY bar=2026.06.04 14:15 z1=724,B,158.168,158.186,2026.05.14 21:00,1,2026.05.14 21:05,158.191,158.182"
1245,JUNE0525-B162,1617DC1ACCE6B50ED2D1359582A70A8B8503C569623EE90C18C6B33542796207,Tester/logs/20261011.log,984762,2026-06-04,14:20,B152PR,"ND	0	00:09:04.445	Core 04	2026.06.04 14:20:00   [SRJ-IND] B152PR sym=USDJPY bar=2026.06.04 14:15 z1=1405,B,158.735,158.769,2026.05.20 19:00,1,2026.05.20 19:05,158.816,158.753"
1246,JUNE0525-B162,1617DC1ACCE6B50ED2D1359582A70A8B8503C569623EE90C18C6B33542796207,Tester/logs/20261011.log,984763,2026-06-04,14:20,B152PR,"HJ	0	00:09:04.445	Core 04	2026.06.04 14:20:00   [SRJ-IND] B152PR sym=USDJPY bar=2026.06.04 14:15 z1=1779,B,158.756,158.800,2026.05.25 06:45,1,2026.05.26 00:00,158.887,158.784"
1247,JUNE0525-B162,1617DC1ACCE6B50ED2D1359582A70A8B8503C569623EE90C18C6B33542796207,Tester/logs/20261011.log,984764,2026-06-04,14:20,B152PR,"EP	0	00:09:04.445	Core 04	2026.06.04 14:20:00   [SRJ-IND] B152PR sym=USDJPY bar=2026.06.04 14:15 z1=1780,B,158.789,158.814,2026.05.25 04:50,1,2026.05.26 00:00,158.887,158.784"
1248,JUNE0525-B162,1617DC1ACCE6B50ED2D1359582A70A8B8503C569623EE90C18C6B33542796207,Tester/logs/20261011.log,984765,2026-06-04,14:20,B152PR,"LF	0	00:09:04.445	Core 04	2026.06.04 14:20:00   [SRJ-IND] B152PR sym=USDJPY bar=2026.06.04 14:15 z1=1949,B,158.916,158.934,2026.05.26 07:25,1,2026.05.26 07:30,158.942,158.934"
1249,JUNE0525-B162,1617DC1ACCE6B50ED2D1359582A70A8B8503C569623EE90C18C6B33542796207,Tester/logs/20261011.log,984766,2026-06-04,14:20,B152PR,"EL	0	00:09:04.445	Core 04	2026.06.04 14:20:00   [SRJ-IND] B152PR sym=USDJPY bar=2026.06.04 14:15 z1=2509,B,159.134,159.195,2026.05.29 19:10,1,2026.05.29 19:35,159.215,159.186"
1250,JUNE0525-B162,1617DC1ACCE6B50ED2D1359582A70A8B8503C569623EE90C18C6B33542796207,Tester/logs/20261011.log,984767,2026-06-04,14:20,B152PR,"DR	0	00:09:04.445	Core 04	2026.06.04 14:20:00   [SRJ-IND] B152PR sym=USDJPY bar=2026.06.04 14:15 z1=2566,B,159.382,159.407,2026.06.01 03:15,1,2026.06.03 11:30,159.790,159.368"
1251,JUNE0525-B162,1617DC1ACCE6B50ED2D1359582A70A8B8503C569623EE90C18C6B33542796207,Tester/logs/20261011.log,984768,2026-06-04,14:20,B152PR,"NH	0	00:09:04.445	Core 04	2026.06.04 14:20:00   [SRJ-IND] B152PR sym=USDJPY bar=2026.06.04 14:15 z1=2648,B,159.435,159.481,2026.06.01 16:00,1,2026.06.03 11:30,159.790,159.368"
1252,JUNE0525-B162,1617DC1ACCE6B50ED2D1359582A70A8B8503C569623EE90C18C6B33542796207,Tester/logs/20261011.log,984769,2026-06-04,14:20,B152PR,"IN	0	00:09:04.445	Core 04	2026.06.04 14:20:00   [SRJ-IND] B152PR sym=USDJPY bar=2026.06.04 14:15 z1=2716,B,159.576,159.603,2026.06.02 03:10,1,2026.06.03 10:35,159.787,159.550"
1253,JUNE0525-B162,1617DC1ACCE6B50ED2D1359582A70A8B8503C569623EE90C18C6B33542796207,Tester/logs/20261011.log,984770,2026-06-04,14:20,B152PR,"OD	0	00:09:04.445	Core 04	2026.06.04 14:20:00   [SRJ-IND] B152PR sym=USDJPY bar=2026.06.04 14:15 z1=2720,B,159.586,159.605,2026.06.02 01:05,1,2026.06.03 10:35,159.787,159.550"
1254,JUNE0525-B162,1617DC1ACCE6B50ED2D1359582A70A8B8503C569623EE90C18C6B33542796207,Tester/logs/20261011.log,984771,2026-06-04,14:20,B152PR,"KJ	0	00:09:04.445	Core 04	2026.06.04 14:20:00   [SRJ-IND] B152PR sym=USDJPY bar=2026.06.04 14:15 z1=2945,B,159.579,159.675,2026.06.03 11:15,1,2026.06.03 11:25,159.727,159.674"
1255,JUNE0525-B162,1617DC1ACCE6B50ED2D1359582A70A8B8503C569623EE90C18C6B33542796207,Tester/logs/20261011.log,984772,2026-06-04,14:20,B152PR,"IR	0	00:09:04.445	Core 04	2026.06.04 14:20:00   [SRJ-IND] B152PR sym=USDJPY bar=2026.06.04 14:15 bull=1 bear=0 nz=23"
1256,JUNE0525-B162,1617DC1ACCE6B50ED2D1359582A70A8B8503C569623EE90C18C6B33542796207,Tester/logs/20261011.log,984773,2026-06-04,14:20,B162ORIGIN,"RR	0	00:09:04.445	Core 04	2026.06.04 14:20:00   [SRJ-IND] B162ORIGIN sym=USDJPY bar=2026.06.04 14:15 side=B n=23 origin=2945 range=159.579-159.675 formT=2026.06.03 10:50 set=65,78,212,256,261,313,414,447,449,460,696,714,724,1405,1779,1780,1949,2509,2566,2648,2716,2720,2945"
1257,JUNE0525-B162,1617DC1ACCE6B50ED2D1359582A70A8B8503C569623EE90C18C6B33542796207,Tester/logs/20261011.log,984774,2026-06-04,14:20,B162ORIGIN,"HO	0	00:09:04.445	Core 04	2026.06.04 14:20:00   [SRJ-IND] B162ORIGIN sym=USDJPY bar=2026.06.04 14:15 side=S n=0 origin=NONE range=- formT=- set=-"
1258,JUNE0525-B162,1617DC1ACCE6B50ED2D1359582A70A8B8503C569623EE90C18C6B33542796207,Tester/logs/20261011.log,984782,2026-06-04,14:25,B152PR,"FM	0	00:09:04.445	Core 04	2026.06.04 14:25:00   [SRJ-IND] B152PR sym=USDJPY bar=2026.06.04 14:20 z1=65,B,156.672,156.773,2026.05.11 04:10,1,2026.05.12 08:55,157.714,156.726"
1259,JUNE0525-B162,1617DC1ACCE6B50ED2D1359582A70A8B8503C569623EE90C18C6B33542796207,Tester/logs/20261011.log,984783,2026-06-04,14:25,B152PR,"FS	0	00:09:04.445	Core 04	2026.06.04 14:25:00   [SRJ-IND] B152PR sym=USDJPY bar=2026.06.04 14:20 z1=78,B,156.578,156.584,2026.05.11 00:35,1,2026.05.11 00:40,156.644,156.537"
1260,JUNE0525-B162,1617DC1ACCE6B50ED2D1359582A70A8B8503C569623EE90C18C6B33542796207,Tester/logs/20261011.log,984784,2026-06-04,14:25,B152PR,"DE	0	00:09:04.445	Core 04	2026.06.04 14:25:00   [SRJ-IND] B152PR sym=USDJPY bar=2026.06.04 14:20 z1=212,B,157.028,157.060,2026.05.11 19:20,1,2026.05.12 00:00,157.152,157.050"
1261,JUNE0525-B162,1617DC1ACCE6B50ED2D1359582A70A8B8503C569623EE90C18C6B33542796207,Tester/logs/20261011.log,984785,2026-06-04,14:25,B152PR,"DO	0	00:09:04.445	Core 04	2026.06.04 14:25:00   [SRJ-IND] B152PR sym=USDJPY bar=2026.06.04 14:20 z1=256,B,157.172,157.178,2026.05.12 01:25,1,2026.05.12 08:55,157.714,156.726"
1262,JUNE0525-B162,1617DC1ACCE6B50ED2D1359582A70A8B8503C569623EE90C18C6B33542796207,Tester/logs/20261011.log,984786,2026-06-04,14:25,B152PR,"NQ	0	00:09:04.445	Core 04	2026.06.04 14:25:00   [SRJ-IND] B152PR sym=USDJPY bar=2026.06.04 14:20 z1=261,B,157.184,157.192,2026.05.12 03:00,1,2026.05.12 08:55,157.714,156.726"
1263,JUNE0525-B162,1617DC1ACCE6B50ED2D1359582A70A8B8503C569623EE90C18C6B33542796207,Tester/logs/20261011.log,984787,2026-06-04,14:25,B152PR,"JK	0	00:09:04.445	Core 04	2026.06.04 14:25:00   [SRJ-IND] B152PR sym=USDJPY bar=2026.06.04 14:20 z1=313,B,157.331,157.497,2026.05.12 10:00,1,2026.05.12 10:10,157.546,157.487"
1264,JUNE0525-B162,1617DC1ACCE6B50ED2D1359582A70A8B8503C569623EE90C18C6B33542796207,Tester/logs/20261011.log,984788,2026-06-04,14:25,B152PR,"CM	0	00:09:04.445	Core 04	2026.06.04 14:25:00   [SRJ-IND] B152PR sym=USDJPY bar=2026.06.04 14:20 z1=414,B,157.517,157.589,2026.05.13 01:10,1,2026.05.13 01:20,157.607,157.587"
1265,JUNE0525-B162,1617DC1ACCE6B50ED2D1359582A70A8B8503C569623EE90C18C6B33542796207,Tester/logs/20261011.log,984789,2026-06-04,14:25,B152PR,"PG	0	00:09:04.445	Core 04	2026.06.04 14:25:00   [SRJ-IND] B152PR sym=USDJPY bar=2026.06.04 14:20 z1=447,B,157.562,157.648,2026.05.13 06:20,1,2026.05.13 06:25,157.662,157.648"
1266,JUNE0525-B162,1617DC1ACCE6B50ED2D1359582A70A8B8503C569623EE90C18C6B33542796207,Tester/logs/20261011.log,984790,2026-06-04,14:25,B152PR,"OI	0	00:09:04.445	Core 04	2026.06.04 14:25:00   [SRJ-IND] B152PR sym=USDJPY bar=2026.06.04 14:20 z1=449,B,157.599,157.654,2026.05.13 05:15,1,2026.05.13 05:45,157.687,157.652"
1267,JUNE0525-B162,1617DC1ACCE6B50ED2D1359582A70A8B8503C569623EE90C18C6B33542796207,Tester/logs/20261011.log,984791,2026-06-04,14:25,B152PR,"JS	0	00:09:04.445	Core 04	2026.06.04 14:25:00   [SRJ-IND] B152PR sym=USDJPY bar=2026.06.04 14:20 z1=460,B,157.645,157.660,2026.05.13 07:05,1,2026.05.14 00:25,157.812,157.650"
1268,JUNE0525-B162,1617DC1ACCE6B50ED2D1359582A70A8B8503C569623EE90C18C6B33542796207,Tester/logs/20261011.log,984792,2026-06-04,14:25,B152PR,"RD	0	00:09:04.445	Core 04	2026.06.04 14:25:00   [SRJ-IND] B152PR sym=USDJPY bar=2026.06.04 14:20 z1=696,B,157.568,158.167,2026.05.14 18:05,1,2026.05.14 18:10,158.191,158.119"
1269,JUNE0525-B162,1617DC1ACCE6B50ED2D1359582A70A8B8503C569623EE90C18C6B33542796207,Tester/logs/20261011.log,984793,2026-06-04,14:25,B152PR,"JN	0	00:09:04.445	Core 04	2026.06.04 14:25:00   [SRJ-IND] B152PR sym=USDJPY bar=2026.06.04 14:20 z1=714,B,158.107,158.142,2026.05.14 19:30,1,2026.05.14 20:00,158.169,158.142"
1270,JUNE0525-B162,1617DC1ACCE6B50ED2D1359582A70A8B8503C569623EE90C18C6B33542796207,Tester/logs/20261011.log,984794,2026-06-04,14:25,B152PR,"GP	0	00:09:04.445	Core 04	2026.06.04 14:25:00   [SRJ-IND] B152PR sym=USDJPY bar=2026.06.04 14:20 z1=724,B,158.168,158.186,2026.05.14 21:00,1,2026.05.14 21:05,158.191,158.182"
1271,JUNE0525-B162,1617DC1ACCE6B50ED2D1359582A70A8B8503C569623EE90C18C6B33542796207,Tester/logs/20261011.log,984795,2026-06-04,14:25,B152PR,"EI	0	00:09:04.445	Core 04	2026.06.04 14:25:00   [SRJ-IND] B152PR sym=USDJPY bar=2026.06.04 14:20 z1=1405,B,158.735,158.769,2026.05.20 19:00,1,2026.05.20 19:05,158.816,158.753"
1272,JUNE0525-B162,1617DC1ACCE6B50ED2D1359582A70A8B8503C569623EE90C18C6B33542796207,Tester/logs/20261011.log,984796,2026-06-04,14:25,B152PR,"OO	0	00:09:04.445	Core 04	2026.06.04 14:25:00   [SRJ-IND] B152PR sym=USDJPY bar=2026.06.04 14:20 z1=1779,B,158.756,158.800,2026.05.25 06:45,1,2026.05.26 00:00,158.887,158.784"
1273,JUNE0525-B162,1617DC1ACCE6B50ED2D1359582A70A8B8503C569623EE90C18C6B33542796207,Tester/logs/20261011.log,984797,2026-06-04,14:25,B152PR,"NE	0	00:09:04.445	Core 04	2026.06.04 14:25:00   [SRJ-IND] B152PR sym=USDJPY bar=2026.06.04 14:20 z1=1780,B,158.789,158.814,2026.05.25 04:50,1,2026.05.26 00:00,158.887,158.784"
1274,JUNE0525-B162,1617DC1ACCE6B50ED2D1359582A70A8B8503C569623EE90C18C6B33542796207,Tester/logs/20261011.log,984798,2026-06-04,14:25,B152PR,"CK	0	00:09:04.445	Core 04	2026.06.04 14:25:00   [SRJ-IND] B152PR sym=USDJPY bar=2026.06.04 14:20 z1=1949,B,158.916,158.934,2026.05.26 07:25,1,2026.05.26 07:30,158.942,158.934"
1275,JUNE0525-B162,1617DC1ACCE6B50ED2D1359582A70A8B8503C569623EE90C18C6B33542796207,Tester/logs/20261011.log,984799,2026-06-04,14:25,B152PR,"NQ	0	00:09:04.445	Core 04	2026.06.04 14:25:00   [SRJ-IND] B152PR sym=USDJPY bar=2026.06.04 14:20 z1=2509,B,159.134,159.195,2026.05.29 19:10,1,2026.05.29 19:35,159.215,159.186"
1276,JUNE0525-B162,1617DC1ACCE6B50ED2D1359582A70A8B8503C569623EE90C18C6B33542796207,Tester/logs/20261011.log,984800,2026-06-04,14:25,B152PR,"KG	0	00:09:04.445	Core 04	2026.06.04 14:25:00   [SRJ-IND] B152PR sym=USDJPY bar=2026.06.04 14:20 z1=2566,B,159.382,159.407,2026.06.01 03:15,1,2026.06.03 11:30,159.790,159.368"
1277,JUNE0525-B162,1617DC1ACCE6B50ED2D1359582A70A8B8503C569623EE90C18C6B33542796207,Tester/logs/20261011.log,984801,2026-06-04,14:25,B152PR,"EM	0	00:09:04.445	Core 04	2026.06.04 14:25:00   [SRJ-IND] B152PR sym=USDJPY bar=2026.06.04 14:20 z1=2648,B,159.435,159.481,2026.06.01 16:00,1,2026.06.03 11:30,159.790,159.368"
1278,JUNE0525-B162,1617DC1ACCE6B50ED2D1359582A70A8B8503C569623EE90C18C6B33542796207,Tester/logs/20261011.log,984802,2026-06-04,14:25,B152PR,"RS	0	00:09:04.445	Core 04	2026.06.04 14:25:00   [SRJ-IND] B152PR sym=USDJPY bar=2026.06.04 14:20 z1=2716,B,159.576,159.603,2026.06.02 03:10,1,2026.06.03 10:35,159.787,159.550"
1279,JUNE0525-B162,1617DC1ACCE6B50ED2D1359582A70A8B8503C569623EE90C18C6B33542796207,Tester/logs/20261011.log,984803,2026-06-04,14:25,B152PR,"HI	0	00:09:04.445	Core 04	2026.06.04 14:25:00   [SRJ-IND] B152PR sym=USDJPY bar=2026.06.04 14:20 z1=2720,B,159.586,159.605,2026.06.02 01:05,1,2026.06.03 10:35,159.787,159.550"
1280,JUNE0525-B162,1617DC1ACCE6B50ED2D1359582A70A8B8503C569623EE90C18C6B33542796207,Tester/logs/20261011.log,984804,2026-06-04,14:25,B152PR,"DO	0	00:09:04.445	Core 04	2026.06.04 14:25:00   [SRJ-IND] B152PR sym=USDJPY bar=2026.06.04 14:20 z1=2945,B,159.579,159.675,2026.06.03 11:15,1,2026.06.03 11:25,159.727,159.674"
1281,JUNE0525-B162,1617DC1ACCE6B50ED2D1359582A70A8B8503C569623EE90C18C6B33542796207,Tester/logs/20261011.log,984805,2026-06-04,14:25,B152PR,"RG	0	00:09:04.445	Core 04	2026.06.04 14:25:00   [SRJ-IND] B152PR sym=USDJPY bar=2026.06.04 14:20 bull=1 bear=0 nz=23"
1282,JUNE0525-B162,1617DC1ACCE6B50ED2D1359582A70A8B8503C569623EE90C18C6B33542796207,Tester/logs/20261011.log,984806,2026-06-04,14:25,B162ORIGIN,"IN	0	00:09:04.445	Core 04	2026.06.04 14:25:00   [SRJ-IND] B162ORIGIN sym=USDJPY bar=2026.06.04 14:20 side=B n=23 origin=2945 range=159.579-159.675 formT=2026.06.03 10:50 set=65,78,212,256,261,313,414,447,449,460,696,714,724,1405,1779,1780,1949,2509,2566,2648,2716,2720,2945"
1283,JUNE0525-B162,1617DC1ACCE6B50ED2D1359582A70A8B8503C569623EE90C18C6B33542796207,Tester/logs/20261011.log,984807,2026-06-04,14:25,B162ORIGIN,"KH	0	00:09:04.445	Core 04	2026.06.04 14:25:00   [SRJ-IND] B162ORIGIN sym=USDJPY bar=2026.06.04 14:20 side=S n=0 origin=NONE range=- formT=- set=-"
1284,JUNE0525-B162,1617DC1ACCE6B50ED2D1359582A70A8B8503C569623EE90C18C6B33542796207,Tester/logs/20261011.log,984811,2026-06-04,14:25,CQDRECHECK,"DH	0	00:09:04.445	Core 04	2026.06.04 14:25:00   [SRJ-EA] CQDRECHECK shift=2 passA=1.0 passB=1.0 diff=0 bar=2026.06.04 14:15 state=IDLE dir=NONE divLatch=0 hit1=0 hit2=597 mism=0"
1285,JUNE0525-B162,1617DC1ACCE6B50ED2D1359582A70A8B8503C569623EE90C18C6B33542796207,Tester/logs/20261011.log,984816,2026-06-04,14:30,B152PR,"OP	0	00:09:04.445	Core 04	2026.06.04 14:30:00   [SRJ-IND] B152PR sym=USDJPY bar=2026.06.04 14:25 z1=65,B,156.672,156.773,2026.05.11 04:10,1,2026.05.12 08:55,157.714,156.726"
1286,JUNE0525-B162,1617DC1ACCE6B50ED2D1359582A70A8B8503C569623EE90C18C6B33542796207,Tester/logs/20261011.log,984817,2026-06-04,14:30,B152PR,"GF	0	00:09:04.445	Core 04	2026.06.04 14:30:00   [SRJ-IND] B152PR sym=USDJPY bar=2026.06.04 14:25 z1=78,B,156.578,156.584,2026.05.11 00:35,1,2026.05.11 00:40,156.644,156.537"
1287,JUNE0525-B162,1617DC1ACCE6B50ED2D1359582A70A8B8503C569623EE90C18C6B33542796207,Tester/logs/20261011.log,984818,2026-06-04,14:30,B152PR,"QO	0	00:09:04.445	Core 04	2026.06.04 14:30:00   [SRJ-IND] B152PR sym=USDJPY bar=2026.06.04 14:25 z1=212,B,157.028,157.060,2026.05.11 19:20,1,2026.05.12 00:00,157.152,157.050"
1288,JUNE0525-B162,1617DC1ACCE6B50ED2D1359582A70A8B8503C569623EE90C18C6B33542796207,Tester/logs/20261011.log,984819,2026-06-04,14:30,B152PR,"EP	0	00:09:04.445	Core 04	2026.06.04 14:30:00   [SRJ-IND] B152PR sym=USDJPY bar=2026.06.04 14:25 z1=256,B,157.172,157.178,2026.05.12 01:25,1,2026.05.12 08:55,157.714,156.726"
1289,JUNE0525-B162,1617DC1ACCE6B50ED2D1359582A70A8B8503C569623EE90C18C6B33542796207,Tester/logs/20261011.log,984820,2026-06-04,14:30,B152PR,"OJ	0	00:09:04.445	Core 04	2026.06.04 14:30:00   [SRJ-IND] B152PR sym=USDJPY bar=2026.06.04 14:25 z1=261,B,157.184,157.192,2026.05.12 03:00,1,2026.05.12 08:55,157.714,156.726"
1290,JUNE0525-B162,1617DC1ACCE6B50ED2D1359582A70A8B8503C569623EE90C18C6B33542796207,Tester/logs/20261011.log,984821,2026-06-04,14:30,B152PR,"GL	0	00:09:04.445	Core 04	2026.06.04 14:30:00   [SRJ-IND] B152PR sym=USDJPY bar=2026.06.04 14:25 z1=313,B,157.331,157.497,2026.05.12 10:00,1,2026.05.12 10:10,157.546,157.487"
1291,JUNE0525-B162,1617DC1ACCE6B50ED2D1359582A70A8B8503C569623EE90C18C6B33542796207,Tester/logs/20261011.log,984822,2026-06-04,14:30,B152PR,"RF	0	00:09:04.445	Core 04	2026.06.04 14:30:00   [SRJ-IND] B152PR sym=USDJPY bar=2026.06.04 14:25 z1=414,B,157.517,157.589,2026.05.13 01:10,1,2026.05.13 01:20,157.607,157.587"
1292,JUNE0525-B162,1617DC1ACCE6B50ED2D1359582A70A8B8503C569623EE90C18C6B33542796207,Tester/logs/20261011.log,984823,2026-06-04,14:30,B152PR,"QH	0	00:09:04.445	Core 04	2026.06.04 14:30:00   [SRJ-IND] B152PR sym=USDJPY bar=2026.06.04 14:25 z1=447,B,157.562,157.648,2026.05.13 06:20,1,2026.05.13 06:25,157.662,157.648"
1293,JUNE0525-B162,1617DC1ACCE6B50ED2D1359582A70A8B8503C569623EE90C18C6B33542796207,Tester/logs/20261011.log,984824,2026-06-04,14:30,B152PR,"NR	0	00:09:04.445	Core 04	2026.06.04 14:30:00   [SRJ-IND] B152PR sym=USDJPY bar=2026.06.04 14:25 z1=449,B,157.599,157.654,2026.05.13 05:15,1,2026.05.13 05:45,157.687,157.652"
1294,JUNE0525-B162,1617DC1ACCE6B50ED2D1359582A70A8B8503C569623EE90C18C6B33542796207,Tester/logs/20261011.log,984825,2026-06-04,14:30,B152PR,"GD	0	00:09:04.445	Core 04	2026.06.04 14:30:00   [SRJ-IND] B152PR sym=USDJPY bar=2026.06.04 14:25 z1=460,B,157.645,157.660,2026.05.13 07:05,1,2026.05.14 00:25,157.812,157.650"
1295,JUNE0525-B162,1617DC1ACCE6B50ED2D1359582A70A8B8503C569623EE90C18C6B33542796207,Tester/logs/20261011.log,984826,2026-06-04,14:30,B152PR,"CN	0	00:09:04.445	Core 04	2026.06.04 14:30:00   [SRJ-IND] B152PR sym=USDJPY bar=2026.06.04 14:25 z1=696,B,157.568,158.167,2026.05.14 18:05,1,2026.05.14 18:10,158.191,158.119"
1296,JUNE0525-B162,1617DC1ACCE6B50ED2D1359582A70A8B8503C569623EE90C18C6B33542796207,Tester/logs/20261011.log,984827,2026-06-04,14:30,B152PR,"GS	0	00:09:04.445	Core 04	2026.06.04 14:30:00   [SRJ-IND] B152PR sym=USDJPY bar=2026.06.04 14:25 z1=714,B,158.107,158.142,2026.05.14 19:30,1,2026.05.14 20:00,158.169,158.142"
1297,JUNE0525-B162,1617DC1ACCE6B50ED2D1359582A70A8B8503C569623EE90C18C6B33542796207,Tester/logs/20261011.log,984828,2026-06-04,14:30,B152PR,"FE	0	00:09:04.445	Core 04	2026.06.04 14:30:00   [SRJ-IND] B152PR sym=USDJPY bar=2026.06.04 14:25 z1=724,B,158.168,158.186,2026.05.14 21:00,1,2026.05.14 21:05,158.191,158.182"
1298,JUNE0525-B162,1617DC1ACCE6B50ED2D1359582A70A8B8503C569623EE90C18C6B33542796207,Tester/logs/20261011.log,984829,2026-06-04,14:30,B152PR,"DL	0	00:09:04.445	Core 04	2026.06.04 14:30:00   [SRJ-IND] B152PR sym=USDJPY bar=2026.06.04 14:25 z1=1405,B,158.735,158.769,2026.05.20 19:00,1,2026.05.20 19:05,158.816,158.753"
1299,JUNE0525-B162,1617DC1ACCE6B50ED2D1359582A70A8B8503C569623EE90C18C6B33542796207,Tester/logs/20261011.log,984830,2026-06-04,14:30,B152PR,"RR	0	00:09:04.445	Core 04	2026.06.04 14:30:00   [SRJ-IND] B152PR sym=USDJPY bar=2026.06.04 14:25 z1=1779,B,158.756,158.800,2026.05.25 06:45,1,2026.05.26 00:00,158.887,158.784"
1300,JUNE0525-B162,1617DC1ACCE6B50ED2D1359582A70A8B8503C569623EE90C18C6B33542796207,Tester/logs/20261011.log,984831,2026-06-04,14:30,B152PR,"KH	0	00:09:04.445	Core 04	2026.06.04 14:30:00   [SRJ-IND] B152PR sym=USDJPY bar=2026.06.04 14:25 z1=1780,B,158.789,158.814,2026.05.25 04:50,1,2026.05.26 00:00,158.887,158.784"
1301,JUNE0525-B162,1617DC1ACCE6B50ED2D1359582A70A8B8503C569623EE90C18C6B33542796207,Tester/logs/20261011.log,984832,2026-06-04,14:30,B152PR,"FN	0	00:09:04.445	Core 04	2026.06.04 14:30:00   [SRJ-IND] B152PR sym=USDJPY bar=2026.06.04 14:25 z1=1949,B,158.916,158.934,2026.05.26 07:25,1,2026.05.26 07:30,158.942,158.934"
1302,JUNE0525-B162,1617DC1ACCE6B50ED2D1359582A70A8B8503C569623EE90C18C6B33542796207,Tester/logs/20261011.log,984833,2026-06-04,14:30,B152PR,"KD	0	00:09:04.445	Core 04	2026.06.04 14:30:00   [SRJ-IND] B152PR sym=USDJPY bar=2026.06.04 14:25 z1=2509,B,159.134,159.195,2026.05.29 19:10,1,2026.05.29 19:35,159.215,159.186"
1303,JUNE0525-B162,1617DC1ACCE6B50ED2D1359582A70A8B8503C569623EE90C18C6B33542796207,Tester/logs/20261011.log,984834,2026-06-04,14:30,B152PR,"NJ	0	00:09:04.445	Core 04	2026.06.04 14:30:00   [SRJ-IND] B152PR sym=USDJPY bar=2026.06.04 14:25 z1=2566,B,159.382,159.407,2026.06.01 03:15,1,2026.06.03 11:30,159.790,159.368"
1304,JUNE0525-B162,1617DC1ACCE6B50ED2D1359582A70A8B8503C569623EE90C18C6B33542796207,Tester/logs/20261011.log,984835,2026-06-04,14:30,B152PR,"DP	0	00:09:04.445	Core 04	2026.06.04 14:30:00   [SRJ-IND] B152PR sym=USDJPY bar=2026.06.04 14:25 z1=2648,B,159.435,159.481,2026.06.01 16:00,1,2026.06.03 11:30,159.790,159.368"
1305,JUNE0525-B162,1617DC1ACCE6B50ED2D1359582A70A8B8503C569623EE90C18C6B33542796207,Tester/logs/20261011.log,984836,2026-06-04,14:30,B152PR,"OF	0	00:09:04.445	Core 04	2026.06.04 14:30:00   [SRJ-IND] B152PR sym=USDJPY bar=2026.06.04 14:25 z1=2716,B,159.576,159.603,2026.06.02 03:10,1,2026.06.03 10:35,159.787,159.550"
1306,JUNE0525-B162,1617DC1ACCE6B50ED2D1359582A70A8B8503C569623EE90C18C6B33542796207,Tester/logs/20261011.log,984837,2026-06-04,14:30,B152PR,"IL	0	00:09:04.445	Core 04	2026.06.04 14:30:00   [SRJ-IND] B152PR sym=USDJPY bar=2026.06.04 14:25 z1=2720,B,159.586,159.605,2026.06.02 01:05,1,2026.06.03 10:35,159.787,159.550"
1307,JUNE0525-B162,1617DC1ACCE6B50ED2D1359582A70A8B8503C569623EE90C18C6B33542796207,Tester/logs/20261011.log,984838,2026-06-04,14:30,B152PR,"ER	0	00:09:04.445	Core 04	2026.06.04 14:30:00   [SRJ-IND] B152PR sym=USDJPY bar=2026.06.04 14:25 z1=2945,B,159.579,159.675,2026.06.03 11:15,1,2026.06.03 11:25,159.727,159.674"
1308,JUNE0525-B162,1617DC1ACCE6B50ED2D1359582A70A8B8503C569623EE90C18C6B33542796207,Tester/logs/20261011.log,984839,2026-06-04,14:30,B152PR,"OJ	0	00:09:04.445	Core 04	2026.06.04 14:30:00   [SRJ-IND] B152PR sym=USDJPY bar=2026.06.04 14:25 bull=1 bear=0 nz=23"
1309,JUNE0525-B162,1617DC1ACCE6B50ED2D1359582A70A8B8503C569623EE90C18C6B33542796207,Tester/logs/20261011.log,984840,2026-06-04,14:30,B162ORIGIN,"HE	0	00:09:04.445	Core 04	2026.06.04 14:30:00   [SRJ-IND] B162ORIGIN sym=USDJPY bar=2026.06.04 14:25 side=B n=23 origin=2945 range=159.579-159.675 formT=2026.06.03 10:50 set=65,78,212,256,261,313,414,447,449,460,696,714,724,1405,1779,1780,1949,2509,2566,2648,2716,2720,2945"
1310,JUNE0525-B162,1617DC1ACCE6B50ED2D1359582A70A8B8503C569623EE90C18C6B33542796207,Tester/logs/20261011.log,984841,2026-06-04,14:30,B162ORIGIN,"RG	0	00:09:04.445	Core 04	2026.06.04 14:30:00   [SRJ-IND] B162ORIGIN sym=USDJPY bar=2026.06.04 14:25 side=S n=0 origin=NONE range=- formT=- set=-"
1311,JUNE0525-B162,1617DC1ACCE6B50ED2D1359582A70A8B8503C569623EE90C18C6B33542796207,Tester/logs/20261011.log,984849,2026-06-04,14:35,B152PR,"LQ	0	00:09:04.445	Core 04	2026.06.04 14:35:00   [SRJ-IND] B152PR sym=USDJPY bar=2026.06.04 14:30 z1=65,B,156.672,156.773,2026.05.11 04:10,1,2026.05.12 08:55,157.714,156.726"
1312,JUNE0525-B162,1617DC1ACCE6B50ED2D1359582A70A8B8503C569623EE90C18C6B33542796207,Tester/logs/20261011.log,984850,2026-06-04,14:35,B152PR,"LG	0	00:09:04.445	Core 04	2026.06.04 14:35:00   [SRJ-IND] B152PR sym=USDJPY bar=2026.06.04 14:30 z1=78,B,156.578,156.584,2026.05.11 00:35,1,2026.05.11 00:40,156.644,156.537"
1313,JUNE0525-B162,1617DC1ACCE6B50ED2D1359582A70A8B8503C569623EE90C18C6B33542796207,Tester/logs/20261011.log,984851,2026-06-04,14:35,B152PR,"NN	0	00:09:04.445	Core 04	2026.06.04 14:35:00   [SRJ-IND] B152PR sym=USDJPY bar=2026.06.04 14:30 z1=212,B,157.028,157.060,2026.05.11 19:20,1,2026.05.12 00:00,157.152,157.050"
1314,JUNE0525-B162,1617DC1ACCE6B50ED2D1359582A70A8B8503C569623EE90C18C6B33542796207,Tester/logs/20261011.log,984852,2026-06-04,14:35,B152PR,"RP	0	00:09:04.445	Core 04	2026.06.04 14:35:00   [SRJ-IND] B152PR sym=USDJPY bar=2026.06.04 14:30 z1=256,B,157.172,157.178,2026.05.12 01:25,1,2026.05.12 08:55,157.714,156.726"
1315,JUNE0525-B162,1617DC1ACCE6B50ED2D1359582A70A8B8503C569623EE90C18C6B33542796207,Tester/logs/20261011.log,984853,2026-06-04,14:35,B152PR,"DJ	0	00:09:04.445	Core 04	2026.06.04 14:35:00   [SRJ-IND] B152PR sym=USDJPY bar=2026.06.04 14:30 z1=261,B,157.184,157.192,2026.05.12 03:00,1,2026.05.12 08:55,157.714,156.726"
1316,JUNE0525-B162,1617DC1ACCE6B50ED2D1359582A70A8B8503C569623EE90C18C6B33542796207,Tester/logs/20261011.log,984854,2026-06-04,14:35,B152PR,"DO	0	00:09:04.445	Core 04	2026.06.04 14:35:00   [SRJ-IND] B152PR sym=USDJPY bar=2026.06.04 14:30 z1=313,B,157.331,157.497,2026.05.12 10:00,1,2026.05.12 10:10,157.546,157.487"
1317,JUNE0525-B162,1617DC1ACCE6B50ED2D1359582A70A8B8503C569623EE90C18C6B33542796207,Tester/logs/20261011.log,984855,2026-06-04,14:35,B152PR,"MQ	0	00:09:04.445	Core 04	2026.06.04 14:35:00   [SRJ-IND] B152PR sym=USDJPY bar=2026.06.04 14:30 z1=414,B,157.517,157.589,2026.05.13 01:10,1,2026.05.13 01:20,157.607,157.587"
1318,JUNE0525-B162,1617DC1ACCE6B50ED2D1359582A70A8B8503C569623EE90C18C6B33542796207,Tester/logs/20261011.log,984856,2026-06-04,14:35,B152PR,"FK	0	00:09:04.445	Core 04	2026.06.04 14:35:00   [SRJ-IND] B152PR sym=USDJPY bar=2026.06.04 14:30 z1=447,B,157.562,157.648,2026.05.13 06:20,1,2026.05.13 06:25,157.662,157.648"
1319,JUNE0525-B162,1617DC1ACCE6B50ED2D1359582A70A8B8503C569623EE90C18C6B33542796207,Tester/logs/20261011.log,984857,2026-06-04,14:35,B152PR,"IM	0	00:09:04.445	Core 04	2026.06.04 14:35:00   [SRJ-IND] B152PR sym=USDJPY bar=2026.06.04 14:30 z1=449,B,157.599,157.654,2026.05.13 05:15,1,2026.05.13 05:45,157.687,157.652"
1320,JUNE0525-B162,1617DC1ACCE6B50ED2D1359582A70A8B8503C569623EE90C18C6B33542796207,Tester/logs/20261011.log,984858,2026-06-04,14:35,B152PR,"DG	0	00:09:04.445	Core 04	2026.06.04 14:35:00   [SRJ-IND] B152PR sym=USDJPY bar=2026.06.04 14:30 z1=460,B,157.645,157.660,2026.05.13 07:05,1,2026.05.14 00:25,157.812,157.650"
1321,JUNE0525-B162,1617DC1ACCE6B50ED2D1359582A70A8B8503C569623EE90C18C6B33542796207,Tester/logs/20261011.log,984859,2026-06-04,14:35,B152PR,"HI	0	00:09:04.445	Core 04	2026.06.04 14:35:00   [SRJ-IND] B152PR sym=USDJPY bar=2026.06.04 14:30 z1=696,B,157.568,158.167,2026.05.14 18:05,1,2026.05.14 18:10,158.191,158.119"
1322,JUNE0525-B162,1617DC1ACCE6B50ED2D1359582A70A8B8503C569623EE90C18C6B33542796207,Tester/logs/20261011.log,984860,2026-06-04,14:35,B152PR,"LS	0	00:09:04.445	Core 04	2026.06.04 14:35:00   [SRJ-IND] B152PR sym=USDJPY bar=2026.06.04 14:30 z1=714,B,158.107,158.142,2026.05.14 19:30,1,2026.05.14 20:00,158.169,158.142"
1323,JUNE0525-B162,1617DC1ACCE6B50ED2D1359582A70A8B8503C569623EE90C18C6B33542796207,Tester/logs/20261011.log,984861,2026-06-04,14:35,B152PR,"QE	0	00:09:04.445	Core 04	2026.06.04 14:35:00   [SRJ-IND] B152PR sym=USDJPY bar=2026.06.04 14:30 z1=724,B,158.168,158.186,2026.05.14 21:00,1,2026.05.14 21:05,158.191,158.182"
1324,JUNE0525-B162,1617DC1ACCE6B50ED2D1359582A70A8B8503C569623EE90C18C6B33542796207,Tester/logs/20261011.log,984862,2026-06-04,14:35,B152PR,"GM	0	00:09:04.445	Core 04	2026.06.04 14:35:00   [SRJ-IND] B152PR sym=USDJPY bar=2026.06.04 14:30 z1=1405,B,158.735,158.769,2026.05.20 19:00,1,2026.05.20 19:05,158.816,158.753"
1325,JUNE0525-B162,1617DC1ACCE6B50ED2D1359582A70A8B8503C569623EE90C18C6B33542796207,Tester/logs/20261011.log,984863,2026-06-04,14:35,B152PR,"MS	0	00:09:04.445	Core 04	2026.06.04 14:35:00   [SRJ-IND] B152PR sym=USDJPY bar=2026.06.04 14:30 z1=1779,B,158.756,158.800,2026.05.25 06:45,1,2026.05.26 00:00,158.887,158.784"
1326,JUNE0525-B162,1617DC1ACCE6B50ED2D1359582A70A8B8503C569623EE90C18C6B33542796207,Tester/logs/20261011.log,984864,2026-06-04,14:35,B152PR,"PI	0	00:09:04.445	Core 04	2026.06.04 14:35:00   [SRJ-IND] B152PR sym=USDJPY bar=2026.06.04 14:30 z1=1780,B,158.789,158.814,2026.05.25 04:50,1,2026.05.26 00:00,158.887,158.784"
1327,JUNE0525-B162,1617DC1ACCE6B50ED2D1359582A70A8B8503C569623EE90C18C6B33542796207,Tester/logs/20261011.log,984865,2026-06-04,14:35,B152PR,"IO	0	00:09:04.445	Core 04	2026.06.04 14:35:00   [SRJ-IND] B152PR sym=USDJPY bar=2026.06.04 14:30 z1=1949,B,158.916,158.934,2026.05.26 07:25,1,2026.05.26 07:30,158.942,158.934"
1328,JUNE0525-B162,1617DC1ACCE6B50ED2D1359582A70A8B8503C569623EE90C18C6B33542796207,Tester/logs/20261011.log,984866,2026-06-04,14:35,B152PR,"PE	0	00:09:04.445	Core 04	2026.06.04 14:35:00   [SRJ-IND] B152PR sym=USDJPY bar=2026.06.04 14:30 z1=2509,B,159.134,159.195,2026.05.29 19:10,1,2026.05.29 19:35,159.215,159.186"
1329,JUNE0525-B162,1617DC1ACCE6B50ED2D1359582A70A8B8503C569623EE90C18C6B33542796207,Tester/logs/20261011.log,984867,2026-06-04,14:35,B152PR,"QK	0	00:09:04.445	Core 04	2026.06.04 14:35:00   [SRJ-IND] B152PR sym=USDJPY bar=2026.06.04 14:30 z1=2566,B,159.382,159.407,2026.06.01 03:15,1,2026.06.03 11:30,159.790,159.368"
1330,JUNE0525-B162,1617DC1ACCE6B50ED2D1359582A70A8B8503C569623EE90C18C6B33542796207,Tester/logs/20261011.log,984868,2026-06-04,14:35,B152PR,"GQ	0	00:09:04.445	Core 04	2026.06.04 14:35:00   [SRJ-IND] B152PR sym=USDJPY bar=2026.06.04 14:30 z1=2648,B,159.435,159.481,2026.06.01 16:00,1,2026.06.03 11:30,159.790,159.368"
1331,JUNE0525-B162,1617DC1ACCE6B50ED2D1359582A70A8B8503C569623EE90C18C6B33542796207,Tester/logs/20261011.log,984869,2026-06-04,14:35,B152PR,"LG	0	00:09:04.445	Core 04	2026.06.04 14:35:00   [SRJ-IND] B152PR sym=USDJPY bar=2026.06.04 14:30 z1=2716,B,159.576,159.603,2026.06.02 03:10,1,2026.06.03 10:35,159.787,159.550"
1332,JUNE0525-B162,1617DC1ACCE6B50ED2D1359582A70A8B8503C569623EE90C18C6B33542796207,Tester/logs/20261011.log,984870,2026-06-04,14:35,B152PR,"FM	0	00:09:04.445	Core 04	2026.06.04 14:35:00   [SRJ-IND] B152PR sym=USDJPY bar=2026.06.04 14:30 z1=2720,B,159.586,159.605,2026.06.02 01:05,1,2026.06.03 10:35,159.787,159.550"
1333,JUNE0525-B162,1617DC1ACCE6B50ED2D1359582A70A8B8503C569623EE90C18C6B33542796207,Tester/logs/20261011.log,984871,2026-06-04,14:35,B152PR,"JS	0	00:09:04.445	Core 04	2026.06.04 14:35:00   [SRJ-IND] B152PR sym=USDJPY bar=2026.06.04 14:30 z1=2945,B,159.579,159.675,2026.06.03 11:15,1,2026.06.03 11:25,159.727,159.674"
1334,JUNE0525-B162,1617DC1ACCE6B50ED2D1359582A70A8B8503C569623EE90C18C6B33542796207,Tester/logs/20261011.log,984872,2026-06-04,14:35,B152PR,"LK	0	00:09:04.445	Core 04	2026.06.04 14:35:00   [SRJ-IND] B152PR sym=USDJPY bar=2026.06.04 14:30 bull=1 bear=0 nz=23"
1335,JUNE0525-B162,1617DC1ACCE6B50ED2D1359582A70A8B8503C569623EE90C18C6B33542796207,Tester/logs/20261011.log,984873,2026-06-04,14:35,B162ORIGIN,"KJ	0	00:09:04.445	Core 04	2026.06.04 14:35:00   [SRJ-IND] B162ORIGIN sym=USDJPY bar=2026.06.04 14:30 side=B n=23 origin=2945 range=159.579-159.675 formT=2026.06.03 10:50 set=65,78,212,256,261,313,414,447,449,460,696,714,724,1405,1779,1780,1949,2509,2566,2648,2716,2720,2945"
1336,JUNE0525-B162,1617DC1ACCE6B50ED2D1359582A70A8B8503C569623EE90C18C6B33542796207,Tester/logs/20261011.log,984874,2026-06-04,14:35,B162ORIGIN,"EG	0	00:09:04.445	Core 04	2026.06.04 14:35:00   [SRJ-IND] B162ORIGIN sym=USDJPY bar=2026.06.04 14:30 side=S n=0 origin=NONE range=- formT=- set=-"
1337,JUNE0525-B162,1617DC1ACCE6B50ED2D1359582A70A8B8503C569623EE90C18C6B33542796207,Tester/logs/20261011.log,984884,2026-06-04,14:40,B152PR,"QG	0	00:09:04.445	Core 04	2026.06.04 14:40:00   [SRJ-IND] B152PR sym=USDJPY bar=2026.06.04 14:35 z1=65,B,156.672,156.773,2026.05.11 04:10,1,2026.05.12 08:55,157.714,156.726"
1338,JUNE0525-B162,1617DC1ACCE6B50ED2D1359582A70A8B8503C569623EE90C18C6B33542796207,Tester/logs/20261011.log,984885,2026-06-04,14:40,B152PR,"QM	0	00:09:04.445	Core 04	2026.06.04 14:40:00   [SRJ-IND] B152PR sym=USDJPY bar=2026.06.04 14:35 z1=78,B,156.578,156.584,2026.05.11 00:35,1,2026.05.11 00:40,156.644,156.537"
1339,JUNE0525-B162,1617DC1ACCE6B50ED2D1359582A70A8B8503C569623EE90C18C6B33542796207,Tester/logs/20261011.log,984886,2026-06-04,14:40,B152PR,"OP	0	00:09:04.445	Core 04	2026.06.04 14:40:00   [SRJ-IND] B152PR sym=USDJPY bar=2026.06.04 14:35 z1=212,B,157.028,157.060,2026.05.11 19:20,1,2026.05.12 00:00,157.152,157.050"
1340,JUNE0525-B162,1617DC1ACCE6B50ED2D1359582A70A8B8503C569623EE90C18C6B33542796207,Tester/logs/20261011.log,984887,2026-06-04,14:40,B152PR,"KJ	0	00:09:04.445	Core 04	2026.06.04 14:40:00   [SRJ-IND] B152PR sym=USDJPY bar=2026.06.04 14:35 z1=256,B,157.172,157.178,2026.05.12 01:25,1,2026.05.12 08:55,157.714,156.726"
1341,JUNE0525-B162,1617DC1ACCE6B50ED2D1359582A70A8B8503C569623EE90C18C6B33542796207,Tester/logs/20261011.log,984888,2026-06-04,14:40,B152PR,"IL	0	00:09:04.445	Core 04	2026.06.04 14:40:00   [SRJ-IND] B152PR sym=USDJPY bar=2026.06.04 14:35 z1=261,B,157.184,157.192,2026.05.12 03:00,1,2026.05.12 08:55,157.714,156.726"
1342,JUNE0525-B162,1617DC1ACCE6B50ED2D1359582A70A8B8503C569623EE90C18C6B33542796207,Tester/logs/20261011.log,984889,2026-06-04,14:40,B152PR,"IQ	0	00:09:04.445	Core 04	2026.06.04 14:40:00   [SRJ-IND] B152PR sym=USDJPY bar=2026.06.04 14:35 z1=313,B,157.331,157.497,2026.05.12 10:00,1,2026.05.12 10:10,157.546,157.487"
1343,JUNE0525-B162,1617DC1ACCE6B50ED2D1359582A70A8B8503C569623EE90C18C6B33542796207,Tester/logs/20261011.log,984890,2026-06-04,14:40,B152PR,"PK	0	00:09:04.445	Core 04	2026.06.04 14:40:00   [SRJ-IND] B152PR sym=USDJPY bar=2026.06.04 14:35 z1=414,B,157.517,157.589,2026.05.13 01:10,1,2026.05.13 01:20,157.607,157.587"
1344,JUNE0525-B162,1617DC1ACCE6B50ED2D1359582A70A8B8503C569623EE90C18C6B33542796207,Tester/logs/20261011.log,984891,2026-06-04,14:40,B152PR,"GM	0	00:09:04.445	Core 04	2026.06.04 14:40:00   [SRJ-IND] B152PR sym=USDJPY bar=2026.06.04 14:35 z1=447,B,157.562,157.648,2026.05.13 06:20,1,2026.05.13 06:25,157.662,157.648"
1345,JUNE0525-B162,1617DC1ACCE6B50ED2D1359582A70A8B8503C569623EE90C18C6B33542796207,Tester/logs/20261011.log,984892,2026-06-04,14:40,B152PR,"DG	0	00:09:04.445	Core 04	2026.06.04 14:40:00   [SRJ-IND] B152PR sym=USDJPY bar=2026.06.04 14:35 z1=449,B,157.599,157.654,2026.05.13 05:15,1,2026.05.13 05:45,157.687,157.652"
1346,JUNE0525-B162,1617DC1ACCE6B50ED2D1359582A70A8B8503C569623EE90C18C6B33542796207,Tester/logs/20261011.log,984893,2026-06-04,14:40,B152PR,"II	0	00:09:04.445	Core 04	2026.06.04 14:40:00   [SRJ-IND] B152PR sym=USDJPY bar=2026.06.04 14:35 z1=460,B,157.645,157.660,2026.05.13 07:05,1,2026.05.14 00:25,157.812,157.650"
1347,JUNE0525-B162,1617DC1ACCE6B50ED2D1359582A70A8B8503C569623EE90C18C6B33542796207,Tester/logs/20261011.log,984894,2026-06-04,14:40,B152PR,"ES	0	00:09:04.445	Core 04	2026.06.04 14:40:00   [SRJ-IND] B152PR sym=USDJPY bar=2026.06.04 14:35 z1=696,B,157.568,158.167,2026.05.14 18:05,1,2026.05.14 18:10,158.191,158.119"
1348,JUNE0525-B162,1617DC1ACCE6B50ED2D1359582A70A8B8503C569623EE90C18C6B33542796207,Tester/logs/20261011.log,984895,2026-06-04,14:40,B152PR,"QE	0	00:09:04.445	Core 04	2026.06.04 14:40:00   [SRJ-IND] B152PR sym=USDJPY bar=2026.06.04 14:35 z1=714,B,158.107,158.142,2026.05.14 19:30,1,2026.05.14 20:00,158.169,158.142"
1349,JUNE0525-B162,1617DC1ACCE6B50ED2D1359582A70A8B8503C569623EE90C18C6B33542796207,Tester/logs/20261011.log,984896,2026-06-04,14:40,B152PR,"LO	0	00:09:04.445	Core 04	2026.06.04 14:40:00   [SRJ-IND] B152PR sym=USDJPY bar=2026.06.04 14:35 z1=724,B,158.168,158.186,2026.05.14 21:00,1,2026.05.14 21:05,158.191,158.182"
1350,JUNE0525-B162,1617DC1ACCE6B50ED2D1359582A70A8B8503C569623EE90C18C6B33542796207,Tester/logs/20261011.log,984897,2026-06-04,14:40,B152PR,"FS	0	00:09:04.445	Core 04	2026.06.04 14:40:00   [SRJ-IND] B152PR sym=USDJPY bar=2026.06.04 14:35 z1=1405,B,158.735,158.769,2026.05.20 19:00,1,2026.05.20 19:05,158.816,158.753"
1351,JUNE0525-B162,1617DC1ACCE6B50ED2D1359582A70A8B8503C569623EE90C18C6B33542796207,Tester/logs/20261011.log,984898,2026-06-04,14:40,B152PR,"PI	0	00:09:04.445	Core 04	2026.06.04 14:40:00   [SRJ-IND] B152PR sym=USDJPY bar=2026.06.04 14:35 z1=1779,B,158.756,158.800,2026.05.25 06:45,1,2026.05.26 00:00,158.887,158.784"
1352,JUNE0525-B162,1617DC1ACCE6B50ED2D1359582A70A8B8503C569623EE90C18C6B33542796207,Tester/logs/20261011.log,984899,2026-06-04,14:40,B152PR,"MO	0	00:09:04.445	Core 04	2026.06.04 14:40:00   [SRJ-IND] B152PR sym=USDJPY bar=2026.06.04 14:35 z1=1780,B,158.789,158.814,2026.05.25 04:50,1,2026.05.26 00:00,158.887,158.784"
1353,JUNE0525-B162,1617DC1ACCE6B50ED2D1359582A70A8B8503C569623EE90C18C6B33542796207,Tester/logs/20261011.log,984900,2026-06-04,14:40,B152PR,"DE	0	00:09:04.445	Core 04	2026.06.04 14:40:00   [SRJ-IND] B152PR sym=USDJPY bar=2026.06.04 14:35 z1=1949,B,158.916,158.934,2026.05.26 07:25,1,2026.05.26 07:30,158.942,158.934"
1354,JUNE0525-B162,1617DC1ACCE6B50ED2D1359582A70A8B8503C569623EE90C18C6B33542796207,Tester/logs/20261011.log,984901,2026-06-04,14:40,B152PR,"MK	0	00:09:04.445	Core 04	2026.06.04 14:40:00   [SRJ-IND] B152PR sym=USDJPY bar=2026.06.04 14:35 z1=2509,B,159.134,159.195,2026.05.29 19:10,1,2026.05.29 19:35,159.215,159.186"
1355,JUNE0525-B162,1617DC1ACCE6B50ED2D1359582A70A8B8503C569623EE90C18C6B33542796207,Tester/logs/20261011.log,984902,2026-06-04,14:40,B152PR,"LQ	0	00:09:04.445	Core 04	2026.06.04 14:40:00   [SRJ-IND] B152PR sym=USDJPY bar=2026.06.04 14:35 z1=2566,B,159.382,159.407,2026.06.01 03:15,1,2026.06.03 11:30,159.790,159.368"
1356,JUNE0525-B162,1617DC1ACCE6B50ED2D1359582A70A8B8503C569623EE90C18C6B33542796207,Tester/logs/20261011.log,984903,2026-06-04,14:40,B152PR,"FG	0	00:09:04.445	Core 04	2026.06.04 14:40:00   [SRJ-IND] B152PR sym=USDJPY bar=2026.06.04 14:35 z1=2648,B,159.435,159.481,2026.06.01 16:00,1,2026.06.03 11:30,159.790,159.368"
1357,JUNE0525-B162,1617DC1ACCE6B50ED2D1359582A70A8B8503C569623EE90C18C6B33542796207,Tester/logs/20261011.log,984904,2026-06-04,14:40,B152PR,"QM	0	00:09:04.445	Core 04	2026.06.04 14:40:00   [SRJ-IND] B152PR sym=USDJPY bar=2026.06.04 14:35 z1=2716,B,159.576,159.603,2026.06.02 03:10,1,2026.06.03 10:35,159.787,159.550"
1358,JUNE0525-B162,1617DC1ACCE6B50ED2D1359582A70A8B8503C569623EE90C18C6B33542796207,Tester/logs/20261011.log,984905,2026-06-04,14:40,B152PR,"GS	0	00:09:04.445	Core 04	2026.06.04 14:40:00   [SRJ-IND] B152PR sym=USDJPY bar=2026.06.04 14:35 z1=2720,B,159.586,159.605,2026.06.02 01:05,1,2026.06.03 10:35,159.787,159.550"
1359,JUNE0525-B162,1617DC1ACCE6B50ED2D1359582A70A8B8503C569623EE90C18C6B33542796207,Tester/logs/20261011.log,984906,2026-06-04,14:40,B152PR,"CI	0	00:09:04.445	Core 04	2026.06.04 14:40:00   [SRJ-IND] B152PR sym=USDJPY bar=2026.06.04 14:35 z1=2945,B,159.579,159.675,2026.06.03 11:15,1,2026.06.03 11:25,159.727,159.674"
1360,JUNE0525-B162,1617DC1ACCE6B50ED2D1359582A70A8B8503C569623EE90C18C6B33542796207,Tester/logs/20261011.log,984907,2026-06-04,14:40,B152PR,"QM	0	00:09:04.445	Core 04	2026.06.04 14:40:00   [SRJ-IND] B152PR sym=USDJPY bar=2026.06.04 14:35 bull=1 bear=0 nz=23"
1361,JUNE0525-B162,1617DC1ACCE6B50ED2D1359582A70A8B8503C569623EE90C18C6B33542796207,Tester/logs/20261011.log,984908,2026-06-04,14:40,B162ORIGIN,"RP	0	00:09:04.445	Core 04	2026.06.04 14:40:00   [SRJ-IND] B162ORIGIN sym=USDJPY bar=2026.06.04 14:35 side=B n=23 origin=2945 range=159.579-159.675 formT=2026.06.03 10:50 set=65,78,212,256,261,313,414,447,449,460,696,714,724,1405,1779,1780,1949,2509,2566,2648,2716,2720,2945"
1362,JUNE0525-B162,1617DC1ACCE6B50ED2D1359582A70A8B8503C569623EE90C18C6B33542796207,Tester/logs/20261011.log,984909,2026-06-04,14:40,B162ORIGIN,"HM	0	00:09:04.445	Core 04	2026.06.04 14:40:00   [SRJ-IND] B162ORIGIN sym=USDJPY bar=2026.06.04 14:35 side=S n=0 origin=NONE range=- formT=- set=-"
1363,JUNE0525-B162,1617DC1ACCE6B50ED2D1359582A70A8B8503C569623EE90C18C6B33542796207,Tester/logs/20261011.log,984913,2026-06-04,14:40,CQDRECHECK,"CF	0	00:09:04.445	Core 04	2026.06.04 14:40:00   [SRJ-EA] CQDRECHECK shift=2 passA=-2.0 passB=-2.0 diff=0 bar=2026.06.04 14:30 state=IDLE dir=NONE divLatch=0 hit1=0 hit2=598 mism=0"
1364,JUNE0525-B162,1617DC1ACCE6B50ED2D1359582A70A8B8503C569623EE90C18C6B33542796207,Tester/logs/20261011.log,984919,2026-06-04,14:45,B152PR,"PQ	0	00:09:04.445	Core 04	2026.06.04 14:45:11   [SRJ-IND] B152PR sym=USDJPY bar=2026.06.04 14:40 z1=65,B,156.672,156.773,2026.05.11 04:10,1,2026.05.12 08:55,157.714,156.726"
1365,JUNE0525-B162,1617DC1ACCE6B50ED2D1359582A70A8B8503C569623EE90C18C6B33542796207,Tester/logs/20261011.log,984920,2026-06-04,14:45,B152PR,"HG	0	00:09:04.445	Core 04	2026.06.04 14:45:11   [SRJ-IND] B152PR sym=USDJPY bar=2026.06.04 14:40 z1=78,B,156.578,156.584,2026.05.11 00:35,1,2026.05.11 00:40,156.644,156.537"
1366,JUNE0525-B162,1617DC1ACCE6B50ED2D1359582A70A8B8503C569623EE90C18C6B33542796207,Tester/logs/20261011.log,984921,2026-06-04,14:45,B152PR,"RN	0	00:09:04.445	Core 04	2026.06.04 14:45:11   [SRJ-IND] B152PR sym=USDJPY bar=2026.06.04 14:40 z1=212,B,157.028,157.060,2026.05.11 19:20,1,2026.05.12 00:00,157.152,157.050"
1367,JUNE0525-B162,1617DC1ACCE6B50ED2D1359582A70A8B8503C569623EE90C18C6B33542796207,Tester/logs/20261011.log,984922,2026-06-04,14:45,B152PR,"FS	0	00:09:04.445	Core 04	2026.06.04 14:45:11   [SRJ-IND] B152PR sym=USDJPY bar=2026.06.04 14:40 z1=256,B,157.172,157.178,2026.05.12 01:25,1,2026.05.12 08:55,157.714,156.726"
1368,JUNE0525-B162,1617DC1ACCE6B50ED2D1359582A70A8B8503C569623EE90C18C6B33542796207,Tester/logs/20261011.log,984923,2026-06-04,14:45,B152PR,"PE	0	00:09:04.445	Core 04	2026.06.04 14:45:11   [SRJ-IND] B152PR sym=USDJPY bar=2026.06.04 14:40 z1=261,B,157.184,157.192,2026.05.12 03:00,1,2026.05.12 08:55,157.714,156.726"
1369,JUNE0525-B162,1617DC1ACCE6B50ED2D1359582A70A8B8503C569623EE90C18C6B33542796207,Tester/logs/20261011.log,984924,2026-06-04,14:45,B152PR,"HO	0	00:09:04.445	Core 04	2026.06.04 14:45:11   [SRJ-IND] B152PR sym=USDJPY bar=2026.06.04 14:40 z1=313,B,157.331,157.497,2026.05.12 10:00,1,2026.05.12 10:10,157.546,157.487"
1370,JUNE0525-B162,1617DC1ACCE6B50ED2D1359582A70A8B8503C569623EE90C18C6B33542796207,Tester/logs/20261011.log,984925,2026-06-04,14:45,B152PR,"QQ	0	00:09:04.445	Core 04	2026.06.04 14:45:11   [SRJ-IND] B152PR sym=USDJPY bar=2026.06.04 14:40 z1=414,B,157.517,157.589,2026.05.13 01:10,1,2026.05.13 01:20,157.607,157.587"
1371,JUNE0525-B162,1617DC1ACCE6B50ED2D1359582A70A8B8503C569623EE90C18C6B33542796207,Tester/logs/20261011.log,984926,2026-06-04,14:45,B152PR,"RK	0	00:09:04.445	Core 04	2026.06.04 14:45:11   [SRJ-IND] B152PR sym=USDJPY bar=2026.06.04 14:40 z1=447,B,157.562,157.648,2026.05.13 06:20,1,2026.05.13 06:25,157.662,157.648"
1372,JUNE0525-B162,1617DC1ACCE6B50ED2D1359582A70A8B8503C569623EE90C18C6B33542796207,Tester/logs/20261011.log,984927,2026-06-04,14:45,B152PR,"MM	0	00:09:04.445	Core 04	2026.06.04 14:45:11   [SRJ-IND] B152PR sym=USDJPY bar=2026.06.04 14:40 z1=449,B,157.599,157.654,2026.05.13 05:15,1,2026.05.13 05:45,157.687,157.652"
1373,JUNE0525-B162,1617DC1ACCE6B50ED2D1359582A70A8B8503C569623EE90C18C6B33542796207,Tester/logs/20261011.log,984928,2026-06-04,14:45,B152PR,"HG	0	00:09:04.445	Core 04	2026.06.04 14:45:11   [SRJ-IND] B152PR sym=USDJPY bar=2026.06.04 14:40 z1=460,B,157.645,157.660,2026.05.13 07:05,1,2026.05.14 00:25,157.812,157.650"
1374,JUNE0525-B162,1617DC1ACCE6B50ED2D1359582A70A8B8503C569623EE90C18C6B33542796207,Tester/logs/20261011.log,984929,2026-06-04,14:45,B152PR,"DI	0	00:09:04.445	Core 04	2026.06.04 14:45:11   [SRJ-IND] B152PR sym=USDJPY bar=2026.06.04 14:40 z1=696,B,157.568,158.167,2026.05.14 18:05,1,2026.05.14 18:10,158.191,158.119"
1375,JUNE0525-B162,1617DC1ACCE6B50ED2D1359582A70A8B8503C569623EE90C18C6B33542796207,Tester/logs/20261011.log,984930,2026-06-04,14:45,B152PR,"HR	0	00:09:04.445	Core 04	2026.06.04 14:45:11   [SRJ-IND] B152PR sym=USDJPY bar=2026.06.04 14:40 z1=714,B,158.107,158.142,2026.05.14 19:30,1,2026.05.14 20:00,158.169,158.142"
1376,JUNE0525-B162,1617DC1ACCE6B50ED2D1359582A70A8B8503C569623EE90C18C6B33542796207,Tester/logs/20261011.log,984931,2026-06-04,14:45,B152PR,"ED	0	00:09:04.445	Core 04	2026.06.04 14:45:11   [SRJ-IND] B152PR sym=USDJPY bar=2026.06.04 14:40 z1=724,B,158.168,158.186,2026.05.14 21:00,1,2026.05.14 21:05,158.191,158.182"
1377,JUNE0525-B162,1617DC1ACCE6B50ED2D1359582A70A8B8503C569623EE90C18C6B33542796207,Tester/logs/20261011.log,984932,2026-06-04,14:45,B152PR,"CM	0	00:09:04.445	Core 04	2026.06.04 14:45:11   [SRJ-IND] B152PR sym=USDJPY bar=2026.06.04 14:40 z1=1405,B,158.735,158.769,2026.05.20 19:00,1,2026.05.20 19:05,158.816,158.753"
1378,JUNE0525-B162,1617DC1ACCE6B50ED2D1359582A70A8B8503C569623EE90C18C6B33542796207,Tester/logs/20261011.log,984933,2026-06-04,14:45,B152PR,"QS	0	00:09:04.445	Core 04	2026.06.04 14:45:11   [SRJ-IND] B152PR sym=USDJPY bar=2026.06.04 14:40 z1=1779,B,158.756,158.800,2026.05.25 06:45,1,2026.05.26 00:00,158.887,158.784"
1379,JUNE0525-B162,1617DC1ACCE6B50ED2D1359582A70A8B8503C569623EE90C18C6B33542796207,Tester/logs/20261011.log,984934,2026-06-04,14:45,B152PR,"LI	0	00:09:04.445	Core 04	2026.06.04 14:45:11   [SRJ-IND] B152PR sym=USDJPY bar=2026.06.04 14:40 z1=1780,B,158.789,158.814,2026.05.25 04:50,1,2026.05.26 00:00,158.887,158.784"
1380,JUNE0525-B162,1617DC1ACCE6B50ED2D1359582A70A8B8503C569623EE90C18C6B33542796207,Tester/logs/20261011.log,984935,2026-06-04,14:45,B152PR,"EO	0	00:09:04.445	Core 04	2026.06.04 14:45:11   [SRJ-IND] B152PR sym=USDJPY bar=2026.06.04 14:40 z1=1949,B,158.916,158.934,2026.05.26 07:25,1,2026.05.26 07:30,158.942,158.934"
1381,JUNE0525-B162,1617DC1ACCE6B50ED2D1359582A70A8B8503C569623EE90C18C6B33542796207,Tester/logs/20261011.log,984936,2026-06-04,14:45,B152PR,"LE	0	00:09:04.445	Core 04	2026.06.04 14:45:11   [SRJ-IND] B152PR sym=USDJPY bar=2026.06.04 14:40 z1=2509,B,159.134,159.195,2026.05.29 19:10,1,2026.05.29 19:35,159.215,159.186"
1382,JUNE0525-B162,1617DC1ACCE6B50ED2D1359582A70A8B8503C569623EE90C18C6B33542796207,Tester/logs/20261011.log,984937,2026-06-04,14:45,B152PR,"MK	0	00:09:04.445	Core 04	2026.06.04 14:45:11   [SRJ-IND] B152PR sym=USDJPY bar=2026.06.04 14:40 z1=2566,B,159.382,159.407,2026.06.01 03:15,1,2026.06.03 11:30,159.790,159.368"
1383,JUNE0525-B162,1617DC1ACCE6B50ED2D1359582A70A8B8503C569623EE90C18C6B33542796207,Tester/logs/20261011.log,984938,2026-06-04,14:45,B152PR,"CQ	0	00:09:04.445	Core 04	2026.06.04 14:45:11   [SRJ-IND] B152PR sym=USDJPY bar=2026.06.04 14:40 z1=2648,B,159.435,159.481,2026.06.01 16:00,1,2026.06.03 11:30,159.790,159.368"
1384,JUNE0525-B162,1617DC1ACCE6B50ED2D1359582A70A8B8503C569623EE90C18C6B33542796207,Tester/logs/20261011.log,984939,2026-06-04,14:45,B152PR,"PG	0	00:09:04.445	Core 04	2026.06.04 14:45:11   [SRJ-IND] B152PR sym=USDJPY bar=2026.06.04 14:40 z1=2716,B,159.576,159.603,2026.06.02 03:10,1,2026.06.03 10:35,159.787,159.550"
1385,JUNE0525-B162,1617DC1ACCE6B50ED2D1359582A70A8B8503C569623EE90C18C6B33542796207,Tester/logs/20261011.log,984940,2026-06-04,14:45,B152PR,"JM	0	00:09:04.445	Core 04	2026.06.04 14:45:11   [SRJ-IND] B152PR sym=USDJPY bar=2026.06.04 14:40 z1=2720,B,159.586,159.605,2026.06.02 01:05,1,2026.06.03 10:35,159.787,159.550"
1386,JUNE0525-B162,1617DC1ACCE6B50ED2D1359582A70A8B8503C569623EE90C18C6B33542796207,Tester/logs/20261011.log,984941,2026-06-04,14:45,B152PR,"FS	0	00:09:04.445	Core 04	2026.06.04 14:45:11   [SRJ-IND] B152PR sym=USDJPY bar=2026.06.04 14:40 z1=2945,B,159.579,159.675,2026.06.03 11:15,1,2026.06.03 11:25,159.727,159.674"
1387,JUNE0525-B162,1617DC1ACCE6B50ED2D1359582A70A8B8503C569623EE90C18C6B33542796207,Tester/logs/20261011.log,984942,2026-06-04,14:45,B152PR,"PK	0	00:09:04.445	Core 04	2026.06.04 14:45:11   [SRJ-IND] B152PR sym=USDJPY bar=2026.06.04 14:40 bull=1 bear=0 nz=23"
1388,JUNE0525-B162,1617DC1ACCE6B50ED2D1359582A70A8B8503C569623EE90C18C6B33542796207,Tester/logs/20261011.log,984943,2026-06-04,14:45,B162ORIGIN,"GJ	0	00:09:04.445	Core 04	2026.06.04 14:45:11   [SRJ-IND] B162ORIGIN sym=USDJPY bar=2026.06.04 14:40 side=B n=23 origin=2945 range=159.579-159.675 formT=2026.06.03 10:50 set=65,78,212,256,261,313,414,447,449,460,696,714,724,1405,1779,1780,1949,2509,2566,2648,2716,2720,2945"
1389,JUNE0525-B162,1617DC1ACCE6B50ED2D1359582A70A8B8503C569623EE90C18C6B33542796207,Tester/logs/20261011.log,984944,2026-06-04,14:45,B162ORIGIN,"QD	0	00:09:04.445	Core 04	2026.06.04 14:45:11   [SRJ-IND] B162ORIGIN sym=USDJPY bar=2026.06.04 14:40 side=S n=0 origin=NONE range=- formT=- set=-"
1390,JUNE0525-B162,1617DC1ACCE6B50ED2D1359582A70A8B8503C569623EE90C18C6B33542796207,Tester/logs/20261011.log,984955,2026-06-04,14:50,B152PR,"MG	0	00:09:04.445	Core 04	2026.06.04 14:50:02   [SRJ-IND] B152PR sym=USDJPY bar=2026.06.04 14:45 z1=65,B,156.672,156.773,2026.05.11 04:10,1,2026.05.12 08:55,157.714,156.726"
1391,JUNE0525-B162,1617DC1ACCE6B50ED2D1359582A70A8B8503C569623EE90C18C6B33542796207,Tester/logs/20261011.log,984956,2026-06-04,14:50,B152PR,"MM	0	00:09:04.445	Core 04	2026.06.04 14:50:02   [SRJ-IND] B152PR sym=USDJPY bar=2026.06.04 14:45 z1=78,B,156.578,156.584,2026.05.11 00:35,1,2026.05.11 00:40,156.644,156.537"
1392,JUNE0525-B162,1617DC1ACCE6B50ED2D1359582A70A8B8503C569623EE90C18C6B33542796207,Tester/logs/20261011.log,984957,2026-06-04,14:50,B152PR,"KP	0	00:09:04.445	Core 04	2026.06.04 14:50:02   [SRJ-IND] B152PR sym=USDJPY bar=2026.06.04 14:45 z1=212,B,157.028,157.060,2026.05.11 19:20,1,2026.05.12 00:00,157.152,157.050"
1393,JUNE0525-B162,1617DC1ACCE6B50ED2D1359582A70A8B8503C569623EE90C18C6B33542796207,Tester/logs/20261011.log,984958,2026-06-04,14:50,B152PR,"OJ	0	00:09:04.445	Core 04	2026.06.04 14:50:02   [SRJ-IND] B152PR sym=USDJPY bar=2026.06.04 14:45 z1=256,B,157.172,157.178,2026.05.12 01:25,1,2026.05.12 08:55,157.714,156.726"
1394,JUNE0525-B162,1617DC1ACCE6B50ED2D1359582A70A8B8503C569623EE90C18C6B33542796207,Tester/logs/20261011.log,984959,2026-06-04,14:50,B152PR,"EL	0	00:09:04.445	Core 04	2026.06.04 14:50:02   [SRJ-IND] B152PR sym=USDJPY bar=2026.06.04 14:45 z1=261,B,157.184,157.192,2026.05.12 03:00,1,2026.05.12 08:55,157.714,156.726"
1395,JUNE0525-B162,1617DC1ACCE6B50ED2D1359582A70A8B8503C569623EE90C18C6B33542796207,Tester/logs/20261011.log,984960,2026-06-04,14:50,B152PR,"EQ	0	00:09:04.445	Core 04	2026.06.04 14:50:02   [SRJ-IND] B152PR sym=USDJPY bar=2026.06.04 14:45 z1=313,B,157.331,157.497,2026.05.12 10:00,1,2026.05.12 10:10,157.546,157.487"
1396,JUNE0525-B162,1617DC1ACCE6B50ED2D1359582A70A8B8503C569623EE90C18C6B33542796207,Tester/logs/20261011.log,984961,2026-06-04,14:50,B152PR,"LK	0	00:09:04.445	Core 04	2026.06.04 14:50:02   [SRJ-IND] B152PR sym=USDJPY bar=2026.06.04 14:45 z1=414,B,157.517,157.589,2026.05.13 01:10,1,2026.05.13 01:20,157.607,157.587"
1397,JUNE0525-B162,1617DC1ACCE6B50ED2D1359582A70A8B8503C569623EE90C18C6B33542796207,Tester/logs/20261011.log,984962,2026-06-04,14:50,B152PR,"CM	0	00:09:04.445	Core 04	2026.06.04 14:50:02   [SRJ-IND] B152PR sym=USDJPY bar=2026.06.04 14:45 z1=447,B,157.562,157.648,2026.05.13 06:20,1,2026.05.13 06:25,157.662,157.648"
1398,JUNE0525-B162,1617DC1ACCE6B50ED2D1359582A70A8B8503C569623EE90C18C6B33542796207,Tester/logs/20261011.log,984963,2026-06-04,14:50,B152PR,"HG	0	00:09:04.445	Core 04	2026.06.04 14:50:02   [SRJ-IND] B152PR sym=USDJPY bar=2026.06.04 14:45 z1=449,B,157.599,157.654,2026.05.13 05:15,1,2026.05.13 05:45,157.687,157.652"
1399,JUNE0525-B162,1617DC1ACCE6B50ED2D1359582A70A8B8503C569623EE90C18C6B33542796207,Tester/logs/20261011.log,984964,2026-06-04,14:50,B152PR,"EI	0	00:09:04.445	Core 04	2026.06.04 14:50:02   [SRJ-IND] B152PR sym=USDJPY bar=2026.06.04 14:45 z1=460,B,157.645,157.660,2026.05.13 07:05,1,2026.05.14 00:25,157.812,157.650"
1400,JUNE0525-B162,1617DC1ACCE6B50ED2D1359582A70A8B8503C569623EE90C18C6B33542796207,Tester/logs/20261011.log,984965,2026-06-04,14:50,B152PR,"IS	0	00:09:04.445	Core 04	2026.06.04 14:50:02   [SRJ-IND] B152PR sym=USDJPY bar=2026.06.04 14:45 z1=696,B,157.568,158.167,2026.05.14 18:05,1,2026.05.14 18:10,158.191,158.119"
1401,JUNE0525-B162,1617DC1ACCE6B50ED2D1359582A70A8B8503C569623EE90C18C6B33542796207,Tester/logs/20261011.log,984966,2026-06-04,14:50,B152PR,"ME	0	00:09:04.445	Core 04	2026.06.04 14:50:02   [SRJ-IND] B152PR sym=USDJPY bar=2026.06.04 14:45 z1=714,B,158.107,158.142,2026.05.14 19:30,1,2026.05.14 20:00,158.169,158.142"
1402,JUNE0525-B162,1617DC1ACCE6B50ED2D1359582A70A8B8503C569623EE90C18C6B33542796207,Tester/logs/20261011.log,984967,2026-06-04,14:50,B152PR,"PO	0	00:09:04.445	Core 04	2026.06.04 14:50:02   [SRJ-IND] B152PR sym=USDJPY bar=2026.06.04 14:45 z1=724,B,158.168,158.186,2026.05.14 21:00,1,2026.05.14 21:05,158.191,158.182"
1403,JUNE0525-B162,1617DC1ACCE6B50ED2D1359582A70A8B8503C569623EE90C18C6B33542796207,Tester/logs/20261011.log,984968,2026-06-04,14:50,B152PR,"JS	0	00:09:04.445	Core 04	2026.06.04 14:50:02   [SRJ-IND] B152PR sym=USDJPY bar=2026.06.04 14:45 z1=1405,B,158.735,158.769,2026.05.20 19:00,1,2026.05.20 19:05,158.816,158.753"
1404,JUNE0525-B162,1617DC1ACCE6B50ED2D1359582A70A8B8503C569623EE90C18C6B33542796207,Tester/logs/20261011.log,984969,2026-06-04,14:50,B152PR,"LI	0	00:09:04.445	Core 04	2026.06.04 14:50:02   [SRJ-IND] B152PR sym=USDJPY bar=2026.06.04 14:45 z1=1779,B,158.756,158.800,2026.05.25 06:45,1,2026.05.26 00:00,158.887,158.784"
1405,JUNE0525-B162,1617DC1ACCE6B50ED2D1359582A70A8B8503C569623EE90C18C6B33542796207,Tester/logs/20261011.log,984970,2026-06-04,14:50,B152PR,"QO	0	00:09:04.445	Core 04	2026.06.04 14:50:02   [SRJ-IND] B152PR sym=USDJPY bar=2026.06.04 14:45 z1=1780,B,158.789,158.814,2026.05.25 04:50,1,2026.05.26 00:00,158.887,158.784"
1406,JUNE0525-B162,1617DC1ACCE6B50ED2D1359582A70A8B8503C569623EE90C18C6B33542796207,Tester/logs/20261011.log,984971,2026-06-04,14:50,B152PR,"HE	0	00:09:04.445	Core 04	2026.06.04 14:50:02   [SRJ-IND] B152PR sym=USDJPY bar=2026.06.04 14:45 z1=1949,B,158.916,158.934,2026.05.26 07:25,1,2026.05.26 07:30,158.942,158.934"
1407,JUNE0525-B162,1617DC1ACCE6B50ED2D1359582A70A8B8503C569623EE90C18C6B33542796207,Tester/logs/20261011.log,984972,2026-06-04,14:50,B152PR,"QK	0	00:09:04.445	Core 04	2026.06.04 14:50:02   [SRJ-IND] B152PR sym=USDJPY bar=2026.06.04 14:45 z1=2509,B,159.134,159.195,2026.05.29 19:10,1,2026.05.29 19:35,159.215,159.186"
1408,JUNE0525-B162,1617DC1ACCE6B50ED2D1359582A70A8B8503C569623EE90C18C6B33542796207,Tester/logs/20261011.log,984973,2026-06-04,14:50,B152PR,"PQ	0	00:09:04.445	Core 04	2026.06.04 14:50:02   [SRJ-IND] B152PR sym=USDJPY bar=2026.06.04 14:45 z1=2566,B,159.382,159.407,2026.06.01 03:15,1,2026.06.03 11:30,159.790,159.368"
1409,JUNE0525-B162,1617DC1ACCE6B50ED2D1359582A70A8B8503C569623EE90C18C6B33542796207,Tester/logs/20261011.log,984974,2026-06-04,14:50,B152PR,"JG	0	00:09:04.445	Core 04	2026.06.04 14:50:02   [SRJ-IND] B152PR sym=USDJPY bar=2026.06.04 14:45 z1=2648,B,159.435,159.481,2026.06.01 16:00,1,2026.06.03 11:30,159.790,159.368"
1410,JUNE0525-B162,1617DC1ACCE6B50ED2D1359582A70A8B8503C569623EE90C18C6B33542796207,Tester/logs/20261011.log,984975,2026-06-04,14:50,B152PR,"MM	0	00:09:04.445	Core 04	2026.06.04 14:50:02   [SRJ-IND] B152PR sym=USDJPY bar=2026.06.04 14:45 z1=2716,B,159.576,159.603,2026.06.02 03:10,1,2026.06.03 10:35,159.787,159.550"
1411,JUNE0525-B162,1617DC1ACCE6B50ED2D1359582A70A8B8503C569623EE90C18C6B33542796207,Tester/logs/20261011.log,984976,2026-06-04,14:50,B152PR,"CS	0	00:09:04.445	Core 04	2026.06.04 14:50:02   [SRJ-IND] B152PR sym=USDJPY bar=2026.06.04 14:45 z1=2720,B,159.586,159.605,2026.06.02 01:05,1,2026.06.03 10:35,159.787,159.550"
1412,JUNE0525-B162,1617DC1ACCE6B50ED2D1359582A70A8B8503C569623EE90C18C6B33542796207,Tester/logs/20261011.log,984977,2026-06-04,14:50,B152PR,"GI	0	00:09:04.445	Core 04	2026.06.04 14:50:02   [SRJ-IND] B152PR sym=USDJPY bar=2026.06.04 14:45 z1=2945,B,159.579,159.675,2026.06.03 11:15,1,2026.06.03 11:25,159.727,159.674"
1413,JUNE0525-B162,1617DC1ACCE6B50ED2D1359582A70A8B8503C569623EE90C18C6B33542796207,Tester/logs/20261011.log,984978,2026-06-04,14:50,B152PR,"PN	0	00:09:04.445	Core 04	2026.06.04 14:50:02   [SRJ-IND] B152PR sym=USDJPY bar=2026.06.04 14:45 z1=3100,S,159.803,159.870,2026.06.04 14:40,1,2026.06.04 14:45,159.814,159.755"
1414,JUNE0525-B162,1617DC1ACCE6B50ED2D1359582A70A8B8503C569623EE90C18C6B33542796207,Tester/logs/20261011.log,984979,2026-06-04,14:50,B152PR,"OG	0	00:09:04.445	Core 04	2026.06.04 14:50:02   [SRJ-IND] B152PR sym=USDJPY bar=2026.06.04 14:45 bull=1 bear=1 nz=24"
1415,JUNE0525-B162,1617DC1ACCE6B50ED2D1359582A70A8B8503C569623EE90C18C6B33542796207,Tester/logs/20261011.log,984980,2026-06-04,14:50,B162ORIGIN,"NN	0	00:09:04.445	Core 04	2026.06.04 14:50:02   [SRJ-IND] B162ORIGIN sym=USDJPY bar=2026.06.04 14:45 side=B n=23 origin=2945 range=159.579-159.675 formT=2026.06.03 10:50 set=65,78,212,256,261,313,414,447,449,460,696,714,724,1405,1779,1780,1949,2509,2566,2648,2716,2720,2945"
1416,JUNE0525-B162,1617DC1ACCE6B50ED2D1359582A70A8B8503C569623EE90C18C6B33542796207,Tester/logs/20261011.log,984981,2026-06-04,14:50,B162ORIGIN,"IJ	0	00:09:04.445	Core 04	2026.06.04 14:50:02   [SRJ-IND] B162ORIGIN sym=USDJPY bar=2026.06.04 14:45 side=S n=1 origin=3100 range=159.803-159.870 formT=2026.06.04 07:45 set=3100"
1417,JUNE0525-B162,1617DC1ACCE6B50ED2D1359582A70A8B8503C569623EE90C18C6B33542796207,Tester/logs/20261011.log,984989,2026-06-04,14:55,B152PR,"FD	0	00:09:04.445	Core 04	2026.06.04 14:55:00   [SRJ-IND] B152PR sym=USDJPY bar=2026.06.04 14:50 z1=65,B,156.672,156.773,2026.05.11 04:10,1,2026.05.12 08:55,157.714,156.726"
1418,JUNE0525-B162,1617DC1ACCE6B50ED2D1359582A70A8B8503C569623EE90C18C6B33542796207,Tester/logs/20261011.log,984990,2026-06-04,14:55,B152PR,"FJ	0	00:09:04.445	Core 04	2026.06.04 14:55:00   [SRJ-IND] B152PR sym=USDJPY bar=2026.06.04 14:50 z1=78,B,156.578,156.584,2026.05.11 00:35,1,2026.05.11 00:40,156.644,156.537"
1419,JUNE0525-B162,1617DC1ACCE6B50ED2D1359582A70A8B8503C569623EE90C18C6B33542796207,Tester/logs/20261011.log,984991,2026-06-04,14:55,B152PR,"DR	0	00:09:04.445	Core 04	2026.06.04 14:55:00   [SRJ-IND] B152PR sym=USDJPY bar=2026.06.04 14:50 z1=212,B,157.028,157.060,2026.05.11 19:20,1,2026.05.12 00:00,157.152,157.050"
1420,JUNE0525-B162,1617DC1ACCE6B50ED2D1359582A70A8B8503C569623EE90C18C6B33542796207,Tester/logs/20261011.log,984992,2026-06-04,14:55,B152PR,"DD	0	00:09:04.445	Core 04	2026.06.04 14:55:00   [SRJ-IND] B152PR sym=USDJPY bar=2026.06.04 14:50 z1=256,B,157.172,157.178,2026.05.12 01:25,1,2026.05.12 08:55,157.714,156.726"
1421,JUNE0525-B162,1617DC1ACCE6B50ED2D1359582A70A8B8503C569623EE90C18C6B33542796207,Tester/logs/20261011.log,984993,2026-06-04,14:55,B152PR,"NN	0	00:09:04.445	Core 04	2026.06.04 14:55:00   [SRJ-IND] B152PR sym=USDJPY bar=2026.06.04 14:50 z1=261,B,157.184,157.192,2026.05.12 03:00,1,2026.05.12 08:55,157.714,156.726"
1422,JUNE0525-B162,1617DC1ACCE6B50ED2D1359582A70A8B8503C569623EE90C18C6B33542796207,Tester/logs/20261011.log,984994,2026-06-04,14:55,B152PR,"JP	0	00:09:04.445	Core 04	2026.06.04 14:55:00   [SRJ-IND] B152PR sym=USDJPY bar=2026.06.04 14:50 z1=313,B,157.331,157.497,2026.05.12 10:00,1,2026.05.12 10:10,157.546,157.487"
1423,JUNE0525-B162,1617DC1ACCE6B50ED2D1359582A70A8B8503C569623EE90C18C6B33542796207,Tester/logs/20261011.log,984995,2026-06-04,14:55,B152PR,"CJ	0	00:09:04.445	Core 04	2026.06.04 14:55:00   [SRJ-IND] B152PR sym=USDJPY bar=2026.06.04 14:50 z1=414,B,157.517,157.589,2026.05.13 01:10,1,2026.05.13 01:20,157.607,157.587"
1424,JUNE0525-B162,1617DC1ACCE6B50ED2D1359582A70A8B8503C569623EE90C18C6B33542796207,Tester/logs/20261011.log,984996,2026-06-04,14:55,B152PR,"PL	0	00:09:04.445	Core 04	2026.06.04 14:55:00   [SRJ-IND] B152PR sym=USDJPY bar=2026.06.04 14:50 z1=447,B,157.562,157.648,2026.05.13 06:20,1,2026.05.13 06:25,157.662,157.648"
1425,JUNE0525-B162,1617DC1ACCE6B50ED2D1359582A70A8B8503C569623EE90C18C6B33542796207,Tester/logs/20261011.log,984997,2026-06-04,14:55,B152PR,"OF	0	00:09:04.445	Core 04	2026.06.04 14:55:00   [SRJ-IND] B152PR sym=USDJPY bar=2026.06.04 14:50 z1=449,B,157.599,157.654,2026.05.13 05:15,1,2026.05.13 05:45,157.687,157.652"
1426,JUNE0525-B162,1617DC1ACCE6B50ED2D1359582A70A8B8503C569623EE90C18C6B33542796207,Tester/logs/20261011.log,984998,2026-06-04,14:55,B152PR,"JH	0	00:09:04.445	Core 04	2026.06.04 14:55:00   [SRJ-IND] B152PR sym=USDJPY bar=2026.06.04 14:50 z1=460,B,157.645,157.660,2026.05.13 07:05,1,2026.05.14 00:25,157.812,157.650"
1427,JUNE0525-B162,1617DC1ACCE6B50ED2D1359582A70A8B8503C569623EE90C18C6B33542796207,Tester/logs/20261011.log,984999,2026-06-04,14:55,B152PR,"RM	0	00:09:04.445	Core 04	2026.06.04 14:55:00   [SRJ-IND] B152PR sym=USDJPY bar=2026.06.04 14:50 z1=696,B,157.568,158.167,2026.05.14 18:05,1,2026.05.14 18:10,158.191,158.119"
1428,JUNE0525-B162,1617DC1ACCE6B50ED2D1359582A70A8B8503C569623EE90C18C6B33542796207,Tester/logs/20261011.log,985000,2026-06-04,14:55,B152PR,"JG	0	00:09:04.445	Core 04	2026.06.04 14:55:00   [SRJ-IND] B152PR sym=USDJPY bar=2026.06.04 14:50 z1=714,B,158.107,158.142,2026.05.14 19:30,1,2026.05.14 20:00,158.169,158.142"
1429,JUNE0525-B162,1617DC1ACCE6B50ED2D1359582A70A8B8503C569623EE90C18C6B33542796207,Tester/logs/20261011.log,985001,2026-06-04,14:55,B152PR,"GI	0	00:09:04.445	Core 04	2026.06.04 14:55:00   [SRJ-IND] B152PR sym=USDJPY bar=2026.06.04 14:50 z1=724,B,158.168,158.186,2026.05.14 21:00,1,2026.05.14 21:05,158.191,158.182"
1430,JUNE0525-B162,1617DC1ACCE6B50ED2D1359582A70A8B8503C569623EE90C18C6B33542796207,Tester/logs/20261011.log,985002,2026-06-04,14:55,B152PR,"EP	0	00:09:04.445	Core 04	2026.06.04 14:55:00   [SRJ-IND] B152PR sym=USDJPY bar=2026.06.04 14:50 z1=1405,B,158.735,158.769,2026.05.20 19:00,1,2026.05.20 19:05,158.816,158.753"
1431,JUNE0525-B162,1617DC1ACCE6B50ED2D1359582A70A8B8503C569623EE90C18C6B33542796207,Tester/logs/20261011.log,985003,2026-06-04,14:55,B152PR,"OF	0	00:09:04.445	Core 04	2026.06.04 14:55:00   [SRJ-IND] B152PR sym=USDJPY bar=2026.06.04 14:50 z1=1779,B,158.756,158.800,2026.05.25 06:45,1,2026.05.26 00:00,158.887,158.784"
1432,JUNE0525-B162,1617DC1ACCE6B50ED2D1359582A70A8B8503C569623EE90C18C6B33542796207,Tester/logs/20261011.log,985004,2026-06-04,14:55,B152PR,"NL	0	00:09:04.445	Core 04	2026.06.04 14:55:00   [SRJ-IND] B152PR sym=USDJPY bar=2026.06.04 14:50 z1=1780,B,158.789,158.814,2026.05.25 04:50,1,2026.05.26 00:00,158.887,158.784"
1433,JUNE0525-B162,1617DC1ACCE6B50ED2D1359582A70A8B8503C569623EE90C18C6B33542796207,Tester/logs/20261011.log,985005,2026-06-04,14:55,B152PR,"CR	0	00:09:04.445	Core 04	2026.06.04 14:55:00   [SRJ-IND] B152PR sym=USDJPY bar=2026.06.04 14:50 z1=1949,B,158.916,158.934,2026.05.26 07:25,1,2026.05.26 07:30,158.942,158.934"
1434,JUNE0525-B162,1617DC1ACCE6B50ED2D1359582A70A8B8503C569623EE90C18C6B33542796207,Tester/logs/20261011.log,985006,2026-06-04,14:55,B152PR,"NH	0	00:09:04.445	Core 04	2026.06.04 14:55:00   [SRJ-IND] B152PR sym=USDJPY bar=2026.06.04 14:50 z1=2509,B,159.134,159.195,2026.05.29 19:10,1,2026.05.29 19:35,159.215,159.186"
1435,JUNE0525-B162,1617DC1ACCE6B50ED2D1359582A70A8B8503C569623EE90C18C6B33542796207,Tester/logs/20261011.log,985007,2026-06-04,14:55,B152PR,"KN	0	00:09:04.445	Core 04	2026.06.04 14:55:00   [SRJ-IND] B152PR sym=USDJPY bar=2026.06.04 14:50 z1=2566,B,159.382,159.407,2026.06.01 03:15,1,2026.06.03 11:30,159.790,159.368"
1436,JUNE0525-B162,1617DC1ACCE6B50ED2D1359582A70A8B8503C569623EE90C18C6B33542796207,Tester/logs/20261011.log,985008,2026-06-04,14:55,B152PR,"ED	0	00:09:04.445	Core 04	2026.06.04 14:55:00   [SRJ-IND] B152PR sym=USDJPY bar=2026.06.04 14:50 z1=2648,B,159.435,159.481,2026.06.01 16:00,1,2026.06.03 11:30,159.790,159.368"
1437,JUNE0525-B162,1617DC1ACCE6B50ED2D1359582A70A8B8503C569623EE90C18C6B33542796207,Tester/logs/20261011.log,985009,2026-06-04,14:55,B152PR,"RJ	0	00:09:04.445	Core 04	2026.06.04 14:55:00   [SRJ-IND] B152PR sym=USDJPY bar=2026.06.04 14:50 z1=2716,B,159.576,159.603,2026.06.02 03:10,1,2026.06.03 10:35,159.787,159.550"
1438,JUNE0525-B162,1617DC1ACCE6B50ED2D1359582A70A8B8503C569623EE90C18C6B33542796207,Tester/logs/20261011.log,985010,2026-06-04,14:55,B152PR,"HP	0	00:09:04.445	Core 04	2026.06.04 14:55:00   [SRJ-IND] B152PR sym=USDJPY bar=2026.06.04 14:50 z1=2720,B,159.586,159.605,2026.06.02 01:05,1,2026.06.03 10:35,159.787,159.550"
1439,JUNE0525-B162,1617DC1ACCE6B50ED2D1359582A70A8B8503C569623EE90C18C6B33542796207,Tester/logs/20261011.log,985011,2026-06-04,14:55,B152PR,"DF	0	00:09:04.445	Core 04	2026.06.04 14:55:00   [SRJ-IND] B152PR sym=USDJPY bar=2026.06.04 14:50 z1=2945,B,159.579,159.675,2026.06.03 11:15,1,2026.06.03 11:25,159.727,159.674"
1440,JUNE0525-B162,1617DC1ACCE6B50ED2D1359582A70A8B8503C569623EE90C18C6B33542796207,Tester/logs/20261011.log,985012,2026-06-04,14:55,B152PR,"KM	0	00:09:04.445	Core 04	2026.06.04 14:55:00   [SRJ-IND] B152PR sym=USDJPY bar=2026.06.04 14:50 z1=3100,S,159.803,159.870,2026.06.04 14:40,1,2026.06.04 14:45,159.814,159.755"
1441,JUNE0525-B162,1617DC1ACCE6B50ED2D1359582A70A8B8503C569623EE90C18C6B33542796207,Tester/logs/20261011.log,985013,2026-06-04,14:55,B152PR,"LP	0	00:09:04.445	Core 04	2026.06.04 14:55:00   [SRJ-IND] B152PR sym=USDJPY bar=2026.06.04 14:50 bull=1 bear=1 nz=24"
1442,JUNE0525-B162,1617DC1ACCE6B50ED2D1359582A70A8B8503C569623EE90C18C6B33542796207,Tester/logs/20261011.log,985014,2026-06-04,14:55,B162ORIGIN,"IO	0	00:09:04.445	Core 04	2026.06.04 14:55:00   [SRJ-IND] B162ORIGIN sym=USDJPY bar=2026.06.04 14:50 side=B n=23 origin=2945 range=159.579-159.675 formT=2026.06.03 10:50 set=65,78,212,256,261,313,414,447,449,460,696,714,724,1405,1779,1780,1949,2509,2566,2648,2716,2720,2945"
1443,JUNE0525-B162,1617DC1ACCE6B50ED2D1359582A70A8B8503C569623EE90C18C6B33542796207,Tester/logs/20261011.log,985015,2026-06-04,14:55,B162ORIGIN,"RH	0	00:09:04.445	Core 04	2026.06.04 14:55:00   [SRJ-IND] B162ORIGIN sym=USDJPY bar=2026.06.04 14:50 side=S n=1 origin=3100 range=159.803-159.870 formT=2026.06.04 07:45 set=3100"
1444,JUNE0525-B162,1617DC1ACCE6B50ED2D1359582A70A8B8503C569623EE90C18C6B33542796207,Tester/logs/20261011.log,985020,2026-06-04,14:55,CQDRECHECK,"LD	0	00:09:04.445	Core 04	2026.06.04 14:55:00   [SRJ-EA] CQDRECHECK shift=2 passA=1.0 passB=1.0 diff=0 bar=2026.06.04 14:45 state=IDLE dir=NONE divLatch=0 hit1=0 hit2=599 mism=0"
1445,JUNE0525-B162,1617DC1ACCE6B50ED2D1359582A70A8B8503C569623EE90C18C6B33542796207,Tester/logs/20261011.log,985025,2026-06-04,15:00,B152PR,"FL	0	00:09:04.445	Core 04	2026.06.04 15:00:00   [SRJ-IND] B152PR sym=USDJPY bar=2026.06.04 14:55 z1=65,B,156.672,156.773,2026.05.11 04:10,1,2026.05.12 08:55,157.714,156.726"
1446,JUNE0525-B162,1617DC1ACCE6B50ED2D1359582A70A8B8503C569623EE90C18C6B33542796207,Tester/logs/20261011.log,985026,2026-06-04,15:00,B152PR,"NS	0	00:09:04.445	Core 04	2026.06.04 15:00:00   [SRJ-IND] B152PR sym=USDJPY bar=2026.06.04 14:55 z1=78,B,156.578,156.584,2026.05.11 00:35,1,2026.05.11 00:40,156.644,156.537"
1447,JUNE0525-B162,1617DC1ACCE6B50ED2D1359582A70A8B8503C569623EE90C18C6B33542796207,Tester/logs/20261011.log,985027,2026-06-04,15:00,B152PR,"DJ	0	00:09:04.445	Core 04	2026.06.04 15:00:00   [SRJ-IND] B152PR sym=USDJPY bar=2026.06.04 14:55 z1=212,B,157.028,157.060,2026.05.11 19:20,1,2026.05.12 00:00,157.152,157.050"
1448,JUNE0525-B162,1617DC1ACCE6B50ED2D1359582A70A8B8503C569623EE90C18C6B33542796207,Tester/logs/20261011.log,985028,2026-06-04,15:00,B152PR,"DL	0	00:09:04.445	Core 04	2026.06.04 15:00:00   [SRJ-IND] B152PR sym=USDJPY bar=2026.06.04 14:55 z1=256,B,157.172,157.178,2026.05.12 01:25,1,2026.05.12 08:55,157.714,156.726"
1449,JUNE0525-B162,1617DC1ACCE6B50ED2D1359582A70A8B8503C569623EE90C18C6B33542796207,Tester/logs/20261011.log,985029,2026-06-04,15:00,B152PR,"FF	0	00:09:04.445	Core 04	2026.06.04 15:00:00   [SRJ-IND] B152PR sym=USDJPY bar=2026.06.04 14:55 z1=261,B,157.184,157.192,2026.05.12 03:00,1,2026.05.12 08:55,157.714,156.726"
1450,JUNE0525-B162,1617DC1ACCE6B50ED2D1359582A70A8B8503C569623EE90C18C6B33542796207,Tester/logs/20261011.log,985030,2026-06-04,15:00,B152PR,"RH	0	00:09:04.445	Core 04	2026.06.04 15:00:00   [SRJ-IND] B152PR sym=USDJPY bar=2026.06.04 14:55 z1=313,B,157.331,157.497,2026.05.12 10:00,1,2026.05.12 10:10,157.546,157.487"
1451,JUNE0525-B162,1617DC1ACCE6B50ED2D1359582A70A8B8503C569623EE90C18C6B33542796207,Tester/logs/20261011.log,985031,2026-06-04,15:00,B152PR,"CR	0	00:09:04.445	Core 04	2026.06.04 15:00:00   [SRJ-IND] B152PR sym=USDJPY bar=2026.06.04 14:55 z1=414,B,157.517,157.589,2026.05.13 01:10,1,2026.05.13 01:20,157.607,157.587"
1452,JUNE0525-B162,1617DC1ACCE6B50ED2D1359582A70A8B8503C569623EE90C18C6B33542796207,Tester/logs/20261011.log,985032,2026-06-04,15:00,B152PR,"PD	0	00:09:04.445	Core 04	2026.06.04 15:00:00   [SRJ-IND] B152PR sym=USDJPY bar=2026.06.04 14:55 z1=447,B,157.562,157.648,2026.05.13 06:20,1,2026.05.13 06:25,157.662,157.648"
1453,JUNE0525-B162,1617DC1ACCE6B50ED2D1359582A70A8B8503C569623EE90C18C6B33542796207,Tester/logs/20261011.log,985033,2026-06-04,15:00,B152PR,"GI	0	00:09:04.445	Core 04	2026.06.04 15:00:00   [SRJ-IND] B152PR sym=USDJPY bar=2026.06.04 14:55 z1=449,B,157.599,157.654,2026.05.13 05:15,1,2026.05.13 05:45,157.687,157.652"
1454,JUNE0525-B162,1617DC1ACCE6B50ED2D1359582A70A8B8503C569623EE90C18C6B33542796207,Tester/logs/20261011.log,985034,2026-06-04,15:00,B152PR,"RS	0	00:09:04.445	Core 04	2026.06.04 15:00:00   [SRJ-IND] B152PR sym=USDJPY bar=2026.06.04 14:55 z1=460,B,157.645,157.660,2026.05.13 07:05,1,2026.05.14 00:25,157.812,157.650"
1455,JUNE0525-B162,1617DC1ACCE6B50ED2D1359582A70A8B8503C569623EE90C18C6B33542796207,Tester/logs/20261011.log,985035,2026-06-04,15:00,B152PR,"RE	0	00:09:04.445	Core 04	2026.06.04 15:00:00   [SRJ-IND] B152PR sym=USDJPY bar=2026.06.04 14:55 z1=696,B,157.568,158.167,2026.05.14 18:05,1,2026.05.14 18:10,158.191,158.119"
1456,JUNE0525-B162,1617DC1ACCE6B50ED2D1359582A70A8B8503C569623EE90C18C6B33542796207,Tester/logs/20261011.log,985036,2026-06-04,15:00,B152PR,"JO	0	00:09:04.445	Core 04	2026.06.04 15:00:00   [SRJ-IND] B152PR sym=USDJPY bar=2026.06.04 14:55 z1=714,B,158.107,158.142,2026.05.14 19:30,1,2026.05.14 20:00,158.169,158.142"
1457,JUNE0525-B162,1617DC1ACCE6B50ED2D1359582A70A8B8503C569623EE90C18C6B33542796207,Tester/logs/20261011.log,985037,2026-06-04,15:00,B152PR,"OQ	0	00:09:04.445	Core 04	2026.06.04 15:00:00   [SRJ-IND] B152PR sym=USDJPY bar=2026.06.04 14:55 z1=724,B,158.168,158.186,2026.05.14 21:00,1,2026.05.14 21:05,158.191,158.182"
1458,JUNE0525-B162,1617DC1ACCE6B50ED2D1359582A70A8B8503C569623EE90C18C6B33542796207,Tester/logs/20261011.log,985038,2026-06-04,15:00,B152PR,"MH	0	00:09:04.445	Core 04	2026.06.04 15:00:00   [SRJ-IND] B152PR sym=USDJPY bar=2026.06.04 14:55 z1=1405,B,158.735,158.769,2026.05.20 19:00,1,2026.05.20 19:05,158.816,158.753"
1459,JUNE0525-B162,1617DC1ACCE6B50ED2D1359582A70A8B8503C569623EE90C18C6B33542796207,Tester/logs/20261011.log,985039,2026-06-04,15:00,B152PR,"GN	0	00:09:04.445	Core 04	2026.06.04 15:00:00   [SRJ-IND] B152PR sym=USDJPY bar=2026.06.04 14:55 z1=1779,B,158.756,158.800,2026.05.25 06:45,1,2026.05.26 00:00,158.887,158.784"
1460,JUNE0525-B162,1617DC1ACCE6B50ED2D1359582A70A8B8503C569623EE90C18C6B33542796207,Tester/logs/20261011.log,985040,2026-06-04,15:00,B152PR,"FD	0	00:09:04.445	Core 04	2026.06.04 15:00:00   [SRJ-IND] B152PR sym=USDJPY bar=2026.06.04 14:55 z1=1780,B,158.789,158.814,2026.05.25 04:50,1,2026.05.26 00:00,158.887,158.784"
1461,JUNE0525-B162,1617DC1ACCE6B50ED2D1359582A70A8B8503C569623EE90C18C6B33542796207,Tester/logs/20261011.log,985041,2026-06-04,15:00,B152PR,"KJ	0	00:09:04.445	Core 04	2026.06.04 15:00:00   [SRJ-IND] B152PR sym=USDJPY bar=2026.06.04 14:55 z1=1949,B,158.916,158.934,2026.05.26 07:25,1,2026.05.26 07:30,158.942,158.934"
1462,JUNE0525-B162,1617DC1ACCE6B50ED2D1359582A70A8B8503C569623EE90C18C6B33542796207,Tester/logs/20261011.log,985042,2026-06-04,15:00,B152PR,"FP	0	00:09:04.445	Core 04	2026.06.04 15:00:00   [SRJ-IND] B152PR sym=USDJPY bar=2026.06.04 14:55 z1=2509,B,159.134,159.195,2026.05.29 19:10,1,2026.05.29 19:35,159.215,159.186"
1463,JUNE0525-B162,1617DC1ACCE6B50ED2D1359582A70A8B8503C569623EE90C18C6B33542796207,Tester/logs/20261011.log,985043,2026-06-04,15:00,B152PR,"CF	0	00:09:04.445	Core 04	2026.06.04 15:00:00   [SRJ-IND] B152PR sym=USDJPY bar=2026.06.04 14:55 z1=2566,B,159.382,159.407,2026.06.01 03:15,1,2026.06.03 11:30,159.790,159.368"
1464,JUNE0525-B162,1617DC1ACCE6B50ED2D1359582A70A8B8503C569623EE90C18C6B33542796207,Tester/logs/20261011.log,985044,2026-06-04,15:00,B152PR,"ML	0	00:09:04.445	Core 04	2026.06.04 15:00:00   [SRJ-IND] B152PR sym=USDJPY bar=2026.06.04 14:55 z1=2648,B,159.435,159.481,2026.06.01 16:00,1,2026.06.03 11:30,159.790,159.368"
1465,JUNE0525-B162,1617DC1ACCE6B50ED2D1359582A70A8B8503C569623EE90C18C6B33542796207,Tester/logs/20261011.log,985045,2026-06-04,15:00,B152PR,"JR	0	00:09:04.445	Core 04	2026.06.04 15:00:00   [SRJ-IND] B152PR sym=USDJPY bar=2026.06.04 14:55 z1=2716,B,159.576,159.603,2026.06.02 03:10,1,2026.06.03 10:35,159.787,159.550"
1466,JUNE0525-B162,1617DC1ACCE6B50ED2D1359582A70A8B8503C569623EE90C18C6B33542796207,Tester/logs/20261011.log,985046,2026-06-04,15:00,B152PR,"PH	0	00:09:04.445	Core 04	2026.06.04 15:00:00   [SRJ-IND] B152PR sym=USDJPY bar=2026.06.04 14:55 z1=2720,B,159.586,159.605,2026.06.02 01:05,1,2026.06.03 10:35,159.787,159.550"
1467,JUNE0525-B162,1617DC1ACCE6B50ED2D1359582A70A8B8503C569623EE90C18C6B33542796207,Tester/logs/20261011.log,985047,2026-06-04,15:00,B152PR,"LN	0	00:09:04.445	Core 04	2026.06.04 15:00:00   [SRJ-IND] B152PR sym=USDJPY bar=2026.06.04 14:55 z1=2945,B,159.579,159.675,2026.06.03 11:15,1,2026.06.03 11:25,159.727,159.674"
1468,JUNE0525-B162,1617DC1ACCE6B50ED2D1359582A70A8B8503C569623EE90C18C6B33542796207,Tester/logs/20261011.log,985048,2026-06-04,15:00,B152PR,"CE	0	00:09:04.445	Core 04	2026.06.04 15:00:00   [SRJ-IND] B152PR sym=USDJPY bar=2026.06.04 14:55 z1=3100,S,159.803,159.870,2026.06.04 14:40,1,2026.06.04 14:45,159.814,159.755"
1469,JUNE0525-B162,1617DC1ACCE6B50ED2D1359582A70A8B8503C569623EE90C18C6B33542796207,Tester/logs/20261011.log,985049,2026-06-04,15:00,B152PR,"DH	0	00:09:04.445	Core 04	2026.06.04 15:00:00   [SRJ-IND] B152PR sym=USDJPY bar=2026.06.04 14:55 bull=1 bear=1 nz=24"
1470,JUNE0525-B162,1617DC1ACCE6B50ED2D1359582A70A8B8503C569623EE90C18C6B33542796207,Tester/logs/20261011.log,985050,2026-06-04,15:00,B162ORIGIN,"IG	0	00:09:04.445	Core 04	2026.06.04 15:00:00   [SRJ-IND] B162ORIGIN sym=USDJPY bar=2026.06.04 14:55 side=B n=23 origin=2945 range=159.579-159.675 formT=2026.06.03 10:50 set=65,78,212,256,261,313,414,447,449,460,696,714,724,1405,1779,1780,1949,2509,2566,2648,2716,2720,2945"
1471,JUNE0525-B162,1617DC1ACCE6B50ED2D1359582A70A8B8503C569623EE90C18C6B33542796207,Tester/logs/20261011.log,985051,2026-06-04,15:00,B162ORIGIN,"JP	0	00:09:04.445	Core 04	2026.06.04 15:00:00   [SRJ-IND] B162ORIGIN sym=USDJPY bar=2026.06.04 14:55 side=S n=1 origin=3100 range=159.803-159.870 formT=2026.06.04 07:45 set=3100"
1472,JUNE0525-B162,1617DC1ACCE6B50ED2D1359582A70A8B8503C569623EE90C18C6B33542796207,Tester/logs/20261011.log,985059,2026-06-04,15:05,B152PR,"KG	0	00:09:04.445	Core 04	2026.06.04 15:05:01   [SRJ-IND] B152PR sym=USDJPY bar=2026.06.04 15:00 z1=65,B,156.672,156.773,2026.05.11 04:10,1,2026.05.12 08:55,157.714,156.726"
1473,JUNE0525-B162,1617DC1ACCE6B50ED2D1359582A70A8B8503C569623EE90C18C6B33542796207,Tester/logs/20261011.log,985060,2026-06-04,15:05,B152PR,"KM	0	00:09:04.445	Core 04	2026.06.04 15:05:01   [SRJ-IND] B152PR sym=USDJPY bar=2026.06.04 15:00 z1=78,B,156.578,156.584,2026.05.11 00:35,1,2026.05.11 00:40,156.644,156.537"
1474,JUNE0525-B162,1617DC1ACCE6B50ED2D1359582A70A8B8503C569623EE90C18C6B33542796207,Tester/logs/20261011.log,985061,2026-06-04,15:05,B152PR,"MP	0	00:09:04.445	Core 04	2026.06.04 15:05:01   [SRJ-IND] B152PR sym=USDJPY bar=2026.06.04 15:00 z1=212,B,157.028,157.060,2026.05.11 19:20,1,2026.05.12 00:00,157.152,157.050"
1475,JUNE0525-B162,1617DC1ACCE6B50ED2D1359582A70A8B8503C569623EE90C18C6B33542796207,Tester/logs/20261011.log,985062,2026-06-04,15:05,B152PR,"QJ	0	00:09:04.445	Core 04	2026.06.04 15:05:01   [SRJ-IND] B152PR sym=USDJPY bar=2026.06.04 15:00 z1=256,B,157.172,157.178,2026.05.12 01:25,1,2026.05.12 08:55,157.714,156.726"
1476,JUNE0525-B162,1617DC1ACCE6B50ED2D1359582A70A8B8503C569623EE90C18C6B33542796207,Tester/logs/20261011.log,985063,2026-06-04,15:05,B152PR,"CL	0	00:09:04.445	Core 04	2026.06.04 15:05:01   [SRJ-IND] B152PR sym=USDJPY bar=2026.06.04 15:00 z1=261,B,157.184,157.192,2026.05.12 03:00,1,2026.05.12 08:55,157.714,156.726"
1477,JUNE0525-B162,1617DC1ACCE6B50ED2D1359582A70A8B8503C569623EE90C18C6B33542796207,Tester/logs/20261011.log,985064,2026-06-04,15:05,B152PR,"CQ	0	00:09:04.445	Core 04	2026.06.04 15:05:01   [SRJ-IND] B152PR sym=USDJPY bar=2026.06.04 15:00 z1=313,B,157.331,157.497,2026.05.12 10:00,1,2026.05.12 10:10,157.546,157.487"
1478,JUNE0525-B162,1617DC1ACCE6B50ED2D1359582A70A8B8503C569623EE90C18C6B33542796207,Tester/logs/20261011.log,985065,2026-06-04,15:05,B152PR,"NK	0	00:09:04.445	Core 04	2026.06.04 15:05:01   [SRJ-IND] B152PR sym=USDJPY bar=2026.06.04 15:00 z1=414,B,157.517,157.589,2026.05.13 01:10,1,2026.05.13 01:20,157.607,157.587"
1479,JUNE0525-B162,1617DC1ACCE6B50ED2D1359582A70A8B8503C569623EE90C18C6B33542796207,Tester/logs/20261011.log,985066,2026-06-04,15:05,B152PR,"EM	0	00:09:04.445	Core 04	2026.06.04 15:05:01   [SRJ-IND] B152PR sym=USDJPY bar=2026.06.04 15:00 z1=447,B,157.562,157.648,2026.05.13 06:20,1,2026.05.13 06:25,157.662,157.648"
1480,JUNE0525-B162,1617DC1ACCE6B50ED2D1359582A70A8B8503C569623EE90C18C6B33542796207,Tester/logs/20261011.log,985067,2026-06-04,15:05,B152PR,"JG	0	00:09:04.445	Core 04	2026.06.04 15:05:01   [SRJ-IND] B152PR sym=USDJPY bar=2026.06.04 15:00 z1=449,B,157.599,157.654,2026.05.13 05:15,1,2026.05.13 05:45,157.687,157.652"
1481,JUNE0525-B162,1617DC1ACCE6B50ED2D1359582A70A8B8503C569623EE90C18C6B33542796207,Tester/logs/20261011.log,985068,2026-06-04,15:05,B152PR,"CI	0	00:09:04.445	Core 04	2026.06.04 15:05:01   [SRJ-IND] B152PR sym=USDJPY bar=2026.06.04 15:00 z1=460,B,157.645,157.660,2026.05.13 07:05,1,2026.05.14 00:25,157.812,157.650"
1482,JUNE0525-B162,1617DC1ACCE6B50ED2D1359582A70A8B8503C569623EE90C18C6B33542796207,Tester/logs/20261011.log,985069,2026-06-04,15:05,B152PR,"GS	0	00:09:04.445	Core 04	2026.06.04 15:05:01   [SRJ-IND] B152PR sym=USDJPY bar=2026.06.04 15:00 z1=696,B,157.568,158.167,2026.05.14 18:05,1,2026.05.14 18:10,158.191,158.119"
1483,JUNE0525-B162,1617DC1ACCE6B50ED2D1359582A70A8B8503C569623EE90C18C6B33542796207,Tester/logs/20261011.log,985070,2026-06-04,15:05,B152PR,"KE	0	00:09:04.445	Core 04	2026.06.04 15:05:01   [SRJ-IND] B152PR sym=USDJPY bar=2026.06.04 15:00 z1=714,B,158.107,158.142,2026.05.14 19:30,1,2026.05.14 20:00,158.169,158.142"
1484,JUNE0525-B162,1617DC1ACCE6B50ED2D1359582A70A8B8503C569623EE90C18C6B33542796207,Tester/logs/20261011.log,985071,2026-06-04,15:05,B152PR,"RO	0	00:09:04.445	Core 04	2026.06.04 15:05:01   [SRJ-IND] B152PR sym=USDJPY bar=2026.06.04 15:00 z1=724,B,158.168,158.186,2026.05.14 21:00,1,2026.05.14 21:05,158.191,158.182"
1485,JUNE0525-B162,1617DC1ACCE6B50ED2D1359582A70A8B8503C569623EE90C18C6B33542796207,Tester/logs/20261011.log,985072,2026-06-04,15:05,B152PR,"HS	0	00:09:04.445	Core 04	2026.06.04 15:05:01   [SRJ-IND] B152PR sym=USDJPY bar=2026.06.04 15:00 z1=1405,B,158.735,158.769,2026.05.20 19:00,1,2026.05.20 19:05,158.816,158.753"
1486,JUNE0525-B162,1617DC1ACCE6B50ED2D1359582A70A8B8503C569623EE90C18C6B33542796207,Tester/logs/20261011.log,985073,2026-06-04,15:05,B152PR,"NI	0	00:09:04.445	Core 04	2026.06.04 15:05:01   [SRJ-IND] B152PR sym=USDJPY bar=2026.06.04 15:00 z1=1779,B,158.756,158.800,2026.05.25 06:45,1,2026.05.26 00:00,158.887,158.784"
1487,JUNE0525-B162,1617DC1ACCE6B50ED2D1359582A70A8B8503C569623EE90C18C6B33542796207,Tester/logs/20261011.log,985074,2026-06-04,15:05,B152PR,"OO	0	00:09:04.445	Core 04	2026.06.04 15:05:01   [SRJ-IND] B152PR sym=USDJPY bar=2026.06.04 15:00 z1=1780,B,158.789,158.814,2026.05.25 04:50,1,2026.05.26 00:00,158.887,158.784"
1488,JUNE0525-B162,1617DC1ACCE6B50ED2D1359582A70A8B8503C569623EE90C18C6B33542796207,Tester/logs/20261011.log,985075,2026-06-04,15:05,B152PR,"JE	0	00:09:04.445	Core 04	2026.06.04 15:05:01   [SRJ-IND] B152PR sym=USDJPY bar=2026.06.04 15:00 z1=1949,B,158.916,158.934,2026.05.26 07:25,1,2026.05.26 07:30,158.942,158.934"
1489,JUNE0525-B162,1617DC1ACCE6B50ED2D1359582A70A8B8503C569623EE90C18C6B33542796207,Tester/logs/20261011.log,985076,2026-06-04,15:05,B152PR,"OK	0	00:09:04.445	Core 04	2026.06.04 15:05:01   [SRJ-IND] B152PR sym=USDJPY bar=2026.06.04 15:00 z1=2509,B,159.134,159.195,2026.05.29 19:10,1,2026.05.29 19:35,159.215,159.186"
1490,JUNE0525-B162,1617DC1ACCE6B50ED2D1359582A70A8B8503C569623EE90C18C6B33542796207,Tester/logs/20261011.log,985077,2026-06-04,15:05,B152PR,"RQ	0	00:09:04.445	Core 04	2026.06.04 15:05:01   [SRJ-IND] B152PR sym=USDJPY bar=2026.06.04 15:00 z1=2566,B,159.382,159.407,2026.06.01 03:15,1,2026.06.03 11:30,159.790,159.368"
1491,JUNE0525-B162,1617DC1ACCE6B50ED2D1359582A70A8B8503C569623EE90C18C6B33542796207,Tester/logs/20261011.log,985078,2026-06-04,15:05,B152PR,"HG	0	00:09:04.445	Core 04	2026.06.04 15:05:01   [SRJ-IND] B152PR sym=USDJPY bar=2026.06.04 15:00 z1=2648,B,159.435,159.481,2026.06.01 16:00,1,2026.06.03 11:30,159.790,159.368"
1492,JUNE0525-B162,1617DC1ACCE6B50ED2D1359582A70A8B8503C569623EE90C18C6B33542796207,Tester/logs/20261011.log,985079,2026-06-04,15:05,B152PR,"KM	0	00:09:04.445	Core 04	2026.06.04 15:05:01   [SRJ-IND] B152PR sym=USDJPY bar=2026.06.04 15:00 z1=2716,B,159.576,159.603,2026.06.02 03:10,1,2026.06.03 10:35,159.787,159.550"
1493,JUNE0525-B162,1617DC1ACCE6B50ED2D1359582A70A8B8503C569623EE90C18C6B33542796207,Tester/logs/20261011.log,985080,2026-06-04,15:05,B152PR,"ES	0	00:09:04.445	Core 04	2026.06.04 15:05:01   [SRJ-IND] B152PR sym=USDJPY bar=2026.06.04 15:00 z1=2720,B,159.586,159.605,2026.06.02 01:05,1,2026.06.03 10:35,159.787,159.550"
1494,JUNE0525-B162,1617DC1ACCE6B50ED2D1359582A70A8B8503C569623EE90C18C6B33542796207,Tester/logs/20261011.log,985081,2026-06-04,15:05,B152PR,"II	0	00:09:04.445	Core 04	2026.06.04 15:05:01   [SRJ-IND] B152PR sym=USDJPY bar=2026.06.04 15:00 z1=2945,B,159.579,159.675,2026.06.03 11:15,1,2026.06.03 11:25,159.727,159.674"
1495,JUNE0525-B162,1617DC1ACCE6B50ED2D1359582A70A8B8503C569623EE90C18C6B33542796207,Tester/logs/20261011.log,985082,2026-06-04,15:05,B152PR,"RN	0	00:09:04.445	Core 04	2026.06.04 15:05:01   [SRJ-IND] B152PR sym=USDJPY bar=2026.06.04 15:00 z1=3100,S,159.803,159.870,2026.06.04 14:40,1,2026.06.04 14:45,159.814,159.755"
1496,JUNE0525-B162,1617DC1ACCE6B50ED2D1359582A70A8B8503C569623EE90C18C6B33542796207,Tester/logs/20261011.log,985083,2026-06-04,15:05,B152PR,"ID	0	00:09:04.445	Core 04	2026.06.04 15:05:01   [SRJ-IND] B152PR sym=USDJPY bar=2026.06.04 15:00 z1=3141,S,159.814,159.858,2026.06.04 14:50,1,2026.06.04 15:00,159.816,159.756"
1497,JUNE0525-B162,1617DC1ACCE6B50ED2D1359582A70A8B8503C569623EE90C18C6B33542796207,Tester/logs/20261011.log,985084,2026-06-04,15:05,B152PR,"RI	0	00:09:04.445	Core 04	2026.06.04 15:05:01   [SRJ-IND] B152PR sym=USDJPY bar=2026.06.04 15:00 bull=1 bear=1 nz=25"
1498,JUNE0525-B162,1617DC1ACCE6B50ED2D1359582A70A8B8503C569623EE90C18C6B33542796207,Tester/logs/20261011.log,985085,2026-06-04,15:05,B162ORIGIN,"LD	0	00:09:04.445	Core 04	2026.06.04 15:05:01   [SRJ-IND] B162ORIGIN sym=USDJPY bar=2026.06.04 15:00 side=B n=23 origin=2945 range=159.579-159.675 formT=2026.06.03 10:50 set=65,78,212,256,261,313,414,447,449,460,696,714,724,1405,1779,1780,1949,2509,2566,2648,2716,2720,2945"
1499,JUNE0525-B162,1617DC1ACCE6B50ED2D1359582A70A8B8503C569623EE90C18C6B33542796207,Tester/logs/20261011.log,985086,2026-06-04,15:05,B162ORIGIN,"HR	0	00:09:04.445	Core 04	2026.06.04 15:05:01   [SRJ-IND] B162ORIGIN sym=USDJPY bar=2026.06.04 15:00 side=S n=2 origin=3141 range=159.814-159.858 formT=2026.06.04 14:30 set=3100,3141"
1500,JUNE0525-B162,1617DC1ACCE6B50ED2D1359582A70A8B8503C569623EE90C18C6B33542796207,Tester/logs/20261011.log,985093,2026-06-04,15:10,B152PR,"DG	0	00:09:04.445	Core 04	2026.06.04 15:10:01   [SRJ-IND] B152PR sym=USDJPY bar=2026.06.04 15:05 z1=65,B,156.672,156.773,2026.05.11 04:10,1,2026.05.12 08:55,157.714,156.726"
1501,JUNE0525-B162,1617DC1ACCE6B50ED2D1359582A70A8B8503C569623EE90C18C6B33542796207,Tester/logs/20261011.log,985094,2026-06-04,15:10,B152PR,"DM	0	00:09:04.445	Core 04	2026.06.04 15:10:01   [SRJ-IND] B152PR sym=USDJPY bar=2026.06.04 15:05 z1=78,B,156.578,156.584,2026.05.11 00:35,1,2026.05.11 00:40,156.644,156.537"
1502,JUNE0525-B162,1617DC1ACCE6B50ED2D1359582A70A8B8503C569623EE90C18C6B33542796207,Tester/logs/20261011.log,985095,2026-06-04,15:10,B152PR,"FS	0	00:09:04.445	Core 04	2026.06.04 15:10:01   [SRJ-IND] B152PR sym=USDJPY bar=2026.06.04 15:05 z1=212,B,157.028,157.060,2026.05.11 19:20,1,2026.05.12 00:00,157.152,157.050"
1503,JUNE0525-B162,1617DC1ACCE6B50ED2D1359582A70A8B8503C569623EE90C18C6B33542796207,Tester/logs/20261011.log,985096,2026-06-04,15:10,B152PR,"JE	0	00:09:04.445	Core 04	2026.06.04 15:10:01   [SRJ-IND] B152PR sym=USDJPY bar=2026.06.04 15:05 z1=256,B,157.172,157.178,2026.05.12 01:25,1,2026.05.12 08:55,157.714,156.726"
1504,JUNE0525-B162,1617DC1ACCE6B50ED2D1359582A70A8B8503C569623EE90C18C6B33542796207,Tester/logs/20261011.log,985097,2026-06-04,15:10,B152PR,"LO	0	00:09:04.445	Core 04	2026.06.04 15:10:01   [SRJ-IND] B152PR sym=USDJPY bar=2026.06.04 15:05 z1=261,B,157.184,157.192,2026.05.12 03:00,1,2026.05.12 08:55,157.714,156.726"
1505,JUNE0525-B162,1617DC1ACCE6B50ED2D1359582A70A8B8503C569623EE90C18C6B33542796207,Tester/logs/20261011.log,985098,2026-06-04,15:10,B152PR,"LQ	0	00:09:04.445	Core 04	2026.06.04 15:10:01   [SRJ-IND] B152PR sym=USDJPY bar=2026.06.04 15:05 z1=313,B,157.331,157.497,2026.05.12 10:00,1,2026.05.12 10:10,157.546,157.487"
1506,JUNE0525-B162,1617DC1ACCE6B50ED2D1359582A70A8B8503C569623EE90C18C6B33542796207,Tester/logs/20261011.log,985099,2026-06-04,15:10,B152PR,"EK	0	00:09:04.445	Core 04	2026.06.04 15:10:01   [SRJ-IND] B152PR sym=USDJPY bar=2026.06.04 15:05 z1=414,B,157.517,157.589,2026.05.13 01:10,1,2026.05.13 01:20,157.607,157.587"
1507,JUNE0525-B162,1617DC1ACCE6B50ED2D1359582A70A8B8503C569623EE90C18C6B33542796207,Tester/logs/20261011.log,985100,2026-06-04,15:10,B152PR,"NM	0	00:09:04.445	Core 04	2026.06.04 15:10:01   [SRJ-IND] B152PR sym=USDJPY bar=2026.06.04 15:05 z1=447,B,157.562,157.648,2026.05.13 06:20,1,2026.05.13 06:25,157.662,157.648"
1508,JUNE0525-B162,1617DC1ACCE6B50ED2D1359582A70A8B8503C569623EE90C18C6B33542796207,Tester/logs/20261011.log,985101,2026-06-04,15:10,B152PR,"QG	0	00:09:04.445	Core 04	2026.06.04 15:10:01   [SRJ-IND] B152PR sym=USDJPY bar=2026.06.04 15:05 z1=449,B,157.599,157.654,2026.05.13 05:15,1,2026.05.13 05:45,157.687,157.652"
1509,JUNE0525-B162,1617DC1ACCE6B50ED2D1359582A70A8B8503C569623EE90C18C6B33542796207,Tester/logs/20261011.log,985102,2026-06-04,15:10,B152PR,"LH	0	00:09:04.445	Core 04	2026.06.04 15:10:01   [SRJ-IND] B152PR sym=USDJPY bar=2026.06.04 15:05 z1=460,B,157.645,157.660,2026.05.13 07:05,1,2026.05.14 00:25,157.812,157.650"
1510,JUNE0525-B162,1617DC1ACCE6B50ED2D1359582A70A8B8503C569623EE90C18C6B33542796207,Tester/logs/20261011.log,985103,2026-06-04,15:10,B152PR,"PR	0	00:09:04.445	Core 04	2026.06.04 15:10:01   [SRJ-IND] B152PR sym=USDJPY bar=2026.06.04 15:05 z1=696,B,157.568,158.167,2026.05.14 18:05,1,2026.05.14 18:10,158.191,158.119"
1511,JUNE0525-B162,1617DC1ACCE6B50ED2D1359582A70A8B8503C569623EE90C18C6B33542796207,Tester/logs/20261011.log,985104,2026-06-04,15:10,B152PR,"DD	0	00:09:04.445	Core 04	2026.06.04 15:10:01   [SRJ-IND] B152PR sym=USDJPY bar=2026.06.04 15:05 z1=714,B,158.107,158.142,2026.05.14 19:30,1,2026.05.14 20:00,158.169,158.142"
1512,JUNE0525-B162,1617DC1ACCE6B50ED2D1359582A70A8B8503C569623EE90C18C6B33542796207,Tester/logs/20261011.log,985105,2026-06-04,15:10,B152PR,"IN	0	00:09:04.445	Core 04	2026.06.04 15:10:01   [SRJ-IND] B152PR sym=USDJPY bar=2026.06.04 15:05 z1=724,B,158.168,158.186,2026.05.14 21:00,1,2026.05.14 21:05,158.191,158.182"
1513,JUNE0525-B162,1617DC1ACCE6B50ED2D1359582A70A8B8503C569623EE90C18C6B33542796207,Tester/logs/20261011.log,985106,2026-06-04,15:10,B152PR,"OS	0	00:09:04.445	Core 04	2026.06.04 15:10:01   [SRJ-IND] B152PR sym=USDJPY bar=2026.06.04 15:05 z1=1405,B,158.735,158.769,2026.05.20 19:00,1,2026.05.20 19:05,158.816,158.753"
1514,JUNE0525-B162,1617DC1ACCE6B50ED2D1359582A70A8B8503C569623EE90C18C6B33542796207,Tester/logs/20261011.log,985107,2026-06-04,15:10,B152PR,"EI	0	00:09:04.445	Core 04	2026.06.04 15:10:01   [SRJ-IND] B152PR sym=USDJPY bar=2026.06.04 15:05 z1=1779,B,158.756,158.800,2026.05.25 06:45,1,2026.05.26 00:00,158.887,158.784"
1515,JUNE0525-B162,1617DC1ACCE6B50ED2D1359582A70A8B8503C569623EE90C18C6B33542796207,Tester/logs/20261011.log,985108,2026-06-04,15:10,B152PR,"HO	0	00:09:04.445	Core 04	2026.06.04 15:10:01   [SRJ-IND] B152PR sym=USDJPY bar=2026.06.04 15:05 z1=1780,B,158.789,158.814,2026.05.25 04:50,1,2026.05.26 00:00,158.887,158.784"
1516,JUNE0525-B162,1617DC1ACCE6B50ED2D1359582A70A8B8503C569623EE90C18C6B33542796207,Tester/logs/20261011.log,985109,2026-06-04,15:10,B152PR,"QE	0	00:09:04.445	Core 04	2026.06.04 15:10:01   [SRJ-IND] B152PR sym=USDJPY bar=2026.06.04 15:05 z1=1949,B,158.916,158.934,2026.05.26 07:25,1,2026.05.26 07:30,158.942,158.934"
1517,JUNE0525-B162,1617DC1ACCE6B50ED2D1359582A70A8B8503C569623EE90C18C6B33542796207,Tester/logs/20261011.log,985110,2026-06-04,15:10,B152PR,"HK	0	00:09:04.445	Core 04	2026.06.04 15:10:01   [SRJ-IND] B152PR sym=USDJPY bar=2026.06.04 15:05 z1=2509,B,159.134,159.195,2026.05.29 19:10,1,2026.05.29 19:35,159.215,159.186"
1518,JUNE0525-B162,1617DC1ACCE6B50ED2D1359582A70A8B8503C569623EE90C18C6B33542796207,Tester/logs/20261011.log,985111,2026-06-04,15:10,B152PR,"IQ	0	00:09:04.445	Core 04	2026.06.04 15:10:01   [SRJ-IND] B152PR sym=USDJPY bar=2026.06.04 15:05 z1=2566,B,159.382,159.407,2026.06.01 03:15,1,2026.06.03 11:30,159.790,159.368"
1519,JUNE0525-B162,1617DC1ACCE6B50ED2D1359582A70A8B8503C569623EE90C18C6B33542796207,Tester/logs/20261011.log,985112,2026-06-04,15:10,B152PR,"OG	0	00:09:04.445	Core 04	2026.06.04 15:10:01   [SRJ-IND] B152PR sym=USDJPY bar=2026.06.04 15:05 z1=2648,B,159.435,159.481,2026.06.01 16:00,1,2026.06.03 11:30,159.790,159.368"
1520,JUNE0525-B162,1617DC1ACCE6B50ED2D1359582A70A8B8503C569623EE90C18C6B33542796207,Tester/logs/20261011.log,985113,2026-06-04,15:10,B152PR,"DM	0	00:09:04.445	Core 04	2026.06.04 15:10:01   [SRJ-IND] B152PR sym=USDJPY bar=2026.06.04 15:05 z1=2716,B,159.576,159.603,2026.06.02 03:10,1,2026.06.03 10:35,159.787,159.550"
1521,JUNE0525-B162,1617DC1ACCE6B50ED2D1359582A70A8B8503C569623EE90C18C6B33542796207,Tester/logs/20261011.log,985114,2026-06-04,15:10,B152PR,"NS	0	00:09:04.445	Core 04	2026.06.04 15:10:01   [SRJ-IND] B152PR sym=USDJPY bar=2026.06.04 15:05 z1=2720,B,159.586,159.605,2026.06.02 01:05,1,2026.06.03 10:35,159.787,159.550"
1522,JUNE0525-B162,1617DC1ACCE6B50ED2D1359582A70A8B8503C569623EE90C18C6B33542796207,Tester/logs/20261011.log,985115,2026-06-04,15:10,B152PR,"RI	0	00:09:04.445	Core 04	2026.06.04 15:10:01   [SRJ-IND] B152PR sym=USDJPY bar=2026.06.04 15:05 z1=2945,B,159.579,159.675,2026.06.03 11:15,1,2026.06.03 11:25,159.727,159.674"
1523,JUNE0525-B162,1617DC1ACCE6B50ED2D1359582A70A8B8503C569623EE90C18C6B33542796207,Tester/logs/20261011.log,985116,2026-06-04,15:10,B152PR,"IN	0	00:09:04.445	Core 04	2026.06.04 15:10:01   [SRJ-IND] B152PR sym=USDJPY bar=2026.06.04 15:05 z1=3100,S,159.803,159.870,2026.06.04 14:40,1,2026.06.04 14:45,159.814,159.755"
1524,JUNE0525-B162,1617DC1ACCE6B50ED2D1359582A70A8B8503C569623EE90C18C6B33542796207,Tester/logs/20261011.log,985117,2026-06-04,15:10,B152PR,"RD	0	00:09:04.445	Core 04	2026.06.04 15:10:01   [SRJ-IND] B152PR sym=USDJPY bar=2026.06.04 15:05 z1=3141,S,159.814,159.858,2026.06.04 14:50,1,2026.06.04 15:00,159.816,159.756"
1525,JUNE0525-B162,1617DC1ACCE6B50ED2D1359582A70A8B8503C569623EE90C18C6B33542796207,Tester/logs/20261011.log,985118,2026-06-04,15:10,B152PR,"II	0	00:09:04.445	Core 04	2026.06.04 15:10:01   [SRJ-IND] B152PR sym=USDJPY bar=2026.06.04 15:05 bull=1 bear=1 nz=25"
1526,JUNE0525-B162,1617DC1ACCE6B50ED2D1359582A70A8B8503C569623EE90C18C6B33542796207,Tester/logs/20261011.log,985119,2026-06-04,15:10,B162ORIGIN,"CD	0	00:09:04.445	Core 04	2026.06.04 15:10:01   [SRJ-IND] B162ORIGIN sym=USDJPY bar=2026.06.04 15:05 side=B n=23 origin=2945 range=159.579-159.675 formT=2026.06.03 10:50 set=65,78,212,256,261,313,414,447,449,460,696,714,724,1405,1779,1780,1949,2509,2566,2648,2716,2720,2945"
1527,JUNE0525-B162,1617DC1ACCE6B50ED2D1359582A70A8B8503C569623EE90C18C6B33542796207,Tester/logs/20261011.log,985120,2026-06-04,15:10,B162ORIGIN,"OE	0	00:09:04.445	Core 04	2026.06.04 15:10:01   [SRJ-IND] B162ORIGIN sym=USDJPY bar=2026.06.04 15:05 side=S n=2 origin=3141 range=159.814-159.858 formT=2026.06.04 14:30 set=3100,3141"
1528,JUNE0525-B162,1617DC1ACCE6B50ED2D1359582A70A8B8503C569623EE90C18C6B33542796207,Tester/logs/20261011.log,985130,2026-06-04,15:15,B152PR,"JL	0	00:09:04.445	Core 04	2026.06.04 15:15:00   [SRJ-IND] B152PR sym=USDJPY bar=2026.06.04 15:10 z1=65,B,156.672,156.773,2026.05.11 04:10,1,2026.05.12 08:55,157.714,156.726"
1529,JUNE0525-B162,1617DC1ACCE6B50ED2D1359582A70A8B8503C569623EE90C18C6B33542796207,Tester/logs/20261011.log,985131,2026-06-04,15:15,B152PR,"RS	0	00:09:04.445	Core 04	2026.06.04 15:15:00   [SRJ-IND] B152PR sym=USDJPY bar=2026.06.04 15:10 z1=78,B,156.578,156.584,2026.05.11 00:35,1,2026.05.11 00:40,156.644,156.537"
1530,JUNE0525-B162,1617DC1ACCE6B50ED2D1359582A70A8B8503C569623EE90C18C6B33542796207,Tester/logs/20261011.log,985132,2026-06-04,15:15,B152PR,"HJ	0	00:09:04.445	Core 04	2026.06.04 15:15:00   [SRJ-IND] B152PR sym=USDJPY bar=2026.06.04 15:10 z1=212,B,157.028,157.060,2026.05.11 19:20,1,2026.05.12 00:00,157.152,157.050"
1531,JUNE0525-B162,1617DC1ACCE6B50ED2D1359582A70A8B8503C569623EE90C18C6B33542796207,Tester/logs/20261011.log,985133,2026-06-04,15:15,B152PR,"HL	0	00:09:04.445	Core 04	2026.06.04 15:15:00   [SRJ-IND] B152PR sym=USDJPY bar=2026.06.04 15:10 z1=256,B,157.172,157.178,2026.05.12 01:25,1,2026.05.12 08:55,157.714,156.726"
1532,JUNE0525-B162,1617DC1ACCE6B50ED2D1359582A70A8B8503C569623EE90C18C6B33542796207,Tester/logs/20261011.log,985134,2026-06-04,15:15,B152PR,"JF	0	00:09:04.445	Core 04	2026.06.04 15:15:00   [SRJ-IND] B152PR sym=USDJPY bar=2026.06.04 15:10 z1=261,B,157.184,157.192,2026.05.12 03:00,1,2026.05.12 08:55,157.714,156.726"
1533,JUNE0525-B162,1617DC1ACCE6B50ED2D1359582A70A8B8503C569623EE90C18C6B33542796207,Tester/logs/20261011.log,985135,2026-06-04,15:15,B152PR,"NH	0	00:09:04.445	Core 04	2026.06.04 15:15:00   [SRJ-IND] B152PR sym=USDJPY bar=2026.06.04 15:10 z1=313,B,157.331,157.497,2026.05.12 10:00,1,2026.05.12 10:10,157.546,157.487"
1534,JUNE0525-B162,1617DC1ACCE6B50ED2D1359582A70A8B8503C569623EE90C18C6B33542796207,Tester/logs/20261011.log,985136,2026-06-04,15:15,B152PR,"GR	0	00:09:04.445	Core 04	2026.06.04 15:15:00   [SRJ-IND] B152PR sym=USDJPY bar=2026.06.04 15:10 z1=414,B,157.517,157.589,2026.05.13 01:10,1,2026.05.13 01:20,157.607,157.587"
1535,JUNE0525-B162,1617DC1ACCE6B50ED2D1359582A70A8B8503C569623EE90C18C6B33542796207,Tester/logs/20261011.log,985137,2026-06-04,15:15,B152PR,"LD	0	00:09:04.445	Core 04	2026.06.04 15:15:00   [SRJ-IND] B152PR sym=USDJPY bar=2026.06.04 15:10 z1=447,B,157.562,157.648,2026.05.13 06:20,1,2026.05.13 06:25,157.662,157.648"
1536,JUNE0525-B162,1617DC1ACCE6B50ED2D1359582A70A8B8503C569623EE90C18C6B33542796207,Tester/logs/20261011.log,985138,2026-06-04,15:15,B152PR,"CI	0	00:09:04.445	Core 04	2026.06.04 15:15:00   [SRJ-IND] B152PR sym=USDJPY bar=2026.06.04 15:10 z1=449,B,157.599,157.654,2026.05.13 05:15,1,2026.05.13 05:45,157.687,157.652"
1537,JUNE0525-B162,1617DC1ACCE6B50ED2D1359582A70A8B8503C569623EE90C18C6B33542796207,Tester/logs/20261011.log,985139,2026-06-04,15:15,B152PR,"NS	0	00:09:04.445	Core 04	2026.06.04 15:15:00   [SRJ-IND] B152PR sym=USDJPY bar=2026.06.04 15:10 z1=460,B,157.645,157.660,2026.05.13 07:05,1,2026.05.14 00:25,157.812,157.650"
1538,JUNE0525-B162,1617DC1ACCE6B50ED2D1359582A70A8B8503C569623EE90C18C6B33542796207,Tester/logs/20261011.log,985140,2026-06-04,15:15,B152PR,"NE	0	00:09:04.445	Core 04	2026.06.04 15:15:00   [SRJ-IND] B152PR sym=USDJPY bar=2026.06.04 15:10 z1=696,B,157.568,158.167,2026.05.14 18:05,1,2026.05.14 18:10,158.191,158.119"
1539,JUNE0525-B162,1617DC1ACCE6B50ED2D1359582A70A8B8503C569623EE90C18C6B33542796207,Tester/logs/20261011.log,985141,2026-06-04,15:15,B152PR,"FO	0	00:09:04.445	Core 04	2026.06.04 15:15:00   [SRJ-IND] B152PR sym=USDJPY bar=2026.06.04 15:10 z1=714,B,158.107,158.142,2026.05.14 19:30,1,2026.05.14 20:00,158.169,158.142"
1540,JUNE0525-B162,1617DC1ACCE6B50ED2D1359582A70A8B8503C569623EE90C18C6B33542796207,Tester/logs/20261011.log,985142,2026-06-04,15:15,B152PR,"KQ	0	00:09:04.445	Core 04	2026.06.04 15:15:00   [SRJ-IND] B152PR sym=USDJPY bar=2026.06.04 15:10 z1=724,B,158.168,158.186,2026.05.14 21:00,1,2026.05.14 21:05,158.191,158.182"
1541,JUNE0525-B162,1617DC1ACCE6B50ED2D1359582A70A8B8503C569623EE90C18C6B33542796207,Tester/logs/20261011.log,985143,2026-06-04,15:15,B152PR,"QH	0	00:09:04.445	Core 04	2026.06.04 15:15:00   [SRJ-IND] B152PR sym=USDJPY bar=2026.06.04 15:10 z1=1405,B,158.735,158.769,2026.05.20 19:00,1,2026.05.20 19:05,158.816,158.753"
1542,JUNE0525-B162,1617DC1ACCE6B50ED2D1359582A70A8B8503C569623EE90C18C6B33542796207,Tester/logs/20261011.log,985144,2026-06-04,15:15,B152PR,"CN	0	00:09:04.445	Core 04	2026.06.04 15:15:00   [SRJ-IND] B152PR sym=USDJPY bar=2026.06.04 15:10 z1=1779,B,158.756,158.800,2026.05.25 06:45,1,2026.05.26 00:00,158.887,158.784"
1543,JUNE0525-B162,1617DC1ACCE6B50ED2D1359582A70A8B8503C569623EE90C18C6B33542796207,Tester/logs/20261011.log,985145,2026-06-04,15:15,B152PR,"JD	0	00:09:04.445	Core 04	2026.06.04 15:15:00   [SRJ-IND] B152PR sym=USDJPY bar=2026.06.04 15:10 z1=1780,B,158.789,158.814,2026.05.25 04:50,1,2026.05.26 00:00,158.887,158.784"
1544,JUNE0525-B162,1617DC1ACCE6B50ED2D1359582A70A8B8503C569623EE90C18C6B33542796207,Tester/logs/20261011.log,985146,2026-06-04,15:15,B152PR,"OJ	0	00:09:04.445	Core 04	2026.06.04 15:15:00   [SRJ-IND] B152PR sym=USDJPY bar=2026.06.04 15:10 z1=1949,B,158.916,158.934,2026.05.26 07:25,1,2026.05.26 07:30,158.942,158.934"
1545,JUNE0525-B162,1617DC1ACCE6B50ED2D1359582A70A8B8503C569623EE90C18C6B33542796207,Tester/logs/20261011.log,985147,2026-06-04,15:15,B152PR,"JP	0	00:09:04.445	Core 04	2026.06.04 15:15:00   [SRJ-IND] B152PR sym=USDJPY bar=2026.06.04 15:10 z1=2509,B,159.134,159.195,2026.05.29 19:10,1,2026.05.29 19:35,159.215,159.186"
1546,JUNE0525-B162,1617DC1ACCE6B50ED2D1359582A70A8B8503C569623EE90C18C6B33542796207,Tester/logs/20261011.log,985148,2026-06-04,15:15,B152PR,"GF	0	00:09:04.445	Core 04	2026.06.04 15:15:00   [SRJ-IND] B152PR sym=USDJPY bar=2026.06.04 15:10 z1=2566,B,159.382,159.407,2026.06.01 03:15,1,2026.06.03 11:30,159.790,159.368"
1547,JUNE0525-B162,1617DC1ACCE6B50ED2D1359582A70A8B8503C569623EE90C18C6B33542796207,Tester/logs/20261011.log,985149,2026-06-04,15:15,B152PR,"QL	0	00:09:04.445	Core 04	2026.06.04 15:15:00   [SRJ-IND] B152PR sym=USDJPY bar=2026.06.04 15:10 z1=2648,B,159.435,159.481,2026.06.01 16:00,1,2026.06.03 11:30,159.790,159.368"
1548,JUNE0525-B162,1617DC1ACCE6B50ED2D1359582A70A8B8503C569623EE90C18C6B33542796207,Tester/logs/20261011.log,985150,2026-06-04,15:15,B152PR,"FR	0	00:09:04.445	Core 04	2026.06.04 15:15:00   [SRJ-IND] B152PR sym=USDJPY bar=2026.06.04 15:10 z1=2716,B,159.576,159.603,2026.06.02 03:10,1,2026.06.03 10:35,159.787,159.550"
1549,JUNE0525-B162,1617DC1ACCE6B50ED2D1359582A70A8B8503C569623EE90C18C6B33542796207,Tester/logs/20261011.log,985151,2026-06-04,15:15,B152PR,"LH	0	00:09:04.445	Core 04	2026.06.04 15:15:00   [SRJ-IND] B152PR sym=USDJPY bar=2026.06.04 15:10 z1=2720,B,159.586,159.605,2026.06.02 01:05,1,2026.06.03 10:35,159.787,159.550"
1550,JUNE0525-B162,1617DC1ACCE6B50ED2D1359582A70A8B8503C569623EE90C18C6B33542796207,Tester/logs/20261011.log,985152,2026-06-04,15:15,B152PR,"PN	0	00:09:04.445	Core 04	2026.06.04 15:15:00   [SRJ-IND] B152PR sym=USDJPY bar=2026.06.04 15:10 z1=2945,B,159.579,159.675,2026.06.03 11:15,1,2026.06.03 11:25,159.727,159.674"
1551,JUNE0525-B162,1617DC1ACCE6B50ED2D1359582A70A8B8503C569623EE90C18C6B33542796207,Tester/logs/20261011.log,985153,2026-06-04,15:15,B152PR,"EE	0	00:09:04.445	Core 04	2026.06.04 15:15:00   [SRJ-IND] B152PR sym=USDJPY bar=2026.06.04 15:10 z1=3133,S,159.860,159.890,2026.06.04 14:20,1,2026.06.04 15:10,159.876,159.797"
1552,JUNE0525-B162,1617DC1ACCE6B50ED2D1359582A70A8B8503C569623EE90C18C6B33542796207,Tester/logs/20261011.log,985154,2026-06-04,15:15,B152PR,"EK	0	00:09:04.445	Core 04	2026.06.04 15:15:00   [SRJ-IND] B152PR sym=USDJPY bar=2026.06.04 15:10 z1=3135,S,159.867,159.883,2026.06.04 14:10,1,2026.06.04 15:10,159.876,159.797"
1553,JUNE0525-B162,1617DC1ACCE6B50ED2D1359582A70A8B8503C569623EE90C18C6B33542796207,Tester/logs/20261011.log,985155,2026-06-04,15:15,B152PR,"GR	0	00:09:04.445	Core 04	2026.06.04 15:15:00   [SRJ-IND] B152PR sym=USDJPY bar=2026.06.04 15:10 bull=1 bear=1 nz=25"
1554,JUNE0525-B162,1617DC1ACCE6B50ED2D1359582A70A8B8503C569623EE90C18C6B33542796207,Tester/logs/20261011.log,985156,2026-06-04,15:15,B162ORIGIN,"EM	0	00:09:04.445	Core 04	2026.06.04 15:15:00   [SRJ-IND] B162ORIGIN sym=USDJPY bar=2026.06.04 15:10 side=B n=23 origin=2945 range=159.579-159.675 formT=2026.06.03 10:50 set=65,78,212,256,261,313,414,447,449,460,696,714,724,1405,1779,1780,1949,2509,2566,2648,2716,2720,2945"
1555,JUNE0525-B162,1617DC1ACCE6B50ED2D1359582A70A8B8503C569623EE90C18C6B33542796207,Tester/logs/20261011.log,985157,2026-06-04,15:15,B162ORIGIN,"CL	0	00:09:04.445	Core 04	2026.06.04 15:15:00   [SRJ-IND] B162ORIGIN sym=USDJPY bar=2026.06.04 15:10 side=S n=2 origin=3135 range=159.867-159.883 formT=2026.06.04 13:40 set=3133,3135"
1556,JUNE0525-B162,1617DC1ACCE6B50ED2D1359582A70A8B8503C569623EE90C18C6B33542796207,Tester/logs/20261011.log,985163,2026-06-04,15:15,CQDRECHECK,"CF	0	00:09:04.445	Core 04	2026.06.04 15:15:00   [SRJ-EA] CQDRECHECK shift=2 passA=-2.0 passB=-2.0 diff=0 bar=2026.06.04 15:05 state=IDLE dir=NONE divLatch=0 hit1=0 hit2=600 mism=0"
1557,JUNE0525-B162,1617DC1ACCE6B50ED2D1359582A70A8B8503C569623EE90C18C6B33542796207,Tester/logs/20261011.log,985168,2026-06-04,15:20,B152PR,"MJ	0	00:09:04.445	Core 04	2026.06.04 15:20:00   [SRJ-IND] B152PR sym=USDJPY bar=2026.06.04 15:15 z1=65,B,156.672,156.773,2026.05.11 04:10,1,2026.05.12 08:55,157.714,156.726"
1558,JUNE0525-B162,1617DC1ACCE6B50ED2D1359582A70A8B8503C569623EE90C18C6B33542796207,Tester/logs/20261011.log,985169,2026-06-04,15:20,B152PR,"MP	0	00:09:04.445	Core 04	2026.06.04 15:20:00   [SRJ-IND] B152PR sym=USDJPY bar=2026.06.04 15:15 z1=78,B,156.578,156.584,2026.05.11 00:35,1,2026.05.11 00:40,156.644,156.537"
1559,JUNE0525-B162,1617DC1ACCE6B50ED2D1359582A70A8B8503C569623EE90C18C6B33542796207,Tester/logs/20261011.log,985170,2026-06-04,15:20,B152PR,"KE	0	00:09:04.445	Core 04	2026.06.04 15:20:00   [SRJ-IND] B152PR sym=USDJPY bar=2026.06.04 15:15 z1=212,B,157.028,157.060,2026.05.11 19:20,1,2026.05.12 00:00,157.152,157.050"
1560,JUNE0525-B162,1617DC1ACCE6B50ED2D1359582A70A8B8503C569623EE90C18C6B33542796207,Tester/logs/20261011.log,985171,2026-06-04,15:20,B152PR,"OO	0	00:09:04.445	Core 04	2026.06.04 15:20:00   [SRJ-IND] B152PR sym=USDJPY bar=2026.06.04 15:15 z1=256,B,157.172,157.178,2026.05.12 01:25,1,2026.05.12 08:55,157.714,156.726"
1561,JUNE0525-B162,1617DC1ACCE6B50ED2D1359582A70A8B8503C569623EE90C18C6B33542796207,Tester/logs/20261011.log,985172,2026-06-04,15:20,B152PR,"EQ	0	00:09:04.445	Core 04	2026.06.04 15:20:00   [SRJ-IND] B152PR sym=USDJPY bar=2026.06.04 15:15 z1=261,B,157.184,157.192,2026.05.12 03:00,1,2026.05.12 08:55,157.714,156.726"
1562,JUNE0525-B162,1617DC1ACCE6B50ED2D1359582A70A8B8503C569623EE90C18C6B33542796207,Tester/logs/20261011.log,985173,2026-06-04,15:20,B152PR,"EJ	0	00:09:04.445	Core 04	2026.06.04 15:20:00   [SRJ-IND] B152PR sym=USDJPY bar=2026.06.04 15:15 z1=313,B,157.331,157.497,2026.05.12 10:00,1,2026.05.12 10:10,157.546,157.487"
1563,JUNE0525-B162,1617DC1ACCE6B50ED2D1359582A70A8B8503C569623EE90C18C6B33542796207,Tester/logs/20261011.log,985174,2026-06-04,15:20,B152PR,"LL	0	00:09:04.445	Core 04	2026.06.04 15:20:00   [SRJ-IND] B152PR sym=USDJPY bar=2026.06.04 15:15 z1=414,B,157.517,157.589,2026.05.13 01:10,1,2026.05.13 01:20,157.607,157.587"
1564,JUNE0525-B162,1617DC1ACCE6B50ED2D1359582A70A8B8503C569623EE90C18C6B33542796207,Tester/logs/20261011.log,985175,2026-06-04,15:20,B152PR,"CF	0	00:09:04.445	Core 04	2026.06.04 15:20:00   [SRJ-IND] B152PR sym=USDJPY bar=2026.06.04 15:15 z1=447,B,157.562,157.648,2026.05.13 06:20,1,2026.05.13 06:25,157.662,157.648"
1565,JUNE0525-B162,1617DC1ACCE6B50ED2D1359582A70A8B8503C569623EE90C18C6B33542796207,Tester/logs/20261011.log,985176,2026-06-04,15:20,B152PR,"HH	0	00:09:04.445	Core 04	2026.06.04 15:20:00   [SRJ-IND] B152PR sym=USDJPY bar=2026.06.04 15:15 z1=449,B,157.599,157.654,2026.05.13 05:15,1,2026.05.13 05:45,157.687,157.652"
1566,JUNE0525-B162,1617DC1ACCE6B50ED2D1359582A70A8B8503C569623EE90C18C6B33542796207,Tester/logs/20261011.log,985177,2026-06-04,15:20,B152PR,"ER	0	00:09:04.445	Core 04	2026.06.04 15:20:00   [SRJ-IND] B152PR sym=USDJPY bar=2026.06.04 15:15 z1=460,B,157.645,157.660,2026.05.13 07:05,1,2026.05.14 00:25,157.812,157.650"
1567,JUNE0525-B162,1617DC1ACCE6B50ED2D1359582A70A8B8503C569623EE90C18C6B33542796207,Tester/logs/20261011.log,985178,2026-06-04,15:20,B152PR,"ID	0	00:09:04.445	Core 04	2026.06.04 15:20:00   [SRJ-IND] B152PR sym=USDJPY bar=2026.06.04 15:15 z1=696,B,157.568,158.167,2026.05.14 18:05,1,2026.05.14 18:10,158.191,158.119"
1568,JUNE0525-B162,1617DC1ACCE6B50ED2D1359582A70A8B8503C569623EE90C18C6B33542796207,Tester/logs/20261011.log,985179,2026-06-04,15:20,B152PR,"MN	0	00:09:04.445	Core 04	2026.06.04 15:20:00   [SRJ-IND] B152PR sym=USDJPY bar=2026.06.04 15:15 z1=714,B,158.107,158.142,2026.05.14 19:30,1,2026.05.14 20:00,158.169,158.142"
1569,JUNE0525-B162,1617DC1ACCE6B50ED2D1359582A70A8B8503C569623EE90C18C6B33542796207,Tester/logs/20261011.log,985180,2026-06-04,15:20,B152PR,"PP	0	00:09:04.445	Core 04	2026.06.04 15:20:00   [SRJ-IND] B152PR sym=USDJPY bar=2026.06.04 15:15 z1=724,B,158.168,158.186,2026.05.14 21:00,1,2026.05.14 21:05,158.191,158.182"
1570,JUNE0525-B162,1617DC1ACCE6B50ED2D1359582A70A8B8503C569623EE90C18C6B33542796207,Tester/logs/20261011.log,985181,2026-06-04,15:20,B152PR,"JF	0	00:09:04.445	Core 04	2026.06.04 15:20:00   [SRJ-IND] B152PR sym=USDJPY bar=2026.06.04 15:15 z1=1405,B,158.735,158.769,2026.05.20 19:00,1,2026.05.20 19:05,158.816,158.753"
1571,JUNE0525-B162,1617DC1ACCE6B50ED2D1359582A70A8B8503C569623EE90C18C6B33542796207,Tester/logs/20261011.log,985182,2026-06-04,15:20,B152PR,"LL	0	00:09:04.445	Core 04	2026.06.04 15:20:00   [SRJ-IND] B152PR sym=USDJPY bar=2026.06.04 15:15 z1=1779,B,158.756,158.800,2026.05.25 06:45,1,2026.05.26 00:00,158.887,158.784"
1572,JUNE0525-B162,1617DC1ACCE6B50ED2D1359582A70A8B8503C569623EE90C18C6B33542796207,Tester/logs/20261011.log,985183,2026-06-04,15:20,B152PR,"QR	0	00:09:04.445	Core 04	2026.06.04 15:20:00   [SRJ-IND] B152PR sym=USDJPY bar=2026.06.04 15:15 z1=1780,B,158.789,158.814,2026.05.25 04:50,1,2026.05.26 00:00,158.887,158.784"
1573,JUNE0525-B162,1617DC1ACCE6B50ED2D1359582A70A8B8503C569623EE90C18C6B33542796207,Tester/logs/20261011.log,985184,2026-06-04,15:20,B152PR,"HH	0	00:09:04.445	Core 04	2026.06.04 15:20:00   [SRJ-IND] B152PR sym=USDJPY bar=2026.06.04 15:15 z1=1949,B,158.916,158.934,2026.05.26 07:25,1,2026.05.26 07:30,158.942,158.934"
1574,JUNE0525-B162,1617DC1ACCE6B50ED2D1359582A70A8B8503C569623EE90C18C6B33542796207,Tester/logs/20261011.log,985185,2026-06-04,15:20,B152PR,"QN	0	00:09:04.445	Core 04	2026.06.04 15:20:00   [SRJ-IND] B152PR sym=USDJPY bar=2026.06.04 15:15 z1=2509,B,159.134,159.195,2026.05.29 19:10,1,2026.05.29 19:35,159.215,159.186"
1575,JUNE0525-B162,1617DC1ACCE6B50ED2D1359582A70A8B8503C569623EE90C18C6B33542796207,Tester/logs/20261011.log,985186,2026-06-04,15:20,B152PR,"PD	0	00:09:04.445	Core 04	2026.06.04 15:20:00   [SRJ-IND] B152PR sym=USDJPY bar=2026.06.04 15:15 z1=2566,B,159.382,159.407,2026.06.01 03:15,1,2026.06.03 11:30,159.790,159.368"
1576,JUNE0525-B162,1617DC1ACCE6B50ED2D1359582A70A8B8503C569623EE90C18C6B33542796207,Tester/logs/20261011.log,985187,2026-06-04,15:20,B152PR,"JJ	0	00:09:04.445	Core 04	2026.06.04 15:20:00   [SRJ-IND] B152PR sym=USDJPY bar=2026.06.04 15:15 z1=2648,B,159.435,159.481,2026.06.01 16:00,1,2026.06.03 11:30,159.790,159.368"
1577,JUNE0525-B162,1617DC1ACCE6B50ED2D1359582A70A8B8503C569623EE90C18C6B33542796207,Tester/logs/20261011.log,985188,2026-06-04,15:20,B152PR,"MP	0	00:09:04.445	Core 04	2026.06.04 15:20:00   [SRJ-IND] B152PR sym=USDJPY bar=2026.06.04 15:15 z1=2716,B,159.576,159.603,2026.06.02 03:10,1,2026.06.03 10:35,159.787,159.550"
1578,JUNE0525-B162,1617DC1ACCE6B50ED2D1359582A70A8B8503C569623EE90C18C6B33542796207,Tester/logs/20261011.log,985189,2026-06-04,15:20,B152PR,"CF	0	00:09:04.445	Core 04	2026.06.04 15:20:00   [SRJ-IND] B152PR sym=USDJPY bar=2026.06.04 15:15 z1=2720,B,159.586,159.605,2026.06.02 01:05,1,2026.06.03 10:35,159.787,159.550"
1579,JUNE0525-B162,1617DC1ACCE6B50ED2D1359582A70A8B8503C569623EE90C18C6B33542796207,Tester/logs/20261011.log,985190,2026-06-04,15:20,B152PR,"GL	0	00:09:04.445	Core 04	2026.06.04 15:20:00   [SRJ-IND] B152PR sym=USDJPY bar=2026.06.04 15:15 z1=2945,B,159.579,159.675,2026.06.03 11:15,1,2026.06.03 11:25,159.727,159.674"
1580,JUNE0525-B162,1617DC1ACCE6B50ED2D1359582A70A8B8503C569623EE90C18C6B33542796207,Tester/logs/20261011.log,985191,2026-06-04,15:20,B152PR,"NS	0	00:09:04.445	Core 04	2026.06.04 15:20:00   [SRJ-IND] B152PR sym=USDJPY bar=2026.06.04 15:15 z1=3133,S,159.860,159.890,2026.06.04 14:20,1,2026.06.04 15:10,159.876,159.797"
1581,JUNE0525-B162,1617DC1ACCE6B50ED2D1359582A70A8B8503C569623EE90C18C6B33542796207,Tester/logs/20261011.log,985192,2026-06-04,15:20,B152PR,"NI	0	00:09:04.445	Core 04	2026.06.04 15:20:00   [SRJ-IND] B152PR sym=USDJPY bar=2026.06.04 15:15 z1=3135,S,159.867,159.883,2026.06.04 14:10,1,2026.06.04 15:10,159.876,159.797"
1582,JUNE0525-B162,1617DC1ACCE6B50ED2D1359582A70A8B8503C569623EE90C18C6B33542796207,Tester/logs/20261011.log,985193,2026-06-04,15:20,B152PR,"PL	0	00:09:04.445	Core 04	2026.06.04 15:20:00   [SRJ-IND] B152PR sym=USDJPY bar=2026.06.04 15:15 bull=1 bear=1 nz=25"
1583,JUNE0525-B162,1617DC1ACCE6B50ED2D1359582A70A8B8503C569623EE90C18C6B33542796207,Tester/logs/20261011.log,985194,2026-06-04,15:20,B162ORIGIN,"NS	0	00:09:04.445	Core 04	2026.06.04 15:20:00   [SRJ-IND] B162ORIGIN sym=USDJPY bar=2026.06.04 15:15 side=B n=23 origin=2945 range=159.579-159.675 formT=2026.06.03 10:50 set=65,78,212,256,261,313,414,447,449,460,696,714,724,1405,1779,1780,1949,2509,2566,2648,2716,2720,2945"
1584,JUNE0525-B162,1617DC1ACCE6B50ED2D1359582A70A8B8503C569623EE90C18C6B33542796207,Tester/logs/20261011.log,985195,2026-06-04,15:20,B162ORIGIN,"HO	0	00:09:04.445	Core 04	2026.06.04 15:20:00   [SRJ-IND] B162ORIGIN sym=USDJPY bar=2026.06.04 15:15 side=S n=2 origin=3135 range=159.867-159.883 formT=2026.06.04 13:40 set=3133,3135"
1585,JUNE0525-B162,1617DC1ACCE6B50ED2D1359582A70A8B8503C569623EE90C18C6B33542796207,Tester/logs/20261011.log,985202,2026-06-04,15:25,B152PR,"JJ	0	00:09:04.445	Core 04	2026.06.04 15:25:00   [SRJ-IND] B152PR sym=USDJPY bar=2026.06.04 15:20 z1=65,B,156.672,156.773,2026.05.11 04:10,1,2026.05.12 08:55,157.714,156.726"
1586,JUNE0525-B162,1617DC1ACCE6B50ED2D1359582A70A8B8503C569623EE90C18C6B33542796207,Tester/logs/20261011.log,985203,2026-06-04,15:25,B152PR,"RQ	0	00:09:04.445	Core 04	2026.06.04 15:25:00   [SRJ-IND] B152PR sym=USDJPY bar=2026.06.04 15:20 z1=78,B,156.578,156.584,2026.05.11 00:35,1,2026.05.11 00:40,156.644,156.537"
1587,JUNE0525-B162,1617DC1ACCE6B50ED2D1359582A70A8B8503C569623EE90C18C6B33542796207,Tester/logs/20261011.log,985204,2026-06-04,15:25,B152PR,"HD	0	00:09:04.445	Core 04	2026.06.04 15:25:00   [SRJ-IND] B152PR sym=USDJPY bar=2026.06.04 15:20 z1=212,B,157.028,157.060,2026.05.11 19:20,1,2026.05.12 00:00,157.152,157.050"
1588,JUNE0525-B162,1617DC1ACCE6B50ED2D1359582A70A8B8503C569623EE90C18C6B33542796207,Tester/logs/20261011.log,985205,2026-06-04,15:25,B152PR,"HN	0	00:09:04.445	Core 04	2026.06.04 15:25:00   [SRJ-IND] B152PR sym=USDJPY bar=2026.06.04 15:20 z1=256,B,157.172,157.178,2026.05.12 01:25,1,2026.05.12 08:55,157.714,156.726"
1589,JUNE0525-B162,1617DC1ACCE6B50ED2D1359582A70A8B8503C569623EE90C18C6B33542796207,Tester/logs/20261011.log,985206,2026-06-04,15:25,B152PR,"JP	0	00:09:04.445	Core 04	2026.06.04 15:25:00   [SRJ-IND] B152PR sym=USDJPY bar=2026.06.04 15:20 z1=261,B,157.184,157.192,2026.05.12 03:00,1,2026.05.12 08:55,157.714,156.726"
1590,JUNE0525-B162,1617DC1ACCE6B50ED2D1359582A70A8B8503C569623EE90C18C6B33542796207,Tester/logs/20261011.log,985207,2026-06-04,15:25,B152PR,"NJ	0	00:09:04.445	Core 04	2026.06.04 15:25:00   [SRJ-IND] B152PR sym=USDJPY bar=2026.06.04 15:20 z1=313,B,157.331,157.497,2026.05.12 10:00,1,2026.05.12 10:10,157.546,157.487"
1591,JUNE0525-B162,1617DC1ACCE6B50ED2D1359582A70A8B8503C569623EE90C18C6B33542796207,Tester/logs/20261011.log,985208,2026-06-04,15:25,B152PR,"GL	0	00:09:04.445	Core 04	2026.06.04 15:25:00   [SRJ-IND] B152PR sym=USDJPY bar=2026.06.04 15:20 z1=414,B,157.517,157.589,2026.05.13 01:10,1,2026.05.13 01:20,157.607,157.587"
1592,JUNE0525-B162,1617DC1ACCE6B50ED2D1359582A70A8B8503C569623EE90C18C6B33542796207,Tester/logs/20261011.log,985209,2026-06-04,15:25,B152PR,"LF	0	00:09:04.445	Core 04	2026.06.04 15:25:00   [SRJ-IND] B152PR sym=USDJPY bar=2026.06.04 15:20 z1=447,B,157.562,157.648,2026.05.13 06:20,1,2026.05.13 06:25,157.662,157.648"
1593,JUNE0525-B162,1617DC1ACCE6B50ED2D1359582A70A8B8503C569623EE90C18C6B33542796207,Tester/logs/20261011.log,985210,2026-06-04,15:25,B152PR,"CK	0	00:09:04.445	Core 04	2026.06.04 15:25:00   [SRJ-IND] B152PR sym=USDJPY bar=2026.06.04 15:20 z1=449,B,157.599,157.654,2026.05.13 05:15,1,2026.05.13 05:45,157.687,157.652"
1594,JUNE0525-B162,1617DC1ACCE6B50ED2D1359582A70A8B8503C569623EE90C18C6B33542796207,Tester/logs/20261011.log,985211,2026-06-04,15:25,B152PR,"NM	0	00:09:04.445	Core 04	2026.06.04 15:25:00   [SRJ-IND] B152PR sym=USDJPY bar=2026.06.04 15:20 z1=460,B,157.645,157.660,2026.05.13 07:05,1,2026.05.14 00:25,157.812,157.650"
1595,JUNE0525-B162,1617DC1ACCE6B50ED2D1359582A70A8B8503C569623EE90C18C6B33542796207,Tester/logs/20261011.log,985212,2026-06-04,15:25,B152PR,"NG	0	00:09:04.445	Core 04	2026.06.04 15:25:00   [SRJ-IND] B152PR sym=USDJPY bar=2026.06.04 15:20 z1=696,B,157.568,158.167,2026.05.14 18:05,1,2026.05.14 18:10,158.191,158.119"
1596,JUNE0525-B162,1617DC1ACCE6B50ED2D1359582A70A8B8503C569623EE90C18C6B33542796207,Tester/logs/20261011.log,985213,2026-06-04,15:25,B152PR,"FI	0	00:09:04.445	Core 04	2026.06.04 15:25:00   [SRJ-IND] B152PR sym=USDJPY bar=2026.06.04 15:20 z1=714,B,158.107,158.142,2026.05.14 19:30,1,2026.05.14 20:00,158.169,158.142"
1597,JUNE0525-B162,1617DC1ACCE6B50ED2D1359582A70A8B8503C569623EE90C18C6B33542796207,Tester/logs/20261011.log,985214,2026-06-04,15:25,B152PR,"KS	0	00:09:04.445	Core 04	2026.06.04 15:25:00   [SRJ-IND] B152PR sym=USDJPY bar=2026.06.04 15:20 z1=724,B,158.168,158.186,2026.05.14 21:00,1,2026.05.14 21:05,158.191,158.182"
1598,JUNE0525-B162,1617DC1ACCE6B50ED2D1359582A70A8B8503C569623EE90C18C6B33542796207,Tester/logs/20261011.log,985215,2026-06-04,15:25,B152PR,"QF	0	00:09:04.445	Core 04	2026.06.04 15:25:00   [SRJ-IND] B152PR sym=USDJPY bar=2026.06.04 15:20 z1=1405,B,158.735,158.769,2026.05.20 19:00,1,2026.05.20 19:05,158.816,158.753"
1599,JUNE0525-B162,1617DC1ACCE6B50ED2D1359582A70A8B8503C569623EE90C18C6B33542796207,Tester/logs/20261011.log,985216,2026-06-04,15:25,B152PR,"CL	0	00:09:04.445	Core 04	2026.06.04 15:25:00   [SRJ-IND] B152PR sym=USDJPY bar=2026.06.04 15:20 z1=1779,B,158.756,158.800,2026.05.25 06:45,1,2026.05.26 00:00,158.887,158.784"
1600,JUNE0525-B162,1617DC1ACCE6B50ED2D1359582A70A8B8503C569623EE90C18C6B33542796207,Tester/logs/20261011.log,985217,2026-06-04,15:25,B152PR,"JR	0	00:09:04.445	Core 04	2026.06.04 15:25:00   [SRJ-IND] B152PR sym=USDJPY bar=2026.06.04 15:20 z1=1780,B,158.789,158.814,2026.05.25 04:50,1,2026.05.26 00:00,158.887,158.784"
1601,JUNE0525-B162,1617DC1ACCE6B50ED2D1359582A70A8B8503C569623EE90C18C6B33542796207,Tester/logs/20261011.log,985218,2026-06-04,15:25,B152PR,"OH	0	00:09:04.445	Core 04	2026.06.04 15:25:00   [SRJ-IND] B152PR sym=USDJPY bar=2026.06.04 15:20 z1=1949,B,158.916,158.934,2026.05.26 07:25,1,2026.05.26 07:30,158.942,158.934"
1602,JUNE0525-B162,1617DC1ACCE6B50ED2D1359582A70A8B8503C569623EE90C18C6B33542796207,Tester/logs/20261011.log,985219,2026-06-04,15:25,B152PR,"JN	0	00:09:04.445	Core 04	2026.06.04 15:25:00   [SRJ-IND] B152PR sym=USDJPY bar=2026.06.04 15:20 z1=2509,B,159.134,159.195,2026.05.29 19:10,1,2026.05.29 19:35,159.215,159.186"
1603,JUNE0525-B162,1617DC1ACCE6B50ED2D1359582A70A8B8503C569623EE90C18C6B33542796207,Tester/logs/20261011.log,985220,2026-06-04,15:25,B152PR,"GD	0	00:09:04.445	Core 04	2026.06.04 15:25:00   [SRJ-IND] B152PR sym=USDJPY bar=2026.06.04 15:20 z1=2566,B,159.382,159.407,2026.06.01 03:15,1,2026.06.03 11:30,159.790,159.368"
1604,JUNE0525-B162,1617DC1ACCE6B50ED2D1359582A70A8B8503C569623EE90C18C6B33542796207,Tester/logs/20261011.log,985221,2026-06-04,15:25,B152PR,"QJ	0	00:09:04.445	Core 04	2026.06.04 15:25:00   [SRJ-IND] B152PR sym=USDJPY bar=2026.06.04 15:20 z1=2648,B,159.435,159.481,2026.06.01 16:00,1,2026.06.03 11:30,159.790,159.368"
1605,JUNE0525-B162,1617DC1ACCE6B50ED2D1359582A70A8B8503C569623EE90C18C6B33542796207,Tester/logs/20261011.log,985222,2026-06-04,15:25,B152PR,"FP	0	00:09:04.445	Core 04	2026.06.04 15:25:00   [SRJ-IND] B152PR sym=USDJPY bar=2026.06.04 15:20 z1=2716,B,159.576,159.603,2026.06.02 03:10,1,2026.06.03 10:35,159.787,159.550"
1606,JUNE0525-B162,1617DC1ACCE6B50ED2D1359582A70A8B8503C569623EE90C18C6B33542796207,Tester/logs/20261011.log,985223,2026-06-04,15:25,B152PR,"LF	0	00:09:04.445	Core 04	2026.06.04 15:25:00   [SRJ-IND] B152PR sym=USDJPY bar=2026.06.04 15:20 z1=2720,B,159.586,159.605,2026.06.02 01:05,1,2026.06.03 10:35,159.787,159.550"
1607,JUNE0525-B162,1617DC1ACCE6B50ED2D1359582A70A8B8503C569623EE90C18C6B33542796207,Tester/logs/20261011.log,985224,2026-06-04,15:25,B152PR,"PL	0	00:09:04.445	Core 04	2026.06.04 15:25:00   [SRJ-IND] B152PR sym=USDJPY bar=2026.06.04 15:20 z1=2945,B,159.579,159.675,2026.06.03 11:15,1,2026.06.03 11:25,159.727,159.674"
1608,JUNE0525-B162,1617DC1ACCE6B50ED2D1359582A70A8B8503C569623EE90C18C6B33542796207,Tester/logs/20261011.log,985225,2026-06-04,15:25,B152PR,"ES	0	00:09:04.445	Core 04	2026.06.04 15:25:00   [SRJ-IND] B152PR sym=USDJPY bar=2026.06.04 15:20 z1=3133,S,159.860,159.890,2026.06.04 14:20,1,2026.06.04 15:10,159.876,159.797"
1609,JUNE0525-B162,1617DC1ACCE6B50ED2D1359582A70A8B8503C569623EE90C18C6B33542796207,Tester/logs/20261011.log,985226,2026-06-04,15:25,B152PR,"EI	0	00:09:04.445	Core 04	2026.06.04 15:25:00   [SRJ-IND] B152PR sym=USDJPY bar=2026.06.04 15:20 z1=3135,S,159.867,159.883,2026.06.04 14:10,1,2026.06.04 15:10,159.876,159.797"
1610,JUNE0525-B162,1617DC1ACCE6B50ED2D1359582A70A8B8503C569623EE90C18C6B33542796207,Tester/logs/20261011.log,985227,2026-06-04,15:25,B152PR,"GL	0	00:09:04.445	Core 04	2026.06.04 15:25:00   [SRJ-IND] B152PR sym=USDJPY bar=2026.06.04 15:20 bull=1 bear=1 nz=25"
1611,JUNE0525-B162,1617DC1ACCE6B50ED2D1359582A70A8B8503C569623EE90C18C6B33542796207,Tester/logs/20261011.log,985228,2026-06-04,15:25,B162ORIGIN,"ES	0	00:09:04.445	Core 04	2026.06.04 15:25:00   [SRJ-IND] B162ORIGIN sym=USDJPY bar=2026.06.04 15:20 side=B n=23 origin=2945 range=159.579-159.675 formT=2026.06.03 10:50 set=65,78,212,256,261,313,414,447,449,460,696,714,724,1405,1779,1780,1949,2509,2566,2648,2716,2720,2945"
1612,JUNE0525-B162,1617DC1ACCE6B50ED2D1359582A70A8B8503C569623EE90C18C6B33542796207,Tester/logs/20261011.log,985229,2026-06-04,15:25,B162ORIGIN,"CN	0	00:09:04.445	Core 04	2026.06.04 15:25:00   [SRJ-IND] B162ORIGIN sym=USDJPY bar=2026.06.04 15:20 side=S n=2 origin=3135 range=159.867-159.883 formT=2026.06.04 13:40 set=3133,3135"
1613,JUNE0525-B162,1617DC1ACCE6B50ED2D1359582A70A8B8503C569623EE90C18C6B33542796207,Tester/logs/20261011.log,985236,2026-06-04,15:30,B152PR,"OK	0	00:09:04.445	Core 04	2026.06.04 15:30:00   [SRJ-IND] B152PR sym=USDJPY bar=2026.06.04 15:25 z1=65,B,156.672,156.773,2026.05.11 04:10,1,2026.05.12 08:55,157.714,156.726"
1614,JUNE0525-B162,1617DC1ACCE6B50ED2D1359582A70A8B8503C569623EE90C18C6B33542796207,Tester/logs/20261011.log,985237,2026-06-04,15:30,B152PR,"GQ	0	00:09:04.445	Core 04	2026.06.04 15:30:00   [SRJ-IND] B152PR sym=USDJPY bar=2026.06.04 15:25 z1=78,B,156.578,156.584,2026.05.11 00:35,1,2026.05.11 00:40,156.644,156.537"
1615,JUNE0525-B162,1617DC1ACCE6B50ED2D1359582A70A8B8503C569623EE90C18C6B33542796207,Tester/logs/20261011.log,985238,2026-06-04,15:30,B152PR,"QD	0	00:09:04.445	Core 04	2026.06.04 15:30:00   [SRJ-IND] B152PR sym=USDJPY bar=2026.06.04 15:25 z1=212,B,157.028,157.060,2026.05.11 19:20,1,2026.05.12 00:00,157.152,157.050"
1616,JUNE0525-B162,1617DC1ACCE6B50ED2D1359582A70A8B8503C569623EE90C18C6B33542796207,Tester/logs/20261011.log,985239,2026-06-04,15:30,B152PR,"EI	0	00:09:04.445	Core 04	2026.06.04 15:30:00   [SRJ-IND] B152PR sym=USDJPY bar=2026.06.04 15:25 z1=256,B,157.172,157.178,2026.05.12 01:25,1,2026.05.12 08:55,157.714,156.726"
1617,JUNE0525-B162,1617DC1ACCE6B50ED2D1359582A70A8B8503C569623EE90C18C6B33542796207,Tester/logs/20261011.log,985240,2026-06-04,15:30,B152PR,"OS	0	00:09:04.445	Core 04	2026.06.04 15:30:00   [SRJ-IND] B152PR sym=USDJPY bar=2026.06.04 15:25 z1=261,B,157.184,157.192,2026.05.12 03:00,1,2026.05.12 08:55,157.714,156.726"
1618,JUNE0525-B162,1617DC1ACCE6B50ED2D1359582A70A8B8503C569623EE90C18C6B33542796207,Tester/logs/20261011.log,985241,2026-06-04,15:30,B152PR,"GE	0	00:09:04.445	Core 04	2026.06.04 15:30:00   [SRJ-IND] B152PR sym=USDJPY bar=2026.06.04 15:25 z1=313,B,157.331,157.497,2026.05.12 10:00,1,2026.05.12 10:10,157.546,157.487"
1619,JUNE0525-B162,1617DC1ACCE6B50ED2D1359582A70A8B8503C569623EE90C18C6B33542796207,Tester/logs/20261011.log,985242,2026-06-04,15:30,B152PR,"RO	0	00:09:04.445	Core 04	2026.06.04 15:30:00   [SRJ-IND] B152PR sym=USDJPY bar=2026.06.04 15:25 z1=414,B,157.517,157.589,2026.05.13 01:10,1,2026.05.13 01:20,157.607,157.587"
1620,JUNE0525-B162,1617DC1ACCE6B50ED2D1359582A70A8B8503C569623EE90C18C6B33542796207,Tester/logs/20261011.log,985243,2026-06-04,15:30,B152PR,"QQ	0	00:09:04.445	Core 04	2026.06.04 15:30:00   [SRJ-IND] B152PR sym=USDJPY bar=2026.06.04 15:25 z1=447,B,157.562,157.648,2026.05.13 06:20,1,2026.05.13 06:25,157.662,157.648"
1621,JUNE0525-B162,1617DC1ACCE6B50ED2D1359582A70A8B8503C569623EE90C18C6B33542796207,Tester/logs/20261011.log,985244,2026-06-04,15:30,B152PR,"NK	0	00:09:04.445	Core 04	2026.06.04 15:30:00   [SRJ-IND] B152PR sym=USDJPY bar=2026.06.04 15:25 z1=449,B,157.599,157.654,2026.05.13 05:15,1,2026.05.13 05:45,157.687,157.652"
1622,JUNE0525-B162,1617DC1ACCE6B50ED2D1359582A70A8B8503C569623EE90C18C6B33542796207,Tester/logs/20261011.log,985245,2026-06-04,15:30,B152PR,"GM	0	00:09:04.445	Core 04	2026.06.04 15:30:00   [SRJ-IND] B152PR sym=USDJPY bar=2026.06.04 15:25 z1=460,B,157.645,157.660,2026.05.13 07:05,1,2026.05.14 00:25,157.812,157.650"
1623,JUNE0525-B162,1617DC1ACCE6B50ED2D1359582A70A8B8503C569623EE90C18C6B33542796207,Tester/logs/20261011.log,985246,2026-06-04,15:30,B152PR,"CG	0	00:09:04.445	Core 04	2026.06.04 15:30:00   [SRJ-IND] B152PR sym=USDJPY bar=2026.06.04 15:25 z1=696,B,157.568,158.167,2026.05.14 18:05,1,2026.05.14 18:10,158.191,158.119"
1624,JUNE0525-B162,1617DC1ACCE6B50ED2D1359582A70A8B8503C569623EE90C18C6B33542796207,Tester/logs/20261011.log,985247,2026-06-04,15:30,B152PR,"GH	0	00:09:04.445	Core 04	2026.06.04 15:30:00   [SRJ-IND] B152PR sym=USDJPY bar=2026.06.04 15:25 z1=714,B,158.107,158.142,2026.05.14 19:30,1,2026.05.14 20:00,158.169,158.142"
1625,JUNE0525-B162,1617DC1ACCE6B50ED2D1359582A70A8B8503C569623EE90C18C6B33542796207,Tester/logs/20261011.log,985248,2026-06-04,15:30,B152PR,"FR	0	00:09:04.445	Core 04	2026.06.04 15:30:00   [SRJ-IND] B152PR sym=USDJPY bar=2026.06.04 15:25 z1=724,B,158.168,158.186,2026.05.14 21:00,1,2026.05.14 21:05,158.191,158.182"
1626,JUNE0525-B162,1617DC1ACCE6B50ED2D1359582A70A8B8503C569623EE90C18C6B33542796207,Tester/logs/20261011.log,985249,2026-06-04,15:30,B152PR,"DG	0	00:09:04.445	Core 04	2026.06.04 15:30:00   [SRJ-IND] B152PR sym=USDJPY bar=2026.06.04 15:25 z1=1405,B,158.735,158.769,2026.05.20 19:00,1,2026.05.20 19:05,158.816,158.753"
1627,JUNE0525-B162,1617DC1ACCE6B50ED2D1359582A70A8B8503C569623EE90C18C6B33542796207,Tester/logs/20261011.log,985250,2026-06-04,15:30,B152PR,"RM	0	00:09:04.445	Core 04	2026.06.04 15:30:00   [SRJ-IND] B152PR sym=USDJPY bar=2026.06.04 15:25 z1=1779,B,158.756,158.800,2026.05.25 06:45,1,2026.05.26 00:00,158.887,158.784"
1628,JUNE0525-B162,1617DC1ACCE6B50ED2D1359582A70A8B8503C569623EE90C18C6B33542796207,Tester/logs/20261011.log,985251,2026-06-04,15:30,B152PR,"KS	0	00:09:04.445	Core 04	2026.06.04 15:30:00   [SRJ-IND] B152PR sym=USDJPY bar=2026.06.04 15:25 z1=1780,B,158.789,158.814,2026.05.25 04:50,1,2026.05.26 00:00,158.887,158.784"
1629,JUNE0525-B162,1617DC1ACCE6B50ED2D1359582A70A8B8503C569623EE90C18C6B33542796207,Tester/logs/20261011.log,985252,2026-06-04,15:30,B152PR,"FI	0	00:09:04.445	Core 04	2026.06.04 15:30:00   [SRJ-IND] B152PR sym=USDJPY bar=2026.06.04 15:25 z1=1949,B,158.916,158.934,2026.05.26 07:25,1,2026.05.26 07:30,158.942,158.934"
1630,JUNE0525-B162,1617DC1ACCE6B50ED2D1359582A70A8B8503C569623EE90C18C6B33542796207,Tester/logs/20261011.log,985253,2026-06-04,15:30,B152PR,"KO	0	00:09:04.445	Core 04	2026.06.04 15:30:00   [SRJ-IND] B152PR sym=USDJPY bar=2026.06.04 15:25 z1=2509,B,159.134,159.195,2026.05.29 19:10,1,2026.05.29 19:35,159.215,159.186"
1631,JUNE0525-B162,1617DC1ACCE6B50ED2D1359582A70A8B8503C569623EE90C18C6B33542796207,Tester/logs/20261011.log,985254,2026-06-04,15:30,B152PR,"NE	0	00:09:04.445	Core 04	2026.06.04 15:30:00   [SRJ-IND] B152PR sym=USDJPY bar=2026.06.04 15:25 z1=2566,B,159.382,159.407,2026.06.01 03:15,1,2026.06.03 11:30,159.790,159.368"
1632,JUNE0525-B162,1617DC1ACCE6B50ED2D1359582A70A8B8503C569623EE90C18C6B33542796207,Tester/logs/20261011.log,985255,2026-06-04,15:30,B152PR,"DK	0	00:09:04.445	Core 04	2026.06.04 15:30:00   [SRJ-IND] B152PR sym=USDJPY bar=2026.06.04 15:25 z1=2648,B,159.435,159.481,2026.06.01 16:00,1,2026.06.03 11:30,159.790,159.368"
1633,JUNE0525-B162,1617DC1ACCE6B50ED2D1359582A70A8B8503C569623EE90C18C6B33542796207,Tester/logs/20261011.log,985256,2026-06-04,15:30,B152PR,"OQ	0	00:09:04.445	Core 04	2026.06.04 15:30:00   [SRJ-IND] B152PR sym=USDJPY bar=2026.06.04 15:25 z1=2716,B,159.576,159.603,2026.06.02 03:10,1,2026.06.03 10:35,159.787,159.550"
1634,JUNE0525-B162,1617DC1ACCE6B50ED2D1359582A70A8B8503C569623EE90C18C6B33542796207,Tester/logs/20261011.log,985257,2026-06-04,15:30,B152PR,"IG	0	00:09:04.445	Core 04	2026.06.04 15:30:00   [SRJ-IND] B152PR sym=USDJPY bar=2026.06.04 15:25 z1=2720,B,159.586,159.605,2026.06.02 01:05,1,2026.06.03 10:35,159.787,159.550"
1635,JUNE0525-B162,1617DC1ACCE6B50ED2D1359582A70A8B8503C569623EE90C18C6B33542796207,Tester/logs/20261011.log,985258,2026-06-04,15:30,B152PR,"EM	0	00:09:04.445	Core 04	2026.06.04 15:30:00   [SRJ-IND] B152PR sym=USDJPY bar=2026.06.04 15:25 z1=2945,B,159.579,159.675,2026.06.03 11:15,1,2026.06.03 11:25,159.727,159.674"
1636,JUNE0525-B162,1617DC1ACCE6B50ED2D1359582A70A8B8503C569623EE90C18C6B33542796207,Tester/logs/20261011.log,985259,2026-06-04,15:30,B152PR,"PR	0	00:09:04.445	Core 04	2026.06.04 15:30:00   [SRJ-IND] B152PR sym=USDJPY bar=2026.06.04 15:25 z1=3133,S,159.860,159.890,2026.06.04 14:20,1,2026.06.04 15:10,159.876,159.797"
1637,JUNE0525-B162,1617DC1ACCE6B50ED2D1359582A70A8B8503C569623EE90C18C6B33542796207,Tester/logs/20261011.log,985260,2026-06-04,15:30,B152PR,"PH	0	00:09:04.445	Core 04	2026.06.04 15:30:00   [SRJ-IND] B152PR sym=USDJPY bar=2026.06.04 15:25 z1=3135,S,159.867,159.883,2026.06.04 14:10,1,2026.06.04 15:10,159.876,159.797"
1638,JUNE0525-B162,1617DC1ACCE6B50ED2D1359582A70A8B8503C569623EE90C18C6B33542796207,Tester/logs/20261011.log,985261,2026-06-04,15:30,B152PR,"NM	0	00:09:04.445	Core 04	2026.06.04 15:30:00   [SRJ-IND] B152PR sym=USDJPY bar=2026.06.04 15:25 bull=1 bear=1 nz=25"
1639,JUNE0525-B162,1617DC1ACCE6B50ED2D1359582A70A8B8503C569623EE90C18C6B33542796207,Tester/logs/20261011.log,985262,2026-06-04,15:30,B162ORIGIN,"HP	0	00:09:04.445	Core 04	2026.06.04 15:30:00   [SRJ-IND] B162ORIGIN sym=USDJPY bar=2026.06.04 15:25 side=B n=23 origin=2945 range=159.579-159.675 formT=2026.06.03 10:50 set=65,78,212,256,261,313,414,447,449,460,696,714,724,1405,1779,1780,1949,2509,2566,2648,2716,2720,2945"
1640,JUNE0525-B162,1617DC1ACCE6B50ED2D1359582A70A8B8503C569623EE90C18C6B33542796207,Tester/logs/20261011.log,985263,2026-06-04,15:30,B162ORIGIN,"NQ	0	00:09:04.445	Core 04	2026.06.04 15:30:00   [SRJ-IND] B162ORIGIN sym=USDJPY bar=2026.06.04 15:25 side=S n=2 origin=3135 range=159.867-159.883 formT=2026.06.04 13:40 set=3133,3135"
1641,JUNE0525-B162,1617DC1ACCE6B50ED2D1359582A70A8B8503C569623EE90C18C6B33542796207,Tester/logs/20261011.log,985271,2026-06-04,15:35,B152PR,"JK	0	00:09:04.445	Core 04	2026.06.04 15:35:00   [SRJ-IND] B152PR sym=USDJPY bar=2026.06.04 15:30 z1=65,B,156.672,156.773,2026.05.11 04:10,1,2026.05.12 08:55,157.714,156.726"
1642,JUNE0525-B162,1617DC1ACCE6B50ED2D1359582A70A8B8503C569623EE90C18C6B33542796207,Tester/logs/20261011.log,985272,2026-06-04,15:35,B152PR,"RN	0	00:09:04.445	Core 04	2026.06.04 15:35:00   [SRJ-IND] B152PR sym=USDJPY bar=2026.06.04 15:30 z1=78,B,156.578,156.584,2026.05.11 00:35,1,2026.05.11 00:40,156.644,156.537"
1643,JUNE0525-B162,1617DC1ACCE6B50ED2D1359582A70A8B8503C569623EE90C18C6B33542796207,Tester/logs/20261011.log,985273,2026-06-04,15:35,B152PR,"HG	0	00:09:04.445	Core 04	2026.06.04 15:35:00   [SRJ-IND] B152PR sym=USDJPY bar=2026.06.04 15:30 z1=212,B,157.028,157.060,2026.05.11 19:20,1,2026.05.12 00:00,157.152,157.050"
1644,JUNE0525-B162,1617DC1ACCE6B50ED2D1359582A70A8B8503C569623EE90C18C6B33542796207,Tester/logs/20261011.log,985274,2026-06-04,15:35,B152PR,"HI	0	00:09:04.445	Core 04	2026.06.04 15:35:00   [SRJ-IND] B152PR sym=USDJPY bar=2026.06.04 15:30 z1=256,B,157.172,157.178,2026.05.12 01:25,1,2026.05.12 08:55,157.714,156.726"
1645,JUNE0525-B162,1617DC1ACCE6B50ED2D1359582A70A8B8503C569623EE90C18C6B33542796207,Tester/logs/20261011.log,985275,2026-06-04,15:35,B152PR,"JS	0	00:09:04.445	Core 04	2026.06.04 15:35:00   [SRJ-IND] B152PR sym=USDJPY bar=2026.06.04 15:30 z1=261,B,157.184,157.192,2026.05.12 03:00,1,2026.05.12 08:55,157.714,156.726"
1646,JUNE0525-B162,1617DC1ACCE6B50ED2D1359582A70A8B8503C569623EE90C18C6B33542796207,Tester/logs/20261011.log,985276,2026-06-04,15:35,B152PR,"NE	0	00:09:04.445	Core 04	2026.06.04 15:35:00   [SRJ-IND] B152PR sym=USDJPY bar=2026.06.04 15:30 z1=313,B,157.331,157.497,2026.05.12 10:00,1,2026.05.12 10:10,157.546,157.487"
1647,JUNE0525-B162,1617DC1ACCE6B50ED2D1359582A70A8B8503C569623EE90C18C6B33542796207,Tester/logs/20261011.log,985277,2026-06-04,15:35,B152PR,"GO	0	00:09:04.445	Core 04	2026.06.04 15:35:00   [SRJ-IND] B152PR sym=USDJPY bar=2026.06.04 15:30 z1=414,B,157.517,157.589,2026.05.13 01:10,1,2026.05.13 01:20,157.607,157.587"
1648,JUNE0525-B162,1617DC1ACCE6B50ED2D1359582A70A8B8503C569623EE90C18C6B33542796207,Tester/logs/20261011.log,985278,2026-06-04,15:35,B152PR,"LQ	0	00:09:04.445	Core 04	2026.06.04 15:35:00   [SRJ-IND] B152PR sym=USDJPY bar=2026.06.04 15:30 z1=447,B,157.562,157.648,2026.05.13 06:20,1,2026.05.13 06:25,157.662,157.648"
1649,JUNE0525-B162,1617DC1ACCE6B50ED2D1359582A70A8B8503C569623EE90C18C6B33542796207,Tester/logs/20261011.log,985279,2026-06-04,15:35,B152PR,"CJ	0	00:09:04.445	Core 04	2026.06.04 15:35:00   [SRJ-IND] B152PR sym=USDJPY bar=2026.06.04 15:30 z1=449,B,157.599,157.654,2026.05.13 05:15,1,2026.05.13 05:45,157.687,157.652"
1650,JUNE0525-B162,1617DC1ACCE6B50ED2D1359582A70A8B8503C569623EE90C18C6B33542796207,Tester/logs/20261011.log,985280,2026-06-04,15:35,B152PR,"NL	0	00:09:04.445	Core 04	2026.06.04 15:35:00   [SRJ-IND] B152PR sym=USDJPY bar=2026.06.04 15:30 z1=460,B,157.645,157.660,2026.05.13 07:05,1,2026.05.14 00:25,157.812,157.650"
1651,JUNE0525-B162,1617DC1ACCE6B50ED2D1359582A70A8B8503C569623EE90C18C6B33542796207,Tester/logs/20261011.log,985281,2026-06-04,15:35,B152PR,"NF	0	00:09:04.445	Core 04	2026.06.04 15:35:00   [SRJ-IND] B152PR sym=USDJPY bar=2026.06.04 15:30 z1=696,B,157.568,158.167,2026.05.14 18:05,1,2026.05.14 18:10,158.191,158.119"
1652,JUNE0525-B162,1617DC1ACCE6B50ED2D1359582A70A8B8503C569623EE90C18C6B33542796207,Tester/logs/20261011.log,985282,2026-06-04,15:35,B152PR,"FH	0	00:09:04.445	Core 04	2026.06.04 15:35:00   [SRJ-IND] B152PR sym=USDJPY bar=2026.06.04 15:30 z1=714,B,158.107,158.142,2026.05.14 19:30,1,2026.05.14 20:00,158.169,158.142"
1653,JUNE0525-B162,1617DC1ACCE6B50ED2D1359582A70A8B8503C569623EE90C18C6B33542796207,Tester/logs/20261011.log,985283,2026-06-04,15:35,B152PR,"KR	0	00:09:04.445	Core 04	2026.06.04 15:35:00   [SRJ-IND] B152PR sym=USDJPY bar=2026.06.04 15:30 z1=724,B,158.168,158.186,2026.05.14 21:00,1,2026.05.14 21:05,158.191,158.182"
1654,JUNE0525-B162,1617DC1ACCE6B50ED2D1359582A70A8B8503C569623EE90C18C6B33542796207,Tester/logs/20261011.log,985284,2026-06-04,15:35,B152PR,"QG	0	00:09:04.445	Core 04	2026.06.04 15:35:00   [SRJ-IND] B152PR sym=USDJPY bar=2026.06.04 15:30 z1=1405,B,158.735,158.769,2026.05.20 19:00,1,2026.05.20 19:05,158.816,158.753"
1655,JUNE0525-B162,1617DC1ACCE6B50ED2D1359582A70A8B8503C569623EE90C18C6B33542796207,Tester/logs/20261011.log,985285,2026-06-04,15:35,B152PR,"CM	0	00:09:04.445	Core 04	2026.06.04 15:35:00   [SRJ-IND] B152PR sym=USDJPY bar=2026.06.04 15:30 z1=1779,B,158.756,158.800,2026.05.25 06:45,1,2026.05.26 00:00,158.887,158.784"
1656,JUNE0525-B162,1617DC1ACCE6B50ED2D1359582A70A8B8503C569623EE90C18C6B33542796207,Tester/logs/20261011.log,985286,2026-06-04,15:35,B152PR,"JS	0	00:09:04.445	Core 04	2026.06.04 15:35:00   [SRJ-IND] B152PR sym=USDJPY bar=2026.06.04 15:30 z1=1780,B,158.789,158.814,2026.05.25 04:50,1,2026.05.26 00:00,158.887,158.784"
1657,JUNE0525-B162,1617DC1ACCE6B50ED2D1359582A70A8B8503C569623EE90C18C6B33542796207,Tester/logs/20261011.log,985287,2026-06-04,15:35,B152PR,"OI	0	00:09:04.445	Core 04	2026.06.04 15:35:00   [SRJ-IND] B152PR sym=USDJPY bar=2026.06.04 15:30 z1=1949,B,158.916,158.934,2026.05.26 07:25,1,2026.05.26 07:30,158.942,158.934"
1658,JUNE0525-B162,1617DC1ACCE6B50ED2D1359582A70A8B8503C569623EE90C18C6B33542796207,Tester/logs/20261011.log,985288,2026-06-04,15:35,B152PR,"JO	0	00:09:04.445	Core 04	2026.06.04 15:35:00   [SRJ-IND] B152PR sym=USDJPY bar=2026.06.04 15:30 z1=2509,B,159.134,159.195,2026.05.29 19:10,1,2026.05.29 19:35,159.215,159.186"
1659,JUNE0525-B162,1617DC1ACCE6B50ED2D1359582A70A8B8503C569623EE90C18C6B33542796207,Tester/logs/20261011.log,985289,2026-06-04,15:35,B152PR,"GE	0	00:09:04.445	Core 04	2026.06.04 15:35:00   [SRJ-IND] B152PR sym=USDJPY bar=2026.06.04 15:30 z1=2566,B,159.382,159.407,2026.06.01 03:15,1,2026.06.03 11:30,159.790,159.368"
1660,JUNE0525-B162,1617DC1ACCE6B50ED2D1359582A70A8B8503C569623EE90C18C6B33542796207,Tester/logs/20261011.log,985290,2026-06-04,15:35,B152PR,"QK	0	00:09:04.445	Core 04	2026.06.04 15:35:00   [SRJ-IND] B152PR sym=USDJPY bar=2026.06.04 15:30 z1=2648,B,159.435,159.481,2026.06.01 16:00,1,2026.06.03 11:30,159.790,159.368"
1661,JUNE0525-B162,1617DC1ACCE6B50ED2D1359582A70A8B8503C569623EE90C18C6B33542796207,Tester/logs/20261011.log,985291,2026-06-04,15:35,B152PR,"FQ	0	00:09:04.445	Core 04	2026.06.04 15:35:00   [SRJ-IND] B152PR sym=USDJPY bar=2026.06.04 15:30 z1=2716,B,159.576,159.603,2026.06.02 03:10,1,2026.06.03 10:35,159.787,159.550"
1662,JUNE0525-B162,1617DC1ACCE6B50ED2D1359582A70A8B8503C569623EE90C18C6B33542796207,Tester/logs/20261011.log,985292,2026-06-04,15:35,B152PR,"LG	0	00:09:04.445	Core 04	2026.06.04 15:35:00   [SRJ-IND] B152PR sym=USDJPY bar=2026.06.04 15:30 z1=2720,B,159.586,159.605,2026.06.02 01:05,1,2026.06.03 10:35,159.787,159.550"
1663,JUNE0525-B162,1617DC1ACCE6B50ED2D1359582A70A8B8503C569623EE90C18C6B33542796207,Tester/logs/20261011.log,985293,2026-06-04,15:35,B152PR,"PM	0	00:09:04.445	Core 04	2026.06.04 15:35:00   [SRJ-IND] B152PR sym=USDJPY bar=2026.06.04 15:30 z1=2945,B,159.579,159.675,2026.06.03 11:15,1,2026.06.03 11:25,159.727,159.674"
1664,JUNE0525-B162,1617DC1ACCE6B50ED2D1359582A70A8B8503C569623EE90C18C6B33542796207,Tester/logs/20261011.log,985294,2026-06-04,15:35,B152PR,"ER	0	00:09:04.445	Core 04	2026.06.04 15:35:00   [SRJ-IND] B152PR sym=USDJPY bar=2026.06.04 15:30 z1=3133,S,159.860,159.890,2026.06.04 14:20,1,2026.06.04 15:10,159.876,159.797"
1665,JUNE0525-B162,1617DC1ACCE6B50ED2D1359582A70A8B8503C569623EE90C18C6B33542796207,Tester/logs/20261011.log,985295,2026-06-04,15:35,B152PR,"EH	0	00:09:04.445	Core 04	2026.06.04 15:35:00   [SRJ-IND] B152PR sym=USDJPY bar=2026.06.04 15:30 z1=3135,S,159.867,159.883,2026.06.04 14:10,1,2026.06.04 15:10,159.876,159.797"
1666,JUNE0525-B162,1617DC1ACCE6B50ED2D1359582A70A8B8503C569623EE90C18C6B33542796207,Tester/logs/20261011.log,985296,2026-06-04,15:35,B152PR,"GM	0	00:09:04.445	Core 04	2026.06.04 15:35:00   [SRJ-IND] B152PR sym=USDJPY bar=2026.06.04 15:30 bull=1 bear=1 nz=25"
1667,JUNE0525-B162,1617DC1ACCE6B50ED2D1359582A70A8B8503C569623EE90C18C6B33542796207,Tester/logs/20261011.log,985297,2026-06-04,15:35,B162ORIGIN,"EP	0	00:09:04.445	Core 04	2026.06.04 15:35:00   [SRJ-IND] B162ORIGIN sym=USDJPY bar=2026.06.04 15:30 side=B n=23 origin=2945 range=159.579-159.675 formT=2026.06.03 10:50 set=65,78,212,256,261,313,414,447,449,460,696,714,724,1405,1779,1780,1949,2509,2566,2648,2716,2720,2945"
1668,JUNE0525-B162,1617DC1ACCE6B50ED2D1359582A70A8B8503C569623EE90C18C6B33542796207,Tester/logs/20261011.log,985298,2026-06-04,15:35,B162ORIGIN,"CQ	0	00:09:04.445	Core 04	2026.06.04 15:35:00   [SRJ-IND] B162ORIGIN sym=USDJPY bar=2026.06.04 15:30 side=S n=2 origin=3135 range=159.867-159.883 formT=2026.06.04 13:40 set=3133,3135"
1669,JUNE0525-B162,1617DC1ACCE6B50ED2D1359582A70A8B8503C569623EE90C18C6B33542796207,Tester/logs/20261011.log,985305,2026-06-04,15:40,B152PR,"MH	0	00:09:04.445	Core 04	2026.06.04 15:40:00   [SRJ-IND] B152PR sym=USDJPY bar=2026.06.04 15:35 z1=65,B,156.672,156.773,2026.05.11 04:10,1,2026.05.12 08:55,157.714,156.726"
1670,JUNE0525-B162,1617DC1ACCE6B50ED2D1359582A70A8B8503C569623EE90C18C6B33542796207,Tester/logs/20261011.log,985306,2026-06-04,15:40,B152PR,"EN	0	00:09:04.445	Core 04	2026.06.04 15:40:00   [SRJ-IND] B152PR sym=USDJPY bar=2026.06.04 15:35 z1=78,B,156.578,156.584,2026.05.11 00:35,1,2026.05.11 00:40,156.644,156.537"
1671,JUNE0525-B162,1617DC1ACCE6B50ED2D1359582A70A8B8503C569623EE90C18C6B33542796207,Tester/logs/20261011.log,985307,2026-06-04,15:40,B152PR,"KG	0	00:09:04.445	Core 04	2026.06.04 15:40:00   [SRJ-IND] B152PR sym=USDJPY bar=2026.06.04 15:35 z1=212,B,157.028,157.060,2026.05.11 19:20,1,2026.05.12 00:00,157.152,157.050"
1672,JUNE0525-B162,1617DC1ACCE6B50ED2D1359582A70A8B8503C569623EE90C18C6B33542796207,Tester/logs/20261011.log,985308,2026-06-04,15:40,B152PR,"GH	0	00:09:04.445	Core 04	2026.06.04 15:40:00   [SRJ-IND] B152PR sym=USDJPY bar=2026.06.04 15:35 z1=256,B,157.172,157.178,2026.05.12 01:25,1,2026.05.12 08:55,157.714,156.726"
1673,JUNE0525-B162,1617DC1ACCE6B50ED2D1359582A70A8B8503C569623EE90C18C6B33542796207,Tester/logs/20261011.log,985309,2026-06-04,15:40,B152PR,"MR	0	00:09:04.445	Core 04	2026.06.04 15:40:00   [SRJ-IND] B152PR sym=USDJPY bar=2026.06.04 15:35 z1=261,B,157.184,157.192,2026.05.12 03:00,1,2026.05.12 08:55,157.714,156.726"
1674,JUNE0525-B162,1617DC1ACCE6B50ED2D1359582A70A8B8503C569623EE90C18C6B33542796207,Tester/logs/20261011.log,985310,2026-06-04,15:40,B152PR,"ED	0	00:09:04.445	Core 04	2026.06.04 15:40:00   [SRJ-IND] B152PR sym=USDJPY bar=2026.06.04 15:35 z1=313,B,157.331,157.497,2026.05.12 10:00,1,2026.05.12 10:10,157.546,157.487"
1675,JUNE0525-B162,1617DC1ACCE6B50ED2D1359582A70A8B8503C569623EE90C18C6B33542796207,Tester/logs/20261011.log,985311,2026-06-04,15:40,B152PR,"LN	0	00:09:04.445	Core 04	2026.06.04 15:40:00   [SRJ-IND] B152PR sym=USDJPY bar=2026.06.04 15:35 z1=414,B,157.517,157.589,2026.05.13 01:10,1,2026.05.13 01:20,157.607,157.587"
1676,JUNE0525-B162,1617DC1ACCE6B50ED2D1359582A70A8B8503C569623EE90C18C6B33542796207,Tester/logs/20261011.log,985312,2026-06-04,15:40,B152PR,"KP	0	00:09:04.445	Core 04	2026.06.04 15:40:00   [SRJ-IND] B152PR sym=USDJPY bar=2026.06.04 15:35 z1=447,B,157.562,157.648,2026.05.13 06:20,1,2026.05.13 06:25,157.662,157.648"
1677,JUNE0525-B162,1617DC1ACCE6B50ED2D1359582A70A8B8503C569623EE90C18C6B33542796207,Tester/logs/20261011.log,985313,2026-06-04,15:40,B152PR,"PJ	0	00:09:04.445	Core 04	2026.06.04 15:40:00   [SRJ-IND] B152PR sym=USDJPY bar=2026.06.04 15:35 z1=449,B,157.599,157.654,2026.05.13 05:15,1,2026.05.13 05:45,157.687,157.652"
1678,JUNE0525-B162,1617DC1ACCE6B50ED2D1359582A70A8B8503C569623EE90C18C6B33542796207,Tester/logs/20261011.log,985314,2026-06-04,15:40,B152PR,"EL	0	00:09:04.445	Core 04	2026.06.04 15:40:00   [SRJ-IND] B152PR sym=USDJPY bar=2026.06.04 15:35 z1=460,B,157.645,157.660,2026.05.13 07:05,1,2026.05.14 00:25,157.812,157.650"
1679,JUNE0525-B162,1617DC1ACCE6B50ED2D1359582A70A8B8503C569623EE90C18C6B33542796207,Tester/logs/20261011.log,985315,2026-06-04,15:40,B152PR,"IF	0	00:09:04.445	Core 04	2026.06.04 15:40:00   [SRJ-IND] B152PR sym=USDJPY bar=2026.06.04 15:35 z1=696,B,157.568,158.167,2026.05.14 18:05,1,2026.05.14 18:10,158.191,158.119"
1680,JUNE0525-B162,1617DC1ACCE6B50ED2D1359582A70A8B8503C569623EE90C18C6B33542796207,Tester/logs/20261011.log,985316,2026-06-04,15:40,B152PR,"EK	0	00:09:04.445	Core 04	2026.06.04 15:40:00   [SRJ-IND] B152PR sym=USDJPY bar=2026.06.04 15:35 z1=714,B,158.107,158.142,2026.05.14 19:30,1,2026.05.14 20:00,158.169,158.142"
1681,JUNE0525-B162,1617DC1ACCE6B50ED2D1359582A70A8B8503C569623EE90C18C6B33542796207,Tester/logs/20261011.log,985317,2026-06-04,15:40,B152PR,"HM	0	00:09:04.445	Core 04	2026.06.04 15:40:00   [SRJ-IND] B152PR sym=USDJPY bar=2026.06.04 15:35 z1=724,B,158.168,158.186,2026.05.14 21:00,1,2026.05.14 21:05,158.191,158.182"
1682,JUNE0525-B162,1617DC1ACCE6B50ED2D1359582A70A8B8503C569623EE90C18C6B33542796207,Tester/logs/20261011.log,985318,2026-06-04,15:40,B152PR,"JD	0	00:09:04.445	Core 04	2026.06.04 15:40:00   [SRJ-IND] B152PR sym=USDJPY bar=2026.06.04 15:35 z1=1405,B,158.735,158.769,2026.05.20 19:00,1,2026.05.20 19:05,158.816,158.753"
1683,JUNE0525-B162,1617DC1ACCE6B50ED2D1359582A70A8B8503C569623EE90C18C6B33542796207,Tester/logs/20261011.log,985319,2026-06-04,15:40,B152PR,"LJ	0	00:09:04.445	Core 04	2026.06.04 15:40:00   [SRJ-IND] B152PR sym=USDJPY bar=2026.06.04 15:35 z1=1779,B,158.756,158.800,2026.05.25 06:45,1,2026.05.26 00:00,158.887,158.784"
1684,JUNE0525-B162,1617DC1ACCE6B50ED2D1359582A70A8B8503C569623EE90C18C6B33542796207,Tester/logs/20261011.log,985320,2026-06-04,15:40,B152PR,"QP	0	00:09:04.445	Core 04	2026.06.04 15:40:00   [SRJ-IND] B152PR sym=USDJPY bar=2026.06.04 15:35 z1=1780,B,158.789,158.814,2026.05.25 04:50,1,2026.05.26 00:00,158.887,158.784"
1685,JUNE0525-B162,1617DC1ACCE6B50ED2D1359582A70A8B8503C569623EE90C18C6B33542796207,Tester/logs/20261011.log,985321,2026-06-04,15:40,B152PR,"HF	0	00:09:04.445	Core 04	2026.06.04 15:40:00   [SRJ-IND] B152PR sym=USDJPY bar=2026.06.04 15:35 z1=1949,B,158.916,158.934,2026.05.26 07:25,1,2026.05.26 07:30,158.942,158.934"
1686,JUNE0525-B162,1617DC1ACCE6B50ED2D1359582A70A8B8503C569623EE90C18C6B33542796207,Tester/logs/20261011.log,985322,2026-06-04,15:40,B152PR,"QL	0	00:09:04.445	Core 04	2026.06.04 15:40:00   [SRJ-IND] B152PR sym=USDJPY bar=2026.06.04 15:35 z1=2509,B,159.134,159.195,2026.05.29 19:10,1,2026.05.29 19:35,159.215,159.186"
1687,JUNE0525-B162,1617DC1ACCE6B50ED2D1359582A70A8B8503C569623EE90C18C6B33542796207,Tester/logs/20261011.log,985323,2026-06-04,15:40,B152PR,"PR	0	00:09:04.445	Core 04	2026.06.04 15:40:00   [SRJ-IND] B152PR sym=USDJPY bar=2026.06.04 15:35 z1=2566,B,159.382,159.407,2026.06.01 03:15,1,2026.06.03 11:30,159.790,159.368"
1688,JUNE0525-B162,1617DC1ACCE6B50ED2D1359582A70A8B8503C569623EE90C18C6B33542796207,Tester/logs/20261011.log,985324,2026-06-04,15:40,B152PR,"JH	0	00:09:04.445	Core 04	2026.06.04 15:40:00   [SRJ-IND] B152PR sym=USDJPY bar=2026.06.04 15:35 z1=2648,B,159.435,159.481,2026.06.01 16:00,1,2026.06.03 11:30,159.790,159.368"
1689,JUNE0525-B162,1617DC1ACCE6B50ED2D1359582A70A8B8503C569623EE90C18C6B33542796207,Tester/logs/20261011.log,985325,2026-06-04,15:40,B152PR,"MN	0	00:09:04.445	Core 04	2026.06.04 15:40:00   [SRJ-IND] B152PR sym=USDJPY bar=2026.06.04 15:35 z1=2716,B,159.576,159.603,2026.06.02 03:10,1,2026.06.03 10:35,159.787,159.550"
1690,JUNE0525-B162,1617DC1ACCE6B50ED2D1359582A70A8B8503C569623EE90C18C6B33542796207,Tester/logs/20261011.log,985326,2026-06-04,15:40,B152PR,"CD	0	00:09:04.445	Core 04	2026.06.04 15:40:00   [SRJ-IND] B152PR sym=USDJPY bar=2026.06.04 15:35 z1=2720,B,159.586,159.605,2026.06.02 01:05,1,2026.06.03 10:35,159.787,159.550"
1691,JUNE0525-B162,1617DC1ACCE6B50ED2D1359582A70A8B8503C569623EE90C18C6B33542796207,Tester/logs/20261011.log,985327,2026-06-04,15:40,B152PR,"GJ	0	00:09:04.445	Core 04	2026.06.04 15:40:00   [SRJ-IND] B152PR sym=USDJPY bar=2026.06.04 15:35 z1=2945,B,159.579,159.675,2026.06.03 11:15,1,2026.06.03 11:25,159.727,159.674"
1692,JUNE0525-B162,1617DC1ACCE6B50ED2D1359582A70A8B8503C569623EE90C18C6B33542796207,Tester/logs/20261011.log,985328,2026-06-04,15:40,B152PR,"NQ	0	00:09:04.445	Core 04	2026.06.04 15:40:00   [SRJ-IND] B152PR sym=USDJPY bar=2026.06.04 15:35 z1=3133,S,159.860,159.890,2026.06.04 14:20,1,2026.06.04 15:10,159.876,159.797"
1693,JUNE0525-B162,1617DC1ACCE6B50ED2D1359582A70A8B8503C569623EE90C18C6B33542796207,Tester/logs/20261011.log,985329,2026-06-04,15:40,B152PR,"NG	0	00:09:04.445	Core 04	2026.06.04 15:40:00   [SRJ-IND] B152PR sym=USDJPY bar=2026.06.04 15:35 z1=3135,S,159.867,159.883,2026.06.04 14:10,1,2026.06.04 15:10,159.876,159.797"
1694,JUNE0525-B162,1617DC1ACCE6B50ED2D1359582A70A8B8503C569623EE90C18C6B33542796207,Tester/logs/20261011.log,985330,2026-06-04,15:40,B152PR,"PN	0	00:09:04.445	Core 04	2026.06.04 15:40:00   [SRJ-IND] B152PR sym=USDJPY bar=2026.06.04 15:35 bull=1 bear=1 nz=25"
1695,JUNE0525-B162,1617DC1ACCE6B50ED2D1359582A70A8B8503C569623EE90C18C6B33542796207,Tester/logs/20261011.log,985331,2026-06-04,15:40,B162ORIGIN,"FQ	0	00:09:04.445	Core 04	2026.06.04 15:40:00   [SRJ-IND] B162ORIGIN sym=USDJPY bar=2026.06.04 15:35 side=B n=23 origin=2945 range=159.579-159.675 formT=2026.06.03 10:50 set=65,78,212,256,261,313,414,447,449,460,696,714,724,1405,1779,1780,1949,2509,2566,2648,2716,2720,2945"
1696,JUNE0525-B162,1617DC1ACCE6B50ED2D1359582A70A8B8503C569623EE90C18C6B33542796207,Tester/logs/20261011.log,985332,2026-06-04,15:40,B162ORIGIN,"PP	0	00:09:04.445	Core 04	2026.06.04 15:40:00   [SRJ-IND] B162ORIGIN sym=USDJPY bar=2026.06.04 15:35 side=S n=2 origin=3135 range=159.867-159.883 formT=2026.06.04 13:40 set=3133,3135"
1697,JUNE0525-B162,1617DC1ACCE6B50ED2D1359582A70A8B8503C569623EE90C18C6B33542796207,Tester/logs/20261011.log,985340,2026-06-04,15:45,B152PR,"HG	0	00:09:04.445	Core 04	2026.06.04 15:45:00   [SRJ-IND] B152PR sym=USDJPY bar=2026.06.04 15:40 z1=65,B,156.672,156.773,2026.05.11 04:10,1,2026.05.12 08:55,157.714,156.726"
1698,JUNE0525-B162,1617DC1ACCE6B50ED2D1359582A70A8B8503C569623EE90C18C6B33542796207,Tester/logs/20261011.log,985341,2026-06-04,15:45,B152PR,"PJ	0	00:09:04.445	Core 04	2026.06.04 15:45:00   [SRJ-IND] B152PR sym=USDJPY bar=2026.06.04 15:40 z1=78,B,156.578,156.584,2026.05.11 00:35,1,2026.05.11 00:40,156.644,156.537"
1699,JUNE0525-B162,1617DC1ACCE6B50ED2D1359582A70A8B8503C569623EE90C18C6B33542796207,Tester/logs/20261011.log,985342,2026-06-04,15:45,B152PR,"JS	0	00:09:04.445	Core 04	2026.06.04 15:45:00   [SRJ-IND] B152PR sym=USDJPY bar=2026.06.04 15:40 z1=212,B,157.028,157.060,2026.05.11 19:20,1,2026.05.12 00:00,157.152,157.050"
1700,JUNE0525-B162,1617DC1ACCE6B50ED2D1359582A70A8B8503C569623EE90C18C6B33542796207,Tester/logs/20261011.log,985343,2026-06-04,15:45,B152PR,"NE	0	00:09:04.445	Core 04	2026.06.04 15:45:00   [SRJ-IND] B152PR sym=USDJPY bar=2026.06.04 15:40 z1=256,B,157.172,157.178,2026.05.12 01:25,1,2026.05.12 08:55,157.714,156.726"
1701,JUNE0525-B162,1617DC1ACCE6B50ED2D1359582A70A8B8503C569623EE90C18C6B33542796207,Tester/logs/20261011.log,985344,2026-06-04,15:45,B152PR,"HO	0	00:09:04.445	Core 04	2026.06.04 15:45:00   [SRJ-IND] B152PR sym=USDJPY bar=2026.06.04 15:40 z1=261,B,157.184,157.192,2026.05.12 03:00,1,2026.05.12 08:55,157.714,156.726"
1702,JUNE0525-B162,1617DC1ACCE6B50ED2D1359582A70A8B8503C569623EE90C18C6B33542796207,Tester/logs/20261011.log,985345,2026-06-04,15:45,B152PR,"PQ	0	00:09:04.445	Core 04	2026.06.04 15:45:00   [SRJ-IND] B152PR sym=USDJPY bar=2026.06.04 15:40 z1=313,B,157.331,157.497,2026.05.12 10:00,1,2026.05.12 10:10,157.546,157.487"
1703,JUNE0525-B162,1617DC1ACCE6B50ED2D1359582A70A8B8503C569623EE90C18C6B33542796207,Tester/logs/20261011.log,985346,2026-06-04,15:45,B152PR,"IK	0	00:09:04.445	Core 04	2026.06.04 15:45:00   [SRJ-IND] B152PR sym=USDJPY bar=2026.06.04 15:40 z1=414,B,157.517,157.589,2026.05.13 01:10,1,2026.05.13 01:20,157.607,157.587"
1704,JUNE0525-B162,1617DC1ACCE6B50ED2D1359582A70A8B8503C569623EE90C18C6B33542796207,Tester/logs/20261011.log,985347,2026-06-04,15:45,B152PR,"JL	0	00:09:04.445	Core 04	2026.06.04 15:45:00   [SRJ-IND] B152PR sym=USDJPY bar=2026.06.04 15:40 z1=447,B,157.562,157.648,2026.05.13 06:20,1,2026.05.13 06:25,157.662,157.648"
1705,JUNE0525-B162,1617DC1ACCE6B50ED2D1359582A70A8B8503C569623EE90C18C6B33542796207,Tester/logs/20261011.log,985348,2026-06-04,15:45,B152PR,"EF	0	00:09:04.445	Core 04	2026.06.04 15:45:00   [SRJ-IND] B152PR sym=USDJPY bar=2026.06.04 15:40 z1=449,B,157.599,157.654,2026.05.13 05:15,1,2026.05.13 05:45,157.687,157.652"
1706,JUNE0525-B162,1617DC1ACCE6B50ED2D1359582A70A8B8503C569623EE90C18C6B33542796207,Tester/logs/20261011.log,985349,2026-06-04,15:45,B152PR,"PH	0	00:09:04.445	Core 04	2026.06.04 15:45:00   [SRJ-IND] B152PR sym=USDJPY bar=2026.06.04 15:40 z1=460,B,157.645,157.660,2026.05.13 07:05,1,2026.05.14 00:25,157.812,157.650"
1707,JUNE0525-B162,1617DC1ACCE6B50ED2D1359582A70A8B8503C569623EE90C18C6B33542796207,Tester/logs/20261011.log,985350,2026-06-04,15:45,B152PR,"LR	0	00:09:04.445	Core 04	2026.06.04 15:45:00   [SRJ-IND] B152PR sym=USDJPY bar=2026.06.04 15:40 z1=696,B,157.568,158.167,2026.05.14 18:05,1,2026.05.14 18:10,158.191,158.119"
1708,JUNE0525-B162,1617DC1ACCE6B50ED2D1359582A70A8B8503C569623EE90C18C6B33542796207,Tester/logs/20261011.log,985351,2026-06-04,15:45,B152PR,"PD	0	00:09:04.445	Core 04	2026.06.04 15:45:00   [SRJ-IND] B152PR sym=USDJPY bar=2026.06.04 15:40 z1=714,B,158.107,158.142,2026.05.14 19:30,1,2026.05.14 20:00,158.169,158.142"
1709,JUNE0525-B162,1617DC1ACCE6B50ED2D1359582A70A8B8503C569623EE90C18C6B33542796207,Tester/logs/20261011.log,985352,2026-06-04,15:45,B152PR,"MN	0	00:09:04.445	Core 04	2026.06.04 15:45:00   [SRJ-IND] B152PR sym=USDJPY bar=2026.06.04 15:40 z1=724,B,158.168,158.186,2026.05.14 21:00,1,2026.05.14 21:05,158.191,158.182"
1710,JUNE0525-B162,1617DC1ACCE6B50ED2D1359582A70A8B8503C569623EE90C18C6B33542796207,Tester/logs/20261011.log,985353,2026-06-04,15:45,B152PR,"KS	0	00:09:04.445	Core 04	2026.06.04 15:45:00   [SRJ-IND] B152PR sym=USDJPY bar=2026.06.04 15:40 z1=1405,B,158.735,158.769,2026.05.20 19:00,1,2026.05.20 19:05,158.816,158.753"
1711,JUNE0525-B162,1617DC1ACCE6B50ED2D1359582A70A8B8503C569623EE90C18C6B33542796207,Tester/logs/20261011.log,985354,2026-06-04,15:45,B152PR,"II	0	00:09:04.445	Core 04	2026.06.04 15:45:00   [SRJ-IND] B152PR sym=USDJPY bar=2026.06.04 15:40 z1=1779,B,158.756,158.800,2026.05.25 06:45,1,2026.05.26 00:00,158.887,158.784"
1712,JUNE0525-B162,1617DC1ACCE6B50ED2D1359582A70A8B8503C569623EE90C18C6B33542796207,Tester/logs/20261011.log,985355,2026-06-04,15:45,B152PR,"DO	0	00:09:04.445	Core 04	2026.06.04 15:45:00   [SRJ-IND] B152PR sym=USDJPY bar=2026.06.04 15:40 z1=1780,B,158.789,158.814,2026.05.25 04:50,1,2026.05.26 00:00,158.887,158.784"
1713,JUNE0525-B162,1617DC1ACCE6B50ED2D1359582A70A8B8503C569623EE90C18C6B33542796207,Tester/logs/20261011.log,985356,2026-06-04,15:45,B152PR,"ME	0	00:09:04.445	Core 04	2026.06.04 15:45:00   [SRJ-IND] B152PR sym=USDJPY bar=2026.06.04 15:40 z1=1949,B,158.916,158.934,2026.05.26 07:25,1,2026.05.26 07:30,158.942,158.934"
1714,JUNE0525-B162,1617DC1ACCE6B50ED2D1359582A70A8B8503C569623EE90C18C6B33542796207,Tester/logs/20261011.log,985357,2026-06-04,15:45,B152PR,"DK	0	00:09:04.445	Core 04	2026.06.04 15:45:00   [SRJ-IND] B152PR sym=USDJPY bar=2026.06.04 15:40 z1=2509,B,159.134,159.195,2026.05.29 19:10,1,2026.05.29 19:35,159.215,159.186"
1715,JUNE0525-B162,1617DC1ACCE6B50ED2D1359582A70A8B8503C569623EE90C18C6B33542796207,Tester/logs/20261011.log,985358,2026-06-04,15:45,B152PR,"EQ	0	00:09:04.445	Core 04	2026.06.04 15:45:00   [SRJ-IND] B152PR sym=USDJPY bar=2026.06.04 15:40 z1=2566,B,159.382,159.407,2026.06.01 03:15,1,2026.06.03 11:30,159.790,159.368"
1716,JUNE0525-B162,1617DC1ACCE6B50ED2D1359582A70A8B8503C569623EE90C18C6B33542796207,Tester/logs/20261011.log,985359,2026-06-04,15:45,B152PR,"KG	0	00:09:04.445	Core 04	2026.06.04 15:45:00   [SRJ-IND] B152PR sym=USDJPY bar=2026.06.04 15:40 z1=2648,B,159.435,159.481,2026.06.01 16:00,1,2026.06.03 11:30,159.790,159.368"
1717,JUNE0525-B162,1617DC1ACCE6B50ED2D1359582A70A8B8503C569623EE90C18C6B33542796207,Tester/logs/20261011.log,985360,2026-06-04,15:45,B152PR,"HM	0	00:09:04.445	Core 04	2026.06.04 15:45:00   [SRJ-IND] B152PR sym=USDJPY bar=2026.06.04 15:40 z1=2716,B,159.576,159.603,2026.06.02 03:10,1,2026.06.03 10:35,159.787,159.550"
1718,JUNE0525-B162,1617DC1ACCE6B50ED2D1359582A70A8B8503C569623EE90C18C6B33542796207,Tester/logs/20261011.log,985361,2026-06-04,15:45,B152PR,"RS	0	00:09:04.445	Core 04	2026.06.04 15:45:00   [SRJ-IND] B152PR sym=USDJPY bar=2026.06.04 15:40 z1=2720,B,159.586,159.605,2026.06.02 01:05,1,2026.06.03 10:35,159.787,159.550"
1719,JUNE0525-B162,1617DC1ACCE6B50ED2D1359582A70A8B8503C569623EE90C18C6B33542796207,Tester/logs/20261011.log,985362,2026-06-04,15:45,B152PR,"NI	0	00:09:04.445	Core 04	2026.06.04 15:45:00   [SRJ-IND] B152PR sym=USDJPY bar=2026.06.04 15:40 z1=2945,B,159.579,159.675,2026.06.03 11:15,1,2026.06.03 11:25,159.727,159.674"
1720,JUNE0525-B162,1617DC1ACCE6B50ED2D1359582A70A8B8503C569623EE90C18C6B33542796207,Tester/logs/20261011.log,985363,2026-06-04,15:45,B152PR,"GN	0	00:09:04.445	Core 04	2026.06.04 15:45:00   [SRJ-IND] B152PR sym=USDJPY bar=2026.06.04 15:40 z1=3133,S,159.860,159.890,2026.06.04 14:20,1,2026.06.04 15:10,159.876,159.797"
1721,JUNE0525-B162,1617DC1ACCE6B50ED2D1359582A70A8B8503C569623EE90C18C6B33542796207,Tester/logs/20261011.log,985364,2026-06-04,15:45,B152PR,"GD	0	00:09:04.445	Core 04	2026.06.04 15:45:00   [SRJ-IND] B152PR sym=USDJPY bar=2026.06.04 15:40 z1=3135,S,159.867,159.883,2026.06.04 14:10,1,2026.06.04 15:10,159.876,159.797"
1722,JUNE0525-B162,1617DC1ACCE6B50ED2D1359582A70A8B8503C569623EE90C18C6B33542796207,Tester/logs/20261011.log,985365,2026-06-04,15:45,B152PR,"EI	0	00:09:04.445	Core 04	2026.06.04 15:45:00   [SRJ-IND] B152PR sym=USDJPY bar=2026.06.04 15:40 bull=1 bear=1 nz=25"
1723,JUNE0525-B162,1617DC1ACCE6B50ED2D1359582A70A8B8503C569623EE90C18C6B33542796207,Tester/logs/20261011.log,985366,2026-06-04,15:45,B162ORIGIN,"OE	0	00:09:04.445	Core 04	2026.06.04 15:45:00   [SRJ-IND] B162ORIGIN sym=USDJPY bar=2026.06.04 15:40 side=B n=23 origin=2945 range=159.579-159.675 formT=2026.06.03 10:50 set=65,78,212,256,261,313,414,447,449,460,696,714,724,1405,1779,1780,1949,2509,2566,2648,2716,2720,2945"
1724,JUNE0525-B162,1617DC1ACCE6B50ED2D1359582A70A8B8503C569623EE90C18C6B33542796207,Tester/logs/20261011.log,985367,2026-06-04,15:45,B162ORIGIN,"EE	0	00:09:04.445	Core 04	2026.06.04 15:45:00   [SRJ-IND] B162ORIGIN sym=USDJPY bar=2026.06.04 15:40 side=S n=2 origin=3135 range=159.867-159.883 formT=2026.06.04 13:40 set=3133,3135"
1725,JUNE0525-B162,1617DC1ACCE6B50ED2D1359582A70A8B8503C569623EE90C18C6B33542796207,Tester/logs/20261011.log,985375,2026-06-04,15:50,B152PR,"QD	0	00:09:04.445	Core 04	2026.06.04 15:50:00   [SRJ-IND] B152PR sym=USDJPY bar=2026.06.04 15:45 z1=65,B,156.672,156.773,2026.05.11 04:10,1,2026.05.12 08:55,157.714,156.726"
1726,JUNE0525-B162,1617DC1ACCE6B50ED2D1359582A70A8B8503C569623EE90C18C6B33542796207,Tester/logs/20261011.log,985376,2026-06-04,15:50,B152PR,"IJ	0	00:09:04.445	Core 04	2026.06.04 15:50:00   [SRJ-IND] B152PR sym=USDJPY bar=2026.06.04 15:45 z1=78,B,156.578,156.584,2026.05.11 00:35,1,2026.05.11 00:40,156.644,156.537"
1727,JUNE0525-B162,1617DC1ACCE6B50ED2D1359582A70A8B8503C569623EE90C18C6B33542796207,Tester/logs/20261011.log,985377,2026-06-04,15:50,B152PR,"OS	0	00:09:04.445	Core 04	2026.06.04 15:50:00   [SRJ-IND] B152PR sym=USDJPY bar=2026.06.04 15:45 z1=212,B,157.028,157.060,2026.05.11 19:20,1,2026.05.12 00:00,157.152,157.050"
1728,JUNE0525-B162,1617DC1ACCE6B50ED2D1359582A70A8B8503C569623EE90C18C6B33542796207,Tester/logs/20261011.log,985378,2026-06-04,15:50,B152PR,"OE	0	00:09:04.445	Core 04	2026.06.04 15:50:00   [SRJ-IND] B152PR sym=USDJPY bar=2026.06.04 15:45 z1=256,B,157.172,157.178,2026.05.12 01:25,1,2026.05.12 08:55,157.714,156.726"
1729,JUNE0525-B162,1617DC1ACCE6B50ED2D1359582A70A8B8503C569623EE90C18C6B33542796207,Tester/logs/20261011.log,985379,2026-06-04,15:50,B152PR,"QN	0	00:09:04.445	Core 04	2026.06.04 15:50:00   [SRJ-IND] B152PR sym=USDJPY bar=2026.06.04 15:45 z1=261,B,157.184,157.192,2026.05.12 03:00,1,2026.05.12 08:55,157.714,156.726"
1730,JUNE0525-B162,1617DC1ACCE6B50ED2D1359582A70A8B8503C569623EE90C18C6B33542796207,Tester/logs/20261011.log,985380,2026-06-04,15:50,B152PR,"EP	0	00:09:04.445	Core 04	2026.06.04 15:50:00   [SRJ-IND] B152PR sym=USDJPY bar=2026.06.04 15:45 z1=313,B,157.331,157.497,2026.05.12 10:00,1,2026.05.12 10:10,157.546,157.487"
1731,JUNE0525-B162,1617DC1ACCE6B50ED2D1359582A70A8B8503C569623EE90C18C6B33542796207,Tester/logs/20261011.log,985381,2026-06-04,15:50,B152PR,"PJ	0	00:09:04.445	Core 04	2026.06.04 15:50:00   [SRJ-IND] B152PR sym=USDJPY bar=2026.06.04 15:45 z1=414,B,157.517,157.589,2026.05.13 01:10,1,2026.05.13 01:20,157.607,157.587"
1732,JUNE0525-B162,1617DC1ACCE6B50ED2D1359582A70A8B8503C569623EE90C18C6B33542796207,Tester/logs/20261011.log,985382,2026-06-04,15:50,B152PR,"CL	0	00:09:04.445	Core 04	2026.06.04 15:50:00   [SRJ-IND] B152PR sym=USDJPY bar=2026.06.04 15:45 z1=447,B,157.562,157.648,2026.05.13 06:20,1,2026.05.13 06:25,157.662,157.648"
1733,JUNE0525-B162,1617DC1ACCE6B50ED2D1359582A70A8B8503C569623EE90C18C6B33542796207,Tester/logs/20261011.log,985383,2026-06-04,15:50,B152PR,"LF	0	00:09:04.445	Core 04	2026.06.04 15:50:00   [SRJ-IND] B152PR sym=USDJPY bar=2026.06.04 15:45 z1=449,B,157.599,157.654,2026.05.13 05:15,1,2026.05.13 05:45,157.687,157.652"
1734,JUNE0525-B162,1617DC1ACCE6B50ED2D1359582A70A8B8503C569623EE90C18C6B33542796207,Tester/logs/20261011.log,985384,2026-06-04,15:50,B152PR,"EH	0	00:09:04.445	Core 04	2026.06.04 15:50:00   [SRJ-IND] B152PR sym=USDJPY bar=2026.06.04 15:45 z1=460,B,157.645,157.660,2026.05.13 07:05,1,2026.05.14 00:25,157.812,157.650"
1735,JUNE0525-B162,1617DC1ACCE6B50ED2D1359582A70A8B8503C569623EE90C18C6B33542796207,Tester/logs/20261011.log,985385,2026-06-04,15:50,B152PR,"ER	0	00:09:04.445	Core 04	2026.06.04 15:50:00   [SRJ-IND] B152PR sym=USDJPY bar=2026.06.04 15:45 z1=696,B,157.568,158.167,2026.05.14 18:05,1,2026.05.14 18:10,158.191,158.119"
1736,JUNE0525-B162,1617DC1ACCE6B50ED2D1359582A70A8B8503C569623EE90C18C6B33542796207,Tester/logs/20261011.log,985386,2026-06-04,15:50,B152PR,"MD	0	00:09:04.445	Core 04	2026.06.04 15:50:00   [SRJ-IND] B152PR sym=USDJPY bar=2026.06.04 15:45 z1=714,B,158.107,158.142,2026.05.14 19:30,1,2026.05.14 20:00,158.169,158.142"
1737,JUNE0525-B162,1617DC1ACCE6B50ED2D1359582A70A8B8503C569623EE90C18C6B33542796207,Tester/logs/20261011.log,985387,2026-06-04,15:50,B152PR,"DI	0	00:09:04.445	Core 04	2026.06.04 15:50:00   [SRJ-IND] B152PR sym=USDJPY bar=2026.06.04 15:45 z1=724,B,158.168,158.186,2026.05.14 21:00,1,2026.05.14 21:05,158.191,158.182"
1738,JUNE0525-B162,1617DC1ACCE6B50ED2D1359582A70A8B8503C569623EE90C18C6B33542796207,Tester/logs/20261011.log,985388,2026-06-04,15:50,B152PR,"JP	0	00:09:04.445	Core 04	2026.06.04 15:50:00   [SRJ-IND] B152PR sym=USDJPY bar=2026.06.04 15:45 z1=1405,B,158.735,158.769,2026.05.20 19:00,1,2026.05.20 19:05,158.816,158.753"
1739,JUNE0525-B162,1617DC1ACCE6B50ED2D1359582A70A8B8503C569623EE90C18C6B33542796207,Tester/logs/20261011.log,985389,2026-06-04,15:50,B152PR,"LF	0	00:09:04.445	Core 04	2026.06.04 15:50:00   [SRJ-IND] B152PR sym=USDJPY bar=2026.06.04 15:45 z1=1779,B,158.756,158.800,2026.05.25 06:45,1,2026.05.26 00:00,158.887,158.784"
1740,JUNE0525-B162,1617DC1ACCE6B50ED2D1359582A70A8B8503C569623EE90C18C6B33542796207,Tester/logs/20261011.log,985390,2026-06-04,15:50,B152PR,"QL	0	00:09:04.445	Core 04	2026.06.04 15:50:00   [SRJ-IND] B152PR sym=USDJPY bar=2026.06.04 15:45 z1=1780,B,158.789,158.814,2026.05.25 04:50,1,2026.05.26 00:00,158.887,158.784"
1741,JUNE0525-B162,1617DC1ACCE6B50ED2D1359582A70A8B8503C569623EE90C18C6B33542796207,Tester/logs/20261011.log,985391,2026-06-04,15:50,B152PR,"HR	0	00:09:04.445	Core 04	2026.06.04 15:50:00   [SRJ-IND] B152PR sym=USDJPY bar=2026.06.04 15:45 z1=1949,B,158.916,158.934,2026.05.26 07:25,1,2026.05.26 07:30,158.942,158.934"
1742,JUNE0525-B162,1617DC1ACCE6B50ED2D1359582A70A8B8503C569623EE90C18C6B33542796207,Tester/logs/20261011.log,985392,2026-06-04,15:50,B152PR,"QH	0	00:09:04.445	Core 04	2026.06.04 15:50:00   [SRJ-IND] B152PR sym=USDJPY bar=2026.06.04 15:45 z1=2509,B,159.134,159.195,2026.05.29 19:10,1,2026.05.29 19:35,159.215,159.186"
1743,JUNE0525-B162,1617DC1ACCE6B50ED2D1359582A70A8B8503C569623EE90C18C6B33542796207,Tester/logs/20261011.log,985393,2026-06-04,15:50,B152PR,"PN	0	00:09:04.445	Core 04	2026.06.04 15:50:00   [SRJ-IND] B152PR sym=USDJPY bar=2026.06.04 15:45 z1=2566,B,159.382,159.407,2026.06.01 03:15,1,2026.06.03 11:30,159.790,159.368"
1744,JUNE0525-B162,1617DC1ACCE6B50ED2D1359582A70A8B8503C569623EE90C18C6B33542796207,Tester/logs/20261011.log,985394,2026-06-04,15:50,B152PR,"JD	0	00:09:04.445	Core 04	2026.06.04 15:50:00   [SRJ-IND] B152PR sym=USDJPY bar=2026.06.04 15:45 z1=2648,B,159.435,159.481,2026.06.01 16:00,1,2026.06.03 11:30,159.790,159.368"
1745,JUNE0525-B162,1617DC1ACCE6B50ED2D1359582A70A8B8503C569623EE90C18C6B33542796207,Tester/logs/20261011.log,985395,2026-06-04,15:50,B152PR,"MJ	0	00:09:04.445	Core 04	2026.06.04 15:50:00   [SRJ-IND] B152PR sym=USDJPY bar=2026.06.04 15:45 z1=2716,B,159.576,159.603,2026.06.02 03:10,1,2026.06.03 10:35,159.787,159.550"
1746,JUNE0525-B162,1617DC1ACCE6B50ED2D1359582A70A8B8503C569623EE90C18C6B33542796207,Tester/logs/20261011.log,985396,2026-06-04,15:50,B152PR,"CP	0	00:09:04.445	Core 04	2026.06.04 15:50:00   [SRJ-IND] B152PR sym=USDJPY bar=2026.06.04 15:45 z1=2720,B,159.586,159.605,2026.06.02 01:05,1,2026.06.03 10:35,159.787,159.550"
1747,JUNE0525-B162,1617DC1ACCE6B50ED2D1359582A70A8B8503C569623EE90C18C6B33542796207,Tester/logs/20261011.log,985397,2026-06-04,15:50,B152PR,"GF	0	00:09:04.445	Core 04	2026.06.04 15:50:00   [SRJ-IND] B152PR sym=USDJPY bar=2026.06.04 15:45 z1=2945,B,159.579,159.675,2026.06.03 11:15,1,2026.06.03 11:25,159.727,159.674"
1748,JUNE0525-B162,1617DC1ACCE6B50ED2D1359582A70A8B8503C569623EE90C18C6B33542796207,Tester/logs/20261011.log,985398,2026-06-04,15:50,B152PR,"NM	0	00:09:04.445	Core 04	2026.06.04 15:50:00   [SRJ-IND] B152PR sym=USDJPY bar=2026.06.04 15:45 z1=3133,S,159.860,159.890,2026.06.04 14:20,1,2026.06.04 15:10,159.876,159.797"
1749,JUNE0525-B162,1617DC1ACCE6B50ED2D1359582A70A8B8503C569623EE90C18C6B33542796207,Tester/logs/20261011.log,985399,2026-06-04,15:50,B152PR,"NS	0	00:09:04.445	Core 04	2026.06.04 15:50:00   [SRJ-IND] B152PR sym=USDJPY bar=2026.06.04 15:45 z1=3135,S,159.867,159.883,2026.06.04 14:10,1,2026.06.04 15:10,159.876,159.797"
1750,JUNE0525-B162,1617DC1ACCE6B50ED2D1359582A70A8B8503C569623EE90C18C6B33542796207,Tester/logs/20261011.log,985400,2026-06-04,15:50,B152PR,"PJ	0	00:09:04.445	Core 04	2026.06.04 15:50:00   [SRJ-IND] B152PR sym=USDJPY bar=2026.06.04 15:45 bull=1 bear=1 nz=25"
1751,JUNE0525-B162,1617DC1ACCE6B50ED2D1359582A70A8B8503C569623EE90C18C6B33542796207,Tester/logs/20261011.log,985401,2026-06-04,15:50,B162ORIGIN,"NE	0	00:09:04.445	Core 04	2026.06.04 15:50:00   [SRJ-IND] B162ORIGIN sym=USDJPY bar=2026.06.04 15:45 side=B n=23 origin=2945 range=159.579-159.675 formT=2026.06.03 10:50 set=65,78,212,256,261,313,414,447,449,460,696,714,724,1405,1779,1780,1949,2509,2566,2648,2716,2720,2945"
1752,JUNE0525-B162,1617DC1ACCE6B50ED2D1359582A70A8B8503C569623EE90C18C6B33542796207,Tester/logs/20261011.log,985402,2026-06-04,15:50,B162ORIGIN,"LD	0	00:09:04.445	Core 04	2026.06.04 15:50:00   [SRJ-IND] B162ORIGIN sym=USDJPY bar=2026.06.04 15:45 side=S n=2 origin=3135 range=159.867-159.883 formT=2026.06.04 13:40 set=3133,3135"
1753,JUNE0525-B162,1617DC1ACCE6B50ED2D1359582A70A8B8503C569623EE90C18C6B33542796207,Tester/logs/20261011.log,985406,2026-06-04,15:50,CQDRECHECK,"NF	0	00:09:04.445	Core 04	2026.06.04 15:50:00   [SRJ-EA] CQDRECHECK shift=2 passA=-1.0 passB=-1.0 diff=0 bar=2026.06.04 15:40 state=IDLE dir=NONE divLatch=0 hit1=0 hit2=601 mism=0"
1754,JUNE0525-B162,1617DC1ACCE6B50ED2D1359582A70A8B8503C569623EE90C18C6B33542796207,Tester/logs/20261011.log,985412,2026-06-04,15:55,B152PR,"KI	0	00:09:04.445	Core 04	2026.06.04 15:55:01   [SRJ-IND] B152PR sym=USDJPY bar=2026.06.04 15:50 z1=65,B,156.672,156.773,2026.05.11 04:10,1,2026.05.12 08:55,157.714,156.726"
1755,JUNE0525-B162,1617DC1ACCE6B50ED2D1359582A70A8B8503C569623EE90C18C6B33542796207,Tester/logs/20261011.log,985413,2026-06-04,15:55,B152PR,"KO	0	00:09:04.445	Core 04	2026.06.04 15:55:01   [SRJ-IND] B152PR sym=USDJPY bar=2026.06.04 15:50 z1=78,B,156.578,156.584,2026.05.11 00:35,1,2026.05.11 00:40,156.644,156.537"
1756,JUNE0525-B162,1617DC1ACCE6B50ED2D1359582A70A8B8503C569623EE90C18C6B33542796207,Tester/logs/20261011.log,985414,2026-06-04,15:55,B152PR,"MF	0	00:09:04.445	Core 04	2026.06.04 15:55:01   [SRJ-IND] B152PR sym=USDJPY bar=2026.06.04 15:50 z1=212,B,157.028,157.060,2026.05.11 19:20,1,2026.05.12 00:00,157.152,157.050"
1757,JUNE0525-B162,1617DC1ACCE6B50ED2D1359582A70A8B8503C569623EE90C18C6B33542796207,Tester/logs/20261011.log,985415,2026-06-04,15:55,B152PR,"QH	0	00:09:04.445	Core 04	2026.06.04 15:55:01   [SRJ-IND] B152PR sym=USDJPY bar=2026.06.04 15:50 z1=256,B,157.172,157.178,2026.05.12 01:25,1,2026.05.12 08:55,157.714,156.726"
1758,JUNE0525-B162,1617DC1ACCE6B50ED2D1359582A70A8B8503C569623EE90C18C6B33542796207,Tester/logs/20261011.log,985416,2026-06-04,15:55,B152PR,"CR	0	00:09:04.445	Core 04	2026.06.04 15:55:01   [SRJ-IND] B152PR sym=USDJPY bar=2026.06.04 15:50 z1=261,B,157.184,157.192,2026.05.12 03:00,1,2026.05.12 08:55,157.714,156.726"
1759,JUNE0525-B162,1617DC1ACCE6B50ED2D1359582A70A8B8503C569623EE90C18C6B33542796207,Tester/logs/20261011.log,985417,2026-06-04,15:55,B152PR,"CG	0	00:09:04.445	Core 04	2026.06.04 15:55:01   [SRJ-IND] B152PR sym=USDJPY bar=2026.06.04 15:50 z1=313,B,157.331,157.497,2026.05.12 10:00,1,2026.05.12 10:10,157.546,157.487"
1760,JUNE0525-B162,1617DC1ACCE6B50ED2D1359582A70A8B8503C569623EE90C18C6B33542796207,Tester/logs/20261011.log,985418,2026-06-04,15:55,B152PR,"NI	0	00:09:04.445	Core 04	2026.06.04 15:55:01   [SRJ-IND] B152PR sym=USDJPY bar=2026.06.04 15:50 z1=414,B,157.517,157.589,2026.05.13 01:10,1,2026.05.13 01:20,157.607,157.587"
1761,JUNE0525-B162,1617DC1ACCE6B50ED2D1359582A70A8B8503C569623EE90C18C6B33542796207,Tester/logs/20261011.log,985419,2026-06-04,15:55,B152PR,"ES	0	00:09:04.445	Core 04	2026.06.04 15:55:01   [SRJ-IND] B152PR sym=USDJPY bar=2026.06.04 15:50 z1=447,B,157.562,157.648,2026.05.13 06:20,1,2026.05.13 06:25,157.662,157.648"
1762,JUNE0525-B162,1617DC1ACCE6B50ED2D1359582A70A8B8503C569623EE90C18C6B33542796207,Tester/logs/20261011.log,985420,2026-06-04,15:55,B152PR,"JE	0	00:09:04.445	Core 04	2026.06.04 15:55:01   [SRJ-IND] B152PR sym=USDJPY bar=2026.06.04 15:50 z1=449,B,157.599,157.654,2026.05.13 05:15,1,2026.05.13 05:45,157.687,157.652"
1763,JUNE0525-B162,1617DC1ACCE6B50ED2D1359582A70A8B8503C569623EE90C18C6B33542796207,Tester/logs/20261011.log,985421,2026-06-04,15:55,B152PR,"CO	0	00:09:04.445	Core 04	2026.06.04 15:55:01   [SRJ-IND] B152PR sym=USDJPY bar=2026.06.04 15:50 z1=460,B,157.645,157.660,2026.05.13 07:05,1,2026.05.14 00:25,157.812,157.650"
1764,JUNE0525-B162,1617DC1ACCE6B50ED2D1359582A70A8B8503C569623EE90C18C6B33542796207,Tester/logs/20261011.log,985422,2026-06-04,15:55,B152PR,"GQ	0	00:09:04.445	Core 04	2026.06.04 15:55:01   [SRJ-IND] B152PR sym=USDJPY bar=2026.06.04 15:50 z1=696,B,157.568,158.167,2026.05.14 18:05,1,2026.05.14 18:10,158.191,158.119"
1765,JUNE0525-B162,1617DC1ACCE6B50ED2D1359582A70A8B8503C569623EE90C18C6B33542796207,Tester/logs/20261011.log,985423,2026-06-04,15:55,B152PR,"KK	0	00:09:04.445	Core 04	2026.06.04 15:55:01   [SRJ-IND] B152PR sym=USDJPY bar=2026.06.04 15:50 z1=714,B,158.107,158.142,2026.05.14 19:30,1,2026.05.14 20:00,158.169,158.142"
1766,JUNE0525-B162,1617DC1ACCE6B50ED2D1359582A70A8B8503C569623EE90C18C6B33542796207,Tester/logs/20261011.log,985424,2026-06-04,15:55,B152PR,"RM	0	00:09:04.445	Core 04	2026.06.04 15:55:01   [SRJ-IND] B152PR sym=USDJPY bar=2026.06.04 15:50 z1=724,B,158.168,158.186,2026.05.14 21:00,1,2026.05.14 21:05,158.191,158.182"
1767,JUNE0525-B162,1617DC1ACCE6B50ED2D1359582A70A8B8503C569623EE90C18C6B33542796207,Tester/logs/20261011.log,985425,2026-06-04,15:55,B152PR,"HE	0	00:09:04.445	Core 04	2026.06.04 15:55:01   [SRJ-IND] B152PR sym=USDJPY bar=2026.06.04 15:50 z1=1405,B,158.735,158.769,2026.05.20 19:00,1,2026.05.20 19:05,158.816,158.753"
1768,JUNE0525-B162,1617DC1ACCE6B50ED2D1359582A70A8B8503C569623EE90C18C6B33542796207,Tester/logs/20261011.log,985426,2026-06-04,15:55,B152PR,"NK	0	00:09:04.445	Core 04	2026.06.04 15:55:01   [SRJ-IND] B152PR sym=USDJPY bar=2026.06.04 15:50 z1=1779,B,158.756,158.800,2026.05.25 06:45,1,2026.05.26 00:00,158.887,158.784"
1769,JUNE0525-B162,1617DC1ACCE6B50ED2D1359582A70A8B8503C569623EE90C18C6B33542796207,Tester/logs/20261011.log,985427,2026-06-04,15:55,B152PR,"OQ	0	00:09:04.445	Core 04	2026.06.04 15:55:01   [SRJ-IND] B152PR sym=USDJPY bar=2026.06.04 15:50 z1=1780,B,158.789,158.814,2026.05.25 04:50,1,2026.05.26 00:00,158.887,158.784"
1770,JUNE0525-B162,1617DC1ACCE6B50ED2D1359582A70A8B8503C569623EE90C18C6B33542796207,Tester/logs/20261011.log,985428,2026-06-04,15:55,B152PR,"JG	0	00:09:04.445	Core 04	2026.06.04 15:55:01   [SRJ-IND] B152PR sym=USDJPY bar=2026.06.04 15:50 z1=1949,B,158.916,158.934,2026.05.26 07:25,1,2026.05.26 07:30,158.942,158.934"
1771,JUNE0525-B162,1617DC1ACCE6B50ED2D1359582A70A8B8503C569623EE90C18C6B33542796207,Tester/logs/20261011.log,985429,2026-06-04,15:55,B152PR,"OM	0	00:09:04.445	Core 04	2026.06.04 15:55:01   [SRJ-IND] B152PR sym=USDJPY bar=2026.06.04 15:50 z1=2509,B,159.134,159.195,2026.05.29 19:10,1,2026.05.29 19:35,159.215,159.186"
1772,JUNE0525-B162,1617DC1ACCE6B50ED2D1359582A70A8B8503C569623EE90C18C6B33542796207,Tester/logs/20261011.log,985430,2026-06-04,15:55,B152PR,"RS	0	00:09:04.445	Core 04	2026.06.04 15:55:01   [SRJ-IND] B152PR sym=USDJPY bar=2026.06.04 15:50 z1=2566,B,159.382,159.407,2026.06.01 03:15,1,2026.06.03 11:30,159.790,159.368"
1773,JUNE0525-B162,1617DC1ACCE6B50ED2D1359582A70A8B8503C569623EE90C18C6B33542796207,Tester/logs/20261011.log,985431,2026-06-04,15:55,B152PR,"HI	0	00:09:04.445	Core 04	2026.06.04 15:55:01   [SRJ-IND] B152PR sym=USDJPY bar=2026.06.04 15:50 z1=2648,B,159.435,159.481,2026.06.01 16:00,1,2026.06.03 11:30,159.790,159.368"
1774,JUNE0525-B162,1617DC1ACCE6B50ED2D1359582A70A8B8503C569623EE90C18C6B33542796207,Tester/logs/20261011.log,985432,2026-06-04,15:55,B152PR,"KO	0	00:09:04.445	Core 04	2026.06.04 15:55:01   [SRJ-IND] B152PR sym=USDJPY bar=2026.06.04 15:50 z1=2716,B,159.576,159.603,2026.06.02 03:10,1,2026.06.03 10:35,159.787,159.550"
1775,JUNE0525-B162,1617DC1ACCE6B50ED2D1359582A70A8B8503C569623EE90C18C6B33542796207,Tester/logs/20261011.log,985433,2026-06-04,15:55,B152PR,"EE	0	00:09:04.445	Core 04	2026.06.04 15:55:01   [SRJ-IND] B152PR sym=USDJPY bar=2026.06.04 15:50 z1=2720,B,159.586,159.605,2026.06.02 01:05,1,2026.06.03 10:35,159.787,159.550"
1776,JUNE0525-B162,1617DC1ACCE6B50ED2D1359582A70A8B8503C569623EE90C18C6B33542796207,Tester/logs/20261011.log,985434,2026-06-04,15:55,B152PR,"IK	0	00:09:04.445	Core 04	2026.06.04 15:55:01   [SRJ-IND] B152PR sym=USDJPY bar=2026.06.04 15:50 z1=2945,B,159.579,159.675,2026.06.03 11:15,1,2026.06.03 11:25,159.727,159.674"
1777,JUNE0525-B162,1617DC1ACCE6B50ED2D1359582A70A8B8503C569623EE90C18C6B33542796207,Tester/logs/20261011.log,985435,2026-06-04,15:55,B152PR,"LP	0	00:09:04.445	Core 04	2026.06.04 15:55:01   [SRJ-IND] B152PR sym=USDJPY bar=2026.06.04 15:50 z1=3133,S,159.860,159.890,2026.06.04 14:20,1,2026.06.04 15:10,159.876,159.797"
1778,JUNE0525-B162,1617DC1ACCE6B50ED2D1359582A70A8B8503C569623EE90C18C6B33542796207,Tester/logs/20261011.log,985436,2026-06-04,15:55,B152PR,"LF	0	00:09:04.445	Core 04	2026.06.04 15:55:01   [SRJ-IND] B152PR sym=USDJPY bar=2026.06.04 15:50 z1=3135,S,159.867,159.883,2026.06.04 14:10,1,2026.06.04 15:10,159.876,159.797"
1779,JUNE0525-B162,1617DC1ACCE6B50ED2D1359582A70A8B8503C569623EE90C18C6B33542796207,Tester/logs/20261011.log,985437,2026-06-04,15:55,B152PR,"RO	0	00:09:04.445	Core 04	2026.06.04 15:55:01   [SRJ-IND] B152PR sym=USDJPY bar=2026.06.04 15:50 bull=1 bear=1 nz=25"
1780,JUNE0525-B162,1617DC1ACCE6B50ED2D1359582A70A8B8503C569623EE90C18C6B33542796207,Tester/logs/20261011.log,985438,2026-06-04,15:55,B162ORIGIN,"LF	0	00:09:04.445	Core 04	2026.06.04 15:55:01   [SRJ-IND] B162ORIGIN sym=USDJPY bar=2026.06.04 15:50 side=B n=23 origin=2945 range=159.579-159.675 formT=2026.06.03 10:50 set=65,78,212,256,261,313,414,447,449,460,696,714,724,1405,1779,1780,1949,2509,2566,2648,2716,2720,2945"
1781,JUNE0525-B162,1617DC1ACCE6B50ED2D1359582A70A8B8503C569623EE90C18C6B33542796207,Tester/logs/20261011.log,985439,2026-06-04,15:55,B162ORIGIN,"JP	0	00:09:04.445	Core 04	2026.06.04 15:55:01   [SRJ-IND] B162ORIGIN sym=USDJPY bar=2026.06.04 15:50 side=S n=2 origin=3135 range=159.867-159.883 formT=2026.06.04 13:40 set=3133,3135"
1782,JUNE0525-B162,1617DC1ACCE6B50ED2D1359582A70A8B8503C569623EE90C18C6B33542796207,Tester/logs/20261011.log,985443,2026-06-04,15:55,CQDRECHECK,"RE	0	00:09:04.445	Core 04	2026.06.04 15:55:01   [SRJ-EA] CQDRECHECK shift=2 passA=-1.0 passB=-1.0 diff=0 bar=2026.06.04 15:45 state=IDLE dir=NONE divLatch=0 hit1=0 hit2=602 mism=0"
1783,JUNE0525-B162,1617DC1ACCE6B50ED2D1359582A70A8B8503C569623EE90C18C6B33542796207,Tester/logs/20261011.log,985450,2026-06-04,16:00,B152PR,"NI	0	00:09:04.445	Core 04	2026.06.04 16:00:00   [SRJ-IND] B152PR sym=USDJPY bar=2026.06.04 15:55 z1=65,B,156.672,156.773,2026.05.11 04:10,1,2026.05.12 08:55,157.714,156.726"
1784,JUNE0525-B162,1617DC1ACCE6B50ED2D1359582A70A8B8503C569623EE90C18C6B33542796207,Tester/logs/20261011.log,985451,2026-06-04,16:00,B152PR,"FO	0	00:09:04.445	Core 04	2026.06.04 16:00:00   [SRJ-IND] B152PR sym=USDJPY bar=2026.06.04 15:55 z1=78,B,156.578,156.584,2026.05.11 00:35,1,2026.05.11 00:40,156.644,156.537"
1785,JUNE0525-B162,1617DC1ACCE6B50ED2D1359582A70A8B8503C569623EE90C18C6B33542796207,Tester/logs/20261011.log,985452,2026-06-04,16:00,B152PR,"LF	0	00:09:04.445	Core 04	2026.06.04 16:00:00   [SRJ-IND] B152PR sym=USDJPY bar=2026.06.04 15:55 z1=212,B,157.028,157.060,2026.05.11 19:20,1,2026.05.12 00:00,157.152,157.050"
1786,JUNE0525-B162,1617DC1ACCE6B50ED2D1359582A70A8B8503C569623EE90C18C6B33542796207,Tester/logs/20261011.log,985453,2026-06-04,16:00,B152PR,"HK	0	00:09:04.445	Core 04	2026.06.04 16:00:00   [SRJ-IND] B152PR sym=USDJPY bar=2026.06.04 15:55 z1=256,B,157.172,157.178,2026.05.12 01:25,1,2026.05.12 08:55,157.714,156.726"
1787,JUNE0525-B162,1617DC1ACCE6B50ED2D1359582A70A8B8503C569623EE90C18C6B33542796207,Tester/logs/20261011.log,985454,2026-06-04,16:00,B152PR,"NM	0	00:09:04.445	Core 04	2026.06.04 16:00:00   [SRJ-IND] B152PR sym=USDJPY bar=2026.06.04 15:55 z1=261,B,157.184,157.192,2026.05.12 03:00,1,2026.05.12 08:55,157.714,156.726"
1788,JUNE0525-B162,1617DC1ACCE6B50ED2D1359582A70A8B8503C569623EE90C18C6B33542796207,Tester/logs/20261011.log,985455,2026-06-04,16:00,B152PR,"FG	0	00:09:04.445	Core 04	2026.06.04 16:00:00   [SRJ-IND] B152PR sym=USDJPY bar=2026.06.04 15:55 z1=313,B,157.331,157.497,2026.05.12 10:00,1,2026.05.12 10:10,157.546,157.487"
1789,JUNE0525-B162,1617DC1ACCE6B50ED2D1359582A70A8B8503C569623EE90C18C6B33542796207,Tester/logs/20261011.log,985456,2026-06-04,16:00,B152PR,"KI	0	00:09:04.445	Core 04	2026.06.04 16:00:00   [SRJ-IND] B152PR sym=USDJPY bar=2026.06.04 15:55 z1=414,B,157.517,157.589,2026.05.13 01:10,1,2026.05.13 01:20,157.607,157.587"
1790,JUNE0525-B162,1617DC1ACCE6B50ED2D1359582A70A8B8503C569623EE90C18C6B33542796207,Tester/logs/20261011.log,985457,2026-06-04,16:00,B152PR,"LS	0	00:09:04.445	Core 04	2026.06.04 16:00:00   [SRJ-IND] B152PR sym=USDJPY bar=2026.06.04 15:55 z1=447,B,157.562,157.648,2026.05.13 06:20,1,2026.05.13 06:25,157.662,157.648"
1791,JUNE0525-B162,1617DC1ACCE6B50ED2D1359582A70A8B8503C569623EE90C18C6B33542796207,Tester/logs/20261011.log,985458,2026-06-04,16:00,B152PR,"OE	0	00:09:04.445	Core 04	2026.06.04 16:00:00   [SRJ-IND] B152PR sym=USDJPY bar=2026.06.04 15:55 z1=449,B,157.599,157.654,2026.05.13 05:15,1,2026.05.13 05:45,157.687,157.652"
1792,JUNE0525-B162,1617DC1ACCE6B50ED2D1359582A70A8B8503C569623EE90C18C6B33542796207,Tester/logs/20261011.log,985459,2026-06-04,16:00,B152PR,"FO	0	00:09:04.445	Core 04	2026.06.04 16:00:00   [SRJ-IND] B152PR sym=USDJPY bar=2026.06.04 15:55 z1=460,B,157.645,157.660,2026.05.13 07:05,1,2026.05.14 00:25,157.812,157.650"
1793,JUNE0525-B162,1617DC1ACCE6B50ED2D1359582A70A8B8503C569623EE90C18C6B33542796207,Tester/logs/20261011.log,985460,2026-06-04,16:00,B152PR,"JQ	0	00:09:04.445	Core 04	2026.06.04 16:00:00   [SRJ-IND] B152PR sym=USDJPY bar=2026.06.04 15:55 z1=696,B,157.568,158.167,2026.05.14 18:05,1,2026.05.14 18:10,158.191,158.119"
1794,JUNE0525-B162,1617DC1ACCE6B50ED2D1359582A70A8B8503C569623EE90C18C6B33542796207,Tester/logs/20261011.log,985461,2026-06-04,16:00,B152PR,"FJ	0	00:09:04.445	Core 04	2026.06.04 16:00:00   [SRJ-IND] B152PR sym=USDJPY bar=2026.06.04 15:55 z1=714,B,158.107,158.142,2026.05.14 19:30,1,2026.05.14 20:00,158.169,158.142"
1795,JUNE0525-B162,1617DC1ACCE6B50ED2D1359582A70A8B8503C569623EE90C18C6B33542796207,Tester/logs/20261011.log,985462,2026-06-04,16:00,B152PR,"GL	0	00:09:04.445	Core 04	2026.06.04 16:00:00   [SRJ-IND] B152PR sym=USDJPY bar=2026.06.04 15:55 z1=724,B,158.168,158.186,2026.05.14 21:00,1,2026.05.14 21:05,158.191,158.182"
1796,JUNE0525-B162,1617DC1ACCE6B50ED2D1359582A70A8B8503C569623EE90C18C6B33542796207,Tester/logs/20261011.log,985463,2026-06-04,16:00,B152PR,"IE	0	00:09:04.445	Core 04	2026.06.04 16:00:00   [SRJ-IND] B152PR sym=USDJPY bar=2026.06.04 15:55 z1=1405,B,158.735,158.769,2026.05.20 19:00,1,2026.05.20 19:05,158.816,158.753"
1797,JUNE0525-B162,1617DC1ACCE6B50ED2D1359582A70A8B8503C569623EE90C18C6B33542796207,Tester/logs/20261011.log,985464,2026-06-04,16:00,B152PR,"KK	0	00:09:04.445	Core 04	2026.06.04 16:00:00   [SRJ-IND] B152PR sym=USDJPY bar=2026.06.04 15:55 z1=1779,B,158.756,158.800,2026.05.25 06:45,1,2026.05.26 00:00,158.887,158.784"
1798,JUNE0525-B162,1617DC1ACCE6B50ED2D1359582A70A8B8503C569623EE90C18C6B33542796207,Tester/logs/20261011.log,985465,2026-06-04,16:00,B152PR,"RQ	0	00:09:04.445	Core 04	2026.06.04 16:00:00   [SRJ-IND] B152PR sym=USDJPY bar=2026.06.04 15:55 z1=1780,B,158.789,158.814,2026.05.25 04:50,1,2026.05.26 00:00,158.887,158.784"
1799,JUNE0525-B162,1617DC1ACCE6B50ED2D1359582A70A8B8503C569623EE90C18C6B33542796207,Tester/logs/20261011.log,985466,2026-06-04,16:00,B152PR,"GG	0	00:09:04.445	Core 04	2026.06.04 16:00:00   [SRJ-IND] B152PR sym=USDJPY bar=2026.06.04 15:55 z1=1949,B,158.916,158.934,2026.05.26 07:25,1,2026.05.26 07:30,158.942,158.934"
1800,JUNE0525-B162,1617DC1ACCE6B50ED2D1359582A70A8B8503C569623EE90C18C6B33542796207,Tester/logs/20261011.log,985467,2026-06-04,16:00,B152PR,"RM	0	00:09:04.445	Core 04	2026.06.04 16:00:00   [SRJ-IND] B152PR sym=USDJPY bar=2026.06.04 15:55 z1=2509,B,159.134,159.195,2026.05.29 19:10,1,2026.05.29 19:35,159.215,159.186"
1801,JUNE0525-B162,1617DC1ACCE6B50ED2D1359582A70A8B8503C569623EE90C18C6B33542796207,Tester/logs/20261011.log,985468,2026-06-04,16:00,B152PR,"OS	0	00:09:04.445	Core 04	2026.06.04 16:00:00   [SRJ-IND] B152PR sym=USDJPY bar=2026.06.04 15:55 z1=2566,B,159.382,159.407,2026.06.01 03:15,1,2026.06.03 11:30,159.790,159.368"
1802,JUNE0525-B162,1617DC1ACCE6B50ED2D1359582A70A8B8503C569623EE90C18C6B33542796207,Tester/logs/20261011.log,985469,2026-06-04,16:00,B152PR,"II	0	00:09:04.445	Core 04	2026.06.04 16:00:00   [SRJ-IND] B152PR sym=USDJPY bar=2026.06.04 15:55 z1=2648,B,159.435,159.481,2026.06.01 16:00,1,2026.06.03 11:30,159.790,159.368"
1803,JUNE0525-B162,1617DC1ACCE6B50ED2D1359582A70A8B8503C569623EE90C18C6B33542796207,Tester/logs/20261011.log,985470,2026-06-04,16:00,B152PR,"NO	0	00:09:04.445	Core 04	2026.06.04 16:00:00   [SRJ-IND] B152PR sym=USDJPY bar=2026.06.04 15:55 z1=2716,B,159.576,159.603,2026.06.02 03:10,1,2026.06.03 10:35,159.787,159.550"
1804,JUNE0525-B162,1617DC1ACCE6B50ED2D1359582A70A8B8503C569623EE90C18C6B33542796207,Tester/logs/20261011.log,985471,2026-06-04,16:00,B152PR,"DE	0	00:09:04.445	Core 04	2026.06.04 16:00:00   [SRJ-IND] B152PR sym=USDJPY bar=2026.06.04 15:55 z1=2720,B,159.586,159.605,2026.06.02 01:05,1,2026.06.03 10:35,159.787,159.550"
1805,JUNE0525-B162,1617DC1ACCE6B50ED2D1359582A70A8B8503C569623EE90C18C6B33542796207,Tester/logs/20261011.log,985472,2026-06-04,16:00,B152PR,"HK	0	00:09:04.445	Core 04	2026.06.04 16:00:00   [SRJ-IND] B152PR sym=USDJPY bar=2026.06.04 15:55 z1=2945,B,159.579,159.675,2026.06.03 11:15,1,2026.06.03 11:25,159.727,159.674"
1806,JUNE0525-B162,1617DC1ACCE6B50ED2D1359582A70A8B8503C569623EE90C18C6B33542796207,Tester/logs/20261011.log,985473,2026-06-04,16:00,B152PR,"MP	0	00:09:04.445	Core 04	2026.06.04 16:00:00   [SRJ-IND] B152PR sym=USDJPY bar=2026.06.04 15:55 z1=3133,S,159.860,159.890,2026.06.04 14:20,1,2026.06.04 15:10,159.876,159.797"
1807,JUNE0525-B162,1617DC1ACCE6B50ED2D1359582A70A8B8503C569623EE90C18C6B33542796207,Tester/logs/20261011.log,985474,2026-06-04,16:00,B152PR,"MF	0	00:09:04.445	Core 04	2026.06.04 16:00:00   [SRJ-IND] B152PR sym=USDJPY bar=2026.06.04 15:55 z1=3135,S,159.867,159.883,2026.06.04 14:10,1,2026.06.04 15:10,159.876,159.797"
1808,JUNE0525-B162,1617DC1ACCE6B50ED2D1359582A70A8B8503C569623EE90C18C6B33542796207,Tester/logs/20261011.log,985475,2026-06-04,16:00,B152PR,"OO	0	00:09:04.445	Core 04	2026.06.04 16:00:00   [SRJ-IND] B152PR sym=USDJPY bar=2026.06.04 15:55 bull=1 bear=1 nz=25"
1809,JUNE0525-B162,1617DC1ACCE6B50ED2D1359582A70A8B8503C569623EE90C18C6B33542796207,Tester/logs/20261011.log,985476,2026-06-04,16:00,B162ORIGIN,"EF	0	00:09:04.445	Core 04	2026.06.04 16:00:00   [SRJ-IND] B162ORIGIN sym=USDJPY bar=2026.06.04 15:55 side=B n=23 origin=2945 range=159.579-159.675 formT=2026.06.03 10:50 set=65,78,212,256,261,313,414,447,449,460,696,714,724,1405,1779,1780,1949,2509,2566,2648,2716,2720,2945"
1810,JUNE0525-B162,1617DC1ACCE6B50ED2D1359582A70A8B8503C569623EE90C18C6B33542796207,Tester/logs/20261011.log,985477,2026-06-04,16:00,B162ORIGIN,"OS	0	00:09:04.445	Core 04	2026.06.04 16:00:00   [SRJ-IND] B162ORIGIN sym=USDJPY bar=2026.06.04 15:55 side=S n=2 origin=3135 range=159.867-159.883 formT=2026.06.04 13:40 set=3133,3135"
1811,JUNE0525-B162,1617DC1ACCE6B50ED2D1359582A70A8B8503C569623EE90C18C6B33542796207,Tester/logs/20261011.log,985487,2026-06-04,16:05,B152PR,"OS	0	00:09:04.445	Core 04	2026.06.04 16:05:01   [SRJ-IND] B152PR sym=USDJPY bar=2026.06.04 16:00 z1=65,B,156.672,156.773,2026.05.11 04:10,1,2026.05.12 08:55,157.714,156.726"
1812,JUNE0525-B162,1617DC1ACCE6B50ED2D1359582A70A8B8503C569623EE90C18C6B33542796207,Tester/logs/20261011.log,985488,2026-06-04,16:05,B152PR,"GI	0	00:09:04.445	Core 04	2026.06.04 16:05:01   [SRJ-IND] B152PR sym=USDJPY bar=2026.06.04 16:00 z1=78,B,156.578,156.584,2026.05.11 00:35,1,2026.05.11 00:40,156.644,156.537"
1813,JUNE0525-B162,1617DC1ACCE6B50ED2D1359582A70A8B8503C569623EE90C18C6B33542796207,Tester/logs/20261011.log,985489,2026-06-04,16:05,B152PR,"QL	0	00:09:04.445	Core 04	2026.06.04 16:05:01   [SRJ-IND] B152PR sym=USDJPY bar=2026.06.04 16:00 z1=212,B,157.028,157.060,2026.05.11 19:20,1,2026.05.12 00:00,157.152,157.050"
1814,JUNE0525-B162,1617DC1ACCE6B50ED2D1359582A70A8B8503C569623EE90C18C6B33542796207,Tester/logs/20261011.log,985490,2026-06-04,16:05,B152PR,"EQ	0	00:09:04.445	Core 04	2026.06.04 16:05:01   [SRJ-IND] B152PR sym=USDJPY bar=2026.06.04 16:00 z1=256,B,157.172,157.178,2026.05.12 01:25,1,2026.05.12 08:55,157.714,156.726"
1815,JUNE0525-B162,1617DC1ACCE6B50ED2D1359582A70A8B8503C569623EE90C18C6B33542796207,Tester/logs/20261011.log,985491,2026-06-04,16:05,B152PR,"OK	0	00:09:04.445	Core 04	2026.06.04 16:05:01   [SRJ-IND] B152PR sym=USDJPY bar=2026.06.04 16:00 z1=261,B,157.184,157.192,2026.05.12 03:00,1,2026.05.12 08:55,157.714,156.726"
1816,JUNE0525-B162,1617DC1ACCE6B50ED2D1359582A70A8B8503C569623EE90C18C6B33542796207,Tester/logs/20261011.log,985492,2026-06-04,16:05,B152PR,"GM	0	00:09:04.445	Core 04	2026.06.04 16:05:01   [SRJ-IND] B152PR sym=USDJPY bar=2026.06.04 16:00 z1=313,B,157.331,157.497,2026.05.12 10:00,1,2026.05.12 10:10,157.546,157.487"
1817,JUNE0525-B162,1617DC1ACCE6B50ED2D1359582A70A8B8503C569623EE90C18C6B33542796207,Tester/logs/20261011.log,985493,2026-06-04,16:05,B152PR,"RG	0	00:09:04.445	Core 04	2026.06.04 16:05:01   [SRJ-IND] B152PR sym=USDJPY bar=2026.06.04 16:00 z1=414,B,157.517,157.589,2026.05.13 01:10,1,2026.05.13 01:20,157.607,157.587"
1818,JUNE0525-B162,1617DC1ACCE6B50ED2D1359582A70A8B8503C569623EE90C18C6B33542796207,Tester/logs/20261011.log,985494,2026-06-04,16:05,B152PR,"QI	0	00:09:04.445	Core 04	2026.06.04 16:05:01   [SRJ-IND] B152PR sym=USDJPY bar=2026.06.04 16:00 z1=447,B,157.562,157.648,2026.05.13 06:20,1,2026.05.13 06:25,157.662,157.648"
1819,JUNE0525-B162,1617DC1ACCE6B50ED2D1359582A70A8B8503C569623EE90C18C6B33542796207,Tester/logs/20261011.log,985495,2026-06-04,16:05,B152PR,"NS	0	00:09:04.445	Core 04	2026.06.04 16:05:01   [SRJ-IND] B152PR sym=USDJPY bar=2026.06.04 16:00 z1=449,B,157.599,157.654,2026.05.13 05:15,1,2026.05.13 05:45,157.687,157.652"
1820,JUNE0525-B162,1617DC1ACCE6B50ED2D1359582A70A8B8503C569623EE90C18C6B33542796207,Tester/logs/20261011.log,985496,2026-06-04,16:05,B152PR,"GE	0	00:09:04.445	Core 04	2026.06.04 16:05:01   [SRJ-IND] B152PR sym=USDJPY bar=2026.06.04 16:00 z1=460,B,157.645,157.660,2026.05.13 07:05,1,2026.05.14 00:25,157.812,157.650"
1821,JUNE0525-B162,1617DC1ACCE6B50ED2D1359582A70A8B8503C569623EE90C18C6B33542796207,Tester/logs/20261011.log,985497,2026-06-04,16:05,B152PR,"CO	0	00:09:04.445	Core 04	2026.06.04 16:05:01   [SRJ-IND] B152PR sym=USDJPY bar=2026.06.04 16:00 z1=696,B,157.568,158.167,2026.05.14 18:05,1,2026.05.14 18:10,158.191,158.119"
1822,JUNE0525-B162,1617DC1ACCE6B50ED2D1359582A70A8B8503C569623EE90C18C6B33542796207,Tester/logs/20261011.log,985498,2026-06-04,16:05,B152PR,"GP	0	00:09:04.445	Core 04	2026.06.04 16:05:01   [SRJ-IND] B152PR sym=USDJPY bar=2026.06.04 16:00 z1=714,B,158.107,158.142,2026.05.14 19:30,1,2026.05.14 20:00,158.169,158.142"
1823,JUNE0525-B162,1617DC1ACCE6B50ED2D1359582A70A8B8503C569623EE90C18C6B33542796207,Tester/logs/20261011.log,985499,2026-06-04,16:05,B152PR,"FJ	0	00:09:04.445	Core 04	2026.06.04 16:05:01   [SRJ-IND] B152PR sym=USDJPY bar=2026.06.04 16:00 z1=724,B,158.168,158.186,2026.05.14 21:00,1,2026.05.14 21:05,158.191,158.182"
1824,JUNE0525-B162,1617DC1ACCE6B50ED2D1359582A70A8B8503C569623EE90C18C6B33542796207,Tester/logs/20261011.log,985500,2026-06-04,16:05,B152PR,"DO	0	00:09:04.445	Core 04	2026.06.04 16:05:01   [SRJ-IND] B152PR sym=USDJPY bar=2026.06.04 16:00 z1=1405,B,158.735,158.769,2026.05.20 19:00,1,2026.05.20 19:05,158.816,158.753"
1825,JUNE0525-B162,1617DC1ACCE6B50ED2D1359582A70A8B8503C569623EE90C18C6B33542796207,Tester/logs/20261011.log,985501,2026-06-04,16:05,B152PR,"RE	0	00:09:04.445	Core 04	2026.06.04 16:05:01   [SRJ-IND] B152PR sym=USDJPY bar=2026.06.04 16:00 z1=1779,B,158.756,158.800,2026.05.25 06:45,1,2026.05.26 00:00,158.887,158.784"
1826,JUNE0525-B162,1617DC1ACCE6B50ED2D1359582A70A8B8503C569623EE90C18C6B33542796207,Tester/logs/20261011.log,985502,2026-06-04,16:05,B152PR,"KK	0	00:09:04.445	Core 04	2026.06.04 16:05:01   [SRJ-IND] B152PR sym=USDJPY bar=2026.06.04 16:00 z1=1780,B,158.789,158.814,2026.05.25 04:50,1,2026.05.26 00:00,158.887,158.784"
1827,JUNE0525-B162,1617DC1ACCE6B50ED2D1359582A70A8B8503C569623EE90C18C6B33542796207,Tester/logs/20261011.log,985503,2026-06-04,16:05,B152PR,"FQ	0	00:09:04.445	Core 04	2026.06.04 16:05:01   [SRJ-IND] B152PR sym=USDJPY bar=2026.06.04 16:00 z1=1949,B,158.916,158.934,2026.05.26 07:25,1,2026.05.26 07:30,158.942,158.934"
1828,JUNE0525-B162,1617DC1ACCE6B50ED2D1359582A70A8B8503C569623EE90C18C6B33542796207,Tester/logs/20261011.log,985504,2026-06-04,16:05,B152PR,"KG	0	00:09:04.445	Core 04	2026.06.04 16:05:01   [SRJ-IND] B152PR sym=USDJPY bar=2026.06.04 16:00 z1=2509,B,159.134,159.195,2026.05.29 19:10,1,2026.05.29 19:35,159.215,159.186"
1829,JUNE0525-B162,1617DC1ACCE6B50ED2D1359582A70A8B8503C569623EE90C18C6B33542796207,Tester/logs/20261011.log,985505,2026-06-04,16:05,B152PR,"NM	0	00:09:04.445	Core 04	2026.06.04 16:05:01   [SRJ-IND] B152PR sym=USDJPY bar=2026.06.04 16:00 z1=2566,B,159.382,159.407,2026.06.01 03:15,1,2026.06.03 11:30,159.790,159.368"
1830,JUNE0525-B162,1617DC1ACCE6B50ED2D1359582A70A8B8503C569623EE90C18C6B33542796207,Tester/logs/20261011.log,985506,2026-06-04,16:05,B152PR,"DS	0	00:09:04.445	Core 04	2026.06.04 16:05:01   [SRJ-IND] B152PR sym=USDJPY bar=2026.06.04 16:00 z1=2648,B,159.435,159.481,2026.06.01 16:00,1,2026.06.03 11:30,159.790,159.368"
1831,JUNE0525-B162,1617DC1ACCE6B50ED2D1359582A70A8B8503C569623EE90C18C6B33542796207,Tester/logs/20261011.log,985507,2026-06-04,16:05,B152PR,"OI	0	00:09:04.445	Core 04	2026.06.04 16:05:01   [SRJ-IND] B152PR sym=USDJPY bar=2026.06.04 16:00 z1=2716,B,159.576,159.603,2026.06.02 03:10,1,2026.06.03 10:35,159.787,159.550"
1832,JUNE0525-B162,1617DC1ACCE6B50ED2D1359582A70A8B8503C569623EE90C18C6B33542796207,Tester/logs/20261011.log,985508,2026-06-04,16:05,B152PR,"IO	0	00:09:04.445	Core 04	2026.06.04 16:05:01   [SRJ-IND] B152PR sym=USDJPY bar=2026.06.04 16:00 z1=2720,B,159.586,159.605,2026.06.02 01:05,1,2026.06.03 10:35,159.787,159.550"
1833,JUNE0525-B162,1617DC1ACCE6B50ED2D1359582A70A8B8503C569623EE90C18C6B33542796207,Tester/logs/20261011.log,985509,2026-06-04,16:05,B152PR,"EE	0	00:09:04.445	Core 04	2026.06.04 16:05:01   [SRJ-IND] B152PR sym=USDJPY bar=2026.06.04 16:00 z1=2945,B,159.579,159.675,2026.06.03 11:15,1,2026.06.03 11:25,159.727,159.674"
1834,JUNE0525-B162,1617DC1ACCE6B50ED2D1359582A70A8B8503C569623EE90C18C6B33542796207,Tester/logs/20261011.log,985510,2026-06-04,16:05,B152PR,"PJ	0	00:09:04.445	Core 04	2026.06.04 16:05:01   [SRJ-IND] B152PR sym=USDJPY bar=2026.06.04 16:00 z1=3133,S,159.860,159.890,2026.06.04 14:20,1,2026.06.04 15:10,159.876,159.797"
1835,JUNE0525-B162,1617DC1ACCE6B50ED2D1359582A70A8B8503C569623EE90C18C6B33542796207,Tester/logs/20261011.log,985511,2026-06-04,16:05,B152PR,"PP	0	00:09:04.445	Core 04	2026.06.04 16:05:01   [SRJ-IND] B152PR sym=USDJPY bar=2026.06.04 16:00 z1=3135,S,159.867,159.883,2026.06.04 14:10,1,2026.06.04 15:10,159.876,159.797"
1836,JUNE0525-B162,1617DC1ACCE6B50ED2D1359582A70A8B8503C569623EE90C18C6B33542796207,Tester/logs/20261011.log,985512,2026-06-04,16:05,B152PR,"NE	0	00:09:04.445	Core 04	2026.06.04 16:05:01   [SRJ-IND] B152PR sym=USDJPY bar=2026.06.04 16:00 bull=1 bear=1 nz=25"
1837,JUNE0525-B162,1617DC1ACCE6B50ED2D1359582A70A8B8503C569623EE90C18C6B33542796207,Tester/logs/20261011.log,985513,2026-06-04,16:05,B162ORIGIN,"HH	0	00:09:04.445	Core 04	2026.06.04 16:05:01   [SRJ-IND] B162ORIGIN sym=USDJPY bar=2026.06.04 16:00 side=B n=23 origin=2945 range=159.579-159.675 formT=2026.06.03 10:50 set=65,78,212,256,261,313,414,447,449,460,696,714,724,1405,1779,1780,1949,2509,2566,2648,2716,2720,2945"
1838,JUNE0525-B162,1617DC1ACCE6B50ED2D1359582A70A8B8503C569623EE90C18C6B33542796207,Tester/logs/20261011.log,985514,2026-06-04,16:05,B162ORIGIN,"NI	0	00:09:04.445	Core 04	2026.06.04 16:05:01   [SRJ-IND] B162ORIGIN sym=USDJPY bar=2026.06.04 16:00 side=S n=2 origin=3135 range=159.867-159.883 formT=2026.06.04 13:40 set=3133,3135"
1839,JUNE0525-B162,1617DC1ACCE6B50ED2D1359582A70A8B8503C569623EE90C18C6B33542796207,Tester/logs/20261011.log,985518,2026-06-04,16:05,CQDRECHECK,"PS	0	00:09:04.445	Core 04	2026.06.04 16:05:01   [SRJ-EA] CQDRECHECK shift=2 passA=-1.0 passB=-1.0 diff=0 bar=2026.06.04 15:55 state=IDLE dir=NONE divLatch=0 hit1=0 hit2=603 mism=0"
1840,JUNE0525-B162,1617DC1ACCE6B50ED2D1359582A70A8B8503C569623EE90C18C6B33542796207,Tester/logs/20261011.log,985523,2026-06-04,16:05,CONFIRMPOLL,"QS	0	00:09:04.445	Core 04	2026.06.04 16:05:01   [SRJ-EA] CONFIRMPOLL bar=2026.06.04 16:00 anchor=Monthly-POC dir=SHORT oppCandle=1 bodyDir=0 body=9pts doji=0 touchAttr=0 confirm=0 shadow=true"
1841,JUNE0525-B162,1617DC1ACCE6B50ED2D1359582A70A8B8503C569623EE90C18C6B33542796207,Tester/logs/20261011.log,985525,2026-06-04,16:05,STATE,"LK	0	00:09:04.445	Core 04	2026.06.04 16:05:01   [SRJ-EA] 2026.06.04 16:05:01 STATE IDLE->S1_REGIME dir=SHORT poi=Monthly-POC"
1842,JUNE0525-B162,1617DC1ACCE6B50ED2D1359582A70A8B8503C569623EE90C18C6B33542796207,Tester/logs/20261011.log,985526,2026-06-04,16:05,ANCHOR_ELECT,"FI	0	00:09:04.445	Core 04	2026.06.04 16:05:01   [SRJ-EA] ANCHOR_ELECT bar=2026.06.04 16:00 action=SEED poi=Monthly-POC rank=6 tier=3 dir=SHORT"
1843,JUNE0525-B162,1617DC1ACCE6B50ED2D1359582A70A8B8503C569623EE90C18C6B33542796207,Tester/logs/20261011.log,985536,2026-06-04,16:05,STATE,"FD	0	00:09:04.445	Core 04	2026.06.04 16:05:01   [SRJ-EA] 2026.06.04 16:05:01 STATE S1_REGIME->S2_LTF_ALIGN dir=SHORT poi=Monthly-POC"
1844,JUNE0525-B162,1617DC1ACCE6B50ED2D1359582A70A8B8503C569623EE90C18C6B33542796207,Tester/logs/20261011.log,985539,2026-06-04,16:05,STATE,"GI	0	00:09:04.445	Core 04	2026.06.04 16:05:01   [SRJ-EA] 2026.06.04 16:05:01 STATE S2_LTF_ALIGN->S3_ZONE_WAIT dir=SHORT poi=Monthly-POC"
1845,JUNE0525-B162,1617DC1ACCE6B50ED2D1359582A70A8B8503C569623EE90C18C6B33542796207,Tester/logs/20261011.log,985543,2026-06-04,16:05,XOBPROMO,"ML	0	00:09:04.445	Core 04	2026.06.04 16:05:01   [SRJ-EA] XOBPROMO bar=2026.06.04 16:00 site=S3PICK xobId=2945 raw=1780485300.0 promoT=2026.06.03 11:15"
1846,JUNE0525-B162,1617DC1ACCE6B50ED2D1359582A70A8B8503C569623EE90C18C6B33542796207,Tester/logs/20261011.log,985544,2026-06-04,16:05,ZONEPICK,"PN	0	00:09:04.445	Core 04	2026.06.04 16:05:01   [SRJ-EA] ZONEPICK bar=2026.06.04 16:00 dir=SHORT haveFvg=0 fvgInPlay=0 haveXob=1 xobInPlay=0 downgraded=0 fvg=--- xob=159.579-159.675"
1847,JUNE0525-B162,1617DC1ACCE6B50ED2D1359582A70A8B8503C569623EE90C18C6B33542796207,Tester/logs/20261011.log,985560,2026-06-04,16:05,INPLAYCOMMIT,"RJ	0	00:09:04.445	Core 04	2026.06.04 16:05:01   [SRJ-EA] INPLAYCOMMIT bar=2026.06.04 16:00 dir=SHORT zoneSrc=XOB zoneLo=159.579 zoneHi=159.675 promoT=2026.06.03 11:15 applied=1 bounded=1 scanned=10 swings=2 hits=0 firstShift=-1 firstVal=- commitVia=none legacy=0 legacyVia=none committed=0 changed=0 haveStop=1"
1848,JUNE0525-B162,1617DC1ACCE6B50ED2D1359582A70A8B8503C569623EE90C18C6B33542796207,Tester/logs/20261011.log,985567,2026-06-04,16:10,B152PR,"MH	0	00:09:04.445	Core 04	2026.06.04 16:10:00   [SRJ-IND] B152PR sym=USDJPY bar=2026.06.04 16:05 z1=65,B,156.672,156.773,2026.05.11 04:10,1,2026.05.12 08:55,157.714,156.726"
1849,JUNE0525-B162,1617DC1ACCE6B50ED2D1359582A70A8B8503C569623EE90C18C6B33542796207,Tester/logs/20261011.log,985568,2026-06-04,16:10,B152PR,"MN	0	00:09:04.445	Core 04	2026.06.04 16:10:00   [SRJ-IND] B152PR sym=USDJPY bar=2026.06.04 16:05 z1=78,B,156.578,156.584,2026.05.11 00:35,1,2026.05.11 00:40,156.644,156.537"
1850,JUNE0525-B162,1617DC1ACCE6B50ED2D1359582A70A8B8503C569623EE90C18C6B33542796207,Tester/logs/20261011.log,985569,2026-06-04,16:10,B152PR,"KG	0	00:09:04.445	Core 04	2026.06.04 16:10:00   [SRJ-IND] B152PR sym=USDJPY bar=2026.06.04 16:05 z1=212,B,157.028,157.060,2026.05.11 19:20,1,2026.05.12 00:00,157.152,157.050"
1851,JUNE0525-B162,1617DC1ACCE6B50ED2D1359582A70A8B8503C569623EE90C18C6B33542796207,Tester/logs/20261011.log,985570,2026-06-04,16:10,B152PR,"KI	0	00:09:04.445	Core 04	2026.06.04 16:10:00   [SRJ-IND] B152PR sym=USDJPY bar=2026.06.04 16:05 z1=256,B,157.172,157.178,2026.05.12 01:25,1,2026.05.12 08:55,157.714,156.726"
1852,JUNE0525-B162,1617DC1ACCE6B50ED2D1359582A70A8B8503C569623EE90C18C6B33542796207,Tester/logs/20261011.log,985571,2026-06-04,16:10,B152PR,"ES	0	00:09:04.445	Core 04	2026.06.04 16:10:00   [SRJ-IND] B152PR sym=USDJPY bar=2026.06.04 16:05 z1=261,B,157.184,157.192,2026.05.12 03:00,1,2026.05.12 08:55,157.714,156.726"
1853,JUNE0525-B162,1617DC1ACCE6B50ED2D1359582A70A8B8503C569623EE90C18C6B33542796207,Tester/logs/20261011.log,985572,2026-06-04,16:10,B152PR,"QE	0	00:09:04.445	Core 04	2026.06.04 16:10:00   [SRJ-IND] B152PR sym=USDJPY bar=2026.06.04 16:05 z1=313,B,157.331,157.497,2026.05.12 10:00,1,2026.05.12 10:10,157.546,157.487"
1854,JUNE0525-B162,1617DC1ACCE6B50ED2D1359582A70A8B8503C569623EE90C18C6B33542796207,Tester/logs/20261011.log,985573,2026-06-04,16:10,B152PR,"LN	0	00:09:04.445	Core 04	2026.06.04 16:10:00   [SRJ-IND] B152PR sym=USDJPY bar=2026.06.04 16:05 z1=414,B,157.517,157.589,2026.05.13 01:10,1,2026.05.13 01:20,157.607,157.587"
1855,JUNE0525-B162,1617DC1ACCE6B50ED2D1359582A70A8B8503C569623EE90C18C6B33542796207,Tester/logs/20261011.log,985574,2026-06-04,16:10,B152PR,"GP	0	00:09:04.445	Core 04	2026.06.04 16:10:00   [SRJ-IND] B152PR sym=USDJPY bar=2026.06.04 16:05 z1=447,B,157.562,157.648,2026.05.13 06:20,1,2026.05.13 06:25,157.662,157.648"
1856,JUNE0525-B162,1617DC1ACCE6B50ED2D1359582A70A8B8503C569623EE90C18C6B33542796207,Tester/logs/20261011.log,985575,2026-06-04,16:10,B152PR,"HJ	0	00:09:04.445	Core 04	2026.06.04 16:10:00   [SRJ-IND] B152PR sym=USDJPY bar=2026.06.04 16:05 z1=449,B,157.599,157.654,2026.05.13 05:15,1,2026.05.13 05:45,157.687,157.652"
1857,JUNE0525-B162,1617DC1ACCE6B50ED2D1359582A70A8B8503C569623EE90C18C6B33542796207,Tester/logs/20261011.log,985576,2026-06-04,16:10,B152PR,"QL	0	00:09:04.445	Core 04	2026.06.04 16:10:00   [SRJ-IND] B152PR sym=USDJPY bar=2026.06.04 16:05 z1=460,B,157.645,157.660,2026.05.13 07:05,1,2026.05.14 00:25,157.812,157.650"
1858,JUNE0525-B162,1617DC1ACCE6B50ED2D1359582A70A8B8503C569623EE90C18C6B33542796207,Tester/logs/20261011.log,985577,2026-06-04,16:10,B152PR,"IF	0	00:09:04.445	Core 04	2026.06.04 16:10:00   [SRJ-IND] B152PR sym=USDJPY bar=2026.06.04 16:05 z1=696,B,157.568,158.167,2026.05.14 18:05,1,2026.05.14 18:10,158.191,158.119"
1859,JUNE0525-B162,1617DC1ACCE6B50ED2D1359582A70A8B8503C569623EE90C18C6B33542796207,Tester/logs/20261011.log,985578,2026-06-04,16:10,B152PR,"QH	0	00:09:04.445	Core 04	2026.06.04 16:10:00   [SRJ-IND] B152PR sym=USDJPY bar=2026.06.04 16:05 z1=714,B,158.107,158.142,2026.05.14 19:30,1,2026.05.14 20:00,158.169,158.142"
1860,JUNE0525-B162,1617DC1ACCE6B50ED2D1359582A70A8B8503C569623EE90C18C6B33542796207,Tester/logs/20261011.log,985579,2026-06-04,16:10,B152PR,"PR	0	00:09:04.445	Core 04	2026.06.04 16:10:00   [SRJ-IND] B152PR sym=USDJPY bar=2026.06.04 16:05 z1=724,B,158.168,158.186,2026.05.14 21:00,1,2026.05.14 21:05,158.191,158.182"
1861,JUNE0525-B162,1617DC1ACCE6B50ED2D1359582A70A8B8503C569623EE90C18C6B33542796207,Tester/logs/20261011.log,985580,2026-06-04,16:10,B152PR,"NG	0	00:09:04.445	Core 04	2026.06.04 16:10:00   [SRJ-IND] B152PR sym=USDJPY bar=2026.06.04 16:05 z1=1405,B,158.735,158.769,2026.05.20 19:00,1,2026.05.20 19:05,158.816,158.753"
1862,JUNE0525-B162,1617DC1ACCE6B50ED2D1359582A70A8B8503C569623EE90C18C6B33542796207,Tester/logs/20261011.log,985581,2026-06-04,16:10,B152PR,"HM	0	00:09:04.445	Core 04	2026.06.04 16:10:00   [SRJ-IND] B152PR sym=USDJPY bar=2026.06.04 16:05 z1=1779,B,158.756,158.800,2026.05.25 06:45,1,2026.05.26 00:00,158.887,158.784"
1863,JUNE0525-B162,1617DC1ACCE6B50ED2D1359582A70A8B8503C569623EE90C18C6B33542796207,Tester/logs/20261011.log,985582,2026-06-04,16:10,B152PR,"ES	0	00:09:04.445	Core 04	2026.06.04 16:10:00   [SRJ-IND] B152PR sym=USDJPY bar=2026.06.04 16:05 z1=1780,B,158.789,158.814,2026.05.25 04:50,1,2026.05.26 00:00,158.887,158.784"
1864,JUNE0525-B162,1617DC1ACCE6B50ED2D1359582A70A8B8503C569623EE90C18C6B33542796207,Tester/logs/20261011.log,985583,2026-06-04,16:10,B152PR,"LI	0	00:09:04.445	Core 04	2026.06.04 16:10:00   [SRJ-IND] B152PR sym=USDJPY bar=2026.06.04 16:05 z1=1949,B,158.916,158.934,2026.05.26 07:25,1,2026.05.26 07:30,158.942,158.934"
1865,JUNE0525-B162,1617DC1ACCE6B50ED2D1359582A70A8B8503C569623EE90C18C6B33542796207,Tester/logs/20261011.log,985584,2026-06-04,16:10,B152PR,"EO	0	00:09:04.445	Core 04	2026.06.04 16:10:00   [SRJ-IND] B152PR sym=USDJPY bar=2026.06.04 16:05 z1=2509,B,159.134,159.195,2026.05.29 19:10,1,2026.05.29 19:35,159.215,159.186"
1866,JUNE0525-B162,1617DC1ACCE6B50ED2D1359582A70A8B8503C569623EE90C18C6B33542796207,Tester/logs/20261011.log,985585,2026-06-04,16:10,B152PR,"DE	0	00:09:04.445	Core 04	2026.06.04 16:10:00   [SRJ-IND] B152PR sym=USDJPY bar=2026.06.04 16:05 z1=2566,B,159.382,159.407,2026.06.01 03:15,1,2026.06.03 11:30,159.790,159.368"
1867,JUNE0525-B162,1617DC1ACCE6B50ED2D1359582A70A8B8503C569623EE90C18C6B33542796207,Tester/logs/20261011.log,985586,2026-06-04,16:10,B152PR,"NK	0	00:09:04.445	Core 04	2026.06.04 16:10:00   [SRJ-IND] B152PR sym=USDJPY bar=2026.06.04 16:05 z1=2648,B,159.435,159.481,2026.06.01 16:00,1,2026.06.03 11:30,159.790,159.368"
1868,JUNE0525-B162,1617DC1ACCE6B50ED2D1359582A70A8B8503C569623EE90C18C6B33542796207,Tester/logs/20261011.log,985587,2026-06-04,16:10,B152PR,"IQ	0	00:09:04.445	Core 04	2026.06.04 16:10:00   [SRJ-IND] B152PR sym=USDJPY bar=2026.06.04 16:05 z1=2716,B,159.576,159.603,2026.06.02 03:10,1,2026.06.03 10:35,159.787,159.550"
1869,JUNE0525-B162,1617DC1ACCE6B50ED2D1359582A70A8B8503C569623EE90C18C6B33542796207,Tester/logs/20261011.log,985588,2026-06-04,16:10,B152PR,"OG	0	00:09:04.445	Core 04	2026.06.04 16:10:00   [SRJ-IND] B152PR sym=USDJPY bar=2026.06.04 16:05 z1=2720,B,159.586,159.605,2026.06.02 01:05,1,2026.06.03 10:35,159.787,159.550"
1870,JUNE0525-B162,1617DC1ACCE6B50ED2D1359582A70A8B8503C569623EE90C18C6B33542796207,Tester/logs/20261011.log,985589,2026-06-04,16:10,B152PR,"KM	0	00:09:04.445	Core 04	2026.06.04 16:10:00   [SRJ-IND] B152PR sym=USDJPY bar=2026.06.04 16:05 z1=2945,B,159.579,159.675,2026.06.03 11:15,1,2026.06.03 11:25,159.727,159.674"
1871,JUNE0525-B162,1617DC1ACCE6B50ED2D1359582A70A8B8503C569623EE90C18C6B33542796207,Tester/logs/20261011.log,985590,2026-06-04,16:10,B152PR,"JR	0	00:09:04.445	Core 04	2026.06.04 16:10:00   [SRJ-IND] B152PR sym=USDJPY bar=2026.06.04 16:05 z1=3133,S,159.860,159.890,2026.06.04 14:20,1,2026.06.04 15:10,159.876,159.797"
1872,JUNE0525-B162,1617DC1ACCE6B50ED2D1359582A70A8B8503C569623EE90C18C6B33542796207,Tester/logs/20261011.log,985591,2026-06-04,16:10,B152PR,"JH	0	00:09:04.445	Core 04	2026.06.04 16:10:00   [SRJ-IND] B152PR sym=USDJPY bar=2026.06.04 16:05 z1=3135,S,159.867,159.883,2026.06.04 14:10,1,2026.06.04 15:10,159.876,159.797"
1873,JUNE0525-B162,1617DC1ACCE6B50ED2D1359582A70A8B8503C569623EE90C18C6B33542796207,Tester/logs/20261011.log,985592,2026-06-04,16:10,B152PR,"DM	0	00:09:04.445	Core 04	2026.06.04 16:10:00   [SRJ-IND] B152PR sym=USDJPY bar=2026.06.04 16:05 bull=1 bear=1 nz=25"
1874,JUNE0525-B162,1617DC1ACCE6B50ED2D1359582A70A8B8503C569623EE90C18C6B33542796207,Tester/logs/20261011.log,985593,2026-06-04,16:10,B162ORIGIN,"RQ	0	00:09:04.445	Core 04	2026.06.04 16:10:00   [SRJ-IND] B162ORIGIN sym=USDJPY bar=2026.06.04 16:05 side=B n=23 origin=2945 range=159.579-159.675 formT=2026.06.03 10:50 set=65,78,212,256,261,313,414,447,449,460,696,714,724,1405,1779,1780,1949,2509,2566,2648,2716,2720,2945"
1875,JUNE0525-B162,1617DC1ACCE6B50ED2D1359582A70A8B8503C569623EE90C18C6B33542796207,Tester/logs/20261011.log,985594,2026-06-04,16:10,B162ORIGIN,"HQ	0	00:09:04.445	Core 04	2026.06.04 16:10:00   [SRJ-IND] B162ORIGIN sym=USDJPY bar=2026.06.04 16:05 side=S n=2 origin=3135 range=159.867-159.883 formT=2026.06.04 13:40 set=3133,3135"
1876,JUNE0525-B162,1617DC1ACCE6B50ED2D1359582A70A8B8503C569623EE90C18C6B33542796207,Tester/logs/20261011.log,985601,2026-06-04,16:10,FRESHSKIP,"NI	0	00:09:04.445	Core 04	2026.06.04 16:10:00   [SRJ-EA] FRESHSKIP bar=2026.06.04 16:05 dir=SHORT state=S3_ZONE_WAIT poi=Monthly-POC reason=PRE_BINDING"
1877,JUNE0525-B162,1617DC1ACCE6B50ED2D1359582A70A8B8503C569623EE90C18C6B33542796207,Tester/logs/20261011.log,985757,2026-06-04,16:10,CONFIRMPOLL,"EQ	0	00:09:04.445	Core 04	2026.06.04 16:10:00   [SRJ-EA] CONFIRMPOLL bar=2026.06.04 16:05 anchor=Monthly-POC dir=SHORT oppCandle=1 bodyDir=0 body=2pts doji=0 touchAttr=1 confirm=0 shadow=true"
1878,JUNE0525-B162,1617DC1ACCE6B50ED2D1359582A70A8B8503C569623EE90C18C6B33542796207,Tester/logs/20261011.log,985761,2026-06-04,16:10,ABORT,"IS	0	00:09:04.445	Core 04	2026.06.04 16:10:00   [SRJ-EA] 2026.06.04 16:10:00 ABORT reason=LTF_MISALIGN state=S3_ZONE_WAIT poi=Monthly-POC dir=SHORT"
1879,JUNE0525-B162,1617DC1ACCE6B50ED2D1359582A70A8B8503C569623EE90C18C6B33542796207,Tester/logs/20261011.log,985762,2026-06-04,16:10,A6REFUSED,"OQ	0	00:09:04.445	Core 04	2026.06.04 16:10:00   [SRJ-EA] A6REFUSED class=ABSENT_DECLINED bar=2026.06.04 16:10 state=S3_ZONE_WAIT dir=SHORT predicate=LTF_MISALIGN"
1880,JUNE0525-B162,1617DC1ACCE6B50ED2D1359582A70A8B8503C569623EE90C18C6B33542796207,Tester/logs/20261011.log,985763,2026-06-04,16:10,STATE,"MD	0	00:09:04.445	Core 04	2026.06.04 16:10:00   [SRJ-EA] 2026.06.04 16:10:00 STATE S3_ZONE_WAIT->ABORT dir=SHORT poi=Monthly-POC"
1881,JUNE0525-B162,1617DC1ACCE6B50ED2D1359582A70A8B8503C569623EE90C18C6B33542796207,Tester/logs/20261011.log,985765,2026-06-04,16:10,B60POT,"LR	0	00:09:04.445	Core 04	2026.06.04 16:10:00   [SRJ-EA] B60POT bar=2026.06.04 16:05 dir=SHORT poi=Monthly-POC ltf=1.0 - fresh retest kept as potential despite 5m read ([B-61 C1])"
1882,JUNE0525-B162,1617DC1ACCE6B50ED2D1359582A70A8B8503C569623EE90C18C6B33542796207,Tester/logs/20261011.log,985766,2026-06-04,16:10,STATE,"FM	0	00:09:04.445	Core 04	2026.06.04 16:10:00   [SRJ-EA] 2026.06.04 16:10:00 STATE ABORT->S1_REGIME dir=SHORT poi=Monthly-POC"
1883,JUNE0525-B162,1617DC1ACCE6B50ED2D1359582A70A8B8503C569623EE90C18C6B33542796207,Tester/logs/20261011.log,985772,2026-06-04,16:15,B152PR,"RN	0	00:09:04.445	Core 04	2026.06.04 16:15:02   [SRJ-IND] B152PR sym=USDJPY bar=2026.06.04 16:10 z1=65,B,156.672,156.773,2026.05.11 04:10,1,2026.05.12 08:55,157.714,156.726"
1884,JUNE0525-B162,1617DC1ACCE6B50ED2D1359582A70A8B8503C569623EE90C18C6B33542796207,Tester/logs/20261011.log,985773,2026-06-04,16:15,B152PR,"JD	0	00:09:04.445	Core 04	2026.06.04 16:15:02   [SRJ-IND] B152PR sym=USDJPY bar=2026.06.04 16:10 z1=78,B,156.578,156.584,2026.05.11 00:35,1,2026.05.11 00:40,156.644,156.537"
1885,JUNE0525-B162,1617DC1ACCE6B50ED2D1359582A70A8B8503C569623EE90C18C6B33542796207,Tester/logs/20261011.log,985774,2026-06-04,16:15,B152PR,"PI	0	00:09:04.445	Core 04	2026.06.04 16:15:02   [SRJ-IND] B152PR sym=USDJPY bar=2026.06.04 16:10 z1=212,B,157.028,157.060,2026.05.11 19:20,1,2026.05.12 00:00,157.152,157.050"
1886,JUNE0525-B162,1617DC1ACCE6B50ED2D1359582A70A8B8503C569623EE90C18C6B33542796207,Tester/logs/20261011.log,985775,2026-06-04,16:15,B152PR,"DR	0	00:09:04.445	Core 04	2026.06.04 16:15:02   [SRJ-IND] B152PR sym=USDJPY bar=2026.06.04 16:10 z1=256,B,157.172,157.178,2026.05.12 01:25,1,2026.05.12 08:55,157.714,156.726"
1887,JUNE0525-B162,1617DC1ACCE6B50ED2D1359582A70A8B8503C569623EE90C18C6B33542796207,Tester/logs/20261011.log,985776,2026-06-04,16:15,B152PR,"RD	0	00:09:04.445	Core 04	2026.06.04 16:15:02   [SRJ-IND] B152PR sym=USDJPY bar=2026.06.04 16:10 z1=261,B,157.184,157.192,2026.05.12 03:00,1,2026.05.12 08:55,157.714,156.726"
1888,JUNE0525-B162,1617DC1ACCE6B50ED2D1359582A70A8B8503C569623EE90C18C6B33542796207,Tester/logs/20261011.log,985777,2026-06-04,16:15,B152PR,"JN	0	00:09:04.445	Core 04	2026.06.04 16:15:02   [SRJ-IND] B152PR sym=USDJPY bar=2026.06.04 16:10 z1=313,B,157.331,157.497,2026.05.12 10:00,1,2026.05.12 10:10,157.546,157.487"
1889,JUNE0525-B162,1617DC1ACCE6B50ED2D1359582A70A8B8503C569623EE90C18C6B33542796207,Tester/logs/20261011.log,985778,2026-06-04,16:15,B152PR,"OP	0	00:09:04.445	Core 04	2026.06.04 16:15:02   [SRJ-IND] B152PR sym=USDJPY bar=2026.06.04 16:10 z1=414,B,157.517,157.589,2026.05.13 01:10,1,2026.05.13 01:20,157.607,157.587"
1890,JUNE0525-B162,1617DC1ACCE6B50ED2D1359582A70A8B8503C569623EE90C18C6B33542796207,Tester/logs/20261011.log,985779,2026-06-04,16:15,B152PR,"PJ	0	00:09:04.445	Core 04	2026.06.04 16:15:02   [SRJ-IND] B152PR sym=USDJPY bar=2026.06.04 16:10 z1=447,B,157.562,157.648,2026.05.13 06:20,1,2026.05.13 06:25,157.662,157.648"
1891,JUNE0525-B162,1617DC1ACCE6B50ED2D1359582A70A8B8503C569623EE90C18C6B33542796207,Tester/logs/20261011.log,985780,2026-06-04,16:15,B152PR,"KL	0	00:09:04.445	Core 04	2026.06.04 16:15:02   [SRJ-IND] B152PR sym=USDJPY bar=2026.06.04 16:10 z1=449,B,157.599,157.654,2026.05.13 05:15,1,2026.05.13 05:45,157.687,157.652"
1892,JUNE0525-B162,1617DC1ACCE6B50ED2D1359582A70A8B8503C569623EE90C18C6B33542796207,Tester/logs/20261011.log,985781,2026-06-04,16:15,B152PR,"JF	0	00:09:04.445	Core 04	2026.06.04 16:15:02   [SRJ-IND] B152PR sym=USDJPY bar=2026.06.04 16:10 z1=460,B,157.645,157.660,2026.05.13 07:05,1,2026.05.14 00:25,157.812,157.650"
1893,JUNE0525-B162,1617DC1ACCE6B50ED2D1359582A70A8B8503C569623EE90C18C6B33542796207,Tester/logs/20261011.log,985782,2026-06-04,16:15,B152PR,"FH	0	00:09:04.445	Core 04	2026.06.04 16:15:02   [SRJ-IND] B152PR sym=USDJPY bar=2026.06.04 16:10 z1=696,B,157.568,158.167,2026.05.14 18:05,1,2026.05.14 18:10,158.191,158.119"
1894,JUNE0525-B162,1617DC1ACCE6B50ED2D1359582A70A8B8503C569623EE90C18C6B33542796207,Tester/logs/20261011.log,985783,2026-06-04,16:15,B152PR,"JM	0	00:09:04.445	Core 04	2026.06.04 16:15:02   [SRJ-IND] B152PR sym=USDJPY bar=2026.06.04 16:10 z1=714,B,158.107,158.142,2026.05.14 19:30,1,2026.05.14 20:00,158.169,158.142"
1895,JUNE0525-B162,1617DC1ACCE6B50ED2D1359582A70A8B8503C569623EE90C18C6B33542796207,Tester/logs/20261011.log,985784,2026-06-04,16:15,B152PR,"CG	0	00:09:04.445	Core 04	2026.06.04 16:15:02   [SRJ-IND] B152PR sym=USDJPY bar=2026.06.04 16:10 z1=724,B,158.168,158.186,2026.05.14 21:00,1,2026.05.14 21:05,158.191,158.182"
1896,JUNE0525-B162,1617DC1ACCE6B50ED2D1359582A70A8B8503C569623EE90C18C6B33542796207,Tester/logs/20261011.log,985785,2026-06-04,16:15,B152PR,"EJ	0	00:09:04.445	Core 04	2026.06.04 16:15:02   [SRJ-IND] B152PR sym=USDJPY bar=2026.06.04 16:10 z1=1405,B,158.735,158.769,2026.05.20 19:00,1,2026.05.20 19:05,158.816,158.753"
1897,JUNE0525-B162,1617DC1ACCE6B50ED2D1359582A70A8B8503C569623EE90C18C6B33542796207,Tester/logs/20261011.log,985786,2026-06-04,16:15,B152PR,"OP	0	00:09:04.445	Core 04	2026.06.04 16:15:02   [SRJ-IND] B152PR sym=USDJPY bar=2026.06.04 16:10 z1=1779,B,158.756,158.800,2026.05.25 06:45,1,2026.05.26 00:00,158.887,158.784"
1898,JUNE0525-B162,1617DC1ACCE6B50ED2D1359582A70A8B8503C569623EE90C18C6B33542796207,Tester/logs/20261011.log,985787,2026-06-04,16:15,B152PR,"NF	0	00:09:04.445	Core 04	2026.06.04 16:15:02   [SRJ-IND] B152PR sym=USDJPY bar=2026.06.04 16:10 z1=1780,B,158.789,158.814,2026.05.25 04:50,1,2026.05.26 00:00,158.887,158.784"
1899,JUNE0525-B162,1617DC1ACCE6B50ED2D1359582A70A8B8503C569623EE90C18C6B33542796207,Tester/logs/20261011.log,985788,2026-06-04,16:15,B152PR,"CL	0	00:09:04.445	Core 04	2026.06.04 16:15:02   [SRJ-IND] B152PR sym=USDJPY bar=2026.06.04 16:10 z1=1949,B,158.916,158.934,2026.05.26 07:25,1,2026.05.26 07:30,158.942,158.934"
1900,JUNE0525-B162,1617DC1ACCE6B50ED2D1359582A70A8B8503C569623EE90C18C6B33542796207,Tester/logs/20261011.log,985789,2026-06-04,16:15,B152PR,"NR	0	00:09:04.445	Core 04	2026.06.04 16:15:02   [SRJ-IND] B152PR sym=USDJPY bar=2026.06.04 16:10 z1=2509,B,159.134,159.195,2026.05.29 19:10,1,2026.05.29 19:35,159.215,159.186"
1901,JUNE0525-B162,1617DC1ACCE6B50ED2D1359582A70A8B8503C569623EE90C18C6B33542796207,Tester/logs/20261011.log,985790,2026-06-04,16:15,B152PR,"KH	0	00:09:04.445	Core 04	2026.06.04 16:15:02   [SRJ-IND] B152PR sym=USDJPY bar=2026.06.04 16:10 z1=2566,B,159.382,159.407,2026.06.01 03:15,1,2026.06.03 11:30,159.790,159.368"
1902,JUNE0525-B162,1617DC1ACCE6B50ED2D1359582A70A8B8503C569623EE90C18C6B33542796207,Tester/logs/20261011.log,985791,2026-06-04,16:15,B152PR,"EN	0	00:09:04.445	Core 04	2026.06.04 16:15:02   [SRJ-IND] B152PR sym=USDJPY bar=2026.06.04 16:10 z1=2648,B,159.435,159.481,2026.06.01 16:00,1,2026.06.03 11:30,159.790,159.368"
1903,JUNE0525-B162,1617DC1ACCE6B50ED2D1359582A70A8B8503C569623EE90C18C6B33542796207,Tester/logs/20261011.log,985792,2026-06-04,16:15,B152PR,"RD	0	00:09:04.445	Core 04	2026.06.04 16:15:02   [SRJ-IND] B152PR sym=USDJPY bar=2026.06.04 16:10 z1=2716,B,159.576,159.603,2026.06.02 03:10,1,2026.06.03 10:35,159.787,159.550"
1904,JUNE0525-B162,1617DC1ACCE6B50ED2D1359582A70A8B8503C569623EE90C18C6B33542796207,Tester/logs/20261011.log,985793,2026-06-04,16:15,B152PR,"HJ	0	00:09:04.445	Core 04	2026.06.04 16:15:02   [SRJ-IND] B152PR sym=USDJPY bar=2026.06.04 16:10 z1=2720,B,159.586,159.605,2026.06.02 01:05,1,2026.06.03 10:35,159.787,159.550"
1905,JUNE0525-B162,1617DC1ACCE6B50ED2D1359582A70A8B8503C569623EE90C18C6B33542796207,Tester/logs/20261011.log,985794,2026-06-04,16:15,B152PR,"DP	0	00:09:04.445	Core 04	2026.06.04 16:15:02   [SRJ-IND] B152PR sym=USDJPY bar=2026.06.04 16:10 z1=2945,B,159.579,159.675,2026.06.03 11:15,1,2026.06.03 11:25,159.727,159.674"
1906,JUNE0525-B162,1617DC1ACCE6B50ED2D1359582A70A8B8503C569623EE90C18C6B33542796207,Tester/logs/20261011.log,985795,2026-06-04,16:15,B152PR,"RD	0	00:09:04.445	Core 04	2026.06.04 16:15:02   [SRJ-IND] B152PR sym=USDJPY bar=2026.06.04 16:10 bull=1 bear=0 nz=23"
1907,JUNE0525-B162,1617DC1ACCE6B50ED2D1359582A70A8B8503C569623EE90C18C6B33542796207,Tester/logs/20261011.log,985796,2026-06-04,16:15,B162ORIGIN,"IK	0	00:09:04.445	Core 04	2026.06.04 16:15:02   [SRJ-IND] B162ORIGIN sym=USDJPY bar=2026.06.04 16:10 side=B n=23 origin=2945 range=159.579-159.675 formT=2026.06.03 10:50 set=65,78,212,256,261,313,414,447,449,460,696,714,724,1405,1779,1780,1949,2509,2566,2648,2716,2720,2945"
1908,JUNE0525-B162,1617DC1ACCE6B50ED2D1359582A70A8B8503C569623EE90C18C6B33542796207,Tester/logs/20261011.log,985797,2026-06-04,16:15,B162ORIGIN,"OE	0	00:09:04.445	Core 04	2026.06.04 16:15:02   [SRJ-IND] B162ORIGIN sym=USDJPY bar=2026.06.04 16:10 side=S n=0 origin=NONE range=- formT=- set=-"
1909,JUNE0525-B162,1617DC1ACCE6B50ED2D1359582A70A8B8503C569623EE90C18C6B33542796207,Tester/logs/20261011.log,985806,2026-06-04,16:15,CONFIRMPOLL,"HK	0	00:09:04.445	Core 04	2026.06.04 16:15:02   [SRJ-EA] CONFIRMPOLL bar=2026.06.04 16:10 anchor=Monthly-POC dir=SHORT oppCandle=1 bodyDir=0 body=13pts doji=0 touchAttr=1 confirm=0 shadow=true"
1910,JUNE0525-B162,1617DC1ACCE6B50ED2D1359582A70A8B8503C569623EE90C18C6B33542796207,Tester/logs/20261011.log,985808,2026-06-04,16:15,STATE,"NO	0	00:09:04.445	Core 04	2026.06.04 16:15:02   [SRJ-EA] 2026.06.04 16:15:02 STATE S1_REGIME->S2_LTF_ALIGN dir=SHORT poi=Monthly-POC"
1911,JUNE0525-B162,1617DC1ACCE6B50ED2D1359582A70A8B8503C569623EE90C18C6B33542796207,Tester/logs/20261011.log,985811,2026-06-04,16:15,STATE,"OS	0	00:09:04.445	Core 04	2026.06.04 16:15:02   [SRJ-EA] 2026.06.04 16:15:02 STATE S2_LTF_ALIGN->S3_ZONE_WAIT dir=SHORT poi=Monthly-POC"
1912,JUNE0525-B162,1617DC1ACCE6B50ED2D1359582A70A8B8503C569623EE90C18C6B33542796207,Tester/logs/20261011.log,985814,2026-06-04,16:15,XOBPROMO,"GP	0	00:09:04.445	Core 04	2026.06.04 16:15:02   [SRJ-EA] XOBPROMO bar=2026.06.04 16:10 site=S3PICK xobId=3150 raw=1780589100.0 promoT=2026.06.04 16:05"
1913,JUNE0525-B162,1617DC1ACCE6B50ED2D1359582A70A8B8503C569623EE90C18C6B33542796207,Tester/logs/20261011.log,985815,2026-06-04,16:15,ZONEPICK,"NJ	0	00:09:04.445	Core 04	2026.06.04 16:15:02   [SRJ-EA] ZONEPICK bar=2026.06.04 16:10 dir=SHORT haveFvg=0 fvgInPlay=0 haveXob=1 xobInPlay=0 downgraded=0 fvg=--- xob=159.820-159.853"
1914,JUNE0525-B162,1617DC1ACCE6B50ED2D1359582A70A8B8503C569623EE90C18C6B33542796207,Tester/logs/20261011.log,985831,2026-06-04,16:15,INPLAYCOMMIT,"NQ	0	00:09:04.445	Core 04	2026.06.04 16:15:02   [SRJ-EA] INPLAYCOMMIT bar=2026.06.04 16:10 dir=SHORT zoneSrc=XOB zoneLo=159.820 zoneHi=159.853 promoT=2026.06.04 16:05 applied=1 bounded=1 scanned=28 swings=4 hits=0 firstShift=-1 firstVal=- commitVia=none legacy=0 legacyVia=none committed=0 changed=0 haveStop=1"
1915,JUNE0525-B162,1617DC1ACCE6B50ED2D1359582A70A8B8503C569623EE90C18C6B33542796207,Tester/logs/20261011.log,985836,2026-06-04,16:20,B152PR,"QJ	0	00:09:04.445	Core 04	2026.06.04 16:20:00   [SRJ-IND] B152PR sym=USDJPY bar=2026.06.04 16:15 z1=65,B,156.672,156.773,2026.05.11 04:10,1,2026.05.12 08:55,157.714,156.726"
1916,JUNE0525-B162,1617DC1ACCE6B50ED2D1359582A70A8B8503C569623EE90C18C6B33542796207,Tester/logs/20261011.log,985837,2026-06-04,16:20,B152PR,"IP	0	00:09:04.445	Core 04	2026.06.04 16:20:00   [SRJ-IND] B152PR sym=USDJPY bar=2026.06.04 16:15 z1=78,B,156.578,156.584,2026.05.11 00:35,1,2026.05.11 00:40,156.644,156.537"
1917,JUNE0525-B162,1617DC1ACCE6B50ED2D1359582A70A8B8503C569623EE90C18C6B33542796207,Tester/logs/20261011.log,985838,2026-06-04,16:20,B152PR,"OE	0	00:09:04.445	Core 04	2026.06.04 16:20:00   [SRJ-IND] B152PR sym=USDJPY bar=2026.06.04 16:15 z1=212,B,157.028,157.060,2026.05.11 19:20,1,2026.05.12 00:00,157.152,157.050"
1918,JUNE0525-B162,1617DC1ACCE6B50ED2D1359582A70A8B8503C569623EE90C18C6B33542796207,Tester/logs/20261011.log,985839,2026-06-04,16:20,B152PR,"CN	0	00:09:04.445	Core 04	2026.06.04 16:20:00   [SRJ-IND] B152PR sym=USDJPY bar=2026.06.04 16:15 z1=256,B,157.172,157.178,2026.05.12 01:25,1,2026.05.12 08:55,157.714,156.726"
1919,JUNE0525-B162,1617DC1ACCE6B50ED2D1359582A70A8B8503C569623EE90C18C6B33542796207,Tester/logs/20261011.log,985840,2026-06-04,16:20,B152PR,"QP	0	00:09:04.445	Core 04	2026.06.04 16:20:00   [SRJ-IND] B152PR sym=USDJPY bar=2026.06.04 16:15 z1=261,B,157.184,157.192,2026.05.12 03:00,1,2026.05.12 08:55,157.714,156.726"
1920,JUNE0525-B162,1617DC1ACCE6B50ED2D1359582A70A8B8503C569623EE90C18C6B33542796207,Tester/logs/20261011.log,985841,2026-06-04,16:20,B152PR,"IJ	0	00:09:04.445	Core 04	2026.06.04 16:20:00   [SRJ-IND] B152PR sym=USDJPY bar=2026.06.04 16:15 z1=313,B,157.331,157.497,2026.05.12 10:00,1,2026.05.12 10:10,157.546,157.487"
1921,JUNE0525-B162,1617DC1ACCE6B50ED2D1359582A70A8B8503C569623EE90C18C6B33542796207,Tester/logs/20261011.log,985842,2026-06-04,16:20,B152PR,"PL	0	00:09:04.445	Core 04	2026.06.04 16:20:00   [SRJ-IND] B152PR sym=USDJPY bar=2026.06.04 16:15 z1=414,B,157.517,157.589,2026.05.13 01:10,1,2026.05.13 01:20,157.607,157.587"
1922,JUNE0525-B162,1617DC1ACCE6B50ED2D1359582A70A8B8503C569623EE90C18C6B33542796207,Tester/logs/20261011.log,985843,2026-06-04,16:20,B152PR,"OF	0	00:09:04.445	Core 04	2026.06.04 16:20:00   [SRJ-IND] B152PR sym=USDJPY bar=2026.06.04 16:15 z1=447,B,157.562,157.648,2026.05.13 06:20,1,2026.05.13 06:25,157.662,157.648"
1923,JUNE0525-B162,1617DC1ACCE6B50ED2D1359582A70A8B8503C569623EE90C18C6B33542796207,Tester/logs/20261011.log,985844,2026-06-04,16:20,B152PR,"LH	0	00:09:04.445	Core 04	2026.06.04 16:20:00   [SRJ-IND] B152PR sym=USDJPY bar=2026.06.04 16:15 z1=449,B,157.599,157.654,2026.05.13 05:15,1,2026.05.13 05:45,157.687,157.652"
1924,JUNE0525-B162,1617DC1ACCE6B50ED2D1359582A70A8B8503C569623EE90C18C6B33542796207,Tester/logs/20261011.log,985845,2026-06-04,16:20,B152PR,"IR	0	00:09:04.445	Core 04	2026.06.04 16:20:00   [SRJ-IND] B152PR sym=USDJPY bar=2026.06.04 16:15 z1=460,B,157.645,157.660,2026.05.13 07:05,1,2026.05.14 00:25,157.812,157.650"
1925,JUNE0525-B162,1617DC1ACCE6B50ED2D1359582A70A8B8503C569623EE90C18C6B33542796207,Tester/logs/20261011.log,985846,2026-06-04,16:20,B152PR,"ED	0	00:09:04.445	Core 04	2026.06.04 16:20:00   [SRJ-IND] B152PR sym=USDJPY bar=2026.06.04 16:15 z1=696,B,157.568,158.167,2026.05.14 18:05,1,2026.05.14 18:10,158.191,158.119"
1926,JUNE0525-B162,1617DC1ACCE6B50ED2D1359582A70A8B8503C569623EE90C18C6B33542796207,Tester/logs/20261011.log,985847,2026-06-04,16:20,B152PR,"II	0	00:09:04.445	Core 04	2026.06.04 16:20:00   [SRJ-IND] B152PR sym=USDJPY bar=2026.06.04 16:15 z1=714,B,158.107,158.142,2026.05.14 19:30,1,2026.05.14 20:00,158.169,158.142"
1927,JUNE0525-B162,1617DC1ACCE6B50ED2D1359582A70A8B8503C569623EE90C18C6B33542796207,Tester/logs/20261011.log,985848,2026-06-04,16:20,B152PR,"DS	0	00:09:04.445	Core 04	2026.06.04 16:20:00   [SRJ-IND] B152PR sym=USDJPY bar=2026.06.04 16:15 z1=724,B,158.168,158.186,2026.05.14 21:00,1,2026.05.14 21:05,158.191,158.182"
1928,JUNE0525-B162,1617DC1ACCE6B50ED2D1359582A70A8B8503C569623EE90C18C6B33542796207,Tester/logs/20261011.log,985849,2026-06-04,16:20,B152PR,"FF	0	00:09:04.445	Core 04	2026.06.04 16:20:00   [SRJ-IND] B152PR sym=USDJPY bar=2026.06.04 16:15 z1=1405,B,158.735,158.769,2026.05.20 19:00,1,2026.05.20 19:05,158.816,158.753"
1929,JUNE0525-B162,1617DC1ACCE6B50ED2D1359582A70A8B8503C569623EE90C18C6B33542796207,Tester/logs/20261011.log,985850,2026-06-04,16:20,B152PR,"PL	0	00:09:04.445	Core 04	2026.06.04 16:20:00   [SRJ-IND] B152PR sym=USDJPY bar=2026.06.04 16:15 z1=1779,B,158.756,158.800,2026.05.25 06:45,1,2026.05.26 00:00,158.887,158.784"
1930,JUNE0525-B162,1617DC1ACCE6B50ED2D1359582A70A8B8503C569623EE90C18C6B33542796207,Tester/logs/20261011.log,985851,2026-06-04,16:20,B152PR,"MR	0	00:09:04.445	Core 04	2026.06.04 16:20:00   [SRJ-IND] B152PR sym=USDJPY bar=2026.06.04 16:15 z1=1780,B,158.789,158.814,2026.05.25 04:50,1,2026.05.26 00:00,158.887,158.784"
1931,JUNE0525-B162,1617DC1ACCE6B50ED2D1359582A70A8B8503C569623EE90C18C6B33542796207,Tester/logs/20261011.log,985852,2026-06-04,16:20,B152PR,"DH	0	00:09:04.445	Core 04	2026.06.04 16:20:00   [SRJ-IND] B152PR sym=USDJPY bar=2026.06.04 16:15 z1=1949,B,158.916,158.934,2026.05.26 07:25,1,2026.05.26 07:30,158.942,158.934"
1932,JUNE0525-B162,1617DC1ACCE6B50ED2D1359582A70A8B8503C569623EE90C18C6B33542796207,Tester/logs/20261011.log,985853,2026-06-04,16:20,B152PR,"MN	0	00:09:04.445	Core 04	2026.06.04 16:20:00   [SRJ-IND] B152PR sym=USDJPY bar=2026.06.04 16:15 z1=2509,B,159.134,159.195,2026.05.29 19:10,1,2026.05.29 19:35,159.215,159.186"
1933,JUNE0525-B162,1617DC1ACCE6B50ED2D1359582A70A8B8503C569623EE90C18C6B33542796207,Tester/logs/20261011.log,985854,2026-06-04,16:20,B152PR,"LD	0	00:09:04.445	Core 04	2026.06.04 16:20:00   [SRJ-IND] B152PR sym=USDJPY bar=2026.06.04 16:15 z1=2566,B,159.382,159.407,2026.06.01 03:15,1,2026.06.03 11:30,159.790,159.368"
1934,JUNE0525-B162,1617DC1ACCE6B50ED2D1359582A70A8B8503C569623EE90C18C6B33542796207,Tester/logs/20261011.log,985855,2026-06-04,16:20,B152PR,"FJ	0	00:09:04.445	Core 04	2026.06.04 16:20:00   [SRJ-IND] B152PR sym=USDJPY bar=2026.06.04 16:15 z1=2648,B,159.435,159.481,2026.06.01 16:00,1,2026.06.03 11:30,159.790,159.368"
1935,JUNE0525-B162,1617DC1ACCE6B50ED2D1359582A70A8B8503C569623EE90C18C6B33542796207,Tester/logs/20261011.log,985856,2026-06-04,16:20,B152PR,"QP	0	00:09:04.445	Core 04	2026.06.04 16:20:00   [SRJ-IND] B152PR sym=USDJPY bar=2026.06.04 16:15 z1=2716,B,159.576,159.603,2026.06.02 03:10,1,2026.06.03 10:35,159.787,159.550"
1936,JUNE0525-B162,1617DC1ACCE6B50ED2D1359582A70A8B8503C569623EE90C18C6B33542796207,Tester/logs/20261011.log,985857,2026-06-04,16:20,B152PR,"GF	0	00:09:04.445	Core 04	2026.06.04 16:20:00   [SRJ-IND] B152PR sym=USDJPY bar=2026.06.04 16:15 z1=2720,B,159.586,159.605,2026.06.02 01:05,1,2026.06.03 10:35,159.787,159.550"
1937,JUNE0525-B162,1617DC1ACCE6B50ED2D1359582A70A8B8503C569623EE90C18C6B33542796207,Tester/logs/20261011.log,985858,2026-06-04,16:20,B152PR,"CL	0	00:09:04.445	Core 04	2026.06.04 16:20:00   [SRJ-IND] B152PR sym=USDJPY bar=2026.06.04 16:15 z1=2945,B,159.579,159.675,2026.06.03 11:15,1,2026.06.03 11:25,159.727,159.674"
1938,JUNE0525-B162,1617DC1ACCE6B50ED2D1359582A70A8B8503C569623EE90C18C6B33542796207,Tester/logs/20261011.log,985859,2026-06-04,16:20,B152PR,"HR	0	00:09:04.445	Core 04	2026.06.04 16:20:00   [SRJ-IND] B152PR sym=USDJPY bar=2026.06.04 16:15 z1=3150,B,159.820,159.853,2026.06.04 16:05,1,2026.06.04 16:15,159.889,159.852"
1939,JUNE0525-B162,1617DC1ACCE6B50ED2D1359582A70A8B8503C569623EE90C18C6B33542796207,Tester/logs/20261011.log,985860,2026-06-04,16:20,B152PR,"LJ	0	00:09:04.445	Core 04	2026.06.04 16:20:00   [SRJ-IND] B152PR sym=USDJPY bar=2026.06.04 16:15 bull=1 bear=0 nz=24"
1940,JUNE0525-B162,1617DC1ACCE6B50ED2D1359582A70A8B8503C569623EE90C18C6B33542796207,Tester/logs/20261011.log,985861,2026-06-04,16:20,B162ORIGIN,"RG	0	00:09:04.445	Core 04	2026.06.04 16:20:00   [SRJ-IND] B162ORIGIN sym=USDJPY bar=2026.06.04 16:15 side=B n=24 origin=3150 range=159.820-159.853 formT=2026.06.04 15:50 set=65,78,212,256,261,313,414,447,449,460,696,714,724,1405,1779,1780,1949,2509,2566,2648,2716,2720,2945,3150"
1941,JUNE0525-B162,1617DC1ACCE6B50ED2D1359582A70A8B8503C569623EE90C18C6B33542796207,Tester/logs/20261011.log,985862,2026-06-04,16:20,B162ORIGIN,"JF	0	00:09:04.445	Core 04	2026.06.04 16:20:00   [SRJ-IND] B162ORIGIN sym=USDJPY bar=2026.06.04 16:15 side=S n=0 origin=NONE range=- formT=- set=-"
1942,JUNE0525-B162,1617DC1ACCE6B50ED2D1359582A70A8B8503C569623EE90C18C6B33542796207,Tester/logs/20261011.log,985868,2026-06-04,16:20,FRESHSKIP,"RG	0	00:09:04.445	Core 04	2026.06.04 16:20:00   [SRJ-EA] FRESHSKIP bar=2026.06.04 16:15 dir=SHORT state=S3_ZONE_WAIT poi=Monthly-POC reason=PRE_BINDING"
1943,JUNE0525-B162,1617DC1ACCE6B50ED2D1359582A70A8B8503C569623EE90C18C6B33542796207,Tester/logs/20261011.log,986020,2026-06-04,16:20,CONFIRMPOLL,"LI	0	00:09:04.445	Core 04	2026.06.04 16:20:00   [SRJ-EA] CONFIRMPOLL bar=2026.06.04 16:15 anchor=Monthly-POC dir=SHORT oppCandle=1 bodyDir=1 body=27pts doji=0 touchAttr=1 confirm=1 shadow=true"
1944,JUNE0525-B162,1617DC1ACCE6B50ED2D1359582A70A8B8503C569623EE90C18C6B33542796207,Tester/logs/20261011.log,986023,2026-06-04,16:20,ABORT,"CQ	0	00:09:04.445	Core 04	2026.06.04 16:20:00   [SRJ-EA] 2026.06.04 16:20:00 ABORT reason=LTF_MISALIGN state=S3_ZONE_WAIT poi=Monthly-POC dir=SHORT"
1945,JUNE0525-B162,1617DC1ACCE6B50ED2D1359582A70A8B8503C569623EE90C18C6B33542796207,Tester/logs/20261011.log,986024,2026-06-04,16:20,A6REFUSED,"QG	0	00:09:04.445	Core 04	2026.06.04 16:20:00   [SRJ-EA] A6REFUSED class=ABSENT_DECLINED bar=2026.06.04 16:20 state=S3_ZONE_WAIT dir=SHORT predicate=LTF_MISALIGN"
1946,JUNE0525-B162,1617DC1ACCE6B50ED2D1359582A70A8B8503C569623EE90C18C6B33542796207,Tester/logs/20261011.log,986025,2026-06-04,16:20,STATE,"OJ	0	00:09:04.445	Core 04	2026.06.04 16:20:00   [SRJ-EA] 2026.06.04 16:20:00 STATE S3_ZONE_WAIT->ABORT dir=SHORT poi=Monthly-POC"
1947,JUNE0525-B162,1617DC1ACCE6B50ED2D1359582A70A8B8503C569623EE90C18C6B33542796207,Tester/logs/20261011.log,986027,2026-06-04,16:25,B152PR,"NP	0	00:09:04.445	Core 04	2026.06.04 16:25:00   [SRJ-IND] B152PR sym=USDJPY bar=2026.06.04 16:20 z1=65,B,156.672,156.773,2026.05.11 04:10,1,2026.05.12 08:55,157.714,156.726"
1948,JUNE0525-B162,1617DC1ACCE6B50ED2D1359582A70A8B8503C569623EE90C18C6B33542796207,Tester/logs/20261011.log,986028,2026-06-04,16:25,B152PR,"NF	0	00:09:04.445	Core 04	2026.06.04 16:25:00   [SRJ-IND] B152PR sym=USDJPY bar=2026.06.04 16:20 z1=78,B,156.578,156.584,2026.05.11 00:35,1,2026.05.11 00:40,156.644,156.537"
1949,JUNE0525-B162,1617DC1ACCE6B50ED2D1359582A70A8B8503C569623EE90C18C6B33542796207,Tester/logs/20261011.log,986029,2026-06-04,16:25,B152PR,"LO	0	00:09:04.445	Core 04	2026.06.04 16:25:00   [SRJ-IND] B152PR sym=USDJPY bar=2026.06.04 16:20 z1=212,B,157.028,157.060,2026.05.11 19:20,1,2026.05.12 00:00,157.152,157.050"
1950,JUNE0525-B162,1617DC1ACCE6B50ED2D1359582A70A8B8503C569623EE90C18C6B33542796207,Tester/logs/20261011.log,986030,2026-06-04,16:25,B152PR,"LQ	0	00:09:04.445	Core 04	2026.06.04 16:25:00   [SRJ-IND] B152PR sym=USDJPY bar=2026.06.04 16:20 z1=256,B,157.172,157.178,2026.05.12 01:25,1,2026.05.12 08:55,157.714,156.726"
1951,JUNE0525-B162,1617DC1ACCE6B50ED2D1359582A70A8B8503C569623EE90C18C6B33542796207,Tester/logs/20261011.log,986031,2026-06-04,16:25,B152PR,"FK	0	00:09:04.445	Core 04	2026.06.04 16:25:00   [SRJ-IND] B152PR sym=USDJPY bar=2026.06.04 16:20 z1=261,B,157.184,157.192,2026.05.12 03:00,1,2026.05.12 08:55,157.714,156.726"
1952,JUNE0525-B162,1617DC1ACCE6B50ED2D1359582A70A8B8503C569623EE90C18C6B33542796207,Tester/logs/20261011.log,986032,2026-06-04,16:25,B152PR,"RM	0	00:09:04.445	Core 04	2026.06.04 16:25:00   [SRJ-IND] B152PR sym=USDJPY bar=2026.06.04 16:20 z1=313,B,157.331,157.497,2026.05.12 10:00,1,2026.05.12 10:10,157.546,157.487"
1953,JUNE0525-B162,1617DC1ACCE6B50ED2D1359582A70A8B8503C569623EE90C18C6B33542796207,Tester/logs/20261011.log,986033,2026-06-04,16:25,B152PR,"KF	0	00:09:04.445	Core 04	2026.06.04 16:25:00   [SRJ-IND] B152PR sym=USDJPY bar=2026.06.04 16:20 z1=414,B,157.517,157.589,2026.05.13 01:10,1,2026.05.13 01:20,157.607,157.587"
1954,JUNE0525-B162,1617DC1ACCE6B50ED2D1359582A70A8B8503C569623EE90C18C6B33542796207,Tester/logs/20261011.log,986034,2026-06-04,16:25,B152PR,"HH	0	00:09:04.445	Core 04	2026.06.04 16:25:00   [SRJ-IND] B152PR sym=USDJPY bar=2026.06.04 16:20 z1=447,B,157.562,157.648,2026.05.13 06:20,1,2026.05.13 06:25,157.662,157.648"
1955,JUNE0525-B162,1617DC1ACCE6B50ED2D1359582A70A8B8503C569623EE90C18C6B33542796207,Tester/logs/20261011.log,986035,2026-06-04,16:25,B152PR,"GR	0	00:09:04.445	Core 04	2026.06.04 16:25:00   [SRJ-IND] B152PR sym=USDJPY bar=2026.06.04 16:20 z1=449,B,157.599,157.654,2026.05.13 05:15,1,2026.05.13 05:45,157.687,157.652"
1956,JUNE0525-B162,1617DC1ACCE6B50ED2D1359582A70A8B8503C569623EE90C18C6B33542796207,Tester/logs/20261011.log,986036,2026-06-04,16:25,B152PR,"RD	0	00:09:04.445	Core 04	2026.06.04 16:25:00   [SRJ-IND] B152PR sym=USDJPY bar=2026.06.04 16:20 z1=460,B,157.645,157.660,2026.05.13 07:05,1,2026.05.14 00:25,157.812,157.650"
1957,JUNE0525-B162,1617DC1ACCE6B50ED2D1359582A70A8B8503C569623EE90C18C6B33542796207,Tester/logs/20261011.log,986037,2026-06-04,16:25,B152PR,"JN	0	00:09:04.445	Core 04	2026.06.04 16:25:00   [SRJ-IND] B152PR sym=USDJPY bar=2026.06.04 16:20 z1=696,B,157.568,158.167,2026.05.14 18:05,1,2026.05.14 18:10,158.191,158.119"
1958,JUNE0525-B162,1617DC1ACCE6B50ED2D1359582A70A8B8503C569623EE90C18C6B33542796207,Tester/logs/20261011.log,986038,2026-06-04,16:25,B152PR,"RP	0	00:09:04.445	Core 04	2026.06.04 16:25:00   [SRJ-IND] B152PR sym=USDJPY bar=2026.06.04 16:20 z1=714,B,158.107,158.142,2026.05.14 19:30,1,2026.05.14 20:00,158.169,158.142"
1959,JUNE0525-B162,1617DC1ACCE6B50ED2D1359582A70A8B8503C569623EE90C18C6B33542796207,Tester/logs/20261011.log,986039,2026-06-04,16:25,B152PR,"OJ	0	00:09:04.445	Core 04	2026.06.04 16:25:00   [SRJ-IND] B152PR sym=USDJPY bar=2026.06.04 16:20 z1=724,B,158.168,158.186,2026.05.14 21:00,1,2026.05.14 21:05,158.191,158.182"
1960,JUNE0525-B162,1617DC1ACCE6B50ED2D1359582A70A8B8503C569623EE90C18C6B33542796207,Tester/logs/20261011.log,986040,2026-06-04,16:25,B152PR,"MO	0	00:09:04.445	Core 04	2026.06.04 16:25:00   [SRJ-IND] B152PR sym=USDJPY bar=2026.06.04 16:20 z1=1405,B,158.735,158.769,2026.05.20 19:00,1,2026.05.20 19:05,158.816,158.753"
1961,JUNE0525-B162,1617DC1ACCE6B50ED2D1359582A70A8B8503C569623EE90C18C6B33542796207,Tester/logs/20261011.log,986041,2026-06-04,16:25,B152PR,"GE	0	00:09:04.445	Core 04	2026.06.04 16:25:00   [SRJ-IND] B152PR sym=USDJPY bar=2026.06.04 16:20 z1=1779,B,158.756,158.800,2026.05.25 06:45,1,2026.05.26 00:00,158.887,158.784"
1962,JUNE0525-B162,1617DC1ACCE6B50ED2D1359582A70A8B8503C569623EE90C18C6B33542796207,Tester/logs/20261011.log,986042,2026-06-04,16:25,B152PR,"FK	0	00:09:04.445	Core 04	2026.06.04 16:25:00   [SRJ-IND] B152PR sym=USDJPY bar=2026.06.04 16:20 z1=1780,B,158.789,158.814,2026.05.25 04:50,1,2026.05.26 00:00,158.887,158.784"
1963,JUNE0525-B162,1617DC1ACCE6B50ED2D1359582A70A8B8503C569623EE90C18C6B33542796207,Tester/logs/20261011.log,986043,2026-06-04,16:25,B152PR,"KQ	0	00:09:04.445	Core 04	2026.06.04 16:25:00   [SRJ-IND] B152PR sym=USDJPY bar=2026.06.04 16:20 z1=1949,B,158.916,158.934,2026.05.26 07:25,1,2026.05.26 07:30,158.942,158.934"
1964,JUNE0525-B162,1617DC1ACCE6B50ED2D1359582A70A8B8503C569623EE90C18C6B33542796207,Tester/logs/20261011.log,986044,2026-06-04,16:25,B152PR,"FG	0	00:09:04.445	Core 04	2026.06.04 16:25:00   [SRJ-IND] B152PR sym=USDJPY bar=2026.06.04 16:20 z1=2509,B,159.134,159.195,2026.05.29 19:10,1,2026.05.29 19:35,159.215,159.186"
1965,JUNE0525-B162,1617DC1ACCE6B50ED2D1359582A70A8B8503C569623EE90C18C6B33542796207,Tester/logs/20261011.log,986045,2026-06-04,16:25,B152PR,"CM	0	00:09:04.445	Core 04	2026.06.04 16:25:00   [SRJ-IND] B152PR sym=USDJPY bar=2026.06.04 16:20 z1=2566,B,159.382,159.407,2026.06.01 03:15,1,2026.06.03 11:30,159.790,159.368"
1966,JUNE0525-B162,1617DC1ACCE6B50ED2D1359582A70A8B8503C569623EE90C18C6B33542796207,Tester/logs/20261011.log,986046,2026-06-04,16:25,B152PR,"MS	0	00:09:04.445	Core 04	2026.06.04 16:25:00   [SRJ-IND] B152PR sym=USDJPY bar=2026.06.04 16:20 z1=2648,B,159.435,159.481,2026.06.01 16:00,1,2026.06.03 11:30,159.790,159.368"
1967,JUNE0525-B162,1617DC1ACCE6B50ED2D1359582A70A8B8503C569623EE90C18C6B33542796207,Tester/logs/20261011.log,986047,2026-06-04,16:25,B152PR,"JI	0	00:09:04.445	Core 04	2026.06.04 16:25:00   [SRJ-IND] B152PR sym=USDJPY bar=2026.06.04 16:20 z1=2716,B,159.576,159.603,2026.06.02 03:10,1,2026.06.03 10:35,159.787,159.550"
1968,JUNE0525-B162,1617DC1ACCE6B50ED2D1359582A70A8B8503C569623EE90C18C6B33542796207,Tester/logs/20261011.log,986048,2026-06-04,16:25,B152PR,"PO	0	00:09:04.445	Core 04	2026.06.04 16:25:00   [SRJ-IND] B152PR sym=USDJPY bar=2026.06.04 16:20 z1=2720,B,159.586,159.605,2026.06.02 01:05,1,2026.06.03 10:35,159.787,159.550"
1969,JUNE0525-B162,1617DC1ACCE6B50ED2D1359582A70A8B8503C569623EE90C18C6B33542796207,Tester/logs/20261011.log,986049,2026-06-04,16:25,B152PR,"LE	0	00:09:04.445	Core 04	2026.06.04 16:25:00   [SRJ-IND] B152PR sym=USDJPY bar=2026.06.04 16:20 z1=2945,B,159.579,159.675,2026.06.03 11:15,1,2026.06.03 11:25,159.727,159.674"
1970,JUNE0525-B162,1617DC1ACCE6B50ED2D1359582A70A8B8503C569623EE90C18C6B33542796207,Tester/logs/20261011.log,986050,2026-06-04,16:25,B152PR,"OK	0	00:09:04.445	Core 04	2026.06.04 16:25:00   [SRJ-IND] B152PR sym=USDJPY bar=2026.06.04 16:20 z1=3150,B,159.820,159.853,2026.06.04 16:05,1,2026.06.04 16:15,159.889,159.852"
1971,JUNE0525-B162,1617DC1ACCE6B50ED2D1359582A70A8B8503C569623EE90C18C6B33542796207,Tester/logs/20261011.log,986051,2026-06-04,16:25,B152PR,"CS	0	00:09:04.445	Core 04	2026.06.04 16:25:00   [SRJ-IND] B152PR sym=USDJPY bar=2026.06.04 16:20 bull=1 bear=0 nz=24"
1972,JUNE0525-B162,1617DC1ACCE6B50ED2D1359582A70A8B8503C569623EE90C18C6B33542796207,Tester/logs/20261011.log,986052,2026-06-04,16:25,B162ORIGIN,"IQ	0	00:09:04.445	Core 04	2026.06.04 16:25:00   [SRJ-IND] B162ORIGIN sym=USDJPY bar=2026.06.04 16:20 side=B n=24 origin=3150 range=159.820-159.853 formT=2026.06.04 15:50 set=65,78,212,256,261,313,414,447,449,460,696,714,724,1405,1779,1780,1949,2509,2566,2648,2716,2720,2945,3150"
1973,JUNE0525-B162,1617DC1ACCE6B50ED2D1359582A70A8B8503C569623EE90C18C6B33542796207,Tester/logs/20261011.log,986053,2026-06-04,16:25,B162ORIGIN,"QL	0	00:09:04.445	Core 04	2026.06.04 16:25:00   [SRJ-IND] B162ORIGIN sym=USDJPY bar=2026.06.04 16:20 side=S n=0 origin=NONE range=- formT=- set=-"
1974,JUNE0525-B162,1617DC1ACCE6B50ED2D1359582A70A8B8503C569623EE90C18C6B33542796207,Tester/logs/20261011.log,986061,2026-06-04,16:30,B152PR,"KE	0	00:09:04.445	Core 04	2026.06.04 16:30:00   [SRJ-IND] B152PR sym=USDJPY bar=2026.06.04 16:25 z1=65,B,156.672,156.773,2026.05.11 04:10,1,2026.05.12 08:55,157.714,156.726"
1975,JUNE0525-B162,1617DC1ACCE6B50ED2D1359582A70A8B8503C569623EE90C18C6B33542796207,Tester/logs/20261011.log,986062,2026-06-04,16:30,B152PR,"KK	0	00:09:04.445	Core 04	2026.06.04 16:30:00   [SRJ-IND] B152PR sym=USDJPY bar=2026.06.04 16:25 z1=78,B,156.578,156.584,2026.05.11 00:35,1,2026.05.11 00:40,156.644,156.537"
1976,JUNE0525-B162,1617DC1ACCE6B50ED2D1359582A70A8B8503C569623EE90C18C6B33542796207,Tester/logs/20261011.log,986063,2026-06-04,16:30,B152PR,"MR	0	00:09:04.445	Core 04	2026.06.04 16:30:00   [SRJ-IND] B152PR sym=USDJPY bar=2026.06.04 16:25 z1=212,B,157.028,157.060,2026.05.11 19:20,1,2026.05.12 00:00,157.152,157.050"
1977,JUNE0525-B162,1617DC1ACCE6B50ED2D1359582A70A8B8503C569623EE90C18C6B33542796207,Tester/logs/20261011.log,986064,2026-06-04,16:30,B152PR,"QD	0	00:09:04.445	Core 04	2026.06.04 16:30:00   [SRJ-IND] B152PR sym=USDJPY bar=2026.06.04 16:25 z1=256,B,157.172,157.178,2026.05.12 01:25,1,2026.05.12 08:55,157.714,156.726"
1978,JUNE0525-B162,1617DC1ACCE6B50ED2D1359582A70A8B8503C569623EE90C18C6B33542796207,Tester/logs/20261011.log,986065,2026-06-04,16:30,B152PR,"CN	0	00:09:04.445	Core 04	2026.06.04 16:30:00   [SRJ-IND] B152PR sym=USDJPY bar=2026.06.04 16:25 z1=261,B,157.184,157.192,2026.05.12 03:00,1,2026.05.12 08:55,157.714,156.726"
1979,JUNE0525-B162,1617DC1ACCE6B50ED2D1359582A70A8B8503C569623EE90C18C6B33542796207,Tester/logs/20261011.log,986066,2026-06-04,16:30,B152PR,"CS	0	00:09:04.445	Core 04	2026.06.04 16:30:00   [SRJ-IND] B152PR sym=USDJPY bar=2026.06.04 16:25 z1=313,B,157.331,157.497,2026.05.12 10:00,1,2026.05.12 10:10,157.546,157.487"
1980,JUNE0525-B162,1617DC1ACCE6B50ED2D1359582A70A8B8503C569623EE90C18C6B33542796207,Tester/logs/20261011.log,986067,2026-06-04,16:30,B152PR,"NE	0	00:09:04.445	Core 04	2026.06.04 16:30:00   [SRJ-IND] B152PR sym=USDJPY bar=2026.06.04 16:25 z1=414,B,157.517,157.589,2026.05.13 01:10,1,2026.05.13 01:20,157.607,157.587"
1981,JUNE0525-B162,1617DC1ACCE6B50ED2D1359582A70A8B8503C569623EE90C18C6B33542796207,Tester/logs/20261011.log,986068,2026-06-04,16:30,B152PR,"EO	0	00:09:04.445	Core 04	2026.06.04 16:30:00   [SRJ-IND] B152PR sym=USDJPY bar=2026.06.04 16:25 z1=447,B,157.562,157.648,2026.05.13 06:20,1,2026.05.13 06:25,157.662,157.648"
1982,JUNE0525-B162,1617DC1ACCE6B50ED2D1359582A70A8B8503C569623EE90C18C6B33542796207,Tester/logs/20261011.log,986069,2026-06-04,16:30,B152PR,"JQ	0	00:09:04.445	Core 04	2026.06.04 16:30:00   [SRJ-IND] B152PR sym=USDJPY bar=2026.06.04 16:25 z1=449,B,157.599,157.654,2026.05.13 05:15,1,2026.05.13 05:45,157.687,157.652"
1983,JUNE0525-B162,1617DC1ACCE6B50ED2D1359582A70A8B8503C569623EE90C18C6B33542796207,Tester/logs/20261011.log,986070,2026-06-04,16:30,B152PR,"CK	0	00:09:04.445	Core 04	2026.06.04 16:30:00   [SRJ-IND] B152PR sym=USDJPY bar=2026.06.04 16:25 z1=460,B,157.645,157.660,2026.05.13 07:05,1,2026.05.14 00:25,157.812,157.650"
1984,JUNE0525-B162,1617DC1ACCE6B50ED2D1359582A70A8B8503C569623EE90C18C6B33542796207,Tester/logs/20261011.log,986071,2026-06-04,16:30,B152PR,"GM	0	00:09:04.445	Core 04	2026.06.04 16:30:00   [SRJ-IND] B152PR sym=USDJPY bar=2026.06.04 16:25 z1=696,B,157.568,158.167,2026.05.14 18:05,1,2026.05.14 18:10,158.191,158.119"
1985,JUNE0525-B162,1617DC1ACCE6B50ED2D1359582A70A8B8503C569623EE90C18C6B33542796207,Tester/logs/20261011.log,986072,2026-06-04,16:30,B152PR,"KG	0	00:09:04.445	Core 04	2026.06.04 16:30:00   [SRJ-IND] B152PR sym=USDJPY bar=2026.06.04 16:25 z1=714,B,158.107,158.142,2026.05.14 19:30,1,2026.05.14 20:00,158.169,158.142"
1986,JUNE0525-B162,1617DC1ACCE6B50ED2D1359582A70A8B8503C569623EE90C18C6B33542796207,Tester/logs/20261011.log,986073,2026-06-04,16:30,B152PR,"RI	0	00:09:04.445	Core 04	2026.06.04 16:30:00   [SRJ-IND] B152PR sym=USDJPY bar=2026.06.04 16:25 z1=724,B,158.168,158.186,2026.05.14 21:00,1,2026.05.14 21:05,158.191,158.182"
1987,JUNE0525-B162,1617DC1ACCE6B50ED2D1359582A70A8B8503C569623EE90C18C6B33542796207,Tester/logs/20261011.log,986074,2026-06-04,16:30,B152PR,"HQ	0	00:09:04.445	Core 04	2026.06.04 16:30:00   [SRJ-IND] B152PR sym=USDJPY bar=2026.06.04 16:25 z1=1405,B,158.735,158.769,2026.05.20 19:00,1,2026.05.20 19:05,158.816,158.753"
1988,JUNE0525-B162,1617DC1ACCE6B50ED2D1359582A70A8B8503C569623EE90C18C6B33542796207,Tester/logs/20261011.log,986075,2026-06-04,16:30,B152PR,"NG	0	00:09:04.445	Core 04	2026.06.04 16:30:00   [SRJ-IND] B152PR sym=USDJPY bar=2026.06.04 16:25 z1=1779,B,158.756,158.800,2026.05.25 06:45,1,2026.05.26 00:00,158.887,158.784"
1989,JUNE0525-B162,1617DC1ACCE6B50ED2D1359582A70A8B8503C569623EE90C18C6B33542796207,Tester/logs/20261011.log,986076,2026-06-04,16:30,B152PR,"OM	0	00:09:04.445	Core 04	2026.06.04 16:30:00   [SRJ-IND] B152PR sym=USDJPY bar=2026.06.04 16:25 z1=1780,B,158.789,158.814,2026.05.25 04:50,1,2026.05.26 00:00,158.887,158.784"
1990,JUNE0525-B162,1617DC1ACCE6B50ED2D1359582A70A8B8503C569623EE90C18C6B33542796207,Tester/logs/20261011.log,986077,2026-06-04,16:30,B152PR,"JS	0	00:09:04.445	Core 04	2026.06.04 16:30:00   [SRJ-IND] B152PR sym=USDJPY bar=2026.06.04 16:25 z1=1949,B,158.916,158.934,2026.05.26 07:25,1,2026.05.26 07:30,158.942,158.934"
1991,JUNE0525-B162,1617DC1ACCE6B50ED2D1359582A70A8B8503C569623EE90C18C6B33542796207,Tester/logs/20261011.log,986078,2026-06-04,16:30,B152PR,"OI	0	00:09:04.445	Core 04	2026.06.04 16:30:00   [SRJ-IND] B152PR sym=USDJPY bar=2026.06.04 16:25 z1=2509,B,159.134,159.195,2026.05.29 19:10,1,2026.05.29 19:35,159.215,159.186"
1992,JUNE0525-B162,1617DC1ACCE6B50ED2D1359582A70A8B8503C569623EE90C18C6B33542796207,Tester/logs/20261011.log,986079,2026-06-04,16:30,B152PR,"RO	0	00:09:04.445	Core 04	2026.06.04 16:30:00   [SRJ-IND] B152PR sym=USDJPY bar=2026.06.04 16:25 z1=2566,B,159.382,159.407,2026.06.01 03:15,1,2026.06.03 11:30,159.790,159.368"
1993,JUNE0525-B162,1617DC1ACCE6B50ED2D1359582A70A8B8503C569623EE90C18C6B33542796207,Tester/logs/20261011.log,986080,2026-06-04,16:30,B152PR,"HE	0	00:09:04.445	Core 04	2026.06.04 16:30:00   [SRJ-IND] B152PR sym=USDJPY bar=2026.06.04 16:25 z1=2648,B,159.435,159.481,2026.06.01 16:00,1,2026.06.03 11:30,159.790,159.368"
1994,JUNE0525-B162,1617DC1ACCE6B50ED2D1359582A70A8B8503C569623EE90C18C6B33542796207,Tester/logs/20261011.log,986081,2026-06-04,16:30,B152PR,"KK	0	00:09:04.445	Core 04	2026.06.04 16:30:00   [SRJ-IND] B152PR sym=USDJPY bar=2026.06.04 16:25 z1=2716,B,159.576,159.603,2026.06.02 03:10,1,2026.06.03 10:35,159.787,159.550"
1995,JUNE0525-B162,1617DC1ACCE6B50ED2D1359582A70A8B8503C569623EE90C18C6B33542796207,Tester/logs/20261011.log,986082,2026-06-04,16:30,B152PR,"EQ	0	00:09:04.445	Core 04	2026.06.04 16:30:00   [SRJ-IND] B152PR sym=USDJPY bar=2026.06.04 16:25 z1=2720,B,159.586,159.605,2026.06.02 01:05,1,2026.06.03 10:35,159.787,159.550"
1996,JUNE0525-B162,1617DC1ACCE6B50ED2D1359582A70A8B8503C569623EE90C18C6B33542796207,Tester/logs/20261011.log,986083,2026-06-04,16:30,B152PR,"IG	0	00:09:04.445	Core 04	2026.06.04 16:30:00   [SRJ-IND] B152PR sym=USDJPY bar=2026.06.04 16:25 z1=2945,B,159.579,159.675,2026.06.03 11:15,1,2026.06.03 11:25,159.727,159.674"
1997,JUNE0525-B162,1617DC1ACCE6B50ED2D1359582A70A8B8503C569623EE90C18C6B33542796207,Tester/logs/20261011.log,986084,2026-06-04,16:30,B152PR,"FM	0	00:09:04.445	Core 04	2026.06.04 16:30:00   [SRJ-IND] B152PR sym=USDJPY bar=2026.06.04 16:25 z1=3150,B,159.820,159.853,2026.06.04 16:05,1,2026.06.04 16:15,159.889,159.852"
1998,JUNE0525-B162,1617DC1ACCE6B50ED2D1359582A70A8B8503C569623EE90C18C6B33542796207,Tester/logs/20261011.log,986085,2026-06-04,16:30,B152PR,"RQ	0	00:09:04.445	Core 04	2026.06.04 16:30:00   [SRJ-IND] B152PR sym=USDJPY bar=2026.06.04 16:25 bull=1 bear=0 nz=24"
1999,JUNE0525-B162,1617DC1ACCE6B50ED2D1359582A70A8B8503C569623EE90C18C6B33542796207,Tester/logs/20261011.log,986086,2026-06-04,16:30,B162ORIGIN,"DN	0	00:09:04.445	Core 04	2026.06.04 16:30:00   [SRJ-IND] B162ORIGIN sym=USDJPY bar=2026.06.04 16:25 side=B n=24 origin=3150 range=159.820-159.853 formT=2026.06.04 15:50 set=65,78,212,256,261,313,414,447,449,460,696,714,724,1405,1779,1780,1949,2509,2566,2648,2716,2720,2945,3150"
2000,JUNE0525-B162,1617DC1ACCE6B50ED2D1359582A70A8B8503C569623EE90C18C6B33542796207,Tester/logs/20261011.log,986087,2026-06-04,16:30,B162ORIGIN,"LI	0	00:09:04.445	Core 04	2026.06.04 16:30:00   [SRJ-IND] B162ORIGIN sym=USDJPY bar=2026.06.04 16:25 side=S n=0 origin=NONE range=- formT=- set=-"
2001,JUNE0525-B162,1617DC1ACCE6B50ED2D1359582A70A8B8503C569623EE90C18C6B33542796207,Tester/logs/20261011.log,986095,2026-06-04,16:30,CONFIRMPOLL,"JQ	0	00:09:04.445	Core 04	2026.06.04 16:30:00   [SRJ-EA] CONFIRMPOLL bar=2026.06.04 16:25 anchor=Monthly-POC dir=SHORT oppCandle=1 bodyDir=0 body=2pts doji=0 touchAttr=0 confirm=0 shadow=true"
2002,JUNE0525-B162,1617DC1ACCE6B50ED2D1359582A70A8B8503C569623EE90C18C6B33542796207,Tester/logs/20261011.log,986097,2026-06-04,16:30,STATE,"NI	0	00:09:04.445	Core 04	2026.06.04 16:30:00   [SRJ-EA] 2026.06.04 16:30:00 STATE IDLE->S1_REGIME dir=SHORT poi=Monthly-POC"
2003,JUNE0525-B162,1617DC1ACCE6B50ED2D1359582A70A8B8503C569623EE90C18C6B33542796207,Tester/logs/20261011.log,986098,2026-06-04,16:30,ANCHOR_ELECT,"DK	0	00:09:04.445	Core 04	2026.06.04 16:30:00   [SRJ-EA] ANCHOR_ELECT bar=2026.06.04 16:25 action=SEED poi=Monthly-POC rank=6 tier=3 dir=SHORT"
2004,JUNE0525-B162,1617DC1ACCE6B50ED2D1359582A70A8B8503C569623EE90C18C6B33542796207,Tester/logs/20261011.log,986112,2026-06-04,16:35,B152PR,"PS	0	00:09:04.445	Core 04	2026.06.04 16:35:00   [SRJ-IND] B152PR sym=USDJPY bar=2026.06.04 16:30 z1=65,B,156.672,156.773,2026.05.11 04:10,1,2026.05.12 08:55,157.714,156.726"
2005,JUNE0525-B162,1617DC1ACCE6B50ED2D1359582A70A8B8503C569623EE90C18C6B33542796207,Tester/logs/20261011.log,986113,2026-06-04,16:35,B152PR,"HI	0	00:09:04.445	Core 04	2026.06.04 16:35:00   [SRJ-IND] B152PR sym=USDJPY bar=2026.06.04 16:30 z1=78,B,156.578,156.584,2026.05.11 00:35,1,2026.05.11 00:40,156.644,156.537"
2006,JUNE0525-B162,1617DC1ACCE6B50ED2D1359582A70A8B8503C569623EE90C18C6B33542796207,Tester/logs/20261011.log,986114,2026-06-04,16:35,B152PR,"RL	0	00:09:04.445	Core 04	2026.06.04 16:35:00   [SRJ-IND] B152PR sym=USDJPY bar=2026.06.04 16:30 z1=212,B,157.028,157.060,2026.05.11 19:20,1,2026.05.12 00:00,157.152,157.050"
2007,JUNE0525-B162,1617DC1ACCE6B50ED2D1359582A70A8B8503C569623EE90C18C6B33542796207,Tester/logs/20261011.log,986115,2026-06-04,16:35,B152PR,"FQ	0	00:09:04.445	Core 04	2026.06.04 16:35:00   [SRJ-IND] B152PR sym=USDJPY bar=2026.06.04 16:30 z1=256,B,157.172,157.178,2026.05.12 01:25,1,2026.05.12 08:55,157.714,156.726"
2008,JUNE0525-B162,1617DC1ACCE6B50ED2D1359582A70A8B8503C569623EE90C18C6B33542796207,Tester/logs/20261011.log,986116,2026-06-04,16:35,B152PR,"PK	0	00:09:04.445	Core 04	2026.06.04 16:35:00   [SRJ-IND] B152PR sym=USDJPY bar=2026.06.04 16:30 z1=261,B,157.184,157.192,2026.05.12 03:00,1,2026.05.12 08:55,157.714,156.726"
2009,JUNE0525-B162,1617DC1ACCE6B50ED2D1359582A70A8B8503C569623EE90C18C6B33542796207,Tester/logs/20261011.log,986117,2026-06-04,16:35,B152PR,"HM	0	00:09:04.445	Core 04	2026.06.04 16:35:00   [SRJ-IND] B152PR sym=USDJPY bar=2026.06.04 16:30 z1=313,B,157.331,157.497,2026.05.12 10:00,1,2026.05.12 10:10,157.546,157.487"
2010,JUNE0525-B162,1617DC1ACCE6B50ED2D1359582A70A8B8503C569623EE90C18C6B33542796207,Tester/logs/20261011.log,986118,2026-06-04,16:35,B152PR,"QG	0	00:09:04.445	Core 04	2026.06.04 16:35:00   [SRJ-IND] B152PR sym=USDJPY bar=2026.06.04 16:30 z1=414,B,157.517,157.589,2026.05.13 01:10,1,2026.05.13 01:20,157.607,157.587"
2011,JUNE0525-B162,1617DC1ACCE6B50ED2D1359582A70A8B8503C569623EE90C18C6B33542796207,Tester/logs/20261011.log,986119,2026-06-04,16:35,B152PR,"RI	0	00:09:04.445	Core 04	2026.06.04 16:35:00   [SRJ-IND] B152PR sym=USDJPY bar=2026.06.04 16:30 z1=447,B,157.562,157.648,2026.05.13 06:20,1,2026.05.13 06:25,157.662,157.648"
2012,JUNE0525-B162,1617DC1ACCE6B50ED2D1359582A70A8B8503C569623EE90C18C6B33542796207,Tester/logs/20261011.log,986120,2026-06-04,16:35,B152PR,"MS	0	00:09:04.445	Core 04	2026.06.04 16:35:00   [SRJ-IND] B152PR sym=USDJPY bar=2026.06.04 16:30 z1=449,B,157.599,157.654,2026.05.13 05:15,1,2026.05.13 05:45,157.687,157.652"
2013,JUNE0525-B162,1617DC1ACCE6B50ED2D1359582A70A8B8503C569623EE90C18C6B33542796207,Tester/logs/20261011.log,986121,2026-06-04,16:35,B152PR,"HE	0	00:09:04.445	Core 04	2026.06.04 16:35:00   [SRJ-IND] B152PR sym=USDJPY bar=2026.06.04 16:30 z1=460,B,157.645,157.660,2026.05.13 07:05,1,2026.05.14 00:25,157.812,157.650"
2014,JUNE0525-B162,1617DC1ACCE6B50ED2D1359582A70A8B8503C569623EE90C18C6B33542796207,Tester/logs/20261011.log,986122,2026-06-04,16:35,B152PR,"DO	0	00:09:04.445	Core 04	2026.06.04 16:35:00   [SRJ-IND] B152PR sym=USDJPY bar=2026.06.04 16:30 z1=696,B,157.568,158.167,2026.05.14 18:05,1,2026.05.14 18:10,158.191,158.119"
2015,JUNE0525-B162,1617DC1ACCE6B50ED2D1359582A70A8B8503C569623EE90C18C6B33542796207,Tester/logs/20261011.log,986123,2026-06-04,16:35,B152PR,"HP	0	00:09:04.445	Core 04	2026.06.04 16:35:00   [SRJ-IND] B152PR sym=USDJPY bar=2026.06.04 16:30 z1=714,B,158.107,158.142,2026.05.14 19:30,1,2026.05.14 20:00,158.169,158.142"
2016,JUNE0525-B162,1617DC1ACCE6B50ED2D1359582A70A8B8503C569623EE90C18C6B33542796207,Tester/logs/20261011.log,986124,2026-06-04,16:35,B152PR,"EJ	0	00:09:04.445	Core 04	2026.06.04 16:35:00   [SRJ-IND] B152PR sym=USDJPY bar=2026.06.04 16:30 z1=724,B,158.168,158.186,2026.05.14 21:00,1,2026.05.14 21:05,158.191,158.182"
2017,JUNE0525-B162,1617DC1ACCE6B50ED2D1359582A70A8B8503C569623EE90C18C6B33542796207,Tester/logs/20261011.log,986125,2026-06-04,16:35,B152PR,"CO	0	00:09:04.445	Core 04	2026.06.04 16:35:00   [SRJ-IND] B152PR sym=USDJPY bar=2026.06.04 16:30 z1=1405,B,158.735,158.769,2026.05.20 19:00,1,2026.05.20 19:05,158.816,158.753"
2018,JUNE0525-B162,1617DC1ACCE6B50ED2D1359582A70A8B8503C569623EE90C18C6B33542796207,Tester/logs/20261011.log,986126,2026-06-04,16:35,B152PR,"QE	0	00:09:04.445	Core 04	2026.06.04 16:35:00   [SRJ-IND] B152PR sym=USDJPY bar=2026.06.04 16:30 z1=1779,B,158.756,158.800,2026.05.25 06:45,1,2026.05.26 00:00,158.887,158.784"
2019,JUNE0525-B162,1617DC1ACCE6B50ED2D1359582A70A8B8503C569623EE90C18C6B33542796207,Tester/logs/20261011.log,986127,2026-06-04,16:35,B152PR,"LK	0	00:09:04.445	Core 04	2026.06.04 16:35:00   [SRJ-IND] B152PR sym=USDJPY bar=2026.06.04 16:30 z1=1780,B,158.789,158.814,2026.05.25 04:50,1,2026.05.26 00:00,158.887,158.784"
2020,JUNE0525-B162,1617DC1ACCE6B50ED2D1359582A70A8B8503C569623EE90C18C6B33542796207,Tester/logs/20261011.log,986128,2026-06-04,16:35,B152PR,"EQ	0	00:09:04.445	Core 04	2026.06.04 16:35:00   [SRJ-IND] B152PR sym=USDJPY bar=2026.06.04 16:30 z1=1949,B,158.916,158.934,2026.05.26 07:25,1,2026.05.26 07:30,158.942,158.934"
2021,JUNE0525-B162,1617DC1ACCE6B50ED2D1359582A70A8B8503C569623EE90C18C6B33542796207,Tester/logs/20261011.log,986129,2026-06-04,16:35,B152PR,"LG	0	00:09:04.445	Core 04	2026.06.04 16:35:00   [SRJ-IND] B152PR sym=USDJPY bar=2026.06.04 16:30 z1=2509,B,159.134,159.195,2026.05.29 19:10,1,2026.05.29 19:35,159.215,159.186"
2022,JUNE0525-B162,1617DC1ACCE6B50ED2D1359582A70A8B8503C569623EE90C18C6B33542796207,Tester/logs/20261011.log,986130,2026-06-04,16:35,B152PR,"MM	0	00:09:04.445	Core 04	2026.06.04 16:35:00   [SRJ-IND] B152PR sym=USDJPY bar=2026.06.04 16:30 z1=2566,B,159.382,159.407,2026.06.01 03:15,1,2026.06.03 11:30,159.790,159.368"
2023,JUNE0525-B162,1617DC1ACCE6B50ED2D1359582A70A8B8503C569623EE90C18C6B33542796207,Tester/logs/20261011.log,986131,2026-06-04,16:35,B152PR,"CS	0	00:09:04.445	Core 04	2026.06.04 16:35:00   [SRJ-IND] B152PR sym=USDJPY bar=2026.06.04 16:30 z1=2648,B,159.435,159.481,2026.06.01 16:00,1,2026.06.03 11:30,159.790,159.368"
2024,JUNE0525-B162,1617DC1ACCE6B50ED2D1359582A70A8B8503C569623EE90C18C6B33542796207,Tester/logs/20261011.log,986132,2026-06-04,16:35,B152PR,"PI	0	00:09:04.445	Core 04	2026.06.04 16:35:00   [SRJ-IND] B152PR sym=USDJPY bar=2026.06.04 16:30 z1=2716,B,159.576,159.603,2026.06.02 03:10,1,2026.06.03 10:35,159.787,159.550"
2025,JUNE0525-B162,1617DC1ACCE6B50ED2D1359582A70A8B8503C569623EE90C18C6B33542796207,Tester/logs/20261011.log,986133,2026-06-04,16:35,B152PR,"JO	0	00:09:04.445	Core 04	2026.06.04 16:35:00   [SRJ-IND] B152PR sym=USDJPY bar=2026.06.04 16:30 z1=2720,B,159.586,159.605,2026.06.02 01:05,1,2026.06.03 10:35,159.787,159.550"
2026,JUNE0525-B162,1617DC1ACCE6B50ED2D1359582A70A8B8503C569623EE90C18C6B33542796207,Tester/logs/20261011.log,986134,2026-06-04,16:35,B152PR,"FE	0	00:09:04.445	Core 04	2026.06.04 16:35:00   [SRJ-IND] B152PR sym=USDJPY bar=2026.06.04 16:30 z1=2945,B,159.579,159.675,2026.06.03 11:15,1,2026.06.03 11:25,159.727,159.674"
2027,JUNE0525-B162,1617DC1ACCE6B50ED2D1359582A70A8B8503C569623EE90C18C6B33542796207,Tester/logs/20261011.log,986135,2026-06-04,16:35,B152PR,"IK	0	00:09:04.445	Core 04	2026.06.04 16:35:00   [SRJ-IND] B152PR sym=USDJPY bar=2026.06.04 16:30 z1=3150,B,159.820,159.853,2026.06.04 16:05,1,2026.06.04 16:15,159.889,159.852"
2028,JUNE0525-B162,1617DC1ACCE6B50ED2D1359582A70A8B8503C569623EE90C18C6B33542796207,Tester/logs/20261011.log,986136,2026-06-04,16:35,B152PR,"MS	0	00:09:04.445	Core 04	2026.06.04 16:35:00   [SRJ-IND] B152PR sym=USDJPY bar=2026.06.04 16:30 bull=1 bear=0 nz=24"
2029,JUNE0525-B162,1617DC1ACCE6B50ED2D1359582A70A8B8503C569623EE90C18C6B33542796207,Tester/logs/20261011.log,986137,2026-06-04,16:35,B162ORIGIN,"OP	0	00:09:04.445	Core 04	2026.06.04 16:35:00   [SRJ-IND] B162ORIGIN sym=USDJPY bar=2026.06.04 16:30 side=B n=24 origin=3150 range=159.820-159.853 formT=2026.06.04 15:50 set=65,78,212,256,261,313,414,447,449,460,696,714,724,1405,1779,1780,1949,2509,2566,2648,2716,2720,2945,3150"
2030,JUNE0525-B162,1617DC1ACCE6B50ED2D1359582A70A8B8503C569623EE90C18C6B33542796207,Tester/logs/20261011.log,986138,2026-06-04,16:35,B162ORIGIN,"GO	0	00:09:04.445	Core 04	2026.06.04 16:35:00   [SRJ-IND] B162ORIGIN sym=USDJPY bar=2026.06.04 16:30 side=S n=0 origin=NONE range=- formT=- set=-"
2031,JUNE0525-B162,1617DC1ACCE6B50ED2D1359582A70A8B8503C569623EE90C18C6B33542796207,Tester/logs/20261011.log,986146,2026-06-04,16:35,CONFIRMPOLL,"GK	0	00:09:04.445	Core 04	2026.06.04 16:35:00   [SRJ-EA] CONFIRMPOLL bar=2026.06.04 16:30 anchor=Monthly-POC dir=SHORT oppCandle=1 bodyDir=1 body=5pts doji=0 touchAttr=1 confirm=1 shadow=true"
2032,JUNE0525-B162,1617DC1ACCE6B50ED2D1359582A70A8B8503C569623EE90C18C6B33542796207,Tester/logs/20261011.log,986150,2026-06-04,16:40,B152PR,"ML	0	00:09:04.445	Core 04	2026.06.04 16:40:00   [SRJ-IND] B152PR sym=USDJPY bar=2026.06.04 16:35 z1=65,B,156.672,156.773,2026.05.11 04:10,1,2026.05.12 08:55,157.714,156.726"
2033,JUNE0525-B162,1617DC1ACCE6B50ED2D1359582A70A8B8503C569623EE90C18C6B33542796207,Tester/logs/20261011.log,986151,2026-06-04,16:40,B152PR,"ER	0	00:09:04.445	Core 04	2026.06.04 16:40:00   [SRJ-IND] B152PR sym=USDJPY bar=2026.06.04 16:35 z1=78,B,156.578,156.584,2026.05.11 00:35,1,2026.05.11 00:40,156.644,156.537"
2034,JUNE0525-B162,1617DC1ACCE6B50ED2D1359582A70A8B8503C569623EE90C18C6B33542796207,Tester/logs/20261011.log,986152,2026-06-04,16:40,B152PR,"KK	0	00:09:04.445	Core 04	2026.06.04 16:40:00   [SRJ-IND] B152PR sym=USDJPY bar=2026.06.04 16:35 z1=212,B,157.028,157.060,2026.05.11 19:20,1,2026.05.12 00:00,157.152,157.050"
2035,JUNE0525-B162,1617DC1ACCE6B50ED2D1359582A70A8B8503C569623EE90C18C6B33542796207,Tester/logs/20261011.log,986153,2026-06-04,16:40,B152PR,"GL	0	00:09:04.445	Core 04	2026.06.04 16:40:00   [SRJ-IND] B152PR sym=USDJPY bar=2026.06.04 16:35 z1=256,B,157.172,157.178,2026.05.12 01:25,1,2026.05.12 08:55,157.714,156.726"
2036,JUNE0525-B162,1617DC1ACCE6B50ED2D1359582A70A8B8503C569623EE90C18C6B33542796207,Tester/logs/20261011.log,986154,2026-06-04,16:40,B152PR,"MF	0	00:09:04.445	Core 04	2026.06.04 16:40:00   [SRJ-IND] B152PR sym=USDJPY bar=2026.06.04 16:35 z1=261,B,157.184,157.192,2026.05.12 03:00,1,2026.05.12 08:55,157.714,156.726"
2037,JUNE0525-B162,1617DC1ACCE6B50ED2D1359582A70A8B8503C569623EE90C18C6B33542796207,Tester/logs/20261011.log,986155,2026-06-04,16:40,B152PR,"EH	0	00:09:04.445	Core 04	2026.06.04 16:40:00   [SRJ-IND] B152PR sym=USDJPY bar=2026.06.04 16:35 z1=313,B,157.331,157.497,2026.05.12 10:00,1,2026.05.12 10:10,157.546,157.487"
2038,JUNE0525-B162,1617DC1ACCE6B50ED2D1359582A70A8B8503C569623EE90C18C6B33542796207,Tester/logs/20261011.log,986156,2026-06-04,16:40,B152PR,"LR	0	00:09:04.445	Core 04	2026.06.04 16:40:00   [SRJ-IND] B152PR sym=USDJPY bar=2026.06.04 16:35 z1=414,B,157.517,157.589,2026.05.13 01:10,1,2026.05.13 01:20,157.607,157.587"
2039,JUNE0525-B162,1617DC1ACCE6B50ED2D1359582A70A8B8503C569623EE90C18C6B33542796207,Tester/logs/20261011.log,986157,2026-06-04,16:40,B152PR,"KD	0	00:09:04.445	Core 04	2026.06.04 16:40:00   [SRJ-IND] B152PR sym=USDJPY bar=2026.06.04 16:35 z1=447,B,157.562,157.648,2026.05.13 06:20,1,2026.05.13 06:25,157.662,157.648"
2040,JUNE0525-B162,1617DC1ACCE6B50ED2D1359582A70A8B8503C569623EE90C18C6B33542796207,Tester/logs/20261011.log,986158,2026-06-04,16:40,B152PR,"PN	0	00:09:04.445	Core 04	2026.06.04 16:40:00   [SRJ-IND] B152PR sym=USDJPY bar=2026.06.04 16:35 z1=449,B,157.599,157.654,2026.05.13 05:15,1,2026.05.13 05:45,157.687,157.652"
2041,JUNE0525-B162,1617DC1ACCE6B50ED2D1359582A70A8B8503C569623EE90C18C6B33542796207,Tester/logs/20261011.log,986159,2026-06-04,16:40,B152PR,"EP	0	00:09:04.445	Core 04	2026.06.04 16:40:00   [SRJ-IND] B152PR sym=USDJPY bar=2026.06.04 16:35 z1=460,B,157.645,157.660,2026.05.13 07:05,1,2026.05.14 00:25,157.812,157.650"
2042,JUNE0525-B162,1617DC1ACCE6B50ED2D1359582A70A8B8503C569623EE90C18C6B33542796207,Tester/logs/20261011.log,986160,2026-06-04,16:40,B152PR,"IJ	0	00:09:04.445	Core 04	2026.06.04 16:40:00   [SRJ-IND] B152PR sym=USDJPY bar=2026.06.04 16:35 z1=696,B,157.568,158.167,2026.05.14 18:05,1,2026.05.14 18:10,158.191,158.119"
2043,JUNE0525-B162,1617DC1ACCE6B50ED2D1359582A70A8B8503C569623EE90C18C6B33542796207,Tester/logs/20261011.log,986161,2026-06-04,16:40,B152PR,"EO	0	00:09:04.445	Core 04	2026.06.04 16:40:00   [SRJ-IND] B152PR sym=USDJPY bar=2026.06.04 16:35 z1=714,B,158.107,158.142,2026.05.14 19:30,1,2026.05.14 20:00,158.169,158.142"
2044,JUNE0525-B162,1617DC1ACCE6B50ED2D1359582A70A8B8503C569623EE90C18C6B33542796207,Tester/logs/20261011.log,986162,2026-06-04,16:40,B152PR,"HQ	0	00:09:04.445	Core 04	2026.06.04 16:40:00   [SRJ-IND] B152PR sym=USDJPY bar=2026.06.04 16:35 z1=724,B,158.168,158.186,2026.05.14 21:00,1,2026.05.14 21:05,158.191,158.182"
2045,JUNE0525-B162,1617DC1ACCE6B50ED2D1359582A70A8B8503C569623EE90C18C6B33542796207,Tester/logs/20261011.log,986163,2026-06-04,16:40,B152PR,"JH	0	00:09:04.445	Core 04	2026.06.04 16:40:00   [SRJ-IND] B152PR sym=USDJPY bar=2026.06.04 16:35 z1=1405,B,158.735,158.769,2026.05.20 19:00,1,2026.05.20 19:05,158.816,158.753"
2046,JUNE0525-B162,1617DC1ACCE6B50ED2D1359582A70A8B8503C569623EE90C18C6B33542796207,Tester/logs/20261011.log,986164,2026-06-04,16:40,B152PR,"LN	0	00:09:04.445	Core 04	2026.06.04 16:40:00   [SRJ-IND] B152PR sym=USDJPY bar=2026.06.04 16:35 z1=1779,B,158.756,158.800,2026.05.25 06:45,1,2026.05.26 00:00,158.887,158.784"
2047,JUNE0525-B162,1617DC1ACCE6B50ED2D1359582A70A8B8503C569623EE90C18C6B33542796207,Tester/logs/20261011.log,986165,2026-06-04,16:40,B152PR,"QD	0	00:09:04.445	Core 04	2026.06.04 16:40:00   [SRJ-IND] B152PR sym=USDJPY bar=2026.06.04 16:35 z1=1780,B,158.789,158.814,2026.05.25 04:50,1,2026.05.26 00:00,158.887,158.784"
2048,JUNE0525-B162,1617DC1ACCE6B50ED2D1359582A70A8B8503C569623EE90C18C6B33542796207,Tester/logs/20261011.log,986166,2026-06-04,16:40,B152PR,"HJ	0	00:09:04.445	Core 04	2026.06.04 16:40:00   [SRJ-IND] B152PR sym=USDJPY bar=2026.06.04 16:35 z1=1949,B,158.916,158.934,2026.05.26 07:25,1,2026.05.26 07:30,158.942,158.934"
2049,JUNE0525-B162,1617DC1ACCE6B50ED2D1359582A70A8B8503C569623EE90C18C6B33542796207,Tester/logs/20261011.log,986167,2026-06-04,16:40,B152PR,"QP	0	00:09:04.445	Core 04	2026.06.04 16:40:00   [SRJ-IND] B152PR sym=USDJPY bar=2026.06.04 16:35 z1=2509,B,159.134,159.195,2026.05.29 19:10,1,2026.05.29 19:35,159.215,159.186"
2050,JUNE0525-B162,1617DC1ACCE6B50ED2D1359582A70A8B8503C569623EE90C18C6B33542796207,Tester/logs/20261011.log,986168,2026-06-04,16:40,B152PR,"PF	0	00:09:04.445	Core 04	2026.06.04 16:40:00   [SRJ-IND] B152PR sym=USDJPY bar=2026.06.04 16:35 z1=2566,B,159.382,159.407,2026.06.01 03:15,1,2026.06.03 11:30,159.790,159.368"
2051,JUNE0525-B162,1617DC1ACCE6B50ED2D1359582A70A8B8503C569623EE90C18C6B33542796207,Tester/logs/20261011.log,986169,2026-06-04,16:40,B152PR,"JL	0	00:09:04.445	Core 04	2026.06.04 16:40:00   [SRJ-IND] B152PR sym=USDJPY bar=2026.06.04 16:35 z1=2648,B,159.435,159.481,2026.06.01 16:00,1,2026.06.03 11:30,159.790,159.368"
2052,JUNE0525-B162,1617DC1ACCE6B50ED2D1359582A70A8B8503C569623EE90C18C6B33542796207,Tester/logs/20261011.log,986170,2026-06-04,16:40,B152PR,"MR	0	00:09:04.445	Core 04	2026.06.04 16:40:00   [SRJ-IND] B152PR sym=USDJPY bar=2026.06.04 16:35 z1=2716,B,159.576,159.603,2026.06.02 03:10,1,2026.06.03 10:35,159.787,159.550"
2053,JUNE0525-B162,1617DC1ACCE6B50ED2D1359582A70A8B8503C569623EE90C18C6B33542796207,Tester/logs/20261011.log,986171,2026-06-04,16:40,B152PR,"CH	0	00:09:04.445	Core 04	2026.06.04 16:40:00   [SRJ-IND] B152PR sym=USDJPY bar=2026.06.04 16:35 z1=2720,B,159.586,159.605,2026.06.02 01:05,1,2026.06.03 10:35,159.787,159.550"
2054,JUNE0525-B162,1617DC1ACCE6B50ED2D1359582A70A8B8503C569623EE90C18C6B33542796207,Tester/logs/20261011.log,986172,2026-06-04,16:40,B152PR,"GN	0	00:09:04.445	Core 04	2026.06.04 16:40:00   [SRJ-IND] B152PR sym=USDJPY bar=2026.06.04 16:35 z1=2945,B,159.579,159.675,2026.06.03 11:15,1,2026.06.03 11:25,159.727,159.674"
2055,JUNE0525-B162,1617DC1ACCE6B50ED2D1359582A70A8B8503C569623EE90C18C6B33542796207,Tester/logs/20261011.log,986173,2026-06-04,16:40,B152PR,"DD	0	00:09:04.445	Core 04	2026.06.04 16:40:00   [SRJ-IND] B152PR sym=USDJPY bar=2026.06.04 16:35 z1=3150,B,159.820,159.853,2026.06.04 16:05,1,2026.06.04 16:15,159.889,159.852"
2056,JUNE0525-B162,1617DC1ACCE6B50ED2D1359582A70A8B8503C569623EE90C18C6B33542796207,Tester/logs/20261011.log,986174,2026-06-04,16:40,B152PR,"PH	0	00:09:04.445	Core 04	2026.06.04 16:40:00   [SRJ-IND] B152PR sym=USDJPY bar=2026.06.04 16:35 bull=1 bear=0 nz=24"
2057,JUNE0525-B162,1617DC1ACCE6B50ED2D1359582A70A8B8503C569623EE90C18C6B33542796207,Tester/logs/20261011.log,986175,2026-06-04,16:40,B162ORIGIN,"NE	0	00:09:04.445	Core 04	2026.06.04 16:40:00   [SRJ-IND] B162ORIGIN sym=USDJPY bar=2026.06.04 16:35 side=B n=24 origin=3150 range=159.820-159.853 formT=2026.06.04 15:50 set=65,78,212,256,261,313,414,447,449,460,696,714,724,1405,1779,1780,1949,2509,2566,2648,2716,2720,2945,3150"
2058,JUNE0525-B162,1617DC1ACCE6B50ED2D1359582A70A8B8503C569623EE90C18C6B33542796207,Tester/logs/20261011.log,986176,2026-06-04,16:40,B162ORIGIN,"FP	0	00:09:04.445	Core 04	2026.06.04 16:40:00   [SRJ-IND] B162ORIGIN sym=USDJPY bar=2026.06.04 16:35 side=S n=0 origin=NONE range=- formT=- set=-"
2059,JUNE0525-B162,1617DC1ACCE6B50ED2D1359582A70A8B8503C569623EE90C18C6B33542796207,Tester/logs/20261011.log,986182,2026-06-04,16:40,CONFIRMPOLL,"QD	0	00:09:04.445	Core 04	2026.06.04 16:40:00   [SRJ-EA] CONFIRMPOLL bar=2026.06.04 16:35 anchor=Monthly-POC dir=SHORT oppCandle=0 bodyDir=1 body=7pts doji=0 touchAttr=0 confirm=0 shadow=true"
2060,JUNE0525-B162,1617DC1ACCE6B50ED2D1359582A70A8B8503C569623EE90C18C6B33542796207,Tester/logs/20261011.log,986187,2026-06-04,16:45,B152PR,"FP	0	00:09:04.445	Core 04	2026.06.04 16:45:00   [SRJ-IND] B152PR sym=USDJPY bar=2026.06.04 16:40 z1=65,B,156.672,156.773,2026.05.11 04:10,1,2026.05.12 08:55,157.714,156.726"
2061,JUNE0525-B162,1617DC1ACCE6B50ED2D1359582A70A8B8503C569623EE90C18C6B33542796207,Tester/logs/20261011.log,986188,2026-06-04,16:45,B152PR,"FF	0	00:09:04.445	Core 04	2026.06.04 16:45:00   [SRJ-IND] B152PR sym=USDJPY bar=2026.06.04 16:40 z1=78,B,156.578,156.584,2026.05.11 00:35,1,2026.05.11 00:40,156.644,156.537"
2062,JUNE0525-B162,1617DC1ACCE6B50ED2D1359582A70A8B8503C569623EE90C18C6B33542796207,Tester/logs/20261011.log,986189,2026-06-04,16:45,B152PR,"DN	0	00:09:04.445	Core 04	2026.06.04 16:45:00   [SRJ-IND] B152PR sym=USDJPY bar=2026.06.04 16:40 z1=212,B,157.028,157.060,2026.05.11 19:20,1,2026.05.12 00:00,157.152,157.050"
2063,JUNE0525-B162,1617DC1ACCE6B50ED2D1359582A70A8B8503C569623EE90C18C6B33542796207,Tester/logs/20261011.log,986190,2026-06-04,16:45,B152PR,"DP	0	00:09:04.445	Core 04	2026.06.04 16:45:00   [SRJ-IND] B152PR sym=USDJPY bar=2026.06.04 16:40 z1=256,B,157.172,157.178,2026.05.12 01:25,1,2026.05.12 08:55,157.714,156.726"
2064,JUNE0525-B162,1617DC1ACCE6B50ED2D1359582A70A8B8503C569623EE90C18C6B33542796207,Tester/logs/20261011.log,986191,2026-06-04,16:45,B152PR,"NJ	0	00:09:04.445	Core 04	2026.06.04 16:45:00   [SRJ-IND] B152PR sym=USDJPY bar=2026.06.04 16:40 z1=261,B,157.184,157.192,2026.05.12 03:00,1,2026.05.12 08:55,157.714,156.726"
2065,JUNE0525-B162,1617DC1ACCE6B50ED2D1359582A70A8B8503C569623EE90C18C6B33542796207,Tester/logs/20261011.log,986192,2026-06-04,16:45,B152PR,"JL	0	00:09:04.445	Core 04	2026.06.04 16:45:00   [SRJ-IND] B152PR sym=USDJPY bar=2026.06.04 16:40 z1=313,B,157.331,157.497,2026.05.12 10:00,1,2026.05.12 10:10,157.546,157.487"
2066,JUNE0525-B162,1617DC1ACCE6B50ED2D1359582A70A8B8503C569623EE90C18C6B33542796207,Tester/logs/20261011.log,986193,2026-06-04,16:45,B152PR,"CF	0	00:09:04.445	Core 04	2026.06.04 16:45:00   [SRJ-IND] B152PR sym=USDJPY bar=2026.06.04 16:40 z1=414,B,157.517,157.589,2026.05.13 01:10,1,2026.05.13 01:20,157.607,157.587"
2067,JUNE0525-B162,1617DC1ACCE6B50ED2D1359582A70A8B8503C569623EE90C18C6B33542796207,Tester/logs/20261011.log,986194,2026-06-04,16:45,B152PR,"PH	0	00:09:04.445	Core 04	2026.06.04 16:45:00   [SRJ-IND] B152PR sym=USDJPY bar=2026.06.04 16:40 z1=447,B,157.562,157.648,2026.05.13 06:20,1,2026.05.13 06:25,157.662,157.648"
2068,JUNE0525-B162,1617DC1ACCE6B50ED2D1359582A70A8B8503C569623EE90C18C6B33542796207,Tester/logs/20261011.log,986195,2026-06-04,16:45,B152PR,"OR	0	00:09:04.445	Core 04	2026.06.04 16:45:00   [SRJ-IND] B152PR sym=USDJPY bar=2026.06.04 16:40 z1=449,B,157.599,157.654,2026.05.13 05:15,1,2026.05.13 05:45,157.687,157.652"
2069,JUNE0525-B162,1617DC1ACCE6B50ED2D1359582A70A8B8503C569623EE90C18C6B33542796207,Tester/logs/20261011.log,986196,2026-06-04,16:45,B152PR,"JD	0	00:09:04.445	Core 04	2026.06.04 16:45:00   [SRJ-IND] B152PR sym=USDJPY bar=2026.06.04 16:40 z1=460,B,157.645,157.660,2026.05.13 07:05,1,2026.05.14 00:25,157.812,157.650"
2070,JUNE0525-B162,1617DC1ACCE6B50ED2D1359582A70A8B8503C569623EE90C18C6B33542796207,Tester/logs/20261011.log,986197,2026-06-04,16:45,B152PR,"RI	0	00:09:04.445	Core 04	2026.06.04 16:45:00   [SRJ-IND] B152PR sym=USDJPY bar=2026.06.04 16:40 z1=696,B,157.568,158.167,2026.05.14 18:05,1,2026.05.14 18:10,158.191,158.119"
2071,JUNE0525-B162,1617DC1ACCE6B50ED2D1359582A70A8B8503C569623EE90C18C6B33542796207,Tester/logs/20261011.log,986198,2026-06-04,16:45,B152PR,"JS	0	00:09:04.445	Core 04	2026.06.04 16:45:00   [SRJ-IND] B152PR sym=USDJPY bar=2026.06.04 16:40 z1=714,B,158.107,158.142,2026.05.14 19:30,1,2026.05.14 20:00,158.169,158.142"
2072,JUNE0525-B162,1617DC1ACCE6B50ED2D1359582A70A8B8503C569623EE90C18C6B33542796207,Tester/logs/20261011.log,986199,2026-06-04,16:45,B152PR,"GE	0	00:09:04.445	Core 04	2026.06.04 16:45:00   [SRJ-IND] B152PR sym=USDJPY bar=2026.06.04 16:40 z1=724,B,158.168,158.186,2026.05.14 21:00,1,2026.05.14 21:05,158.191,158.182"
2073,JUNE0525-B162,1617DC1ACCE6B50ED2D1359582A70A8B8503C569623EE90C18C6B33542796207,Tester/logs/20261011.log,986200,2026-06-04,16:45,B152PR,"EL	0	00:09:04.445	Core 04	2026.06.04 16:45:00   [SRJ-IND] B152PR sym=USDJPY bar=2026.06.04 16:40 z1=1405,B,158.735,158.769,2026.05.20 19:00,1,2026.05.20 19:05,158.816,158.753"
2074,JUNE0525-B162,1617DC1ACCE6B50ED2D1359582A70A8B8503C569623EE90C18C6B33542796207,Tester/logs/20261011.log,986201,2026-06-04,16:45,B152PR,"OR	0	00:09:04.445	Core 04	2026.06.04 16:45:00   [SRJ-IND] B152PR sym=USDJPY bar=2026.06.04 16:40 z1=1779,B,158.756,158.800,2026.05.25 06:45,1,2026.05.26 00:00,158.887,158.784"
2075,JUNE0525-B162,1617DC1ACCE6B50ED2D1359582A70A8B8503C569623EE90C18C6B33542796207,Tester/logs/20261011.log,986202,2026-06-04,16:45,B152PR,"NH	0	00:09:04.445	Core 04	2026.06.04 16:45:00   [SRJ-IND] B152PR sym=USDJPY bar=2026.06.04 16:40 z1=1780,B,158.789,158.814,2026.05.25 04:50,1,2026.05.26 00:00,158.887,158.784"
2076,JUNE0525-B162,1617DC1ACCE6B50ED2D1359582A70A8B8503C569623EE90C18C6B33542796207,Tester/logs/20261011.log,986203,2026-06-04,16:45,B152PR,"CN	0	00:09:04.445	Core 04	2026.06.04 16:45:00   [SRJ-IND] B152PR sym=USDJPY bar=2026.06.04 16:40 z1=1949,B,158.916,158.934,2026.05.26 07:25,1,2026.05.26 07:30,158.942,158.934"
2077,JUNE0525-B162,1617DC1ACCE6B50ED2D1359582A70A8B8503C569623EE90C18C6B33542796207,Tester/logs/20261011.log,986204,2026-06-04,16:45,B152PR,"ND	0	00:09:04.445	Core 04	2026.06.04 16:45:00   [SRJ-IND] B152PR sym=USDJPY bar=2026.06.04 16:40 z1=2509,B,159.134,159.195,2026.05.29 19:10,1,2026.05.29 19:35,159.215,159.186"
2078,JUNE0525-B162,1617DC1ACCE6B50ED2D1359582A70A8B8503C569623EE90C18C6B33542796207,Tester/logs/20261011.log,986205,2026-06-04,16:45,B152PR,"KJ	0	00:09:04.445	Core 04	2026.06.04 16:45:00   [SRJ-IND] B152PR sym=USDJPY bar=2026.06.04 16:40 z1=2566,B,159.382,159.407,2026.06.01 03:15,1,2026.06.03 11:30,159.790,159.368"
2079,JUNE0525-B162,1617DC1ACCE6B50ED2D1359582A70A8B8503C569623EE90C18C6B33542796207,Tester/logs/20261011.log,986206,2026-06-04,16:45,B152PR,"EP	0	00:09:04.445	Core 04	2026.06.04 16:45:00   [SRJ-IND] B152PR sym=USDJPY bar=2026.06.04 16:40 z1=2648,B,159.435,159.481,2026.06.01 16:00,1,2026.06.03 11:30,159.790,159.368"
2080,JUNE0525-B162,1617DC1ACCE6B50ED2D1359582A70A8B8503C569623EE90C18C6B33542796207,Tester/logs/20261011.log,986207,2026-06-04,16:45,B152PR,"RF	0	00:09:04.445	Core 04	2026.06.04 16:45:00   [SRJ-IND] B152PR sym=USDJPY bar=2026.06.04 16:40 z1=2716,B,159.576,159.603,2026.06.02 03:10,1,2026.06.03 10:35,159.787,159.550"
2081,JUNE0525-B162,1617DC1ACCE6B50ED2D1359582A70A8B8503C569623EE90C18C6B33542796207,Tester/logs/20261011.log,986208,2026-06-04,16:45,B152PR,"HL	0	00:09:04.445	Core 04	2026.06.04 16:45:00   [SRJ-IND] B152PR sym=USDJPY bar=2026.06.04 16:40 z1=2720,B,159.586,159.605,2026.06.02 01:05,1,2026.06.03 10:35,159.787,159.550"
2082,JUNE0525-B162,1617DC1ACCE6B50ED2D1359582A70A8B8503C569623EE90C18C6B33542796207,Tester/logs/20261011.log,986209,2026-06-04,16:45,B152PR,"DR	0	00:09:04.445	Core 04	2026.06.04 16:45:00   [SRJ-IND] B152PR sym=USDJPY bar=2026.06.04 16:40 z1=2945,B,159.579,159.675,2026.06.03 11:15,1,2026.06.03 11:25,159.727,159.674"
2083,JUNE0525-B162,1617DC1ACCE6B50ED2D1359582A70A8B8503C569623EE90C18C6B33542796207,Tester/logs/20261011.log,986210,2026-06-04,16:45,B152PR,"GH	0	00:09:04.445	Core 04	2026.06.04 16:45:00   [SRJ-IND] B152PR sym=USDJPY bar=2026.06.04 16:40 z1=3150,B,159.820,159.853,2026.06.04 16:05,1,2026.06.04 16:15,159.889,159.852"
2084,JUNE0525-B162,1617DC1ACCE6B50ED2D1359582A70A8B8503C569623EE90C18C6B33542796207,Tester/logs/20261011.log,986211,2026-06-04,16:45,B152PR,"KL	0	00:09:04.445	Core 04	2026.06.04 16:45:00   [SRJ-IND] B152PR sym=USDJPY bar=2026.06.04 16:40 bull=1 bear=0 nz=24"
2085,JUNE0525-B162,1617DC1ACCE6B50ED2D1359582A70A8B8503C569623EE90C18C6B33542796207,Tester/logs/20261011.log,986212,2026-06-04,16:45,B162ORIGIN,"QQ	0	00:09:04.445	Core 04	2026.06.04 16:45:00   [SRJ-IND] B162ORIGIN sym=USDJPY bar=2026.06.04 16:40 side=B n=24 origin=3150 range=159.820-159.853 formT=2026.06.04 15:50 set=65,78,212,256,261,313,414,447,449,460,696,714,724,1405,1779,1780,1949,2509,2566,2648,2716,2720,2945,3150"
2086,JUNE0525-B162,1617DC1ACCE6B50ED2D1359582A70A8B8503C569623EE90C18C6B33542796207,Tester/logs/20261011.log,986213,2026-06-04,16:45,B162ORIGIN,"IL	0	00:09:04.445	Core 04	2026.06.04 16:45:00   [SRJ-IND] B162ORIGIN sym=USDJPY bar=2026.06.04 16:40 side=S n=0 origin=NONE range=- formT=- set=-"
2087,JUNE0525-B162,1617DC1ACCE6B50ED2D1359582A70A8B8503C569623EE90C18C6B33542796207,Tester/logs/20261011.log,986223,2026-06-04,16:45,CONFIRMPOLL,"PR	0	00:09:04.445	Core 04	2026.06.04 16:45:00   [SRJ-EA] CONFIRMPOLL bar=2026.06.04 16:40 anchor=Monthly-POC dir=SHORT oppCandle=0 bodyDir=0 body=11pts doji=0 touchAttr=0 confirm=0 shadow=true"
2088,JUNE0525-B162,1617DC1ACCE6B50ED2D1359582A70A8B8503C569623EE90C18C6B33542796207,Tester/logs/20261011.log,986229,2026-06-04,16:50,B152PR,"OP	0	00:09:04.445	Core 04	2026.06.04 16:50:02   [SRJ-IND] B152PR sym=USDJPY bar=2026.06.04 16:45 z1=65,B,156.672,156.773,2026.05.11 04:10,1,2026.05.12 08:55,157.714,156.726"
2089,JUNE0525-B162,1617DC1ACCE6B50ED2D1359582A70A8B8503C569623EE90C18C6B33542796207,Tester/logs/20261011.log,986230,2026-06-04,16:50,B152PR,"GF	0	00:09:04.445	Core 04	2026.06.04 16:50:02   [SRJ-IND] B152PR sym=USDJPY bar=2026.06.04 16:45 z1=78,B,156.578,156.584,2026.05.11 00:35,1,2026.05.11 00:40,156.644,156.537"
2090,JUNE0525-B162,1617DC1ACCE6B50ED2D1359582A70A8B8503C569623EE90C18C6B33542796207,Tester/logs/20261011.log,986231,2026-06-04,16:50,B152PR,"QO	0	00:09:04.445	Core 04	2026.06.04 16:50:02   [SRJ-IND] B152PR sym=USDJPY bar=2026.06.04 16:45 z1=212,B,157.028,157.060,2026.05.11 19:20,1,2026.05.12 00:00,157.152,157.050"
2091,JUNE0525-B162,1617DC1ACCE6B50ED2D1359582A70A8B8503C569623EE90C18C6B33542796207,Tester/logs/20261011.log,986232,2026-06-04,16:50,B152PR,"QQ	0	00:09:04.445	Core 04	2026.06.04 16:50:02   [SRJ-IND] B152PR sym=USDJPY bar=2026.06.04 16:45 z1=256,B,157.172,157.178,2026.05.12 01:25,1,2026.05.12 08:55,157.714,156.726"
2092,JUNE0525-B162,1617DC1ACCE6B50ED2D1359582A70A8B8503C569623EE90C18C6B33542796207,Tester/logs/20261011.log,986233,2026-06-04,16:50,B152PR,"OJ	0	00:09:04.445	Core 04	2026.06.04 16:50:02   [SRJ-IND] B152PR sym=USDJPY bar=2026.06.04 16:45 z1=261,B,157.184,157.192,2026.05.12 03:00,1,2026.05.12 08:55,157.714,156.726"
2093,JUNE0525-B162,1617DC1ACCE6B50ED2D1359582A70A8B8503C569623EE90C18C6B33542796207,Tester/logs/20261011.log,986234,2026-06-04,16:50,B152PR,"CL	0	00:09:04.445	Core 04	2026.06.04 16:50:02   [SRJ-IND] B152PR sym=USDJPY bar=2026.06.04 16:45 z1=313,B,157.331,157.497,2026.05.12 10:00,1,2026.05.12 10:10,157.546,157.487"
2094,JUNE0525-B162,1617DC1ACCE6B50ED2D1359582A70A8B8503C569623EE90C18C6B33542796207,Tester/logs/20261011.log,986235,2026-06-04,16:50,B152PR,"RF	0	00:09:04.445	Core 04	2026.06.04 16:50:02   [SRJ-IND] B152PR sym=USDJPY bar=2026.06.04 16:45 z1=414,B,157.517,157.589,2026.05.13 01:10,1,2026.05.13 01:20,157.607,157.587"
2095,JUNE0525-B162,1617DC1ACCE6B50ED2D1359582A70A8B8503C569623EE90C18C6B33542796207,Tester/logs/20261011.log,986236,2026-06-04,16:50,B152PR,"EH	0	00:09:04.445	Core 04	2026.06.04 16:50:02   [SRJ-IND] B152PR sym=USDJPY bar=2026.06.04 16:45 z1=447,B,157.562,157.648,2026.05.13 06:20,1,2026.05.13 06:25,157.662,157.648"
2096,JUNE0525-B162,1617DC1ACCE6B50ED2D1359582A70A8B8503C569623EE90C18C6B33542796207,Tester/logs/20261011.log,986237,2026-06-04,16:50,B152PR,"NR	0	00:09:04.445	Core 04	2026.06.04 16:50:02   [SRJ-IND] B152PR sym=USDJPY bar=2026.06.04 16:45 z1=449,B,157.599,157.654,2026.05.13 05:15,1,2026.05.13 05:45,157.687,157.652"
2097,JUNE0525-B162,1617DC1ACCE6B50ED2D1359582A70A8B8503C569623EE90C18C6B33542796207,Tester/logs/20261011.log,986238,2026-06-04,16:50,B152PR,"CD	0	00:09:04.445	Core 04	2026.06.04 16:50:02   [SRJ-IND] B152PR sym=USDJPY bar=2026.06.04 16:45 z1=460,B,157.645,157.660,2026.05.13 07:05,1,2026.05.14 00:25,157.812,157.650"
2098,JUNE0525-B162,1617DC1ACCE6B50ED2D1359582A70A8B8503C569623EE90C18C6B33542796207,Tester/logs/20261011.log,986239,2026-06-04,16:50,B152PR,"CN	0	00:09:04.445	Core 04	2026.06.04 16:50:02   [SRJ-IND] B152PR sym=USDJPY bar=2026.06.04 16:45 z1=696,B,157.568,158.167,2026.05.14 18:05,1,2026.05.14 18:10,158.191,158.119"
2099,JUNE0525-B162,1617DC1ACCE6B50ED2D1359582A70A8B8503C569623EE90C18C6B33542796207,Tester/logs/20261011.log,986240,2026-06-04,16:50,B152PR,"KP	0	00:09:04.445	Core 04	2026.06.04 16:50:02   [SRJ-IND] B152PR sym=USDJPY bar=2026.06.04 16:45 z1=714,B,158.107,158.142,2026.05.14 19:30,1,2026.05.14 20:00,158.169,158.142"
2100,JUNE0525-B162,1617DC1ACCE6B50ED2D1359582A70A8B8503C569623EE90C18C6B33542796207,Tester/logs/20261011.log,986241,2026-06-04,16:50,B152PR,"FE	0	00:09:04.445	Core 04	2026.06.04 16:50:02   [SRJ-IND] B152PR sym=USDJPY bar=2026.06.04 16:45 z1=724,B,158.168,158.186,2026.05.14 21:00,1,2026.05.14 21:05,158.191,158.182"
2101,JUNE0525-B162,1617DC1ACCE6B50ED2D1359582A70A8B8503C569623EE90C18C6B33542796207,Tester/logs/20261011.log,986242,2026-06-04,16:50,B152PR,"HL	0	00:09:04.445	Core 04	2026.06.04 16:50:02   [SRJ-IND] B152PR sym=USDJPY bar=2026.06.04 16:45 z1=1405,B,158.735,158.769,2026.05.20 19:00,1,2026.05.20 19:05,158.816,158.753"
2102,JUNE0525-B162,1617DC1ACCE6B50ED2D1359582A70A8B8503C569623EE90C18C6B33542796207,Tester/logs/20261011.log,986243,2026-06-04,16:50,B152PR,"NR	0	00:09:04.445	Core 04	2026.06.04 16:50:02   [SRJ-IND] B152PR sym=USDJPY bar=2026.06.04 16:45 z1=1779,B,158.756,158.800,2026.05.25 06:45,1,2026.05.26 00:00,158.887,158.784"
2103,JUNE0525-B162,1617DC1ACCE6B50ED2D1359582A70A8B8503C569623EE90C18C6B33542796207,Tester/logs/20261011.log,986244,2026-06-04,16:50,B152PR,"OH	0	00:09:04.445	Core 04	2026.06.04 16:50:02   [SRJ-IND] B152PR sym=USDJPY bar=2026.06.04 16:45 z1=1780,B,158.789,158.814,2026.05.25 04:50,1,2026.05.26 00:00,158.887,158.784"
2104,JUNE0525-B162,1617DC1ACCE6B50ED2D1359582A70A8B8503C569623EE90C18C6B33542796207,Tester/logs/20261011.log,986245,2026-06-04,16:50,B152PR,"JN	0	00:09:04.445	Core 04	2026.06.04 16:50:02   [SRJ-IND] B152PR sym=USDJPY bar=2026.06.04 16:45 z1=1949,B,158.916,158.934,2026.05.26 07:25,1,2026.05.26 07:30,158.942,158.934"
2105,JUNE0525-B162,1617DC1ACCE6B50ED2D1359582A70A8B8503C569623EE90C18C6B33542796207,Tester/logs/20261011.log,986246,2026-06-04,16:50,B152PR,"OD	0	00:09:04.445	Core 04	2026.06.04 16:50:02   [SRJ-IND] B152PR sym=USDJPY bar=2026.06.04 16:45 z1=2509,B,159.134,159.195,2026.05.29 19:10,1,2026.05.29 19:35,159.215,159.186"
2106,JUNE0525-B162,1617DC1ACCE6B50ED2D1359582A70A8B8503C569623EE90C18C6B33542796207,Tester/logs/20261011.log,986247,2026-06-04,16:50,B152PR,"RJ	0	00:09:04.445	Core 04	2026.06.04 16:50:02   [SRJ-IND] B152PR sym=USDJPY bar=2026.06.04 16:45 z1=2566,B,159.382,159.407,2026.06.01 03:15,1,2026.06.03 11:30,159.790,159.368"
2107,JUNE0525-B162,1617DC1ACCE6B50ED2D1359582A70A8B8503C569623EE90C18C6B33542796207,Tester/logs/20261011.log,986248,2026-06-04,16:50,B152PR,"HP	0	00:09:04.445	Core 04	2026.06.04 16:50:02   [SRJ-IND] B152PR sym=USDJPY bar=2026.06.04 16:45 z1=2648,B,159.435,159.481,2026.06.01 16:00,1,2026.06.03 11:30,159.790,159.368"
2108,JUNE0525-B162,1617DC1ACCE6B50ED2D1359582A70A8B8503C569623EE90C18C6B33542796207,Tester/logs/20261011.log,986249,2026-06-04,16:50,B152PR,"KF	0	00:09:04.445	Core 04	2026.06.04 16:50:02   [SRJ-IND] B152PR sym=USDJPY bar=2026.06.04 16:45 z1=2716,B,159.576,159.603,2026.06.02 03:10,1,2026.06.03 10:35,159.787,159.550"
2109,JUNE0525-B162,1617DC1ACCE6B50ED2D1359582A70A8B8503C569623EE90C18C6B33542796207,Tester/logs/20261011.log,986250,2026-06-04,16:50,B152PR,"EL	0	00:09:04.445	Core 04	2026.06.04 16:50:02   [SRJ-IND] B152PR sym=USDJPY bar=2026.06.04 16:45 z1=2720,B,159.586,159.605,2026.06.02 01:05,1,2026.06.03 10:35,159.787,159.550"
2110,JUNE0525-B162,1617DC1ACCE6B50ED2D1359582A70A8B8503C569623EE90C18C6B33542796207,Tester/logs/20261011.log,986251,2026-06-04,16:50,B152PR,"IR	0	00:09:04.445	Core 04	2026.06.04 16:50:02   [SRJ-IND] B152PR sym=USDJPY bar=2026.06.04 16:45 z1=2945,B,159.579,159.675,2026.06.03 11:15,1,2026.06.03 11:25,159.727,159.674"
2111,JUNE0525-B162,1617DC1ACCE6B50ED2D1359582A70A8B8503C569623EE90C18C6B33542796207,Tester/logs/20261011.log,986252,2026-06-04,16:50,B152PR,"FH	0	00:09:04.445	Core 04	2026.06.04 16:50:02   [SRJ-IND] B152PR sym=USDJPY bar=2026.06.04 16:45 z1=3150,B,159.820,159.853,2026.06.04 16:05,1,2026.06.04 16:15,159.889,159.852"
2112,JUNE0525-B162,1617DC1ACCE6B50ED2D1359582A70A8B8503C569623EE90C18C6B33542796207,Tester/logs/20261011.log,986253,2026-06-04,16:50,B152PR,"RL	0	00:09:04.445	Core 04	2026.06.04 16:50:02   [SRJ-IND] B152PR sym=USDJPY bar=2026.06.04 16:45 bull=1 bear=0 nz=24"
2113,JUNE0525-B162,1617DC1ACCE6B50ED2D1359582A70A8B8503C569623EE90C18C6B33542796207,Tester/logs/20261011.log,986254,2026-06-04,16:50,B162ORIGIN,"DQ	0	00:09:04.445	Core 04	2026.06.04 16:50:02   [SRJ-IND] B162ORIGIN sym=USDJPY bar=2026.06.04 16:45 side=B n=24 origin=3150 range=159.820-159.853 formT=2026.06.04 15:50 set=65,78,212,256,261,313,414,447,449,460,696,714,724,1405,1779,1780,1949,2509,2566,2648,2716,2720,2945,3150"
2114,JUNE0525-B162,1617DC1ACCE6B50ED2D1359582A70A8B8503C569623EE90C18C6B33542796207,Tester/logs/20261011.log,986255,2026-06-04,16:50,B162ORIGIN,"LL	0	00:09:04.445	Core 04	2026.06.04 16:50:02   [SRJ-IND] B162ORIGIN sym=USDJPY bar=2026.06.04 16:45 side=S n=0 origin=NONE range=- formT=- set=-"
2115,JUNE0525-B162,1617DC1ACCE6B50ED2D1359582A70A8B8503C569623EE90C18C6B33542796207,Tester/logs/20261011.log,986264,2026-06-04,16:50,CONFIRMPOLL,"FP	0	00:09:04.445	Core 04	2026.06.04 16:50:02   [SRJ-EA] CONFIRMPOLL bar=2026.06.04 16:45 anchor=Monthly-POC dir=SHORT oppCandle=1 bodyDir=0 body=12pts doji=0 touchAttr=1 confirm=0 shadow=true"
2116,JUNE0525-B162,1617DC1ACCE6B50ED2D1359582A70A8B8503C569623EE90C18C6B33542796207,Tester/logs/20261011.log,986272,2026-06-04,16:55,B152PR,"EK	0	00:09:04.445	Core 04	2026.06.04 16:55:03   [SRJ-IND] B152PR sym=USDJPY bar=2026.06.04 16:50 z1=65,B,156.672,156.773,2026.05.11 04:10,1,2026.05.12 08:55,157.714,156.726"
2117,JUNE0525-B162,1617DC1ACCE6B50ED2D1359582A70A8B8503C569623EE90C18C6B33542796207,Tester/logs/20261011.log,986273,2026-06-04,16:55,B152PR,"EQ	0	00:09:04.445	Core 04	2026.06.04 16:55:03   [SRJ-IND] B152PR sym=USDJPY bar=2026.06.04 16:50 z1=78,B,156.578,156.584,2026.05.11 00:35,1,2026.05.11 00:40,156.644,156.537"
2118,JUNE0525-B162,1617DC1ACCE6B50ED2D1359582A70A8B8503C569623EE90C18C6B33542796207,Tester/logs/20261011.log,986274,2026-06-04,16:55,B152PR,"CG	0	00:09:04.445	Core 04	2026.06.04 16:55:03   [SRJ-IND] B152PR sym=USDJPY bar=2026.06.04 16:50 z1=212,B,157.028,157.060,2026.05.11 19:20,1,2026.05.12 00:00,157.152,157.050"
2119,JUNE0525-B162,1617DC1ACCE6B50ED2D1359582A70A8B8503C569623EE90C18C6B33542796207,Tester/logs/20261011.log,986275,2026-06-04,16:55,B152PR,"GI	0	00:09:04.445	Core 04	2026.06.04 16:55:03   [SRJ-IND] B152PR sym=USDJPY bar=2026.06.04 16:50 z1=256,B,157.172,157.178,2026.05.12 01:25,1,2026.05.12 08:55,157.714,156.726"
2120,JUNE0525-B162,1617DC1ACCE6B50ED2D1359582A70A8B8503C569623EE90C18C6B33542796207,Tester/logs/20261011.log,986276,2026-06-04,16:55,B152PR,"MS	0	00:09:04.445	Core 04	2026.06.04 16:55:03   [SRJ-IND] B152PR sym=USDJPY bar=2026.06.04 16:50 z1=261,B,157.184,157.192,2026.05.12 03:00,1,2026.05.12 08:55,157.714,156.726"
2121,JUNE0525-B162,1617DC1ACCE6B50ED2D1359582A70A8B8503C569623EE90C18C6B33542796207,Tester/logs/20261011.log,986277,2026-06-04,16:55,B152PR,"ME	0	00:09:04.445	Core 04	2026.06.04 16:55:03   [SRJ-IND] B152PR sym=USDJPY bar=2026.06.04 16:50 z1=313,B,157.331,157.497,2026.05.12 10:00,1,2026.05.12 10:10,157.546,157.487"
2122,JUNE0525-B162,1617DC1ACCE6B50ED2D1359582A70A8B8503C569623EE90C18C6B33542796207,Tester/logs/20261011.log,986278,2026-06-04,16:55,B152PR,"DO	0	00:09:04.445	Core 04	2026.06.04 16:55:03   [SRJ-IND] B152PR sym=USDJPY bar=2026.06.04 16:50 z1=414,B,157.517,157.589,2026.05.13 01:10,1,2026.05.13 01:20,157.607,157.587"
2123,JUNE0525-B162,1617DC1ACCE6B50ED2D1359582A70A8B8503C569623EE90C18C6B33542796207,Tester/logs/20261011.log,986279,2026-06-04,16:55,B152PR,"KQ	0	00:09:04.445	Core 04	2026.06.04 16:55:03   [SRJ-IND] B152PR sym=USDJPY bar=2026.06.04 16:50 z1=447,B,157.562,157.648,2026.05.13 06:20,1,2026.05.13 06:25,157.662,157.648"
2124,JUNE0525-B162,1617DC1ACCE6B50ED2D1359582A70A8B8503C569623EE90C18C6B33542796207,Tester/logs/20261011.log,986280,2026-06-04,16:55,B152PR,"PK	0	00:09:04.445	Core 04	2026.06.04 16:55:03   [SRJ-IND] B152PR sym=USDJPY bar=2026.06.04 16:50 z1=449,B,157.599,157.654,2026.05.13 05:15,1,2026.05.13 05:45,157.687,157.652"
2125,JUNE0525-B162,1617DC1ACCE6B50ED2D1359582A70A8B8503C569623EE90C18C6B33542796207,Tester/logs/20261011.log,986281,2026-06-04,16:55,B152PR,"ML	0	00:09:04.445	Core 04	2026.06.04 16:55:03   [SRJ-IND] B152PR sym=USDJPY bar=2026.06.04 16:50 z1=460,B,157.645,157.660,2026.05.13 07:05,1,2026.05.14 00:25,157.812,157.650"
2126,JUNE0525-B162,1617DC1ACCE6B50ED2D1359582A70A8B8503C569623EE90C18C6B33542796207,Tester/logs/20261011.log,986282,2026-06-04,16:55,B152PR,"QF	0	00:09:04.445	Core 04	2026.06.04 16:55:03   [SRJ-IND] B152PR sym=USDJPY bar=2026.06.04 16:50 z1=696,B,157.568,158.167,2026.05.14 18:05,1,2026.05.14 18:10,158.191,158.119"
2127,JUNE0525-B162,1617DC1ACCE6B50ED2D1359582A70A8B8503C569623EE90C18C6B33542796207,Tester/logs/20261011.log,986283,2026-06-04,16:55,B152PR,"EH	0	00:09:04.445	Core 04	2026.06.04 16:55:03   [SRJ-IND] B152PR sym=USDJPY bar=2026.06.04 16:50 z1=714,B,158.107,158.142,2026.05.14 19:30,1,2026.05.14 20:00,158.169,158.142"
2128,JUNE0525-B162,1617DC1ACCE6B50ED2D1359582A70A8B8503C569623EE90C18C6B33542796207,Tester/logs/20261011.log,986284,2026-06-04,16:55,B152PR,"HR	0	00:09:04.445	Core 04	2026.06.04 16:55:03   [SRJ-IND] B152PR sym=USDJPY bar=2026.06.04 16:50 z1=724,B,158.168,158.186,2026.05.14 21:00,1,2026.05.14 21:05,158.191,158.182"
2129,JUNE0525-B162,1617DC1ACCE6B50ED2D1359582A70A8B8503C569623EE90C18C6B33542796207,Tester/logs/20261011.log,986285,2026-06-04,16:55,B152PR,"RG	0	00:09:04.445	Core 04	2026.06.04 16:55:03   [SRJ-IND] B152PR sym=USDJPY bar=2026.06.04 16:50 z1=1405,B,158.735,158.769,2026.05.20 19:00,1,2026.05.20 19:05,158.816,158.753"
2130,JUNE0525-B162,1617DC1ACCE6B50ED2D1359582A70A8B8503C569623EE90C18C6B33542796207,Tester/logs/20261011.log,986286,2026-06-04,16:55,B152PR,"DM	0	00:09:04.445	Core 04	2026.06.04 16:55:03   [SRJ-IND] B152PR sym=USDJPY bar=2026.06.04 16:50 z1=1779,B,158.756,158.800,2026.05.25 06:45,1,2026.05.26 00:00,158.887,158.784"
2131,JUNE0525-B162,1617DC1ACCE6B50ED2D1359582A70A8B8503C569623EE90C18C6B33542796207,Tester/logs/20261011.log,986287,2026-06-04,16:55,B152PR,"IS	0	00:09:04.445	Core 04	2026.06.04 16:55:03   [SRJ-IND] B152PR sym=USDJPY bar=2026.06.04 16:50 z1=1780,B,158.789,158.814,2026.05.25 04:50,1,2026.05.26 00:00,158.887,158.784"
2132,JUNE0525-B162,1617DC1ACCE6B50ED2D1359582A70A8B8503C569623EE90C18C6B33542796207,Tester/logs/20261011.log,986288,2026-06-04,16:55,B152PR,"PI	0	00:09:04.445	Core 04	2026.06.04 16:55:03   [SRJ-IND] B152PR sym=USDJPY bar=2026.06.04 16:50 z1=1949,B,158.916,158.934,2026.05.26 07:25,1,2026.05.26 07:30,158.942,158.934"
2133,JUNE0525-B162,1617DC1ACCE6B50ED2D1359582A70A8B8503C569623EE90C18C6B33542796207,Tester/logs/20261011.log,986289,2026-06-04,16:55,B152PR,"IO	0	00:09:04.445	Core 04	2026.06.04 16:55:03   [SRJ-IND] B152PR sym=USDJPY bar=2026.06.04 16:50 z1=2509,B,159.134,159.195,2026.05.29 19:10,1,2026.05.29 19:35,159.215,159.186"
2134,JUNE0525-B162,1617DC1ACCE6B50ED2D1359582A70A8B8503C569623EE90C18C6B33542796207,Tester/logs/20261011.log,986290,2026-06-04,16:55,B152PR,"HE	0	00:09:04.445	Core 04	2026.06.04 16:55:03   [SRJ-IND] B152PR sym=USDJPY bar=2026.06.04 16:50 z1=2566,B,159.382,159.407,2026.06.01 03:15,1,2026.06.03 11:30,159.790,159.368"
2135,JUNE0525-B162,1617DC1ACCE6B50ED2D1359582A70A8B8503C569623EE90C18C6B33542796207,Tester/logs/20261011.log,986291,2026-06-04,16:55,B152PR,"RK	0	00:09:04.445	Core 04	2026.06.04 16:55:03   [SRJ-IND] B152PR sym=USDJPY bar=2026.06.04 16:50 z1=2648,B,159.435,159.481,2026.06.01 16:00,1,2026.06.03 11:30,159.790,159.368"
2136,JUNE0525-B162,1617DC1ACCE6B50ED2D1359582A70A8B8503C569623EE90C18C6B33542796207,Tester/logs/20261011.log,986292,2026-06-04,16:55,B152PR,"EQ	0	00:09:04.445	Core 04	2026.06.04 16:55:03   [SRJ-IND] B152PR sym=USDJPY bar=2026.06.04 16:50 z1=2716,B,159.576,159.603,2026.06.02 03:10,1,2026.06.03 10:35,159.787,159.550"
2137,JUNE0525-B162,1617DC1ACCE6B50ED2D1359582A70A8B8503C569623EE90C18C6B33542796207,Tester/logs/20261011.log,986293,2026-06-04,16:55,B152PR,"KG	0	00:09:04.445	Core 04	2026.06.04 16:55:03   [SRJ-IND] B152PR sym=USDJPY bar=2026.06.04 16:50 z1=2720,B,159.586,159.605,2026.06.02 01:05,1,2026.06.03 10:35,159.787,159.550"
2138,JUNE0525-B162,1617DC1ACCE6B50ED2D1359582A70A8B8503C569623EE90C18C6B33542796207,Tester/logs/20261011.log,986294,2026-06-04,16:55,B152PR,"OM	0	00:09:04.445	Core 04	2026.06.04 16:55:03   [SRJ-IND] B152PR sym=USDJPY bar=2026.06.04 16:50 z1=2945,B,159.579,159.675,2026.06.03 11:15,1,2026.06.03 11:25,159.727,159.674"
2139,JUNE0525-B162,1617DC1ACCE6B50ED2D1359582A70A8B8503C569623EE90C18C6B33542796207,Tester/logs/20261011.log,986295,2026-06-04,16:55,B152PR,"LS	0	00:09:04.445	Core 04	2026.06.04 16:55:03   [SRJ-IND] B152PR sym=USDJPY bar=2026.06.04 16:50 z1=3150,B,159.820,159.853,2026.06.04 16:05,1,2026.06.04 16:15,159.889,159.852"
2140,JUNE0525-B162,1617DC1ACCE6B50ED2D1359582A70A8B8503C569623EE90C18C6B33542796207,Tester/logs/20261011.log,986296,2026-06-04,16:55,B152PR,"HK	0	00:09:04.445	Core 04	2026.06.04 16:55:03   [SRJ-IND] B152PR sym=USDJPY bar=2026.06.04 16:50 bull=1 bear=0 nz=24"
2141,JUNE0525-B162,1617DC1ACCE6B50ED2D1359582A70A8B8503C569623EE90C18C6B33542796207,Tester/logs/20261011.log,986297,2026-06-04,16:55,B162ORIGIN,"NH	0	00:09:04.445	Core 04	2026.06.04 16:55:03   [SRJ-IND] B162ORIGIN sym=USDJPY bar=2026.06.04 16:50 side=B n=24 origin=3150 range=159.820-159.853 formT=2026.06.04 15:50 set=65,78,212,256,261,313,414,447,449,460,696,714,724,1405,1779,1780,1949,2509,2566,2648,2716,2720,2945,3150"
2142,JUNE0525-B162,1617DC1ACCE6B50ED2D1359582A70A8B8503C569623EE90C18C6B33542796207,Tester/logs/20261011.log,986298,2026-06-04,16:55,B162ORIGIN,"FG	0	00:09:04.445	Core 04	2026.06.04 16:55:03   [SRJ-IND] B162ORIGIN sym=USDJPY bar=2026.06.04 16:50 side=S n=0 origin=NONE range=- formT=- set=-"
2143,JUNE0525-B162,1617DC1ACCE6B50ED2D1359582A70A8B8503C569623EE90C18C6B33542796207,Tester/logs/20261011.log,986305,2026-06-04,16:55,CONFIRMPOLL,"DM	0	00:09:04.445	Core 04	2026.06.04 16:55:03   [SRJ-EA] CONFIRMPOLL bar=2026.06.04 16:50 anchor=Monthly-POC dir=SHORT oppCandle=1 bodyDir=0 body=21pts doji=0 touchAttr=1 confirm=0 shadow=true"
2144,JUNE0525-B162,1617DC1ACCE6B50ED2D1359582A70A8B8503C569623EE90C18C6B33542796207,Tester/logs/20261011.log,986310,2026-06-04,17:00,B152PR,"JF	0	00:09:04.445	Core 04	2026.06.04 17:00:00   [SRJ-IND] B152PR sym=USDJPY bar=2026.06.04 16:55 z1=65,B,156.672,156.773,2026.05.11 04:10,1,2026.05.12 08:55,157.714,156.726"
2145,JUNE0525-B162,1617DC1ACCE6B50ED2D1359582A70A8B8503C569623EE90C18C6B33542796207,Tester/logs/20261011.log,986311,2026-06-04,17:00,B152PR,"JL	0	00:09:04.445	Core 04	2026.06.04 17:00:00   [SRJ-IND] B152PR sym=USDJPY bar=2026.06.04 16:55 z1=78,B,156.578,156.584,2026.05.11 00:35,1,2026.05.11 00:40,156.644,156.537"
2146,JUNE0525-B162,1617DC1ACCE6B50ED2D1359582A70A8B8503C569623EE90C18C6B33542796207,Tester/logs/20261011.log,986312,2026-06-04,17:00,B152PR,"HP	0	00:09:04.445	Core 04	2026.06.04 17:00:00   [SRJ-IND] B152PR sym=USDJPY bar=2026.06.04 16:55 z1=212,B,157.028,157.060,2026.05.11 19:20,1,2026.05.12 00:00,157.152,157.050"
2147,JUNE0525-B162,1617DC1ACCE6B50ED2D1359582A70A8B8503C569623EE90C18C6B33542796207,Tester/logs/20261011.log,986313,2026-06-04,17:00,B152PR,"HJ	0	00:09:04.445	Core 04	2026.06.04 17:00:00   [SRJ-IND] B152PR sym=USDJPY bar=2026.06.04 16:55 z1=256,B,157.172,157.178,2026.05.12 01:25,1,2026.05.12 08:55,157.714,156.726"
2148,JUNE0525-B162,1617DC1ACCE6B50ED2D1359582A70A8B8503C569623EE90C18C6B33542796207,Tester/logs/20261011.log,986314,2026-06-04,17:00,B152PR,"RL	0	00:09:04.445	Core 04	2026.06.04 17:00:00   [SRJ-IND] B152PR sym=USDJPY bar=2026.06.04 16:55 z1=261,B,157.184,157.192,2026.05.12 03:00,1,2026.05.12 08:55,157.714,156.726"
2149,JUNE0525-B162,1617DC1ACCE6B50ED2D1359582A70A8B8503C569623EE90C18C6B33542796207,Tester/logs/20261011.log,986315,2026-06-04,17:00,B152PR,"FF	0	00:09:04.445	Core 04	2026.06.04 17:00:00   [SRJ-IND] B152PR sym=USDJPY bar=2026.06.04 16:55 z1=313,B,157.331,157.497,2026.05.12 10:00,1,2026.05.12 10:10,157.546,157.487"
2150,JUNE0525-B162,1617DC1ACCE6B50ED2D1359582A70A8B8503C569623EE90C18C6B33542796207,Tester/logs/20261011.log,986316,2026-06-04,17:00,B152PR,"GH	0	00:09:04.445	Core 04	2026.06.04 17:00:00   [SRJ-IND] B152PR sym=USDJPY bar=2026.06.04 16:55 z1=414,B,157.517,157.589,2026.05.13 01:10,1,2026.05.13 01:20,157.607,157.587"
2151,JUNE0525-B162,1617DC1ACCE6B50ED2D1359582A70A8B8503C569623EE90C18C6B33542796207,Tester/logs/20261011.log,986317,2026-06-04,17:00,B152PR,"LR	0	00:09:04.445	Core 04	2026.06.04 17:00:00   [SRJ-IND] B152PR sym=USDJPY bar=2026.06.04 16:55 z1=447,B,157.562,157.648,2026.05.13 06:20,1,2026.05.13 06:25,157.662,157.648"
2152,JUNE0525-B162,1617DC1ACCE6B50ED2D1359582A70A8B8503C569623EE90C18C6B33542796207,Tester/logs/20261011.log,986318,2026-06-04,17:00,B152PR,"KD	0	00:09:04.445	Core 04	2026.06.04 17:00:00   [SRJ-IND] B152PR sym=USDJPY bar=2026.06.04 16:55 z1=449,B,157.599,157.654,2026.05.13 05:15,1,2026.05.13 05:45,157.687,157.652"
2153,JUNE0525-B162,1617DC1ACCE6B50ED2D1359582A70A8B8503C569623EE90C18C6B33542796207,Tester/logs/20261011.log,986319,2026-06-04,17:00,B152PR,"FN	0	00:09:04.445	Core 04	2026.06.04 17:00:00   [SRJ-IND] B152PR sym=USDJPY bar=2026.06.04 16:55 z1=460,B,157.645,157.660,2026.05.13 07:05,1,2026.05.14 00:25,157.812,157.650"
2154,JUNE0525-B162,1617DC1ACCE6B50ED2D1359582A70A8B8503C569623EE90C18C6B33542796207,Tester/logs/20261011.log,986320,2026-06-04,17:00,B152PR,"NS	0	00:09:04.445	Core 04	2026.06.04 17:00:00   [SRJ-IND] B152PR sym=USDJPY bar=2026.06.04 16:55 z1=696,B,157.568,158.167,2026.05.14 18:05,1,2026.05.14 18:10,158.191,158.119"
2155,JUNE0525-B162,1617DC1ACCE6B50ED2D1359582A70A8B8503C569623EE90C18C6B33542796207,Tester/logs/20261011.log,986321,2026-06-04,17:00,B152PR,"FE	0	00:09:04.445	Core 04	2026.06.04 17:00:00   [SRJ-IND] B152PR sym=USDJPY bar=2026.06.04 16:55 z1=714,B,158.107,158.142,2026.05.14 19:30,1,2026.05.14 20:00,158.169,158.142"
2156,JUNE0525-B162,1617DC1ACCE6B50ED2D1359582A70A8B8503C569623EE90C18C6B33542796207,Tester/logs/20261011.log,986322,2026-06-04,17:00,B152PR,"CO	0	00:09:04.445	Core 04	2026.06.04 17:00:00   [SRJ-IND] B152PR sym=USDJPY bar=2026.06.04 16:55 z1=724,B,158.168,158.186,2026.05.14 21:00,1,2026.05.14 21:05,158.191,158.182"
2157,JUNE0525-B162,1617DC1ACCE6B50ED2D1359582A70A8B8503C569623EE90C18C6B33542796207,Tester/logs/20261011.log,986323,2026-06-04,17:00,B152PR,"IR	0	00:09:04.445	Core 04	2026.06.04 17:00:00   [SRJ-IND] B152PR sym=USDJPY bar=2026.06.04 16:55 z1=1405,B,158.735,158.769,2026.05.20 19:00,1,2026.05.20 19:05,158.816,158.753"
2158,JUNE0525-B162,1617DC1ACCE6B50ED2D1359582A70A8B8503C569623EE90C18C6B33542796207,Tester/logs/20261011.log,986324,2026-06-04,17:00,B152PR,"KH	0	00:09:04.445	Core 04	2026.06.04 17:00:00   [SRJ-IND] B152PR sym=USDJPY bar=2026.06.04 16:55 z1=1779,B,158.756,158.800,2026.05.25 06:45,1,2026.05.26 00:00,158.887,158.784"
2159,JUNE0525-B162,1617DC1ACCE6B50ED2D1359582A70A8B8503C569623EE90C18C6B33542796207,Tester/logs/20261011.log,986325,2026-06-04,17:00,B152PR,"RN	0	00:09:04.445	Core 04	2026.06.04 17:00:00   [SRJ-IND] B152PR sym=USDJPY bar=2026.06.04 16:55 z1=1780,B,158.789,158.814,2026.05.25 04:50,1,2026.05.26 00:00,158.887,158.784"
2160,JUNE0525-B162,1617DC1ACCE6B50ED2D1359582A70A8B8503C569623EE90C18C6B33542796207,Tester/logs/20261011.log,986326,2026-06-04,17:00,B152PR,"GD	0	00:09:04.445	Core 04	2026.06.04 17:00:00   [SRJ-IND] B152PR sym=USDJPY bar=2026.06.04 16:55 z1=1949,B,158.916,158.934,2026.05.26 07:25,1,2026.05.26 07:30,158.942,158.934"
2161,JUNE0525-B162,1617DC1ACCE6B50ED2D1359582A70A8B8503C569623EE90C18C6B33542796207,Tester/logs/20261011.log,986327,2026-06-04,17:00,B152PR,"RJ	0	00:09:04.445	Core 04	2026.06.04 17:00:00   [SRJ-IND] B152PR sym=USDJPY bar=2026.06.04 16:55 z1=2509,B,159.134,159.195,2026.05.29 19:10,1,2026.05.29 19:35,159.215,159.186"
2162,JUNE0525-B162,1617DC1ACCE6B50ED2D1359582A70A8B8503C569623EE90C18C6B33542796207,Tester/logs/20261011.log,986328,2026-06-04,17:00,B152PR,"OP	0	00:09:04.445	Core 04	2026.06.04 17:00:00   [SRJ-IND] B152PR sym=USDJPY bar=2026.06.04 16:55 z1=2566,B,159.382,159.407,2026.06.01 03:15,1,2026.06.03 11:30,159.790,159.368"
2163,JUNE0525-B162,1617DC1ACCE6B50ED2D1359582A70A8B8503C569623EE90C18C6B33542796207,Tester/logs/20261011.log,986329,2026-06-04,17:00,B152PR,"IF	0	00:09:04.445	Core 04	2026.06.04 17:00:00   [SRJ-IND] B152PR sym=USDJPY bar=2026.06.04 16:55 z1=2648,B,159.435,159.481,2026.06.01 16:00,1,2026.06.03 11:30,159.790,159.368"
2164,JUNE0525-B162,1617DC1ACCE6B50ED2D1359582A70A8B8503C569623EE90C18C6B33542796207,Tester/logs/20261011.log,986330,2026-06-04,17:00,B152PR,"NL	0	00:09:04.445	Core 04	2026.06.04 17:00:00   [SRJ-IND] B152PR sym=USDJPY bar=2026.06.04 16:55 z1=2716,B,159.576,159.603,2026.06.02 03:10,1,2026.06.03 10:35,159.787,159.550"
2165,JUNE0525-B162,1617DC1ACCE6B50ED2D1359582A70A8B8503C569623EE90C18C6B33542796207,Tester/logs/20261011.log,986331,2026-06-04,17:00,B152PR,"DR	0	00:09:04.445	Core 04	2026.06.04 17:00:00   [SRJ-IND] B152PR sym=USDJPY bar=2026.06.04 16:55 z1=2720,B,159.586,159.605,2026.06.02 01:05,1,2026.06.03 10:35,159.787,159.550"
2166,JUNE0525-B162,1617DC1ACCE6B50ED2D1359582A70A8B8503C569623EE90C18C6B33542796207,Tester/logs/20261011.log,986332,2026-06-04,17:00,B152PR,"HH	0	00:09:04.445	Core 04	2026.06.04 17:00:00   [SRJ-IND] B152PR sym=USDJPY bar=2026.06.04 16:55 z1=2945,B,159.579,159.675,2026.06.03 11:15,1,2026.06.03 11:25,159.727,159.674"
2167,JUNE0525-B162,1617DC1ACCE6B50ED2D1359582A70A8B8503C569623EE90C18C6B33542796207,Tester/logs/20261011.log,986333,2026-06-04,17:00,B152PR,"CN	0	00:09:04.445	Core 04	2026.06.04 17:00:00   [SRJ-IND] B152PR sym=USDJPY bar=2026.06.04 16:55 z1=3150,B,159.820,159.853,2026.06.04 16:05,1,2026.06.04 16:15,159.889,159.852"
2168,JUNE0525-B162,1617DC1ACCE6B50ED2D1359582A70A8B8503C569623EE90C18C6B33542796207,Tester/logs/20261011.log,986334,2026-06-04,17:00,B152PR,"OF	0	00:09:04.445	Core 04	2026.06.04 17:00:00   [SRJ-IND] B152PR sym=USDJPY bar=2026.06.04 16:55 bull=1 bear=0 nz=24"
2169,JUNE0525-B162,1617DC1ACCE6B50ED2D1359582A70A8B8503C569623EE90C18C6B33542796207,Tester/logs/20261011.log,986335,2026-06-04,17:00,B162ORIGIN,"MK	0	00:09:04.445	Core 04	2026.06.04 17:00:00   [SRJ-IND] B162ORIGIN sym=USDJPY bar=2026.06.04 16:55 side=B n=24 origin=3150 range=159.820-159.853 formT=2026.06.04 15:50 set=65,78,212,256,261,313,414,447,449,460,696,714,724,1405,1779,1780,1949,2509,2566,2648,2716,2720,2945,3150"
2170,JUNE0525-B162,1617DC1ACCE6B50ED2D1359582A70A8B8503C569623EE90C18C6B33542796207,Tester/logs/20261011.log,986336,2026-06-04,17:00,B162ORIGIN,"EJ	0	00:09:04.445	Core 04	2026.06.04 17:00:00   [SRJ-IND] B162ORIGIN sym=USDJPY bar=2026.06.04 16:55 side=S n=0 origin=NONE range=- formT=- set=-"
2171,JUNE0525-B162,1617DC1ACCE6B50ED2D1359582A70A8B8503C569623EE90C18C6B33542796207,Tester/logs/20261011.log,986341,2026-06-04,17:00,CQDRECHECK,"GF	0	00:09:04.445	Core 04	2026.06.04 17:00:00   [SRJ-EA] CQDRECHECK shift=2 passA=-1.0 passB=-1.0 diff=0 bar=2026.06.04 16:50 state=S1_REGIME dir=SHORT divLatch=1 hit1=0 hit2=604 mism=0"
2172,JUNE0525-B162,1617DC1ACCE6B50ED2D1359582A70A8B8503C569623EE90C18C6B33542796207,Tester/logs/20261011.log,986345,2026-06-04,17:00,CONFIRMPOLL,"RF	0	00:09:04.445	Core 04	2026.06.04 17:00:00   [SRJ-EA] CONFIRMPOLL bar=2026.06.04 16:55 anchor=Monthly-POC dir=SHORT oppCandle=1 bodyDir=0 body=13pts doji=0 touchAttr=1 confirm=0 shadow=true"
2173,JUNE0525-B162,1617DC1ACCE6B50ED2D1359582A70A8B8503C569623EE90C18C6B33542796207,Tester/logs/20261011.log,986351,2026-06-04,17:05,B152PR,"FI	0	00:09:04.445	Core 04	2026.06.04 17:05:00   [SRJ-IND] B152PR sym=USDJPY bar=2026.06.04 17:00 z1=65,B,156.672,156.773,2026.05.11 04:10,1,2026.05.12 08:55,157.714,156.726"
2174,JUNE0525-B162,1617DC1ACCE6B50ED2D1359582A70A8B8503C569623EE90C18C6B33542796207,Tester/logs/20261011.log,986352,2026-06-04,17:05,B152PR,"FO	0	00:09:04.445	Core 04	2026.06.04 17:05:00   [SRJ-IND] B152PR sym=USDJPY bar=2026.06.04 17:00 z1=78,B,156.578,156.584,2026.05.11 00:35,1,2026.05.11 00:40,156.644,156.537"
2175,JUNE0525-B162,1617DC1ACCE6B50ED2D1359582A70A8B8503C569623EE90C18C6B33542796207,Tester/logs/20261011.log,986353,2026-06-04,17:05,B152PR,"DQ	0	00:09:04.445	Core 04	2026.06.04 17:05:00   [SRJ-IND] B152PR sym=USDJPY bar=2026.06.04 17:00 z1=212,B,157.028,157.060,2026.05.11 19:20,1,2026.05.12 00:00,157.152,157.050"
2176,JUNE0525-B162,1617DC1ACCE6B50ED2D1359582A70A8B8503C569623EE90C18C6B33542796207,Tester/logs/20261011.log,986354,2026-06-04,17:05,B152PR,"DK	0	00:09:04.445	Core 04	2026.06.04 17:05:00   [SRJ-IND] B152PR sym=USDJPY bar=2026.06.04 17:00 z1=256,B,157.172,157.178,2026.05.12 01:25,1,2026.05.12 08:55,157.714,156.726"
2177,JUNE0525-B162,1617DC1ACCE6B50ED2D1359582A70A8B8503C569623EE90C18C6B33542796207,Tester/logs/20261011.log,986355,2026-06-04,17:05,B152PR,"NM	0	00:09:04.445	Core 04	2026.06.04 17:05:00   [SRJ-IND] B152PR sym=USDJPY bar=2026.06.04 17:00 z1=261,B,157.184,157.192,2026.05.12 03:00,1,2026.05.12 08:55,157.714,156.726"
2178,JUNE0525-B162,1617DC1ACCE6B50ED2D1359582A70A8B8503C569623EE90C18C6B33542796207,Tester/logs/20261011.log,986356,2026-06-04,17:05,B152PR,"JG	0	00:09:04.445	Core 04	2026.06.04 17:05:00   [SRJ-IND] B152PR sym=USDJPY bar=2026.06.04 17:00 z1=313,B,157.331,157.497,2026.05.12 10:00,1,2026.05.12 10:10,157.546,157.487"
2179,JUNE0525-B162,1617DC1ACCE6B50ED2D1359582A70A8B8503C569623EE90C18C6B33542796207,Tester/logs/20261011.log,986357,2026-06-04,17:05,B152PR,"CI	0	00:09:04.445	Core 04	2026.06.04 17:05:00   [SRJ-IND] B152PR sym=USDJPY bar=2026.06.04 17:00 z1=414,B,157.517,157.589,2026.05.13 01:10,1,2026.05.13 01:20,157.607,157.587"
2180,JUNE0525-B162,1617DC1ACCE6B50ED2D1359582A70A8B8503C569623EE90C18C6B33542796207,Tester/logs/20261011.log,986358,2026-06-04,17:05,B152PR,"PS	0	00:09:04.445	Core 04	2026.06.04 17:05:00   [SRJ-IND] B152PR sym=USDJPY bar=2026.06.04 17:00 z1=447,B,157.562,157.648,2026.05.13 06:20,1,2026.05.13 06:25,157.662,157.648"
2181,JUNE0525-B162,1617DC1ACCE6B50ED2D1359582A70A8B8503C569623EE90C18C6B33542796207,Tester/logs/20261011.log,986359,2026-06-04,17:05,B152PR,"OE	0	00:09:04.445	Core 04	2026.06.04 17:05:00   [SRJ-IND] B152PR sym=USDJPY bar=2026.06.04 17:00 z1=449,B,157.599,157.654,2026.05.13 05:15,1,2026.05.13 05:45,157.687,157.652"
2182,JUNE0525-B162,1617DC1ACCE6B50ED2D1359582A70A8B8503C569623EE90C18C6B33542796207,Tester/logs/20261011.log,986360,2026-06-04,17:05,B152PR,"JO	0	00:09:04.445	Core 04	2026.06.04 17:05:00   [SRJ-IND] B152PR sym=USDJPY bar=2026.06.04 17:00 z1=460,B,157.645,157.660,2026.05.13 07:05,1,2026.05.14 00:25,157.812,157.650"
2183,JUNE0525-B162,1617DC1ACCE6B50ED2D1359582A70A8B8503C569623EE90C18C6B33542796207,Tester/logs/20261011.log,986361,2026-06-04,17:05,B152PR,"RP	0	00:09:04.445	Core 04	2026.06.04 17:05:00   [SRJ-IND] B152PR sym=USDJPY bar=2026.06.04 17:00 z1=696,B,157.568,158.167,2026.05.14 18:05,1,2026.05.14 18:10,158.191,158.119"
2184,JUNE0525-B162,1617DC1ACCE6B50ED2D1359582A70A8B8503C569623EE90C18C6B33542796207,Tester/logs/20261011.log,986362,2026-06-04,17:05,B152PR,"JJ	0	00:09:04.445	Core 04	2026.06.04 17:05:00   [SRJ-IND] B152PR sym=USDJPY bar=2026.06.04 17:00 z1=714,B,158.107,158.142,2026.05.14 19:30,1,2026.05.14 20:00,158.169,158.142"
2185,JUNE0525-B162,1617DC1ACCE6B50ED2D1359582A70A8B8503C569623EE90C18C6B33542796207,Tester/logs/20261011.log,986363,2026-06-04,17:05,B152PR,"GL	0	00:09:04.445	Core 04	2026.06.04 17:05:00   [SRJ-IND] B152PR sym=USDJPY bar=2026.06.04 17:00 z1=724,B,158.168,158.186,2026.05.14 21:00,1,2026.05.14 21:05,158.191,158.182"
2186,JUNE0525-B162,1617DC1ACCE6B50ED2D1359582A70A8B8503C569623EE90C18C6B33542796207,Tester/logs/20261011.log,986364,2026-06-04,17:05,B152PR,"EE	0	00:09:04.445	Core 04	2026.06.04 17:05:00   [SRJ-IND] B152PR sym=USDJPY bar=2026.06.04 17:00 z1=1405,B,158.735,158.769,2026.05.20 19:00,1,2026.05.20 19:05,158.816,158.753"
2187,JUNE0525-B162,1617DC1ACCE6B50ED2D1359582A70A8B8503C569623EE90C18C6B33542796207,Tester/logs/20261011.log,986365,2026-06-04,17:05,B152PR,"OK	0	00:09:04.445	Core 04	2026.06.04 17:05:00   [SRJ-IND] B152PR sym=USDJPY bar=2026.06.04 17:00 z1=1779,B,158.756,158.800,2026.05.25 06:45,1,2026.05.26 00:00,158.887,158.784"
2188,JUNE0525-B162,1617DC1ACCE6B50ED2D1359582A70A8B8503C569623EE90C18C6B33542796207,Tester/logs/20261011.log,986366,2026-06-04,17:05,B152PR,"NQ	0	00:09:04.445	Core 04	2026.06.04 17:05:00   [SRJ-IND] B152PR sym=USDJPY bar=2026.06.04 17:00 z1=1780,B,158.789,158.814,2026.05.25 04:50,1,2026.05.26 00:00,158.887,158.784"
2189,JUNE0525-B162,1617DC1ACCE6B50ED2D1359582A70A8B8503C569623EE90C18C6B33542796207,Tester/logs/20261011.log,986367,2026-06-04,17:05,B152PR,"CG	0	00:09:04.445	Core 04	2026.06.04 17:05:00   [SRJ-IND] B152PR sym=USDJPY bar=2026.06.04 17:00 z1=1949,B,158.916,158.934,2026.05.26 07:25,1,2026.05.26 07:30,158.942,158.934"
2190,JUNE0525-B162,1617DC1ACCE6B50ED2D1359582A70A8B8503C569623EE90C18C6B33542796207,Tester/logs/20261011.log,986368,2026-06-04,17:05,B152PR,"NM	0	00:09:04.445	Core 04	2026.06.04 17:05:00   [SRJ-IND] B152PR sym=USDJPY bar=2026.06.04 17:00 z1=2509,B,159.134,159.195,2026.05.29 19:10,1,2026.05.29 19:35,159.215,159.186"
2191,JUNE0525-B162,1617DC1ACCE6B50ED2D1359582A70A8B8503C569623EE90C18C6B33542796207,Tester/logs/20261011.log,986369,2026-06-04,17:05,B152PR,"KS	0	00:09:04.445	Core 04	2026.06.04 17:05:00   [SRJ-IND] B152PR sym=USDJPY bar=2026.06.04 17:00 z1=2566,B,159.382,159.407,2026.06.01 03:15,1,2026.06.03 11:30,159.790,159.368"
2192,JUNE0525-B162,1617DC1ACCE6B50ED2D1359582A70A8B8503C569623EE90C18C6B33542796207,Tester/logs/20261011.log,986370,2026-06-04,17:05,B152PR,"EI	0	00:09:04.445	Core 04	2026.06.04 17:05:00   [SRJ-IND] B152PR sym=USDJPY bar=2026.06.04 17:00 z1=2648,B,159.435,159.481,2026.06.01 16:00,1,2026.06.03 11:30,159.790,159.368"
2193,JUNE0525-B162,1617DC1ACCE6B50ED2D1359582A70A8B8503C569623EE90C18C6B33542796207,Tester/logs/20261011.log,986371,2026-06-04,17:05,B152PR,"RO	0	00:09:04.445	Core 04	2026.06.04 17:05:00   [SRJ-IND] B152PR sym=USDJPY bar=2026.06.04 17:00 z1=2716,B,159.576,159.603,2026.06.02 03:10,1,2026.06.03 10:35,159.787,159.550"
2194,JUNE0525-B162,1617DC1ACCE6B50ED2D1359582A70A8B8503C569623EE90C18C6B33542796207,Tester/logs/20261011.log,986372,2026-06-04,17:05,B152PR,"HE	0	00:09:04.445	Core 04	2026.06.04 17:05:00   [SRJ-IND] B152PR sym=USDJPY bar=2026.06.04 17:00 z1=2720,B,159.586,159.605,2026.06.02 01:05,1,2026.06.03 10:35,159.787,159.550"
2195,JUNE0525-B162,1617DC1ACCE6B50ED2D1359582A70A8B8503C569623EE90C18C6B33542796207,Tester/logs/20261011.log,986373,2026-06-04,17:05,B152PR,"DK	0	00:09:04.445	Core 04	2026.06.04 17:05:00   [SRJ-IND] B152PR sym=USDJPY bar=2026.06.04 17:00 z1=2945,B,159.579,159.675,2026.06.03 11:15,1,2026.06.03 11:25,159.727,159.674"
2196,JUNE0525-B162,1617DC1ACCE6B50ED2D1359582A70A8B8503C569623EE90C18C6B33542796207,Tester/logs/20261011.log,986374,2026-06-04,17:05,B152PR,"GQ	0	00:09:04.445	Core 04	2026.06.04 17:05:00   [SRJ-IND] B152PR sym=USDJPY bar=2026.06.04 17:00 z1=3150,B,159.820,159.853,2026.06.04 16:05,1,2026.06.04 16:15,159.889,159.852"
2197,JUNE0525-B162,1617DC1ACCE6B50ED2D1359582A70A8B8503C569623EE90C18C6B33542796207,Tester/logs/20261011.log,986375,2026-06-04,17:05,B152PR,"KE	0	00:09:04.445	Core 04	2026.06.04 17:05:00   [SRJ-IND] B152PR sym=USDJPY bar=2026.06.04 17:00 bull=1 bear=0 nz=24"
2198,JUNE0525-B162,1617DC1ACCE6B50ED2D1359582A70A8B8503C569623EE90C18C6B33542796207,Tester/logs/20261011.log,986376,2026-06-04,17:05,B162ORIGIN,"QJ	0	00:09:04.445	Core 04	2026.06.04 17:05:00   [SRJ-IND] B162ORIGIN sym=USDJPY bar=2026.06.04 17:00 side=B n=24 origin=3150 range=159.820-159.853 formT=2026.06.04 15:50 set=65,78,212,256,261,313,414,447,449,460,696,714,724,1405,1779,1780,1949,2509,2566,2648,2716,2720,2945,3150"
2199,JUNE0525-B162,1617DC1ACCE6B50ED2D1359582A70A8B8503C569623EE90C18C6B33542796207,Tester/logs/20261011.log,986377,2026-06-04,17:05,B162ORIGIN,"IE	0	00:09:04.445	Core 04	2026.06.04 17:05:00   [SRJ-IND] B162ORIGIN sym=USDJPY bar=2026.06.04 17:00 side=S n=0 origin=NONE range=- formT=- set=-"
2200,JUNE0525-B162,1617DC1ACCE6B50ED2D1359582A70A8B8503C569623EE90C18C6B33542796207,Tester/logs/20261011.log,986389,2026-06-04,17:05,CONFIRMPOLL,"DG	0	00:09:04.445	Core 04	2026.06.04 17:05:00   [SRJ-EA] CONFIRMPOLL bar=2026.06.04 17:00 anchor=Monthly-POC dir=LONG oppCandle=0 bodyDir=0 body=15pts doji=0 touchAttr=0 confirm=0 shadow=true"
2201,JUNE0525-B162,1617DC1ACCE6B50ED2D1359582A70A8B8503C569623EE90C18C6B33542796207,Tester/logs/20261011.log,986391,2026-06-04,17:05,STATE,"JP	0	00:09:04.445	Core 04	2026.06.04 17:05:00   [SRJ-EA] 2026.06.04 17:05:00 STATE S1_REGIME->S2_LTF_ALIGN dir=LONG poi=Monthly-POC"
2202,JUNE0525-B162,1617DC1ACCE6B50ED2D1359582A70A8B8503C569623EE90C18C6B33542796207,Tester/logs/20261011.log,986392,2026-06-04,17:05,STATE,"KL	0	00:09:04.445	Core 04	2026.06.04 17:05:00   [SRJ-EA] 2026.06.04 17:05:00 STATE S2_LTF_ALIGN->S3_ZONE_WAIT dir=LONG poi=Monthly-POC"
2203,JUNE0525-B162,1617DC1ACCE6B50ED2D1359582A70A8B8503C569623EE90C18C6B33542796207,Tester/logs/20261011.log,986396,2026-06-04,17:05,XOBPROMO,"IE	0	00:09:04.445	Core 04	2026.06.04 17:05:00   [SRJ-EA] XOBPROMO bar=2026.06.04 17:00 site=S3PICK xobId=3150 raw=1780589100.0 promoT=2026.06.04 16:05"
2204,JUNE0525-B162,1617DC1ACCE6B50ED2D1359582A70A8B8503C569623EE90C18C6B33542796207,Tester/logs/20261011.log,986397,2026-06-04,17:05,ZONEPICK,"CD	0	00:09:04.445	Core 04	2026.06.04 17:05:00   [SRJ-EA] ZONEPICK bar=2026.06.04 17:00 dir=LONG haveFvg=0 fvgInPlay=0 haveXob=1 xobInPlay=1 downgraded=0 fvg=--- xob=159.820-159.853"
2205,JUNE0525-B162,1617DC1ACCE6B50ED2D1359582A70A8B8503C569623EE90C18C6B33542796207,Tester/logs/20261011.log,986412,2026-06-04,17:05,INPLAYCOMMIT,"RK	0	00:09:04.445	Core 04	2026.06.04 17:05:00   [SRJ-EA] INPLAYCOMMIT bar=2026.06.04 17:00 dir=LONG zoneSrc=XOB zoneLo=159.820 zoneHi=159.853 promoT=2026.06.04 16:05 applied=1 bounded=1 scanned=14 swings=3 hits=3 firstShift=5 firstVal=159.847 commitVia=SWING legacy=1 legacyVia=SWING1 committed=1 changed=0 haveStop=1"
2206,JUNE0525-B162,1617DC1ACCE6B50ED2D1359582A70A8B8503C569623EE90C18C6B33542796207,Tester/logs/20261011.log,986413,2026-06-04,17:05,STATE,"DS	0	00:09:04.445	Core 04	2026.06.04 17:05:00   [SRJ-EA] 2026.06.04 17:05:00 STATE S3_ZONE_WAIT->S4_ARMED dir=LONG poi=Monthly-POC"
2207,JUNE0525-B162,1617DC1ACCE6B50ED2D1359582A70A8B8503C569623EE90C18C6B33542796207,Tester/logs/20261011.log,986423,2026-06-04,17:10,B152PR,"MS	0	00:09:04.445	Core 04	2026.06.04 17:10:00   [SRJ-IND] B152PR sym=USDJPY bar=2026.06.04 17:05 z1=65,B,156.672,156.773,2026.05.11 04:10,1,2026.05.12 08:55,157.714,156.726"
2208,JUNE0525-B162,1617DC1ACCE6B50ED2D1359582A70A8B8503C569623EE90C18C6B33542796207,Tester/logs/20261011.log,986424,2026-06-04,17:10,B152PR,"MI	0	00:09:04.445	Core 04	2026.06.04 17:10:00   [SRJ-IND] B152PR sym=USDJPY bar=2026.06.04 17:05 z1=78,B,156.578,156.584,2026.05.11 00:35,1,2026.05.11 00:40,156.644,156.537"
2209,JUNE0525-B162,1617DC1ACCE6B50ED2D1359582A70A8B8503C569623EE90C18C6B33542796207,Tester/logs/20261011.log,986425,2026-06-04,17:10,B152PR,"KL	0	00:09:04.445	Core 04	2026.06.04 17:10:00   [SRJ-IND] B152PR sym=USDJPY bar=2026.06.04 17:05 z1=212,B,157.028,157.060,2026.05.11 19:20,1,2026.05.12 00:00,157.152,157.050"
2210,JUNE0525-B162,1617DC1ACCE6B50ED2D1359582A70A8B8503C569623EE90C18C6B33542796207,Tester/logs/20261011.log,986426,2026-06-04,17:10,B152PR,"KF	0	00:09:04.445	Core 04	2026.06.04 17:10:00   [SRJ-IND] B152PR sym=USDJPY bar=2026.06.04 17:05 z1=256,B,157.172,157.178,2026.05.12 01:25,1,2026.05.12 08:55,157.714,156.726"
2211,JUNE0525-B162,1617DC1ACCE6B50ED2D1359582A70A8B8503C569623EE90C18C6B33542796207,Tester/logs/20261011.log,986427,2026-06-04,17:10,B152PR,"EH	0	00:09:04.445	Core 04	2026.06.04 17:10:00   [SRJ-IND] B152PR sym=USDJPY bar=2026.06.04 17:05 z1=261,B,157.184,157.192,2026.05.12 03:00,1,2026.05.12 08:55,157.714,156.726"
2212,JUNE0525-B162,1617DC1ACCE6B50ED2D1359582A70A8B8503C569623EE90C18C6B33542796207,Tester/logs/20261011.log,986428,2026-06-04,17:10,B152PR,"QR	0	00:09:04.445	Core 04	2026.06.04 17:10:00   [SRJ-IND] B152PR sym=USDJPY bar=2026.06.04 17:05 z1=313,B,157.331,157.497,2026.05.12 10:00,1,2026.05.12 10:10,157.546,157.487"
2213,JUNE0525-B162,1617DC1ACCE6B50ED2D1359582A70A8B8503C569623EE90C18C6B33542796207,Tester/logs/20261011.log,986429,2026-06-04,17:10,B152PR,"LG	0	00:09:04.445	Core 04	2026.06.04 17:10:00   [SRJ-IND] B152PR sym=USDJPY bar=2026.06.04 17:05 z1=414,B,157.517,157.589,2026.05.13 01:10,1,2026.05.13 01:20,157.607,157.587"
2214,JUNE0525-B162,1617DC1ACCE6B50ED2D1359582A70A8B8503C569623EE90C18C6B33542796207,Tester/logs/20261011.log,986430,2026-06-04,17:10,B152PR,"GI	0	00:09:04.445	Core 04	2026.06.04 17:10:00   [SRJ-IND] B152PR sym=USDJPY bar=2026.06.04 17:05 z1=447,B,157.562,157.648,2026.05.13 06:20,1,2026.05.13 06:25,157.662,157.648"
2215,JUNE0525-B162,1617DC1ACCE6B50ED2D1359582A70A8B8503C569623EE90C18C6B33542796207,Tester/logs/20261011.log,986431,2026-06-04,17:10,B152PR,"HS	0	00:09:04.445	Core 04	2026.06.04 17:10:00   [SRJ-IND] B152PR sym=USDJPY bar=2026.06.04 17:05 z1=449,B,157.599,157.654,2026.05.13 05:15,1,2026.05.13 05:45,157.687,157.652"
2216,JUNE0525-B162,1617DC1ACCE6B50ED2D1359582A70A8B8503C569623EE90C18C6B33542796207,Tester/logs/20261011.log,986432,2026-06-04,17:10,B152PR,"QE	0	00:09:04.445	Core 04	2026.06.04 17:10:00   [SRJ-IND] B152PR sym=USDJPY bar=2026.06.04 17:05 z1=460,B,157.645,157.660,2026.05.13 07:05,1,2026.05.14 00:25,157.812,157.650"
2217,JUNE0525-B162,1617DC1ACCE6B50ED2D1359582A70A8B8503C569623EE90C18C6B33542796207,Tester/logs/20261011.log,986433,2026-06-04,17:10,B152PR,"IO	0	00:09:04.445	Core 04	2026.06.04 17:10:00   [SRJ-IND] B152PR sym=USDJPY bar=2026.06.04 17:05 z1=696,B,157.568,158.167,2026.05.14 18:05,1,2026.05.14 18:10,158.191,158.119"
2218,JUNE0525-B162,1617DC1ACCE6B50ED2D1359582A70A8B8503C569623EE90C18C6B33542796207,Tester/logs/20261011.log,986434,2026-06-04,17:10,B152PR,"QQ	0	00:09:04.445	Core 04	2026.06.04 17:10:00   [SRJ-IND] B152PR sym=USDJPY bar=2026.06.04 17:05 z1=714,B,158.107,158.142,2026.05.14 19:30,1,2026.05.14 20:00,158.169,158.142"
2219,JUNE0525-B162,1617DC1ACCE6B50ED2D1359582A70A8B8503C569623EE90C18C6B33542796207,Tester/logs/20261011.log,986435,2026-06-04,17:10,B152PR,"PK	0	00:09:04.445	Core 04	2026.06.04 17:10:00   [SRJ-IND] B152PR sym=USDJPY bar=2026.06.04 17:05 z1=724,B,158.168,158.186,2026.05.14 21:00,1,2026.05.14 21:05,158.191,158.182"
2220,JUNE0525-B162,1617DC1ACCE6B50ED2D1359582A70A8B8503C569623EE90C18C6B33542796207,Tester/logs/20261011.log,986436,2026-06-04,17:10,B152PR,"NN	0	00:09:04.445	Core 04	2026.06.04 17:10:00   [SRJ-IND] B152PR sym=USDJPY bar=2026.06.04 17:05 z1=1405,B,158.735,158.769,2026.05.20 19:00,1,2026.05.20 19:05,158.816,158.753"
2221,JUNE0525-B162,1617DC1ACCE6B50ED2D1359582A70A8B8503C569623EE90C18C6B33542796207,Tester/logs/20261011.log,986437,2026-06-04,17:10,B152PR,"HD	0	00:09:04.445	Core 04	2026.06.04 17:10:00   [SRJ-IND] B152PR sym=USDJPY bar=2026.06.04 17:05 z1=1779,B,158.756,158.800,2026.05.25 06:45,1,2026.05.26 00:00,158.887,158.784"
2222,JUNE0525-B162,1617DC1ACCE6B50ED2D1359582A70A8B8503C569623EE90C18C6B33542796207,Tester/logs/20261011.log,986438,2026-06-04,17:10,B152PR,"EJ	0	00:09:04.445	Core 04	2026.06.04 17:10:00   [SRJ-IND] B152PR sym=USDJPY bar=2026.06.04 17:05 z1=1780,B,158.789,158.814,2026.05.25 04:50,1,2026.05.26 00:00,158.887,158.784"
2223,JUNE0525-B162,1617DC1ACCE6B50ED2D1359582A70A8B8503C569623EE90C18C6B33542796207,Tester/logs/20261011.log,986439,2026-06-04,17:10,B152PR,"LP	0	00:09:04.445	Core 04	2026.06.04 17:10:00   [SRJ-IND] B152PR sym=USDJPY bar=2026.06.04 17:05 z1=1949,B,158.916,158.934,2026.05.26 07:25,1,2026.05.26 07:30,158.942,158.934"
2224,JUNE0525-B162,1617DC1ACCE6B50ED2D1359582A70A8B8503C569623EE90C18C6B33542796207,Tester/logs/20261011.log,986440,2026-06-04,17:10,B152PR,"EF	0	00:09:04.445	Core 04	2026.06.04 17:10:00   [SRJ-IND] B152PR sym=USDJPY bar=2026.06.04 17:05 z1=2509,B,159.134,159.195,2026.05.29 19:10,1,2026.05.29 19:35,159.215,159.186"
2225,JUNE0525-B162,1617DC1ACCE6B50ED2D1359582A70A8B8503C569623EE90C18C6B33542796207,Tester/logs/20261011.log,986441,2026-06-04,17:10,B152PR,"DL	0	00:09:04.445	Core 04	2026.06.04 17:10:00   [SRJ-IND] B152PR sym=USDJPY bar=2026.06.04 17:05 z1=2566,B,159.382,159.407,2026.06.01 03:15,1,2026.06.03 11:30,159.790,159.368"
2226,JUNE0525-B162,1617DC1ACCE6B50ED2D1359582A70A8B8503C569623EE90C18C6B33542796207,Tester/logs/20261011.log,986442,2026-06-04,17:10,B152PR,"NR	0	00:09:04.445	Core 04	2026.06.04 17:10:00   [SRJ-IND] B152PR sym=USDJPY bar=2026.06.04 17:05 z1=2648,B,159.435,159.481,2026.06.01 16:00,1,2026.06.03 11:30,159.790,159.368"
2227,JUNE0525-B162,1617DC1ACCE6B50ED2D1359582A70A8B8503C569623EE90C18C6B33542796207,Tester/logs/20261011.log,986443,2026-06-04,17:10,B152PR,"IH	0	00:09:04.445	Core 04	2026.06.04 17:10:00   [SRJ-IND] B152PR sym=USDJPY bar=2026.06.04 17:05 z1=2716,B,159.576,159.603,2026.06.02 03:10,1,2026.06.03 10:35,159.787,159.550"
2228,JUNE0525-B162,1617DC1ACCE6B50ED2D1359582A70A8B8503C569623EE90C18C6B33542796207,Tester/logs/20261011.log,986444,2026-06-04,17:10,B152PR,"ON	0	00:09:04.445	Core 04	2026.06.04 17:10:00   [SRJ-IND] B152PR sym=USDJPY bar=2026.06.04 17:05 z1=2720,B,159.586,159.605,2026.06.02 01:05,1,2026.06.03 10:35,159.787,159.550"
2229,JUNE0525-B162,1617DC1ACCE6B50ED2D1359582A70A8B8503C569623EE90C18C6B33542796207,Tester/logs/20261011.log,986445,2026-06-04,17:10,B152PR,"KD	0	00:09:04.445	Core 04	2026.06.04 17:10:00   [SRJ-IND] B152PR sym=USDJPY bar=2026.06.04 17:05 z1=2945,B,159.579,159.675,2026.06.03 11:15,1,2026.06.03 11:25,159.727,159.674"
2230,JUNE0525-B162,1617DC1ACCE6B50ED2D1359582A70A8B8503C569623EE90C18C6B33542796207,Tester/logs/20261011.log,986446,2026-06-04,17:10,B152PR,"GJ	0	00:09:04.445	Core 04	2026.06.04 17:10:00   [SRJ-IND] B152PR sym=USDJPY bar=2026.06.04 17:05 z1=3121,B,159.881,159.918,2026.06.04 17:00,1,2026.06.04 17:05,159.919,159.900"
2231,JUNE0525-B162,1617DC1ACCE6B50ED2D1359582A70A8B8503C569623EE90C18C6B33542796207,Tester/logs/20261011.log,986447,2026-06-04,17:10,B152PR,"PP	0	00:09:04.445	Core 04	2026.06.04 17:10:00   [SRJ-IND] B152PR sym=USDJPY bar=2026.06.04 17:05 z1=3150,B,159.820,159.853,2026.06.04 16:05,1,2026.06.04 16:15,159.889,159.852"
2232,JUNE0525-B162,1617DC1ACCE6B50ED2D1359582A70A8B8503C569623EE90C18C6B33542796207,Tester/logs/20261011.log,986448,2026-06-04,17:10,B152PR,"CD	0	00:09:04.445	Core 04	2026.06.04 17:10:00   [SRJ-IND] B152PR sym=USDJPY bar=2026.06.04 17:05 bull=1 bear=0 nz=25"
2233,JUNE0525-B162,1617DC1ACCE6B50ED2D1359582A70A8B8503C569623EE90C18C6B33542796207,Tester/logs/20261011.log,986449,2026-06-04,17:10,B162ORIGIN,"NH	0	00:09:04.445	Core 04	2026.06.04 17:10:00   [SRJ-IND] B162ORIGIN sym=USDJPY bar=2026.06.04 17:05 side=B n=25 origin=3150 range=159.820-159.853 formT=2026.06.04 15:50 set=65,78,212,256,261,313,414,447,449,460,696,714,724,1405,1779,1780,1949,2509,2566,2648,2716,2720,2945,3121,3150"
2234,JUNE0525-B162,1617DC1ACCE6B50ED2D1359582A70A8B8503C569623EE90C18C6B33542796207,Tester/logs/20261011.log,986450,2026-06-04,17:10,B162ORIGIN,"HD	0	00:09:04.445	Core 04	2026.06.04 17:10:00   [SRJ-IND] B162ORIGIN sym=USDJPY bar=2026.06.04 17:05 side=S n=0 origin=NONE range=- formT=- set=-"
2235,JUNE0525-B162,1617DC1ACCE6B50ED2D1359582A70A8B8503C569623EE90C18C6B33542796207,Tester/logs/20261011.log,986605,2026-06-04,17:10,CQDRECHECK,"JL	0	00:09:04.445	Core 04	2026.06.04 17:10:00   [SRJ-EA] CQDRECHECK shift=2 passA=2.0 passB=2.0 diff=0 bar=2026.06.04 17:00 state=S4_ARMED dir=LONG divLatch=1 hit1=0 hit2=605 mism=0"
2236,JUNE0525-B162,1617DC1ACCE6B50ED2D1359582A70A8B8503C569623EE90C18C6B33542796207,Tester/logs/20261011.log,986610,2026-06-04,17:10,CONFIRMPOLL,"RM	0	00:09:04.445	Core 04	2026.06.04 17:10:00   [SRJ-EA] CONFIRMPOLL bar=2026.06.04 17:05 anchor=Monthly-POC dir=LONG oppCandle=1 bodyDir=1 body=14pts doji=0 touchAttr=1 confirm=1 shadow=true"
2237,JUNE0525-B162,1617DC1ACCE6B50ED2D1359582A70A8B8503C569623EE90C18C6B33542796207,Tester/logs/20261011.log,986615,2026-06-04,17:10,B60C,"RJ	0	00:09:04.445	Core 04	2026.06.04 17:10:00   [SRJ-EA] B60C bar=2026.06.04 17:05 dir=LONG poi=Monthly-POC rt=2026.06.04 16:25 rSh=9 rBar=2026.06.04 16:25 cSrc=BOTH xt=0 zxob=159.820-159.853 xpromo=2026.06.04 16:05 - C satisfied by retest and prior candles ([B-61 C2][B-129 XT])"
2238,JUNE0525-B162,1617DC1ACCE6B50ED2D1359582A70A8B8503C569623EE90C18C6B33542796207,Tester/logs/20261011.log,986616,2026-06-04,17:10,STATE,"PK	0	00:09:04.445	Core 04	2026.06.04 17:10:00   [SRJ-EA] 2026.06.04 17:10:00 STATE S4_ARMED->S5_GATE_CHECK dir=LONG poi=Monthly-POC"
2239,JUNE0525-B162,1617DC1ACCE6B50ED2D1359582A70A8B8503C569623EE90C18C6B33542796207,Tester/logs/20261011.log,986617,2026-06-04,17:10,D130LATCH,"DQ	0	00:09:04.445	Core 04	2026.06.04 17:10:00   [SRJ-EA] D130LATCH pass=2026.06.04 17:10:00 confBar=2026.06.04 17:05 dir=LONG verdict=2 verdictBar=2026.06.04 17:00 walkShift=2 oppPassed=-1 oppBar=2026.06.04 16:50"
2240,JUNE0525-B162,1617DC1ACCE6B50ED2D1359582A70A8B8503C569623EE90C18C6B33542796207,Tester/logs/20261011.log,986618,2026-06-04,17:10,B150GATE,"IG	0	00:09:04.445	Core 04	2026.06.04 17:10:00   [SRJ-EA] B150GATE bar=2026.06.04 17:05 dir=LONG value=1.0 src=XOB forbar=2026.06.04 17:05"
2241,JUNE0525-B162,1617DC1ACCE6B50ED2D1359582A70A8B8503C569623EE90C18C6B33542796207,Tester/logs/20261011.log,986824,2026-06-04,17:10,B157SL,"HI	0	00:09:04.445	Core 04	2026.06.04 17:10:00   [SRJ-EA] B157SL bar=2026.06.04 17:05 side=LONG flag2xOB=0.0 fvgValid=1.0 branch=ONE_OR_NEITHER first_bar=- first_px=- wo_stop_px=- kept_stop_px=159.847 booked_stop_px=159.847 R_at_open=0.21 reason=KEPT_PATH"
2242,JUNE0525-B162,1617DC1ACCE6B50ED2D1359582A70A8B8503C569623EE90C18C6B33542796207,Tester/logs/20261011.log,986835,2026-06-04,17:10,TP_ELECT,"LG	0	00:09:04.445	Core 04	2026.06.04 17:10:00   [SRJ-EA] TP_ELECT shadow=true entry=159.913 sl=159.847 tp=159.927 R=0.21 bar=2026.06.04 17:05 latchBar=2026.06.04 17:10"
2243,JUNE0525-B162,1617DC1ACCE6B50ED2D1359582A70A8B8503C569623EE90C18C6B33542796207,Tester/logs/20261011.log,986840,2026-06-04,17:10,ABORT,"HN	0	00:09:04.445	Core 04	2026.06.04 17:10:00   [SRJ-EA] 2026.06.04 17:10:00 ABORT reason=TP_RR_FAIL state=S5_GATE_CHECK poi=Monthly-POC dir=LONG"
2244,JUNE0525-B162,1617DC1ACCE6B50ED2D1359582A70A8B8503C569623EE90C18C6B33542796207,Tester/logs/20261011.log,986841,2026-06-04,17:10,A6REFUSED,"NR	0	00:09:04.445	Core 04	2026.06.04 17:10:00   [SRJ-EA] A6REFUSED class=ABSENT_DECLINED bar=2026.06.04 17:10 state=S5_GATE_CHECK dir=LONG predicate=TP_RR_FAIL"
2245,JUNE0525-B162,1617DC1ACCE6B50ED2D1359582A70A8B8503C569623EE90C18C6B33542796207,Tester/logs/20261011.log,986843,2026-06-04,17:10,STATE,"QG	0	00:09:04.445	Core 04	2026.06.04 17:10:00   [SRJ-EA] 2026.06.04 17:10:00 STATE S5_GATE_CHECK->ABORT dir=LONG poi=Monthly-POC"
2246,JUNE0525-B162,1617DC1ACCE6B50ED2D1359582A70A8B8503C569623EE90C18C6B33542796207,Tester/logs/20261011.log,986845,2026-06-04,17:15,B152PR,"HL	0	00:09:04.445	Core 04	2026.06.04 17:15:06   [SRJ-IND] B152PR sym=USDJPY bar=2026.06.04 17:10 z1=65,B,156.672,156.773,2026.05.11 04:10,1,2026.05.12 08:55,157.714,156.726"
2247,JUNE0525-B162,1617DC1ACCE6B50ED2D1359582A70A8B8503C569623EE90C18C6B33542796207,Tester/logs/20261011.log,986846,2026-06-04,17:15,B152PR,"HR	0	00:09:04.445	Core 04	2026.06.04 17:15:06   [SRJ-IND] B152PR sym=USDJPY bar=2026.06.04 17:10 z1=78,B,156.578,156.584,2026.05.11 00:35,1,2026.05.11 00:40,156.644,156.537"
2248,JUNE0525-B162,1617DC1ACCE6B50ED2D1359582A70A8B8503C569623EE90C18C6B33542796207,Tester/logs/20261011.log,986847,2026-06-04,17:15,B152PR,"JJ	0	00:09:04.445	Core 04	2026.06.04 17:15:06   [SRJ-IND] B152PR sym=USDJPY bar=2026.06.04 17:10 z1=212,B,157.028,157.060,2026.05.11 19:20,1,2026.05.12 00:00,157.152,157.050"
2249,JUNE0525-B162,1617DC1ACCE6B50ED2D1359582A70A8B8503C569623EE90C18C6B33542796207,Tester/logs/20261011.log,986848,2026-06-04,17:15,B152PR,"JL	0	00:09:04.445	Core 04	2026.06.04 17:15:06   [SRJ-IND] B152PR sym=USDJPY bar=2026.06.04 17:10 z1=256,B,157.172,157.178,2026.05.12 01:25,1,2026.05.12 08:55,157.714,156.726"
2250,JUNE0525-B162,1617DC1ACCE6B50ED2D1359582A70A8B8503C569623EE90C18C6B33542796207,Tester/logs/20261011.log,986849,2026-06-04,17:15,B152PR,"PF	0	00:09:04.445	Core 04	2026.06.04 17:15:06   [SRJ-IND] B152PR sym=USDJPY bar=2026.06.04 17:10 z1=261,B,157.184,157.192,2026.05.12 03:00,1,2026.05.12 08:55,157.714,156.726"
2251,JUNE0525-B162,1617DC1ACCE6B50ED2D1359582A70A8B8503C569623EE90C18C6B33542796207,Tester/logs/20261011.log,986850,2026-06-04,17:15,B152PR,"DH	0	00:09:04.445	Core 04	2026.06.04 17:15:06   [SRJ-IND] B152PR sym=USDJPY bar=2026.06.04 17:10 z1=313,B,157.331,157.497,2026.05.12 10:00,1,2026.05.12 10:10,157.546,157.487"
2252,JUNE0525-B162,1617DC1ACCE6B50ED2D1359582A70A8B8503C569623EE90C18C6B33542796207,Tester/logs/20261011.log,986851,2026-06-04,17:15,B152PR,"IR	0	00:09:04.445	Core 04	2026.06.04 17:15:06   [SRJ-IND] B152PR sym=USDJPY bar=2026.06.04 17:10 z1=414,B,157.517,157.589,2026.05.13 01:10,1,2026.05.13 01:20,157.607,157.587"
2253,JUNE0525-B162,1617DC1ACCE6B50ED2D1359582A70A8B8503C569623EE90C18C6B33542796207,Tester/logs/20261011.log,986852,2026-06-04,17:15,B152PR,"ND	0	00:09:04.445	Core 04	2026.06.04 17:15:06   [SRJ-IND] B152PR sym=USDJPY bar=2026.06.04 17:10 z1=447,B,157.562,157.648,2026.05.13 06:20,1,2026.05.13 06:25,157.662,157.648"
2254,JUNE0525-B162,1617DC1ACCE6B50ED2D1359582A70A8B8503C569623EE90C18C6B33542796207,Tester/logs/20261011.log,986853,2026-06-04,17:15,B152PR,"MN	0	00:09:04.445	Core 04	2026.06.04 17:15:06   [SRJ-IND] B152PR sym=USDJPY bar=2026.06.04 17:10 z1=449,B,157.599,157.654,2026.05.13 05:15,1,2026.05.13 05:45,157.687,157.652"
2255,JUNE0525-B162,1617DC1ACCE6B50ED2D1359582A70A8B8503C569623EE90C18C6B33542796207,Tester/logs/20261011.log,986854,2026-06-04,17:15,B152PR,"DP	0	00:09:04.445	Core 04	2026.06.04 17:15:06   [SRJ-IND] B152PR sym=USDJPY bar=2026.06.04 17:10 z1=460,B,157.645,157.660,2026.05.13 07:05,1,2026.05.14 00:25,157.812,157.650"
2256,JUNE0525-B162,1617DC1ACCE6B50ED2D1359582A70A8B8503C569623EE90C18C6B33542796207,Tester/logs/20261011.log,986855,2026-06-04,17:15,B152PR,"LE	0	00:09:04.445	Core 04	2026.06.04 17:15:06   [SRJ-IND] B152PR sym=USDJPY bar=2026.06.04 17:10 z1=696,B,157.568,158.167,2026.05.14 18:05,1,2026.05.14 18:10,158.191,158.119"
2257,JUNE0525-B162,1617DC1ACCE6B50ED2D1359582A70A8B8503C569623EE90C18C6B33542796207,Tester/logs/20261011.log,986856,2026-06-04,17:15,B152PR,"DO	0	00:09:04.445	Core 04	2026.06.04 17:15:06   [SRJ-IND] B152PR sym=USDJPY bar=2026.06.04 17:10 z1=714,B,158.107,158.142,2026.05.14 19:30,1,2026.05.14 20:00,158.169,158.142"
2258,JUNE0525-B162,1617DC1ACCE6B50ED2D1359582A70A8B8503C569623EE90C18C6B33542796207,Tester/logs/20261011.log,986857,2026-06-04,17:15,B152PR,"EQ	0	00:09:04.445	Core 04	2026.06.04 17:15:06   [SRJ-IND] B152PR sym=USDJPY bar=2026.06.04 17:10 z1=724,B,158.168,158.186,2026.05.14 21:00,1,2026.05.14 21:05,158.191,158.182"
2259,JUNE0525-B162,1617DC1ACCE6B50ED2D1359582A70A8B8503C569623EE90C18C6B33542796207,Tester/logs/20261011.log,986858,2026-06-04,17:15,B152PR,"GH	0	00:09:04.445	Core 04	2026.06.04 17:15:06   [SRJ-IND] B152PR sym=USDJPY bar=2026.06.04 17:10 z1=1405,B,158.735,158.769,2026.05.20 19:00,1,2026.05.20 19:05,158.816,158.753"
2260,JUNE0525-B162,1617DC1ACCE6B50ED2D1359582A70A8B8503C569623EE90C18C6B33542796207,Tester/logs/20261011.log,986859,2026-06-04,17:15,B152PR,"MN	0	00:09:04.445	Core 04	2026.06.04 17:15:06   [SRJ-IND] B152PR sym=USDJPY bar=2026.06.04 17:10 z1=1779,B,158.756,158.800,2026.05.25 06:45,1,2026.05.26 00:00,158.887,158.784"
2261,JUNE0525-B162,1617DC1ACCE6B50ED2D1359582A70A8B8503C569623EE90C18C6B33542796207,Tester/logs/20261011.log,986860,2026-06-04,17:15,B152PR,"PD	0	00:09:04.445	Core 04	2026.06.04 17:15:06   [SRJ-IND] B152PR sym=USDJPY bar=2026.06.04 17:10 z1=1780,B,158.789,158.814,2026.05.25 04:50,1,2026.05.26 00:00,158.887,158.784"
2262,JUNE0525-B162,1617DC1ACCE6B50ED2D1359582A70A8B8503C569623EE90C18C6B33542796207,Tester/logs/20261011.log,986861,2026-06-04,17:15,B152PR,"IJ	0	00:09:04.445	Core 04	2026.06.04 17:15:06   [SRJ-IND] B152PR sym=USDJPY bar=2026.06.04 17:10 z1=1949,B,158.916,158.934,2026.05.26 07:25,1,2026.05.26 07:30,158.942,158.934"
2263,JUNE0525-B162,1617DC1ACCE6B50ED2D1359582A70A8B8503C569623EE90C18C6B33542796207,Tester/logs/20261011.log,986862,2026-06-04,17:15,B152PR,"PP	0	00:09:04.445	Core 04	2026.06.04 17:15:06   [SRJ-IND] B152PR sym=USDJPY bar=2026.06.04 17:10 z1=2509,B,159.134,159.195,2026.05.29 19:10,1,2026.05.29 19:35,159.215,159.186"
2264,JUNE0525-B162,1617DC1ACCE6B50ED2D1359582A70A8B8503C569623EE90C18C6B33542796207,Tester/logs/20261011.log,986863,2026-06-04,17:15,B152PR,"QF	0	00:09:04.445	Core 04	2026.06.04 17:15:06   [SRJ-IND] B152PR sym=USDJPY bar=2026.06.04 17:10 z1=2566,B,159.382,159.407,2026.06.01 03:15,1,2026.06.03 11:30,159.790,159.368"
2265,JUNE0525-B162,1617DC1ACCE6B50ED2D1359582A70A8B8503C569623EE90C18C6B33542796207,Tester/logs/20261011.log,986864,2026-06-04,17:15,B152PR,"GL	0	00:09:04.445	Core 04	2026.06.04 17:15:06   [SRJ-IND] B152PR sym=USDJPY bar=2026.06.04 17:10 z1=2648,B,159.435,159.481,2026.06.01 16:00,1,2026.06.03 11:30,159.790,159.368"
2266,JUNE0525-B162,1617DC1ACCE6B50ED2D1359582A70A8B8503C569623EE90C18C6B33542796207,Tester/logs/20261011.log,986865,2026-06-04,17:15,B152PR,"LR	0	00:09:04.445	Core 04	2026.06.04 17:15:06   [SRJ-IND] B152PR sym=USDJPY bar=2026.06.04 17:10 z1=2716,B,159.576,159.603,2026.06.02 03:10,1,2026.06.03 10:35,159.787,159.550"
2267,JUNE0525-B162,1617DC1ACCE6B50ED2D1359582A70A8B8503C569623EE90C18C6B33542796207,Tester/logs/20261011.log,986866,2026-06-04,17:15,B152PR,"FH	0	00:09:04.445	Core 04	2026.06.04 17:15:06   [SRJ-IND] B152PR sym=USDJPY bar=2026.06.04 17:10 z1=2720,B,159.586,159.605,2026.06.02 01:05,1,2026.06.03 10:35,159.787,159.550"
2268,JUNE0525-B162,1617DC1ACCE6B50ED2D1359582A70A8B8503C569623EE90C18C6B33542796207,Tester/logs/20261011.log,986867,2026-06-04,17:15,B152PR,"JN	0	00:09:04.445	Core 04	2026.06.04 17:15:06   [SRJ-IND] B152PR sym=USDJPY bar=2026.06.04 17:10 z1=2945,B,159.579,159.675,2026.06.03 11:15,1,2026.06.03 11:25,159.727,159.674"
2269,JUNE0525-B162,1617DC1ACCE6B50ED2D1359582A70A8B8503C569623EE90C18C6B33542796207,Tester/logs/20261011.log,986868,2026-06-04,17:15,B152PR,"ND	0	00:09:04.445	Core 04	2026.06.04 17:15:06   [SRJ-IND] B152PR sym=USDJPY bar=2026.06.04 17:10 z1=3121,B,159.881,159.918,2026.06.04 17:00,1,2026.06.04 17:05,159.919,159.900"
2270,JUNE0525-B162,1617DC1ACCE6B50ED2D1359582A70A8B8503C569623EE90C18C6B33542796207,Tester/logs/20261011.log,986869,2026-06-04,17:15,B152PR,"EJ	0	00:09:04.445	Core 04	2026.06.04 17:15:06   [SRJ-IND] B152PR sym=USDJPY bar=2026.06.04 17:10 z1=3150,B,159.820,159.853,2026.06.04 16:05,1,2026.06.04 16:15,159.889,159.852"
2271,JUNE0525-B162,1617DC1ACCE6B50ED2D1359582A70A8B8503C569623EE90C18C6B33542796207,Tester/logs/20261011.log,986870,2026-06-04,17:15,B152PR,"RR	0	00:09:04.445	Core 04	2026.06.04 17:15:06   [SRJ-IND] B152PR sym=USDJPY bar=2026.06.04 17:10 bull=1 bear=0 nz=25"
2272,JUNE0525-B162,1617DC1ACCE6B50ED2D1359582A70A8B8503C569623EE90C18C6B33542796207,Tester/logs/20261011.log,986871,2026-06-04,17:15,B162ORIGIN,"GM	0	00:09:04.445	Core 04	2026.06.04 17:15:06   [SRJ-IND] B162ORIGIN sym=USDJPY bar=2026.06.04 17:10 side=B n=25 origin=3150 range=159.820-159.853 formT=2026.06.04 15:50 set=65,78,212,256,261,313,414,447,449,460,696,714,724,1405,1779,1780,1949,2509,2566,2648,2716,2720,2945,3121,3150"
2273,JUNE0525-B162,1617DC1ACCE6B50ED2D1359582A70A8B8503C569623EE90C18C6B33542796207,Tester/logs/20261011.log,986872,2026-06-04,17:15,B162ORIGIN,"MN	0	00:09:04.445	Core 04	2026.06.04 17:15:06   [SRJ-IND] B162ORIGIN sym=USDJPY bar=2026.06.04 17:10 side=S n=0 origin=NONE range=- formT=- set=-"
2274,JUNE0525-B162,1617DC1ACCE6B50ED2D1359582A70A8B8503C569623EE90C18C6B33542796207,Tester/logs/20261011.log,986882,2026-06-04,17:20,B152PR,"FP	0	00:09:04.445	Core 04	2026.06.04 17:20:01   [SRJ-IND] B152PR sym=USDJPY bar=2026.06.04 17:15 z1=65,B,156.672,156.773,2026.05.11 04:10,1,2026.05.12 08:55,157.714,156.726"
2275,JUNE0525-B162,1617DC1ACCE6B50ED2D1359582A70A8B8503C569623EE90C18C6B33542796207,Tester/logs/20261011.log,986883,2026-06-04,17:20,B152PR,"FF	0	00:09:04.445	Core 04	2026.06.04 17:20:01   [SRJ-IND] B152PR sym=USDJPY bar=2026.06.04 17:15 z1=78,B,156.578,156.584,2026.05.11 00:35,1,2026.05.11 00:40,156.644,156.537"
2276,JUNE0525-B162,1617DC1ACCE6B50ED2D1359582A70A8B8503C569623EE90C18C6B33542796207,Tester/logs/20261011.log,986884,2026-06-04,17:20,B152PR,"DN	0	00:09:04.445	Core 04	2026.06.04 17:20:01   [SRJ-IND] B152PR sym=USDJPY bar=2026.06.04 17:15 z1=212,B,157.028,157.060,2026.05.11 19:20,1,2026.05.12 00:00,157.152,157.050"
2277,JUNE0525-B162,1617DC1ACCE6B50ED2D1359582A70A8B8503C569623EE90C18C6B33542796207,Tester/logs/20261011.log,986885,2026-06-04,17:20,B152PR,"HP	0	00:09:04.445	Core 04	2026.06.04 17:20:01   [SRJ-IND] B152PR sym=USDJPY bar=2026.06.04 17:15 z1=256,B,157.172,157.178,2026.05.12 01:25,1,2026.05.12 08:55,157.714,156.726"
2278,JUNE0525-B162,1617DC1ACCE6B50ED2D1359582A70A8B8503C569623EE90C18C6B33542796207,Tester/logs/20261011.log,986886,2026-06-04,17:20,B152PR,"NJ	0	00:09:04.445	Core 04	2026.06.04 17:20:01   [SRJ-IND] B152PR sym=USDJPY bar=2026.06.04 17:15 z1=261,B,157.184,157.192,2026.05.12 03:00,1,2026.05.12 08:55,157.714,156.726"
2279,JUNE0525-B162,1617DC1ACCE6B50ED2D1359582A70A8B8503C569623EE90C18C6B33542796207,Tester/logs/20261011.log,986887,2026-06-04,17:20,B152PR,"NL	0	00:09:04.445	Core 04	2026.06.04 17:20:01   [SRJ-IND] B152PR sym=USDJPY bar=2026.06.04 17:15 z1=313,B,157.331,157.497,2026.05.12 10:00,1,2026.05.12 10:10,157.546,157.487"
2280,JUNE0525-B162,1617DC1ACCE6B50ED2D1359582A70A8B8503C569623EE90C18C6B33542796207,Tester/logs/20261011.log,986888,2026-06-04,17:20,B152PR,"CF	0	00:09:04.445	Core 04	2026.06.04 17:20:01   [SRJ-IND] B152PR sym=USDJPY bar=2026.06.04 17:15 z1=414,B,157.517,157.589,2026.05.13 01:10,1,2026.05.13 01:20,157.607,157.587"
2281,JUNE0525-B162,1617DC1ACCE6B50ED2D1359582A70A8B8503C569623EE90C18C6B33542796207,Tester/logs/20261011.log,986889,2026-06-04,17:20,B152PR,"LH	0	00:09:04.445	Core 04	2026.06.04 17:20:01   [SRJ-IND] B152PR sym=USDJPY bar=2026.06.04 17:15 z1=447,B,157.562,157.648,2026.05.13 06:20,1,2026.05.13 06:25,157.662,157.648"
2282,JUNE0525-B162,1617DC1ACCE6B50ED2D1359582A70A8B8503C569623EE90C18C6B33542796207,Tester/logs/20261011.log,986890,2026-06-04,17:20,B152PR,"OR	0	00:09:04.445	Core 04	2026.06.04 17:20:01   [SRJ-IND] B152PR sym=USDJPY bar=2026.06.04 17:15 z1=449,B,157.599,157.654,2026.05.13 05:15,1,2026.05.13 05:45,157.687,157.652"
2283,JUNE0525-B162,1617DC1ACCE6B50ED2D1359582A70A8B8503C569623EE90C18C6B33542796207,Tester/logs/20261011.log,986891,2026-06-04,17:20,B152PR,"NG	0	00:09:04.445	Core 04	2026.06.04 17:20:01   [SRJ-IND] B152PR sym=USDJPY bar=2026.06.04 17:15 z1=460,B,157.645,157.660,2026.05.13 07:05,1,2026.05.14 00:25,157.812,157.650"
2284,JUNE0525-B162,1617DC1ACCE6B50ED2D1359582A70A8B8503C569623EE90C18C6B33542796207,Tester/logs/20261011.log,986892,2026-06-04,17:20,B152PR,"RI	0	00:09:04.445	Core 04	2026.06.04 17:20:01   [SRJ-IND] B152PR sym=USDJPY bar=2026.06.04 17:15 z1=696,B,157.568,158.167,2026.05.14 18:05,1,2026.05.14 18:10,158.191,158.119"
2285,JUNE0525-B162,1617DC1ACCE6B50ED2D1359582A70A8B8503C569623EE90C18C6B33542796207,Tester/logs/20261011.log,986893,2026-06-04,17:20,B152PR,"FS	0	00:09:04.445	Core 04	2026.06.04 17:20:01   [SRJ-IND] B152PR sym=USDJPY bar=2026.06.04 17:15 z1=714,B,158.107,158.142,2026.05.14 19:30,1,2026.05.14 20:00,158.169,158.142"
2286,JUNE0525-B162,1617DC1ACCE6B50ED2D1359582A70A8B8503C569623EE90C18C6B33542796207,Tester/logs/20261011.log,986894,2026-06-04,17:20,B152PR,"GE	0	00:09:04.445	Core 04	2026.06.04 17:20:01   [SRJ-IND] B152PR sym=USDJPY bar=2026.06.04 17:15 z1=724,B,158.168,158.186,2026.05.14 21:00,1,2026.05.14 21:05,158.191,158.182"
2287,JUNE0525-B162,1617DC1ACCE6B50ED2D1359582A70A8B8503C569623EE90C18C6B33542796207,Tester/logs/20261011.log,986895,2026-06-04,17:20,B152PR,"QL	0	00:09:04.445	Core 04	2026.06.04 17:20:01   [SRJ-IND] B152PR sym=USDJPY bar=2026.06.04 17:15 z1=1405,B,158.735,158.769,2026.05.20 19:00,1,2026.05.20 19:05,158.816,158.753"
2288,JUNE0525-B162,1617DC1ACCE6B50ED2D1359582A70A8B8503C569623EE90C18C6B33542796207,Tester/logs/20261011.log,986896,2026-06-04,17:20,B152PR,"CR	0	00:09:04.445	Core 04	2026.06.04 17:20:01   [SRJ-IND] B152PR sym=USDJPY bar=2026.06.04 17:15 z1=1779,B,158.756,158.800,2026.05.25 06:45,1,2026.05.26 00:00,158.887,158.784"
2289,JUNE0525-B162,1617DC1ACCE6B50ED2D1359582A70A8B8503C569623EE90C18C6B33542796207,Tester/logs/20261011.log,986897,2026-06-04,17:20,B152PR,"JH	0	00:09:04.445	Core 04	2026.06.04 17:20:01   [SRJ-IND] B152PR sym=USDJPY bar=2026.06.04 17:15 z1=1780,B,158.789,158.814,2026.05.25 04:50,1,2026.05.26 00:00,158.887,158.784"
2290,JUNE0525-B162,1617DC1ACCE6B50ED2D1359582A70A8B8503C569623EE90C18C6B33542796207,Tester/logs/20261011.log,986898,2026-06-04,17:20,B152PR,"ON	0	00:09:04.445	Core 04	2026.06.04 17:20:01   [SRJ-IND] B152PR sym=USDJPY bar=2026.06.04 17:15 z1=1949,B,158.916,158.934,2026.05.26 07:25,1,2026.05.26 07:30,158.942,158.934"
2291,JUNE0525-B162,1617DC1ACCE6B50ED2D1359582A70A8B8503C569623EE90C18C6B33542796207,Tester/logs/20261011.log,986899,2026-06-04,17:20,B152PR,"JD	0	00:09:04.445	Core 04	2026.06.04 17:20:01   [SRJ-IND] B152PR sym=USDJPY bar=2026.06.04 17:15 z1=2509,B,159.134,159.195,2026.05.29 19:10,1,2026.05.29 19:35,159.215,159.186"
2292,JUNE0525-B162,1617DC1ACCE6B50ED2D1359582A70A8B8503C569623EE90C18C6B33542796207,Tester/logs/20261011.log,986900,2026-06-04,17:20,B152PR,"GJ	0	00:09:04.445	Core 04	2026.06.04 17:20:01   [SRJ-IND] B152PR sym=USDJPY bar=2026.06.04 17:15 z1=2566,B,159.382,159.407,2026.06.01 03:15,1,2026.06.03 11:30,159.790,159.368"
2293,JUNE0525-B162,1617DC1ACCE6B50ED2D1359582A70A8B8503C569623EE90C18C6B33542796207,Tester/logs/20261011.log,986901,2026-06-04,17:20,B152PR,"QP	0	00:09:04.445	Core 04	2026.06.04 17:20:01   [SRJ-IND] B152PR sym=USDJPY bar=2026.06.04 17:15 z1=2648,B,159.435,159.481,2026.06.01 16:00,1,2026.06.03 11:30,159.790,159.368"
2294,JUNE0525-B162,1617DC1ACCE6B50ED2D1359582A70A8B8503C569623EE90C18C6B33542796207,Tester/logs/20261011.log,986902,2026-06-04,17:20,B152PR,"FF	0	00:09:04.445	Core 04	2026.06.04 17:20:01   [SRJ-IND] B152PR sym=USDJPY bar=2026.06.04 17:15 z1=2716,B,159.576,159.603,2026.06.02 03:10,1,2026.06.03 10:35,159.787,159.550"
2295,JUNE0525-B162,1617DC1ACCE6B50ED2D1359582A70A8B8503C569623EE90C18C6B33542796207,Tester/logs/20261011.log,986903,2026-06-04,17:20,B152PR,"LL	0	00:09:04.445	Core 04	2026.06.04 17:20:01   [SRJ-IND] B152PR sym=USDJPY bar=2026.06.04 17:15 z1=2720,B,159.586,159.605,2026.06.02 01:05,1,2026.06.03 10:35,159.787,159.550"
2296,JUNE0525-B162,1617DC1ACCE6B50ED2D1359582A70A8B8503C569623EE90C18C6B33542796207,Tester/logs/20261011.log,986904,2026-06-04,17:20,B152PR,"PR	0	00:09:04.445	Core 04	2026.06.04 17:20:01   [SRJ-IND] B152PR sym=USDJPY bar=2026.06.04 17:15 z1=2945,B,159.579,159.675,2026.06.03 11:15,1,2026.06.03 11:25,159.727,159.674"
2297,JUNE0525-B162,1617DC1ACCE6B50ED2D1359582A70A8B8503C569623EE90C18C6B33542796207,Tester/logs/20261011.log,986905,2026-06-04,17:20,B152PR,"DH	0	00:09:04.445	Core 04	2026.06.04 17:20:01   [SRJ-IND] B152PR sym=USDJPY bar=2026.06.04 17:15 z1=3121,B,159.881,159.918,2026.06.04 17:00,1,2026.06.04 17:05,159.919,159.900"
2298,JUNE0525-B162,1617DC1ACCE6B50ED2D1359582A70A8B8503C569623EE90C18C6B33542796207,Tester/logs/20261011.log,986906,2026-06-04,17:20,B152PR,"KN	0	00:09:04.445	Core 04	2026.06.04 17:20:01   [SRJ-IND] B152PR sym=USDJPY bar=2026.06.04 17:15 z1=3150,B,159.820,159.853,2026.06.04 16:05,1,2026.06.04 16:15,159.889,159.852"
2299,JUNE0525-B162,1617DC1ACCE6B50ED2D1359582A70A8B8503C569623EE90C18C6B33542796207,Tester/logs/20261011.log,986907,2026-06-04,17:20,B152PR,"HF	0	00:09:04.445	Core 04	2026.06.04 17:20:01   [SRJ-IND] B152PR sym=USDJPY bar=2026.06.04 17:15 bull=1 bear=0 nz=25"
2300,JUNE0525-B162,1617DC1ACCE6B50ED2D1359582A70A8B8503C569623EE90C18C6B33542796207,Tester/logs/20261011.log,986908,2026-06-04,17:20,B162ORIGIN,"II	0	00:09:04.445	Core 04	2026.06.04 17:20:01   [SRJ-IND] B162ORIGIN sym=USDJPY bar=2026.06.04 17:15 side=B n=25 origin=3150 range=159.820-159.853 formT=2026.06.04 15:50 set=65,78,212,256,261,313,414,447,449,460,696,714,724,1405,1779,1780,1949,2509,2566,2648,2716,2720,2945,3121,3150"
2301,JUNE0525-B162,1617DC1ACCE6B50ED2D1359582A70A8B8503C569623EE90C18C6B33542796207,Tester/logs/20261011.log,986909,2026-06-04,17:20,B162ORIGIN,"OJ	0	00:09:04.445	Core 04	2026.06.04 17:20:01   [SRJ-IND] B162ORIGIN sym=USDJPY bar=2026.06.04 17:15 side=S n=0 origin=NONE range=- formT=- set=-"
2302,JUNE0525-B162,1617DC1ACCE6B50ED2D1359582A70A8B8503C569623EE90C18C6B33542796207,Tester/logs/20261011.log,986913,2026-06-04,17:20,CQDRECHECK,"RN	0	00:09:04.445	Core 04	2026.06.04 17:20:01   [SRJ-EA] CQDRECHECK shift=2 passA=-1.0 passB=-1.0 diff=0 bar=2026.06.04 17:10 state=IDLE dir=NONE divLatch=0 hit1=0 hit2=606 mism=0"
2303,JUNE0525-B162,1617DC1ACCE6B50ED2D1359582A70A8B8503C569623EE90C18C6B33542796207,Tester/logs/20261011.log,986918,2026-06-04,17:25,B152PR,"NP	0	00:09:04.445	Core 04	2026.06.04 17:25:02   [SRJ-IND] B152PR sym=USDJPY bar=2026.06.04 17:20 z1=65,B,156.672,156.773,2026.05.11 04:10,1,2026.05.12 08:55,157.714,156.726"
2304,JUNE0525-B162,1617DC1ACCE6B50ED2D1359582A70A8B8503C569623EE90C18C6B33542796207,Tester/logs/20261011.log,986919,2026-06-04,17:25,B152PR,"NF	0	00:09:04.445	Core 04	2026.06.04 17:25:02   [SRJ-IND] B152PR sym=USDJPY bar=2026.06.04 17:20 z1=78,B,156.578,156.584,2026.05.11 00:35,1,2026.05.11 00:40,156.644,156.537"
2305,JUNE0525-B162,1617DC1ACCE6B50ED2D1359582A70A8B8503C569623EE90C18C6B33542796207,Tester/logs/20261011.log,986920,2026-06-04,17:25,B152PR,"LO	0	00:09:04.445	Core 04	2026.06.04 17:25:02   [SRJ-IND] B152PR sym=USDJPY bar=2026.06.04 17:20 z1=212,B,157.028,157.060,2026.05.11 19:20,1,2026.05.12 00:00,157.152,157.050"
2306,JUNE0525-B162,1617DC1ACCE6B50ED2D1359582A70A8B8503C569623EE90C18C6B33542796207,Tester/logs/20261011.log,986921,2026-06-04,17:25,B152PR,"PQ	0	00:09:04.445	Core 04	2026.06.04 17:25:02   [SRJ-IND] B152PR sym=USDJPY bar=2026.06.04 17:20 z1=256,B,157.172,157.178,2026.05.12 01:25,1,2026.05.12 08:55,157.714,156.726"
2307,JUNE0525-B162,1617DC1ACCE6B50ED2D1359582A70A8B8503C569623EE90C18C6B33542796207,Tester/logs/20261011.log,986922,2026-06-04,17:25,B152PR,"FK	0	00:09:04.445	Core 04	2026.06.04 17:25:02   [SRJ-IND] B152PR sym=USDJPY bar=2026.06.04 17:20 z1=261,B,157.184,157.192,2026.05.12 03:00,1,2026.05.12 08:55,157.714,156.726"
2308,JUNE0525-B162,1617DC1ACCE6B50ED2D1359582A70A8B8503C569623EE90C18C6B33542796207,Tester/logs/20261011.log,986923,2026-06-04,17:25,B152PR,"FL	0	00:09:04.445	Core 04	2026.06.04 17:25:02   [SRJ-IND] B152PR sym=USDJPY bar=2026.06.04 17:20 z1=313,B,157.331,157.497,2026.05.12 10:00,1,2026.05.12 10:10,157.546,157.487"
2309,JUNE0525-B162,1617DC1ACCE6B50ED2D1359582A70A8B8503C569623EE90C18C6B33542796207,Tester/logs/20261011.log,986924,2026-06-04,17:25,B152PR,"KF	0	00:09:04.445	Core 04	2026.06.04 17:25:02   [SRJ-IND] B152PR sym=USDJPY bar=2026.06.04 17:20 z1=414,B,157.517,157.589,2026.05.13 01:10,1,2026.05.13 01:20,157.607,157.587"
2310,JUNE0525-B162,1617DC1ACCE6B50ED2D1359582A70A8B8503C569623EE90C18C6B33542796207,Tester/logs/20261011.log,986925,2026-06-04,17:25,B152PR,"DH	0	00:09:04.445	Core 04	2026.06.04 17:25:02   [SRJ-IND] B152PR sym=USDJPY bar=2026.06.04 17:20 z1=447,B,157.562,157.648,2026.05.13 06:20,1,2026.05.13 06:25,157.662,157.648"
2311,JUNE0525-B162,1617DC1ACCE6B50ED2D1359582A70A8B8503C569623EE90C18C6B33542796207,Tester/logs/20261011.log,986926,2026-06-04,17:25,B152PR,"GR	0	00:09:04.445	Core 04	2026.06.04 17:25:02   [SRJ-IND] B152PR sym=USDJPY bar=2026.06.04 17:20 z1=449,B,157.599,157.654,2026.05.13 05:15,1,2026.05.13 05:45,157.687,157.652"
2312,JUNE0525-B162,1617DC1ACCE6B50ED2D1359582A70A8B8503C569623EE90C18C6B33542796207,Tester/logs/20261011.log,986927,2026-06-04,17:25,B152PR,"FD	0	00:09:04.445	Core 04	2026.06.04 17:25:02   [SRJ-IND] B152PR sym=USDJPY bar=2026.06.04 17:20 z1=460,B,157.645,157.660,2026.05.13 07:05,1,2026.05.14 00:25,157.812,157.650"
2313,JUNE0525-B162,1617DC1ACCE6B50ED2D1359582A70A8B8503C569623EE90C18C6B33542796207,Tester/logs/20261011.log,986928,2026-06-04,17:25,B152PR,"JN	0	00:09:04.445	Core 04	2026.06.04 17:25:02   [SRJ-IND] B152PR sym=USDJPY bar=2026.06.04 17:20 z1=696,B,157.568,158.167,2026.05.14 18:05,1,2026.05.14 18:10,158.191,158.119"
2314,JUNE0525-B162,1617DC1ACCE6B50ED2D1359582A70A8B8503C569623EE90C18C6B33542796207,Tester/logs/20261011.log,986929,2026-06-04,17:25,B152PR,"NP	0	00:09:04.445	Core 04	2026.06.04 17:25:02   [SRJ-IND] B152PR sym=USDJPY bar=2026.06.04 17:20 z1=714,B,158.107,158.142,2026.05.14 19:30,1,2026.05.14 20:00,158.169,158.142"
2315,JUNE0525-B162,1617DC1ACCE6B50ED2D1359582A70A8B8503C569623EE90C18C6B33542796207,Tester/logs/20261011.log,986930,2026-06-04,17:25,B152PR,"OJ	0	00:09:04.445	Core 04	2026.06.04 17:25:02   [SRJ-IND] B152PR sym=USDJPY bar=2026.06.04 17:20 z1=724,B,158.168,158.186,2026.05.14 21:00,1,2026.05.14 21:05,158.191,158.182"
2316,JUNE0525-B162,1617DC1ACCE6B50ED2D1359582A70A8B8503C569623EE90C18C6B33542796207,Tester/logs/20261011.log,986931,2026-06-04,17:25,B152PR,"IL	0	00:09:04.445	Core 04	2026.06.04 17:25:02   [SRJ-IND] B152PR sym=USDJPY bar=2026.06.04 17:20 z1=1405,B,158.735,158.769,2026.05.20 19:00,1,2026.05.20 19:05,158.816,158.753"
2317,JUNE0525-B162,1617DC1ACCE6B50ED2D1359582A70A8B8503C569623EE90C18C6B33542796207,Tester/logs/20261011.log,986932,2026-06-04,17:25,B152PR,"KR	0	00:09:04.445	Core 04	2026.06.04 17:25:02   [SRJ-IND] B152PR sym=USDJPY bar=2026.06.04 17:20 z1=1779,B,158.756,158.800,2026.05.25 06:45,1,2026.05.26 00:00,158.887,158.784"
2318,JUNE0525-B162,1617DC1ACCE6B50ED2D1359582A70A8B8503C569623EE90C18C6B33542796207,Tester/logs/20261011.log,986933,2026-06-04,17:25,B152PR,"RH	0	00:09:04.445	Core 04	2026.06.04 17:25:02   [SRJ-IND] B152PR sym=USDJPY bar=2026.06.04 17:20 z1=1780,B,158.789,158.814,2026.05.25 04:50,1,2026.05.26 00:00,158.887,158.784"
2319,JUNE0525-B162,1617DC1ACCE6B50ED2D1359582A70A8B8503C569623EE90C18C6B33542796207,Tester/logs/20261011.log,986934,2026-06-04,17:25,B152PR,"GN	0	00:09:04.445	Core 04	2026.06.04 17:25:02   [SRJ-IND] B152PR sym=USDJPY bar=2026.06.04 17:20 z1=1949,B,158.916,158.934,2026.05.26 07:25,1,2026.05.26 07:30,158.942,158.934"
2320,JUNE0525-B162,1617DC1ACCE6B50ED2D1359582A70A8B8503C569623EE90C18C6B33542796207,Tester/logs/20261011.log,986935,2026-06-04,17:25,B152PR,"RD	0	00:09:04.445	Core 04	2026.06.04 17:25:02   [SRJ-IND] B152PR sym=USDJPY bar=2026.06.04 17:20 z1=2509,B,159.134,159.195,2026.05.29 19:10,1,2026.05.29 19:35,159.215,159.186"
2321,JUNE0525-B162,1617DC1ACCE6B50ED2D1359582A70A8B8503C569623EE90C18C6B33542796207,Tester/logs/20261011.log,986936,2026-06-04,17:25,B152PR,"OJ	0	00:09:04.445	Core 04	2026.06.04 17:25:02   [SRJ-IND] B152PR sym=USDJPY bar=2026.06.04 17:20 z1=2566,B,159.382,159.407,2026.06.01 03:15,1,2026.06.03 11:30,159.790,159.368"
2322,JUNE0525-B162,1617DC1ACCE6B50ED2D1359582A70A8B8503C569623EE90C18C6B33542796207,Tester/logs/20261011.log,986937,2026-06-04,17:25,B152PR,"IP	0	00:09:04.445	Core 04	2026.06.04 17:25:02   [SRJ-IND] B152PR sym=USDJPY bar=2026.06.04 17:20 z1=2648,B,159.435,159.481,2026.06.01 16:00,1,2026.06.03 11:30,159.790,159.368"
2323,JUNE0525-B162,1617DC1ACCE6B50ED2D1359582A70A8B8503C569623EE90C18C6B33542796207,Tester/logs/20261011.log,986938,2026-06-04,17:25,B152PR,"NF	0	00:09:04.445	Core 04	2026.06.04 17:25:02   [SRJ-IND] B152PR sym=USDJPY bar=2026.06.04 17:20 z1=2716,B,159.576,159.603,2026.06.02 03:10,1,2026.06.03 10:35,159.787,159.550"
2324,JUNE0525-B162,1617DC1ACCE6B50ED2D1359582A70A8B8503C569623EE90C18C6B33542796207,Tester/logs/20261011.log,986939,2026-06-04,17:25,B152PR,"DL	0	00:09:04.445	Core 04	2026.06.04 17:25:02   [SRJ-IND] B152PR sym=USDJPY bar=2026.06.04 17:20 z1=2720,B,159.586,159.605,2026.06.02 01:05,1,2026.06.03 10:35,159.787,159.550"
2325,JUNE0525-B162,1617DC1ACCE6B50ED2D1359582A70A8B8503C569623EE90C18C6B33542796207,Tester/logs/20261011.log,986940,2026-06-04,17:25,B152PR,"HR	0	00:09:04.445	Core 04	2026.06.04 17:25:02   [SRJ-IND] B152PR sym=USDJPY bar=2026.06.04 17:20 z1=2945,B,159.579,159.675,2026.06.03 11:15,1,2026.06.03 11:25,159.727,159.674"
2326,JUNE0525-B162,1617DC1ACCE6B50ED2D1359582A70A8B8503C569623EE90C18C6B33542796207,Tester/logs/20261011.log,986941,2026-06-04,17:25,B152PR,"LH	0	00:09:04.445	Core 04	2026.06.04 17:25:02   [SRJ-IND] B152PR sym=USDJPY bar=2026.06.04 17:20 z1=3121,B,159.881,159.918,2026.06.04 17:00,1,2026.06.04 17:05,159.919,159.900"
2327,JUNE0525-B162,1617DC1ACCE6B50ED2D1359582A70A8B8503C569623EE90C18C6B33542796207,Tester/logs/20261011.log,986942,2026-06-04,17:25,B152PR,"CN	0	00:09:04.445	Core 04	2026.06.04 17:25:02   [SRJ-IND] B152PR sym=USDJPY bar=2026.06.04 17:20 z1=3150,B,159.820,159.853,2026.06.04 16:05,1,2026.06.04 16:15,159.889,159.852"
2328,JUNE0525-B162,1617DC1ACCE6B50ED2D1359582A70A8B8503C569623EE90C18C6B33542796207,Tester/logs/20261011.log,986943,2026-06-04,17:25,B152PR,"PF	0	00:09:04.445	Core 04	2026.06.04 17:25:02   [SRJ-IND] B152PR sym=USDJPY bar=2026.06.04 17:20 bull=1 bear=0 nz=25"
2329,JUNE0525-B162,1617DC1ACCE6B50ED2D1359582A70A8B8503C569623EE90C18C6B33542796207,Tester/logs/20261011.log,986944,2026-06-04,17:25,B162ORIGIN,"QI	0	00:09:04.445	Core 04	2026.06.04 17:25:02   [SRJ-IND] B162ORIGIN sym=USDJPY bar=2026.06.04 17:20 side=B n=25 origin=3150 range=159.820-159.853 formT=2026.06.04 15:50 set=65,78,212,256,261,313,414,447,449,460,696,714,724,1405,1779,1780,1949,2509,2566,2648,2716,2720,2945,3121,3150"
2330,JUNE0525-B162,1617DC1ACCE6B50ED2D1359582A70A8B8503C569623EE90C18C6B33542796207,Tester/logs/20261011.log,986945,2026-06-04,17:25,B162ORIGIN,"GE	0	00:09:04.445	Core 04	2026.06.04 17:25:02   [SRJ-IND] B162ORIGIN sym=USDJPY bar=2026.06.04 17:20 side=S n=0 origin=NONE range=- formT=- set=-"
2331,JUNE0525-B162,1617DC1ACCE6B50ED2D1359582A70A8B8503C569623EE90C18C6B33542796207,Tester/logs/20261011.log,986953,2026-06-04,17:30,B152PR,"JH	0	00:09:04.445	Core 04	2026.06.04 17:30:12   [SRJ-IND] B152PR sym=USDJPY bar=2026.06.04 17:25 z1=65,B,156.672,156.773,2026.05.11 04:10,1,2026.05.12 08:55,157.714,156.726"
2332,JUNE0525-B162,1617DC1ACCE6B50ED2D1359582A70A8B8503C569623EE90C18C6B33542796207,Tester/logs/20261011.log,986954,2026-06-04,17:30,B152PR,"RO	0	00:09:04.445	Core 04	2026.06.04 17:30:12   [SRJ-IND] B152PR sym=USDJPY bar=2026.06.04 17:25 z1=78,B,156.578,156.584,2026.05.11 00:35,1,2026.05.11 00:40,156.644,156.537"
2333,JUNE0525-B162,1617DC1ACCE6B50ED2D1359582A70A8B8503C569623EE90C18C6B33542796207,Tester/logs/20261011.log,986955,2026-06-04,17:30,B152PR,"HF	0	00:09:04.445	Core 04	2026.06.04 17:30:12   [SRJ-IND] B152PR sym=USDJPY bar=2026.06.04 17:25 z1=212,B,157.028,157.060,2026.05.11 19:20,1,2026.05.12 00:00,157.152,157.050"
2334,JUNE0525-B162,1617DC1ACCE6B50ED2D1359582A70A8B8503C569623EE90C18C6B33542796207,Tester/logs/20261011.log,986956,2026-06-04,17:30,B152PR,"LH	0	00:09:04.445	Core 04	2026.06.04 17:30:12   [SRJ-IND] B152PR sym=USDJPY bar=2026.06.04 17:25 z1=256,B,157.172,157.178,2026.05.12 01:25,1,2026.05.12 08:55,157.714,156.726"
2335,JUNE0525-B162,1617DC1ACCE6B50ED2D1359582A70A8B8503C569623EE90C18C6B33542796207,Tester/logs/20261011.log,986957,2026-06-04,17:30,B152PR,"JR	0	00:09:04.445	Core 04	2026.06.04 17:30:12   [SRJ-IND] B152PR sym=USDJPY bar=2026.06.04 17:25 z1=261,B,157.184,157.192,2026.05.12 03:00,1,2026.05.12 08:55,157.714,156.726"
2336,JUNE0525-B162,1617DC1ACCE6B50ED2D1359582A70A8B8503C569623EE90C18C6B33542796207,Tester/logs/20261011.log,986958,2026-06-04,17:30,B152PR,"RD	0	00:09:04.445	Core 04	2026.06.04 17:30:12   [SRJ-IND] B152PR sym=USDJPY bar=2026.06.04 17:25 z1=313,B,157.331,157.497,2026.05.12 10:00,1,2026.05.12 10:10,157.546,157.487"
2337,JUNE0525-B162,1617DC1ACCE6B50ED2D1359582A70A8B8503C569623EE90C18C6B33542796207,Tester/logs/20261011.log,986959,2026-06-04,17:30,B152PR,"GN	0	00:09:04.445	Core 04	2026.06.04 17:30:12   [SRJ-IND] B152PR sym=USDJPY bar=2026.06.04 17:25 z1=414,B,157.517,157.589,2026.05.13 01:10,1,2026.05.13 01:20,157.607,157.587"
2338,JUNE0525-B162,1617DC1ACCE6B50ED2D1359582A70A8B8503C569623EE90C18C6B33542796207,Tester/logs/20261011.log,986960,2026-06-04,17:30,B152PR,"HS	0	00:09:04.445	Core 04	2026.06.04 17:30:12   [SRJ-IND] B152PR sym=USDJPY bar=2026.06.04 17:25 z1=447,B,157.562,157.648,2026.05.13 06:20,1,2026.05.13 06:25,157.662,157.648"
2339,JUNE0525-B162,1617DC1ACCE6B50ED2D1359582A70A8B8503C569623EE90C18C6B33542796207,Tester/logs/20261011.log,986961,2026-06-04,17:30,B152PR,"CE	0	00:09:04.445	Core 04	2026.06.04 17:30:12   [SRJ-IND] B152PR sym=USDJPY bar=2026.06.04 17:25 z1=449,B,157.599,157.654,2026.05.13 05:15,1,2026.05.13 05:45,157.687,157.652"
2340,JUNE0525-B162,1617DC1ACCE6B50ED2D1359582A70A8B8503C569623EE90C18C6B33542796207,Tester/logs/20261011.log,986962,2026-06-04,17:30,B152PR,"RO	0	00:09:04.445	Core 04	2026.06.04 17:30:12   [SRJ-IND] B152PR sym=USDJPY bar=2026.06.04 17:25 z1=460,B,157.645,157.660,2026.05.13 07:05,1,2026.05.14 00:25,157.812,157.650"
2341,JUNE0525-B162,1617DC1ACCE6B50ED2D1359582A70A8B8503C569623EE90C18C6B33542796207,Tester/logs/20261011.log,986963,2026-06-04,17:30,B152PR,"NQ	0	00:09:04.445	Core 04	2026.06.04 17:30:12   [SRJ-IND] B152PR sym=USDJPY bar=2026.06.04 17:25 z1=696,B,157.568,158.167,2026.05.14 18:05,1,2026.05.14 18:10,158.191,158.119"
2342,JUNE0525-B162,1617DC1ACCE6B50ED2D1359582A70A8B8503C569623EE90C18C6B33542796207,Tester/logs/20261011.log,986964,2026-06-04,17:30,B152PR,"RK	0	00:09:04.445	Core 04	2026.06.04 17:30:12   [SRJ-IND] B152PR sym=USDJPY bar=2026.06.04 17:25 z1=714,B,158.107,158.142,2026.05.14 19:30,1,2026.05.14 20:00,158.169,158.142"
2343,JUNE0525-B162,1617DC1ACCE6B50ED2D1359582A70A8B8503C569623EE90C18C6B33542796207,Tester/logs/20261011.log,986965,2026-06-04,17:30,B152PR,"KM	0	00:09:04.445	Core 04	2026.06.04 17:30:12   [SRJ-IND] B152PR sym=USDJPY bar=2026.06.04 17:25 z1=724,B,158.168,158.186,2026.05.14 21:00,1,2026.05.14 21:05,158.191,158.182"
2344,JUNE0525-B162,1617DC1ACCE6B50ED2D1359582A70A8B8503C569623EE90C18C6B33542796207,Tester/logs/20261011.log,986966,2026-06-04,17:30,B152PR,"MD	0	00:09:04.445	Core 04	2026.06.04 17:30:12   [SRJ-IND] B152PR sym=USDJPY bar=2026.06.04 17:25 z1=1405,B,158.735,158.769,2026.05.20 19:00,1,2026.05.20 19:05,158.816,158.753"
2345,JUNE0525-B162,1617DC1ACCE6B50ED2D1359582A70A8B8503C569623EE90C18C6B33542796207,Tester/logs/20261011.log,986967,2026-06-04,17:30,B152PR,"GJ	0	00:09:04.445	Core 04	2026.06.04 17:30:12   [SRJ-IND] B152PR sym=USDJPY bar=2026.06.04 17:25 z1=1779,B,158.756,158.800,2026.05.25 06:45,1,2026.05.26 00:00,158.887,158.784"
2346,JUNE0525-B162,1617DC1ACCE6B50ED2D1359582A70A8B8503C569623EE90C18C6B33542796207,Tester/logs/20261011.log,986968,2026-06-04,17:30,B152PR,"FP	0	00:09:04.445	Core 04	2026.06.04 17:30:12   [SRJ-IND] B152PR sym=USDJPY bar=2026.06.04 17:25 z1=1780,B,158.789,158.814,2026.05.25 04:50,1,2026.05.26 00:00,158.887,158.784"
2347,JUNE0525-B162,1617DC1ACCE6B50ED2D1359582A70A8B8503C569623EE90C18C6B33542796207,Tester/logs/20261011.log,986969,2026-06-04,17:30,B152PR,"KF	0	00:09:04.445	Core 04	2026.06.04 17:30:12   [SRJ-IND] B152PR sym=USDJPY bar=2026.06.04 17:25 z1=1949,B,158.916,158.934,2026.05.26 07:25,1,2026.05.26 07:30,158.942,158.934"
2348,JUNE0525-B162,1617DC1ACCE6B50ED2D1359582A70A8B8503C569623EE90C18C6B33542796207,Tester/logs/20261011.log,986970,2026-06-04,17:30,B152PR,"FL	0	00:09:04.445	Core 04	2026.06.04 17:30:12   [SRJ-IND] B152PR sym=USDJPY bar=2026.06.04 17:25 z1=2509,B,159.134,159.195,2026.05.29 19:10,1,2026.05.29 19:35,159.215,159.186"
2349,JUNE0525-B162,1617DC1ACCE6B50ED2D1359582A70A8B8503C569623EE90C18C6B33542796207,Tester/logs/20261011.log,986971,2026-06-04,17:30,B152PR,"CR	0	00:09:04.445	Core 04	2026.06.04 17:30:12   [SRJ-IND] B152PR sym=USDJPY bar=2026.06.04 17:25 z1=2566,B,159.382,159.407,2026.06.01 03:15,1,2026.06.03 11:30,159.790,159.368"
2350,JUNE0525-B162,1617DC1ACCE6B50ED2D1359582A70A8B8503C569623EE90C18C6B33542796207,Tester/logs/20261011.log,986972,2026-06-04,17:30,B152PR,"MH	0	00:09:04.445	Core 04	2026.06.04 17:30:12   [SRJ-IND] B152PR sym=USDJPY bar=2026.06.04 17:25 z1=2648,B,159.435,159.481,2026.06.01 16:00,1,2026.06.03 11:30,159.790,159.368"
2351,JUNE0525-B162,1617DC1ACCE6B50ED2D1359582A70A8B8503C569623EE90C18C6B33542796207,Tester/logs/20261011.log,986973,2026-06-04,17:30,B152PR,"JN	0	00:09:04.445	Core 04	2026.06.04 17:30:12   [SRJ-IND] B152PR sym=USDJPY bar=2026.06.04 17:25 z1=2716,B,159.576,159.603,2026.06.02 03:10,1,2026.06.03 10:35,159.787,159.550"
2352,JUNE0525-B162,1617DC1ACCE6B50ED2D1359582A70A8B8503C569623EE90C18C6B33542796207,Tester/logs/20261011.log,986974,2026-06-04,17:30,B152PR,"PD	0	00:09:04.445	Core 04	2026.06.04 17:30:12   [SRJ-IND] B152PR sym=USDJPY bar=2026.06.04 17:25 z1=2720,B,159.586,159.605,2026.06.02 01:05,1,2026.06.03 10:35,159.787,159.550"
2353,JUNE0525-B162,1617DC1ACCE6B50ED2D1359582A70A8B8503C569623EE90C18C6B33542796207,Tester/logs/20261011.log,986975,2026-06-04,17:30,B152PR,"LJ	0	00:09:04.445	Core 04	2026.06.04 17:30:12   [SRJ-IND] B152PR sym=USDJPY bar=2026.06.04 17:25 z1=2945,B,159.579,159.675,2026.06.03 11:15,1,2026.06.03 11:25,159.727,159.674"
2354,JUNE0525-B162,1617DC1ACCE6B50ED2D1359582A70A8B8503C569623EE90C18C6B33542796207,Tester/logs/20261011.log,986976,2026-06-04,17:30,B152PR,"HP	0	00:09:04.445	Core 04	2026.06.04 17:30:12   [SRJ-IND] B152PR sym=USDJPY bar=2026.06.04 17:25 z1=3121,B,159.881,159.918,2026.06.04 17:00,1,2026.06.04 17:05,159.919,159.900"
2355,JUNE0525-B162,1617DC1ACCE6B50ED2D1359582A70A8B8503C569623EE90C18C6B33542796207,Tester/logs/20261011.log,986977,2026-06-04,17:30,B152PR,"OF	0	00:09:04.445	Core 04	2026.06.04 17:30:12   [SRJ-IND] B152PR sym=USDJPY bar=2026.06.04 17:25 z1=3150,B,159.820,159.853,2026.06.04 16:05,1,2026.06.04 16:15,159.889,159.852"
2356,JUNE0525-B162,1617DC1ACCE6B50ED2D1359582A70A8B8503C569623EE90C18C6B33542796207,Tester/logs/20261011.log,986978,2026-06-04,17:30,B152PR,"DN	0	00:09:04.445	Core 04	2026.06.04 17:30:12   [SRJ-IND] B152PR sym=USDJPY bar=2026.06.04 17:25 bull=1 bear=0 nz=25"
2357,JUNE0525-B162,1617DC1ACCE6B50ED2D1359582A70A8B8503C569623EE90C18C6B33542796207,Tester/logs/20261011.log,986979,2026-06-04,17:30,B162ORIGIN,"MF	0	00:09:04.445	Core 04	2026.06.04 17:30:12   [SRJ-IND] B162ORIGIN sym=USDJPY bar=2026.06.04 17:25 side=B n=25 origin=3150 range=159.820-159.853 formT=2026.06.04 15:50 set=65,78,212,256,261,313,414,447,449,460,696,714,724,1405,1779,1780,1949,2509,2566,2648,2716,2720,2945,3121,3150"
2358,JUNE0525-B162,1617DC1ACCE6B50ED2D1359582A70A8B8503C569623EE90C18C6B33542796207,Tester/logs/20261011.log,986980,2026-06-04,17:30,B162ORIGIN,"KR	0	00:09:04.445	Core 04	2026.06.04 17:30:12   [SRJ-IND] B162ORIGIN sym=USDJPY bar=2026.06.04 17:25 side=S n=0 origin=NONE range=- formT=- set=-"
2359,JUNE0525-B162,1617DC1ACCE6B50ED2D1359582A70A8B8503C569623EE90C18C6B33542796207,Tester/logs/20261011.log,986989,2026-06-04,17:35,B152PR,"JQ	0	00:09:04.445	Core 04	2026.06.04 17:35:02   [SRJ-IND] B152PR sym=USDJPY bar=2026.06.04 17:30 z1=65,B,156.672,156.773,2026.05.11 04:10,1,2026.05.12 08:55,157.714,156.726"
2360,JUNE0525-B162,1617DC1ACCE6B50ED2D1359582A70A8B8503C569623EE90C18C6B33542796207,Tester/logs/20261011.log,986990,2026-06-04,17:35,B152PR,"RD	0	00:09:04.445	Core 04	2026.06.04 17:35:02   [SRJ-IND] B152PR sym=USDJPY bar=2026.06.04 17:30 z1=78,B,156.578,156.584,2026.05.11 00:35,1,2026.05.11 00:40,156.644,156.537"
2361,JUNE0525-B162,1617DC1ACCE6B50ED2D1359582A70A8B8503C569623EE90C18C6B33542796207,Tester/logs/20261011.log,986991,2026-06-04,17:35,B152PR,"HI	0	00:09:04.445	Core 04	2026.06.04 17:35:02   [SRJ-IND] B152PR sym=USDJPY bar=2026.06.04 17:30 z1=212,B,157.028,157.060,2026.05.11 19:20,1,2026.05.12 00:00,157.152,157.050"
2362,JUNE0525-B162,1617DC1ACCE6B50ED2D1359582A70A8B8503C569623EE90C18C6B33542796207,Tester/logs/20261011.log,986992,2026-06-04,17:35,B152PR,"LS	0	00:09:04.445	Core 04	2026.06.04 17:35:02   [SRJ-IND] B152PR sym=USDJPY bar=2026.06.04 17:30 z1=256,B,157.172,157.178,2026.05.12 01:25,1,2026.05.12 08:55,157.714,156.726"
2363,JUNE0525-B162,1617DC1ACCE6B50ED2D1359582A70A8B8503C569623EE90C18C6B33542796207,Tester/logs/20261011.log,986993,2026-06-04,17:35,B152PR,"JE	0	00:09:04.445	Core 04	2026.06.04 17:35:02   [SRJ-IND] B152PR sym=USDJPY bar=2026.06.04 17:30 z1=261,B,157.184,157.192,2026.05.12 03:00,1,2026.05.12 08:55,157.714,156.726"
2364,JUNE0525-B162,1617DC1ACCE6B50ED2D1359582A70A8B8503C569623EE90C18C6B33542796207,Tester/logs/20261011.log,986994,2026-06-04,17:35,B152PR,"RO	0	00:09:04.445	Core 04	2026.06.04 17:35:02   [SRJ-IND] B152PR sym=USDJPY bar=2026.06.04 17:30 z1=313,B,157.331,157.497,2026.05.12 10:00,1,2026.05.12 10:10,157.546,157.487"
2365,JUNE0525-B162,1617DC1ACCE6B50ED2D1359582A70A8B8503C569623EE90C18C6B33542796207,Tester/logs/20261011.log,986995,2026-06-04,17:35,B152PR,"GQ	0	00:09:04.445	Core 04	2026.06.04 17:35:02   [SRJ-IND] B152PR sym=USDJPY bar=2026.06.04 17:30 z1=414,B,157.517,157.589,2026.05.13 01:10,1,2026.05.13 01:20,157.607,157.587"
2366,JUNE0525-B162,1617DC1ACCE6B50ED2D1359582A70A8B8503C569623EE90C18C6B33542796207,Tester/logs/20261011.log,986996,2026-06-04,17:35,B152PR,"HJ	0	00:09:04.445	Core 04	2026.06.04 17:35:02   [SRJ-IND] B152PR sym=USDJPY bar=2026.06.04 17:30 z1=447,B,157.562,157.648,2026.05.13 06:20,1,2026.05.13 06:25,157.662,157.648"
2367,JUNE0525-B162,1617DC1ACCE6B50ED2D1359582A70A8B8503C569623EE90C18C6B33542796207,Tester/logs/20261011.log,986997,2026-06-04,17:35,B152PR,"CL	0	00:09:04.445	Core 04	2026.06.04 17:35:02   [SRJ-IND] B152PR sym=USDJPY bar=2026.06.04 17:30 z1=449,B,157.599,157.654,2026.05.13 05:15,1,2026.05.13 05:45,157.687,157.652"
2368,JUNE0525-B162,1617DC1ACCE6B50ED2D1359582A70A8B8503C569623EE90C18C6B33542796207,Tester/logs/20261011.log,986998,2026-06-04,17:35,B152PR,"RF	0	00:09:04.445	Core 04	2026.06.04 17:35:02   [SRJ-IND] B152PR sym=USDJPY bar=2026.06.04 17:30 z1=460,B,157.645,157.660,2026.05.13 07:05,1,2026.05.14 00:25,157.812,157.650"
2369,JUNE0525-B162,1617DC1ACCE6B50ED2D1359582A70A8B8503C569623EE90C18C6B33542796207,Tester/logs/20261011.log,986999,2026-06-04,17:35,B152PR,"NH	0	00:09:04.445	Core 04	2026.06.04 17:35:02   [SRJ-IND] B152PR sym=USDJPY bar=2026.06.04 17:30 z1=696,B,157.568,158.167,2026.05.14 18:05,1,2026.05.14 18:10,158.191,158.119"
2370,JUNE0525-B162,1617DC1ACCE6B50ED2D1359582A70A8B8503C569623EE90C18C6B33542796207,Tester/logs/20261011.log,987000,2026-06-04,17:35,B152PR,"RR	0	00:09:04.445	Core 04	2026.06.04 17:35:02   [SRJ-IND] B152PR sym=USDJPY bar=2026.06.04 17:30 z1=714,B,158.107,158.142,2026.05.14 19:30,1,2026.05.14 20:00,158.169,158.142"
2371,JUNE0525-B162,1617DC1ACCE6B50ED2D1359582A70A8B8503C569623EE90C18C6B33542796207,Tester/logs/20261011.log,987001,2026-06-04,17:35,B152PR,"KD	0	00:09:04.445	Core 04	2026.06.04 17:35:02   [SRJ-IND] B152PR sym=USDJPY bar=2026.06.04 17:30 z1=724,B,158.168,158.186,2026.05.14 21:00,1,2026.05.14 21:05,158.191,158.182"
2372,JUNE0525-B162,1617DC1ACCE6B50ED2D1359582A70A8B8503C569623EE90C18C6B33542796207,Tester/logs/20261011.log,987002,2026-06-04,17:35,B152PR,"MM	0	00:09:04.445	Core 04	2026.06.04 17:35:02   [SRJ-IND] B152PR sym=USDJPY bar=2026.06.04 17:30 z1=1405,B,158.735,158.769,2026.05.20 19:00,1,2026.05.20 19:05,158.816,158.753"
2373,JUNE0525-B162,1617DC1ACCE6B50ED2D1359582A70A8B8503C569623EE90C18C6B33542796207,Tester/logs/20261011.log,987003,2026-06-04,17:35,B152PR,"GS	0	00:09:04.445	Core 04	2026.06.04 17:35:02   [SRJ-IND] B152PR sym=USDJPY bar=2026.06.04 17:30 z1=1779,B,158.756,158.800,2026.05.25 06:45,1,2026.05.26 00:00,158.887,158.784"
2374,JUNE0525-B162,1617DC1ACCE6B50ED2D1359582A70A8B8503C569623EE90C18C6B33542796207,Tester/logs/20261011.log,987004,2026-06-04,17:35,B152PR,"FI	0	00:09:04.445	Core 04	2026.06.04 17:35:02   [SRJ-IND] B152PR sym=USDJPY bar=2026.06.04 17:30 z1=1780,B,158.789,158.814,2026.05.25 04:50,1,2026.05.26 00:00,158.887,158.784"
2375,JUNE0525-B162,1617DC1ACCE6B50ED2D1359582A70A8B8503C569623EE90C18C6B33542796207,Tester/logs/20261011.log,987005,2026-06-04,17:35,B152PR,"KO	0	00:09:04.445	Core 04	2026.06.04 17:35:02   [SRJ-IND] B152PR sym=USDJPY bar=2026.06.04 17:30 z1=1949,B,158.916,158.934,2026.05.26 07:25,1,2026.05.26 07:30,158.942,158.934"
2376,JUNE0525-B162,1617DC1ACCE6B50ED2D1359582A70A8B8503C569623EE90C18C6B33542796207,Tester/logs/20261011.log,987006,2026-06-04,17:35,B152PR,"FE	0	00:09:04.445	Core 04	2026.06.04 17:35:02   [SRJ-IND] B152PR sym=USDJPY bar=2026.06.04 17:30 z1=2509,B,159.134,159.195,2026.05.29 19:10,1,2026.05.29 19:35,159.215,159.186"
2377,JUNE0525-B162,1617DC1ACCE6B50ED2D1359582A70A8B8503C569623EE90C18C6B33542796207,Tester/logs/20261011.log,987007,2026-06-04,17:35,B152PR,"CK	0	00:09:04.445	Core 04	2026.06.04 17:35:02   [SRJ-IND] B152PR sym=USDJPY bar=2026.06.04 17:30 z1=2566,B,159.382,159.407,2026.06.01 03:15,1,2026.06.03 11:30,159.790,159.368"
2378,JUNE0525-B162,1617DC1ACCE6B50ED2D1359582A70A8B8503C569623EE90C18C6B33542796207,Tester/logs/20261011.log,987008,2026-06-04,17:35,B152PR,"MQ	0	00:09:04.445	Core 04	2026.06.04 17:35:02   [SRJ-IND] B152PR sym=USDJPY bar=2026.06.04 17:30 z1=2648,B,159.435,159.481,2026.06.01 16:00,1,2026.06.03 11:30,159.790,159.368"
2379,JUNE0525-B162,1617DC1ACCE6B50ED2D1359582A70A8B8503C569623EE90C18C6B33542796207,Tester/logs/20261011.log,987009,2026-06-04,17:35,B152PR,"JG	0	00:09:04.445	Core 04	2026.06.04 17:35:02   [SRJ-IND] B152PR sym=USDJPY bar=2026.06.04 17:30 z1=2716,B,159.576,159.603,2026.06.02 03:10,1,2026.06.03 10:35,159.787,159.550"
2380,JUNE0525-B162,1617DC1ACCE6B50ED2D1359582A70A8B8503C569623EE90C18C6B33542796207,Tester/logs/20261011.log,987010,2026-06-04,17:35,B152PR,"PM	0	00:09:04.445	Core 04	2026.06.04 17:35:02   [SRJ-IND] B152PR sym=USDJPY bar=2026.06.04 17:30 z1=2720,B,159.586,159.605,2026.06.02 01:05,1,2026.06.03 10:35,159.787,159.550"
2381,JUNE0525-B162,1617DC1ACCE6B50ED2D1359582A70A8B8503C569623EE90C18C6B33542796207,Tester/logs/20261011.log,987011,2026-06-04,17:35,B152PR,"LS	0	00:09:04.445	Core 04	2026.06.04 17:35:02   [SRJ-IND] B152PR sym=USDJPY bar=2026.06.04 17:30 z1=2945,B,159.579,159.675,2026.06.03 11:15,1,2026.06.03 11:25,159.727,159.674"
2382,JUNE0525-B162,1617DC1ACCE6B50ED2D1359582A70A8B8503C569623EE90C18C6B33542796207,Tester/logs/20261011.log,987012,2026-06-04,17:35,B152PR,"HI	0	00:09:04.445	Core 04	2026.06.04 17:35:02   [SRJ-IND] B152PR sym=USDJPY bar=2026.06.04 17:30 z1=3121,B,159.881,159.918,2026.06.04 17:00,1,2026.06.04 17:05,159.919,159.900"
2383,JUNE0525-B162,1617DC1ACCE6B50ED2D1359582A70A8B8503C569623EE90C18C6B33542796207,Tester/logs/20261011.log,987013,2026-06-04,17:35,B152PR,"OO	0	00:09:04.445	Core 04	2026.06.04 17:35:02   [SRJ-IND] B152PR sym=USDJPY bar=2026.06.04 17:30 z1=3150,B,159.820,159.853,2026.06.04 16:05,1,2026.06.04 16:15,159.889,159.852"
2384,JUNE0525-B162,1617DC1ACCE6B50ED2D1359582A70A8B8503C569623EE90C18C6B33542796207,Tester/logs/20261011.log,987014,2026-06-04,17:35,B152PR,"DG	0	00:09:04.445	Core 04	2026.06.04 17:35:02   [SRJ-IND] B152PR sym=USDJPY bar=2026.06.04 17:30 bull=1 bear=0 nz=25"
2385,JUNE0525-B162,1617DC1ACCE6B50ED2D1359582A70A8B8503C569623EE90C18C6B33542796207,Tester/logs/20261011.log,987015,2026-06-04,17:35,B162ORIGIN,"MO	0	00:09:04.445	Core 04	2026.06.04 17:35:02   [SRJ-IND] B162ORIGIN sym=USDJPY bar=2026.06.04 17:30 side=B n=25 origin=3150 range=159.820-159.853 formT=2026.06.04 15:50 set=65,78,212,256,261,313,414,447,449,460,696,714,724,1405,1779,1780,1949,2509,2566,2648,2716,2720,2945,3121,3150"
2386,JUNE0525-B162,1617DC1ACCE6B50ED2D1359582A70A8B8503C569623EE90C18C6B33542796207,Tester/logs/20261011.log,987016,2026-06-04,17:35,B162ORIGIN,"KK	0	00:09:04.445	Core 04	2026.06.04 17:35:02   [SRJ-IND] B162ORIGIN sym=USDJPY bar=2026.06.04 17:30 side=S n=0 origin=NONE range=- formT=- set=-"
2387,JUNE0525-B162,1617DC1ACCE6B50ED2D1359582A70A8B8503C569623EE90C18C6B33542796207,Tester/logs/20261011.log,987023,2026-06-04,17:40,B152PR,"CK	0	00:09:04.445	Core 04	2026.06.04 17:40:00   [SRJ-IND] B152PR sym=USDJPY bar=2026.06.04 17:35 z1=65,B,156.672,156.773,2026.05.11 04:10,1,2026.05.12 08:55,157.714,156.726"
2388,JUNE0525-B162,1617DC1ACCE6B50ED2D1359582A70A8B8503C569623EE90C18C6B33542796207,Tester/logs/20261011.log,987024,2026-06-04,17:40,B152PR,"KN	0	00:09:04.445	Core 04	2026.06.04 17:40:00   [SRJ-IND] B152PR sym=USDJPY bar=2026.06.04 17:35 z1=78,B,156.578,156.584,2026.05.11 00:35,1,2026.05.11 00:40,156.644,156.537"
2389,JUNE0525-B162,1617DC1ACCE6B50ED2D1359582A70A8B8503C569623EE90C18C6B33542796207,Tester/logs/20261011.log,987025,2026-06-04,17:40,B152PR,"EG	0	00:09:04.445	Core 04	2026.06.04 17:40:00   [SRJ-IND] B152PR sym=USDJPY bar=2026.06.04 17:35 z1=212,B,157.028,157.060,2026.05.11 19:20,1,2026.05.12 00:00,157.152,157.050"
2390,JUNE0525-B162,1617DC1ACCE6B50ED2D1359582A70A8B8503C569623EE90C18C6B33542796207,Tester/logs/20261011.log,987026,2026-06-04,17:40,B152PR,"EI	0	00:09:04.445	Core 04	2026.06.04 17:40:00   [SRJ-IND] B152PR sym=USDJPY bar=2026.06.04 17:35 z1=256,B,157.172,157.178,2026.05.12 01:25,1,2026.05.12 08:55,157.714,156.726"
2391,JUNE0525-B162,1617DC1ACCE6B50ED2D1359582A70A8B8503C569623EE90C18C6B33542796207,Tester/logs/20261011.log,987027,2026-06-04,17:40,B152PR,"CS	0	00:09:04.445	Core 04	2026.06.04 17:40:00   [SRJ-IND] B152PR sym=USDJPY bar=2026.06.04 17:35 z1=261,B,157.184,157.192,2026.05.12 03:00,1,2026.05.12 08:55,157.714,156.726"
2392,JUNE0525-B162,1617DC1ACCE6B50ED2D1359582A70A8B8503C569623EE90C18C6B33542796207,Tester/logs/20261011.log,987028,2026-06-04,17:40,B152PR,"OE	0	00:09:04.445	Core 04	2026.06.04 17:40:00   [SRJ-IND] B152PR sym=USDJPY bar=2026.06.04 17:35 z1=313,B,157.331,157.497,2026.05.12 10:00,1,2026.05.12 10:10,157.546,157.487"
2393,JUNE0525-B162,1617DC1ACCE6B50ED2D1359582A70A8B8503C569623EE90C18C6B33542796207,Tester/logs/20261011.log,987029,2026-06-04,17:40,B152PR,"FO	0	00:09:04.445	Core 04	2026.06.04 17:40:00   [SRJ-IND] B152PR sym=USDJPY bar=2026.06.04 17:35 z1=414,B,157.517,157.589,2026.05.13 01:10,1,2026.05.13 01:20,157.607,157.587"
2394,JUNE0525-B162,1617DC1ACCE6B50ED2D1359582A70A8B8503C569623EE90C18C6B33542796207,Tester/logs/20261011.log,987030,2026-06-04,17:40,B152PR,"QQ	0	00:09:04.445	Core 04	2026.06.04 17:40:00   [SRJ-IND] B152PR sym=USDJPY bar=2026.06.04 17:35 z1=447,B,157.562,157.648,2026.05.13 06:20,1,2026.05.13 06:25,157.662,157.648"
2395,JUNE0525-B162,1617DC1ACCE6B50ED2D1359582A70A8B8503C569623EE90C18C6B33542796207,Tester/logs/20261011.log,987031,2026-06-04,17:40,B152PR,"JJ	0	00:09:04.445	Core 04	2026.06.04 17:40:00   [SRJ-IND] B152PR sym=USDJPY bar=2026.06.04 17:35 z1=449,B,157.599,157.654,2026.05.13 05:15,1,2026.05.13 05:45,157.687,157.652"
2396,JUNE0525-B162,1617DC1ACCE6B50ED2D1359582A70A8B8503C569623EE90C18C6B33542796207,Tester/logs/20261011.log,987032,2026-06-04,17:40,B152PR,"OL	0	00:09:04.445	Core 04	2026.06.04 17:40:00   [SRJ-IND] B152PR sym=USDJPY bar=2026.06.04 17:35 z1=460,B,157.645,157.660,2026.05.13 07:05,1,2026.05.14 00:25,157.812,157.650"
2397,JUNE0525-B162,1617DC1ACCE6B50ED2D1359582A70A8B8503C569623EE90C18C6B33542796207,Tester/logs/20261011.log,987033,2026-06-04,17:40,B152PR,"OF	0	00:09:04.445	Core 04	2026.06.04 17:40:00   [SRJ-IND] B152PR sym=USDJPY bar=2026.06.04 17:35 z1=696,B,157.568,158.167,2026.05.14 18:05,1,2026.05.14 18:10,158.191,158.119"
2398,JUNE0525-B162,1617DC1ACCE6B50ED2D1359582A70A8B8503C569623EE90C18C6B33542796207,Tester/logs/20261011.log,987034,2026-06-04,17:40,B152PR,"GH	0	00:09:04.445	Core 04	2026.06.04 17:40:00   [SRJ-IND] B152PR sym=USDJPY bar=2026.06.04 17:35 z1=714,B,158.107,158.142,2026.05.14 19:30,1,2026.05.14 20:00,158.169,158.142"
2399,JUNE0525-B162,1617DC1ACCE6B50ED2D1359582A70A8B8503C569623EE90C18C6B33542796207,Tester/logs/20261011.log,987035,2026-06-04,17:40,B152PR,"RR	0	00:09:04.445	Core 04	2026.06.04 17:40:00   [SRJ-IND] B152PR sym=USDJPY bar=2026.06.04 17:35 z1=724,B,158.168,158.186,2026.05.14 21:00,1,2026.05.14 21:05,158.191,158.182"
2400,JUNE0525-B162,1617DC1ACCE6B50ED2D1359582A70A8B8503C569623EE90C18C6B33542796207,Tester/logs/20261011.log,987036,2026-06-04,17:40,B152PR,"LG	0	00:09:04.445	Core 04	2026.06.04 17:40:00   [SRJ-IND] B152PR sym=USDJPY bar=2026.06.04 17:35 z1=1405,B,158.735,158.769,2026.05.20 19:00,1,2026.05.20 19:05,158.816,158.753"
2401,JUNE0525-B162,1617DC1ACCE6B50ED2D1359582A70A8B8503C569623EE90C18C6B33542796207,Tester/logs/20261011.log,987037,2026-06-04,17:40,B152PR,"JM	0	00:09:04.445	Core 04	2026.06.04 17:40:00   [SRJ-IND] B152PR sym=USDJPY bar=2026.06.04 17:35 z1=1779,B,158.756,158.800,2026.05.25 06:45,1,2026.05.26 00:00,158.887,158.784"
2402,JUNE0525-B162,1617DC1ACCE6B50ED2D1359582A70A8B8503C569623EE90C18C6B33542796207,Tester/logs/20261011.log,987038,2026-06-04,17:40,B152PR,"CS	0	00:09:04.445	Core 04	2026.06.04 17:40:00   [SRJ-IND] B152PR sym=USDJPY bar=2026.06.04 17:35 z1=1780,B,158.789,158.814,2026.05.25 04:50,1,2026.05.26 00:00,158.887,158.784"
2403,JUNE0525-B162,1617DC1ACCE6B50ED2D1359582A70A8B8503C569623EE90C18C6B33542796207,Tester/logs/20261011.log,987039,2026-06-04,17:40,B152PR,"NI	0	00:09:04.445	Core 04	2026.06.04 17:40:00   [SRJ-IND] B152PR sym=USDJPY bar=2026.06.04 17:35 z1=1949,B,158.916,158.934,2026.05.26 07:25,1,2026.05.26 07:30,158.942,158.934"
2404,JUNE0525-B162,1617DC1ACCE6B50ED2D1359582A70A8B8503C569623EE90C18C6B33542796207,Tester/logs/20261011.log,987040,2026-06-04,17:40,B152PR,"CO	0	00:09:04.445	Core 04	2026.06.04 17:40:00   [SRJ-IND] B152PR sym=USDJPY bar=2026.06.04 17:35 z1=2509,B,159.134,159.195,2026.05.29 19:10,1,2026.05.29 19:35,159.215,159.186"
2405,JUNE0525-B162,1617DC1ACCE6B50ED2D1359582A70A8B8503C569623EE90C18C6B33542796207,Tester/logs/20261011.log,987041,2026-06-04,17:40,B152PR,"FE	0	00:09:04.445	Core 04	2026.06.04 17:40:00   [SRJ-IND] B152PR sym=USDJPY bar=2026.06.04 17:35 z1=2566,B,159.382,159.407,2026.06.01 03:15,1,2026.06.03 11:30,159.790,159.368"
2406,JUNE0525-B162,1617DC1ACCE6B50ED2D1359582A70A8B8503C569623EE90C18C6B33542796207,Tester/logs/20261011.log,987042,2026-06-04,17:40,B152PR,"LK	0	00:09:04.445	Core 04	2026.06.04 17:40:00   [SRJ-IND] B152PR sym=USDJPY bar=2026.06.04 17:35 z1=2648,B,159.435,159.481,2026.06.01 16:00,1,2026.06.03 11:30,159.790,159.368"
2407,JUNE0525-B162,1617DC1ACCE6B50ED2D1359582A70A8B8503C569623EE90C18C6B33542796207,Tester/logs/20261011.log,987043,2026-06-04,17:40,B152PR,"GQ	0	00:09:04.445	Core 04	2026.06.04 17:40:00   [SRJ-IND] B152PR sym=USDJPY bar=2026.06.04 17:35 z1=2716,B,159.576,159.603,2026.06.02 03:10,1,2026.06.03 10:35,159.787,159.550"
2408,JUNE0525-B162,1617DC1ACCE6B50ED2D1359582A70A8B8503C569623EE90C18C6B33542796207,Tester/logs/20261011.log,987044,2026-06-04,17:40,B152PR,"QG	0	00:09:04.445	Core 04	2026.06.04 17:40:00   [SRJ-IND] B152PR sym=USDJPY bar=2026.06.04 17:35 z1=2720,B,159.586,159.605,2026.06.02 01:05,1,2026.06.03 10:35,159.787,159.550"
2409,JUNE0525-B162,1617DC1ACCE6B50ED2D1359582A70A8B8503C569623EE90C18C6B33542796207,Tester/logs/20261011.log,987045,2026-06-04,17:40,B152PR,"MM	0	00:09:04.445	Core 04	2026.06.04 17:40:00   [SRJ-IND] B152PR sym=USDJPY bar=2026.06.04 17:35 z1=2945,B,159.579,159.675,2026.06.03 11:15,1,2026.06.03 11:25,159.727,159.674"
2410,JUNE0525-B162,1617DC1ACCE6B50ED2D1359582A70A8B8503C569623EE90C18C6B33542796207,Tester/logs/20261011.log,987046,2026-06-04,17:40,B152PR,"IS	0	00:09:04.445	Core 04	2026.06.04 17:40:00   [SRJ-IND] B152PR sym=USDJPY bar=2026.06.04 17:35 z1=3121,B,159.881,159.918,2026.06.04 17:00,1,2026.06.04 17:05,159.919,159.900"
2411,JUNE0525-B162,1617DC1ACCE6B50ED2D1359582A70A8B8503C569623EE90C18C6B33542796207,Tester/logs/20261011.log,987047,2026-06-04,17:40,B152PR,"RI	0	00:09:04.445	Core 04	2026.06.04 17:40:00   [SRJ-IND] B152PR sym=USDJPY bar=2026.06.04 17:35 z1=3150,B,159.820,159.853,2026.06.04 16:05,1,2026.06.04 16:15,159.889,159.852"
2412,JUNE0525-B162,1617DC1ACCE6B50ED2D1359582A70A8B8503C569623EE90C18C6B33542796207,Tester/logs/20261011.log,987048,2026-06-04,17:40,B152PR,"EM	0	00:09:04.445	Core 04	2026.06.04 17:40:00   [SRJ-IND] B152PR sym=USDJPY bar=2026.06.04 17:35 bull=1 bear=0 nz=25"
2413,JUNE0525-B162,1617DC1ACCE6B50ED2D1359582A70A8B8503C569623EE90C18C6B33542796207,Tester/logs/20261011.log,987049,2026-06-04,17:40,B162ORIGIN,"DP	0	00:09:04.445	Core 04	2026.06.04 17:40:00   [SRJ-IND] B162ORIGIN sym=USDJPY bar=2026.06.04 17:35 side=B n=25 origin=3150 range=159.820-159.853 formT=2026.06.04 15:50 set=65,78,212,256,261,313,414,447,449,460,696,714,724,1405,1779,1780,1949,2509,2566,2648,2716,2720,2945,3121,3150"
2414,JUNE0525-B162,1617DC1ACCE6B50ED2D1359582A70A8B8503C569623EE90C18C6B33542796207,Tester/logs/20261011.log,987050,2026-06-04,17:40,B162ORIGIN,"RM	0	00:09:04.445	Core 04	2026.06.04 17:40:00   [SRJ-IND] B162ORIGIN sym=USDJPY bar=2026.06.04 17:35 side=S n=0 origin=NONE range=- formT=- set=-"
2415,JUNE0525-B162,1617DC1ACCE6B50ED2D1359582A70A8B8503C569623EE90C18C6B33542796207,Tester/logs/20261011.log,987054,2026-06-04,17:40,CQDRECHECK,"LG	0	00:09:04.445	Core 04	2026.06.04 17:40:00   [SRJ-EA] CQDRECHECK shift=2 passA=-1.0 passB=-1.0 diff=0 bar=2026.06.04 17:30 state=IDLE dir=NONE divLatch=0 hit1=0 hit2=607 mism=0"
2416,JUNE0525-B162,1617DC1ACCE6B50ED2D1359582A70A8B8503C569623EE90C18C6B33542796207,Tester/logs/20261011.log,987059,2026-06-04,17:45,B152PR,"RK	0	00:09:04.445	Core 04	2026.06.04 17:45:17   [SRJ-IND] B152PR sym=USDJPY bar=2026.06.04 17:40 z1=65,B,156.672,156.773,2026.05.11 04:10,1,2026.05.12 08:55,157.714,156.726"
2417,JUNE0525-B162,1617DC1ACCE6B50ED2D1359582A70A8B8503C569623EE90C18C6B33542796207,Tester/logs/20261011.log,987060,2026-06-04,17:45,B152PR,"RQ	0	00:09:04.445	Core 04	2026.06.04 17:45:17   [SRJ-IND] B152PR sym=USDJPY bar=2026.06.04 17:40 z1=78,B,156.578,156.584,2026.05.11 00:35,1,2026.05.11 00:40,156.644,156.537"
2418,JUNE0525-B162,1617DC1ACCE6B50ED2D1359582A70A8B8503C569623EE90C18C6B33542796207,Tester/logs/20261011.log,987061,2026-06-04,17:45,B152PR,"PD	0	00:09:04.445	Core 04	2026.06.04 17:45:17   [SRJ-IND] B152PR sym=USDJPY bar=2026.06.04 17:40 z1=212,B,157.028,157.060,2026.05.11 19:20,1,2026.05.12 00:00,157.152,157.050"
2419,JUNE0525-B162,1617DC1ACCE6B50ED2D1359582A70A8B8503C569623EE90C18C6B33542796207,Tester/logs/20261011.log,987062,2026-06-04,17:45,B152PR,"LN	0	00:09:04.445	Core 04	2026.06.04 17:45:17   [SRJ-IND] B152PR sym=USDJPY bar=2026.06.04 17:40 z1=256,B,157.172,157.178,2026.05.12 01:25,1,2026.05.12 08:55,157.714,156.726"
2420,JUNE0525-B162,1617DC1ACCE6B50ED2D1359582A70A8B8503C569623EE90C18C6B33542796207,Tester/logs/20261011.log,987063,2026-06-04,17:45,B152PR,"JP	0	00:09:04.445	Core 04	2026.06.04 17:45:17   [SRJ-IND] B152PR sym=USDJPY bar=2026.06.04 17:40 z1=261,B,157.184,157.192,2026.05.12 03:00,1,2026.05.12 08:55,157.714,156.726"
2421,JUNE0525-B162,1617DC1ACCE6B50ED2D1359582A70A8B8503C569623EE90C18C6B33542796207,Tester/logs/20261011.log,987064,2026-06-04,17:45,B152PR,"JE	0	00:09:04.445	Core 04	2026.06.04 17:45:17   [SRJ-IND] B152PR sym=USDJPY bar=2026.06.04 17:40 z1=313,B,157.331,157.497,2026.05.12 10:00,1,2026.05.12 10:10,157.546,157.487"
2422,JUNE0525-B162,1617DC1ACCE6B50ED2D1359582A70A8B8503C569623EE90C18C6B33542796207,Tester/logs/20261011.log,987065,2026-06-04,17:45,B152PR,"OO	0	00:09:04.445	Core 04	2026.06.04 17:45:17   [SRJ-IND] B152PR sym=USDJPY bar=2026.06.04 17:40 z1=414,B,157.517,157.589,2026.05.13 01:10,1,2026.05.13 01:20,157.607,157.587"
2423,JUNE0525-B162,1617DC1ACCE6B50ED2D1359582A70A8B8503C569623EE90C18C6B33542796207,Tester/logs/20261011.log,987066,2026-06-04,17:45,B152PR,"HQ	0	00:09:04.445	Core 04	2026.06.04 17:45:17   [SRJ-IND] B152PR sym=USDJPY bar=2026.06.04 17:40 z1=447,B,157.562,157.648,2026.05.13 06:20,1,2026.05.13 06:25,157.662,157.648"
2424,JUNE0525-B162,1617DC1ACCE6B50ED2D1359582A70A8B8503C569623EE90C18C6B33542796207,Tester/logs/20261011.log,987067,2026-06-04,17:45,B152PR,"CK	0	00:09:04.445	Core 04	2026.06.04 17:45:17   [SRJ-IND] B152PR sym=USDJPY bar=2026.06.04 17:40 z1=449,B,157.599,157.654,2026.05.13 05:15,1,2026.05.13 05:45,157.687,157.652"
2425,JUNE0525-B162,1617DC1ACCE6B50ED2D1359582A70A8B8503C569623EE90C18C6B33542796207,Tester/logs/20261011.log,987068,2026-06-04,17:45,B152PR,"JM	0	00:09:04.445	Core 04	2026.06.04 17:45:17   [SRJ-IND] B152PR sym=USDJPY bar=2026.06.04 17:40 z1=460,B,157.645,157.660,2026.05.13 07:05,1,2026.05.14 00:25,157.812,157.650"
2426,JUNE0525-B162,1617DC1ACCE6B50ED2D1359582A70A8B8503C569623EE90C18C6B33542796207,Tester/logs/20261011.log,987069,2026-06-04,17:45,B152PR,"FG	0	00:09:04.445	Core 04	2026.06.04 17:45:17   [SRJ-IND] B152PR sym=USDJPY bar=2026.06.04 17:40 z1=696,B,157.568,158.167,2026.05.14 18:05,1,2026.05.14 18:10,158.191,158.119"
2427,JUNE0525-B162,1617DC1ACCE6B50ED2D1359582A70A8B8503C569623EE90C18C6B33542796207,Tester/logs/20261011.log,987070,2026-06-04,17:45,B152PR,"RI	0	00:09:04.445	Core 04	2026.06.04 17:45:17   [SRJ-IND] B152PR sym=USDJPY bar=2026.06.04 17:40 z1=714,B,158.107,158.142,2026.05.14 19:30,1,2026.05.14 20:00,158.169,158.142"
2428,JUNE0525-B162,1617DC1ACCE6B50ED2D1359582A70A8B8503C569623EE90C18C6B33542796207,Tester/logs/20261011.log,987071,2026-06-04,17:45,B152PR,"KS	0	00:09:04.445	Core 04	2026.06.04 17:45:17   [SRJ-IND] B152PR sym=USDJPY bar=2026.06.04 17:40 z1=724,B,158.168,158.186,2026.05.14 21:00,1,2026.05.14 21:05,158.191,158.182"
2429,JUNE0525-B162,1617DC1ACCE6B50ED2D1359582A70A8B8503C569623EE90C18C6B33542796207,Tester/logs/20261011.log,987072,2026-06-04,17:45,B152PR,"EG	0	00:09:04.445	Core 04	2026.06.04 17:45:17   [SRJ-IND] B152PR sym=USDJPY bar=2026.06.04 17:40 z1=1405,B,158.735,158.769,2026.05.20 19:00,1,2026.05.20 19:05,158.816,158.753"
2430,JUNE0525-B162,1617DC1ACCE6B50ED2D1359582A70A8B8503C569623EE90C18C6B33542796207,Tester/logs/20261011.log,987073,2026-06-04,17:45,B152PR,"OM	0	00:09:04.445	Core 04	2026.06.04 17:45:17   [SRJ-IND] B152PR sym=USDJPY bar=2026.06.04 17:40 z1=1779,B,158.756,158.800,2026.05.25 06:45,1,2026.05.26 00:00,158.887,158.784"
2431,JUNE0525-B162,1617DC1ACCE6B50ED2D1359582A70A8B8503C569623EE90C18C6B33542796207,Tester/logs/20261011.log,987074,2026-06-04,17:45,B152PR,"NS	0	00:09:04.445	Core 04	2026.06.04 17:45:17   [SRJ-IND] B152PR sym=USDJPY bar=2026.06.04 17:40 z1=1780,B,158.789,158.814,2026.05.25 04:50,1,2026.05.26 00:00,158.887,158.784"
2432,JUNE0525-B162,1617DC1ACCE6B50ED2D1359582A70A8B8503C569623EE90C18C6B33542796207,Tester/logs/20261011.log,987075,2026-06-04,17:45,B152PR,"CI	0	00:09:04.445	Core 04	2026.06.04 17:45:17   [SRJ-IND] B152PR sym=USDJPY bar=2026.06.04 17:40 z1=1949,B,158.916,158.934,2026.05.26 07:25,1,2026.05.26 07:30,158.942,158.934"
2433,JUNE0525-B162,1617DC1ACCE6B50ED2D1359582A70A8B8503C569623EE90C18C6B33542796207,Tester/logs/20261011.log,987076,2026-06-04,17:45,B152PR,"NO	0	00:09:04.445	Core 04	2026.06.04 17:45:17   [SRJ-IND] B152PR sym=USDJPY bar=2026.06.04 17:40 z1=2509,B,159.134,159.195,2026.05.29 19:10,1,2026.05.29 19:35,159.215,159.186"
2434,JUNE0525-B162,1617DC1ACCE6B50ED2D1359582A70A8B8503C569623EE90C18C6B33542796207,Tester/logs/20261011.log,987077,2026-06-04,17:45,B152PR,"KE	0	00:09:04.445	Core 04	2026.06.04 17:45:17   [SRJ-IND] B152PR sym=USDJPY bar=2026.06.04 17:40 z1=2566,B,159.382,159.407,2026.06.01 03:15,1,2026.06.03 11:30,159.790,159.368"
2435,JUNE0525-B162,1617DC1ACCE6B50ED2D1359582A70A8B8503C569623EE90C18C6B33542796207,Tester/logs/20261011.log,987078,2026-06-04,17:45,B152PR,"EK	0	00:09:04.445	Core 04	2026.06.04 17:45:17   [SRJ-IND] B152PR sym=USDJPY bar=2026.06.04 17:40 z1=2648,B,159.435,159.481,2026.06.01 16:00,1,2026.06.03 11:30,159.790,159.368"
2436,JUNE0525-B162,1617DC1ACCE6B50ED2D1359582A70A8B8503C569623EE90C18C6B33542796207,Tester/logs/20261011.log,987079,2026-06-04,17:45,B152PR,"RQ	0	00:09:04.445	Core 04	2026.06.04 17:45:17   [SRJ-IND] B152PR sym=USDJPY bar=2026.06.04 17:40 z1=2716,B,159.576,159.603,2026.06.02 03:10,1,2026.06.03 10:35,159.787,159.550"
2437,JUNE0525-B162,1617DC1ACCE6B50ED2D1359582A70A8B8503C569623EE90C18C6B33542796207,Tester/logs/20261011.log,987080,2026-06-04,17:45,B152PR,"HG	0	00:09:04.445	Core 04	2026.06.04 17:45:17   [SRJ-IND] B152PR sym=USDJPY bar=2026.06.04 17:40 z1=2720,B,159.586,159.605,2026.06.02 01:05,1,2026.06.03 10:35,159.787,159.550"
2438,JUNE0525-B162,1617DC1ACCE6B50ED2D1359582A70A8B8503C569623EE90C18C6B33542796207,Tester/logs/20261011.log,987081,2026-06-04,17:45,B152PR,"DM	0	00:09:04.445	Core 04	2026.06.04 17:45:17   [SRJ-IND] B152PR sym=USDJPY bar=2026.06.04 17:40 z1=2945,B,159.579,159.675,2026.06.03 11:15,1,2026.06.03 11:25,159.727,159.674"
2439,JUNE0525-B162,1617DC1ACCE6B50ED2D1359582A70A8B8503C569623EE90C18C6B33542796207,Tester/logs/20261011.log,987082,2026-06-04,17:45,B152PR,"PS	0	00:09:04.445	Core 04	2026.06.04 17:45:17   [SRJ-IND] B152PR sym=USDJPY bar=2026.06.04 17:40 z1=3121,B,159.881,159.918,2026.06.04 17:00,1,2026.06.04 17:05,159.919,159.900"
2440,JUNE0525-B162,1617DC1ACCE6B50ED2D1359582A70A8B8503C569623EE90C18C6B33542796207,Tester/logs/20261011.log,987083,2026-06-04,17:45,B152PR,"GI	0	00:09:04.445	Core 04	2026.06.04 17:45:17   [SRJ-IND] B152PR sym=USDJPY bar=2026.06.04 17:40 z1=3150,B,159.820,159.853,2026.06.04 16:05,1,2026.06.04 16:15,159.889,159.852"
2441,JUNE0525-B162,1617DC1ACCE6B50ED2D1359582A70A8B8503C569623EE90C18C6B33542796207,Tester/logs/20261011.log,987084,2026-06-04,17:45,B152PR,"LM	0	00:09:04.445	Core 04	2026.06.04 17:45:17   [SRJ-IND] B152PR sym=USDJPY bar=2026.06.04 17:40 bull=1 bear=0 nz=25"
2442,JUNE0525-B162,1617DC1ACCE6B50ED2D1359582A70A8B8503C569623EE90C18C6B33542796207,Tester/logs/20261011.log,987085,2026-06-04,17:45,B162ORIGIN,"MP	0	00:09:04.445	Core 04	2026.06.04 17:45:17   [SRJ-IND] B162ORIGIN sym=USDJPY bar=2026.06.04 17:40 side=B n=25 origin=3150 range=159.820-159.853 formT=2026.06.04 15:50 set=65,78,212,256,261,313,414,447,449,460,696,714,724,1405,1779,1780,1949,2509,2566,2648,2716,2720,2945,3121,3150"
2443,JUNE0525-B162,1617DC1ACCE6B50ED2D1359582A70A8B8503C569623EE90C18C6B33542796207,Tester/logs/20261011.log,987086,2026-06-04,17:45,B162ORIGIN,"CL	0	00:09:04.445	Core 04	2026.06.04 17:45:17   [SRJ-IND] B162ORIGIN sym=USDJPY bar=2026.06.04 17:40 side=S n=0 origin=NONE range=- formT=- set=-"
2444,JUNE0525-B162,1617DC1ACCE6B50ED2D1359582A70A8B8503C569623EE90C18C6B33542796207,Tester/logs/20261011.log,987094,2026-06-04,17:50,B152PR,"ID	0	00:09:04.445	Core 04	2026.06.04 17:50:00   [SRJ-IND] B152PR sym=USDJPY bar=2026.06.04 17:45 z1=65,B,156.672,156.773,2026.05.11 04:10,1,2026.05.12 08:55,157.714,156.726"
2445,JUNE0525-B162,1617DC1ACCE6B50ED2D1359582A70A8B8503C569623EE90C18C6B33542796207,Tester/logs/20261011.log,987095,2026-06-04,17:50,B152PR,"QK	0	00:09:04.445	Core 04	2026.06.04 17:50:00   [SRJ-IND] B152PR sym=USDJPY bar=2026.06.04 17:45 z1=78,B,156.578,156.584,2026.05.11 00:35,1,2026.05.11 00:40,156.644,156.537"
2446,JUNE0525-B162,1617DC1ACCE6B50ED2D1359582A70A8B8503C569623EE90C18C6B33542796207,Tester/logs/20261011.log,987096,2026-06-04,17:50,B152PR,"GR	0	00:09:04.445	Core 04	2026.06.04 17:50:00   [SRJ-IND] B152PR sym=USDJPY bar=2026.06.04 17:45 z1=212,B,157.028,157.060,2026.05.11 19:20,1,2026.05.12 00:00,157.152,157.050"
2447,JUNE0525-B162,1617DC1ACCE6B50ED2D1359582A70A8B8503C569623EE90C18C6B33542796207,Tester/logs/20261011.log,987097,2026-06-04,17:50,B152PR,"GD	0	00:09:04.445	Core 04	2026.06.04 17:50:00   [SRJ-IND] B152PR sym=USDJPY bar=2026.06.04 17:45 z1=256,B,157.172,157.178,2026.05.12 01:25,1,2026.05.12 08:55,157.714,156.726"
2448,JUNE0525-B162,1617DC1ACCE6B50ED2D1359582A70A8B8503C569623EE90C18C6B33542796207,Tester/logs/20261011.log,987098,2026-06-04,17:50,B152PR,"IN	0	00:09:04.445	Core 04	2026.06.04 17:50:00   [SRJ-IND] B152PR sym=USDJPY bar=2026.06.04 17:45 z1=261,B,157.184,157.192,2026.05.12 03:00,1,2026.05.12 08:55,157.714,156.726"
2449,JUNE0525-B162,1617DC1ACCE6B50ED2D1359582A70A8B8503C569623EE90C18C6B33542796207,Tester/logs/20261011.log,987099,2026-06-04,17:50,B152PR,"MP	0	00:09:04.445	Core 04	2026.06.04 17:50:00   [SRJ-IND] B152PR sym=USDJPY bar=2026.06.04 17:45 z1=313,B,157.331,157.497,2026.05.12 10:00,1,2026.05.12 10:10,157.546,157.487"
2450,JUNE0525-B162,1617DC1ACCE6B50ED2D1359582A70A8B8503C569623EE90C18C6B33542796207,Tester/logs/20261011.log,987100,2026-06-04,17:50,B152PR,"HJ	0	00:09:04.445	Core 04	2026.06.04 17:50:00   [SRJ-IND] B152PR sym=USDJPY bar=2026.06.04 17:45 z1=414,B,157.517,157.589,2026.05.13 01:10,1,2026.05.13 01:20,157.607,157.587"
2451,JUNE0525-B162,1617DC1ACCE6B50ED2D1359582A70A8B8503C569623EE90C18C6B33542796207,Tester/logs/20261011.log,987101,2026-06-04,17:50,B152PR,"KL	0	00:09:04.445	Core 04	2026.06.04 17:50:00   [SRJ-IND] B152PR sym=USDJPY bar=2026.06.04 17:45 z1=447,B,157.562,157.648,2026.05.13 06:20,1,2026.05.13 06:25,157.662,157.648"
2452,JUNE0525-B162,1617DC1ACCE6B50ED2D1359582A70A8B8503C569623EE90C18C6B33542796207,Tester/logs/20261011.log,987102,2026-06-04,17:50,B152PR,"DQ	0	00:09:04.445	Core 04	2026.06.04 17:50:00   [SRJ-IND] B152PR sym=USDJPY bar=2026.06.04 17:45 z1=449,B,157.599,157.654,2026.05.13 05:15,1,2026.05.13 05:45,157.687,157.652"
2453,JUNE0525-B162,1617DC1ACCE6B50ED2D1359582A70A8B8503C569623EE90C18C6B33542796207,Tester/logs/20261011.log,987103,2026-06-04,17:50,B152PR,"MK	0	00:09:04.445	Core 04	2026.06.04 17:50:00   [SRJ-IND] B152PR sym=USDJPY bar=2026.06.04 17:45 z1=460,B,157.645,157.660,2026.05.13 07:05,1,2026.05.14 00:25,157.812,157.650"
2454,JUNE0525-B162,1617DC1ACCE6B50ED2D1359582A70A8B8503C569623EE90C18C6B33542796207,Tester/logs/20261011.log,987104,2026-06-04,17:50,B152PR,"MM	0	00:09:04.445	Core 04	2026.06.04 17:50:00   [SRJ-IND] B152PR sym=USDJPY bar=2026.06.04 17:45 z1=696,B,157.568,158.167,2026.05.14 18:05,1,2026.05.14 18:10,158.191,158.119"
2455,JUNE0525-B162,1617DC1ACCE6B50ED2D1359582A70A8B8503C569623EE90C18C6B33542796207,Tester/logs/20261011.log,987105,2026-06-04,17:50,B152PR,"EG	0	00:09:04.445	Core 04	2026.06.04 17:50:00   [SRJ-IND] B152PR sym=USDJPY bar=2026.06.04 17:45 z1=714,B,158.107,158.142,2026.05.14 19:30,1,2026.05.14 20:00,158.169,158.142"
2456,JUNE0525-B162,1617DC1ACCE6B50ED2D1359582A70A8B8503C569623EE90C18C6B33542796207,Tester/logs/20261011.log,987106,2026-06-04,17:50,B152PR,"LI	0	00:09:04.445	Core 04	2026.06.04 17:50:00   [SRJ-IND] B152PR sym=USDJPY bar=2026.06.04 17:45 z1=724,B,158.168,158.186,2026.05.14 21:00,1,2026.05.14 21:05,158.191,158.182"
2457,JUNE0525-B162,1617DC1ACCE6B50ED2D1359582A70A8B8503C569623EE90C18C6B33542796207,Tester/logs/20261011.log,987107,2026-06-04,17:50,B152PR,"RP	0	00:09:04.445	Core 04	2026.06.04 17:50:00   [SRJ-IND] B152PR sym=USDJPY bar=2026.06.04 17:45 z1=1405,B,158.735,158.769,2026.05.20 19:00,1,2026.05.20 19:05,158.816,158.753"
2458,JUNE0525-B162,1617DC1ACCE6B50ED2D1359582A70A8B8503C569623EE90C18C6B33542796207,Tester/logs/20261011.log,987108,2026-06-04,17:50,B152PR,"DF	0	00:09:04.445	Core 04	2026.06.04 17:50:00   [SRJ-IND] B152PR sym=USDJPY bar=2026.06.04 17:45 z1=1779,B,158.756,158.800,2026.05.25 06:45,1,2026.05.26 00:00,158.887,158.784"
2459,JUNE0525-B162,1617DC1ACCE6B50ED2D1359582A70A8B8503C569623EE90C18C6B33542796207,Tester/logs/20261011.log,987109,2026-06-04,17:50,B152PR,"IL	0	00:09:04.445	Core 04	2026.06.04 17:50:00   [SRJ-IND] B152PR sym=USDJPY bar=2026.06.04 17:45 z1=1780,B,158.789,158.814,2026.05.25 04:50,1,2026.05.26 00:00,158.887,158.784"
2460,JUNE0525-B162,1617DC1ACCE6B50ED2D1359582A70A8B8503C569623EE90C18C6B33542796207,Tester/logs/20261011.log,987110,2026-06-04,17:50,B152PR,"PR	0	00:09:04.445	Core 04	2026.06.04 17:50:00   [SRJ-IND] B152PR sym=USDJPY bar=2026.06.04 17:45 z1=1949,B,158.916,158.934,2026.05.26 07:25,1,2026.05.26 07:30,158.942,158.934"
2461,JUNE0525-B162,1617DC1ACCE6B50ED2D1359582A70A8B8503C569623EE90C18C6B33542796207,Tester/logs/20261011.log,987111,2026-06-04,17:50,B152PR,"IH	0	00:09:04.445	Core 04	2026.06.04 17:50:00   [SRJ-IND] B152PR sym=USDJPY bar=2026.06.04 17:45 z1=2509,B,159.134,159.195,2026.05.29 19:10,1,2026.05.29 19:35,159.215,159.186"
2462,JUNE0525-B162,1617DC1ACCE6B50ED2D1359582A70A8B8503C569623EE90C18C6B33542796207,Tester/logs/20261011.log,987112,2026-06-04,17:50,B152PR,"HN	0	00:09:04.445	Core 04	2026.06.04 17:50:00   [SRJ-IND] B152PR sym=USDJPY bar=2026.06.04 17:45 z1=2566,B,159.382,159.407,2026.06.01 03:15,1,2026.06.03 11:30,159.790,159.368"
2463,JUNE0525-B162,1617DC1ACCE6B50ED2D1359582A70A8B8503C569623EE90C18C6B33542796207,Tester/logs/20261011.log,987113,2026-06-04,17:50,B152PR,"RD	0	00:09:04.445	Core 04	2026.06.04 17:50:00   [SRJ-IND] B152PR sym=USDJPY bar=2026.06.04 17:45 z1=2648,B,159.435,159.481,2026.06.01 16:00,1,2026.06.03 11:30,159.790,159.368"
2464,JUNE0525-B162,1617DC1ACCE6B50ED2D1359582A70A8B8503C569623EE90C18C6B33542796207,Tester/logs/20261011.log,987114,2026-06-04,17:50,B152PR,"EJ	0	00:09:04.445	Core 04	2026.06.04 17:50:00   [SRJ-IND] B152PR sym=USDJPY bar=2026.06.04 17:45 z1=2716,B,159.576,159.603,2026.06.02 03:10,1,2026.06.03 10:35,159.787,159.550"
2465,JUNE0525-B162,1617DC1ACCE6B50ED2D1359582A70A8B8503C569623EE90C18C6B33542796207,Tester/logs/20261011.log,987115,2026-06-04,17:50,B152PR,"KP	0	00:09:04.445	Core 04	2026.06.04 17:50:00   [SRJ-IND] B152PR sym=USDJPY bar=2026.06.04 17:45 z1=2720,B,159.586,159.605,2026.06.02 01:05,1,2026.06.03 10:35,159.787,159.550"
2466,JUNE0525-B162,1617DC1ACCE6B50ED2D1359582A70A8B8503C569623EE90C18C6B33542796207,Tester/logs/20261011.log,987116,2026-06-04,17:50,B152PR,"OF	0	00:09:04.445	Core 04	2026.06.04 17:50:00   [SRJ-IND] B152PR sym=USDJPY bar=2026.06.04 17:45 z1=2945,B,159.579,159.675,2026.06.03 11:15,1,2026.06.03 11:25,159.727,159.674"
2467,JUNE0525-B162,1617DC1ACCE6B50ED2D1359582A70A8B8503C569623EE90C18C6B33542796207,Tester/logs/20261011.log,987117,2026-06-04,17:50,B152PR,"CL	0	00:09:04.445	Core 04	2026.06.04 17:50:00   [SRJ-IND] B152PR sym=USDJPY bar=2026.06.04 17:45 z1=3121,B,159.881,159.918,2026.06.04 17:00,1,2026.06.04 17:05,159.919,159.900"
2468,JUNE0525-B162,1617DC1ACCE6B50ED2D1359582A70A8B8503C569623EE90C18C6B33542796207,Tester/logs/20261011.log,987118,2026-06-04,17:50,B152PR,"LR	0	00:09:04.445	Core 04	2026.06.04 17:50:00   [SRJ-IND] B152PR sym=USDJPY bar=2026.06.04 17:45 z1=3150,B,159.820,159.853,2026.06.04 16:05,1,2026.06.04 16:15,159.889,159.852"
2469,JUNE0525-B162,1617DC1ACCE6B50ED2D1359582A70A8B8503C569623EE90C18C6B33542796207,Tester/logs/20261011.log,987119,2026-06-04,17:50,B152PR,"GJ	0	00:09:04.445	Core 04	2026.06.04 17:50:00   [SRJ-IND] B152PR sym=USDJPY bar=2026.06.04 17:45 bull=1 bear=0 nz=25"
2470,JUNE0525-B162,1617DC1ACCE6B50ED2D1359582A70A8B8503C569623EE90C18C6B33542796207,Tester/logs/20261011.log,987120,2026-06-04,17:50,B162ORIGIN,"JE	0	00:09:04.445	Core 04	2026.06.04 17:50:00   [SRJ-IND] B162ORIGIN sym=USDJPY bar=2026.06.04 17:45 side=B n=25 origin=3150 range=159.820-159.853 formT=2026.06.04 15:50 set=65,78,212,256,261,313,414,447,449,460,696,714,724,1405,1779,1780,1949,2509,2566,2648,2716,2720,2945,3121,3150"
2471,JUNE0525-B162,1617DC1ACCE6B50ED2D1359582A70A8B8503C569623EE90C18C6B33542796207,Tester/logs/20261011.log,987121,2026-06-04,17:50,B162ORIGIN,"LF	0	00:09:04.445	Core 04	2026.06.04 17:50:00   [SRJ-IND] B162ORIGIN sym=USDJPY bar=2026.06.04 17:45 side=S n=0 origin=NONE range=- formT=- set=-"
2472,JUNE0525-B162,1617DC1ACCE6B50ED2D1359582A70A8B8503C569623EE90C18C6B33542796207,Tester/logs/20261011.log,987128,2026-06-04,17:55,B152PR,"CN	0	00:09:04.445	Core 04	2026.06.04 17:55:03   [SRJ-IND] B152PR sym=USDJPY bar=2026.06.04 17:50 z1=65,B,156.672,156.773,2026.05.11 04:10,1,2026.05.12 08:55,157.714,156.726"
2473,JUNE0525-B162,1617DC1ACCE6B50ED2D1359582A70A8B8503C569623EE90C18C6B33542796207,Tester/logs/20261011.log,987129,2026-06-04,17:55,B152PR,"CD	0	00:09:04.445	Core 04	2026.06.04 17:55:03   [SRJ-IND] B152PR sym=USDJPY bar=2026.06.04 17:50 z1=78,B,156.578,156.584,2026.05.11 00:35,1,2026.05.11 00:40,156.644,156.537"
2474,JUNE0525-B162,1617DC1ACCE6B50ED2D1359582A70A8B8503C569623EE90C18C6B33542796207,Tester/logs/20261011.log,987130,2026-06-04,17:55,B152PR,"EH	0	00:09:04.445	Core 04	2026.06.04 17:55:03   [SRJ-IND] B152PR sym=USDJPY bar=2026.06.04 17:50 z1=212,B,157.028,157.060,2026.05.11 19:20,1,2026.05.12 00:00,157.152,157.050"
2475,JUNE0525-B162,1617DC1ACCE6B50ED2D1359582A70A8B8503C569623EE90C18C6B33542796207,Tester/logs/20261011.log,987131,2026-06-04,17:55,B152PR,"ER	0	00:09:04.445	Core 04	2026.06.04 17:55:03   [SRJ-IND] B152PR sym=USDJPY bar=2026.06.04 17:50 z1=256,B,157.172,157.178,2026.05.12 01:25,1,2026.05.12 08:55,157.714,156.726"
2476,JUNE0525-B162,1617DC1ACCE6B50ED2D1359582A70A8B8503C569623EE90C18C6B33542796207,Tester/logs/20261011.log,987132,2026-06-04,17:55,B152PR,"KD	0	00:09:04.445	Core 04	2026.06.04 17:55:03   [SRJ-IND] B152PR sym=USDJPY bar=2026.06.04 17:50 z1=261,B,157.184,157.192,2026.05.12 03:00,1,2026.05.12 08:55,157.714,156.726"
2477,JUNE0525-B162,1617DC1ACCE6B50ED2D1359582A70A8B8503C569623EE90C18C6B33542796207,Tester/logs/20261011.log,987133,2026-06-04,17:55,B152PR,"GN	0	00:09:04.445	Core 04	2026.06.04 17:55:03   [SRJ-IND] B152PR sym=USDJPY bar=2026.06.04 17:50 z1=313,B,157.331,157.497,2026.05.12 10:00,1,2026.05.12 10:10,157.546,157.487"
2478,JUNE0525-B162,1617DC1ACCE6B50ED2D1359582A70A8B8503C569623EE90C18C6B33542796207,Tester/logs/20261011.log,987134,2026-06-04,17:55,B152PR,"FP	0	00:09:04.445	Core 04	2026.06.04 17:55:03   [SRJ-IND] B152PR sym=USDJPY bar=2026.06.04 17:50 z1=414,B,157.517,157.589,2026.05.13 01:10,1,2026.05.13 01:20,157.607,157.587"
2479,JUNE0525-B162,1617DC1ACCE6B50ED2D1359582A70A8B8503C569623EE90C18C6B33542796207,Tester/logs/20261011.log,987135,2026-06-04,17:55,B152PR,"QJ	0	00:09:04.445	Core 04	2026.06.04 17:55:03   [SRJ-IND] B152PR sym=USDJPY bar=2026.06.04 17:50 z1=447,B,157.562,157.648,2026.05.13 06:20,1,2026.05.13 06:25,157.662,157.648"
2480,JUNE0525-B162,1617DC1ACCE6B50ED2D1359582A70A8B8503C569623EE90C18C6B33542796207,Tester/logs/20261011.log,987136,2026-06-04,17:55,B152PR,"RL	0	00:09:04.445	Core 04	2026.06.04 17:55:03   [SRJ-IND] B152PR sym=USDJPY bar=2026.06.04 17:50 z1=449,B,157.599,157.654,2026.05.13 05:15,1,2026.05.13 05:45,157.687,157.652"
2481,JUNE0525-B162,1617DC1ACCE6B50ED2D1359582A70A8B8503C569623EE90C18C6B33542796207,Tester/logs/20261011.log,987137,2026-06-04,17:55,B152PR,"GF	0	00:09:04.445	Core 04	2026.06.04 17:55:03   [SRJ-IND] B152PR sym=USDJPY bar=2026.06.04 17:50 z1=460,B,157.645,157.660,2026.05.13 07:05,1,2026.05.14 00:25,157.812,157.650"
2482,JUNE0525-B162,1617DC1ACCE6B50ED2D1359582A70A8B8503C569623EE90C18C6B33542796207,Tester/logs/20261011.log,987138,2026-06-04,17:55,B152PR,"OK	0	00:09:04.445	Core 04	2026.06.04 17:55:03   [SRJ-IND] B152PR sym=USDJPY bar=2026.06.04 17:50 z1=696,B,157.568,158.167,2026.05.14 18:05,1,2026.05.14 18:10,158.191,158.119"
2483,JUNE0525-B162,1617DC1ACCE6B50ED2D1359582A70A8B8503C569623EE90C18C6B33542796207,Tester/logs/20261011.log,987139,2026-06-04,17:55,B152PR,"GM	0	00:09:04.445	Core 04	2026.06.04 17:55:03   [SRJ-IND] B152PR sym=USDJPY bar=2026.06.04 17:50 z1=714,B,158.107,158.142,2026.05.14 19:30,1,2026.05.14 20:00,158.169,158.142"
2484,JUNE0525-B162,1617DC1ACCE6B50ED2D1359582A70A8B8503C569623EE90C18C6B33542796207,Tester/logs/20261011.log,987140,2026-06-04,17:55,B152PR,"JG	0	00:09:04.445	Core 04	2026.06.04 17:55:03   [SRJ-IND] B152PR sym=USDJPY bar=2026.06.04 17:50 z1=724,B,158.168,158.186,2026.05.14 21:00,1,2026.05.14 21:05,158.191,158.182"
2485,JUNE0525-B162,1617DC1ACCE6B50ED2D1359582A70A8B8503C569623EE90C18C6B33542796207,Tester/logs/20261011.log,987141,2026-06-04,17:55,B152PR,"DJ	0	00:09:04.445	Core 04	2026.06.04 17:55:03   [SRJ-IND] B152PR sym=USDJPY bar=2026.06.04 17:50 z1=1405,B,158.735,158.769,2026.05.20 19:00,1,2026.05.20 19:05,158.816,158.753"
2486,JUNE0525-B162,1617DC1ACCE6B50ED2D1359582A70A8B8503C569623EE90C18C6B33542796207,Tester/logs/20261011.log,987142,2026-06-04,17:55,B152PR,"RP	0	00:09:04.445	Core 04	2026.06.04 17:55:03   [SRJ-IND] B152PR sym=USDJPY bar=2026.06.04 17:50 z1=1779,B,158.756,158.800,2026.05.25 06:45,1,2026.05.26 00:00,158.887,158.784"
2487,JUNE0525-B162,1617DC1ACCE6B50ED2D1359582A70A8B8503C569623EE90C18C6B33542796207,Tester/logs/20261011.log,987143,2026-06-04,17:55,B152PR,"KF	0	00:09:04.445	Core 04	2026.06.04 17:55:03   [SRJ-IND] B152PR sym=USDJPY bar=2026.06.04 17:50 z1=1780,B,158.789,158.814,2026.05.25 04:50,1,2026.05.26 00:00,158.887,158.784"
2488,JUNE0525-B162,1617DC1ACCE6B50ED2D1359582A70A8B8503C569623EE90C18C6B33542796207,Tester/logs/20261011.log,987144,2026-06-04,17:55,B152PR,"FL	0	00:09:04.445	Core 04	2026.06.04 17:55:03   [SRJ-IND] B152PR sym=USDJPY bar=2026.06.04 17:50 z1=1949,B,158.916,158.934,2026.05.26 07:25,1,2026.05.26 07:30,158.942,158.934"
2489,JUNE0525-B162,1617DC1ACCE6B50ED2D1359582A70A8B8503C569623EE90C18C6B33542796207,Tester/logs/20261011.log,987145,2026-06-04,17:55,B152PR,"KR	0	00:09:04.445	Core 04	2026.06.04 17:55:03   [SRJ-IND] B152PR sym=USDJPY bar=2026.06.04 17:50 z1=2509,B,159.134,159.195,2026.05.29 19:10,1,2026.05.29 19:35,159.215,159.186"
2490,JUNE0525-B162,1617DC1ACCE6B50ED2D1359582A70A8B8503C569623EE90C18C6B33542796207,Tester/logs/20261011.log,987146,2026-06-04,17:55,B152PR,"NH	0	00:09:04.445	Core 04	2026.06.04 17:55:03   [SRJ-IND] B152PR sym=USDJPY bar=2026.06.04 17:50 z1=2566,B,159.382,159.407,2026.06.01 03:15,1,2026.06.03 11:30,159.790,159.368"
2491,JUNE0525-B162,1617DC1ACCE6B50ED2D1359582A70A8B8503C569623EE90C18C6B33542796207,Tester/logs/20261011.log,987147,2026-06-04,17:55,B152PR,"DN	0	00:09:04.445	Core 04	2026.06.04 17:55:03   [SRJ-IND] B152PR sym=USDJPY bar=2026.06.04 17:50 z1=2648,B,159.435,159.481,2026.06.01 16:00,1,2026.06.03 11:30,159.790,159.368"
2492,JUNE0525-B162,1617DC1ACCE6B50ED2D1359582A70A8B8503C569623EE90C18C6B33542796207,Tester/logs/20261011.log,987148,2026-06-04,17:55,B152PR,"OD	0	00:09:04.445	Core 04	2026.06.04 17:55:03   [SRJ-IND] B152PR sym=USDJPY bar=2026.06.04 17:50 z1=2716,B,159.576,159.603,2026.06.02 03:10,1,2026.06.03 10:35,159.787,159.550"
2493,JUNE0525-B162,1617DC1ACCE6B50ED2D1359582A70A8B8503C569623EE90C18C6B33542796207,Tester/logs/20261011.log,987149,2026-06-04,17:55,B152PR,"IJ	0	00:09:04.445	Core 04	2026.06.04 17:55:03   [SRJ-IND] B152PR sym=USDJPY bar=2026.06.04 17:50 z1=2720,B,159.586,159.605,2026.06.02 01:05,1,2026.06.03 10:35,159.787,159.550"
2494,JUNE0525-B162,1617DC1ACCE6B50ED2D1359582A70A8B8503C569623EE90C18C6B33542796207,Tester/logs/20261011.log,987150,2026-06-04,17:55,B152PR,"EP	0	00:09:04.445	Core 04	2026.06.04 17:55:03   [SRJ-IND] B152PR sym=USDJPY bar=2026.06.04 17:50 z1=2945,B,159.579,159.675,2026.06.03 11:15,1,2026.06.03 11:25,159.727,159.674"
2495,JUNE0525-B162,1617DC1ACCE6B50ED2D1359582A70A8B8503C569623EE90C18C6B33542796207,Tester/logs/20261011.log,987151,2026-06-04,17:55,B152PR,"QF	0	00:09:04.445	Core 04	2026.06.04 17:55:03   [SRJ-IND] B152PR sym=USDJPY bar=2026.06.04 17:50 z1=3121,B,159.881,159.918,2026.06.04 17:00,1,2026.06.04 17:05,159.919,159.900"
2496,JUNE0525-B162,1617DC1ACCE6B50ED2D1359582A70A8B8503C569623EE90C18C6B33542796207,Tester/logs/20261011.log,987152,2026-06-04,17:55,B152PR,"JL	0	00:09:04.445	Core 04	2026.06.04 17:55:03   [SRJ-IND] B152PR sym=USDJPY bar=2026.06.04 17:50 z1=3150,B,159.820,159.853,2026.06.04 16:05,1,2026.06.04 16:15,159.889,159.852"
2497,JUNE0525-B162,1617DC1ACCE6B50ED2D1359582A70A8B8503C569623EE90C18C6B33542796207,Tester/logs/20261011.log,987153,2026-06-04,17:55,B152PR,"MP	0	00:09:04.445	Core 04	2026.06.04 17:55:03   [SRJ-IND] B152PR sym=USDJPY bar=2026.06.04 17:50 bull=1 bear=0 nz=25"
2498,JUNE0525-B162,1617DC1ACCE6B50ED2D1359582A70A8B8503C569623EE90C18C6B33542796207,Tester/logs/20261011.log,987154,2026-06-04,17:55,B162ORIGIN,"DO	0	00:09:04.445	Core 04	2026.06.04 17:55:03   [SRJ-IND] B162ORIGIN sym=USDJPY bar=2026.06.04 17:50 side=B n=25 origin=3150 range=159.820-159.853 formT=2026.06.04 15:50 set=65,78,212,256,261,313,414,447,449,460,696,714,724,1405,1779,1780,1949,2509,2566,2648,2716,2720,2945,3121,3150"
2499,JUNE0525-B162,1617DC1ACCE6B50ED2D1359582A70A8B8503C569623EE90C18C6B33542796207,Tester/logs/20261011.log,987155,2026-06-04,17:55,B162ORIGIN,"RH	0	00:09:04.445	Core 04	2026.06.04 17:55:03   [SRJ-IND] B162ORIGIN sym=USDJPY bar=2026.06.04 17:50 side=S n=0 origin=NONE range=- formT=- set=-"
2500,JUNE0525-B162,1617DC1ACCE6B50ED2D1359582A70A8B8503C569623EE90C18C6B33542796207,Tester/logs/20261011.log,987165,2026-06-04,18:00,B152PR,"HQ	0	00:09:04.445	Core 04	2026.06.04 18:00:00   [SRJ-IND] B152PR sym=USDJPY bar=2026.06.04 17:55 z1=65,B,156.672,156.773,2026.05.11 04:10,1,2026.05.12 08:55,157.714,156.726"
2501,JUNE0525-B162,1617DC1ACCE6B50ED2D1359582A70A8B8503C569623EE90C18C6B33542796207,Tester/logs/20261011.log,987166,2026-06-04,18:00,B152PR,"PG	0	00:09:04.445	Core 04	2026.06.04 18:00:00   [SRJ-IND] B152PR sym=USDJPY bar=2026.06.04 17:55 z1=78,B,156.578,156.584,2026.05.11 00:35,1,2026.05.11 00:40,156.644,156.537"
2502,JUNE0525-B162,1617DC1ACCE6B50ED2D1359582A70A8B8503C569623EE90C18C6B33542796207,Tester/logs/20261011.log,987167,2026-06-04,18:00,B152PR,"JN	0	00:09:04.445	Core 04	2026.06.04 18:00:00   [SRJ-IND] B152PR sym=USDJPY bar=2026.06.04 17:55 z1=212,B,157.028,157.060,2026.05.11 19:20,1,2026.05.12 00:00,157.152,157.050"
2503,JUNE0525-B162,1617DC1ACCE6B50ED2D1359582A70A8B8503C569623EE90C18C6B33542796207,Tester/logs/20261011.log,987168,2026-06-04,18:00,B152PR,"JP	0	00:09:04.445	Core 04	2026.06.04 18:00:00   [SRJ-IND] B152PR sym=USDJPY bar=2026.06.04 17:55 z1=256,B,157.172,157.178,2026.05.12 01:25,1,2026.05.12 08:55,157.714,156.726"
2504,JUNE0525-B162,1617DC1ACCE6B50ED2D1359582A70A8B8503C569623EE90C18C6B33542796207,Tester/logs/20261011.log,987169,2026-06-04,18:00,B152PR,"HE	0	00:09:04.445	Core 04	2026.06.04 18:00:00   [SRJ-IND] B152PR sym=USDJPY bar=2026.06.04 17:55 z1=261,B,157.184,157.192,2026.05.12 03:00,1,2026.05.12 08:55,157.714,156.726"
2505,JUNE0525-B162,1617DC1ACCE6B50ED2D1359582A70A8B8503C569623EE90C18C6B33542796207,Tester/logs/20261011.log,987170,2026-06-04,18:00,B152PR,"LO	0	00:09:04.445	Core 04	2026.06.04 18:00:00   [SRJ-IND] B152PR sym=USDJPY bar=2026.06.04 17:55 z1=313,B,157.331,157.497,2026.05.12 10:00,1,2026.05.12 10:10,157.546,157.487"
2506,JUNE0525-B162,1617DC1ACCE6B50ED2D1359582A70A8B8503C569623EE90C18C6B33542796207,Tester/logs/20261011.log,987171,2026-06-04,18:00,B152PR,"IQ	0	00:09:04.445	Core 04	2026.06.04 18:00:00   [SRJ-IND] B152PR sym=USDJPY bar=2026.06.04 17:55 z1=414,B,157.517,157.589,2026.05.13 01:10,1,2026.05.13 01:20,157.607,157.587"
2507,JUNE0525-B162,1617DC1ACCE6B50ED2D1359582A70A8B8503C569623EE90C18C6B33542796207,Tester/logs/20261011.log,987172,2026-06-04,18:00,B152PR,"NK	0	00:09:04.445	Core 04	2026.06.04 18:00:00   [SRJ-IND] B152PR sym=USDJPY bar=2026.06.04 17:55 z1=447,B,157.562,157.648,2026.05.13 06:20,1,2026.05.13 06:25,157.662,157.648"
2508,JUNE0525-B162,1617DC1ACCE6B50ED2D1359582A70A8B8503C569623EE90C18C6B33542796207,Tester/logs/20261011.log,987173,2026-06-04,18:00,B152PR,"EM	0	00:09:04.445	Core 04	2026.06.04 18:00:00   [SRJ-IND] B152PR sym=USDJPY bar=2026.06.04 17:55 z1=449,B,157.599,157.654,2026.05.13 05:15,1,2026.05.13 05:45,157.687,157.652"
2509,JUNE0525-B162,1617DC1ACCE6B50ED2D1359582A70A8B8503C569623EE90C18C6B33542796207,Tester/logs/20261011.log,987174,2026-06-04,18:00,B152PR,"LG	0	00:09:04.445	Core 04	2026.06.04 18:00:00   [SRJ-IND] B152PR sym=USDJPY bar=2026.06.04 17:55 z1=460,B,157.645,157.660,2026.05.13 07:05,1,2026.05.14 00:25,157.812,157.650"
2510,JUNE0525-B162,1617DC1ACCE6B50ED2D1359582A70A8B8503C569623EE90C18C6B33542796207,Tester/logs/20261011.log,987175,2026-06-04,18:00,B152PR,"LI	0	00:09:04.445	Core 04	2026.06.04 18:00:00   [SRJ-IND] B152PR sym=USDJPY bar=2026.06.04 17:55 z1=696,B,157.568,158.167,2026.05.14 18:05,1,2026.05.14 18:10,158.191,158.119"
2511,JUNE0525-B162,1617DC1ACCE6B50ED2D1359582A70A8B8503C569623EE90C18C6B33542796207,Tester/logs/20261011.log,987176,2026-06-04,18:00,B152PR,"DS	0	00:09:04.445	Core 04	2026.06.04 18:00:00   [SRJ-IND] B152PR sym=USDJPY bar=2026.06.04 17:55 z1=714,B,158.107,158.142,2026.05.14 19:30,1,2026.05.14 20:00,158.169,158.142"
2512,JUNE0525-B162,1617DC1ACCE6B50ED2D1359582A70A8B8503C569623EE90C18C6B33542796207,Tester/logs/20261011.log,987177,2026-06-04,18:00,B152PR,"MD	0	00:09:04.445	Core 04	2026.06.04 18:00:00   [SRJ-IND] B152PR sym=USDJPY bar=2026.06.04 17:55 z1=724,B,158.168,158.186,2026.05.14 21:00,1,2026.05.14 21:05,158.191,158.182"
2513,JUNE0525-B162,1617DC1ACCE6B50ED2D1359582A70A8B8503C569623EE90C18C6B33542796207,Tester/logs/20261011.log,987178,2026-06-04,18:00,B152PR,"OM	0	00:09:04.445	Core 04	2026.06.04 18:00:00   [SRJ-IND] B152PR sym=USDJPY bar=2026.06.04 17:55 z1=1405,B,158.735,158.769,2026.05.20 19:00,1,2026.05.20 19:05,158.816,158.753"
2514,JUNE0525-B162,1617DC1ACCE6B50ED2D1359582A70A8B8503C569623EE90C18C6B33542796207,Tester/logs/20261011.log,987179,2026-06-04,18:00,B152PR,"ES	0	00:09:04.445	Core 04	2026.06.04 18:00:00   [SRJ-IND] B152PR sym=USDJPY bar=2026.06.04 17:55 z1=1779,B,158.756,158.800,2026.05.25 06:45,1,2026.05.26 00:00,158.887,158.784"
2515,JUNE0525-B162,1617DC1ACCE6B50ED2D1359582A70A8B8503C569623EE90C18C6B33542796207,Tester/logs/20261011.log,987180,2026-06-04,18:00,B152PR,"HI	0	00:09:04.445	Core 04	2026.06.04 18:00:00   [SRJ-IND] B152PR sym=USDJPY bar=2026.06.04 17:55 z1=1780,B,158.789,158.814,2026.05.25 04:50,1,2026.05.26 00:00,158.887,158.784"
2516,JUNE0525-B162,1617DC1ACCE6B50ED2D1359582A70A8B8503C569623EE90C18C6B33542796207,Tester/logs/20261011.log,987181,2026-06-04,18:00,B152PR,"QO	0	00:09:04.445	Core 04	2026.06.04 18:00:00   [SRJ-IND] B152PR sym=USDJPY bar=2026.06.04 17:55 z1=1949,B,158.916,158.934,2026.05.26 07:25,1,2026.05.26 07:30,158.942,158.934"
2517,JUNE0525-B162,1617DC1ACCE6B50ED2D1359582A70A8B8503C569623EE90C18C6B33542796207,Tester/logs/20261011.log,987182,2026-06-04,18:00,B152PR,"HE	0	00:09:04.445	Core 04	2026.06.04 18:00:00   [SRJ-IND] B152PR sym=USDJPY bar=2026.06.04 17:55 z1=2509,B,159.134,159.195,2026.05.29 19:10,1,2026.05.29 19:35,159.215,159.186"
2518,JUNE0525-B162,1617DC1ACCE6B50ED2D1359582A70A8B8503C569623EE90C18C6B33542796207,Tester/logs/20261011.log,987183,2026-06-04,18:00,B152PR,"IK	0	00:09:04.445	Core 04	2026.06.04 18:00:00   [SRJ-IND] B152PR sym=USDJPY bar=2026.06.04 17:55 z1=2566,B,159.382,159.407,2026.06.01 03:15,1,2026.06.03 11:30,159.790,159.368"
2519,JUNE0525-B162,1617DC1ACCE6B50ED2D1359582A70A8B8503C569623EE90C18C6B33542796207,Tester/logs/20261011.log,987184,2026-06-04,18:00,B152PR,"OQ	0	00:09:04.445	Core 04	2026.06.04 18:00:00   [SRJ-IND] B152PR sym=USDJPY bar=2026.06.04 17:55 z1=2648,B,159.435,159.481,2026.06.01 16:00,1,2026.06.03 11:30,159.790,159.368"
2520,JUNE0525-B162,1617DC1ACCE6B50ED2D1359582A70A8B8503C569623EE90C18C6B33542796207,Tester/logs/20261011.log,987185,2026-06-04,18:00,B152PR,"DG	0	00:09:04.445	Core 04	2026.06.04 18:00:00   [SRJ-IND] B152PR sym=USDJPY bar=2026.06.04 17:55 z1=2716,B,159.576,159.603,2026.06.02 03:10,1,2026.06.03 10:35,159.787,159.550"
2521,JUNE0525-B162,1617DC1ACCE6B50ED2D1359582A70A8B8503C569623EE90C18C6B33542796207,Tester/logs/20261011.log,987186,2026-06-04,18:00,B152PR,"NM	0	00:09:04.445	Core 04	2026.06.04 18:00:00   [SRJ-IND] B152PR sym=USDJPY bar=2026.06.04 17:55 z1=2720,B,159.586,159.605,2026.06.02 01:05,1,2026.06.03 10:35,159.787,159.550"
2522,JUNE0525-B162,1617DC1ACCE6B50ED2D1359582A70A8B8503C569623EE90C18C6B33542796207,Tester/logs/20261011.log,987187,2026-06-04,18:00,B152PR,"RS	0	00:09:04.445	Core 04	2026.06.04 18:00:00   [SRJ-IND] B152PR sym=USDJPY bar=2026.06.04 17:55 z1=2945,B,159.579,159.675,2026.06.03 11:15,1,2026.06.03 11:25,159.727,159.674"
2523,JUNE0525-B162,1617DC1ACCE6B50ED2D1359582A70A8B8503C569623EE90C18C6B33542796207,Tester/logs/20261011.log,987188,2026-06-04,18:00,B152PR,"FH	0	00:09:04.445	Core 04	2026.06.04 18:00:00   [SRJ-IND] B152PR sym=USDJPY bar=2026.06.04 17:55 z1=3046,S,159.994,160.074,2026.06.04 04:50,1,2026.06.04 17:55,160.002,159.960"
2524,JUNE0525-B162,1617DC1ACCE6B50ED2D1359582A70A8B8503C569623EE90C18C6B33542796207,Tester/logs/20261011.log,987189,2026-06-04,18:00,B152PR,"LN	0	00:09:04.445	Core 04	2026.06.04 18:00:00   [SRJ-IND] B152PR sym=USDJPY bar=2026.06.04 17:55 z1=3052,S,160.001,160.012,2026.06.04 04:50,1,2026.06.04 17:55,160.002,159.960"
2525,JUNE0525-B162,1617DC1ACCE6B50ED2D1359582A70A8B8503C569623EE90C18C6B33542796207,Tester/logs/20261011.log,987190,2026-06-04,18:00,B152PR,"FE	0	00:09:04.445	Core 04	2026.06.04 18:00:00   [SRJ-IND] B152PR sym=USDJPY bar=2026.06.04 17:55 z1=3121,B,159.881,159.918,2026.06.04 17:00,1,2026.06.04 17:05,159.919,159.900"
2526,JUNE0525-B162,1617DC1ACCE6B50ED2D1359582A70A8B8503C569623EE90C18C6B33542796207,Tester/logs/20261011.log,987191,2026-06-04,18:00,B152PR,"MK	0	00:09:04.445	Core 04	2026.06.04 18:00:00   [SRJ-IND] B152PR sym=USDJPY bar=2026.06.04 17:55 z1=3150,B,159.820,159.853,2026.06.04 16:05,1,2026.06.04 16:15,159.889,159.852"
2527,JUNE0525-B162,1617DC1ACCE6B50ED2D1359582A70A8B8503C569623EE90C18C6B33542796207,Tester/logs/20261011.log,987192,2026-06-04,18:00,B152PR,"GS	0	00:09:04.445	Core 04	2026.06.04 18:00:00   [SRJ-IND] B152PR sym=USDJPY bar=2026.06.04 17:55 bull=1 bear=1 nz=27"
2528,JUNE0525-B162,1617DC1ACCE6B50ED2D1359582A70A8B8503C569623EE90C18C6B33542796207,Tester/logs/20261011.log,987193,2026-06-04,18:00,B162ORIGIN,"GR	0	00:09:04.445	Core 04	2026.06.04 18:00:00   [SRJ-IND] B162ORIGIN sym=USDJPY bar=2026.06.04 17:55 side=B n=25 origin=3150 range=159.820-159.853 formT=2026.06.04 15:50 set=65,78,212,256,261,313,414,447,449,460,696,714,724,1405,1779,1780,1949,2509,2566,2648,2716,2720,2945,3121,3150"
2529,JUNE0525-B162,1617DC1ACCE6B50ED2D1359582A70A8B8503C569623EE90C18C6B33542796207,Tester/logs/20261011.log,987194,2026-06-04,18:00,B162ORIGIN,"IM	0	00:09:04.445	Core 04	2026.06.04 18:00:00   [SRJ-IND] B162ORIGIN sym=USDJPY bar=2026.06.04 17:55 side=S n=2 origin=3052 range=160.001-160.012 formT=2026.06.04 01:40 set=3046,3052"
2530,JUNE0525-B162,1617DC1ACCE6B50ED2D1359582A70A8B8503C569623EE90C18C6B33542796207,Tester/logs/20261011.log,987206,2026-06-04,18:05,B152PR,"HF	0	00:09:04.445	Core 04	2026.06.04 18:05:00   [SRJ-IND] B152PR sym=USDJPY bar=2026.06.04 18:00 z1=65,B,156.672,156.773,2026.05.11 04:10,1,2026.05.12 08:55,157.714,156.726"
2531,JUNE0525-B162,1617DC1ACCE6B50ED2D1359582A70A8B8503C569623EE90C18C6B33542796207,Tester/logs/20261011.log,987207,2026-06-04,18:05,B152PR,"PM	0	00:09:04.445	Core 04	2026.06.04 18:05:00   [SRJ-IND] B152PR sym=USDJPY bar=2026.06.04 18:00 z1=78,B,156.578,156.584,2026.05.11 00:35,1,2026.05.11 00:40,156.644,156.537"
2532,JUNE0525-B162,1617DC1ACCE6B50ED2D1359582A70A8B8503C569623EE90C18C6B33542796207,Tester/logs/20261011.log,987208,2026-06-04,18:05,B152PR,"JP	0	00:09:04.445	Core 04	2026.06.04 18:05:00   [SRJ-IND] B152PR sym=USDJPY bar=2026.06.04 18:00 z1=212,B,157.028,157.060,2026.05.11 19:20,1,2026.05.12 00:00,157.152,157.050"
2533,JUNE0525-B162,1617DC1ACCE6B50ED2D1359582A70A8B8503C569623EE90C18C6B33542796207,Tester/logs/20261011.log,987209,2026-06-04,18:05,B152PR,"NJ	0	00:09:04.445	Core 04	2026.06.04 18:05:00   [SRJ-IND] B152PR sym=USDJPY bar=2026.06.04 18:00 z1=256,B,157.172,157.178,2026.05.12 01:25,1,2026.05.12 08:55,157.714,156.726"
2534,JUNE0525-B162,1617DC1ACCE6B50ED2D1359582A70A8B8503C569623EE90C18C6B33542796207,Tester/logs/20261011.log,987210,2026-06-04,18:05,B152PR,"HL	0	00:09:04.445	Core 04	2026.06.04 18:05:00   [SRJ-IND] B152PR sym=USDJPY bar=2026.06.04 18:00 z1=261,B,157.184,157.192,2026.05.12 03:00,1,2026.05.12 08:55,157.714,156.726"
2535,JUNE0525-B162,1617DC1ACCE6B50ED2D1359582A70A8B8503C569623EE90C18C6B33542796207,Tester/logs/20261011.log,987211,2026-06-04,18:05,B152PR,"PF	0	00:09:04.445	Core 04	2026.06.04 18:05:00   [SRJ-IND] B152PR sym=USDJPY bar=2026.06.04 18:00 z1=313,B,157.331,157.497,2026.05.12 10:00,1,2026.05.12 10:10,157.546,157.487"
2536,JUNE0525-B162,1617DC1ACCE6B50ED2D1359582A70A8B8503C569623EE90C18C6B33542796207,Tester/logs/20261011.log,987212,2026-06-04,18:05,B152PR,"IH	0	00:09:04.445	Core 04	2026.06.04 18:05:00   [SRJ-IND] B152PR sym=USDJPY bar=2026.06.04 18:00 z1=414,B,157.517,157.589,2026.05.13 01:10,1,2026.05.13 01:20,157.607,157.587"
2537,JUNE0525-B162,1617DC1ACCE6B50ED2D1359582A70A8B8503C569623EE90C18C6B33542796207,Tester/logs/20261011.log,987213,2026-06-04,18:05,B152PR,"JM	0	00:09:04.445	Core 04	2026.06.04 18:05:00   [SRJ-IND] B152PR sym=USDJPY bar=2026.06.04 18:00 z1=447,B,157.562,157.648,2026.05.13 06:20,1,2026.05.13 06:25,157.662,157.648"
2538,JUNE0525-B162,1617DC1ACCE6B50ED2D1359582A70A8B8503C569623EE90C18C6B33542796207,Tester/logs/20261011.log,987214,2026-06-04,18:05,B152PR,"EG	0	00:09:04.445	Core 04	2026.06.04 18:05:00   [SRJ-IND] B152PR sym=USDJPY bar=2026.06.04 18:00 z1=449,B,157.599,157.654,2026.05.13 05:15,1,2026.05.13 05:45,157.687,157.652"
2539,JUNE0525-B162,1617DC1ACCE6B50ED2D1359582A70A8B8503C569623EE90C18C6B33542796207,Tester/logs/20261011.log,987215,2026-06-04,18:05,B152PR,"PI	0	00:09:04.445	Core 04	2026.06.04 18:05:00   [SRJ-IND] B152PR sym=USDJPY bar=2026.06.04 18:00 z1=460,B,157.645,157.660,2026.05.13 07:05,1,2026.05.14 00:25,157.812,157.650"
2540,JUNE0525-B162,1617DC1ACCE6B50ED2D1359582A70A8B8503C569623EE90C18C6B33542796207,Tester/logs/20261011.log,987216,2026-06-04,18:05,B152PR,"LS	0	00:09:04.445	Core 04	2026.06.04 18:05:00   [SRJ-IND] B152PR sym=USDJPY bar=2026.06.04 18:00 z1=696,B,157.568,158.167,2026.05.14 18:05,1,2026.05.14 18:10,158.191,158.119"
2541,JUNE0525-B162,1617DC1ACCE6B50ED2D1359582A70A8B8503C569623EE90C18C6B33542796207,Tester/logs/20261011.log,987217,2026-06-04,18:05,B152PR,"PE	0	00:09:04.445	Core 04	2026.06.04 18:05:00   [SRJ-IND] B152PR sym=USDJPY bar=2026.06.04 18:00 z1=714,B,158.107,158.142,2026.05.14 19:30,1,2026.05.14 20:00,158.169,158.142"
2542,JUNE0525-B162,1617DC1ACCE6B50ED2D1359582A70A8B8503C569623EE90C18C6B33542796207,Tester/logs/20261011.log,987218,2026-06-04,18:05,B152PR,"MO	0	00:09:04.445	Core 04	2026.06.04 18:05:00   [SRJ-IND] B152PR sym=USDJPY bar=2026.06.04 18:00 z1=724,B,158.168,158.186,2026.05.14 21:00,1,2026.05.14 21:05,158.191,158.182"
2543,JUNE0525-B162,1617DC1ACCE6B50ED2D1359582A70A8B8503C569623EE90C18C6B33542796207,Tester/logs/20261011.log,987219,2026-06-04,18:05,B152PR,"KR	0	00:09:04.445	Core 04	2026.06.04 18:05:00   [SRJ-IND] B152PR sym=USDJPY bar=2026.06.04 18:00 z1=1405,B,158.735,158.769,2026.05.20 19:00,1,2026.05.20 19:05,158.816,158.753"
2544,JUNE0525-B162,1617DC1ACCE6B50ED2D1359582A70A8B8503C569623EE90C18C6B33542796207,Tester/logs/20261011.log,987220,2026-06-04,18:05,B152PR,"IH	0	00:09:04.445	Core 04	2026.06.04 18:05:00   [SRJ-IND] B152PR sym=USDJPY bar=2026.06.04 18:00 z1=1779,B,158.756,158.800,2026.05.25 06:45,1,2026.05.26 00:00,158.887,158.784"
2545,JUNE0525-B162,1617DC1ACCE6B50ED2D1359582A70A8B8503C569623EE90C18C6B33542796207,Tester/logs/20261011.log,987221,2026-06-04,18:05,B152PR,"DN	0	00:09:04.445	Core 04	2026.06.04 18:05:00   [SRJ-IND] B152PR sym=USDJPY bar=2026.06.04 18:00 z1=1780,B,158.789,158.814,2026.05.25 04:50,1,2026.05.26 00:00,158.887,158.784"
2546,JUNE0525-B162,1617DC1ACCE6B50ED2D1359582A70A8B8503C569623EE90C18C6B33542796207,Tester/logs/20261011.log,987222,2026-06-04,18:05,B152PR,"MD	0	00:09:04.445	Core 04	2026.06.04 18:05:00   [SRJ-IND] B152PR sym=USDJPY bar=2026.06.04 18:00 z1=1949,B,158.916,158.934,2026.05.26 07:25,1,2026.05.26 07:30,158.942,158.934"
2547,JUNE0525-B162,1617DC1ACCE6B50ED2D1359582A70A8B8503C569623EE90C18C6B33542796207,Tester/logs/20261011.log,987223,2026-06-04,18:05,B152PR,"DJ	0	00:09:04.445	Core 04	2026.06.04 18:05:00   [SRJ-IND] B152PR sym=USDJPY bar=2026.06.04 18:00 z1=2509,B,159.134,159.195,2026.05.29 19:10,1,2026.05.29 19:35,159.215,159.186"
2548,JUNE0525-B162,1617DC1ACCE6B50ED2D1359582A70A8B8503C569623EE90C18C6B33542796207,Tester/logs/20261011.log,987224,2026-06-04,18:05,B152PR,"EP	0	00:09:04.445	Core 04	2026.06.04 18:05:00   [SRJ-IND] B152PR sym=USDJPY bar=2026.06.04 18:00 z1=2566,B,159.382,159.407,2026.06.01 03:15,1,2026.06.03 11:30,159.790,159.368"
2549,JUNE0525-B162,1617DC1ACCE6B50ED2D1359582A70A8B8503C569623EE90C18C6B33542796207,Tester/logs/20261011.log,987225,2026-06-04,18:05,B152PR,"KF	0	00:09:04.445	Core 04	2026.06.04 18:05:00   [SRJ-IND] B152PR sym=USDJPY bar=2026.06.04 18:00 z1=2648,B,159.435,159.481,2026.06.01 16:00,1,2026.06.03 11:30,159.790,159.368"
2550,JUNE0525-B162,1617DC1ACCE6B50ED2D1359582A70A8B8503C569623EE90C18C6B33542796207,Tester/logs/20261011.log,987226,2026-06-04,18:05,B152PR,"HL	0	00:09:04.445	Core 04	2026.06.04 18:05:00   [SRJ-IND] B152PR sym=USDJPY bar=2026.06.04 18:00 z1=2716,B,159.576,159.603,2026.06.02 03:10,1,2026.06.03 10:35,159.787,159.550"
2551,JUNE0525-B162,1617DC1ACCE6B50ED2D1359582A70A8B8503C569623EE90C18C6B33542796207,Tester/logs/20261011.log,987227,2026-06-04,18:05,B152PR,"RR	0	00:09:04.445	Core 04	2026.06.04 18:05:00   [SRJ-IND] B152PR sym=USDJPY bar=2026.06.04 18:00 z1=2720,B,159.586,159.605,2026.06.02 01:05,1,2026.06.03 10:35,159.787,159.550"
2552,JUNE0525-B162,1617DC1ACCE6B50ED2D1359582A70A8B8503C569623EE90C18C6B33542796207,Tester/logs/20261011.log,987228,2026-06-04,18:05,B152PR,"NH	0	00:09:04.445	Core 04	2026.06.04 18:05:00   [SRJ-IND] B152PR sym=USDJPY bar=2026.06.04 18:00 z1=2945,B,159.579,159.675,2026.06.03 11:15,1,2026.06.03 11:25,159.727,159.674"
2553,JUNE0525-B162,1617DC1ACCE6B50ED2D1359582A70A8B8503C569623EE90C18C6B33542796207,Tester/logs/20261011.log,987229,2026-06-04,18:05,B152PR,"JO	0	00:09:04.445	Core 04	2026.06.04 18:05:00   [SRJ-IND] B152PR sym=USDJPY bar=2026.06.04 18:00 z1=3046,S,159.994,160.074,2026.06.04 04:50,1,2026.06.04 17:55,160.002,159.960"
2554,JUNE0525-B162,1617DC1ACCE6B50ED2D1359582A70A8B8503C569623EE90C18C6B33542796207,Tester/logs/20261011.log,987230,2026-06-04,18:05,B152PR,"JD	0	00:09:04.445	Core 04	2026.06.04 18:05:00   [SRJ-IND] B152PR sym=USDJPY bar=2026.06.04 18:00 z1=3121,B,159.881,159.918,2026.06.04 17:00,1,2026.06.04 17:05,159.919,159.900"
2555,JUNE0525-B162,1617DC1ACCE6B50ED2D1359582A70A8B8503C569623EE90C18C6B33542796207,Tester/logs/20261011.log,987231,2026-06-04,18:05,B152PR,"QJ	0	00:09:04.445	Core 04	2026.06.04 18:05:00   [SRJ-IND] B152PR sym=USDJPY bar=2026.06.04 18:00 z1=3150,B,159.820,159.853,2026.06.04 16:05,1,2026.06.04 16:15,159.889,159.852"
2556,JUNE0525-B162,1617DC1ACCE6B50ED2D1359582A70A8B8503C569623EE90C18C6B33542796207,Tester/logs/20261011.log,987232,2026-06-04,18:05,B152PR,"DR	0	00:09:04.445	Core 04	2026.06.04 18:05:00   [SRJ-IND] B152PR sym=USDJPY bar=2026.06.04 18:00 bull=1 bear=1 nz=26"
2557,JUNE0525-B162,1617DC1ACCE6B50ED2D1359582A70A8B8503C569623EE90C18C6B33542796207,Tester/logs/20261011.log,987233,2026-06-04,18:05,B162ORIGIN,"KR	0	00:09:04.445	Core 04	2026.06.04 18:05:00   [SRJ-IND] B162ORIGIN sym=USDJPY bar=2026.06.04 18:00 side=B n=25 origin=3150 range=159.820-159.853 formT=2026.06.04 15:50 set=65,78,212,256,261,313,414,447,449,460,696,714,724,1405,1779,1780,1949,2509,2566,2648,2716,2720,2945,3121,3150"
2558,JUNE0525-B162,1617DC1ACCE6B50ED2D1359582A70A8B8503C569623EE90C18C6B33542796207,Tester/logs/20261011.log,987234,2026-06-04,18:05,B162ORIGIN,"FO	0	00:09:04.445	Core 04	2026.06.04 18:05:00   [SRJ-IND] B162ORIGIN sym=USDJPY bar=2026.06.04 18:00 side=S n=1 origin=3046 range=159.994-160.074 formT=2026.06.04 01:00 set=3046"
2559,JUNE0525-B162,1617DC1ACCE6B50ED2D1359582A70A8B8503C569623EE90C18C6B33542796207,Tester/logs/20261011.log,987239,2026-06-04,18:05,CQDRECHECK,"PF	0	00:09:04.445	Core 04	2026.06.04 18:05:00   [SRJ-EA] CQDRECHECK shift=2 passA=2.0 passB=2.0 diff=0 bar=2026.06.04 17:55 state=IDLE dir=NONE divLatch=0 hit1=0 hit2=608 mism=0"
2560,JUNE0525-B162,1617DC1ACCE6B50ED2D1359582A70A8B8503C569623EE90C18C6B33542796207,Tester/logs/20261011.log,987244,2026-06-04,18:10,B152PR,"MH	0	00:09:04.445	Core 04	2026.06.04 18:10:00   [SRJ-IND] B152PR sym=USDJPY bar=2026.06.04 18:05 z1=65,B,156.672,156.773,2026.05.11 04:10,1,2026.05.12 08:55,157.714,156.726"
2561,JUNE0525-B162,1617DC1ACCE6B50ED2D1359582A70A8B8503C569623EE90C18C6B33542796207,Tester/logs/20261011.log,987245,2026-06-04,18:10,B152PR,"MN	0	00:09:04.445	Core 04	2026.06.04 18:10:00   [SRJ-IND] B152PR sym=USDJPY bar=2026.06.04 18:05 z1=78,B,156.578,156.584,2026.05.11 00:35,1,2026.05.11 00:40,156.644,156.537"
2562,JUNE0525-B162,1617DC1ACCE6B50ED2D1359582A70A8B8503C569623EE90C18C6B33542796207,Tester/logs/20261011.log,987246,2026-06-04,18:10,B152PR,"KG	0	00:09:04.445	Core 04	2026.06.04 18:10:00   [SRJ-IND] B152PR sym=USDJPY bar=2026.06.04 18:05 z1=212,B,157.028,157.060,2026.05.11 19:20,1,2026.05.12 00:00,157.152,157.050"
2563,JUNE0525-B162,1617DC1ACCE6B50ED2D1359582A70A8B8503C569623EE90C18C6B33542796207,Tester/logs/20261011.log,987247,2026-06-04,18:10,B152PR,"KI	0	00:09:04.445	Core 04	2026.06.04 18:10:00   [SRJ-IND] B152PR sym=USDJPY bar=2026.06.04 18:05 z1=256,B,157.172,157.178,2026.05.12 01:25,1,2026.05.12 08:55,157.714,156.726"
2564,JUNE0525-B162,1617DC1ACCE6B50ED2D1359582A70A8B8503C569623EE90C18C6B33542796207,Tester/logs/20261011.log,987248,2026-06-04,18:10,B152PR,"ES	0	00:09:04.445	Core 04	2026.06.04 18:10:00   [SRJ-IND] B152PR sym=USDJPY bar=2026.06.04 18:05 z1=261,B,157.184,157.192,2026.05.12 03:00,1,2026.05.12 08:55,157.714,156.726"
2565,JUNE0525-B162,1617DC1ACCE6B50ED2D1359582A70A8B8503C569623EE90C18C6B33542796207,Tester/logs/20261011.log,987249,2026-06-04,18:10,B152PR,"QE	0	00:09:04.445	Core 04	2026.06.04 18:10:00   [SRJ-IND] B152PR sym=USDJPY bar=2026.06.04 18:05 z1=313,B,157.331,157.497,2026.05.12 10:00,1,2026.05.12 10:10,157.546,157.487"
2566,JUNE0525-B162,1617DC1ACCE6B50ED2D1359582A70A8B8503C569623EE90C18C6B33542796207,Tester/logs/20261011.log,987250,2026-06-04,18:10,B152PR,"LN	0	00:09:04.445	Core 04	2026.06.04 18:10:00   [SRJ-IND] B152PR sym=USDJPY bar=2026.06.04 18:05 z1=414,B,157.517,157.589,2026.05.13 01:10,1,2026.05.13 01:20,157.607,157.587"
2567,JUNE0525-B162,1617DC1ACCE6B50ED2D1359582A70A8B8503C569623EE90C18C6B33542796207,Tester/logs/20261011.log,987251,2026-06-04,18:10,B152PR,"GP	0	00:09:04.445	Core 04	2026.06.04 18:10:00   [SRJ-IND] B152PR sym=USDJPY bar=2026.06.04 18:05 z1=447,B,157.562,157.648,2026.05.13 06:20,1,2026.05.13 06:25,157.662,157.648"
2568,JUNE0525-B162,1617DC1ACCE6B50ED2D1359582A70A8B8503C569623EE90C18C6B33542796207,Tester/logs/20261011.log,987252,2026-06-04,18:10,B152PR,"HJ	0	00:09:04.445	Core 04	2026.06.04 18:10:00   [SRJ-IND] B152PR sym=USDJPY bar=2026.06.04 18:05 z1=449,B,157.599,157.654,2026.05.13 05:15,1,2026.05.13 05:45,157.687,157.652"
2569,JUNE0525-B162,1617DC1ACCE6B50ED2D1359582A70A8B8503C569623EE90C18C6B33542796207,Tester/logs/20261011.log,987253,2026-06-04,18:10,B152PR,"QL	0	00:09:04.445	Core 04	2026.06.04 18:10:00   [SRJ-IND] B152PR sym=USDJPY bar=2026.06.04 18:05 z1=460,B,157.645,157.660,2026.05.13 07:05,1,2026.05.14 00:25,157.812,157.650"
2570,JUNE0525-B162,1617DC1ACCE6B50ED2D1359582A70A8B8503C569623EE90C18C6B33542796207,Tester/logs/20261011.log,987254,2026-06-04,18:10,B152PR,"IF	0	00:09:04.445	Core 04	2026.06.04 18:10:00   [SRJ-IND] B152PR sym=USDJPY bar=2026.06.04 18:05 z1=696,B,157.568,158.167,2026.05.14 18:05,1,2026.05.14 18:10,158.191,158.119"
2571,JUNE0525-B162,1617DC1ACCE6B50ED2D1359582A70A8B8503C569623EE90C18C6B33542796207,Tester/logs/20261011.log,987255,2026-06-04,18:10,B152PR,"QH	0	00:09:04.445	Core 04	2026.06.04 18:10:00   [SRJ-IND] B152PR sym=USDJPY bar=2026.06.04 18:05 z1=714,B,158.107,158.142,2026.05.14 19:30,1,2026.05.14 20:00,158.169,158.142"
2572,JUNE0525-B162,1617DC1ACCE6B50ED2D1359582A70A8B8503C569623EE90C18C6B33542796207,Tester/logs/20261011.log,987256,2026-06-04,18:10,B152PR,"PR	0	00:09:04.445	Core 04	2026.06.04 18:10:00   [SRJ-IND] B152PR sym=USDJPY bar=2026.06.04 18:05 z1=724,B,158.168,158.186,2026.05.14 21:00,1,2026.05.14 21:05,158.191,158.182"
2573,JUNE0525-B162,1617DC1ACCE6B50ED2D1359582A70A8B8503C569623EE90C18C6B33542796207,Tester/logs/20261011.log,987257,2026-06-04,18:10,B152PR,"NG	0	00:09:04.445	Core 04	2026.06.04 18:10:00   [SRJ-IND] B152PR sym=USDJPY bar=2026.06.04 18:05 z1=1405,B,158.735,158.769,2026.05.20 19:00,1,2026.05.20 19:05,158.816,158.753"
2574,JUNE0525-B162,1617DC1ACCE6B50ED2D1359582A70A8B8503C569623EE90C18C6B33542796207,Tester/logs/20261011.log,987258,2026-06-04,18:10,B152PR,"HM	0	00:09:04.445	Core 04	2026.06.04 18:10:00   [SRJ-IND] B152PR sym=USDJPY bar=2026.06.04 18:05 z1=1779,B,158.756,158.800,2026.05.25 06:45,1,2026.05.26 00:00,158.887,158.784"
2575,JUNE0525-B162,1617DC1ACCE6B50ED2D1359582A70A8B8503C569623EE90C18C6B33542796207,Tester/logs/20261011.log,987259,2026-06-04,18:10,B152PR,"ES	0	00:09:04.445	Core 04	2026.06.04 18:10:00   [SRJ-IND] B152PR sym=USDJPY bar=2026.06.04 18:05 z1=1780,B,158.789,158.814,2026.05.25 04:50,1,2026.05.26 00:00,158.887,158.784"
2576,JUNE0525-B162,1617DC1ACCE6B50ED2D1359582A70A8B8503C569623EE90C18C6B33542796207,Tester/logs/20261011.log,987260,2026-06-04,18:10,B152PR,"LI	0	00:09:04.445	Core 04	2026.06.04 18:10:00   [SRJ-IND] B152PR sym=USDJPY bar=2026.06.04 18:05 z1=1949,B,158.916,158.934,2026.05.26 07:25,1,2026.05.26 07:30,158.942,158.934"
2577,JUNE0525-B162,1617DC1ACCE6B50ED2D1359582A70A8B8503C569623EE90C18C6B33542796207,Tester/logs/20261011.log,987261,2026-06-04,18:10,B152PR,"EO	0	00:09:04.445	Core 04	2026.06.04 18:10:00   [SRJ-IND] B152PR sym=USDJPY bar=2026.06.04 18:05 z1=2509,B,159.134,159.195,2026.05.29 19:10,1,2026.05.29 19:35,159.215,159.186"
2578,JUNE0525-B162,1617DC1ACCE6B50ED2D1359582A70A8B8503C569623EE90C18C6B33542796207,Tester/logs/20261011.log,987262,2026-06-04,18:10,B152PR,"DE	0	00:09:04.445	Core 04	2026.06.04 18:10:00   [SRJ-IND] B152PR sym=USDJPY bar=2026.06.04 18:05 z1=2566,B,159.382,159.407,2026.06.01 03:15,1,2026.06.03 11:30,159.790,159.368"
2579,JUNE0525-B162,1617DC1ACCE6B50ED2D1359582A70A8B8503C569623EE90C18C6B33542796207,Tester/logs/20261011.log,987263,2026-06-04,18:10,B152PR,"NK	0	00:09:04.445	Core 04	2026.06.04 18:10:00   [SRJ-IND] B152PR sym=USDJPY bar=2026.06.04 18:05 z1=2648,B,159.435,159.481,2026.06.01 16:00,1,2026.06.03 11:30,159.790,159.368"
2580,JUNE0525-B162,1617DC1ACCE6B50ED2D1359582A70A8B8503C569623EE90C18C6B33542796207,Tester/logs/20261011.log,987264,2026-06-04,18:10,B152PR,"IQ	0	00:09:04.445	Core 04	2026.06.04 18:10:00   [SRJ-IND] B152PR sym=USDJPY bar=2026.06.04 18:05 z1=2716,B,159.576,159.603,2026.06.02 03:10,1,2026.06.03 10:35,159.787,159.550"
2581,JUNE0525-B162,1617DC1ACCE6B50ED2D1359582A70A8B8503C569623EE90C18C6B33542796207,Tester/logs/20261011.log,987265,2026-06-04,18:10,B152PR,"OG	0	00:09:04.445	Core 04	2026.06.04 18:10:00   [SRJ-IND] B152PR sym=USDJPY bar=2026.06.04 18:05 z1=2720,B,159.586,159.605,2026.06.02 01:05,1,2026.06.03 10:35,159.787,159.550"
2582,JUNE0525-B162,1617DC1ACCE6B50ED2D1359582A70A8B8503C569623EE90C18C6B33542796207,Tester/logs/20261011.log,987266,2026-06-04,18:10,B152PR,"KM	0	00:09:04.445	Core 04	2026.06.04 18:10:00   [SRJ-IND] B152PR sym=USDJPY bar=2026.06.04 18:05 z1=2945,B,159.579,159.675,2026.06.03 11:15,1,2026.06.03 11:25,159.727,159.674"
2583,JUNE0525-B162,1617DC1ACCE6B50ED2D1359582A70A8B8503C569623EE90C18C6B33542796207,Tester/logs/20261011.log,987267,2026-06-04,18:10,B152PR,"GR	0	00:09:04.445	Core 04	2026.06.04 18:10:00   [SRJ-IND] B152PR sym=USDJPY bar=2026.06.04 18:05 z1=3046,S,159.994,160.074,2026.06.04 04:50,1,2026.06.04 17:55,160.002,159.960"
2584,JUNE0525-B162,1617DC1ACCE6B50ED2D1359582A70A8B8503C569623EE90C18C6B33542796207,Tester/logs/20261011.log,987268,2026-06-04,18:10,B152PR,"GI	0	00:09:04.445	Core 04	2026.06.04 18:10:00   [SRJ-IND] B152PR sym=USDJPY bar=2026.06.04 18:05 z1=3121,B,159.881,159.918,2026.06.04 17:00,1,2026.06.04 17:05,159.919,159.900"
2585,JUNE0525-B162,1617DC1ACCE6B50ED2D1359582A70A8B8503C569623EE90C18C6B33542796207,Tester/logs/20261011.log,987269,2026-06-04,18:10,B152PR,"PO	0	00:09:04.445	Core 04	2026.06.04 18:10:00   [SRJ-IND] B152PR sym=USDJPY bar=2026.06.04 18:05 z1=3150,B,159.820,159.853,2026.06.04 16:05,1,2026.06.04 16:15,159.889,159.852"
2586,JUNE0525-B162,1617DC1ACCE6B50ED2D1359582A70A8B8503C569623EE90C18C6B33542796207,Tester/logs/20261011.log,987270,2026-06-04,18:10,B152PR,"EG	0	00:09:04.445	Core 04	2026.06.04 18:10:00   [SRJ-IND] B152PR sym=USDJPY bar=2026.06.04 18:05 bull=1 bear=1 nz=26"
2587,JUNE0525-B162,1617DC1ACCE6B50ED2D1359582A70A8B8503C569623EE90C18C6B33542796207,Tester/logs/20261011.log,987271,2026-06-04,18:10,B162ORIGIN,"NO	0	00:09:04.445	Core 04	2026.06.04 18:10:00   [SRJ-IND] B162ORIGIN sym=USDJPY bar=2026.06.04 18:05 side=B n=25 origin=3150 range=159.820-159.853 formT=2026.06.04 15:50 set=65,78,212,256,261,313,414,447,449,460,696,714,724,1405,1779,1780,1949,2509,2566,2648,2716,2720,2945,3121,3150"
2588,JUNE0525-B162,1617DC1ACCE6B50ED2D1359582A70A8B8503C569623EE90C18C6B33542796207,Tester/logs/20261011.log,987272,2026-06-04,18:10,B162ORIGIN,"OJ	0	00:09:04.445	Core 04	2026.06.04 18:10:00   [SRJ-IND] B162ORIGIN sym=USDJPY bar=2026.06.04 18:05 side=S n=1 origin=3046 range=159.994-160.074 formT=2026.06.04 01:00 set=3046"
2589,JUNE0525-B162,1617DC1ACCE6B50ED2D1359582A70A8B8503C569623EE90C18C6B33542796207,Tester/logs/20261011.log,987279,2026-06-04,18:15,B152PR,"HO	0	00:09:04.445	Core 04	2026.06.04 18:15:00   [SRJ-IND] B152PR sym=USDJPY bar=2026.06.04 18:10 z1=65,B,156.672,156.773,2026.05.11 04:10,1,2026.05.12 08:55,157.714,156.726"
2590,JUNE0525-B162,1617DC1ACCE6B50ED2D1359582A70A8B8503C569623EE90C18C6B33542796207,Tester/logs/20261011.log,987280,2026-06-04,18:15,B152PR,"PR	0	00:09:04.445	Core 04	2026.06.04 18:15:00   [SRJ-IND] B152PR sym=USDJPY bar=2026.06.04 18:10 z1=78,B,156.578,156.584,2026.05.11 00:35,1,2026.05.11 00:40,156.644,156.537"
2591,JUNE0525-B162,1617DC1ACCE6B50ED2D1359582A70A8B8503C569623EE90C18C6B33542796207,Tester/logs/20261011.log,987281,2026-06-04,18:15,B152PR,"JK	0	00:09:04.445	Core 04	2026.06.04 18:15:00   [SRJ-IND] B152PR sym=USDJPY bar=2026.06.04 18:10 z1=212,B,157.028,157.060,2026.05.11 19:20,1,2026.05.12 00:00,157.152,157.050"
2592,JUNE0525-B162,1617DC1ACCE6B50ED2D1359582A70A8B8503C569623EE90C18C6B33542796207,Tester/logs/20261011.log,987282,2026-06-04,18:15,B152PR,"NM	0	00:09:04.445	Core 04	2026.06.04 18:15:00   [SRJ-IND] B152PR sym=USDJPY bar=2026.06.04 18:10 z1=256,B,157.172,157.178,2026.05.12 01:25,1,2026.05.12 08:55,157.714,156.726"
2593,JUNE0525-B162,1617DC1ACCE6B50ED2D1359582A70A8B8503C569623EE90C18C6B33542796207,Tester/logs/20261011.log,987283,2026-06-04,18:15,B152PR,"HG	0	00:09:04.445	Core 04	2026.06.04 18:15:00   [SRJ-IND] B152PR sym=USDJPY bar=2026.06.04 18:10 z1=261,B,157.184,157.192,2026.05.12 03:00,1,2026.05.12 08:55,157.714,156.726"
2594,JUNE0525-B162,1617DC1ACCE6B50ED2D1359582A70A8B8503C569623EE90C18C6B33542796207,Tester/logs/20261011.log,987284,2026-06-04,18:15,B152PR,"PI	0	00:09:04.445	Core 04	2026.06.04 18:15:00   [SRJ-IND] B152PR sym=USDJPY bar=2026.06.04 18:10 z1=313,B,157.331,157.497,2026.05.12 10:00,1,2026.05.12 10:10,157.546,157.487"
2595,JUNE0525-B162,1617DC1ACCE6B50ED2D1359582A70A8B8503C569623EE90C18C6B33542796207,Tester/logs/20261011.log,987285,2026-06-04,18:15,B152PR,"IS	0	00:09:04.445	Core 04	2026.06.04 18:15:00   [SRJ-IND] B152PR sym=USDJPY bar=2026.06.04 18:10 z1=414,B,157.517,157.589,2026.05.13 01:10,1,2026.05.13 01:20,157.607,157.587"
2596,JUNE0525-B162,1617DC1ACCE6B50ED2D1359582A70A8B8503C569623EE90C18C6B33542796207,Tester/logs/20261011.log,987286,2026-06-04,18:15,B152PR,"JD	0	00:09:04.445	Core 04	2026.06.04 18:15:00   [SRJ-IND] B152PR sym=USDJPY bar=2026.06.04 18:10 z1=447,B,157.562,157.648,2026.05.13 06:20,1,2026.05.13 06:25,157.662,157.648"
2597,JUNE0525-B162,1617DC1ACCE6B50ED2D1359582A70A8B8503C569623EE90C18C6B33542796207,Tester/logs/20261011.log,987287,2026-06-04,18:15,B152PR,"EN	0	00:09:04.445	Core 04	2026.06.04 18:15:00   [SRJ-IND] B152PR sym=USDJPY bar=2026.06.04 18:10 z1=449,B,157.599,157.654,2026.05.13 05:15,1,2026.05.13 05:45,157.687,157.652"
2598,JUNE0525-B162,1617DC1ACCE6B50ED2D1359582A70A8B8503C569623EE90C18C6B33542796207,Tester/logs/20261011.log,987288,2026-06-04,18:15,B152PR,"PP	0	00:09:04.445	Core 04	2026.06.04 18:15:00   [SRJ-IND] B152PR sym=USDJPY bar=2026.06.04 18:10 z1=460,B,157.645,157.660,2026.05.13 07:05,1,2026.05.14 00:25,157.812,157.650"
2599,JUNE0525-B162,1617DC1ACCE6B50ED2D1359582A70A8B8503C569623EE90C18C6B33542796207,Tester/logs/20261011.log,987289,2026-06-04,18:15,B152PR,"LJ	0	00:09:04.445	Core 04	2026.06.04 18:15:00   [SRJ-IND] B152PR sym=USDJPY bar=2026.06.04 18:10 z1=696,B,157.568,158.167,2026.05.14 18:05,1,2026.05.14 18:10,158.191,158.119"
2600,JUNE0525-B162,1617DC1ACCE6B50ED2D1359582A70A8B8503C569623EE90C18C6B33542796207,Tester/logs/20261011.log,987290,2026-06-04,18:15,B152PR,"PL	0	00:09:04.445	Core 04	2026.06.04 18:15:00   [SRJ-IND] B152PR sym=USDJPY bar=2026.06.04 18:10 z1=714,B,158.107,158.142,2026.05.14 19:30,1,2026.05.14 20:00,158.169,158.142"
2601,JUNE0525-B162,1617DC1ACCE6B50ED2D1359582A70A8B8503C569623EE90C18C6B33542796207,Tester/logs/20261011.log,987291,2026-06-04,18:15,B152PR,"MF	0	00:09:04.445	Core 04	2026.06.04 18:15:00   [SRJ-IND] B152PR sym=USDJPY bar=2026.06.04 18:10 z1=724,B,158.168,158.186,2026.05.14 21:00,1,2026.05.14 21:05,158.191,158.182"
2602,JUNE0525-B162,1617DC1ACCE6B50ED2D1359582A70A8B8503C569623EE90C18C6B33542796207,Tester/logs/20261011.log,987292,2026-06-04,18:15,B152PR,"KK	0	00:09:04.445	Core 04	2026.06.04 18:15:00   [SRJ-IND] B152PR sym=USDJPY bar=2026.06.04 18:10 z1=1405,B,158.735,158.769,2026.05.20 19:00,1,2026.05.20 19:05,158.816,158.753"
2603,JUNE0525-B162,1617DC1ACCE6B50ED2D1359582A70A8B8503C569623EE90C18C6B33542796207,Tester/logs/20261011.log,987293,2026-06-04,18:15,B152PR,"IQ	0	00:09:04.445	Core 04	2026.06.04 18:15:00   [SRJ-IND] B152PR sym=USDJPY bar=2026.06.04 18:10 z1=1779,B,158.756,158.800,2026.05.25 06:45,1,2026.05.26 00:00,158.887,158.784"
2604,JUNE0525-B162,1617DC1ACCE6B50ED2D1359582A70A8B8503C569623EE90C18C6B33542796207,Tester/logs/20261011.log,987294,2026-06-04,18:15,B152PR,"DG	0	00:09:04.445	Core 04	2026.06.04 18:15:00   [SRJ-IND] B152PR sym=USDJPY bar=2026.06.04 18:10 z1=1780,B,158.789,158.814,2026.05.25 04:50,1,2026.05.26 00:00,158.887,158.784"
2605,JUNE0525-B162,1617DC1ACCE6B50ED2D1359582A70A8B8503C569623EE90C18C6B33542796207,Tester/logs/20261011.log,987295,2026-06-04,18:15,B152PR,"MM	0	00:09:04.445	Core 04	2026.06.04 18:15:00   [SRJ-IND] B152PR sym=USDJPY bar=2026.06.04 18:10 z1=1949,B,158.916,158.934,2026.05.26 07:25,1,2026.05.26 07:30,158.942,158.934"
2606,JUNE0525-B162,1617DC1ACCE6B50ED2D1359582A70A8B8503C569623EE90C18C6B33542796207,Tester/logs/20261011.log,987296,2026-06-04,18:15,B152PR,"DS	0	00:09:04.445	Core 04	2026.06.04 18:15:00   [SRJ-IND] B152PR sym=USDJPY bar=2026.06.04 18:10 z1=2509,B,159.134,159.195,2026.05.29 19:10,1,2026.05.29 19:35,159.215,159.186"
2607,JUNE0525-B162,1617DC1ACCE6B50ED2D1359582A70A8B8503C569623EE90C18C6B33542796207,Tester/logs/20261011.log,987297,2026-06-04,18:15,B152PR,"EI	0	00:09:04.445	Core 04	2026.06.04 18:15:00   [SRJ-IND] B152PR sym=USDJPY bar=2026.06.04 18:10 z1=2566,B,159.382,159.407,2026.06.01 03:15,1,2026.06.03 11:30,159.790,159.368"
2608,JUNE0525-B162,1617DC1ACCE6B50ED2D1359582A70A8B8503C569623EE90C18C6B33542796207,Tester/logs/20261011.log,987298,2026-06-04,18:15,B152PR,"KO	0	00:09:04.445	Core 04	2026.06.04 18:15:00   [SRJ-IND] B152PR sym=USDJPY bar=2026.06.04 18:10 z1=2648,B,159.435,159.481,2026.06.01 16:00,1,2026.06.03 11:30,159.790,159.368"
2609,JUNE0525-B162,1617DC1ACCE6B50ED2D1359582A70A8B8503C569623EE90C18C6B33542796207,Tester/logs/20261011.log,987299,2026-06-04,18:15,B152PR,"HE	0	00:09:04.445	Core 04	2026.06.04 18:15:00   [SRJ-IND] B152PR sym=USDJPY bar=2026.06.04 18:10 z1=2716,B,159.576,159.603,2026.06.02 03:10,1,2026.06.03 10:35,159.787,159.550"
2610,JUNE0525-B162,1617DC1ACCE6B50ED2D1359582A70A8B8503C569623EE90C18C6B33542796207,Tester/logs/20261011.log,987300,2026-06-04,18:15,B152PR,"RK	0	00:09:04.445	Core 04	2026.06.04 18:15:00   [SRJ-IND] B152PR sym=USDJPY bar=2026.06.04 18:10 z1=2720,B,159.586,159.605,2026.06.02 01:05,1,2026.06.03 10:35,159.787,159.550"
2611,JUNE0525-B162,1617DC1ACCE6B50ED2D1359582A70A8B8503C569623EE90C18C6B33542796207,Tester/logs/20261011.log,987301,2026-06-04,18:15,B152PR,"NQ	0	00:09:04.445	Core 04	2026.06.04 18:15:00   [SRJ-IND] B152PR sym=USDJPY bar=2026.06.04 18:10 z1=2945,B,159.579,159.675,2026.06.03 11:15,1,2026.06.03 11:25,159.727,159.674"
2612,JUNE0525-B162,1617DC1ACCE6B50ED2D1359582A70A8B8503C569623EE90C18C6B33542796207,Tester/logs/20261011.log,987302,2026-06-04,18:15,B152PR,"JF	0	00:09:04.445	Core 04	2026.06.04 18:15:00   [SRJ-IND] B152PR sym=USDJPY bar=2026.06.04 18:10 z1=3046,S,159.994,160.074,2026.06.04 04:50,1,2026.06.04 17:55,160.002,159.960"
2613,JUNE0525-B162,1617DC1ACCE6B50ED2D1359582A70A8B8503C569623EE90C18C6B33542796207,Tester/logs/20261011.log,987303,2026-06-04,18:15,B152PR,"JM	0	00:09:04.445	Core 04	2026.06.04 18:15:00   [SRJ-IND] B152PR sym=USDJPY bar=2026.06.04 18:10 z1=3121,B,159.881,159.918,2026.06.04 17:00,1,2026.06.04 17:05,159.919,159.900"
2614,JUNE0525-B162,1617DC1ACCE6B50ED2D1359582A70A8B8503C569623EE90C18C6B33542796207,Tester/logs/20261011.log,987304,2026-06-04,18:15,B152PR,"QS	0	00:09:04.445	Core 04	2026.06.04 18:15:00   [SRJ-IND] B152PR sym=USDJPY bar=2026.06.04 18:10 z1=3150,B,159.820,159.853,2026.06.04 16:05,1,2026.06.04 16:15,159.889,159.852"
2615,JUNE0525-B162,1617DC1ACCE6B50ED2D1359582A70A8B8503C569623EE90C18C6B33542796207,Tester/logs/20261011.log,987305,2026-06-04,18:15,B152PR,"DK	0	00:09:04.445	Core 04	2026.06.04 18:15:00   [SRJ-IND] B152PR sym=USDJPY bar=2026.06.04 18:10 bull=1 bear=1 nz=26"
2616,JUNE0525-B162,1617DC1ACCE6B50ED2D1359582A70A8B8503C569623EE90C18C6B33542796207,Tester/logs/20261011.log,987306,2026-06-04,18:15,B162ORIGIN,"KK	0	00:09:04.445	Core 04	2026.06.04 18:15:00   [SRJ-IND] B162ORIGIN sym=USDJPY bar=2026.06.04 18:10 side=B n=25 origin=3150 range=159.820-159.853 formT=2026.06.04 15:50 set=65,78,212,256,261,313,414,447,449,460,696,714,724,1405,1779,1780,1949,2509,2566,2648,2716,2720,2945,3121,3150"
2617,JUNE0525-B162,1617DC1ACCE6B50ED2D1359582A70A8B8503C569623EE90C18C6B33542796207,Tester/logs/20261011.log,987307,2026-06-04,18:15,B162ORIGIN,"FF	0	00:09:04.445	Core 04	2026.06.04 18:15:00   [SRJ-IND] B162ORIGIN sym=USDJPY bar=2026.06.04 18:10 side=S n=1 origin=3046 range=159.994-160.074 formT=2026.06.04 01:00 set=3046"
2618,JUNE0525-B162,1617DC1ACCE6B50ED2D1359582A70A8B8503C569623EE90C18C6B33542796207,Tester/logs/20261011.log,987312,2026-06-04,18:15,CQDRECHECK,"DQ	0	00:09:04.445	Core 04	2026.06.04 18:15:00   [SRJ-EA] CQDRECHECK shift=2 passA=-1.0 passB=-1.0 diff=0 bar=2026.06.04 18:05 state=IDLE dir=NONE divLatch=0 hit1=0 hit2=609 mism=0"
2619,JUNE0525-B162,1617DC1ACCE6B50ED2D1359582A70A8B8503C569623EE90C18C6B33542796207,Tester/logs/20261011.log,987317,2026-06-04,18:20,B152PR,"LI	0	00:09:04.445	Core 04	2026.06.04 18:20:01   [SRJ-IND] B152PR sym=USDJPY bar=2026.06.04 18:15 z1=65,B,156.672,156.773,2026.05.11 04:10,1,2026.05.12 08:55,157.714,156.726"
2620,JUNE0525-B162,1617DC1ACCE6B50ED2D1359582A70A8B8503C569623EE90C18C6B33542796207,Tester/logs/20261011.log,987318,2026-06-04,18:20,B152PR,"LO	0	00:09:04.445	Core 04	2026.06.04 18:20:01   [SRJ-IND] B152PR sym=USDJPY bar=2026.06.04 18:15 z1=78,B,156.578,156.584,2026.05.11 00:35,1,2026.05.11 00:40,156.644,156.537"
2621,JUNE0525-B162,1617DC1ACCE6B50ED2D1359582A70A8B8503C569623EE90C18C6B33542796207,Tester/logs/20261011.log,987319,2026-06-04,18:20,B152PR,"NF	0	00:09:04.445	Core 04	2026.06.04 18:20:01   [SRJ-IND] B152PR sym=USDJPY bar=2026.06.04 18:15 z1=212,B,157.028,157.060,2026.05.11 19:20,1,2026.05.12 00:00,157.152,157.050"
2622,JUNE0525-B162,1617DC1ACCE6B50ED2D1359582A70A8B8503C569623EE90C18C6B33542796207,Tester/logs/20261011.log,987320,2026-06-04,18:20,B152PR,"NH	0	00:09:04.445	Core 04	2026.06.04 18:20:01   [SRJ-IND] B152PR sym=USDJPY bar=2026.06.04 18:15 z1=256,B,157.172,157.178,2026.05.12 01:25,1,2026.05.12 08:55,157.714,156.726"
2623,JUNE0525-B162,1617DC1ACCE6B50ED2D1359582A70A8B8503C569623EE90C18C6B33542796207,Tester/logs/20261011.log,987321,2026-06-04,18:20,B152PR,"DR	0	00:09:04.445	Core 04	2026.06.04 18:20:01   [SRJ-IND] B152PR sym=USDJPY bar=2026.06.04 18:15 z1=261,B,157.184,157.192,2026.05.12 03:00,1,2026.05.12 08:55,157.714,156.726"
2624,JUNE0525-B162,1617DC1ACCE6B50ED2D1359582A70A8B8503C569623EE90C18C6B33542796207,Tester/logs/20261011.log,987322,2026-06-04,18:20,B152PR,"PD	0	00:09:04.445	Core 04	2026.06.04 18:20:01   [SRJ-IND] B152PR sym=USDJPY bar=2026.06.04 18:15 z1=313,B,157.331,157.497,2026.05.12 10:00,1,2026.05.12 10:10,157.546,157.487"
2625,JUNE0525-B162,1617DC1ACCE6B50ED2D1359582A70A8B8503C569623EE90C18C6B33542796207,Tester/logs/20261011.log,987323,2026-06-04,18:20,B152PR,"MI	0	00:09:04.445	Core 04	2026.06.04 18:20:01   [SRJ-IND] B152PR sym=USDJPY bar=2026.06.04 18:15 z1=414,B,157.517,157.589,2026.05.13 01:10,1,2026.05.13 01:20,157.607,157.587"
2626,JUNE0525-B162,1617DC1ACCE6B50ED2D1359582A70A8B8503C569623EE90C18C6B33542796207,Tester/logs/20261011.log,987324,2026-06-04,18:20,B152PR,"JS	0	00:09:04.445	Core 04	2026.06.04 18:20:01   [SRJ-IND] B152PR sym=USDJPY bar=2026.06.04 18:15 z1=447,B,157.562,157.648,2026.05.13 06:20,1,2026.05.13 06:25,157.662,157.648"
2627,JUNE0525-B162,1617DC1ACCE6B50ED2D1359582A70A8B8503C569623EE90C18C6B33542796207,Tester/logs/20261011.log,987325,2026-06-04,18:20,B152PR,"IE	0	00:09:04.445	Core 04	2026.06.04 18:20:01   [SRJ-IND] B152PR sym=USDJPY bar=2026.06.04 18:15 z1=449,B,157.599,157.654,2026.05.13 05:15,1,2026.05.13 05:45,157.687,157.652"
2628,JUNE0525-B162,1617DC1ACCE6B50ED2D1359582A70A8B8503C569623EE90C18C6B33542796207,Tester/logs/20261011.log,987326,2026-06-04,18:20,B152PR,"PO	0	00:09:04.445	Core 04	2026.06.04 18:20:01   [SRJ-IND] B152PR sym=USDJPY bar=2026.06.04 18:15 z1=460,B,157.645,157.660,2026.05.13 07:05,1,2026.05.14 00:25,157.812,157.650"
2629,JUNE0525-B162,1617DC1ACCE6B50ED2D1359582A70A8B8503C569623EE90C18C6B33542796207,Tester/logs/20261011.log,987327,2026-06-04,18:20,B152PR,"HQ	0	00:09:04.445	Core 04	2026.06.04 18:20:01   [SRJ-IND] B152PR sym=USDJPY bar=2026.06.04 18:15 z1=696,B,157.568,158.167,2026.05.14 18:05,1,2026.05.14 18:10,158.191,158.119"
2630,JUNE0525-B162,1617DC1ACCE6B50ED2D1359582A70A8B8503C569623EE90C18C6B33542796207,Tester/logs/20261011.log,987328,2026-06-04,18:20,B152PR,"PK	0	00:09:04.445	Core 04	2026.06.04 18:20:01   [SRJ-IND] B152PR sym=USDJPY bar=2026.06.04 18:15 z1=714,B,158.107,158.142,2026.05.14 19:30,1,2026.05.14 20:00,158.169,158.142"
2631,JUNE0525-B162,1617DC1ACCE6B50ED2D1359582A70A8B8503C569623EE90C18C6B33542796207,Tester/logs/20261011.log,987329,2026-06-04,18:20,B152PR,"QM	0	00:09:04.445	Core 04	2026.06.04 18:20:01   [SRJ-IND] B152PR sym=USDJPY bar=2026.06.04 18:15 z1=724,B,158.168,158.186,2026.05.14 21:00,1,2026.05.14 21:05,158.191,158.182"
2632,JUNE0525-B162,1617DC1ACCE6B50ED2D1359582A70A8B8503C569623EE90C18C6B33542796207,Tester/logs/20261011.log,987330,2026-06-04,18:20,B152PR,"KD	0	00:09:04.445	Core 04	2026.06.04 18:20:01   [SRJ-IND] B152PR sym=USDJPY bar=2026.06.04 18:15 z1=1405,B,158.735,158.769,2026.05.20 19:00,1,2026.05.20 19:05,158.816,158.753"
2633,JUNE0525-B162,1617DC1ACCE6B50ED2D1359582A70A8B8503C569623EE90C18C6B33542796207,Tester/logs/20261011.log,987331,2026-06-04,18:20,B152PR,"IJ	0	00:09:04.445	Core 04	2026.06.04 18:20:01   [SRJ-IND] B152PR sym=USDJPY bar=2026.06.04 18:15 z1=1779,B,158.756,158.800,2026.05.25 06:45,1,2026.05.26 00:00,158.887,158.784"
2634,JUNE0525-B162,1617DC1ACCE6B50ED2D1359582A70A8B8503C569623EE90C18C6B33542796207,Tester/logs/20261011.log,987332,2026-06-04,18:20,B152PR,"DP	0	00:09:04.445	Core 04	2026.06.04 18:20:01   [SRJ-IND] B152PR sym=USDJPY bar=2026.06.04 18:15 z1=1780,B,158.789,158.814,2026.05.25 04:50,1,2026.05.26 00:00,158.887,158.784"
2635,JUNE0525-B162,1617DC1ACCE6B50ED2D1359582A70A8B8503C569623EE90C18C6B33542796207,Tester/logs/20261011.log,987333,2026-06-04,18:20,B152PR,"MF	0	00:09:04.445	Core 04	2026.06.04 18:20:01   [SRJ-IND] B152PR sym=USDJPY bar=2026.06.04 18:15 z1=1949,B,158.916,158.934,2026.05.26 07:25,1,2026.05.26 07:30,158.942,158.934"
2636,JUNE0525-B162,1617DC1ACCE6B50ED2D1359582A70A8B8503C569623EE90C18C6B33542796207,Tester/logs/20261011.log,987334,2026-06-04,18:20,B152PR,"DL	0	00:09:04.445	Core 04	2026.06.04 18:20:01   [SRJ-IND] B152PR sym=USDJPY bar=2026.06.04 18:15 z1=2509,B,159.134,159.195,2026.05.29 19:10,1,2026.05.29 19:35,159.215,159.186"
2637,JUNE0525-B162,1617DC1ACCE6B50ED2D1359582A70A8B8503C569623EE90C18C6B33542796207,Tester/logs/20261011.log,987335,2026-06-04,18:20,B152PR,"ER	0	00:09:04.445	Core 04	2026.06.04 18:20:01   [SRJ-IND] B152PR sym=USDJPY bar=2026.06.04 18:15 z1=2566,B,159.382,159.407,2026.06.01 03:15,1,2026.06.03 11:30,159.790,159.368"
2638,JUNE0525-B162,1617DC1ACCE6B50ED2D1359582A70A8B8503C569623EE90C18C6B33542796207,Tester/logs/20261011.log,987336,2026-06-04,18:20,B152PR,"KH	0	00:09:04.445	Core 04	2026.06.04 18:20:01   [SRJ-IND] B152PR sym=USDJPY bar=2026.06.04 18:15 z1=2648,B,159.435,159.481,2026.06.01 16:00,1,2026.06.03 11:30,159.790,159.368"
2639,JUNE0525-B162,1617DC1ACCE6B50ED2D1359582A70A8B8503C569623EE90C18C6B33542796207,Tester/logs/20261011.log,987337,2026-06-04,18:20,B152PR,"HN	0	00:09:04.445	Core 04	2026.06.04 18:20:01   [SRJ-IND] B152PR sym=USDJPY bar=2026.06.04 18:15 z1=2716,B,159.576,159.603,2026.06.02 03:10,1,2026.06.03 10:35,159.787,159.550"
2640,JUNE0525-B162,1617DC1ACCE6B50ED2D1359582A70A8B8503C569623EE90C18C6B33542796207,Tester/logs/20261011.log,987338,2026-06-04,18:20,B152PR,"RD	0	00:09:04.445	Core 04	2026.06.04 18:20:01   [SRJ-IND] B152PR sym=USDJPY bar=2026.06.04 18:15 z1=2720,B,159.586,159.605,2026.06.02 01:05,1,2026.06.03 10:35,159.787,159.550"
2641,JUNE0525-B162,1617DC1ACCE6B50ED2D1359582A70A8B8503C569623EE90C18C6B33542796207,Tester/logs/20261011.log,987339,2026-06-04,18:20,B152PR,"NJ	0	00:09:04.445	Core 04	2026.06.04 18:20:01   [SRJ-IND] B152PR sym=USDJPY bar=2026.06.04 18:15 z1=2945,B,159.579,159.675,2026.06.03 11:15,1,2026.06.03 11:25,159.727,159.674"
2642,JUNE0525-B162,1617DC1ACCE6B50ED2D1359582A70A8B8503C569623EE90C18C6B33542796207,Tester/logs/20261011.log,987340,2026-06-04,18:20,B152PR,"JQ	0	00:09:04.445	Core 04	2026.06.04 18:20:01   [SRJ-IND] B152PR sym=USDJPY bar=2026.06.04 18:15 z1=3046,S,159.994,160.074,2026.06.04 04:50,1,2026.06.04 17:55,160.002,159.960"
2643,JUNE0525-B162,1617DC1ACCE6B50ED2D1359582A70A8B8503C569623EE90C18C6B33542796207,Tester/logs/20261011.log,987341,2026-06-04,18:20,B152PR,"JF	0	00:09:04.445	Core 04	2026.06.04 18:20:01   [SRJ-IND] B152PR sym=USDJPY bar=2026.06.04 18:15 z1=3121,B,159.881,159.918,2026.06.04 17:00,1,2026.06.04 17:05,159.919,159.900"
2644,JUNE0525-B162,1617DC1ACCE6B50ED2D1359582A70A8B8503C569623EE90C18C6B33542796207,Tester/logs/20261011.log,987342,2026-06-04,18:20,B152PR,"QL	0	00:09:04.445	Core 04	2026.06.04 18:20:01   [SRJ-IND] B152PR sym=USDJPY bar=2026.06.04 18:15 z1=3150,B,159.820,159.853,2026.06.04 16:05,1,2026.06.04 16:15,159.889,159.852"
2645,JUNE0525-B162,1617DC1ACCE6B50ED2D1359582A70A8B8503C569623EE90C18C6B33542796207,Tester/logs/20261011.log,987343,2026-06-04,18:20,B152PR,"DP	0	00:09:04.445	Core 04	2026.06.04 18:20:01   [SRJ-IND] B152PR sym=USDJPY bar=2026.06.04 18:15 bull=1 bear=1 nz=26"
2646,JUNE0525-B162,1617DC1ACCE6B50ED2D1359582A70A8B8503C569623EE90C18C6B33542796207,Tester/logs/20261011.log,987344,2026-06-04,18:20,B162ORIGIN,"KL	0	00:09:04.445	Core 04	2026.06.04 18:20:01   [SRJ-IND] B162ORIGIN sym=USDJPY bar=2026.06.04 18:15 side=B n=25 origin=3150 range=159.820-159.853 formT=2026.06.04 15:50 set=65,78,212,256,261,313,414,447,449,460,696,714,724,1405,1779,1780,1949,2509,2566,2648,2716,2720,2945,3121,3150"
2647,JUNE0525-B162,1617DC1ACCE6B50ED2D1359582A70A8B8503C569623EE90C18C6B33542796207,Tester/logs/20261011.log,987345,2026-06-04,18:20,B162ORIGIN,"RI	0	00:09:04.445	Core 04	2026.06.04 18:20:01   [SRJ-IND] B162ORIGIN sym=USDJPY bar=2026.06.04 18:15 side=S n=1 origin=3046 range=159.994-160.074 formT=2026.06.04 01:00 set=3046"
2648,JUNE0525-B162,1617DC1ACCE6B50ED2D1359582A70A8B8503C569623EE90C18C6B33542796207,Tester/logs/20261011.log,987352,2026-06-04,18:25,B152PR,"JL	0	00:09:04.445	Core 04	2026.06.04 18:25:00   [SRJ-IND] B152PR sym=USDJPY bar=2026.06.04 18:20 z1=65,B,156.672,156.773,2026.05.11 04:10,1,2026.05.12 08:55,157.714,156.726"
2649,JUNE0525-B162,1617DC1ACCE6B50ED2D1359582A70A8B8503C569623EE90C18C6B33542796207,Tester/logs/20261011.log,987353,2026-06-04,18:25,B152PR,"RS	0	00:09:04.445	Core 04	2026.06.04 18:25:00   [SRJ-IND] B152PR sym=USDJPY bar=2026.06.04 18:20 z1=78,B,156.578,156.584,2026.05.11 00:35,1,2026.05.11 00:40,156.644,156.537"
2650,JUNE0525-B162,1617DC1ACCE6B50ED2D1359582A70A8B8503C569623EE90C18C6B33542796207,Tester/logs/20261011.log,987354,2026-06-04,18:25,B152PR,"HJ	0	00:09:04.445	Core 04	2026.06.04 18:25:00   [SRJ-IND] B152PR sym=USDJPY bar=2026.06.04 18:20 z1=212,B,157.028,157.060,2026.05.11 19:20,1,2026.05.12 00:00,157.152,157.050"
2651,JUNE0525-B162,1617DC1ACCE6B50ED2D1359582A70A8B8503C569623EE90C18C6B33542796207,Tester/logs/20261011.log,987355,2026-06-04,18:25,B152PR,"HL	0	00:09:04.445	Core 04	2026.06.04 18:25:00   [SRJ-IND] B152PR sym=USDJPY bar=2026.06.04 18:20 z1=256,B,157.172,157.178,2026.05.12 01:25,1,2026.05.12 08:55,157.714,156.726"
2652,JUNE0525-B162,1617DC1ACCE6B50ED2D1359582A70A8B8503C569623EE90C18C6B33542796207,Tester/logs/20261011.log,987356,2026-06-04,18:25,B152PR,"JF	0	00:09:04.445	Core 04	2026.06.04 18:25:00   [SRJ-IND] B152PR sym=USDJPY bar=2026.06.04 18:20 z1=261,B,157.184,157.192,2026.05.12 03:00,1,2026.05.12 08:55,157.714,156.726"
2653,JUNE0525-B162,1617DC1ACCE6B50ED2D1359582A70A8B8503C569623EE90C18C6B33542796207,Tester/logs/20261011.log,987357,2026-06-04,18:25,B152PR,"NH	0	00:09:04.445	Core 04	2026.06.04 18:25:00   [SRJ-IND] B152PR sym=USDJPY bar=2026.06.04 18:20 z1=313,B,157.331,157.497,2026.05.12 10:00,1,2026.05.12 10:10,157.546,157.487"
2654,JUNE0525-B162,1617DC1ACCE6B50ED2D1359582A70A8B8503C569623EE90C18C6B33542796207,Tester/logs/20261011.log,987358,2026-06-04,18:25,B152PR,"GR	0	00:09:04.445	Core 04	2026.06.04 18:25:00   [SRJ-IND] B152PR sym=USDJPY bar=2026.06.04 18:20 z1=414,B,157.517,157.589,2026.05.13 01:10,1,2026.05.13 01:20,157.607,157.587"
2655,JUNE0525-B162,1617DC1ACCE6B50ED2D1359582A70A8B8503C569623EE90C18C6B33542796207,Tester/logs/20261011.log,987359,2026-06-04,18:25,B152PR,"LD	0	00:09:04.445	Core 04	2026.06.04 18:25:00   [SRJ-IND] B152PR sym=USDJPY bar=2026.06.04 18:20 z1=447,B,157.562,157.648,2026.05.13 06:20,1,2026.05.13 06:25,157.662,157.648"
2656,JUNE0525-B162,1617DC1ACCE6B50ED2D1359582A70A8B8503C569623EE90C18C6B33542796207,Tester/logs/20261011.log,987360,2026-06-04,18:25,B152PR,"CI	0	00:09:04.445	Core 04	2026.06.04 18:25:00   [SRJ-IND] B152PR sym=USDJPY bar=2026.06.04 18:20 z1=449,B,157.599,157.654,2026.05.13 05:15,1,2026.05.13 05:45,157.687,157.652"
2657,JUNE0525-B162,1617DC1ACCE6B50ED2D1359582A70A8B8503C569623EE90C18C6B33542796207,Tester/logs/20261011.log,987361,2026-06-04,18:25,B152PR,"NS	0	00:09:04.445	Core 04	2026.06.04 18:25:00   [SRJ-IND] B152PR sym=USDJPY bar=2026.06.04 18:20 z1=460,B,157.645,157.660,2026.05.13 07:05,1,2026.05.14 00:25,157.812,157.650"
2658,JUNE0525-B162,1617DC1ACCE6B50ED2D1359582A70A8B8503C569623EE90C18C6B33542796207,Tester/logs/20261011.log,987362,2026-06-04,18:25,B152PR,"NE	0	00:09:04.445	Core 04	2026.06.04 18:25:00   [SRJ-IND] B152PR sym=USDJPY bar=2026.06.04 18:20 z1=696,B,157.568,158.167,2026.05.14 18:05,1,2026.05.14 18:10,158.191,158.119"
2659,JUNE0525-B162,1617DC1ACCE6B50ED2D1359582A70A8B8503C569623EE90C18C6B33542796207,Tester/logs/20261011.log,987363,2026-06-04,18:25,B152PR,"FO	0	00:09:04.445	Core 04	2026.06.04 18:25:00   [SRJ-IND] B152PR sym=USDJPY bar=2026.06.04 18:20 z1=714,B,158.107,158.142,2026.05.14 19:30,1,2026.05.14 20:00,158.169,158.142"
2660,JUNE0525-B162,1617DC1ACCE6B50ED2D1359582A70A8B8503C569623EE90C18C6B33542796207,Tester/logs/20261011.log,987364,2026-06-04,18:25,B152PR,"KQ	0	00:09:04.445	Core 04	2026.06.04 18:25:00   [SRJ-IND] B152PR sym=USDJPY bar=2026.06.04 18:20 z1=724,B,158.168,158.186,2026.05.14 21:00,1,2026.05.14 21:05,158.191,158.182"
2661,JUNE0525-B162,1617DC1ACCE6B50ED2D1359582A70A8B8503C569623EE90C18C6B33542796207,Tester/logs/20261011.log,987365,2026-06-04,18:25,B152PR,"QH	0	00:09:04.445	Core 04	2026.06.04 18:25:00   [SRJ-IND] B152PR sym=USDJPY bar=2026.06.04 18:20 z1=1405,B,158.735,158.769,2026.05.20 19:00,1,2026.05.20 19:05,158.816,158.753"
2662,JUNE0525-B162,1617DC1ACCE6B50ED2D1359582A70A8B8503C569623EE90C18C6B33542796207,Tester/logs/20261011.log,987366,2026-06-04,18:25,B152PR,"CN	0	00:09:04.445	Core 04	2026.06.04 18:25:00   [SRJ-IND] B152PR sym=USDJPY bar=2026.06.04 18:20 z1=1779,B,158.756,158.800,2026.05.25 06:45,1,2026.05.26 00:00,158.887,158.784"
2663,JUNE0525-B162,1617DC1ACCE6B50ED2D1359582A70A8B8503C569623EE90C18C6B33542796207,Tester/logs/20261011.log,987367,2026-06-04,18:25,B152PR,"JD	0	00:09:04.445	Core 04	2026.06.04 18:25:00   [SRJ-IND] B152PR sym=USDJPY bar=2026.06.04 18:20 z1=1780,B,158.789,158.814,2026.05.25 04:50,1,2026.05.26 00:00,158.887,158.784"
2664,JUNE0525-B162,1617DC1ACCE6B50ED2D1359582A70A8B8503C569623EE90C18C6B33542796207,Tester/logs/20261011.log,987368,2026-06-04,18:25,B152PR,"OJ	0	00:09:04.445	Core 04	2026.06.04 18:25:00   [SRJ-IND] B152PR sym=USDJPY bar=2026.06.04 18:20 z1=1949,B,158.916,158.934,2026.05.26 07:25,1,2026.05.26 07:30,158.942,158.934"
2665,JUNE0525-B162,1617DC1ACCE6B50ED2D1359582A70A8B8503C569623EE90C18C6B33542796207,Tester/logs/20261011.log,987369,2026-06-04,18:25,B152PR,"JP	0	00:09:04.445	Core 04	2026.06.04 18:25:00   [SRJ-IND] B152PR sym=USDJPY bar=2026.06.04 18:20 z1=2509,B,159.134,159.195,2026.05.29 19:10,1,2026.05.29 19:35,159.215,159.186"
2666,JUNE0525-B162,1617DC1ACCE6B50ED2D1359582A70A8B8503C569623EE90C18C6B33542796207,Tester/logs/20261011.log,987370,2026-06-04,18:25,B152PR,"GF	0	00:09:04.445	Core 04	2026.06.04 18:25:00   [SRJ-IND] B152PR sym=USDJPY bar=2026.06.04 18:20 z1=2566,B,159.382,159.407,2026.06.01 03:15,1,2026.06.03 11:30,159.790,159.368"
2667,JUNE0525-B162,1617DC1ACCE6B50ED2D1359582A70A8B8503C569623EE90C18C6B33542796207,Tester/logs/20261011.log,987371,2026-06-04,18:25,B152PR,"QL	0	00:09:04.445	Core 04	2026.06.04 18:25:00   [SRJ-IND] B152PR sym=USDJPY bar=2026.06.04 18:20 z1=2648,B,159.435,159.481,2026.06.01 16:00,1,2026.06.03 11:30,159.790,159.368"
2668,JUNE0525-B162,1617DC1ACCE6B50ED2D1359582A70A8B8503C569623EE90C18C6B33542796207,Tester/logs/20261011.log,987372,2026-06-04,18:25,B152PR,"FR	0	00:09:04.445	Core 04	2026.06.04 18:25:00   [SRJ-IND] B152PR sym=USDJPY bar=2026.06.04 18:20 z1=2716,B,159.576,159.603,2026.06.02 03:10,1,2026.06.03 10:35,159.787,159.550"
2669,JUNE0525-B162,1617DC1ACCE6B50ED2D1359582A70A8B8503C569623EE90C18C6B33542796207,Tester/logs/20261011.log,987373,2026-06-04,18:25,B152PR,"LH	0	00:09:04.445	Core 04	2026.06.04 18:25:00   [SRJ-IND] B152PR sym=USDJPY bar=2026.06.04 18:20 z1=2720,B,159.586,159.605,2026.06.02 01:05,1,2026.06.03 10:35,159.787,159.550"
2670,JUNE0525-B162,1617DC1ACCE6B50ED2D1359582A70A8B8503C569623EE90C18C6B33542796207,Tester/logs/20261011.log,987374,2026-06-04,18:25,B152PR,"PN	0	00:09:04.445	Core 04	2026.06.04 18:25:00   [SRJ-IND] B152PR sym=USDJPY bar=2026.06.04 18:20 z1=2945,B,159.579,159.675,2026.06.03 11:15,1,2026.06.03 11:25,159.727,159.674"
2671,JUNE0525-B162,1617DC1ACCE6B50ED2D1359582A70A8B8503C569623EE90C18C6B33542796207,Tester/logs/20261011.log,987375,2026-06-04,18:25,B152PR,"DE	0	00:09:04.445	Core 04	2026.06.04 18:25:00   [SRJ-IND] B152PR sym=USDJPY bar=2026.06.04 18:20 z1=3046,S,159.994,160.074,2026.06.04 04:50,1,2026.06.04 17:55,160.002,159.960"
2672,JUNE0525-B162,1617DC1ACCE6B50ED2D1359582A70A8B8503C569623EE90C18C6B33542796207,Tester/logs/20261011.log,987376,2026-06-04,18:25,B152PR,"DJ	0	00:09:04.445	Core 04	2026.06.04 18:25:00   [SRJ-IND] B152PR sym=USDJPY bar=2026.06.04 18:20 z1=3121,B,159.881,159.918,2026.06.04 17:00,1,2026.06.04 17:05,159.919,159.900"
2673,JUNE0525-B162,1617DC1ACCE6B50ED2D1359582A70A8B8503C569623EE90C18C6B33542796207,Tester/logs/20261011.log,987377,2026-06-04,18:25,B152PR,"KP	0	00:09:04.445	Core 04	2026.06.04 18:25:00   [SRJ-IND] B152PR sym=USDJPY bar=2026.06.04 18:20 z1=3150,B,159.820,159.853,2026.06.04 16:05,1,2026.06.04 16:15,159.889,159.852"
2674,JUNE0525-B162,1617DC1ACCE6B50ED2D1359582A70A8B8503C569623EE90C18C6B33542796207,Tester/logs/20261011.log,987378,2026-06-04,18:25,B152PR,"JD	0	00:09:04.445	Core 04	2026.06.04 18:25:00   [SRJ-IND] B152PR sym=USDJPY bar=2026.06.04 18:20 bull=1 bear=1 nz=26"
2675,JUNE0525-B162,1617DC1ACCE6B50ED2D1359582A70A8B8503C569623EE90C18C6B33542796207,Tester/logs/20261011.log,987379,2026-06-04,18:25,B162ORIGIN,"IK	0	00:09:04.445	Core 04	2026.06.04 18:25:00   [SRJ-IND] B162ORIGIN sym=USDJPY bar=2026.06.04 18:20 side=B n=25 origin=3150 range=159.820-159.853 formT=2026.06.04 15:50 set=65,78,212,256,261,313,414,447,449,460,696,714,724,1405,1779,1780,1949,2509,2566,2648,2716,2720,2945,3121,3150"
2676,JUNE0525-B162,1617DC1ACCE6B50ED2D1359582A70A8B8503C569623EE90C18C6B33542796207,Tester/logs/20261011.log,987380,2026-06-04,18:25,B162ORIGIN,"DE	0	00:09:04.445	Core 04	2026.06.04 18:25:00   [SRJ-IND] B162ORIGIN sym=USDJPY bar=2026.06.04 18:20 side=S n=1 origin=3046 range=159.994-160.074 formT=2026.06.04 01:00 set=3046"
2677,JUNE0525-B162,1617DC1ACCE6B50ED2D1359582A70A8B8503C569623EE90C18C6B33542796207,Tester/logs/20261011.log,987384,2026-06-04,18:25,CQDRECHECK,"JS	0	00:09:04.445	Core 04	2026.06.04 18:25:00   [SRJ-EA] CQDRECHECK shift=2 passA=2.0 passB=2.0 diff=0 bar=2026.06.04 18:15 state=IDLE dir=NONE divLatch=0 hit1=0 hit2=610 mism=0"
2678,JUNE0525-B162,1617DC1ACCE6B50ED2D1359582A70A8B8503C569623EE90C18C6B33542796207,Tester/logs/20261011.log,987389,2026-06-04,18:30,B152PR,"CF	0	00:09:04.445	Core 04	2026.06.04 18:30:00   [SRJ-IND] B152PR sym=USDJPY bar=2026.06.04 18:25 z1=65,B,156.672,156.773,2026.05.11 04:10,1,2026.05.12 08:55,157.714,156.726"
2679,JUNE0525-B162,1617DC1ACCE6B50ED2D1359582A70A8B8503C569623EE90C18C6B33542796207,Tester/logs/20261011.log,987390,2026-06-04,18:30,B152PR,"CL	0	00:09:04.445	Core 04	2026.06.04 18:30:00   [SRJ-IND] B152PR sym=USDJPY bar=2026.06.04 18:25 z1=78,B,156.578,156.584,2026.05.11 00:35,1,2026.05.11 00:40,156.644,156.537"
2680,JUNE0525-B162,1617DC1ACCE6B50ED2D1359582A70A8B8503C569623EE90C18C6B33542796207,Tester/logs/20261011.log,987391,2026-06-04,18:30,B152PR,"EP	0	00:09:04.445	Core 04	2026.06.04 18:30:00   [SRJ-IND] B152PR sym=USDJPY bar=2026.06.04 18:25 z1=212,B,157.028,157.060,2026.05.11 19:20,1,2026.05.12 00:00,157.152,157.050"
2681,JUNE0525-B162,1617DC1ACCE6B50ED2D1359582A70A8B8503C569623EE90C18C6B33542796207,Tester/logs/20261011.log,987392,2026-06-04,18:30,B152PR,"IJ	0	00:09:04.445	Core 04	2026.06.04 18:30:00   [SRJ-IND] B152PR sym=USDJPY bar=2026.06.04 18:25 z1=256,B,157.172,157.178,2026.05.12 01:25,1,2026.05.12 08:55,157.714,156.726"
2682,JUNE0525-B162,1617DC1ACCE6B50ED2D1359582A70A8B8503C569623EE90C18C6B33542796207,Tester/logs/20261011.log,987393,2026-06-04,18:30,B152PR,"KL	0	00:09:04.445	Core 04	2026.06.04 18:30:00   [SRJ-IND] B152PR sym=USDJPY bar=2026.06.04 18:25 z1=261,B,157.184,157.192,2026.05.12 03:00,1,2026.05.12 08:55,157.714,156.726"
2683,JUNE0525-B162,1617DC1ACCE6B50ED2D1359582A70A8B8503C569623EE90C18C6B33542796207,Tester/logs/20261011.log,987394,2026-06-04,18:30,B152PR,"KF	0	00:09:04.445	Core 04	2026.06.04 18:30:00   [SRJ-IND] B152PR sym=USDJPY bar=2026.06.04 18:25 z1=313,B,157.331,157.497,2026.05.12 10:00,1,2026.05.12 10:10,157.546,157.487"
2684,JUNE0525-B162,1617DC1ACCE6B50ED2D1359582A70A8B8503C569623EE90C18C6B33542796207,Tester/logs/20261011.log,987395,2026-06-04,18:30,B152PR,"FH	0	00:09:04.445	Core 04	2026.06.04 18:30:00   [SRJ-IND] B152PR sym=USDJPY bar=2026.06.04 18:25 z1=414,B,157.517,157.589,2026.05.13 01:10,1,2026.05.13 01:20,157.607,157.587"
2685,JUNE0525-B162,1617DC1ACCE6B50ED2D1359582A70A8B8503C569623EE90C18C6B33542796207,Tester/logs/20261011.log,987396,2026-06-04,18:30,B152PR,"MR	0	00:09:04.445	Core 04	2026.06.04 18:30:00   [SRJ-IND] B152PR sym=USDJPY bar=2026.06.04 18:25 z1=447,B,157.562,157.648,2026.05.13 06:20,1,2026.05.13 06:25,157.662,157.648"
2686,JUNE0525-B162,1617DC1ACCE6B50ED2D1359582A70A8B8503C569623EE90C18C6B33542796207,Tester/logs/20261011.log,987397,2026-06-04,18:30,B152PR,"RD	0	00:09:04.445	Core 04	2026.06.04 18:30:00   [SRJ-IND] B152PR sym=USDJPY bar=2026.06.04 18:25 z1=449,B,157.599,157.654,2026.05.13 05:15,1,2026.05.13 05:45,157.687,157.652"
2687,JUNE0525-B162,1617DC1ACCE6B50ED2D1359582A70A8B8503C569623EE90C18C6B33542796207,Tester/logs/20261011.log,987398,2026-06-04,18:30,B152PR,"KI	0	00:09:04.445	Core 04	2026.06.04 18:30:00   [SRJ-IND] B152PR sym=USDJPY bar=2026.06.04 18:25 z1=460,B,157.645,157.660,2026.05.13 07:05,1,2026.05.14 00:25,157.812,157.650"
2688,JUNE0525-B162,1617DC1ACCE6B50ED2D1359582A70A8B8503C569623EE90C18C6B33542796207,Tester/logs/20261011.log,987399,2026-06-04,18:30,B152PR,"OS	0	00:09:04.445	Core 04	2026.06.04 18:30:00   [SRJ-IND] B152PR sym=USDJPY bar=2026.06.04 18:25 z1=696,B,157.568,158.167,2026.05.14 18:05,1,2026.05.14 18:10,158.191,158.119"
2689,JUNE0525-B162,1617DC1ACCE6B50ED2D1359582A70A8B8503C569623EE90C18C6B33542796207,Tester/logs/20261011.log,987400,2026-06-04,18:30,B152PR,"CE	0	00:09:04.445	Core 04	2026.06.04 18:30:00   [SRJ-IND] B152PR sym=USDJPY bar=2026.06.04 18:25 z1=714,B,158.107,158.142,2026.05.14 19:30,1,2026.05.14 20:00,158.169,158.142"
2690,JUNE0525-B162,1617DC1ACCE6B50ED2D1359582A70A8B8503C569623EE90C18C6B33542796207,Tester/logs/20261011.log,987401,2026-06-04,18:30,B152PR,"JO	0	00:09:04.445	Core 04	2026.06.04 18:30:00   [SRJ-IND] B152PR sym=USDJPY bar=2026.06.04 18:25 z1=724,B,158.168,158.186,2026.05.14 21:00,1,2026.05.14 21:05,158.191,158.182"
2691,JUNE0525-B162,1617DC1ACCE6B50ED2D1359582A70A8B8503C569623EE90C18C6B33542796207,Tester/logs/20261011.log,987402,2026-06-04,18:30,B152PR,"PR	0	00:09:04.445	Core 04	2026.06.04 18:30:00   [SRJ-IND] B152PR sym=USDJPY bar=2026.06.04 18:25 z1=1405,B,158.735,158.769,2026.05.20 19:00,1,2026.05.20 19:05,158.816,158.753"
2692,JUNE0525-B162,1617DC1ACCE6B50ED2D1359582A70A8B8503C569623EE90C18C6B33542796207,Tester/logs/20261011.log,987403,2026-06-04,18:30,B152PR,"FH	0	00:09:04.445	Core 04	2026.06.04 18:30:00   [SRJ-IND] B152PR sym=USDJPY bar=2026.06.04 18:25 z1=1779,B,158.756,158.800,2026.05.25 06:45,1,2026.05.26 00:00,158.887,158.784"
2693,JUNE0525-B162,1617DC1ACCE6B50ED2D1359582A70A8B8503C569623EE90C18C6B33542796207,Tester/logs/20261011.log,987404,2026-06-04,18:30,B152PR,"GN	0	00:09:04.445	Core 04	2026.06.04 18:30:00   [SRJ-IND] B152PR sym=USDJPY bar=2026.06.04 18:25 z1=1780,B,158.789,158.814,2026.05.25 04:50,1,2026.05.26 00:00,158.887,158.784"
2694,JUNE0525-B162,1617DC1ACCE6B50ED2D1359582A70A8B8503C569623EE90C18C6B33542796207,Tester/logs/20261011.log,987405,2026-06-04,18:30,B152PR,"RD	0	00:09:04.445	Core 04	2026.06.04 18:30:00   [SRJ-IND] B152PR sym=USDJPY bar=2026.06.04 18:25 z1=1949,B,158.916,158.934,2026.05.26 07:25,1,2026.05.26 07:30,158.942,158.934"
2695,JUNE0525-B162,1617DC1ACCE6B50ED2D1359582A70A8B8503C569623EE90C18C6B33542796207,Tester/logs/20261011.log,987406,2026-06-04,18:30,B152PR,"GJ	0	00:09:04.445	Core 04	2026.06.04 18:30:00   [SRJ-IND] B152PR sym=USDJPY bar=2026.06.04 18:25 z1=2509,B,159.134,159.195,2026.05.29 19:10,1,2026.05.29 19:35,159.215,159.186"
2696,JUNE0525-B162,1617DC1ACCE6B50ED2D1359582A70A8B8503C569623EE90C18C6B33542796207,Tester/logs/20261011.log,987407,2026-06-04,18:30,B152PR,"JP	0	00:09:04.445	Core 04	2026.06.04 18:30:00   [SRJ-IND] B152PR sym=USDJPY bar=2026.06.04 18:25 z1=2566,B,159.382,159.407,2026.06.01 03:15,1,2026.06.03 11:30,159.790,159.368"
2697,JUNE0525-B162,1617DC1ACCE6B50ED2D1359582A70A8B8503C569623EE90C18C6B33542796207,Tester/logs/20261011.log,987408,2026-06-04,18:30,B152PR,"PF	0	00:09:04.445	Core 04	2026.06.04 18:30:00   [SRJ-IND] B152PR sym=USDJPY bar=2026.06.04 18:25 z1=2648,B,159.435,159.481,2026.06.01 16:00,1,2026.06.03 11:30,159.790,159.368"
2698,JUNE0525-B162,1617DC1ACCE6B50ED2D1359582A70A8B8503C569623EE90C18C6B33542796207,Tester/logs/20261011.log,987409,2026-06-04,18:30,B152PR,"CL	0	00:09:04.445	Core 04	2026.06.04 18:30:00   [SRJ-IND] B152PR sym=USDJPY bar=2026.06.04 18:25 z1=2716,B,159.576,159.603,2026.06.02 03:10,1,2026.06.03 10:35,159.787,159.550"
2699,JUNE0525-B162,1617DC1ACCE6B50ED2D1359582A70A8B8503C569623EE90C18C6B33542796207,Tester/logs/20261011.log,987410,2026-06-04,18:30,B152PR,"MR	0	00:09:04.445	Core 04	2026.06.04 18:30:00   [SRJ-IND] B152PR sym=USDJPY bar=2026.06.04 18:25 z1=2720,B,159.586,159.605,2026.06.02 01:05,1,2026.06.03 10:35,159.787,159.550"
2700,JUNE0525-B162,1617DC1ACCE6B50ED2D1359582A70A8B8503C569623EE90C18C6B33542796207,Tester/logs/20261011.log,987411,2026-06-04,18:30,B152PR,"QH	0	00:09:04.445	Core 04	2026.06.04 18:30:00   [SRJ-IND] B152PR sym=USDJPY bar=2026.06.04 18:25 z1=2945,B,159.579,159.675,2026.06.03 11:15,1,2026.06.03 11:25,159.727,159.674"
2701,JUNE0525-B162,1617DC1ACCE6B50ED2D1359582A70A8B8503C569623EE90C18C6B33542796207,Tester/logs/20261011.log,987412,2026-06-04,18:30,B152PR,"EO	0	00:09:04.445	Core 04	2026.06.04 18:30:00   [SRJ-IND] B152PR sym=USDJPY bar=2026.06.04 18:25 z1=3046,S,159.994,160.074,2026.06.04 04:50,1,2026.06.04 17:55,160.002,159.960"
2702,JUNE0525-B162,1617DC1ACCE6B50ED2D1359582A70A8B8503C569623EE90C18C6B33542796207,Tester/logs/20261011.log,987413,2026-06-04,18:30,B152PR,"ED	0	00:09:04.445	Core 04	2026.06.04 18:30:00   [SRJ-IND] B152PR sym=USDJPY bar=2026.06.04 18:25 z1=3121,B,159.881,159.918,2026.06.04 17:00,1,2026.06.04 17:05,159.919,159.900"
2703,JUNE0525-B162,1617DC1ACCE6B50ED2D1359582A70A8B8503C569623EE90C18C6B33542796207,Tester/logs/20261011.log,987414,2026-06-04,18:30,B152PR,"NJ	0	00:09:04.445	Core 04	2026.06.04 18:30:00   [SRJ-IND] B152PR sym=USDJPY bar=2026.06.04 18:25 z1=3150,B,159.820,159.853,2026.06.04 16:05,1,2026.06.04 16:15,159.889,159.852"
2704,JUNE0525-B162,1617DC1ACCE6B50ED2D1359582A70A8B8503C569623EE90C18C6B33542796207,Tester/logs/20261011.log,987415,2026-06-04,18:30,B152PR,"GR	0	00:09:04.445	Core 04	2026.06.04 18:30:00   [SRJ-IND] B152PR sym=USDJPY bar=2026.06.04 18:25 bull=1 bear=1 nz=26"
2705,JUNE0525-B162,1617DC1ACCE6B50ED2D1359582A70A8B8503C569623EE90C18C6B33542796207,Tester/logs/20261011.log,987416,2026-06-04,18:30,B162ORIGIN,"HM	0	00:09:04.445	Core 04	2026.06.04 18:30:00   [SRJ-IND] B162ORIGIN sym=USDJPY bar=2026.06.04 18:25 side=B n=25 origin=3150 range=159.820-159.853 formT=2026.06.04 15:50 set=65,78,212,256,261,313,414,447,449,460,696,714,724,1405,1779,1780,1949,2509,2566,2648,2716,2720,2945,3121,3150"
2706,JUNE0525-B162,1617DC1ACCE6B50ED2D1359582A70A8B8503C569623EE90C18C6B33542796207,Tester/logs/20261011.log,987417,2026-06-04,18:30,B162ORIGIN,"IO	0	00:09:04.445	Core 04	2026.06.04 18:30:00   [SRJ-IND] B162ORIGIN sym=USDJPY bar=2026.06.04 18:25 side=S n=1 origin=3046 range=159.994-160.074 formT=2026.06.04 01:00 set=3046"
2707,JUNE0525-B162,1617DC1ACCE6B50ED2D1359582A70A8B8503C569623EE90C18C6B33542796207,Tester/logs/20261011.log,987425,2026-06-04,18:35,B152PR,"DJ	0	00:09:04.445	Core 04	2026.06.04 18:35:02   [SRJ-IND] B152PR sym=USDJPY bar=2026.06.04 18:30 z1=65,B,156.672,156.773,2026.05.11 04:10,1,2026.05.12 08:55,157.714,156.726"
2708,JUNE0525-B162,1617DC1ACCE6B50ED2D1359582A70A8B8503C569623EE90C18C6B33542796207,Tester/logs/20261011.log,987426,2026-06-04,18:35,B152PR,"DP	0	00:09:04.445	Core 04	2026.06.04 18:35:02   [SRJ-IND] B152PR sym=USDJPY bar=2026.06.04 18:30 z1=78,B,156.578,156.584,2026.05.11 00:35,1,2026.05.11 00:40,156.644,156.537"
2709,JUNE0525-B162,1617DC1ACCE6B50ED2D1359582A70A8B8503C569623EE90C18C6B33542796207,Tester/logs/20261011.log,987427,2026-06-04,18:35,B152PR,"FD	0	00:09:04.445	Core 04	2026.06.04 18:35:02   [SRJ-IND] B152PR sym=USDJPY bar=2026.06.04 18:30 z1=212,B,157.028,157.060,2026.05.11 19:20,1,2026.05.12 00:00,157.152,157.050"
2710,JUNE0525-B162,1617DC1ACCE6B50ED2D1359582A70A8B8503C569623EE90C18C6B33542796207,Tester/logs/20261011.log,987428,2026-06-04,18:35,B152PR,"FN	0	00:09:04.445	Core 04	2026.06.04 18:35:02   [SRJ-IND] B152PR sym=USDJPY bar=2026.06.04 18:30 z1=256,B,157.172,157.178,2026.05.12 01:25,1,2026.05.12 08:55,157.714,156.726"
2711,JUNE0525-B162,1617DC1ACCE6B50ED2D1359582A70A8B8503C569623EE90C18C6B33542796207,Tester/logs/20261011.log,987429,2026-06-04,18:35,B152PR,"LP	0	00:09:04.445	Core 04	2026.06.04 18:35:02   [SRJ-IND] B152PR sym=USDJPY bar=2026.06.04 18:30 z1=261,B,157.184,157.192,2026.05.12 03:00,1,2026.05.12 08:55,157.714,156.726"
2712,JUNE0525-B162,1617DC1ACCE6B50ED2D1359582A70A8B8503C569623EE90C18C6B33542796207,Tester/logs/20261011.log,987430,2026-06-04,18:35,B152PR,"HJ	0	00:09:04.445	Core 04	2026.06.04 18:35:02   [SRJ-IND] B152PR sym=USDJPY bar=2026.06.04 18:30 z1=313,B,157.331,157.497,2026.05.12 10:00,1,2026.05.12 10:10,157.546,157.487"
2713,JUNE0525-B162,1617DC1ACCE6B50ED2D1359582A70A8B8503C569623EE90C18C6B33542796207,Tester/logs/20261011.log,987431,2026-06-04,18:35,B152PR,"EL	0	00:09:04.445	Core 04	2026.06.04 18:35:02   [SRJ-IND] B152PR sym=USDJPY bar=2026.06.04 18:30 z1=414,B,157.517,157.589,2026.05.13 01:10,1,2026.05.13 01:20,157.607,157.587"
2714,JUNE0525-B162,1617DC1ACCE6B50ED2D1359582A70A8B8503C569623EE90C18C6B33542796207,Tester/logs/20261011.log,987432,2026-06-04,18:35,B152PR,"RF	0	00:09:04.445	Core 04	2026.06.04 18:35:02   [SRJ-IND] B152PR sym=USDJPY bar=2026.06.04 18:30 z1=447,B,157.562,157.648,2026.05.13 06:20,1,2026.05.13 06:25,157.662,157.648"
2715,JUNE0525-B162,1617DC1ACCE6B50ED2D1359582A70A8B8503C569623EE90C18C6B33542796207,Tester/logs/20261011.log,987433,2026-06-04,18:35,B152PR,"QH	0	00:09:04.445	Core 04	2026.06.04 18:35:02   [SRJ-IND] B152PR sym=USDJPY bar=2026.06.04 18:30 z1=449,B,157.599,157.654,2026.05.13 05:15,1,2026.05.13 05:45,157.687,157.652"
2716,JUNE0525-B162,1617DC1ACCE6B50ED2D1359582A70A8B8503C569623EE90C18C6B33542796207,Tester/logs/20261011.log,987434,2026-06-04,18:35,B152PR,"HR	0	00:09:04.445	Core 04	2026.06.04 18:35:02   [SRJ-IND] B152PR sym=USDJPY bar=2026.06.04 18:30 z1=460,B,157.645,157.660,2026.05.13 07:05,1,2026.05.14 00:25,157.812,157.650"
2717,JUNE0525-B162,1617DC1ACCE6B50ED2D1359582A70A8B8503C569623EE90C18C6B33542796207,Tester/logs/20261011.log,987435,2026-06-04,18:35,B152PR,"PG	0	00:09:04.445	Core 04	2026.06.04 18:35:02   [SRJ-IND] B152PR sym=USDJPY bar=2026.06.04 18:30 z1=696,B,157.568,158.167,2026.05.14 18:05,1,2026.05.14 18:10,158.191,158.119"
2718,JUNE0525-B162,1617DC1ACCE6B50ED2D1359582A70A8B8503C569623EE90C18C6B33542796207,Tester/logs/20261011.log,987436,2026-06-04,18:35,B152PR,"HI	0	00:09:04.445	Core 04	2026.06.04 18:35:02   [SRJ-IND] B152PR sym=USDJPY bar=2026.06.04 18:30 z1=714,B,158.107,158.142,2026.05.14 19:30,1,2026.05.14 20:00,158.169,158.142"
2719,JUNE0525-B162,1617DC1ACCE6B50ED2D1359582A70A8B8503C569623EE90C18C6B33542796207,Tester/logs/20261011.log,987437,2026-06-04,18:35,B152PR,"IS	0	00:09:04.445	Core 04	2026.06.04 18:35:02   [SRJ-IND] B152PR sym=USDJPY bar=2026.06.04 18:30 z1=724,B,158.168,158.186,2026.05.14 21:00,1,2026.05.14 21:05,158.191,158.182"
2720,JUNE0525-B162,1617DC1ACCE6B50ED2D1359582A70A8B8503C569623EE90C18C6B33542796207,Tester/logs/20261011.log,987438,2026-06-04,18:35,B152PR,"CF	0	00:09:04.445	Core 04	2026.06.04 18:35:02   [SRJ-IND] B152PR sym=USDJPY bar=2026.06.04 18:30 z1=1405,B,158.735,158.769,2026.05.20 19:00,1,2026.05.20 19:05,158.816,158.753"
2721,JUNE0525-B162,1617DC1ACCE6B50ED2D1359582A70A8B8503C569623EE90C18C6B33542796207,Tester/logs/20261011.log,987439,2026-06-04,18:35,B152PR,"QL	0	00:09:04.445	Core 04	2026.06.04 18:35:02   [SRJ-IND] B152PR sym=USDJPY bar=2026.06.04 18:30 z1=1779,B,158.756,158.800,2026.05.25 06:45,1,2026.05.26 00:00,158.887,158.784"
2722,JUNE0525-B162,1617DC1ACCE6B50ED2D1359582A70A8B8503C569623EE90C18C6B33542796207,Tester/logs/20261011.log,987440,2026-06-04,18:35,B152PR,"LR	0	00:09:04.445	Core 04	2026.06.04 18:35:02   [SRJ-IND] B152PR sym=USDJPY bar=2026.06.04 18:30 z1=1780,B,158.789,158.814,2026.05.25 04:50,1,2026.05.26 00:00,158.887,158.784"
2723,JUNE0525-B162,1617DC1ACCE6B50ED2D1359582A70A8B8503C569623EE90C18C6B33542796207,Tester/logs/20261011.log,987441,2026-06-04,18:35,B152PR,"EH	0	00:09:04.445	Core 04	2026.06.04 18:35:02   [SRJ-IND] B152PR sym=USDJPY bar=2026.06.04 18:30 z1=1949,B,158.916,158.934,2026.05.26 07:25,1,2026.05.26 07:30,158.942,158.934"
2724,JUNE0525-B162,1617DC1ACCE6B50ED2D1359582A70A8B8503C569623EE90C18C6B33542796207,Tester/logs/20261011.log,987442,2026-06-04,18:35,B152PR,"LN	0	00:09:04.445	Core 04	2026.06.04 18:35:02   [SRJ-IND] B152PR sym=USDJPY bar=2026.06.04 18:30 z1=2509,B,159.134,159.195,2026.05.29 19:10,1,2026.05.29 19:35,159.215,159.186"
2725,JUNE0525-B162,1617DC1ACCE6B50ED2D1359582A70A8B8503C569623EE90C18C6B33542796207,Tester/logs/20261011.log,987443,2026-06-04,18:35,B152PR,"MD	0	00:09:04.445	Core 04	2026.06.04 18:35:02   [SRJ-IND] B152PR sym=USDJPY bar=2026.06.04 18:30 z1=2566,B,159.382,159.407,2026.06.01 03:15,1,2026.06.03 11:30,159.790,159.368"
2726,JUNE0525-B162,1617DC1ACCE6B50ED2D1359582A70A8B8503C569623EE90C18C6B33542796207,Tester/logs/20261011.log,987444,2026-06-04,18:35,B152PR,"CJ	0	00:09:04.445	Core 04	2026.06.04 18:35:02   [SRJ-IND] B152PR sym=USDJPY bar=2026.06.04 18:30 z1=2648,B,159.435,159.481,2026.06.01 16:00,1,2026.06.03 11:30,159.790,159.368"
2727,JUNE0525-B162,1617DC1ACCE6B50ED2D1359582A70A8B8503C569623EE90C18C6B33542796207,Tester/logs/20261011.log,987445,2026-06-04,18:35,B152PR,"PP	0	00:09:04.445	Core 04	2026.06.04 18:35:02   [SRJ-IND] B152PR sym=USDJPY bar=2026.06.04 18:30 z1=2716,B,159.576,159.603,2026.06.02 03:10,1,2026.06.03 10:35,159.787,159.550"
2728,JUNE0525-B162,1617DC1ACCE6B50ED2D1359582A70A8B8503C569623EE90C18C6B33542796207,Tester/logs/20261011.log,987446,2026-06-04,18:35,B152PR,"JF	0	00:09:04.445	Core 04	2026.06.04 18:35:02   [SRJ-IND] B152PR sym=USDJPY bar=2026.06.04 18:30 z1=2720,B,159.586,159.605,2026.06.02 01:05,1,2026.06.03 10:35,159.787,159.550"
2729,JUNE0525-B162,1617DC1ACCE6B50ED2D1359582A70A8B8503C569623EE90C18C6B33542796207,Tester/logs/20261011.log,987447,2026-06-04,18:35,B152PR,"FL	0	00:09:04.445	Core 04	2026.06.04 18:35:02   [SRJ-IND] B152PR sym=USDJPY bar=2026.06.04 18:30 z1=2945,B,159.579,159.675,2026.06.03 11:15,1,2026.06.03 11:25,159.727,159.674"
2730,JUNE0525-B162,1617DC1ACCE6B50ED2D1359582A70A8B8503C569623EE90C18C6B33542796207,Tester/logs/20261011.log,987448,2026-06-04,18:35,B152PR,"RS	0	00:09:04.445	Core 04	2026.06.04 18:35:02   [SRJ-IND] B152PR sym=USDJPY bar=2026.06.04 18:30 z1=3046,S,159.994,160.074,2026.06.04 04:50,1,2026.06.04 17:55,160.002,159.960"
2731,JUNE0525-B162,1617DC1ACCE6B50ED2D1359582A70A8B8503C569623EE90C18C6B33542796207,Tester/logs/20261011.log,987449,2026-06-04,18:35,B152PR,"RH	0	00:09:04.445	Core 04	2026.06.04 18:35:02   [SRJ-IND] B152PR sym=USDJPY bar=2026.06.04 18:30 z1=3121,B,159.881,159.918,2026.06.04 17:00,1,2026.06.04 17:05,159.919,159.900"
2732,JUNE0525-B162,1617DC1ACCE6B50ED2D1359582A70A8B8503C569623EE90C18C6B33542796207,Tester/logs/20261011.log,987450,2026-06-04,18:35,B152PR,"IN	0	00:09:04.445	Core 04	2026.06.04 18:35:02   [SRJ-IND] B152PR sym=USDJPY bar=2026.06.04 18:30 z1=3150,B,159.820,159.853,2026.06.04 16:05,1,2026.06.04 16:15,159.889,159.852"
2733,JUNE0525-B162,1617DC1ACCE6B50ED2D1359582A70A8B8503C569623EE90C18C6B33542796207,Tester/logs/20261011.log,987451,2026-06-04,18:35,B152PR,"LF	0	00:09:04.445	Core 04	2026.06.04 18:35:02   [SRJ-IND] B152PR sym=USDJPY bar=2026.06.04 18:30 bull=1 bear=1 nz=26"
2734,JUNE0525-B162,1617DC1ACCE6B50ED2D1359582A70A8B8503C569623EE90C18C6B33542796207,Tester/logs/20261011.log,987452,2026-06-04,18:35,B162ORIGIN,"CI	0	00:09:04.445	Core 04	2026.06.04 18:35:02   [SRJ-IND] B162ORIGIN sym=USDJPY bar=2026.06.04 18:30 side=B n=25 origin=3150 range=159.820-159.853 formT=2026.06.04 15:50 set=65,78,212,256,261,313,414,447,449,460,696,714,724,1405,1779,1780,1949,2509,2566,2648,2716,2720,2945,3121,3150"
2735,JUNE0525-B162,1617DC1ACCE6B50ED2D1359582A70A8B8503C569623EE90C18C6B33542796207,Tester/logs/20261011.log,987453,2026-06-04,18:35,B162ORIGIN,"JK	0	00:09:04.445	Core 04	2026.06.04 18:35:02   [SRJ-IND] B162ORIGIN sym=USDJPY bar=2026.06.04 18:30 side=S n=1 origin=3046 range=159.994-160.074 formT=2026.06.04 01:00 set=3046"
2736,JUNE0525-B162,1617DC1ACCE6B50ED2D1359582A70A8B8503C569623EE90C18C6B33542796207,Tester/logs/20261011.log,987460,2026-06-04,18:40,B152PR,"GN	0	00:09:04.445	Core 04	2026.06.04 18:40:00   [SRJ-IND] B152PR sym=USDJPY bar=2026.06.04 18:35 z1=65,B,156.672,156.773,2026.05.11 04:10,1,2026.05.12 08:55,157.714,156.726"
2737,JUNE0525-B162,1617DC1ACCE6B50ED2D1359582A70A8B8503C569623EE90C18C6B33542796207,Tester/logs/20261011.log,987461,2026-06-04,18:40,B152PR,"GD	0	00:09:04.445	Core 04	2026.06.04 18:40:00   [SRJ-IND] B152PR sym=USDJPY bar=2026.06.04 18:35 z1=78,B,156.578,156.584,2026.05.11 00:35,1,2026.05.11 00:40,156.644,156.537"
2738,JUNE0525-B162,1617DC1ACCE6B50ED2D1359582A70A8B8503C569623EE90C18C6B33542796207,Tester/logs/20261011.log,987462,2026-06-04,18:40,B152PR,"IH	0	00:09:04.445	Core 04	2026.06.04 18:40:00   [SRJ-IND] B152PR sym=USDJPY bar=2026.06.04 18:35 z1=212,B,157.028,157.060,2026.05.11 19:20,1,2026.05.12 00:00,157.152,157.050"
2739,JUNE0525-B162,1617DC1ACCE6B50ED2D1359582A70A8B8503C569623EE90C18C6B33542796207,Tester/logs/20261011.log,987463,2026-06-04,18:40,B152PR,"IR	0	00:09:04.445	Core 04	2026.06.04 18:40:00   [SRJ-IND] B152PR sym=USDJPY bar=2026.06.04 18:35 z1=256,B,157.172,157.178,2026.05.12 01:25,1,2026.05.12 08:55,157.714,156.726"
2740,JUNE0525-B162,1617DC1ACCE6B50ED2D1359582A70A8B8503C569623EE90C18C6B33542796207,Tester/logs/20261011.log,987464,2026-06-04,18:40,B152PR,"OD	0	00:09:04.445	Core 04	2026.06.04 18:40:00   [SRJ-IND] B152PR sym=USDJPY bar=2026.06.04 18:35 z1=261,B,157.184,157.192,2026.05.12 03:00,1,2026.05.12 08:55,157.714,156.726"
2741,JUNE0525-B162,1617DC1ACCE6B50ED2D1359582A70A8B8503C569623EE90C18C6B33542796207,Tester/logs/20261011.log,987465,2026-06-04,18:40,B152PR,"CN	0	00:09:04.445	Core 04	2026.06.04 18:40:00   [SRJ-IND] B152PR sym=USDJPY bar=2026.06.04 18:35 z1=313,B,157.331,157.497,2026.05.12 10:00,1,2026.05.12 10:10,157.546,157.487"
2742,JUNE0525-B162,1617DC1ACCE6B50ED2D1359582A70A8B8503C569623EE90C18C6B33542796207,Tester/logs/20261011.log,987466,2026-06-04,18:40,B152PR,"JP	0	00:09:04.445	Core 04	2026.06.04 18:40:00   [SRJ-IND] B152PR sym=USDJPY bar=2026.06.04 18:35 z1=414,B,157.517,157.589,2026.05.13 01:10,1,2026.05.13 01:20,157.607,157.587"
2743,JUNE0525-B162,1617DC1ACCE6B50ED2D1359582A70A8B8503C569623EE90C18C6B33542796207,Tester/logs/20261011.log,987467,2026-06-04,18:40,B152PR,"MJ	0	00:09:04.445	Core 04	2026.06.04 18:40:00   [SRJ-IND] B152PR sym=USDJPY bar=2026.06.04 18:35 z1=447,B,157.562,157.648,2026.05.13 06:20,1,2026.05.13 06:25,157.662,157.648"
2744,JUNE0525-B162,1617DC1ACCE6B50ED2D1359582A70A8B8503C569623EE90C18C6B33542796207,Tester/logs/20261011.log,987468,2026-06-04,18:40,B152PR,"NL	0	00:09:04.445	Core 04	2026.06.04 18:40:00   [SRJ-IND] B152PR sym=USDJPY bar=2026.06.04 18:35 z1=449,B,157.599,157.654,2026.05.13 05:15,1,2026.05.13 05:45,157.687,157.652"
2745,JUNE0525-B162,1617DC1ACCE6B50ED2D1359582A70A8B8503C569623EE90C18C6B33542796207,Tester/logs/20261011.log,987469,2026-06-04,18:40,B152PR,"CF	0	00:09:04.445	Core 04	2026.06.04 18:40:00   [SRJ-IND] B152PR sym=USDJPY bar=2026.06.04 18:35 z1=460,B,157.645,157.660,2026.05.13 07:05,1,2026.05.14 00:25,157.812,157.650"
2746,JUNE0525-B162,1617DC1ACCE6B50ED2D1359582A70A8B8503C569623EE90C18C6B33542796207,Tester/logs/20261011.log,987470,2026-06-04,18:40,B152PR,"KK	0	00:09:04.445	Core 04	2026.06.04 18:40:00   [SRJ-IND] B152PR sym=USDJPY bar=2026.06.04 18:35 z1=696,B,157.568,158.167,2026.05.14 18:05,1,2026.05.14 18:10,158.191,158.119"
2747,JUNE0525-B162,1617DC1ACCE6B50ED2D1359582A70A8B8503C569623EE90C18C6B33542796207,Tester/logs/20261011.log,987471,2026-06-04,18:40,B152PR,"CM	0	00:09:04.445	Core 04	2026.06.04 18:40:00   [SRJ-IND] B152PR sym=USDJPY bar=2026.06.04 18:35 z1=714,B,158.107,158.142,2026.05.14 19:30,1,2026.05.14 20:00,158.169,158.142"
2748,JUNE0525-B162,1617DC1ACCE6B50ED2D1359582A70A8B8503C569623EE90C18C6B33542796207,Tester/logs/20261011.log,987472,2026-06-04,18:40,B152PR,"FG	0	00:09:04.445	Core 04	2026.06.04 18:40:00   [SRJ-IND] B152PR sym=USDJPY bar=2026.06.04 18:35 z1=724,B,158.168,158.186,2026.05.14 21:00,1,2026.05.14 21:05,158.191,158.182"
2749,JUNE0525-B162,1617DC1ACCE6B50ED2D1359582A70A8B8503C569623EE90C18C6B33542796207,Tester/logs/20261011.log,987473,2026-06-04,18:40,B152PR,"HJ	0	00:09:04.445	Core 04	2026.06.04 18:40:00   [SRJ-IND] B152PR sym=USDJPY bar=2026.06.04 18:35 z1=1405,B,158.735,158.769,2026.05.20 19:00,1,2026.05.20 19:05,158.816,158.753"
2750,JUNE0525-B162,1617DC1ACCE6B50ED2D1359582A70A8B8503C569623EE90C18C6B33542796207,Tester/logs/20261011.log,987474,2026-06-04,18:40,B152PR,"NP	0	00:09:04.445	Core 04	2026.06.04 18:40:00   [SRJ-IND] B152PR sym=USDJPY bar=2026.06.04 18:35 z1=1779,B,158.756,158.800,2026.05.25 06:45,1,2026.05.26 00:00,158.887,158.784"
2751,JUNE0525-B162,1617DC1ACCE6B50ED2D1359582A70A8B8503C569623EE90C18C6B33542796207,Tester/logs/20261011.log,987475,2026-06-04,18:40,B152PR,"OF	0	00:09:04.445	Core 04	2026.06.04 18:40:00   [SRJ-IND] B152PR sym=USDJPY bar=2026.06.04 18:35 z1=1780,B,158.789,158.814,2026.05.25 04:50,1,2026.05.26 00:00,158.887,158.784"
2752,JUNE0525-B162,1617DC1ACCE6B50ED2D1359582A70A8B8503C569623EE90C18C6B33542796207,Tester/logs/20261011.log,987476,2026-06-04,18:40,B152PR,"JL	0	00:09:04.445	Core 04	2026.06.04 18:40:00   [SRJ-IND] B152PR sym=USDJPY bar=2026.06.04 18:35 z1=1949,B,158.916,158.934,2026.05.26 07:25,1,2026.05.26 07:30,158.942,158.934"
2753,JUNE0525-B162,1617DC1ACCE6B50ED2D1359582A70A8B8503C569623EE90C18C6B33542796207,Tester/logs/20261011.log,987477,2026-06-04,18:40,B152PR,"OR	0	00:09:04.445	Core 04	2026.06.04 18:40:00   [SRJ-IND] B152PR sym=USDJPY bar=2026.06.04 18:35 z1=2509,B,159.134,159.195,2026.05.29 19:10,1,2026.05.29 19:35,159.215,159.186"
2754,JUNE0525-B162,1617DC1ACCE6B50ED2D1359582A70A8B8503C569623EE90C18C6B33542796207,Tester/logs/20261011.log,987478,2026-06-04,18:40,B152PR,"RH	0	00:09:04.445	Core 04	2026.06.04 18:40:00   [SRJ-IND] B152PR sym=USDJPY bar=2026.06.04 18:35 z1=2566,B,159.382,159.407,2026.06.01 03:15,1,2026.06.03 11:30,159.790,159.368"
2755,JUNE0525-B162,1617DC1ACCE6B50ED2D1359582A70A8B8503C569623EE90C18C6B33542796207,Tester/logs/20261011.log,987479,2026-06-04,18:40,B152PR,"HN	0	00:09:04.445	Core 04	2026.06.04 18:40:00   [SRJ-IND] B152PR sym=USDJPY bar=2026.06.04 18:35 z1=2648,B,159.435,159.481,2026.06.01 16:00,1,2026.06.03 11:30,159.790,159.368"
2756,JUNE0525-B162,1617DC1ACCE6B50ED2D1359582A70A8B8503C569623EE90C18C6B33542796207,Tester/logs/20261011.log,987480,2026-06-04,18:40,B152PR,"KD	0	00:09:04.445	Core 04	2026.06.04 18:40:00   [SRJ-IND] B152PR sym=USDJPY bar=2026.06.04 18:35 z1=2716,B,159.576,159.603,2026.06.02 03:10,1,2026.06.03 10:35,159.787,159.550"
2757,JUNE0525-B162,1617DC1ACCE6B50ED2D1359582A70A8B8503C569623EE90C18C6B33542796207,Tester/logs/20261011.log,987481,2026-06-04,18:40,B152PR,"EJ	0	00:09:04.445	Core 04	2026.06.04 18:40:00   [SRJ-IND] B152PR sym=USDJPY bar=2026.06.04 18:35 z1=2720,B,159.586,159.605,2026.06.02 01:05,1,2026.06.03 10:35,159.787,159.550"
2758,JUNE0525-B162,1617DC1ACCE6B50ED2D1359582A70A8B8503C569623EE90C18C6B33542796207,Tester/logs/20261011.log,987482,2026-06-04,18:40,B152PR,"IP	0	00:09:04.445	Core 04	2026.06.04 18:40:00   [SRJ-IND] B152PR sym=USDJPY bar=2026.06.04 18:35 z1=2945,B,159.579,159.675,2026.06.03 11:15,1,2026.06.03 11:25,159.727,159.674"
2759,JUNE0525-B162,1617DC1ACCE6B50ED2D1359582A70A8B8503C569623EE90C18C6B33542796207,Tester/logs/20261011.log,987483,2026-06-04,18:40,B152PR,"MG	0	00:09:04.445	Core 04	2026.06.04 18:40:00   [SRJ-IND] B152PR sym=USDJPY bar=2026.06.04 18:35 z1=3046,S,159.994,160.074,2026.06.04 04:50,1,2026.06.04 17:55,160.002,159.960"
2760,JUNE0525-B162,1617DC1ACCE6B50ED2D1359582A70A8B8503C569623EE90C18C6B33542796207,Tester/logs/20261011.log,987484,2026-06-04,18:40,B152PR,"ML	0	00:09:04.445	Core 04	2026.06.04 18:40:00   [SRJ-IND] B152PR sym=USDJPY bar=2026.06.04 18:35 z1=3121,B,159.881,159.918,2026.06.04 17:00,1,2026.06.04 17:05,159.919,159.900"
2761,JUNE0525-B162,1617DC1ACCE6B50ED2D1359582A70A8B8503C569623EE90C18C6B33542796207,Tester/logs/20261011.log,987485,2026-06-04,18:40,B152PR,"FR	0	00:09:04.445	Core 04	2026.06.04 18:40:00   [SRJ-IND] B152PR sym=USDJPY bar=2026.06.04 18:35 z1=3150,B,159.820,159.853,2026.06.04 16:05,1,2026.06.04 16:15,159.889,159.852"
2762,JUNE0525-B162,1617DC1ACCE6B50ED2D1359582A70A8B8503C569623EE90C18C6B33542796207,Tester/logs/20261011.log,987486,2026-06-04,18:40,B152PR,"OJ	0	00:09:04.445	Core 04	2026.06.04 18:40:00   [SRJ-IND] B152PR sym=USDJPY bar=2026.06.04 18:35 bull=1 bear=1 nz=26"
2763,JUNE0525-B162,1617DC1ACCE6B50ED2D1359582A70A8B8503C569623EE90C18C6B33542796207,Tester/logs/20261011.log,987487,2026-06-04,18:40,B162ORIGIN,"HE	0	00:09:04.445	Core 04	2026.06.04 18:40:00   [SRJ-IND] B162ORIGIN sym=USDJPY bar=2026.06.04 18:35 side=B n=25 origin=3150 range=159.820-159.853 formT=2026.06.04 15:50 set=65,78,212,256,261,313,414,447,449,460,696,714,724,1405,1779,1780,1949,2509,2566,2648,2716,2720,2945,3121,3150"
2764,JUNE0525-B162,1617DC1ACCE6B50ED2D1359582A70A8B8503C569623EE90C18C6B33542796207,Tester/logs/20261011.log,987488,2026-06-04,18:40,B162ORIGIN,"EG	0	00:09:04.445	Core 04	2026.06.04 18:40:00   [SRJ-IND] B162ORIGIN sym=USDJPY bar=2026.06.04 18:35 side=S n=1 origin=3046 range=159.994-160.074 formT=2026.06.04 01:00 set=3046"
2765,JUNE0525-B162,1617DC1ACCE6B50ED2D1359582A70A8B8503C569623EE90C18C6B33542796207,Tester/logs/20261011.log,987492,2026-06-04,18:40,CQDRECHECK,"QF	0	00:09:04.445	Core 04	2026.06.04 18:40:00   [SRJ-EA] CQDRECHECK shift=2 passA=2.0 passB=2.0 diff=0 bar=2026.06.04 18:30 state=IDLE dir=NONE divLatch=0 hit1=0 hit2=611 mism=0"
2766,JUNE0525-B162,1617DC1ACCE6B50ED2D1359582A70A8B8503C569623EE90C18C6B33542796207,Tester/logs/20261011.log,987497,2026-06-04,18:45,B152PR,"PH	0	00:09:04.445	Core 04	2026.06.04 18:45:00   [SRJ-IND] B152PR sym=USDJPY bar=2026.06.04 18:40 z1=65,B,156.672,156.773,2026.05.11 04:10,1,2026.05.12 08:55,157.714,156.726"
2767,JUNE0525-B162,1617DC1ACCE6B50ED2D1359582A70A8B8503C569623EE90C18C6B33542796207,Tester/logs/20261011.log,987498,2026-06-04,18:45,B152PR,"HN	0	00:09:04.445	Core 04	2026.06.04 18:45:00   [SRJ-IND] B152PR sym=USDJPY bar=2026.06.04 18:40 z1=78,B,156.578,156.584,2026.05.11 00:35,1,2026.05.11 00:40,156.644,156.537"
2768,JUNE0525-B162,1617DC1ACCE6B50ED2D1359582A70A8B8503C569623EE90C18C6B33542796207,Tester/logs/20261011.log,987499,2026-06-04,18:45,B152PR,"RG	0	00:09:04.445	Core 04	2026.06.04 18:45:00   [SRJ-IND] B152PR sym=USDJPY bar=2026.06.04 18:40 z1=212,B,157.028,157.060,2026.05.11 19:20,1,2026.05.12 00:00,157.152,157.050"
2769,JUNE0525-B162,1617DC1ACCE6B50ED2D1359582A70A8B8503C569623EE90C18C6B33542796207,Tester/logs/20261011.log,987500,2026-06-04,18:45,B152PR,"FH	0	00:09:04.445	Core 04	2026.06.04 18:45:00   [SRJ-IND] B152PR sym=USDJPY bar=2026.06.04 18:40 z1=256,B,157.172,157.178,2026.05.12 01:25,1,2026.05.12 08:55,157.714,156.726"
2770,JUNE0525-B162,1617DC1ACCE6B50ED2D1359582A70A8B8503C569623EE90C18C6B33542796207,Tester/logs/20261011.log,987501,2026-06-04,18:45,B152PR,"PR	0	00:09:04.445	Core 04	2026.06.04 18:45:00   [SRJ-IND] B152PR sym=USDJPY bar=2026.06.04 18:40 z1=261,B,157.184,157.192,2026.05.12 03:00,1,2026.05.12 08:55,157.714,156.726"
2771,JUNE0525-B162,1617DC1ACCE6B50ED2D1359582A70A8B8503C569623EE90C18C6B33542796207,Tester/logs/20261011.log,987502,2026-06-04,18:45,B152PR,"HD	0	00:09:04.445	Core 04	2026.06.04 18:45:00   [SRJ-IND] B152PR sym=USDJPY bar=2026.06.04 18:40 z1=313,B,157.331,157.497,2026.05.12 10:00,1,2026.05.12 10:10,157.546,157.487"
2772,JUNE0525-B162,1617DC1ACCE6B50ED2D1359582A70A8B8503C569623EE90C18C6B33542796207,Tester/logs/20261011.log,987503,2026-06-04,18:45,B152PR,"QN	0	00:09:04.445	Core 04	2026.06.04 18:45:00   [SRJ-IND] B152PR sym=USDJPY bar=2026.06.04 18:40 z1=414,B,157.517,157.589,2026.05.13 01:10,1,2026.05.13 01:20,157.607,157.587"
2773,JUNE0525-B162,1617DC1ACCE6B50ED2D1359582A70A8B8503C569623EE90C18C6B33542796207,Tester/logs/20261011.log,987504,2026-06-04,18:45,B152PR,"RP	0	00:09:04.445	Core 04	2026.06.04 18:45:00   [SRJ-IND] B152PR sym=USDJPY bar=2026.06.04 18:40 z1=447,B,157.562,157.648,2026.05.13 06:20,1,2026.05.13 06:25,157.662,157.648"
2774,JUNE0525-B162,1617DC1ACCE6B50ED2D1359582A70A8B8503C569623EE90C18C6B33542796207,Tester/logs/20261011.log,987505,2026-06-04,18:45,B152PR,"MJ	0	00:09:04.445	Core 04	2026.06.04 18:45:00   [SRJ-IND] B152PR sym=USDJPY bar=2026.06.04 18:40 z1=449,B,157.599,157.654,2026.05.13 05:15,1,2026.05.13 05:45,157.687,157.652"
2775,JUNE0525-B162,1617DC1ACCE6B50ED2D1359582A70A8B8503C569623EE90C18C6B33542796207,Tester/logs/20261011.log,987506,2026-06-04,18:45,B152PR,"HL	0	00:09:04.445	Core 04	2026.06.04 18:45:00   [SRJ-IND] B152PR sym=USDJPY bar=2026.06.04 18:40 z1=460,B,157.645,157.660,2026.05.13 07:05,1,2026.05.14 00:25,157.812,157.650"
2776,JUNE0525-B162,1617DC1ACCE6B50ED2D1359582A70A8B8503C569623EE90C18C6B33542796207,Tester/logs/20261011.log,987507,2026-06-04,18:45,B152PR,"DF	0	00:09:04.445	Core 04	2026.06.04 18:45:00   [SRJ-IND] B152PR sym=USDJPY bar=2026.06.04 18:40 z1=696,B,157.568,158.167,2026.05.14 18:05,1,2026.05.14 18:10,158.191,158.119"
2777,JUNE0525-B162,1617DC1ACCE6B50ED2D1359582A70A8B8503C569623EE90C18C6B33542796207,Tester/logs/20261011.log,987508,2026-06-04,18:45,B152PR,"HK	0	00:09:04.445	Core 04	2026.06.04 18:45:00   [SRJ-IND] B152PR sym=USDJPY bar=2026.06.04 18:40 z1=714,B,158.107,158.142,2026.05.14 19:30,1,2026.05.14 20:00,158.169,158.142"
2778,JUNE0525-B162,1617DC1ACCE6B50ED2D1359582A70A8B8503C569623EE90C18C6B33542796207,Tester/logs/20261011.log,987509,2026-06-04,18:45,B152PR,"EM	0	00:09:04.445	Core 04	2026.06.04 18:45:00   [SRJ-IND] B152PR sym=USDJPY bar=2026.06.04 18:40 z1=724,B,158.168,158.186,2026.05.14 21:00,1,2026.05.14 21:05,158.191,158.182"
2779,JUNE0525-B162,1617DC1ACCE6B50ED2D1359582A70A8B8503C569623EE90C18C6B33542796207,Tester/logs/20261011.log,987510,2026-06-04,18:45,B152PR,"CD	0	00:09:04.445	Core 04	2026.06.04 18:45:00   [SRJ-IND] B152PR sym=USDJPY bar=2026.06.04 18:40 z1=1405,B,158.735,158.769,2026.05.20 19:00,1,2026.05.20 19:05,158.816,158.753"
2780,JUNE0525-B162,1617DC1ACCE6B50ED2D1359582A70A8B8503C569623EE90C18C6B33542796207,Tester/logs/20261011.log,987511,2026-06-04,18:45,B152PR,"QJ	0	00:09:04.445	Core 04	2026.06.04 18:45:00   [SRJ-IND] B152PR sym=USDJPY bar=2026.06.04 18:40 z1=1779,B,158.756,158.800,2026.05.25 06:45,1,2026.05.26 00:00,158.887,158.784"
2781,JUNE0525-B162,1617DC1ACCE6B50ED2D1359582A70A8B8503C569623EE90C18C6B33542796207,Tester/logs/20261011.log,987512,2026-06-04,18:45,B152PR,"LP	0	00:09:04.445	Core 04	2026.06.04 18:45:00   [SRJ-IND] B152PR sym=USDJPY bar=2026.06.04 18:40 z1=1780,B,158.789,158.814,2026.05.25 04:50,1,2026.05.26 00:00,158.887,158.784"
2782,JUNE0525-B162,1617DC1ACCE6B50ED2D1359582A70A8B8503C569623EE90C18C6B33542796207,Tester/logs/20261011.log,987513,2026-06-04,18:45,B152PR,"EF	0	00:09:04.445	Core 04	2026.06.04 18:45:00   [SRJ-IND] B152PR sym=USDJPY bar=2026.06.04 18:40 z1=1949,B,158.916,158.934,2026.05.26 07:25,1,2026.05.26 07:30,158.942,158.934"
2783,JUNE0525-B162,1617DC1ACCE6B50ED2D1359582A70A8B8503C569623EE90C18C6B33542796207,Tester/logs/20261011.log,987514,2026-06-04,18:45,B152PR,"LL	0	00:09:04.445	Core 04	2026.06.04 18:45:00   [SRJ-IND] B152PR sym=USDJPY bar=2026.06.04 18:40 z1=2509,B,159.134,159.195,2026.05.29 19:10,1,2026.05.29 19:35,159.215,159.186"
2784,JUNE0525-B162,1617DC1ACCE6B50ED2D1359582A70A8B8503C569623EE90C18C6B33542796207,Tester/logs/20261011.log,987515,2026-06-04,18:45,B152PR,"MR	0	00:09:04.445	Core 04	2026.06.04 18:45:00   [SRJ-IND] B152PR sym=USDJPY bar=2026.06.04 18:40 z1=2566,B,159.382,159.407,2026.06.01 03:15,1,2026.06.03 11:30,159.790,159.368"
2785,JUNE0525-B162,1617DC1ACCE6B50ED2D1359582A70A8B8503C569623EE90C18C6B33542796207,Tester/logs/20261011.log,987516,2026-06-04,18:45,B152PR,"CH	0	00:09:04.445	Core 04	2026.06.04 18:45:00   [SRJ-IND] B152PR sym=USDJPY bar=2026.06.04 18:40 z1=2648,B,159.435,159.481,2026.06.01 16:00,1,2026.06.03 11:30,159.790,159.368"
2786,JUNE0525-B162,1617DC1ACCE6B50ED2D1359582A70A8B8503C569623EE90C18C6B33542796207,Tester/logs/20261011.log,987517,2026-06-04,18:45,B152PR,"PN	0	00:09:04.445	Core 04	2026.06.04 18:45:00   [SRJ-IND] B152PR sym=USDJPY bar=2026.06.04 18:40 z1=2716,B,159.576,159.603,2026.06.02 03:10,1,2026.06.03 10:35,159.787,159.550"
2787,JUNE0525-B162,1617DC1ACCE6B50ED2D1359582A70A8B8503C569623EE90C18C6B33542796207,Tester/logs/20261011.log,987518,2026-06-04,18:45,B152PR,"JD	0	00:09:04.445	Core 04	2026.06.04 18:45:00   [SRJ-IND] B152PR sym=USDJPY bar=2026.06.04 18:40 z1=2720,B,159.586,159.605,2026.06.02 01:05,1,2026.06.03 10:35,159.787,159.550"
2788,JUNE0525-B162,1617DC1ACCE6B50ED2D1359582A70A8B8503C569623EE90C18C6B33542796207,Tester/logs/20261011.log,987519,2026-06-04,18:45,B152PR,"FJ	0	00:09:04.445	Core 04	2026.06.04 18:45:00   [SRJ-IND] B152PR sym=USDJPY bar=2026.06.04 18:40 z1=2945,B,159.579,159.675,2026.06.03 11:15,1,2026.06.03 11:25,159.727,159.674"
2789,JUNE0525-B162,1617DC1ACCE6B50ED2D1359582A70A8B8503C569623EE90C18C6B33542796207,Tester/logs/20261011.log,987520,2026-06-04,18:45,B152PR,"RQ	0	00:09:04.445	Core 04	2026.06.04 18:45:00   [SRJ-IND] B152PR sym=USDJPY bar=2026.06.04 18:40 z1=3046,S,159.994,160.074,2026.06.04 04:50,1,2026.06.04 17:55,160.002,159.960"
2790,JUNE0525-B162,1617DC1ACCE6B50ED2D1359582A70A8B8503C569623EE90C18C6B33542796207,Tester/logs/20261011.log,987521,2026-06-04,18:45,B152PR,"RF	0	00:09:04.445	Core 04	2026.06.04 18:45:00   [SRJ-IND] B152PR sym=USDJPY bar=2026.06.04 18:40 z1=3121,B,159.881,159.918,2026.06.04 17:00,1,2026.06.04 17:05,159.919,159.900"
2791,JUNE0525-B162,1617DC1ACCE6B50ED2D1359582A70A8B8503C569623EE90C18C6B33542796207,Tester/logs/20261011.log,987522,2026-06-04,18:45,B152PR,"IL	0	00:09:04.445	Core 04	2026.06.04 18:45:00   [SRJ-IND] B152PR sym=USDJPY bar=2026.06.04 18:40 z1=3150,B,159.820,159.853,2026.06.04 16:05,1,2026.06.04 16:15,159.889,159.852"
2792,JUNE0525-B162,1617DC1ACCE6B50ED2D1359582A70A8B8503C569623EE90C18C6B33542796207,Tester/logs/20261011.log,987523,2026-06-04,18:45,B152PR,"LP	0	00:09:04.445	Core 04	2026.06.04 18:45:00   [SRJ-IND] B152PR sym=USDJPY bar=2026.06.04 18:40 bull=1 bear=1 nz=26"
2793,JUNE0525-B162,1617DC1ACCE6B50ED2D1359582A70A8B8503C569623EE90C18C6B33542796207,Tester/logs/20261011.log,987524,2026-06-04,18:45,B162ORIGIN,"CO	0	00:09:04.445	Core 04	2026.06.04 18:45:00   [SRJ-IND] B162ORIGIN sym=USDJPY bar=2026.06.04 18:40 side=B n=25 origin=3150 range=159.820-159.853 formT=2026.06.04 15:50 set=65,78,212,256,261,313,414,447,449,460,696,714,724,1405,1779,1780,1949,2509,2566,2648,2716,2720,2945,3121,3150"
2794,JUNE0525-B162,1617DC1ACCE6B50ED2D1359582A70A8B8503C569623EE90C18C6B33542796207,Tester/logs/20261011.log,987525,2026-06-04,18:45,B162ORIGIN,"NJ	0	00:09:04.445	Core 04	2026.06.04 18:45:00   [SRJ-IND] B162ORIGIN sym=USDJPY bar=2026.06.04 18:40 side=S n=1 origin=3046 range=159.994-160.074 formT=2026.06.04 01:00 set=3046"
2795,JUNE0525-B162,1617DC1ACCE6B50ED2D1359582A70A8B8503C569623EE90C18C6B33542796207,Tester/logs/20261011.log,987530,2026-06-04,18:45,CQDRECHECK,"LL	0	00:09:04.445	Core 04	2026.06.04 18:45:00   [SRJ-EA] CQDRECHECK shift=2 passA=2.0 passB=2.0 diff=0 bar=2026.06.04 18:35 state=IDLE dir=NONE divLatch=0 hit1=0 hit2=612 mism=0"
2796,JUNE0525-B162,1617DC1ACCE6B50ED2D1359582A70A8B8503C569623EE90C18C6B33542796207,Tester/logs/20261011.log,987535,2026-06-04,18:50,B152PR,"KR	0	00:09:04.445	Core 04	2026.06.04 18:50:00   [SRJ-IND] B152PR sym=USDJPY bar=2026.06.04 18:45 z1=65,B,156.672,156.773,2026.05.11 04:10,1,2026.05.12 08:55,157.714,156.726"
2797,JUNE0525-B162,1617DC1ACCE6B50ED2D1359582A70A8B8503C569623EE90C18C6B33542796207,Tester/logs/20261011.log,987536,2026-06-04,18:50,B152PR,"KH	0	00:09:04.445	Core 04	2026.06.04 18:50:00   [SRJ-IND] B152PR sym=USDJPY bar=2026.06.04 18:45 z1=78,B,156.578,156.584,2026.05.11 00:35,1,2026.05.11 00:40,156.644,156.537"
2798,JUNE0525-B162,1617DC1ACCE6B50ED2D1359582A70A8B8503C569623EE90C18C6B33542796207,Tester/logs/20261011.log,987537,2026-06-04,18:50,B152PR,"MM	0	00:09:04.445	Core 04	2026.06.04 18:50:00   [SRJ-IND] B152PR sym=USDJPY bar=2026.06.04 18:45 z1=212,B,157.028,157.060,2026.05.11 19:20,1,2026.05.12 00:00,157.152,157.050"
2799,JUNE0525-B162,1617DC1ACCE6B50ED2D1359582A70A8B8503C569623EE90C18C6B33542796207,Tester/logs/20261011.log,987538,2026-06-04,18:50,B152PR,"QG	0	00:09:04.445	Core 04	2026.06.04 18:50:00   [SRJ-IND] B152PR sym=USDJPY bar=2026.06.04 18:45 z1=256,B,157.172,157.178,2026.05.12 01:25,1,2026.05.12 08:55,157.714,156.726"
2800,JUNE0525-B162,1617DC1ACCE6B50ED2D1359582A70A8B8503C569623EE90C18C6B33542796207,Tester/logs/20261011.log,987539,2026-06-04,18:50,B152PR,"CI	0	00:09:04.445	Core 04	2026.06.04 18:50:00   [SRJ-IND] B152PR sym=USDJPY bar=2026.06.04 18:45 z1=261,B,157.184,157.192,2026.05.12 03:00,1,2026.05.12 08:55,157.714,156.726"
2801,JUNE0525-B162,1617DC1ACCE6B50ED2D1359582A70A8B8503C569623EE90C18C6B33542796207,Tester/logs/20261011.log,987540,2026-06-04,18:50,B152PR,"CR	0	00:09:04.445	Core 04	2026.06.04 18:50:00   [SRJ-IND] B152PR sym=USDJPY bar=2026.06.04 18:45 z1=313,B,157.331,157.497,2026.05.12 10:00,1,2026.05.12 10:10,157.546,157.487"
2802,JUNE0525-B162,1617DC1ACCE6B50ED2D1359582A70A8B8503C569623EE90C18C6B33542796207,Tester/logs/20261011.log,987541,2026-06-04,18:50,B152PR,"ND	0	00:09:04.445	Core 04	2026.06.04 18:50:00   [SRJ-IND] B152PR sym=USDJPY bar=2026.06.04 18:45 z1=414,B,157.517,157.589,2026.05.13 01:10,1,2026.05.13 01:20,157.607,157.587"
2803,JUNE0525-B162,1617DC1ACCE6B50ED2D1359582A70A8B8503C569623EE90C18C6B33542796207,Tester/logs/20261011.log,987542,2026-06-04,18:50,B152PR,"EN	0	00:09:04.445	Core 04	2026.06.04 18:50:00   [SRJ-IND] B152PR sym=USDJPY bar=2026.06.04 18:45 z1=447,B,157.562,157.648,2026.05.13 06:20,1,2026.05.13 06:25,157.662,157.648"
2804,JUNE0525-B162,1617DC1ACCE6B50ED2D1359582A70A8B8503C569623EE90C18C6B33542796207,Tester/logs/20261011.log,987543,2026-06-04,18:50,B152PR,"JP	0	00:09:04.445	Core 04	2026.06.04 18:50:00   [SRJ-IND] B152PR sym=USDJPY bar=2026.06.04 18:45 z1=449,B,157.599,157.654,2026.05.13 05:15,1,2026.05.13 05:45,157.687,157.652"
2805,JUNE0525-B162,1617DC1ACCE6B50ED2D1359582A70A8B8503C569623EE90C18C6B33542796207,Tester/logs/20261011.log,987544,2026-06-04,18:50,B152PR,"CJ	0	00:09:04.445	Core 04	2026.06.04 18:50:00   [SRJ-IND] B152PR sym=USDJPY bar=2026.06.04 18:45 z1=460,B,157.645,157.660,2026.05.13 07:05,1,2026.05.14 00:25,157.812,157.650"
2806,JUNE0525-B162,1617DC1ACCE6B50ED2D1359582A70A8B8503C569623EE90C18C6B33542796207,Tester/logs/20261011.log,987545,2026-06-04,18:50,B152PR,"GL	0	00:09:04.445	Core 04	2026.06.04 18:50:00   [SRJ-IND] B152PR sym=USDJPY bar=2026.06.04 18:45 z1=696,B,157.568,158.167,2026.05.14 18:05,1,2026.05.14 18:10,158.191,158.119"
2807,JUNE0525-B162,1617DC1ACCE6B50ED2D1359582A70A8B8503C569623EE90C18C6B33542796207,Tester/logs/20261011.log,987546,2026-06-04,18:50,B152PR,"KF	0	00:09:04.445	Core 04	2026.06.04 18:50:00   [SRJ-IND] B152PR sym=USDJPY bar=2026.06.04 18:45 z1=714,B,158.107,158.142,2026.05.14 19:30,1,2026.05.14 20:00,158.169,158.142"
2808,JUNE0525-B162,1617DC1ACCE6B50ED2D1359582A70A8B8503C569623EE90C18C6B33542796207,Tester/logs/20261011.log,987547,2026-06-04,18:50,B152PR,"RH	0	00:09:04.445	Core 04	2026.06.04 18:50:00   [SRJ-IND] B152PR sym=USDJPY bar=2026.06.04 18:45 z1=724,B,158.168,158.186,2026.05.14 21:00,1,2026.05.14 21:05,158.191,158.182"
2809,JUNE0525-B162,1617DC1ACCE6B50ED2D1359582A70A8B8503C569623EE90C18C6B33542796207,Tester/logs/20261011.log,987548,2026-06-04,18:50,B152PR,"HN	0	00:09:04.445	Core 04	2026.06.04 18:50:00   [SRJ-IND] B152PR sym=USDJPY bar=2026.06.04 18:45 z1=1405,B,158.735,158.769,2026.05.20 19:00,1,2026.05.20 19:05,158.816,158.753"
2810,JUNE0525-B162,1617DC1ACCE6B50ED2D1359582A70A8B8503C569623EE90C18C6B33542796207,Tester/logs/20261011.log,987549,2026-06-04,18:50,B152PR,"ND	0	00:09:04.445	Core 04	2026.06.04 18:50:00   [SRJ-IND] B152PR sym=USDJPY bar=2026.06.04 18:45 z1=1779,B,158.756,158.800,2026.05.25 06:45,1,2026.05.26 00:00,158.887,158.784"
2811,JUNE0525-B162,1617DC1ACCE6B50ED2D1359582A70A8B8503C569623EE90C18C6B33542796207,Tester/logs/20261011.log,987550,2026-06-04,18:50,B152PR,"OJ	0	00:09:04.445	Core 04	2026.06.04 18:50:00   [SRJ-IND] B152PR sym=USDJPY bar=2026.06.04 18:45 z1=1780,B,158.789,158.814,2026.05.25 04:50,1,2026.05.26 00:00,158.887,158.784"
2812,JUNE0525-B162,1617DC1ACCE6B50ED2D1359582A70A8B8503C569623EE90C18C6B33542796207,Tester/logs/20261011.log,987551,2026-06-04,18:50,B152PR,"JP	0	00:09:04.445	Core 04	2026.06.04 18:50:00   [SRJ-IND] B152PR sym=USDJPY bar=2026.06.04 18:45 z1=1949,B,158.916,158.934,2026.05.26 07:25,1,2026.05.26 07:30,158.942,158.934"
2813,JUNE0525-B162,1617DC1ACCE6B50ED2D1359582A70A8B8503C569623EE90C18C6B33542796207,Tester/logs/20261011.log,987552,2026-06-04,18:50,B152PR,"OF	0	00:09:04.445	Core 04	2026.06.04 18:50:00   [SRJ-IND] B152PR sym=USDJPY bar=2026.06.04 18:45 z1=2509,B,159.134,159.195,2026.05.29 19:10,1,2026.05.29 19:35,159.215,159.186"
2814,JUNE0525-B162,1617DC1ACCE6B50ED2D1359582A70A8B8503C569623EE90C18C6B33542796207,Tester/logs/20261011.log,987553,2026-06-04,18:50,B152PR,"RL	0	00:09:04.445	Core 04	2026.06.04 18:50:00   [SRJ-IND] B152PR sym=USDJPY bar=2026.06.04 18:45 z1=2566,B,159.382,159.407,2026.06.01 03:15,1,2026.06.03 11:30,159.790,159.368"
2815,JUNE0525-B162,1617DC1ACCE6B50ED2D1359582A70A8B8503C569623EE90C18C6B33542796207,Tester/logs/20261011.log,987554,2026-06-04,18:50,B152PR,"HR	0	00:09:04.445	Core 04	2026.06.04 18:50:00   [SRJ-IND] B152PR sym=USDJPY bar=2026.06.04 18:45 z1=2648,B,159.435,159.481,2026.06.01 16:00,1,2026.06.03 11:30,159.790,159.368"
2816,JUNE0525-B162,1617DC1ACCE6B50ED2D1359582A70A8B8503C569623EE90C18C6B33542796207,Tester/logs/20261011.log,987555,2026-06-04,18:50,B152PR,"KH	0	00:09:04.445	Core 04	2026.06.04 18:50:00   [SRJ-IND] B152PR sym=USDJPY bar=2026.06.04 18:45 z1=2716,B,159.576,159.603,2026.06.02 03:10,1,2026.06.03 10:35,159.787,159.550"
2817,JUNE0525-B162,1617DC1ACCE6B50ED2D1359582A70A8B8503C569623EE90C18C6B33542796207,Tester/logs/20261011.log,987556,2026-06-04,18:50,B152PR,"EN	0	00:09:04.445	Core 04	2026.06.04 18:50:00   [SRJ-IND] B152PR sym=USDJPY bar=2026.06.04 18:45 z1=2720,B,159.586,159.605,2026.06.02 01:05,1,2026.06.03 10:35,159.787,159.550"
2818,JUNE0525-B162,1617DC1ACCE6B50ED2D1359582A70A8B8503C569623EE90C18C6B33542796207,Tester/logs/20261011.log,987557,2026-06-04,18:50,B152PR,"ID	0	00:09:04.445	Core 04	2026.06.04 18:50:00   [SRJ-IND] B152PR sym=USDJPY bar=2026.06.04 18:45 z1=2945,B,159.579,159.675,2026.06.03 11:15,1,2026.06.03 11:25,159.727,159.674"
2819,JUNE0525-B162,1617DC1ACCE6B50ED2D1359582A70A8B8503C569623EE90C18C6B33542796207,Tester/logs/20261011.log,987558,2026-06-04,18:50,B152PR,"MK	0	00:09:04.445	Core 04	2026.06.04 18:50:00   [SRJ-IND] B152PR sym=USDJPY bar=2026.06.04 18:45 z1=3046,S,159.994,160.074,2026.06.04 04:50,1,2026.06.04 17:55,160.002,159.960"
2820,JUNE0525-B162,1617DC1ACCE6B50ED2D1359582A70A8B8503C569623EE90C18C6B33542796207,Tester/logs/20261011.log,987559,2026-06-04,18:50,B152PR,"MP	0	00:09:04.445	Core 04	2026.06.04 18:50:00   [SRJ-IND] B152PR sym=USDJPY bar=2026.06.04 18:45 z1=3121,B,159.881,159.918,2026.06.04 17:00,1,2026.06.04 17:05,159.919,159.900"
2821,JUNE0525-B162,1617DC1ACCE6B50ED2D1359582A70A8B8503C569623EE90C18C6B33542796207,Tester/logs/20261011.log,987560,2026-06-04,18:50,B152PR,"FF	0	00:09:04.445	Core 04	2026.06.04 18:50:00   [SRJ-IND] B152PR sym=USDJPY bar=2026.06.04 18:45 z1=3150,B,159.820,159.853,2026.06.04 16:05,1,2026.06.04 16:15,159.889,159.852"
2822,JUNE0525-B162,1617DC1ACCE6B50ED2D1359582A70A8B8503C569623EE90C18C6B33542796207,Tester/logs/20261011.log,987561,2026-06-04,18:50,B152PR,"ON	0	00:09:04.445	Core 04	2026.06.04 18:50:00   [SRJ-IND] B152PR sym=USDJPY bar=2026.06.04 18:45 bull=1 bear=1 nz=26"
2823,JUNE0525-B162,1617DC1ACCE6B50ED2D1359582A70A8B8503C569623EE90C18C6B33542796207,Tester/logs/20261011.log,987562,2026-06-04,18:50,B162ORIGIN,"PQ	0	00:09:04.445	Core 04	2026.06.04 18:50:00   [SRJ-IND] B162ORIGIN sym=USDJPY bar=2026.06.04 18:45 side=B n=25 origin=3150 range=159.820-159.853 formT=2026.06.04 15:50 set=65,78,212,256,261,313,414,447,449,460,696,714,724,1405,1779,1780,1949,2509,2566,2648,2716,2720,2945,3121,3150"
2824,JUNE0525-B162,1617DC1ACCE6B50ED2D1359582A70A8B8503C569623EE90C18C6B33542796207,Tester/logs/20261011.log,987563,2026-06-04,18:50,B162ORIGIN,"QL	0	00:09:04.445	Core 04	2026.06.04 18:50:00   [SRJ-IND] B162ORIGIN sym=USDJPY bar=2026.06.04 18:45 side=S n=1 origin=3046 range=159.994-160.074 formT=2026.06.04 01:00 set=3046"
2825,JUNE0525-B162,1617DC1ACCE6B50ED2D1359582A70A8B8503C569623EE90C18C6B33542796207,Tester/logs/20261011.log,987567,2026-06-04,18:50,CQDRECHECK,"EJ	0	00:09:04.445	Core 04	2026.06.04 18:50:00   [SRJ-EA] CQDRECHECK shift=2 passA=-2.0 passB=-2.0 diff=0 bar=2026.06.04 18:40 state=IDLE dir=NONE divLatch=0 hit1=0 hit2=613 mism=0"
2826,JUNE0525-B162,1617DC1ACCE6B50ED2D1359582A70A8B8503C569623EE90C18C6B33542796207,Tester/logs/20261011.log,987572,2026-06-04,18:55,B152PR,"DO	0	00:09:04.445	Core 04	2026.06.04 18:55:00   [SRJ-IND] B152PR sym=USDJPY bar=2026.06.04 18:50 z1=65,B,156.672,156.773,2026.05.11 04:10,1,2026.05.12 08:55,157.714,156.726"
2827,JUNE0525-B162,1617DC1ACCE6B50ED2D1359582A70A8B8503C569623EE90C18C6B33542796207,Tester/logs/20261011.log,987573,2026-06-04,18:55,B152PR,"DE	0	00:09:04.445	Core 04	2026.06.04 18:55:00   [SRJ-IND] B152PR sym=USDJPY bar=2026.06.04 18:50 z1=78,B,156.578,156.584,2026.05.11 00:35,1,2026.05.11 00:40,156.644,156.537"
2828,JUNE0525-B162,1617DC1ACCE6B50ED2D1359582A70A8B8503C569623EE90C18C6B33542796207,Tester/logs/20261011.log,987574,2026-06-04,18:55,B152PR,"FK	0	00:09:04.445	Core 04	2026.06.04 18:55:00   [SRJ-IND] B152PR sym=USDJPY bar=2026.06.04 18:50 z1=212,B,157.028,157.060,2026.05.11 19:20,1,2026.05.12 00:00,157.152,157.050"
2829,JUNE0525-B162,1617DC1ACCE6B50ED2D1359582A70A8B8503C569623EE90C18C6B33542796207,Tester/logs/20261011.log,987575,2026-06-04,18:55,B152PR,"JM	0	00:09:04.445	Core 04	2026.06.04 18:55:00   [SRJ-IND] B152PR sym=USDJPY bar=2026.06.04 18:50 z1=256,B,157.172,157.178,2026.05.12 01:25,1,2026.05.12 08:55,157.714,156.726"
2830,JUNE0525-B162,1617DC1ACCE6B50ED2D1359582A70A8B8503C569623EE90C18C6B33542796207,Tester/logs/20261011.log,987576,2026-06-04,18:55,B152PR,"LG	0	00:09:04.445	Core 04	2026.06.04 18:55:00   [SRJ-IND] B152PR sym=USDJPY bar=2026.06.04 18:50 z1=261,B,157.184,157.192,2026.05.12 03:00,1,2026.05.12 08:55,157.714,156.726"
2831,JUNE0525-B162,1617DC1ACCE6B50ED2D1359582A70A8B8503C569623EE90C18C6B33542796207,Tester/logs/20261011.log,987577,2026-06-04,18:55,B152PR,"LI	0	00:09:04.445	Core 04	2026.06.04 18:55:00   [SRJ-IND] B152PR sym=USDJPY bar=2026.06.04 18:50 z1=313,B,157.331,157.497,2026.05.12 10:00,1,2026.05.12 10:10,157.546,157.487"
2832,JUNE0525-B162,1617DC1ACCE6B50ED2D1359582A70A8B8503C569623EE90C18C6B33542796207,Tester/logs/20261011.log,987578,2026-06-04,18:55,B152PR,"ES	0	00:09:04.445	Core 04	2026.06.04 18:55:00   [SRJ-IND] B152PR sym=USDJPY bar=2026.06.04 18:50 z1=414,B,157.517,157.589,2026.05.13 01:10,1,2026.05.13 01:20,157.607,157.587"
2833,JUNE0525-B162,1617DC1ACCE6B50ED2D1359582A70A8B8503C569623EE90C18C6B33542796207,Tester/logs/20261011.log,987579,2026-06-04,18:55,B152PR,"NE	0	00:09:04.445	Core 04	2026.06.04 18:55:00   [SRJ-IND] B152PR sym=USDJPY bar=2026.06.04 18:50 z1=447,B,157.562,157.648,2026.05.13 06:20,1,2026.05.13 06:25,157.662,157.648"
2834,JUNE0525-B162,1617DC1ACCE6B50ED2D1359582A70A8B8503C569623EE90C18C6B33542796207,Tester/logs/20261011.log,987580,2026-06-04,18:55,B152PR,"QO	0	00:09:04.445	Core 04	2026.06.04 18:55:00   [SRJ-IND] B152PR sym=USDJPY bar=2026.06.04 18:50 z1=449,B,157.599,157.654,2026.05.13 05:15,1,2026.05.13 05:45,157.687,157.652"
2835,JUNE0525-B162,1617DC1ACCE6B50ED2D1359582A70A8B8503C569623EE90C18C6B33542796207,Tester/logs/20261011.log,987581,2026-06-04,18:55,B152PR,"LP	0	00:09:04.445	Core 04	2026.06.04 18:55:00   [SRJ-IND] B152PR sym=USDJPY bar=2026.06.04 18:50 z1=460,B,157.645,157.660,2026.05.13 07:05,1,2026.05.14 00:25,157.812,157.650"
2836,JUNE0525-B162,1617DC1ACCE6B50ED2D1359582A70A8B8503C569623EE90C18C6B33542796207,Tester/logs/20261011.log,987582,2026-06-04,18:55,B152PR,"PJ	0	00:09:04.445	Core 04	2026.06.04 18:55:00   [SRJ-IND] B152PR sym=USDJPY bar=2026.06.04 18:50 z1=696,B,157.568,158.167,2026.05.14 18:05,1,2026.05.14 18:10,158.191,158.119"
2837,JUNE0525-B162,1617DC1ACCE6B50ED2D1359582A70A8B8503C569623EE90C18C6B33542796207,Tester/logs/20261011.log,987583,2026-06-04,18:55,B152PR,"DL	0	00:09:04.445	Core 04	2026.06.04 18:55:00   [SRJ-IND] B152PR sym=USDJPY bar=2026.06.04 18:50 z1=714,B,158.107,158.142,2026.05.14 19:30,1,2026.05.14 20:00,158.169,158.142"
2838,JUNE0525-B162,1617DC1ACCE6B50ED2D1359582A70A8B8503C569623EE90C18C6B33542796207,Tester/logs/20261011.log,987584,2026-06-04,18:55,B152PR,"IF	0	00:09:04.445	Core 04	2026.06.04 18:55:00   [SRJ-IND] B152PR sym=USDJPY bar=2026.06.04 18:50 z1=724,B,158.168,158.186,2026.05.14 21:00,1,2026.05.14 21:05,158.191,158.182"
2839,JUNE0525-B162,1617DC1ACCE6B50ED2D1359582A70A8B8503C569623EE90C18C6B33542796207,Tester/logs/20261011.log,987585,2026-06-04,18:55,B152PR,"OK	0	00:09:04.445	Core 04	2026.06.04 18:55:00   [SRJ-IND] B152PR sym=USDJPY bar=2026.06.04 18:50 z1=1405,B,158.735,158.769,2026.05.20 19:00,1,2026.05.20 19:05,158.816,158.753"
2840,JUNE0525-B162,1617DC1ACCE6B50ED2D1359582A70A8B8503C569623EE90C18C6B33542796207,Tester/logs/20261011.log,987586,2026-06-04,18:55,B152PR,"EQ	0	00:09:04.445	Core 04	2026.06.04 18:55:00   [SRJ-IND] B152PR sym=USDJPY bar=2026.06.04 18:50 z1=1779,B,158.756,158.800,2026.05.25 06:45,1,2026.05.26 00:00,158.887,158.784"
2841,JUNE0525-B162,1617DC1ACCE6B50ED2D1359582A70A8B8503C569623EE90C18C6B33542796207,Tester/logs/20261011.log,987587,2026-06-04,18:55,B152PR,"HG	0	00:09:04.445	Core 04	2026.06.04 18:55:00   [SRJ-IND] B152PR sym=USDJPY bar=2026.06.04 18:50 z1=1780,B,158.789,158.814,2026.05.25 04:50,1,2026.05.26 00:00,158.887,158.784"
2842,JUNE0525-B162,1617DC1ACCE6B50ED2D1359582A70A8B8503C569623EE90C18C6B33542796207,Tester/logs/20261011.log,987588,2026-06-04,18:55,B152PR,"QM	0	00:09:04.445	Core 04	2026.06.04 18:55:00   [SRJ-IND] B152PR sym=USDJPY bar=2026.06.04 18:50 z1=1949,B,158.916,158.934,2026.05.26 07:25,1,2026.05.26 07:30,158.942,158.934"
2843,JUNE0525-B162,1617DC1ACCE6B50ED2D1359582A70A8B8503C569623EE90C18C6B33542796207,Tester/logs/20261011.log,987589,2026-06-04,18:55,B152PR,"HS	0	00:09:04.445	Core 04	2026.06.04 18:55:00   [SRJ-IND] B152PR sym=USDJPY bar=2026.06.04 18:50 z1=2509,B,159.134,159.195,2026.05.29 19:10,1,2026.05.29 19:35,159.215,159.186"
2844,JUNE0525-B162,1617DC1ACCE6B50ED2D1359582A70A8B8503C569623EE90C18C6B33542796207,Tester/logs/20261011.log,987590,2026-06-04,18:55,B152PR,"II	0	00:09:04.445	Core 04	2026.06.04 18:55:00   [SRJ-IND] B152PR sym=USDJPY bar=2026.06.04 18:50 z1=2566,B,159.382,159.407,2026.06.01 03:15,1,2026.06.03 11:30,159.790,159.368"
2845,JUNE0525-B162,1617DC1ACCE6B50ED2D1359582A70A8B8503C569623EE90C18C6B33542796207,Tester/logs/20261011.log,987591,2026-06-04,18:55,B152PR,"OO	0	00:09:04.445	Core 04	2026.06.04 18:55:00   [SRJ-IND] B152PR sym=USDJPY bar=2026.06.04 18:50 z1=2648,B,159.435,159.481,2026.06.01 16:00,1,2026.06.03 11:30,159.790,159.368"
2846,JUNE0525-B162,1617DC1ACCE6B50ED2D1359582A70A8B8503C569623EE90C18C6B33542796207,Tester/logs/20261011.log,987592,2026-06-04,18:55,B152PR,"DE	0	00:09:04.445	Core 04	2026.06.04 18:55:00   [SRJ-IND] B152PR sym=USDJPY bar=2026.06.04 18:50 z1=2716,B,159.576,159.603,2026.06.02 03:10,1,2026.06.03 10:35,159.787,159.550"
2847,JUNE0525-B162,1617DC1ACCE6B50ED2D1359582A70A8B8503C569623EE90C18C6B33542796207,Tester/logs/20261011.log,987593,2026-06-04,18:55,B152PR,"NK	0	00:09:04.445	Core 04	2026.06.04 18:55:00   [SRJ-IND] B152PR sym=USDJPY bar=2026.06.04 18:50 z1=2720,B,159.586,159.605,2026.06.02 01:05,1,2026.06.03 10:35,159.787,159.550"
2848,JUNE0525-B162,1617DC1ACCE6B50ED2D1359582A70A8B8503C569623EE90C18C6B33542796207,Tester/logs/20261011.log,987594,2026-06-04,18:55,B152PR,"RQ	0	00:09:04.445	Core 04	2026.06.04 18:55:00   [SRJ-IND] B152PR sym=USDJPY bar=2026.06.04 18:50 z1=2945,B,159.579,159.675,2026.06.03 11:15,1,2026.06.03 11:25,159.727,159.674"
2849,JUNE0525-B162,1617DC1ACCE6B50ED2D1359582A70A8B8503C569623EE90C18C6B33542796207,Tester/logs/20261011.log,987595,2026-06-04,18:55,B152PR,"FF	0	00:09:04.445	Core 04	2026.06.04 18:55:00   [SRJ-IND] B152PR sym=USDJPY bar=2026.06.04 18:50 z1=3046,S,159.994,160.074,2026.06.04 04:50,1,2026.06.04 17:55,160.002,159.960"
2850,JUNE0525-B162,1617DC1ACCE6B50ED2D1359582A70A8B8503C569623EE90C18C6B33542796207,Tester/logs/20261011.log,987596,2026-06-04,18:55,B152PR,"FM	0	00:09:04.445	Core 04	2026.06.04 18:55:00   [SRJ-IND] B152PR sym=USDJPY bar=2026.06.04 18:50 z1=3121,B,159.881,159.918,2026.06.04 17:00,1,2026.06.04 17:05,159.919,159.900"
2851,JUNE0525-B162,1617DC1ACCE6B50ED2D1359582A70A8B8503C569623EE90C18C6B33542796207,Tester/logs/20261011.log,987597,2026-06-04,18:55,B152PR,"MS	0	00:09:04.445	Core 04	2026.06.04 18:55:00   [SRJ-IND] B152PR sym=USDJPY bar=2026.06.04 18:50 z1=3150,B,159.820,159.853,2026.06.04 16:05,1,2026.06.04 16:15,159.889,159.852"
2852,JUNE0525-B162,1617DC1ACCE6B50ED2D1359582A70A8B8503C569623EE90C18C6B33542796207,Tester/logs/20261011.log,987598,2026-06-04,18:55,B152PR,"HK	0	00:09:04.445	Core 04	2026.06.04 18:55:00   [SRJ-IND] B152PR sym=USDJPY bar=2026.06.04 18:50 bull=1 bear=1 nz=26"
2853,JUNE0525-B162,1617DC1ACCE6B50ED2D1359582A70A8B8503C569623EE90C18C6B33542796207,Tester/logs/20261011.log,987599,2026-06-04,18:55,B162ORIGIN,"GJ	0	00:09:04.445	Core 04	2026.06.04 18:55:00   [SRJ-IND] B162ORIGIN sym=USDJPY bar=2026.06.04 18:50 side=B n=25 origin=3150 range=159.820-159.853 formT=2026.06.04 15:50 set=65,78,212,256,261,313,414,447,449,460,696,714,724,1405,1779,1780,1949,2509,2566,2648,2716,2720,2945,3121,3150"
2854,JUNE0525-B162,1617DC1ACCE6B50ED2D1359582A70A8B8503C569623EE90C18C6B33542796207,Tester/logs/20261011.log,987600,2026-06-04,18:55,B162ORIGIN,"JF	0	00:09:04.445	Core 04	2026.06.04 18:55:00   [SRJ-IND] B162ORIGIN sym=USDJPY bar=2026.06.04 18:50 side=S n=1 origin=3046 range=159.994-160.074 formT=2026.06.04 01:00 set=3046"
2855,JUNE0525-B162,1617DC1ACCE6B50ED2D1359582A70A8B8503C569623EE90C18C6B33542796207,Tester/logs/20261011.log,987609,2026-06-04,19:00,B152PR,"JM	0	00:09:04.445	Core 04	2026.06.04 19:00:00   [SRJ-IND] B152PR sym=USDJPY bar=2026.06.04 18:55 z1=65,B,156.672,156.773,2026.05.11 04:10,1,2026.05.12 08:55,157.714,156.726"
2856,JUNE0525-B162,1617DC1ACCE6B50ED2D1359582A70A8B8503C569623EE90C18C6B33542796207,Tester/logs/20261011.log,987610,2026-06-04,19:00,B152PR,"JS	0	00:09:04.445	Core 04	2026.06.04 19:00:00   [SRJ-IND] B152PR sym=USDJPY bar=2026.06.04 18:55 z1=78,B,156.578,156.584,2026.05.11 00:35,1,2026.05.11 00:40,156.644,156.537"
2857,JUNE0525-B162,1617DC1ACCE6B50ED2D1359582A70A8B8503C569623EE90C18C6B33542796207,Tester/logs/20261011.log,987611,2026-06-04,19:00,B152PR,"HE	0	00:09:04.445	Core 04	2026.06.04 19:00:00   [SRJ-IND] B152PR sym=USDJPY bar=2026.06.04 18:55 z1=212,B,157.028,157.060,2026.05.11 19:20,1,2026.05.12 00:00,157.152,157.050"
2858,JUNE0525-B162,1617DC1ACCE6B50ED2D1359582A70A8B8503C569623EE90C18C6B33542796207,Tester/logs/20261011.log,987612,2026-06-04,19:00,B152PR,"HO	0	00:09:04.445	Core 04	2026.06.04 19:00:00   [SRJ-IND] B152PR sym=USDJPY bar=2026.06.04 18:55 z1=256,B,157.172,157.178,2026.05.12 01:25,1,2026.05.12 08:55,157.714,156.726"
2859,JUNE0525-B162,1617DC1ACCE6B50ED2D1359582A70A8B8503C569623EE90C18C6B33542796207,Tester/logs/20261011.log,987613,2026-06-04,19:00,B152PR,"RQ	0	00:09:04.445	Core 04	2026.06.04 19:00:00   [SRJ-IND] B152PR sym=USDJPY bar=2026.06.04 18:55 z1=261,B,157.184,157.192,2026.05.12 03:00,1,2026.05.12 08:55,157.714,156.726"
2860,JUNE0525-B162,1617DC1ACCE6B50ED2D1359582A70A8B8503C569623EE90C18C6B33542796207,Tester/logs/20261011.log,987614,2026-06-04,19:00,B152PR,"FK	0	00:09:04.445	Core 04	2026.06.04 19:00:00   [SRJ-IND] B152PR sym=USDJPY bar=2026.06.04 18:55 z1=313,B,157.331,157.497,2026.05.12 10:00,1,2026.05.12 10:10,157.546,157.487"
2861,JUNE0525-B162,1617DC1ACCE6B50ED2D1359582A70A8B8503C569623EE90C18C6B33542796207,Tester/logs/20261011.log,987615,2026-06-04,19:00,B152PR,"GM	0	00:09:04.445	Core 04	2026.06.04 19:00:00   [SRJ-IND] B152PR sym=USDJPY bar=2026.06.04 18:55 z1=414,B,157.517,157.589,2026.05.13 01:10,1,2026.05.13 01:20,157.607,157.587"
2862,JUNE0525-B162,1617DC1ACCE6B50ED2D1359582A70A8B8503C569623EE90C18C6B33542796207,Tester/logs/20261011.log,987616,2026-06-04,19:00,B152PR,"LG	0	00:09:04.445	Core 04	2026.06.04 19:00:00   [SRJ-IND] B152PR sym=USDJPY bar=2026.06.04 18:55 z1=447,B,157.562,157.648,2026.05.13 06:20,1,2026.05.13 06:25,157.662,157.648"
2863,JUNE0525-B162,1617DC1ACCE6B50ED2D1359582A70A8B8503C569623EE90C18C6B33542796207,Tester/logs/20261011.log,987617,2026-06-04,19:00,B152PR,"KI	0	00:09:04.445	Core 04	2026.06.04 19:00:00   [SRJ-IND] B152PR sym=USDJPY bar=2026.06.04 18:55 z1=449,B,157.599,157.654,2026.05.13 05:15,1,2026.05.13 05:45,157.687,157.652"
2864,JUNE0525-B162,1617DC1ACCE6B50ED2D1359582A70A8B8503C569623EE90C18C6B33542796207,Tester/logs/20261011.log,987618,2026-06-04,19:00,B152PR,"FS	0	00:09:04.445	Core 04	2026.06.04 19:00:00   [SRJ-IND] B152PR sym=USDJPY bar=2026.06.04 18:55 z1=460,B,157.645,157.660,2026.05.13 07:05,1,2026.05.14 00:25,157.812,157.650"
2865,JUNE0525-B162,1617DC1ACCE6B50ED2D1359582A70A8B8503C569623EE90C18C6B33542796207,Tester/logs/20261011.log,987619,2026-06-04,19:00,B152PR,"ND	0	00:09:04.445	Core 04	2026.06.04 19:00:00   [SRJ-IND] B152PR sym=USDJPY bar=2026.06.04 18:55 z1=696,B,157.568,158.167,2026.05.14 18:05,1,2026.05.14 18:10,158.191,158.119"
2866,JUNE0525-B162,1617DC1ACCE6B50ED2D1359582A70A8B8503C569623EE90C18C6B33542796207,Tester/logs/20261011.log,987620,2026-06-04,19:00,B152PR,"FN	0	00:09:04.445	Core 04	2026.06.04 19:00:00   [SRJ-IND] B152PR sym=USDJPY bar=2026.06.04 18:55 z1=714,B,158.107,158.142,2026.05.14 19:30,1,2026.05.14 20:00,158.169,158.142"
2867,JUNE0525-B162,1617DC1ACCE6B50ED2D1359582A70A8B8503C569623EE90C18C6B33542796207,Tester/logs/20261011.log,987621,2026-06-04,19:00,B152PR,"CP	0	00:09:04.445	Core 04	2026.06.04 19:00:00   [SRJ-IND] B152PR sym=USDJPY bar=2026.06.04 18:55 z1=724,B,158.168,158.186,2026.05.14 21:00,1,2026.05.14 21:05,158.191,158.182"
2868,JUNE0525-B162,1617DC1ACCE6B50ED2D1359582A70A8B8503C569623EE90C18C6B33542796207,Tester/logs/20261011.log,987622,2026-06-04,19:00,B152PR,"II	0	00:09:04.445	Core 04	2026.06.04 19:00:00   [SRJ-IND] B152PR sym=USDJPY bar=2026.06.04 18:55 z1=1405,B,158.735,158.769,2026.05.20 19:00,1,2026.05.20 19:05,158.816,158.753"
2869,JUNE0525-B162,1617DC1ACCE6B50ED2D1359582A70A8B8503C569623EE90C18C6B33542796207,Tester/logs/20261011.log,987623,2026-06-04,19:00,B152PR,"KO	0	00:09:04.445	Core 04	2026.06.04 19:00:00   [SRJ-IND] B152PR sym=USDJPY bar=2026.06.04 18:55 z1=1779,B,158.756,158.800,2026.05.25 06:45,1,2026.05.26 00:00,158.887,158.784"
2870,JUNE0525-B162,1617DC1ACCE6B50ED2D1359582A70A8B8503C569623EE90C18C6B33542796207,Tester/logs/20261011.log,987624,2026-06-04,19:00,B152PR,"RE	0	00:09:04.445	Core 04	2026.06.04 19:00:00   [SRJ-IND] B152PR sym=USDJPY bar=2026.06.04 18:55 z1=1780,B,158.789,158.814,2026.05.25 04:50,1,2026.05.26 00:00,158.887,158.784"
2871,JUNE0525-B162,1617DC1ACCE6B50ED2D1359582A70A8B8503C569623EE90C18C6B33542796207,Tester/logs/20261011.log,987625,2026-06-04,19:00,B152PR,"GK	0	00:09:04.445	Core 04	2026.06.04 19:00:00   [SRJ-IND] B152PR sym=USDJPY bar=2026.06.04 18:55 z1=1949,B,158.916,158.934,2026.05.26 07:25,1,2026.05.26 07:30,158.942,158.934"
2872,JUNE0525-B162,1617DC1ACCE6B50ED2D1359582A70A8B8503C569623EE90C18C6B33542796207,Tester/logs/20261011.log,987626,2026-06-04,19:00,B152PR,"RQ	0	00:09:04.445	Core 04	2026.06.04 19:00:00   [SRJ-IND] B152PR sym=USDJPY bar=2026.06.04 18:55 z1=2509,B,159.134,159.195,2026.05.29 19:10,1,2026.05.29 19:35,159.215,159.186"
2873,JUNE0525-B162,1617DC1ACCE6B50ED2D1359582A70A8B8503C569623EE90C18C6B33542796207,Tester/logs/20261011.log,987627,2026-06-04,19:00,B152PR,"OG	0	00:09:04.445	Core 04	2026.06.04 19:00:00   [SRJ-IND] B152PR sym=USDJPY bar=2026.06.04 18:55 z1=2566,B,159.382,159.407,2026.06.01 03:15,1,2026.06.03 11:30,159.790,159.368"
2874,JUNE0525-B162,1617DC1ACCE6B50ED2D1359582A70A8B8503C569623EE90C18C6B33542796207,Tester/logs/20261011.log,987628,2026-06-04,19:00,B152PR,"IM	0	00:09:04.445	Core 04	2026.06.04 19:00:00   [SRJ-IND] B152PR sym=USDJPY bar=2026.06.04 18:55 z1=2648,B,159.435,159.481,2026.06.01 16:00,1,2026.06.03 11:30,159.790,159.368"
2875,JUNE0525-B162,1617DC1ACCE6B50ED2D1359582A70A8B8503C569623EE90C18C6B33542796207,Tester/logs/20261011.log,987629,2026-06-04,19:00,B152PR,"NS	0	00:09:04.445	Core 04	2026.06.04 19:00:00   [SRJ-IND] B152PR sym=USDJPY bar=2026.06.04 18:55 z1=2716,B,159.576,159.603,2026.06.02 03:10,1,2026.06.03 10:35,159.787,159.550"
2876,JUNE0525-B162,1617DC1ACCE6B50ED2D1359582A70A8B8503C569623EE90C18C6B33542796207,Tester/logs/20261011.log,987630,2026-06-04,19:00,B152PR,"DI	0	00:09:04.445	Core 04	2026.06.04 19:00:00   [SRJ-IND] B152PR sym=USDJPY bar=2026.06.04 18:55 z1=2720,B,159.586,159.605,2026.06.02 01:05,1,2026.06.03 10:35,159.787,159.550"
2877,JUNE0525-B162,1617DC1ACCE6B50ED2D1359582A70A8B8503C569623EE90C18C6B33542796207,Tester/logs/20261011.log,987631,2026-06-04,19:00,B152PR,"HO	0	00:09:04.445	Core 04	2026.06.04 19:00:00   [SRJ-IND] B152PR sym=USDJPY bar=2026.06.04 18:55 z1=2945,B,159.579,159.675,2026.06.03 11:15,1,2026.06.03 11:25,159.727,159.674"
2878,JUNE0525-B162,1617DC1ACCE6B50ED2D1359582A70A8B8503C569623EE90C18C6B33542796207,Tester/logs/20261011.log,987632,2026-06-04,19:00,B152PR,"LD	0	00:09:04.445	Core 04	2026.06.04 19:00:00   [SRJ-IND] B152PR sym=USDJPY bar=2026.06.04 18:55 z1=3046,S,159.994,160.074,2026.06.04 04:50,1,2026.06.04 17:55,160.002,159.960"
2879,JUNE0525-B162,1617DC1ACCE6B50ED2D1359582A70A8B8503C569623EE90C18C6B33542796207,Tester/logs/20261011.log,987633,2026-06-04,19:00,B152PR,"LK	0	00:09:04.445	Core 04	2026.06.04 19:00:00   [SRJ-IND] B152PR sym=USDJPY bar=2026.06.04 18:55 z1=3121,B,159.881,159.918,2026.06.04 17:00,1,2026.06.04 17:05,159.919,159.900"
2880,JUNE0525-B162,1617DC1ACCE6B50ED2D1359582A70A8B8503C569623EE90C18C6B33542796207,Tester/logs/20261011.log,987634,2026-06-04,19:00,B152PR,"CQ	0	00:09:04.445	Core 04	2026.06.04 19:00:00   [SRJ-IND] B152PR sym=USDJPY bar=2026.06.04 18:55 z1=3150,B,159.820,159.853,2026.06.04 16:05,1,2026.06.04 16:15,159.889,159.852"
2881,JUNE0525-B162,1617DC1ACCE6B50ED2D1359582A70A8B8503C569623EE90C18C6B33542796207,Tester/logs/20261011.log,987635,2026-06-04,19:00,B152PR,"RE	0	00:09:04.445	Core 04	2026.06.04 19:00:00   [SRJ-IND] B152PR sym=USDJPY bar=2026.06.04 18:55 bull=1 bear=1 nz=26"
2882,JUNE0525-B162,1617DC1ACCE6B50ED2D1359582A70A8B8503C569623EE90C18C6B33542796207,Tester/logs/20261011.log,987636,2026-06-04,19:00,B162ORIGIN,"IH	0	00:09:04.445	Core 04	2026.06.04 19:00:00   [SRJ-IND] B162ORIGIN sym=USDJPY bar=2026.06.04 18:55 side=B n=25 origin=3150 range=159.820-159.853 formT=2026.06.04 15:50 set=65,78,212,256,261,313,414,447,449,460,696,714,724,1405,1779,1780,1949,2509,2566,2648,2716,2720,2945,3121,3150"
2883,JUNE0525-B162,1617DC1ACCE6B50ED2D1359582A70A8B8503C569623EE90C18C6B33542796207,Tester/logs/20261011.log,987637,2026-06-04,19:00,B162ORIGIN,"DD	0	00:09:04.445	Core 04	2026.06.04 19:00:00   [SRJ-IND] B162ORIGIN sym=USDJPY bar=2026.06.04 18:55 side=S n=1 origin=3046 range=159.994-160.074 formT=2026.06.04 01:00 set=3046"
2884,JUNE0525-B162,1617DC1ACCE6B50ED2D1359582A70A8B8503C569623EE90C18C6B33542796207,Tester/logs/20261011.log,987643,2026-06-04,19:00,CQDRECHECK,"OH	0	00:09:10.550	Core 04	2026.06.04 19:00:00   [SRJ-EA] CQDRECHECK shift=2 passA=1.0 passB=1.0 diff=0 bar=2026.06.04 18:50 state=IDLE dir=NONE divLatch=0 hit1=0 hit2=614 mism=0"
