pack_line,run,ea_sha,journal_file,journal_line,server_date,server_time,tag,raw
1,JUNE0525-B162,1617DC1ACCE6B50ED2D1359582A70A8B8503C569623EE90C18C6B33542796207,Tester/logs/20261011.log,967630,2026-06-03,09:00,B152PR,"CM	0	00:08:46.113	Core 04	2026.06.03 09:00:00   [SRJ-IND] B152PR sym=USDJPY bar=2026.06.03 08:55 z1=65,B,156.672,156.773,2026.05.11 04:10,1,2026.05.12 08:55,157.714,156.726"
2,JUNE0525-B162,1617DC1ACCE6B50ED2D1359582A70A8B8503C569623EE90C18C6B33542796207,Tester/logs/20261011.log,967631,2026-06-03,09:00,B152PR,"KP	0	00:08:46.113	Core 04	2026.06.03 09:00:00   [SRJ-IND] B152PR sym=USDJPY bar=2026.06.03 08:55 z1=78,B,156.578,156.584,2026.05.11 00:35,1,2026.05.11 00:40,156.644,156.537"
3,JUNE0525-B162,1617DC1ACCE6B50ED2D1359582A70A8B8503C569623EE90C18C6B33542796207,Tester/logs/20261011.log,967632,2026-06-03,09:00,B152PR,"EE	0	00:08:46.113	Core 04	2026.06.03 09:00:00   [SRJ-IND] B152PR sym=USDJPY bar=2026.06.03 08:55 z1=212,B,157.028,157.060,2026.05.11 19:20,1,2026.05.12 00:00,157.152,157.050"
4,JUNE0525-B162,1617DC1ACCE6B50ED2D1359582A70A8B8503C569623EE90C18C6B33542796207,Tester/logs/20261011.log,967633,2026-06-03,09:00,B152PR,"QO	0	00:08:46.113	Core 04	2026.06.03 09:00:00   [SRJ-IND] B152PR sym=USDJPY bar=2026.06.03 08:55 z1=256,B,157.172,157.178,2026.05.12 01:25,1,2026.05.12 08:55,157.714,156.726"
5,JUNE0525-B162,1617DC1ACCE6B50ED2D1359582A70A8B8503C569623EE90C18C6B33542796207,Tester/logs/20261011.log,967634,2026-06-03,09:00,B152PR,"CQ	0	00:08:46.113	Core 04	2026.06.03 09:00:00   [SRJ-IND] B152PR sym=USDJPY bar=2026.06.03 08:55 z1=261,B,157.184,157.192,2026.05.12 03:00,1,2026.05.12 08:55,157.714,156.726"
6,JUNE0525-B162,1617DC1ACCE6B50ED2D1359582A70A8B8503C569623EE90C18C6B33542796207,Tester/logs/20261011.log,967635,2026-06-03,09:00,B152PR,"KK	0	00:08:46.113	Core 04	2026.06.03 09:00:00   [SRJ-IND] B152PR sym=USDJPY bar=2026.06.03 08:55 z1=313,B,157.331,157.497,2026.05.12 10:00,1,2026.05.12 10:10,157.546,157.487"
7,JUNE0525-B162,1617DC1ACCE6B50ED2D1359582A70A8B8503C569623EE90C18C6B33542796207,Tester/logs/20261011.log,967636,2026-06-03,09:00,B152PR,"FM	0	00:08:46.113	Core 04	2026.06.03 09:00:00   [SRJ-IND] B152PR sym=USDJPY bar=2026.06.03 08:55 z1=414,B,157.517,157.589,2026.05.13 01:10,1,2026.05.13 01:20,157.607,157.587"
8,JUNE0525-B162,1617DC1ACCE6B50ED2D1359582A70A8B8503C569623EE90C18C6B33542796207,Tester/logs/20261011.log,967637,2026-06-03,09:00,B152PR,"EF	0	00:08:46.113	Core 04	2026.06.03 09:00:00   [SRJ-IND] B152PR sym=USDJPY bar=2026.06.03 08:55 z1=447,B,157.562,157.648,2026.05.13 06:20,1,2026.05.13 06:25,157.662,157.648"
9,JUNE0525-B162,1617DC1ACCE6B50ED2D1359582A70A8B8503C569623EE90C18C6B33542796207,Tester/logs/20261011.log,967638,2026-06-03,09:00,B152PR,"JH	0	00:08:46.113	Core 04	2026.06.03 09:00:00   [SRJ-IND] B152PR sym=USDJPY bar=2026.06.03 08:55 z1=449,B,157.599,157.654,2026.05.13 05:15,1,2026.05.13 05:45,157.687,157.652"
10,JUNE0525-B162,1617DC1ACCE6B50ED2D1359582A70A8B8503C569623EE90C18C6B33542796207,Tester/logs/20261011.log,967639,2026-06-03,09:00,B152PR,"KR	0	00:08:46.113	Core 04	2026.06.03 09:00:00   [SRJ-IND] B152PR sym=USDJPY bar=2026.06.03 08:55 z1=460,B,157.645,157.660,2026.05.13 07:05,1,2026.05.14 00:25,157.812,157.650"
11,JUNE0525-B162,1617DC1ACCE6B50ED2D1359582A70A8B8503C569623EE90C18C6B33542796207,Tester/logs/20261011.log,967640,2026-06-03,09:00,B152PR,"OD	0	00:08:46.113	Core 04	2026.06.03 09:00:00   [SRJ-IND] B152PR sym=USDJPY bar=2026.06.03 08:55 z1=696,B,157.568,158.167,2026.05.14 18:05,1,2026.05.14 18:10,158.191,158.119"
12,JUNE0525-B162,1617DC1ACCE6B50ED2D1359582A70A8B8503C569623EE90C18C6B33542796207,Tester/logs/20261011.log,967641,2026-06-03,09:00,B152PR,"KN	0	00:08:46.113	Core 04	2026.06.03 09:00:00   [SRJ-IND] B152PR sym=USDJPY bar=2026.06.03 08:55 z1=714,B,158.107,158.142,2026.05.14 19:30,1,2026.05.14 20:00,158.169,158.142"
13,JUNE0525-B162,1617DC1ACCE6B50ED2D1359582A70A8B8503C569623EE90C18C6B33542796207,Tester/logs/20261011.log,967642,2026-06-03,09:00,B152PR,"RP	0	00:08:46.113	Core 04	2026.06.03 09:00:00   [SRJ-IND] B152PR sym=USDJPY bar=2026.06.03 08:55 z1=724,B,158.168,158.186,2026.05.14 21:00,1,2026.05.14 21:05,158.191,158.182"
14,JUNE0525-B162,1617DC1ACCE6B50ED2D1359582A70A8B8503C569623EE90C18C6B33542796207,Tester/logs/20261011.log,967643,2026-06-03,09:00,B152PR,"PI	0	00:08:46.113	Core 04	2026.06.03 09:00:00   [SRJ-IND] B152PR sym=USDJPY bar=2026.06.03 08:55 z1=1405,B,158.735,158.769,2026.05.20 19:00,1,2026.05.20 19:05,158.816,158.753"
15,JUNE0525-B162,1617DC1ACCE6B50ED2D1359582A70A8B8503C569623EE90C18C6B33542796207,Tester/logs/20261011.log,967644,2026-06-03,09:00,B152PR,"FO	0	00:08:46.113	Core 04	2026.06.03 09:00:00   [SRJ-IND] B152PR sym=USDJPY bar=2026.06.03 08:55 z1=1779,B,158.756,158.800,2026.05.25 06:45,1,2026.05.26 00:00,158.887,158.784"
16,JUNE0525-B162,1617DC1ACCE6B50ED2D1359582A70A8B8503C569623EE90C18C6B33542796207,Tester/logs/20261011.log,967645,2026-06-03,09:00,B152PR,"GE	0	00:08:46.113	Core 04	2026.06.03 09:00:00   [SRJ-IND] B152PR sym=USDJPY bar=2026.06.03 08:55 z1=1780,B,158.789,158.814,2026.05.25 04:50,1,2026.05.26 00:00,158.887,158.784"
17,JUNE0525-B162,1617DC1ACCE6B50ED2D1359582A70A8B8503C569623EE90C18C6B33542796207,Tester/logs/20261011.log,967646,2026-06-03,09:00,B152PR,"RK	0	00:08:46.113	Core 04	2026.06.03 09:00:00   [SRJ-IND] B152PR sym=USDJPY bar=2026.06.03 08:55 z1=1949,B,158.916,158.934,2026.05.26 07:25,1,2026.05.26 07:30,158.942,158.934"
18,JUNE0525-B162,1617DC1ACCE6B50ED2D1359582A70A8B8503C569623EE90C18C6B33542796207,Tester/logs/20261011.log,967647,2026-06-03,09:00,B152PR,"GQ	0	00:08:46.113	Core 04	2026.06.03 09:00:00   [SRJ-IND] B152PR sym=USDJPY bar=2026.06.03 08:55 z1=2509,B,159.134,159.195,2026.05.29 19:10,1,2026.05.29 19:35,159.215,159.186"
19,JUNE0525-B162,1617DC1ACCE6B50ED2D1359582A70A8B8503C569623EE90C18C6B33542796207,Tester/logs/20261011.log,967648,2026-06-03,09:00,B152PR,"JG	0	00:08:46.113	Core 04	2026.06.03 09:00:00   [SRJ-IND] B152PR sym=USDJPY bar=2026.06.03 08:55 z1=2820,B,159.792,159.823,2026.06.02 17:10,1,2026.06.02 17:40,159.832,159.810"
20,JUNE0525-B162,1617DC1ACCE6B50ED2D1359582A70A8B8503C569623EE90C18C6B33542796207,Tester/logs/20261011.log,967649,2026-06-03,09:00,B152PR,"LO	0	00:08:46.113	Core 04	2026.06.03 09:00:00   [SRJ-IND] B152PR sym=USDJPY bar=2026.06.03 08:55 bull=1 bear=0 nz=19"
21,JUNE0525-B162,1617DC1ACCE6B50ED2D1359582A70A8B8503C569623EE90C18C6B33542796207,Tester/logs/20261011.log,967650,2026-06-03,09:00,B162ORIGIN,"EG	0	00:08:46.113	Core 04	2026.06.03 09:00:00   [SRJ-IND] B162ORIGIN sym=USDJPY bar=2026.06.03 08:55 side=B n=19 origin=2820 range=159.792-159.823 formT=2026.06.02 16:55 set=65,78,212,256,261,313,414,447,449,460,696,714,724,1405,1779,1780,1949,2509,2820"
22,JUNE0525-B162,1617DC1ACCE6B50ED2D1359582A70A8B8503C569623EE90C18C6B33542796207,Tester/logs/20261011.log,967651,2026-06-03,09:00,B162ORIGIN,"NG	0	00:08:46.113	Core 04	2026.06.03 09:00:00   [SRJ-IND] B162ORIGIN sym=USDJPY bar=2026.06.03 08:55 side=S n=0 origin=NONE range=- formT=- set=-"
23,JUNE0525-B162,1617DC1ACCE6B50ED2D1359582A70A8B8503C569623EE90C18C6B33542796207,Tester/logs/20261011.log,967658,2026-06-03,09:05,B152PR,"QM	0	00:08:52.229	Core 04	2026.06.03 09:05:05   [SRJ-IND] B152PR sym=USDJPY bar=2026.06.03 09:00 z1=65,B,156.672,156.773,2026.05.11 04:10,1,2026.05.12 08:55,157.714,156.726"
24,JUNE0525-B162,1617DC1ACCE6B50ED2D1359582A70A8B8503C569623EE90C18C6B33542796207,Tester/logs/20261011.log,967659,2026-06-03,09:05,B152PR,"IP	0	00:08:52.229	Core 04	2026.06.03 09:05:05   [SRJ-IND] B152PR sym=USDJPY bar=2026.06.03 09:00 z1=78,B,156.578,156.584,2026.05.11 00:35,1,2026.05.11 00:40,156.644,156.537"
25,JUNE0525-B162,1617DC1ACCE6B50ED2D1359582A70A8B8503C569623EE90C18C6B33542796207,Tester/logs/20261011.log,967660,2026-06-03,09:05,B152PR,"OE	0	00:08:52.229	Core 04	2026.06.03 09:05:05   [SRJ-IND] B152PR sym=USDJPY bar=2026.06.03 09:00 z1=212,B,157.028,157.060,2026.05.11 19:20,1,2026.05.12 00:00,157.152,157.050"
26,JUNE0525-B162,1617DC1ACCE6B50ED2D1359582A70A8B8503C569623EE90C18C6B33542796207,Tester/logs/20261011.log,967661,2026-06-03,09:05,B152PR,"CO	0	00:08:52.229	Core 04	2026.06.03 09:05:05   [SRJ-IND] B152PR sym=USDJPY bar=2026.06.03 09:00 z1=256,B,157.172,157.178,2026.05.12 01:25,1,2026.05.12 08:55,157.714,156.726"
27,JUNE0525-B162,1617DC1ACCE6B50ED2D1359582A70A8B8503C569623EE90C18C6B33542796207,Tester/logs/20261011.log,967662,2026-06-03,09:05,B152PR,"QQ	0	00:08:52.229	Core 04	2026.06.03 09:05:05   [SRJ-IND] B152PR sym=USDJPY bar=2026.06.03 09:00 z1=261,B,157.184,157.192,2026.05.12 03:00,1,2026.05.12 08:55,157.714,156.726"
28,JUNE0525-B162,1617DC1ACCE6B50ED2D1359582A70A8B8503C569623EE90C18C6B33542796207,Tester/logs/20261011.log,967663,2026-06-03,09:05,B152PR,"IK	0	00:08:52.229	Core 04	2026.06.03 09:05:05   [SRJ-IND] B152PR sym=USDJPY bar=2026.06.03 09:00 z1=313,B,157.331,157.497,2026.05.12 10:00,1,2026.05.12 10:10,157.546,157.487"
29,JUNE0525-B162,1617DC1ACCE6B50ED2D1359582A70A8B8503C569623EE90C18C6B33542796207,Tester/logs/20261011.log,967664,2026-06-03,09:05,B152PR,"PM	0	00:08:52.229	Core 04	2026.06.03 09:05:05   [SRJ-IND] B152PR sym=USDJPY bar=2026.06.03 09:00 z1=414,B,157.517,157.589,2026.05.13 01:10,1,2026.05.13 01:20,157.607,157.587"
30,JUNE0525-B162,1617DC1ACCE6B50ED2D1359582A70A8B8503C569623EE90C18C6B33542796207,Tester/logs/20261011.log,967665,2026-06-03,09:05,B152PR,"OF	0	00:08:52.229	Core 04	2026.06.03 09:05:05   [SRJ-IND] B152PR sym=USDJPY bar=2026.06.03 09:00 z1=447,B,157.562,157.648,2026.05.13 06:20,1,2026.05.13 06:25,157.662,157.648"
31,JUNE0525-B162,1617DC1ACCE6B50ED2D1359582A70A8B8503C569623EE90C18C6B33542796207,Tester/logs/20261011.log,967666,2026-06-03,09:05,B152PR,"LH	0	00:08:52.229	Core 04	2026.06.03 09:05:05   [SRJ-IND] B152PR sym=USDJPY bar=2026.06.03 09:00 z1=449,B,157.599,157.654,2026.05.13 05:15,1,2026.05.13 05:45,157.687,157.652"
32,JUNE0525-B162,1617DC1ACCE6B50ED2D1359582A70A8B8503C569623EE90C18C6B33542796207,Tester/logs/20261011.log,967667,2026-06-03,09:05,B152PR,"IR	0	00:08:52.229	Core 04	2026.06.03 09:05:05   [SRJ-IND] B152PR sym=USDJPY bar=2026.06.03 09:00 z1=460,B,157.645,157.660,2026.05.13 07:05,1,2026.05.14 00:25,157.812,157.650"
33,JUNE0525-B162,1617DC1ACCE6B50ED2D1359582A70A8B8503C569623EE90C18C6B33542796207,Tester/logs/20261011.log,967668,2026-06-03,09:05,B152PR,"ED	0	00:08:52.229	Core 04	2026.06.03 09:05:05   [SRJ-IND] B152PR sym=USDJPY bar=2026.06.03 09:00 z1=696,B,157.568,158.167,2026.05.14 18:05,1,2026.05.14 18:10,158.191,158.119"
34,JUNE0525-B162,1617DC1ACCE6B50ED2D1359582A70A8B8503C569623EE90C18C6B33542796207,Tester/logs/20261011.log,967669,2026-06-03,09:05,B152PR,"IN	0	00:08:52.229	Core 04	2026.06.03 09:05:05   [SRJ-IND] B152PR sym=USDJPY bar=2026.06.03 09:00 z1=714,B,158.107,158.142,2026.05.14 19:30,1,2026.05.14 20:00,158.169,158.142"
35,JUNE0525-B162,1617DC1ACCE6B50ED2D1359582A70A8B8503C569623EE90C18C6B33542796207,Tester/logs/20261011.log,967670,2026-06-03,09:05,B152PR,"DP	0	00:08:52.229	Core 04	2026.06.03 09:05:05   [SRJ-IND] B152PR sym=USDJPY bar=2026.06.03 09:00 z1=724,B,158.168,158.186,2026.05.14 21:00,1,2026.05.14 21:05,158.191,158.182"
36,JUNE0525-B162,1617DC1ACCE6B50ED2D1359582A70A8B8503C569623EE90C18C6B33542796207,Tester/logs/20261011.log,967671,2026-06-03,09:05,B152PR,"FI	0	00:08:52.229	Core 04	2026.06.03 09:05:05   [SRJ-IND] B152PR sym=USDJPY bar=2026.06.03 09:00 z1=1405,B,158.735,158.769,2026.05.20 19:00,1,2026.05.20 19:05,158.816,158.753"
37,JUNE0525-B162,1617DC1ACCE6B50ED2D1359582A70A8B8503C569623EE90C18C6B33542796207,Tester/logs/20261011.log,967672,2026-06-03,09:05,B152PR,"PO	0	00:08:52.229	Core 04	2026.06.03 09:05:05   [SRJ-IND] B152PR sym=USDJPY bar=2026.06.03 09:00 z1=1779,B,158.756,158.800,2026.05.25 06:45,1,2026.05.26 00:00,158.887,158.784"
38,JUNE0525-B162,1617DC1ACCE6B50ED2D1359582A70A8B8503C569623EE90C18C6B33542796207,Tester/logs/20261011.log,967673,2026-06-03,09:05,B152PR,"ME	0	00:08:52.229	Core 04	2026.06.03 09:05:05   [SRJ-IND] B152PR sym=USDJPY bar=2026.06.03 09:00 z1=1780,B,158.789,158.814,2026.05.25 04:50,1,2026.05.26 00:00,158.887,158.784"
39,JUNE0525-B162,1617DC1ACCE6B50ED2D1359582A70A8B8503C569623EE90C18C6B33542796207,Tester/logs/20261011.log,967674,2026-06-03,09:05,B152PR,"DK	0	00:08:52.229	Core 04	2026.06.03 09:05:05   [SRJ-IND] B152PR sym=USDJPY bar=2026.06.03 09:00 z1=1949,B,158.916,158.934,2026.05.26 07:25,1,2026.05.26 07:30,158.942,158.934"
40,JUNE0525-B162,1617DC1ACCE6B50ED2D1359582A70A8B8503C569623EE90C18C6B33542796207,Tester/logs/20261011.log,967675,2026-06-03,09:05,B152PR,"MQ	0	00:08:52.229	Core 04	2026.06.03 09:05:05   [SRJ-IND] B152PR sym=USDJPY bar=2026.06.03 09:00 z1=2509,B,159.134,159.195,2026.05.29 19:10,1,2026.05.29 19:35,159.215,159.186"
41,JUNE0525-B162,1617DC1ACCE6B50ED2D1359582A70A8B8503C569623EE90C18C6B33542796207,Tester/logs/20261011.log,967676,2026-06-03,09:05,B152PR,"LG	0	00:08:52.229	Core 04	2026.06.03 09:05:05   [SRJ-IND] B152PR sym=USDJPY bar=2026.06.03 09:00 z1=2820,B,159.792,159.823,2026.06.02 17:10,1,2026.06.02 17:40,159.832,159.810"
42,JUNE0525-B162,1617DC1ACCE6B50ED2D1359582A70A8B8503C569623EE90C18C6B33542796207,Tester/logs/20261011.log,967677,2026-06-03,09:05,B152PR,"NM	0	00:08:52.229	Core 04	2026.06.03 09:05:05   [SRJ-IND] B152PR sym=USDJPY bar=2026.06.03 09:00 z1=2928,B,159.894,159.912,2026.06.03 08:50,1,2026.06.03 09:00,159.927,159.905"
43,JUNE0525-B162,1617DC1ACCE6B50ED2D1359582A70A8B8503C569623EE90C18C6B33542796207,Tester/logs/20261011.log,967678,2026-06-03,09:05,B152PR,"PQ	0	00:08:52.229	Core 04	2026.06.03 09:05:05   [SRJ-IND] B152PR sym=USDJPY bar=2026.06.03 09:00 bull=1 bear=0 nz=20"
44,JUNE0525-B162,1617DC1ACCE6B50ED2D1359582A70A8B8503C569623EE90C18C6B33542796207,Tester/logs/20261011.log,967679,2026-06-03,09:05,B162ORIGIN,"HO	0	00:08:52.229	Core 04	2026.06.03 09:05:05   [SRJ-IND] B162ORIGIN sym=USDJPY bar=2026.06.03 09:00 side=B n=20 origin=2928 range=159.894-159.912 formT=2026.06.03 08:30 set=65,78,212,256,261,313,414,447,449,460,696,714,724,1405,1779,1780,1949,2509,2820,2928"
45,JUNE0525-B162,1617DC1ACCE6B50ED2D1359582A70A8B8503C569623EE90C18C6B33542796207,Tester/logs/20261011.log,967680,2026-06-03,09:05,B162ORIGIN,"RL	0	00:08:52.229	Core 04	2026.06.03 09:05:05   [SRJ-IND] B162ORIGIN sym=USDJPY bar=2026.06.03 09:00 side=S n=0 origin=NONE range=- formT=- set=-"
46,JUNE0525-B162,1617DC1ACCE6B50ED2D1359582A70A8B8503C569623EE90C18C6B33542796207,Tester/logs/20261011.log,967685,2026-06-03,09:05,CQDRECHECK,"OL	0	00:08:52.229	Core 04	2026.06.03 09:05:05   [SRJ-EA] CQDRECHECK shift=2 passA=-2.0 passB=-2.0 diff=0 bar=2026.06.03 08:55 state=IDLE dir=NONE divLatch=0 hit1=0 hit2=510 mism=0"
47,JUNE0525-B162,1617DC1ACCE6B50ED2D1359582A70A8B8503C569623EE90C18C6B33542796207,Tester/logs/20261011.log,967690,2026-06-03,09:05,CONFIRMPOLL,"MO	0	00:08:52.229	Core 04	2026.06.03 09:05:05   [SRJ-EA] CONFIRMPOLL bar=2026.06.03 09:00 anchor=Daily-VWAP dir=LONG oppCandle=0 bodyDir=0 body=17pts doji=0 touchAttr=0 confirm=0 shadow=true"
48,JUNE0525-B162,1617DC1ACCE6B50ED2D1359582A70A8B8503C569623EE90C18C6B33542796207,Tester/logs/20261011.log,967692,2026-06-03,09:05,STATE,"FR	0	00:08:52.229	Core 04	2026.06.03 09:05:05   [SRJ-EA] 2026.06.03 09:05:05 STATE IDLE->S1_REGIME dir=LONG poi=Daily-VWAP"
49,JUNE0525-B162,1617DC1ACCE6B50ED2D1359582A70A8B8503C569623EE90C18C6B33542796207,Tester/logs/20261011.log,967693,2026-06-03,09:05,ANCHOR_ELECT,"DL	0	00:08:52.229	Core 04	2026.06.03 09:05:05   [SRJ-EA] ANCHOR_ELECT bar=2026.06.03 09:00 action=SEED poi=Daily-VWAP rank=11 tier=5 dir=LONG"
50,JUNE0525-B162,1617DC1ACCE6B50ED2D1359582A70A8B8503C569623EE90C18C6B33542796207,Tester/logs/20261011.log,967702,2026-06-03,09:05,STATE,"JM	0	00:08:52.229	Core 04	2026.06.03 09:05:05   [SRJ-EA] 2026.06.03 09:05:05 STATE S1_REGIME->S2_LTF_ALIGN dir=LONG poi=Daily-VWAP"
51,JUNE0525-B162,1617DC1ACCE6B50ED2D1359582A70A8B8503C569623EE90C18C6B33542796207,Tester/logs/20261011.log,967703,2026-06-03,09:05,STATE,"IP	0	00:08:52.229	Core 04	2026.06.03 09:05:05   [SRJ-EA] 2026.06.03 09:05:05 STATE S2_LTF_ALIGN->S3_ZONE_WAIT dir=LONG poi=Daily-VWAP"
52,JUNE0525-B162,1617DC1ACCE6B50ED2D1359582A70A8B8503C569623EE90C18C6B33542796207,Tester/logs/20261011.log,967707,2026-06-03,09:05,XOBPROMO,"FR	0	00:08:52.229	Core 04	2026.06.03 09:05:05   [SRJ-EA] XOBPROMO bar=2026.06.03 09:00 site=S3PICK xobId=2930 raw=1780477200.0 promoT=2026.06.03 09:00"
53,JUNE0525-B162,1617DC1ACCE6B50ED2D1359582A70A8B8503C569623EE90C18C6B33542796207,Tester/logs/20261011.log,967708,2026-06-03,09:05,ZONEPICK,"HE	0	00:08:52.229	Core 04	2026.06.03 09:05:05   [SRJ-EA] ZONEPICK bar=2026.06.03 09:00 dir=LONG haveFvg=0 fvgInPlay=0 haveXob=1 xobInPlay=1 downgraded=0 fvg=--- xob=159.906-159.913"
54,JUNE0525-B162,1617DC1ACCE6B50ED2D1359582A70A8B8503C569623EE90C18C6B33542796207,Tester/logs/20261011.log,967723,2026-06-03,09:05,INPLAYCOMMIT,"NL	0	00:08:52.229	Core 04	2026.06.03 09:05:05   [SRJ-EA] INPLAYCOMMIT bar=2026.06.03 09:00 dir=LONG zoneSrc=XOB zoneLo=159.906 zoneHi=159.913 promoT=2026.06.03 09:00 applied=1 bounded=1 scanned=2 swings=1 hits=0 firstShift=-1 firstVal=- commitVia=BAR legacy=1 legacyVia=BAR committed=1 changed=0 haveStop=1"
55,JUNE0525-B162,1617DC1ACCE6B50ED2D1359582A70A8B8503C569623EE90C18C6B33542796207,Tester/logs/20261011.log,967724,2026-06-03,09:05,STATE,"PH	0	00:08:52.229	Core 04	2026.06.03 09:05:05   [SRJ-EA] 2026.06.03 09:05:05 STATE S3_ZONE_WAIT->S4_ARMED dir=LONG poi=Daily-VWAP"
56,JUNE0525-B162,1617DC1ACCE6B50ED2D1359582A70A8B8503C569623EE90C18C6B33542796207,Tester/logs/20261011.log,967735,2026-06-03,09:10,B152PR,"IH	0	00:08:52.229	Core 04	2026.06.03 09:10:00   [SRJ-IND] B152PR sym=USDJPY bar=2026.06.03 09:05 z1=65,B,156.672,156.773,2026.05.11 04:10,1,2026.05.12 08:55,157.714,156.726"
57,JUNE0525-B162,1617DC1ACCE6B50ED2D1359582A70A8B8503C569623EE90C18C6B33542796207,Tester/logs/20261011.log,967736,2026-06-03,09:10,B152PR,"IN	0	00:08:52.229	Core 04	2026.06.03 09:10:00   [SRJ-IND] B152PR sym=USDJPY bar=2026.06.03 09:05 z1=78,B,156.578,156.584,2026.05.11 00:35,1,2026.05.11 00:40,156.644,156.537"
58,JUNE0525-B162,1617DC1ACCE6B50ED2D1359582A70A8B8503C569623EE90C18C6B33542796207,Tester/logs/20261011.log,967737,2026-06-03,09:10,B152PR,"GG	0	00:08:52.229	Core 04	2026.06.03 09:10:00   [SRJ-IND] B152PR sym=USDJPY bar=2026.06.03 09:05 z1=212,B,157.028,157.060,2026.05.11 19:20,1,2026.05.12 00:00,157.152,157.050"
59,JUNE0525-B162,1617DC1ACCE6B50ED2D1359582A70A8B8503C569623EE90C18C6B33542796207,Tester/logs/20261011.log,967738,2026-06-03,09:10,B152PR,"CI	0	00:08:52.229	Core 04	2026.06.03 09:10:00   [SRJ-IND] B152PR sym=USDJPY bar=2026.06.03 09:05 z1=256,B,157.172,157.178,2026.05.12 01:25,1,2026.05.12 08:55,157.714,156.726"
60,JUNE0525-B162,1617DC1ACCE6B50ED2D1359582A70A8B8503C569623EE90C18C6B33542796207,Tester/logs/20261011.log,967739,2026-06-03,09:10,B152PR,"QS	0	00:08:52.229	Core 04	2026.06.03 09:10:00   [SRJ-IND] B152PR sym=USDJPY bar=2026.06.03 09:05 z1=261,B,157.184,157.192,2026.05.12 03:00,1,2026.05.12 08:55,157.714,156.726"
61,JUNE0525-B162,1617DC1ACCE6B50ED2D1359582A70A8B8503C569623EE90C18C6B33542796207,Tester/logs/20261011.log,967740,2026-06-03,09:10,B152PR,"QD	0	00:08:52.229	Core 04	2026.06.03 09:10:00   [SRJ-IND] B152PR sym=USDJPY bar=2026.06.03 09:05 z1=313,B,157.331,157.497,2026.05.12 10:00,1,2026.05.12 10:10,157.546,157.487"
62,JUNE0525-B162,1617DC1ACCE6B50ED2D1359582A70A8B8503C569623EE90C18C6B33542796207,Tester/logs/20261011.log,967741,2026-06-03,09:10,B152PR,"HN	0	00:08:52.229	Core 04	2026.06.03 09:10:00   [SRJ-IND] B152PR sym=USDJPY bar=2026.06.03 09:05 z1=414,B,157.517,157.589,2026.05.13 01:10,1,2026.05.13 01:20,157.607,157.587"
63,JUNE0525-B162,1617DC1ACCE6B50ED2D1359582A70A8B8503C569623EE90C18C6B33542796207,Tester/logs/20261011.log,967742,2026-06-03,09:10,B152PR,"OP	0	00:08:52.229	Core 04	2026.06.03 09:10:00   [SRJ-IND] B152PR sym=USDJPY bar=2026.06.03 09:05 z1=447,B,157.562,157.648,2026.05.13 06:20,1,2026.05.13 06:25,157.662,157.648"
64,JUNE0525-B162,1617DC1ACCE6B50ED2D1359582A70A8B8503C569623EE90C18C6B33542796207,Tester/logs/20261011.log,967743,2026-06-03,09:10,B152PR,"LJ	0	00:08:52.229	Core 04	2026.06.03 09:10:00   [SRJ-IND] B152PR sym=USDJPY bar=2026.06.03 09:05 z1=449,B,157.599,157.654,2026.05.13 05:15,1,2026.05.13 05:45,157.687,157.652"
65,JUNE0525-B162,1617DC1ACCE6B50ED2D1359582A70A8B8503C569623EE90C18C6B33542796207,Tester/logs/20261011.log,967744,2026-06-03,09:10,B152PR,"QL	0	00:08:52.229	Core 04	2026.06.03 09:10:00   [SRJ-IND] B152PR sym=USDJPY bar=2026.06.03 09:05 z1=460,B,157.645,157.660,2026.05.13 07:05,1,2026.05.14 00:25,157.812,157.650"
66,JUNE0525-B162,1617DC1ACCE6B50ED2D1359582A70A8B8503C569623EE90C18C6B33542796207,Tester/logs/20261011.log,967745,2026-06-03,09:10,B152PR,"MF	0	00:08:52.229	Core 04	2026.06.03 09:10:00   [SRJ-IND] B152PR sym=USDJPY bar=2026.06.03 09:05 z1=696,B,157.568,158.167,2026.05.14 18:05,1,2026.05.14 18:10,158.191,158.119"
67,JUNE0525-B162,1617DC1ACCE6B50ED2D1359582A70A8B8503C569623EE90C18C6B33542796207,Tester/logs/20261011.log,967746,2026-06-03,09:10,B152PR,"IH	0	00:08:52.229	Core 04	2026.06.03 09:10:00   [SRJ-IND] B152PR sym=USDJPY bar=2026.06.03 09:05 z1=714,B,158.107,158.142,2026.05.14 19:30,1,2026.05.14 20:00,158.169,158.142"
68,JUNE0525-B162,1617DC1ACCE6B50ED2D1359582A70A8B8503C569623EE90C18C6B33542796207,Tester/logs/20261011.log,967747,2026-06-03,09:10,B152PR,"DR	0	00:08:52.229	Core 04	2026.06.03 09:10:00   [SRJ-IND] B152PR sym=USDJPY bar=2026.06.03 09:05 z1=724,B,158.168,158.186,2026.05.14 21:00,1,2026.05.14 21:05,158.191,158.182"
69,JUNE0525-B162,1617DC1ACCE6B50ED2D1359582A70A8B8503C569623EE90C18C6B33542796207,Tester/logs/20261011.log,967748,2026-06-03,09:10,B152PR,"ND	0	00:08:52.229	Core 04	2026.06.03 09:10:00   [SRJ-IND] B152PR sym=USDJPY bar=2026.06.03 09:05 z1=1405,B,158.735,158.769,2026.05.20 19:00,1,2026.05.20 19:05,158.816,158.753"
70,JUNE0525-B162,1617DC1ACCE6B50ED2D1359582A70A8B8503C569623EE90C18C6B33542796207,Tester/logs/20261011.log,967749,2026-06-03,09:10,B152PR,"HJ	0	00:08:52.229	Core 04	2026.06.03 09:10:00   [SRJ-IND] B152PR sym=USDJPY bar=2026.06.03 09:05 z1=1779,B,158.756,158.800,2026.05.25 06:45,1,2026.05.26 00:00,158.887,158.784"
71,JUNE0525-B162,1617DC1ACCE6B50ED2D1359582A70A8B8503C569623EE90C18C6B33542796207,Tester/logs/20261011.log,967750,2026-06-03,09:10,B152PR,"EP	0	00:08:52.229	Core 04	2026.06.03 09:10:00   [SRJ-IND] B152PR sym=USDJPY bar=2026.06.03 09:05 z1=1780,B,158.789,158.814,2026.05.25 04:50,1,2026.05.26 00:00,158.887,158.784"
72,JUNE0525-B162,1617DC1ACCE6B50ED2D1359582A70A8B8503C569623EE90C18C6B33542796207,Tester/logs/20261011.log,967751,2026-06-03,09:10,B152PR,"LF	0	00:08:52.229	Core 04	2026.06.03 09:10:00   [SRJ-IND] B152PR sym=USDJPY bar=2026.06.03 09:05 z1=1949,B,158.916,158.934,2026.05.26 07:25,1,2026.05.26 07:30,158.942,158.934"
73,JUNE0525-B162,1617DC1ACCE6B50ED2D1359582A70A8B8503C569623EE90C18C6B33542796207,Tester/logs/20261011.log,967752,2026-06-03,09:10,B152PR,"EL	0	00:08:52.229	Core 04	2026.06.03 09:10:00   [SRJ-IND] B152PR sym=USDJPY bar=2026.06.03 09:05 z1=2509,B,159.134,159.195,2026.05.29 19:10,1,2026.05.29 19:35,159.215,159.186"
74,JUNE0525-B162,1617DC1ACCE6B50ED2D1359582A70A8B8503C569623EE90C18C6B33542796207,Tester/logs/20261011.log,967753,2026-06-03,09:10,B152PR,"DR	0	00:08:52.229	Core 04	2026.06.03 09:10:00   [SRJ-IND] B152PR sym=USDJPY bar=2026.06.03 09:05 z1=2820,B,159.792,159.823,2026.06.02 17:10,1,2026.06.02 17:40,159.832,159.810"
75,JUNE0525-B162,1617DC1ACCE6B50ED2D1359582A70A8B8503C569623EE90C18C6B33542796207,Tester/logs/20261011.log,967754,2026-06-03,09:10,B152PR,"FH	0	00:08:52.229	Core 04	2026.06.03 09:10:00   [SRJ-IND] B152PR sym=USDJPY bar=2026.06.03 09:05 z1=2928,B,159.894,159.912,2026.06.03 08:50,1,2026.06.03 09:00,159.927,159.905"
76,JUNE0525-B162,1617DC1ACCE6B50ED2D1359582A70A8B8503C569623EE90C18C6B33542796207,Tester/logs/20261011.log,967755,2026-06-03,09:10,B152PR,"QN	0	00:08:52.229	Core 04	2026.06.03 09:10:00   [SRJ-IND] B152PR sym=USDJPY bar=2026.06.03 09:05 z1=2930,B,159.906,159.913,2026.06.03 09:00,1,2026.06.03 09:05,159.929,159.905"
77,JUNE0525-B162,1617DC1ACCE6B50ED2D1359582A70A8B8503C569623EE90C18C6B33542796207,Tester/logs/20261011.log,967756,2026-06-03,09:10,B152PR,"GF	0	00:08:52.229	Core 04	2026.06.03 09:10:00   [SRJ-IND] B152PR sym=USDJPY bar=2026.06.03 09:05 bull=1 bear=0 nz=21"
78,JUNE0525-B162,1617DC1ACCE6B50ED2D1359582A70A8B8503C569623EE90C18C6B33542796207,Tester/logs/20261011.log,967757,2026-06-03,09:10,B162ORIGIN,"CI	0	00:08:52.229	Core 04	2026.06.03 09:10:00   [SRJ-IND] B162ORIGIN sym=USDJPY bar=2026.06.03 09:05 side=B n=21 origin=2930 range=159.906-159.913 formT=2026.06.03 08:45 set=65,78,212,256,261,313,414,447,449,460,696,714,724,1405,1779,1780,1949,2509,2820,2928,2930"
79,JUNE0525-B162,1617DC1ACCE6B50ED2D1359582A70A8B8503C569623EE90C18C6B33542796207,Tester/logs/20261011.log,967758,2026-06-03,09:10,B162ORIGIN,"DH	0	00:08:52.229	Core 04	2026.06.03 09:10:00   [SRJ-IND] B162ORIGIN sym=USDJPY bar=2026.06.03 09:05 side=S n=0 origin=NONE range=- formT=- set=-"
80,JUNE0525-B162,1617DC1ACCE6B50ED2D1359582A70A8B8503C569623EE90C18C6B33542796207,Tester/logs/20261011.log,967903,2026-06-03,09:10,CQDRECHECK,"HQ	0	00:08:52.229	Core 04	2026.06.03 09:10:00   [SRJ-EA] CQDRECHECK shift=2 passA=2.0 passB=2.0 diff=0 bar=2026.06.03 09:00 state=S4_ARMED dir=LONG divLatch=1 hit1=0 hit2=511 mism=0"
81,JUNE0525-B162,1617DC1ACCE6B50ED2D1359582A70A8B8503C569623EE90C18C6B33542796207,Tester/logs/20261011.log,967910,2026-06-03,09:10,CONFIRMPOLL,"FO	0	00:08:52.229	Core 04	2026.06.03 09:10:00   [SRJ-EA] CONFIRMPOLL bar=2026.06.03 09:05 anchor=Daily-VWAP dir=LONG oppCandle=1 bodyDir=1 body=16pts doji=0 touchAttr=1 confirm=1 shadow=true"
82,JUNE0525-B162,1617DC1ACCE6B50ED2D1359582A70A8B8503C569623EE90C18C6B33542796207,Tester/logs/20261011.log,967916,2026-06-03,09:10,B60C,"IK	0	00:08:52.229	Core 04	2026.06.03 09:10:00   [SRJ-EA] B60C bar=2026.06.03 09:05 dir=LONG poi=Daily-VWAP rt=2026.06.03 09:00 rSh=2 rBar=2026.06.03 09:00 cSrc=BOTH xt=0 zxob=159.906-159.913 xpromo=2026.06.03 09:00 - C satisfied by retest and prior candles ([B-61 C2][B-129 XT])"
83,JUNE0525-B162,1617DC1ACCE6B50ED2D1359582A70A8B8503C569623EE90C18C6B33542796207,Tester/logs/20261011.log,967917,2026-06-03,09:10,STATE,"DJ	0	00:08:52.229	Core 04	2026.06.03 09:10:00   [SRJ-EA] 2026.06.03 09:10:00 STATE S4_ARMED->S5_GATE_CHECK dir=LONG poi=Daily-VWAP"
84,JUNE0525-B162,1617DC1ACCE6B50ED2D1359582A70A8B8503C569623EE90C18C6B33542796207,Tester/logs/20261011.log,967918,2026-06-03,09:10,D130LATCH,"HE	0	00:08:52.229	Core 04	2026.06.03 09:10:00   [SRJ-EA] D130LATCH pass=2026.06.03 09:10:00 confBar=2026.06.03 09:05 dir=LONG verdict=2 verdictBar=2026.06.03 09:00 walkShift=2 oppPassed=-2 oppBar=2026.06.03 08:55"
85,JUNE0525-B162,1617DC1ACCE6B50ED2D1359582A70A8B8503C569623EE90C18C6B33542796207,Tester/logs/20261011.log,967919,2026-06-03,09:10,B150GATE,"OR	0	00:08:52.229	Core 04	2026.06.03 09:10:00   [SRJ-EA] B150GATE bar=2026.06.03 09:05 dir=LONG value=1.0 src=XOB forbar=2026.06.03 09:05"
86,JUNE0525-B162,1617DC1ACCE6B50ED2D1359582A70A8B8503C569623EE90C18C6B33542796207,Tester/logs/20261011.log,968090,2026-06-03,09:10,B157SL,"GI	0	00:08:52.229	Core 04	2026.06.03 09:10:00   [SRJ-EA] B157SL bar=2026.06.03 09:05 side=LONG flag2xOB=0.0 fvgValid=0.0 branch=ONE_OR_NEITHER first_bar=- first_px=- wo_stop_px=- kept_stop_px=159.889 booked_stop_px=159.889 R_at_open=1.35 reason=KEPT_PATH"
87,JUNE0525-B162,1617DC1ACCE6B50ED2D1359582A70A8B8503C569623EE90C18C6B33542796207,Tester/logs/20261011.log,968101,2026-06-03,09:10,TP_ELECT,"OO	0	00:08:52.229	Core 04	2026.06.03 09:10:00   [SRJ-EA] TP_ELECT shadow=true entry=159.929 sl=159.889 tp=159.983 R=1.35 bar=2026.06.03 09:05 latchBar=2026.06.03 09:10"
88,JUNE0525-B162,1617DC1ACCE6B50ED2D1359582A70A8B8503C569623EE90C18C6B33542796207,Tester/logs/20261011.log,968104,2026-06-03,09:10,A6FIRED,"GP	0	00:08:52.229	Core 04	2026.06.03 09:10:00   [SRJ-EA] A6FIRED class=SELECTED state=FIRED bar=2026.06.03 09:05 dir=LONG tp=159.983 r=1.35 sl=159.889 mode=1SWING div=hidden"
89,JUNE0525-B162,1617DC1ACCE6B50ED2D1359582A70A8B8503C569623EE90C18C6B33542796207,Tester/logs/20261011.log,968115,2026-06-03,09:10,DEAL,"EE	0	00:08:52.229	Core 04	2026.06.03 09:10:00   deal #4 buy 3.75 USDJPY at 159.932 done (based on order #4)"
90,JUNE0525-B162,1617DC1ACCE6B50ED2D1359582A70A8B8503C569623EE90C18C6B33542796207,Tester/logs/20261011.log,968120,2026-06-03,09:10,ENTRY_TICKET,"HM	0	00:08:52.229	Core 04	2026.06.03 09:10:00   [SRJ-EA] ENTRY_TICKET bar=2026.06.03 09:05 ticket=4 deal=4 pid=4 ppid=4 magic=773001"
91,JUNE0525-B162,1617DC1ACCE6B50ED2D1359582A70A8B8503C569623EE90C18C6B33542796207,Tester/logs/20261011.log,968121,2026-06-03,09:10,STATE,"CQ	0	00:08:52.229	Core 04	2026.06.03 09:10:00   [SRJ-EA] 2026.06.03 09:10:00 STATE S5_GATE_CHECK->SIGNAL dir=LONG poi=Daily-VWAP"
92,JUNE0525-B162,1617DC1ACCE6B50ED2D1359582A70A8B8503C569623EE90C18C6B33542796207,Tester/logs/20261011.log,968125,2026-06-03,09:15,B152PR,"JE	0	00:08:52.229	Core 04	2026.06.03 09:15:00   [SRJ-IND] B152PR sym=USDJPY bar=2026.06.03 09:10 z1=65,B,156.672,156.773,2026.05.11 04:10,1,2026.05.12 08:55,157.714,156.726"
93,JUNE0525-B162,1617DC1ACCE6B50ED2D1359582A70A8B8503C569623EE90C18C6B33542796207,Tester/logs/20261011.log,968126,2026-06-03,09:15,B152PR,"JK	0	00:08:52.229	Core 04	2026.06.03 09:15:00   [SRJ-IND] B152PR sym=USDJPY bar=2026.06.03 09:10 z1=78,B,156.578,156.584,2026.05.11 00:35,1,2026.05.11 00:40,156.644,156.537"
94,JUNE0525-B162,1617DC1ACCE6B50ED2D1359582A70A8B8503C569623EE90C18C6B33542796207,Tester/logs/20261011.log,968127,2026-06-03,09:15,B152PR,"HR	0	00:08:52.229	Core 04	2026.06.03 09:15:00   [SRJ-IND] B152PR sym=USDJPY bar=2026.06.03 09:10 z1=212,B,157.028,157.060,2026.05.11 19:20,1,2026.05.12 00:00,157.152,157.050"
95,JUNE0525-B162,1617DC1ACCE6B50ED2D1359582A70A8B8503C569623EE90C18C6B33542796207,Tester/logs/20261011.log,968128,2026-06-03,09:15,B152PR,"DD	0	00:08:52.229	Core 04	2026.06.03 09:15:00   [SRJ-IND] B152PR sym=USDJPY bar=2026.06.03 09:10 z1=256,B,157.172,157.178,2026.05.12 01:25,1,2026.05.12 08:55,157.714,156.726"
96,JUNE0525-B162,1617DC1ACCE6B50ED2D1359582A70A8B8503C569623EE90C18C6B33542796207,Tester/logs/20261011.log,968129,2026-06-03,09:15,B152PR,"RN	0	00:08:52.229	Core 04	2026.06.03 09:15:00   [SRJ-IND] B152PR sym=USDJPY bar=2026.06.03 09:10 z1=261,B,157.184,157.192,2026.05.12 03:00,1,2026.05.12 08:55,157.714,156.726"
97,JUNE0525-B162,1617DC1ACCE6B50ED2D1359582A70A8B8503C569623EE90C18C6B33542796207,Tester/logs/20261011.log,968130,2026-06-03,09:15,B152PR,"RS	0	00:08:52.229	Core 04	2026.06.03 09:15:00   [SRJ-IND] B152PR sym=USDJPY bar=2026.06.03 09:10 z1=313,B,157.331,157.497,2026.05.12 10:00,1,2026.05.12 10:10,157.546,157.487"
98,JUNE0525-B162,1617DC1ACCE6B50ED2D1359582A70A8B8503C569623EE90C18C6B33542796207,Tester/logs/20261011.log,968131,2026-06-03,09:15,B152PR,"GE	0	00:08:52.229	Core 04	2026.06.03 09:15:00   [SRJ-IND] B152PR sym=USDJPY bar=2026.06.03 09:10 z1=414,B,157.517,157.589,2026.05.13 01:10,1,2026.05.13 01:20,157.607,157.587"
99,JUNE0525-B162,1617DC1ACCE6B50ED2D1359582A70A8B8503C569623EE90C18C6B33542796207,Tester/logs/20261011.log,968132,2026-06-03,09:15,B152PR,"PO	0	00:08:52.229	Core 04	2026.06.03 09:15:00   [SRJ-IND] B152PR sym=USDJPY bar=2026.06.03 09:10 z1=447,B,157.562,157.648,2026.05.13 06:20,1,2026.05.13 06:25,157.662,157.648"
100,JUNE0525-B162,1617DC1ACCE6B50ED2D1359582A70A8B8503C569623EE90C18C6B33542796207,Tester/logs/20261011.log,968133,2026-06-03,09:15,B152PR,"KQ	0	00:08:52.229	Core 04	2026.06.03 09:15:00   [SRJ-IND] B152PR sym=USDJPY bar=2026.06.03 09:10 z1=449,B,157.599,157.654,2026.05.13 05:15,1,2026.05.13 05:45,157.687,157.652"
101,JUNE0525-B162,1617DC1ACCE6B50ED2D1359582A70A8B8503C569623EE90C18C6B33542796207,Tester/logs/20261011.log,968134,2026-06-03,09:15,B152PR,"RK	0	00:08:52.229	Core 04	2026.06.03 09:15:00   [SRJ-IND] B152PR sym=USDJPY bar=2026.06.03 09:10 z1=460,B,157.645,157.660,2026.05.13 07:05,1,2026.05.14 00:25,157.812,157.650"
102,JUNE0525-B162,1617DC1ACCE6B50ED2D1359582A70A8B8503C569623EE90C18C6B33542796207,Tester/logs/20261011.log,968135,2026-06-03,09:15,B152PR,"NM	0	00:08:52.229	Core 04	2026.06.03 09:15:00   [SRJ-IND] B152PR sym=USDJPY bar=2026.06.03 09:10 z1=696,B,157.568,158.167,2026.05.14 18:05,1,2026.05.14 18:10,158.191,158.119"
103,JUNE0525-B162,1617DC1ACCE6B50ED2D1359582A70A8B8503C569623EE90C18C6B33542796207,Tester/logs/20261011.log,968136,2026-06-03,09:15,B152PR,"JG	0	00:08:52.229	Core 04	2026.06.03 09:15:00   [SRJ-IND] B152PR sym=USDJPY bar=2026.06.03 09:10 z1=714,B,158.107,158.142,2026.05.14 19:30,1,2026.05.14 20:00,158.169,158.142"
104,JUNE0525-B162,1617DC1ACCE6B50ED2D1359582A70A8B8503C569623EE90C18C6B33542796207,Tester/logs/20261011.log,968137,2026-06-03,09:15,B152PR,"CI	0	00:08:52.229	Core 04	2026.06.03 09:15:00   [SRJ-IND] B152PR sym=USDJPY bar=2026.06.03 09:10 z1=724,B,158.168,158.186,2026.05.14 21:00,1,2026.05.14 21:05,158.191,158.182"
105,JUNE0525-B162,1617DC1ACCE6B50ED2D1359582A70A8B8503C569623EE90C18C6B33542796207,Tester/logs/20261011.log,968138,2026-06-03,09:15,B152PR,"MQ	0	00:08:52.229	Core 04	2026.06.03 09:15:00   [SRJ-IND] B152PR sym=USDJPY bar=2026.06.03 09:10 z1=1405,B,158.735,158.769,2026.05.20 19:00,1,2026.05.20 19:05,158.816,158.753"
106,JUNE0525-B162,1617DC1ACCE6B50ED2D1359582A70A8B8503C569623EE90C18C6B33542796207,Tester/logs/20261011.log,968139,2026-06-03,09:15,B152PR,"GG	0	00:08:52.229	Core 04	2026.06.03 09:15:00   [SRJ-IND] B152PR sym=USDJPY bar=2026.06.03 09:10 z1=1779,B,158.756,158.800,2026.05.25 06:45,1,2026.05.26 00:00,158.887,158.784"
107,JUNE0525-B162,1617DC1ACCE6B50ED2D1359582A70A8B8503C569623EE90C18C6B33542796207,Tester/logs/20261011.log,968140,2026-06-03,09:15,B152PR,"FM	0	00:08:52.229	Core 04	2026.06.03 09:15:00   [SRJ-IND] B152PR sym=USDJPY bar=2026.06.03 09:10 z1=1780,B,158.789,158.814,2026.05.25 04:50,1,2026.05.26 00:00,158.887,158.784"
108,JUNE0525-B162,1617DC1ACCE6B50ED2D1359582A70A8B8503C569623EE90C18C6B33542796207,Tester/logs/20261011.log,968141,2026-06-03,09:15,B152PR,"KS	0	00:08:52.229	Core 04	2026.06.03 09:15:00   [SRJ-IND] B152PR sym=USDJPY bar=2026.06.03 09:10 z1=1949,B,158.916,158.934,2026.05.26 07:25,1,2026.05.26 07:30,158.942,158.934"
109,JUNE0525-B162,1617DC1ACCE6B50ED2D1359582A70A8B8503C569623EE90C18C6B33542796207,Tester/logs/20261011.log,968142,2026-06-03,09:15,B152PR,"FI	0	00:08:52.229	Core 04	2026.06.03 09:15:00   [SRJ-IND] B152PR sym=USDJPY bar=2026.06.03 09:10 z1=2509,B,159.134,159.195,2026.05.29 19:10,1,2026.05.29 19:35,159.215,159.186"
110,JUNE0525-B162,1617DC1ACCE6B50ED2D1359582A70A8B8503C569623EE90C18C6B33542796207,Tester/logs/20261011.log,968143,2026-06-03,09:15,B152PR,"CO	0	00:08:52.229	Core 04	2026.06.03 09:15:00   [SRJ-IND] B152PR sym=USDJPY bar=2026.06.03 09:10 z1=2820,B,159.792,159.823,2026.06.02 17:10,1,2026.06.02 17:40,159.832,159.810"
111,JUNE0525-B162,1617DC1ACCE6B50ED2D1359582A70A8B8503C569623EE90C18C6B33542796207,Tester/logs/20261011.log,968144,2026-06-03,09:15,B152PR,"EE	0	00:08:52.229	Core 04	2026.06.03 09:15:00   [SRJ-IND] B152PR sym=USDJPY bar=2026.06.03 09:10 z1=2928,B,159.894,159.912,2026.06.03 08:50,1,2026.06.03 09:00,159.927,159.905"
112,JUNE0525-B162,1617DC1ACCE6B50ED2D1359582A70A8B8503C569623EE90C18C6B33542796207,Tester/logs/20261011.log,968145,2026-06-03,09:15,B152PR,"RK	0	00:08:52.229	Core 04	2026.06.03 09:15:00   [SRJ-IND] B152PR sym=USDJPY bar=2026.06.03 09:10 z1=2930,B,159.906,159.913,2026.06.03 09:00,1,2026.06.03 09:05,159.929,159.905"
113,JUNE0525-B162,1617DC1ACCE6B50ED2D1359582A70A8B8503C569623EE90C18C6B33542796207,Tester/logs/20261011.log,968146,2026-06-03,09:15,B152PR,"HS	0	00:08:52.229	Core 04	2026.06.03 09:15:00   [SRJ-IND] B152PR sym=USDJPY bar=2026.06.03 09:10 bull=1 bear=0 nz=21"
114,JUNE0525-B162,1617DC1ACCE6B50ED2D1359582A70A8B8503C569623EE90C18C6B33542796207,Tester/logs/20261011.log,968147,2026-06-03,09:15,B162ORIGIN,"DR	0	00:08:52.229	Core 04	2026.06.03 09:15:00   [SRJ-IND] B162ORIGIN sym=USDJPY bar=2026.06.03 09:10 side=B n=21 origin=2930 range=159.906-159.913 formT=2026.06.03 08:45 set=65,78,212,256,261,313,414,447,449,460,696,714,724,1405,1779,1780,1949,2509,2820,2928,2930"
115,JUNE0525-B162,1617DC1ACCE6B50ED2D1359582A70A8B8503C569623EE90C18C6B33542796207,Tester/logs/20261011.log,968148,2026-06-03,09:15,B162ORIGIN,"CM	0	00:08:52.229	Core 04	2026.06.03 09:15:00   [SRJ-IND] B162ORIGIN sym=USDJPY bar=2026.06.03 09:10 side=S n=0 origin=NONE range=- formT=- set=-"
116,JUNE0525-B162,1617DC1ACCE6B50ED2D1359582A70A8B8503C569623EE90C18C6B33542796207,Tester/logs/20261011.log,968156,2026-06-03,09:15,EXITCENSUS,"DO	0	00:08:52.229	Core 04	2026.06.03 09:15:00   [SRJ-EA] EXITCENSUS bar=2026.06.03 09:10 dir=LONG line=Daily-POC val=159.885 side=behind trigger=1 bodyLo=159.929 bodyHi=159.936 verdict=ok ownO=159.929 ownC=159.938 ownBrk=0"
117,JUNE0525-B162,1617DC1ACCE6B50ED2D1359582A70A8B8503C569623EE90C18C6B33542796207,Tester/logs/20261011.log,968157,2026-06-03,09:15,EXITCENSUS,"LO	0	00:08:52.229	Core 04	2026.06.03 09:15:00   [SRJ-EA] EXITCENSUS bar=2026.06.03 09:10 dir=LONG line=Daily-VWAP val=159.908 side=behind trigger=1 bodyLo=159.929 bodyHi=159.936 verdict=ok ownO=159.929 ownC=159.938 ownBrk=0"
118,JUNE0525-B162,1617DC1ACCE6B50ED2D1359582A70A8B8503C569623EE90C18C6B33542796207,Tester/logs/20261011.log,968158,2026-06-03,09:15,EXITCENSUS,"FH	0	00:08:52.229	Core 04	2026.06.03 09:15:00   [SRJ-EA] EXITCENSUS bar=2026.06.03 09:10 dir=LONG line=Weekly-POC val=159.717 side=behind trigger=1 bodyLo=159.929 bodyHi=159.936 verdict=ok ownO=159.929 ownC=159.938 ownBrk=0"
119,JUNE0525-B162,1617DC1ACCE6B50ED2D1359582A70A8B8503C569623EE90C18C6B33542796207,Tester/logs/20261011.log,968159,2026-06-03,09:15,EXITCENSUS,"OH	0	00:08:52.229	Core 04	2026.06.03 09:15:00   [SRJ-EA] EXITCENSUS bar=2026.06.03 09:10 dir=LONG line=Weekly-VWAP val=159.670 side=behind trigger=0 bodyLo=159.929 bodyHi=159.936 verdict=ok ownO=159.929 ownC=159.938 ownBrk=0"
120,JUNE0525-B162,1617DC1ACCE6B50ED2D1359582A70A8B8503C569623EE90C18C6B33542796207,Tester/logs/20261011.log,968160,2026-06-03,09:15,EXITCENSUS,"DI	0	00:08:52.229	Core 04	2026.06.03 09:15:00   [SRJ-EA] EXITCENSUS bar=2026.06.03 09:10 dir=LONG line=Monthly-POC val=159.717 side=behind trigger=1 bodyLo=159.929 bodyHi=159.936 verdict=ok ownO=159.929 ownC=159.938 ownBrk=0"
121,JUNE0525-B162,1617DC1ACCE6B50ED2D1359582A70A8B8503C569623EE90C18C6B33542796207,Tester/logs/20261011.log,968161,2026-06-03,09:15,EXITCENSUS,"KQ	0	00:08:52.229	Core 04	2026.06.03 09:15:00   [SRJ-EA] EXITCENSUS bar=2026.06.03 09:10 dir=LONG line=Monthly-VWAP val=159.670 side=behind trigger=0 bodyLo=159.929 bodyHi=159.936 verdict=ok ownO=159.929 ownC=159.938 ownBrk=0"
122,JUNE0525-B162,1617DC1ACCE6B50ED2D1359582A70A8B8503C569623EE90C18C6B33542796207,Tester/logs/20261011.log,968164,2026-06-03,09:20,B152PR,"QR	0	00:08:52.229	Core 04	2026.06.03 09:20:00   [SRJ-IND] B152PR sym=USDJPY bar=2026.06.03 09:15 z1=65,B,156.672,156.773,2026.05.11 04:10,1,2026.05.12 08:55,157.714,156.726"
123,JUNE0525-B162,1617DC1ACCE6B50ED2D1359582A70A8B8503C569623EE90C18C6B33542796207,Tester/logs/20261011.log,968165,2026-06-03,09:20,B152PR,"QH	0	00:08:52.229	Core 04	2026.06.03 09:20:00   [SRJ-IND] B152PR sym=USDJPY bar=2026.06.03 09:15 z1=78,B,156.578,156.584,2026.05.11 00:35,1,2026.05.11 00:40,156.644,156.537"
124,JUNE0525-B162,1617DC1ACCE6B50ED2D1359582A70A8B8503C569623EE90C18C6B33542796207,Tester/logs/20261011.log,968166,2026-06-03,09:20,B152PR,"OL	0	00:08:52.229	Core 04	2026.06.03 09:20:00   [SRJ-IND] B152PR sym=USDJPY bar=2026.06.03 09:15 z1=212,B,157.028,157.060,2026.05.11 19:20,1,2026.05.12 00:00,157.152,157.050"
125,JUNE0525-B162,1617DC1ACCE6B50ED2D1359582A70A8B8503C569623EE90C18C6B33542796207,Tester/logs/20261011.log,968167,2026-06-03,09:20,B152PR,"OF	0	00:08:52.229	Core 04	2026.06.03 09:20:00   [SRJ-IND] B152PR sym=USDJPY bar=2026.06.03 09:15 z1=256,B,157.172,157.178,2026.05.12 01:25,1,2026.05.12 08:55,157.714,156.726"
126,JUNE0525-B162,1617DC1ACCE6B50ED2D1359582A70A8B8503C569623EE90C18C6B33542796207,Tester/logs/20261011.log,968168,2026-06-03,09:20,B152PR,"IH	0	00:08:52.229	Core 04	2026.06.03 09:20:00   [SRJ-IND] B152PR sym=USDJPY bar=2026.06.03 09:15 z1=261,B,157.184,157.192,2026.05.12 03:00,1,2026.05.12 08:55,157.714,156.726"
127,JUNE0525-B162,1617DC1ACCE6B50ED2D1359582A70A8B8503C569623EE90C18C6B33542796207,Tester/logs/20261011.log,968169,2026-06-03,09:20,B152PR,"MR	0	00:08:52.229	Core 04	2026.06.03 09:20:00   [SRJ-IND] B152PR sym=USDJPY bar=2026.06.03 09:15 z1=313,B,157.331,157.497,2026.05.12 10:00,1,2026.05.12 10:10,157.546,157.487"
128,JUNE0525-B162,1617DC1ACCE6B50ED2D1359582A70A8B8503C569623EE90C18C6B33542796207,Tester/logs/20261011.log,968170,2026-06-03,09:20,B152PR,"PD	0	00:08:52.229	Core 04	2026.06.03 09:20:00   [SRJ-IND] B152PR sym=USDJPY bar=2026.06.03 09:15 z1=414,B,157.517,157.589,2026.05.13 01:10,1,2026.05.13 01:20,157.607,157.587"
129,JUNE0525-B162,1617DC1ACCE6B50ED2D1359582A70A8B8503C569623EE90C18C6B33542796207,Tester/logs/20261011.log,968171,2026-06-03,09:20,B152PR,"CN	0	00:08:52.229	Core 04	2026.06.03 09:20:00   [SRJ-IND] B152PR sym=USDJPY bar=2026.06.03 09:15 z1=447,B,157.562,157.648,2026.05.13 06:20,1,2026.05.13 06:25,157.662,157.648"
130,JUNE0525-B162,1617DC1ACCE6B50ED2D1359582A70A8B8503C569623EE90C18C6B33542796207,Tester/logs/20261011.log,968172,2026-06-03,09:20,B152PR,"DP	0	00:08:52.229	Core 04	2026.06.03 09:20:00   [SRJ-IND] B152PR sym=USDJPY bar=2026.06.03 09:15 z1=449,B,157.599,157.654,2026.05.13 05:15,1,2026.05.13 05:45,157.687,157.652"
131,JUNE0525-B162,1617DC1ACCE6B50ED2D1359582A70A8B8503C569623EE90C18C6B33542796207,Tester/logs/20261011.log,968173,2026-06-03,09:20,B152PR,"MJ	0	00:08:52.229	Core 04	2026.06.03 09:20:00   [SRJ-IND] B152PR sym=USDJPY bar=2026.06.03 09:15 z1=460,B,157.645,157.660,2026.05.13 07:05,1,2026.05.14 00:25,157.812,157.650"
132,JUNE0525-B162,1617DC1ACCE6B50ED2D1359582A70A8B8503C569623EE90C18C6B33542796207,Tester/logs/20261011.log,968174,2026-06-03,09:20,B152PR,"EO	0	00:08:52.229	Core 04	2026.06.03 09:20:00   [SRJ-IND] B152PR sym=USDJPY bar=2026.06.03 09:15 z1=696,B,157.568,158.167,2026.05.14 18:05,1,2026.05.14 18:10,158.191,158.119"
133,JUNE0525-B162,1617DC1ACCE6B50ED2D1359582A70A8B8503C569623EE90C18C6B33542796207,Tester/logs/20261011.log,968175,2026-06-03,09:20,B152PR,"MQ	0	00:08:52.229	Core 04	2026.06.03 09:20:00   [SRJ-IND] B152PR sym=USDJPY bar=2026.06.03 09:15 z1=714,B,158.107,158.142,2026.05.14 19:30,1,2026.05.14 20:00,158.169,158.142"
134,JUNE0525-B162,1617DC1ACCE6B50ED2D1359582A70A8B8503C569623EE90C18C6B33542796207,Tester/logs/20261011.log,968176,2026-06-03,09:20,B152PR,"LK	0	00:08:52.229	Core 04	2026.06.03 09:20:00   [SRJ-IND] B152PR sym=USDJPY bar=2026.06.03 09:15 z1=724,B,158.168,158.186,2026.05.14 21:00,1,2026.05.14 21:05,158.191,158.182"
135,JUNE0525-B162,1617DC1ACCE6B50ED2D1359582A70A8B8503C569623EE90C18C6B33542796207,Tester/logs/20261011.log,968177,2026-06-03,09:20,B152PR,"RN	0	00:08:52.229	Core 04	2026.06.03 09:20:00   [SRJ-IND] B152PR sym=USDJPY bar=2026.06.03 09:15 z1=1405,B,158.735,158.769,2026.05.20 19:00,1,2026.05.20 19:05,158.816,158.753"
136,JUNE0525-B162,1617DC1ACCE6B50ED2D1359582A70A8B8503C569623EE90C18C6B33542796207,Tester/logs/20261011.log,968178,2026-06-03,09:20,B152PR,"DD	0	00:08:52.229	Core 04	2026.06.03 09:20:00   [SRJ-IND] B152PR sym=USDJPY bar=2026.06.03 09:15 z1=1779,B,158.756,158.800,2026.05.25 06:45,1,2026.05.26 00:00,158.887,158.784"
137,JUNE0525-B162,1617DC1ACCE6B50ED2D1359582A70A8B8503C569623EE90C18C6B33542796207,Tester/logs/20261011.log,968179,2026-06-03,09:20,B152PR,"IJ	0	00:08:52.229	Core 04	2026.06.03 09:20:00   [SRJ-IND] B152PR sym=USDJPY bar=2026.06.03 09:15 z1=1780,B,158.789,158.814,2026.05.25 04:50,1,2026.05.26 00:00,158.887,158.784"
138,JUNE0525-B162,1617DC1ACCE6B50ED2D1359582A70A8B8503C569623EE90C18C6B33542796207,Tester/logs/20261011.log,968180,2026-06-03,09:20,B152PR,"PP	0	00:08:52.229	Core 04	2026.06.03 09:20:00   [SRJ-IND] B152PR sym=USDJPY bar=2026.06.03 09:15 z1=1949,B,158.916,158.934,2026.05.26 07:25,1,2026.05.26 07:30,158.942,158.934"
139,JUNE0525-B162,1617DC1ACCE6B50ED2D1359582A70A8B8503C569623EE90C18C6B33542796207,Tester/logs/20261011.log,968181,2026-06-03,09:20,B152PR,"IF	0	00:08:52.229	Core 04	2026.06.03 09:20:00   [SRJ-IND] B152PR sym=USDJPY bar=2026.06.03 09:15 z1=2509,B,159.134,159.195,2026.05.29 19:10,1,2026.05.29 19:35,159.215,159.186"
140,JUNE0525-B162,1617DC1ACCE6B50ED2D1359582A70A8B8503C569623EE90C18C6B33542796207,Tester/logs/20261011.log,968182,2026-06-03,09:20,B152PR,"HL	0	00:08:52.229	Core 04	2026.06.03 09:20:00   [SRJ-IND] B152PR sym=USDJPY bar=2026.06.03 09:15 z1=2820,B,159.792,159.823,2026.06.02 17:10,1,2026.06.02 17:40,159.832,159.810"
141,JUNE0525-B162,1617DC1ACCE6B50ED2D1359582A70A8B8503C569623EE90C18C6B33542796207,Tester/logs/20261011.log,968183,2026-06-03,09:20,B152PR,"JR	0	00:08:52.229	Core 04	2026.06.03 09:20:00   [SRJ-IND] B152PR sym=USDJPY bar=2026.06.03 09:15 z1=2928,B,159.894,159.912,2026.06.03 08:50,1,2026.06.03 09:00,159.927,159.905"
142,JUNE0525-B162,1617DC1ACCE6B50ED2D1359582A70A8B8503C569623EE90C18C6B33542796207,Tester/logs/20261011.log,968184,2026-06-03,09:20,B152PR,"MH	0	00:08:52.229	Core 04	2026.06.03 09:20:00   [SRJ-IND] B152PR sym=USDJPY bar=2026.06.03 09:15 z1=2930,B,159.906,159.913,2026.06.03 09:00,1,2026.06.03 09:05,159.929,159.905"
143,JUNE0525-B162,1617DC1ACCE6B50ED2D1359582A70A8B8503C569623EE90C18C6B33542796207,Tester/logs/20261011.log,968185,2026-06-03,09:20,B152PR,"CL	0	00:08:52.229	Core 04	2026.06.03 09:20:00   [SRJ-IND] B152PR sym=USDJPY bar=2026.06.03 09:15 bull=1 bear=0 nz=21"
144,JUNE0525-B162,1617DC1ACCE6B50ED2D1359582A70A8B8503C569623EE90C18C6B33542796207,Tester/logs/20261011.log,968186,2026-06-03,09:20,B162ORIGIN,"OS	0	00:08:52.229	Core 04	2026.06.03 09:20:00   [SRJ-IND] B162ORIGIN sym=USDJPY bar=2026.06.03 09:15 side=B n=21 origin=2930 range=159.906-159.913 formT=2026.06.03 08:45 set=65,78,212,256,261,313,414,447,449,460,696,714,724,1405,1779,1780,1949,2509,2820,2928,2930"
145,JUNE0525-B162,1617DC1ACCE6B50ED2D1359582A70A8B8503C569623EE90C18C6B33542796207,Tester/logs/20261011.log,968187,2026-06-03,09:20,B162ORIGIN,"LR	0	00:08:52.229	Core 04	2026.06.03 09:20:00   [SRJ-IND] B162ORIGIN sym=USDJPY bar=2026.06.03 09:15 side=S n=0 origin=NONE range=- formT=- set=-"
146,JUNE0525-B162,1617DC1ACCE6B50ED2D1359582A70A8B8503C569623EE90C18C6B33542796207,Tester/logs/20261011.log,968191,2026-06-03,09:20,CQDRECHECK,"KQ	0	00:08:52.229	Core 04	2026.06.03 09:20:00   [SRJ-EA] CQDRECHECK shift=2 passA=-2.0 passB=-2.0 diff=0 bar=2026.06.03 09:10 state=IDLE dir=NONE divLatch=0 hit1=0 hit2=512 mism=0"
147,JUNE0525-B162,1617DC1ACCE6B50ED2D1359582A70A8B8503C569623EE90C18C6B33542796207,Tester/logs/20261011.log,968195,2026-06-03,09:20,EXITCENSUS,"FM	0	00:08:52.229	Core 04	2026.06.03 09:20:00   [SRJ-EA] EXITCENSUS bar=2026.06.03 09:15 dir=LONG line=Daily-POC val=159.885 side=behind trigger=1 bodyLo=159.927 bodyHi=159.936 verdict=ok ownO=159.936 ownC=159.928 ownBrk=0"
148,JUNE0525-B162,1617DC1ACCE6B50ED2D1359582A70A8B8503C569623EE90C18C6B33542796207,Tester/logs/20261011.log,968196,2026-06-03,09:20,EXITCENSUS,"MM	0	00:08:52.229	Core 04	2026.06.03 09:20:00   [SRJ-EA] EXITCENSUS bar=2026.06.03 09:15 dir=LONG line=Daily-VWAP val=159.909 side=behind trigger=1 bodyLo=159.927 bodyHi=159.936 verdict=ok ownO=159.936 ownC=159.928 ownBrk=0"
149,JUNE0525-B162,1617DC1ACCE6B50ED2D1359582A70A8B8503C569623EE90C18C6B33542796207,Tester/logs/20261011.log,968197,2026-06-03,09:20,EXITCENSUS,"DJ	0	00:08:52.229	Core 04	2026.06.03 09:20:00   [SRJ-EA] EXITCENSUS bar=2026.06.03 09:15 dir=LONG line=Weekly-POC val=159.717 side=behind trigger=1 bodyLo=159.927 bodyHi=159.936 verdict=ok ownO=159.936 ownC=159.928 ownBrk=0"
150,JUNE0525-B162,1617DC1ACCE6B50ED2D1359582A70A8B8503C569623EE90C18C6B33542796207,Tester/logs/20261011.log,968198,2026-06-03,09:20,EXITCENSUS,"QJ	0	00:08:52.229	Core 04	2026.06.03 09:20:00   [SRJ-EA] EXITCENSUS bar=2026.06.03 09:15 dir=LONG line=Weekly-VWAP val=159.670 side=behind trigger=0 bodyLo=159.927 bodyHi=159.936 verdict=ok ownO=159.936 ownC=159.928 ownBrk=0"
151,JUNE0525-B162,1617DC1ACCE6B50ED2D1359582A70A8B8503C569623EE90C18C6B33542796207,Tester/logs/20261011.log,968199,2026-06-03,09:20,EXITCENSUS,"FO	0	00:08:52.229	Core 04	2026.06.03 09:20:00   [SRJ-EA] EXITCENSUS bar=2026.06.03 09:15 dir=LONG line=Monthly-POC val=159.717 side=behind trigger=1 bodyLo=159.927 bodyHi=159.936 verdict=ok ownO=159.936 ownC=159.928 ownBrk=0"
152,JUNE0525-B162,1617DC1ACCE6B50ED2D1359582A70A8B8503C569623EE90C18C6B33542796207,Tester/logs/20261011.log,968200,2026-06-03,09:20,EXITCENSUS,"MO	0	00:08:52.229	Core 04	2026.06.03 09:20:00   [SRJ-EA] EXITCENSUS bar=2026.06.03 09:15 dir=LONG line=Monthly-VWAP val=159.670 side=behind trigger=0 bodyLo=159.927 bodyHi=159.936 verdict=ok ownO=159.936 ownC=159.928 ownBrk=0"
153,JUNE0525-B162,1617DC1ACCE6B50ED2D1359582A70A8B8503C569623EE90C18C6B33542796207,Tester/logs/20261011.log,968203,2026-06-03,09:25,B152PR,"PP	0	00:08:52.229	Core 04	2026.06.03 09:25:00   [SRJ-IND] B152PR sym=USDJPY bar=2026.06.03 09:20 z1=65,B,156.672,156.773,2026.05.11 04:10,1,2026.05.12 08:55,157.714,156.726"
154,JUNE0525-B162,1617DC1ACCE6B50ED2D1359582A70A8B8503C569623EE90C18C6B33542796207,Tester/logs/20261011.log,968204,2026-06-03,09:25,B152PR,"PF	0	00:08:52.229	Core 04	2026.06.03 09:25:00   [SRJ-IND] B152PR sym=USDJPY bar=2026.06.03 09:20 z1=78,B,156.578,156.584,2026.05.11 00:35,1,2026.05.11 00:40,156.644,156.537"
155,JUNE0525-B162,1617DC1ACCE6B50ED2D1359582A70A8B8503C569623EE90C18C6B33542796207,Tester/logs/20261011.log,968205,2026-06-03,09:25,B152PR,"RN	0	00:08:52.229	Core 04	2026.06.03 09:25:00   [SRJ-IND] B152PR sym=USDJPY bar=2026.06.03 09:20 z1=212,B,157.028,157.060,2026.05.11 19:20,1,2026.05.12 00:00,157.152,157.050"
156,JUNE0525-B162,1617DC1ACCE6B50ED2D1359582A70A8B8503C569623EE90C18C6B33542796207,Tester/logs/20261011.log,968206,2026-06-03,09:25,B152PR,"RP	0	00:08:52.229	Core 04	2026.06.03 09:25:00   [SRJ-IND] B152PR sym=USDJPY bar=2026.06.03 09:20 z1=256,B,157.172,157.178,2026.05.12 01:25,1,2026.05.12 08:55,157.714,156.726"
157,JUNE0525-B162,1617DC1ACCE6B50ED2D1359582A70A8B8503C569623EE90C18C6B33542796207,Tester/logs/20261011.log,968207,2026-06-03,09:25,B152PR,"HJ	0	00:08:52.229	Core 04	2026.06.03 09:25:00   [SRJ-IND] B152PR sym=USDJPY bar=2026.06.03 09:20 z1=261,B,157.184,157.192,2026.05.12 03:00,1,2026.05.12 08:55,157.714,156.726"
158,JUNE0525-B162,1617DC1ACCE6B50ED2D1359582A70A8B8503C569623EE90C18C6B33542796207,Tester/logs/20261011.log,968208,2026-06-03,09:25,B152PR,"LL	0	00:08:52.229	Core 04	2026.06.03 09:25:00   [SRJ-IND] B152PR sym=USDJPY bar=2026.06.03 09:20 z1=313,B,157.331,157.497,2026.05.12 10:00,1,2026.05.12 10:10,157.546,157.487"
159,JUNE0525-B162,1617DC1ACCE6B50ED2D1359582A70A8B8503C569623EE90C18C6B33542796207,Tester/logs/20261011.log,968209,2026-06-03,09:25,B152PR,"QF	0	00:08:52.229	Core 04	2026.06.03 09:25:00   [SRJ-IND] B152PR sym=USDJPY bar=2026.06.03 09:20 z1=414,B,157.517,157.589,2026.05.13 01:10,1,2026.05.13 01:20,157.607,157.587"
160,JUNE0525-B162,1617DC1ACCE6B50ED2D1359582A70A8B8503C569623EE90C18C6B33542796207,Tester/logs/20261011.log,968210,2026-06-03,09:25,B152PR,"FH	0	00:08:52.229	Core 04	2026.06.03 09:25:00   [SRJ-IND] B152PR sym=USDJPY bar=2026.06.03 09:20 z1=447,B,157.562,157.648,2026.05.13 06:20,1,2026.05.13 06:25,157.662,157.648"
161,JUNE0525-B162,1617DC1ACCE6B50ED2D1359582A70A8B8503C569623EE90C18C6B33542796207,Tester/logs/20261011.log,968211,2026-06-03,09:25,B152PR,"ER	0	00:08:52.229	Core 04	2026.06.03 09:25:00   [SRJ-IND] B152PR sym=USDJPY bar=2026.06.03 09:20 z1=449,B,157.599,157.654,2026.05.13 05:15,1,2026.05.13 05:45,157.687,157.652"
162,JUNE0525-B162,1617DC1ACCE6B50ED2D1359582A70A8B8503C569623EE90C18C6B33542796207,Tester/logs/20261011.log,968212,2026-06-03,09:25,B152PR,"LD	0	00:08:52.229	Core 04	2026.06.03 09:25:00   [SRJ-IND] B152PR sym=USDJPY bar=2026.06.03 09:20 z1=460,B,157.645,157.660,2026.05.13 07:05,1,2026.05.14 00:25,157.812,157.650"
163,JUNE0525-B162,1617DC1ACCE6B50ED2D1359582A70A8B8503C569623EE90C18C6B33542796207,Tester/logs/20261011.log,968213,2026-06-03,09:25,B152PR,"DI	0	00:08:52.229	Core 04	2026.06.03 09:25:00   [SRJ-IND] B152PR sym=USDJPY bar=2026.06.03 09:20 z1=696,B,157.568,158.167,2026.05.14 18:05,1,2026.05.14 18:10,158.191,158.119"
164,JUNE0525-B162,1617DC1ACCE6B50ED2D1359582A70A8B8503C569623EE90C18C6B33542796207,Tester/logs/20261011.log,968214,2026-06-03,09:25,B152PR,"LS	0	00:08:52.229	Core 04	2026.06.03 09:25:00   [SRJ-IND] B152PR sym=USDJPY bar=2026.06.03 09:20 z1=714,B,158.107,158.142,2026.05.14 19:30,1,2026.05.14 20:00,158.169,158.142"
165,JUNE0525-B162,1617DC1ACCE6B50ED2D1359582A70A8B8503C569623EE90C18C6B33542796207,Tester/logs/20261011.log,968215,2026-06-03,09:25,B152PR,"ME	0	00:08:52.229	Core 04	2026.06.03 09:25:00   [SRJ-IND] B152PR sym=USDJPY bar=2026.06.03 09:20 z1=724,B,158.168,158.186,2026.05.14 21:00,1,2026.05.14 21:05,158.191,158.182"
166,JUNE0525-B162,1617DC1ACCE6B50ED2D1359582A70A8B8503C569623EE90C18C6B33542796207,Tester/logs/20261011.log,968216,2026-06-03,09:25,B152PR,"OL	0	00:08:52.229	Core 04	2026.06.03 09:25:00   [SRJ-IND] B152PR sym=USDJPY bar=2026.06.03 09:20 z1=1405,B,158.735,158.769,2026.05.20 19:00,1,2026.05.20 19:05,158.816,158.753"
167,JUNE0525-B162,1617DC1ACCE6B50ED2D1359582A70A8B8503C569623EE90C18C6B33542796207,Tester/logs/20261011.log,968217,2026-06-03,09:25,B152PR,"ER	0	00:08:52.229	Core 04	2026.06.03 09:25:00   [SRJ-IND] B152PR sym=USDJPY bar=2026.06.03 09:20 z1=1779,B,158.756,158.800,2026.05.25 06:45,1,2026.05.26 00:00,158.887,158.784"
168,JUNE0525-B162,1617DC1ACCE6B50ED2D1359582A70A8B8503C569623EE90C18C6B33542796207,Tester/logs/20261011.log,968218,2026-06-03,09:25,B152PR,"HH	0	00:08:52.229	Core 04	2026.06.03 09:25:00   [SRJ-IND] B152PR sym=USDJPY bar=2026.06.03 09:20 z1=1780,B,158.789,158.814,2026.05.25 04:50,1,2026.05.26 00:00,158.887,158.784"
169,JUNE0525-B162,1617DC1ACCE6B50ED2D1359582A70A8B8503C569623EE90C18C6B33542796207,Tester/logs/20261011.log,968219,2026-06-03,09:25,B152PR,"QN	0	00:08:52.229	Core 04	2026.06.03 09:25:00   [SRJ-IND] B152PR sym=USDJPY bar=2026.06.03 09:20 z1=1949,B,158.916,158.934,2026.05.26 07:25,1,2026.05.26 07:30,158.942,158.934"
170,JUNE0525-B162,1617DC1ACCE6B50ED2D1359582A70A8B8503C569623EE90C18C6B33542796207,Tester/logs/20261011.log,968220,2026-06-03,09:25,B152PR,"HD	0	00:08:52.229	Core 04	2026.06.03 09:25:00   [SRJ-IND] B152PR sym=USDJPY bar=2026.06.03 09:20 z1=2509,B,159.134,159.195,2026.05.29 19:10,1,2026.05.29 19:35,159.215,159.186"
171,JUNE0525-B162,1617DC1ACCE6B50ED2D1359582A70A8B8503C569623EE90C18C6B33542796207,Tester/logs/20261011.log,968221,2026-06-03,09:25,B152PR,"IJ	0	00:08:52.229	Core 04	2026.06.03 09:25:00   [SRJ-IND] B152PR sym=USDJPY bar=2026.06.03 09:20 z1=2820,B,159.792,159.823,2026.06.02 17:10,1,2026.06.02 17:40,159.832,159.810"
172,JUNE0525-B162,1617DC1ACCE6B50ED2D1359582A70A8B8503C569623EE90C18C6B33542796207,Tester/logs/20261011.log,968222,2026-06-03,09:25,B152PR,"GP	0	00:08:52.229	Core 04	2026.06.03 09:25:00   [SRJ-IND] B152PR sym=USDJPY bar=2026.06.03 09:20 z1=2928,B,159.894,159.912,2026.06.03 08:50,1,2026.06.03 09:00,159.927,159.905"
173,JUNE0525-B162,1617DC1ACCE6B50ED2D1359582A70A8B8503C569623EE90C18C6B33542796207,Tester/logs/20261011.log,968223,2026-06-03,09:25,B152PR,"LF	0	00:08:52.229	Core 04	2026.06.03 09:25:00   [SRJ-IND] B152PR sym=USDJPY bar=2026.06.03 09:20 z1=2930,B,159.906,159.913,2026.06.03 09:00,1,2026.06.03 09:05,159.929,159.905"
174,JUNE0525-B162,1617DC1ACCE6B50ED2D1359582A70A8B8503C569623EE90C18C6B33542796207,Tester/logs/20261011.log,968224,2026-06-03,09:25,B152PR,"FN	0	00:08:52.229	Core 04	2026.06.03 09:25:00   [SRJ-IND] B152PR sym=USDJPY bar=2026.06.03 09:20 bull=1 bear=0 nz=21"
175,JUNE0525-B162,1617DC1ACCE6B50ED2D1359582A70A8B8503C569623EE90C18C6B33542796207,Tester/logs/20261011.log,968225,2026-06-03,09:25,B162ORIGIN,"RQ	0	00:08:52.229	Core 04	2026.06.03 09:25:00   [SRJ-IND] B162ORIGIN sym=USDJPY bar=2026.06.03 09:20 side=B n=21 origin=2930 range=159.906-159.913 formT=2026.06.03 08:45 set=65,78,212,256,261,313,414,447,449,460,696,714,724,1405,1779,1780,1949,2509,2820,2928,2930"
176,JUNE0525-B162,1617DC1ACCE6B50ED2D1359582A70A8B8503C569623EE90C18C6B33542796207,Tester/logs/20261011.log,968226,2026-06-03,09:25,B162ORIGIN,"MP	0	00:08:52.229	Core 04	2026.06.03 09:25:00   [SRJ-IND] B162ORIGIN sym=USDJPY bar=2026.06.03 09:20 side=S n=0 origin=NONE range=- formT=- set=-"
177,JUNE0525-B162,1617DC1ACCE6B50ED2D1359582A70A8B8503C569623EE90C18C6B33542796207,Tester/logs/20261011.log,968232,2026-06-03,09:25,EXITCENSUS,"DE	0	00:08:52.229	Core 04	2026.06.03 09:25:00   [SRJ-EA] EXITCENSUS bar=2026.06.03 09:20 dir=LONG line=Daily-POC val=159.885 side=behind trigger=1 bodyLo=159.927 bodyHi=159.944 verdict=ok ownO=159.927 ownC=159.944 ownBrk=0"
178,JUNE0525-B162,1617DC1ACCE6B50ED2D1359582A70A8B8503C569623EE90C18C6B33542796207,Tester/logs/20261011.log,968233,2026-06-03,09:25,EXITCENSUS,"KE	0	00:08:52.229	Core 04	2026.06.03 09:25:00   [SRJ-EA] EXITCENSUS bar=2026.06.03 09:20 dir=LONG line=Daily-VWAP val=159.909 side=behind trigger=1 bodyLo=159.927 bodyHi=159.944 verdict=ok ownO=159.927 ownC=159.944 ownBrk=0"
179,JUNE0525-B162,1617DC1ACCE6B50ED2D1359582A70A8B8503C569623EE90C18C6B33542796207,Tester/logs/20261011.log,968234,2026-06-03,09:25,EXITCENSUS,"JR	0	00:08:52.229	Core 04	2026.06.03 09:25:00   [SRJ-EA] EXITCENSUS bar=2026.06.03 09:20 dir=LONG line=Weekly-POC val=159.717 side=behind trigger=1 bodyLo=159.927 bodyHi=159.944 verdict=ok ownO=159.927 ownC=159.944 ownBrk=0"
180,JUNE0525-B162,1617DC1ACCE6B50ED2D1359582A70A8B8503C569623EE90C18C6B33542796207,Tester/logs/20261011.log,968235,2026-06-03,09:25,EXITCENSUS,"HR	0	00:08:52.229	Core 04	2026.06.03 09:25:00   [SRJ-EA] EXITCENSUS bar=2026.06.03 09:20 dir=LONG line=Weekly-VWAP val=159.671 side=behind trigger=0 bodyLo=159.927 bodyHi=159.944 verdict=ok ownO=159.927 ownC=159.944 ownBrk=0"
181,JUNE0525-B162,1617DC1ACCE6B50ED2D1359582A70A8B8503C569623EE90C18C6B33542796207,Tester/logs/20261011.log,968236,2026-06-03,09:25,EXITCENSUS,"DD	0	00:08:52.229	Core 04	2026.06.03 09:25:00   [SRJ-EA] EXITCENSUS bar=2026.06.03 09:20 dir=LONG line=Monthly-POC val=159.717 side=behind trigger=1 bodyLo=159.927 bodyHi=159.944 verdict=ok ownO=159.927 ownC=159.944 ownBrk=0"
182,JUNE0525-B162,1617DC1ACCE6B50ED2D1359582A70A8B8503C569623EE90C18C6B33542796207,Tester/logs/20261011.log,968237,2026-06-03,09:25,EXITCENSUS,"DG	0	00:08:52.229	Core 04	2026.06.03 09:25:00   [SRJ-EA] EXITCENSUS bar=2026.06.03 09:20 dir=LONG line=Monthly-VWAP val=159.671 side=behind trigger=0 bodyLo=159.927 bodyHi=159.944 verdict=ok ownO=159.927 ownC=159.944 ownBrk=0"
183,JUNE0525-B162,1617DC1ACCE6B50ED2D1359582A70A8B8503C569623EE90C18C6B33542796207,Tester/logs/20261011.log,968240,2026-06-03,09:30,B152PR,"MH	0	00:08:52.229	Core 04	2026.06.03 09:30:00   [SRJ-IND] B152PR sym=USDJPY bar=2026.06.03 09:25 z1=65,B,156.672,156.773,2026.05.11 04:10,1,2026.05.12 08:55,157.714,156.726"
184,JUNE0525-B162,1617DC1ACCE6B50ED2D1359582A70A8B8503C569623EE90C18C6B33542796207,Tester/logs/20261011.log,968241,2026-06-03,09:30,B152PR,"EO	0	00:08:52.229	Core 04	2026.06.03 09:30:00   [SRJ-IND] B152PR sym=USDJPY bar=2026.06.03 09:25 z1=78,B,156.578,156.584,2026.05.11 00:35,1,2026.05.11 00:40,156.644,156.537"
185,JUNE0525-B162,1617DC1ACCE6B50ED2D1359582A70A8B8503C569623EE90C18C6B33542796207,Tester/logs/20261011.log,968242,2026-06-03,09:30,B152PR,"KF	0	00:08:52.229	Core 04	2026.06.03 09:30:00   [SRJ-IND] B152PR sym=USDJPY bar=2026.06.03 09:25 z1=212,B,157.028,157.060,2026.05.11 19:20,1,2026.05.12 00:00,157.152,157.050"
186,JUNE0525-B162,1617DC1ACCE6B50ED2D1359582A70A8B8503C569623EE90C18C6B33542796207,Tester/logs/20261011.log,968243,2026-06-03,09:30,B152PR,"GH	0	00:08:52.229	Core 04	2026.06.03 09:30:00   [SRJ-IND] B152PR sym=USDJPY bar=2026.06.03 09:25 z1=256,B,157.172,157.178,2026.05.12 01:25,1,2026.05.12 08:55,157.714,156.726"
187,JUNE0525-B162,1617DC1ACCE6B50ED2D1359582A70A8B8503C569623EE90C18C6B33542796207,Tester/logs/20261011.log,968244,2026-06-03,09:30,B152PR,"MR	0	00:08:52.229	Core 04	2026.06.03 09:30:00   [SRJ-IND] B152PR sym=USDJPY bar=2026.06.03 09:25 z1=261,B,157.184,157.192,2026.05.12 03:00,1,2026.05.12 08:55,157.714,156.726"
188,JUNE0525-B162,1617DC1ACCE6B50ED2D1359582A70A8B8503C569623EE90C18C6B33542796207,Tester/logs/20261011.log,968245,2026-06-03,09:30,B152PR,"ED	0	00:08:52.229	Core 04	2026.06.03 09:30:00   [SRJ-IND] B152PR sym=USDJPY bar=2026.06.03 09:25 z1=313,B,157.331,157.497,2026.05.12 10:00,1,2026.05.12 10:10,157.546,157.487"
189,JUNE0525-B162,1617DC1ACCE6B50ED2D1359582A70A8B8503C569623EE90C18C6B33542796207,Tester/logs/20261011.log,968246,2026-06-03,09:30,B152PR,"LN	0	00:08:52.229	Core 04	2026.06.03 09:30:00   [SRJ-IND] B152PR sym=USDJPY bar=2026.06.03 09:25 z1=414,B,157.517,157.589,2026.05.13 01:10,1,2026.05.13 01:20,157.607,157.587"
190,JUNE0525-B162,1617DC1ACCE6B50ED2D1359582A70A8B8503C569623EE90C18C6B33542796207,Tester/logs/20261011.log,968247,2026-06-03,09:30,B152PR,"KS	0	00:08:52.229	Core 04	2026.06.03 09:30:00   [SRJ-IND] B152PR sym=USDJPY bar=2026.06.03 09:25 z1=447,B,157.562,157.648,2026.05.13 06:20,1,2026.05.13 06:25,157.662,157.648"
191,JUNE0525-B162,1617DC1ACCE6B50ED2D1359582A70A8B8503C569623EE90C18C6B33542796207,Tester/logs/20261011.log,968248,2026-06-03,09:30,B152PR,"PE	0	00:08:52.229	Core 04	2026.06.03 09:30:00   [SRJ-IND] B152PR sym=USDJPY bar=2026.06.03 09:25 z1=449,B,157.599,157.654,2026.05.13 05:15,1,2026.05.13 05:45,157.687,157.652"
192,JUNE0525-B162,1617DC1ACCE6B50ED2D1359582A70A8B8503C569623EE90C18C6B33542796207,Tester/logs/20261011.log,968249,2026-06-03,09:30,B152PR,"EO	0	00:08:52.229	Core 04	2026.06.03 09:30:00   [SRJ-IND] B152PR sym=USDJPY bar=2026.06.03 09:25 z1=460,B,157.645,157.660,2026.05.13 07:05,1,2026.05.14 00:25,157.812,157.650"
193,JUNE0525-B162,1617DC1ACCE6B50ED2D1359582A70A8B8503C569623EE90C18C6B33542796207,Tester/logs/20261011.log,968250,2026-06-03,09:30,B152PR,"IQ	0	00:08:52.229	Core 04	2026.06.03 09:30:00   [SRJ-IND] B152PR sym=USDJPY bar=2026.06.03 09:25 z1=696,B,157.568,158.167,2026.05.14 18:05,1,2026.05.14 18:10,158.191,158.119"
194,JUNE0525-B162,1617DC1ACCE6B50ED2D1359582A70A8B8503C569623EE90C18C6B33542796207,Tester/logs/20261011.log,968251,2026-06-03,09:30,B152PR,"EK	0	00:08:52.229	Core 04	2026.06.03 09:30:00   [SRJ-IND] B152PR sym=USDJPY bar=2026.06.03 09:25 z1=714,B,158.107,158.142,2026.05.14 19:30,1,2026.05.14 20:00,158.169,158.142"
195,JUNE0525-B162,1617DC1ACCE6B50ED2D1359582A70A8B8503C569623EE90C18C6B33542796207,Tester/logs/20261011.log,968252,2026-06-03,09:30,B152PR,"HM	0	00:08:52.229	Core 04	2026.06.03 09:30:00   [SRJ-IND] B152PR sym=USDJPY bar=2026.06.03 09:25 z1=724,B,158.168,158.186,2026.05.14 21:00,1,2026.05.14 21:05,158.191,158.182"
196,JUNE0525-B162,1617DC1ACCE6B50ED2D1359582A70A8B8503C569623EE90C18C6B33542796207,Tester/logs/20261011.log,968253,2026-06-03,09:30,B152PR,"JD	0	00:08:52.229	Core 04	2026.06.03 09:30:00   [SRJ-IND] B152PR sym=USDJPY bar=2026.06.03 09:25 z1=1405,B,158.735,158.769,2026.05.20 19:00,1,2026.05.20 19:05,158.816,158.753"
197,JUNE0525-B162,1617DC1ACCE6B50ED2D1359582A70A8B8503C569623EE90C18C6B33542796207,Tester/logs/20261011.log,968254,2026-06-03,09:30,B152PR,"LJ	0	00:08:52.229	Core 04	2026.06.03 09:30:00   [SRJ-IND] B152PR sym=USDJPY bar=2026.06.03 09:25 z1=1779,B,158.756,158.800,2026.05.25 06:45,1,2026.05.26 00:00,158.887,158.784"
198,JUNE0525-B162,1617DC1ACCE6B50ED2D1359582A70A8B8503C569623EE90C18C6B33542796207,Tester/logs/20261011.log,968255,2026-06-03,09:30,B152PR,"QP	0	00:08:52.229	Core 04	2026.06.03 09:30:00   [SRJ-IND] B152PR sym=USDJPY bar=2026.06.03 09:25 z1=1780,B,158.789,158.814,2026.05.25 04:50,1,2026.05.26 00:00,158.887,158.784"
199,JUNE0525-B162,1617DC1ACCE6B50ED2D1359582A70A8B8503C569623EE90C18C6B33542796207,Tester/logs/20261011.log,968256,2026-06-03,09:30,B152PR,"HF	0	00:08:52.229	Core 04	2026.06.03 09:30:00   [SRJ-IND] B152PR sym=USDJPY bar=2026.06.03 09:25 z1=1949,B,158.916,158.934,2026.05.26 07:25,1,2026.05.26 07:30,158.942,158.934"
200,JUNE0525-B162,1617DC1ACCE6B50ED2D1359582A70A8B8503C569623EE90C18C6B33542796207,Tester/logs/20261011.log,968257,2026-06-03,09:30,B152PR,"QL	0	00:08:52.229	Core 04	2026.06.03 09:30:00   [SRJ-IND] B152PR sym=USDJPY bar=2026.06.03 09:25 z1=2509,B,159.134,159.195,2026.05.29 19:10,1,2026.05.29 19:35,159.215,159.186"
201,JUNE0525-B162,1617DC1ACCE6B50ED2D1359582A70A8B8503C569623EE90C18C6B33542796207,Tester/logs/20261011.log,968258,2026-06-03,09:30,B152PR,"PR	0	00:08:52.229	Core 04	2026.06.03 09:30:00   [SRJ-IND] B152PR sym=USDJPY bar=2026.06.03 09:25 z1=2820,B,159.792,159.823,2026.06.02 17:10,1,2026.06.02 17:40,159.832,159.810"
202,JUNE0525-B162,1617DC1ACCE6B50ED2D1359582A70A8B8503C569623EE90C18C6B33542796207,Tester/logs/20261011.log,968259,2026-06-03,09:30,B152PR,"RH	0	00:08:52.229	Core 04	2026.06.03 09:30:00   [SRJ-IND] B152PR sym=USDJPY bar=2026.06.03 09:25 z1=2928,B,159.894,159.912,2026.06.03 08:50,1,2026.06.03 09:00,159.927,159.905"
203,JUNE0525-B162,1617DC1ACCE6B50ED2D1359582A70A8B8503C569623EE90C18C6B33542796207,Tester/logs/20261011.log,968260,2026-06-03,09:30,B152PR,"EN	0	00:08:52.229	Core 04	2026.06.03 09:30:00   [SRJ-IND] B152PR sym=USDJPY bar=2026.06.03 09:25 z1=2930,B,159.906,159.913,2026.06.03 09:00,1,2026.06.03 09:05,159.929,159.905"
204,JUNE0525-B162,1617DC1ACCE6B50ED2D1359582A70A8B8503C569623EE90C18C6B33542796207,Tester/logs/20261011.log,968261,2026-06-03,09:30,B152PR,"KF	0	00:08:52.229	Core 04	2026.06.03 09:30:00   [SRJ-IND] B152PR sym=USDJPY bar=2026.06.03 09:25 bull=1 bear=0 nz=21"
205,JUNE0525-B162,1617DC1ACCE6B50ED2D1359582A70A8B8503C569623EE90C18C6B33542796207,Tester/logs/20261011.log,968262,2026-06-03,09:30,B162ORIGIN,"GN	0	00:08:52.229	Core 04	2026.06.03 09:30:00   [SRJ-IND] B162ORIGIN sym=USDJPY bar=2026.06.03 09:25 side=B n=21 origin=2930 range=159.906-159.913 formT=2026.06.03 08:45 set=65,78,212,256,261,313,414,447,449,460,696,714,724,1405,1779,1780,1949,2509,2820,2928,2930"
206,JUNE0525-B162,1617DC1ACCE6B50ED2D1359582A70A8B8503C569623EE90C18C6B33542796207,Tester/logs/20261011.log,968263,2026-06-03,09:30,B162ORIGIN,"PH	0	00:08:52.229	Core 04	2026.06.03 09:30:00   [SRJ-IND] B162ORIGIN sym=USDJPY bar=2026.06.03 09:25 side=S n=0 origin=NONE range=- formT=- set=-"
207,JUNE0525-B162,1617DC1ACCE6B50ED2D1359582A70A8B8503C569623EE90C18C6B33542796207,Tester/logs/20261011.log,968270,2026-06-03,09:30,EXITCENSUS,"HM	0	00:08:52.229	Core 04	2026.06.03 09:30:00   [SRJ-EA] EXITCENSUS bar=2026.06.03 09:25 dir=LONG line=Daily-POC val=159.885 side=behind trigger=1 bodyLo=159.937 bodyHi=159.944 verdict=ok ownO=159.944 ownC=159.936 ownBrk=0"
208,JUNE0525-B162,1617DC1ACCE6B50ED2D1359582A70A8B8503C569623EE90C18C6B33542796207,Tester/logs/20261011.log,968271,2026-06-03,09:30,EXITCENSUS,"GM	0	00:08:52.229	Core 04	2026.06.03 09:30:00   [SRJ-EA] EXITCENSUS bar=2026.06.03 09:25 dir=LONG line=Daily-VWAP val=159.910 side=behind trigger=1 bodyLo=159.937 bodyHi=159.944 verdict=ok ownO=159.944 ownC=159.936 ownBrk=0"
209,JUNE0525-B162,1617DC1ACCE6B50ED2D1359582A70A8B8503C569623EE90C18C6B33542796207,Tester/logs/20261011.log,968272,2026-06-03,09:30,EXITCENSUS,"FJ	0	00:08:52.229	Core 04	2026.06.03 09:30:00   [SRJ-EA] EXITCENSUS bar=2026.06.03 09:25 dir=LONG line=Weekly-POC val=159.717 side=behind trigger=1 bodyLo=159.937 bodyHi=159.944 verdict=ok ownO=159.944 ownC=159.936 ownBrk=0"
210,JUNE0525-B162,1617DC1ACCE6B50ED2D1359582A70A8B8503C569623EE90C18C6B33542796207,Tester/logs/20261011.log,968273,2026-06-03,09:30,EXITCENSUS,"LJ	0	00:08:52.229	Core 04	2026.06.03 09:30:00   [SRJ-EA] EXITCENSUS bar=2026.06.03 09:25 dir=LONG line=Weekly-VWAP val=159.671 side=behind trigger=0 bodyLo=159.937 bodyHi=159.944 verdict=ok ownO=159.944 ownC=159.936 ownBrk=0"
211,JUNE0525-B162,1617DC1ACCE6B50ED2D1359582A70A8B8503C569623EE90C18C6B33542796207,Tester/logs/20261011.log,968274,2026-06-03,09:30,EXITCENSUS,"HL	0	00:08:52.229	Core 04	2026.06.03 09:30:00   [SRJ-EA] EXITCENSUS bar=2026.06.03 09:25 dir=LONG line=Monthly-POC val=159.717 side=behind trigger=1 bodyLo=159.937 bodyHi=159.944 verdict=ok ownO=159.944 ownC=159.936 ownBrk=0"
212,JUNE0525-B162,1617DC1ACCE6B50ED2D1359582A70A8B8503C569623EE90C18C6B33542796207,Tester/logs/20261011.log,968275,2026-06-03,09:30,EXITCENSUS,"PL	0	00:08:52.229	Core 04	2026.06.03 09:30:00   [SRJ-EA] EXITCENSUS bar=2026.06.03 09:25 dir=LONG line=Monthly-VWAP val=159.671 side=behind trigger=0 bodyLo=159.937 bodyHi=159.944 verdict=ok ownO=159.944 ownC=159.936 ownBrk=0"
213,JUNE0525-B162,1617DC1ACCE6B50ED2D1359582A70A8B8503C569623EE90C18C6B33542796207,Tester/logs/20261011.log,968278,2026-06-03,09:35,B152PR,"CQ	0	00:08:52.229	Core 04	2026.06.03 09:35:07   [SRJ-IND] B152PR sym=USDJPY bar=2026.06.03 09:30 z1=65,B,156.672,156.773,2026.05.11 04:10,1,2026.05.12 08:55,157.714,156.726"
214,JUNE0525-B162,1617DC1ACCE6B50ED2D1359582A70A8B8503C569623EE90C18C6B33542796207,Tester/logs/20261011.log,968279,2026-06-03,09:35,B152PR,"CG	0	00:08:52.229	Core 04	2026.06.03 09:35:07   [SRJ-IND] B152PR sym=USDJPY bar=2026.06.03 09:30 z1=78,B,156.578,156.584,2026.05.11 00:35,1,2026.05.11 00:40,156.644,156.537"
215,JUNE0525-B162,1617DC1ACCE6B50ED2D1359582A70A8B8503C569623EE90C18C6B33542796207,Tester/logs/20261011.log,968280,2026-06-03,09:35,B152PR,"EN	0	00:08:52.229	Core 04	2026.06.03 09:35:07   [SRJ-IND] B152PR sym=USDJPY bar=2026.06.03 09:30 z1=212,B,157.028,157.060,2026.05.11 19:20,1,2026.05.12 00:00,157.152,157.050"
216,JUNE0525-B162,1617DC1ACCE6B50ED2D1359582A70A8B8503C569623EE90C18C6B33542796207,Tester/logs/20261011.log,968281,2026-06-03,09:35,B152PR,"IP	0	00:08:52.229	Core 04	2026.06.03 09:35:07   [SRJ-IND] B152PR sym=USDJPY bar=2026.06.03 09:30 z1=256,B,157.172,157.178,2026.05.12 01:25,1,2026.05.12 08:55,157.714,156.726"
217,JUNE0525-B162,1617DC1ACCE6B50ED2D1359582A70A8B8503C569623EE90C18C6B33542796207,Tester/logs/20261011.log,968282,2026-06-03,09:35,B152PR,"KJ	0	00:08:52.229	Core 04	2026.06.03 09:35:07   [SRJ-IND] B152PR sym=USDJPY bar=2026.06.03 09:30 z1=261,B,157.184,157.192,2026.05.12 03:00,1,2026.05.12 08:55,157.714,156.726"
218,JUNE0525-B162,1617DC1ACCE6B50ED2D1359582A70A8B8503C569623EE90C18C6B33542796207,Tester/logs/20261011.log,968283,2026-06-03,09:35,B152PR,"KO	0	00:08:52.229	Core 04	2026.06.03 09:35:07   [SRJ-IND] B152PR sym=USDJPY bar=2026.06.03 09:30 z1=313,B,157.331,157.497,2026.05.12 10:00,1,2026.05.12 10:10,157.546,157.487"
219,JUNE0525-B162,1617DC1ACCE6B50ED2D1359582A70A8B8503C569623EE90C18C6B33542796207,Tester/logs/20261011.log,968284,2026-06-03,09:35,B152PR,"FQ	0	00:08:52.229	Core 04	2026.06.03 09:35:07   [SRJ-IND] B152PR sym=USDJPY bar=2026.06.03 09:30 z1=414,B,157.517,157.589,2026.05.13 01:10,1,2026.05.13 01:20,157.607,157.587"
220,JUNE0525-B162,1617DC1ACCE6B50ED2D1359582A70A8B8503C569623EE90C18C6B33542796207,Tester/logs/20261011.log,968285,2026-06-03,09:35,B152PR,"MK	0	00:08:52.229	Core 04	2026.06.03 09:35:07   [SRJ-IND] B152PR sym=USDJPY bar=2026.06.03 09:30 z1=447,B,157.562,157.648,2026.05.13 06:20,1,2026.05.13 06:25,157.662,157.648"
221,JUNE0525-B162,1617DC1ACCE6B50ED2D1359582A70A8B8503C569623EE90C18C6B33542796207,Tester/logs/20261011.log,968286,2026-06-03,09:35,B152PR,"RM	0	00:08:52.229	Core 04	2026.06.03 09:35:07   [SRJ-IND] B152PR sym=USDJPY bar=2026.06.03 09:30 z1=449,B,157.599,157.654,2026.05.13 05:15,1,2026.05.13 05:45,157.687,157.652"
222,JUNE0525-B162,1617DC1ACCE6B50ED2D1359582A70A8B8503C569623EE90C18C6B33542796207,Tester/logs/20261011.log,968287,2026-06-03,09:35,B152PR,"KG	0	00:08:52.229	Core 04	2026.06.03 09:35:07   [SRJ-IND] B152PR sym=USDJPY bar=2026.06.03 09:30 z1=460,B,157.645,157.660,2026.05.13 07:05,1,2026.05.14 00:25,157.812,157.650"
223,JUNE0525-B162,1617DC1ACCE6B50ED2D1359582A70A8B8503C569623EE90C18C6B33542796207,Tester/logs/20261011.log,968288,2026-06-03,09:35,B152PR,"OI	0	00:08:52.229	Core 04	2026.06.03 09:35:07   [SRJ-IND] B152PR sym=USDJPY bar=2026.06.03 09:30 z1=696,B,157.568,158.167,2026.05.14 18:05,1,2026.05.14 18:10,158.191,158.119"
224,JUNE0525-B162,1617DC1ACCE6B50ED2D1359582A70A8B8503C569623EE90C18C6B33542796207,Tester/logs/20261011.log,968289,2026-06-03,09:35,B152PR,"CS	0	00:08:52.229	Core 04	2026.06.03 09:35:07   [SRJ-IND] B152PR sym=USDJPY bar=2026.06.03 09:30 z1=714,B,158.107,158.142,2026.05.14 19:30,1,2026.05.14 20:00,158.169,158.142"
225,JUNE0525-B162,1617DC1ACCE6B50ED2D1359582A70A8B8503C569623EE90C18C6B33542796207,Tester/logs/20261011.log,968290,2026-06-03,09:35,B152PR,"JE	0	00:08:52.229	Core 04	2026.06.03 09:35:07   [SRJ-IND] B152PR sym=USDJPY bar=2026.06.03 09:30 z1=724,B,158.168,158.186,2026.05.14 21:00,1,2026.05.14 21:05,158.191,158.182"
226,JUNE0525-B162,1617DC1ACCE6B50ED2D1359582A70A8B8503C569623EE90C18C6B33542796207,Tester/logs/20261011.log,968291,2026-06-03,09:35,B152PR,"PM	0	00:08:52.229	Core 04	2026.06.03 09:35:07   [SRJ-IND] B152PR sym=USDJPY bar=2026.06.03 09:30 z1=1405,B,158.735,158.769,2026.05.20 19:00,1,2026.05.20 19:05,158.816,158.753"
227,JUNE0525-B162,1617DC1ACCE6B50ED2D1359582A70A8B8503C569623EE90C18C6B33542796207,Tester/logs/20261011.log,968292,2026-06-03,09:35,B152PR,"FS	0	00:08:52.229	Core 04	2026.06.03 09:35:07   [SRJ-IND] B152PR sym=USDJPY bar=2026.06.03 09:30 z1=1779,B,158.756,158.800,2026.05.25 06:45,1,2026.05.26 00:00,158.887,158.784"
228,JUNE0525-B162,1617DC1ACCE6B50ED2D1359582A70A8B8503C569623EE90C18C6B33542796207,Tester/logs/20261011.log,968293,2026-06-03,09:35,B152PR,"GI	0	00:08:52.229	Core 04	2026.06.03 09:35:07   [SRJ-IND] B152PR sym=USDJPY bar=2026.06.03 09:30 z1=1780,B,158.789,158.814,2026.05.25 04:50,1,2026.05.26 00:00,158.887,158.784"
229,JUNE0525-B162,1617DC1ACCE6B50ED2D1359582A70A8B8503C569623EE90C18C6B33542796207,Tester/logs/20261011.log,968294,2026-06-03,09:35,B152PR,"RO	0	00:08:52.229	Core 04	2026.06.03 09:35:07   [SRJ-IND] B152PR sym=USDJPY bar=2026.06.03 09:30 z1=1949,B,158.916,158.934,2026.05.26 07:25,1,2026.05.26 07:30,158.942,158.934"
230,JUNE0525-B162,1617DC1ACCE6B50ED2D1359582A70A8B8503C569623EE90C18C6B33542796207,Tester/logs/20261011.log,968295,2026-06-03,09:35,B152PR,"GE	0	00:08:52.229	Core 04	2026.06.03 09:35:07   [SRJ-IND] B152PR sym=USDJPY bar=2026.06.03 09:30 z1=2509,B,159.134,159.195,2026.05.29 19:10,1,2026.05.29 19:35,159.215,159.186"
231,JUNE0525-B162,1617DC1ACCE6B50ED2D1359582A70A8B8503C569623EE90C18C6B33542796207,Tester/logs/20261011.log,968296,2026-06-03,09:35,B152PR,"JK	0	00:08:52.229	Core 04	2026.06.03 09:35:07   [SRJ-IND] B152PR sym=USDJPY bar=2026.06.03 09:30 z1=2820,B,159.792,159.823,2026.06.02 17:10,1,2026.06.02 17:40,159.832,159.810"
232,JUNE0525-B162,1617DC1ACCE6B50ED2D1359582A70A8B8503C569623EE90C18C6B33542796207,Tester/logs/20261011.log,968297,2026-06-03,09:35,B152PR,"HQ	0	00:08:52.229	Core 04	2026.06.03 09:35:07   [SRJ-IND] B152PR sym=USDJPY bar=2026.06.03 09:30 z1=2928,B,159.894,159.912,2026.06.03 08:50,1,2026.06.03 09:00,159.927,159.905"
233,JUNE0525-B162,1617DC1ACCE6B50ED2D1359582A70A8B8503C569623EE90C18C6B33542796207,Tester/logs/20261011.log,968298,2026-06-03,09:35,B152PR,"KG	0	00:08:52.229	Core 04	2026.06.03 09:35:07   [SRJ-IND] B152PR sym=USDJPY bar=2026.06.03 09:30 z1=2930,B,159.906,159.913,2026.06.03 09:00,1,2026.06.03 09:05,159.929,159.905"
234,JUNE0525-B162,1617DC1ACCE6B50ED2D1359582A70A8B8503C569623EE90C18C6B33542796207,Tester/logs/20261011.log,968299,2026-06-03,09:35,B152PR,"EO	0	00:08:52.229	Core 04	2026.06.03 09:35:07   [SRJ-IND] B152PR sym=USDJPY bar=2026.06.03 09:30 bull=1 bear=0 nz=21"
235,JUNE0525-B162,1617DC1ACCE6B50ED2D1359582A70A8B8503C569623EE90C18C6B33542796207,Tester/logs/20261011.log,968300,2026-06-03,09:35,B162ORIGIN,"IF	0	00:08:52.229	Core 04	2026.06.03 09:35:07   [SRJ-IND] B162ORIGIN sym=USDJPY bar=2026.06.03 09:30 side=B n=21 origin=2930 range=159.906-159.913 formT=2026.06.03 08:45 set=65,78,212,256,261,313,414,447,449,460,696,714,724,1405,1779,1780,1949,2509,2820,2928,2930"
236,JUNE0525-B162,1617DC1ACCE6B50ED2D1359582A70A8B8503C569623EE90C18C6B33542796207,Tester/logs/20261011.log,968301,2026-06-03,09:35,B162ORIGIN,"JQ	0	00:08:52.229	Core 04	2026.06.03 09:35:07   [SRJ-IND] B162ORIGIN sym=USDJPY bar=2026.06.03 09:30 side=S n=0 origin=NONE range=- formT=- set=-"
237,JUNE0525-B162,1617DC1ACCE6B50ED2D1359582A70A8B8503C569623EE90C18C6B33542796207,Tester/logs/20261011.log,968307,2026-06-03,09:35,EXITCENSUS,"LD	0	00:08:52.229	Core 04	2026.06.03 09:35:07   [SRJ-EA] EXITCENSUS bar=2026.06.03 09:30 dir=LONG line=Daily-POC val=159.885 side=behind trigger=1 bodyLo=159.937 bodyHi=159.944 verdict=ok ownO=159.937 ownC=159.945 ownBrk=0"
238,JUNE0525-B162,1617DC1ACCE6B50ED2D1359582A70A8B8503C569623EE90C18C6B33542796207,Tester/logs/20261011.log,968308,2026-06-03,09:35,EXITCENSUS,"KD	0	00:08:52.229	Core 04	2026.06.03 09:35:07   [SRJ-EA] EXITCENSUS bar=2026.06.03 09:30 dir=LONG line=Daily-VWAP val=159.910 side=behind trigger=1 bodyLo=159.937 bodyHi=159.944 verdict=ok ownO=159.937 ownC=159.945 ownBrk=0"
239,JUNE0525-B162,1617DC1ACCE6B50ED2D1359582A70A8B8503C569623EE90C18C6B33542796207,Tester/logs/20261011.log,968309,2026-06-03,09:35,EXITCENSUS,"NS	0	00:08:52.229	Core 04	2026.06.03 09:35:07   [SRJ-EA] EXITCENSUS bar=2026.06.03 09:30 dir=LONG line=Weekly-POC val=159.717 side=behind trigger=1 bodyLo=159.937 bodyHi=159.944 verdict=ok ownO=159.937 ownC=159.945 ownBrk=0"
240,JUNE0525-B162,1617DC1ACCE6B50ED2D1359582A70A8B8503C569623EE90C18C6B33542796207,Tester/logs/20261011.log,968310,2026-06-03,09:35,EXITCENSUS,"IS	0	00:08:52.229	Core 04	2026.06.03 09:35:07   [SRJ-EA] EXITCENSUS bar=2026.06.03 09:30 dir=LONG line=Weekly-VWAP val=159.672 side=behind trigger=0 bodyLo=159.937 bodyHi=159.944 verdict=ok ownO=159.937 ownC=159.945 ownBrk=0"
241,JUNE0525-B162,1617DC1ACCE6B50ED2D1359582A70A8B8503C569623EE90C18C6B33542796207,Tester/logs/20261011.log,968311,2026-06-03,09:35,EXITCENSUS,"LD	0	00:08:52.229	Core 04	2026.06.03 09:35:07   [SRJ-EA] EXITCENSUS bar=2026.06.03 09:30 dir=LONG line=Monthly-POC val=159.717 side=behind trigger=1 bodyLo=159.937 bodyHi=159.944 verdict=ok ownO=159.937 ownC=159.945 ownBrk=0"
242,JUNE0525-B162,1617DC1ACCE6B50ED2D1359582A70A8B8503C569623EE90C18C6B33542796207,Tester/logs/20261011.log,968312,2026-06-03,09:35,EXITCENSUS,"ED	0	00:08:52.229	Core 04	2026.06.03 09:35:07   [SRJ-EA] EXITCENSUS bar=2026.06.03 09:30 dir=LONG line=Monthly-VWAP val=159.672 side=behind trigger=0 bodyLo=159.937 bodyHi=159.944 verdict=ok ownO=159.937 ownC=159.945 ownBrk=0"
243,JUNE0525-B162,1617DC1ACCE6B50ED2D1359582A70A8B8503C569623EE90C18C6B33542796207,Tester/logs/20261011.log,968315,2026-06-03,09:40,B152PR,"MI	0	00:08:52.229	Core 04	2026.06.03 09:40:00   [SRJ-IND] B152PR sym=USDJPY bar=2026.06.03 09:35 z1=65,B,156.672,156.773,2026.05.11 04:10,1,2026.05.12 08:55,157.714,156.726"
244,JUNE0525-B162,1617DC1ACCE6B50ED2D1359582A70A8B8503C569623EE90C18C6B33542796207,Tester/logs/20261011.log,968316,2026-06-03,09:40,B152PR,"MO	0	00:08:52.229	Core 04	2026.06.03 09:40:00   [SRJ-IND] B152PR sym=USDJPY bar=2026.06.03 09:35 z1=78,B,156.578,156.584,2026.05.11 00:35,1,2026.05.11 00:40,156.644,156.537"
245,JUNE0525-B162,1617DC1ACCE6B50ED2D1359582A70A8B8503C569623EE90C18C6B33542796207,Tester/logs/20261011.log,968317,2026-06-03,09:40,B152PR,"KQ	0	00:08:52.229	Core 04	2026.06.03 09:40:00   [SRJ-IND] B152PR sym=USDJPY bar=2026.06.03 09:35 z1=212,B,157.028,157.060,2026.05.11 19:20,1,2026.05.12 00:00,157.152,157.050"
246,JUNE0525-B162,1617DC1ACCE6B50ED2D1359582A70A8B8503C569623EE90C18C6B33542796207,Tester/logs/20261011.log,968318,2026-06-03,09:40,B152PR,"KK	0	00:08:52.229	Core 04	2026.06.03 09:40:00   [SRJ-IND] B152PR sym=USDJPY bar=2026.06.03 09:35 z1=256,B,157.172,157.178,2026.05.12 01:25,1,2026.05.12 08:55,157.714,156.726"
247,JUNE0525-B162,1617DC1ACCE6B50ED2D1359582A70A8B8503C569623EE90C18C6B33542796207,Tester/logs/20261011.log,968319,2026-06-03,09:40,B152PR,"EM	0	00:08:52.229	Core 04	2026.06.03 09:40:00   [SRJ-IND] B152PR sym=USDJPY bar=2026.06.03 09:35 z1=261,B,157.184,157.192,2026.05.12 03:00,1,2026.05.12 08:55,157.714,156.726"
248,JUNE0525-B162,1617DC1ACCE6B50ED2D1359582A70A8B8503C569623EE90C18C6B33542796207,Tester/logs/20261011.log,968320,2026-06-03,09:40,B152PR,"QG	0	00:08:52.229	Core 04	2026.06.03 09:40:00   [SRJ-IND] B152PR sym=USDJPY bar=2026.06.03 09:35 z1=313,B,157.331,157.497,2026.05.12 10:00,1,2026.05.12 10:10,157.546,157.487"
249,JUNE0525-B162,1617DC1ACCE6B50ED2D1359582A70A8B8503C569623EE90C18C6B33542796207,Tester/logs/20261011.log,968321,2026-06-03,09:40,B152PR,"LI	0	00:08:52.229	Core 04	2026.06.03 09:40:00   [SRJ-IND] B152PR sym=USDJPY bar=2026.06.03 09:35 z1=414,B,157.517,157.589,2026.05.13 01:10,1,2026.05.13 01:20,157.607,157.587"
250,JUNE0525-B162,1617DC1ACCE6B50ED2D1359582A70A8B8503C569623EE90C18C6B33542796207,Tester/logs/20261011.log,968322,2026-06-03,09:40,B152PR,"GS	0	00:08:52.229	Core 04	2026.06.03 09:40:00   [SRJ-IND] B152PR sym=USDJPY bar=2026.06.03 09:35 z1=447,B,157.562,157.648,2026.05.13 06:20,1,2026.05.13 06:25,157.662,157.648"
251,JUNE0525-B162,1617DC1ACCE6B50ED2D1359582A70A8B8503C569623EE90C18C6B33542796207,Tester/logs/20261011.log,968323,2026-06-03,09:40,B152PR,"HE	0	00:08:52.229	Core 04	2026.06.03 09:40:00   [SRJ-IND] B152PR sym=USDJPY bar=2026.06.03 09:35 z1=449,B,157.599,157.654,2026.05.13 05:15,1,2026.05.13 05:45,157.687,157.652"
252,JUNE0525-B162,1617DC1ACCE6B50ED2D1359582A70A8B8503C569623EE90C18C6B33542796207,Tester/logs/20261011.log,968324,2026-06-03,09:40,B152PR,"QO	0	00:08:52.229	Core 04	2026.06.03 09:40:00   [SRJ-IND] B152PR sym=USDJPY bar=2026.06.03 09:35 z1=460,B,157.645,157.660,2026.05.13 07:05,1,2026.05.14 00:25,157.812,157.650"
253,JUNE0525-B162,1617DC1ACCE6B50ED2D1359582A70A8B8503C569623EE90C18C6B33542796207,Tester/logs/20261011.log,968325,2026-06-03,09:40,B152PR,"IP	0	00:08:52.229	Core 04	2026.06.03 09:40:00   [SRJ-IND] B152PR sym=USDJPY bar=2026.06.03 09:35 z1=696,B,157.568,158.167,2026.05.14 18:05,1,2026.05.14 18:10,158.191,158.119"
254,JUNE0525-B162,1617DC1ACCE6B50ED2D1359582A70A8B8503C569623EE90C18C6B33542796207,Tester/logs/20261011.log,968326,2026-06-03,09:40,B152PR,"QJ	0	00:08:52.229	Core 04	2026.06.03 09:40:00   [SRJ-IND] B152PR sym=USDJPY bar=2026.06.03 09:35 z1=714,B,158.107,158.142,2026.05.14 19:30,1,2026.05.14 20:00,158.169,158.142"
255,JUNE0525-B162,1617DC1ACCE6B50ED2D1359582A70A8B8503C569623EE90C18C6B33542796207,Tester/logs/20261011.log,968327,2026-06-03,09:40,B152PR,"PL	0	00:08:52.229	Core 04	2026.06.03 09:40:00   [SRJ-IND] B152PR sym=USDJPY bar=2026.06.03 09:35 z1=724,B,158.168,158.186,2026.05.14 21:00,1,2026.05.14 21:05,158.191,158.182"
256,JUNE0525-B162,1617DC1ACCE6B50ED2D1359582A70A8B8503C569623EE90C18C6B33542796207,Tester/logs/20261011.log,968328,2026-06-03,09:40,B152PR,"NE	0	00:08:52.229	Core 04	2026.06.03 09:40:00   [SRJ-IND] B152PR sym=USDJPY bar=2026.06.03 09:35 z1=1405,B,158.735,158.769,2026.05.20 19:00,1,2026.05.20 19:05,158.816,158.753"
257,JUNE0525-B162,1617DC1ACCE6B50ED2D1359582A70A8B8503C569623EE90C18C6B33542796207,Tester/logs/20261011.log,968329,2026-06-03,09:40,B152PR,"HK	0	00:08:52.229	Core 04	2026.06.03 09:40:00   [SRJ-IND] B152PR sym=USDJPY bar=2026.06.03 09:35 z1=1779,B,158.756,158.800,2026.05.25 06:45,1,2026.05.26 00:00,158.887,158.784"
258,JUNE0525-B162,1617DC1ACCE6B50ED2D1359582A70A8B8503C569623EE90C18C6B33542796207,Tester/logs/20261011.log,968330,2026-06-03,09:40,B152PR,"EQ	0	00:08:52.229	Core 04	2026.06.03 09:40:00   [SRJ-IND] B152PR sym=USDJPY bar=2026.06.03 09:35 z1=1780,B,158.789,158.814,2026.05.25 04:50,1,2026.05.26 00:00,158.887,158.784"
259,JUNE0525-B162,1617DC1ACCE6B50ED2D1359582A70A8B8503C569623EE90C18C6B33542796207,Tester/logs/20261011.log,968331,2026-06-03,09:40,B152PR,"LG	0	00:08:52.229	Core 04	2026.06.03 09:40:00   [SRJ-IND] B152PR sym=USDJPY bar=2026.06.03 09:35 z1=1949,B,158.916,158.934,2026.05.26 07:25,1,2026.05.26 07:30,158.942,158.934"
260,JUNE0525-B162,1617DC1ACCE6B50ED2D1359582A70A8B8503C569623EE90C18C6B33542796207,Tester/logs/20261011.log,968332,2026-06-03,09:40,B152PR,"EM	0	00:08:52.229	Core 04	2026.06.03 09:40:00   [SRJ-IND] B152PR sym=USDJPY bar=2026.06.03 09:35 z1=2509,B,159.134,159.195,2026.05.29 19:10,1,2026.05.29 19:35,159.215,159.186"
261,JUNE0525-B162,1617DC1ACCE6B50ED2D1359582A70A8B8503C569623EE90C18C6B33542796207,Tester/logs/20261011.log,968333,2026-06-03,09:40,B152PR,"DS	0	00:08:52.229	Core 04	2026.06.03 09:40:00   [SRJ-IND] B152PR sym=USDJPY bar=2026.06.03 09:35 z1=2820,B,159.792,159.823,2026.06.02 17:10,1,2026.06.02 17:40,159.832,159.810"
262,JUNE0525-B162,1617DC1ACCE6B50ED2D1359582A70A8B8503C569623EE90C18C6B33542796207,Tester/logs/20261011.log,968334,2026-06-03,09:40,B152PR,"FI	0	00:08:52.229	Core 04	2026.06.03 09:40:00   [SRJ-IND] B152PR sym=USDJPY bar=2026.06.03 09:35 z1=2928,B,159.894,159.912,2026.06.03 08:50,1,2026.06.03 09:00,159.927,159.905"
263,JUNE0525-B162,1617DC1ACCE6B50ED2D1359582A70A8B8503C569623EE90C18C6B33542796207,Tester/logs/20261011.log,968335,2026-06-03,09:40,B152PR,"QO	0	00:08:52.229	Core 04	2026.06.03 09:40:00   [SRJ-IND] B152PR sym=USDJPY bar=2026.06.03 09:35 z1=2930,B,159.906,159.913,2026.06.03 09:00,1,2026.06.03 09:05,159.929,159.905"
264,JUNE0525-B162,1617DC1ACCE6B50ED2D1359582A70A8B8503C569623EE90C18C6B33542796207,Tester/logs/20261011.log,968336,2026-06-03,09:40,B152PR,"GG	0	00:08:52.229	Core 04	2026.06.03 09:40:00   [SRJ-IND] B152PR sym=USDJPY bar=2026.06.03 09:35 bull=1 bear=0 nz=21"
265,JUNE0525-B162,1617DC1ACCE6B50ED2D1359582A70A8B8503C569623EE90C18C6B33542796207,Tester/logs/20261011.log,968337,2026-06-03,09:40,B162ORIGIN,"KN	0	00:08:52.229	Core 04	2026.06.03 09:40:00   [SRJ-IND] B162ORIGIN sym=USDJPY bar=2026.06.03 09:35 side=B n=21 origin=2930 range=159.906-159.913 formT=2026.06.03 08:45 set=65,78,212,256,261,313,414,447,449,460,696,714,724,1405,1779,1780,1949,2509,2820,2928,2930"
266,JUNE0525-B162,1617DC1ACCE6B50ED2D1359582A70A8B8503C569623EE90C18C6B33542796207,Tester/logs/20261011.log,968338,2026-06-03,09:40,B162ORIGIN,"PI	0	00:08:52.229	Core 04	2026.06.03 09:40:00   [SRJ-IND] B162ORIGIN sym=USDJPY bar=2026.06.03 09:35 side=S n=0 origin=NONE range=- formT=- set=-"
267,JUNE0525-B162,1617DC1ACCE6B50ED2D1359582A70A8B8503C569623EE90C18C6B33542796207,Tester/logs/20261011.log,968342,2026-06-03,09:40,CQDRECHECK,"PJ	0	00:08:52.229	Core 04	2026.06.03 09:40:00   [SRJ-EA] CQDRECHECK shift=2 passA=-2.0 passB=-2.0 diff=0 bar=2026.06.03 09:30 state=IDLE dir=NONE divLatch=0 hit1=0 hit2=513 mism=0"
268,JUNE0525-B162,1617DC1ACCE6B50ED2D1359582A70A8B8503C569623EE90C18C6B33542796207,Tester/logs/20261011.log,968346,2026-06-03,09:40,EXITCENSUS,"KJ	0	00:08:52.229	Core 04	2026.06.03 09:40:00   [SRJ-EA] EXITCENSUS bar=2026.06.03 09:35 dir=LONG line=Daily-POC val=159.885 side=behind trigger=1 bodyLo=159.937 bodyHi=159.944 verdict=ok ownO=159.944 ownC=159.937 ownBrk=0"
269,JUNE0525-B162,1617DC1ACCE6B50ED2D1359582A70A8B8503C569623EE90C18C6B33542796207,Tester/logs/20261011.log,968347,2026-06-03,09:40,EXITCENSUS,"LR	0	00:08:52.229	Core 04	2026.06.03 09:40:00   [SRJ-EA] EXITCENSUS bar=2026.06.03 09:35 dir=LONG line=Daily-VWAP val=159.910 side=behind trigger=1 bodyLo=159.937 bodyHi=159.944 verdict=ok ownO=159.944 ownC=159.937 ownBrk=0"
270,JUNE0525-B162,1617DC1ACCE6B50ED2D1359582A70A8B8503C569623EE90C18C6B33542796207,Tester/logs/20261011.log,968348,2026-06-03,09:40,EXITCENSUS,"MM	0	00:08:52.229	Core 04	2026.06.03 09:40:00   [SRJ-EA] EXITCENSUS bar=2026.06.03 09:35 dir=LONG line=Weekly-POC val=159.717 side=behind trigger=1 bodyLo=159.937 bodyHi=159.944 verdict=ok ownO=159.944 ownC=159.937 ownBrk=0"
271,JUNE0525-B162,1617DC1ACCE6B50ED2D1359582A70A8B8503C569623EE90C18C6B33542796207,Tester/logs/20261011.log,968349,2026-06-03,09:40,EXITCENSUS,"JE	0	00:08:52.229	Core 04	2026.06.03 09:40:00   [SRJ-EA] EXITCENSUS bar=2026.06.03 09:35 dir=LONG line=Weekly-VWAP val=159.672 side=behind trigger=0 bodyLo=159.937 bodyHi=159.944 verdict=ok ownO=159.944 ownC=159.937 ownBrk=0"
272,JUNE0525-B162,1617DC1ACCE6B50ED2D1359582A70A8B8503C569623EE90C18C6B33542796207,Tester/logs/20261011.log,968350,2026-06-03,09:40,EXITCENSUS,"KJ	0	00:08:52.229	Core 04	2026.06.03 09:40:00   [SRJ-EA] EXITCENSUS bar=2026.06.03 09:35 dir=LONG line=Monthly-POC val=159.717 side=behind trigger=1 bodyLo=159.937 bodyHi=159.944 verdict=ok ownO=159.944 ownC=159.937 ownBrk=0"
273,JUNE0525-B162,1617DC1ACCE6B50ED2D1359582A70A8B8503C569623EE90C18C6B33542796207,Tester/logs/20261011.log,968351,2026-06-03,09:40,EXITCENSUS,"FR	0	00:08:52.229	Core 04	2026.06.03 09:40:00   [SRJ-EA] EXITCENSUS bar=2026.06.03 09:35 dir=LONG line=Monthly-VWAP val=159.672 side=behind trigger=0 bodyLo=159.937 bodyHi=159.944 verdict=ok ownO=159.944 ownC=159.937 ownBrk=0"
274,JUNE0525-B162,1617DC1ACCE6B50ED2D1359582A70A8B8503C569623EE90C18C6B33542796207,Tester/logs/20261011.log,968354,2026-06-03,09:45,B152PR,"OG	0	00:08:52.229	Core 04	2026.06.03 09:45:01   [SRJ-IND] B152PR sym=USDJPY bar=2026.06.03 09:40 z1=65,B,156.672,156.773,2026.05.11 04:10,1,2026.05.12 08:55,157.714,156.726"
275,JUNE0525-B162,1617DC1ACCE6B50ED2D1359582A70A8B8503C569623EE90C18C6B33542796207,Tester/logs/20261011.log,968355,2026-06-03,09:45,B152PR,"OM	0	00:08:52.229	Core 04	2026.06.03 09:45:01   [SRJ-IND] B152PR sym=USDJPY bar=2026.06.03 09:40 z1=78,B,156.578,156.584,2026.05.11 00:35,1,2026.05.11 00:40,156.644,156.537"
276,JUNE0525-B162,1617DC1ACCE6B50ED2D1359582A70A8B8503C569623EE90C18C6B33542796207,Tester/logs/20261011.log,968356,2026-06-03,09:45,B152PR,"QS	0	00:08:52.229	Core 04	2026.06.03 09:45:01   [SRJ-IND] B152PR sym=USDJPY bar=2026.06.03 09:40 z1=212,B,157.028,157.060,2026.05.11 19:20,1,2026.05.12 00:00,157.152,157.050"
277,JUNE0525-B162,1617DC1ACCE6B50ED2D1359582A70A8B8503C569623EE90C18C6B33542796207,Tester/logs/20261011.log,968357,2026-06-03,09:45,B152PR,"QE	0	00:08:52.229	Core 04	2026.06.03 09:45:01   [SRJ-IND] B152PR sym=USDJPY bar=2026.06.03 09:40 z1=256,B,157.172,157.178,2026.05.12 01:25,1,2026.05.12 08:55,157.714,156.726"
278,JUNE0525-B162,1617DC1ACCE6B50ED2D1359582A70A8B8503C569623EE90C18C6B33542796207,Tester/logs/20261011.log,968358,2026-06-03,09:45,B152PR,"GO	0	00:08:52.229	Core 04	2026.06.03 09:45:01   [SRJ-IND] B152PR sym=USDJPY bar=2026.06.03 09:40 z1=261,B,157.184,157.192,2026.05.12 03:00,1,2026.05.12 08:55,157.714,156.726"
279,JUNE0525-B162,1617DC1ACCE6B50ED2D1359582A70A8B8503C569623EE90C18C6B33542796207,Tester/logs/20261011.log,968359,2026-06-03,09:45,B152PR,"KQ	0	00:08:52.229	Core 04	2026.06.03 09:45:01   [SRJ-IND] B152PR sym=USDJPY bar=2026.06.03 09:40 z1=313,B,157.331,157.497,2026.05.12 10:00,1,2026.05.12 10:10,157.546,157.487"
280,JUNE0525-B162,1617DC1ACCE6B50ED2D1359582A70A8B8503C569623EE90C18C6B33542796207,Tester/logs/20261011.log,968360,2026-06-03,09:45,B152PR,"RK	0	00:08:52.229	Core 04	2026.06.03 09:45:01   [SRJ-IND] B152PR sym=USDJPY bar=2026.06.03 09:40 z1=414,B,157.517,157.589,2026.05.13 01:10,1,2026.05.13 01:20,157.607,157.587"
281,JUNE0525-B162,1617DC1ACCE6B50ED2D1359582A70A8B8503C569623EE90C18C6B33542796207,Tester/logs/20261011.log,968361,2026-06-03,09:45,B152PR,"EM	0	00:08:52.229	Core 04	2026.06.03 09:45:01   [SRJ-IND] B152PR sym=USDJPY bar=2026.06.03 09:40 z1=447,B,157.562,157.648,2026.05.13 06:20,1,2026.05.13 06:25,157.662,157.648"
282,JUNE0525-B162,1617DC1ACCE6B50ED2D1359582A70A8B8503C569623EE90C18C6B33542796207,Tester/logs/20261011.log,968362,2026-06-03,09:45,B152PR,"FG	0	00:08:52.229	Core 04	2026.06.03 09:45:01   [SRJ-IND] B152PR sym=USDJPY bar=2026.06.03 09:40 z1=449,B,157.599,157.654,2026.05.13 05:15,1,2026.05.13 05:45,157.687,157.652"
283,JUNE0525-B162,1617DC1ACCE6B50ED2D1359582A70A8B8503C569623EE90C18C6B33542796207,Tester/logs/20261011.log,968363,2026-06-03,09:45,B152PR,"KI	0	00:08:52.229	Core 04	2026.06.03 09:45:01   [SRJ-IND] B152PR sym=USDJPY bar=2026.06.03 09:40 z1=460,B,157.645,157.660,2026.05.13 07:05,1,2026.05.14 00:25,157.812,157.650"
284,JUNE0525-B162,1617DC1ACCE6B50ED2D1359582A70A8B8503C569623EE90C18C6B33542796207,Tester/logs/20261011.log,968364,2026-06-03,09:45,B152PR,"CR	0	00:08:52.229	Core 04	2026.06.03 09:45:01   [SRJ-IND] B152PR sym=USDJPY bar=2026.06.03 09:40 z1=696,B,157.568,158.167,2026.05.14 18:05,1,2026.05.14 18:10,158.191,158.119"
285,JUNE0525-B162,1617DC1ACCE6B50ED2D1359582A70A8B8503C569623EE90C18C6B33542796207,Tester/logs/20261011.log,968365,2026-06-03,09:45,B152PR,"KD	0	00:08:52.229	Core 04	2026.06.03 09:45:01   [SRJ-IND] B152PR sym=USDJPY bar=2026.06.03 09:40 z1=714,B,158.107,158.142,2026.05.14 19:30,1,2026.05.14 20:00,158.169,158.142"
286,JUNE0525-B162,1617DC1ACCE6B50ED2D1359582A70A8B8503C569623EE90C18C6B33542796207,Tester/logs/20261011.log,968366,2026-06-03,09:45,B152PR,"NN	0	00:08:52.229	Core 04	2026.06.03 09:45:01   [SRJ-IND] B152PR sym=USDJPY bar=2026.06.03 09:40 z1=724,B,158.168,158.186,2026.05.14 21:00,1,2026.05.14 21:05,158.191,158.182"
287,JUNE0525-B162,1617DC1ACCE6B50ED2D1359582A70A8B8503C569623EE90C18C6B33542796207,Tester/logs/20261011.log,968367,2026-06-03,09:45,B152PR,"PS	0	00:08:52.229	Core 04	2026.06.03 09:45:01   [SRJ-IND] B152PR sym=USDJPY bar=2026.06.03 09:40 z1=1405,B,158.735,158.769,2026.05.20 19:00,1,2026.05.20 19:05,158.816,158.753"
288,JUNE0525-B162,1617DC1ACCE6B50ED2D1359582A70A8B8503C569623EE90C18C6B33542796207,Tester/logs/20261011.log,968368,2026-06-03,09:45,B152PR,"FI	0	00:08:52.229	Core 04	2026.06.03 09:45:01   [SRJ-IND] B152PR sym=USDJPY bar=2026.06.03 09:40 z1=1779,B,158.756,158.800,2026.05.25 06:45,1,2026.05.26 00:00,158.887,158.784"
289,JUNE0525-B162,1617DC1ACCE6B50ED2D1359582A70A8B8503C569623EE90C18C6B33542796207,Tester/logs/20261011.log,968369,2026-06-03,09:45,B152PR,"GO	0	00:08:52.229	Core 04	2026.06.03 09:45:01   [SRJ-IND] B152PR sym=USDJPY bar=2026.06.03 09:40 z1=1780,B,158.789,158.814,2026.05.25 04:50,1,2026.05.26 00:00,158.887,158.784"
290,JUNE0525-B162,1617DC1ACCE6B50ED2D1359582A70A8B8503C569623EE90C18C6B33542796207,Tester/logs/20261011.log,968370,2026-06-03,09:45,B152PR,"RE	0	00:08:52.229	Core 04	2026.06.03 09:45:01   [SRJ-IND] B152PR sym=USDJPY bar=2026.06.03 09:40 z1=1949,B,158.916,158.934,2026.05.26 07:25,1,2026.05.26 07:30,158.942,158.934"
291,JUNE0525-B162,1617DC1ACCE6B50ED2D1359582A70A8B8503C569623EE90C18C6B33542796207,Tester/logs/20261011.log,968371,2026-06-03,09:45,B152PR,"GK	0	00:08:52.229	Core 04	2026.06.03 09:45:01   [SRJ-IND] B152PR sym=USDJPY bar=2026.06.03 09:40 z1=2509,B,159.134,159.195,2026.05.29 19:10,1,2026.05.29 19:35,159.215,159.186"
292,JUNE0525-B162,1617DC1ACCE6B50ED2D1359582A70A8B8503C569623EE90C18C6B33542796207,Tester/logs/20261011.log,968372,2026-06-03,09:45,B152PR,"JQ	0	00:08:52.229	Core 04	2026.06.03 09:45:01   [SRJ-IND] B152PR sym=USDJPY bar=2026.06.03 09:40 z1=2820,B,159.792,159.823,2026.06.02 17:10,1,2026.06.02 17:40,159.832,159.810"
293,JUNE0525-B162,1617DC1ACCE6B50ED2D1359582A70A8B8503C569623EE90C18C6B33542796207,Tester/logs/20261011.log,968373,2026-06-03,09:45,B152PR,"HG	0	00:08:52.229	Core 04	2026.06.03 09:45:01   [SRJ-IND] B152PR sym=USDJPY bar=2026.06.03 09:40 z1=2928,B,159.894,159.912,2026.06.03 08:50,1,2026.06.03 09:00,159.927,159.905"
294,JUNE0525-B162,1617DC1ACCE6B50ED2D1359582A70A8B8503C569623EE90C18C6B33542796207,Tester/logs/20261011.log,968374,2026-06-03,09:45,B152PR,"KM	0	00:08:52.229	Core 04	2026.06.03 09:45:01   [SRJ-IND] B152PR sym=USDJPY bar=2026.06.03 09:40 z1=2930,B,159.906,159.913,2026.06.03 09:00,1,2026.06.03 09:05,159.929,159.905"
295,JUNE0525-B162,1617DC1ACCE6B50ED2D1359582A70A8B8503C569623EE90C18C6B33542796207,Tester/logs/20261011.log,968375,2026-06-03,09:45,B152PR,"EQ	0	00:08:52.229	Core 04	2026.06.03 09:45:01   [SRJ-IND] B152PR sym=USDJPY bar=2026.06.03 09:40 bull=1 bear=0 nz=21"
296,JUNE0525-B162,1617DC1ACCE6B50ED2D1359582A70A8B8503C569623EE90C18C6B33542796207,Tester/logs/20261011.log,968376,2026-06-03,09:45,B162ORIGIN,"QL	0	00:08:52.229	Core 04	2026.06.03 09:45:01   [SRJ-IND] B162ORIGIN sym=USDJPY bar=2026.06.03 09:40 side=B n=21 origin=2930 range=159.906-159.913 formT=2026.06.03 08:45 set=65,78,212,256,261,313,414,447,449,460,696,714,724,1405,1779,1780,1949,2509,2820,2928,2930"
297,JUNE0525-B162,1617DC1ACCE6B50ED2D1359582A70A8B8503C569623EE90C18C6B33542796207,Tester/logs/20261011.log,968377,2026-06-03,09:45,B162ORIGIN,"NO	0	00:08:52.229	Core 04	2026.06.03 09:45:01   [SRJ-IND] B162ORIGIN sym=USDJPY bar=2026.06.03 09:40 side=S n=0 origin=NONE range=- formT=- set=-"
298,JUNE0525-B162,1617DC1ACCE6B50ED2D1359582A70A8B8503C569623EE90C18C6B33542796207,Tester/logs/20261011.log,968384,2026-06-03,09:45,EXITCENSUS,"IR	0	00:08:52.229	Core 04	2026.06.03 09:45:01   [SRJ-EA] EXITCENSUS bar=2026.06.03 09:40 dir=LONG line=Daily-POC val=159.885 side=behind trigger=1 bodyLo=159.933 bodyHi=159.937 verdict=ok ownO=159.937 ownC=159.937 ownBrk=0"
299,JUNE0525-B162,1617DC1ACCE6B50ED2D1359582A70A8B8503C569623EE90C18C6B33542796207,Tester/logs/20261011.log,968385,2026-06-03,09:45,EXITCENSUS,"IJ	0	00:08:52.229	Core 04	2026.06.03 09:45:01   [SRJ-EA] EXITCENSUS bar=2026.06.03 09:40 dir=LONG line=Daily-VWAP val=159.911 side=behind trigger=1 bodyLo=159.933 bodyHi=159.937 verdict=ok ownO=159.937 ownC=159.937 ownBrk=0"
300,JUNE0525-B162,1617DC1ACCE6B50ED2D1359582A70A8B8503C569623EE90C18C6B33542796207,Tester/logs/20261011.log,968386,2026-06-03,09:45,EXITCENSUS,"OE	0	00:08:52.229	Core 04	2026.06.03 09:45:01   [SRJ-EA] EXITCENSUS bar=2026.06.03 09:40 dir=LONG line=Weekly-POC val=159.717 side=behind trigger=1 bodyLo=159.933 bodyHi=159.937 verdict=ok ownO=159.937 ownC=159.937 ownBrk=0"
301,JUNE0525-B162,1617DC1ACCE6B50ED2D1359582A70A8B8503C569623EE90C18C6B33542796207,Tester/logs/20261011.log,968387,2026-06-03,09:45,EXITCENSUS,"CM	0	00:08:52.229	Core 04	2026.06.03 09:45:01   [SRJ-EA] EXITCENSUS bar=2026.06.03 09:40 dir=LONG line=Weekly-VWAP val=159.673 side=behind trigger=0 bodyLo=159.933 bodyHi=159.937 verdict=ok ownO=159.937 ownC=159.937 ownBrk=0"
302,JUNE0525-B162,1617DC1ACCE6B50ED2D1359582A70A8B8503C569623EE90C18C6B33542796207,Tester/logs/20261011.log,968388,2026-06-03,09:45,EXITCENSUS,"IS	0	00:08:52.229	Core 04	2026.06.03 09:45:01   [SRJ-EA] EXITCENSUS bar=2026.06.03 09:40 dir=LONG line=Monthly-POC val=159.717 side=behind trigger=1 bodyLo=159.933 bodyHi=159.937 verdict=ok ownO=159.937 ownC=159.937 ownBrk=0"
303,JUNE0525-B162,1617DC1ACCE6B50ED2D1359582A70A8B8503C569623EE90C18C6B33542796207,Tester/logs/20261011.log,968389,2026-06-03,09:45,EXITCENSUS,"GJ	0	00:08:52.229	Core 04	2026.06.03 09:45:01   [SRJ-EA] EXITCENSUS bar=2026.06.03 09:40 dir=LONG line=Monthly-VWAP val=159.673 side=behind trigger=0 bodyLo=159.933 bodyHi=159.937 verdict=ok ownO=159.937 ownC=159.937 ownBrk=0"
304,JUNE0525-B162,1617DC1ACCE6B50ED2D1359582A70A8B8503C569623EE90C18C6B33542796207,Tester/logs/20261011.log,968393,2026-06-03,09:50,B152PR,"QJ	0	00:08:52.229	Core 04	2026.06.03 09:50:00   [SRJ-IND] B152PR sym=USDJPY bar=2026.06.03 09:45 z1=65,B,156.672,156.773,2026.05.11 04:10,1,2026.05.12 08:55,157.714,156.726"
305,JUNE0525-B162,1617DC1ACCE6B50ED2D1359582A70A8B8503C569623EE90C18C6B33542796207,Tester/logs/20261011.log,968394,2026-06-03,09:50,B152PR,"QP	0	00:08:52.229	Core 04	2026.06.03 09:50:00   [SRJ-IND] B152PR sym=USDJPY bar=2026.06.03 09:45 z1=78,B,156.578,156.584,2026.05.11 00:35,1,2026.05.11 00:40,156.644,156.537"
306,JUNE0525-B162,1617DC1ACCE6B50ED2D1359582A70A8B8503C569623EE90C18C6B33542796207,Tester/logs/20261011.log,968395,2026-06-03,09:50,B152PR,"OD	0	00:08:52.229	Core 04	2026.06.03 09:50:00   [SRJ-IND] B152PR sym=USDJPY bar=2026.06.03 09:45 z1=212,B,157.028,157.060,2026.05.11 19:20,1,2026.05.12 00:00,157.152,157.050"
307,JUNE0525-B162,1617DC1ACCE6B50ED2D1359582A70A8B8503C569623EE90C18C6B33542796207,Tester/logs/20261011.log,968396,2026-06-03,09:50,B152PR,"KN	0	00:08:52.229	Core 04	2026.06.03 09:50:00   [SRJ-IND] B152PR sym=USDJPY bar=2026.06.03 09:45 z1=256,B,157.172,157.178,2026.05.12 01:25,1,2026.05.12 08:55,157.714,156.726"
308,JUNE0525-B162,1617DC1ACCE6B50ED2D1359582A70A8B8503C569623EE90C18C6B33542796207,Tester/logs/20261011.log,968397,2026-06-03,09:50,B152PR,"IP	0	00:08:52.229	Core 04	2026.06.03 09:50:00   [SRJ-IND] B152PR sym=USDJPY bar=2026.06.03 09:45 z1=261,B,157.184,157.192,2026.05.12 03:00,1,2026.05.12 08:55,157.714,156.726"
309,JUNE0525-B162,1617DC1ACCE6B50ED2D1359582A70A8B8503C569623EE90C18C6B33542796207,Tester/logs/20261011.log,968398,2026-06-03,09:50,B152PR,"IJ	0	00:08:52.229	Core 04	2026.06.03 09:50:00   [SRJ-IND] B152PR sym=USDJPY bar=2026.06.03 09:45 z1=313,B,157.331,157.497,2026.05.12 10:00,1,2026.05.12 10:10,157.546,157.487"
310,JUNE0525-B162,1617DC1ACCE6B50ED2D1359582A70A8B8503C569623EE90C18C6B33542796207,Tester/logs/20261011.log,968399,2026-06-03,09:50,B152PR,"PL	0	00:08:52.229	Core 04	2026.06.03 09:50:00   [SRJ-IND] B152PR sym=USDJPY bar=2026.06.03 09:45 z1=414,B,157.517,157.589,2026.05.13 01:10,1,2026.05.13 01:20,157.607,157.587"
311,JUNE0525-B162,1617DC1ACCE6B50ED2D1359582A70A8B8503C569623EE90C18C6B33542796207,Tester/logs/20261011.log,968400,2026-06-03,09:50,B152PR,"GF	0	00:08:52.229	Core 04	2026.06.03 09:50:00   [SRJ-IND] B152PR sym=USDJPY bar=2026.06.03 09:45 z1=447,B,157.562,157.648,2026.05.13 06:20,1,2026.05.13 06:25,157.662,157.648"
312,JUNE0525-B162,1617DC1ACCE6B50ED2D1359582A70A8B8503C569623EE90C18C6B33542796207,Tester/logs/20261011.log,968401,2026-06-03,09:50,B152PR,"DH	0	00:08:52.229	Core 04	2026.06.03 09:50:00   [SRJ-IND] B152PR sym=USDJPY bar=2026.06.03 09:45 z1=449,B,157.599,157.654,2026.05.13 05:15,1,2026.05.13 05:45,157.687,157.652"
313,JUNE0525-B162,1617DC1ACCE6B50ED2D1359582A70A8B8503C569623EE90C18C6B33542796207,Tester/logs/20261011.log,968402,2026-06-03,09:50,B152PR,"IM	0	00:08:52.229	Core 04	2026.06.03 09:50:00   [SRJ-IND] B152PR sym=USDJPY bar=2026.06.03 09:45 z1=460,B,157.645,157.660,2026.05.13 07:05,1,2026.05.14 00:25,157.812,157.650"
314,JUNE0525-B162,1617DC1ACCE6B50ED2D1359582A70A8B8503C569623EE90C18C6B33542796207,Tester/logs/20261011.log,968403,2026-06-03,09:50,B152PR,"EG	0	00:08:52.229	Core 04	2026.06.03 09:50:00   [SRJ-IND] B152PR sym=USDJPY bar=2026.06.03 09:45 z1=696,B,157.568,158.167,2026.05.14 18:05,1,2026.05.14 18:10,158.191,158.119"
315,JUNE0525-B162,1617DC1ACCE6B50ED2D1359582A70A8B8503C569623EE90C18C6B33542796207,Tester/logs/20261011.log,968404,2026-06-03,09:50,B152PR,"QI	0	00:08:52.229	Core 04	2026.06.03 09:50:00   [SRJ-IND] B152PR sym=USDJPY bar=2026.06.03 09:45 z1=714,B,158.107,158.142,2026.05.14 19:30,1,2026.05.14 20:00,158.169,158.142"
316,JUNE0525-B162,1617DC1ACCE6B50ED2D1359582A70A8B8503C569623EE90C18C6B33542796207,Tester/logs/20261011.log,968405,2026-06-03,09:50,B152PR,"LS	0	00:08:52.229	Core 04	2026.06.03 09:50:00   [SRJ-IND] B152PR sym=USDJPY bar=2026.06.03 09:45 z1=724,B,158.168,158.186,2026.05.14 21:00,1,2026.05.14 21:05,158.191,158.182"
317,JUNE0525-B162,1617DC1ACCE6B50ED2D1359582A70A8B8503C569623EE90C18C6B33542796207,Tester/logs/20261011.log,968406,2026-06-03,09:50,B152PR,"FF	0	00:08:52.229	Core 04	2026.06.03 09:50:00   [SRJ-IND] B152PR sym=USDJPY bar=2026.06.03 09:45 z1=1405,B,158.735,158.769,2026.05.20 19:00,1,2026.05.20 19:05,158.816,158.753"
318,JUNE0525-B162,1617DC1ACCE6B50ED2D1359582A70A8B8503C569623EE90C18C6B33542796207,Tester/logs/20261011.log,968407,2026-06-03,09:50,B152PR,"PL	0	00:08:52.229	Core 04	2026.06.03 09:50:00   [SRJ-IND] B152PR sym=USDJPY bar=2026.06.03 09:45 z1=1779,B,158.756,158.800,2026.05.25 06:45,1,2026.05.26 00:00,158.887,158.784"
319,JUNE0525-B162,1617DC1ACCE6B50ED2D1359582A70A8B8503C569623EE90C18C6B33542796207,Tester/logs/20261011.log,968408,2026-06-03,09:50,B152PR,"MR	0	00:08:52.229	Core 04	2026.06.03 09:50:00   [SRJ-IND] B152PR sym=USDJPY bar=2026.06.03 09:45 z1=1780,B,158.789,158.814,2026.05.25 04:50,1,2026.05.26 00:00,158.887,158.784"
320,JUNE0525-B162,1617DC1ACCE6B50ED2D1359582A70A8B8503C569623EE90C18C6B33542796207,Tester/logs/20261011.log,968409,2026-06-03,09:50,B152PR,"DH	0	00:08:52.229	Core 04	2026.06.03 09:50:00   [SRJ-IND] B152PR sym=USDJPY bar=2026.06.03 09:45 z1=1949,B,158.916,158.934,2026.05.26 07:25,1,2026.05.26 07:30,158.942,158.934"
321,JUNE0525-B162,1617DC1ACCE6B50ED2D1359582A70A8B8503C569623EE90C18C6B33542796207,Tester/logs/20261011.log,968410,2026-06-03,09:50,B152PR,"MN	0	00:08:52.229	Core 04	2026.06.03 09:50:00   [SRJ-IND] B152PR sym=USDJPY bar=2026.06.03 09:45 z1=2509,B,159.134,159.195,2026.05.29 19:10,1,2026.05.29 19:35,159.215,159.186"
322,JUNE0525-B162,1617DC1ACCE6B50ED2D1359582A70A8B8503C569623EE90C18C6B33542796207,Tester/logs/20261011.log,968411,2026-06-03,09:50,B152PR,"LD	0	00:08:52.229	Core 04	2026.06.03 09:50:00   [SRJ-IND] B152PR sym=USDJPY bar=2026.06.03 09:45 z1=2820,B,159.792,159.823,2026.06.02 17:10,1,2026.06.02 17:40,159.832,159.810"
323,JUNE0525-B162,1617DC1ACCE6B50ED2D1359582A70A8B8503C569623EE90C18C6B33542796207,Tester/logs/20261011.log,968412,2026-06-03,09:50,B152PR,"NJ	0	00:08:52.229	Core 04	2026.06.03 09:50:00   [SRJ-IND] B152PR sym=USDJPY bar=2026.06.03 09:45 z1=2928,B,159.894,159.912,2026.06.03 08:50,1,2026.06.03 09:00,159.927,159.905"
324,JUNE0525-B162,1617DC1ACCE6B50ED2D1359582A70A8B8503C569623EE90C18C6B33542796207,Tester/logs/20261011.log,968413,2026-06-03,09:50,B152PR,"IP	0	00:08:52.229	Core 04	2026.06.03 09:50:00   [SRJ-IND] B152PR sym=USDJPY bar=2026.06.03 09:45 z1=2930,B,159.906,159.913,2026.06.03 09:00,1,2026.06.03 09:05,159.929,159.905"
325,JUNE0525-B162,1617DC1ACCE6B50ED2D1359582A70A8B8503C569623EE90C18C6B33542796207,Tester/logs/20261011.log,968414,2026-06-03,09:50,B152PR,"OD	0	00:08:52.229	Core 04	2026.06.03 09:50:00   [SRJ-IND] B152PR sym=USDJPY bar=2026.06.03 09:45 bull=1 bear=0 nz=21"
326,JUNE0525-B162,1617DC1ACCE6B50ED2D1359582A70A8B8503C569623EE90C18C6B33542796207,Tester/logs/20261011.log,968415,2026-06-03,09:50,B162ORIGIN,"KK	0	00:08:52.229	Core 04	2026.06.03 09:50:00   [SRJ-IND] B162ORIGIN sym=USDJPY bar=2026.06.03 09:45 side=B n=21 origin=2930 range=159.906-159.913 formT=2026.06.03 08:45 set=65,78,212,256,261,313,414,447,449,460,696,714,724,1405,1779,1780,1949,2509,2820,2928,2930"
327,JUNE0525-B162,1617DC1ACCE6B50ED2D1359582A70A8B8503C569623EE90C18C6B33542796207,Tester/logs/20261011.log,968416,2026-06-03,09:50,B162ORIGIN,"LJ	0	00:08:52.229	Core 04	2026.06.03 09:50:00   [SRJ-IND] B162ORIGIN sym=USDJPY bar=2026.06.03 09:45 side=S n=0 origin=NONE range=- formT=- set=-"
328,JUNE0525-B162,1617DC1ACCE6B50ED2D1359582A70A8B8503C569623EE90C18C6B33542796207,Tester/logs/20261011.log,968422,2026-06-03,09:50,EXITCENSUS,"DO	0	00:08:52.229	Core 04	2026.06.03 09:50:00   [SRJ-EA] EXITCENSUS bar=2026.06.03 09:45 dir=LONG line=Daily-POC val=159.885 side=behind trigger=1 bodyLo=159.933 bodyHi=159.944 verdict=ok ownO=159.933 ownC=159.943 ownBrk=0"
329,JUNE0525-B162,1617DC1ACCE6B50ED2D1359582A70A8B8503C569623EE90C18C6B33542796207,Tester/logs/20261011.log,968423,2026-06-03,09:50,EXITCENSUS,"DO	0	00:08:52.229	Core 04	2026.06.03 09:50:00   [SRJ-EA] EXITCENSUS bar=2026.06.03 09:45 dir=LONG line=Daily-VWAP val=159.911 side=behind trigger=1 bodyLo=159.933 bodyHi=159.944 verdict=ok ownO=159.933 ownC=159.943 ownBrk=0"
330,JUNE0525-B162,1617DC1ACCE6B50ED2D1359582A70A8B8503C569623EE90C18C6B33542796207,Tester/logs/20261011.log,968424,2026-06-03,09:50,EXITCENSUS,"FH	0	00:08:52.229	Core 04	2026.06.03 09:50:00   [SRJ-EA] EXITCENSUS bar=2026.06.03 09:45 dir=LONG line=Weekly-POC val=159.717 side=behind trigger=1 bodyLo=159.933 bodyHi=159.944 verdict=ok ownO=159.933 ownC=159.943 ownBrk=0"
331,JUNE0525-B162,1617DC1ACCE6B50ED2D1359582A70A8B8503C569623EE90C18C6B33542796207,Tester/logs/20261011.log,968425,2026-06-03,09:50,EXITCENSUS,"RH	0	00:08:52.229	Core 04	2026.06.03 09:50:00   [SRJ-EA] EXITCENSUS bar=2026.06.03 09:45 dir=LONG line=Weekly-VWAP val=159.673 side=behind trigger=0 bodyLo=159.933 bodyHi=159.944 verdict=ok ownO=159.933 ownC=159.943 ownBrk=0"
332,JUNE0525-B162,1617DC1ACCE6B50ED2D1359582A70A8B8503C569623EE90C18C6B33542796207,Tester/logs/20261011.log,968426,2026-06-03,09:50,EXITCENSUS,"DN	0	00:08:52.229	Core 04	2026.06.03 09:50:00   [SRJ-EA] EXITCENSUS bar=2026.06.03 09:45 dir=LONG line=Monthly-POC val=159.717 side=behind trigger=1 bodyLo=159.933 bodyHi=159.944 verdict=ok ownO=159.933 ownC=159.943 ownBrk=0"
333,JUNE0525-B162,1617DC1ACCE6B50ED2D1359582A70A8B8503C569623EE90C18C6B33542796207,Tester/logs/20261011.log,968427,2026-06-03,09:50,EXITCENSUS,"NN	0	00:08:52.229	Core 04	2026.06.03 09:50:00   [SRJ-EA] EXITCENSUS bar=2026.06.03 09:45 dir=LONG line=Monthly-VWAP val=159.673 side=behind trigger=0 bodyLo=159.933 bodyHi=159.944 verdict=ok ownO=159.933 ownC=159.943 ownBrk=0"
334,JUNE0525-B162,1617DC1ACCE6B50ED2D1359582A70A8B8503C569623EE90C18C6B33542796207,Tester/logs/20261011.log,968430,2026-06-03,09:55,B152PR,"HS	0	00:08:52.229	Core 04	2026.06.03 09:55:00   [SRJ-IND] B152PR sym=USDJPY bar=2026.06.03 09:50 z1=65,B,156.672,156.773,2026.05.11 04:10,1,2026.05.12 08:55,157.714,156.726"
335,JUNE0525-B162,1617DC1ACCE6B50ED2D1359582A70A8B8503C569623EE90C18C6B33542796207,Tester/logs/20261011.log,968431,2026-06-03,09:55,B152PR,"HI	0	00:08:52.229	Core 04	2026.06.03 09:55:00   [SRJ-IND] B152PR sym=USDJPY bar=2026.06.03 09:50 z1=78,B,156.578,156.584,2026.05.11 00:35,1,2026.05.11 00:40,156.644,156.537"
336,JUNE0525-B162,1617DC1ACCE6B50ED2D1359582A70A8B8503C569623EE90C18C6B33542796207,Tester/logs/20261011.log,968432,2026-06-03,09:55,B152PR,"JL	0	00:08:52.229	Core 04	2026.06.03 09:55:00   [SRJ-IND] B152PR sym=USDJPY bar=2026.06.03 09:50 z1=212,B,157.028,157.060,2026.05.11 19:20,1,2026.05.12 00:00,157.152,157.050"
337,JUNE0525-B162,1617DC1ACCE6B50ED2D1359582A70A8B8503C569623EE90C18C6B33542796207,Tester/logs/20261011.log,968433,2026-06-03,09:55,B152PR,"JF	0	00:08:52.229	Core 04	2026.06.03 09:55:00   [SRJ-IND] B152PR sym=USDJPY bar=2026.06.03 09:50 z1=256,B,157.172,157.178,2026.05.12 01:25,1,2026.05.12 08:55,157.714,156.726"
338,JUNE0525-B162,1617DC1ACCE6B50ED2D1359582A70A8B8503C569623EE90C18C6B33542796207,Tester/logs/20261011.log,968434,2026-06-03,09:55,B152PR,"PH	0	00:08:52.229	Core 04	2026.06.03 09:55:00   [SRJ-IND] B152PR sym=USDJPY bar=2026.06.03 09:50 z1=261,B,157.184,157.192,2026.05.12 03:00,1,2026.05.12 08:55,157.714,156.726"
339,JUNE0525-B162,1617DC1ACCE6B50ED2D1359582A70A8B8503C569623EE90C18C6B33542796207,Tester/logs/20261011.log,968435,2026-06-03,09:55,B152PR,"DR	0	00:08:52.229	Core 04	2026.06.03 09:55:00   [SRJ-IND] B152PR sym=USDJPY bar=2026.06.03 09:50 z1=313,B,157.331,157.497,2026.05.12 10:00,1,2026.05.12 10:10,157.546,157.487"
340,JUNE0525-B162,1617DC1ACCE6B50ED2D1359582A70A8B8503C569623EE90C18C6B33542796207,Tester/logs/20261011.log,968436,2026-06-03,09:55,B152PR,"IG	0	00:08:52.229	Core 04	2026.06.03 09:55:00   [SRJ-IND] B152PR sym=USDJPY bar=2026.06.03 09:50 z1=414,B,157.517,157.589,2026.05.13 01:10,1,2026.05.13 01:20,157.607,157.587"
341,JUNE0525-B162,1617DC1ACCE6B50ED2D1359582A70A8B8503C569623EE90C18C6B33542796207,Tester/logs/20261011.log,968437,2026-06-03,09:55,B152PR,"NI	0	00:08:52.229	Core 04	2026.06.03 09:55:00   [SRJ-IND] B152PR sym=USDJPY bar=2026.06.03 09:50 z1=447,B,157.562,157.648,2026.05.13 06:20,1,2026.05.13 06:25,157.662,157.648"
342,JUNE0525-B162,1617DC1ACCE6B50ED2D1359582A70A8B8503C569623EE90C18C6B33542796207,Tester/logs/20261011.log,968438,2026-06-03,09:55,B152PR,"MS	0	00:08:52.229	Core 04	2026.06.03 09:55:00   [SRJ-IND] B152PR sym=USDJPY bar=2026.06.03 09:50 z1=449,B,157.599,157.654,2026.05.13 05:15,1,2026.05.13 05:45,157.687,157.652"
343,JUNE0525-B162,1617DC1ACCE6B50ED2D1359582A70A8B8503C569623EE90C18C6B33542796207,Tester/logs/20261011.log,968439,2026-06-03,09:55,B152PR,"DE	0	00:08:52.229	Core 04	2026.06.03 09:55:00   [SRJ-IND] B152PR sym=USDJPY bar=2026.06.03 09:50 z1=460,B,157.645,157.660,2026.05.13 07:05,1,2026.05.14 00:25,157.812,157.650"
344,JUNE0525-B162,1617DC1ACCE6B50ED2D1359582A70A8B8503C569623EE90C18C6B33542796207,Tester/logs/20261011.log,968440,2026-06-03,09:55,B152PR,"LO	0	00:08:52.229	Core 04	2026.06.03 09:55:00   [SRJ-IND] B152PR sym=USDJPY bar=2026.06.03 09:50 z1=696,B,157.568,158.167,2026.05.14 18:05,1,2026.05.14 18:10,158.191,158.119"
345,JUNE0525-B162,1617DC1ACCE6B50ED2D1359582A70A8B8503C569623EE90C18C6B33542796207,Tester/logs/20261011.log,968441,2026-06-03,09:55,B152PR,"DQ	0	00:08:52.229	Core 04	2026.06.03 09:55:00   [SRJ-IND] B152PR sym=USDJPY bar=2026.06.03 09:50 z1=714,B,158.107,158.142,2026.05.14 19:30,1,2026.05.14 20:00,158.169,158.142"
346,JUNE0525-B162,1617DC1ACCE6B50ED2D1359582A70A8B8503C569623EE90C18C6B33542796207,Tester/logs/20261011.log,968442,2026-06-03,09:55,B152PR,"EK	0	00:08:52.229	Core 04	2026.06.03 09:55:00   [SRJ-IND] B152PR sym=USDJPY bar=2026.06.03 09:50 z1=724,B,158.168,158.186,2026.05.14 21:00,1,2026.05.14 21:05,158.191,158.182"
347,JUNE0525-B162,1617DC1ACCE6B50ED2D1359582A70A8B8503C569623EE90C18C6B33542796207,Tester/logs/20261011.log,968443,2026-06-03,09:55,B152PR,"GN	0	00:08:52.229	Core 04	2026.06.03 09:55:00   [SRJ-IND] B152PR sym=USDJPY bar=2026.06.03 09:50 z1=1405,B,158.735,158.769,2026.05.20 19:00,1,2026.05.20 19:05,158.816,158.753"
348,JUNE0525-B162,1617DC1ACCE6B50ED2D1359582A70A8B8503C569623EE90C18C6B33542796207,Tester/logs/20261011.log,968444,2026-06-03,09:55,B152PR,"MD	0	00:08:52.229	Core 04	2026.06.03 09:55:00   [SRJ-IND] B152PR sym=USDJPY bar=2026.06.03 09:50 z1=1779,B,158.756,158.800,2026.05.25 06:45,1,2026.05.26 00:00,158.887,158.784"
349,JUNE0525-B162,1617DC1ACCE6B50ED2D1359582A70A8B8503C569623EE90C18C6B33542796207,Tester/logs/20261011.log,968445,2026-06-03,09:55,B152PR,"PJ	0	00:08:52.229	Core 04	2026.06.03 09:55:00   [SRJ-IND] B152PR sym=USDJPY bar=2026.06.03 09:50 z1=1780,B,158.789,158.814,2026.05.25 04:50,1,2026.05.26 00:00,158.887,158.784"
350,JUNE0525-B162,1617DC1ACCE6B50ED2D1359582A70A8B8503C569623EE90C18C6B33542796207,Tester/logs/20261011.log,968446,2026-06-03,09:55,B152PR,"IP	0	00:08:52.229	Core 04	2026.06.03 09:55:00   [SRJ-IND] B152PR sym=USDJPY bar=2026.06.03 09:50 z1=1949,B,158.916,158.934,2026.05.26 07:25,1,2026.05.26 07:30,158.942,158.934"
351,JUNE0525-B162,1617DC1ACCE6B50ED2D1359582A70A8B8503C569623EE90C18C6B33542796207,Tester/logs/20261011.log,968447,2026-06-03,09:55,B152PR,"PF	0	00:08:52.229	Core 04	2026.06.03 09:55:00   [SRJ-IND] B152PR sym=USDJPY bar=2026.06.03 09:50 z1=2509,B,159.134,159.195,2026.05.29 19:10,1,2026.05.29 19:35,159.215,159.186"
352,JUNE0525-B162,1617DC1ACCE6B50ED2D1359582A70A8B8503C569623EE90C18C6B33542796207,Tester/logs/20261011.log,968448,2026-06-03,09:55,B152PR,"QL	0	00:08:52.229	Core 04	2026.06.03 09:55:00   [SRJ-IND] B152PR sym=USDJPY bar=2026.06.03 09:50 z1=2820,B,159.792,159.823,2026.06.02 17:10,1,2026.06.02 17:40,159.832,159.810"
353,JUNE0525-B162,1617DC1ACCE6B50ED2D1359582A70A8B8503C569623EE90C18C6B33542796207,Tester/logs/20261011.log,968449,2026-06-03,09:55,B152PR,"OR	0	00:08:52.229	Core 04	2026.06.03 09:55:00   [SRJ-IND] B152PR sym=USDJPY bar=2026.06.03 09:50 z1=2928,B,159.894,159.912,2026.06.03 08:50,1,2026.06.03 09:00,159.927,159.905"
354,JUNE0525-B162,1617DC1ACCE6B50ED2D1359582A70A8B8503C569623EE90C18C6B33542796207,Tester/logs/20261011.log,968450,2026-06-03,09:55,B152PR,"DH	0	00:08:52.229	Core 04	2026.06.03 09:55:00   [SRJ-IND] B152PR sym=USDJPY bar=2026.06.03 09:50 z1=2930,B,159.906,159.913,2026.06.03 09:00,1,2026.06.03 09:05,159.929,159.905"
355,JUNE0525-B162,1617DC1ACCE6B50ED2D1359582A70A8B8503C569623EE90C18C6B33542796207,Tester/logs/20261011.log,968451,2026-06-03,09:55,B152PR,"NL	0	00:08:52.229	Core 04	2026.06.03 09:55:00   [SRJ-IND] B152PR sym=USDJPY bar=2026.06.03 09:50 bull=1 bear=0 nz=21"
356,JUNE0525-B162,1617DC1ACCE6B50ED2D1359582A70A8B8503C569623EE90C18C6B33542796207,Tester/logs/20261011.log,968452,2026-06-03,09:55,B162ORIGIN,"JP	0	00:08:52.229	Core 04	2026.06.03 09:55:00   [SRJ-IND] B162ORIGIN sym=USDJPY bar=2026.06.03 09:50 side=B n=21 origin=2930 range=159.906-159.913 formT=2026.06.03 08:45 set=65,78,212,256,261,313,414,447,449,460,696,714,724,1405,1779,1780,1949,2509,2820,2928,2930"
357,JUNE0525-B162,1617DC1ACCE6B50ED2D1359582A70A8B8503C569623EE90C18C6B33542796207,Tester/logs/20261011.log,968453,2026-06-03,09:55,B162ORIGIN,"ES	0	00:08:52.229	Core 04	2026.06.03 09:55:00   [SRJ-IND] B162ORIGIN sym=USDJPY bar=2026.06.03 09:50 side=S n=0 origin=NONE range=- formT=- set=-"
358,JUNE0525-B162,1617DC1ACCE6B50ED2D1359582A70A8B8503C569623EE90C18C6B33542796207,Tester/logs/20261011.log,968459,2026-06-03,09:55,EXITCENSUS,"LF	0	00:08:52.229	Core 04	2026.06.03 09:55:00   [SRJ-EA] EXITCENSUS bar=2026.06.03 09:50 dir=LONG line=Daily-POC val=159.885 side=behind trigger=1 bodyLo=159.944 bodyHi=159.960 verdict=ok ownO=159.944 ownC=159.960 ownBrk=0"
359,JUNE0525-B162,1617DC1ACCE6B50ED2D1359582A70A8B8503C569623EE90C18C6B33542796207,Tester/logs/20261011.log,968460,2026-06-03,09:55,EXITCENSUS,"MF	0	00:08:52.229	Core 04	2026.06.03 09:55:00   [SRJ-EA] EXITCENSUS bar=2026.06.03 09:50 dir=LONG line=Daily-VWAP val=159.912 side=behind trigger=1 bodyLo=159.944 bodyHi=159.960 verdict=ok ownO=159.944 ownC=159.960 ownBrk=0"
360,JUNE0525-B162,1617DC1ACCE6B50ED2D1359582A70A8B8503C569623EE90C18C6B33542796207,Tester/logs/20261011.log,968461,2026-06-03,09:55,EXITCENSUS,"RQ	0	00:08:52.229	Core 04	2026.06.03 09:55:00   [SRJ-EA] EXITCENSUS bar=2026.06.03 09:50 dir=LONG line=Weekly-POC val=159.717 side=behind trigger=1 bodyLo=159.944 bodyHi=159.960 verdict=ok ownO=159.944 ownC=159.960 ownBrk=0"
361,JUNE0525-B162,1617DC1ACCE6B50ED2D1359582A70A8B8503C569623EE90C18C6B33542796207,Tester/logs/20261011.log,968462,2026-06-03,09:55,EXITCENSUS,"KP	0	00:08:52.229	Core 04	2026.06.03 09:55:00   [SRJ-EA] EXITCENSUS bar=2026.06.03 09:50 dir=LONG line=Weekly-VWAP val=159.674 side=behind trigger=0 bodyLo=159.944 bodyHi=159.960 verdict=ok ownO=159.944 ownC=159.960 ownBrk=0"
362,JUNE0525-B162,1617DC1ACCE6B50ED2D1359582A70A8B8503C569623EE90C18C6B33542796207,Tester/logs/20261011.log,968463,2026-06-03,09:55,EXITCENSUS,"LF	0	00:08:52.229	Core 04	2026.06.03 09:55:00   [SRJ-EA] EXITCENSUS bar=2026.06.03 09:50 dir=LONG line=Monthly-POC val=159.717 side=behind trigger=1 bodyLo=159.944 bodyHi=159.960 verdict=ok ownO=159.944 ownC=159.960 ownBrk=0"
363,JUNE0525-B162,1617DC1ACCE6B50ED2D1359582A70A8B8503C569623EE90C18C6B33542796207,Tester/logs/20261011.log,968464,2026-06-03,09:55,EXITCENSUS,"OF	0	00:08:52.229	Core 04	2026.06.03 09:55:00   [SRJ-EA] EXITCENSUS bar=2026.06.03 09:50 dir=LONG line=Monthly-VWAP val=159.674 side=behind trigger=0 bodyLo=159.944 bodyHi=159.960 verdict=ok ownO=159.944 ownC=159.960 ownBrk=0"
364,JUNE0525-B162,1617DC1ACCE6B50ED2D1359582A70A8B8503C569623EE90C18C6B33542796207,Tester/logs/20261011.log,968467,2026-06-03,09:59,DEAL,"JJ	0	00:08:52.229	Core 04	2026.06.03 09:59:40   deal #5 sell 3.75 USDJPY at 159.983 done (based on order #5)"
365,JUNE0525-B162,1617DC1ACCE6B50ED2D1359582A70A8B8503C569623EE90C18C6B33542796207,Tester/logs/20261011.log,968471,2026-06-03,10:00,B152PR,"OG	0	00:08:52.229	Core 04	2026.06.03 10:00:00   [SRJ-IND] B152PR sym=USDJPY bar=2026.06.03 09:55 z1=65,B,156.672,156.773,2026.05.11 04:10,1,2026.05.12 08:55,157.714,156.726"
366,JUNE0525-B162,1617DC1ACCE6B50ED2D1359582A70A8B8503C569623EE90C18C6B33542796207,Tester/logs/20261011.log,968472,2026-06-03,10:00,B152PR,"GM	0	00:08:52.229	Core 04	2026.06.03 10:00:00   [SRJ-IND] B152PR sym=USDJPY bar=2026.06.03 09:55 z1=78,B,156.578,156.584,2026.05.11 00:35,1,2026.05.11 00:40,156.644,156.537"
367,JUNE0525-B162,1617DC1ACCE6B50ED2D1359582A70A8B8503C569623EE90C18C6B33542796207,Tester/logs/20261011.log,968473,2026-06-03,10:00,B152PR,"QP	0	00:08:52.229	Core 04	2026.06.03 10:00:00   [SRJ-IND] B152PR sym=USDJPY bar=2026.06.03 09:55 z1=212,B,157.028,157.060,2026.05.11 19:20,1,2026.05.12 00:00,157.152,157.050"
368,JUNE0525-B162,1617DC1ACCE6B50ED2D1359582A70A8B8503C569623EE90C18C6B33542796207,Tester/logs/20261011.log,968474,2026-06-03,10:00,B152PR,"QJ	0	00:08:52.229	Core 04	2026.06.03 10:00:00   [SRJ-IND] B152PR sym=USDJPY bar=2026.06.03 09:55 z1=256,B,157.172,157.178,2026.05.12 01:25,1,2026.05.12 08:55,157.714,156.726"
369,JUNE0525-B162,1617DC1ACCE6B50ED2D1359582A70A8B8503C569623EE90C18C6B33542796207,Tester/logs/20261011.log,968475,2026-06-03,10:00,B152PR,"OO	0	00:08:52.229	Core 04	2026.06.03 10:00:00   [SRJ-IND] B152PR sym=USDJPY bar=2026.06.03 09:55 z1=261,B,157.184,157.192,2026.05.12 03:00,1,2026.05.12 08:55,157.714,156.726"
370,JUNE0525-B162,1617DC1ACCE6B50ED2D1359582A70A8B8503C569623EE90C18C6B33542796207,Tester/logs/20261011.log,968476,2026-06-03,10:00,B152PR,"CQ	0	00:08:52.229	Core 04	2026.06.03 10:00:00   [SRJ-IND] B152PR sym=USDJPY bar=2026.06.03 09:55 z1=313,B,157.331,157.497,2026.05.12 10:00,1,2026.05.12 10:10,157.546,157.487"
371,JUNE0525-B162,1617DC1ACCE6B50ED2D1359582A70A8B8503C569623EE90C18C6B33542796207,Tester/logs/20261011.log,968477,2026-06-03,10:00,B152PR,"RK	0	00:08:52.229	Core 04	2026.06.03 10:00:00   [SRJ-IND] B152PR sym=USDJPY bar=2026.06.03 09:55 z1=414,B,157.517,157.589,2026.05.13 01:10,1,2026.05.13 01:20,157.607,157.587"
372,JUNE0525-B162,1617DC1ACCE6B50ED2D1359582A70A8B8503C569623EE90C18C6B33542796207,Tester/logs/20261011.log,968478,2026-06-03,10:00,B152PR,"EM	0	00:08:52.229	Core 04	2026.06.03 10:00:00   [SRJ-IND] B152PR sym=USDJPY bar=2026.06.03 09:55 z1=447,B,157.562,157.648,2026.05.13 06:20,1,2026.05.13 06:25,157.662,157.648"
373,JUNE0525-B162,1617DC1ACCE6B50ED2D1359582A70A8B8503C569623EE90C18C6B33542796207,Tester/logs/20261011.log,968479,2026-06-03,10:00,B152PR,"NG	0	00:08:52.229	Core 04	2026.06.03 10:00:00   [SRJ-IND] B152PR sym=USDJPY bar=2026.06.03 09:55 z1=449,B,157.599,157.654,2026.05.13 05:15,1,2026.05.13 05:45,157.687,157.652"
374,JUNE0525-B162,1617DC1ACCE6B50ED2D1359582A70A8B8503C569623EE90C18C6B33542796207,Tester/logs/20261011.log,968480,2026-06-03,10:00,B152PR,"CI	0	00:08:52.229	Core 04	2026.06.03 10:00:00   [SRJ-IND] B152PR sym=USDJPY bar=2026.06.03 09:55 z1=460,B,157.645,157.660,2026.05.13 07:05,1,2026.05.14 00:25,157.812,157.650"
375,JUNE0525-B162,1617DC1ACCE6B50ED2D1359582A70A8B8503C569623EE90C18C6B33542796207,Tester/logs/20261011.log,968481,2026-06-03,10:00,B152PR,"CS	0	00:08:52.229	Core 04	2026.06.03 10:00:00   [SRJ-IND] B152PR sym=USDJPY bar=2026.06.03 09:55 z1=696,B,157.568,158.167,2026.05.14 18:05,1,2026.05.14 18:10,158.191,158.119"
376,JUNE0525-B162,1617DC1ACCE6B50ED2D1359582A70A8B8503C569623EE90C18C6B33542796207,Tester/logs/20261011.log,968482,2026-06-03,10:00,B152PR,"KE	0	00:08:52.229	Core 04	2026.06.03 10:00:00   [SRJ-IND] B152PR sym=USDJPY bar=2026.06.03 09:55 z1=714,B,158.107,158.142,2026.05.14 19:30,1,2026.05.14 20:00,158.169,158.142"
377,JUNE0525-B162,1617DC1ACCE6B50ED2D1359582A70A8B8503C569623EE90C18C6B33542796207,Tester/logs/20261011.log,968483,2026-06-03,10:00,B152PR,"FN	0	00:08:52.229	Core 04	2026.06.03 10:00:00   [SRJ-IND] B152PR sym=USDJPY bar=2026.06.03 09:55 z1=724,B,158.168,158.186,2026.05.14 21:00,1,2026.05.14 21:05,158.191,158.182"
378,JUNE0525-B162,1617DC1ACCE6B50ED2D1359582A70A8B8503C569623EE90C18C6B33542796207,Tester/logs/20261011.log,968484,2026-06-03,10:00,B152PR,"HS	0	00:08:52.229	Core 04	2026.06.03 10:00:00   [SRJ-IND] B152PR sym=USDJPY bar=2026.06.03 09:55 z1=1405,B,158.735,158.769,2026.05.20 19:00,1,2026.05.20 19:05,158.816,158.753"
379,JUNE0525-B162,1617DC1ACCE6B50ED2D1359582A70A8B8503C569623EE90C18C6B33542796207,Tester/logs/20261011.log,968485,2026-06-03,10:00,B152PR,"NI	0	00:08:52.229	Core 04	2026.06.03 10:00:00   [SRJ-IND] B152PR sym=USDJPY bar=2026.06.03 09:55 z1=1779,B,158.756,158.800,2026.05.25 06:45,1,2026.05.26 00:00,158.887,158.784"
380,JUNE0525-B162,1617DC1ACCE6B50ED2D1359582A70A8B8503C569623EE90C18C6B33542796207,Tester/logs/20261011.log,968486,2026-06-03,10:00,B152PR,"OO	0	00:08:52.229	Core 04	2026.06.03 10:00:00   [SRJ-IND] B152PR sym=USDJPY bar=2026.06.03 09:55 z1=1780,B,158.789,158.814,2026.05.25 04:50,1,2026.05.26 00:00,158.887,158.784"
381,JUNE0525-B162,1617DC1ACCE6B50ED2D1359582A70A8B8503C569623EE90C18C6B33542796207,Tester/logs/20261011.log,968487,2026-06-03,10:00,B152PR,"JE	0	00:08:52.229	Core 04	2026.06.03 10:00:00   [SRJ-IND] B152PR sym=USDJPY bar=2026.06.03 09:55 z1=1949,B,158.916,158.934,2026.05.26 07:25,1,2026.05.26 07:30,158.942,158.934"
382,JUNE0525-B162,1617DC1ACCE6B50ED2D1359582A70A8B8503C569623EE90C18C6B33542796207,Tester/logs/20261011.log,968488,2026-06-03,10:00,B152PR,"OK	0	00:08:52.229	Core 04	2026.06.03 10:00:00   [SRJ-IND] B152PR sym=USDJPY bar=2026.06.03 09:55 z1=2509,B,159.134,159.195,2026.05.29 19:10,1,2026.05.29 19:35,159.215,159.186"
383,JUNE0525-B162,1617DC1ACCE6B50ED2D1359582A70A8B8503C569623EE90C18C6B33542796207,Tester/logs/20261011.log,968489,2026-06-03,10:00,B152PR,"RQ	0	00:08:52.229	Core 04	2026.06.03 10:00:00   [SRJ-IND] B152PR sym=USDJPY bar=2026.06.03 09:55 z1=2820,B,159.792,159.823,2026.06.02 17:10,1,2026.06.02 17:40,159.832,159.810"
384,JUNE0525-B162,1617DC1ACCE6B50ED2D1359582A70A8B8503C569623EE90C18C6B33542796207,Tester/logs/20261011.log,968490,2026-06-03,10:00,B152PR,"PG	0	00:08:52.229	Core 04	2026.06.03 10:00:00   [SRJ-IND] B152PR sym=USDJPY bar=2026.06.03 09:55 z1=2928,B,159.894,159.912,2026.06.03 08:50,1,2026.06.03 09:00,159.927,159.905"
385,JUNE0525-B162,1617DC1ACCE6B50ED2D1359582A70A8B8503C569623EE90C18C6B33542796207,Tester/logs/20261011.log,968491,2026-06-03,10:00,B152PR,"CM	0	00:08:52.229	Core 04	2026.06.03 10:00:00   [SRJ-IND] B152PR sym=USDJPY bar=2026.06.03 09:55 z1=2930,B,159.906,159.913,2026.06.03 09:00,1,2026.06.03 09:05,159.929,159.905"
386,JUNE0525-B162,1617DC1ACCE6B50ED2D1359582A70A8B8503C569623EE90C18C6B33542796207,Tester/logs/20261011.log,968492,2026-06-03,10:00,B152PR,"MQ	0	00:08:52.229	Core 04	2026.06.03 10:00:00   [SRJ-IND] B152PR sym=USDJPY bar=2026.06.03 09:55 bull=1 bear=0 nz=21"
387,JUNE0525-B162,1617DC1ACCE6B50ED2D1359582A70A8B8503C569623EE90C18C6B33542796207,Tester/logs/20261011.log,968493,2026-06-03,10:00,B162ORIGIN,"QL	0	00:08:52.229	Core 04	2026.06.03 10:00:00   [SRJ-IND] B162ORIGIN sym=USDJPY bar=2026.06.03 09:55 side=B n=21 origin=2930 range=159.906-159.913 formT=2026.06.03 08:45 set=65,78,212,256,261,313,414,447,449,460,696,714,724,1405,1779,1780,1949,2509,2820,2928,2930"
388,JUNE0525-B162,1617DC1ACCE6B50ED2D1359582A70A8B8503C569623EE90C18C6B33542796207,Tester/logs/20261011.log,968494,2026-06-03,10:00,B162ORIGIN,"NO	0	00:08:52.229	Core 04	2026.06.03 10:00:00   [SRJ-IND] B162ORIGIN sym=USDJPY bar=2026.06.03 09:55 side=S n=0 origin=NONE range=- formT=- set=-"
389,JUNE0525-B162,1617DC1ACCE6B50ED2D1359582A70A8B8503C569623EE90C18C6B33542796207,Tester/logs/20261011.log,968501,2026-06-03,10:00,EXITCENSUS,"CR	0	00:08:52.229	Core 04	2026.06.03 10:00:00   [SRJ-EA] EXITCENSUS bar=2026.06.03 09:55 dir=LONG line=Daily-POC val=159.885 side=behind trigger=1 bodyLo=159.960 bodyHi=159.974 verdict=ok ownO=159.960 ownC=159.976 ownBrk=0"
390,JUNE0525-B162,1617DC1ACCE6B50ED2D1359582A70A8B8503C569623EE90C18C6B33542796207,Tester/logs/20261011.log,968502,2026-06-03,10:00,EXITCENSUS,"FJ	0	00:08:52.229	Core 04	2026.06.03 10:00:00   [SRJ-EA] EXITCENSUS bar=2026.06.03 09:55 dir=LONG line=Daily-VWAP val=159.912 side=behind trigger=1 bodyLo=159.960 bodyHi=159.974 verdict=ok ownO=159.960 ownC=159.976 ownBrk=0"
391,JUNE0525-B162,1617DC1ACCE6B50ED2D1359582A70A8B8503C569623EE90C18C6B33542796207,Tester/logs/20261011.log,968503,2026-06-03,10:00,EXITCENSUS,"EE	0	00:08:52.229	Core 04	2026.06.03 10:00:00   [SRJ-EA] EXITCENSUS bar=2026.06.03 09:55 dir=LONG line=Weekly-POC val=159.717 side=behind trigger=1 bodyLo=159.960 bodyHi=159.974 verdict=ok ownO=159.960 ownC=159.976 ownBrk=0"
392,JUNE0525-B162,1617DC1ACCE6B50ED2D1359582A70A8B8503C569623EE90C18C6B33542796207,Tester/logs/20261011.log,968504,2026-06-03,10:00,EXITCENSUS,"LM	0	00:08:52.229	Core 04	2026.06.03 10:00:00   [SRJ-EA] EXITCENSUS bar=2026.06.03 09:55 dir=LONG line=Weekly-VWAP val=159.674 side=behind trigger=0 bodyLo=159.960 bodyHi=159.974 verdict=ok ownO=159.960 ownC=159.976 ownBrk=0"
393,JUNE0525-B162,1617DC1ACCE6B50ED2D1359582A70A8B8503C569623EE90C18C6B33542796207,Tester/logs/20261011.log,968505,2026-06-03,10:00,EXITCENSUS,"CR	0	00:08:52.229	Core 04	2026.06.03 10:00:00   [SRJ-EA] EXITCENSUS bar=2026.06.03 09:55 dir=LONG line=Monthly-POC val=159.717 side=behind trigger=1 bodyLo=159.960 bodyHi=159.974 verdict=ok ownO=159.960 ownC=159.976 ownBrk=0"
394,JUNE0525-B162,1617DC1ACCE6B50ED2D1359582A70A8B8503C569623EE90C18C6B33542796207,Tester/logs/20261011.log,968506,2026-06-03,10:00,EXITCENSUS,"PJ	0	00:08:52.229	Core 04	2026.06.03 10:00:00   [SRJ-EA] EXITCENSUS bar=2026.06.03 09:55 dir=LONG line=Monthly-VWAP val=159.674 side=behind trigger=0 bodyLo=159.960 bodyHi=159.974 verdict=ok ownO=159.960 ownC=159.976 ownBrk=0"
395,JUNE0525-B162,1617DC1ACCE6B50ED2D1359582A70A8B8503C569623EE90C18C6B33542796207,Tester/logs/20261011.log,968508,2026-06-03,10:00,MTEXIT,"NG	0	00:08:52.229	Core 04	2026.06.03 10:00:00   [SRJ-EA] MTEXIT bar=2026.06.03 09:55 reason=TP_TOUCH line=- lineVal=- entry=159.929 exit=159.983 src=-"
396,JUNE0525-B162,1617DC1ACCE6B50ED2D1359582A70A8B8503C569623EE90C18C6B33542796207,Tester/logs/20261011.log,968514,2026-06-03,10:05,B152PR,"CM	0	00:08:52.229	Core 04	2026.06.03 10:05:03   [SRJ-IND] B152PR sym=USDJPY bar=2026.06.03 10:00 z1=65,B,156.672,156.773,2026.05.11 04:10,1,2026.05.12 08:55,157.714,156.726"
397,JUNE0525-B162,1617DC1ACCE6B50ED2D1359582A70A8B8503C569623EE90C18C6B33542796207,Tester/logs/20261011.log,968515,2026-06-03,10:05,B152PR,"KS	0	00:08:52.229	Core 04	2026.06.03 10:05:03   [SRJ-IND] B152PR sym=USDJPY bar=2026.06.03 10:00 z1=78,B,156.578,156.584,2026.05.11 00:35,1,2026.05.11 00:40,156.644,156.537"
398,JUNE0525-B162,1617DC1ACCE6B50ED2D1359582A70A8B8503C569623EE90C18C6B33542796207,Tester/logs/20261011.log,968516,2026-06-03,10:05,B152PR,"EJ	0	00:08:52.229	Core 04	2026.06.03 10:05:03   [SRJ-IND] B152PR sym=USDJPY bar=2026.06.03 10:00 z1=212,B,157.028,157.060,2026.05.11 19:20,1,2026.05.12 00:00,157.152,157.050"
399,JUNE0525-B162,1617DC1ACCE6B50ED2D1359582A70A8B8503C569623EE90C18C6B33542796207,Tester/logs/20261011.log,968517,2026-06-03,10:05,B152PR,"QO	0	00:08:52.229	Core 04	2026.06.03 10:05:03   [SRJ-IND] B152PR sym=USDJPY bar=2026.06.03 10:00 z1=256,B,157.172,157.178,2026.05.12 01:25,1,2026.05.12 08:55,157.714,156.726"
400,JUNE0525-B162,1617DC1ACCE6B50ED2D1359582A70A8B8503C569623EE90C18C6B33542796207,Tester/logs/20261011.log,968518,2026-06-03,10:05,B152PR,"CQ	0	00:08:52.229	Core 04	2026.06.03 10:05:03   [SRJ-IND] B152PR sym=USDJPY bar=2026.06.03 10:00 z1=261,B,157.184,157.192,2026.05.12 03:00,1,2026.05.12 08:55,157.714,156.726"
401,JUNE0525-B162,1617DC1ACCE6B50ED2D1359582A70A8B8503C569623EE90C18C6B33542796207,Tester/logs/20261011.log,968519,2026-06-03,10:05,B152PR,"KK	0	00:08:52.229	Core 04	2026.06.03 10:05:03   [SRJ-IND] B152PR sym=USDJPY bar=2026.06.03 10:00 z1=313,B,157.331,157.497,2026.05.12 10:00,1,2026.05.12 10:10,157.546,157.487"
402,JUNE0525-B162,1617DC1ACCE6B50ED2D1359582A70A8B8503C569623EE90C18C6B33542796207,Tester/logs/20261011.log,968520,2026-06-03,10:05,B152PR,"FM	0	00:08:52.229	Core 04	2026.06.03 10:05:03   [SRJ-IND] B152PR sym=USDJPY bar=2026.06.03 10:00 z1=414,B,157.517,157.589,2026.05.13 01:10,1,2026.05.13 01:20,157.607,157.587"
403,JUNE0525-B162,1617DC1ACCE6B50ED2D1359582A70A8B8503C569623EE90C18C6B33542796207,Tester/logs/20261011.log,968521,2026-06-03,10:05,B152PR,"EG	0	00:08:52.229	Core 04	2026.06.03 10:05:03   [SRJ-IND] B152PR sym=USDJPY bar=2026.06.03 10:00 z1=447,B,157.562,157.648,2026.05.13 06:20,1,2026.05.13 06:25,157.662,157.648"
404,JUNE0525-B162,1617DC1ACCE6B50ED2D1359582A70A8B8503C569623EE90C18C6B33542796207,Tester/logs/20261011.log,968522,2026-06-03,10:05,B152PR,"JI	0	00:08:52.229	Core 04	2026.06.03 10:05:03   [SRJ-IND] B152PR sym=USDJPY bar=2026.06.03 10:00 z1=449,B,157.599,157.654,2026.05.13 05:15,1,2026.05.13 05:45,157.687,157.652"
405,JUNE0525-B162,1617DC1ACCE6B50ED2D1359582A70A8B8503C569623EE90C18C6B33542796207,Tester/logs/20261011.log,968523,2026-06-03,10:05,B152PR,"KS	0	00:08:52.229	Core 04	2026.06.03 10:05:03   [SRJ-IND] B152PR sym=USDJPY bar=2026.06.03 10:00 z1=460,B,157.645,157.660,2026.05.13 07:05,1,2026.05.14 00:25,157.812,157.650"
406,JUNE0525-B162,1617DC1ACCE6B50ED2D1359582A70A8B8503C569623EE90C18C6B33542796207,Tester/logs/20261011.log,968524,2026-06-03,10:05,B152PR,"OE	0	00:08:52.229	Core 04	2026.06.03 10:05:03   [SRJ-IND] B152PR sym=USDJPY bar=2026.06.03 10:00 z1=696,B,157.568,158.167,2026.05.14 18:05,1,2026.05.14 18:10,158.191,158.119"
407,JUNE0525-B162,1617DC1ACCE6B50ED2D1359582A70A8B8503C569623EE90C18C6B33542796207,Tester/logs/20261011.log,968525,2026-06-03,10:05,B152PR,"KN	0	00:08:52.229	Core 04	2026.06.03 10:05:03   [SRJ-IND] B152PR sym=USDJPY bar=2026.06.03 10:00 z1=714,B,158.107,158.142,2026.05.14 19:30,1,2026.05.14 20:00,158.169,158.142"
408,JUNE0525-B162,1617DC1ACCE6B50ED2D1359582A70A8B8503C569623EE90C18C6B33542796207,Tester/logs/20261011.log,968526,2026-06-03,10:05,B152PR,"RP	0	00:08:52.229	Core 04	2026.06.03 10:05:03   [SRJ-IND] B152PR sym=USDJPY bar=2026.06.03 10:00 z1=724,B,158.168,158.186,2026.05.14 21:00,1,2026.05.14 21:05,158.191,158.182"
409,JUNE0525-B162,1617DC1ACCE6B50ED2D1359582A70A8B8503C569623EE90C18C6B33542796207,Tester/logs/20261011.log,968527,2026-06-03,10:05,B152PR,"PI	0	00:08:52.229	Core 04	2026.06.03 10:05:03   [SRJ-IND] B152PR sym=USDJPY bar=2026.06.03 10:00 z1=1405,B,158.735,158.769,2026.05.20 19:00,1,2026.05.20 19:05,158.816,158.753"
410,JUNE0525-B162,1617DC1ACCE6B50ED2D1359582A70A8B8503C569623EE90C18C6B33542796207,Tester/logs/20261011.log,968528,2026-06-03,10:05,B152PR,"FO	0	00:08:52.229	Core 04	2026.06.03 10:05:03   [SRJ-IND] B152PR sym=USDJPY bar=2026.06.03 10:00 z1=1779,B,158.756,158.800,2026.05.25 06:45,1,2026.05.26 00:00,158.887,158.784"
411,JUNE0525-B162,1617DC1ACCE6B50ED2D1359582A70A8B8503C569623EE90C18C6B33542796207,Tester/logs/20261011.log,968529,2026-06-03,10:05,B152PR,"GE	0	00:08:52.229	Core 04	2026.06.03 10:05:03   [SRJ-IND] B152PR sym=USDJPY bar=2026.06.03 10:00 z1=1780,B,158.789,158.814,2026.05.25 04:50,1,2026.05.26 00:00,158.887,158.784"
412,JUNE0525-B162,1617DC1ACCE6B50ED2D1359582A70A8B8503C569623EE90C18C6B33542796207,Tester/logs/20261011.log,968530,2026-06-03,10:05,B152PR,"RK	0	00:08:52.229	Core 04	2026.06.03 10:05:03   [SRJ-IND] B152PR sym=USDJPY bar=2026.06.03 10:00 z1=1949,B,158.916,158.934,2026.05.26 07:25,1,2026.05.26 07:30,158.942,158.934"
413,JUNE0525-B162,1617DC1ACCE6B50ED2D1359582A70A8B8503C569623EE90C18C6B33542796207,Tester/logs/20261011.log,968531,2026-06-03,10:05,B152PR,"GQ	0	00:08:52.229	Core 04	2026.06.03 10:05:03   [SRJ-IND] B152PR sym=USDJPY bar=2026.06.03 10:00 z1=2509,B,159.134,159.195,2026.05.29 19:10,1,2026.05.29 19:35,159.215,159.186"
414,JUNE0525-B162,1617DC1ACCE6B50ED2D1359582A70A8B8503C569623EE90C18C6B33542796207,Tester/logs/20261011.log,968532,2026-06-03,10:05,B152PR,"JG	0	00:08:52.229	Core 04	2026.06.03 10:05:03   [SRJ-IND] B152PR sym=USDJPY bar=2026.06.03 10:00 z1=2820,B,159.792,159.823,2026.06.02 17:10,1,2026.06.02 17:40,159.832,159.810"
415,JUNE0525-B162,1617DC1ACCE6B50ED2D1359582A70A8B8503C569623EE90C18C6B33542796207,Tester/logs/20261011.log,968533,2026-06-03,10:05,B152PR,"HM	0	00:08:52.229	Core 04	2026.06.03 10:05:03   [SRJ-IND] B152PR sym=USDJPY bar=2026.06.03 10:00 z1=2928,B,159.894,159.912,2026.06.03 08:50,1,2026.06.03 09:00,159.927,159.905"
416,JUNE0525-B162,1617DC1ACCE6B50ED2D1359582A70A8B8503C569623EE90C18C6B33542796207,Tester/logs/20261011.log,968534,2026-06-03,10:05,B152PR,"KS	0	00:08:52.229	Core 04	2026.06.03 10:05:03   [SRJ-IND] B152PR sym=USDJPY bar=2026.06.03 10:00 z1=2930,B,159.906,159.913,2026.06.03 09:00,1,2026.06.03 09:05,159.929,159.905"
417,JUNE0525-B162,1617DC1ACCE6B50ED2D1359582A70A8B8503C569623EE90C18C6B33542796207,Tester/logs/20261011.log,968535,2026-06-03,10:05,B152PR,"EK	0	00:08:52.229	Core 04	2026.06.03 10:05:03   [SRJ-IND] B152PR sym=USDJPY bar=2026.06.03 10:00 bull=1 bear=0 nz=21"
418,JUNE0525-B162,1617DC1ACCE6B50ED2D1359582A70A8B8503C569623EE90C18C6B33542796207,Tester/logs/20261011.log,968536,2026-06-03,10:05,B162ORIGIN,"QJ	0	00:08:52.229	Core 04	2026.06.03 10:05:03   [SRJ-IND] B162ORIGIN sym=USDJPY bar=2026.06.03 10:00 side=B n=21 origin=2930 range=159.906-159.913 formT=2026.06.03 08:45 set=65,78,212,256,261,313,414,447,449,460,696,714,724,1405,1779,1780,1949,2509,2820,2928,2930"
419,JUNE0525-B162,1617DC1ACCE6B50ED2D1359582A70A8B8503C569623EE90C18C6B33542796207,Tester/logs/20261011.log,968537,2026-06-03,10:05,B162ORIGIN,"JE	0	00:08:52.229	Core 04	2026.06.03 10:05:03   [SRJ-IND] B162ORIGIN sym=USDJPY bar=2026.06.03 10:00 side=S n=0 origin=NONE range=- formT=- set=-"
420,JUNE0525-B162,1617DC1ACCE6B50ED2D1359582A70A8B8503C569623EE90C18C6B33542796207,Tester/logs/20261011.log,968544,2026-06-03,10:10,B152PR,"GJ	0	00:08:52.229	Core 04	2026.06.03 10:10:00   [SRJ-IND] B152PR sym=USDJPY bar=2026.06.03 10:05 z1=65,B,156.672,156.773,2026.05.11 04:10,1,2026.05.12 08:55,157.714,156.726"
421,JUNE0525-B162,1617DC1ACCE6B50ED2D1359582A70A8B8503C569623EE90C18C6B33542796207,Tester/logs/20261011.log,968545,2026-06-03,10:10,B152PR,"GP	0	00:08:52.229	Core 04	2026.06.03 10:10:00   [SRJ-IND] B152PR sym=USDJPY bar=2026.06.03 10:05 z1=78,B,156.578,156.584,2026.05.11 00:35,1,2026.05.11 00:40,156.644,156.537"
422,JUNE0525-B162,1617DC1ACCE6B50ED2D1359582A70A8B8503C569623EE90C18C6B33542796207,Tester/logs/20261011.log,968546,2026-06-03,10:10,B152PR,"IE	0	00:08:52.229	Core 04	2026.06.03 10:10:00   [SRJ-IND] B152PR sym=USDJPY bar=2026.06.03 10:05 z1=212,B,157.028,157.060,2026.05.11 19:20,1,2026.05.12 00:00,157.152,157.050"
423,JUNE0525-B162,1617DC1ACCE6B50ED2D1359582A70A8B8503C569623EE90C18C6B33542796207,Tester/logs/20261011.log,968547,2026-06-03,10:10,B152PR,"IO	0	00:08:52.229	Core 04	2026.06.03 10:10:00   [SRJ-IND] B152PR sym=USDJPY bar=2026.06.03 10:05 z1=256,B,157.172,157.178,2026.05.12 01:25,1,2026.05.12 08:55,157.714,156.726"
424,JUNE0525-B162,1617DC1ACCE6B50ED2D1359582A70A8B8503C569623EE90C18C6B33542796207,Tester/logs/20261011.log,968548,2026-06-03,10:10,B152PR,"OQ	0	00:08:52.229	Core 04	2026.06.03 10:10:00   [SRJ-IND] B152PR sym=USDJPY bar=2026.06.03 10:05 z1=261,B,157.184,157.192,2026.05.12 03:00,1,2026.05.12 08:55,157.714,156.726"
425,JUNE0525-B162,1617DC1ACCE6B50ED2D1359582A70A8B8503C569623EE90C18C6B33542796207,Tester/logs/20261011.log,968549,2026-06-03,10:10,B152PR,"CK	0	00:08:52.229	Core 04	2026.06.03 10:10:00   [SRJ-IND] B152PR sym=USDJPY bar=2026.06.03 10:05 z1=313,B,157.331,157.497,2026.05.12 10:00,1,2026.05.12 10:10,157.546,157.487"
426,JUNE0525-B162,1617DC1ACCE6B50ED2D1359582A70A8B8503C569623EE90C18C6B33542796207,Tester/logs/20261011.log,968550,2026-06-03,10:10,B152PR,"JL	0	00:08:52.229	Core 04	2026.06.03 10:10:00   [SRJ-IND] B152PR sym=USDJPY bar=2026.06.03 10:05 z1=414,B,157.517,157.589,2026.05.13 01:10,1,2026.05.13 01:20,157.607,157.587"
427,JUNE0525-B162,1617DC1ACCE6B50ED2D1359582A70A8B8503C569623EE90C18C6B33542796207,Tester/logs/20261011.log,968551,2026-06-03,10:10,B152PR,"MF	0	00:08:52.229	Core 04	2026.06.03 10:10:00   [SRJ-IND] B152PR sym=USDJPY bar=2026.06.03 10:05 z1=447,B,157.562,157.648,2026.05.13 06:20,1,2026.05.13 06:25,157.662,157.648"
428,JUNE0525-B162,1617DC1ACCE6B50ED2D1359582A70A8B8503C569623EE90C18C6B33542796207,Tester/logs/20261011.log,968552,2026-06-03,10:10,B152PR,"NH	0	00:08:52.229	Core 04	2026.06.03 10:10:00   [SRJ-IND] B152PR sym=USDJPY bar=2026.06.03 10:05 z1=449,B,157.599,157.654,2026.05.13 05:15,1,2026.05.13 05:45,157.687,157.652"
429,JUNE0525-B162,1617DC1ACCE6B50ED2D1359582A70A8B8503C569623EE90C18C6B33542796207,Tester/logs/20261011.log,968553,2026-06-03,10:10,B152PR,"CR	0	00:08:52.229	Core 04	2026.06.03 10:10:00   [SRJ-IND] B152PR sym=USDJPY bar=2026.06.03 10:05 z1=460,B,157.645,157.660,2026.05.13 07:05,1,2026.05.14 00:25,157.812,157.650"
430,JUNE0525-B162,1617DC1ACCE6B50ED2D1359582A70A8B8503C569623EE90C18C6B33542796207,Tester/logs/20261011.log,968554,2026-06-03,10:10,B152PR,"KD	0	00:08:52.229	Core 04	2026.06.03 10:10:00   [SRJ-IND] B152PR sym=USDJPY bar=2026.06.03 10:05 z1=696,B,157.568,158.167,2026.05.14 18:05,1,2026.05.14 18:10,158.191,158.119"
431,JUNE0525-B162,1617DC1ACCE6B50ED2D1359582A70A8B8503C569623EE90C18C6B33542796207,Tester/logs/20261011.log,968555,2026-06-03,10:10,B152PR,"CN	0	00:08:52.229	Core 04	2026.06.03 10:10:00   [SRJ-IND] B152PR sym=USDJPY bar=2026.06.03 10:05 z1=714,B,158.107,158.142,2026.05.14 19:30,1,2026.05.14 20:00,158.169,158.142"
432,JUNE0525-B162,1617DC1ACCE6B50ED2D1359582A70A8B8503C569623EE90C18C6B33542796207,Tester/logs/20261011.log,968556,2026-06-03,10:10,B152PR,"FP	0	00:08:52.229	Core 04	2026.06.03 10:10:00   [SRJ-IND] B152PR sym=USDJPY bar=2026.06.03 10:05 z1=724,B,158.168,158.186,2026.05.14 21:00,1,2026.05.14 21:05,158.191,158.182"
433,JUNE0525-B162,1617DC1ACCE6B50ED2D1359582A70A8B8503C569623EE90C18C6B33542796207,Tester/logs/20261011.log,968557,2026-06-03,10:10,B152PR,"HI	0	00:08:52.229	Core 04	2026.06.03 10:10:00   [SRJ-IND] B152PR sym=USDJPY bar=2026.06.03 10:05 z1=1405,B,158.735,158.769,2026.05.20 19:00,1,2026.05.20 19:05,158.816,158.753"
434,JUNE0525-B162,1617DC1ACCE6B50ED2D1359582A70A8B8503C569623EE90C18C6B33542796207,Tester/logs/20261011.log,968558,2026-06-03,10:10,B152PR,"NO	0	00:08:52.229	Core 04	2026.06.03 10:10:00   [SRJ-IND] B152PR sym=USDJPY bar=2026.06.03 10:05 z1=1779,B,158.756,158.800,2026.05.25 06:45,1,2026.05.26 00:00,158.887,158.784"
435,JUNE0525-B162,1617DC1ACCE6B50ED2D1359582A70A8B8503C569623EE90C18C6B33542796207,Tester/logs/20261011.log,968559,2026-06-03,10:10,B152PR,"OE	0	00:08:52.229	Core 04	2026.06.03 10:10:00   [SRJ-IND] B152PR sym=USDJPY bar=2026.06.03 10:05 z1=1780,B,158.789,158.814,2026.05.25 04:50,1,2026.05.26 00:00,158.887,158.784"
436,JUNE0525-B162,1617DC1ACCE6B50ED2D1359582A70A8B8503C569623EE90C18C6B33542796207,Tester/logs/20261011.log,968560,2026-06-03,10:10,B152PR,"JK	0	00:08:52.229	Core 04	2026.06.03 10:10:00   [SRJ-IND] B152PR sym=USDJPY bar=2026.06.03 10:05 z1=1949,B,158.916,158.934,2026.05.26 07:25,1,2026.05.26 07:30,158.942,158.934"
437,JUNE0525-B162,1617DC1ACCE6B50ED2D1359582A70A8B8503C569623EE90C18C6B33542796207,Tester/logs/20261011.log,968561,2026-06-03,10:10,B152PR,"OQ	0	00:08:52.229	Core 04	2026.06.03 10:10:00   [SRJ-IND] B152PR sym=USDJPY bar=2026.06.03 10:05 z1=2509,B,159.134,159.195,2026.05.29 19:10,1,2026.05.29 19:35,159.215,159.186"
438,JUNE0525-B162,1617DC1ACCE6B50ED2D1359582A70A8B8503C569623EE90C18C6B33542796207,Tester/logs/20261011.log,968562,2026-06-03,10:10,B152PR,"RG	0	00:08:52.229	Core 04	2026.06.03 10:10:00   [SRJ-IND] B152PR sym=USDJPY bar=2026.06.03 10:05 z1=2820,B,159.792,159.823,2026.06.02 17:10,1,2026.06.02 17:40,159.832,159.810"
439,JUNE0525-B162,1617DC1ACCE6B50ED2D1359582A70A8B8503C569623EE90C18C6B33542796207,Tester/logs/20261011.log,968563,2026-06-03,10:10,B152PR,"PM	0	00:08:52.229	Core 04	2026.06.03 10:10:00   [SRJ-IND] B152PR sym=USDJPY bar=2026.06.03 10:05 z1=2928,B,159.894,159.912,2026.06.03 08:50,1,2026.06.03 09:00,159.927,159.905"
440,JUNE0525-B162,1617DC1ACCE6B50ED2D1359582A70A8B8503C569623EE90C18C6B33542796207,Tester/logs/20261011.log,968564,2026-06-03,10:10,B152PR,"CS	0	00:08:52.229	Core 04	2026.06.03 10:10:00   [SRJ-IND] B152PR sym=USDJPY bar=2026.06.03 10:05 z1=2930,B,159.906,159.913,2026.06.03 09:00,1,2026.06.03 09:05,159.929,159.905"
441,JUNE0525-B162,1617DC1ACCE6B50ED2D1359582A70A8B8503C569623EE90C18C6B33542796207,Tester/logs/20261011.log,968565,2026-06-03,10:10,B152PR,"MK	0	00:08:52.229	Core 04	2026.06.03 10:10:00   [SRJ-IND] B152PR sym=USDJPY bar=2026.06.03 10:05 bull=1 bear=0 nz=21"
442,JUNE0525-B162,1617DC1ACCE6B50ED2D1359582A70A8B8503C569623EE90C18C6B33542796207,Tester/logs/20261011.log,968566,2026-06-03,10:10,B162ORIGIN,"IK	0	00:08:52.229	Core 04	2026.06.03 10:10:00   [SRJ-IND] B162ORIGIN sym=USDJPY bar=2026.06.03 10:05 side=B n=21 origin=2930 range=159.906-159.913 formT=2026.06.03 08:45 set=65,78,212,256,261,313,414,447,449,460,696,714,724,1405,1779,1780,1949,2509,2820,2928,2930"
443,JUNE0525-B162,1617DC1ACCE6B50ED2D1359582A70A8B8503C569623EE90C18C6B33542796207,Tester/logs/20261011.log,968567,2026-06-03,10:10,B162ORIGIN,"FJ	0	00:08:52.229	Core 04	2026.06.03 10:10:00   [SRJ-IND] B162ORIGIN sym=USDJPY bar=2026.06.03 10:05 side=S n=0 origin=NONE range=- formT=- set=-"
444,JUNE0525-B162,1617DC1ACCE6B50ED2D1359582A70A8B8503C569623EE90C18C6B33542796207,Tester/logs/20261011.log,968571,2026-06-03,10:10,CQDRECHECK,"EN	0	00:08:52.229	Core 04	2026.06.03 10:10:00   [SRJ-EA] CQDRECHECK shift=2 passA=-2.0 passB=-2.0 diff=0 bar=2026.06.03 10:00 state=IDLE dir=NONE divLatch=0 hit1=0 hit2=514 mism=0"
445,JUNE0525-B162,1617DC1ACCE6B50ED2D1359582A70A8B8503C569623EE90C18C6B33542796207,Tester/logs/20261011.log,968577,2026-06-03,10:15,B152PR,"JO	0	00:08:52.229	Core 04	2026.06.03 10:15:00   [SRJ-IND] B152PR sym=USDJPY bar=2026.06.03 10:10 z1=65,B,156.672,156.773,2026.05.11 04:10,1,2026.05.12 08:55,157.714,156.726"
446,JUNE0525-B162,1617DC1ACCE6B50ED2D1359582A70A8B8503C569623EE90C18C6B33542796207,Tester/logs/20261011.log,968578,2026-06-03,10:15,B152PR,"JE	0	00:08:52.229	Core 04	2026.06.03 10:15:00   [SRJ-IND] B152PR sym=USDJPY bar=2026.06.03 10:10 z1=78,B,156.578,156.584,2026.05.11 00:35,1,2026.05.11 00:40,156.644,156.537"
447,JUNE0525-B162,1617DC1ACCE6B50ED2D1359582A70A8B8503C569623EE90C18C6B33542796207,Tester/logs/20261011.log,968579,2026-06-03,10:15,B152PR,"HH	0	00:08:52.229	Core 04	2026.06.03 10:15:00   [SRJ-IND] B152PR sym=USDJPY bar=2026.06.03 10:10 z1=212,B,157.028,157.060,2026.05.11 19:20,1,2026.05.12 00:00,157.152,157.050"
448,JUNE0525-B162,1617DC1ACCE6B50ED2D1359582A70A8B8503C569623EE90C18C6B33542796207,Tester/logs/20261011.log,968580,2026-06-03,10:15,B152PR,"DR	0	00:08:52.229	Core 04	2026.06.03 10:15:00   [SRJ-IND] B152PR sym=USDJPY bar=2026.06.03 10:10 z1=256,B,157.172,157.178,2026.05.12 01:25,1,2026.05.12 08:55,157.714,156.726"
449,JUNE0525-B162,1617DC1ACCE6B50ED2D1359582A70A8B8503C569623EE90C18C6B33542796207,Tester/logs/20261011.log,968581,2026-06-03,10:15,B152PR,"RD	0	00:08:52.229	Core 04	2026.06.03 10:15:00   [SRJ-IND] B152PR sym=USDJPY bar=2026.06.03 10:10 z1=261,B,157.184,157.192,2026.05.12 03:00,1,2026.05.12 08:55,157.714,156.726"
450,JUNE0525-B162,1617DC1ACCE6B50ED2D1359582A70A8B8503C569623EE90C18C6B33542796207,Tester/logs/20261011.log,968582,2026-06-03,10:15,B152PR,"RI	0	00:08:52.229	Core 04	2026.06.03 10:15:00   [SRJ-IND] B152PR sym=USDJPY bar=2026.06.03 10:10 z1=313,B,157.331,157.497,2026.05.12 10:00,1,2026.05.12 10:10,157.546,157.487"
451,JUNE0525-B162,1617DC1ACCE6B50ED2D1359582A70A8B8503C569623EE90C18C6B33542796207,Tester/logs/20261011.log,968583,2026-06-03,10:15,B152PR,"GS	0	00:08:52.229	Core 04	2026.06.03 10:15:00   [SRJ-IND] B152PR sym=USDJPY bar=2026.06.03 10:10 z1=414,B,157.517,157.589,2026.05.13 01:10,1,2026.05.13 01:20,157.607,157.587"
452,JUNE0525-B162,1617DC1ACCE6B50ED2D1359582A70A8B8503C569623EE90C18C6B33542796207,Tester/logs/20261011.log,968584,2026-06-03,10:15,B152PR,"PE	0	00:08:52.229	Core 04	2026.06.03 10:15:00   [SRJ-IND] B152PR sym=USDJPY bar=2026.06.03 10:10 z1=447,B,157.562,157.648,2026.05.13 06:20,1,2026.05.13 06:25,157.662,157.648"
453,JUNE0525-B162,1617DC1ACCE6B50ED2D1359582A70A8B8503C569623EE90C18C6B33542796207,Tester/logs/20261011.log,968585,2026-06-03,10:15,B152PR,"KO	0	00:08:52.229	Core 04	2026.06.03 10:15:00   [SRJ-IND] B152PR sym=USDJPY bar=2026.06.03 10:10 z1=449,B,157.599,157.654,2026.05.13 05:15,1,2026.05.13 05:45,157.687,157.652"
454,JUNE0525-B162,1617DC1ACCE6B50ED2D1359582A70A8B8503C569623EE90C18C6B33542796207,Tester/logs/20261011.log,968586,2026-06-03,10:15,B152PR,"RQ	0	00:08:52.229	Core 04	2026.06.03 10:15:00   [SRJ-IND] B152PR sym=USDJPY bar=2026.06.03 10:10 z1=460,B,157.645,157.660,2026.05.13 07:05,1,2026.05.14 00:25,157.812,157.650"
455,JUNE0525-B162,1617DC1ACCE6B50ED2D1359582A70A8B8503C569623EE90C18C6B33542796207,Tester/logs/20261011.log,968587,2026-06-03,10:15,B152PR,"NK	0	00:08:52.229	Core 04	2026.06.03 10:15:00   [SRJ-IND] B152PR sym=USDJPY bar=2026.06.03 10:10 z1=696,B,157.568,158.167,2026.05.14 18:05,1,2026.05.14 18:10,158.191,158.119"
456,JUNE0525-B162,1617DC1ACCE6B50ED2D1359582A70A8B8503C569623EE90C18C6B33542796207,Tester/logs/20261011.log,968588,2026-06-03,10:15,B152PR,"JM	0	00:08:52.229	Core 04	2026.06.03 10:15:00   [SRJ-IND] B152PR sym=USDJPY bar=2026.06.03 10:10 z1=714,B,158.107,158.142,2026.05.14 19:30,1,2026.05.14 20:00,158.169,158.142"
457,JUNE0525-B162,1617DC1ACCE6B50ED2D1359582A70A8B8503C569623EE90C18C6B33542796207,Tester/logs/20261011.log,968589,2026-06-03,10:15,B152PR,"CG	0	00:08:52.229	Core 04	2026.06.03 10:15:00   [SRJ-IND] B152PR sym=USDJPY bar=2026.06.03 10:10 z1=724,B,158.168,158.186,2026.05.14 21:00,1,2026.05.14 21:05,158.191,158.182"
458,JUNE0525-B162,1617DC1ACCE6B50ED2D1359582A70A8B8503C569623EE90C18C6B33542796207,Tester/logs/20261011.log,968590,2026-06-03,10:15,B152PR,"MK	0	00:08:52.229	Core 04	2026.06.03 10:15:00   [SRJ-IND] B152PR sym=USDJPY bar=2026.06.03 10:10 z1=1405,B,158.735,158.769,2026.05.20 19:00,1,2026.05.20 19:05,158.816,158.753"
459,JUNE0525-B162,1617DC1ACCE6B50ED2D1359582A70A8B8503C569623EE90C18C6B33542796207,Tester/logs/20261011.log,968591,2026-06-03,10:15,B152PR,"GQ	0	00:08:52.229	Core 04	2026.06.03 10:15:00   [SRJ-IND] B152PR sym=USDJPY bar=2026.06.03 10:10 z1=1779,B,158.756,158.800,2026.05.25 06:45,1,2026.05.26 00:00,158.887,158.784"
460,JUNE0525-B162,1617DC1ACCE6B50ED2D1359582A70A8B8503C569623EE90C18C6B33542796207,Tester/logs/20261011.log,968592,2026-06-03,10:15,B152PR,"FG	0	00:08:52.229	Core 04	2026.06.03 10:15:00   [SRJ-IND] B152PR sym=USDJPY bar=2026.06.03 10:10 z1=1780,B,158.789,158.814,2026.05.25 04:50,1,2026.05.26 00:00,158.887,158.784"
461,JUNE0525-B162,1617DC1ACCE6B50ED2D1359582A70A8B8503C569623EE90C18C6B33542796207,Tester/logs/20261011.log,968593,2026-06-03,10:15,B152PR,"KM	0	00:08:52.229	Core 04	2026.06.03 10:15:00   [SRJ-IND] B152PR sym=USDJPY bar=2026.06.03 10:10 z1=1949,B,158.916,158.934,2026.05.26 07:25,1,2026.05.26 07:30,158.942,158.934"
462,JUNE0525-B162,1617DC1ACCE6B50ED2D1359582A70A8B8503C569623EE90C18C6B33542796207,Tester/logs/20261011.log,968594,2026-06-03,10:15,B152PR,"FS	0	00:08:52.229	Core 04	2026.06.03 10:15:00   [SRJ-IND] B152PR sym=USDJPY bar=2026.06.03 10:10 z1=2509,B,159.134,159.195,2026.05.29 19:10,1,2026.05.29 19:35,159.215,159.186"
463,JUNE0525-B162,1617DC1ACCE6B50ED2D1359582A70A8B8503C569623EE90C18C6B33542796207,Tester/logs/20261011.log,968595,2026-06-03,10:15,B152PR,"CI	0	00:08:52.229	Core 04	2026.06.03 10:15:00   [SRJ-IND] B152PR sym=USDJPY bar=2026.06.03 10:10 z1=2820,B,159.792,159.823,2026.06.02 17:10,1,2026.06.02 17:40,159.832,159.810"
464,JUNE0525-B162,1617DC1ACCE6B50ED2D1359582A70A8B8503C569623EE90C18C6B33542796207,Tester/logs/20261011.log,968596,2026-06-03,10:15,B152PR,"EO	0	00:08:52.229	Core 04	2026.06.03 10:15:00   [SRJ-IND] B152PR sym=USDJPY bar=2026.06.03 10:10 z1=2928,B,159.894,159.912,2026.06.03 08:50,1,2026.06.03 09:00,159.927,159.905"
465,JUNE0525-B162,1617DC1ACCE6B50ED2D1359582A70A8B8503C569623EE90C18C6B33542796207,Tester/logs/20261011.log,968597,2026-06-03,10:15,B152PR,"RE	0	00:08:52.229	Core 04	2026.06.03 10:15:00   [SRJ-IND] B152PR sym=USDJPY bar=2026.06.03 10:10 z1=2930,B,159.906,159.913,2026.06.03 09:00,1,2026.06.03 09:05,159.929,159.905"
466,JUNE0525-B162,1617DC1ACCE6B50ED2D1359582A70A8B8503C569623EE90C18C6B33542796207,Tester/logs/20261011.log,968598,2026-06-03,10:15,B152PR,"HI	0	00:08:52.229	Core 04	2026.06.03 10:15:00   [SRJ-IND] B152PR sym=USDJPY bar=2026.06.03 10:10 bull=1 bear=0 nz=21"
467,JUNE0525-B162,1617DC1ACCE6B50ED2D1359582A70A8B8503C569623EE90C18C6B33542796207,Tester/logs/20261011.log,968599,2026-06-03,10:15,B162ORIGIN,"DD	0	00:08:52.229	Core 04	2026.06.03 10:15:00   [SRJ-IND] B162ORIGIN sym=USDJPY bar=2026.06.03 10:10 side=B n=21 origin=2930 range=159.906-159.913 formT=2026.06.03 08:45 set=65,78,212,256,261,313,414,447,449,460,696,714,724,1405,1779,1780,1949,2509,2820,2928,2930"
468,JUNE0525-B162,1617DC1ACCE6B50ED2D1359582A70A8B8503C569623EE90C18C6B33542796207,Tester/logs/20261011.log,968600,2026-06-03,10:15,B162ORIGIN,"CG	0	00:08:52.229	Core 04	2026.06.03 10:15:00   [SRJ-IND] B162ORIGIN sym=USDJPY bar=2026.06.03 10:10 side=S n=0 origin=NONE range=- formT=- set=-"
469,JUNE0525-B162,1617DC1ACCE6B50ED2D1359582A70A8B8503C569623EE90C18C6B33542796207,Tester/logs/20261011.log,968608,2026-06-03,10:15,CONFIRMPOLL,"RQ	0	00:08:52.229	Core 04	2026.06.03 10:15:00   [SRJ-EA] CONFIRMPOLL bar=2026.06.03 10:10 anchor=Daily-VWAP dir=LONG oppCandle=1 bodyDir=0 body=30pts doji=0 touchAttr=0 confirm=0 shadow=true"
470,JUNE0525-B162,1617DC1ACCE6B50ED2D1359582A70A8B8503C569623EE90C18C6B33542796207,Tester/logs/20261011.log,968614,2026-06-03,10:20,B152PR,"MP	0	00:08:52.229	Core 04	2026.06.03 10:20:00   [SRJ-IND] B152PR sym=USDJPY bar=2026.06.03 10:15 z1=65,B,156.672,156.773,2026.05.11 04:10,1,2026.05.12 08:55,157.714,156.726"
471,JUNE0525-B162,1617DC1ACCE6B50ED2D1359582A70A8B8503C569623EE90C18C6B33542796207,Tester/logs/20261011.log,968615,2026-06-03,10:20,B152PR,"EG	0	00:08:52.229	Core 04	2026.06.03 10:20:00   [SRJ-IND] B152PR sym=USDJPY bar=2026.06.03 10:15 z1=78,B,156.578,156.584,2026.05.11 00:35,1,2026.05.11 00:40,156.644,156.537"
472,JUNE0525-B162,1617DC1ACCE6B50ED2D1359582A70A8B8503C569623EE90C18C6B33542796207,Tester/logs/20261011.log,968616,2026-06-03,10:20,B152PR,"KN	0	00:08:52.229	Core 04	2026.06.03 10:20:00   [SRJ-IND] B152PR sym=USDJPY bar=2026.06.03 10:15 z1=212,B,157.028,157.060,2026.05.11 19:20,1,2026.05.12 00:00,157.152,157.050"
473,JUNE0525-B162,1617DC1ACCE6B50ED2D1359582A70A8B8503C569623EE90C18C6B33542796207,Tester/logs/20261011.log,968617,2026-06-03,10:20,B152PR,"KP	0	00:08:52.229	Core 04	2026.06.03 10:20:00   [SRJ-IND] B152PR sym=USDJPY bar=2026.06.03 10:15 z1=256,B,157.172,157.178,2026.05.12 01:25,1,2026.05.12 08:55,157.714,156.726"
474,JUNE0525-B162,1617DC1ACCE6B50ED2D1359582A70A8B8503C569623EE90C18C6B33542796207,Tester/logs/20261011.log,968618,2026-06-03,10:20,B152PR,"MJ	0	00:08:52.229	Core 04	2026.06.03 10:20:00   [SRJ-IND] B152PR sym=USDJPY bar=2026.06.03 10:15 z1=261,B,157.184,157.192,2026.05.12 03:00,1,2026.05.12 08:55,157.714,156.726"
475,JUNE0525-B162,1617DC1ACCE6B50ED2D1359582A70A8B8503C569623EE90C18C6B33542796207,Tester/logs/20261011.log,968619,2026-06-03,10:20,B152PR,"IL	0	00:08:52.229	Core 04	2026.06.03 10:20:00   [SRJ-IND] B152PR sym=USDJPY bar=2026.06.03 10:15 z1=313,B,157.331,157.497,2026.05.12 10:00,1,2026.05.12 10:10,157.546,157.487"
476,JUNE0525-B162,1617DC1ACCE6B50ED2D1359582A70A8B8503C569623EE90C18C6B33542796207,Tester/logs/20261011.log,968620,2026-06-03,10:20,B152PR,"LF	0	00:08:52.229	Core 04	2026.06.03 10:20:00   [SRJ-IND] B152PR sym=USDJPY bar=2026.06.03 10:15 z1=414,B,157.517,157.589,2026.05.13 01:10,1,2026.05.13 01:20,157.607,157.587"
477,JUNE0525-B162,1617DC1ACCE6B50ED2D1359582A70A8B8503C569623EE90C18C6B33542796207,Tester/logs/20261011.log,968621,2026-06-03,10:20,B152PR,"GH	0	00:08:52.229	Core 04	2026.06.03 10:20:00   [SRJ-IND] B152PR sym=USDJPY bar=2026.06.03 10:15 z1=447,B,157.562,157.648,2026.05.13 06:20,1,2026.05.13 06:25,157.662,157.648"
478,JUNE0525-B162,1617DC1ACCE6B50ED2D1359582A70A8B8503C569623EE90C18C6B33542796207,Tester/logs/20261011.log,968622,2026-06-03,10:20,B152PR,"PM	0	00:08:52.229	Core 04	2026.06.03 10:20:00   [SRJ-IND] B152PR sym=USDJPY bar=2026.06.03 10:15 z1=449,B,157.599,157.654,2026.05.13 05:15,1,2026.05.13 05:45,157.687,157.652"
479,JUNE0525-B162,1617DC1ACCE6B50ED2D1359582A70A8B8503C569623EE90C18C6B33542796207,Tester/logs/20261011.log,968623,2026-06-03,10:20,B152PR,"IG	0	00:08:52.229	Core 04	2026.06.03 10:20:00   [SRJ-IND] B152PR sym=USDJPY bar=2026.06.03 10:15 z1=460,B,157.645,157.660,2026.05.13 07:05,1,2026.05.14 00:25,157.812,157.650"
480,JUNE0525-B162,1617DC1ACCE6B50ED2D1359582A70A8B8503C569623EE90C18C6B33542796207,Tester/logs/20261011.log,968624,2026-06-03,10:20,B152PR,"II	0	00:08:52.229	Core 04	2026.06.03 10:20:00   [SRJ-IND] B152PR sym=USDJPY bar=2026.06.03 10:15 z1=696,B,157.568,158.167,2026.05.14 18:05,1,2026.05.14 18:10,158.191,158.119"
481,JUNE0525-B162,1617DC1ACCE6B50ED2D1359582A70A8B8503C569623EE90C18C6B33542796207,Tester/logs/20261011.log,968625,2026-06-03,10:20,B152PR,"QS	0	00:08:52.229	Core 04	2026.06.03 10:20:00   [SRJ-IND] B152PR sym=USDJPY bar=2026.06.03 10:15 z1=714,B,158.107,158.142,2026.05.14 19:30,1,2026.05.14 20:00,158.169,158.142"
482,JUNE0525-B162,1617DC1ACCE6B50ED2D1359582A70A8B8503C569623EE90C18C6B33542796207,Tester/logs/20261011.log,968626,2026-06-03,10:20,B152PR,"HE	0	00:08:52.229	Core 04	2026.06.03 10:20:00   [SRJ-IND] B152PR sym=USDJPY bar=2026.06.03 10:15 z1=724,B,158.168,158.186,2026.05.14 21:00,1,2026.05.14 21:05,158.191,158.182"
483,JUNE0525-B162,1617DC1ACCE6B50ED2D1359582A70A8B8503C569623EE90C18C6B33542796207,Tester/logs/20261011.log,968627,2026-06-03,10:20,B152PR,"FL	0	00:08:52.229	Core 04	2026.06.03 10:20:00   [SRJ-IND] B152PR sym=USDJPY bar=2026.06.03 10:15 z1=1405,B,158.735,158.769,2026.05.20 19:00,1,2026.05.20 19:05,158.816,158.753"
484,JUNE0525-B162,1617DC1ACCE6B50ED2D1359582A70A8B8503C569623EE90C18C6B33542796207,Tester/logs/20261011.log,968628,2026-06-03,10:20,B152PR,"PR	0	00:08:52.229	Core 04	2026.06.03 10:20:00   [SRJ-IND] B152PR sym=USDJPY bar=2026.06.03 10:15 z1=1779,B,158.756,158.800,2026.05.25 06:45,1,2026.05.26 00:00,158.887,158.784"
485,JUNE0525-B162,1617DC1ACCE6B50ED2D1359582A70A8B8503C569623EE90C18C6B33542796207,Tester/logs/20261011.log,968629,2026-06-03,10:20,B152PR,"MH	0	00:08:52.229	Core 04	2026.06.03 10:20:00   [SRJ-IND] B152PR sym=USDJPY bar=2026.06.03 10:15 z1=1780,B,158.789,158.814,2026.05.25 04:50,1,2026.05.26 00:00,158.887,158.784"
486,JUNE0525-B162,1617DC1ACCE6B50ED2D1359582A70A8B8503C569623EE90C18C6B33542796207,Tester/logs/20261011.log,968630,2026-06-03,10:20,B152PR,"DN	0	00:08:52.229	Core 04	2026.06.03 10:20:00   [SRJ-IND] B152PR sym=USDJPY bar=2026.06.03 10:15 z1=1949,B,158.916,158.934,2026.05.26 07:25,1,2026.05.26 07:30,158.942,158.934"
487,JUNE0525-B162,1617DC1ACCE6B50ED2D1359582A70A8B8503C569623EE90C18C6B33542796207,Tester/logs/20261011.log,968631,2026-06-03,10:20,B152PR,"MD	0	00:08:52.229	Core 04	2026.06.03 10:20:00   [SRJ-IND] B152PR sym=USDJPY bar=2026.06.03 10:15 z1=2509,B,159.134,159.195,2026.05.29 19:10,1,2026.05.29 19:35,159.215,159.186"
488,JUNE0525-B162,1617DC1ACCE6B50ED2D1359582A70A8B8503C569623EE90C18C6B33542796207,Tester/logs/20261011.log,968632,2026-06-03,10:20,B152PR,"LJ	0	00:08:52.229	Core 04	2026.06.03 10:20:00   [SRJ-IND] B152PR sym=USDJPY bar=2026.06.03 10:15 z1=2820,B,159.792,159.823,2026.06.02 17:10,1,2026.06.02 17:40,159.832,159.810"
489,JUNE0525-B162,1617DC1ACCE6B50ED2D1359582A70A8B8503C569623EE90C18C6B33542796207,Tester/logs/20261011.log,968633,2026-06-03,10:20,B152PR,"NP	0	00:08:52.229	Core 04	2026.06.03 10:20:00   [SRJ-IND] B152PR sym=USDJPY bar=2026.06.03 10:15 z1=2928,B,159.894,159.912,2026.06.03 08:50,1,2026.06.03 09:00,159.927,159.905"
490,JUNE0525-B162,1617DC1ACCE6B50ED2D1359582A70A8B8503C569623EE90C18C6B33542796207,Tester/logs/20261011.log,968634,2026-06-03,10:20,B152PR,"IF	0	00:08:52.229	Core 04	2026.06.03 10:20:00   [SRJ-IND] B152PR sym=USDJPY bar=2026.06.03 10:15 z1=2930,B,159.906,159.913,2026.06.03 09:00,1,2026.06.03 09:05,159.929,159.905"
491,JUNE0525-B162,1617DC1ACCE6B50ED2D1359582A70A8B8503C569623EE90C18C6B33542796207,Tester/logs/20261011.log,968635,2026-06-03,10:20,B152PR,"ON	0	00:08:52.229	Core 04	2026.06.03 10:20:00   [SRJ-IND] B152PR sym=USDJPY bar=2026.06.03 10:15 bull=1 bear=0 nz=21"
492,JUNE0525-B162,1617DC1ACCE6B50ED2D1359582A70A8B8503C569623EE90C18C6B33542796207,Tester/logs/20261011.log,968636,2026-06-03,10:20,B162ORIGIN,"KQ	0	00:08:52.229	Core 04	2026.06.03 10:20:00   [SRJ-IND] B162ORIGIN sym=USDJPY bar=2026.06.03 10:15 side=B n=21 origin=2930 range=159.906-159.913 formT=2026.06.03 08:45 set=65,78,212,256,261,313,414,447,449,460,696,714,724,1405,1779,1780,1949,2509,2820,2928,2930"
493,JUNE0525-B162,1617DC1ACCE6B50ED2D1359582A70A8B8503C569623EE90C18C6B33542796207,Tester/logs/20261011.log,968637,2026-06-03,10:20,B162ORIGIN,"PP	0	00:08:52.229	Core 04	2026.06.03 10:20:00   [SRJ-IND] B162ORIGIN sym=USDJPY bar=2026.06.03 10:15 side=S n=0 origin=NONE range=- formT=- set=-"
494,JUNE0525-B162,1617DC1ACCE6B50ED2D1359582A70A8B8503C569623EE90C18C6B33542796207,Tester/logs/20261011.log,968641,2026-06-03,10:20,CQDRECHECK,"HS	0	00:08:52.229	Core 04	2026.06.03 10:20:00   [SRJ-EA] CQDRECHECK shift=2 passA=1.0 passB=1.0 diff=0 bar=2026.06.03 10:10 state=IDLE dir=NONE divLatch=0 hit1=0 hit2=515 mism=0"
495,JUNE0525-B162,1617DC1ACCE6B50ED2D1359582A70A8B8503C569623EE90C18C6B33542796207,Tester/logs/20261011.log,968646,2026-06-03,10:20,CONFIRMPOLL,"EJ	0	00:08:52.229	Core 04	2026.06.03 10:20:00   [SRJ-EA] CONFIRMPOLL bar=2026.06.03 10:15 anchor=Daily-VWAP dir=LONG oppCandle=1 bodyDir=1 body=24pts doji=0 touchAttr=1 confirm=1 shadow=true"
496,JUNE0525-B162,1617DC1ACCE6B50ED2D1359582A70A8B8503C569623EE90C18C6B33542796207,Tester/logs/20261011.log,968648,2026-06-03,10:25,B152PR,"RG	0	00:08:52.229	Core 04	2026.06.03 10:25:02   [SRJ-IND] B152PR sym=USDJPY bar=2026.06.03 10:20 z1=65,B,156.672,156.773,2026.05.11 04:10,1,2026.05.12 08:55,157.714,156.726"
497,JUNE0525-B162,1617DC1ACCE6B50ED2D1359582A70A8B8503C569623EE90C18C6B33542796207,Tester/logs/20261011.log,968649,2026-06-03,10:25,B152PR,"RM	0	00:08:52.229	Core 04	2026.06.03 10:25:02   [SRJ-IND] B152PR sym=USDJPY bar=2026.06.03 10:20 z1=78,B,156.578,156.584,2026.05.11 00:35,1,2026.05.11 00:40,156.644,156.537"
498,JUNE0525-B162,1617DC1ACCE6B50ED2D1359582A70A8B8503C569623EE90C18C6B33542796207,Tester/logs/20261011.log,968650,2026-06-03,10:25,B152PR,"PS	0	00:08:52.229	Core 04	2026.06.03 10:25:02   [SRJ-IND] B152PR sym=USDJPY bar=2026.06.03 10:20 z1=212,B,157.028,157.060,2026.05.11 19:20,1,2026.05.12 00:00,157.152,157.050"
499,JUNE0525-B162,1617DC1ACCE6B50ED2D1359582A70A8B8503C569623EE90C18C6B33542796207,Tester/logs/20261011.log,968651,2026-06-03,10:25,B152PR,"PE	0	00:08:52.229	Core 04	2026.06.03 10:25:02   [SRJ-IND] B152PR sym=USDJPY bar=2026.06.03 10:20 z1=256,B,157.172,157.178,2026.05.12 01:25,1,2026.05.12 08:55,157.714,156.726"
500,JUNE0525-B162,1617DC1ACCE6B50ED2D1359582A70A8B8503C569623EE90C18C6B33542796207,Tester/logs/20261011.log,968652,2026-06-03,10:25,B152PR,"JO	0	00:08:52.229	Core 04	2026.06.03 10:25:02   [SRJ-IND] B152PR sym=USDJPY bar=2026.06.03 10:20 z1=261,B,157.184,157.192,2026.05.12 03:00,1,2026.05.12 08:55,157.714,156.726"
501,JUNE0525-B162,1617DC1ACCE6B50ED2D1359582A70A8B8503C569623EE90C18C6B33542796207,Tester/logs/20261011.log,968653,2026-06-03,10:25,B152PR,"NQ	0	00:08:52.229	Core 04	2026.06.03 10:25:02   [SRJ-IND] B152PR sym=USDJPY bar=2026.06.03 10:20 z1=313,B,157.331,157.497,2026.05.12 10:00,1,2026.05.12 10:10,157.546,157.487"
502,JUNE0525-B162,1617DC1ACCE6B50ED2D1359582A70A8B8503C569623EE90C18C6B33542796207,Tester/logs/20261011.log,968654,2026-06-03,10:25,B152PR,"OK	0	00:08:52.229	Core 04	2026.06.03 10:25:02   [SRJ-IND] B152PR sym=USDJPY bar=2026.06.03 10:20 z1=414,B,157.517,157.589,2026.05.13 01:10,1,2026.05.13 01:20,157.607,157.587"
503,JUNE0525-B162,1617DC1ACCE6B50ED2D1359582A70A8B8503C569623EE90C18C6B33542796207,Tester/logs/20261011.log,968655,2026-06-03,10:25,B152PR,"DM	0	00:08:52.229	Core 04	2026.06.03 10:25:02   [SRJ-IND] B152PR sym=USDJPY bar=2026.06.03 10:20 z1=447,B,157.562,157.648,2026.05.13 06:20,1,2026.05.13 06:25,157.662,157.648"
504,JUNE0525-B162,1617DC1ACCE6B50ED2D1359582A70A8B8503C569623EE90C18C6B33542796207,Tester/logs/20261011.log,968656,2026-06-03,10:25,B152PR,"CG	0	00:08:52.229	Core 04	2026.06.03 10:25:02   [SRJ-IND] B152PR sym=USDJPY bar=2026.06.03 10:20 z1=449,B,157.599,157.654,2026.05.13 05:15,1,2026.05.13 05:45,157.687,157.652"
505,JUNE0525-B162,1617DC1ACCE6B50ED2D1359582A70A8B8503C569623EE90C18C6B33542796207,Tester/logs/20261011.log,968657,2026-06-03,10:25,B152PR,"NI	0	00:08:52.229	Core 04	2026.06.03 10:25:02   [SRJ-IND] B152PR sym=USDJPY bar=2026.06.03 10:20 z1=460,B,157.645,157.660,2026.05.13 07:05,1,2026.05.14 00:25,157.812,157.650"
506,JUNE0525-B162,1617DC1ACCE6B50ED2D1359582A70A8B8503C569623EE90C18C6B33542796207,Tester/logs/20261011.log,968658,2026-06-03,10:25,B152PR,"FR	0	00:08:52.229	Core 04	2026.06.03 10:25:02   [SRJ-IND] B152PR sym=USDJPY bar=2026.06.03 10:20 z1=696,B,157.568,158.167,2026.05.14 18:05,1,2026.05.14 18:10,158.191,158.119"
507,JUNE0525-B162,1617DC1ACCE6B50ED2D1359582A70A8B8503C569623EE90C18C6B33542796207,Tester/logs/20261011.log,968659,2026-06-03,10:25,B152PR,"ND	0	00:08:52.229	Core 04	2026.06.03 10:25:02   [SRJ-IND] B152PR sym=USDJPY bar=2026.06.03 10:20 z1=714,B,158.107,158.142,2026.05.14 19:30,1,2026.05.14 20:00,158.169,158.142"
508,JUNE0525-B162,1617DC1ACCE6B50ED2D1359582A70A8B8503C569623EE90C18C6B33542796207,Tester/logs/20261011.log,968660,2026-06-03,10:25,B152PR,"KN	0	00:08:52.229	Core 04	2026.06.03 10:25:02   [SRJ-IND] B152PR sym=USDJPY bar=2026.06.03 10:20 z1=724,B,158.168,158.186,2026.05.14 21:00,1,2026.05.14 21:05,158.191,158.182"
509,JUNE0525-B162,1617DC1ACCE6B50ED2D1359582A70A8B8503C569623EE90C18C6B33542796207,Tester/logs/20261011.log,968661,2026-06-03,10:25,B152PR,"QS	0	00:08:52.229	Core 04	2026.06.03 10:25:02   [SRJ-IND] B152PR sym=USDJPY bar=2026.06.03 10:20 z1=1405,B,158.735,158.769,2026.05.20 19:00,1,2026.05.20 19:05,158.816,158.753"
510,JUNE0525-B162,1617DC1ACCE6B50ED2D1359582A70A8B8503C569623EE90C18C6B33542796207,Tester/logs/20261011.log,968662,2026-06-03,10:25,B152PR,"CI	0	00:08:52.229	Core 04	2026.06.03 10:25:02   [SRJ-IND] B152PR sym=USDJPY bar=2026.06.03 10:20 z1=1779,B,158.756,158.800,2026.05.25 06:45,1,2026.05.26 00:00,158.887,158.784"
511,JUNE0525-B162,1617DC1ACCE6B50ED2D1359582A70A8B8503C569623EE90C18C6B33542796207,Tester/logs/20261011.log,968663,2026-06-03,10:25,B152PR,"JO	0	00:08:52.229	Core 04	2026.06.03 10:25:02   [SRJ-IND] B152PR sym=USDJPY bar=2026.06.03 10:20 z1=1780,B,158.789,158.814,2026.05.25 04:50,1,2026.05.26 00:00,158.887,158.784"
512,JUNE0525-B162,1617DC1ACCE6B50ED2D1359582A70A8B8503C569623EE90C18C6B33542796207,Tester/logs/20261011.log,968664,2026-06-03,10:25,B152PR,"OE	0	00:08:52.229	Core 04	2026.06.03 10:25:02   [SRJ-IND] B152PR sym=USDJPY bar=2026.06.03 10:20 z1=1949,B,158.916,158.934,2026.05.26 07:25,1,2026.05.26 07:30,158.942,158.934"
513,JUNE0525-B162,1617DC1ACCE6B50ED2D1359582A70A8B8503C569623EE90C18C6B33542796207,Tester/logs/20261011.log,968665,2026-06-03,10:25,B152PR,"JK	0	00:08:52.229	Core 04	2026.06.03 10:25:02   [SRJ-IND] B152PR sym=USDJPY bar=2026.06.03 10:20 z1=2509,B,159.134,159.195,2026.05.29 19:10,1,2026.05.29 19:35,159.215,159.186"
514,JUNE0525-B162,1617DC1ACCE6B50ED2D1359582A70A8B8503C569623EE90C18C6B33542796207,Tester/logs/20261011.log,968666,2026-06-03,10:25,B152PR,"GQ	0	00:08:52.229	Core 04	2026.06.03 10:25:02   [SRJ-IND] B152PR sym=USDJPY bar=2026.06.03 10:20 z1=2820,B,159.792,159.823,2026.06.02 17:10,1,2026.06.02 17:40,159.832,159.810"
515,JUNE0525-B162,1617DC1ACCE6B50ED2D1359582A70A8B8503C569623EE90C18C6B33542796207,Tester/logs/20261011.log,968667,2026-06-03,10:25,B152PR,"IG	0	00:08:52.229	Core 04	2026.06.03 10:25:02   [SRJ-IND] B152PR sym=USDJPY bar=2026.06.03 10:20 z1=2928,B,159.894,159.912,2026.06.03 08:50,1,2026.06.03 09:00,159.927,159.905"
516,JUNE0525-B162,1617DC1ACCE6B50ED2D1359582A70A8B8503C569623EE90C18C6B33542796207,Tester/logs/20261011.log,968668,2026-06-03,10:25,B152PR,"NM	0	00:08:52.229	Core 04	2026.06.03 10:25:02   [SRJ-IND] B152PR sym=USDJPY bar=2026.06.03 10:20 z1=2930,B,159.906,159.913,2026.06.03 09:00,1,2026.06.03 09:05,159.929,159.905"
517,JUNE0525-B162,1617DC1ACCE6B50ED2D1359582A70A8B8503C569623EE90C18C6B33542796207,Tester/logs/20261011.log,968669,2026-06-03,10:25,B152PR,"DQ	0	00:08:52.229	Core 04	2026.06.03 10:25:02   [SRJ-IND] B152PR sym=USDJPY bar=2026.06.03 10:20 bull=1 bear=0 nz=21"
518,JUNE0525-B162,1617DC1ACCE6B50ED2D1359582A70A8B8503C569623EE90C18C6B33542796207,Tester/logs/20261011.log,968670,2026-06-03,10:25,B162ORIGIN,"PL	0	00:08:52.229	Core 04	2026.06.03 10:25:02   [SRJ-IND] B162ORIGIN sym=USDJPY bar=2026.06.03 10:20 side=B n=21 origin=2930 range=159.906-159.913 formT=2026.06.03 08:45 set=65,78,212,256,261,313,414,447,449,460,696,714,724,1405,1779,1780,1949,2509,2820,2928,2930"
519,JUNE0525-B162,1617DC1ACCE6B50ED2D1359582A70A8B8503C569623EE90C18C6B33542796207,Tester/logs/20261011.log,968671,2026-06-03,10:25,B162ORIGIN,"KO	0	00:08:52.229	Core 04	2026.06.03 10:25:02   [SRJ-IND] B162ORIGIN sym=USDJPY bar=2026.06.03 10:20 side=S n=0 origin=NONE range=- formT=- set=-"
520,JUNE0525-B162,1617DC1ACCE6B50ED2D1359582A70A8B8503C569623EE90C18C6B33542796207,Tester/logs/20261011.log,968679,2026-06-03,10:30,B152PR,"JS	0	00:08:52.229	Core 04	2026.06.03 10:30:18   [SRJ-IND] B152PR sym=USDJPY bar=2026.06.03 10:25 z1=65,B,156.672,156.773,2026.05.11 04:10,1,2026.05.12 08:55,157.714,156.726"
521,JUNE0525-B162,1617DC1ACCE6B50ED2D1359582A70A8B8503C569623EE90C18C6B33542796207,Tester/logs/20261011.log,968680,2026-06-03,10:30,B152PR,"JI	0	00:08:52.229	Core 04	2026.06.03 10:30:18   [SRJ-IND] B152PR sym=USDJPY bar=2026.06.03 10:25 z1=78,B,156.578,156.584,2026.05.11 00:35,1,2026.05.11 00:40,156.644,156.537"
522,JUNE0525-B162,1617DC1ACCE6B50ED2D1359582A70A8B8503C569623EE90C18C6B33542796207,Tester/logs/20261011.log,968681,2026-06-03,10:30,B152PR,"HO	0	00:08:52.229	Core 04	2026.06.03 10:30:18   [SRJ-IND] B152PR sym=USDJPY bar=2026.06.03 10:25 z1=212,B,157.028,157.060,2026.05.11 19:20,1,2026.05.12 00:00,157.152,157.050"
523,JUNE0525-B162,1617DC1ACCE6B50ED2D1359582A70A8B8503C569623EE90C18C6B33542796207,Tester/logs/20261011.log,968682,2026-06-03,10:30,B152PR,"DQ	0	00:08:52.229	Core 04	2026.06.03 10:30:18   [SRJ-IND] B152PR sym=USDJPY bar=2026.06.03 10:25 z1=256,B,157.172,157.178,2026.05.12 01:25,1,2026.05.12 08:55,157.714,156.726"
524,JUNE0525-B162,1617DC1ACCE6B50ED2D1359582A70A8B8503C569623EE90C18C6B33542796207,Tester/logs/20261011.log,968683,2026-06-03,10:30,B152PR,"RK	0	00:08:52.229	Core 04	2026.06.03 10:30:18   [SRJ-IND] B152PR sym=USDJPY bar=2026.06.03 10:25 z1=261,B,157.184,157.192,2026.05.12 03:00,1,2026.05.12 08:55,157.714,156.726"
525,JUNE0525-B162,1617DC1ACCE6B50ED2D1359582A70A8B8503C569623EE90C18C6B33542796207,Tester/logs/20261011.log,968684,2026-06-03,10:30,B152PR,"RM	0	00:08:52.229	Core 04	2026.06.03 10:30:18   [SRJ-IND] B152PR sym=USDJPY bar=2026.06.03 10:25 z1=313,B,157.331,157.497,2026.05.12 10:00,1,2026.05.12 10:10,157.546,157.487"
526,JUNE0525-B162,1617DC1ACCE6B50ED2D1359582A70A8B8503C569623EE90C18C6B33542796207,Tester/logs/20261011.log,968685,2026-06-03,10:30,B152PR,"GG	0	00:08:52.229	Core 04	2026.06.03 10:30:18   [SRJ-IND] B152PR sym=USDJPY bar=2026.06.03 10:25 z1=414,B,157.517,157.589,2026.05.13 01:10,1,2026.05.13 01:20,157.607,157.587"
527,JUNE0525-B162,1617DC1ACCE6B50ED2D1359582A70A8B8503C569623EE90C18C6B33542796207,Tester/logs/20261011.log,968686,2026-06-03,10:30,B152PR,"PI	0	00:08:52.229	Core 04	2026.06.03 10:30:18   [SRJ-IND] B152PR sym=USDJPY bar=2026.06.03 10:25 z1=447,B,157.562,157.648,2026.05.13 06:20,1,2026.05.13 06:25,157.662,157.648"
528,JUNE0525-B162,1617DC1ACCE6B50ED2D1359582A70A8B8503C569623EE90C18C6B33542796207,Tester/logs/20261011.log,968687,2026-06-03,10:30,B152PR,"KS	0	00:08:52.229	Core 04	2026.06.03 10:30:18   [SRJ-IND] B152PR sym=USDJPY bar=2026.06.03 10:25 z1=449,B,157.599,157.654,2026.05.13 05:15,1,2026.05.13 05:45,157.687,157.652"
529,JUNE0525-B162,1617DC1ACCE6B50ED2D1359582A70A8B8503C569623EE90C18C6B33542796207,Tester/logs/20261011.log,968688,2026-06-03,10:30,B152PR,"RD	0	00:08:52.229	Core 04	2026.06.03 10:30:18   [SRJ-IND] B152PR sym=USDJPY bar=2026.06.03 10:25 z1=460,B,157.645,157.660,2026.05.13 07:05,1,2026.05.14 00:25,157.812,157.650"
530,JUNE0525-B162,1617DC1ACCE6B50ED2D1359582A70A8B8503C569623EE90C18C6B33542796207,Tester/logs/20261011.log,968689,2026-06-03,10:30,B152PR,"NN	0	00:08:52.229	Core 04	2026.06.03 10:30:18   [SRJ-IND] B152PR sym=USDJPY bar=2026.06.03 10:25 z1=696,B,157.568,158.167,2026.05.14 18:05,1,2026.05.14 18:10,158.191,158.119"
531,JUNE0525-B162,1617DC1ACCE6B50ED2D1359582A70A8B8503C569623EE90C18C6B33542796207,Tester/logs/20261011.log,968690,2026-06-03,10:30,B152PR,"JP	0	00:08:52.229	Core 04	2026.06.03 10:30:18   [SRJ-IND] B152PR sym=USDJPY bar=2026.06.03 10:25 z1=714,B,158.107,158.142,2026.05.14 19:30,1,2026.05.14 20:00,158.169,158.142"
532,JUNE0525-B162,1617DC1ACCE6B50ED2D1359582A70A8B8503C569623EE90C18C6B33542796207,Tester/logs/20261011.log,968691,2026-06-03,10:30,B152PR,"CJ	0	00:08:52.229	Core 04	2026.06.03 10:30:18   [SRJ-IND] B152PR sym=USDJPY bar=2026.06.03 10:25 z1=724,B,158.168,158.186,2026.05.14 21:00,1,2026.05.14 21:05,158.191,158.182"
533,JUNE0525-B162,1617DC1ACCE6B50ED2D1359582A70A8B8503C569623EE90C18C6B33542796207,Tester/logs/20261011.log,968692,2026-06-03,10:30,B152PR,"MO	0	00:08:52.229	Core 04	2026.06.03 10:30:18   [SRJ-IND] B152PR sym=USDJPY bar=2026.06.03 10:25 z1=1405,B,158.735,158.769,2026.05.20 19:00,1,2026.05.20 19:05,158.816,158.753"
534,JUNE0525-B162,1617DC1ACCE6B50ED2D1359582A70A8B8503C569623EE90C18C6B33542796207,Tester/logs/20261011.log,968693,2026-06-03,10:30,B152PR,"GE	0	00:08:52.229	Core 04	2026.06.03 10:30:18   [SRJ-IND] B152PR sym=USDJPY bar=2026.06.03 10:25 z1=1779,B,158.756,158.800,2026.05.25 06:45,1,2026.05.26 00:00,158.887,158.784"
535,JUNE0525-B162,1617DC1ACCE6B50ED2D1359582A70A8B8503C569623EE90C18C6B33542796207,Tester/logs/20261011.log,968694,2026-06-03,10:30,B152PR,"FK	0	00:08:52.229	Core 04	2026.06.03 10:30:18   [SRJ-IND] B152PR sym=USDJPY bar=2026.06.03 10:25 z1=1780,B,158.789,158.814,2026.05.25 04:50,1,2026.05.26 00:00,158.887,158.784"
536,JUNE0525-B162,1617DC1ACCE6B50ED2D1359582A70A8B8503C569623EE90C18C6B33542796207,Tester/logs/20261011.log,968695,2026-06-03,10:30,B152PR,"KQ	0	00:08:52.229	Core 04	2026.06.03 10:30:18   [SRJ-IND] B152PR sym=USDJPY bar=2026.06.03 10:25 z1=1949,B,158.916,158.934,2026.05.26 07:25,1,2026.05.26 07:30,158.942,158.934"
537,JUNE0525-B162,1617DC1ACCE6B50ED2D1359582A70A8B8503C569623EE90C18C6B33542796207,Tester/logs/20261011.log,968696,2026-06-03,10:30,B152PR,"FG	0	00:08:52.229	Core 04	2026.06.03 10:30:18   [SRJ-IND] B152PR sym=USDJPY bar=2026.06.03 10:25 z1=2509,B,159.134,159.195,2026.05.29 19:10,1,2026.05.29 19:35,159.215,159.186"
538,JUNE0525-B162,1617DC1ACCE6B50ED2D1359582A70A8B8503C569623EE90C18C6B33542796207,Tester/logs/20261011.log,968697,2026-06-03,10:30,B152PR,"CM	0	00:08:52.229	Core 04	2026.06.03 10:30:18   [SRJ-IND] B152PR sym=USDJPY bar=2026.06.03 10:25 z1=2820,B,159.792,159.823,2026.06.02 17:10,1,2026.06.02 17:40,159.832,159.810"
539,JUNE0525-B162,1617DC1ACCE6B50ED2D1359582A70A8B8503C569623EE90C18C6B33542796207,Tester/logs/20261011.log,968698,2026-06-03,10:30,B152PR,"ES	0	00:08:52.229	Core 04	2026.06.03 10:30:18   [SRJ-IND] B152PR sym=USDJPY bar=2026.06.03 10:25 z1=2928,B,159.894,159.912,2026.06.03 08:50,1,2026.06.03 09:00,159.927,159.905"
540,JUNE0525-B162,1617DC1ACCE6B50ED2D1359582A70A8B8503C569623EE90C18C6B33542796207,Tester/logs/20261011.log,968699,2026-06-03,10:30,B152PR,"RI	0	00:08:52.229	Core 04	2026.06.03 10:30:18   [SRJ-IND] B152PR sym=USDJPY bar=2026.06.03 10:25 z1=2930,B,159.906,159.913,2026.06.03 09:00,1,2026.06.03 09:05,159.929,159.905"
541,JUNE0525-B162,1617DC1ACCE6B50ED2D1359582A70A8B8503C569623EE90C18C6B33542796207,Tester/logs/20261011.log,968700,2026-06-03,10:30,B152PR,"HM	0	00:08:52.229	Core 04	2026.06.03 10:30:18   [SRJ-IND] B152PR sym=USDJPY bar=2026.06.03 10:25 bull=1 bear=0 nz=21"
542,JUNE0525-B162,1617DC1ACCE6B50ED2D1359582A70A8B8503C569623EE90C18C6B33542796207,Tester/logs/20261011.log,968701,2026-06-03,10:30,B162ORIGIN,"DP	0	00:08:52.229	Core 04	2026.06.03 10:30:18   [SRJ-IND] B162ORIGIN sym=USDJPY bar=2026.06.03 10:25 side=B n=21 origin=2930 range=159.906-159.913 formT=2026.06.03 08:45 set=65,78,212,256,261,313,414,447,449,460,696,714,724,1405,1779,1780,1949,2509,2820,2928,2930"
543,JUNE0525-B162,1617DC1ACCE6B50ED2D1359582A70A8B8503C569623EE90C18C6B33542796207,Tester/logs/20261011.log,968702,2026-06-03,10:30,B162ORIGIN,"CS	0	00:08:52.229	Core 04	2026.06.03 10:30:18   [SRJ-IND] B162ORIGIN sym=USDJPY bar=2026.06.03 10:25 side=S n=0 origin=NONE range=- formT=- set=-"
544,JUNE0525-B162,1617DC1ACCE6B50ED2D1359582A70A8B8503C569623EE90C18C6B33542796207,Tester/logs/20261011.log,968726,2026-06-03,10:35,B152PR,"RD	0	00:08:52.229	Core 04	2026.06.03 10:35:00   [SRJ-IND] B152PR sym=USDJPY bar=2026.06.03 10:30 z1=65,B,156.672,156.773,2026.05.11 04:10,1,2026.05.12 08:55,157.714,156.726"
545,JUNE0525-B162,1617DC1ACCE6B50ED2D1359582A70A8B8503C569623EE90C18C6B33542796207,Tester/logs/20261011.log,968727,2026-06-03,10:35,B152PR,"RJ	0	00:08:52.229	Core 04	2026.06.03 10:35:00   [SRJ-IND] B152PR sym=USDJPY bar=2026.06.03 10:30 z1=78,B,156.578,156.584,2026.05.11 00:35,1,2026.05.11 00:40,156.644,156.537"
546,JUNE0525-B162,1617DC1ACCE6B50ED2D1359582A70A8B8503C569623EE90C18C6B33542796207,Tester/logs/20261011.log,968728,2026-06-03,10:35,B152PR,"PR	0	00:08:52.229	Core 04	2026.06.03 10:35:00   [SRJ-IND] B152PR sym=USDJPY bar=2026.06.03 10:30 z1=212,B,157.028,157.060,2026.05.11 19:20,1,2026.05.12 00:00,157.152,157.050"
547,JUNE0525-B162,1617DC1ACCE6B50ED2D1359582A70A8B8503C569623EE90C18C6B33542796207,Tester/logs/20261011.log,968729,2026-06-03,10:35,B152PR,"LD	0	00:08:52.229	Core 04	2026.06.03 10:35:00   [SRJ-IND] B152PR sym=USDJPY bar=2026.06.03 10:30 z1=256,B,157.172,157.178,2026.05.12 01:25,1,2026.05.12 08:55,157.714,156.726"
548,JUNE0525-B162,1617DC1ACCE6B50ED2D1359582A70A8B8503C569623EE90C18C6B33542796207,Tester/logs/20261011.log,968730,2026-06-03,10:35,B152PR,"JN	0	00:08:52.229	Core 04	2026.06.03 10:35:00   [SRJ-IND] B152PR sym=USDJPY bar=2026.06.03 10:30 z1=261,B,157.184,157.192,2026.05.12 03:00,1,2026.05.12 08:55,157.714,156.726"
549,JUNE0525-B162,1617DC1ACCE6B50ED2D1359582A70A8B8503C569623EE90C18C6B33542796207,Tester/logs/20261011.log,968731,2026-06-03,10:35,B152PR,"JP	0	00:08:52.229	Core 04	2026.06.03 10:35:00   [SRJ-IND] B152PR sym=USDJPY bar=2026.06.03 10:30 z1=313,B,157.331,157.497,2026.05.12 10:00,1,2026.05.12 10:10,157.546,157.487"
550,JUNE0525-B162,1617DC1ACCE6B50ED2D1359582A70A8B8503C569623EE90C18C6B33542796207,Tester/logs/20261011.log,968732,2026-06-03,10:35,B152PR,"OJ	0	00:08:52.229	Core 04	2026.06.03 10:35:00   [SRJ-IND] B152PR sym=USDJPY bar=2026.06.03 10:30 z1=414,B,157.517,157.589,2026.05.13 01:10,1,2026.05.13 01:20,157.607,157.587"
551,JUNE0525-B162,1617DC1ACCE6B50ED2D1359582A70A8B8503C569623EE90C18C6B33542796207,Tester/logs/20261011.log,968733,2026-06-03,10:35,B152PR,"HL	0	00:08:52.229	Core 04	2026.06.03 10:35:00   [SRJ-IND] B152PR sym=USDJPY bar=2026.06.03 10:30 z1=447,B,157.562,157.648,2026.05.13 06:20,1,2026.05.13 06:25,157.662,157.648"
552,JUNE0525-B162,1617DC1ACCE6B50ED2D1359582A70A8B8503C569623EE90C18C6B33542796207,Tester/logs/20261011.log,968734,2026-06-03,10:35,B152PR,"CF	0	00:08:52.229	Core 04	2026.06.03 10:35:00   [SRJ-IND] B152PR sym=USDJPY bar=2026.06.03 10:30 z1=449,B,157.599,157.654,2026.05.13 05:15,1,2026.05.13 05:45,157.687,157.652"
553,JUNE0525-B162,1617DC1ACCE6B50ED2D1359582A70A8B8503C569623EE90C18C6B33542796207,Tester/logs/20261011.log,968735,2026-06-03,10:35,B152PR,"JK	0	00:08:52.229	Core 04	2026.06.03 10:35:00   [SRJ-IND] B152PR sym=USDJPY bar=2026.06.03 10:30 z1=460,B,157.645,157.660,2026.05.13 07:05,1,2026.05.14 00:25,157.812,157.650"
554,JUNE0525-B162,1617DC1ACCE6B50ED2D1359582A70A8B8503C569623EE90C18C6B33542796207,Tester/logs/20261011.log,968736,2026-06-03,10:35,B152PR,"FM	0	00:08:52.229	Core 04	2026.06.03 10:35:00   [SRJ-IND] B152PR sym=USDJPY bar=2026.06.03 10:30 z1=696,B,157.568,158.167,2026.05.14 18:05,1,2026.05.14 18:10,158.191,158.119"
555,JUNE0525-B162,1617DC1ACCE6B50ED2D1359582A70A8B8503C569623EE90C18C6B33542796207,Tester/logs/20261011.log,968737,2026-06-03,10:35,B152PR,"RG	0	00:08:52.229	Core 04	2026.06.03 10:35:00   [SRJ-IND] B152PR sym=USDJPY bar=2026.06.03 10:30 z1=714,B,158.107,158.142,2026.05.14 19:30,1,2026.05.14 20:00,158.169,158.142"
556,JUNE0525-B162,1617DC1ACCE6B50ED2D1359582A70A8B8503C569623EE90C18C6B33542796207,Tester/logs/20261011.log,968738,2026-06-03,10:35,B152PR,"KI	0	00:08:52.229	Core 04	2026.06.03 10:35:00   [SRJ-IND] B152PR sym=USDJPY bar=2026.06.03 10:30 z1=724,B,158.168,158.186,2026.05.14 21:00,1,2026.05.14 21:05,158.191,158.182"
557,JUNE0525-B162,1617DC1ACCE6B50ED2D1359582A70A8B8503C569623EE90C18C6B33542796207,Tester/logs/20261011.log,968739,2026-06-03,10:35,B152PR,"EP	0	00:08:52.229	Core 04	2026.06.03 10:35:00   [SRJ-IND] B152PR sym=USDJPY bar=2026.06.03 10:30 z1=1405,B,158.735,158.769,2026.05.20 19:00,1,2026.05.20 19:05,158.816,158.753"
558,JUNE0525-B162,1617DC1ACCE6B50ED2D1359582A70A8B8503C569623EE90C18C6B33542796207,Tester/logs/20261011.log,968740,2026-06-03,10:35,B152PR,"OF	0	00:08:52.229	Core 04	2026.06.03 10:35:00   [SRJ-IND] B152PR sym=USDJPY bar=2026.06.03 10:30 z1=1779,B,158.756,158.800,2026.05.25 06:45,1,2026.05.26 00:00,158.887,158.784"
559,JUNE0525-B162,1617DC1ACCE6B50ED2D1359582A70A8B8503C569623EE90C18C6B33542796207,Tester/logs/20261011.log,968741,2026-06-03,10:35,B152PR,"NL	0	00:08:52.229	Core 04	2026.06.03 10:35:00   [SRJ-IND] B152PR sym=USDJPY bar=2026.06.03 10:30 z1=1780,B,158.789,158.814,2026.05.25 04:50,1,2026.05.26 00:00,158.887,158.784"
560,JUNE0525-B162,1617DC1ACCE6B50ED2D1359582A70A8B8503C569623EE90C18C6B33542796207,Tester/logs/20261011.log,968742,2026-06-03,10:35,B152PR,"CR	0	00:08:52.229	Core 04	2026.06.03 10:35:00   [SRJ-IND] B152PR sym=USDJPY bar=2026.06.03 10:30 z1=1949,B,158.916,158.934,2026.05.26 07:25,1,2026.05.26 07:30,158.942,158.934"
561,JUNE0525-B162,1617DC1ACCE6B50ED2D1359582A70A8B8503C569623EE90C18C6B33542796207,Tester/logs/20261011.log,968743,2026-06-03,10:35,B152PR,"NH	0	00:08:52.229	Core 04	2026.06.03 10:35:00   [SRJ-IND] B152PR sym=USDJPY bar=2026.06.03 10:30 z1=2509,B,159.134,159.195,2026.05.29 19:10,1,2026.05.29 19:35,159.215,159.186"
562,JUNE0525-B162,1617DC1ACCE6B50ED2D1359582A70A8B8503C569623EE90C18C6B33542796207,Tester/logs/20261011.log,968744,2026-06-03,10:35,B152PR,"IN	0	00:08:52.229	Core 04	2026.06.03 10:35:00   [SRJ-IND] B152PR sym=USDJPY bar=2026.06.03 10:30 z1=2812,B,159.749,159.765,2026.06.02 16:20,1,2026.06.03 10:30,159.967,159.708"
563,JUNE0525-B162,1617DC1ACCE6B50ED2D1359582A70A8B8503C569623EE90C18C6B33542796207,Tester/logs/20261011.log,968745,2026-06-03,10:35,B152PR,"IF	0	00:08:52.229	Core 04	2026.06.03 10:35:00   [SRJ-IND] B152PR sym=USDJPY bar=2026.06.03 10:30 bull=1 bear=0 nz=19"
564,JUNE0525-B162,1617DC1ACCE6B50ED2D1359582A70A8B8503C569623EE90C18C6B33542796207,Tester/logs/20261011.log,968746,2026-06-03,10:35,B162ORIGIN,"MI	0	00:08:52.229	Core 04	2026.06.03 10:35:00   [SRJ-IND] B162ORIGIN sym=USDJPY bar=2026.06.03 10:30 side=B n=19 origin=2812 range=159.749-159.765 formT=2026.06.02 15:25 set=65,78,212,256,261,313,414,447,449,460,696,714,724,1405,1779,1780,1949,2509,2812"
565,JUNE0525-B162,1617DC1ACCE6B50ED2D1359582A70A8B8503C569623EE90C18C6B33542796207,Tester/logs/20261011.log,968747,2026-06-03,10:35,B162ORIGIN,"OI	0	00:08:52.229	Core 04	2026.06.03 10:35:00   [SRJ-IND] B162ORIGIN sym=USDJPY bar=2026.06.03 10:30 side=S n=0 origin=NONE range=- formT=- set=-"
566,JUNE0525-B162,1617DC1ACCE6B50ED2D1359582A70A8B8503C569623EE90C18C6B33542796207,Tester/logs/20261011.log,968755,2026-06-03,10:35,CONFIRMPOLL,"QS	0	00:08:52.229	Core 04	2026.06.03 10:35:00   [SRJ-EA] CONFIRMPOLL bar=2026.06.03 10:30 anchor=Monthly-POC dir=LONG oppCandle=1 bodyDir=0 body=190pts doji=0 touchAttr=0 confirm=0 shadow=true"
567,JUNE0525-B162,1617DC1ACCE6B50ED2D1359582A70A8B8503C569623EE90C18C6B33542796207,Tester/logs/20261011.log,968760,2026-06-03,10:40,B152PR,"OH	0	00:08:52.229	Core 04	2026.06.03 10:40:00   [SRJ-IND] B152PR sym=USDJPY bar=2026.06.03 10:35 z1=65,B,156.672,156.773,2026.05.11 04:10,1,2026.05.12 08:55,157.714,156.726"
568,JUNE0525-B162,1617DC1ACCE6B50ED2D1359582A70A8B8503C569623EE90C18C6B33542796207,Tester/logs/20261011.log,968761,2026-06-03,10:40,B152PR,"GO	0	00:08:52.229	Core 04	2026.06.03 10:40:00   [SRJ-IND] B152PR sym=USDJPY bar=2026.06.03 10:35 z1=78,B,156.578,156.584,2026.05.11 00:35,1,2026.05.11 00:40,156.644,156.537"
569,JUNE0525-B162,1617DC1ACCE6B50ED2D1359582A70A8B8503C569623EE90C18C6B33542796207,Tester/logs/20261011.log,968762,2026-06-03,10:40,B152PR,"QF	0	00:08:52.229	Core 04	2026.06.03 10:40:00   [SRJ-IND] B152PR sym=USDJPY bar=2026.06.03 10:35 z1=212,B,157.028,157.060,2026.05.11 19:20,1,2026.05.12 00:00,157.152,157.050"
570,JUNE0525-B162,1617DC1ACCE6B50ED2D1359582A70A8B8503C569623EE90C18C6B33542796207,Tester/logs/20261011.log,968763,2026-06-03,10:40,B152PR,"EH	0	00:08:52.229	Core 04	2026.06.03 10:40:00   [SRJ-IND] B152PR sym=USDJPY bar=2026.06.03 10:35 z1=256,B,157.172,157.178,2026.05.12 01:25,1,2026.05.12 08:55,157.714,156.726"
571,JUNE0525-B162,1617DC1ACCE6B50ED2D1359582A70A8B8503C569623EE90C18C6B33542796207,Tester/logs/20261011.log,968764,2026-06-03,10:40,B152PR,"OR	0	00:08:52.229	Core 04	2026.06.03 10:40:00   [SRJ-IND] B152PR sym=USDJPY bar=2026.06.03 10:35 z1=261,B,157.184,157.192,2026.05.12 03:00,1,2026.05.12 08:55,157.714,156.726"
572,JUNE0525-B162,1617DC1ACCE6B50ED2D1359582A70A8B8503C569623EE90C18C6B33542796207,Tester/logs/20261011.log,968765,2026-06-03,10:40,B152PR,"GD	0	00:08:52.229	Core 04	2026.06.03 10:40:00   [SRJ-IND] B152PR sym=USDJPY bar=2026.06.03 10:35 z1=313,B,157.331,157.497,2026.05.12 10:00,1,2026.05.12 10:10,157.546,157.487"
573,JUNE0525-B162,1617DC1ACCE6B50ED2D1359582A70A8B8503C569623EE90C18C6B33542796207,Tester/logs/20261011.log,968766,2026-06-03,10:40,B152PR,"RN	0	00:08:52.229	Core 04	2026.06.03 10:40:00   [SRJ-IND] B152PR sym=USDJPY bar=2026.06.03 10:35 z1=414,B,157.517,157.589,2026.05.13 01:10,1,2026.05.13 01:20,157.607,157.587"
574,JUNE0525-B162,1617DC1ACCE6B50ED2D1359582A70A8B8503C569623EE90C18C6B33542796207,Tester/logs/20261011.log,968767,2026-06-03,10:40,B152PR,"QS	0	00:08:52.229	Core 04	2026.06.03 10:40:00   [SRJ-IND] B152PR sym=USDJPY bar=2026.06.03 10:35 z1=447,B,157.562,157.648,2026.05.13 06:20,1,2026.05.13 06:25,157.662,157.648"
575,JUNE0525-B162,1617DC1ACCE6B50ED2D1359582A70A8B8503C569623EE90C18C6B33542796207,Tester/logs/20261011.log,968768,2026-06-03,10:40,B152PR,"NE	0	00:08:52.229	Core 04	2026.06.03 10:40:00   [SRJ-IND] B152PR sym=USDJPY bar=2026.06.03 10:35 z1=449,B,157.599,157.654,2026.05.13 05:15,1,2026.05.13 05:45,157.687,157.652"
576,JUNE0525-B162,1617DC1ACCE6B50ED2D1359582A70A8B8503C569623EE90C18C6B33542796207,Tester/logs/20261011.log,968769,2026-06-03,10:40,B152PR,"GO	0	00:08:52.229	Core 04	2026.06.03 10:40:00   [SRJ-IND] B152PR sym=USDJPY bar=2026.06.03 10:35 z1=460,B,157.645,157.660,2026.05.13 07:05,1,2026.05.14 00:25,157.812,157.650"
577,JUNE0525-B162,1617DC1ACCE6B50ED2D1359582A70A8B8503C569623EE90C18C6B33542796207,Tester/logs/20261011.log,968770,2026-06-03,10:40,B152PR,"CQ	0	00:08:52.229	Core 04	2026.06.03 10:40:00   [SRJ-IND] B152PR sym=USDJPY bar=2026.06.03 10:35 z1=696,B,157.568,158.167,2026.05.14 18:05,1,2026.05.14 18:10,158.191,158.119"
578,JUNE0525-B162,1617DC1ACCE6B50ED2D1359582A70A8B8503C569623EE90C18C6B33542796207,Tester/logs/20261011.log,968771,2026-06-03,10:40,B152PR,"GK	0	00:08:52.229	Core 04	2026.06.03 10:40:00   [SRJ-IND] B152PR sym=USDJPY bar=2026.06.03 10:35 z1=714,B,158.107,158.142,2026.05.14 19:30,1,2026.05.14 20:00,158.169,158.142"
579,JUNE0525-B162,1617DC1ACCE6B50ED2D1359582A70A8B8503C569623EE90C18C6B33542796207,Tester/logs/20261011.log,968772,2026-06-03,10:40,B152PR,"FM	0	00:08:52.229	Core 04	2026.06.03 10:40:00   [SRJ-IND] B152PR sym=USDJPY bar=2026.06.03 10:35 z1=724,B,158.168,158.186,2026.05.14 21:00,1,2026.05.14 21:05,158.191,158.182"
580,JUNE0525-B162,1617DC1ACCE6B50ED2D1359582A70A8B8503C569623EE90C18C6B33542796207,Tester/logs/20261011.log,968773,2026-06-03,10:40,B152PR,"DD	0	00:08:52.229	Core 04	2026.06.03 10:40:00   [SRJ-IND] B152PR sym=USDJPY bar=2026.06.03 10:35 z1=1405,B,158.735,158.769,2026.05.20 19:00,1,2026.05.20 19:05,158.816,158.753"
581,JUNE0525-B162,1617DC1ACCE6B50ED2D1359582A70A8B8503C569623EE90C18C6B33542796207,Tester/logs/20261011.log,968774,2026-06-03,10:40,B152PR,"RJ	0	00:08:52.229	Core 04	2026.06.03 10:40:00   [SRJ-IND] B152PR sym=USDJPY bar=2026.06.03 10:35 z1=1779,B,158.756,158.800,2026.05.25 06:45,1,2026.05.26 00:00,158.887,158.784"
582,JUNE0525-B162,1617DC1ACCE6B50ED2D1359582A70A8B8503C569623EE90C18C6B33542796207,Tester/logs/20261011.log,968775,2026-06-03,10:40,B152PR,"KP	0	00:08:52.229	Core 04	2026.06.03 10:40:00   [SRJ-IND] B152PR sym=USDJPY bar=2026.06.03 10:35 z1=1780,B,158.789,158.814,2026.05.25 04:50,1,2026.05.26 00:00,158.887,158.784"
583,JUNE0525-B162,1617DC1ACCE6B50ED2D1359582A70A8B8503C569623EE90C18C6B33542796207,Tester/logs/20261011.log,968776,2026-06-03,10:40,B152PR,"FF	0	00:08:52.229	Core 04	2026.06.03 10:40:00   [SRJ-IND] B152PR sym=USDJPY bar=2026.06.03 10:35 z1=1949,B,158.916,158.934,2026.05.26 07:25,1,2026.05.26 07:30,158.942,158.934"
584,JUNE0525-B162,1617DC1ACCE6B50ED2D1359582A70A8B8503C569623EE90C18C6B33542796207,Tester/logs/20261011.log,968777,2026-06-03,10:40,B152PR,"KL	0	00:08:52.229	Core 04	2026.06.03 10:40:00   [SRJ-IND] B152PR sym=USDJPY bar=2026.06.03 10:35 z1=2509,B,159.134,159.195,2026.05.29 19:10,1,2026.05.29 19:35,159.215,159.186"
585,JUNE0525-B162,1617DC1ACCE6B50ED2D1359582A70A8B8503C569623EE90C18C6B33542796207,Tester/logs/20261011.log,968778,2026-06-03,10:40,B152PR,"OR	0	00:08:52.229	Core 04	2026.06.03 10:40:00   [SRJ-IND] B152PR sym=USDJPY bar=2026.06.03 10:35 z1=2716,B,159.576,159.603,2026.06.02 03:10,1,2026.06.03 10:35,159.787,159.550"
586,JUNE0525-B162,1617DC1ACCE6B50ED2D1359582A70A8B8503C569623EE90C18C6B33542796207,Tester/logs/20261011.log,968779,2026-06-03,10:40,B152PR,"IH	0	00:08:52.229	Core 04	2026.06.03 10:40:00   [SRJ-IND] B152PR sym=USDJPY bar=2026.06.03 10:35 z1=2720,B,159.586,159.605,2026.06.02 01:05,1,2026.06.03 10:35,159.787,159.550"
587,JUNE0525-B162,1617DC1ACCE6B50ED2D1359582A70A8B8503C569623EE90C18C6B33542796207,Tester/logs/20261011.log,968780,2026-06-03,10:40,B152PR,"LN	0	00:08:52.229	Core 04	2026.06.03 10:40:00   [SRJ-IND] B152PR sym=USDJPY bar=2026.06.03 10:35 z1=2789,B,159.679,159.694,2026.06.02 11:30,1,2026.06.03 10:35,159.787,159.550"
588,JUNE0525-B162,1617DC1ACCE6B50ED2D1359582A70A8B8503C569623EE90C18C6B33542796207,Tester/logs/20261011.log,968781,2026-06-03,10:40,B152PR,"HD	0	00:08:52.229	Core 04	2026.06.03 10:40:00   [SRJ-IND] B152PR sym=USDJPY bar=2026.06.03 10:35 z1=2812,B,159.749,159.765,2026.06.02 16:20,1,2026.06.03 10:30,159.967,159.708"
589,JUNE0525-B162,1617DC1ACCE6B50ED2D1359582A70A8B8503C569623EE90C18C6B33542796207,Tester/logs/20261011.log,968782,2026-06-03,10:40,B152PR,"PH	0	00:08:52.229	Core 04	2026.06.03 10:40:00   [SRJ-IND] B152PR sym=USDJPY bar=2026.06.03 10:35 bull=1 bear=0 nz=22"
590,JUNE0525-B162,1617DC1ACCE6B50ED2D1359582A70A8B8503C569623EE90C18C6B33542796207,Tester/logs/20261011.log,968783,2026-06-03,10:40,B162ORIGIN,"GF	0	00:08:52.229	Core 04	2026.06.03 10:40:00   [SRJ-IND] B162ORIGIN sym=USDJPY bar=2026.06.03 10:35 side=B n=22 origin=2812 range=159.749-159.765 formT=2026.06.02 15:25 set=65,78,212,256,261,313,414,447,449,460,696,714,724,1405,1779,1780,1949,2509,2716,2720,2789,2812"
591,JUNE0525-B162,1617DC1ACCE6B50ED2D1359582A70A8B8503C569623EE90C18C6B33542796207,Tester/logs/20261011.log,968784,2026-06-03,10:40,B162ORIGIN,"DF	0	00:08:52.229	Core 04	2026.06.03 10:40:00   [SRJ-IND] B162ORIGIN sym=USDJPY bar=2026.06.03 10:35 side=S n=0 origin=NONE range=- formT=- set=-"
592,JUNE0525-B162,1617DC1ACCE6B50ED2D1359582A70A8B8503C569623EE90C18C6B33542796207,Tester/logs/20261011.log,968791,2026-06-03,10:40,CONFIRMPOLL,"FG	0	00:08:52.229	Core 04	2026.06.03 10:40:00   [SRJ-EA] CONFIRMPOLL bar=2026.06.03 10:35 anchor=Monthly-POC dir=LONG oppCandle=1 bodyDir=1 body=1pts doji=0 touchAttr=1 confirm=1 shadow=true"
593,JUNE0525-B162,1617DC1ACCE6B50ED2D1359582A70A8B8503C569623EE90C18C6B33542796207,Tester/logs/20261011.log,968800,2026-06-03,10:45,B152PR,"NM	0	00:08:52.229	Core 04	2026.06.03 10:45:00   [SRJ-IND] B152PR sym=USDJPY bar=2026.06.03 10:40 z1=65,B,156.672,156.773,2026.05.11 04:10,1,2026.05.12 08:55,157.714,156.726"
594,JUNE0525-B162,1617DC1ACCE6B50ED2D1359582A70A8B8503C569623EE90C18C6B33542796207,Tester/logs/20261011.log,968801,2026-06-03,10:45,B152PR,"FP	0	00:08:52.229	Core 04	2026.06.03 10:45:00   [SRJ-IND] B152PR sym=USDJPY bar=2026.06.03 10:40 z1=78,B,156.578,156.584,2026.05.11 00:35,1,2026.05.11 00:40,156.644,156.537"
595,JUNE0525-B162,1617DC1ACCE6B50ED2D1359582A70A8B8503C569623EE90C18C6B33542796207,Tester/logs/20261011.log,968802,2026-06-03,10:45,B152PR,"LE	0	00:08:52.229	Core 04	2026.06.03 10:45:00   [SRJ-IND] B152PR sym=USDJPY bar=2026.06.03 10:40 z1=212,B,157.028,157.060,2026.05.11 19:20,1,2026.05.12 00:00,157.152,157.050"
596,JUNE0525-B162,1617DC1ACCE6B50ED2D1359582A70A8B8503C569623EE90C18C6B33542796207,Tester/logs/20261011.log,968803,2026-06-03,10:45,B152PR,"HO	0	00:08:52.229	Core 04	2026.06.03 10:45:00   [SRJ-IND] B152PR sym=USDJPY bar=2026.06.03 10:40 z1=256,B,157.172,157.178,2026.05.12 01:25,1,2026.05.12 08:55,157.714,156.726"
597,JUNE0525-B162,1617DC1ACCE6B50ED2D1359582A70A8B8503C569623EE90C18C6B33542796207,Tester/logs/20261011.log,968804,2026-06-03,10:45,B152PR,"NQ	0	00:08:52.229	Core 04	2026.06.03 10:45:00   [SRJ-IND] B152PR sym=USDJPY bar=2026.06.03 10:40 z1=261,B,157.184,157.192,2026.05.12 03:00,1,2026.05.12 08:55,157.714,156.726"
598,JUNE0525-B162,1617DC1ACCE6B50ED2D1359582A70A8B8503C569623EE90C18C6B33542796207,Tester/logs/20261011.log,968805,2026-06-03,10:45,B152PR,"FK	0	00:08:52.229	Core 04	2026.06.03 10:45:00   [SRJ-IND] B152PR sym=USDJPY bar=2026.06.03 10:40 z1=313,B,157.331,157.497,2026.05.12 10:00,1,2026.05.12 10:10,157.546,157.487"
599,JUNE0525-B162,1617DC1ACCE6B50ED2D1359582A70A8B8503C569623EE90C18C6B33542796207,Tester/logs/20261011.log,968806,2026-06-03,10:45,B152PR,"KM	0	00:08:52.229	Core 04	2026.06.03 10:45:00   [SRJ-IND] B152PR sym=USDJPY bar=2026.06.03 10:40 z1=414,B,157.517,157.589,2026.05.13 01:10,1,2026.05.13 01:20,157.607,157.587"
600,JUNE0525-B162,1617DC1ACCE6B50ED2D1359582A70A8B8503C569623EE90C18C6B33542796207,Tester/logs/20261011.log,968807,2026-06-03,10:45,B152PR,"LF	0	00:08:52.229	Core 04	2026.06.03 10:45:00   [SRJ-IND] B152PR sym=USDJPY bar=2026.06.03 10:40 z1=447,B,157.562,157.648,2026.05.13 06:20,1,2026.05.13 06:25,157.662,157.648"
601,JUNE0525-B162,1617DC1ACCE6B50ED2D1359582A70A8B8503C569623EE90C18C6B33542796207,Tester/logs/20261011.log,968808,2026-06-03,10:45,B152PR,"OH	0	00:08:52.229	Core 04	2026.06.03 10:45:00   [SRJ-IND] B152PR sym=USDJPY bar=2026.06.03 10:40 z1=449,B,157.599,157.654,2026.05.13 05:15,1,2026.05.13 05:45,157.687,157.652"
602,JUNE0525-B162,1617DC1ACCE6B50ED2D1359582A70A8B8503C569623EE90C18C6B33542796207,Tester/logs/20261011.log,968809,2026-06-03,10:45,B152PR,"FR	0	00:08:52.229	Core 04	2026.06.03 10:45:00   [SRJ-IND] B152PR sym=USDJPY bar=2026.06.03 10:40 z1=460,B,157.645,157.660,2026.05.13 07:05,1,2026.05.14 00:25,157.812,157.650"
603,JUNE0525-B162,1617DC1ACCE6B50ED2D1359582A70A8B8503C569623EE90C18C6B33542796207,Tester/logs/20261011.log,968810,2026-06-03,10:45,B152PR,"JD	0	00:08:52.229	Core 04	2026.06.03 10:45:00   [SRJ-IND] B152PR sym=USDJPY bar=2026.06.03 10:40 z1=696,B,157.568,158.167,2026.05.14 18:05,1,2026.05.14 18:10,158.191,158.119"
604,JUNE0525-B162,1617DC1ACCE6B50ED2D1359582A70A8B8503C569623EE90C18C6B33542796207,Tester/logs/20261011.log,968811,2026-06-03,10:45,B152PR,"FN	0	00:08:52.229	Core 04	2026.06.03 10:45:00   [SRJ-IND] B152PR sym=USDJPY bar=2026.06.03 10:40 z1=714,B,158.107,158.142,2026.05.14 19:30,1,2026.05.14 20:00,158.169,158.142"
605,JUNE0525-B162,1617DC1ACCE6B50ED2D1359582A70A8B8503C569623EE90C18C6B33542796207,Tester/logs/20261011.log,968812,2026-06-03,10:45,B152PR,"GP	0	00:08:52.229	Core 04	2026.06.03 10:45:00   [SRJ-IND] B152PR sym=USDJPY bar=2026.06.03 10:40 z1=724,B,158.168,158.186,2026.05.14 21:00,1,2026.05.14 21:05,158.191,158.182"
606,JUNE0525-B162,1617DC1ACCE6B50ED2D1359582A70A8B8503C569623EE90C18C6B33542796207,Tester/logs/20261011.log,968813,2026-06-03,10:45,B152PR,"II	0	00:08:52.229	Core 04	2026.06.03 10:45:00   [SRJ-IND] B152PR sym=USDJPY bar=2026.06.03 10:40 z1=1405,B,158.735,158.769,2026.05.20 19:00,1,2026.05.20 19:05,158.816,158.753"
607,JUNE0525-B162,1617DC1ACCE6B50ED2D1359582A70A8B8503C569623EE90C18C6B33542796207,Tester/logs/20261011.log,968814,2026-06-03,10:45,B152PR,"KO	0	00:08:52.229	Core 04	2026.06.03 10:45:00   [SRJ-IND] B152PR sym=USDJPY bar=2026.06.03 10:40 z1=1779,B,158.756,158.800,2026.05.25 06:45,1,2026.05.26 00:00,158.887,158.784"
608,JUNE0525-B162,1617DC1ACCE6B50ED2D1359582A70A8B8503C569623EE90C18C6B33542796207,Tester/logs/20261011.log,968815,2026-06-03,10:45,B152PR,"RE	0	00:08:52.229	Core 04	2026.06.03 10:45:00   [SRJ-IND] B152PR sym=USDJPY bar=2026.06.03 10:40 z1=1780,B,158.789,158.814,2026.05.25 04:50,1,2026.05.26 00:00,158.887,158.784"
609,JUNE0525-B162,1617DC1ACCE6B50ED2D1359582A70A8B8503C569623EE90C18C6B33542796207,Tester/logs/20261011.log,968816,2026-06-03,10:45,B152PR,"GK	0	00:08:52.229	Core 04	2026.06.03 10:45:00   [SRJ-IND] B152PR sym=USDJPY bar=2026.06.03 10:40 z1=1949,B,158.916,158.934,2026.05.26 07:25,1,2026.05.26 07:30,158.942,158.934"
610,JUNE0525-B162,1617DC1ACCE6B50ED2D1359582A70A8B8503C569623EE90C18C6B33542796207,Tester/logs/20261011.log,968817,2026-06-03,10:45,B152PR,"RQ	0	00:08:52.229	Core 04	2026.06.03 10:45:00   [SRJ-IND] B152PR sym=USDJPY bar=2026.06.03 10:40 z1=2509,B,159.134,159.195,2026.05.29 19:10,1,2026.05.29 19:35,159.215,159.186"
611,JUNE0525-B162,1617DC1ACCE6B50ED2D1359582A70A8B8503C569623EE90C18C6B33542796207,Tester/logs/20261011.log,968818,2026-06-03,10:45,B152PR,"NG	0	00:08:52.229	Core 04	2026.06.03 10:45:00   [SRJ-IND] B152PR sym=USDJPY bar=2026.06.03 10:40 z1=2716,B,159.576,159.603,2026.06.02 03:10,1,2026.06.03 10:35,159.787,159.550"
612,JUNE0525-B162,1617DC1ACCE6B50ED2D1359582A70A8B8503C569623EE90C18C6B33542796207,Tester/logs/20261011.log,968819,2026-06-03,10:45,B152PR,"DM	0	00:08:52.229	Core 04	2026.06.03 10:45:00   [SRJ-IND] B152PR sym=USDJPY bar=2026.06.03 10:40 z1=2720,B,159.586,159.605,2026.06.02 01:05,1,2026.06.03 10:35,159.787,159.550"
613,JUNE0525-B162,1617DC1ACCE6B50ED2D1359582A70A8B8503C569623EE90C18C6B33542796207,Tester/logs/20261011.log,968820,2026-06-03,10:45,B152PR,"KQ	0	00:08:52.229	Core 04	2026.06.03 10:45:00   [SRJ-IND] B152PR sym=USDJPY bar=2026.06.03 10:40 bull=1 bear=0 nz=20"
614,JUNE0525-B162,1617DC1ACCE6B50ED2D1359582A70A8B8503C569623EE90C18C6B33542796207,Tester/logs/20261011.log,968821,2026-06-03,10:45,B162ORIGIN,"EO	0	00:08:52.229	Core 04	2026.06.03 10:45:00   [SRJ-IND] B162ORIGIN sym=USDJPY bar=2026.06.03 10:40 side=B n=20 origin=2720 range=159.586-159.605 formT=2026.06.02 00:50 set=65,78,212,256,261,313,414,447,449,460,696,714,724,1405,1779,1780,1949,2509,2716,2720"
615,JUNE0525-B162,1617DC1ACCE6B50ED2D1359582A70A8B8503C569623EE90C18C6B33542796207,Tester/logs/20261011.log,968822,2026-06-03,10:45,B162ORIGIN,"ML	0	00:08:52.229	Core 04	2026.06.03 10:45:00   [SRJ-IND] B162ORIGIN sym=USDJPY bar=2026.06.03 10:40 side=S n=0 origin=NONE range=- formT=- set=-"
616,JUNE0525-B162,1617DC1ACCE6B50ED2D1359582A70A8B8503C569623EE90C18C6B33542796207,Tester/logs/20261011.log,968829,2026-06-03,10:45,CQDRECHECK,"II	0	00:08:52.229	Core 04	2026.06.03 10:45:00   [SRJ-EA] CQDRECHECK shift=2 passA=1.0 passB=1.0 diff=0 bar=2026.06.03 10:35 state=IDLE dir=NONE divLatch=0 hit1=0 hit2=516 mism=0"
617,JUNE0525-B162,1617DC1ACCE6B50ED2D1359582A70A8B8503C569623EE90C18C6B33542796207,Tester/logs/20261011.log,968835,2026-06-03,10:50,B152PR,"CP	0	00:08:52.229	Core 04	2026.06.03 10:50:00   [SRJ-IND] B152PR sym=USDJPY bar=2026.06.03 10:45 z1=65,B,156.672,156.773,2026.05.11 04:10,1,2026.05.12 08:55,157.714,156.726"
618,JUNE0525-B162,1617DC1ACCE6B50ED2D1359582A70A8B8503C569623EE90C18C6B33542796207,Tester/logs/20261011.log,968836,2026-06-03,10:50,B152PR,"KF	0	00:08:52.229	Core 04	2026.06.03 10:50:00   [SRJ-IND] B152PR sym=USDJPY bar=2026.06.03 10:45 z1=78,B,156.578,156.584,2026.05.11 00:35,1,2026.05.11 00:40,156.644,156.537"
619,JUNE0525-B162,1617DC1ACCE6B50ED2D1359582A70A8B8503C569623EE90C18C6B33542796207,Tester/logs/20261011.log,968837,2026-06-03,10:50,B152PR,"EO	0	00:08:52.229	Core 04	2026.06.03 10:50:00   [SRJ-IND] B152PR sym=USDJPY bar=2026.06.03 10:45 z1=212,B,157.028,157.060,2026.05.11 19:20,1,2026.05.12 00:00,157.152,157.050"
620,JUNE0525-B162,1617DC1ACCE6B50ED2D1359582A70A8B8503C569623EE90C18C6B33542796207,Tester/logs/20261011.log,968838,2026-06-03,10:50,B152PR,"EQ	0	00:08:52.229	Core 04	2026.06.03 10:50:00   [SRJ-IND] B152PR sym=USDJPY bar=2026.06.03 10:45 z1=256,B,157.172,157.178,2026.05.12 01:25,1,2026.05.12 08:55,157.714,156.726"
621,JUNE0525-B162,1617DC1ACCE6B50ED2D1359582A70A8B8503C569623EE90C18C6B33542796207,Tester/logs/20261011.log,968839,2026-06-03,10:50,B152PR,"CJ	0	00:08:52.229	Core 04	2026.06.03 10:50:00   [SRJ-IND] B152PR sym=USDJPY bar=2026.06.03 10:45 z1=261,B,157.184,157.192,2026.05.12 03:00,1,2026.05.12 08:55,157.714,156.726"
622,JUNE0525-B162,1617DC1ACCE6B50ED2D1359582A70A8B8503C569623EE90C18C6B33542796207,Tester/logs/20261011.log,968840,2026-06-03,10:50,B152PR,"OL	0	00:08:52.229	Core 04	2026.06.03 10:50:00   [SRJ-IND] B152PR sym=USDJPY bar=2026.06.03 10:45 z1=313,B,157.331,157.497,2026.05.12 10:00,1,2026.05.12 10:10,157.546,157.487"
623,JUNE0525-B162,1617DC1ACCE6B50ED2D1359582A70A8B8503C569623EE90C18C6B33542796207,Tester/logs/20261011.log,968841,2026-06-03,10:50,B152PR,"FF	0	00:08:52.229	Core 04	2026.06.03 10:50:00   [SRJ-IND] B152PR sym=USDJPY bar=2026.06.03 10:45 z1=414,B,157.517,157.589,2026.05.13 01:10,1,2026.05.13 01:20,157.607,157.587"
624,JUNE0525-B162,1617DC1ACCE6B50ED2D1359582A70A8B8503C569623EE90C18C6B33542796207,Tester/logs/20261011.log,968842,2026-06-03,10:50,B152PR,"QH	0	00:08:52.229	Core 04	2026.06.03 10:50:00   [SRJ-IND] B152PR sym=USDJPY bar=2026.06.03 10:45 z1=447,B,157.562,157.648,2026.05.13 06:20,1,2026.05.13 06:25,157.662,157.648"
625,JUNE0525-B162,1617DC1ACCE6B50ED2D1359582A70A8B8503C569623EE90C18C6B33542796207,Tester/logs/20261011.log,968843,2026-06-03,10:50,B152PR,"JR	0	00:08:52.229	Core 04	2026.06.03 10:50:00   [SRJ-IND] B152PR sym=USDJPY bar=2026.06.03 10:45 z1=449,B,157.599,157.654,2026.05.13 05:15,1,2026.05.13 05:45,157.687,157.652"
626,JUNE0525-B162,1617DC1ACCE6B50ED2D1359582A70A8B8503C569623EE90C18C6B33542796207,Tester/logs/20261011.log,968844,2026-06-03,10:50,B152PR,"OD	0	00:08:52.229	Core 04	2026.06.03 10:50:00   [SRJ-IND] B152PR sym=USDJPY bar=2026.06.03 10:45 z1=460,B,157.645,157.660,2026.05.13 07:05,1,2026.05.14 00:25,157.812,157.650"
627,JUNE0525-B162,1617DC1ACCE6B50ED2D1359582A70A8B8503C569623EE90C18C6B33542796207,Tester/logs/20261011.log,968845,2026-06-03,10:50,B152PR,"ON	0	00:08:52.229	Core 04	2026.06.03 10:50:00   [SRJ-IND] B152PR sym=USDJPY bar=2026.06.03 10:45 z1=696,B,157.568,158.167,2026.05.14 18:05,1,2026.05.14 18:10,158.191,158.119"
628,JUNE0525-B162,1617DC1ACCE6B50ED2D1359582A70A8B8503C569623EE90C18C6B33542796207,Tester/logs/20261011.log,968846,2026-06-03,10:50,B152PR,"GP	0	00:08:52.229	Core 04	2026.06.03 10:50:00   [SRJ-IND] B152PR sym=USDJPY bar=2026.06.03 10:45 z1=714,B,158.107,158.142,2026.05.14 19:30,1,2026.05.14 20:00,158.169,158.142"
629,JUNE0525-B162,1617DC1ACCE6B50ED2D1359582A70A8B8503C569623EE90C18C6B33542796207,Tester/logs/20261011.log,968847,2026-06-03,10:50,B152PR,"RE	0	00:08:52.229	Core 04	2026.06.03 10:50:00   [SRJ-IND] B152PR sym=USDJPY bar=2026.06.03 10:45 z1=724,B,158.168,158.186,2026.05.14 21:00,1,2026.05.14 21:05,158.191,158.182"
630,JUNE0525-B162,1617DC1ACCE6B50ED2D1359582A70A8B8503C569623EE90C18C6B33542796207,Tester/logs/20261011.log,968848,2026-06-03,10:50,B152PR,"LL	0	00:08:52.229	Core 04	2026.06.03 10:50:00   [SRJ-IND] B152PR sym=USDJPY bar=2026.06.03 10:45 z1=1405,B,158.735,158.769,2026.05.20 19:00,1,2026.05.20 19:05,158.816,158.753"
631,JUNE0525-B162,1617DC1ACCE6B50ED2D1359582A70A8B8503C569623EE90C18C6B33542796207,Tester/logs/20261011.log,968849,2026-06-03,10:50,B152PR,"JR	0	00:08:52.229	Core 04	2026.06.03 10:50:00   [SRJ-IND] B152PR sym=USDJPY bar=2026.06.03 10:45 z1=1779,B,158.756,158.800,2026.05.25 06:45,1,2026.05.26 00:00,158.887,158.784"
632,JUNE0525-B162,1617DC1ACCE6B50ED2D1359582A70A8B8503C569623EE90C18C6B33542796207,Tester/logs/20261011.log,968850,2026-06-03,10:50,B152PR,"CH	0	00:08:52.229	Core 04	2026.06.03 10:50:00   [SRJ-IND] B152PR sym=USDJPY bar=2026.06.03 10:45 z1=1780,B,158.789,158.814,2026.05.25 04:50,1,2026.05.26 00:00,158.887,158.784"
633,JUNE0525-B162,1617DC1ACCE6B50ED2D1359582A70A8B8503C569623EE90C18C6B33542796207,Tester/logs/20261011.log,968851,2026-06-03,10:50,B152PR,"NN	0	00:08:52.229	Core 04	2026.06.03 10:50:00   [SRJ-IND] B152PR sym=USDJPY bar=2026.06.03 10:45 z1=1949,B,158.916,158.934,2026.05.26 07:25,1,2026.05.26 07:30,158.942,158.934"
634,JUNE0525-B162,1617DC1ACCE6B50ED2D1359582A70A8B8503C569623EE90C18C6B33542796207,Tester/logs/20261011.log,968852,2026-06-03,10:50,B152PR,"CD	0	00:08:52.229	Core 04	2026.06.03 10:50:00   [SRJ-IND] B152PR sym=USDJPY bar=2026.06.03 10:45 z1=2509,B,159.134,159.195,2026.05.29 19:10,1,2026.05.29 19:35,159.215,159.186"
635,JUNE0525-B162,1617DC1ACCE6B50ED2D1359582A70A8B8503C569623EE90C18C6B33542796207,Tester/logs/20261011.log,968853,2026-06-03,10:50,B152PR,"GJ	0	00:08:52.229	Core 04	2026.06.03 10:50:00   [SRJ-IND] B152PR sym=USDJPY bar=2026.06.03 10:45 z1=2716,B,159.576,159.603,2026.06.02 03:10,1,2026.06.03 10:35,159.787,159.550"
636,JUNE0525-B162,1617DC1ACCE6B50ED2D1359582A70A8B8503C569623EE90C18C6B33542796207,Tester/logs/20261011.log,968854,2026-06-03,10:50,B152PR,"QP	0	00:08:52.229	Core 04	2026.06.03 10:50:00   [SRJ-IND] B152PR sym=USDJPY bar=2026.06.03 10:45 z1=2720,B,159.586,159.605,2026.06.02 01:05,1,2026.06.03 10:35,159.787,159.550"
637,JUNE0525-B162,1617DC1ACCE6B50ED2D1359582A70A8B8503C569623EE90C18C6B33542796207,Tester/logs/20261011.log,968855,2026-06-03,10:50,B152PR,"JD	0	00:08:52.229	Core 04	2026.06.03 10:50:00   [SRJ-IND] B152PR sym=USDJPY bar=2026.06.03 10:45 bull=1 bear=0 nz=20"
638,JUNE0525-B162,1617DC1ACCE6B50ED2D1359582A70A8B8503C569623EE90C18C6B33542796207,Tester/logs/20261011.log,968856,2026-06-03,10:50,B162ORIGIN,"HI	0	00:08:52.229	Core 04	2026.06.03 10:50:00   [SRJ-IND] B162ORIGIN sym=USDJPY bar=2026.06.03 10:45 side=B n=20 origin=2720 range=159.586-159.605 formT=2026.06.02 00:50 set=65,78,212,256,261,313,414,447,449,460,696,714,724,1405,1779,1780,1949,2509,2716,2720"
639,JUNE0525-B162,1617DC1ACCE6B50ED2D1359582A70A8B8503C569623EE90C18C6B33542796207,Tester/logs/20261011.log,968857,2026-06-03,10:50,B162ORIGIN,"PJ	0	00:08:52.229	Core 04	2026.06.03 10:50:00   [SRJ-IND] B162ORIGIN sym=USDJPY bar=2026.06.03 10:45 side=S n=0 origin=NONE range=- formT=- set=-"
640,JUNE0525-B162,1617DC1ACCE6B50ED2D1359582A70A8B8503C569623EE90C18C6B33542796207,Tester/logs/20261011.log,968865,2026-06-03,10:50,CONFIRMPOLL,"LE	0	00:08:52.229	Core 04	2026.06.03 10:50:00   [SRJ-EA] CONFIRMPOLL bar=2026.06.03 10:45 anchor=Monthly-POC dir=SHORT oppCandle=0 bodyDir=0 body=15pts doji=0 touchAttr=1 confirm=0 shadow=true"
641,JUNE0525-B162,1617DC1ACCE6B50ED2D1359582A70A8B8503C569623EE90C18C6B33542796207,Tester/logs/20261011.log,968868,2026-06-03,10:55,B152PR,"NF	0	00:08:52.229	Core 04	2026.06.03 10:55:00   [SRJ-IND] B152PR sym=USDJPY bar=2026.06.03 10:50 z1=65,B,156.672,156.773,2026.05.11 04:10,1,2026.05.12 08:55,157.714,156.726"
642,JUNE0525-B162,1617DC1ACCE6B50ED2D1359582A70A8B8503C569623EE90C18C6B33542796207,Tester/logs/20261011.log,968869,2026-06-03,10:55,B152PR,"FM	0	00:08:52.229	Core 04	2026.06.03 10:55:00   [SRJ-IND] B152PR sym=USDJPY bar=2026.06.03 10:50 z1=78,B,156.578,156.584,2026.05.11 00:35,1,2026.05.11 00:40,156.644,156.537"
643,JUNE0525-B162,1617DC1ACCE6B50ED2D1359582A70A8B8503C569623EE90C18C6B33542796207,Tester/logs/20261011.log,968870,2026-06-03,10:55,B152PR,"LP	0	00:08:52.229	Core 04	2026.06.03 10:55:00   [SRJ-IND] B152PR sym=USDJPY bar=2026.06.03 10:50 z1=212,B,157.028,157.060,2026.05.11 19:20,1,2026.05.12 00:00,157.152,157.050"
644,JUNE0525-B162,1617DC1ACCE6B50ED2D1359582A70A8B8503C569623EE90C18C6B33542796207,Tester/logs/20261011.log,968871,2026-06-03,10:55,B152PR,"HJ	0	00:08:52.229	Core 04	2026.06.03 10:55:00   [SRJ-IND] B152PR sym=USDJPY bar=2026.06.03 10:50 z1=256,B,157.172,157.178,2026.05.12 01:25,1,2026.05.12 08:55,157.714,156.726"
645,JUNE0525-B162,1617DC1ACCE6B50ED2D1359582A70A8B8503C569623EE90C18C6B33542796207,Tester/logs/20261011.log,968872,2026-06-03,10:55,B152PR,"NL	0	00:08:52.229	Core 04	2026.06.03 10:55:00   [SRJ-IND] B152PR sym=USDJPY bar=2026.06.03 10:50 z1=261,B,157.184,157.192,2026.05.12 03:00,1,2026.05.12 08:55,157.714,156.726"
646,JUNE0525-B162,1617DC1ACCE6B50ED2D1359582A70A8B8503C569623EE90C18C6B33542796207,Tester/logs/20261011.log,968873,2026-06-03,10:55,B152PR,"FF	0	00:08:52.229	Core 04	2026.06.03 10:55:00   [SRJ-IND] B152PR sym=USDJPY bar=2026.06.03 10:50 z1=313,B,157.331,157.497,2026.05.12 10:00,1,2026.05.12 10:10,157.546,157.487"
647,JUNE0525-B162,1617DC1ACCE6B50ED2D1359582A70A8B8503C569623EE90C18C6B33542796207,Tester/logs/20261011.log,968874,2026-06-03,10:55,B152PR,"KH	0	00:08:52.229	Core 04	2026.06.03 10:55:00   [SRJ-IND] B152PR sym=USDJPY bar=2026.06.03 10:50 z1=414,B,157.517,157.589,2026.05.13 01:10,1,2026.05.13 01:20,157.607,157.587"
648,JUNE0525-B162,1617DC1ACCE6B50ED2D1359582A70A8B8503C569623EE90C18C6B33542796207,Tester/logs/20261011.log,968875,2026-06-03,10:55,B152PR,"LM	0	00:08:52.229	Core 04	2026.06.03 10:55:00   [SRJ-IND] B152PR sym=USDJPY bar=2026.06.03 10:50 z1=447,B,157.562,157.648,2026.05.13 06:20,1,2026.05.13 06:25,157.662,157.648"
649,JUNE0525-B162,1617DC1ACCE6B50ED2D1359582A70A8B8503C569623EE90C18C6B33542796207,Tester/logs/20261011.log,968876,2026-06-03,10:55,B152PR,"OG	0	00:08:52.229	Core 04	2026.06.03 10:55:00   [SRJ-IND] B152PR sym=USDJPY bar=2026.06.03 10:50 z1=449,B,157.599,157.654,2026.05.13 05:15,1,2026.05.13 05:45,157.687,157.652"
650,JUNE0525-B162,1617DC1ACCE6B50ED2D1359582A70A8B8503C569623EE90C18C6B33542796207,Tester/logs/20261011.log,968877,2026-06-03,10:55,B152PR,"FI	0	00:08:52.229	Core 04	2026.06.03 10:55:00   [SRJ-IND] B152PR sym=USDJPY bar=2026.06.03 10:50 z1=460,B,157.645,157.660,2026.05.13 07:05,1,2026.05.14 00:25,157.812,157.650"
651,JUNE0525-B162,1617DC1ACCE6B50ED2D1359582A70A8B8503C569623EE90C18C6B33542796207,Tester/logs/20261011.log,968878,2026-06-03,10:55,B152PR,"JS	0	00:08:52.229	Core 04	2026.06.03 10:55:00   [SRJ-IND] B152PR sym=USDJPY bar=2026.06.03 10:50 z1=696,B,157.568,158.167,2026.05.14 18:05,1,2026.05.14 18:10,158.191,158.119"
652,JUNE0525-B162,1617DC1ACCE6B50ED2D1359582A70A8B8503C569623EE90C18C6B33542796207,Tester/logs/20261011.log,968879,2026-06-03,10:55,B152PR,"FE	0	00:08:52.229	Core 04	2026.06.03 10:55:00   [SRJ-IND] B152PR sym=USDJPY bar=2026.06.03 10:50 z1=714,B,158.107,158.142,2026.05.14 19:30,1,2026.05.14 20:00,158.169,158.142"
653,JUNE0525-B162,1617DC1ACCE6B50ED2D1359582A70A8B8503C569623EE90C18C6B33542796207,Tester/logs/20261011.log,968880,2026-06-03,10:55,B152PR,"GO	0	00:08:52.229	Core 04	2026.06.03 10:55:00   [SRJ-IND] B152PR sym=USDJPY bar=2026.06.03 10:50 z1=724,B,158.168,158.186,2026.05.14 21:00,1,2026.05.14 21:05,158.191,158.182"
654,JUNE0525-B162,1617DC1ACCE6B50ED2D1359582A70A8B8503C569623EE90C18C6B33542796207,Tester/logs/20261011.log,968881,2026-06-03,10:55,B152PR,"IR	0	00:08:52.229	Core 04	2026.06.03 10:55:00   [SRJ-IND] B152PR sym=USDJPY bar=2026.06.03 10:50 z1=1405,B,158.735,158.769,2026.05.20 19:00,1,2026.05.20 19:05,158.816,158.753"
655,JUNE0525-B162,1617DC1ACCE6B50ED2D1359582A70A8B8503C569623EE90C18C6B33542796207,Tester/logs/20261011.log,968882,2026-06-03,10:55,B152PR,"KH	0	00:08:52.229	Core 04	2026.06.03 10:55:00   [SRJ-IND] B152PR sym=USDJPY bar=2026.06.03 10:50 z1=1779,B,158.756,158.800,2026.05.25 06:45,1,2026.05.26 00:00,158.887,158.784"
656,JUNE0525-B162,1617DC1ACCE6B50ED2D1359582A70A8B8503C569623EE90C18C6B33542796207,Tester/logs/20261011.log,968883,2026-06-03,10:55,B152PR,"RN	0	00:08:52.229	Core 04	2026.06.03 10:55:00   [SRJ-IND] B152PR sym=USDJPY bar=2026.06.03 10:50 z1=1780,B,158.789,158.814,2026.05.25 04:50,1,2026.05.26 00:00,158.887,158.784"
657,JUNE0525-B162,1617DC1ACCE6B50ED2D1359582A70A8B8503C569623EE90C18C6B33542796207,Tester/logs/20261011.log,968884,2026-06-03,10:55,B152PR,"GD	0	00:08:52.229	Core 04	2026.06.03 10:55:00   [SRJ-IND] B152PR sym=USDJPY bar=2026.06.03 10:50 z1=1949,B,158.916,158.934,2026.05.26 07:25,1,2026.05.26 07:30,158.942,158.934"
658,JUNE0525-B162,1617DC1ACCE6B50ED2D1359582A70A8B8503C569623EE90C18C6B33542796207,Tester/logs/20261011.log,968885,2026-06-03,10:55,B152PR,"RJ	0	00:08:52.229	Core 04	2026.06.03 10:55:00   [SRJ-IND] B152PR sym=USDJPY bar=2026.06.03 10:50 z1=2509,B,159.134,159.195,2026.05.29 19:10,1,2026.05.29 19:35,159.215,159.186"
659,JUNE0525-B162,1617DC1ACCE6B50ED2D1359582A70A8B8503C569623EE90C18C6B33542796207,Tester/logs/20261011.log,968886,2026-06-03,10:55,B152PR,"NP	0	00:08:52.229	Core 04	2026.06.03 10:55:00   [SRJ-IND] B152PR sym=USDJPY bar=2026.06.03 10:50 z1=2716,B,159.576,159.603,2026.06.02 03:10,1,2026.06.03 10:35,159.787,159.550"
660,JUNE0525-B162,1617DC1ACCE6B50ED2D1359582A70A8B8503C569623EE90C18C6B33542796207,Tester/logs/20261011.log,968887,2026-06-03,10:55,B152PR,"DF	0	00:08:52.229	Core 04	2026.06.03 10:55:00   [SRJ-IND] B152PR sym=USDJPY bar=2026.06.03 10:50 z1=2720,B,159.586,159.605,2026.06.02 01:05,1,2026.06.03 10:35,159.787,159.550"
661,JUNE0525-B162,1617DC1ACCE6B50ED2D1359582A70A8B8503C569623EE90C18C6B33542796207,Tester/logs/20261011.log,968888,2026-06-03,10:55,B152PR,"KN	0	00:08:52.229	Core 04	2026.06.03 10:55:00   [SRJ-IND] B152PR sym=USDJPY bar=2026.06.03 10:50 bull=1 bear=0 nz=20"
662,JUNE0525-B162,1617DC1ACCE6B50ED2D1359582A70A8B8503C569623EE90C18C6B33542796207,Tester/logs/20261011.log,968889,2026-06-03,10:55,B162ORIGIN,"ED	0	00:08:52.229	Core 04	2026.06.03 10:55:00   [SRJ-IND] B162ORIGIN sym=USDJPY bar=2026.06.03 10:50 side=B n=20 origin=2720 range=159.586-159.605 formT=2026.06.02 00:50 set=65,78,212,256,261,313,414,447,449,460,696,714,724,1405,1779,1780,1949,2509,2716,2720"
663,JUNE0525-B162,1617DC1ACCE6B50ED2D1359582A70A8B8503C569623EE90C18C6B33542796207,Tester/logs/20261011.log,968890,2026-06-03,10:55,B162ORIGIN,"MQ	0	00:08:52.229	Core 04	2026.06.03 10:55:00   [SRJ-IND] B162ORIGIN sym=USDJPY bar=2026.06.03 10:50 side=S n=0 origin=NONE range=- formT=- set=-"
664,JUNE0525-B162,1617DC1ACCE6B50ED2D1359582A70A8B8503C569623EE90C18C6B33542796207,Tester/logs/20261011.log,968898,2026-06-03,11:00,B152PR,"DM	0	00:08:52.229	Core 04	2026.06.03 11:00:00   [SRJ-IND] B152PR sym=USDJPY bar=2026.06.03 10:55 z1=65,B,156.672,156.773,2026.05.11 04:10,1,2026.05.12 08:55,157.714,156.726"
665,JUNE0525-B162,1617DC1ACCE6B50ED2D1359582A70A8B8503C569623EE90C18C6B33542796207,Tester/logs/20261011.log,968899,2026-06-03,11:00,B152PR,"DS	0	00:08:52.229	Core 04	2026.06.03 11:00:00   [SRJ-IND] B152PR sym=USDJPY bar=2026.06.03 10:55 z1=78,B,156.578,156.584,2026.05.11 00:35,1,2026.05.11 00:40,156.644,156.537"
666,JUNE0525-B162,1617DC1ACCE6B50ED2D1359582A70A8B8503C569623EE90C18C6B33542796207,Tester/logs/20261011.log,968900,2026-06-03,11:00,B152PR,"FJ	0	00:08:52.229	Core 04	2026.06.03 11:00:00   [SRJ-IND] B152PR sym=USDJPY bar=2026.06.03 10:55 z1=212,B,157.028,157.060,2026.05.11 19:20,1,2026.05.12 00:00,157.152,157.050"
667,JUNE0525-B162,1617DC1ACCE6B50ED2D1359582A70A8B8503C569623EE90C18C6B33542796207,Tester/logs/20261011.log,968901,2026-06-03,11:00,B152PR,"FL	0	00:08:52.229	Core 04	2026.06.03 11:00:00   [SRJ-IND] B152PR sym=USDJPY bar=2026.06.03 10:55 z1=256,B,157.172,157.178,2026.05.12 01:25,1,2026.05.12 08:55,157.714,156.726"
668,JUNE0525-B162,1617DC1ACCE6B50ED2D1359582A70A8B8503C569623EE90C18C6B33542796207,Tester/logs/20261011.log,968902,2026-06-03,11:00,B152PR,"LF	0	00:08:52.229	Core 04	2026.06.03 11:00:00   [SRJ-IND] B152PR sym=USDJPY bar=2026.06.03 10:55 z1=261,B,157.184,157.192,2026.05.12 03:00,1,2026.05.12 08:55,157.714,156.726"
669,JUNE0525-B162,1617DC1ACCE6B50ED2D1359582A70A8B8503C569623EE90C18C6B33542796207,Tester/logs/20261011.log,968903,2026-06-03,11:00,B152PR,"HH	0	00:08:52.229	Core 04	2026.06.03 11:00:00   [SRJ-IND] B152PR sym=USDJPY bar=2026.06.03 10:55 z1=313,B,157.331,157.497,2026.05.12 10:00,1,2026.05.12 10:10,157.546,157.487"
670,JUNE0525-B162,1617DC1ACCE6B50ED2D1359582A70A8B8503C569623EE90C18C6B33542796207,Tester/logs/20261011.log,968904,2026-06-03,11:00,B152PR,"EM	0	00:08:52.229	Core 04	2026.06.03 11:00:00   [SRJ-IND] B152PR sym=USDJPY bar=2026.06.03 10:55 z1=414,B,157.517,157.589,2026.05.13 01:10,1,2026.05.13 01:20,157.607,157.587"
671,JUNE0525-B162,1617DC1ACCE6B50ED2D1359582A70A8B8503C569623EE90C18C6B33542796207,Tester/logs/20261011.log,968905,2026-06-03,11:00,B152PR,"RG	0	00:08:52.229	Core 04	2026.06.03 11:00:00   [SRJ-IND] B152PR sym=USDJPY bar=2026.06.03 10:55 z1=447,B,157.562,157.648,2026.05.13 06:20,1,2026.05.13 06:25,157.662,157.648"
672,JUNE0525-B162,1617DC1ACCE6B50ED2D1359582A70A8B8503C569623EE90C18C6B33542796207,Tester/logs/20261011.log,968906,2026-06-03,11:00,B152PR,"QI	0	00:08:52.229	Core 04	2026.06.03 11:00:00   [SRJ-IND] B152PR sym=USDJPY bar=2026.06.03 10:55 z1=449,B,157.599,157.654,2026.05.13 05:15,1,2026.05.13 05:45,157.687,157.652"
673,JUNE0525-B162,1617DC1ACCE6B50ED2D1359582A70A8B8503C569623EE90C18C6B33542796207,Tester/logs/20261011.log,968907,2026-06-03,11:00,B152PR,"HS	0	00:08:52.229	Core 04	2026.06.03 11:00:00   [SRJ-IND] B152PR sym=USDJPY bar=2026.06.03 10:55 z1=460,B,157.645,157.660,2026.05.13 07:05,1,2026.05.14 00:25,157.812,157.650"
674,JUNE0525-B162,1617DC1ACCE6B50ED2D1359582A70A8B8503C569623EE90C18C6B33542796207,Tester/logs/20261011.log,968908,2026-06-03,11:00,B152PR,"PE	0	00:08:52.229	Core 04	2026.06.03 11:00:00   [SRJ-IND] B152PR sym=USDJPY bar=2026.06.03 10:55 z1=696,B,157.568,158.167,2026.05.14 18:05,1,2026.05.14 18:10,158.191,158.119"
675,JUNE0525-B162,1617DC1ACCE6B50ED2D1359582A70A8B8503C569623EE90C18C6B33542796207,Tester/logs/20261011.log,968909,2026-06-03,11:00,B152PR,"HO	0	00:08:52.229	Core 04	2026.06.03 11:00:00   [SRJ-IND] B152PR sym=USDJPY bar=2026.06.03 10:55 z1=714,B,158.107,158.142,2026.05.14 19:30,1,2026.05.14 20:00,158.169,158.142"
676,JUNE0525-B162,1617DC1ACCE6B50ED2D1359582A70A8B8503C569623EE90C18C6B33542796207,Tester/logs/20261011.log,968910,2026-06-03,11:00,B152PR,"IQ	0	00:08:52.229	Core 04	2026.06.03 11:00:00   [SRJ-IND] B152PR sym=USDJPY bar=2026.06.03 10:55 z1=724,B,158.168,158.186,2026.05.14 21:00,1,2026.05.14 21:05,158.191,158.182"
677,JUNE0525-B162,1617DC1ACCE6B50ED2D1359582A70A8B8503C569623EE90C18C6B33542796207,Tester/logs/20261011.log,968911,2026-06-03,11:00,B152PR,"CH	0	00:08:52.229	Core 04	2026.06.03 11:00:00   [SRJ-IND] B152PR sym=USDJPY bar=2026.06.03 10:55 z1=1405,B,158.735,158.769,2026.05.20 19:00,1,2026.05.20 19:05,158.816,158.753"
678,JUNE0525-B162,1617DC1ACCE6B50ED2D1359582A70A8B8503C569623EE90C18C6B33542796207,Tester/logs/20261011.log,968912,2026-06-03,11:00,B152PR,"QN	0	00:08:52.229	Core 04	2026.06.03 11:00:00   [SRJ-IND] B152PR sym=USDJPY bar=2026.06.03 10:55 z1=1779,B,158.756,158.800,2026.05.25 06:45,1,2026.05.26 00:00,158.887,158.784"
679,JUNE0525-B162,1617DC1ACCE6B50ED2D1359582A70A8B8503C569623EE90C18C6B33542796207,Tester/logs/20261011.log,968913,2026-06-03,11:00,B152PR,"LD	0	00:08:52.229	Core 04	2026.06.03 11:00:00   [SRJ-IND] B152PR sym=USDJPY bar=2026.06.03 10:55 z1=1780,B,158.789,158.814,2026.05.25 04:50,1,2026.05.26 00:00,158.887,158.784"
680,JUNE0525-B162,1617DC1ACCE6B50ED2D1359582A70A8B8503C569623EE90C18C6B33542796207,Tester/logs/20261011.log,968914,2026-06-03,11:00,B152PR,"EJ	0	00:08:52.229	Core 04	2026.06.03 11:00:00   [SRJ-IND] B152PR sym=USDJPY bar=2026.06.03 10:55 z1=1949,B,158.916,158.934,2026.05.26 07:25,1,2026.05.26 07:30,158.942,158.934"
681,JUNE0525-B162,1617DC1ACCE6B50ED2D1359582A70A8B8503C569623EE90C18C6B33542796207,Tester/logs/20261011.log,968915,2026-06-03,11:00,B152PR,"LP	0	00:08:52.229	Core 04	2026.06.03 11:00:00   [SRJ-IND] B152PR sym=USDJPY bar=2026.06.03 10:55 z1=2509,B,159.134,159.195,2026.05.29 19:10,1,2026.05.29 19:35,159.215,159.186"
682,JUNE0525-B162,1617DC1ACCE6B50ED2D1359582A70A8B8503C569623EE90C18C6B33542796207,Tester/logs/20261011.log,968916,2026-06-03,11:00,B152PR,"PF	0	00:08:52.229	Core 04	2026.06.03 11:00:00   [SRJ-IND] B152PR sym=USDJPY bar=2026.06.03 10:55 z1=2716,B,159.576,159.603,2026.06.02 03:10,1,2026.06.03 10:35,159.787,159.550"
683,JUNE0525-B162,1617DC1ACCE6B50ED2D1359582A70A8B8503C569623EE90C18C6B33542796207,Tester/logs/20261011.log,968917,2026-06-03,11:00,B152PR,"JL	0	00:08:52.229	Core 04	2026.06.03 11:00:00   [SRJ-IND] B152PR sym=USDJPY bar=2026.06.03 10:55 z1=2720,B,159.586,159.605,2026.06.02 01:05,1,2026.06.03 10:35,159.787,159.550"
684,JUNE0525-B162,1617DC1ACCE6B50ED2D1359582A70A8B8503C569623EE90C18C6B33542796207,Tester/logs/20261011.log,968918,2026-06-03,11:00,B152PR,"QP	0	00:08:52.229	Core 04	2026.06.03 11:00:00   [SRJ-IND] B152PR sym=USDJPY bar=2026.06.03 10:55 bull=1 bear=0 nz=20"
685,JUNE0525-B162,1617DC1ACCE6B50ED2D1359582A70A8B8503C569623EE90C18C6B33542796207,Tester/logs/20261011.log,968919,2026-06-03,11:00,B162ORIGIN,"GN	0	00:08:52.229	Core 04	2026.06.03 11:00:00   [SRJ-IND] B162ORIGIN sym=USDJPY bar=2026.06.03 10:55 side=B n=20 origin=2720 range=159.586-159.605 formT=2026.06.02 00:50 set=65,78,212,256,261,313,414,447,449,460,696,714,724,1405,1779,1780,1949,2509,2716,2720"
686,JUNE0525-B162,1617DC1ACCE6B50ED2D1359582A70A8B8503C569623EE90C18C6B33542796207,Tester/logs/20261011.log,968920,2026-06-03,11:00,B162ORIGIN,"OO	0	00:08:52.229	Core 04	2026.06.03 11:00:00   [SRJ-IND] B162ORIGIN sym=USDJPY bar=2026.06.03 10:55 side=S n=0 origin=NONE range=- formT=- set=-"
687,JUNE0525-B162,1617DC1ACCE6B50ED2D1359582A70A8B8503C569623EE90C18C6B33542796207,Tester/logs/20261011.log,968928,2026-06-03,11:05,B152PR,"DF	0	00:08:52.229	Core 04	2026.06.03 11:05:00   [SRJ-IND] B152PR sym=USDJPY bar=2026.06.03 11:00 z1=65,B,156.672,156.773,2026.05.11 04:10,1,2026.05.12 08:55,157.714,156.726"
688,JUNE0525-B162,1617DC1ACCE6B50ED2D1359582A70A8B8503C569623EE90C18C6B33542796207,Tester/logs/20261011.log,968929,2026-06-03,11:05,B152PR,"LL	0	00:08:52.229	Core 04	2026.06.03 11:05:00   [SRJ-IND] B152PR sym=USDJPY bar=2026.06.03 11:00 z1=78,B,156.578,156.584,2026.05.11 00:35,1,2026.05.11 00:40,156.644,156.537"
689,JUNE0525-B162,1617DC1ACCE6B50ED2D1359582A70A8B8503C569623EE90C18C6B33542796207,Tester/logs/20261011.log,968930,2026-06-03,11:05,B152PR,"FQ	0	00:08:52.229	Core 04	2026.06.03 11:05:00   [SRJ-IND] B152PR sym=USDJPY bar=2026.06.03 11:00 z1=212,B,157.028,157.060,2026.05.11 19:20,1,2026.05.12 00:00,157.152,157.050"
690,JUNE0525-B162,1617DC1ACCE6B50ED2D1359582A70A8B8503C569623EE90C18C6B33542796207,Tester/logs/20261011.log,968931,2026-06-03,11:05,B152PR,"FK	0	00:08:52.229	Core 04	2026.06.03 11:05:00   [SRJ-IND] B152PR sym=USDJPY bar=2026.06.03 11:00 z1=256,B,157.172,157.178,2026.05.12 01:25,1,2026.05.12 08:55,157.714,156.726"
691,JUNE0525-B162,1617DC1ACCE6B50ED2D1359582A70A8B8503C569623EE90C18C6B33542796207,Tester/logs/20261011.log,968932,2026-06-03,11:05,B152PR,"DL	0	00:08:52.229	Core 04	2026.06.03 11:05:00   [SRJ-IND] B152PR sym=USDJPY bar=2026.06.03 11:00 z1=261,B,157.184,157.192,2026.05.12 03:00,1,2026.05.12 08:55,157.714,156.726"
692,JUNE0525-B162,1617DC1ACCE6B50ED2D1359582A70A8B8503C569623EE90C18C6B33542796207,Tester/logs/20261011.log,968933,2026-06-03,11:05,B152PR,"PF	0	00:08:52.229	Core 04	2026.06.03 11:05:00   [SRJ-IND] B152PR sym=USDJPY bar=2026.06.03 11:00 z1=313,B,157.331,157.497,2026.05.12 10:00,1,2026.05.12 10:10,157.546,157.487"
693,JUNE0525-B162,1617DC1ACCE6B50ED2D1359582A70A8B8503C569623EE90C18C6B33542796207,Tester/logs/20261011.log,968934,2026-06-03,11:05,B152PR,"EH	0	00:08:52.229	Core 04	2026.06.03 11:05:00   [SRJ-IND] B152PR sym=USDJPY bar=2026.06.03 11:00 z1=414,B,157.517,157.589,2026.05.13 01:10,1,2026.05.13 01:20,157.607,157.587"
694,JUNE0525-B162,1617DC1ACCE6B50ED2D1359582A70A8B8503C569623EE90C18C6B33542796207,Tester/logs/20261011.log,968935,2026-06-03,11:05,B152PR,"RR	0	00:08:52.229	Core 04	2026.06.03 11:05:00   [SRJ-IND] B152PR sym=USDJPY bar=2026.06.03 11:00 z1=447,B,157.562,157.648,2026.05.13 06:20,1,2026.05.13 06:25,157.662,157.648"
695,JUNE0525-B162,1617DC1ACCE6B50ED2D1359582A70A8B8503C569623EE90C18C6B33542796207,Tester/logs/20261011.log,968936,2026-06-03,11:05,B152PR,"ID	0	00:08:52.229	Core 04	2026.06.03 11:05:00   [SRJ-IND] B152PR sym=USDJPY bar=2026.06.03 11:00 z1=449,B,157.599,157.654,2026.05.13 05:15,1,2026.05.13 05:45,157.687,157.652"
696,JUNE0525-B162,1617DC1ACCE6B50ED2D1359582A70A8B8503C569623EE90C18C6B33542796207,Tester/logs/20261011.log,968937,2026-06-03,11:05,B152PR,"PN	0	00:08:52.229	Core 04	2026.06.03 11:05:00   [SRJ-IND] B152PR sym=USDJPY bar=2026.06.03 11:00 z1=460,B,157.645,157.660,2026.05.13 07:05,1,2026.05.14 00:25,157.812,157.650"
697,JUNE0525-B162,1617DC1ACCE6B50ED2D1359582A70A8B8503C569623EE90C18C6B33542796207,Tester/logs/20261011.log,968938,2026-06-03,11:05,B152PR,"PP	0	00:08:52.229	Core 04	2026.06.03 11:05:00   [SRJ-IND] B152PR sym=USDJPY bar=2026.06.03 11:00 z1=696,B,157.568,158.167,2026.05.14 18:05,1,2026.05.14 18:10,158.191,158.119"
698,JUNE0525-B162,1617DC1ACCE6B50ED2D1359582A70A8B8503C569623EE90C18C6B33542796207,Tester/logs/20261011.log,968939,2026-06-03,11:05,B152PR,"HJ	0	00:08:52.229	Core 04	2026.06.03 11:05:00   [SRJ-IND] B152PR sym=USDJPY bar=2026.06.03 11:00 z1=714,B,158.107,158.142,2026.05.14 19:30,1,2026.05.14 20:00,158.169,158.142"
699,JUNE0525-B162,1617DC1ACCE6B50ED2D1359582A70A8B8503C569623EE90C18C6B33542796207,Tester/logs/20261011.log,968940,2026-06-03,11:05,B152PR,"QO	0	00:08:52.229	Core 04	2026.06.03 11:05:00   [SRJ-IND] B152PR sym=USDJPY bar=2026.06.03 11:00 z1=724,B,158.168,158.186,2026.05.14 21:00,1,2026.05.14 21:05,158.191,158.182"
700,JUNE0525-B162,1617DC1ACCE6B50ED2D1359582A70A8B8503C569623EE90C18C6B33542796207,Tester/logs/20261011.log,968941,2026-06-03,11:05,B152PR,"KR	0	00:08:52.229	Core 04	2026.06.03 11:05:00   [SRJ-IND] B152PR sym=USDJPY bar=2026.06.03 11:00 z1=1405,B,158.735,158.769,2026.05.20 19:00,1,2026.05.20 19:05,158.816,158.753"
701,JUNE0525-B162,1617DC1ACCE6B50ED2D1359582A70A8B8503C569623EE90C18C6B33542796207,Tester/logs/20261011.log,968942,2026-06-03,11:05,B152PR,"IH	0	00:08:52.229	Core 04	2026.06.03 11:05:00   [SRJ-IND] B152PR sym=USDJPY bar=2026.06.03 11:00 z1=1779,B,158.756,158.800,2026.05.25 06:45,1,2026.05.26 00:00,158.887,158.784"
702,JUNE0525-B162,1617DC1ACCE6B50ED2D1359582A70A8B8503C569623EE90C18C6B33542796207,Tester/logs/20261011.log,968943,2026-06-03,11:05,B152PR,"DN	0	00:08:52.229	Core 04	2026.06.03 11:05:00   [SRJ-IND] B152PR sym=USDJPY bar=2026.06.03 11:00 z1=1780,B,158.789,158.814,2026.05.25 04:50,1,2026.05.26 00:00,158.887,158.784"
703,JUNE0525-B162,1617DC1ACCE6B50ED2D1359582A70A8B8503C569623EE90C18C6B33542796207,Tester/logs/20261011.log,968944,2026-06-03,11:05,B152PR,"MD	0	00:08:52.229	Core 04	2026.06.03 11:05:00   [SRJ-IND] B152PR sym=USDJPY bar=2026.06.03 11:00 z1=1949,B,158.916,158.934,2026.05.26 07:25,1,2026.05.26 07:30,158.942,158.934"
704,JUNE0525-B162,1617DC1ACCE6B50ED2D1359582A70A8B8503C569623EE90C18C6B33542796207,Tester/logs/20261011.log,968945,2026-06-03,11:05,B152PR,"DJ	0	00:08:52.229	Core 04	2026.06.03 11:05:00   [SRJ-IND] B152PR sym=USDJPY bar=2026.06.03 11:00 z1=2509,B,159.134,159.195,2026.05.29 19:10,1,2026.05.29 19:35,159.215,159.186"
705,JUNE0525-B162,1617DC1ACCE6B50ED2D1359582A70A8B8503C569623EE90C18C6B33542796207,Tester/logs/20261011.log,968946,2026-06-03,11:05,B152PR,"HP	0	00:08:52.229	Core 04	2026.06.03 11:05:00   [SRJ-IND] B152PR sym=USDJPY bar=2026.06.03 11:00 z1=2716,B,159.576,159.603,2026.06.02 03:10,1,2026.06.03 10:35,159.787,159.550"
706,JUNE0525-B162,1617DC1ACCE6B50ED2D1359582A70A8B8503C569623EE90C18C6B33542796207,Tester/logs/20261011.log,968947,2026-06-03,11:05,B152PR,"RF	0	00:08:52.229	Core 04	2026.06.03 11:05:00   [SRJ-IND] B152PR sym=USDJPY bar=2026.06.03 11:00 z1=2720,B,159.586,159.605,2026.06.02 01:05,1,2026.06.03 10:35,159.787,159.550"
707,JUNE0525-B162,1617DC1ACCE6B50ED2D1359582A70A8B8503C569623EE90C18C6B33542796207,Tester/logs/20261011.log,968948,2026-06-03,11:05,B152PR,"IN	0	00:08:52.229	Core 04	2026.06.03 11:05:00   [SRJ-IND] B152PR sym=USDJPY bar=2026.06.03 11:00 bull=1 bear=0 nz=20"
708,JUNE0525-B162,1617DC1ACCE6B50ED2D1359582A70A8B8503C569623EE90C18C6B33542796207,Tester/logs/20261011.log,968949,2026-06-03,11:05,B162ORIGIN,"GS	0	00:08:52.229	Core 04	2026.06.03 11:05:00   [SRJ-IND] B162ORIGIN sym=USDJPY bar=2026.06.03 11:00 side=B n=20 origin=2720 range=159.586-159.605 formT=2026.06.02 00:50 set=65,78,212,256,261,313,414,447,449,460,696,714,724,1405,1779,1780,1949,2509,2716,2720"
709,JUNE0525-B162,1617DC1ACCE6B50ED2D1359582A70A8B8503C569623EE90C18C6B33542796207,Tester/logs/20261011.log,968950,2026-06-03,11:05,B162ORIGIN,"OP	0	00:08:52.229	Core 04	2026.06.03 11:05:00   [SRJ-IND] B162ORIGIN sym=USDJPY bar=2026.06.03 11:00 side=S n=0 origin=NONE range=- formT=- set=-"
710,JUNE0525-B162,1617DC1ACCE6B50ED2D1359582A70A8B8503C569623EE90C18C6B33542796207,Tester/logs/20261011.log,968958,2026-06-03,11:10,B152PR,"MQ	0	00:08:52.229	Core 04	2026.06.03 11:10:00   [SRJ-IND] B152PR sym=USDJPY bar=2026.06.03 11:05 z1=65,B,156.672,156.773,2026.05.11 04:10,1,2026.05.12 08:55,157.714,156.726"
711,JUNE0525-B162,1617DC1ACCE6B50ED2D1359582A70A8B8503C569623EE90C18C6B33542796207,Tester/logs/20261011.log,968959,2026-06-03,11:10,B152PR,"ED	0	00:08:52.229	Core 04	2026.06.03 11:10:00   [SRJ-IND] B152PR sym=USDJPY bar=2026.06.03 11:05 z1=78,B,156.578,156.584,2026.05.11 00:35,1,2026.05.11 00:40,156.644,156.537"
712,JUNE0525-B162,1617DC1ACCE6B50ED2D1359582A70A8B8503C569623EE90C18C6B33542796207,Tester/logs/20261011.log,968960,2026-06-03,11:10,B152PR,"KI	0	00:08:52.229	Core 04	2026.06.03 11:10:00   [SRJ-IND] B152PR sym=USDJPY bar=2026.06.03 11:05 z1=212,B,157.028,157.060,2026.05.11 19:20,1,2026.05.12 00:00,157.152,157.050"
713,JUNE0525-B162,1617DC1ACCE6B50ED2D1359582A70A8B8503C569623EE90C18C6B33542796207,Tester/logs/20261011.log,968961,2026-06-03,11:10,B152PR,"GS	0	00:08:52.229	Core 04	2026.06.03 11:10:00   [SRJ-IND] B152PR sym=USDJPY bar=2026.06.03 11:05 z1=256,B,157.172,157.178,2026.05.12 01:25,1,2026.05.12 08:55,157.714,156.726"
714,JUNE0525-B162,1617DC1ACCE6B50ED2D1359582A70A8B8503C569623EE90C18C6B33542796207,Tester/logs/20261011.log,968962,2026-06-03,11:10,B152PR,"ME	0	00:08:52.229	Core 04	2026.06.03 11:10:00   [SRJ-IND] B152PR sym=USDJPY bar=2026.06.03 11:05 z1=261,B,157.184,157.192,2026.05.12 03:00,1,2026.05.12 08:55,157.714,156.726"
715,JUNE0525-B162,1617DC1ACCE6B50ED2D1359582A70A8B8503C569623EE90C18C6B33542796207,Tester/logs/20261011.log,968963,2026-06-03,11:10,B152PR,"EO	0	00:08:52.229	Core 04	2026.06.03 11:10:00   [SRJ-IND] B152PR sym=USDJPY bar=2026.06.03 11:05 z1=313,B,157.331,157.497,2026.05.12 10:00,1,2026.05.12 10:10,157.546,157.487"
716,JUNE0525-B162,1617DC1ACCE6B50ED2D1359582A70A8B8503C569623EE90C18C6B33542796207,Tester/logs/20261011.log,968964,2026-06-03,11:10,B152PR,"LQ	0	00:08:52.229	Core 04	2026.06.03 11:10:00   [SRJ-IND] B152PR sym=USDJPY bar=2026.06.03 11:05 z1=414,B,157.517,157.589,2026.05.13 01:10,1,2026.05.13 01:20,157.607,157.587"
717,JUNE0525-B162,1617DC1ACCE6B50ED2D1359582A70A8B8503C569623EE90C18C6B33542796207,Tester/logs/20261011.log,968965,2026-06-03,11:10,B152PR,"KJ	0	00:08:52.229	Core 04	2026.06.03 11:10:00   [SRJ-IND] B152PR sym=USDJPY bar=2026.06.03 11:05 z1=447,B,157.562,157.648,2026.05.13 06:20,1,2026.05.13 06:25,157.662,157.648"
718,JUNE0525-B162,1617DC1ACCE6B50ED2D1359582A70A8B8503C569623EE90C18C6B33542796207,Tester/logs/20261011.log,968966,2026-06-03,11:10,B152PR,"PL	0	00:08:52.229	Core 04	2026.06.03 11:10:00   [SRJ-IND] B152PR sym=USDJPY bar=2026.06.03 11:05 z1=449,B,157.599,157.654,2026.05.13 05:15,1,2026.05.13 05:45,157.687,157.652"
719,JUNE0525-B162,1617DC1ACCE6B50ED2D1359582A70A8B8503C569623EE90C18C6B33542796207,Tester/logs/20261011.log,968967,2026-06-03,11:10,B152PR,"EF	0	00:08:52.229	Core 04	2026.06.03 11:10:00   [SRJ-IND] B152PR sym=USDJPY bar=2026.06.03 11:05 z1=460,B,157.645,157.660,2026.05.13 07:05,1,2026.05.14 00:25,157.812,157.650"
720,JUNE0525-B162,1617DC1ACCE6B50ED2D1359582A70A8B8503C569623EE90C18C6B33542796207,Tester/logs/20261011.log,968968,2026-06-03,11:10,B152PR,"IH	0	00:08:52.229	Core 04	2026.06.03 11:10:00   [SRJ-IND] B152PR sym=USDJPY bar=2026.06.03 11:05 z1=696,B,157.568,158.167,2026.05.14 18:05,1,2026.05.14 18:10,158.191,158.119"
721,JUNE0525-B162,1617DC1ACCE6B50ED2D1359582A70A8B8503C569623EE90C18C6B33542796207,Tester/logs/20261011.log,968969,2026-06-03,11:10,B152PR,"ER	0	00:08:52.229	Core 04	2026.06.03 11:10:00   [SRJ-IND] B152PR sym=USDJPY bar=2026.06.03 11:05 z1=714,B,158.107,158.142,2026.05.14 19:30,1,2026.05.14 20:00,158.169,158.142"
722,JUNE0525-B162,1617DC1ACCE6B50ED2D1359582A70A8B8503C569623EE90C18C6B33542796207,Tester/logs/20261011.log,968970,2026-06-03,11:10,B152PR,"HD	0	00:08:52.229	Core 04	2026.06.03 11:10:00   [SRJ-IND] B152PR sym=USDJPY bar=2026.06.03 11:05 z1=724,B,158.168,158.186,2026.05.14 21:00,1,2026.05.14 21:05,158.191,158.182"
723,JUNE0525-B162,1617DC1ACCE6B50ED2D1359582A70A8B8503C569623EE90C18C6B33542796207,Tester/logs/20261011.log,968971,2026-06-03,11:10,B152PR,"JM	0	00:08:52.229	Core 04	2026.06.03 11:10:00   [SRJ-IND] B152PR sym=USDJPY bar=2026.06.03 11:05 z1=1405,B,158.735,158.769,2026.05.20 19:00,1,2026.05.20 19:05,158.816,158.753"
724,JUNE0525-B162,1617DC1ACCE6B50ED2D1359582A70A8B8503C569623EE90C18C6B33542796207,Tester/logs/20261011.log,968972,2026-06-03,11:10,B152PR,"LS	0	00:08:52.229	Core 04	2026.06.03 11:10:00   [SRJ-IND] B152PR sym=USDJPY bar=2026.06.03 11:05 z1=1779,B,158.756,158.800,2026.05.25 06:45,1,2026.05.26 00:00,158.887,158.784"
725,JUNE0525-B162,1617DC1ACCE6B50ED2D1359582A70A8B8503C569623EE90C18C6B33542796207,Tester/logs/20261011.log,968973,2026-06-03,11:10,B152PR,"QI	0	00:08:52.229	Core 04	2026.06.03 11:10:00   [SRJ-IND] B152PR sym=USDJPY bar=2026.06.03 11:05 z1=1780,B,158.789,158.814,2026.05.25 04:50,1,2026.05.26 00:00,158.887,158.784"
726,JUNE0525-B162,1617DC1ACCE6B50ED2D1359582A70A8B8503C569623EE90C18C6B33542796207,Tester/logs/20261011.log,968974,2026-06-03,11:10,B152PR,"HO	0	00:08:52.229	Core 04	2026.06.03 11:10:00   [SRJ-IND] B152PR sym=USDJPY bar=2026.06.03 11:05 z1=1949,B,158.916,158.934,2026.05.26 07:25,1,2026.05.26 07:30,158.942,158.934"
727,JUNE0525-B162,1617DC1ACCE6B50ED2D1359582A70A8B8503C569623EE90C18C6B33542796207,Tester/logs/20261011.log,968975,2026-06-03,11:10,B152PR,"QE	0	00:08:52.229	Core 04	2026.06.03 11:10:00   [SRJ-IND] B152PR sym=USDJPY bar=2026.06.03 11:05 z1=2509,B,159.134,159.195,2026.05.29 19:10,1,2026.05.29 19:35,159.215,159.186"
728,JUNE0525-B162,1617DC1ACCE6B50ED2D1359582A70A8B8503C569623EE90C18C6B33542796207,Tester/logs/20261011.log,968976,2026-06-03,11:10,B152PR,"MK	0	00:08:52.229	Core 04	2026.06.03 11:10:00   [SRJ-IND] B152PR sym=USDJPY bar=2026.06.03 11:05 z1=2716,B,159.576,159.603,2026.06.02 03:10,1,2026.06.03 10:35,159.787,159.550"
729,JUNE0525-B162,1617DC1ACCE6B50ED2D1359582A70A8B8503C569623EE90C18C6B33542796207,Tester/logs/20261011.log,968977,2026-06-03,11:10,B152PR,"CQ	0	00:08:52.229	Core 04	2026.06.03 11:10:00   [SRJ-IND] B152PR sym=USDJPY bar=2026.06.03 11:05 z1=2720,B,159.586,159.605,2026.06.02 01:05,1,2026.06.03 10:35,159.787,159.550"
730,JUNE0525-B162,1617DC1ACCE6B50ED2D1359582A70A8B8503C569623EE90C18C6B33542796207,Tester/logs/20261011.log,968978,2026-06-03,11:10,B152PR,"LE	0	00:08:52.229	Core 04	2026.06.03 11:10:00   [SRJ-IND] B152PR sym=USDJPY bar=2026.06.03 11:05 bull=1 bear=0 nz=20"
731,JUNE0525-B162,1617DC1ACCE6B50ED2D1359582A70A8B8503C569623EE90C18C6B33542796207,Tester/logs/20261011.log,968979,2026-06-03,11:10,B162ORIGIN,"FK	0	00:08:52.229	Core 04	2026.06.03 11:10:00   [SRJ-IND] B162ORIGIN sym=USDJPY bar=2026.06.03 11:05 side=B n=20 origin=2720 range=159.586-159.605 formT=2026.06.02 00:50 set=65,78,212,256,261,313,414,447,449,460,696,714,724,1405,1779,1780,1949,2509,2716,2720"
732,JUNE0525-B162,1617DC1ACCE6B50ED2D1359582A70A8B8503C569623EE90C18C6B33542796207,Tester/logs/20261011.log,968980,2026-06-03,11:10,B162ORIGIN,"NH	0	00:08:52.229	Core 04	2026.06.03 11:10:00   [SRJ-IND] B162ORIGIN sym=USDJPY bar=2026.06.03 11:05 side=S n=0 origin=NONE range=- formT=- set=-"
733,JUNE0525-B162,1617DC1ACCE6B50ED2D1359582A70A8B8503C569623EE90C18C6B33542796207,Tester/logs/20261011.log,968987,2026-06-03,11:10,CONFIRMPOLL,"OK	0	00:08:52.229	Core 04	2026.06.03 11:10:00   [SRJ-EA] CONFIRMPOLL bar=2026.06.03 11:05 anchor=Monthly-VWAP dir=SHORT oppCandle=0 bodyDir=0 body=10pts doji=0 touchAttr=1 confirm=0 shadow=true"
734,JUNE0525-B162,1617DC1ACCE6B50ED2D1359582A70A8B8503C569623EE90C18C6B33542796207,Tester/logs/20261011.log,968991,2026-06-03,11:15,B152PR,"MD	0	00:08:52.229	Core 04	2026.06.03 11:15:01   [SRJ-IND] B152PR sym=USDJPY bar=2026.06.03 11:10 z1=65,B,156.672,156.773,2026.05.11 04:10,1,2026.05.12 08:55,157.714,156.726"
735,JUNE0525-B162,1617DC1ACCE6B50ED2D1359582A70A8B8503C569623EE90C18C6B33542796207,Tester/logs/20261011.log,968992,2026-06-03,11:15,B152PR,"EK	0	00:08:52.229	Core 04	2026.06.03 11:15:01   [SRJ-IND] B152PR sym=USDJPY bar=2026.06.03 11:10 z1=78,B,156.578,156.584,2026.05.11 00:35,1,2026.05.11 00:40,156.644,156.537"
736,JUNE0525-B162,1617DC1ACCE6B50ED2D1359582A70A8B8503C569623EE90C18C6B33542796207,Tester/logs/20261011.log,968993,2026-06-03,11:15,B152PR,"KR	0	00:08:52.229	Core 04	2026.06.03 11:15:01   [SRJ-IND] B152PR sym=USDJPY bar=2026.06.03 11:10 z1=212,B,157.028,157.060,2026.05.11 19:20,1,2026.05.12 00:00,157.152,157.050"
737,JUNE0525-B162,1617DC1ACCE6B50ED2D1359582A70A8B8503C569623EE90C18C6B33542796207,Tester/logs/20261011.log,968994,2026-06-03,11:15,B152PR,"GD	0	00:08:52.229	Core 04	2026.06.03 11:15:01   [SRJ-IND] B152PR sym=USDJPY bar=2026.06.03 11:10 z1=256,B,157.172,157.178,2026.05.12 01:25,1,2026.05.12 08:55,157.714,156.726"
738,JUNE0525-B162,1617DC1ACCE6B50ED2D1359582A70A8B8503C569623EE90C18C6B33542796207,Tester/logs/20261011.log,968995,2026-06-03,11:15,B152PR,"MN	0	00:08:52.229	Core 04	2026.06.03 11:15:01   [SRJ-IND] B152PR sym=USDJPY bar=2026.06.03 11:10 z1=261,B,157.184,157.192,2026.05.12 03:00,1,2026.05.12 08:55,157.714,156.726"
739,JUNE0525-B162,1617DC1ACCE6B50ED2D1359582A70A8B8503C569623EE90C18C6B33542796207,Tester/logs/20261011.log,968996,2026-06-03,11:15,B152PR,"EP	0	00:08:52.229	Core 04	2026.06.03 11:15:01   [SRJ-IND] B152PR sym=USDJPY bar=2026.06.03 11:10 z1=313,B,157.331,157.497,2026.05.12 10:00,1,2026.05.12 10:10,157.546,157.487"
740,JUNE0525-B162,1617DC1ACCE6B50ED2D1359582A70A8B8503C569623EE90C18C6B33542796207,Tester/logs/20261011.log,968997,2026-06-03,11:15,B152PR,"LJ	0	00:08:52.229	Core 04	2026.06.03 11:15:01   [SRJ-IND] B152PR sym=USDJPY bar=2026.06.03 11:10 z1=414,B,157.517,157.589,2026.05.13 01:10,1,2026.05.13 01:20,157.607,157.587"
741,JUNE0525-B162,1617DC1ACCE6B50ED2D1359582A70A8B8503C569623EE90C18C6B33542796207,Tester/logs/20261011.log,968998,2026-06-03,11:15,B152PR,"KO	0	00:08:52.229	Core 04	2026.06.03 11:15:01   [SRJ-IND] B152PR sym=USDJPY bar=2026.06.03 11:10 z1=447,B,157.562,157.648,2026.05.13 06:20,1,2026.05.13 06:25,157.662,157.648"
742,JUNE0525-B162,1617DC1ACCE6B50ED2D1359582A70A8B8503C569623EE90C18C6B33542796207,Tester/logs/20261011.log,968999,2026-06-03,11:15,B152PR,"PQ	0	00:08:52.229	Core 04	2026.06.03 11:15:01   [SRJ-IND] B152PR sym=USDJPY bar=2026.06.03 11:10 z1=449,B,157.599,157.654,2026.05.13 05:15,1,2026.05.13 05:45,157.687,157.652"
743,JUNE0525-B162,1617DC1ACCE6B50ED2D1359582A70A8B8503C569623EE90C18C6B33542796207,Tester/logs/20261011.log,969000,2026-06-03,11:15,B152PR,"EK	0	00:08:52.229	Core 04	2026.06.03 11:15:01   [SRJ-IND] B152PR sym=USDJPY bar=2026.06.03 11:10 z1=460,B,157.645,157.660,2026.05.13 07:05,1,2026.05.14 00:25,157.812,157.650"
744,JUNE0525-B162,1617DC1ACCE6B50ED2D1359582A70A8B8503C569623EE90C18C6B33542796207,Tester/logs/20261011.log,969001,2026-06-03,11:15,B152PR,"IM	0	00:08:52.229	Core 04	2026.06.03 11:15:01   [SRJ-IND] B152PR sym=USDJPY bar=2026.06.03 11:10 z1=696,B,157.568,158.167,2026.05.14 18:05,1,2026.05.14 18:10,158.191,158.119"
745,JUNE0525-B162,1617DC1ACCE6B50ED2D1359582A70A8B8503C569623EE90C18C6B33542796207,Tester/logs/20261011.log,969002,2026-06-03,11:15,B152PR,"EG	0	00:08:52.229	Core 04	2026.06.03 11:15:01   [SRJ-IND] B152PR sym=USDJPY bar=2026.06.03 11:10 z1=714,B,158.107,158.142,2026.05.14 19:30,1,2026.05.14 20:00,158.169,158.142"
746,JUNE0525-B162,1617DC1ACCE6B50ED2D1359582A70A8B8503C569623EE90C18C6B33542796207,Tester/logs/20261011.log,969003,2026-06-03,11:15,B152PR,"HI	0	00:08:52.229	Core 04	2026.06.03 11:15:01   [SRJ-IND] B152PR sym=USDJPY bar=2026.06.03 11:10 z1=724,B,158.168,158.186,2026.05.14 21:00,1,2026.05.14 21:05,158.191,158.182"
747,JUNE0525-B162,1617DC1ACCE6B50ED2D1359582A70A8B8503C569623EE90C18C6B33542796207,Tester/logs/20261011.log,969004,2026-06-03,11:15,B152PR,"JP	0	00:08:52.229	Core 04	2026.06.03 11:15:01   [SRJ-IND] B152PR sym=USDJPY bar=2026.06.03 11:10 z1=1405,B,158.735,158.769,2026.05.20 19:00,1,2026.05.20 19:05,158.816,158.753"
748,JUNE0525-B162,1617DC1ACCE6B50ED2D1359582A70A8B8503C569623EE90C18C6B33542796207,Tester/logs/20261011.log,969005,2026-06-03,11:15,B152PR,"LF	0	00:08:52.229	Core 04	2026.06.03 11:15:01   [SRJ-IND] B152PR sym=USDJPY bar=2026.06.03 11:10 z1=1779,B,158.756,158.800,2026.05.25 06:45,1,2026.05.26 00:00,158.887,158.784"
749,JUNE0525-B162,1617DC1ACCE6B50ED2D1359582A70A8B8503C569623EE90C18C6B33542796207,Tester/logs/20261011.log,969006,2026-06-03,11:15,B152PR,"QL	0	00:08:52.229	Core 04	2026.06.03 11:15:01   [SRJ-IND] B152PR sym=USDJPY bar=2026.06.03 11:10 z1=1780,B,158.789,158.814,2026.05.25 04:50,1,2026.05.26 00:00,158.887,158.784"
750,JUNE0525-B162,1617DC1ACCE6B50ED2D1359582A70A8B8503C569623EE90C18C6B33542796207,Tester/logs/20261011.log,969007,2026-06-03,11:15,B152PR,"HR	0	00:08:52.229	Core 04	2026.06.03 11:15:01   [SRJ-IND] B152PR sym=USDJPY bar=2026.06.03 11:10 z1=1949,B,158.916,158.934,2026.05.26 07:25,1,2026.05.26 07:30,158.942,158.934"
751,JUNE0525-B162,1617DC1ACCE6B50ED2D1359582A70A8B8503C569623EE90C18C6B33542796207,Tester/logs/20261011.log,969008,2026-06-03,11:15,B152PR,"QH	0	00:08:52.229	Core 04	2026.06.03 11:15:01   [SRJ-IND] B152PR sym=USDJPY bar=2026.06.03 11:10 z1=2509,B,159.134,159.195,2026.05.29 19:10,1,2026.05.29 19:35,159.215,159.186"
752,JUNE0525-B162,1617DC1ACCE6B50ED2D1359582A70A8B8503C569623EE90C18C6B33542796207,Tester/logs/20261011.log,969009,2026-06-03,11:15,B152PR,"MN	0	00:08:52.229	Core 04	2026.06.03 11:15:01   [SRJ-IND] B152PR sym=USDJPY bar=2026.06.03 11:10 z1=2716,B,159.576,159.603,2026.06.02 03:10,1,2026.06.03 10:35,159.787,159.550"
753,JUNE0525-B162,1617DC1ACCE6B50ED2D1359582A70A8B8503C569623EE90C18C6B33542796207,Tester/logs/20261011.log,969010,2026-06-03,11:15,B152PR,"CD	0	00:08:52.229	Core 04	2026.06.03 11:15:01   [SRJ-IND] B152PR sym=USDJPY bar=2026.06.03 11:10 z1=2720,B,159.586,159.605,2026.06.02 01:05,1,2026.06.03 10:35,159.787,159.550"
754,JUNE0525-B162,1617DC1ACCE6B50ED2D1359582A70A8B8503C569623EE90C18C6B33542796207,Tester/logs/20261011.log,969011,2026-06-03,11:15,B152PR,"LH	0	00:08:52.229	Core 04	2026.06.03 11:15:01   [SRJ-IND] B152PR sym=USDJPY bar=2026.06.03 11:10 bull=1 bear=0 nz=20"
755,JUNE0525-B162,1617DC1ACCE6B50ED2D1359582A70A8B8503C569623EE90C18C6B33542796207,Tester/logs/20261011.log,969012,2026-06-03,11:15,B162ORIGIN,"FF	0	00:08:52.229	Core 04	2026.06.03 11:15:01   [SRJ-IND] B162ORIGIN sym=USDJPY bar=2026.06.03 11:10 side=B n=20 origin=2720 range=159.586-159.605 formT=2026.06.02 00:50 set=65,78,212,256,261,313,414,447,449,460,696,714,724,1405,1779,1780,1949,2509,2716,2720"
756,JUNE0525-B162,1617DC1ACCE6B50ED2D1359582A70A8B8503C569623EE90C18C6B33542796207,Tester/logs/20261011.log,969013,2026-06-03,11:15,B162ORIGIN,"NG	0	00:08:52.229	Core 04	2026.06.03 11:15:01   [SRJ-IND] B162ORIGIN sym=USDJPY bar=2026.06.03 11:10 side=S n=0 origin=NONE range=- formT=- set=-"
757,JUNE0525-B162,1617DC1ACCE6B50ED2D1359582A70A8B8503C569623EE90C18C6B33542796207,Tester/logs/20261011.log,969023,2026-06-03,11:20,B152PR,"OP	0	00:08:52.229	Core 04	2026.06.03 11:20:00   [SRJ-IND] B152PR sym=USDJPY bar=2026.06.03 11:15 z1=65,B,156.672,156.773,2026.05.11 04:10,1,2026.05.12 08:55,157.714,156.726"
758,JUNE0525-B162,1617DC1ACCE6B50ED2D1359582A70A8B8503C569623EE90C18C6B33542796207,Tester/logs/20261011.log,969024,2026-06-03,11:20,B152PR,"OF	0	00:08:52.229	Core 04	2026.06.03 11:20:00   [SRJ-IND] B152PR sym=USDJPY bar=2026.06.03 11:15 z1=78,B,156.578,156.584,2026.05.11 00:35,1,2026.05.11 00:40,156.644,156.537"
759,JUNE0525-B162,1617DC1ACCE6B50ED2D1359582A70A8B8503C569623EE90C18C6B33542796207,Tester/logs/20261011.log,969025,2026-06-03,11:20,B152PR,"QN	0	00:08:52.229	Core 04	2026.06.03 11:20:00   [SRJ-IND] B152PR sym=USDJPY bar=2026.06.03 11:15 z1=212,B,157.028,157.060,2026.05.11 19:20,1,2026.05.12 00:00,157.152,157.050"
760,JUNE0525-B162,1617DC1ACCE6B50ED2D1359582A70A8B8503C569623EE90C18C6B33542796207,Tester/logs/20261011.log,969026,2026-06-03,11:20,B152PR,"MP	0	00:08:52.229	Core 04	2026.06.03 11:20:00   [SRJ-IND] B152PR sym=USDJPY bar=2026.06.03 11:15 z1=256,B,157.172,157.178,2026.05.12 01:25,1,2026.05.12 08:55,157.714,156.726"
761,JUNE0525-B162,1617DC1ACCE6B50ED2D1359582A70A8B8503C569623EE90C18C6B33542796207,Tester/logs/20261011.log,969027,2026-06-03,11:20,B152PR,"GJ	0	00:08:52.229	Core 04	2026.06.03 11:20:00   [SRJ-IND] B152PR sym=USDJPY bar=2026.06.03 11:15 z1=261,B,157.184,157.192,2026.05.12 03:00,1,2026.05.12 08:55,157.714,156.726"
762,JUNE0525-B162,1617DC1ACCE6B50ED2D1359582A70A8B8503C569623EE90C18C6B33542796207,Tester/logs/20261011.log,969028,2026-06-03,11:20,B152PR,"GL	0	00:08:52.229	Core 04	2026.06.03 11:20:00   [SRJ-IND] B152PR sym=USDJPY bar=2026.06.03 11:15 z1=313,B,157.331,157.497,2026.05.12 10:00,1,2026.05.12 10:10,157.546,157.487"
763,JUNE0525-B162,1617DC1ACCE6B50ED2D1359582A70A8B8503C569623EE90C18C6B33542796207,Tester/logs/20261011.log,969029,2026-06-03,11:20,B152PR,"RF	0	00:08:52.229	Core 04	2026.06.03 11:20:00   [SRJ-IND] B152PR sym=USDJPY bar=2026.06.03 11:15 z1=414,B,157.517,157.589,2026.05.13 01:10,1,2026.05.13 01:20,157.607,157.587"
764,JUNE0525-B162,1617DC1ACCE6B50ED2D1359582A70A8B8503C569623EE90C18C6B33542796207,Tester/logs/20261011.log,969030,2026-06-03,11:20,B152PR,"IH	0	00:08:52.229	Core 04	2026.06.03 11:20:00   [SRJ-IND] B152PR sym=USDJPY bar=2026.06.03 11:15 z1=447,B,157.562,157.648,2026.05.13 06:20,1,2026.05.13 06:25,157.662,157.648"
765,JUNE0525-B162,1617DC1ACCE6B50ED2D1359582A70A8B8503C569623EE90C18C6B33542796207,Tester/logs/20261011.log,969031,2026-06-03,11:20,B152PR,"FR	0	00:08:52.229	Core 04	2026.06.03 11:20:00   [SRJ-IND] B152PR sym=USDJPY bar=2026.06.03 11:15 z1=449,B,157.599,157.654,2026.05.13 05:15,1,2026.05.13 05:45,157.687,157.652"
766,JUNE0525-B162,1617DC1ACCE6B50ED2D1359582A70A8B8503C569623EE90C18C6B33542796207,Tester/logs/20261011.log,969032,2026-06-03,11:20,B152PR,"GG	0	00:08:52.229	Core 04	2026.06.03 11:20:00   [SRJ-IND] B152PR sym=USDJPY bar=2026.06.03 11:15 z1=460,B,157.645,157.660,2026.05.13 07:05,1,2026.05.14 00:25,157.812,157.650"
767,JUNE0525-B162,1617DC1ACCE6B50ED2D1359582A70A8B8503C569623EE90C18C6B33542796207,Tester/logs/20261011.log,969033,2026-06-03,11:20,B152PR,"CI	0	00:08:52.229	Core 04	2026.06.03 11:20:00   [SRJ-IND] B152PR sym=USDJPY bar=2026.06.03 11:15 z1=696,B,157.568,158.167,2026.05.14 18:05,1,2026.05.14 18:10,158.191,158.119"
768,JUNE0525-B162,1617DC1ACCE6B50ED2D1359582A70A8B8503C569623EE90C18C6B33542796207,Tester/logs/20261011.log,969034,2026-06-03,11:20,B152PR,"OS	0	00:08:52.229	Core 04	2026.06.03 11:20:00   [SRJ-IND] B152PR sym=USDJPY bar=2026.06.03 11:15 z1=714,B,158.107,158.142,2026.05.14 19:30,1,2026.05.14 20:00,158.169,158.142"
769,JUNE0525-B162,1617DC1ACCE6B50ED2D1359582A70A8B8503C569623EE90C18C6B33542796207,Tester/logs/20261011.log,969035,2026-06-03,11:20,B152PR,"NE	0	00:08:52.229	Core 04	2026.06.03 11:20:00   [SRJ-IND] B152PR sym=USDJPY bar=2026.06.03 11:15 z1=724,B,158.168,158.186,2026.05.14 21:00,1,2026.05.14 21:05,158.191,158.182"
770,JUNE0525-B162,1617DC1ACCE6B50ED2D1359582A70A8B8503C569623EE90C18C6B33542796207,Tester/logs/20261011.log,969036,2026-06-03,11:20,B152PR,"DL	0	00:08:52.229	Core 04	2026.06.03 11:20:00   [SRJ-IND] B152PR sym=USDJPY bar=2026.06.03 11:15 z1=1405,B,158.735,158.769,2026.05.20 19:00,1,2026.05.20 19:05,158.816,158.753"
771,JUNE0525-B162,1617DC1ACCE6B50ED2D1359582A70A8B8503C569623EE90C18C6B33542796207,Tester/logs/20261011.log,969037,2026-06-03,11:20,B152PR,"RR	0	00:08:52.229	Core 04	2026.06.03 11:20:00   [SRJ-IND] B152PR sym=USDJPY bar=2026.06.03 11:15 z1=1779,B,158.756,158.800,2026.05.25 06:45,1,2026.05.26 00:00,158.887,158.784"
772,JUNE0525-B162,1617DC1ACCE6B50ED2D1359582A70A8B8503C569623EE90C18C6B33542796207,Tester/logs/20261011.log,969038,2026-06-03,11:20,B152PR,"KH	0	00:08:52.229	Core 04	2026.06.03 11:20:00   [SRJ-IND] B152PR sym=USDJPY bar=2026.06.03 11:15 z1=1780,B,158.789,158.814,2026.05.25 04:50,1,2026.05.26 00:00,158.887,158.784"
773,JUNE0525-B162,1617DC1ACCE6B50ED2D1359582A70A8B8503C569623EE90C18C6B33542796207,Tester/logs/20261011.log,969039,2026-06-03,11:20,B152PR,"FN	0	00:08:52.229	Core 04	2026.06.03 11:20:00   [SRJ-IND] B152PR sym=USDJPY bar=2026.06.03 11:15 z1=1949,B,158.916,158.934,2026.05.26 07:25,1,2026.05.26 07:30,158.942,158.934"
774,JUNE0525-B162,1617DC1ACCE6B50ED2D1359582A70A8B8503C569623EE90C18C6B33542796207,Tester/logs/20261011.log,969040,2026-06-03,11:20,B152PR,"KD	0	00:08:52.229	Core 04	2026.06.03 11:20:00   [SRJ-IND] B152PR sym=USDJPY bar=2026.06.03 11:15 z1=2509,B,159.134,159.195,2026.05.29 19:10,1,2026.05.29 19:35,159.215,159.186"
775,JUNE0525-B162,1617DC1ACCE6B50ED2D1359582A70A8B8503C569623EE90C18C6B33542796207,Tester/logs/20261011.log,969041,2026-06-03,11:20,B152PR,"OJ	0	00:08:52.229	Core 04	2026.06.03 11:20:00   [SRJ-IND] B152PR sym=USDJPY bar=2026.06.03 11:15 z1=2716,B,159.576,159.603,2026.06.02 03:10,1,2026.06.03 10:35,159.787,159.550"
776,JUNE0525-B162,1617DC1ACCE6B50ED2D1359582A70A8B8503C569623EE90C18C6B33542796207,Tester/logs/20261011.log,969042,2026-06-03,11:20,B152PR,"IP	0	00:08:52.229	Core 04	2026.06.03 11:20:00   [SRJ-IND] B152PR sym=USDJPY bar=2026.06.03 11:15 z1=2720,B,159.586,159.605,2026.06.02 01:05,1,2026.06.03 10:35,159.787,159.550"
777,JUNE0525-B162,1617DC1ACCE6B50ED2D1359582A70A8B8503C569623EE90C18C6B33542796207,Tester/logs/20261011.log,969043,2026-06-03,11:20,B152PR,"RD	0	00:08:52.229	Core 04	2026.06.03 11:20:00   [SRJ-IND] B152PR sym=USDJPY bar=2026.06.03 11:15 bull=1 bear=0 nz=20"
778,JUNE0525-B162,1617DC1ACCE6B50ED2D1359582A70A8B8503C569623EE90C18C6B33542796207,Tester/logs/20261011.log,969044,2026-06-03,11:20,B162ORIGIN,"PI	0	00:08:52.229	Core 04	2026.06.03 11:20:00   [SRJ-IND] B162ORIGIN sym=USDJPY bar=2026.06.03 11:15 side=B n=20 origin=2720 range=159.586-159.605 formT=2026.06.02 00:50 set=65,78,212,256,261,313,414,447,449,460,696,714,724,1405,1779,1780,1949,2509,2716,2720"
779,JUNE0525-B162,1617DC1ACCE6B50ED2D1359582A70A8B8503C569623EE90C18C6B33542796207,Tester/logs/20261011.log,969045,2026-06-03,11:20,B162ORIGIN,"HK	0	00:08:52.229	Core 04	2026.06.03 11:20:00   [SRJ-IND] B162ORIGIN sym=USDJPY bar=2026.06.03 11:15 side=S n=0 origin=NONE range=- formT=- set=-"
780,JUNE0525-B162,1617DC1ACCE6B50ED2D1359582A70A8B8503C569623EE90C18C6B33542796207,Tester/logs/20261011.log,969050,2026-06-03,11:20,CQDRECHECK,"PQ	0	00:08:52.229	Core 04	2026.06.03 11:20:00   [SRJ-EA] CQDRECHECK shift=2 passA=-2.0 passB=-2.0 diff=0 bar=2026.06.03 11:10 state=IDLE dir=NONE divLatch=0 hit1=0 hit2=517 mism=0"
781,JUNE0525-B162,1617DC1ACCE6B50ED2D1359582A70A8B8503C569623EE90C18C6B33542796207,Tester/logs/20261011.log,969056,2026-06-03,11:25,B152PR,"HH	0	00:08:52.229	Core 04	2026.06.03 11:25:00   [SRJ-IND] B152PR sym=USDJPY bar=2026.06.03 11:20 z1=65,B,156.672,156.773,2026.05.11 04:10,1,2026.05.12 08:55,157.714,156.726"
782,JUNE0525-B162,1617DC1ACCE6B50ED2D1359582A70A8B8503C569623EE90C18C6B33542796207,Tester/logs/20261011.log,969057,2026-06-03,11:25,B152PR,"HN	0	00:08:52.229	Core 04	2026.06.03 11:25:00   [SRJ-IND] B152PR sym=USDJPY bar=2026.06.03 11:20 z1=78,B,156.578,156.584,2026.05.11 00:35,1,2026.05.11 00:40,156.644,156.537"
783,JUNE0525-B162,1617DC1ACCE6B50ED2D1359582A70A8B8503C569623EE90C18C6B33542796207,Tester/logs/20261011.log,969058,2026-06-03,11:25,B152PR,"JG	0	00:08:52.229	Core 04	2026.06.03 11:25:00   [SRJ-IND] B152PR sym=USDJPY bar=2026.06.03 11:20 z1=212,B,157.028,157.060,2026.05.11 19:20,1,2026.05.12 00:00,157.152,157.050"
784,JUNE0525-B162,1617DC1ACCE6B50ED2D1359582A70A8B8503C569623EE90C18C6B33542796207,Tester/logs/20261011.log,969059,2026-06-03,11:25,B152PR,"JI	0	00:08:52.229	Core 04	2026.06.03 11:25:00   [SRJ-IND] B152PR sym=USDJPY bar=2026.06.03 11:20 z1=256,B,157.172,157.178,2026.05.12 01:25,1,2026.05.12 08:55,157.714,156.726"
785,JUNE0525-B162,1617DC1ACCE6B50ED2D1359582A70A8B8503C569623EE90C18C6B33542796207,Tester/logs/20261011.log,969060,2026-06-03,11:25,B152PR,"PS	0	00:08:52.229	Core 04	2026.06.03 11:25:00   [SRJ-IND] B152PR sym=USDJPY bar=2026.06.03 11:20 z1=261,B,157.184,157.192,2026.05.12 03:00,1,2026.05.12 08:55,157.714,156.726"
786,JUNE0525-B162,1617DC1ACCE6B50ED2D1359582A70A8B8503C569623EE90C18C6B33542796207,Tester/logs/20261011.log,969061,2026-06-03,11:25,B152PR,"DE	0	00:08:52.229	Core 04	2026.06.03 11:25:00   [SRJ-IND] B152PR sym=USDJPY bar=2026.06.03 11:20 z1=313,B,157.331,157.497,2026.05.12 10:00,1,2026.05.12 10:10,157.546,157.487"
787,JUNE0525-B162,1617DC1ACCE6B50ED2D1359582A70A8B8503C569623EE90C18C6B33542796207,Tester/logs/20261011.log,969062,2026-06-03,11:25,B152PR,"IN	0	00:08:52.229	Core 04	2026.06.03 11:25:00   [SRJ-IND] B152PR sym=USDJPY bar=2026.06.03 11:20 z1=414,B,157.517,157.589,2026.05.13 01:10,1,2026.05.13 01:20,157.607,157.587"
788,JUNE0525-B162,1617DC1ACCE6B50ED2D1359582A70A8B8503C569623EE90C18C6B33542796207,Tester/logs/20261011.log,969063,2026-06-03,11:25,B152PR,"NP	0	00:08:52.229	Core 04	2026.06.03 11:25:00   [SRJ-IND] B152PR sym=USDJPY bar=2026.06.03 11:20 z1=447,B,157.562,157.648,2026.05.13 06:20,1,2026.05.13 06:25,157.662,157.648"
789,JUNE0525-B162,1617DC1ACCE6B50ED2D1359582A70A8B8503C569623EE90C18C6B33542796207,Tester/logs/20261011.log,969064,2026-06-03,11:25,B152PR,"MJ	0	00:08:52.229	Core 04	2026.06.03 11:25:00   [SRJ-IND] B152PR sym=USDJPY bar=2026.06.03 11:20 z1=449,B,157.599,157.654,2026.05.13 05:15,1,2026.05.13 05:45,157.687,157.652"
790,JUNE0525-B162,1617DC1ACCE6B50ED2D1359582A70A8B8503C569623EE90C18C6B33542796207,Tester/logs/20261011.log,969065,2026-06-03,11:25,B152PR,"DL	0	00:08:52.229	Core 04	2026.06.03 11:25:00   [SRJ-IND] B152PR sym=USDJPY bar=2026.06.03 11:20 z1=460,B,157.645,157.660,2026.05.13 07:05,1,2026.05.14 00:25,157.812,157.650"
791,JUNE0525-B162,1617DC1ACCE6B50ED2D1359582A70A8B8503C569623EE90C18C6B33542796207,Tester/logs/20261011.log,969066,2026-06-03,11:25,B152PR,"LF	0	00:08:52.229	Core 04	2026.06.03 11:25:00   [SRJ-IND] B152PR sym=USDJPY bar=2026.06.03 11:20 z1=696,B,157.568,158.167,2026.05.14 18:05,1,2026.05.14 18:10,158.191,158.119"
792,JUNE0525-B162,1617DC1ACCE6B50ED2D1359582A70A8B8503C569623EE90C18C6B33542796207,Tester/logs/20261011.log,969067,2026-06-03,11:25,B152PR,"DH	0	00:08:52.229	Core 04	2026.06.03 11:25:00   [SRJ-IND] B152PR sym=USDJPY bar=2026.06.03 11:20 z1=714,B,158.107,158.142,2026.05.14 19:30,1,2026.05.14 20:00,158.169,158.142"
793,JUNE0525-B162,1617DC1ACCE6B50ED2D1359582A70A8B8503C569623EE90C18C6B33542796207,Tester/logs/20261011.log,969068,2026-06-03,11:25,B152PR,"ER	0	00:08:52.229	Core 04	2026.06.03 11:25:00   [SRJ-IND] B152PR sym=USDJPY bar=2026.06.03 11:20 z1=724,B,158.168,158.186,2026.05.14 21:00,1,2026.05.14 21:05,158.191,158.182"
794,JUNE0525-B162,1617DC1ACCE6B50ED2D1359582A70A8B8503C569623EE90C18C6B33542796207,Tester/logs/20261011.log,969069,2026-06-03,11:25,B152PR,"GG	0	00:08:52.229	Core 04	2026.06.03 11:25:00   [SRJ-IND] B152PR sym=USDJPY bar=2026.06.03 11:20 z1=1405,B,158.735,158.769,2026.05.20 19:00,1,2026.05.20 19:05,158.816,158.753"
795,JUNE0525-B162,1617DC1ACCE6B50ED2D1359582A70A8B8503C569623EE90C18C6B33542796207,Tester/logs/20261011.log,969070,2026-06-03,11:25,B152PR,"MM	0	00:08:52.229	Core 04	2026.06.03 11:25:00   [SRJ-IND] B152PR sym=USDJPY bar=2026.06.03 11:20 z1=1779,B,158.756,158.800,2026.05.25 06:45,1,2026.05.26 00:00,158.887,158.784"
796,JUNE0525-B162,1617DC1ACCE6B50ED2D1359582A70A8B8503C569623EE90C18C6B33542796207,Tester/logs/20261011.log,969071,2026-06-03,11:25,B152PR,"PS	0	00:08:52.229	Core 04	2026.06.03 11:25:00   [SRJ-IND] B152PR sym=USDJPY bar=2026.06.03 11:20 z1=1780,B,158.789,158.814,2026.05.25 04:50,1,2026.05.26 00:00,158.887,158.784"
797,JUNE0525-B162,1617DC1ACCE6B50ED2D1359582A70A8B8503C569623EE90C18C6B33542796207,Tester/logs/20261011.log,969072,2026-06-03,11:25,B152PR,"II	0	00:08:52.229	Core 04	2026.06.03 11:25:00   [SRJ-IND] B152PR sym=USDJPY bar=2026.06.03 11:20 z1=1949,B,158.916,158.934,2026.05.26 07:25,1,2026.05.26 07:30,158.942,158.934"
798,JUNE0525-B162,1617DC1ACCE6B50ED2D1359582A70A8B8503C569623EE90C18C6B33542796207,Tester/logs/20261011.log,969073,2026-06-03,11:25,B152PR,"PO	0	00:08:52.229	Core 04	2026.06.03 11:25:00   [SRJ-IND] B152PR sym=USDJPY bar=2026.06.03 11:20 z1=2509,B,159.134,159.195,2026.05.29 19:10,1,2026.05.29 19:35,159.215,159.186"
799,JUNE0525-B162,1617DC1ACCE6B50ED2D1359582A70A8B8503C569623EE90C18C6B33542796207,Tester/logs/20261011.log,969074,2026-06-03,11:25,B152PR,"LE	0	00:08:52.229	Core 04	2026.06.03 11:25:00   [SRJ-IND] B152PR sym=USDJPY bar=2026.06.03 11:20 z1=2716,B,159.576,159.603,2026.06.02 03:10,1,2026.06.03 10:35,159.787,159.550"
800,JUNE0525-B162,1617DC1ACCE6B50ED2D1359582A70A8B8503C569623EE90C18C6B33542796207,Tester/logs/20261011.log,969075,2026-06-03,11:25,B152PR,"FK	0	00:08:52.229	Core 04	2026.06.03 11:25:00   [SRJ-IND] B152PR sym=USDJPY bar=2026.06.03 11:20 z1=2720,B,159.586,159.605,2026.06.02 01:05,1,2026.06.03 10:35,159.787,159.550"
801,JUNE0525-B162,1617DC1ACCE6B50ED2D1359582A70A8B8503C569623EE90C18C6B33542796207,Tester/logs/20261011.log,969076,2026-06-03,11:25,B152PR,"MS	0	00:08:52.229	Core 04	2026.06.03 11:25:00   [SRJ-IND] B152PR sym=USDJPY bar=2026.06.03 11:20 bull=1 bear=0 nz=20"
802,JUNE0525-B162,1617DC1ACCE6B50ED2D1359582A70A8B8503C569623EE90C18C6B33542796207,Tester/logs/20261011.log,969077,2026-06-03,11:25,B162ORIGIN,"CQ	0	00:08:52.229	Core 04	2026.06.03 11:25:00   [SRJ-IND] B162ORIGIN sym=USDJPY bar=2026.06.03 11:20 side=B n=20 origin=2720 range=159.586-159.605 formT=2026.06.02 00:50 set=65,78,212,256,261,313,414,447,449,460,696,714,724,1405,1779,1780,1949,2509,2716,2720"
803,JUNE0525-B162,1617DC1ACCE6B50ED2D1359582A70A8B8503C569623EE90C18C6B33542796207,Tester/logs/20261011.log,969078,2026-06-03,11:25,B162ORIGIN,"KR	0	00:08:52.229	Core 04	2026.06.03 11:25:00   [SRJ-IND] B162ORIGIN sym=USDJPY bar=2026.06.03 11:20 side=S n=0 origin=NONE range=- formT=- set=-"
804,JUNE0525-B162,1617DC1ACCE6B50ED2D1359582A70A8B8503C569623EE90C18C6B33542796207,Tester/logs/20261011.log,969085,2026-06-03,11:25,CONFIRMPOLL,"PG	0	00:08:52.229	Core 04	2026.06.03 11:25:00   [SRJ-EA] CONFIRMPOLL bar=2026.06.03 11:20 anchor=Monthly-POC dir=LONG oppCandle=0 bodyDir=0 body=9pts doji=0 touchAttr=1 confirm=0 shadow=true"
805,JUNE0525-B162,1617DC1ACCE6B50ED2D1359582A70A8B8503C569623EE90C18C6B33542796207,Tester/logs/20261011.log,969088,2026-06-03,11:30,B152PR,"MR	0	00:08:52.229	Core 04	2026.06.03 11:30:00   [SRJ-IND] B152PR sym=USDJPY bar=2026.06.03 11:25 z1=65,B,156.672,156.773,2026.05.11 04:10,1,2026.05.12 08:55,157.714,156.726"
806,JUNE0525-B162,1617DC1ACCE6B50ED2D1359582A70A8B8503C569623EE90C18C6B33542796207,Tester/logs/20261011.log,969089,2026-06-03,11:30,B152PR,"EI	0	00:08:52.229	Core 04	2026.06.03 11:30:00   [SRJ-IND] B152PR sym=USDJPY bar=2026.06.03 11:25 z1=78,B,156.578,156.584,2026.05.11 00:35,1,2026.05.11 00:40,156.644,156.537"
807,JUNE0525-B162,1617DC1ACCE6B50ED2D1359582A70A8B8503C569623EE90C18C6B33542796207,Tester/logs/20261011.log,969090,2026-06-03,11:30,B152PR,"KL	0	00:08:52.229	Core 04	2026.06.03 11:30:00   [SRJ-IND] B152PR sym=USDJPY bar=2026.06.03 11:25 z1=212,B,157.028,157.060,2026.05.11 19:20,1,2026.05.12 00:00,157.152,157.050"
808,JUNE0525-B162,1617DC1ACCE6B50ED2D1359582A70A8B8503C569623EE90C18C6B33542796207,Tester/logs/20261011.log,969091,2026-06-03,11:30,B152PR,"GF	0	00:08:52.229	Core 04	2026.06.03 11:30:00   [SRJ-IND] B152PR sym=USDJPY bar=2026.06.03 11:25 z1=256,B,157.172,157.178,2026.05.12 01:25,1,2026.05.12 08:55,157.714,156.726"
809,JUNE0525-B162,1617DC1ACCE6B50ED2D1359582A70A8B8503C569623EE90C18C6B33542796207,Tester/logs/20261011.log,969092,2026-06-03,11:30,B152PR,"MH	0	00:08:52.229	Core 04	2026.06.03 11:30:00   [SRJ-IND] B152PR sym=USDJPY bar=2026.06.03 11:25 z1=261,B,157.184,157.192,2026.05.12 03:00,1,2026.05.12 08:55,157.714,156.726"
810,JUNE0525-B162,1617DC1ACCE6B50ED2D1359582A70A8B8503C569623EE90C18C6B33542796207,Tester/logs/20261011.log,969093,2026-06-03,11:30,B152PR,"ER	0	00:08:52.229	Core 04	2026.06.03 11:30:00   [SRJ-IND] B152PR sym=USDJPY bar=2026.06.03 11:25 z1=313,B,157.331,157.497,2026.05.12 10:00,1,2026.05.12 10:10,157.546,157.487"
811,JUNE0525-B162,1617DC1ACCE6B50ED2D1359582A70A8B8503C569623EE90C18C6B33542796207,Tester/logs/20261011.log,969094,2026-06-03,11:30,B152PR,"LD	0	00:08:52.229	Core 04	2026.06.03 11:30:00   [SRJ-IND] B152PR sym=USDJPY bar=2026.06.03 11:25 z1=414,B,157.517,157.589,2026.05.13 01:10,1,2026.05.13 01:20,157.607,157.587"
812,JUNE0525-B162,1617DC1ACCE6B50ED2D1359582A70A8B8503C569623EE90C18C6B33542796207,Tester/logs/20261011.log,969095,2026-06-03,11:30,B152PR,"KI	0	00:08:52.229	Core 04	2026.06.03 11:30:00   [SRJ-IND] B152PR sym=USDJPY bar=2026.06.03 11:25 z1=447,B,157.562,157.648,2026.05.13 06:20,1,2026.05.13 06:25,157.662,157.648"
813,JUNE0525-B162,1617DC1ACCE6B50ED2D1359582A70A8B8503C569623EE90C18C6B33542796207,Tester/logs/20261011.log,969096,2026-06-03,11:30,B152PR,"PS	0	00:08:52.229	Core 04	2026.06.03 11:30:00   [SRJ-IND] B152PR sym=USDJPY bar=2026.06.03 11:25 z1=449,B,157.599,157.654,2026.05.13 05:15,1,2026.05.13 05:45,157.687,157.652"
814,JUNE0525-B162,1617DC1ACCE6B50ED2D1359582A70A8B8503C569623EE90C18C6B33542796207,Tester/logs/20261011.log,969097,2026-06-03,11:30,B152PR,"EE	0	00:08:52.229	Core 04	2026.06.03 11:30:00   [SRJ-IND] B152PR sym=USDJPY bar=2026.06.03 11:25 z1=460,B,157.645,157.660,2026.05.13 07:05,1,2026.05.14 00:25,157.812,157.650"
815,JUNE0525-B162,1617DC1ACCE6B50ED2D1359582A70A8B8503C569623EE90C18C6B33542796207,Tester/logs/20261011.log,969098,2026-06-03,11:30,B152PR,"IO	0	00:08:52.229	Core 04	2026.06.03 11:30:00   [SRJ-IND] B152PR sym=USDJPY bar=2026.06.03 11:25 z1=696,B,157.568,158.167,2026.05.14 18:05,1,2026.05.14 18:10,158.191,158.119"
816,JUNE0525-B162,1617DC1ACCE6B50ED2D1359582A70A8B8503C569623EE90C18C6B33542796207,Tester/logs/20261011.log,969099,2026-06-03,11:30,B152PR,"EQ	0	00:08:52.229	Core 04	2026.06.03 11:30:00   [SRJ-IND] B152PR sym=USDJPY bar=2026.06.03 11:25 z1=714,B,158.107,158.142,2026.05.14 19:30,1,2026.05.14 20:00,158.169,158.142"
817,JUNE0525-B162,1617DC1ACCE6B50ED2D1359582A70A8B8503C569623EE90C18C6B33542796207,Tester/logs/20261011.log,969100,2026-06-03,11:30,B152PR,"HK	0	00:08:52.229	Core 04	2026.06.03 11:30:00   [SRJ-IND] B152PR sym=USDJPY bar=2026.06.03 11:25 z1=724,B,158.168,158.186,2026.05.14 21:00,1,2026.05.14 21:05,158.191,158.182"
818,JUNE0525-B162,1617DC1ACCE6B50ED2D1359582A70A8B8503C569623EE90C18C6B33542796207,Tester/logs/20261011.log,969101,2026-06-03,11:30,B152PR,"JN	0	00:08:52.229	Core 04	2026.06.03 11:30:00   [SRJ-IND] B152PR sym=USDJPY bar=2026.06.03 11:25 z1=1405,B,158.735,158.769,2026.05.20 19:00,1,2026.05.20 19:05,158.816,158.753"
819,JUNE0525-B162,1617DC1ACCE6B50ED2D1359582A70A8B8503C569623EE90C18C6B33542796207,Tester/logs/20261011.log,969102,2026-06-03,11:30,B152PR,"LD	0	00:08:52.229	Core 04	2026.06.03 11:30:00   [SRJ-IND] B152PR sym=USDJPY bar=2026.06.03 11:25 z1=1779,B,158.756,158.800,2026.05.25 06:45,1,2026.05.26 00:00,158.887,158.784"
820,JUNE0525-B162,1617DC1ACCE6B50ED2D1359582A70A8B8503C569623EE90C18C6B33542796207,Tester/logs/20261011.log,969103,2026-06-03,11:30,B152PR,"QJ	0	00:08:52.229	Core 04	2026.06.03 11:30:00   [SRJ-IND] B152PR sym=USDJPY bar=2026.06.03 11:25 z1=1780,B,158.789,158.814,2026.05.25 04:50,1,2026.05.26 00:00,158.887,158.784"
821,JUNE0525-B162,1617DC1ACCE6B50ED2D1359582A70A8B8503C569623EE90C18C6B33542796207,Tester/logs/20261011.log,969104,2026-06-03,11:30,B152PR,"HP	0	00:08:52.229	Core 04	2026.06.03 11:30:00   [SRJ-IND] B152PR sym=USDJPY bar=2026.06.03 11:25 z1=1949,B,158.916,158.934,2026.05.26 07:25,1,2026.05.26 07:30,158.942,158.934"
822,JUNE0525-B162,1617DC1ACCE6B50ED2D1359582A70A8B8503C569623EE90C18C6B33542796207,Tester/logs/20261011.log,969105,2026-06-03,11:30,B152PR,"QF	0	00:08:52.229	Core 04	2026.06.03 11:30:00   [SRJ-IND] B152PR sym=USDJPY bar=2026.06.03 11:25 z1=2509,B,159.134,159.195,2026.05.29 19:10,1,2026.05.29 19:35,159.215,159.186"
823,JUNE0525-B162,1617DC1ACCE6B50ED2D1359582A70A8B8503C569623EE90C18C6B33542796207,Tester/logs/20261011.log,969106,2026-06-03,11:30,B152PR,"ML	0	00:08:52.229	Core 04	2026.06.03 11:30:00   [SRJ-IND] B152PR sym=USDJPY bar=2026.06.03 11:25 z1=2716,B,159.576,159.603,2026.06.02 03:10,1,2026.06.03 10:35,159.787,159.550"
824,JUNE0525-B162,1617DC1ACCE6B50ED2D1359582A70A8B8503C569623EE90C18C6B33542796207,Tester/logs/20261011.log,969107,2026-06-03,11:30,B152PR,"CR	0	00:08:52.229	Core 04	2026.06.03 11:30:00   [SRJ-IND] B152PR sym=USDJPY bar=2026.06.03 11:25 z1=2720,B,159.586,159.605,2026.06.02 01:05,1,2026.06.03 10:35,159.787,159.550"
825,JUNE0525-B162,1617DC1ACCE6B50ED2D1359582A70A8B8503C569623EE90C18C6B33542796207,Tester/logs/20261011.log,969108,2026-06-03,11:30,B152PR,"GH	0	00:08:52.229	Core 04	2026.06.03 11:30:00   [SRJ-IND] B152PR sym=USDJPY bar=2026.06.03 11:25 z1=2945,B,159.579,159.675,2026.06.03 11:15,1,2026.06.03 11:25,159.727,159.674"
826,JUNE0525-B162,1617DC1ACCE6B50ED2D1359582A70A8B8503C569623EE90C18C6B33542796207,Tester/logs/20261011.log,969109,2026-06-03,11:30,B152PR,"KL	0	00:08:52.229	Core 04	2026.06.03 11:30:00   [SRJ-IND] B152PR sym=USDJPY bar=2026.06.03 11:25 bull=1 bear=0 nz=21"
827,JUNE0525-B162,1617DC1ACCE6B50ED2D1359582A70A8B8503C569623EE90C18C6B33542796207,Tester/logs/20261011.log,969110,2026-06-03,11:30,B162ORIGIN,"QP	0	00:08:52.229	Core 04	2026.06.03 11:30:00   [SRJ-IND] B162ORIGIN sym=USDJPY bar=2026.06.03 11:25 side=B n=21 origin=2945 range=159.579-159.675 formT=2026.06.03 10:50 set=65,78,212,256,261,313,414,447,449,460,696,714,724,1405,1779,1780,1949,2509,2716,2720,2945"
828,JUNE0525-B162,1617DC1ACCE6B50ED2D1359582A70A8B8503C569623EE90C18C6B33542796207,Tester/logs/20261011.log,969111,2026-06-03,11:30,B162ORIGIN,"PR	0	00:08:52.229	Core 04	2026.06.03 11:30:00   [SRJ-IND] B162ORIGIN sym=USDJPY bar=2026.06.03 11:25 side=S n=0 origin=NONE range=- formT=- set=-"
829,JUNE0525-B162,1617DC1ACCE6B50ED2D1359582A70A8B8503C569623EE90C18C6B33542796207,Tester/logs/20261011.log,969119,2026-06-03,11:30,CONFIRMPOLL,"MK	0	00:08:52.229	Core 04	2026.06.03 11:30:00   [SRJ-EA] CONFIRMPOLL bar=2026.06.03 11:25 anchor=Monthly-VWAP dir=LONG oppCandle=1 bodyDir=0 body=32pts doji=0 touchAttr=0 confirm=0 shadow=true"
830,JUNE0525-B162,1617DC1ACCE6B50ED2D1359582A70A8B8503C569623EE90C18C6B33542796207,Tester/logs/20261011.log,969122,2026-06-03,11:35,B152PR,"LE	0	00:08:52.229	Core 04	2026.06.03 11:35:00   [SRJ-IND] B152PR sym=USDJPY bar=2026.06.03 11:30 z1=65,B,156.672,156.773,2026.05.11 04:10,1,2026.05.12 08:55,157.714,156.726"
831,JUNE0525-B162,1617DC1ACCE6B50ED2D1359582A70A8B8503C569623EE90C18C6B33542796207,Tester/logs/20261011.log,969123,2026-06-03,11:35,B152PR,"DH	0	00:08:52.229	Core 04	2026.06.03 11:35:00   [SRJ-IND] B152PR sym=USDJPY bar=2026.06.03 11:30 z1=78,B,156.578,156.584,2026.05.11 00:35,1,2026.05.11 00:40,156.644,156.537"
832,JUNE0525-B162,1617DC1ACCE6B50ED2D1359582A70A8B8503C569623EE90C18C6B33542796207,Tester/logs/20261011.log,969124,2026-06-03,11:35,B152PR,"NM	0	00:08:52.229	Core 04	2026.06.03 11:35:00   [SRJ-IND] B152PR sym=USDJPY bar=2026.06.03 11:30 z1=212,B,157.028,157.060,2026.05.11 19:20,1,2026.05.12 00:00,157.152,157.050"
833,JUNE0525-B162,1617DC1ACCE6B50ED2D1359582A70A8B8503C569623EE90C18C6B33542796207,Tester/logs/20261011.log,969125,2026-06-03,11:35,B152PR,"NG	0	00:08:52.229	Core 04	2026.06.03 11:35:00   [SRJ-IND] B152PR sym=USDJPY bar=2026.06.03 11:30 z1=256,B,157.172,157.178,2026.05.12 01:25,1,2026.05.12 08:55,157.714,156.726"
834,JUNE0525-B162,1617DC1ACCE6B50ED2D1359582A70A8B8503C569623EE90C18C6B33542796207,Tester/logs/20261011.log,969126,2026-06-03,11:35,B152PR,"LI	0	00:08:52.229	Core 04	2026.06.03 11:35:00   [SRJ-IND] B152PR sym=USDJPY bar=2026.06.03 11:30 z1=261,B,157.184,157.192,2026.05.12 03:00,1,2026.05.12 08:55,157.714,156.726"
835,JUNE0525-B162,1617DC1ACCE6B50ED2D1359582A70A8B8503C569623EE90C18C6B33542796207,Tester/logs/20261011.log,969127,2026-06-03,11:35,B152PR,"HS	0	00:08:52.229	Core 04	2026.06.03 11:35:00   [SRJ-IND] B152PR sym=USDJPY bar=2026.06.03 11:30 z1=313,B,157.331,157.497,2026.05.12 10:00,1,2026.05.12 10:10,157.546,157.487"
836,JUNE0525-B162,1617DC1ACCE6B50ED2D1359582A70A8B8503C569623EE90C18C6B33542796207,Tester/logs/20261011.log,969128,2026-06-03,11:35,B152PR,"ME	0	00:08:52.229	Core 04	2026.06.03 11:35:00   [SRJ-IND] B152PR sym=USDJPY bar=2026.06.03 11:30 z1=414,B,157.517,157.589,2026.05.13 01:10,1,2026.05.13 01:20,157.607,157.587"
837,JUNE0525-B162,1617DC1ACCE6B50ED2D1359582A70A8B8503C569623EE90C18C6B33542796207,Tester/logs/20261011.log,969129,2026-06-03,11:35,B152PR,"JO	0	00:08:52.229	Core 04	2026.06.03 11:35:00   [SRJ-IND] B152PR sym=USDJPY bar=2026.06.03 11:30 z1=447,B,157.562,157.648,2026.05.13 06:20,1,2026.05.13 06:25,157.662,157.648"
838,JUNE0525-B162,1617DC1ACCE6B50ED2D1359582A70A8B8503C569623EE90C18C6B33542796207,Tester/logs/20261011.log,969130,2026-06-03,11:35,B152PR,"QP	0	00:08:52.229	Core 04	2026.06.03 11:35:00   [SRJ-IND] B152PR sym=USDJPY bar=2026.06.03 11:30 z1=449,B,157.599,157.654,2026.05.13 05:15,1,2026.05.13 05:45,157.687,157.652"
839,JUNE0525-B162,1617DC1ACCE6B50ED2D1359582A70A8B8503C569623EE90C18C6B33542796207,Tester/logs/20261011.log,969131,2026-06-03,11:35,B152PR,"HJ	0	00:08:52.229	Core 04	2026.06.03 11:35:00   [SRJ-IND] B152PR sym=USDJPY bar=2026.06.03 11:30 z1=460,B,157.645,157.660,2026.05.13 07:05,1,2026.05.14 00:25,157.812,157.650"
840,JUNE0525-B162,1617DC1ACCE6B50ED2D1359582A70A8B8503C569623EE90C18C6B33542796207,Tester/logs/20261011.log,969132,2026-06-03,11:35,B152PR,"HL	0	00:08:52.229	Core 04	2026.06.03 11:35:00   [SRJ-IND] B152PR sym=USDJPY bar=2026.06.03 11:30 z1=696,B,157.568,158.167,2026.05.14 18:05,1,2026.05.14 18:10,158.191,158.119"
841,JUNE0525-B162,1617DC1ACCE6B50ED2D1359582A70A8B8503C569623EE90C18C6B33542796207,Tester/logs/20261011.log,969133,2026-06-03,11:35,B152PR,"PF	0	00:08:52.229	Core 04	2026.06.03 11:35:00   [SRJ-IND] B152PR sym=USDJPY bar=2026.06.03 11:30 z1=714,B,158.107,158.142,2026.05.14 19:30,1,2026.05.14 20:00,158.169,158.142"
842,JUNE0525-B162,1617DC1ACCE6B50ED2D1359582A70A8B8503C569623EE90C18C6B33542796207,Tester/logs/20261011.log,969134,2026-06-03,11:35,B152PR,"IH	0	00:08:52.229	Core 04	2026.06.03 11:35:00   [SRJ-IND] B152PR sym=USDJPY bar=2026.06.03 11:30 z1=724,B,158.168,158.186,2026.05.14 21:00,1,2026.05.14 21:05,158.191,158.182"
843,JUNE0525-B162,1617DC1ACCE6B50ED2D1359582A70A8B8503C569623EE90C18C6B33542796207,Tester/logs/20261011.log,969135,2026-06-03,11:35,B152PR,"CQ	0	00:08:52.229	Core 04	2026.06.03 11:35:00   [SRJ-IND] B152PR sym=USDJPY bar=2026.06.03 11:30 z1=1405,B,158.735,158.769,2026.05.20 19:00,1,2026.05.20 19:05,158.816,158.753"
844,JUNE0525-B162,1617DC1ACCE6B50ED2D1359582A70A8B8503C569623EE90C18C6B33542796207,Tester/logs/20261011.log,969136,2026-06-03,11:35,B152PR,"QG	0	00:08:52.229	Core 04	2026.06.03 11:35:00   [SRJ-IND] B152PR sym=USDJPY bar=2026.06.03 11:30 z1=1779,B,158.756,158.800,2026.05.25 06:45,1,2026.05.26 00:00,158.887,158.784"
845,JUNE0525-B162,1617DC1ACCE6B50ED2D1359582A70A8B8503C569623EE90C18C6B33542796207,Tester/logs/20261011.log,969137,2026-06-03,11:35,B152PR,"LM	0	00:08:52.229	Core 04	2026.06.03 11:35:00   [SRJ-IND] B152PR sym=USDJPY bar=2026.06.03 11:30 z1=1780,B,158.789,158.814,2026.05.25 04:50,1,2026.05.26 00:00,158.887,158.784"
846,JUNE0525-B162,1617DC1ACCE6B50ED2D1359582A70A8B8503C569623EE90C18C6B33542796207,Tester/logs/20261011.log,969138,2026-06-03,11:35,B152PR,"ES	0	00:08:52.229	Core 04	2026.06.03 11:35:00   [SRJ-IND] B152PR sym=USDJPY bar=2026.06.03 11:30 z1=1949,B,158.916,158.934,2026.05.26 07:25,1,2026.05.26 07:30,158.942,158.934"
847,JUNE0525-B162,1617DC1ACCE6B50ED2D1359582A70A8B8503C569623EE90C18C6B33542796207,Tester/logs/20261011.log,969139,2026-06-03,11:35,B152PR,"LI	0	00:08:52.229	Core 04	2026.06.03 11:35:00   [SRJ-IND] B152PR sym=USDJPY bar=2026.06.03 11:30 z1=2509,B,159.134,159.195,2026.05.29 19:10,1,2026.05.29 19:35,159.215,159.186"
848,JUNE0525-B162,1617DC1ACCE6B50ED2D1359582A70A8B8503C569623EE90C18C6B33542796207,Tester/logs/20261011.log,969140,2026-06-03,11:35,B152PR,"MO	0	00:08:52.229	Core 04	2026.06.03 11:35:00   [SRJ-IND] B152PR sym=USDJPY bar=2026.06.03 11:30 z1=2566,B,159.382,159.407,2026.06.01 03:15,1,2026.06.03 11:30,159.790,159.368"
849,JUNE0525-B162,1617DC1ACCE6B50ED2D1359582A70A8B8503C569623EE90C18C6B33542796207,Tester/logs/20261011.log,969141,2026-06-03,11:35,B152PR,"CE	0	00:08:52.229	Core 04	2026.06.03 11:35:00   [SRJ-IND] B152PR sym=USDJPY bar=2026.06.03 11:30 z1=2648,B,159.435,159.481,2026.06.01 16:00,1,2026.06.03 11:30,159.790,159.368"
850,JUNE0525-B162,1617DC1ACCE6B50ED2D1359582A70A8B8503C569623EE90C18C6B33542796207,Tester/logs/20261011.log,969142,2026-06-03,11:35,B152PR,"PK	0	00:08:52.229	Core 04	2026.06.03 11:35:00   [SRJ-IND] B152PR sym=USDJPY bar=2026.06.03 11:30 z1=2716,B,159.576,159.603,2026.06.02 03:10,1,2026.06.03 10:35,159.787,159.550"
851,JUNE0525-B162,1617DC1ACCE6B50ED2D1359582A70A8B8503C569623EE90C18C6B33542796207,Tester/logs/20261011.log,969143,2026-06-03,11:35,B152PR,"JQ	0	00:08:52.229	Core 04	2026.06.03 11:35:00   [SRJ-IND] B152PR sym=USDJPY bar=2026.06.03 11:30 z1=2720,B,159.586,159.605,2026.06.02 01:05,1,2026.06.03 10:35,159.787,159.550"
852,JUNE0525-B162,1617DC1ACCE6B50ED2D1359582A70A8B8503C569623EE90C18C6B33542796207,Tester/logs/20261011.log,969144,2026-06-03,11:35,B152PR,"FG	0	00:08:52.229	Core 04	2026.06.03 11:35:00   [SRJ-IND] B152PR sym=USDJPY bar=2026.06.03 11:30 z1=2945,B,159.579,159.675,2026.06.03 11:15,1,2026.06.03 11:25,159.727,159.674"
853,JUNE0525-B162,1617DC1ACCE6B50ED2D1359582A70A8B8503C569623EE90C18C6B33542796207,Tester/logs/20261011.log,969145,2026-06-03,11:35,B152PR,"PO	0	00:08:52.229	Core 04	2026.06.03 11:35:00   [SRJ-IND] B152PR sym=USDJPY bar=2026.06.03 11:30 bull=1 bear=0 nz=23"
854,JUNE0525-B162,1617DC1ACCE6B50ED2D1359582A70A8B8503C569623EE90C18C6B33542796207,Tester/logs/20261011.log,969146,2026-06-03,11:35,B162ORIGIN,"OF	0	00:08:52.229	Core 04	2026.06.03 11:35:00   [SRJ-IND] B162ORIGIN sym=USDJPY bar=2026.06.03 11:30 side=B n=23 origin=2945 range=159.579-159.675 formT=2026.06.03 10:50 set=65,78,212,256,261,313,414,447,449,460,696,714,724,1405,1779,1780,1949,2509,2566,2648,2716,2720,2945"
855,JUNE0525-B162,1617DC1ACCE6B50ED2D1359582A70A8B8503C569623EE90C18C6B33542796207,Tester/logs/20261011.log,969147,2026-06-03,11:35,B162ORIGIN,"MP	0	00:08:52.229	Core 04	2026.06.03 11:35:00   [SRJ-IND] B162ORIGIN sym=USDJPY bar=2026.06.03 11:30 side=S n=0 origin=NONE range=- formT=- set=-"
856,JUNE0525-B162,1617DC1ACCE6B50ED2D1359582A70A8B8503C569623EE90C18C6B33542796207,Tester/logs/20261011.log,969154,2026-06-03,11:35,CONFIRMPOLL,"LH	0	00:08:52.229	Core 04	2026.06.03 11:35:00   [SRJ-EA] CONFIRMPOLL bar=2026.06.03 11:30 anchor=Monthly-POC dir=SHORT oppCandle=0 bodyDir=1 body=11pts doji=0 touchAttr=1 confirm=0 shadow=true"
857,JUNE0525-B162,1617DC1ACCE6B50ED2D1359582A70A8B8503C569623EE90C18C6B33542796207,Tester/logs/20261011.log,969161,2026-06-03,11:40,B152PR,"CD	0	00:08:52.229	Core 04	2026.06.03 11:40:00   [SRJ-IND] B152PR sym=USDJPY bar=2026.06.03 11:35 z1=65,B,156.672,156.773,2026.05.11 04:10,1,2026.05.12 08:55,157.714,156.726"
858,JUNE0525-B162,1617DC1ACCE6B50ED2D1359582A70A8B8503C569623EE90C18C6B33542796207,Tester/logs/20261011.log,969162,2026-06-03,11:40,B152PR,"CJ	0	00:08:52.229	Core 04	2026.06.03 11:40:00   [SRJ-IND] B152PR sym=USDJPY bar=2026.06.03 11:35 z1=78,B,156.578,156.584,2026.05.11 00:35,1,2026.05.11 00:40,156.644,156.537"
859,JUNE0525-B162,1617DC1ACCE6B50ED2D1359582A70A8B8503C569623EE90C18C6B33542796207,Tester/logs/20261011.log,969163,2026-06-03,11:40,B152PR,"ES	0	00:08:52.229	Core 04	2026.06.03 11:40:00   [SRJ-IND] B152PR sym=USDJPY bar=2026.06.03 11:35 z1=212,B,157.028,157.060,2026.05.11 19:20,1,2026.05.12 00:00,157.152,157.050"
860,JUNE0525-B162,1617DC1ACCE6B50ED2D1359582A70A8B8503C569623EE90C18C6B33542796207,Tester/logs/20261011.log,969164,2026-06-03,11:40,B152PR,"IE	0	00:08:52.229	Core 04	2026.06.03 11:40:00   [SRJ-IND] B152PR sym=USDJPY bar=2026.06.03 11:35 z1=256,B,157.172,157.178,2026.05.12 01:25,1,2026.05.12 08:55,157.714,156.726"
861,JUNE0525-B162,1617DC1ACCE6B50ED2D1359582A70A8B8503C569623EE90C18C6B33542796207,Tester/logs/20261011.log,969165,2026-06-03,11:40,B152PR,"KO	0	00:08:52.229	Core 04	2026.06.03 11:40:00   [SRJ-IND] B152PR sym=USDJPY bar=2026.06.03 11:35 z1=261,B,157.184,157.192,2026.05.12 03:00,1,2026.05.12 08:55,157.714,156.726"
862,JUNE0525-B162,1617DC1ACCE6B50ED2D1359582A70A8B8503C569623EE90C18C6B33542796207,Tester/logs/20261011.log,969166,2026-06-03,11:40,B152PR,"KP	0	00:08:52.229	Core 04	2026.06.03 11:40:00   [SRJ-IND] B152PR sym=USDJPY bar=2026.06.03 11:35 z1=313,B,157.331,157.497,2026.05.12 10:00,1,2026.05.12 10:10,157.546,157.487"
863,JUNE0525-B162,1617DC1ACCE6B50ED2D1359582A70A8B8503C569623EE90C18C6B33542796207,Tester/logs/20261011.log,969167,2026-06-03,11:40,B152PR,"FJ	0	00:08:52.229	Core 04	2026.06.03 11:40:00   [SRJ-IND] B152PR sym=USDJPY bar=2026.06.03 11:35 z1=414,B,157.517,157.589,2026.05.13 01:10,1,2026.05.13 01:20,157.607,157.587"
864,JUNE0525-B162,1617DC1ACCE6B50ED2D1359582A70A8B8503C569623EE90C18C6B33542796207,Tester/logs/20261011.log,969168,2026-06-03,11:40,B152PR,"ML	0	00:08:52.229	Core 04	2026.06.03 11:40:00   [SRJ-IND] B152PR sym=USDJPY bar=2026.06.03 11:35 z1=447,B,157.562,157.648,2026.05.13 06:20,1,2026.05.13 06:25,157.662,157.648"
865,JUNE0525-B162,1617DC1ACCE6B50ED2D1359582A70A8B8503C569623EE90C18C6B33542796207,Tester/logs/20261011.log,969169,2026-06-03,11:40,B152PR,"RF	0	00:08:52.229	Core 04	2026.06.03 11:40:00   [SRJ-IND] B152PR sym=USDJPY bar=2026.06.03 11:35 z1=449,B,157.599,157.654,2026.05.13 05:15,1,2026.05.13 05:45,157.687,157.652"
866,JUNE0525-B162,1617DC1ACCE6B50ED2D1359582A70A8B8503C569623EE90C18C6B33542796207,Tester/logs/20261011.log,969170,2026-06-03,11:40,B152PR,"KH	0	00:08:52.229	Core 04	2026.06.03 11:40:00   [SRJ-IND] B152PR sym=USDJPY bar=2026.06.03 11:35 z1=460,B,157.645,157.660,2026.05.13 07:05,1,2026.05.14 00:25,157.812,157.650"
867,JUNE0525-B162,1617DC1ACCE6B50ED2D1359582A70A8B8503C569623EE90C18C6B33542796207,Tester/logs/20261011.log,969171,2026-06-03,11:40,B152PR,"OR	0	00:08:52.229	Core 04	2026.06.03 11:40:00   [SRJ-IND] B152PR sym=USDJPY bar=2026.06.03 11:35 z1=696,B,157.568,158.167,2026.05.14 18:05,1,2026.05.14 18:10,158.191,158.119"
868,JUNE0525-B162,1617DC1ACCE6B50ED2D1359582A70A8B8503C569623EE90C18C6B33542796207,Tester/logs/20261011.log,969172,2026-06-03,11:40,B152PR,"CD	0	00:08:52.229	Core 04	2026.06.03 11:40:00   [SRJ-IND] B152PR sym=USDJPY bar=2026.06.03 11:35 z1=714,B,158.107,158.142,2026.05.14 19:30,1,2026.05.14 20:00,158.169,158.142"
869,JUNE0525-B162,1617DC1ACCE6B50ED2D1359582A70A8B8503C569623EE90C18C6B33542796207,Tester/logs/20261011.log,969173,2026-06-03,11:40,B152PR,"JN	0	00:08:52.229	Core 04	2026.06.03 11:40:00   [SRJ-IND] B152PR sym=USDJPY bar=2026.06.03 11:35 z1=724,B,158.168,158.186,2026.05.14 21:00,1,2026.05.14 21:05,158.191,158.182"
870,JUNE0525-B162,1617DC1ACCE6B50ED2D1359582A70A8B8503C569623EE90C18C6B33542796207,Tester/logs/20261011.log,969174,2026-06-03,11:40,B152PR,"PP	0	00:08:52.229	Core 04	2026.06.03 11:40:00   [SRJ-IND] B152PR sym=USDJPY bar=2026.06.03 11:35 z1=1405,B,158.735,158.769,2026.05.20 19:00,1,2026.05.20 19:05,158.816,158.753"
871,JUNE0525-B162,1617DC1ACCE6B50ED2D1359582A70A8B8503C569623EE90C18C6B33542796207,Tester/logs/20261011.log,969175,2026-06-03,11:40,B152PR,"FF	0	00:08:52.229	Core 04	2026.06.03 11:40:00   [SRJ-IND] B152PR sym=USDJPY bar=2026.06.03 11:35 z1=1779,B,158.756,158.800,2026.05.25 06:45,1,2026.05.26 00:00,158.887,158.784"
872,JUNE0525-B162,1617DC1ACCE6B50ED2D1359582A70A8B8503C569623EE90C18C6B33542796207,Tester/logs/20261011.log,969176,2026-06-03,11:40,B152PR,"GL	0	00:08:52.229	Core 04	2026.06.03 11:40:00   [SRJ-IND] B152PR sym=USDJPY bar=2026.06.03 11:35 z1=1780,B,158.789,158.814,2026.05.25 04:50,1,2026.05.26 00:00,158.887,158.784"
873,JUNE0525-B162,1617DC1ACCE6B50ED2D1359582A70A8B8503C569623EE90C18C6B33542796207,Tester/logs/20261011.log,969177,2026-06-03,11:40,B152PR,"RR	0	00:08:52.229	Core 04	2026.06.03 11:40:00   [SRJ-IND] B152PR sym=USDJPY bar=2026.06.03 11:35 z1=1949,B,158.916,158.934,2026.05.26 07:25,1,2026.05.26 07:30,158.942,158.934"
874,JUNE0525-B162,1617DC1ACCE6B50ED2D1359582A70A8B8503C569623EE90C18C6B33542796207,Tester/logs/20261011.log,969178,2026-06-03,11:40,B152PR,"GH	0	00:08:52.229	Core 04	2026.06.03 11:40:00   [SRJ-IND] B152PR sym=USDJPY bar=2026.06.03 11:35 z1=2509,B,159.134,159.195,2026.05.29 19:10,1,2026.05.29 19:35,159.215,159.186"
875,JUNE0525-B162,1617DC1ACCE6B50ED2D1359582A70A8B8503C569623EE90C18C6B33542796207,Tester/logs/20261011.log,969179,2026-06-03,11:40,B152PR,"JN	0	00:08:52.229	Core 04	2026.06.03 11:40:00   [SRJ-IND] B152PR sym=USDJPY bar=2026.06.03 11:35 z1=2566,B,159.382,159.407,2026.06.01 03:15,1,2026.06.03 11:30,159.790,159.368"
876,JUNE0525-B162,1617DC1ACCE6B50ED2D1359582A70A8B8503C569623EE90C18C6B33542796207,Tester/logs/20261011.log,969180,2026-06-03,11:40,B152PR,"PD	0	00:08:52.229	Core 04	2026.06.03 11:40:00   [SRJ-IND] B152PR sym=USDJPY bar=2026.06.03 11:35 z1=2648,B,159.435,159.481,2026.06.01 16:00,1,2026.06.03 11:30,159.790,159.368"
877,JUNE0525-B162,1617DC1ACCE6B50ED2D1359582A70A8B8503C569623EE90C18C6B33542796207,Tester/logs/20261011.log,969181,2026-06-03,11:40,B152PR,"CJ	0	00:08:52.229	Core 04	2026.06.03 11:40:00   [SRJ-IND] B152PR sym=USDJPY bar=2026.06.03 11:35 z1=2716,B,159.576,159.603,2026.06.02 03:10,1,2026.06.03 10:35,159.787,159.550"
878,JUNE0525-B162,1617DC1ACCE6B50ED2D1359582A70A8B8503C569623EE90C18C6B33542796207,Tester/logs/20261011.log,969182,2026-06-03,11:40,B152PR,"MP	0	00:08:52.229	Core 04	2026.06.03 11:40:00   [SRJ-IND] B152PR sym=USDJPY bar=2026.06.03 11:35 z1=2720,B,159.586,159.605,2026.06.02 01:05,1,2026.06.03 10:35,159.787,159.550"
879,JUNE0525-B162,1617DC1ACCE6B50ED2D1359582A70A8B8503C569623EE90C18C6B33542796207,Tester/logs/20261011.log,969183,2026-06-03,11:40,B152PR,"QF	0	00:08:52.229	Core 04	2026.06.03 11:40:00   [SRJ-IND] B152PR sym=USDJPY bar=2026.06.03 11:35 z1=2945,B,159.579,159.675,2026.06.03 11:15,1,2026.06.03 11:25,159.727,159.674"
880,JUNE0525-B162,1617DC1ACCE6B50ED2D1359582A70A8B8503C569623EE90C18C6B33542796207,Tester/logs/20261011.log,969184,2026-06-03,11:40,B152PR,"CN	0	00:08:52.229	Core 04	2026.06.03 11:40:00   [SRJ-IND] B152PR sym=USDJPY bar=2026.06.03 11:35 bull=1 bear=0 nz=23"
881,JUNE0525-B162,1617DC1ACCE6B50ED2D1359582A70A8B8503C569623EE90C18C6B33542796207,Tester/logs/20261011.log,969185,2026-06-03,11:40,B162ORIGIN,"DQ	0	00:08:52.229	Core 04	2026.06.03 11:40:00   [SRJ-IND] B162ORIGIN sym=USDJPY bar=2026.06.03 11:35 side=B n=23 origin=2945 range=159.579-159.675 formT=2026.06.03 10:50 set=65,78,212,256,261,313,414,447,449,460,696,714,724,1405,1779,1780,1949,2509,2566,2648,2716,2720,2945"
882,JUNE0525-B162,1617DC1ACCE6B50ED2D1359582A70A8B8503C569623EE90C18C6B33542796207,Tester/logs/20261011.log,969186,2026-06-03,11:40,B162ORIGIN,"NR	0	00:08:52.229	Core 04	2026.06.03 11:40:00   [SRJ-IND] B162ORIGIN sym=USDJPY bar=2026.06.03 11:35 side=S n=0 origin=NONE range=- formT=- set=-"
883,JUNE0525-B162,1617DC1ACCE6B50ED2D1359582A70A8B8503C569623EE90C18C6B33542796207,Tester/logs/20261011.log,969190,2026-06-03,11:40,CQDRECHECK,"OQ	0	00:08:52.229	Core 04	2026.06.03 11:40:00   [SRJ-EA] CQDRECHECK shift=2 passA=1.0 passB=1.0 diff=0 bar=2026.06.03 11:30 state=IDLE dir=NONE divLatch=0 hit1=0 hit2=518 mism=0"
884,JUNE0525-B162,1617DC1ACCE6B50ED2D1359582A70A8B8503C569623EE90C18C6B33542796207,Tester/logs/20261011.log,969200,2026-06-03,11:45,B152PR,"JJ	0	00:08:52.229	Core 04	2026.06.03 11:45:00   [SRJ-IND] B152PR sym=USDJPY bar=2026.06.03 11:40 z1=65,B,156.672,156.773,2026.05.11 04:10,1,2026.05.12 08:55,157.714,156.726"
885,JUNE0525-B162,1617DC1ACCE6B50ED2D1359582A70A8B8503C569623EE90C18C6B33542796207,Tester/logs/20261011.log,969201,2026-06-03,11:45,B152PR,"JP	0	00:08:52.229	Core 04	2026.06.03 11:45:00   [SRJ-IND] B152PR sym=USDJPY bar=2026.06.03 11:40 z1=78,B,156.578,156.584,2026.05.11 00:35,1,2026.05.11 00:40,156.644,156.537"
886,JUNE0525-B162,1617DC1ACCE6B50ED2D1359582A70A8B8503C569623EE90C18C6B33542796207,Tester/logs/20261011.log,969202,2026-06-03,11:45,B152PR,"HE	0	00:08:52.229	Core 04	2026.06.03 11:45:00   [SRJ-IND] B152PR sym=USDJPY bar=2026.06.03 11:40 z1=212,B,157.028,157.060,2026.05.11 19:20,1,2026.05.12 00:00,157.152,157.050"
887,JUNE0525-B162,1617DC1ACCE6B50ED2D1359582A70A8B8503C569623EE90C18C6B33542796207,Tester/logs/20261011.log,969203,2026-06-03,11:45,B152PR,"DO	0	00:08:52.229	Core 04	2026.06.03 11:45:00   [SRJ-IND] B152PR sym=USDJPY bar=2026.06.03 11:40 z1=256,B,157.172,157.178,2026.05.12 01:25,1,2026.05.12 08:55,157.714,156.726"
888,JUNE0525-B162,1617DC1ACCE6B50ED2D1359582A70A8B8503C569623EE90C18C6B33542796207,Tester/logs/20261011.log,969204,2026-06-03,11:45,B152PR,"RQ	0	00:08:52.229	Core 04	2026.06.03 11:45:00   [SRJ-IND] B152PR sym=USDJPY bar=2026.06.03 11:40 z1=261,B,157.184,157.192,2026.05.12 03:00,1,2026.05.12 08:55,157.714,156.726"
889,JUNE0525-B162,1617DC1ACCE6B50ED2D1359582A70A8B8503C569623EE90C18C6B33542796207,Tester/logs/20261011.log,969205,2026-06-03,11:45,B152PR,"RJ	0	00:08:52.229	Core 04	2026.06.03 11:45:00   [SRJ-IND] B152PR sym=USDJPY bar=2026.06.03 11:40 z1=313,B,157.331,157.497,2026.05.12 10:00,1,2026.05.12 10:10,157.546,157.487"
890,JUNE0525-B162,1617DC1ACCE6B50ED2D1359582A70A8B8503C569623EE90C18C6B33542796207,Tester/logs/20261011.log,969206,2026-06-03,11:45,B152PR,"GL	0	00:08:52.229	Core 04	2026.06.03 11:45:00   [SRJ-IND] B152PR sym=USDJPY bar=2026.06.03 11:40 z1=414,B,157.517,157.589,2026.05.13 01:10,1,2026.05.13 01:20,157.607,157.587"
891,JUNE0525-B162,1617DC1ACCE6B50ED2D1359582A70A8B8503C569623EE90C18C6B33542796207,Tester/logs/20261011.log,969207,2026-06-03,11:45,B152PR,"PF	0	00:08:52.229	Core 04	2026.06.03 11:45:00   [SRJ-IND] B152PR sym=USDJPY bar=2026.06.03 11:40 z1=447,B,157.562,157.648,2026.05.13 06:20,1,2026.05.13 06:25,157.662,157.648"
892,JUNE0525-B162,1617DC1ACCE6B50ED2D1359582A70A8B8503C569623EE90C18C6B33542796207,Tester/logs/20261011.log,969208,2026-06-03,11:45,B152PR,"KH	0	00:08:52.229	Core 04	2026.06.03 11:45:00   [SRJ-IND] B152PR sym=USDJPY bar=2026.06.03 11:40 z1=449,B,157.599,157.654,2026.05.13 05:15,1,2026.05.13 05:45,157.687,157.652"
893,JUNE0525-B162,1617DC1ACCE6B50ED2D1359582A70A8B8503C569623EE90C18C6B33542796207,Tester/logs/20261011.log,969209,2026-06-03,11:45,B152PR,"RR	0	00:08:52.229	Core 04	2026.06.03 11:45:00   [SRJ-IND] B152PR sym=USDJPY bar=2026.06.03 11:40 z1=460,B,157.645,157.660,2026.05.13 07:05,1,2026.05.14 00:25,157.812,157.650"
894,JUNE0525-B162,1617DC1ACCE6B50ED2D1359582A70A8B8503C569623EE90C18C6B33542796207,Tester/logs/20261011.log,969210,2026-06-03,11:45,B152PR,"ND	0	00:08:52.229	Core 04	2026.06.03 11:45:00   [SRJ-IND] B152PR sym=USDJPY bar=2026.06.03 11:40 z1=696,B,157.568,158.167,2026.05.14 18:05,1,2026.05.14 18:10,158.191,158.119"
895,JUNE0525-B162,1617DC1ACCE6B50ED2D1359582A70A8B8503C569623EE90C18C6B33542796207,Tester/logs/20261011.log,969211,2026-06-03,11:45,B152PR,"JN	0	00:08:52.229	Core 04	2026.06.03 11:45:00   [SRJ-IND] B152PR sym=USDJPY bar=2026.06.03 11:40 z1=714,B,158.107,158.142,2026.05.14 19:30,1,2026.05.14 20:00,158.169,158.142"
896,JUNE0525-B162,1617DC1ACCE6B50ED2D1359582A70A8B8503C569623EE90C18C6B33542796207,Tester/logs/20261011.log,969212,2026-06-03,11:45,B152PR,"CP	0	00:08:52.229	Core 04	2026.06.03 11:45:00   [SRJ-IND] B152PR sym=USDJPY bar=2026.06.03 11:40 z1=724,B,158.168,158.186,2026.05.14 21:00,1,2026.05.14 21:05,158.191,158.182"
897,JUNE0525-B162,1617DC1ACCE6B50ED2D1359582A70A8B8503C569623EE90C18C6B33542796207,Tester/logs/20261011.log,969213,2026-06-03,11:45,B152PR,"MF	0	00:08:52.229	Core 04	2026.06.03 11:45:00   [SRJ-IND] B152PR sym=USDJPY bar=2026.06.03 11:40 z1=1405,B,158.735,158.769,2026.05.20 19:00,1,2026.05.20 19:05,158.816,158.753"
898,JUNE0525-B162,1617DC1ACCE6B50ED2D1359582A70A8B8503C569623EE90C18C6B33542796207,Tester/logs/20261011.log,969214,2026-06-03,11:45,B152PR,"GL	0	00:08:52.229	Core 04	2026.06.03 11:45:00   [SRJ-IND] B152PR sym=USDJPY bar=2026.06.03 11:40 z1=1779,B,158.756,158.800,2026.05.25 06:45,1,2026.05.26 00:00,158.887,158.784"
899,JUNE0525-B162,1617DC1ACCE6B50ED2D1359582A70A8B8503C569623EE90C18C6B33542796207,Tester/logs/20261011.log,969215,2026-06-03,11:45,B152PR,"FR	0	00:08:52.229	Core 04	2026.06.03 11:45:00   [SRJ-IND] B152PR sym=USDJPY bar=2026.06.03 11:40 z1=1780,B,158.789,158.814,2026.05.25 04:50,1,2026.05.26 00:00,158.887,158.784"
900,JUNE0525-B162,1617DC1ACCE6B50ED2D1359582A70A8B8503C569623EE90C18C6B33542796207,Tester/logs/20261011.log,969216,2026-06-03,11:45,B152PR,"KH	0	00:08:52.229	Core 04	2026.06.03 11:45:00   [SRJ-IND] B152PR sym=USDJPY bar=2026.06.03 11:40 z1=1949,B,158.916,158.934,2026.05.26 07:25,1,2026.05.26 07:30,158.942,158.934"
901,JUNE0525-B162,1617DC1ACCE6B50ED2D1359582A70A8B8503C569623EE90C18C6B33542796207,Tester/logs/20261011.log,969217,2026-06-03,11:45,B152PR,"FN	0	00:08:52.229	Core 04	2026.06.03 11:45:00   [SRJ-IND] B152PR sym=USDJPY bar=2026.06.03 11:40 z1=2509,B,159.134,159.195,2026.05.29 19:10,1,2026.05.29 19:35,159.215,159.186"
902,JUNE0525-B162,1617DC1ACCE6B50ED2D1359582A70A8B8503C569623EE90C18C6B33542796207,Tester/logs/20261011.log,969218,2026-06-03,11:45,B152PR,"CD	0	00:08:52.229	Core 04	2026.06.03 11:45:00   [SRJ-IND] B152PR sym=USDJPY bar=2026.06.03 11:40 z1=2566,B,159.382,159.407,2026.06.01 03:15,1,2026.06.03 11:30,159.790,159.368"
903,JUNE0525-B162,1617DC1ACCE6B50ED2D1359582A70A8B8503C569623EE90C18C6B33542796207,Tester/logs/20261011.log,969219,2026-06-03,11:45,B152PR,"MJ	0	00:08:52.229	Core 04	2026.06.03 11:45:00   [SRJ-IND] B152PR sym=USDJPY bar=2026.06.03 11:40 z1=2648,B,159.435,159.481,2026.06.01 16:00,1,2026.06.03 11:30,159.790,159.368"
904,JUNE0525-B162,1617DC1ACCE6B50ED2D1359582A70A8B8503C569623EE90C18C6B33542796207,Tester/logs/20261011.log,969220,2026-06-03,11:45,B152PR,"JP	0	00:08:52.229	Core 04	2026.06.03 11:45:00   [SRJ-IND] B152PR sym=USDJPY bar=2026.06.03 11:40 z1=2716,B,159.576,159.603,2026.06.02 03:10,1,2026.06.03 10:35,159.787,159.550"
905,JUNE0525-B162,1617DC1ACCE6B50ED2D1359582A70A8B8503C569623EE90C18C6B33542796207,Tester/logs/20261011.log,969221,2026-06-03,11:45,B152PR,"PF	0	00:08:52.229	Core 04	2026.06.03 11:45:00   [SRJ-IND] B152PR sym=USDJPY bar=2026.06.03 11:40 z1=2720,B,159.586,159.605,2026.06.02 01:05,1,2026.06.03 10:35,159.787,159.550"
906,JUNE0525-B162,1617DC1ACCE6B50ED2D1359582A70A8B8503C569623EE90C18C6B33542796207,Tester/logs/20261011.log,969222,2026-06-03,11:45,B152PR,"LL	0	00:08:52.229	Core 04	2026.06.03 11:45:00   [SRJ-IND] B152PR sym=USDJPY bar=2026.06.03 11:40 z1=2945,B,159.579,159.675,2026.06.03 11:15,1,2026.06.03 11:25,159.727,159.674"
907,JUNE0525-B162,1617DC1ACCE6B50ED2D1359582A70A8B8503C569623EE90C18C6B33542796207,Tester/logs/20261011.log,969223,2026-06-03,11:45,B152PR,"JP	0	00:08:52.229	Core 04	2026.06.03 11:45:00   [SRJ-IND] B152PR sym=USDJPY bar=2026.06.03 11:40 bull=1 bear=0 nz=23"
908,JUNE0525-B162,1617DC1ACCE6B50ED2D1359582A70A8B8503C569623EE90C18C6B33542796207,Tester/logs/20261011.log,969224,2026-06-03,11:45,B162ORIGIN,"IO	0	00:08:52.229	Core 04	2026.06.03 11:45:00   [SRJ-IND] B162ORIGIN sym=USDJPY bar=2026.06.03 11:40 side=B n=23 origin=2945 range=159.579-159.675 formT=2026.06.03 10:50 set=65,78,212,256,261,313,414,447,449,460,696,714,724,1405,1779,1780,1949,2509,2566,2648,2716,2720,2945"
909,JUNE0525-B162,1617DC1ACCE6B50ED2D1359582A70A8B8503C569623EE90C18C6B33542796207,Tester/logs/20261011.log,969225,2026-06-03,11:45,B162ORIGIN,"OH	0	00:08:52.229	Core 04	2026.06.03 11:45:00   [SRJ-IND] B162ORIGIN sym=USDJPY bar=2026.06.03 11:40 side=S n=0 origin=NONE range=- formT=- set=-"
910,JUNE0525-B162,1617DC1ACCE6B50ED2D1359582A70A8B8503C569623EE90C18C6B33542796207,Tester/logs/20261011.log,969233,2026-06-03,11:45,CONFIRMPOLL,"FI	0	00:08:52.229	Core 04	2026.06.03 11:45:00   [SRJ-EA] CONFIRMPOLL bar=2026.06.03 11:40 anchor=Daily-VWAP dir=SHORT oppCandle=1 bodyDir=0 body=108pts doji=0 touchAttr=0 confirm=0 shadow=true"
911,JUNE0525-B162,1617DC1ACCE6B50ED2D1359582A70A8B8503C569623EE90C18C6B33542796207,Tester/logs/20261011.log,969237,2026-06-03,11:50,B152PR,"DD	0	00:08:52.229	Core 04	2026.06.03 11:50:03   [SRJ-IND] B152PR sym=USDJPY bar=2026.06.03 11:45 z1=65,B,156.672,156.773,2026.05.11 04:10,1,2026.05.12 08:55,157.714,156.726"
912,JUNE0525-B162,1617DC1ACCE6B50ED2D1359582A70A8B8503C569623EE90C18C6B33542796207,Tester/logs/20261011.log,969238,2026-06-03,11:50,B152PR,"LJ	0	00:08:52.229	Core 04	2026.06.03 11:50:03   [SRJ-IND] B152PR sym=USDJPY bar=2026.06.03 11:45 z1=78,B,156.578,156.584,2026.05.11 00:35,1,2026.05.11 00:40,156.644,156.537"
913,JUNE0525-B162,1617DC1ACCE6B50ED2D1359582A70A8B8503C569623EE90C18C6B33542796207,Tester/logs/20261011.log,969239,2026-06-03,11:50,B152PR,"FS	0	00:08:52.229	Core 04	2026.06.03 11:50:03   [SRJ-IND] B152PR sym=USDJPY bar=2026.06.03 11:45 z1=212,B,157.028,157.060,2026.05.11 19:20,1,2026.05.12 00:00,157.152,157.050"
914,JUNE0525-B162,1617DC1ACCE6B50ED2D1359582A70A8B8503C569623EE90C18C6B33542796207,Tester/logs/20261011.log,969240,2026-06-03,11:50,B152PR,"RD	0	00:08:52.229	Core 04	2026.06.03 11:50:03   [SRJ-IND] B152PR sym=USDJPY bar=2026.06.03 11:45 z1=256,B,157.172,157.178,2026.05.12 01:25,1,2026.05.12 08:55,157.714,156.726"
915,JUNE0525-B162,1617DC1ACCE6B50ED2D1359582A70A8B8503C569623EE90C18C6B33542796207,Tester/logs/20261011.log,969241,2026-06-03,11:50,B152PR,"DN	0	00:08:52.229	Core 04	2026.06.03 11:50:03   [SRJ-IND] B152PR sym=USDJPY bar=2026.06.03 11:45 z1=261,B,157.184,157.192,2026.05.12 03:00,1,2026.05.12 08:55,157.714,156.726"
916,JUNE0525-B162,1617DC1ACCE6B50ED2D1359582A70A8B8503C569623EE90C18C6B33542796207,Tester/logs/20261011.log,969242,2026-06-03,11:50,B152PR,"LP	0	00:08:52.229	Core 04	2026.06.03 11:50:03   [SRJ-IND] B152PR sym=USDJPY bar=2026.06.03 11:45 z1=313,B,157.331,157.497,2026.05.12 10:00,1,2026.05.12 10:10,157.546,157.487"
917,JUNE0525-B162,1617DC1ACCE6B50ED2D1359582A70A8B8503C569623EE90C18C6B33542796207,Tester/logs/20261011.log,969243,2026-06-03,11:50,B152PR,"EJ	0	00:08:52.229	Core 04	2026.06.03 11:50:03   [SRJ-IND] B152PR sym=USDJPY bar=2026.06.03 11:45 z1=414,B,157.517,157.589,2026.05.13 01:10,1,2026.05.13 01:20,157.607,157.587"
918,JUNE0525-B162,1617DC1ACCE6B50ED2D1359582A70A8B8503C569623EE90C18C6B33542796207,Tester/logs/20261011.log,969244,2026-06-03,11:50,B152PR,"FL	0	00:08:52.229	Core 04	2026.06.03 11:50:03   [SRJ-IND] B152PR sym=USDJPY bar=2026.06.03 11:45 z1=447,B,157.562,157.648,2026.05.13 06:20,1,2026.05.13 06:25,157.662,157.648"
919,JUNE0525-B162,1617DC1ACCE6B50ED2D1359582A70A8B8503C569623EE90C18C6B33542796207,Tester/logs/20261011.log,969245,2026-06-03,11:50,B152PR,"IF	0	00:08:52.229	Core 04	2026.06.03 11:50:03   [SRJ-IND] B152PR sym=USDJPY bar=2026.06.03 11:45 z1=449,B,157.599,157.654,2026.05.13 05:15,1,2026.05.13 05:45,157.687,157.652"
920,JUNE0525-B162,1617DC1ACCE6B50ED2D1359582A70A8B8503C569623EE90C18C6B33542796207,Tester/logs/20261011.log,969246,2026-06-03,11:50,B152PR,"LH	0	00:08:52.229	Core 04	2026.06.03 11:50:03   [SRJ-IND] B152PR sym=USDJPY bar=2026.06.03 11:45 z1=460,B,157.645,157.660,2026.05.13 07:05,1,2026.05.14 00:25,157.812,157.650"
921,JUNE0525-B162,1617DC1ACCE6B50ED2D1359582A70A8B8503C569623EE90C18C6B33542796207,Tester/logs/20261011.log,969247,2026-06-03,11:50,B152PR,"PR	0	00:08:52.229	Core 04	2026.06.03 11:50:03   [SRJ-IND] B152PR sym=USDJPY bar=2026.06.03 11:45 z1=696,B,157.568,158.167,2026.05.14 18:05,1,2026.05.14 18:10,158.191,158.119"
922,JUNE0525-B162,1617DC1ACCE6B50ED2D1359582A70A8B8503C569623EE90C18C6B33542796207,Tester/logs/20261011.log,969248,2026-06-03,11:50,B152PR,"LG	0	00:08:52.229	Core 04	2026.06.03 11:50:03   [SRJ-IND] B152PR sym=USDJPY bar=2026.06.03 11:45 z1=714,B,158.107,158.142,2026.05.14 19:30,1,2026.05.14 20:00,158.169,158.142"
923,JUNE0525-B162,1617DC1ACCE6B50ED2D1359582A70A8B8503C569623EE90C18C6B33542796207,Tester/logs/20261011.log,969249,2026-06-03,11:50,B152PR,"QI	0	00:08:52.229	Core 04	2026.06.03 11:50:03   [SRJ-IND] B152PR sym=USDJPY bar=2026.06.03 11:45 z1=724,B,158.168,158.186,2026.05.14 21:00,1,2026.05.14 21:05,158.191,158.182"
924,JUNE0525-B162,1617DC1ACCE6B50ED2D1359582A70A8B8503C569623EE90C18C6B33542796207,Tester/logs/20261011.log,969250,2026-06-03,11:50,B152PR,"OP	0	00:08:52.229	Core 04	2026.06.03 11:50:03   [SRJ-IND] B152PR sym=USDJPY bar=2026.06.03 11:45 z1=1405,B,158.735,158.769,2026.05.20 19:00,1,2026.05.20 19:05,158.816,158.753"
925,JUNE0525-B162,1617DC1ACCE6B50ED2D1359582A70A8B8503C569623EE90C18C6B33542796207,Tester/logs/20261011.log,969251,2026-06-03,11:50,B152PR,"EF	0	00:08:52.229	Core 04	2026.06.03 11:50:03   [SRJ-IND] B152PR sym=USDJPY bar=2026.06.03 11:45 z1=1779,B,158.756,158.800,2026.05.25 06:45,1,2026.05.26 00:00,158.887,158.784"
926,JUNE0525-B162,1617DC1ACCE6B50ED2D1359582A70A8B8503C569623EE90C18C6B33542796207,Tester/logs/20261011.log,969252,2026-06-03,11:50,B152PR,"HL	0	00:08:52.229	Core 04	2026.06.03 11:50:03   [SRJ-IND] B152PR sym=USDJPY bar=2026.06.03 11:45 z1=1780,B,158.789,158.814,2026.05.25 04:50,1,2026.05.26 00:00,158.887,158.784"
927,JUNE0525-B162,1617DC1ACCE6B50ED2D1359582A70A8B8503C569623EE90C18C6B33542796207,Tester/logs/20261011.log,969253,2026-06-03,11:50,B152PR,"QR	0	00:08:52.229	Core 04	2026.06.03 11:50:03   [SRJ-IND] B152PR sym=USDJPY bar=2026.06.03 11:45 z1=1949,B,158.916,158.934,2026.05.26 07:25,1,2026.05.26 07:30,158.942,158.934"
928,JUNE0525-B162,1617DC1ACCE6B50ED2D1359582A70A8B8503C569623EE90C18C6B33542796207,Tester/logs/20261011.log,969254,2026-06-03,11:50,B152PR,"HH	0	00:08:52.229	Core 04	2026.06.03 11:50:03   [SRJ-IND] B152PR sym=USDJPY bar=2026.06.03 11:45 z1=2509,B,159.134,159.195,2026.05.29 19:10,1,2026.05.29 19:35,159.215,159.186"
929,JUNE0525-B162,1617DC1ACCE6B50ED2D1359582A70A8B8503C569623EE90C18C6B33542796207,Tester/logs/20261011.log,969255,2026-06-03,11:50,B152PR,"IN	0	00:08:52.229	Core 04	2026.06.03 11:50:03   [SRJ-IND] B152PR sym=USDJPY bar=2026.06.03 11:45 z1=2566,B,159.382,159.407,2026.06.01 03:15,1,2026.06.03 11:30,159.790,159.368"
930,JUNE0525-B162,1617DC1ACCE6B50ED2D1359582A70A8B8503C569623EE90C18C6B33542796207,Tester/logs/20261011.log,969256,2026-06-03,11:50,B152PR,"OD	0	00:08:52.229	Core 04	2026.06.03 11:50:03   [SRJ-IND] B152PR sym=USDJPY bar=2026.06.03 11:45 z1=2648,B,159.435,159.481,2026.06.01 16:00,1,2026.06.03 11:30,159.790,159.368"
931,JUNE0525-B162,1617DC1ACCE6B50ED2D1359582A70A8B8503C569623EE90C18C6B33542796207,Tester/logs/20261011.log,969257,2026-06-03,11:50,B152PR,"DJ	0	00:08:52.229	Core 04	2026.06.03 11:50:03   [SRJ-IND] B152PR sym=USDJPY bar=2026.06.03 11:45 z1=2716,B,159.576,159.603,2026.06.02 03:10,1,2026.06.03 10:35,159.787,159.550"
932,JUNE0525-B162,1617DC1ACCE6B50ED2D1359582A70A8B8503C569623EE90C18C6B33542796207,Tester/logs/20261011.log,969258,2026-06-03,11:50,B152PR,"NP	0	00:08:52.229	Core 04	2026.06.03 11:50:03   [SRJ-IND] B152PR sym=USDJPY bar=2026.06.03 11:45 z1=2720,B,159.586,159.605,2026.06.02 01:05,1,2026.06.03 10:35,159.787,159.550"
933,JUNE0525-B162,1617DC1ACCE6B50ED2D1359582A70A8B8503C569623EE90C18C6B33542796207,Tester/logs/20261011.log,969259,2026-06-03,11:50,B152PR,"RF	0	00:08:52.229	Core 04	2026.06.03 11:50:03   [SRJ-IND] B152PR sym=USDJPY bar=2026.06.03 11:45 z1=2945,B,159.579,159.675,2026.06.03 11:15,1,2026.06.03 11:25,159.727,159.674"
934,JUNE0525-B162,1617DC1ACCE6B50ED2D1359582A70A8B8503C569623EE90C18C6B33542796207,Tester/logs/20261011.log,969260,2026-06-03,11:50,B152PR,"DN	0	00:08:52.229	Core 04	2026.06.03 11:50:03   [SRJ-IND] B152PR sym=USDJPY bar=2026.06.03 11:45 bull=1 bear=0 nz=23"
935,JUNE0525-B162,1617DC1ACCE6B50ED2D1359582A70A8B8503C569623EE90C18C6B33542796207,Tester/logs/20261011.log,969261,2026-06-03,11:50,B162ORIGIN,"KQ	0	00:08:52.229	Core 04	2026.06.03 11:50:03   [SRJ-IND] B162ORIGIN sym=USDJPY bar=2026.06.03 11:45 side=B n=23 origin=2945 range=159.579-159.675 formT=2026.06.03 10:50 set=65,78,212,256,261,313,414,447,449,460,696,714,724,1405,1779,1780,1949,2509,2566,2648,2716,2720,2945"
936,JUNE0525-B162,1617DC1ACCE6B50ED2D1359582A70A8B8503C569623EE90C18C6B33542796207,Tester/logs/20261011.log,969262,2026-06-03,11:50,B162ORIGIN,"ES	0	00:08:52.229	Core 04	2026.06.03 11:50:03   [SRJ-IND] B162ORIGIN sym=USDJPY bar=2026.06.03 11:45 side=S n=0 origin=NONE range=- formT=- set=-"
937,JUNE0525-B162,1617DC1ACCE6B50ED2D1359582A70A8B8503C569623EE90C18C6B33542796207,Tester/logs/20261011.log,969269,2026-06-03,11:50,CONFIRMPOLL,"ED	0	00:08:52.229	Core 04	2026.06.03 11:50:03   [SRJ-EA] CONFIRMPOLL bar=2026.06.03 11:45 anchor=Monthly-POC dir=LONG oppCandle=0 bodyDir=0 body=79pts doji=0 touchAttr=1 confirm=0 shadow=true"
938,JUNE0525-B162,1617DC1ACCE6B50ED2D1359582A70A8B8503C569623EE90C18C6B33542796207,Tester/logs/20261011.log,969271,2026-06-03,11:55,B152PR,"ND	0	00:08:52.229	Core 04	2026.06.03 11:55:00   [SRJ-IND] B152PR sym=USDJPY bar=2026.06.03 11:50 z1=65,B,156.672,156.773,2026.05.11 04:10,1,2026.05.12 08:55,157.714,156.726"
939,JUNE0525-B162,1617DC1ACCE6B50ED2D1359582A70A8B8503C569623EE90C18C6B33542796207,Tester/logs/20261011.log,969272,2026-06-03,11:55,B152PR,"FK	0	00:08:52.229	Core 04	2026.06.03 11:55:00   [SRJ-IND] B152PR sym=USDJPY bar=2026.06.03 11:50 z1=78,B,156.578,156.584,2026.05.11 00:35,1,2026.05.11 00:40,156.644,156.537"
940,JUNE0525-B162,1617DC1ACCE6B50ED2D1359582A70A8B8503C569623EE90C18C6B33542796207,Tester/logs/20261011.log,969273,2026-06-03,11:55,B152PR,"LR	0	00:08:52.229	Core 04	2026.06.03 11:55:00   [SRJ-IND] B152PR sym=USDJPY bar=2026.06.03 11:50 z1=212,B,157.028,157.060,2026.05.11 19:20,1,2026.05.12 00:00,157.152,157.050"
941,JUNE0525-B162,1617DC1ACCE6B50ED2D1359582A70A8B8503C569623EE90C18C6B33542796207,Tester/logs/20261011.log,969274,2026-06-03,11:55,B152PR,"HD	0	00:08:52.229	Core 04	2026.06.03 11:55:00   [SRJ-IND] B152PR sym=USDJPY bar=2026.06.03 11:50 z1=256,B,157.172,157.178,2026.05.12 01:25,1,2026.05.12 08:55,157.714,156.726"
942,JUNE0525-B162,1617DC1ACCE6B50ED2D1359582A70A8B8503C569623EE90C18C6B33542796207,Tester/logs/20261011.log,969275,2026-06-03,11:55,B152PR,"NN	0	00:08:52.229	Core 04	2026.06.03 11:55:00   [SRJ-IND] B152PR sym=USDJPY bar=2026.06.03 11:50 z1=261,B,157.184,157.192,2026.05.12 03:00,1,2026.05.12 08:55,157.714,156.726"
943,JUNE0525-B162,1617DC1ACCE6B50ED2D1359582A70A8B8503C569623EE90C18C6B33542796207,Tester/logs/20261011.log,969276,2026-06-03,11:55,B152PR,"FP	0	00:08:52.229	Core 04	2026.06.03 11:55:00   [SRJ-IND] B152PR sym=USDJPY bar=2026.06.03 11:50 z1=313,B,157.331,157.497,2026.05.12 10:00,1,2026.05.12 10:10,157.546,157.487"
944,JUNE0525-B162,1617DC1ACCE6B50ED2D1359582A70A8B8503C569623EE90C18C6B33542796207,Tester/logs/20261011.log,969277,2026-06-03,11:55,B152PR,"KJ	0	00:08:52.229	Core 04	2026.06.03 11:55:00   [SRJ-IND] B152PR sym=USDJPY bar=2026.06.03 11:50 z1=414,B,157.517,157.589,2026.05.13 01:10,1,2026.05.13 01:20,157.607,157.587"
945,JUNE0525-B162,1617DC1ACCE6B50ED2D1359582A70A8B8503C569623EE90C18C6B33542796207,Tester/logs/20261011.log,969278,2026-06-03,11:55,B152PR,"LO	0	00:08:52.229	Core 04	2026.06.03 11:55:00   [SRJ-IND] B152PR sym=USDJPY bar=2026.06.03 11:50 z1=447,B,157.562,157.648,2026.05.13 06:20,1,2026.05.13 06:25,157.662,157.648"
946,JUNE0525-B162,1617DC1ACCE6B50ED2D1359582A70A8B8503C569623EE90C18C6B33542796207,Tester/logs/20261011.log,969279,2026-06-03,11:55,B152PR,"OQ	0	00:08:52.229	Core 04	2026.06.03 11:55:00   [SRJ-IND] B152PR sym=USDJPY bar=2026.06.03 11:50 z1=449,B,157.599,157.654,2026.05.13 05:15,1,2026.05.13 05:45,157.687,157.652"
947,JUNE0525-B162,1617DC1ACCE6B50ED2D1359582A70A8B8503C569623EE90C18C6B33542796207,Tester/logs/20261011.log,969280,2026-06-03,11:55,B152PR,"FK	0	00:08:52.229	Core 04	2026.06.03 11:55:00   [SRJ-IND] B152PR sym=USDJPY bar=2026.06.03 11:50 z1=460,B,157.645,157.660,2026.05.13 07:05,1,2026.05.14 00:25,157.812,157.650"
948,JUNE0525-B162,1617DC1ACCE6B50ED2D1359582A70A8B8503C569623EE90C18C6B33542796207,Tester/logs/20261011.log,969281,2026-06-03,11:55,B152PR,"JM	0	00:08:52.229	Core 04	2026.06.03 11:55:00   [SRJ-IND] B152PR sym=USDJPY bar=2026.06.03 11:50 z1=696,B,157.568,158.167,2026.05.14 18:05,1,2026.05.14 18:10,158.191,158.119"
949,JUNE0525-B162,1617DC1ACCE6B50ED2D1359582A70A8B8503C569623EE90C18C6B33542796207,Tester/logs/20261011.log,969282,2026-06-03,11:55,B152PR,"FG	0	00:08:52.229	Core 04	2026.06.03 11:55:00   [SRJ-IND] B152PR sym=USDJPY bar=2026.06.03 11:50 z1=714,B,158.107,158.142,2026.05.14 19:30,1,2026.05.14 20:00,158.169,158.142"
950,JUNE0525-B162,1617DC1ACCE6B50ED2D1359582A70A8B8503C569623EE90C18C6B33542796207,Tester/logs/20261011.log,969283,2026-06-03,11:55,B152PR,"GI	0	00:08:52.229	Core 04	2026.06.03 11:55:00   [SRJ-IND] B152PR sym=USDJPY bar=2026.06.03 11:50 z1=724,B,158.168,158.186,2026.05.14 21:00,1,2026.05.14 21:05,158.191,158.182"
951,JUNE0525-B162,1617DC1ACCE6B50ED2D1359582A70A8B8503C569623EE90C18C6B33542796207,Tester/logs/20261011.log,969284,2026-06-03,11:55,B152PR,"IP	0	00:08:52.229	Core 04	2026.06.03 11:55:00   [SRJ-IND] B152PR sym=USDJPY bar=2026.06.03 11:50 z1=1405,B,158.735,158.769,2026.05.20 19:00,1,2026.05.20 19:05,158.816,158.753"
952,JUNE0525-B162,1617DC1ACCE6B50ED2D1359582A70A8B8503C569623EE90C18C6B33542796207,Tester/logs/20261011.log,969285,2026-06-03,11:55,B152PR,"KF	0	00:08:52.229	Core 04	2026.06.03 11:55:00   [SRJ-IND] B152PR sym=USDJPY bar=2026.06.03 11:50 z1=1779,B,158.756,158.800,2026.05.25 06:45,1,2026.05.26 00:00,158.887,158.784"
953,JUNE0525-B162,1617DC1ACCE6B50ED2D1359582A70A8B8503C569623EE90C18C6B33542796207,Tester/logs/20261011.log,969286,2026-06-03,11:55,B152PR,"RL	0	00:08:52.229	Core 04	2026.06.03 11:55:00   [SRJ-IND] B152PR sym=USDJPY bar=2026.06.03 11:50 z1=1780,B,158.789,158.814,2026.05.25 04:50,1,2026.05.26 00:00,158.887,158.784"
954,JUNE0525-B162,1617DC1ACCE6B50ED2D1359582A70A8B8503C569623EE90C18C6B33542796207,Tester/logs/20261011.log,969287,2026-06-03,11:55,B152PR,"GR	0	00:08:52.229	Core 04	2026.06.03 11:55:00   [SRJ-IND] B152PR sym=USDJPY bar=2026.06.03 11:50 z1=1949,B,158.916,158.934,2026.05.26 07:25,1,2026.05.26 07:30,158.942,158.934"
955,JUNE0525-B162,1617DC1ACCE6B50ED2D1359582A70A8B8503C569623EE90C18C6B33542796207,Tester/logs/20261011.log,969288,2026-06-03,11:55,B152PR,"RH	0	00:08:52.229	Core 04	2026.06.03 11:55:00   [SRJ-IND] B152PR sym=USDJPY bar=2026.06.03 11:50 z1=2509,B,159.134,159.195,2026.05.29 19:10,1,2026.05.29 19:35,159.215,159.186"
956,JUNE0525-B162,1617DC1ACCE6B50ED2D1359582A70A8B8503C569623EE90C18C6B33542796207,Tester/logs/20261011.log,969289,2026-06-03,11:55,B152PR,"ON	0	00:08:52.229	Core 04	2026.06.03 11:55:00   [SRJ-IND] B152PR sym=USDJPY bar=2026.06.03 11:50 z1=2566,B,159.382,159.407,2026.06.01 03:15,1,2026.06.03 11:30,159.790,159.368"
957,JUNE0525-B162,1617DC1ACCE6B50ED2D1359582A70A8B8503C569623EE90C18C6B33542796207,Tester/logs/20261011.log,969290,2026-06-03,11:55,B152PR,"ID	0	00:08:52.229	Core 04	2026.06.03 11:55:00   [SRJ-IND] B152PR sym=USDJPY bar=2026.06.03 11:50 z1=2648,B,159.435,159.481,2026.06.01 16:00,1,2026.06.03 11:30,159.790,159.368"
958,JUNE0525-B162,1617DC1ACCE6B50ED2D1359582A70A8B8503C569623EE90C18C6B33542796207,Tester/logs/20261011.log,969291,2026-06-03,11:55,B152PR,"NJ	0	00:08:52.229	Core 04	2026.06.03 11:55:00   [SRJ-IND] B152PR sym=USDJPY bar=2026.06.03 11:50 z1=2716,B,159.576,159.603,2026.06.02 03:10,1,2026.06.03 10:35,159.787,159.550"
959,JUNE0525-B162,1617DC1ACCE6B50ED2D1359582A70A8B8503C569623EE90C18C6B33542796207,Tester/logs/20261011.log,969292,2026-06-03,11:55,B152PR,"DP	0	00:08:52.229	Core 04	2026.06.03 11:55:00   [SRJ-IND] B152PR sym=USDJPY bar=2026.06.03 11:50 z1=2720,B,159.586,159.605,2026.06.02 01:05,1,2026.06.03 10:35,159.787,159.550"
960,JUNE0525-B162,1617DC1ACCE6B50ED2D1359582A70A8B8503C569623EE90C18C6B33542796207,Tester/logs/20261011.log,969293,2026-06-03,11:55,B152PR,"HF	0	00:08:52.229	Core 04	2026.06.03 11:55:00   [SRJ-IND] B152PR sym=USDJPY bar=2026.06.03 11:50 z1=2945,B,159.579,159.675,2026.06.03 11:15,1,2026.06.03 11:25,159.727,159.674"
961,JUNE0525-B162,1617DC1ACCE6B50ED2D1359582A70A8B8503C569623EE90C18C6B33542796207,Tester/logs/20261011.log,969294,2026-06-03,11:55,B152PR,"NN	0	00:08:52.229	Core 04	2026.06.03 11:55:00   [SRJ-IND] B152PR sym=USDJPY bar=2026.06.03 11:50 bull=1 bear=0 nz=23"
962,JUNE0525-B162,1617DC1ACCE6B50ED2D1359582A70A8B8503C569623EE90C18C6B33542796207,Tester/logs/20261011.log,969295,2026-06-03,11:55,B162ORIGIN,"EF	0	00:08:52.229	Core 04	2026.06.03 11:55:00   [SRJ-IND] B162ORIGIN sym=USDJPY bar=2026.06.03 11:50 side=B n=23 origin=2945 range=159.579-159.675 formT=2026.06.03 10:50 set=65,78,212,256,261,313,414,447,449,460,696,714,724,1405,1779,1780,1949,2509,2566,2648,2716,2720,2945"
963,JUNE0525-B162,1617DC1ACCE6B50ED2D1359582A70A8B8503C569623EE90C18C6B33542796207,Tester/logs/20261011.log,969296,2026-06-03,11:55,B162ORIGIN,"KS	0	00:08:52.229	Core 04	2026.06.03 11:55:00   [SRJ-IND] B162ORIGIN sym=USDJPY bar=2026.06.03 11:50 side=S n=0 origin=NONE range=- formT=- set=-"
964,JUNE0525-B162,1617DC1ACCE6B50ED2D1359582A70A8B8503C569623EE90C18C6B33542796207,Tester/logs/20261011.log,969303,2026-06-03,12:00,B152PR,"RR	0	00:08:52.229	Core 04	2026.06.03 12:00:00   [SRJ-IND] B152PR sym=USDJPY bar=2026.06.03 11:55 z1=65,B,156.672,156.773,2026.05.11 04:10,1,2026.05.12 08:55,157.714,156.726"
965,JUNE0525-B162,1617DC1ACCE6B50ED2D1359582A70A8B8503C569623EE90C18C6B33542796207,Tester/logs/20261011.log,969304,2026-06-03,12:00,B152PR,"JI	0	00:08:52.229	Core 04	2026.06.03 12:00:00   [SRJ-IND] B152PR sym=USDJPY bar=2026.06.03 11:55 z1=78,B,156.578,156.584,2026.05.11 00:35,1,2026.05.11 00:40,156.644,156.537"
966,JUNE0525-B162,1617DC1ACCE6B50ED2D1359582A70A8B8503C569623EE90C18C6B33542796207,Tester/logs/20261011.log,969305,2026-06-03,12:00,B152PR,"PL	0	00:08:52.229	Core 04	2026.06.03 12:00:00   [SRJ-IND] B152PR sym=USDJPY bar=2026.06.03 11:55 z1=212,B,157.028,157.060,2026.05.11 19:20,1,2026.05.12 00:00,157.152,157.050"
967,JUNE0525-B162,1617DC1ACCE6B50ED2D1359582A70A8B8503C569623EE90C18C6B33542796207,Tester/logs/20261011.log,969306,2026-06-03,12:00,B152PR,"PF	0	00:08:52.229	Core 04	2026.06.03 12:00:00   [SRJ-IND] B152PR sym=USDJPY bar=2026.06.03 11:55 z1=256,B,157.172,157.178,2026.05.12 01:25,1,2026.05.12 08:55,157.714,156.726"
968,JUNE0525-B162,1617DC1ACCE6B50ED2D1359582A70A8B8503C569623EE90C18C6B33542796207,Tester/logs/20261011.log,969307,2026-06-03,12:00,B152PR,"RH	0	00:08:52.229	Core 04	2026.06.03 12:00:00   [SRJ-IND] B152PR sym=USDJPY bar=2026.06.03 11:55 z1=261,B,157.184,157.192,2026.05.12 03:00,1,2026.05.12 08:55,157.714,156.726"
969,JUNE0525-B162,1617DC1ACCE6B50ED2D1359582A70A8B8503C569623EE90C18C6B33542796207,Tester/logs/20261011.log,969308,2026-06-03,12:00,B152PR,"FR	0	00:08:52.229	Core 04	2026.06.03 12:00:00   [SRJ-IND] B152PR sym=USDJPY bar=2026.06.03 11:55 z1=313,B,157.331,157.497,2026.05.12 10:00,1,2026.05.12 10:10,157.546,157.487"
970,JUNE0525-B162,1617DC1ACCE6B50ED2D1359582A70A8B8503C569623EE90C18C6B33542796207,Tester/logs/20261011.log,969309,2026-06-03,12:00,B152PR,"OD	0	00:08:52.229	Core 04	2026.06.03 12:00:00   [SRJ-IND] B152PR sym=USDJPY bar=2026.06.03 11:55 z1=414,B,157.517,157.589,2026.05.13 01:10,1,2026.05.13 01:20,157.607,157.587"
971,JUNE0525-B162,1617DC1ACCE6B50ED2D1359582A70A8B8503C569623EE90C18C6B33542796207,Tester/logs/20261011.log,969310,2026-06-03,12:00,B152PR,"DN	0	00:08:52.229	Core 04	2026.06.03 12:00:00   [SRJ-IND] B152PR sym=USDJPY bar=2026.06.03 11:55 z1=447,B,157.562,157.648,2026.05.13 06:20,1,2026.05.13 06:25,157.662,157.648"
972,JUNE0525-B162,1617DC1ACCE6B50ED2D1359582A70A8B8503C569623EE90C18C6B33542796207,Tester/logs/20261011.log,969311,2026-06-03,12:00,B152PR,"KS	0	00:08:52.229	Core 04	2026.06.03 12:00:00   [SRJ-IND] B152PR sym=USDJPY bar=2026.06.03 11:55 z1=449,B,157.599,157.654,2026.05.13 05:15,1,2026.05.13 05:45,157.687,157.652"
973,JUNE0525-B162,1617DC1ACCE6B50ED2D1359582A70A8B8503C569623EE90C18C6B33542796207,Tester/logs/20261011.log,969312,2026-06-03,12:00,B152PR,"FE	0	00:08:52.229	Core 04	2026.06.03 12:00:00   [SRJ-IND] B152PR sym=USDJPY bar=2026.06.03 11:55 z1=460,B,157.645,157.660,2026.05.13 07:05,1,2026.05.14 00:25,157.812,157.650"
974,JUNE0525-B162,1617DC1ACCE6B50ED2D1359582A70A8B8503C569623EE90C18C6B33542796207,Tester/logs/20261011.log,969313,2026-06-03,12:00,B152PR,"FO	0	00:08:52.229	Core 04	2026.06.03 12:00:00   [SRJ-IND] B152PR sym=USDJPY bar=2026.06.03 11:55 z1=696,B,157.568,158.167,2026.05.14 18:05,1,2026.05.14 18:10,158.191,158.119"
975,JUNE0525-B162,1617DC1ACCE6B50ED2D1359582A70A8B8503C569623EE90C18C6B33542796207,Tester/logs/20261011.log,969314,2026-06-03,12:00,B152PR,"NQ	0	00:08:52.229	Core 04	2026.06.03 12:00:00   [SRJ-IND] B152PR sym=USDJPY bar=2026.06.03 11:55 z1=714,B,158.107,158.142,2026.05.14 19:30,1,2026.05.14 20:00,158.169,158.142"
976,JUNE0525-B162,1617DC1ACCE6B50ED2D1359582A70A8B8503C569623EE90C18C6B33542796207,Tester/logs/20261011.log,969315,2026-06-03,12:00,B152PR,"CK	0	00:08:52.229	Core 04	2026.06.03 12:00:00   [SRJ-IND] B152PR sym=USDJPY bar=2026.06.03 11:55 z1=724,B,158.168,158.186,2026.05.14 21:00,1,2026.05.14 21:05,158.191,158.182"
977,JUNE0525-B162,1617DC1ACCE6B50ED2D1359582A70A8B8503C569623EE90C18C6B33542796207,Tester/logs/20261011.log,969316,2026-06-03,12:00,B152PR,"IN	0	00:08:52.229	Core 04	2026.06.03 12:00:00   [SRJ-IND] B152PR sym=USDJPY bar=2026.06.03 11:55 z1=1405,B,158.735,158.769,2026.05.20 19:00,1,2026.05.20 19:05,158.816,158.753"
978,JUNE0525-B162,1617DC1ACCE6B50ED2D1359582A70A8B8503C569623EE90C18C6B33542796207,Tester/logs/20261011.log,969317,2026-06-03,12:00,B152PR,"KD	0	00:08:52.229	Core 04	2026.06.03 12:00:00   [SRJ-IND] B152PR sym=USDJPY bar=2026.06.03 11:55 z1=1779,B,158.756,158.800,2026.05.25 06:45,1,2026.05.26 00:00,158.887,158.784"
979,JUNE0525-B162,1617DC1ACCE6B50ED2D1359582A70A8B8503C569623EE90C18C6B33542796207,Tester/logs/20261011.log,969318,2026-06-03,12:00,B152PR,"RJ	0	00:08:52.229	Core 04	2026.06.03 12:00:00   [SRJ-IND] B152PR sym=USDJPY bar=2026.06.03 11:55 z1=1780,B,158.789,158.814,2026.05.25 04:50,1,2026.05.26 00:00,158.887,158.784"
980,JUNE0525-B162,1617DC1ACCE6B50ED2D1359582A70A8B8503C569623EE90C18C6B33542796207,Tester/logs/20261011.log,969319,2026-06-03,12:00,B152PR,"GP	0	00:08:52.229	Core 04	2026.06.03 12:00:00   [SRJ-IND] B152PR sym=USDJPY bar=2026.06.03 11:55 z1=1949,B,158.916,158.934,2026.05.26 07:25,1,2026.05.26 07:30,158.942,158.934"
981,JUNE0525-B162,1617DC1ACCE6B50ED2D1359582A70A8B8503C569623EE90C18C6B33542796207,Tester/logs/20261011.log,969320,2026-06-03,12:00,B152PR,"RF	0	00:08:52.229	Core 04	2026.06.03 12:00:00   [SRJ-IND] B152PR sym=USDJPY bar=2026.06.03 11:55 z1=2509,B,159.134,159.195,2026.05.29 19:10,1,2026.05.29 19:35,159.215,159.186"
982,JUNE0525-B162,1617DC1ACCE6B50ED2D1359582A70A8B8503C569623EE90C18C6B33542796207,Tester/logs/20261011.log,969321,2026-06-03,12:00,B152PR,"OL	0	00:08:52.229	Core 04	2026.06.03 12:00:00   [SRJ-IND] B152PR sym=USDJPY bar=2026.06.03 11:55 z1=2566,B,159.382,159.407,2026.06.01 03:15,1,2026.06.03 11:30,159.790,159.368"
983,JUNE0525-B162,1617DC1ACCE6B50ED2D1359582A70A8B8503C569623EE90C18C6B33542796207,Tester/logs/20261011.log,969322,2026-06-03,12:00,B152PR,"IR	0	00:08:52.229	Core 04	2026.06.03 12:00:00   [SRJ-IND] B152PR sym=USDJPY bar=2026.06.03 11:55 z1=2648,B,159.435,159.481,2026.06.01 16:00,1,2026.06.03 11:30,159.790,159.368"
984,JUNE0525-B162,1617DC1ACCE6B50ED2D1359582A70A8B8503C569623EE90C18C6B33542796207,Tester/logs/20261011.log,969323,2026-06-03,12:00,B152PR,"NH	0	00:08:52.229	Core 04	2026.06.03 12:00:00   [SRJ-IND] B152PR sym=USDJPY bar=2026.06.03 11:55 z1=2716,B,159.576,159.603,2026.06.02 03:10,1,2026.06.03 10:35,159.787,159.550"
985,JUNE0525-B162,1617DC1ACCE6B50ED2D1359582A70A8B8503C569623EE90C18C6B33542796207,Tester/logs/20261011.log,969324,2026-06-03,12:00,B152PR,"DN	0	00:08:52.229	Core 04	2026.06.03 12:00:00   [SRJ-IND] B152PR sym=USDJPY bar=2026.06.03 11:55 z1=2720,B,159.586,159.605,2026.06.02 01:05,1,2026.06.03 10:35,159.787,159.550"
986,JUNE0525-B162,1617DC1ACCE6B50ED2D1359582A70A8B8503C569623EE90C18C6B33542796207,Tester/logs/20261011.log,969325,2026-06-03,12:00,B152PR,"HD	0	00:08:52.229	Core 04	2026.06.03 12:00:00   [SRJ-IND] B152PR sym=USDJPY bar=2026.06.03 11:55 z1=2945,B,159.579,159.675,2026.06.03 11:15,1,2026.06.03 11:25,159.727,159.674"
987,JUNE0525-B162,1617DC1ACCE6B50ED2D1359582A70A8B8503C569623EE90C18C6B33542796207,Tester/logs/20261011.log,969326,2026-06-03,12:00,B152PR,"NH	0	00:08:52.229	Core 04	2026.06.03 12:00:00   [SRJ-IND] B152PR sym=USDJPY bar=2026.06.03 11:55 bull=1 bear=0 nz=23"
988,JUNE0525-B162,1617DC1ACCE6B50ED2D1359582A70A8B8503C569623EE90C18C6B33542796207,Tester/logs/20261011.log,969327,2026-06-03,12:00,B162ORIGIN,"MG	0	00:08:52.229	Core 04	2026.06.03 12:00:00   [SRJ-IND] B162ORIGIN sym=USDJPY bar=2026.06.03 11:55 side=B n=23 origin=2945 range=159.579-159.675 formT=2026.06.03 10:50 set=65,78,212,256,261,313,414,447,449,460,696,714,724,1405,1779,1780,1949,2509,2566,2648,2716,2720,2945"
989,JUNE0525-B162,1617DC1ACCE6B50ED2D1359582A70A8B8503C569623EE90C18C6B33542796207,Tester/logs/20261011.log,969328,2026-06-03,12:00,B162ORIGIN,"OQ	0	00:08:52.229	Core 04	2026.06.03 12:00:00   [SRJ-IND] B162ORIGIN sym=USDJPY bar=2026.06.03 11:55 side=S n=0 origin=NONE range=- formT=- set=-"
990,JUNE0525-B162,1617DC1ACCE6B50ED2D1359582A70A8B8503C569623EE90C18C6B33542796207,Tester/logs/20261011.log,970046,2026-06-03,14:00,B152PR,"PE	0	00:08:52.229	Core 04	2026.06.03 14:00:00   [SRJ-IND] B152PR sym=USDJPY bar=2026.06.03 13:55 z1=65,B,156.672,156.773,2026.05.11 04:10,1,2026.05.12 08:55,157.714,156.726"
991,JUNE0525-B162,1617DC1ACCE6B50ED2D1359582A70A8B8503C569623EE90C18C6B33542796207,Tester/logs/20261011.log,970047,2026-06-03,14:00,B152PR,"PK	0	00:08:52.229	Core 04	2026.06.03 14:00:00   [SRJ-IND] B152PR sym=USDJPY bar=2026.06.03 13:55 z1=78,B,156.578,156.584,2026.05.11 00:35,1,2026.05.11 00:40,156.644,156.537"
992,JUNE0525-B162,1617DC1ACCE6B50ED2D1359582A70A8B8503C569623EE90C18C6B33542796207,Tester/logs/20261011.log,970048,2026-06-03,14:00,B152PR,"RM	0	00:08:52.229	Core 04	2026.06.03 14:00:00   [SRJ-IND] B152PR sym=USDJPY bar=2026.06.03 13:55 z1=212,B,157.028,157.060,2026.05.11 19:20,1,2026.05.12 00:00,157.152,157.050"
993,JUNE0525-B162,1617DC1ACCE6B50ED2D1359582A70A8B8503C569623EE90C18C6B33542796207,Tester/logs/20261011.log,970049,2026-06-03,14:00,B152PR,"NG	0	00:08:52.229	Core 04	2026.06.03 14:00:00   [SRJ-IND] B152PR sym=USDJPY bar=2026.06.03 13:55 z1=256,B,157.172,157.178,2026.05.12 01:25,1,2026.05.12 08:55,157.714,156.726"
994,JUNE0525-B162,1617DC1ACCE6B50ED2D1359582A70A8B8503C569623EE90C18C6B33542796207,Tester/logs/20261011.log,970050,2026-06-03,14:00,B152PR,"HI	0	00:08:52.229	Core 04	2026.06.03 14:00:00   [SRJ-IND] B152PR sym=USDJPY bar=2026.06.03 13:55 z1=261,B,157.184,157.192,2026.05.12 03:00,1,2026.05.12 08:55,157.714,156.726"
995,JUNE0525-B162,1617DC1ACCE6B50ED2D1359582A70A8B8503C569623EE90C18C6B33542796207,Tester/logs/20261011.log,970051,2026-06-03,14:00,B152PR,"HS	0	00:08:52.229	Core 04	2026.06.03 14:00:00   [SRJ-IND] B152PR sym=USDJPY bar=2026.06.03 13:55 z1=313,B,157.331,157.497,2026.05.12 10:00,1,2026.05.12 10:10,157.546,157.487"
996,JUNE0525-B162,1617DC1ACCE6B50ED2D1359582A70A8B8503C569623EE90C18C6B33542796207,Tester/logs/20261011.log,970052,2026-06-03,14:00,B152PR,"QE	0	00:08:52.229	Core 04	2026.06.03 14:00:00   [SRJ-IND] B152PR sym=USDJPY bar=2026.06.03 13:55 z1=414,B,157.517,157.589,2026.05.13 01:10,1,2026.05.13 01:20,157.607,157.587"
997,JUNE0525-B162,1617DC1ACCE6B50ED2D1359582A70A8B8503C569623EE90C18C6B33542796207,Tester/logs/20261011.log,970053,2026-06-03,14:00,B152PR,"JO	0	00:08:52.229	Core 04	2026.06.03 14:00:00   [SRJ-IND] B152PR sym=USDJPY bar=2026.06.03 13:55 z1=447,B,157.562,157.648,2026.05.13 06:20,1,2026.05.13 06:25,157.662,157.648"
998,JUNE0525-B162,1617DC1ACCE6B50ED2D1359582A70A8B8503C569623EE90C18C6B33542796207,Tester/logs/20261011.log,970054,2026-06-03,14:00,B152PR,"EQ	0	00:08:52.229	Core 04	2026.06.03 14:00:00   [SRJ-IND] B152PR sym=USDJPY bar=2026.06.03 13:55 z1=449,B,157.599,157.654,2026.05.13 05:15,1,2026.05.13 05:45,157.687,157.652"
999,JUNE0525-B162,1617DC1ACCE6B50ED2D1359582A70A8B8503C569623EE90C18C6B33542796207,Tester/logs/20261011.log,970055,2026-06-03,14:00,B152PR,"HJ	0	00:08:52.229	Core 04	2026.06.03 14:00:00   [SRJ-IND] B152PR sym=USDJPY bar=2026.06.03 13:55 z1=460,B,157.645,157.660,2026.05.13 07:05,1,2026.05.14 00:25,157.812,157.650"
1000,JUNE0525-B162,1617DC1ACCE6B50ED2D1359582A70A8B8503C569623EE90C18C6B33542796207,Tester/logs/20261011.log,970056,2026-06-03,14:00,B152PR,"DL	0	00:08:52.229	Core 04	2026.06.03 14:00:00   [SRJ-IND] B152PR sym=USDJPY bar=2026.06.03 13:55 z1=696,B,157.568,158.167,2026.05.14 18:05,1,2026.05.14 18:10,158.191,158.119"
1001,JUNE0525-B162,1617DC1ACCE6B50ED2D1359582A70A8B8503C569623EE90C18C6B33542796207,Tester/logs/20261011.log,970057,2026-06-03,14:00,B152PR,"PF	0	00:08:52.229	Core 04	2026.06.03 14:00:00   [SRJ-IND] B152PR sym=USDJPY bar=2026.06.03 13:55 z1=714,B,158.107,158.142,2026.05.14 19:30,1,2026.05.14 20:00,158.169,158.142"
1002,JUNE0525-B162,1617DC1ACCE6B50ED2D1359582A70A8B8503C569623EE90C18C6B33542796207,Tester/logs/20261011.log,970058,2026-06-03,14:00,B152PR,"MH	0	00:08:52.229	Core 04	2026.06.03 14:00:00   [SRJ-IND] B152PR sym=USDJPY bar=2026.06.03 13:55 z1=724,B,158.168,158.186,2026.05.14 21:00,1,2026.05.14 21:05,158.191,158.182"
1003,JUNE0525-B162,1617DC1ACCE6B50ED2D1359582A70A8B8503C569623EE90C18C6B33542796207,Tester/logs/20261011.log,970059,2026-06-03,14:00,B152PR,"CQ	0	00:08:52.229	Core 04	2026.06.03 14:00:00   [SRJ-IND] B152PR sym=USDJPY bar=2026.06.03 13:55 z1=1405,B,158.735,158.769,2026.05.20 19:00,1,2026.05.20 19:05,158.816,158.753"
1004,JUNE0525-B162,1617DC1ACCE6B50ED2D1359582A70A8B8503C569623EE90C18C6B33542796207,Tester/logs/20261011.log,970060,2026-06-03,14:00,B152PR,"QG	0	00:08:52.229	Core 04	2026.06.03 14:00:00   [SRJ-IND] B152PR sym=USDJPY bar=2026.06.03 13:55 z1=1779,B,158.756,158.800,2026.05.25 06:45,1,2026.05.26 00:00,158.887,158.784"
1005,JUNE0525-B162,1617DC1ACCE6B50ED2D1359582A70A8B8503C569623EE90C18C6B33542796207,Tester/logs/20261011.log,970061,2026-06-03,14:00,B152PR,"LM	0	00:08:52.229	Core 04	2026.06.03 14:00:00   [SRJ-IND] B152PR sym=USDJPY bar=2026.06.03 13:55 z1=1780,B,158.789,158.814,2026.05.25 04:50,1,2026.05.26 00:00,158.887,158.784"
1006,JUNE0525-B162,1617DC1ACCE6B50ED2D1359582A70A8B8503C569623EE90C18C6B33542796207,Tester/logs/20261011.log,970062,2026-06-03,14:00,B152PR,"ES	0	00:08:52.229	Core 04	2026.06.03 14:00:00   [SRJ-IND] B152PR sym=USDJPY bar=2026.06.03 13:55 z1=1949,B,158.916,158.934,2026.05.26 07:25,1,2026.05.26 07:30,158.942,158.934"
1007,JUNE0525-B162,1617DC1ACCE6B50ED2D1359582A70A8B8503C569623EE90C18C6B33542796207,Tester/logs/20261011.log,970063,2026-06-03,14:00,B152PR,"LI	0	00:08:52.229	Core 04	2026.06.03 14:00:00   [SRJ-IND] B152PR sym=USDJPY bar=2026.06.03 13:55 z1=2509,B,159.134,159.195,2026.05.29 19:10,1,2026.05.29 19:35,159.215,159.186"
1008,JUNE0525-B162,1617DC1ACCE6B50ED2D1359582A70A8B8503C569623EE90C18C6B33542796207,Tester/logs/20261011.log,970064,2026-06-03,14:00,B152PR,"MO	0	00:08:52.229	Core 04	2026.06.03 14:00:00   [SRJ-IND] B152PR sym=USDJPY bar=2026.06.03 13:55 z1=2566,B,159.382,159.407,2026.06.01 03:15,1,2026.06.03 11:30,159.790,159.368"
1009,JUNE0525-B162,1617DC1ACCE6B50ED2D1359582A70A8B8503C569623EE90C18C6B33542796207,Tester/logs/20261011.log,970065,2026-06-03,14:00,B152PR,"CE	0	00:08:52.229	Core 04	2026.06.03 14:00:00   [SRJ-IND] B152PR sym=USDJPY bar=2026.06.03 13:55 z1=2648,B,159.435,159.481,2026.06.01 16:00,1,2026.06.03 11:30,159.790,159.368"
1010,JUNE0525-B162,1617DC1ACCE6B50ED2D1359582A70A8B8503C569623EE90C18C6B33542796207,Tester/logs/20261011.log,970066,2026-06-03,14:00,B152PR,"PK	0	00:08:52.229	Core 04	2026.06.03 14:00:00   [SRJ-IND] B152PR sym=USDJPY bar=2026.06.03 13:55 z1=2716,B,159.576,159.603,2026.06.02 03:10,1,2026.06.03 10:35,159.787,159.550"
1011,JUNE0525-B162,1617DC1ACCE6B50ED2D1359582A70A8B8503C569623EE90C18C6B33542796207,Tester/logs/20261011.log,970067,2026-06-03,14:00,B152PR,"JQ	0	00:08:52.229	Core 04	2026.06.03 14:00:00   [SRJ-IND] B152PR sym=USDJPY bar=2026.06.03 13:55 z1=2720,B,159.586,159.605,2026.06.02 01:05,1,2026.06.03 10:35,159.787,159.550"
1012,JUNE0525-B162,1617DC1ACCE6B50ED2D1359582A70A8B8503C569623EE90C18C6B33542796207,Tester/logs/20261011.log,970068,2026-06-03,14:00,B152PR,"FG	0	00:08:52.229	Core 04	2026.06.03 14:00:00   [SRJ-IND] B152PR sym=USDJPY bar=2026.06.03 13:55 z1=2945,B,159.579,159.675,2026.06.03 11:15,1,2026.06.03 11:25,159.727,159.674"
1013,JUNE0525-B162,1617DC1ACCE6B50ED2D1359582A70A8B8503C569623EE90C18C6B33542796207,Tester/logs/20261011.log,970069,2026-06-03,14:00,B152PR,"PO	0	00:08:52.229	Core 04	2026.06.03 14:00:00   [SRJ-IND] B152PR sym=USDJPY bar=2026.06.03 13:55 bull=1 bear=0 nz=23"
1014,JUNE0525-B162,1617DC1ACCE6B50ED2D1359582A70A8B8503C569623EE90C18C6B33542796207,Tester/logs/20261011.log,970070,2026-06-03,14:00,B162ORIGIN,"OF	0	00:08:52.229	Core 04	2026.06.03 14:00:00   [SRJ-IND] B162ORIGIN sym=USDJPY bar=2026.06.03 13:55 side=B n=23 origin=2945 range=159.579-159.675 formT=2026.06.03 10:50 set=65,78,212,256,261,313,414,447,449,460,696,714,724,1405,1779,1780,1949,2509,2566,2648,2716,2720,2945"
1015,JUNE0525-B162,1617DC1ACCE6B50ED2D1359582A70A8B8503C569623EE90C18C6B33542796207,Tester/logs/20261011.log,970071,2026-06-03,14:00,B162ORIGIN,"IP	0	00:08:52.229	Core 04	2026.06.03 14:00:00   [SRJ-IND] B162ORIGIN sym=USDJPY bar=2026.06.03 13:55 side=S n=0 origin=NONE range=- formT=- set=-"
1016,JUNE0525-B162,1617DC1ACCE6B50ED2D1359582A70A8B8503C569623EE90C18C6B33542796207,Tester/logs/20261011.log,970077,2026-06-03,14:05,B152PR,"PS	0	00:08:52.229	Core 04	2026.06.03 14:05:00   [SRJ-IND] B152PR sym=USDJPY bar=2026.06.03 14:00 z1=65,B,156.672,156.773,2026.05.11 04:10,1,2026.05.12 08:55,157.714,156.726"
1017,JUNE0525-B162,1617DC1ACCE6B50ED2D1359582A70A8B8503C569623EE90C18C6B33542796207,Tester/logs/20261011.log,970078,2026-06-03,14:05,B152PR,"PI	0	00:08:52.229	Core 04	2026.06.03 14:05:00   [SRJ-IND] B152PR sym=USDJPY bar=2026.06.03 14:00 z1=78,B,156.578,156.584,2026.05.11 00:35,1,2026.05.11 00:40,156.644,156.537"
1018,JUNE0525-B162,1617DC1ACCE6B50ED2D1359582A70A8B8503C569623EE90C18C6B33542796207,Tester/logs/20261011.log,970079,2026-06-03,14:05,B152PR,"RO	0	00:08:52.229	Core 04	2026.06.03 14:05:00   [SRJ-IND] B152PR sym=USDJPY bar=2026.06.03 14:00 z1=212,B,157.028,157.060,2026.05.11 19:20,1,2026.05.12 00:00,157.152,157.050"
1019,JUNE0525-B162,1617DC1ACCE6B50ED2D1359582A70A8B8503C569623EE90C18C6B33542796207,Tester/logs/20261011.log,970080,2026-06-03,14:05,B152PR,"RQ	0	00:08:52.229	Core 04	2026.06.03 14:05:00   [SRJ-IND] B152PR sym=USDJPY bar=2026.06.03 14:00 z1=256,B,157.172,157.178,2026.05.12 01:25,1,2026.05.12 08:55,157.714,156.726"
1020,JUNE0525-B162,1617DC1ACCE6B50ED2D1359582A70A8B8503C569623EE90C18C6B33542796207,Tester/logs/20261011.log,970081,2026-06-03,14:05,B152PR,"HK	0	00:08:52.229	Core 04	2026.06.03 14:05:00   [SRJ-IND] B152PR sym=USDJPY bar=2026.06.03 14:00 z1=261,B,157.184,157.192,2026.05.12 03:00,1,2026.05.12 08:55,157.714,156.726"
1021,JUNE0525-B162,1617DC1ACCE6B50ED2D1359582A70A8B8503C569623EE90C18C6B33542796207,Tester/logs/20261011.log,970082,2026-06-03,14:05,B152PR,"LM	0	00:08:52.229	Core 04	2026.06.03 14:05:00   [SRJ-IND] B152PR sym=USDJPY bar=2026.06.03 14:00 z1=313,B,157.331,157.497,2026.05.12 10:00,1,2026.05.12 10:10,157.546,157.487"
1022,JUNE0525-B162,1617DC1ACCE6B50ED2D1359582A70A8B8503C569623EE90C18C6B33542796207,Tester/logs/20261011.log,970083,2026-06-03,14:05,B152PR,"QG	0	00:08:52.229	Core 04	2026.06.03 14:05:00   [SRJ-IND] B152PR sym=USDJPY bar=2026.06.03 14:00 z1=414,B,157.517,157.589,2026.05.13 01:10,1,2026.05.13 01:20,157.607,157.587"
1023,JUNE0525-B162,1617DC1ACCE6B50ED2D1359582A70A8B8503C569623EE90C18C6B33542796207,Tester/logs/20261011.log,970084,2026-06-03,14:05,B152PR,"FI	0	00:08:52.229	Core 04	2026.06.03 14:05:00   [SRJ-IND] B152PR sym=USDJPY bar=2026.06.03 14:00 z1=447,B,157.562,157.648,2026.05.13 06:20,1,2026.05.13 06:25,157.662,157.648"
1024,JUNE0525-B162,1617DC1ACCE6B50ED2D1359582A70A8B8503C569623EE90C18C6B33542796207,Tester/logs/20261011.log,970085,2026-06-03,14:05,B152PR,"ES	0	00:08:52.229	Core 04	2026.06.03 14:05:00   [SRJ-IND] B152PR sym=USDJPY bar=2026.06.03 14:00 z1=449,B,157.599,157.654,2026.05.13 05:15,1,2026.05.13 05:45,157.687,157.652"
1025,JUNE0525-B162,1617DC1ACCE6B50ED2D1359582A70A8B8503C569623EE90C18C6B33542796207,Tester/logs/20261011.log,970086,2026-06-03,14:05,B152PR,"LE	0	00:08:52.229	Core 04	2026.06.03 14:05:00   [SRJ-IND] B152PR sym=USDJPY bar=2026.06.03 14:00 z1=460,B,157.645,157.660,2026.05.13 07:05,1,2026.05.14 00:25,157.812,157.650"
1026,JUNE0525-B162,1617DC1ACCE6B50ED2D1359582A70A8B8503C569623EE90C18C6B33542796207,Tester/logs/20261011.log,970087,2026-06-03,14:05,B152PR,"DN	0	00:08:52.229	Core 04	2026.06.03 14:05:00   [SRJ-IND] B152PR sym=USDJPY bar=2026.06.03 14:00 z1=696,B,157.568,158.167,2026.05.14 18:05,1,2026.05.14 18:10,158.191,158.119"
1027,JUNE0525-B162,1617DC1ACCE6B50ED2D1359582A70A8B8503C569623EE90C18C6B33542796207,Tester/logs/20261011.log,970088,2026-06-03,14:05,B152PR,"LP	0	00:08:52.229	Core 04	2026.06.03 14:05:00   [SRJ-IND] B152PR sym=USDJPY bar=2026.06.03 14:00 z1=714,B,158.107,158.142,2026.05.14 19:30,1,2026.05.14 20:00,158.169,158.142"
1028,JUNE0525-B162,1617DC1ACCE6B50ED2D1359582A70A8B8503C569623EE90C18C6B33542796207,Tester/logs/20261011.log,970089,2026-06-03,14:05,B152PR,"MJ	0	00:08:52.229	Core 04	2026.06.03 14:05:00   [SRJ-IND] B152PR sym=USDJPY bar=2026.06.03 14:00 z1=724,B,158.168,158.186,2026.05.14 21:00,1,2026.05.14 21:05,158.191,158.182"
1029,JUNE0525-B162,1617DC1ACCE6B50ED2D1359582A70A8B8503C569623EE90C18C6B33542796207,Tester/logs/20261011.log,970090,2026-06-03,14:05,B152PR,"OO	0	00:08:52.229	Core 04	2026.06.03 14:05:00   [SRJ-IND] B152PR sym=USDJPY bar=2026.06.03 14:00 z1=1405,B,158.735,158.769,2026.05.20 19:00,1,2026.05.20 19:05,158.816,158.753"
1030,JUNE0525-B162,1617DC1ACCE6B50ED2D1359582A70A8B8503C569623EE90C18C6B33542796207,Tester/logs/20261011.log,970091,2026-06-03,14:05,B152PR,"EE	0	00:08:52.229	Core 04	2026.06.03 14:05:00   [SRJ-IND] B152PR sym=USDJPY bar=2026.06.03 14:00 z1=1779,B,158.756,158.800,2026.05.25 06:45,1,2026.05.26 00:00,158.887,158.784"
1031,JUNE0525-B162,1617DC1ACCE6B50ED2D1359582A70A8B8503C569623EE90C18C6B33542796207,Tester/logs/20261011.log,970092,2026-06-03,14:05,B152PR,"HK	0	00:08:52.229	Core 04	2026.06.03 14:05:00   [SRJ-IND] B152PR sym=USDJPY bar=2026.06.03 14:00 z1=1780,B,158.789,158.814,2026.05.25 04:50,1,2026.05.26 00:00,158.887,158.784"
1032,JUNE0525-B162,1617DC1ACCE6B50ED2D1359582A70A8B8503C569623EE90C18C6B33542796207,Tester/logs/20261011.log,970093,2026-06-03,14:05,B152PR,"QQ	0	00:08:52.229	Core 04	2026.06.03 14:05:00   [SRJ-IND] B152PR sym=USDJPY bar=2026.06.03 14:00 z1=1949,B,158.916,158.934,2026.05.26 07:25,1,2026.05.26 07:30,158.942,158.934"
1033,JUNE0525-B162,1617DC1ACCE6B50ED2D1359582A70A8B8503C569623EE90C18C6B33542796207,Tester/logs/20261011.log,970094,2026-06-03,14:05,B152PR,"HG	0	00:08:52.229	Core 04	2026.06.03 14:05:00   [SRJ-IND] B152PR sym=USDJPY bar=2026.06.03 14:00 z1=2509,B,159.134,159.195,2026.05.29 19:10,1,2026.05.29 19:35,159.215,159.186"
1034,JUNE0525-B162,1617DC1ACCE6B50ED2D1359582A70A8B8503C569623EE90C18C6B33542796207,Tester/logs/20261011.log,970095,2026-06-03,14:05,B152PR,"IM	0	00:08:52.229	Core 04	2026.06.03 14:05:00   [SRJ-IND] B152PR sym=USDJPY bar=2026.06.03 14:00 z1=2566,B,159.382,159.407,2026.06.01 03:15,1,2026.06.03 11:30,159.790,159.368"
1035,JUNE0525-B162,1617DC1ACCE6B50ED2D1359582A70A8B8503C569623EE90C18C6B33542796207,Tester/logs/20261011.log,970096,2026-06-03,14:05,B152PR,"OS	0	00:08:52.229	Core 04	2026.06.03 14:05:00   [SRJ-IND] B152PR sym=USDJPY bar=2026.06.03 14:00 z1=2648,B,159.435,159.481,2026.06.01 16:00,1,2026.06.03 11:30,159.790,159.368"
1036,JUNE0525-B162,1617DC1ACCE6B50ED2D1359582A70A8B8503C569623EE90C18C6B33542796207,Tester/logs/20261011.log,970097,2026-06-03,14:05,B152PR,"DI	0	00:08:52.229	Core 04	2026.06.03 14:05:00   [SRJ-IND] B152PR sym=USDJPY bar=2026.06.03 14:00 z1=2716,B,159.576,159.603,2026.06.02 03:10,1,2026.06.03 10:35,159.787,159.550"
1037,JUNE0525-B162,1617DC1ACCE6B50ED2D1359582A70A8B8503C569623EE90C18C6B33542796207,Tester/logs/20261011.log,970098,2026-06-03,14:05,B152PR,"NO	0	00:08:52.229	Core 04	2026.06.03 14:05:00   [SRJ-IND] B152PR sym=USDJPY bar=2026.06.03 14:00 z1=2720,B,159.586,159.605,2026.06.02 01:05,1,2026.06.03 10:35,159.787,159.550"
1038,JUNE0525-B162,1617DC1ACCE6B50ED2D1359582A70A8B8503C569623EE90C18C6B33542796207,Tester/logs/20261011.log,970099,2026-06-03,14:05,B152PR,"RE	0	00:08:52.229	Core 04	2026.06.03 14:05:00   [SRJ-IND] B152PR sym=USDJPY bar=2026.06.03 14:00 z1=2945,B,159.579,159.675,2026.06.03 11:15,1,2026.06.03 11:25,159.727,159.674"
1039,JUNE0525-B162,1617DC1ACCE6B50ED2D1359582A70A8B8503C569623EE90C18C6B33542796207,Tester/logs/20261011.log,970100,2026-06-03,14:05,B152PR,"DI	0	00:08:52.229	Core 04	2026.06.03 14:05:00   [SRJ-IND] B152PR sym=USDJPY bar=2026.06.03 14:00 bull=1 bear=0 nz=23"
1040,JUNE0525-B162,1617DC1ACCE6B50ED2D1359582A70A8B8503C569623EE90C18C6B33542796207,Tester/logs/20261011.log,970101,2026-06-03,14:05,B162ORIGIN,"KD	0	00:08:52.229	Core 04	2026.06.03 14:05:00   [SRJ-IND] B162ORIGIN sym=USDJPY bar=2026.06.03 14:00 side=B n=23 origin=2945 range=159.579-159.675 formT=2026.06.03 10:50 set=65,78,212,256,261,313,414,447,449,460,696,714,724,1405,1779,1780,1949,2509,2566,2648,2716,2720,2945"
1041,JUNE0525-B162,1617DC1ACCE6B50ED2D1359582A70A8B8503C569623EE90C18C6B33542796207,Tester/logs/20261011.log,970102,2026-06-03,14:05,B162ORIGIN,"IF	0	00:08:52.229	Core 04	2026.06.03 14:05:00   [SRJ-IND] B162ORIGIN sym=USDJPY bar=2026.06.03 14:00 side=S n=0 origin=NONE range=- formT=- set=-"
1042,JUNE0525-B162,1617DC1ACCE6B50ED2D1359582A70A8B8503C569623EE90C18C6B33542796207,Tester/logs/20261011.log,970109,2026-06-03,14:10,B152PR,"EQ	0	00:08:52.229	Core 04	2026.06.03 14:10:00   [SRJ-IND] B152PR sym=USDJPY bar=2026.06.03 14:05 z1=65,B,156.672,156.773,2026.05.11 04:10,1,2026.05.12 08:55,157.714,156.726"
1043,JUNE0525-B162,1617DC1ACCE6B50ED2D1359582A70A8B8503C569623EE90C18C6B33542796207,Tester/logs/20261011.log,970110,2026-06-03,14:10,B152PR,"MG	0	00:08:52.229	Core 04	2026.06.03 14:10:00   [SRJ-IND] B152PR sym=USDJPY bar=2026.06.03 14:05 z1=78,B,156.578,156.584,2026.05.11 00:35,1,2026.05.11 00:40,156.644,156.537"
1044,JUNE0525-B162,1617DC1ACCE6B50ED2D1359582A70A8B8503C569623EE90C18C6B33542796207,Tester/logs/20261011.log,970111,2026-06-03,14:10,B152PR,"CN	0	00:08:52.229	Core 04	2026.06.03 14:10:00   [SRJ-IND] B152PR sym=USDJPY bar=2026.06.03 14:05 z1=212,B,157.028,157.060,2026.05.11 19:20,1,2026.05.12 00:00,157.152,157.050"
1045,JUNE0525-B162,1617DC1ACCE6B50ED2D1359582A70A8B8503C569623EE90C18C6B33542796207,Tester/logs/20261011.log,970112,2026-06-03,14:10,B152PR,"OS	0	00:08:52.229	Core 04	2026.06.03 14:10:00   [SRJ-IND] B152PR sym=USDJPY bar=2026.06.03 14:05 z1=256,B,157.172,157.178,2026.05.12 01:25,1,2026.05.12 08:55,157.714,156.726"
1046,JUNE0525-B162,1617DC1ACCE6B50ED2D1359582A70A8B8503C569623EE90C18C6B33542796207,Tester/logs/20261011.log,970113,2026-06-03,14:10,B152PR,"EE	0	00:08:52.229	Core 04	2026.06.03 14:10:00   [SRJ-IND] B152PR sym=USDJPY bar=2026.06.03 14:05 z1=261,B,157.184,157.192,2026.05.12 03:00,1,2026.05.12 08:55,157.714,156.726"
1047,JUNE0525-B162,1617DC1ACCE6B50ED2D1359582A70A8B8503C569623EE90C18C6B33542796207,Tester/logs/20261011.log,970114,2026-06-03,14:10,B152PR,"MO	0	00:08:52.229	Core 04	2026.06.03 14:10:00   [SRJ-IND] B152PR sym=USDJPY bar=2026.06.03 14:05 z1=313,B,157.331,157.497,2026.05.12 10:00,1,2026.05.12 10:10,157.546,157.487"
1048,JUNE0525-B162,1617DC1ACCE6B50ED2D1359582A70A8B8503C569623EE90C18C6B33542796207,Tester/logs/20261011.log,970115,2026-06-03,14:10,B152PR,"DQ	0	00:08:52.229	Core 04	2026.06.03 14:10:00   [SRJ-IND] B152PR sym=USDJPY bar=2026.06.03 14:05 z1=414,B,157.517,157.589,2026.05.13 01:10,1,2026.05.13 01:20,157.607,157.587"
1049,JUNE0525-B162,1617DC1ACCE6B50ED2D1359582A70A8B8503C569623EE90C18C6B33542796207,Tester/logs/20261011.log,970116,2026-06-03,14:10,B152PR,"CK	0	00:08:52.229	Core 04	2026.06.03 14:10:00   [SRJ-IND] B152PR sym=USDJPY bar=2026.06.03 14:05 z1=447,B,157.562,157.648,2026.05.13 06:20,1,2026.05.13 06:25,157.662,157.648"
1050,JUNE0525-B162,1617DC1ACCE6B50ED2D1359582A70A8B8503C569623EE90C18C6B33542796207,Tester/logs/20261011.log,970117,2026-06-03,14:10,B152PR,"HM	0	00:08:52.229	Core 04	2026.06.03 14:10:00   [SRJ-IND] B152PR sym=USDJPY bar=2026.06.03 14:05 z1=449,B,157.599,157.654,2026.05.13 05:15,1,2026.05.13 05:45,157.687,157.652"
1051,JUNE0525-B162,1617DC1ACCE6B50ED2D1359582A70A8B8503C569623EE90C18C6B33542796207,Tester/logs/20261011.log,970118,2026-06-03,14:10,B152PR,"MG	0	00:08:52.229	Core 04	2026.06.03 14:10:00   [SRJ-IND] B152PR sym=USDJPY bar=2026.06.03 14:05 z1=460,B,157.645,157.660,2026.05.13 07:05,1,2026.05.14 00:25,157.812,157.650"
1052,JUNE0525-B162,1617DC1ACCE6B50ED2D1359582A70A8B8503C569623EE90C18C6B33542796207,Tester/logs/20261011.log,970119,2026-06-03,14:10,B152PR,"QI	0	00:08:52.229	Core 04	2026.06.03 14:10:00   [SRJ-IND] B152PR sym=USDJPY bar=2026.06.03 14:05 z1=696,B,157.568,158.167,2026.05.14 18:05,1,2026.05.14 18:10,158.191,158.119"
1053,JUNE0525-B162,1617DC1ACCE6B50ED2D1359582A70A8B8503C569623EE90C18C6B33542796207,Tester/logs/20261011.log,970120,2026-06-03,14:10,B152PR,"MR	0	00:08:52.229	Core 04	2026.06.03 14:10:00   [SRJ-IND] B152PR sym=USDJPY bar=2026.06.03 14:05 z1=714,B,158.107,158.142,2026.05.14 19:30,1,2026.05.14 20:00,158.169,158.142"
1054,JUNE0525-B162,1617DC1ACCE6B50ED2D1359582A70A8B8503C569623EE90C18C6B33542796207,Tester/logs/20261011.log,970121,2026-06-03,14:10,B152PR,"PD	0	00:08:52.229	Core 04	2026.06.03 14:10:00   [SRJ-IND] B152PR sym=USDJPY bar=2026.06.03 14:05 z1=724,B,158.168,158.186,2026.05.14 21:00,1,2026.05.14 21:05,158.191,158.182"
1055,JUNE0525-B162,1617DC1ACCE6B50ED2D1359582A70A8B8503C569623EE90C18C6B33542796207,Tester/logs/20261011.log,970122,2026-06-03,14:10,B152PR,"RM	0	00:08:52.229	Core 04	2026.06.03 14:10:00   [SRJ-IND] B152PR sym=USDJPY bar=2026.06.03 14:05 z1=1405,B,158.735,158.769,2026.05.20 19:00,1,2026.05.20 19:05,158.816,158.753"
1056,JUNE0525-B162,1617DC1ACCE6B50ED2D1359582A70A8B8503C569623EE90C18C6B33542796207,Tester/logs/20261011.log,970123,2026-06-03,14:10,B152PR,"DS	0	00:08:52.229	Core 04	2026.06.03 14:10:00   [SRJ-IND] B152PR sym=USDJPY bar=2026.06.03 14:05 z1=1779,B,158.756,158.800,2026.05.25 06:45,1,2026.05.26 00:00,158.887,158.784"
1057,JUNE0525-B162,1617DC1ACCE6B50ED2D1359582A70A8B8503C569623EE90C18C6B33542796207,Tester/logs/20261011.log,970124,2026-06-03,14:10,B152PR,"II	0	00:08:52.229	Core 04	2026.06.03 14:10:00   [SRJ-IND] B152PR sym=USDJPY bar=2026.06.03 14:05 z1=1780,B,158.789,158.814,2026.05.25 04:50,1,2026.05.26 00:00,158.887,158.784"
1058,JUNE0525-B162,1617DC1ACCE6B50ED2D1359582A70A8B8503C569623EE90C18C6B33542796207,Tester/logs/20261011.log,970125,2026-06-03,14:10,B152PR,"PO	0	00:08:52.229	Core 04	2026.06.03 14:10:00   [SRJ-IND] B152PR sym=USDJPY bar=2026.06.03 14:05 z1=1949,B,158.916,158.934,2026.05.26 07:25,1,2026.05.26 07:30,158.942,158.934"
1059,JUNE0525-B162,1617DC1ACCE6B50ED2D1359582A70A8B8503C569623EE90C18C6B33542796207,Tester/logs/20261011.log,970126,2026-06-03,14:10,B152PR,"IE	0	00:08:52.229	Core 04	2026.06.03 14:10:00   [SRJ-IND] B152PR sym=USDJPY bar=2026.06.03 14:05 z1=2509,B,159.134,159.195,2026.05.29 19:10,1,2026.05.29 19:35,159.215,159.186"
1060,JUNE0525-B162,1617DC1ACCE6B50ED2D1359582A70A8B8503C569623EE90C18C6B33542796207,Tester/logs/20261011.log,970127,2026-06-03,14:10,B152PR,"HK	0	00:08:52.229	Core 04	2026.06.03 14:10:00   [SRJ-IND] B152PR sym=USDJPY bar=2026.06.03 14:05 z1=2566,B,159.382,159.407,2026.06.01 03:15,1,2026.06.03 11:30,159.790,159.368"
1061,JUNE0525-B162,1617DC1ACCE6B50ED2D1359582A70A8B8503C569623EE90C18C6B33542796207,Tester/logs/20261011.log,970128,2026-06-03,14:10,B152PR,"RQ	0	00:08:52.229	Core 04	2026.06.03 14:10:00   [SRJ-IND] B152PR sym=USDJPY bar=2026.06.03 14:05 z1=2648,B,159.435,159.481,2026.06.01 16:00,1,2026.06.03 11:30,159.790,159.368"
1062,JUNE0525-B162,1617DC1ACCE6B50ED2D1359582A70A8B8503C569623EE90C18C6B33542796207,Tester/logs/20261011.log,970129,2026-06-03,14:10,B152PR,"EG	0	00:08:52.229	Core 04	2026.06.03 14:10:00   [SRJ-IND] B152PR sym=USDJPY bar=2026.06.03 14:05 z1=2716,B,159.576,159.603,2026.06.02 03:10,1,2026.06.03 10:35,159.787,159.550"
1063,JUNE0525-B162,1617DC1ACCE6B50ED2D1359582A70A8B8503C569623EE90C18C6B33542796207,Tester/logs/20261011.log,970130,2026-06-03,14:10,B152PR,"KM	0	00:08:52.229	Core 04	2026.06.03 14:10:00   [SRJ-IND] B152PR sym=USDJPY bar=2026.06.03 14:05 z1=2720,B,159.586,159.605,2026.06.02 01:05,1,2026.06.03 10:35,159.787,159.550"
1064,JUNE0525-B162,1617DC1ACCE6B50ED2D1359582A70A8B8503C569623EE90C18C6B33542796207,Tester/logs/20261011.log,970131,2026-06-03,14:10,B152PR,"OS	0	00:08:52.229	Core 04	2026.06.03 14:10:00   [SRJ-IND] B152PR sym=USDJPY bar=2026.06.03 14:05 z1=2945,B,159.579,159.675,2026.06.03 11:15,1,2026.06.03 11:25,159.727,159.674"
1065,JUNE0525-B162,1617DC1ACCE6B50ED2D1359582A70A8B8503C569623EE90C18C6B33542796207,Tester/logs/20261011.log,970132,2026-06-03,14:10,B152PR,"EK	0	00:08:52.229	Core 04	2026.06.03 14:10:00   [SRJ-IND] B152PR sym=USDJPY bar=2026.06.03 14:05 bull=1 bear=0 nz=23"
1066,JUNE0525-B162,1617DC1ACCE6B50ED2D1359582A70A8B8503C569623EE90C18C6B33542796207,Tester/logs/20261011.log,970133,2026-06-03,14:10,B162ORIGIN,"NJ	0	00:08:52.229	Core 04	2026.06.03 14:10:00   [SRJ-IND] B162ORIGIN sym=USDJPY bar=2026.06.03 14:05 side=B n=23 origin=2945 range=159.579-159.675 formT=2026.06.03 10:50 set=65,78,212,256,261,313,414,447,449,460,696,714,724,1405,1779,1780,1949,2509,2566,2648,2716,2720,2945"
1067,JUNE0525-B162,1617DC1ACCE6B50ED2D1359582A70A8B8503C569623EE90C18C6B33542796207,Tester/logs/20261011.log,970134,2026-06-03,14:10,B162ORIGIN,"DD	0	00:08:52.229	Core 04	2026.06.03 14:10:00   [SRJ-IND] B162ORIGIN sym=USDJPY bar=2026.06.03 14:05 side=S n=0 origin=NONE range=- formT=- set=-"
1068,JUNE0525-B162,1617DC1ACCE6B50ED2D1359582A70A8B8503C569623EE90C18C6B33542796207,Tester/logs/20261011.log,970141,2026-06-03,14:15,B152PR,"FO	0	00:08:52.229	Core 04	2026.06.03 14:15:02   [SRJ-IND] B152PR sym=USDJPY bar=2026.06.03 14:10 z1=65,B,156.672,156.773,2026.05.11 04:10,1,2026.05.12 08:55,157.714,156.726"
1069,JUNE0525-B162,1617DC1ACCE6B50ED2D1359582A70A8B8503C569623EE90C18C6B33542796207,Tester/logs/20261011.log,970142,2026-06-03,14:15,B152PR,"NE	0	00:08:52.229	Core 04	2026.06.03 14:15:02   [SRJ-IND] B152PR sym=USDJPY bar=2026.06.03 14:10 z1=78,B,156.578,156.584,2026.05.11 00:35,1,2026.05.11 00:40,156.644,156.537"
1070,JUNE0525-B162,1617DC1ACCE6B50ED2D1359582A70A8B8503C569623EE90C18C6B33542796207,Tester/logs/20261011.log,970143,2026-06-03,14:15,B152PR,"DH	0	00:08:52.229	Core 04	2026.06.03 14:15:02   [SRJ-IND] B152PR sym=USDJPY bar=2026.06.03 14:10 z1=212,B,157.028,157.060,2026.05.11 19:20,1,2026.05.12 00:00,157.152,157.050"
1071,JUNE0525-B162,1617DC1ACCE6B50ED2D1359582A70A8B8503C569623EE90C18C6B33542796207,Tester/logs/20261011.log,970144,2026-06-03,14:15,B152PR,"DR	0	00:08:52.229	Core 04	2026.06.03 14:15:02   [SRJ-IND] B152PR sym=USDJPY bar=2026.06.03 14:10 z1=256,B,157.172,157.178,2026.05.12 01:25,1,2026.05.12 08:55,157.714,156.726"
1072,JUNE0525-B162,1617DC1ACCE6B50ED2D1359582A70A8B8503C569623EE90C18C6B33542796207,Tester/logs/20261011.log,970145,2026-06-03,14:15,B152PR,"FG	0	00:08:52.229	Core 04	2026.06.03 14:15:02   [SRJ-IND] B152PR sym=USDJPY bar=2026.06.03 14:10 z1=261,B,157.184,157.192,2026.05.12 03:00,1,2026.05.12 08:55,157.714,156.726"
1073,JUNE0525-B162,1617DC1ACCE6B50ED2D1359582A70A8B8503C569623EE90C18C6B33542796207,Tester/logs/20261011.log,970146,2026-06-03,14:15,B152PR,"RI	0	00:08:52.229	Core 04	2026.06.03 14:15:02   [SRJ-IND] B152PR sym=USDJPY bar=2026.06.03 14:10 z1=313,B,157.331,157.497,2026.05.12 10:00,1,2026.05.12 10:10,157.546,157.487"
1074,JUNE0525-B162,1617DC1ACCE6B50ED2D1359582A70A8B8503C569623EE90C18C6B33542796207,Tester/logs/20261011.log,970147,2026-06-03,14:15,B152PR,"CS	0	00:08:52.229	Core 04	2026.06.03 14:15:02   [SRJ-IND] B152PR sym=USDJPY bar=2026.06.03 14:10 z1=414,B,157.517,157.589,2026.05.13 01:10,1,2026.05.13 01:20,157.607,157.587"
1075,JUNE0525-B162,1617DC1ACCE6B50ED2D1359582A70A8B8503C569623EE90C18C6B33542796207,Tester/logs/20261011.log,970148,2026-06-03,14:15,B152PR,"PE	0	00:08:52.229	Core 04	2026.06.03 14:15:02   [SRJ-IND] B152PR sym=USDJPY bar=2026.06.03 14:10 z1=447,B,157.562,157.648,2026.05.13 06:20,1,2026.05.13 06:25,157.662,157.648"
1076,JUNE0525-B162,1617DC1ACCE6B50ED2D1359582A70A8B8503C569623EE90C18C6B33542796207,Tester/logs/20261011.log,970149,2026-06-03,14:15,B152PR,"GO	0	00:08:52.229	Core 04	2026.06.03 14:15:02   [SRJ-IND] B152PR sym=USDJPY bar=2026.06.03 14:10 z1=449,B,157.599,157.654,2026.05.13 05:15,1,2026.05.13 05:45,157.687,157.652"
1077,JUNE0525-B162,1617DC1ACCE6B50ED2D1359582A70A8B8503C569623EE90C18C6B33542796207,Tester/logs/20261011.log,970150,2026-06-03,14:15,B152PR,"RQ	0	00:08:52.229	Core 04	2026.06.03 14:15:02   [SRJ-IND] B152PR sym=USDJPY bar=2026.06.03 14:10 z1=460,B,157.645,157.660,2026.05.13 07:05,1,2026.05.14 00:25,157.812,157.650"
1078,JUNE0525-B162,1617DC1ACCE6B50ED2D1359582A70A8B8503C569623EE90C18C6B33542796207,Tester/logs/20261011.log,970151,2026-06-03,14:15,B152PR,"RK	0	00:08:52.229	Core 04	2026.06.03 14:15:02   [SRJ-IND] B152PR sym=USDJPY bar=2026.06.03 14:10 z1=696,B,157.568,158.167,2026.05.14 18:05,1,2026.05.14 18:10,158.191,158.119"
1079,JUNE0525-B162,1617DC1ACCE6B50ED2D1359582A70A8B8503C569623EE90C18C6B33542796207,Tester/logs/20261011.log,970152,2026-06-03,14:15,B152PR,"JM	0	00:08:52.229	Core 04	2026.06.03 14:15:02   [SRJ-IND] B152PR sym=USDJPY bar=2026.06.03 14:10 z1=714,B,158.107,158.142,2026.05.14 19:30,1,2026.05.14 20:00,158.169,158.142"
1080,JUNE0525-B162,1617DC1ACCE6B50ED2D1359582A70A8B8503C569623EE90C18C6B33542796207,Tester/logs/20261011.log,970153,2026-06-03,14:15,B152PR,"OF	0	00:08:52.229	Core 04	2026.06.03 14:15:02   [SRJ-IND] B152PR sym=USDJPY bar=2026.06.03 14:10 z1=724,B,158.168,158.186,2026.05.14 21:00,1,2026.05.14 21:05,158.191,158.182"
1081,JUNE0525-B162,1617DC1ACCE6B50ED2D1359582A70A8B8503C569623EE90C18C6B33542796207,Tester/logs/20261011.log,970154,2026-06-03,14:15,B152PR,"MK	0	00:08:52.229	Core 04	2026.06.03 14:15:02   [SRJ-IND] B152PR sym=USDJPY bar=2026.06.03 14:10 z1=1405,B,158.735,158.769,2026.05.20 19:00,1,2026.05.20 19:05,158.816,158.753"
1082,JUNE0525-B162,1617DC1ACCE6B50ED2D1359582A70A8B8503C569623EE90C18C6B33542796207,Tester/logs/20261011.log,970155,2026-06-03,14:15,B152PR,"GQ	0	00:08:52.229	Core 04	2026.06.03 14:15:02   [SRJ-IND] B152PR sym=USDJPY bar=2026.06.03 14:10 z1=1779,B,158.756,158.800,2026.05.25 06:45,1,2026.05.26 00:00,158.887,158.784"
1083,JUNE0525-B162,1617DC1ACCE6B50ED2D1359582A70A8B8503C569623EE90C18C6B33542796207,Tester/logs/20261011.log,970156,2026-06-03,14:15,B152PR,"FG	0	00:08:52.229	Core 04	2026.06.03 14:15:02   [SRJ-IND] B152PR sym=USDJPY bar=2026.06.03 14:10 z1=1780,B,158.789,158.814,2026.05.25 04:50,1,2026.05.26 00:00,158.887,158.784"
1084,JUNE0525-B162,1617DC1ACCE6B50ED2D1359582A70A8B8503C569623EE90C18C6B33542796207,Tester/logs/20261011.log,970157,2026-06-03,14:15,B152PR,"KM	0	00:08:52.229	Core 04	2026.06.03 14:15:02   [SRJ-IND] B152PR sym=USDJPY bar=2026.06.03 14:10 z1=1949,B,158.916,158.934,2026.05.26 07:25,1,2026.05.26 07:30,158.942,158.934"
1085,JUNE0525-B162,1617DC1ACCE6B50ED2D1359582A70A8B8503C569623EE90C18C6B33542796207,Tester/logs/20261011.log,970158,2026-06-03,14:15,B152PR,"FS	0	00:08:52.229	Core 04	2026.06.03 14:15:02   [SRJ-IND] B152PR sym=USDJPY bar=2026.06.03 14:10 z1=2509,B,159.134,159.195,2026.05.29 19:10,1,2026.05.29 19:35,159.215,159.186"
1086,JUNE0525-B162,1617DC1ACCE6B50ED2D1359582A70A8B8503C569623EE90C18C6B33542796207,Tester/logs/20261011.log,970159,2026-06-03,14:15,B152PR,"CI	0	00:08:52.229	Core 04	2026.06.03 14:15:02   [SRJ-IND] B152PR sym=USDJPY bar=2026.06.03 14:10 z1=2566,B,159.382,159.407,2026.06.01 03:15,1,2026.06.03 11:30,159.790,159.368"
1087,JUNE0525-B162,1617DC1ACCE6B50ED2D1359582A70A8B8503C569623EE90C18C6B33542796207,Tester/logs/20261011.log,970160,2026-06-03,14:15,B152PR,"MO	0	00:08:52.229	Core 04	2026.06.03 14:15:02   [SRJ-IND] B152PR sym=USDJPY bar=2026.06.03 14:10 z1=2648,B,159.435,159.481,2026.06.01 16:00,1,2026.06.03 11:30,159.790,159.368"
1088,JUNE0525-B162,1617DC1ACCE6B50ED2D1359582A70A8B8503C569623EE90C18C6B33542796207,Tester/logs/20261011.log,970161,2026-06-03,14:15,B152PR,"JE	0	00:08:52.229	Core 04	2026.06.03 14:15:02   [SRJ-IND] B152PR sym=USDJPY bar=2026.06.03 14:10 z1=2716,B,159.576,159.603,2026.06.02 03:10,1,2026.06.03 10:35,159.787,159.550"
1089,JUNE0525-B162,1617DC1ACCE6B50ED2D1359582A70A8B8503C569623EE90C18C6B33542796207,Tester/logs/20261011.log,970162,2026-06-03,14:15,B152PR,"PK	0	00:08:52.229	Core 04	2026.06.03 14:15:02   [SRJ-IND] B152PR sym=USDJPY bar=2026.06.03 14:10 z1=2720,B,159.586,159.605,2026.06.02 01:05,1,2026.06.03 10:35,159.787,159.550"
1090,JUNE0525-B162,1617DC1ACCE6B50ED2D1359582A70A8B8503C569623EE90C18C6B33542796207,Tester/logs/20261011.log,970163,2026-06-03,14:15,B152PR,"LQ	0	00:08:52.229	Core 04	2026.06.03 14:15:02   [SRJ-IND] B152PR sym=USDJPY bar=2026.06.03 14:10 z1=2945,B,159.579,159.675,2026.06.03 11:15,1,2026.06.03 11:25,159.727,159.674"
1091,JUNE0525-B162,1617DC1ACCE6B50ED2D1359582A70A8B8503C569623EE90C18C6B33542796207,Tester/logs/20261011.log,970164,2026-06-03,14:15,B152PR,"JE	0	00:08:52.229	Core 04	2026.06.03 14:15:02   [SRJ-IND] B152PR sym=USDJPY bar=2026.06.03 14:10 bull=1 bear=0 nz=23"
1092,JUNE0525-B162,1617DC1ACCE6B50ED2D1359582A70A8B8503C569623EE90C18C6B33542796207,Tester/logs/20261011.log,970165,2026-06-03,14:15,B162ORIGIN,"IH	0	00:08:52.229	Core 04	2026.06.03 14:15:02   [SRJ-IND] B162ORIGIN sym=USDJPY bar=2026.06.03 14:10 side=B n=23 origin=2945 range=159.579-159.675 formT=2026.06.03 10:50 set=65,78,212,256,261,313,414,447,449,460,696,714,724,1405,1779,1780,1949,2509,2566,2648,2716,2720,2945"
1093,JUNE0525-B162,1617DC1ACCE6B50ED2D1359582A70A8B8503C569623EE90C18C6B33542796207,Tester/logs/20261011.log,970166,2026-06-03,14:15,B162ORIGIN,"CJ	0	00:08:52.229	Core 04	2026.06.03 14:15:02   [SRJ-IND] B162ORIGIN sym=USDJPY bar=2026.06.03 14:10 side=S n=0 origin=NONE range=- formT=- set=-"
1094,JUNE0525-B162,1617DC1ACCE6B50ED2D1359582A70A8B8503C569623EE90C18C6B33542796207,Tester/logs/20261011.log,970174,2026-06-03,14:20,B152PR,"IM	0	00:08:52.229	Core 04	2026.06.03 14:20:00   [SRJ-IND] B152PR sym=USDJPY bar=2026.06.03 14:15 z1=65,B,156.672,156.773,2026.05.11 04:10,1,2026.05.12 08:55,157.714,156.726"
1095,JUNE0525-B162,1617DC1ACCE6B50ED2D1359582A70A8B8503C569623EE90C18C6B33542796207,Tester/logs/20261011.log,970175,2026-06-03,14:20,B152PR,"IS	0	00:08:52.229	Core 04	2026.06.03 14:20:00   [SRJ-IND] B152PR sym=USDJPY bar=2026.06.03 14:15 z1=78,B,156.578,156.584,2026.05.11 00:35,1,2026.05.11 00:40,156.644,156.537"
1096,JUNE0525-B162,1617DC1ACCE6B50ED2D1359582A70A8B8503C569623EE90C18C6B33542796207,Tester/logs/20261011.log,970176,2026-06-03,14:20,B152PR,"GJ	0	00:08:52.229	Core 04	2026.06.03 14:20:00   [SRJ-IND] B152PR sym=USDJPY bar=2026.06.03 14:15 z1=212,B,157.028,157.060,2026.05.11 19:20,1,2026.05.12 00:00,157.152,157.050"
1097,JUNE0525-B162,1617DC1ACCE6B50ED2D1359582A70A8B8503C569623EE90C18C6B33542796207,Tester/logs/20261011.log,970177,2026-06-03,14:20,B152PR,"GL	0	00:08:52.229	Core 04	2026.06.03 14:20:00   [SRJ-IND] B152PR sym=USDJPY bar=2026.06.03 14:15 z1=256,B,157.172,157.178,2026.05.12 01:25,1,2026.05.12 08:55,157.714,156.726"
1098,JUNE0525-B162,1617DC1ACCE6B50ED2D1359582A70A8B8503C569623EE90C18C6B33542796207,Tester/logs/20261011.log,970178,2026-06-03,14:20,B152PR,"QF	0	00:08:52.229	Core 04	2026.06.03 14:20:00   [SRJ-IND] B152PR sym=USDJPY bar=2026.06.03 14:15 z1=261,B,157.184,157.192,2026.05.12 03:00,1,2026.05.12 08:55,157.714,156.726"
1099,JUNE0525-B162,1617DC1ACCE6B50ED2D1359582A70A8B8503C569623EE90C18C6B33542796207,Tester/logs/20261011.log,970179,2026-06-03,14:20,B152PR,"EH	0	00:08:52.229	Core 04	2026.06.03 14:20:00   [SRJ-IND] B152PR sym=USDJPY bar=2026.06.03 14:15 z1=313,B,157.331,157.497,2026.05.12 10:00,1,2026.05.12 10:10,157.546,157.487"
1100,JUNE0525-B162,1617DC1ACCE6B50ED2D1359582A70A8B8503C569623EE90C18C6B33542796207,Tester/logs/20261011.log,970180,2026-06-03,14:20,B152PR,"HM	0	00:08:52.229	Core 04	2026.06.03 14:20:00   [SRJ-IND] B152PR sym=USDJPY bar=2026.06.03 14:15 z1=414,B,157.517,157.589,2026.05.13 01:10,1,2026.05.13 01:20,157.607,157.587"
1101,JUNE0525-B162,1617DC1ACCE6B50ED2D1359582A70A8B8503C569623EE90C18C6B33542796207,Tester/logs/20261011.log,970181,2026-06-03,14:20,B152PR,"KG	0	00:08:52.229	Core 04	2026.06.03 14:20:00   [SRJ-IND] B152PR sym=USDJPY bar=2026.06.03 14:15 z1=447,B,157.562,157.648,2026.05.13 06:20,1,2026.05.13 06:25,157.662,157.648"
1102,JUNE0525-B162,1617DC1ACCE6B50ED2D1359582A70A8B8503C569623EE90C18C6B33542796207,Tester/logs/20261011.log,970182,2026-06-03,14:20,B152PR,"LI	0	00:08:52.229	Core 04	2026.06.03 14:20:00   [SRJ-IND] B152PR sym=USDJPY bar=2026.06.03 14:15 z1=449,B,157.599,157.654,2026.05.13 05:15,1,2026.05.13 05:45,157.687,157.652"
1103,JUNE0525-B162,1617DC1ACCE6B50ED2D1359582A70A8B8503C569623EE90C18C6B33542796207,Tester/logs/20261011.log,970183,2026-06-03,14:20,B152PR,"ES	0	00:08:52.229	Core 04	2026.06.03 14:20:00   [SRJ-IND] B152PR sym=USDJPY bar=2026.06.03 14:15 z1=460,B,157.645,157.660,2026.05.13 07:05,1,2026.05.14 00:25,157.812,157.650"
1104,JUNE0525-B162,1617DC1ACCE6B50ED2D1359582A70A8B8503C569623EE90C18C6B33542796207,Tester/logs/20261011.log,970184,2026-06-03,14:20,B152PR,"ME	0	00:08:52.229	Core 04	2026.06.03 14:20:00   [SRJ-IND] B152PR sym=USDJPY bar=2026.06.03 14:15 z1=696,B,157.568,158.167,2026.05.14 18:05,1,2026.05.14 18:10,158.191,158.119"
1105,JUNE0525-B162,1617DC1ACCE6B50ED2D1359582A70A8B8503C569623EE90C18C6B33542796207,Tester/logs/20261011.log,970185,2026-06-03,14:20,B152PR,"EO	0	00:08:52.229	Core 04	2026.06.03 14:20:00   [SRJ-IND] B152PR sym=USDJPY bar=2026.06.03 14:15 z1=714,B,158.107,158.142,2026.05.14 19:30,1,2026.05.14 20:00,158.169,158.142"
1106,JUNE0525-B162,1617DC1ACCE6B50ED2D1359582A70A8B8503C569623EE90C18C6B33542796207,Tester/logs/20261011.log,970186,2026-06-03,14:20,B152PR,"DQ	0	00:08:52.229	Core 04	2026.06.03 14:20:00   [SRJ-IND] B152PR sym=USDJPY bar=2026.06.03 14:15 z1=724,B,158.168,158.186,2026.05.14 21:00,1,2026.05.14 21:05,158.191,158.182"
1107,JUNE0525-B162,1617DC1ACCE6B50ED2D1359582A70A8B8503C569623EE90C18C6B33542796207,Tester/logs/20261011.log,970187,2026-06-03,14:20,B152PR,"JH	0	00:08:52.229	Core 04	2026.06.03 14:20:00   [SRJ-IND] B152PR sym=USDJPY bar=2026.06.03 14:15 z1=1405,B,158.735,158.769,2026.05.20 19:00,1,2026.05.20 19:05,158.816,158.753"
1108,JUNE0525-B162,1617DC1ACCE6B50ED2D1359582A70A8B8503C569623EE90C18C6B33542796207,Tester/logs/20261011.log,970188,2026-06-03,14:20,B152PR,"LN	0	00:08:52.229	Core 04	2026.06.03 14:20:00   [SRJ-IND] B152PR sym=USDJPY bar=2026.06.03 14:15 z1=1779,B,158.756,158.800,2026.05.25 06:45,1,2026.05.26 00:00,158.887,158.784"
1109,JUNE0525-B162,1617DC1ACCE6B50ED2D1359582A70A8B8503C569623EE90C18C6B33542796207,Tester/logs/20261011.log,970189,2026-06-03,14:20,B152PR,"QD	0	00:08:52.229	Core 04	2026.06.03 14:20:00   [SRJ-IND] B152PR sym=USDJPY bar=2026.06.03 14:15 z1=1780,B,158.789,158.814,2026.05.25 04:50,1,2026.05.26 00:00,158.887,158.784"
1110,JUNE0525-B162,1617DC1ACCE6B50ED2D1359582A70A8B8503C569623EE90C18C6B33542796207,Tester/logs/20261011.log,970190,2026-06-03,14:20,B152PR,"HJ	0	00:08:52.229	Core 04	2026.06.03 14:20:00   [SRJ-IND] B152PR sym=USDJPY bar=2026.06.03 14:15 z1=1949,B,158.916,158.934,2026.05.26 07:25,1,2026.05.26 07:30,158.942,158.934"
1111,JUNE0525-B162,1617DC1ACCE6B50ED2D1359582A70A8B8503C569623EE90C18C6B33542796207,Tester/logs/20261011.log,970191,2026-06-03,14:20,B152PR,"QP	0	00:08:52.229	Core 04	2026.06.03 14:20:00   [SRJ-IND] B152PR sym=USDJPY bar=2026.06.03 14:15 z1=2509,B,159.134,159.195,2026.05.29 19:10,1,2026.05.29 19:35,159.215,159.186"
1112,JUNE0525-B162,1617DC1ACCE6B50ED2D1359582A70A8B8503C569623EE90C18C6B33542796207,Tester/logs/20261011.log,970192,2026-06-03,14:20,B152PR,"PF	0	00:08:52.229	Core 04	2026.06.03 14:20:00   [SRJ-IND] B152PR sym=USDJPY bar=2026.06.03 14:15 z1=2566,B,159.382,159.407,2026.06.01 03:15,1,2026.06.03 11:30,159.790,159.368"
1113,JUNE0525-B162,1617DC1ACCE6B50ED2D1359582A70A8B8503C569623EE90C18C6B33542796207,Tester/logs/20261011.log,970193,2026-06-03,14:20,B152PR,"JL	0	00:08:52.229	Core 04	2026.06.03 14:20:00   [SRJ-IND] B152PR sym=USDJPY bar=2026.06.03 14:15 z1=2648,B,159.435,159.481,2026.06.01 16:00,1,2026.06.03 11:30,159.790,159.368"
1114,JUNE0525-B162,1617DC1ACCE6B50ED2D1359582A70A8B8503C569623EE90C18C6B33542796207,Tester/logs/20261011.log,970194,2026-06-03,14:20,B152PR,"MR	0	00:08:52.229	Core 04	2026.06.03 14:20:00   [SRJ-IND] B152PR sym=USDJPY bar=2026.06.03 14:15 z1=2716,B,159.576,159.603,2026.06.02 03:10,1,2026.06.03 10:35,159.787,159.550"
1115,JUNE0525-B162,1617DC1ACCE6B50ED2D1359582A70A8B8503C569623EE90C18C6B33542796207,Tester/logs/20261011.log,970195,2026-06-03,14:20,B152PR,"CH	0	00:08:52.229	Core 04	2026.06.03 14:20:00   [SRJ-IND] B152PR sym=USDJPY bar=2026.06.03 14:15 z1=2720,B,159.586,159.605,2026.06.02 01:05,1,2026.06.03 10:35,159.787,159.550"
1116,JUNE0525-B162,1617DC1ACCE6B50ED2D1359582A70A8B8503C569623EE90C18C6B33542796207,Tester/logs/20261011.log,970196,2026-06-03,14:20,B152PR,"GN	0	00:08:52.229	Core 04	2026.06.03 14:20:00   [SRJ-IND] B152PR sym=USDJPY bar=2026.06.03 14:15 z1=2945,B,159.579,159.675,2026.06.03 11:15,1,2026.06.03 11:25,159.727,159.674"
1117,JUNE0525-B162,1617DC1ACCE6B50ED2D1359582A70A8B8503C569623EE90C18C6B33542796207,Tester/logs/20261011.log,970197,2026-06-03,14:20,B152PR,"MF	0	00:08:52.229	Core 04	2026.06.03 14:20:00   [SRJ-IND] B152PR sym=USDJPY bar=2026.06.03 14:15 bull=1 bear=0 nz=23"
1118,JUNE0525-B162,1617DC1ACCE6B50ED2D1359582A70A8B8503C569623EE90C18C6B33542796207,Tester/logs/20261011.log,970198,2026-06-03,14:20,B162ORIGIN,"FN	0	00:08:52.229	Core 04	2026.06.03 14:20:00   [SRJ-IND] B162ORIGIN sym=USDJPY bar=2026.06.03 14:15 side=B n=23 origin=2945 range=159.579-159.675 formT=2026.06.03 10:50 set=65,78,212,256,261,313,414,447,449,460,696,714,724,1405,1779,1780,1949,2509,2566,2648,2716,2720,2945"
1119,JUNE0525-B162,1617DC1ACCE6B50ED2D1359582A70A8B8503C569623EE90C18C6B33542796207,Tester/logs/20261011.log,970199,2026-06-03,14:20,B162ORIGIN,"PK	0	00:08:52.229	Core 04	2026.06.03 14:20:00   [SRJ-IND] B162ORIGIN sym=USDJPY bar=2026.06.03 14:15 side=S n=0 origin=NONE range=- formT=- set=-"
1120,JUNE0525-B162,1617DC1ACCE6B50ED2D1359582A70A8B8503C569623EE90C18C6B33542796207,Tester/logs/20261011.log,970206,2026-06-03,14:25,B152PR,"OJ	0	00:08:52.229	Core 04	2026.06.03 14:25:07   [SRJ-IND] B152PR sym=USDJPY bar=2026.06.03 14:20 z1=65,B,156.672,156.773,2026.05.11 04:10,1,2026.05.12 08:55,157.714,156.726"
1121,JUNE0525-B162,1617DC1ACCE6B50ED2D1359582A70A8B8503C569623EE90C18C6B33542796207,Tester/logs/20261011.log,970207,2026-06-03,14:25,B152PR,"GQ	0	00:08:52.229	Core 04	2026.06.03 14:25:07   [SRJ-IND] B152PR sym=USDJPY bar=2026.06.03 14:20 z1=78,B,156.578,156.584,2026.05.11 00:35,1,2026.05.11 00:40,156.644,156.537"
1122,JUNE0525-B162,1617DC1ACCE6B50ED2D1359582A70A8B8503C569623EE90C18C6B33542796207,Tester/logs/20261011.log,970208,2026-06-03,14:25,B152PR,"QD	0	00:08:52.229	Core 04	2026.06.03 14:25:07   [SRJ-IND] B152PR sym=USDJPY bar=2026.06.03 14:20 z1=212,B,157.028,157.060,2026.05.11 19:20,1,2026.05.12 00:00,157.152,157.050"
1123,JUNE0525-B162,1617DC1ACCE6B50ED2D1359582A70A8B8503C569623EE90C18C6B33542796207,Tester/logs/20261011.log,970209,2026-06-03,14:25,B152PR,"EN	0	00:08:52.229	Core 04	2026.06.03 14:25:07   [SRJ-IND] B152PR sym=USDJPY bar=2026.06.03 14:20 z1=256,B,157.172,157.178,2026.05.12 01:25,1,2026.05.12 08:55,157.714,156.726"
1124,JUNE0525-B162,1617DC1ACCE6B50ED2D1359582A70A8B8503C569623EE90C18C6B33542796207,Tester/logs/20261011.log,970210,2026-06-03,14:25,B152PR,"OP	0	00:08:52.229	Core 04	2026.06.03 14:25:07   [SRJ-IND] B152PR sym=USDJPY bar=2026.06.03 14:20 z1=261,B,157.184,157.192,2026.05.12 03:00,1,2026.05.12 08:55,157.714,156.726"
1125,JUNE0525-B162,1617DC1ACCE6B50ED2D1359582A70A8B8503C569623EE90C18C6B33542796207,Tester/logs/20261011.log,970211,2026-06-03,14:25,B152PR,"GJ	0	00:08:52.229	Core 04	2026.06.03 14:25:07   [SRJ-IND] B152PR sym=USDJPY bar=2026.06.03 14:20 z1=313,B,157.331,157.497,2026.05.12 10:00,1,2026.05.12 10:10,157.546,157.487"
1126,JUNE0525-B162,1617DC1ACCE6B50ED2D1359582A70A8B8503C569623EE90C18C6B33542796207,Tester/logs/20261011.log,970212,2026-06-03,14:25,B152PR,"RL	0	00:08:52.229	Core 04	2026.06.03 14:25:07   [SRJ-IND] B152PR sym=USDJPY bar=2026.06.03 14:20 z1=414,B,157.517,157.589,2026.05.13 01:10,1,2026.05.13 01:20,157.607,157.587"
1127,JUNE0525-B162,1617DC1ACCE6B50ED2D1359582A70A8B8503C569623EE90C18C6B33542796207,Tester/logs/20261011.log,970213,2026-06-03,14:25,B152PR,"QQ	0	00:08:52.229	Core 04	2026.06.03 14:25:07   [SRJ-IND] B152PR sym=USDJPY bar=2026.06.03 14:20 z1=447,B,157.562,157.648,2026.05.13 06:20,1,2026.05.13 06:25,157.662,157.648"
1128,JUNE0525-B162,1617DC1ACCE6B50ED2D1359582A70A8B8503C569623EE90C18C6B33542796207,Tester/logs/20261011.log,970214,2026-06-03,14:25,B152PR,"NK	0	00:08:52.229	Core 04	2026.06.03 14:25:07   [SRJ-IND] B152PR sym=USDJPY bar=2026.06.03 14:20 z1=449,B,157.599,157.654,2026.05.13 05:15,1,2026.05.13 05:45,157.687,157.652"
1129,JUNE0525-B162,1617DC1ACCE6B50ED2D1359582A70A8B8503C569623EE90C18C6B33542796207,Tester/logs/20261011.log,970215,2026-06-03,14:25,B152PR,"GM	0	00:08:52.229	Core 04	2026.06.03 14:25:07   [SRJ-IND] B152PR sym=USDJPY bar=2026.06.03 14:20 z1=460,B,157.645,157.660,2026.05.13 07:05,1,2026.05.14 00:25,157.812,157.650"
1130,JUNE0525-B162,1617DC1ACCE6B50ED2D1359582A70A8B8503C569623EE90C18C6B33542796207,Tester/logs/20261011.log,970216,2026-06-03,14:25,B152PR,"CG	0	00:08:52.229	Core 04	2026.06.03 14:25:07   [SRJ-IND] B152PR sym=USDJPY bar=2026.06.03 14:20 z1=696,B,157.568,158.167,2026.05.14 18:05,1,2026.05.14 18:10,158.191,158.119"
1131,JUNE0525-B162,1617DC1ACCE6B50ED2D1359582A70A8B8503C569623EE90C18C6B33542796207,Tester/logs/20261011.log,970217,2026-06-03,14:25,B152PR,"GI	0	00:08:52.229	Core 04	2026.06.03 14:25:07   [SRJ-IND] B152PR sym=USDJPY bar=2026.06.03 14:20 z1=714,B,158.107,158.142,2026.05.14 19:30,1,2026.05.14 20:00,158.169,158.142"
1132,JUNE0525-B162,1617DC1ACCE6B50ED2D1359582A70A8B8503C569623EE90C18C6B33542796207,Tester/logs/20261011.log,970218,2026-06-03,14:25,B152PR,"FS	0	00:08:52.229	Core 04	2026.06.03 14:25:07   [SRJ-IND] B152PR sym=USDJPY bar=2026.06.03 14:20 z1=724,B,158.168,158.186,2026.05.14 21:00,1,2026.05.14 21:05,158.191,158.182"
1133,JUNE0525-B162,1617DC1ACCE6B50ED2D1359582A70A8B8503C569623EE90C18C6B33542796207,Tester/logs/20261011.log,970219,2026-06-03,14:25,B152PR,"DF	0	00:08:52.229	Core 04	2026.06.03 14:25:07   [SRJ-IND] B152PR sym=USDJPY bar=2026.06.03 14:20 z1=1405,B,158.735,158.769,2026.05.20 19:00,1,2026.05.20 19:05,158.816,158.753"
1134,JUNE0525-B162,1617DC1ACCE6B50ED2D1359582A70A8B8503C569623EE90C18C6B33542796207,Tester/logs/20261011.log,970220,2026-06-03,14:25,B152PR,"RL	0	00:08:52.229	Core 04	2026.06.03 14:25:07   [SRJ-IND] B152PR sym=USDJPY bar=2026.06.03 14:20 z1=1779,B,158.756,158.800,2026.05.25 06:45,1,2026.05.26 00:00,158.887,158.784"
1135,JUNE0525-B162,1617DC1ACCE6B50ED2D1359582A70A8B8503C569623EE90C18C6B33542796207,Tester/logs/20261011.log,970221,2026-06-03,14:25,B152PR,"KR	0	00:08:52.229	Core 04	2026.06.03 14:25:07   [SRJ-IND] B152PR sym=USDJPY bar=2026.06.03 14:20 z1=1780,B,158.789,158.814,2026.05.25 04:50,1,2026.05.26 00:00,158.887,158.784"
1136,JUNE0525-B162,1617DC1ACCE6B50ED2D1359582A70A8B8503C569623EE90C18C6B33542796207,Tester/logs/20261011.log,970222,2026-06-03,14:25,B152PR,"FH	0	00:08:52.229	Core 04	2026.06.03 14:25:07   [SRJ-IND] B152PR sym=USDJPY bar=2026.06.03 14:20 z1=1949,B,158.916,158.934,2026.05.26 07:25,1,2026.05.26 07:30,158.942,158.934"
1137,JUNE0525-B162,1617DC1ACCE6B50ED2D1359582A70A8B8503C569623EE90C18C6B33542796207,Tester/logs/20261011.log,970223,2026-06-03,14:25,B152PR,"KN	0	00:08:52.229	Core 04	2026.06.03 14:25:07   [SRJ-IND] B152PR sym=USDJPY bar=2026.06.03 14:20 z1=2509,B,159.134,159.195,2026.05.29 19:10,1,2026.05.29 19:35,159.215,159.186"
1138,JUNE0525-B162,1617DC1ACCE6B50ED2D1359582A70A8B8503C569623EE90C18C6B33542796207,Tester/logs/20261011.log,970224,2026-06-03,14:25,B152PR,"ND	0	00:08:52.229	Core 04	2026.06.03 14:25:07   [SRJ-IND] B152PR sym=USDJPY bar=2026.06.03 14:20 z1=2566,B,159.382,159.407,2026.06.01 03:15,1,2026.06.03 11:30,159.790,159.368"
1139,JUNE0525-B162,1617DC1ACCE6B50ED2D1359582A70A8B8503C569623EE90C18C6B33542796207,Tester/logs/20261011.log,970225,2026-06-03,14:25,B152PR,"DJ	0	00:08:52.229	Core 04	2026.06.03 14:25:07   [SRJ-IND] B152PR sym=USDJPY bar=2026.06.03 14:20 z1=2648,B,159.435,159.481,2026.06.01 16:00,1,2026.06.03 11:30,159.790,159.368"
1140,JUNE0525-B162,1617DC1ACCE6B50ED2D1359582A70A8B8503C569623EE90C18C6B33542796207,Tester/logs/20261011.log,970226,2026-06-03,14:25,B152PR,"OP	0	00:08:52.229	Core 04	2026.06.03 14:25:07   [SRJ-IND] B152PR sym=USDJPY bar=2026.06.03 14:20 z1=2716,B,159.576,159.603,2026.06.02 03:10,1,2026.06.03 10:35,159.787,159.550"
1141,JUNE0525-B162,1617DC1ACCE6B50ED2D1359582A70A8B8503C569623EE90C18C6B33542796207,Tester/logs/20261011.log,970227,2026-06-03,14:25,B152PR,"IF	0	00:08:52.229	Core 04	2026.06.03 14:25:07   [SRJ-IND] B152PR sym=USDJPY bar=2026.06.03 14:20 z1=2720,B,159.586,159.605,2026.06.02 01:05,1,2026.06.03 10:35,159.787,159.550"
1142,JUNE0525-B162,1617DC1ACCE6B50ED2D1359582A70A8B8503C569623EE90C18C6B33542796207,Tester/logs/20261011.log,970228,2026-06-03,14:25,B152PR,"EL	0	00:08:52.229	Core 04	2026.06.03 14:25:07   [SRJ-IND] B152PR sym=USDJPY bar=2026.06.03 14:20 z1=2945,B,159.579,159.675,2026.06.03 11:15,1,2026.06.03 11:25,159.727,159.674"
1143,JUNE0525-B162,1617DC1ACCE6B50ED2D1359582A70A8B8503C569623EE90C18C6B33542796207,Tester/logs/20261011.log,970229,2026-06-03,14:25,B152PR,"OP	0	00:08:52.229	Core 04	2026.06.03 14:25:07   [SRJ-IND] B152PR sym=USDJPY bar=2026.06.03 14:20 bull=1 bear=0 nz=23"
1144,JUNE0525-B162,1617DC1ACCE6B50ED2D1359582A70A8B8503C569623EE90C18C6B33542796207,Tester/logs/20261011.log,970230,2026-06-03,14:25,B162ORIGIN,"HL	0	00:08:52.229	Core 04	2026.06.03 14:25:07   [SRJ-IND] B162ORIGIN sym=USDJPY bar=2026.06.03 14:20 side=B n=23 origin=2945 range=159.579-159.675 formT=2026.06.03 10:50 set=65,78,212,256,261,313,414,447,449,460,696,714,724,1405,1779,1780,1949,2509,2566,2648,2716,2720,2945"
1145,JUNE0525-B162,1617DC1ACCE6B50ED2D1359582A70A8B8503C569623EE90C18C6B33542796207,Tester/logs/20261011.log,970231,2026-06-03,14:25,B162ORIGIN,"RI	0	00:08:52.229	Core 04	2026.06.03 14:25:07   [SRJ-IND] B162ORIGIN sym=USDJPY bar=2026.06.03 14:20 side=S n=0 origin=NONE range=- formT=- set=-"
1146,JUNE0525-B162,1617DC1ACCE6B50ED2D1359582A70A8B8503C569623EE90C18C6B33542796207,Tester/logs/20261011.log,970238,2026-06-03,14:30,B152PR,"RH	0	00:08:52.229	Core 04	2026.06.03 14:30:01   [SRJ-IND] B152PR sym=USDJPY bar=2026.06.03 14:25 z1=65,B,156.672,156.773,2026.05.11 04:10,1,2026.05.12 08:55,157.714,156.726"
1147,JUNE0525-B162,1617DC1ACCE6B50ED2D1359582A70A8B8503C569623EE90C18C6B33542796207,Tester/logs/20261011.log,970239,2026-06-03,14:30,B152PR,"RN	0	00:08:52.229	Core 04	2026.06.03 14:30:01   [SRJ-IND] B152PR sym=USDJPY bar=2026.06.03 14:25 z1=78,B,156.578,156.584,2026.05.11 00:35,1,2026.05.11 00:40,156.644,156.537"
1148,JUNE0525-B162,1617DC1ACCE6B50ED2D1359582A70A8B8503C569623EE90C18C6B33542796207,Tester/logs/20261011.log,970240,2026-06-03,14:30,B152PR,"PF	0	00:08:52.229	Core 04	2026.06.03 14:30:01   [SRJ-IND] B152PR sym=USDJPY bar=2026.06.03 14:25 z1=212,B,157.028,157.060,2026.05.11 19:20,1,2026.05.12 00:00,157.152,157.050"
1149,JUNE0525-B162,1617DC1ACCE6B50ED2D1359582A70A8B8503C569623EE90C18C6B33542796207,Tester/logs/20261011.log,970241,2026-06-03,14:30,B152PR,"LH	0	00:08:52.229	Core 04	2026.06.03 14:30:01   [SRJ-IND] B152PR sym=USDJPY bar=2026.06.03 14:25 z1=256,B,157.172,157.178,2026.05.12 01:25,1,2026.05.12 08:55,157.714,156.726"
1150,JUNE0525-B162,1617DC1ACCE6B50ED2D1359582A70A8B8503C569623EE90C18C6B33542796207,Tester/logs/20261011.log,970242,2026-06-03,14:30,B152PR,"JR	0	00:08:52.229	Core 04	2026.06.03 14:30:01   [SRJ-IND] B152PR sym=USDJPY bar=2026.06.03 14:25 z1=261,B,157.184,157.192,2026.05.12 03:00,1,2026.05.12 08:55,157.714,156.726"
1151,JUNE0525-B162,1617DC1ACCE6B50ED2D1359582A70A8B8503C569623EE90C18C6B33542796207,Tester/logs/20261011.log,970243,2026-06-03,14:30,B152PR,"JD	0	00:08:52.229	Core 04	2026.06.03 14:30:01   [SRJ-IND] B152PR sym=USDJPY bar=2026.06.03 14:25 z1=313,B,157.331,157.497,2026.05.12 10:00,1,2026.05.12 10:10,157.546,157.487"
1152,JUNE0525-B162,1617DC1ACCE6B50ED2D1359582A70A8B8503C569623EE90C18C6B33542796207,Tester/logs/20261011.log,970244,2026-06-03,14:30,B152PR,"ON	0	00:08:52.229	Core 04	2026.06.03 14:30:01   [SRJ-IND] B152PR sym=USDJPY bar=2026.06.03 14:25 z1=414,B,157.517,157.589,2026.05.13 01:10,1,2026.05.13 01:20,157.607,157.587"
1153,JUNE0525-B162,1617DC1ACCE6B50ED2D1359582A70A8B8503C569623EE90C18C6B33542796207,Tester/logs/20261011.log,970245,2026-06-03,14:30,B152PR,"HP	0	00:08:52.229	Core 04	2026.06.03 14:30:01   [SRJ-IND] B152PR sym=USDJPY bar=2026.06.03 14:25 z1=447,B,157.562,157.648,2026.05.13 06:20,1,2026.05.13 06:25,157.662,157.648"
1154,JUNE0525-B162,1617DC1ACCE6B50ED2D1359582A70A8B8503C569623EE90C18C6B33542796207,Tester/logs/20261011.log,970246,2026-06-03,14:30,B152PR,"CJ	0	00:08:52.229	Core 04	2026.06.03 14:30:01   [SRJ-IND] B152PR sym=USDJPY bar=2026.06.03 14:25 z1=449,B,157.599,157.654,2026.05.13 05:15,1,2026.05.13 05:45,157.687,157.652"
1155,JUNE0525-B162,1617DC1ACCE6B50ED2D1359582A70A8B8503C569623EE90C18C6B33542796207,Tester/logs/20261011.log,970247,2026-06-03,14:30,B152PR,"JO	0	00:08:52.229	Core 04	2026.06.03 14:30:01   [SRJ-IND] B152PR sym=USDJPY bar=2026.06.03 14:25 z1=460,B,157.645,157.660,2026.05.13 07:05,1,2026.05.14 00:25,157.812,157.650"
1156,JUNE0525-B162,1617DC1ACCE6B50ED2D1359582A70A8B8503C569623EE90C18C6B33542796207,Tester/logs/20261011.log,970248,2026-06-03,14:30,B152PR,"FQ	0	00:08:52.229	Core 04	2026.06.03 14:30:01   [SRJ-IND] B152PR sym=USDJPY bar=2026.06.03 14:25 z1=696,B,157.568,158.167,2026.05.14 18:05,1,2026.05.14 18:10,158.191,158.119"
1157,JUNE0525-B162,1617DC1ACCE6B50ED2D1359582A70A8B8503C569623EE90C18C6B33542796207,Tester/logs/20261011.log,970249,2026-06-03,14:30,B152PR,"RK	0	00:08:52.229	Core 04	2026.06.03 14:30:01   [SRJ-IND] B152PR sym=USDJPY bar=2026.06.03 14:25 z1=714,B,158.107,158.142,2026.05.14 19:30,1,2026.05.14 20:00,158.169,158.142"
1158,JUNE0525-B162,1617DC1ACCE6B50ED2D1359582A70A8B8503C569623EE90C18C6B33542796207,Tester/logs/20261011.log,970250,2026-06-03,14:30,B152PR,"KM	0	00:08:52.229	Core 04	2026.06.03 14:30:01   [SRJ-IND] B152PR sym=USDJPY bar=2026.06.03 14:25 z1=724,B,158.168,158.186,2026.05.14 21:00,1,2026.05.14 21:05,158.191,158.182"
1159,JUNE0525-B162,1617DC1ACCE6B50ED2D1359582A70A8B8503C569623EE90C18C6B33542796207,Tester/logs/20261011.log,970251,2026-06-03,14:30,B152PR,"ED	0	00:08:52.229	Core 04	2026.06.03 14:30:01   [SRJ-IND] B152PR sym=USDJPY bar=2026.06.03 14:25 z1=1405,B,158.735,158.769,2026.05.20 19:00,1,2026.05.20 19:05,158.816,158.753"
1160,JUNE0525-B162,1617DC1ACCE6B50ED2D1359582A70A8B8503C569623EE90C18C6B33542796207,Tester/logs/20261011.log,970252,2026-06-03,14:30,B152PR,"OJ	0	00:08:52.229	Core 04	2026.06.03 14:30:01   [SRJ-IND] B152PR sym=USDJPY bar=2026.06.03 14:25 z1=1779,B,158.756,158.800,2026.05.25 06:45,1,2026.05.26 00:00,158.887,158.784"
1161,JUNE0525-B162,1617DC1ACCE6B50ED2D1359582A70A8B8503C569623EE90C18C6B33542796207,Tester/logs/20261011.log,970253,2026-06-03,14:30,B152PR,"NP	0	00:08:52.229	Core 04	2026.06.03 14:30:01   [SRJ-IND] B152PR sym=USDJPY bar=2026.06.03 14:25 z1=1780,B,158.789,158.814,2026.05.25 04:50,1,2026.05.26 00:00,158.887,158.784"
1162,JUNE0525-B162,1617DC1ACCE6B50ED2D1359582A70A8B8503C569623EE90C18C6B33542796207,Tester/logs/20261011.log,970254,2026-06-03,14:30,B152PR,"CF	0	00:08:52.229	Core 04	2026.06.03 14:30:01   [SRJ-IND] B152PR sym=USDJPY bar=2026.06.03 14:25 z1=1949,B,158.916,158.934,2026.05.26 07:25,1,2026.05.26 07:30,158.942,158.934"
1163,JUNE0525-B162,1617DC1ACCE6B50ED2D1359582A70A8B8503C569623EE90C18C6B33542796207,Tester/logs/20261011.log,970255,2026-06-03,14:30,B152PR,"NL	0	00:08:52.229	Core 04	2026.06.03 14:30:01   [SRJ-IND] B152PR sym=USDJPY bar=2026.06.03 14:25 z1=2509,B,159.134,159.195,2026.05.29 19:10,1,2026.05.29 19:35,159.215,159.186"
1164,JUNE0525-B162,1617DC1ACCE6B50ED2D1359582A70A8B8503C569623EE90C18C6B33542796207,Tester/logs/20261011.log,970256,2026-06-03,14:30,B152PR,"KR	0	00:08:52.229	Core 04	2026.06.03 14:30:01   [SRJ-IND] B152PR sym=USDJPY bar=2026.06.03 14:25 z1=2566,B,159.382,159.407,2026.06.01 03:15,1,2026.06.03 11:30,159.790,159.368"
1165,JUNE0525-B162,1617DC1ACCE6B50ED2D1359582A70A8B8503C569623EE90C18C6B33542796207,Tester/logs/20261011.log,970257,2026-06-03,14:30,B152PR,"EH	0	00:08:52.229	Core 04	2026.06.03 14:30:01   [SRJ-IND] B152PR sym=USDJPY bar=2026.06.03 14:25 z1=2648,B,159.435,159.481,2026.06.01 16:00,1,2026.06.03 11:30,159.790,159.368"
1166,JUNE0525-B162,1617DC1ACCE6B50ED2D1359582A70A8B8503C569623EE90C18C6B33542796207,Tester/logs/20261011.log,970258,2026-06-03,14:30,B152PR,"RN	0	00:08:52.229	Core 04	2026.06.03 14:30:01   [SRJ-IND] B152PR sym=USDJPY bar=2026.06.03 14:25 z1=2716,B,159.576,159.603,2026.06.02 03:10,1,2026.06.03 10:35,159.787,159.550"
1167,JUNE0525-B162,1617DC1ACCE6B50ED2D1359582A70A8B8503C569623EE90C18C6B33542796207,Tester/logs/20261011.log,970259,2026-06-03,14:30,B152PR,"HD	0	00:08:52.229	Core 04	2026.06.03 14:30:01   [SRJ-IND] B152PR sym=USDJPY bar=2026.06.03 14:25 z1=2720,B,159.586,159.605,2026.06.02 01:05,1,2026.06.03 10:35,159.787,159.550"
1168,JUNE0525-B162,1617DC1ACCE6B50ED2D1359582A70A8B8503C569623EE90C18C6B33542796207,Tester/logs/20261011.log,970260,2026-06-03,14:30,B152PR,"DJ	0	00:08:52.229	Core 04	2026.06.03 14:30:01   [SRJ-IND] B152PR sym=USDJPY bar=2026.06.03 14:25 z1=2945,B,159.579,159.675,2026.06.03 11:15,1,2026.06.03 11:25,159.727,159.674"
1169,JUNE0525-B162,1617DC1ACCE6B50ED2D1359582A70A8B8503C569623EE90C18C6B33542796207,Tester/logs/20261011.log,970261,2026-06-03,14:30,B152PR,"RR	0	00:08:52.229	Core 04	2026.06.03 14:30:01   [SRJ-IND] B152PR sym=USDJPY bar=2026.06.03 14:25 bull=1 bear=0 nz=23"
1170,JUNE0525-B162,1617DC1ACCE6B50ED2D1359582A70A8B8503C569623EE90C18C6B33542796207,Tester/logs/20261011.log,970262,2026-06-03,14:30,B162ORIGIN,"QM	0	00:08:52.229	Core 04	2026.06.03 14:30:01   [SRJ-IND] B162ORIGIN sym=USDJPY bar=2026.06.03 14:25 side=B n=23 origin=2945 range=159.579-159.675 formT=2026.06.03 10:50 set=65,78,212,256,261,313,414,447,449,460,696,714,724,1405,1779,1780,1949,2509,2566,2648,2716,2720,2945"
1171,JUNE0525-B162,1617DC1ACCE6B50ED2D1359582A70A8B8503C569623EE90C18C6B33542796207,Tester/logs/20261011.log,970263,2026-06-03,14:30,B162ORIGIN,"GO	0	00:08:52.229	Core 04	2026.06.03 14:30:01   [SRJ-IND] B162ORIGIN sym=USDJPY bar=2026.06.03 14:25 side=S n=0 origin=NONE range=- formT=- set=-"
1172,JUNE0525-B162,1617DC1ACCE6B50ED2D1359582A70A8B8503C569623EE90C18C6B33542796207,Tester/logs/20261011.log,970272,2026-06-03,14:35,B152PR,"QD	0	00:08:52.229	Core 04	2026.06.03 14:35:07   [SRJ-IND] B152PR sym=USDJPY bar=2026.06.03 14:30 z1=65,B,156.672,156.773,2026.05.11 04:10,1,2026.05.12 08:55,157.714,156.726"
1173,JUNE0525-B162,1617DC1ACCE6B50ED2D1359582A70A8B8503C569623EE90C18C6B33542796207,Tester/logs/20261011.log,970273,2026-06-03,14:35,B152PR,"IK	0	00:08:52.229	Core 04	2026.06.03 14:35:07   [SRJ-IND] B152PR sym=USDJPY bar=2026.06.03 14:30 z1=78,B,156.578,156.584,2026.05.11 00:35,1,2026.05.11 00:40,156.644,156.537"
1174,JUNE0525-B162,1617DC1ACCE6B50ED2D1359582A70A8B8503C569623EE90C18C6B33542796207,Tester/logs/20261011.log,970274,2026-06-03,14:35,B152PR,"OR	0	00:08:52.229	Core 04	2026.06.03 14:35:07   [SRJ-IND] B152PR sym=USDJPY bar=2026.06.03 14:30 z1=212,B,157.028,157.060,2026.05.11 19:20,1,2026.05.12 00:00,157.152,157.050"
1175,JUNE0525-B162,1617DC1ACCE6B50ED2D1359582A70A8B8503C569623EE90C18C6B33542796207,Tester/logs/20261011.log,970275,2026-06-03,14:35,B152PR,"OD	0	00:08:52.229	Core 04	2026.06.03 14:35:07   [SRJ-IND] B152PR sym=USDJPY bar=2026.06.03 14:30 z1=256,B,157.172,157.178,2026.05.12 01:25,1,2026.05.12 08:55,157.714,156.726"
1176,JUNE0525-B162,1617DC1ACCE6B50ED2D1359582A70A8B8503C569623EE90C18C6B33542796207,Tester/logs/20261011.log,970276,2026-06-03,14:35,B152PR,"QN	0	00:08:52.229	Core 04	2026.06.03 14:35:07   [SRJ-IND] B152PR sym=USDJPY bar=2026.06.03 14:30 z1=261,B,157.184,157.192,2026.05.12 03:00,1,2026.05.12 08:55,157.714,156.726"
1177,JUNE0525-B162,1617DC1ACCE6B50ED2D1359582A70A8B8503C569623EE90C18C6B33542796207,Tester/logs/20261011.log,970277,2026-06-03,14:35,B152PR,"EP	0	00:08:52.229	Core 04	2026.06.03 14:35:07   [SRJ-IND] B152PR sym=USDJPY bar=2026.06.03 14:30 z1=313,B,157.331,157.497,2026.05.12 10:00,1,2026.05.12 10:10,157.546,157.487"
1178,JUNE0525-B162,1617DC1ACCE6B50ED2D1359582A70A8B8503C569623EE90C18C6B33542796207,Tester/logs/20261011.log,970278,2026-06-03,14:35,B152PR,"PJ	0	00:08:52.229	Core 04	2026.06.03 14:35:07   [SRJ-IND] B152PR sym=USDJPY bar=2026.06.03 14:30 z1=414,B,157.517,157.589,2026.05.13 01:10,1,2026.05.13 01:20,157.607,157.587"
1179,JUNE0525-B162,1617DC1ACCE6B50ED2D1359582A70A8B8503C569623EE90C18C6B33542796207,Tester/logs/20261011.log,970279,2026-06-03,14:35,B152PR,"CL	0	00:08:52.229	Core 04	2026.06.03 14:35:07   [SRJ-IND] B152PR sym=USDJPY bar=2026.06.03 14:30 z1=447,B,157.562,157.648,2026.05.13 06:20,1,2026.05.13 06:25,157.662,157.648"
1180,JUNE0525-B162,1617DC1ACCE6B50ED2D1359582A70A8B8503C569623EE90C18C6B33542796207,Tester/logs/20261011.log,970280,2026-06-03,14:35,B152PR,"LQ	0	00:08:52.229	Core 04	2026.06.03 14:35:07   [SRJ-IND] B152PR sym=USDJPY bar=2026.06.03 14:30 z1=449,B,157.599,157.654,2026.05.13 05:15,1,2026.05.13 05:45,157.687,157.652"
1181,JUNE0525-B162,1617DC1ACCE6B50ED2D1359582A70A8B8503C569623EE90C18C6B33542796207,Tester/logs/20261011.log,970281,2026-06-03,14:35,B152PR,"EK	0	00:08:52.229	Core 04	2026.06.03 14:35:07   [SRJ-IND] B152PR sym=USDJPY bar=2026.06.03 14:30 z1=460,B,157.645,157.660,2026.05.13 07:05,1,2026.05.14 00:25,157.812,157.650"
1182,JUNE0525-B162,1617DC1ACCE6B50ED2D1359582A70A8B8503C569623EE90C18C6B33542796207,Tester/logs/20261011.log,970282,2026-06-03,14:35,B152PR,"EM	0	00:08:52.229	Core 04	2026.06.03 14:35:07   [SRJ-IND] B152PR sym=USDJPY bar=2026.06.03 14:30 z1=696,B,157.568,158.167,2026.05.14 18:05,1,2026.05.14 18:10,158.191,158.119"
1183,JUNE0525-B162,1617DC1ACCE6B50ED2D1359582A70A8B8503C569623EE90C18C6B33542796207,Tester/logs/20261011.log,970283,2026-06-03,14:35,B152PR,"MG	0	00:08:52.229	Core 04	2026.06.03 14:35:07   [SRJ-IND] B152PR sym=USDJPY bar=2026.06.03 14:30 z1=714,B,158.107,158.142,2026.05.14 19:30,1,2026.05.14 20:00,158.169,158.142"
1184,JUNE0525-B162,1617DC1ACCE6B50ED2D1359582A70A8B8503C569623EE90C18C6B33542796207,Tester/logs/20261011.log,970284,2026-06-03,14:35,B152PR,"DI	0	00:08:52.229	Core 04	2026.06.03 14:35:07   [SRJ-IND] B152PR sym=USDJPY bar=2026.06.03 14:30 z1=724,B,158.168,158.186,2026.05.14 21:00,1,2026.05.14 21:05,158.191,158.182"
1185,JUNE0525-B162,1617DC1ACCE6B50ED2D1359582A70A8B8503C569623EE90C18C6B33542796207,Tester/logs/20261011.log,970285,2026-06-03,14:35,B152PR,"JP	0	00:08:52.229	Core 04	2026.06.03 14:35:07   [SRJ-IND] B152PR sym=USDJPY bar=2026.06.03 14:30 z1=1405,B,158.735,158.769,2026.05.20 19:00,1,2026.05.20 19:05,158.816,158.753"
1186,JUNE0525-B162,1617DC1ACCE6B50ED2D1359582A70A8B8503C569623EE90C18C6B33542796207,Tester/logs/20261011.log,970286,2026-06-03,14:35,B152PR,"LF	0	00:08:52.229	Core 04	2026.06.03 14:35:07   [SRJ-IND] B152PR sym=USDJPY bar=2026.06.03 14:30 z1=1779,B,158.756,158.800,2026.05.25 06:45,1,2026.05.26 00:00,158.887,158.784"
1187,JUNE0525-B162,1617DC1ACCE6B50ED2D1359582A70A8B8503C569623EE90C18C6B33542796207,Tester/logs/20261011.log,970287,2026-06-03,14:35,B152PR,"QL	0	00:08:52.229	Core 04	2026.06.03 14:35:07   [SRJ-IND] B152PR sym=USDJPY bar=2026.06.03 14:30 z1=1780,B,158.789,158.814,2026.05.25 04:50,1,2026.05.26 00:00,158.887,158.784"
1188,JUNE0525-B162,1617DC1ACCE6B50ED2D1359582A70A8B8503C569623EE90C18C6B33542796207,Tester/logs/20261011.log,970288,2026-06-03,14:35,B152PR,"HR	0	00:08:52.229	Core 04	2026.06.03 14:35:07   [SRJ-IND] B152PR sym=USDJPY bar=2026.06.03 14:30 z1=1949,B,158.916,158.934,2026.05.26 07:25,1,2026.05.26 07:30,158.942,158.934"
1189,JUNE0525-B162,1617DC1ACCE6B50ED2D1359582A70A8B8503C569623EE90C18C6B33542796207,Tester/logs/20261011.log,970289,2026-06-03,14:35,B152PR,"QH	0	00:08:52.229	Core 04	2026.06.03 14:35:07   [SRJ-IND] B152PR sym=USDJPY bar=2026.06.03 14:30 z1=2509,B,159.134,159.195,2026.05.29 19:10,1,2026.05.29 19:35,159.215,159.186"
1190,JUNE0525-B162,1617DC1ACCE6B50ED2D1359582A70A8B8503C569623EE90C18C6B33542796207,Tester/logs/20261011.log,970290,2026-06-03,14:35,B152PR,"PN	0	00:08:52.229	Core 04	2026.06.03 14:35:07   [SRJ-IND] B152PR sym=USDJPY bar=2026.06.03 14:30 z1=2566,B,159.382,159.407,2026.06.01 03:15,1,2026.06.03 11:30,159.790,159.368"
1191,JUNE0525-B162,1617DC1ACCE6B50ED2D1359582A70A8B8503C569623EE90C18C6B33542796207,Tester/logs/20261011.log,970291,2026-06-03,14:35,B152PR,"JD	0	00:08:52.229	Core 04	2026.06.03 14:35:07   [SRJ-IND] B152PR sym=USDJPY bar=2026.06.03 14:30 z1=2648,B,159.435,159.481,2026.06.01 16:00,1,2026.06.03 11:30,159.790,159.368"
1192,JUNE0525-B162,1617DC1ACCE6B50ED2D1359582A70A8B8503C569623EE90C18C6B33542796207,Tester/logs/20261011.log,970292,2026-06-03,14:35,B152PR,"MJ	0	00:08:52.229	Core 04	2026.06.03 14:35:07   [SRJ-IND] B152PR sym=USDJPY bar=2026.06.03 14:30 z1=2716,B,159.576,159.603,2026.06.02 03:10,1,2026.06.03 10:35,159.787,159.550"
1193,JUNE0525-B162,1617DC1ACCE6B50ED2D1359582A70A8B8503C569623EE90C18C6B33542796207,Tester/logs/20261011.log,970293,2026-06-03,14:35,B152PR,"CP	0	00:08:52.229	Core 04	2026.06.03 14:35:07   [SRJ-IND] B152PR sym=USDJPY bar=2026.06.03 14:30 z1=2720,B,159.586,159.605,2026.06.02 01:05,1,2026.06.03 10:35,159.787,159.550"
1194,JUNE0525-B162,1617DC1ACCE6B50ED2D1359582A70A8B8503C569623EE90C18C6B33542796207,Tester/logs/20261011.log,970294,2026-06-03,14:35,B152PR,"GF	0	00:08:52.229	Core 04	2026.06.03 14:35:07   [SRJ-IND] B152PR sym=USDJPY bar=2026.06.03 14:30 z1=2945,B,159.579,159.675,2026.06.03 11:15,1,2026.06.03 11:25,159.727,159.674"
1195,JUNE0525-B162,1617DC1ACCE6B50ED2D1359582A70A8B8503C569623EE90C18C6B33542796207,Tester/logs/20261011.log,970295,2026-06-03,14:35,B152PR,"MN	0	00:08:52.229	Core 04	2026.06.03 14:35:07   [SRJ-IND] B152PR sym=USDJPY bar=2026.06.03 14:30 bull=1 bear=0 nz=23"
1196,JUNE0525-B162,1617DC1ACCE6B50ED2D1359582A70A8B8503C569623EE90C18C6B33542796207,Tester/logs/20261011.log,970296,2026-06-03,14:35,B162ORIGIN,"NQ	0	00:08:52.229	Core 04	2026.06.03 14:35:07   [SRJ-IND] B162ORIGIN sym=USDJPY bar=2026.06.03 14:30 side=B n=23 origin=2945 range=159.579-159.675 formT=2026.06.03 10:50 set=65,78,212,256,261,313,414,447,449,460,696,714,724,1405,1779,1780,1949,2509,2566,2648,2716,2720,2945"
1197,JUNE0525-B162,1617DC1ACCE6B50ED2D1359582A70A8B8503C569623EE90C18C6B33542796207,Tester/logs/20261011.log,970297,2026-06-03,14:35,B162ORIGIN,"PS	0	00:08:52.229	Core 04	2026.06.03 14:35:07   [SRJ-IND] B162ORIGIN sym=USDJPY bar=2026.06.03 14:30 side=S n=0 origin=NONE range=- formT=- set=-"
1198,JUNE0525-B162,1617DC1ACCE6B50ED2D1359582A70A8B8503C569623EE90C18C6B33542796207,Tester/logs/20261011.log,970301,2026-06-03,14:35,CQDRECHECK,"MP	0	00:08:52.229	Core 04	2026.06.03 14:35:07   [SRJ-EA] CQDRECHECK shift=2 passA=1.0 passB=1.0 diff=0 bar=2026.06.03 14:25 state=IDLE dir=NONE divLatch=0 hit1=0 hit2=526 mism=0"
1199,JUNE0525-B162,1617DC1ACCE6B50ED2D1359582A70A8B8503C569623EE90C18C6B33542796207,Tester/logs/20261011.log,970306,2026-06-03,14:35,CONFIRMPOLL,"CK	0	00:08:52.229	Core 04	2026.06.03 14:35:07   [SRJ-EA] CONFIRMPOLL bar=2026.06.03 14:30 anchor=Daily-POC dir=LONG oppCandle=0 bodyDir=1 body=4pts doji=0 touchAttr=1 confirm=0 shadow=true"
1200,JUNE0525-B162,1617DC1ACCE6B50ED2D1359582A70A8B8503C569623EE90C18C6B33542796207,Tester/logs/20261011.log,970308,2026-06-03,14:35,STATE,"FJ	0	00:08:52.229	Core 04	2026.06.03 14:35:07   [SRJ-EA] 2026.06.03 14:35:07 STATE IDLE->S1_REGIME dir=LONG poi=Daily-POC"
1201,JUNE0525-B162,1617DC1ACCE6B50ED2D1359582A70A8B8503C569623EE90C18C6B33542796207,Tester/logs/20261011.log,970309,2026-06-03,14:35,ANCHOR_ELECT,"CK	0	00:08:52.229	Core 04	2026.06.03 14:35:07   [SRJ-EA] ANCHOR_ELECT bar=2026.06.03 14:30 action=SEED poi=Daily-POC rank=10 tier=5 dir=LONG"
1202,JUNE0525-B162,1617DC1ACCE6B50ED2D1359582A70A8B8503C569623EE90C18C6B33542796207,Tester/logs/20261011.log,970318,2026-06-03,14:35,STATE,"FE	0	00:08:52.229	Core 04	2026.06.03 14:35:07   [SRJ-EA] 2026.06.03 14:35:07 STATE S1_REGIME->S2_LTF_ALIGN dir=LONG poi=Daily-POC"
1203,JUNE0525-B162,1617DC1ACCE6B50ED2D1359582A70A8B8503C569623EE90C18C6B33542796207,Tester/logs/20261011.log,970319,2026-06-03,14:35,STATE,"OH	0	00:08:52.229	Core 04	2026.06.03 14:35:07   [SRJ-EA] 2026.06.03 14:35:07 STATE S2_LTF_ALIGN->S3_ZONE_WAIT dir=LONG poi=Daily-POC"
1204,JUNE0525-B162,1617DC1ACCE6B50ED2D1359582A70A8B8503C569623EE90C18C6B33542796207,Tester/logs/20261011.log,970323,2026-06-03,14:35,XOBPROMO,"OF	0	00:08:52.229	Core 04	2026.06.03 14:35:07   [SRJ-EA] XOBPROMO bar=2026.06.03 14:30 site=S3PICK xobId=2945 raw=1780485300.0 promoT=2026.06.03 11:15"
1205,JUNE0525-B162,1617DC1ACCE6B50ED2D1359582A70A8B8503C569623EE90C18C6B33542796207,Tester/logs/20261011.log,970324,2026-06-03,14:35,ZONEPICK,"FI	0	00:08:52.229	Core 04	2026.06.03 14:35:07   [SRJ-EA] ZONEPICK bar=2026.06.03 14:30 dir=LONG haveFvg=0 fvgInPlay=0 haveXob=1 xobInPlay=0 downgraded=0 fvg=--- xob=159.579-159.675"
1206,JUNE0525-B162,1617DC1ACCE6B50ED2D1359582A70A8B8503C569623EE90C18C6B33542796207,Tester/logs/20261011.log,970339,2026-06-03,14:35,INPLAYCOMMIT,"PF	0	00:08:52.229	Core 04	2026.06.03 14:35:07   [SRJ-EA] INPLAYCOMMIT bar=2026.06.03 14:30 dir=LONG zoneSrc=XOB zoneLo=159.579 zoneHi=159.675 promoT=2026.06.03 11:15 applied=1 bounded=1 scanned=36 swings=5 hits=1 firstShift=17 firstVal=159.666 commitVia=SWING legacy=0 legacyVia=none committed=1 changed=1 haveStop=1"
1207,JUNE0525-B162,1617DC1ACCE6B50ED2D1359582A70A8B8503C569623EE90C18C6B33542796207,Tester/logs/20261011.log,970340,2026-06-03,14:35,STATE,"LP	0	00:08:52.229	Core 04	2026.06.03 14:35:07   [SRJ-EA] 2026.06.03 14:35:07 STATE S3_ZONE_WAIT->S4_ARMED dir=LONG poi=Daily-POC"
1208,JUNE0525-B162,1617DC1ACCE6B50ED2D1359582A70A8B8503C569623EE90C18C6B33542796207,Tester/logs/20261011.log,970349,2026-06-03,14:40,B152PR,"OR	0	00:08:52.229	Core 04	2026.06.03 14:40:06   [SRJ-IND] B152PR sym=USDJPY bar=2026.06.03 14:35 z1=65,B,156.672,156.773,2026.05.11 04:10,1,2026.05.12 08:55,157.714,156.726"
1209,JUNE0525-B162,1617DC1ACCE6B50ED2D1359582A70A8B8503C569623EE90C18C6B33542796207,Tester/logs/20261011.log,970350,2026-06-03,14:40,B152PR,"OH	0	00:08:52.229	Core 04	2026.06.03 14:40:06   [SRJ-IND] B152PR sym=USDJPY bar=2026.06.03 14:35 z1=78,B,156.578,156.584,2026.05.11 00:35,1,2026.05.11 00:40,156.644,156.537"
1210,JUNE0525-B162,1617DC1ACCE6B50ED2D1359582A70A8B8503C569623EE90C18C6B33542796207,Tester/logs/20261011.log,970351,2026-06-03,14:40,B152PR,"QL	0	00:08:52.229	Core 04	2026.06.03 14:40:06   [SRJ-IND] B152PR sym=USDJPY bar=2026.06.03 14:35 z1=212,B,157.028,157.060,2026.05.11 19:20,1,2026.05.12 00:00,157.152,157.050"
1211,JUNE0525-B162,1617DC1ACCE6B50ED2D1359582A70A8B8503C569623EE90C18C6B33542796207,Tester/logs/20261011.log,970352,2026-06-03,14:40,B152PR,"QF	0	00:08:52.229	Core 04	2026.06.03 14:40:06   [SRJ-IND] B152PR sym=USDJPY bar=2026.06.03 14:35 z1=256,B,157.172,157.178,2026.05.12 01:25,1,2026.05.12 08:55,157.714,156.726"
1212,JUNE0525-B162,1617DC1ACCE6B50ED2D1359582A70A8B8503C569623EE90C18C6B33542796207,Tester/logs/20261011.log,970353,2026-06-03,14:40,B152PR,"GH	0	00:08:52.229	Core 04	2026.06.03 14:40:06   [SRJ-IND] B152PR sym=USDJPY bar=2026.06.03 14:35 z1=261,B,157.184,157.192,2026.05.12 03:00,1,2026.05.12 08:55,157.714,156.726"
1213,JUNE0525-B162,1617DC1ACCE6B50ED2D1359582A70A8B8503C569623EE90C18C6B33542796207,Tester/logs/20261011.log,970354,2026-06-03,14:40,B152PR,"KR	0	00:08:52.229	Core 04	2026.06.03 14:40:06   [SRJ-IND] B152PR sym=USDJPY bar=2026.06.03 14:35 z1=313,B,157.331,157.497,2026.05.12 10:00,1,2026.05.12 10:10,157.546,157.487"
1214,JUNE0525-B162,1617DC1ACCE6B50ED2D1359582A70A8B8503C569623EE90C18C6B33542796207,Tester/logs/20261011.log,970355,2026-06-03,14:40,B152PR,"RD	0	00:08:52.229	Core 04	2026.06.03 14:40:06   [SRJ-IND] B152PR sym=USDJPY bar=2026.06.03 14:35 z1=414,B,157.517,157.589,2026.05.13 01:10,1,2026.05.13 01:20,157.607,157.587"
1215,JUNE0525-B162,1617DC1ACCE6B50ED2D1359582A70A8B8503C569623EE90C18C6B33542796207,Tester/logs/20261011.log,970356,2026-06-03,14:40,B152PR,"EN	0	00:08:52.229	Core 04	2026.06.03 14:40:06   [SRJ-IND] B152PR sym=USDJPY bar=2026.06.03 14:35 z1=447,B,157.562,157.648,2026.05.13 06:20,1,2026.05.13 06:25,157.662,157.648"
1216,JUNE0525-B162,1617DC1ACCE6B50ED2D1359582A70A8B8503C569623EE90C18C6B33542796207,Tester/logs/20261011.log,970357,2026-06-03,14:40,B152PR,"FP	0	00:08:52.229	Core 04	2026.06.03 14:40:06   [SRJ-IND] B152PR sym=USDJPY bar=2026.06.03 14:35 z1=449,B,157.599,157.654,2026.05.13 05:15,1,2026.05.13 05:45,157.687,157.652"
1217,JUNE0525-B162,1617DC1ACCE6B50ED2D1359582A70A8B8503C569623EE90C18C6B33542796207,Tester/logs/20261011.log,970358,2026-06-03,14:40,B152PR,"KJ	0	00:08:52.229	Core 04	2026.06.03 14:40:06   [SRJ-IND] B152PR sym=USDJPY bar=2026.06.03 14:35 z1=460,B,157.645,157.660,2026.05.13 07:05,1,2026.05.14 00:25,157.812,157.650"
1218,JUNE0525-B162,1617DC1ACCE6B50ED2D1359582A70A8B8503C569623EE90C18C6B33542796207,Tester/logs/20261011.log,970359,2026-06-03,14:40,B152PR,"CO	0	00:08:52.229	Core 04	2026.06.03 14:40:06   [SRJ-IND] B152PR sym=USDJPY bar=2026.06.03 14:35 z1=696,B,157.568,158.167,2026.05.14 18:05,1,2026.05.14 18:10,158.191,158.119"
1219,JUNE0525-B162,1617DC1ACCE6B50ED2D1359582A70A8B8503C569623EE90C18C6B33542796207,Tester/logs/20261011.log,970360,2026-06-03,14:40,B152PR,"KQ	0	00:08:52.229	Core 04	2026.06.03 14:40:06   [SRJ-IND] B152PR sym=USDJPY bar=2026.06.03 14:35 z1=714,B,158.107,158.142,2026.05.14 19:30,1,2026.05.14 20:00,158.169,158.142"
1220,JUNE0525-B162,1617DC1ACCE6B50ED2D1359582A70A8B8503C569623EE90C18C6B33542796207,Tester/logs/20261011.log,970361,2026-06-03,14:40,B152PR,"NK	0	00:08:52.229	Core 04	2026.06.03 14:40:06   [SRJ-IND] B152PR sym=USDJPY bar=2026.06.03 14:35 z1=724,B,158.168,158.186,2026.05.14 21:00,1,2026.05.14 21:05,158.191,158.182"
1221,JUNE0525-B162,1617DC1ACCE6B50ED2D1359582A70A8B8503C569623EE90C18C6B33542796207,Tester/logs/20261011.log,970362,2026-06-03,14:40,B152PR,"PN	0	00:08:52.229	Core 04	2026.06.03 14:40:06   [SRJ-IND] B152PR sym=USDJPY bar=2026.06.03 14:35 z1=1405,B,158.735,158.769,2026.05.20 19:00,1,2026.05.20 19:05,158.816,158.753"
1222,JUNE0525-B162,1617DC1ACCE6B50ED2D1359582A70A8B8503C569623EE90C18C6B33542796207,Tester/logs/20261011.log,970363,2026-06-03,14:40,B152PR,"FD	0	00:08:52.229	Core 04	2026.06.03 14:40:06   [SRJ-IND] B152PR sym=USDJPY bar=2026.06.03 14:35 z1=1779,B,158.756,158.800,2026.05.25 06:45,1,2026.05.26 00:00,158.887,158.784"
1223,JUNE0525-B162,1617DC1ACCE6B50ED2D1359582A70A8B8503C569623EE90C18C6B33542796207,Tester/logs/20261011.log,970364,2026-06-03,14:40,B152PR,"GJ	0	00:08:52.229	Core 04	2026.06.03 14:40:06   [SRJ-IND] B152PR sym=USDJPY bar=2026.06.03 14:35 z1=1780,B,158.789,158.814,2026.05.25 04:50,1,2026.05.26 00:00,158.887,158.784"
1224,JUNE0525-B162,1617DC1ACCE6B50ED2D1359582A70A8B8503C569623EE90C18C6B33542796207,Tester/logs/20261011.log,970365,2026-06-03,14:40,B152PR,"RP	0	00:08:52.229	Core 04	2026.06.03 14:40:06   [SRJ-IND] B152PR sym=USDJPY bar=2026.06.03 14:35 z1=1949,B,158.916,158.934,2026.05.26 07:25,1,2026.05.26 07:30,158.942,158.934"
1225,JUNE0525-B162,1617DC1ACCE6B50ED2D1359582A70A8B8503C569623EE90C18C6B33542796207,Tester/logs/20261011.log,970366,2026-06-03,14:40,B152PR,"GF	0	00:08:52.229	Core 04	2026.06.03 14:40:06   [SRJ-IND] B152PR sym=USDJPY bar=2026.06.03 14:35 z1=2509,B,159.134,159.195,2026.05.29 19:10,1,2026.05.29 19:35,159.215,159.186"
1226,JUNE0525-B162,1617DC1ACCE6B50ED2D1359582A70A8B8503C569623EE90C18C6B33542796207,Tester/logs/20261011.log,970367,2026-06-03,14:40,B152PR,"JL	0	00:08:52.229	Core 04	2026.06.03 14:40:06   [SRJ-IND] B152PR sym=USDJPY bar=2026.06.03 14:35 z1=2566,B,159.382,159.407,2026.06.01 03:15,1,2026.06.03 11:30,159.790,159.368"
1227,JUNE0525-B162,1617DC1ACCE6B50ED2D1359582A70A8B8503C569623EE90C18C6B33542796207,Tester/logs/20261011.log,970368,2026-06-03,14:40,B152PR,"PR	0	00:08:52.229	Core 04	2026.06.03 14:40:06   [SRJ-IND] B152PR sym=USDJPY bar=2026.06.03 14:35 z1=2648,B,159.435,159.481,2026.06.01 16:00,1,2026.06.03 11:30,159.790,159.368"
1228,JUNE0525-B162,1617DC1ACCE6B50ED2D1359582A70A8B8503C569623EE90C18C6B33542796207,Tester/logs/20261011.log,970369,2026-06-03,14:40,B152PR,"CH	0	00:08:52.229	Core 04	2026.06.03 14:40:06   [SRJ-IND] B152PR sym=USDJPY bar=2026.06.03 14:35 z1=2716,B,159.576,159.603,2026.06.02 03:10,1,2026.06.03 10:35,159.787,159.550"
1229,JUNE0525-B162,1617DC1ACCE6B50ED2D1359582A70A8B8503C569623EE90C18C6B33542796207,Tester/logs/20261011.log,970370,2026-06-03,14:40,B152PR,"MN	0	00:08:52.229	Core 04	2026.06.03 14:40:06   [SRJ-IND] B152PR sym=USDJPY bar=2026.06.03 14:35 z1=2720,B,159.586,159.605,2026.06.02 01:05,1,2026.06.03 10:35,159.787,159.550"
1230,JUNE0525-B162,1617DC1ACCE6B50ED2D1359582A70A8B8503C569623EE90C18C6B33542796207,Tester/logs/20261011.log,970371,2026-06-03,14:40,B152PR,"QD	0	00:08:52.229	Core 04	2026.06.03 14:40:06   [SRJ-IND] B152PR sym=USDJPY bar=2026.06.03 14:35 z1=2945,B,159.579,159.675,2026.06.03 11:15,1,2026.06.03 11:25,159.727,159.674"
1231,JUNE0525-B162,1617DC1ACCE6B50ED2D1359582A70A8B8503C569623EE90C18C6B33542796207,Tester/logs/20261011.log,970372,2026-06-03,14:40,B152PR,"CH	0	00:08:52.229	Core 04	2026.06.03 14:40:06   [SRJ-IND] B152PR sym=USDJPY bar=2026.06.03 14:35 bull=1 bear=0 nz=23"
1232,JUNE0525-B162,1617DC1ACCE6B50ED2D1359582A70A8B8503C569623EE90C18C6B33542796207,Tester/logs/20261011.log,970373,2026-06-03,14:40,B162ORIGIN,"LG	0	00:08:52.229	Core 04	2026.06.03 14:40:06   [SRJ-IND] B162ORIGIN sym=USDJPY bar=2026.06.03 14:35 side=B n=23 origin=2945 range=159.579-159.675 formT=2026.06.03 10:50 set=65,78,212,256,261,313,414,447,449,460,696,714,724,1405,1779,1780,1949,2509,2566,2648,2716,2720,2945"
1233,JUNE0525-B162,1617DC1ACCE6B50ED2D1359582A70A8B8503C569623EE90C18C6B33542796207,Tester/logs/20261011.log,970374,2026-06-03,14:40,B162ORIGIN,"JQ	0	00:08:52.229	Core 04	2026.06.03 14:40:06   [SRJ-IND] B162ORIGIN sym=USDJPY bar=2026.06.03 14:35 side=S n=0 origin=NONE range=- formT=- set=-"
1234,JUNE0525-B162,1617DC1ACCE6B50ED2D1359582A70A8B8503C569623EE90C18C6B33542796207,Tester/logs/20261011.log,970378,2026-06-03,14:40,ABORT,"RK	0	00:08:52.229	Core 04	2026.06.03 14:40:06   [SRJ-EA] 2026.06.03 14:40:06 ABORT reason=FRESH_OPP_FVG state=S4_ARMED poi=Daily-POC dir=LONG"
1235,JUNE0525-B162,1617DC1ACCE6B50ED2D1359582A70A8B8503C569623EE90C18C6B33542796207,Tester/logs/20261011.log,970379,2026-06-03,14:40,A6REFUSED,"FI	0	00:08:52.229	Core 04	2026.06.03 14:40:06   [SRJ-EA] A6REFUSED class=ABSENT_DECLINED bar=2026.06.03 14:40 state=S4_ARMED dir=LONG predicate=FRESH_OPP_FVG"
1236,JUNE0525-B162,1617DC1ACCE6B50ED2D1359582A70A8B8503C569623EE90C18C6B33542796207,Tester/logs/20261011.log,970381,2026-06-03,14:40,STATE,"IQ	0	00:08:52.229	Core 04	2026.06.03 14:40:06   [SRJ-EA] 2026.06.03 14:40:06 STATE S4_ARMED->ABORT dir=LONG poi=Daily-POC"
1237,JUNE0525-B162,1617DC1ACCE6B50ED2D1359582A70A8B8503C569623EE90C18C6B33542796207,Tester/logs/20261011.log,970383,2026-06-03,14:45,B152PR,"GG	0	00:08:52.229	Core 04	2026.06.03 14:45:01   [SRJ-IND] B152PR sym=USDJPY bar=2026.06.03 14:40 z1=65,B,156.672,156.773,2026.05.11 04:10,1,2026.05.12 08:55,157.714,156.726"
1238,JUNE0525-B162,1617DC1ACCE6B50ED2D1359582A70A8B8503C569623EE90C18C6B33542796207,Tester/logs/20261011.log,970384,2026-06-03,14:45,B152PR,"GM	0	00:08:52.229	Core 04	2026.06.03 14:45:01   [SRJ-IND] B152PR sym=USDJPY bar=2026.06.03 14:40 z1=78,B,156.578,156.584,2026.05.11 00:35,1,2026.05.11 00:40,156.644,156.537"
1239,JUNE0525-B162,1617DC1ACCE6B50ED2D1359582A70A8B8503C569623EE90C18C6B33542796207,Tester/logs/20261011.log,970385,2026-06-03,14:45,B152PR,"IP	0	00:08:52.229	Core 04	2026.06.03 14:45:01   [SRJ-IND] B152PR sym=USDJPY bar=2026.06.03 14:40 z1=212,B,157.028,157.060,2026.05.11 19:20,1,2026.05.12 00:00,157.152,157.050"
1240,JUNE0525-B162,1617DC1ACCE6B50ED2D1359582A70A8B8503C569623EE90C18C6B33542796207,Tester/logs/20261011.log,970386,2026-06-03,14:45,B152PR,"IJ	0	00:08:52.229	Core 04	2026.06.03 14:45:01   [SRJ-IND] B152PR sym=USDJPY bar=2026.06.03 14:40 z1=256,B,157.172,157.178,2026.05.12 01:25,1,2026.05.12 08:55,157.714,156.726"
1241,JUNE0525-B162,1617DC1ACCE6B50ED2D1359582A70A8B8503C569623EE90C18C6B33542796207,Tester/logs/20261011.log,970387,2026-06-03,14:45,B152PR,"OL	0	00:08:52.229	Core 04	2026.06.03 14:45:01   [SRJ-IND] B152PR sym=USDJPY bar=2026.06.03 14:40 z1=261,B,157.184,157.192,2026.05.12 03:00,1,2026.05.12 08:55,157.714,156.726"
1242,JUNE0525-B162,1617DC1ACCE6B50ED2D1359582A70A8B8503C569623EE90C18C6B33542796207,Tester/logs/20261011.log,970388,2026-06-03,14:45,B152PR,"CF	0	00:08:52.229	Core 04	2026.06.03 14:45:01   [SRJ-IND] B152PR sym=USDJPY bar=2026.06.03 14:40 z1=313,B,157.331,157.497,2026.05.12 10:00,1,2026.05.12 10:10,157.546,157.487"
1243,JUNE0525-B162,1617DC1ACCE6B50ED2D1359582A70A8B8503C569623EE90C18C6B33542796207,Tester/logs/20261011.log,970389,2026-06-03,14:45,B152PR,"JK	0	00:08:52.229	Core 04	2026.06.03 14:45:01   [SRJ-IND] B152PR sym=USDJPY bar=2026.06.03 14:40 z1=414,B,157.517,157.589,2026.05.13 01:10,1,2026.05.13 01:20,157.607,157.587"
1244,JUNE0525-B162,1617DC1ACCE6B50ED2D1359582A70A8B8503C569623EE90C18C6B33542796207,Tester/logs/20261011.log,970390,2026-06-03,14:45,B152PR,"MM	0	00:08:52.229	Core 04	2026.06.03 14:45:01   [SRJ-IND] B152PR sym=USDJPY bar=2026.06.03 14:40 z1=447,B,157.562,157.648,2026.05.13 06:20,1,2026.05.13 06:25,157.662,157.648"
1245,JUNE0525-B162,1617DC1ACCE6B50ED2D1359582A70A8B8503C569623EE90C18C6B33542796207,Tester/logs/20261011.log,970391,2026-06-03,14:45,B152PR,"NG	0	00:08:52.229	Core 04	2026.06.03 14:45:01   [SRJ-IND] B152PR sym=USDJPY bar=2026.06.03 14:40 z1=449,B,157.599,157.654,2026.05.13 05:15,1,2026.05.13 05:45,157.687,157.652"
1246,JUNE0525-B162,1617DC1ACCE6B50ED2D1359582A70A8B8503C569623EE90C18C6B33542796207,Tester/logs/20261011.log,970392,2026-06-03,14:45,B152PR,"CI	0	00:08:52.229	Core 04	2026.06.03 14:45:01   [SRJ-IND] B152PR sym=USDJPY bar=2026.06.03 14:40 z1=460,B,157.645,157.660,2026.05.13 07:05,1,2026.05.14 00:25,157.812,157.650"
1247,JUNE0525-B162,1617DC1ACCE6B50ED2D1359582A70A8B8503C569623EE90C18C6B33542796207,Tester/logs/20261011.log,970393,2026-06-03,14:45,B152PR,"KS	0	00:08:52.229	Core 04	2026.06.03 14:45:01   [SRJ-IND] B152PR sym=USDJPY bar=2026.06.03 14:40 z1=696,B,157.568,158.167,2026.05.14 18:05,1,2026.05.14 18:10,158.191,158.119"
1248,JUNE0525-B162,1617DC1ACCE6B50ED2D1359582A70A8B8503C569623EE90C18C6B33542796207,Tester/logs/20261011.log,970394,2026-06-03,14:45,B152PR,"CE	0	00:08:52.229	Core 04	2026.06.03 14:45:01   [SRJ-IND] B152PR sym=USDJPY bar=2026.06.03 14:40 z1=714,B,158.107,158.142,2026.05.14 19:30,1,2026.05.14 20:00,158.169,158.142"
1249,JUNE0525-B162,1617DC1ACCE6B50ED2D1359582A70A8B8503C569623EE90C18C6B33542796207,Tester/logs/20261011.log,970395,2026-06-03,14:45,B152PR,"FO	0	00:08:52.229	Core 04	2026.06.03 14:45:01   [SRJ-IND] B152PR sym=USDJPY bar=2026.06.03 14:40 z1=724,B,158.168,158.186,2026.05.14 21:00,1,2026.05.14 21:05,158.191,158.182"
1250,JUNE0525-B162,1617DC1ACCE6B50ED2D1359582A70A8B8503C569623EE90C18C6B33542796207,Tester/logs/20261011.log,970396,2026-06-03,14:45,B152PR,"HR	0	00:08:52.229	Core 04	2026.06.03 14:45:01   [SRJ-IND] B152PR sym=USDJPY bar=2026.06.03 14:40 z1=1405,B,158.735,158.769,2026.05.20 19:00,1,2026.05.20 19:05,158.816,158.753"
1251,JUNE0525-B162,1617DC1ACCE6B50ED2D1359582A70A8B8503C569623EE90C18C6B33542796207,Tester/logs/20261011.log,970397,2026-06-03,14:45,B152PR,"NH	0	00:08:52.229	Core 04	2026.06.03 14:45:01   [SRJ-IND] B152PR sym=USDJPY bar=2026.06.03 14:40 z1=1779,B,158.756,158.800,2026.05.25 06:45,1,2026.05.26 00:00,158.887,158.784"
1252,JUNE0525-B162,1617DC1ACCE6B50ED2D1359582A70A8B8503C569623EE90C18C6B33542796207,Tester/logs/20261011.log,970398,2026-06-03,14:45,B152PR,"ON	0	00:08:52.229	Core 04	2026.06.03 14:45:01   [SRJ-IND] B152PR sym=USDJPY bar=2026.06.03 14:40 z1=1780,B,158.789,158.814,2026.05.25 04:50,1,2026.05.26 00:00,158.887,158.784"
1253,JUNE0525-B162,1617DC1ACCE6B50ED2D1359582A70A8B8503C569623EE90C18C6B33542796207,Tester/logs/20261011.log,970399,2026-06-03,14:45,B152PR,"JD	0	00:08:52.229	Core 04	2026.06.03 14:45:01   [SRJ-IND] B152PR sym=USDJPY bar=2026.06.03 14:40 z1=1949,B,158.916,158.934,2026.05.26 07:25,1,2026.05.26 07:30,158.942,158.934"
1254,JUNE0525-B162,1617DC1ACCE6B50ED2D1359582A70A8B8503C569623EE90C18C6B33542796207,Tester/logs/20261011.log,970400,2026-06-03,14:45,B152PR,"OJ	0	00:08:52.229	Core 04	2026.06.03 14:45:01   [SRJ-IND] B152PR sym=USDJPY bar=2026.06.03 14:40 z1=2509,B,159.134,159.195,2026.05.29 19:10,1,2026.05.29 19:35,159.215,159.186"
1255,JUNE0525-B162,1617DC1ACCE6B50ED2D1359582A70A8B8503C569623EE90C18C6B33542796207,Tester/logs/20261011.log,970401,2026-06-03,14:45,B152PR,"RP	0	00:08:52.229	Core 04	2026.06.03 14:45:01   [SRJ-IND] B152PR sym=USDJPY bar=2026.06.03 14:40 z1=2566,B,159.382,159.407,2026.06.01 03:15,1,2026.06.03 11:30,159.790,159.368"
1256,JUNE0525-B162,1617DC1ACCE6B50ED2D1359582A70A8B8503C569623EE90C18C6B33542796207,Tester/logs/20261011.log,970402,2026-06-03,14:45,B152PR,"HF	0	00:08:52.229	Core 04	2026.06.03 14:45:01   [SRJ-IND] B152PR sym=USDJPY bar=2026.06.03 14:40 z1=2648,B,159.435,159.481,2026.06.01 16:00,1,2026.06.03 11:30,159.790,159.368"
1257,JUNE0525-B162,1617DC1ACCE6B50ED2D1359582A70A8B8503C569623EE90C18C6B33542796207,Tester/logs/20261011.log,970403,2026-06-03,14:45,B152PR,"KL	0	00:08:52.229	Core 04	2026.06.03 14:45:01   [SRJ-IND] B152PR sym=USDJPY bar=2026.06.03 14:40 z1=2716,B,159.576,159.603,2026.06.02 03:10,1,2026.06.03 10:35,159.787,159.550"
1258,JUNE0525-B162,1617DC1ACCE6B50ED2D1359582A70A8B8503C569623EE90C18C6B33542796207,Tester/logs/20261011.log,970404,2026-06-03,14:45,B152PR,"ER	0	00:08:52.229	Core 04	2026.06.03 14:45:01   [SRJ-IND] B152PR sym=USDJPY bar=2026.06.03 14:40 z1=2720,B,159.586,159.605,2026.06.02 01:05,1,2026.06.03 10:35,159.787,159.550"
1259,JUNE0525-B162,1617DC1ACCE6B50ED2D1359582A70A8B8503C569623EE90C18C6B33542796207,Tester/logs/20261011.log,970405,2026-06-03,14:45,B152PR,"IH	0	00:08:52.229	Core 04	2026.06.03 14:45:01   [SRJ-IND] B152PR sym=USDJPY bar=2026.06.03 14:40 z1=2945,B,159.579,159.675,2026.06.03 11:15,1,2026.06.03 11:25,159.727,159.674"
1260,JUNE0525-B162,1617DC1ACCE6B50ED2D1359582A70A8B8503C569623EE90C18C6B33542796207,Tester/logs/20261011.log,970406,2026-06-03,14:45,B152PR,"OO	0	00:08:52.229	Core 04	2026.06.03 14:45:01   [SRJ-IND] B152PR sym=USDJPY bar=2026.06.03 14:40 z1=2966,S,159.825,159.853,2026.06.03 14:00,1,2026.06.03 14:40,159.826,159.800"
1261,JUNE0525-B162,1617DC1ACCE6B50ED2D1359582A70A8B8503C569623EE90C18C6B33542796207,Tester/logs/20261011.log,970407,2026-06-03,14:45,B152PR,"QF	0	00:08:52.229	Core 04	2026.06.03 14:45:01   [SRJ-IND] B152PR sym=USDJPY bar=2026.06.03 14:40 bull=1 bear=1 nz=24"
1262,JUNE0525-B162,1617DC1ACCE6B50ED2D1359582A70A8B8503C569623EE90C18C6B33542796207,Tester/logs/20261011.log,970408,2026-06-03,14:45,B162ORIGIN,"DN	0	00:08:52.229	Core 04	2026.06.03 14:45:01   [SRJ-IND] B162ORIGIN sym=USDJPY bar=2026.06.03 14:40 side=B n=23 origin=2945 range=159.579-159.675 formT=2026.06.03 10:50 set=65,78,212,256,261,313,414,447,449,460,696,714,724,1405,1779,1780,1949,2509,2566,2648,2716,2720,2945"
1263,JUNE0525-B162,1617DC1ACCE6B50ED2D1359582A70A8B8503C569623EE90C18C6B33542796207,Tester/logs/20261011.log,970409,2026-06-03,14:45,B162ORIGIN,"MJ	0	00:08:52.229	Core 04	2026.06.03 14:45:01   [SRJ-IND] B162ORIGIN sym=USDJPY bar=2026.06.03 14:40 side=S n=1 origin=2966 range=159.825-159.853 formT=2026.06.03 13:40 set=2966"
1264,JUNE0525-B162,1617DC1ACCE6B50ED2D1359582A70A8B8503C569623EE90C18C6B33542796207,Tester/logs/20261011.log,970418,2026-06-03,14:50,B152PR,"GK	0	00:08:52.229	Core 04	2026.06.03 14:50:00   [SRJ-IND] B152PR sym=USDJPY bar=2026.06.03 14:45 z1=65,B,156.672,156.773,2026.05.11 04:10,1,2026.05.12 08:55,157.714,156.726"
1265,JUNE0525-B162,1617DC1ACCE6B50ED2D1359582A70A8B8503C569623EE90C18C6B33542796207,Tester/logs/20261011.log,970419,2026-06-03,14:50,B152PR,"GQ	0	00:08:52.229	Core 04	2026.06.03 14:50:00   [SRJ-IND] B152PR sym=USDJPY bar=2026.06.03 14:45 z1=78,B,156.578,156.584,2026.05.11 00:35,1,2026.05.11 00:40,156.644,156.537"
1266,JUNE0525-B162,1617DC1ACCE6B50ED2D1359582A70A8B8503C569623EE90C18C6B33542796207,Tester/logs/20261011.log,970420,2026-06-03,14:50,B152PR,"ID	0	00:08:52.229	Core 04	2026.06.03 14:50:00   [SRJ-IND] B152PR sym=USDJPY bar=2026.06.03 14:45 z1=212,B,157.028,157.060,2026.05.11 19:20,1,2026.05.12 00:00,157.152,157.050"
1267,JUNE0525-B162,1617DC1ACCE6B50ED2D1359582A70A8B8503C569623EE90C18C6B33542796207,Tester/logs/20261011.log,970421,2026-06-03,14:50,B152PR,"IN	0	00:08:52.229	Core 04	2026.06.03 14:50:00   [SRJ-IND] B152PR sym=USDJPY bar=2026.06.03 14:45 z1=256,B,157.172,157.178,2026.05.12 01:25,1,2026.05.12 08:55,157.714,156.726"
1268,JUNE0525-B162,1617DC1ACCE6B50ED2D1359582A70A8B8503C569623EE90C18C6B33542796207,Tester/logs/20261011.log,970422,2026-06-03,14:50,B152PR,"OP	0	00:08:52.229	Core 04	2026.06.03 14:50:00   [SRJ-IND] B152PR sym=USDJPY bar=2026.06.03 14:45 z1=261,B,157.184,157.192,2026.05.12 03:00,1,2026.05.12 08:55,157.714,156.726"
1269,JUNE0525-B162,1617DC1ACCE6B50ED2D1359582A70A8B8503C569623EE90C18C6B33542796207,Tester/logs/20261011.log,970423,2026-06-03,14:50,B152PR,"CJ	0	00:08:52.229	Core 04	2026.06.03 14:50:00   [SRJ-IND] B152PR sym=USDJPY bar=2026.06.03 14:45 z1=313,B,157.331,157.497,2026.05.12 10:00,1,2026.05.12 10:10,157.546,157.487"
1270,JUNE0525-B162,1617DC1ACCE6B50ED2D1359582A70A8B8503C569623EE90C18C6B33542796207,Tester/logs/20261011.log,970424,2026-06-03,14:50,B152PR,"JO	0	00:08:52.229	Core 04	2026.06.03 14:50:00   [SRJ-IND] B152PR sym=USDJPY bar=2026.06.03 14:45 z1=414,B,157.517,157.589,2026.05.13 01:10,1,2026.05.13 01:20,157.607,157.587"
1271,JUNE0525-B162,1617DC1ACCE6B50ED2D1359582A70A8B8503C569623EE90C18C6B33542796207,Tester/logs/20261011.log,970425,2026-06-03,14:50,B152PR,"MQ	0	00:08:52.229	Core 04	2026.06.03 14:50:00   [SRJ-IND] B152PR sym=USDJPY bar=2026.06.03 14:45 z1=447,B,157.562,157.648,2026.05.13 06:20,1,2026.05.13 06:25,157.662,157.648"
1272,JUNE0525-B162,1617DC1ACCE6B50ED2D1359582A70A8B8503C569623EE90C18C6B33542796207,Tester/logs/20261011.log,970426,2026-06-03,14:50,B152PR,"NK	0	00:08:52.229	Core 04	2026.06.03 14:50:00   [SRJ-IND] B152PR sym=USDJPY bar=2026.06.03 14:45 z1=449,B,157.599,157.654,2026.05.13 05:15,1,2026.05.13 05:45,157.687,157.652"
1273,JUNE0525-B162,1617DC1ACCE6B50ED2D1359582A70A8B8503C569623EE90C18C6B33542796207,Tester/logs/20261011.log,970427,2026-06-03,14:50,B152PR,"CM	0	00:08:52.229	Core 04	2026.06.03 14:50:00   [SRJ-IND] B152PR sym=USDJPY bar=2026.06.03 14:45 z1=460,B,157.645,157.660,2026.05.13 07:05,1,2026.05.14 00:25,157.812,157.650"
1274,JUNE0525-B162,1617DC1ACCE6B50ED2D1359582A70A8B8503C569623EE90C18C6B33542796207,Tester/logs/20261011.log,970428,2026-06-03,14:50,B152PR,"KG	0	00:08:52.229	Core 04	2026.06.03 14:50:00   [SRJ-IND] B152PR sym=USDJPY bar=2026.06.03 14:45 z1=696,B,157.568,158.167,2026.05.14 18:05,1,2026.05.14 18:10,158.191,158.119"
1275,JUNE0525-B162,1617DC1ACCE6B50ED2D1359582A70A8B8503C569623EE90C18C6B33542796207,Tester/logs/20261011.log,970429,2026-06-03,14:50,B152PR,"CI	0	00:08:52.229	Core 04	2026.06.03 14:50:00   [SRJ-IND] B152PR sym=USDJPY bar=2026.06.03 14:45 z1=714,B,158.107,158.142,2026.05.14 19:30,1,2026.05.14 20:00,158.169,158.142"
1276,JUNE0525-B162,1617DC1ACCE6B50ED2D1359582A70A8B8503C569623EE90C18C6B33542796207,Tester/logs/20261011.log,970430,2026-06-03,14:50,B152PR,"FS	0	00:08:52.229	Core 04	2026.06.03 14:50:00   [SRJ-IND] B152PR sym=USDJPY bar=2026.06.03 14:45 z1=724,B,158.168,158.186,2026.05.14 21:00,1,2026.05.14 21:05,158.191,158.182"
1277,JUNE0525-B162,1617DC1ACCE6B50ED2D1359582A70A8B8503C569623EE90C18C6B33542796207,Tester/logs/20261011.log,970431,2026-06-03,14:50,B152PR,"HF	0	00:08:52.229	Core 04	2026.06.03 14:50:00   [SRJ-IND] B152PR sym=USDJPY bar=2026.06.03 14:45 z1=1405,B,158.735,158.769,2026.05.20 19:00,1,2026.05.20 19:05,158.816,158.753"
1278,JUNE0525-B162,1617DC1ACCE6B50ED2D1359582A70A8B8503C569623EE90C18C6B33542796207,Tester/logs/20261011.log,970432,2026-06-03,14:50,B152PR,"NL	0	00:08:52.229	Core 04	2026.06.03 14:50:00   [SRJ-IND] B152PR sym=USDJPY bar=2026.06.03 14:45 z1=1779,B,158.756,158.800,2026.05.25 06:45,1,2026.05.26 00:00,158.887,158.784"
1279,JUNE0525-B162,1617DC1ACCE6B50ED2D1359582A70A8B8503C569623EE90C18C6B33542796207,Tester/logs/20261011.log,970433,2026-06-03,14:50,B152PR,"OR	0	00:08:52.229	Core 04	2026.06.03 14:50:00   [SRJ-IND] B152PR sym=USDJPY bar=2026.06.03 14:45 z1=1780,B,158.789,158.814,2026.05.25 04:50,1,2026.05.26 00:00,158.887,158.784"
1280,JUNE0525-B162,1617DC1ACCE6B50ED2D1359582A70A8B8503C569623EE90C18C6B33542796207,Tester/logs/20261011.log,970434,2026-06-03,14:50,B152PR,"JH	0	00:08:52.229	Core 04	2026.06.03 14:50:00   [SRJ-IND] B152PR sym=USDJPY bar=2026.06.03 14:45 z1=1949,B,158.916,158.934,2026.05.26 07:25,1,2026.05.26 07:30,158.942,158.934"
1281,JUNE0525-B162,1617DC1ACCE6B50ED2D1359582A70A8B8503C569623EE90C18C6B33542796207,Tester/logs/20261011.log,970435,2026-06-03,14:50,B152PR,"ON	0	00:08:52.229	Core 04	2026.06.03 14:50:00   [SRJ-IND] B152PR sym=USDJPY bar=2026.06.03 14:45 z1=2509,B,159.134,159.195,2026.05.29 19:10,1,2026.05.29 19:35,159.215,159.186"
1282,JUNE0525-B162,1617DC1ACCE6B50ED2D1359582A70A8B8503C569623EE90C18C6B33542796207,Tester/logs/20261011.log,970436,2026-06-03,14:50,B152PR,"RD	0	00:08:52.229	Core 04	2026.06.03 14:50:00   [SRJ-IND] B152PR sym=USDJPY bar=2026.06.03 14:45 z1=2566,B,159.382,159.407,2026.06.01 03:15,1,2026.06.03 11:30,159.790,159.368"
1283,JUNE0525-B162,1617DC1ACCE6B50ED2D1359582A70A8B8503C569623EE90C18C6B33542796207,Tester/logs/20261011.log,970437,2026-06-03,14:50,B152PR,"HJ	0	00:08:52.229	Core 04	2026.06.03 14:50:00   [SRJ-IND] B152PR sym=USDJPY bar=2026.06.03 14:45 z1=2648,B,159.435,159.481,2026.06.01 16:00,1,2026.06.03 11:30,159.790,159.368"
1284,JUNE0525-B162,1617DC1ACCE6B50ED2D1359582A70A8B8503C569623EE90C18C6B33542796207,Tester/logs/20261011.log,970438,2026-06-03,14:50,B152PR,"KP	0	00:08:52.229	Core 04	2026.06.03 14:50:00   [SRJ-IND] B152PR sym=USDJPY bar=2026.06.03 14:45 z1=2716,B,159.576,159.603,2026.06.02 03:10,1,2026.06.03 10:35,159.787,159.550"
1285,JUNE0525-B162,1617DC1ACCE6B50ED2D1359582A70A8B8503C569623EE90C18C6B33542796207,Tester/logs/20261011.log,970439,2026-06-03,14:50,B152PR,"EF	0	00:08:52.229	Core 04	2026.06.03 14:50:00   [SRJ-IND] B152PR sym=USDJPY bar=2026.06.03 14:45 z1=2720,B,159.586,159.605,2026.06.02 01:05,1,2026.06.03 10:35,159.787,159.550"
1286,JUNE0525-B162,1617DC1ACCE6B50ED2D1359582A70A8B8503C569623EE90C18C6B33542796207,Tester/logs/20261011.log,970440,2026-06-03,14:50,B152PR,"IL	0	00:08:52.229	Core 04	2026.06.03 14:50:00   [SRJ-IND] B152PR sym=USDJPY bar=2026.06.03 14:45 z1=2945,B,159.579,159.675,2026.06.03 11:15,1,2026.06.03 11:25,159.727,159.674"
1287,JUNE0525-B162,1617DC1ACCE6B50ED2D1359582A70A8B8503C569623EE90C18C6B33542796207,Tester/logs/20261011.log,970441,2026-06-03,14:50,B152PR,"OS	0	00:08:52.229	Core 04	2026.06.03 14:50:00   [SRJ-IND] B152PR sym=USDJPY bar=2026.06.03 14:45 z1=2966,S,159.825,159.853,2026.06.03 14:00,1,2026.06.03 14:40,159.826,159.800"
1288,JUNE0525-B162,1617DC1ACCE6B50ED2D1359582A70A8B8503C569623EE90C18C6B33542796207,Tester/logs/20261011.log,970442,2026-06-03,14:50,B152PR,"QJ	0	00:08:52.229	Core 04	2026.06.03 14:50:00   [SRJ-IND] B152PR sym=USDJPY bar=2026.06.03 14:45 bull=1 bear=1 nz=24"
1289,JUNE0525-B162,1617DC1ACCE6B50ED2D1359582A70A8B8503C569623EE90C18C6B33542796207,Tester/logs/20261011.log,970443,2026-06-03,14:50,B162ORIGIN,"DJ	0	00:08:52.229	Core 04	2026.06.03 14:50:00   [SRJ-IND] B162ORIGIN sym=USDJPY bar=2026.06.03 14:45 side=B n=23 origin=2945 range=159.579-159.675 formT=2026.06.03 10:50 set=65,78,212,256,261,313,414,447,449,460,696,714,724,1405,1779,1780,1949,2509,2566,2648,2716,2720,2945"
1290,JUNE0525-B162,1617DC1ACCE6B50ED2D1359582A70A8B8503C569623EE90C18C6B33542796207,Tester/logs/20261011.log,970444,2026-06-03,14:50,B162ORIGIN,"MF	0	00:08:52.229	Core 04	2026.06.03 14:50:00   [SRJ-IND] B162ORIGIN sym=USDJPY bar=2026.06.03 14:45 side=S n=1 origin=2966 range=159.825-159.853 formT=2026.06.03 13:40 set=2966"
1291,JUNE0525-B162,1617DC1ACCE6B50ED2D1359582A70A8B8503C569623EE90C18C6B33542796207,Tester/logs/20261011.log,970452,2026-06-03,14:55,B152PR,"DO	0	00:08:52.229	Core 04	2026.06.03 14:55:00   [SRJ-IND] B152PR sym=USDJPY bar=2026.06.03 14:50 z1=65,B,156.672,156.773,2026.05.11 04:10,1,2026.05.12 08:55,157.714,156.726"
1292,JUNE0525-B162,1617DC1ACCE6B50ED2D1359582A70A8B8503C569623EE90C18C6B33542796207,Tester/logs/20261011.log,970453,2026-06-03,14:55,B152PR,"LE	0	00:08:52.229	Core 04	2026.06.03 14:55:00   [SRJ-IND] B152PR sym=USDJPY bar=2026.06.03 14:50 z1=78,B,156.578,156.584,2026.05.11 00:35,1,2026.05.11 00:40,156.644,156.537"
1293,JUNE0525-B162,1617DC1ACCE6B50ED2D1359582A70A8B8503C569623EE90C18C6B33542796207,Tester/logs/20261011.log,970454,2026-06-03,14:55,B152PR,"FH	0	00:08:52.229	Core 04	2026.06.03 14:55:00   [SRJ-IND] B152PR sym=USDJPY bar=2026.06.03 14:50 z1=212,B,157.028,157.060,2026.05.11 19:20,1,2026.05.12 00:00,157.152,157.050"
1294,JUNE0525-B162,1617DC1ACCE6B50ED2D1359582A70A8B8503C569623EE90C18C6B33542796207,Tester/logs/20261011.log,970455,2026-06-03,14:55,B152PR,"FR	0	00:08:52.229	Core 04	2026.06.03 14:55:00   [SRJ-IND] B152PR sym=USDJPY bar=2026.06.03 14:50 z1=256,B,157.172,157.178,2026.05.12 01:25,1,2026.05.12 08:55,157.714,156.726"
1295,JUNE0525-B162,1617DC1ACCE6B50ED2D1359582A70A8B8503C569623EE90C18C6B33542796207,Tester/logs/20261011.log,970456,2026-06-03,14:55,B152PR,"DG	0	00:08:52.229	Core 04	2026.06.03 14:55:00   [SRJ-IND] B152PR sym=USDJPY bar=2026.06.03 14:50 z1=261,B,157.184,157.192,2026.05.12 03:00,1,2026.05.12 08:55,157.714,156.726"
1296,JUNE0525-B162,1617DC1ACCE6B50ED2D1359582A70A8B8503C569623EE90C18C6B33542796207,Tester/logs/20261011.log,970457,2026-06-03,14:55,B152PR,"PI	0	00:08:52.229	Core 04	2026.06.03 14:55:00   [SRJ-IND] B152PR sym=USDJPY bar=2026.06.03 14:50 z1=313,B,157.331,157.497,2026.05.12 10:00,1,2026.05.12 10:10,157.546,157.487"
1297,JUNE0525-B162,1617DC1ACCE6B50ED2D1359582A70A8B8503C569623EE90C18C6B33542796207,Tester/logs/20261011.log,970458,2026-06-03,14:55,B152PR,"ES	0	00:08:52.229	Core 04	2026.06.03 14:55:00   [SRJ-IND] B152PR sym=USDJPY bar=2026.06.03 14:50 z1=414,B,157.517,157.589,2026.05.13 01:10,1,2026.05.13 01:20,157.607,157.587"
1298,JUNE0525-B162,1617DC1ACCE6B50ED2D1359582A70A8B8503C569623EE90C18C6B33542796207,Tester/logs/20261011.log,970459,2026-06-03,14:55,B152PR,"RE	0	00:08:52.229	Core 04	2026.06.03 14:55:00   [SRJ-IND] B152PR sym=USDJPY bar=2026.06.03 14:50 z1=447,B,157.562,157.648,2026.05.13 06:20,1,2026.05.13 06:25,157.662,157.648"
1299,JUNE0525-B162,1617DC1ACCE6B50ED2D1359582A70A8B8503C569623EE90C18C6B33542796207,Tester/logs/20261011.log,970460,2026-06-03,14:55,B152PR,"IO	0	00:08:52.229	Core 04	2026.06.03 14:55:00   [SRJ-IND] B152PR sym=USDJPY bar=2026.06.03 14:50 z1=449,B,157.599,157.654,2026.05.13 05:15,1,2026.05.13 05:45,157.687,157.652"
1300,JUNE0525-B162,1617DC1ACCE6B50ED2D1359582A70A8B8503C569623EE90C18C6B33542796207,Tester/logs/20261011.log,970461,2026-06-03,14:55,B152PR,"PQ	0	00:08:52.229	Core 04	2026.06.03 14:55:00   [SRJ-IND] B152PR sym=USDJPY bar=2026.06.03 14:50 z1=460,B,157.645,157.660,2026.05.13 07:05,1,2026.05.14 00:25,157.812,157.650"
1301,JUNE0525-B162,1617DC1ACCE6B50ED2D1359582A70A8B8503C569623EE90C18C6B33542796207,Tester/logs/20261011.log,970462,2026-06-03,14:55,B152PR,"PK	0	00:08:52.229	Core 04	2026.06.03 14:55:00   [SRJ-IND] B152PR sym=USDJPY bar=2026.06.03 14:50 z1=696,B,157.568,158.167,2026.05.14 18:05,1,2026.05.14 18:10,158.191,158.119"
1302,JUNE0525-B162,1617DC1ACCE6B50ED2D1359582A70A8B8503C569623EE90C18C6B33542796207,Tester/logs/20261011.log,970463,2026-06-03,14:55,B152PR,"HM	0	00:08:52.229	Core 04	2026.06.03 14:55:00   [SRJ-IND] B152PR sym=USDJPY bar=2026.06.03 14:50 z1=714,B,158.107,158.142,2026.05.14 19:30,1,2026.05.14 20:00,158.169,158.142"
1303,JUNE0525-B162,1617DC1ACCE6B50ED2D1359582A70A8B8503C569623EE90C18C6B33542796207,Tester/logs/20261011.log,970464,2026-06-03,14:55,B152PR,"QF	0	00:08:52.229	Core 04	2026.06.03 14:55:00   [SRJ-IND] B152PR sym=USDJPY bar=2026.06.03 14:50 z1=724,B,158.168,158.186,2026.05.14 21:00,1,2026.05.14 21:05,158.191,158.182"
1304,JUNE0525-B162,1617DC1ACCE6B50ED2D1359582A70A8B8503C569623EE90C18C6B33542796207,Tester/logs/20261011.log,970465,2026-06-03,14:55,B152PR,"KK	0	00:08:52.229	Core 04	2026.06.03 14:55:00   [SRJ-IND] B152PR sym=USDJPY bar=2026.06.03 14:50 z1=1405,B,158.735,158.769,2026.05.20 19:00,1,2026.05.20 19:05,158.816,158.753"
1305,JUNE0525-B162,1617DC1ACCE6B50ED2D1359582A70A8B8503C569623EE90C18C6B33542796207,Tester/logs/20261011.log,970466,2026-06-03,14:55,B152PR,"IQ	0	00:08:52.229	Core 04	2026.06.03 14:55:00   [SRJ-IND] B152PR sym=USDJPY bar=2026.06.03 14:50 z1=1779,B,158.756,158.800,2026.05.25 06:45,1,2026.05.26 00:00,158.887,158.784"
1306,JUNE0525-B162,1617DC1ACCE6B50ED2D1359582A70A8B8503C569623EE90C18C6B33542796207,Tester/logs/20261011.log,970467,2026-06-03,14:55,B152PR,"DG	0	00:08:52.229	Core 04	2026.06.03 14:55:00   [SRJ-IND] B152PR sym=USDJPY bar=2026.06.03 14:50 z1=1780,B,158.789,158.814,2026.05.25 04:50,1,2026.05.26 00:00,158.887,158.784"
1307,JUNE0525-B162,1617DC1ACCE6B50ED2D1359582A70A8B8503C569623EE90C18C6B33542796207,Tester/logs/20261011.log,970468,2026-06-03,14:55,B152PR,"MM	0	00:08:52.229	Core 04	2026.06.03 14:55:00   [SRJ-IND] B152PR sym=USDJPY bar=2026.06.03 14:50 z1=1949,B,158.916,158.934,2026.05.26 07:25,1,2026.05.26 07:30,158.942,158.934"
1308,JUNE0525-B162,1617DC1ACCE6B50ED2D1359582A70A8B8503C569623EE90C18C6B33542796207,Tester/logs/20261011.log,970469,2026-06-03,14:55,B152PR,"DS	0	00:08:52.229	Core 04	2026.06.03 14:55:00   [SRJ-IND] B152PR sym=USDJPY bar=2026.06.03 14:50 z1=2509,B,159.134,159.195,2026.05.29 19:10,1,2026.05.29 19:35,159.215,159.186"
1309,JUNE0525-B162,1617DC1ACCE6B50ED2D1359582A70A8B8503C569623EE90C18C6B33542796207,Tester/logs/20261011.log,970470,2026-06-03,14:55,B152PR,"EI	0	00:08:52.229	Core 04	2026.06.03 14:55:00   [SRJ-IND] B152PR sym=USDJPY bar=2026.06.03 14:50 z1=2566,B,159.382,159.407,2026.06.01 03:15,1,2026.06.03 11:30,159.790,159.368"
1310,JUNE0525-B162,1617DC1ACCE6B50ED2D1359582A70A8B8503C569623EE90C18C6B33542796207,Tester/logs/20261011.log,970471,2026-06-03,14:55,B152PR,"KO	0	00:08:52.229	Core 04	2026.06.03 14:55:00   [SRJ-IND] B152PR sym=USDJPY bar=2026.06.03 14:50 z1=2648,B,159.435,159.481,2026.06.01 16:00,1,2026.06.03 11:30,159.790,159.368"
1311,JUNE0525-B162,1617DC1ACCE6B50ED2D1359582A70A8B8503C569623EE90C18C6B33542796207,Tester/logs/20261011.log,970472,2026-06-03,14:55,B152PR,"HE	0	00:08:52.229	Core 04	2026.06.03 14:55:00   [SRJ-IND] B152PR sym=USDJPY bar=2026.06.03 14:50 z1=2716,B,159.576,159.603,2026.06.02 03:10,1,2026.06.03 10:35,159.787,159.550"
1312,JUNE0525-B162,1617DC1ACCE6B50ED2D1359582A70A8B8503C569623EE90C18C6B33542796207,Tester/logs/20261011.log,970473,2026-06-03,14:55,B152PR,"RK	0	00:08:52.229	Core 04	2026.06.03 14:55:00   [SRJ-IND] B152PR sym=USDJPY bar=2026.06.03 14:50 z1=2720,B,159.586,159.605,2026.06.02 01:05,1,2026.06.03 10:35,159.787,159.550"
1313,JUNE0525-B162,1617DC1ACCE6B50ED2D1359582A70A8B8503C569623EE90C18C6B33542796207,Tester/logs/20261011.log,970474,2026-06-03,14:55,B152PR,"NQ	0	00:08:52.229	Core 04	2026.06.03 14:55:00   [SRJ-IND] B152PR sym=USDJPY bar=2026.06.03 14:50 z1=2945,B,159.579,159.675,2026.06.03 11:15,1,2026.06.03 11:25,159.727,159.674"
1314,JUNE0525-B162,1617DC1ACCE6B50ED2D1359582A70A8B8503C569623EE90C18C6B33542796207,Tester/logs/20261011.log,970475,2026-06-03,14:55,B152PR,"DF	0	00:08:52.229	Core 04	2026.06.03 14:55:00   [SRJ-IND] B152PR sym=USDJPY bar=2026.06.03 14:50 z1=2966,S,159.825,159.853,2026.06.03 14:00,1,2026.06.03 14:40,159.826,159.800"
1315,JUNE0525-B162,1617DC1ACCE6B50ED2D1359582A70A8B8503C569623EE90C18C6B33542796207,Tester/logs/20261011.log,970476,2026-06-03,14:55,B152PR,"FO	0	00:08:52.229	Core 04	2026.06.03 14:55:00   [SRJ-IND] B152PR sym=USDJPY bar=2026.06.03 14:50 bull=1 bear=1 nz=24"
1316,JUNE0525-B162,1617DC1ACCE6B50ED2D1359582A70A8B8503C569623EE90C18C6B33542796207,Tester/logs/20261011.log,970477,2026-06-03,14:55,B162ORIGIN,"GF	0	00:08:52.229	Core 04	2026.06.03 14:55:00   [SRJ-IND] B162ORIGIN sym=USDJPY bar=2026.06.03 14:50 side=B n=23 origin=2945 range=159.579-159.675 formT=2026.06.03 10:50 set=65,78,212,256,261,313,414,447,449,460,696,714,724,1405,1779,1780,1949,2509,2566,2648,2716,2720,2945"
1317,JUNE0525-B162,1617DC1ACCE6B50ED2D1359582A70A8B8503C569623EE90C18C6B33542796207,Tester/logs/20261011.log,970478,2026-06-03,14:55,B162ORIGIN,"JQ	0	00:08:52.229	Core 04	2026.06.03 14:55:00   [SRJ-IND] B162ORIGIN sym=USDJPY bar=2026.06.03 14:50 side=S n=1 origin=2966 range=159.825-159.853 formT=2026.06.03 13:40 set=2966"
1318,JUNE0525-B162,1617DC1ACCE6B50ED2D1359582A70A8B8503C569623EE90C18C6B33542796207,Tester/logs/20261011.log,970482,2026-06-03,14:55,CQDRECHECK,"ID	0	00:08:52.229	Core 04	2026.06.03 14:55:00   [SRJ-EA] CQDRECHECK shift=2 passA=-1.0 passB=-1.0 diff=0 bar=2026.06.03 14:45 state=IDLE dir=NONE divLatch=0 hit1=0 hit2=527 mism=0"
1319,JUNE0525-B162,1617DC1ACCE6B50ED2D1359582A70A8B8503C569623EE90C18C6B33542796207,Tester/logs/20261011.log,970487,2026-06-03,14:55,CONFIRMPOLL,"HF	0	00:08:52.229	Core 04	2026.06.03 14:55:00   [SRJ-EA] CONFIRMPOLL bar=2026.06.03 14:50 anchor=Daily-VWAP dir=LONG oppCandle=1 bodyDir=0 body=10pts doji=0 touchAttr=0 confirm=0 shadow=true"
1320,JUNE0525-B162,1617DC1ACCE6B50ED2D1359582A70A8B8503C569623EE90C18C6B33542796207,Tester/logs/20261011.log,970489,2026-06-03,14:55,STATE,"RE	0	00:08:52.229	Core 04	2026.06.03 14:55:00   [SRJ-EA] 2026.06.03 14:55:00 STATE IDLE->S1_REGIME dir=LONG poi=Daily-VWAP"
1321,JUNE0525-B162,1617DC1ACCE6B50ED2D1359582A70A8B8503C569623EE90C18C6B33542796207,Tester/logs/20261011.log,970490,2026-06-03,14:55,ANCHOR_ELECT,"KD	0	00:08:52.229	Core 04	2026.06.03 14:55:00   [SRJ-EA] ANCHOR_ELECT bar=2026.06.03 14:50 action=SEED poi=Daily-VWAP rank=11 tier=5 dir=LONG"
1322,JUNE0525-B162,1617DC1ACCE6B50ED2D1359582A70A8B8503C569623EE90C18C6B33542796207,Tester/logs/20261011.log,970500,2026-06-03,14:55,STATE,"HI	0	00:08:52.229	Core 04	2026.06.03 14:55:00   [SRJ-EA] 2026.06.03 14:55:00 STATE S1_REGIME->S2_LTF_ALIGN dir=LONG poi=Daily-VWAP"
1323,JUNE0525-B162,1617DC1ACCE6B50ED2D1359582A70A8B8503C569623EE90C18C6B33542796207,Tester/logs/20261011.log,970501,2026-06-03,14:55,STATE,"GD	0	00:08:52.229	Core 04	2026.06.03 14:55:00   [SRJ-EA] 2026.06.03 14:55:00 STATE S2_LTF_ALIGN->S3_ZONE_WAIT dir=LONG poi=Daily-VWAP"
1324,JUNE0525-B162,1617DC1ACCE6B50ED2D1359582A70A8B8503C569623EE90C18C6B33542796207,Tester/logs/20261011.log,970505,2026-06-03,14:55,XOBPROMO,"LF	0	00:08:52.229	Core 04	2026.06.03 14:55:00   [SRJ-EA] XOBPROMO bar=2026.06.03 14:50 site=S3PICK xobId=2945 raw=1780485300.0 promoT=2026.06.03 11:15"
1325,JUNE0525-B162,1617DC1ACCE6B50ED2D1359582A70A8B8503C569623EE90C18C6B33542796207,Tester/logs/20261011.log,970506,2026-06-03,14:55,ZONEPICK,"II	0	00:08:52.229	Core 04	2026.06.03 14:55:00   [SRJ-EA] ZONEPICK bar=2026.06.03 14:50 dir=LONG haveFvg=0 fvgInPlay=0 haveXob=1 xobInPlay=0 downgraded=0 fvg=--- xob=159.579-159.675"
1326,JUNE0525-B162,1617DC1ACCE6B50ED2D1359582A70A8B8503C569623EE90C18C6B33542796207,Tester/logs/20261011.log,970521,2026-06-03,14:55,INPLAYCOMMIT,"KF	0	00:08:52.229	Core 04	2026.06.03 14:55:00   [SRJ-EA] INPLAYCOMMIT bar=2026.06.03 14:50 dir=LONG zoneSrc=XOB zoneLo=159.579 zoneHi=159.675 promoT=2026.06.03 11:15 applied=1 bounded=1 scanned=40 swings=5 hits=1 firstShift=21 firstVal=159.666 commitVia=SWING legacy=0 legacyVia=none committed=1 changed=1 haveStop=1"
1327,JUNE0525-B162,1617DC1ACCE6B50ED2D1359582A70A8B8503C569623EE90C18C6B33542796207,Tester/logs/20261011.log,970522,2026-06-03,14:55,STATE,"NO	0	00:08:52.229	Core 04	2026.06.03 14:55:00   [SRJ-EA] 2026.06.03 14:55:00 STATE S3_ZONE_WAIT->S4_ARMED dir=LONG poi=Daily-VWAP"
1328,JUNE0525-B162,1617DC1ACCE6B50ED2D1359582A70A8B8503C569623EE90C18C6B33542796207,Tester/logs/20261011.log,970534,2026-06-03,15:00,B152PR,"RJ	0	00:08:52.229	Core 04	2026.06.03 15:00:00   [SRJ-IND] B152PR sym=USDJPY bar=2026.06.03 14:55 z1=65,B,156.672,156.773,2026.05.11 04:10,1,2026.05.12 08:55,157.714,156.726"
1329,JUNE0525-B162,1617DC1ACCE6B50ED2D1359582A70A8B8503C569623EE90C18C6B33542796207,Tester/logs/20261011.log,970535,2026-06-03,15:00,B152PR,"JQ	0	00:08:52.229	Core 04	2026.06.03 15:00:00   [SRJ-IND] B152PR sym=USDJPY bar=2026.06.03 14:55 z1=78,B,156.578,156.584,2026.05.11 00:35,1,2026.05.11 00:40,156.644,156.537"
1330,JUNE0525-B162,1617DC1ACCE6B50ED2D1359582A70A8B8503C569623EE90C18C6B33542796207,Tester/logs/20261011.log,970536,2026-06-03,15:00,B152PR,"PD	0	00:08:52.229	Core 04	2026.06.03 15:00:00   [SRJ-IND] B152PR sym=USDJPY bar=2026.06.03 14:55 z1=212,B,157.028,157.060,2026.05.11 19:20,1,2026.05.12 00:00,157.152,157.050"
1331,JUNE0525-B162,1617DC1ACCE6B50ED2D1359582A70A8B8503C569623EE90C18C6B33542796207,Tester/logs/20261011.log,970537,2026-06-03,15:00,B152PR,"DN	0	00:08:52.229	Core 04	2026.06.03 15:00:00   [SRJ-IND] B152PR sym=USDJPY bar=2026.06.03 14:55 z1=256,B,157.172,157.178,2026.05.12 01:25,1,2026.05.12 08:55,157.714,156.726"
1332,JUNE0525-B162,1617DC1ACCE6B50ED2D1359582A70A8B8503C569623EE90C18C6B33542796207,Tester/logs/20261011.log,970538,2026-06-03,15:00,B152PR,"RP	0	00:08:52.229	Core 04	2026.06.03 15:00:00   [SRJ-IND] B152PR sym=USDJPY bar=2026.06.03 14:55 z1=261,B,157.184,157.192,2026.05.12 03:00,1,2026.05.12 08:55,157.714,156.726"
1333,JUNE0525-B162,1617DC1ACCE6B50ED2D1359582A70A8B8503C569623EE90C18C6B33542796207,Tester/logs/20261011.log,970539,2026-06-03,15:00,B152PR,"JJ	0	00:08:52.229	Core 04	2026.06.03 15:00:00   [SRJ-IND] B152PR sym=USDJPY bar=2026.06.03 14:55 z1=313,B,157.331,157.497,2026.05.12 10:00,1,2026.05.12 10:10,157.546,157.487"
1334,JUNE0525-B162,1617DC1ACCE6B50ED2D1359582A70A8B8503C569623EE90C18C6B33542796207,Tester/logs/20261011.log,970540,2026-06-03,15:00,B152PR,"OL	0	00:08:52.229	Core 04	2026.06.03 15:00:00   [SRJ-IND] B152PR sym=USDJPY bar=2026.06.03 14:55 z1=414,B,157.517,157.589,2026.05.13 01:10,1,2026.05.13 01:20,157.607,157.587"
1335,JUNE0525-B162,1617DC1ACCE6B50ED2D1359582A70A8B8503C569623EE90C18C6B33542796207,Tester/logs/20261011.log,970541,2026-06-03,15:00,B152PR,"PQ	0	00:08:52.229	Core 04	2026.06.03 15:00:00   [SRJ-IND] B152PR sym=USDJPY bar=2026.06.03 14:55 z1=447,B,157.562,157.648,2026.05.13 06:20,1,2026.05.13 06:25,157.662,157.648"
1336,JUNE0525-B162,1617DC1ACCE6B50ED2D1359582A70A8B8503C569623EE90C18C6B33542796207,Tester/logs/20261011.log,970542,2026-06-03,15:00,B152PR,"KK	0	00:08:52.229	Core 04	2026.06.03 15:00:00   [SRJ-IND] B152PR sym=USDJPY bar=2026.06.03 14:55 z1=449,B,157.599,157.654,2026.05.13 05:15,1,2026.05.13 05:45,157.687,157.652"
1337,JUNE0525-B162,1617DC1ACCE6B50ED2D1359582A70A8B8503C569623EE90C18C6B33542796207,Tester/logs/20261011.log,970543,2026-06-03,15:00,B152PR,"JM	0	00:08:52.229	Core 04	2026.06.03 15:00:00   [SRJ-IND] B152PR sym=USDJPY bar=2026.06.03 14:55 z1=460,B,157.645,157.660,2026.05.13 07:05,1,2026.05.14 00:25,157.812,157.650"
1338,JUNE0525-B162,1617DC1ACCE6B50ED2D1359582A70A8B8503C569623EE90C18C6B33542796207,Tester/logs/20261011.log,970544,2026-06-03,15:00,B152PR,"FG	0	00:08:52.229	Core 04	2026.06.03 15:00:00   [SRJ-IND] B152PR sym=USDJPY bar=2026.06.03 14:55 z1=696,B,157.568,158.167,2026.05.14 18:05,1,2026.05.14 18:10,158.191,158.119"
1339,JUNE0525-B162,1617DC1ACCE6B50ED2D1359582A70A8B8503C569623EE90C18C6B33542796207,Tester/logs/20261011.log,970545,2026-06-03,15:00,B152PR,"JI	0	00:08:52.229	Core 04	2026.06.03 15:00:00   [SRJ-IND] B152PR sym=USDJPY bar=2026.06.03 14:55 z1=714,B,158.107,158.142,2026.05.14 19:30,1,2026.05.14 20:00,158.169,158.142"
1340,JUNE0525-B162,1617DC1ACCE6B50ED2D1359582A70A8B8503C569623EE90C18C6B33542796207,Tester/logs/20261011.log,970546,2026-06-03,15:00,B152PR,"CS	0	00:08:52.229	Core 04	2026.06.03 15:00:00   [SRJ-IND] B152PR sym=USDJPY bar=2026.06.03 14:55 z1=724,B,158.168,158.186,2026.05.14 21:00,1,2026.05.14 21:05,158.191,158.182"
1341,JUNE0525-B162,1617DC1ACCE6B50ED2D1359582A70A8B8503C569623EE90C18C6B33542796207,Tester/logs/20261011.log,970547,2026-06-03,15:00,B152PR,"EF	0	00:08:52.229	Core 04	2026.06.03 15:00:00   [SRJ-IND] B152PR sym=USDJPY bar=2026.06.03 14:55 z1=1405,B,158.735,158.769,2026.05.20 19:00,1,2026.05.20 19:05,158.816,158.753"
1342,JUNE0525-B162,1617DC1ACCE6B50ED2D1359582A70A8B8503C569623EE90C18C6B33542796207,Tester/logs/20261011.log,970548,2026-06-03,15:00,B152PR,"OL	0	00:08:52.229	Core 04	2026.06.03 15:00:00   [SRJ-IND] B152PR sym=USDJPY bar=2026.06.03 14:55 z1=1779,B,158.756,158.800,2026.05.25 06:45,1,2026.05.26 00:00,158.887,158.784"
1343,JUNE0525-B162,1617DC1ACCE6B50ED2D1359582A70A8B8503C569623EE90C18C6B33542796207,Tester/logs/20261011.log,970549,2026-06-03,15:00,B152PR,"NR	0	00:08:52.229	Core 04	2026.06.03 15:00:00   [SRJ-IND] B152PR sym=USDJPY bar=2026.06.03 14:55 z1=1780,B,158.789,158.814,2026.05.25 04:50,1,2026.05.26 00:00,158.887,158.784"
1344,JUNE0525-B162,1617DC1ACCE6B50ED2D1359582A70A8B8503C569623EE90C18C6B33542796207,Tester/logs/20261011.log,970550,2026-06-03,15:00,B152PR,"CH	0	00:08:52.229	Core 04	2026.06.03 15:00:00   [SRJ-IND] B152PR sym=USDJPY bar=2026.06.03 14:55 z1=1949,B,158.916,158.934,2026.05.26 07:25,1,2026.05.26 07:30,158.942,158.934"
1345,JUNE0525-B162,1617DC1ACCE6B50ED2D1359582A70A8B8503C569623EE90C18C6B33542796207,Tester/logs/20261011.log,970551,2026-06-03,15:00,B152PR,"NN	0	00:08:52.229	Core 04	2026.06.03 15:00:00   [SRJ-IND] B152PR sym=USDJPY bar=2026.06.03 14:55 z1=2509,B,159.134,159.195,2026.05.29 19:10,1,2026.05.29 19:35,159.215,159.186"
1346,JUNE0525-B162,1617DC1ACCE6B50ED2D1359582A70A8B8503C569623EE90C18C6B33542796207,Tester/logs/20261011.log,970552,2026-06-03,15:00,B152PR,"KD	0	00:08:52.229	Core 04	2026.06.03 15:00:00   [SRJ-IND] B152PR sym=USDJPY bar=2026.06.03 14:55 z1=2566,B,159.382,159.407,2026.06.01 03:15,1,2026.06.03 11:30,159.790,159.368"
1347,JUNE0525-B162,1617DC1ACCE6B50ED2D1359582A70A8B8503C569623EE90C18C6B33542796207,Tester/logs/20261011.log,970553,2026-06-03,15:00,B152PR,"EJ	0	00:08:52.229	Core 04	2026.06.03 15:00:00   [SRJ-IND] B152PR sym=USDJPY bar=2026.06.03 14:55 z1=2648,B,159.435,159.481,2026.06.01 16:00,1,2026.06.03 11:30,159.790,159.368"
1348,JUNE0525-B162,1617DC1ACCE6B50ED2D1359582A70A8B8503C569623EE90C18C6B33542796207,Tester/logs/20261011.log,970554,2026-06-03,15:00,B152PR,"RP	0	00:08:52.229	Core 04	2026.06.03 15:00:00   [SRJ-IND] B152PR sym=USDJPY bar=2026.06.03 14:55 z1=2716,B,159.576,159.603,2026.06.02 03:10,1,2026.06.03 10:35,159.787,159.550"
1349,JUNE0525-B162,1617DC1ACCE6B50ED2D1359582A70A8B8503C569623EE90C18C6B33542796207,Tester/logs/20261011.log,970555,2026-06-03,15:00,B152PR,"HF	0	00:08:52.229	Core 04	2026.06.03 15:00:00   [SRJ-IND] B152PR sym=USDJPY bar=2026.06.03 14:55 z1=2720,B,159.586,159.605,2026.06.02 01:05,1,2026.06.03 10:35,159.787,159.550"
1350,JUNE0525-B162,1617DC1ACCE6B50ED2D1359582A70A8B8503C569623EE90C18C6B33542796207,Tester/logs/20261011.log,970556,2026-06-03,15:00,B152PR,"DL	0	00:08:52.229	Core 04	2026.06.03 15:00:00   [SRJ-IND] B152PR sym=USDJPY bar=2026.06.03 14:55 z1=2945,B,159.579,159.675,2026.06.03 11:15,1,2026.06.03 11:25,159.727,159.674"
1351,JUNE0525-B162,1617DC1ACCE6B50ED2D1359582A70A8B8503C569623EE90C18C6B33542796207,Tester/logs/20261011.log,970557,2026-06-03,15:00,B152PR,"NS	0	00:08:52.229	Core 04	2026.06.03 15:00:00   [SRJ-IND] B152PR sym=USDJPY bar=2026.06.03 14:55 z1=2966,S,159.825,159.853,2026.06.03 14:00,1,2026.06.03 14:40,159.826,159.800"
1352,JUNE0525-B162,1617DC1ACCE6B50ED2D1359582A70A8B8503C569623EE90C18C6B33542796207,Tester/logs/20261011.log,970558,2026-06-03,15:00,B152PR,"LJ	0	00:08:52.229	Core 04	2026.06.03 15:00:00   [SRJ-IND] B152PR sym=USDJPY bar=2026.06.03 14:55 bull=1 bear=1 nz=24"
1353,JUNE0525-B162,1617DC1ACCE6B50ED2D1359582A70A8B8503C569623EE90C18C6B33542796207,Tester/logs/20261011.log,970559,2026-06-03,15:00,B162ORIGIN,"IJ	0	00:08:52.229	Core 04	2026.06.03 15:00:00   [SRJ-IND] B162ORIGIN sym=USDJPY bar=2026.06.03 14:55 side=B n=23 origin=2945 range=159.579-159.675 formT=2026.06.03 10:50 set=65,78,212,256,261,313,414,447,449,460,696,714,724,1405,1779,1780,1949,2509,2566,2648,2716,2720,2945"
1354,JUNE0525-B162,1617DC1ACCE6B50ED2D1359582A70A8B8503C569623EE90C18C6B33542796207,Tester/logs/20261011.log,970560,2026-06-03,15:00,B162ORIGIN,"LF	0	00:08:52.229	Core 04	2026.06.03 15:00:00   [SRJ-IND] B162ORIGIN sym=USDJPY bar=2026.06.03 14:55 side=S n=1 origin=2966 range=159.825-159.853 formT=2026.06.03 13:40 set=2966"
1355,JUNE0525-B162,1617DC1ACCE6B50ED2D1359582A70A8B8503C569623EE90C18C6B33542796207,Tester/logs/20261011.log,970708,2026-06-03,15:00,CQDRECHECK,"OQ	0	00:08:52.229	Core 04	2026.06.03 15:00:00   [SRJ-EA] CQDRECHECK shift=2 passA=2.0 passB=2.0 diff=0 bar=2026.06.03 14:50 state=S4_ARMED dir=LONG divLatch=1 hit1=0 hit2=528 mism=0"
1356,JUNE0525-B162,1617DC1ACCE6B50ED2D1359582A70A8B8503C569623EE90C18C6B33542796207,Tester/logs/20261011.log,970712,2026-06-03,15:00,CONFIRMPOLL,"NG	0	00:08:52.229	Core 04	2026.06.03 15:00:00   [SRJ-EA] CONFIRMPOLL bar=2026.06.03 14:55 anchor=Daily-VWAP dir=LONG oppCandle=1 bodyDir=1 body=22pts doji=0 touchAttr=1 confirm=1 shadow=true"
1357,JUNE0525-B162,1617DC1ACCE6B50ED2D1359582A70A8B8503C569623EE90C18C6B33542796207,Tester/logs/20261011.log,970717,2026-06-03,15:00,B60C,"DI	0	00:08:52.229	Core 04	2026.06.03 15:00:00   [SRJ-EA] B60C bar=2026.06.03 14:55 dir=LONG poi=Daily-VWAP rt=2026.06.03 14:50 rSh=2 rBar=2026.06.03 14:50 cSrc=BOTH xt=0 zxob=159.579-159.675 xpromo=2026.06.03 11:15 - C satisfied by retest and prior candles ([B-61 C2][B-129 XT])"
1358,JUNE0525-B162,1617DC1ACCE6B50ED2D1359582A70A8B8503C569623EE90C18C6B33542796207,Tester/logs/20261011.log,970718,2026-06-03,15:00,STATE,"HD	0	00:08:52.229	Core 04	2026.06.03 15:00:00   [SRJ-EA] 2026.06.03 15:00:00 STATE S4_ARMED->S5_GATE_CHECK dir=LONG poi=Daily-VWAP"
1359,JUNE0525-B162,1617DC1ACCE6B50ED2D1359582A70A8B8503C569623EE90C18C6B33542796207,Tester/logs/20261011.log,970719,2026-06-03,15:00,D130LATCH,"QG	0	00:08:52.229	Core 04	2026.06.03 15:00:00   [SRJ-EA] D130LATCH pass=2026.06.03 15:00:00 confBar=2026.06.03 14:55 dir=LONG verdict=2 verdictBar=2026.06.03 14:50 walkShift=2 oppPassed=-1 oppBar=2026.06.03 14:45"
1360,JUNE0525-B162,1617DC1ACCE6B50ED2D1359582A70A8B8503C569623EE90C18C6B33542796207,Tester/logs/20261011.log,970720,2026-06-03,15:00,B150GATE,"OE	0	00:08:52.229	Core 04	2026.06.03 15:00:00   [SRJ-EA] B150GATE bar=2026.06.03 14:55 dir=LONG value=1.0 src=XOB forbar=2026.06.03 14:55"
1361,JUNE0525-B162,1617DC1ACCE6B50ED2D1359582A70A8B8503C569623EE90C18C6B33542796207,Tester/logs/20261011.log,970878,2026-06-03,15:00,B157SL,"LM	0	00:08:52.229	Core 04	2026.06.03 15:00:00   [SRJ-EA] B157SL bar=2026.06.03 14:55 side=LONG flag2xOB=1.0 fvgValid=1.0 branch=ONE_OR_NEITHER first_bar=- first_px=- wo_stop_px=- kept_stop_px=159.781 booked_stop_px=159.781 R_at_open=2.63 reason=KEPT_PATH"
1362,JUNE0525-B162,1617DC1ACCE6B50ED2D1359582A70A8B8503C569623EE90C18C6B33542796207,Tester/logs/20261011.log,970891,2026-06-03,15:00,ABORT,"GK	0	00:08:52.229	Core 04	2026.06.03 15:00:00   [SRJ-EA] 2026.06.03 15:00:00 ABORT reason=FRESH_VETO state=S5_GATE_CHECK poi=Daily-VWAP dir=LONG"
1363,JUNE0525-B162,1617DC1ACCE6B50ED2D1359582A70A8B8503C569623EE90C18C6B33542796207,Tester/logs/20261011.log,970892,2026-06-03,15:00,A6REFUSED,"GE	0	00:08:52.229	Core 04	2026.06.03 15:00:00   [SRJ-EA] A6REFUSED class=ABSENT_DECLINED bar=2026.06.03 15:00 state=S5_GATE_CHECK dir=LONG predicate=FRESH_VETO"
1364,JUNE0525-B162,1617DC1ACCE6B50ED2D1359582A70A8B8503C569623EE90C18C6B33542796207,Tester/logs/20261011.log,970894,2026-06-03,15:00,STATE,"KD	0	00:08:52.229	Core 04	2026.06.03 15:00:00   [SRJ-EA] 2026.06.03 15:00:00 STATE S5_GATE_CHECK->ABORT dir=LONG poi=Daily-VWAP"
1365,JUNE0525-B162,1617DC1ACCE6B50ED2D1359582A70A8B8503C569623EE90C18C6B33542796207,Tester/logs/20261011.log,970898,2026-06-03,15:05,B152PR,"PL	0	00:08:52.229	Core 04	2026.06.03 15:05:00   [SRJ-IND] B152PR sym=USDJPY bar=2026.06.03 15:00 z1=65,B,156.672,156.773,2026.05.11 04:10,1,2026.05.12 08:55,157.714,156.726"
1366,JUNE0525-B162,1617DC1ACCE6B50ED2D1359582A70A8B8503C569623EE90C18C6B33542796207,Tester/logs/20261011.log,970899,2026-06-03,15:05,B152PR,"PR	0	00:08:52.229	Core 04	2026.06.03 15:05:00   [SRJ-IND] B152PR sym=USDJPY bar=2026.06.03 15:00 z1=78,B,156.578,156.584,2026.05.11 00:35,1,2026.05.11 00:40,156.644,156.537"
1367,JUNE0525-B162,1617DC1ACCE6B50ED2D1359582A70A8B8503C569623EE90C18C6B33542796207,Tester/logs/20261011.log,970900,2026-06-03,15:05,B152PR,"RJ	0	00:08:52.229	Core 04	2026.06.03 15:05:00   [SRJ-IND] B152PR sym=USDJPY bar=2026.06.03 15:00 z1=212,B,157.028,157.060,2026.05.11 19:20,1,2026.05.12 00:00,157.152,157.050"
1368,JUNE0525-B162,1617DC1ACCE6B50ED2D1359582A70A8B8503C569623EE90C18C6B33542796207,Tester/logs/20261011.log,970901,2026-06-03,15:05,B152PR,"RL	0	00:08:52.229	Core 04	2026.06.03 15:05:00   [SRJ-IND] B152PR sym=USDJPY bar=2026.06.03 15:00 z1=256,B,157.172,157.178,2026.05.12 01:25,1,2026.05.12 08:55,157.714,156.726"
1369,JUNE0525-B162,1617DC1ACCE6B50ED2D1359582A70A8B8503C569623EE90C18C6B33542796207,Tester/logs/20261011.log,970902,2026-06-03,15:05,B152PR,"HF	0	00:08:52.229	Core 04	2026.06.03 15:05:00   [SRJ-IND] B152PR sym=USDJPY bar=2026.06.03 15:00 z1=261,B,157.184,157.192,2026.05.12 03:00,1,2026.05.12 08:55,157.714,156.726"
1370,JUNE0525-B162,1617DC1ACCE6B50ED2D1359582A70A8B8503C569623EE90C18C6B33542796207,Tester/logs/20261011.log,970903,2026-06-03,15:05,B152PR,"LH	0	00:08:52.229	Core 04	2026.06.03 15:05:00   [SRJ-IND] B152PR sym=USDJPY bar=2026.06.03 15:00 z1=313,B,157.331,157.497,2026.05.12 10:00,1,2026.05.12 10:10,157.546,157.487"
1371,JUNE0525-B162,1617DC1ACCE6B50ED2D1359582A70A8B8503C569623EE90C18C6B33542796207,Tester/logs/20261011.log,970904,2026-06-03,15:05,B152PR,"QR	0	00:08:52.229	Core 04	2026.06.03 15:05:00   [SRJ-IND] B152PR sym=USDJPY bar=2026.06.03 15:00 z1=414,B,157.517,157.589,2026.05.13 01:10,1,2026.05.13 01:20,157.607,157.587"
1372,JUNE0525-B162,1617DC1ACCE6B50ED2D1359582A70A8B8503C569623EE90C18C6B33542796207,Tester/logs/20261011.log,970905,2026-06-03,15:05,B152PR,"FD	0	00:08:52.229	Core 04	2026.06.03 15:05:00   [SRJ-IND] B152PR sym=USDJPY bar=2026.06.03 15:00 z1=447,B,157.562,157.648,2026.05.13 06:20,1,2026.05.13 06:25,157.662,157.648"
1373,JUNE0525-B162,1617DC1ACCE6B50ED2D1359582A70A8B8503C569623EE90C18C6B33542796207,Tester/logs/20261011.log,970906,2026-06-03,15:05,B152PR,"EN	0	00:08:52.229	Core 04	2026.06.03 15:05:00   [SRJ-IND] B152PR sym=USDJPY bar=2026.06.03 15:00 z1=449,B,157.599,157.654,2026.05.13 05:15,1,2026.05.13 05:45,157.687,157.652"
1374,JUNE0525-B162,1617DC1ACCE6B50ED2D1359582A70A8B8503C569623EE90C18C6B33542796207,Tester/logs/20261011.log,970907,2026-06-03,15:05,B152PR,"LP	0	00:08:52.229	Core 04	2026.06.03 15:05:00   [SRJ-IND] B152PR sym=USDJPY bar=2026.06.03 15:00 z1=460,B,157.645,157.660,2026.05.13 07:05,1,2026.05.14 00:25,157.812,157.650"
1375,JUNE0525-B162,1617DC1ACCE6B50ED2D1359582A70A8B8503C569623EE90C18C6B33542796207,Tester/logs/20261011.log,970908,2026-06-03,15:05,B152PR,"DE	0	00:08:52.229	Core 04	2026.06.03 15:05:00   [SRJ-IND] B152PR sym=USDJPY bar=2026.06.03 15:00 z1=696,B,157.568,158.167,2026.05.14 18:05,1,2026.05.14 18:10,158.191,158.119"
1376,JUNE0525-B162,1617DC1ACCE6B50ED2D1359582A70A8B8503C569623EE90C18C6B33542796207,Tester/logs/20261011.log,970909,2026-06-03,15:05,B152PR,"LO	0	00:08:52.229	Core 04	2026.06.03 15:05:00   [SRJ-IND] B152PR sym=USDJPY bar=2026.06.03 15:00 z1=714,B,158.107,158.142,2026.05.14 19:30,1,2026.05.14 20:00,158.169,158.142"
1377,JUNE0525-B162,1617DC1ACCE6B50ED2D1359582A70A8B8503C569623EE90C18C6B33542796207,Tester/logs/20261011.log,970910,2026-06-03,15:05,B152PR,"MQ	0	00:08:52.229	Core 04	2026.06.03 15:05:00   [SRJ-IND] B152PR sym=USDJPY bar=2026.06.03 15:00 z1=724,B,158.168,158.186,2026.05.14 21:00,1,2026.05.14 21:05,158.191,158.182"
1378,JUNE0525-B162,1617DC1ACCE6B50ED2D1359582A70A8B8503C569623EE90C18C6B33542796207,Tester/logs/20261011.log,970911,2026-06-03,15:05,B152PR,"OH	0	00:08:52.229	Core 04	2026.06.03 15:05:00   [SRJ-IND] B152PR sym=USDJPY bar=2026.06.03 15:00 z1=1405,B,158.735,158.769,2026.05.20 19:00,1,2026.05.20 19:05,158.816,158.753"
1379,JUNE0525-B162,1617DC1ACCE6B50ED2D1359582A70A8B8503C569623EE90C18C6B33542796207,Tester/logs/20261011.log,970912,2026-06-03,15:05,B152PR,"EN	0	00:08:52.229	Core 04	2026.06.03 15:05:00   [SRJ-IND] B152PR sym=USDJPY bar=2026.06.03 15:00 z1=1779,B,158.756,158.800,2026.05.25 06:45,1,2026.05.26 00:00,158.887,158.784"
1380,JUNE0525-B162,1617DC1ACCE6B50ED2D1359582A70A8B8503C569623EE90C18C6B33542796207,Tester/logs/20261011.log,970913,2026-06-03,15:05,B152PR,"HD	0	00:08:52.229	Core 04	2026.06.03 15:05:00   [SRJ-IND] B152PR sym=USDJPY bar=2026.06.03 15:00 z1=1780,B,158.789,158.814,2026.05.25 04:50,1,2026.05.26 00:00,158.887,158.784"
1381,JUNE0525-B162,1617DC1ACCE6B50ED2D1359582A70A8B8503C569623EE90C18C6B33542796207,Tester/logs/20261011.log,970914,2026-06-03,15:05,B152PR,"QJ	0	00:08:52.229	Core 04	2026.06.03 15:05:00   [SRJ-IND] B152PR sym=USDJPY bar=2026.06.03 15:00 z1=1949,B,158.916,158.934,2026.05.26 07:25,1,2026.05.26 07:30,158.942,158.934"
1382,JUNE0525-B162,1617DC1ACCE6B50ED2D1359582A70A8B8503C569623EE90C18C6B33542796207,Tester/logs/20261011.log,970915,2026-06-03,15:05,B152PR,"HP	0	00:08:52.229	Core 04	2026.06.03 15:05:00   [SRJ-IND] B152PR sym=USDJPY bar=2026.06.03 15:00 z1=2509,B,159.134,159.195,2026.05.29 19:10,1,2026.05.29 19:35,159.215,159.186"
1383,JUNE0525-B162,1617DC1ACCE6B50ED2D1359582A70A8B8503C569623EE90C18C6B33542796207,Tester/logs/20261011.log,970916,2026-06-03,15:05,B152PR,"IF	0	00:08:52.229	Core 04	2026.06.03 15:05:00   [SRJ-IND] B152PR sym=USDJPY bar=2026.06.03 15:00 z1=2566,B,159.382,159.407,2026.06.01 03:15,1,2026.06.03 11:30,159.790,159.368"
1384,JUNE0525-B162,1617DC1ACCE6B50ED2D1359582A70A8B8503C569623EE90C18C6B33542796207,Tester/logs/20261011.log,970917,2026-06-03,15:05,B152PR,"OL	0	00:08:52.229	Core 04	2026.06.03 15:05:00   [SRJ-IND] B152PR sym=USDJPY bar=2026.06.03 15:00 z1=2648,B,159.435,159.481,2026.06.01 16:00,1,2026.06.03 11:30,159.790,159.368"
1385,JUNE0525-B162,1617DC1ACCE6B50ED2D1359582A70A8B8503C569623EE90C18C6B33542796207,Tester/logs/20261011.log,970918,2026-06-03,15:05,B152PR,"DR	0	00:08:52.229	Core 04	2026.06.03 15:05:00   [SRJ-IND] B152PR sym=USDJPY bar=2026.06.03 15:00 z1=2716,B,159.576,159.603,2026.06.02 03:10,1,2026.06.03 10:35,159.787,159.550"
1386,JUNE0525-B162,1617DC1ACCE6B50ED2D1359582A70A8B8503C569623EE90C18C6B33542796207,Tester/logs/20261011.log,970919,2026-06-03,15:05,B152PR,"NH	0	00:08:52.229	Core 04	2026.06.03 15:05:00   [SRJ-IND] B152PR sym=USDJPY bar=2026.06.03 15:00 z1=2720,B,159.586,159.605,2026.06.02 01:05,1,2026.06.03 10:35,159.787,159.550"
1387,JUNE0525-B162,1617DC1ACCE6B50ED2D1359582A70A8B8503C569623EE90C18C6B33542796207,Tester/logs/20261011.log,970920,2026-06-03,15:05,B152PR,"RN	0	00:08:52.229	Core 04	2026.06.03 15:05:00   [SRJ-IND] B152PR sym=USDJPY bar=2026.06.03 15:00 z1=2945,B,159.579,159.675,2026.06.03 11:15,1,2026.06.03 11:25,159.727,159.674"
1388,JUNE0525-B162,1617DC1ACCE6B50ED2D1359582A70A8B8503C569623EE90C18C6B33542796207,Tester/logs/20261011.log,970921,2026-06-03,15:05,B152PR,"DF	0	00:08:52.229	Core 04	2026.06.03 15:05:00   [SRJ-IND] B152PR sym=USDJPY bar=2026.06.03 15:00 bull=1 bear=0 nz=23"
1389,JUNE0525-B162,1617DC1ACCE6B50ED2D1359582A70A8B8503C569623EE90C18C6B33542796207,Tester/logs/20261011.log,970922,2026-06-03,15:05,B162ORIGIN,"KI	0	00:08:52.229	Core 04	2026.06.03 15:05:00   [SRJ-IND] B162ORIGIN sym=USDJPY bar=2026.06.03 15:00 side=B n=23 origin=2945 range=159.579-159.675 formT=2026.06.03 10:50 set=65,78,212,256,261,313,414,447,449,460,696,714,724,1405,1779,1780,1949,2509,2566,2648,2716,2720,2945"
1390,JUNE0525-B162,1617DC1ACCE6B50ED2D1359582A70A8B8503C569623EE90C18C6B33542796207,Tester/logs/20261011.log,970923,2026-06-03,15:05,B162ORIGIN,"IK	0	00:08:52.229	Core 04	2026.06.03 15:05:00   [SRJ-IND] B162ORIGIN sym=USDJPY bar=2026.06.03 15:00 side=S n=0 origin=NONE range=- formT=- set=-"
1391,JUNE0525-B162,1617DC1ACCE6B50ED2D1359582A70A8B8503C569623EE90C18C6B33542796207,Tester/logs/20261011.log,970930,2026-06-03,15:10,B152PR,"GH	0	00:08:52.229	Core 04	2026.06.03 15:10:00   [SRJ-IND] B152PR sym=USDJPY bar=2026.06.03 15:05 z1=65,B,156.672,156.773,2026.05.11 04:10,1,2026.05.12 08:55,157.714,156.726"
1392,JUNE0525-B162,1617DC1ACCE6B50ED2D1359582A70A8B8503C569623EE90C18C6B33542796207,Tester/logs/20261011.log,970931,2026-06-03,15:10,B152PR,"GN	0	00:08:52.229	Core 04	2026.06.03 15:10:00   [SRJ-IND] B152PR sym=USDJPY bar=2026.06.03 15:05 z1=78,B,156.578,156.584,2026.05.11 00:35,1,2026.05.11 00:40,156.644,156.537"
1393,JUNE0525-B162,1617DC1ACCE6B50ED2D1359582A70A8B8503C569623EE90C18C6B33542796207,Tester/logs/20261011.log,970932,2026-06-03,15:10,B152PR,"IG	0	00:08:52.229	Core 04	2026.06.03 15:10:00   [SRJ-IND] B152PR sym=USDJPY bar=2026.06.03 15:05 z1=212,B,157.028,157.060,2026.05.11 19:20,1,2026.05.12 00:00,157.152,157.050"
1394,JUNE0525-B162,1617DC1ACCE6B50ED2D1359582A70A8B8503C569623EE90C18C6B33542796207,Tester/logs/20261011.log,970933,2026-06-03,15:10,B152PR,"II	0	00:08:52.229	Core 04	2026.06.03 15:10:00   [SRJ-IND] B152PR sym=USDJPY bar=2026.06.03 15:05 z1=256,B,157.172,157.178,2026.05.12 01:25,1,2026.05.12 08:55,157.714,156.726"
1395,JUNE0525-B162,1617DC1ACCE6B50ED2D1359582A70A8B8503C569623EE90C18C6B33542796207,Tester/logs/20261011.log,970934,2026-06-03,15:10,B152PR,"OS	0	00:08:52.229	Core 04	2026.06.03 15:10:00   [SRJ-IND] B152PR sym=USDJPY bar=2026.06.03 15:05 z1=261,B,157.184,157.192,2026.05.12 03:00,1,2026.05.12 08:55,157.714,156.726"
1396,JUNE0525-B162,1617DC1ACCE6B50ED2D1359582A70A8B8503C569623EE90C18C6B33542796207,Tester/logs/20261011.log,970935,2026-06-03,15:10,B152PR,"CE	0	00:08:52.229	Core 04	2026.06.03 15:10:00   [SRJ-IND] B152PR sym=USDJPY bar=2026.06.03 15:05 z1=313,B,157.331,157.497,2026.05.12 10:00,1,2026.05.12 10:10,157.546,157.487"
1397,JUNE0525-B162,1617DC1ACCE6B50ED2D1359582A70A8B8503C569623EE90C18C6B33542796207,Tester/logs/20261011.log,970936,2026-06-03,15:10,B152PR,"JN	0	00:08:52.229	Core 04	2026.06.03 15:10:00   [SRJ-IND] B152PR sym=USDJPY bar=2026.06.03 15:05 z1=414,B,157.517,157.589,2026.05.13 01:10,1,2026.05.13 01:20,157.607,157.587"
1398,JUNE0525-B162,1617DC1ACCE6B50ED2D1359582A70A8B8503C569623EE90C18C6B33542796207,Tester/logs/20261011.log,970937,2026-06-03,15:10,B152PR,"MP	0	00:08:52.229	Core 04	2026.06.03 15:10:00   [SRJ-IND] B152PR sym=USDJPY bar=2026.06.03 15:05 z1=447,B,157.562,157.648,2026.05.13 06:20,1,2026.05.13 06:25,157.662,157.648"
1399,JUNE0525-B162,1617DC1ACCE6B50ED2D1359582A70A8B8503C569623EE90C18C6B33542796207,Tester/logs/20261011.log,970938,2026-06-03,15:10,B152PR,"NJ	0	00:08:52.229	Core 04	2026.06.03 15:10:00   [SRJ-IND] B152PR sym=USDJPY bar=2026.06.03 15:05 z1=449,B,157.599,157.654,2026.05.13 05:15,1,2026.05.13 05:45,157.687,157.652"
1400,JUNE0525-B162,1617DC1ACCE6B50ED2D1359582A70A8B8503C569623EE90C18C6B33542796207,Tester/logs/20261011.log,970939,2026-06-03,15:10,B152PR,"CL	0	00:08:52.229	Core 04	2026.06.03 15:10:00   [SRJ-IND] B152PR sym=USDJPY bar=2026.06.03 15:05 z1=460,B,157.645,157.660,2026.05.13 07:05,1,2026.05.14 00:25,157.812,157.650"
1401,JUNE0525-B162,1617DC1ACCE6B50ED2D1359582A70A8B8503C569623EE90C18C6B33542796207,Tester/logs/20261011.log,970940,2026-06-03,15:10,B152PR,"KF	0	00:08:52.229	Core 04	2026.06.03 15:10:00   [SRJ-IND] B152PR sym=USDJPY bar=2026.06.03 15:05 z1=696,B,157.568,158.167,2026.05.14 18:05,1,2026.05.14 18:10,158.191,158.119"
1402,JUNE0525-B162,1617DC1ACCE6B50ED2D1359582A70A8B8503C569623EE90C18C6B33542796207,Tester/logs/20261011.log,970941,2026-06-03,15:10,B152PR,"CH	0	00:08:52.229	Core 04	2026.06.03 15:10:00   [SRJ-IND] B152PR sym=USDJPY bar=2026.06.03 15:05 z1=714,B,158.107,158.142,2026.05.14 19:30,1,2026.05.14 20:00,158.169,158.142"
1403,JUNE0525-B162,1617DC1ACCE6B50ED2D1359582A70A8B8503C569623EE90C18C6B33542796207,Tester/logs/20261011.log,970942,2026-06-03,15:10,B152PR,"FR	0	00:08:52.229	Core 04	2026.06.03 15:10:00   [SRJ-IND] B152PR sym=USDJPY bar=2026.06.03 15:05 z1=724,B,158.168,158.186,2026.05.14 21:00,1,2026.05.14 21:05,158.191,158.182"
1404,JUNE0525-B162,1617DC1ACCE6B50ED2D1359582A70A8B8503C569623EE90C18C6B33542796207,Tester/logs/20261011.log,970943,2026-06-03,15:10,B152PR,"HG	0	00:08:52.229	Core 04	2026.06.03 15:10:00   [SRJ-IND] B152PR sym=USDJPY bar=2026.06.03 15:05 z1=1405,B,158.735,158.769,2026.05.20 19:00,1,2026.05.20 19:05,158.816,158.753"
1405,JUNE0525-B162,1617DC1ACCE6B50ED2D1359582A70A8B8503C569623EE90C18C6B33542796207,Tester/logs/20261011.log,970944,2026-06-03,15:10,B152PR,"NM	0	00:08:52.229	Core 04	2026.06.03 15:10:00   [SRJ-IND] B152PR sym=USDJPY bar=2026.06.03 15:05 z1=1779,B,158.756,158.800,2026.05.25 06:45,1,2026.05.26 00:00,158.887,158.784"
1406,JUNE0525-B162,1617DC1ACCE6B50ED2D1359582A70A8B8503C569623EE90C18C6B33542796207,Tester/logs/20261011.log,970945,2026-06-03,15:10,B152PR,"OS	0	00:08:52.229	Core 04	2026.06.03 15:10:00   [SRJ-IND] B152PR sym=USDJPY bar=2026.06.03 15:05 z1=1780,B,158.789,158.814,2026.05.25 04:50,1,2026.05.26 00:00,158.887,158.784"
1407,JUNE0525-B162,1617DC1ACCE6B50ED2D1359582A70A8B8503C569623EE90C18C6B33542796207,Tester/logs/20261011.log,970946,2026-06-03,15:10,B152PR,"JI	0	00:08:52.229	Core 04	2026.06.03 15:10:00   [SRJ-IND] B152PR sym=USDJPY bar=2026.06.03 15:05 z1=1949,B,158.916,158.934,2026.05.26 07:25,1,2026.05.26 07:30,158.942,158.934"
1408,JUNE0525-B162,1617DC1ACCE6B50ED2D1359582A70A8B8503C569623EE90C18C6B33542796207,Tester/logs/20261011.log,970947,2026-06-03,15:10,B152PR,"OO	0	00:08:52.229	Core 04	2026.06.03 15:10:00   [SRJ-IND] B152PR sym=USDJPY bar=2026.06.03 15:05 z1=2509,B,159.134,159.195,2026.05.29 19:10,1,2026.05.29 19:35,159.215,159.186"
1409,JUNE0525-B162,1617DC1ACCE6B50ED2D1359582A70A8B8503C569623EE90C18C6B33542796207,Tester/logs/20261011.log,970948,2026-06-03,15:10,B152PR,"RE	0	00:08:52.229	Core 04	2026.06.03 15:10:00   [SRJ-IND] B152PR sym=USDJPY bar=2026.06.03 15:05 z1=2566,B,159.382,159.407,2026.06.01 03:15,1,2026.06.03 11:30,159.790,159.368"
1410,JUNE0525-B162,1617DC1ACCE6B50ED2D1359582A70A8B8503C569623EE90C18C6B33542796207,Tester/logs/20261011.log,970949,2026-06-03,15:10,B152PR,"HK	0	00:08:52.229	Core 04	2026.06.03 15:10:00   [SRJ-IND] B152PR sym=USDJPY bar=2026.06.03 15:05 z1=2648,B,159.435,159.481,2026.06.01 16:00,1,2026.06.03 11:30,159.790,159.368"
1411,JUNE0525-B162,1617DC1ACCE6B50ED2D1359582A70A8B8503C569623EE90C18C6B33542796207,Tester/logs/20261011.log,970950,2026-06-03,15:10,B152PR,"KQ	0	00:08:52.229	Core 04	2026.06.03 15:10:00   [SRJ-IND] B152PR sym=USDJPY bar=2026.06.03 15:05 z1=2716,B,159.576,159.603,2026.06.02 03:10,1,2026.06.03 10:35,159.787,159.550"
1412,JUNE0525-B162,1617DC1ACCE6B50ED2D1359582A70A8B8503C569623EE90C18C6B33542796207,Tester/logs/20261011.log,970951,2026-06-03,15:10,B152PR,"EG	0	00:08:52.229	Core 04	2026.06.03 15:10:00   [SRJ-IND] B152PR sym=USDJPY bar=2026.06.03 15:05 z1=2720,B,159.586,159.605,2026.06.02 01:05,1,2026.06.03 10:35,159.787,159.550"
1413,JUNE0525-B162,1617DC1ACCE6B50ED2D1359582A70A8B8503C569623EE90C18C6B33542796207,Tester/logs/20261011.log,970952,2026-06-03,15:10,B152PR,"IM	0	00:08:52.229	Core 04	2026.06.03 15:10:00   [SRJ-IND] B152PR sym=USDJPY bar=2026.06.03 15:05 z1=2945,B,159.579,159.675,2026.06.03 11:15,1,2026.06.03 11:25,159.727,159.674"
1414,JUNE0525-B162,1617DC1ACCE6B50ED2D1359582A70A8B8503C569623EE90C18C6B33542796207,Tester/logs/20261011.log,970953,2026-06-03,15:10,B152PR,"KQ	0	00:08:52.229	Core 04	2026.06.03 15:10:00   [SRJ-IND] B152PR sym=USDJPY bar=2026.06.03 15:05 bull=1 bear=0 nz=23"
1415,JUNE0525-B162,1617DC1ACCE6B50ED2D1359582A70A8B8503C569623EE90C18C6B33542796207,Tester/logs/20261011.log,970954,2026-06-03,15:10,B162ORIGIN,"DM	0	00:08:52.229	Core 04	2026.06.03 15:10:00   [SRJ-IND] B162ORIGIN sym=USDJPY bar=2026.06.03 15:05 side=B n=23 origin=2945 range=159.579-159.675 formT=2026.06.03 10:50 set=65,78,212,256,261,313,414,447,449,460,696,714,724,1405,1779,1780,1949,2509,2566,2648,2716,2720,2945"
1416,JUNE0525-B162,1617DC1ACCE6B50ED2D1359582A70A8B8503C569623EE90C18C6B33542796207,Tester/logs/20261011.log,970955,2026-06-03,15:10,B162ORIGIN,"RN	0	00:08:52.229	Core 04	2026.06.03 15:10:00   [SRJ-IND] B162ORIGIN sym=USDJPY bar=2026.06.03 15:05 side=S n=0 origin=NONE range=- formT=- set=-"
1417,JUNE0525-B162,1617DC1ACCE6B50ED2D1359582A70A8B8503C569623EE90C18C6B33542796207,Tester/logs/20261011.log,970963,2026-06-03,15:15,B152PR,"DR	0	00:08:52.229	Core 04	2026.06.03 15:15:00   [SRJ-IND] B152PR sym=USDJPY bar=2026.06.03 15:10 z1=65,B,156.672,156.773,2026.05.11 04:10,1,2026.05.12 08:55,157.714,156.726"
1418,JUNE0525-B162,1617DC1ACCE6B50ED2D1359582A70A8B8503C569623EE90C18C6B33542796207,Tester/logs/20261011.log,970964,2026-06-03,15:15,B152PR,"LH	0	00:08:52.229	Core 04	2026.06.03 15:15:00   [SRJ-IND] B152PR sym=USDJPY bar=2026.06.03 15:10 z1=78,B,156.578,156.584,2026.05.11 00:35,1,2026.05.11 00:40,156.644,156.537"
1419,JUNE0525-B162,1617DC1ACCE6B50ED2D1359582A70A8B8503C569623EE90C18C6B33542796207,Tester/logs/20261011.log,970965,2026-06-03,15:15,B152PR,"FM	0	00:08:52.229	Core 04	2026.06.03 15:15:00   [SRJ-IND] B152PR sym=USDJPY bar=2026.06.03 15:10 z1=212,B,157.028,157.060,2026.05.11 19:20,1,2026.05.12 00:00,157.152,157.050"
1420,JUNE0525-B162,1617DC1ACCE6B50ED2D1359582A70A8B8503C569623EE90C18C6B33542796207,Tester/logs/20261011.log,970966,2026-06-03,15:15,B152PR,"FG	0	00:08:52.229	Core 04	2026.06.03 15:15:00   [SRJ-IND] B152PR sym=USDJPY bar=2026.06.03 15:10 z1=256,B,157.172,157.178,2026.05.12 01:25,1,2026.05.12 08:55,157.714,156.726"
1421,JUNE0525-B162,1617DC1ACCE6B50ED2D1359582A70A8B8503C569623EE90C18C6B33542796207,Tester/logs/20261011.log,970967,2026-06-03,15:15,B152PR,"DH	0	00:08:52.229	Core 04	2026.06.03 15:15:00   [SRJ-IND] B152PR sym=USDJPY bar=2026.06.03 15:10 z1=261,B,157.184,157.192,2026.05.12 03:00,1,2026.05.12 08:55,157.714,156.726"
1422,JUNE0525-B162,1617DC1ACCE6B50ED2D1359582A70A8B8503C569623EE90C18C6B33542796207,Tester/logs/20261011.log,970968,2026-06-03,15:15,B152PR,"PR	0	00:08:52.229	Core 04	2026.06.03 15:15:00   [SRJ-IND] B152PR sym=USDJPY bar=2026.06.03 15:10 z1=313,B,157.331,157.497,2026.05.12 10:00,1,2026.05.12 10:10,157.546,157.487"
1423,JUNE0525-B162,1617DC1ACCE6B50ED2D1359582A70A8B8503C569623EE90C18C6B33542796207,Tester/logs/20261011.log,970969,2026-06-03,15:15,B152PR,"ED	0	00:08:52.229	Core 04	2026.06.03 15:15:00   [SRJ-IND] B152PR sym=USDJPY bar=2026.06.03 15:10 z1=414,B,157.517,157.589,2026.05.13 01:10,1,2026.05.13 01:20,157.607,157.587"
1424,JUNE0525-B162,1617DC1ACCE6B50ED2D1359582A70A8B8503C569623EE90C18C6B33542796207,Tester/logs/20261011.log,970970,2026-06-03,15:15,B152PR,"RN	0	00:08:52.229	Core 04	2026.06.03 15:15:00   [SRJ-IND] B152PR sym=USDJPY bar=2026.06.03 15:10 z1=447,B,157.562,157.648,2026.05.13 06:20,1,2026.05.13 06:25,157.662,157.648"
1425,JUNE0525-B162,1617DC1ACCE6B50ED2D1359582A70A8B8503C569623EE90C18C6B33542796207,Tester/logs/20261011.log,970971,2026-06-03,15:15,B152PR,"IP	0	00:08:52.229	Core 04	2026.06.03 15:15:00   [SRJ-IND] B152PR sym=USDJPY bar=2026.06.03 15:10 z1=449,B,157.599,157.654,2026.05.13 05:15,1,2026.05.13 05:45,157.687,157.652"
1426,JUNE0525-B162,1617DC1ACCE6B50ED2D1359582A70A8B8503C569623EE90C18C6B33542796207,Tester/logs/20261011.log,970972,2026-06-03,15:15,B152PR,"PJ	0	00:08:52.229	Core 04	2026.06.03 15:15:00   [SRJ-IND] B152PR sym=USDJPY bar=2026.06.03 15:10 z1=460,B,157.645,157.660,2026.05.13 07:05,1,2026.05.14 00:25,157.812,157.650"
1427,JUNE0525-B162,1617DC1ACCE6B50ED2D1359582A70A8B8503C569623EE90C18C6B33542796207,Tester/logs/20261011.log,970973,2026-06-03,15:15,B152PR,"PL	0	00:08:52.229	Core 04	2026.06.03 15:15:00   [SRJ-IND] B152PR sym=USDJPY bar=2026.06.03 15:10 z1=696,B,157.568,158.167,2026.05.14 18:05,1,2026.05.14 18:10,158.191,158.119"
1428,JUNE0525-B162,1617DC1ACCE6B50ED2D1359582A70A8B8503C569623EE90C18C6B33542796207,Tester/logs/20261011.log,970974,2026-06-03,15:15,B152PR,"HF	0	00:08:52.229	Core 04	2026.06.03 15:15:00   [SRJ-IND] B152PR sym=USDJPY bar=2026.06.03 15:10 z1=714,B,158.107,158.142,2026.05.14 19:30,1,2026.05.14 20:00,158.169,158.142"
1429,JUNE0525-B162,1617DC1ACCE6B50ED2D1359582A70A8B8503C569623EE90C18C6B33542796207,Tester/logs/20261011.log,970975,2026-06-03,15:15,B152PR,"QK	0	00:08:52.229	Core 04	2026.06.03 15:15:00   [SRJ-IND] B152PR sym=USDJPY bar=2026.06.03 15:10 z1=724,B,158.168,158.186,2026.05.14 21:00,1,2026.05.14 21:05,158.191,158.182"
1430,JUNE0525-B162,1617DC1ACCE6B50ED2D1359582A70A8B8503C569623EE90C18C6B33542796207,Tester/logs/20261011.log,970976,2026-06-03,15:15,B152PR,"KN	0	00:08:52.229	Core 04	2026.06.03 15:15:00   [SRJ-IND] B152PR sym=USDJPY bar=2026.06.03 15:10 z1=1405,B,158.735,158.769,2026.05.20 19:00,1,2026.05.20 19:05,158.816,158.753"
1431,JUNE0525-B162,1617DC1ACCE6B50ED2D1359582A70A8B8503C569623EE90C18C6B33542796207,Tester/logs/20261011.log,970977,2026-06-03,15:15,B152PR,"ID	0	00:08:52.229	Core 04	2026.06.03 15:15:00   [SRJ-IND] B152PR sym=USDJPY bar=2026.06.03 15:10 z1=1779,B,158.756,158.800,2026.05.25 06:45,1,2026.05.26 00:00,158.887,158.784"
1432,JUNE0525-B162,1617DC1ACCE6B50ED2D1359582A70A8B8503C569623EE90C18C6B33542796207,Tester/logs/20261011.log,970978,2026-06-03,15:15,B152PR,"DJ	0	00:08:52.229	Core 04	2026.06.03 15:15:00   [SRJ-IND] B152PR sym=USDJPY bar=2026.06.03 15:10 z1=1780,B,158.789,158.814,2026.05.25 04:50,1,2026.05.26 00:00,158.887,158.784"
1433,JUNE0525-B162,1617DC1ACCE6B50ED2D1359582A70A8B8503C569623EE90C18C6B33542796207,Tester/logs/20261011.log,970979,2026-06-03,15:15,B152PR,"MP	0	00:08:52.229	Core 04	2026.06.03 15:15:00   [SRJ-IND] B152PR sym=USDJPY bar=2026.06.03 15:10 z1=1949,B,158.916,158.934,2026.05.26 07:25,1,2026.05.26 07:30,158.942,158.934"
1434,JUNE0525-B162,1617DC1ACCE6B50ED2D1359582A70A8B8503C569623EE90C18C6B33542796207,Tester/logs/20261011.log,970980,2026-06-03,15:15,B152PR,"DF	0	00:08:52.229	Core 04	2026.06.03 15:15:00   [SRJ-IND] B152PR sym=USDJPY bar=2026.06.03 15:10 z1=2509,B,159.134,159.195,2026.05.29 19:10,1,2026.05.29 19:35,159.215,159.186"
1435,JUNE0525-B162,1617DC1ACCE6B50ED2D1359582A70A8B8503C569623EE90C18C6B33542796207,Tester/logs/20261011.log,970981,2026-06-03,15:15,B152PR,"EL	0	00:08:52.229	Core 04	2026.06.03 15:15:00   [SRJ-IND] B152PR sym=USDJPY bar=2026.06.03 15:10 z1=2566,B,159.382,159.407,2026.06.01 03:15,1,2026.06.03 11:30,159.790,159.368"
1436,JUNE0525-B162,1617DC1ACCE6B50ED2D1359582A70A8B8503C569623EE90C18C6B33542796207,Tester/logs/20261011.log,970982,2026-06-03,15:15,B152PR,"KR	0	00:08:52.229	Core 04	2026.06.03 15:15:00   [SRJ-IND] B152PR sym=USDJPY bar=2026.06.03 15:10 z1=2648,B,159.435,159.481,2026.06.01 16:00,1,2026.06.03 11:30,159.790,159.368"
1437,JUNE0525-B162,1617DC1ACCE6B50ED2D1359582A70A8B8503C569623EE90C18C6B33542796207,Tester/logs/20261011.log,970983,2026-06-03,15:15,B152PR,"HH	0	00:08:52.229	Core 04	2026.06.03 15:15:00   [SRJ-IND] B152PR sym=USDJPY bar=2026.06.03 15:10 z1=2716,B,159.576,159.603,2026.06.02 03:10,1,2026.06.03 10:35,159.787,159.550"
1438,JUNE0525-B162,1617DC1ACCE6B50ED2D1359582A70A8B8503C569623EE90C18C6B33542796207,Tester/logs/20261011.log,970984,2026-06-03,15:15,B152PR,"RN	0	00:08:52.229	Core 04	2026.06.03 15:15:00   [SRJ-IND] B152PR sym=USDJPY bar=2026.06.03 15:10 z1=2720,B,159.586,159.605,2026.06.02 01:05,1,2026.06.03 10:35,159.787,159.550"
1439,JUNE0525-B162,1617DC1ACCE6B50ED2D1359582A70A8B8503C569623EE90C18C6B33542796207,Tester/logs/20261011.log,970985,2026-06-03,15:15,B152PR,"ND	0	00:08:52.229	Core 04	2026.06.03 15:15:00   [SRJ-IND] B152PR sym=USDJPY bar=2026.06.03 15:10 z1=2945,B,159.579,159.675,2026.06.03 11:15,1,2026.06.03 11:25,159.727,159.674"
1440,JUNE0525-B162,1617DC1ACCE6B50ED2D1359582A70A8B8503C569623EE90C18C6B33542796207,Tester/logs/20261011.log,970986,2026-06-03,15:15,B152PR,"HH	0	00:08:52.229	Core 04	2026.06.03 15:15:00   [SRJ-IND] B152PR sym=USDJPY bar=2026.06.03 15:10 bull=1 bear=0 nz=23"
1441,JUNE0525-B162,1617DC1ACCE6B50ED2D1359582A70A8B8503C569623EE90C18C6B33542796207,Tester/logs/20261011.log,970987,2026-06-03,15:15,B162ORIGIN,"GG	0	00:08:52.229	Core 04	2026.06.03 15:15:00   [SRJ-IND] B162ORIGIN sym=USDJPY bar=2026.06.03 15:10 side=B n=23 origin=2945 range=159.579-159.675 formT=2026.06.03 10:50 set=65,78,212,256,261,313,414,447,449,460,696,714,724,1405,1779,1780,1949,2509,2566,2648,2716,2720,2945"
1442,JUNE0525-B162,1617DC1ACCE6B50ED2D1359582A70A8B8503C569623EE90C18C6B33542796207,Tester/logs/20261011.log,970988,2026-06-03,15:15,B162ORIGIN,"EQ	0	00:08:52.229	Core 04	2026.06.03 15:15:00   [SRJ-IND] B162ORIGIN sym=USDJPY bar=2026.06.03 15:10 side=S n=0 origin=NONE range=- formT=- set=-"
1443,JUNE0525-B162,1617DC1ACCE6B50ED2D1359582A70A8B8503C569623EE90C18C6B33542796207,Tester/logs/20261011.log,970996,2026-06-03,15:20,B152PR,"GQ	0	00:08:52.229	Core 04	2026.06.03 15:20:00   [SRJ-IND] B152PR sym=USDJPY bar=2026.06.03 15:15 z1=65,B,156.672,156.773,2026.05.11 04:10,1,2026.05.12 08:55,157.714,156.726"
1444,JUNE0525-B162,1617DC1ACCE6B50ED2D1359582A70A8B8503C569623EE90C18C6B33542796207,Tester/logs/20261011.log,970997,2026-06-03,15:20,B152PR,"GG	0	00:08:52.229	Core 04	2026.06.03 15:20:00   [SRJ-IND] B152PR sym=USDJPY bar=2026.06.03 15:15 z1=78,B,156.578,156.584,2026.05.11 00:35,1,2026.05.11 00:40,156.644,156.537"
1445,JUNE0525-B162,1617DC1ACCE6B50ED2D1359582A70A8B8503C569623EE90C18C6B33542796207,Tester/logs/20261011.log,970998,2026-06-03,15:20,B152PR,"IN	0	00:08:52.229	Core 04	2026.06.03 15:20:00   [SRJ-IND] B152PR sym=USDJPY bar=2026.06.03 15:15 z1=212,B,157.028,157.060,2026.05.11 19:20,1,2026.05.12 00:00,157.152,157.050"
1446,JUNE0525-B162,1617DC1ACCE6B50ED2D1359582A70A8B8503C569623EE90C18C6B33542796207,Tester/logs/20261011.log,970999,2026-06-03,15:20,B152PR,"EP	0	00:08:52.229	Core 04	2026.06.03 15:20:00   [SRJ-IND] B152PR sym=USDJPY bar=2026.06.03 15:15 z1=256,B,157.172,157.178,2026.05.12 01:25,1,2026.05.12 08:55,157.714,156.726"
1447,JUNE0525-B162,1617DC1ACCE6B50ED2D1359582A70A8B8503C569623EE90C18C6B33542796207,Tester/logs/20261011.log,971000,2026-06-03,15:20,B152PR,"OJ	0	00:08:52.229	Core 04	2026.06.03 15:20:00   [SRJ-IND] B152PR sym=USDJPY bar=2026.06.03 15:15 z1=261,B,157.184,157.192,2026.05.12 03:00,1,2026.05.12 08:55,157.714,156.726"
1448,JUNE0525-B162,1617DC1ACCE6B50ED2D1359582A70A8B8503C569623EE90C18C6B33542796207,Tester/logs/20261011.log,971001,2026-06-03,15:20,B152PR,"OO	0	00:08:52.229	Core 04	2026.06.03 15:20:00   [SRJ-IND] B152PR sym=USDJPY bar=2026.06.03 15:15 z1=313,B,157.331,157.497,2026.05.12 10:00,1,2026.05.12 10:10,157.546,157.487"
1449,JUNE0525-B162,1617DC1ACCE6B50ED2D1359582A70A8B8503C569623EE90C18C6B33542796207,Tester/logs/20261011.log,971002,2026-06-03,15:20,B152PR,"JQ	0	00:08:52.229	Core 04	2026.06.03 15:20:00   [SRJ-IND] B152PR sym=USDJPY bar=2026.06.03 15:15 z1=414,B,157.517,157.589,2026.05.13 01:10,1,2026.05.13 01:20,157.607,157.587"
1450,JUNE0525-B162,1617DC1ACCE6B50ED2D1359582A70A8B8503C569623EE90C18C6B33542796207,Tester/logs/20261011.log,971003,2026-06-03,15:20,B152PR,"QK	0	00:08:52.229	Core 04	2026.06.03 15:20:00   [SRJ-IND] B152PR sym=USDJPY bar=2026.06.03 15:15 z1=447,B,157.562,157.648,2026.05.13 06:20,1,2026.05.13 06:25,157.662,157.648"
1451,JUNE0525-B162,1617DC1ACCE6B50ED2D1359582A70A8B8503C569623EE90C18C6B33542796207,Tester/logs/20261011.log,971004,2026-06-03,15:20,B152PR,"NM	0	00:08:52.229	Core 04	2026.06.03 15:20:00   [SRJ-IND] B152PR sym=USDJPY bar=2026.06.03 15:15 z1=449,B,157.599,157.654,2026.05.13 05:15,1,2026.05.13 05:45,157.687,157.652"
1452,JUNE0525-B162,1617DC1ACCE6B50ED2D1359582A70A8B8503C569623EE90C18C6B33542796207,Tester/logs/20261011.log,971005,2026-06-03,15:20,B152PR,"OG	0	00:08:52.229	Core 04	2026.06.03 15:20:00   [SRJ-IND] B152PR sym=USDJPY bar=2026.06.03 15:15 z1=460,B,157.645,157.660,2026.05.13 07:05,1,2026.05.14 00:25,157.812,157.650"
1453,JUNE0525-B162,1617DC1ACCE6B50ED2D1359582A70A8B8503C569623EE90C18C6B33542796207,Tester/logs/20261011.log,971006,2026-06-03,15:20,B152PR,"KI	0	00:08:52.229	Core 04	2026.06.03 15:20:00   [SRJ-IND] B152PR sym=USDJPY bar=2026.06.03 15:15 z1=696,B,157.568,158.167,2026.05.14 18:05,1,2026.05.14 18:10,158.191,158.119"
1454,JUNE0525-B162,1617DC1ACCE6B50ED2D1359582A70A8B8503C569623EE90C18C6B33542796207,Tester/logs/20261011.log,971007,2026-06-03,15:20,B152PR,"GS	0	00:08:52.229	Core 04	2026.06.03 15:20:00   [SRJ-IND] B152PR sym=USDJPY bar=2026.06.03 15:15 z1=714,B,158.107,158.142,2026.05.14 19:30,1,2026.05.14 20:00,158.169,158.142"
1455,JUNE0525-B162,1617DC1ACCE6B50ED2D1359582A70A8B8503C569623EE90C18C6B33542796207,Tester/logs/20261011.log,971008,2026-06-03,15:20,B152PR,"FE	0	00:08:52.229	Core 04	2026.06.03 15:20:00   [SRJ-IND] B152PR sym=USDJPY bar=2026.06.03 15:15 z1=724,B,158.168,158.186,2026.05.14 21:00,1,2026.05.14 21:05,158.191,158.182"
1456,JUNE0525-B162,1617DC1ACCE6B50ED2D1359582A70A8B8503C569623EE90C18C6B33542796207,Tester/logs/20261011.log,971009,2026-06-03,15:20,B152PR,"LM	0	00:08:52.229	Core 04	2026.06.03 15:20:00   [SRJ-IND] B152PR sym=USDJPY bar=2026.06.03 15:15 z1=1405,B,158.735,158.769,2026.05.20 19:00,1,2026.05.20 19:05,158.816,158.753"
1457,JUNE0525-B162,1617DC1ACCE6B50ED2D1359582A70A8B8503C569623EE90C18C6B33542796207,Tester/logs/20261011.log,971010,2026-06-03,15:20,B152PR,"JS	0	00:08:52.229	Core 04	2026.06.03 15:20:00   [SRJ-IND] B152PR sym=USDJPY bar=2026.06.03 15:15 z1=1779,B,158.756,158.800,2026.05.25 06:45,1,2026.05.26 00:00,158.887,158.784"
1458,JUNE0525-B162,1617DC1ACCE6B50ED2D1359582A70A8B8503C569623EE90C18C6B33542796207,Tester/logs/20261011.log,971011,2026-06-03,15:20,B152PR,"CI	0	00:08:52.229	Core 04	2026.06.03 15:20:00   [SRJ-IND] B152PR sym=USDJPY bar=2026.06.03 15:15 z1=1780,B,158.789,158.814,2026.05.25 04:50,1,2026.05.26 00:00,158.887,158.784"
1459,JUNE0525-B162,1617DC1ACCE6B50ED2D1359582A70A8B8503C569623EE90C18C6B33542796207,Tester/logs/20261011.log,971012,2026-06-03,15:20,B152PR,"NO	0	00:08:52.229	Core 04	2026.06.03 15:20:00   [SRJ-IND] B152PR sym=USDJPY bar=2026.06.03 15:15 z1=1949,B,158.916,158.934,2026.05.26 07:25,1,2026.05.26 07:30,158.942,158.934"
1460,JUNE0525-B162,1617DC1ACCE6B50ED2D1359582A70A8B8503C569623EE90C18C6B33542796207,Tester/logs/20261011.log,971013,2026-06-03,15:20,B152PR,"CE	0	00:08:52.229	Core 04	2026.06.03 15:20:00   [SRJ-IND] B152PR sym=USDJPY bar=2026.06.03 15:15 z1=2509,B,159.134,159.195,2026.05.29 19:10,1,2026.05.29 19:35,159.215,159.186"
1461,JUNE0525-B162,1617DC1ACCE6B50ED2D1359582A70A8B8503C569623EE90C18C6B33542796207,Tester/logs/20261011.log,971014,2026-06-03,15:20,B152PR,"FK	0	00:08:52.229	Core 04	2026.06.03 15:20:00   [SRJ-IND] B152PR sym=USDJPY bar=2026.06.03 15:15 z1=2566,B,159.382,159.407,2026.06.01 03:15,1,2026.06.03 11:30,159.790,159.368"
1462,JUNE0525-B162,1617DC1ACCE6B50ED2D1359582A70A8B8503C569623EE90C18C6B33542796207,Tester/logs/20261011.log,971015,2026-06-03,15:20,B152PR,"LQ	0	00:08:52.229	Core 04	2026.06.03 15:20:00   [SRJ-IND] B152PR sym=USDJPY bar=2026.06.03 15:15 z1=2648,B,159.435,159.481,2026.06.01 16:00,1,2026.06.03 11:30,159.790,159.368"
1463,JUNE0525-B162,1617DC1ACCE6B50ED2D1359582A70A8B8503C569623EE90C18C6B33542796207,Tester/logs/20261011.log,971016,2026-06-03,15:20,B152PR,"GG	0	00:08:52.229	Core 04	2026.06.03 15:20:00   [SRJ-IND] B152PR sym=USDJPY bar=2026.06.03 15:15 z1=2716,B,159.576,159.603,2026.06.02 03:10,1,2026.06.03 10:35,159.787,159.550"
1464,JUNE0525-B162,1617DC1ACCE6B50ED2D1359582A70A8B8503C569623EE90C18C6B33542796207,Tester/logs/20261011.log,971017,2026-06-03,15:20,B152PR,"QM	0	00:08:52.229	Core 04	2026.06.03 15:20:00   [SRJ-IND] B152PR sym=USDJPY bar=2026.06.03 15:15 z1=2720,B,159.586,159.605,2026.06.02 01:05,1,2026.06.03 10:35,159.787,159.550"
1465,JUNE0525-B162,1617DC1ACCE6B50ED2D1359582A70A8B8503C569623EE90C18C6B33542796207,Tester/logs/20261011.log,971018,2026-06-03,15:20,B152PR,"MS	0	00:08:52.229	Core 04	2026.06.03 15:20:00   [SRJ-IND] B152PR sym=USDJPY bar=2026.06.03 15:15 z1=2945,B,159.579,159.675,2026.06.03 11:15,1,2026.06.03 11:25,159.727,159.674"
1466,JUNE0525-B162,1617DC1ACCE6B50ED2D1359582A70A8B8503C569623EE90C18C6B33542796207,Tester/logs/20261011.log,971019,2026-06-03,15:20,B152PR,"GK	0	00:08:52.229	Core 04	2026.06.03 15:20:00   [SRJ-IND] B152PR sym=USDJPY bar=2026.06.03 15:15 bull=1 bear=0 nz=23"
1467,JUNE0525-B162,1617DC1ACCE6B50ED2D1359582A70A8B8503C569623EE90C18C6B33542796207,Tester/logs/20261011.log,971020,2026-06-03,15:20,B162ORIGIN,"HJ	0	00:08:52.229	Core 04	2026.06.03 15:20:00   [SRJ-IND] B162ORIGIN sym=USDJPY bar=2026.06.03 15:15 side=B n=23 origin=2945 range=159.579-159.675 formT=2026.06.03 10:50 set=65,78,212,256,261,313,414,447,449,460,696,714,724,1405,1779,1780,1949,2509,2566,2648,2716,2720,2945"
1468,JUNE0525-B162,1617DC1ACCE6B50ED2D1359582A70A8B8503C569623EE90C18C6B33542796207,Tester/logs/20261011.log,971021,2026-06-03,15:20,B162ORIGIN,"RG	0	00:08:52.229	Core 04	2026.06.03 15:20:00   [SRJ-IND] B162ORIGIN sym=USDJPY bar=2026.06.03 15:15 side=S n=0 origin=NONE range=- formT=- set=-"
1469,JUNE0525-B162,1617DC1ACCE6B50ED2D1359582A70A8B8503C569623EE90C18C6B33542796207,Tester/logs/20261011.log,971029,2026-06-03,15:25,B152PR,"JK	0	00:08:52.229	Core 04	2026.06.03 15:25:00   [SRJ-IND] B152PR sym=USDJPY bar=2026.06.03 15:20 z1=65,B,156.672,156.773,2026.05.11 04:10,1,2026.05.12 08:55,157.714,156.726"
1470,JUNE0525-B162,1617DC1ACCE6B50ED2D1359582A70A8B8503C569623EE90C18C6B33542796207,Tester/logs/20261011.log,971030,2026-06-03,15:25,B152PR,"JQ	0	00:08:52.229	Core 04	2026.06.03 15:25:00   [SRJ-IND] B152PR sym=USDJPY bar=2026.06.03 15:20 z1=78,B,156.578,156.584,2026.05.11 00:35,1,2026.05.11 00:40,156.644,156.537"
1471,JUNE0525-B162,1617DC1ACCE6B50ED2D1359582A70A8B8503C569623EE90C18C6B33542796207,Tester/logs/20261011.log,971031,2026-06-03,15:25,B152PR,"HD	0	00:08:52.229	Core 04	2026.06.03 15:25:00   [SRJ-IND] B152PR sym=USDJPY bar=2026.06.03 15:20 z1=212,B,157.028,157.060,2026.05.11 19:20,1,2026.05.12 00:00,157.152,157.050"
1472,JUNE0525-B162,1617DC1ACCE6B50ED2D1359582A70A8B8503C569623EE90C18C6B33542796207,Tester/logs/20261011.log,971032,2026-06-03,15:25,B152PR,"DN	0	00:08:52.229	Core 04	2026.06.03 15:25:00   [SRJ-IND] B152PR sym=USDJPY bar=2026.06.03 15:20 z1=256,B,157.172,157.178,2026.05.12 01:25,1,2026.05.12 08:55,157.714,156.726"
1473,JUNE0525-B162,1617DC1ACCE6B50ED2D1359582A70A8B8503C569623EE90C18C6B33542796207,Tester/logs/20261011.log,971033,2026-06-03,15:25,B152PR,"RP	0	00:08:52.229	Core 04	2026.06.03 15:25:00   [SRJ-IND] B152PR sym=USDJPY bar=2026.06.03 15:20 z1=261,B,157.184,157.192,2026.05.12 03:00,1,2026.05.12 08:55,157.714,156.726"
1474,JUNE0525-B162,1617DC1ACCE6B50ED2D1359582A70A8B8503C569623EE90C18C6B33542796207,Tester/logs/20261011.log,971034,2026-06-03,15:25,B152PR,"RE	0	00:08:52.229	Core 04	2026.06.03 15:25:00   [SRJ-IND] B152PR sym=USDJPY bar=2026.06.03 15:20 z1=313,B,157.331,157.497,2026.05.12 10:00,1,2026.05.12 10:10,157.546,157.487"
1475,JUNE0525-B162,1617DC1ACCE6B50ED2D1359582A70A8B8503C569623EE90C18C6B33542796207,Tester/logs/20261011.log,971035,2026-06-03,15:25,B152PR,"GO	0	00:08:52.229	Core 04	2026.06.03 15:25:00   [SRJ-IND] B152PR sym=USDJPY bar=2026.06.03 15:20 z1=414,B,157.517,157.589,2026.05.13 01:10,1,2026.05.13 01:20,157.607,157.587"
1476,JUNE0525-B162,1617DC1ACCE6B50ED2D1359582A70A8B8503C569623EE90C18C6B33542796207,Tester/logs/20261011.log,971036,2026-06-03,15:25,B152PR,"PQ	0	00:08:52.229	Core 04	2026.06.03 15:25:00   [SRJ-IND] B152PR sym=USDJPY bar=2026.06.03 15:20 z1=447,B,157.562,157.648,2026.05.13 06:20,1,2026.05.13 06:25,157.662,157.648"
1477,JUNE0525-B162,1617DC1ACCE6B50ED2D1359582A70A8B8503C569623EE90C18C6B33542796207,Tester/logs/20261011.log,971037,2026-06-03,15:25,B152PR,"KK	0	00:08:52.229	Core 04	2026.06.03 15:25:00   [SRJ-IND] B152PR sym=USDJPY bar=2026.06.03 15:20 z1=449,B,157.599,157.654,2026.05.13 05:15,1,2026.05.13 05:45,157.687,157.652"
1478,JUNE0525-B162,1617DC1ACCE6B50ED2D1359582A70A8B8503C569623EE90C18C6B33542796207,Tester/logs/20261011.log,971038,2026-06-03,15:25,B152PR,"RM	0	00:08:52.229	Core 04	2026.06.03 15:25:00   [SRJ-IND] B152PR sym=USDJPY bar=2026.06.03 15:20 z1=460,B,157.645,157.660,2026.05.13 07:05,1,2026.05.14 00:25,157.812,157.650"
1479,JUNE0525-B162,1617DC1ACCE6B50ED2D1359582A70A8B8503C569623EE90C18C6B33542796207,Tester/logs/20261011.log,971039,2026-06-03,15:25,B152PR,"NG	0	00:08:52.229	Core 04	2026.06.03 15:25:00   [SRJ-IND] B152PR sym=USDJPY bar=2026.06.03 15:20 z1=696,B,157.568,158.167,2026.05.14 18:05,1,2026.05.14 18:10,158.191,158.119"
1480,JUNE0525-B162,1617DC1ACCE6B50ED2D1359582A70A8B8503C569623EE90C18C6B33542796207,Tester/logs/20261011.log,971040,2026-06-03,15:25,B152PR,"JI	0	00:08:52.229	Core 04	2026.06.03 15:25:00   [SRJ-IND] B152PR sym=USDJPY bar=2026.06.03 15:20 z1=714,B,158.107,158.142,2026.05.14 19:30,1,2026.05.14 20:00,158.169,158.142"
1481,JUNE0525-B162,1617DC1ACCE6B50ED2D1359582A70A8B8503C569623EE90C18C6B33542796207,Tester/logs/20261011.log,971041,2026-06-03,15:25,B152PR,"CS	0	00:08:52.229	Core 04	2026.06.03 15:25:00   [SRJ-IND] B152PR sym=USDJPY bar=2026.06.03 15:20 z1=724,B,158.168,158.186,2026.05.14 21:00,1,2026.05.14 21:05,158.191,158.182"
1482,JUNE0525-B162,1617DC1ACCE6B50ED2D1359582A70A8B8503C569623EE90C18C6B33542796207,Tester/logs/20261011.log,971042,2026-06-03,15:25,B152PR,"MG	0	00:08:52.229	Core 04	2026.06.03 15:25:00   [SRJ-IND] B152PR sym=USDJPY bar=2026.06.03 15:20 z1=1405,B,158.735,158.769,2026.05.20 19:00,1,2026.05.20 19:05,158.816,158.753"
1483,JUNE0525-B162,1617DC1ACCE6B50ED2D1359582A70A8B8503C569623EE90C18C6B33542796207,Tester/logs/20261011.log,971043,2026-06-03,15:25,B152PR,"GM	0	00:08:52.229	Core 04	2026.06.03 15:25:00   [SRJ-IND] B152PR sym=USDJPY bar=2026.06.03 15:20 z1=1779,B,158.756,158.800,2026.05.25 06:45,1,2026.05.26 00:00,158.887,158.784"
1484,JUNE0525-B162,1617DC1ACCE6B50ED2D1359582A70A8B8503C569623EE90C18C6B33542796207,Tester/logs/20261011.log,971044,2026-06-03,15:25,B152PR,"FS	0	00:08:52.229	Core 04	2026.06.03 15:25:00   [SRJ-IND] B152PR sym=USDJPY bar=2026.06.03 15:20 z1=1780,B,158.789,158.814,2026.05.25 04:50,1,2026.05.26 00:00,158.887,158.784"
1485,JUNE0525-B162,1617DC1ACCE6B50ED2D1359582A70A8B8503C569623EE90C18C6B33542796207,Tester/logs/20261011.log,971045,2026-06-03,15:25,B152PR,"KI	0	00:08:52.229	Core 04	2026.06.03 15:25:00   [SRJ-IND] B152PR sym=USDJPY bar=2026.06.03 15:20 z1=1949,B,158.916,158.934,2026.05.26 07:25,1,2026.05.26 07:30,158.942,158.934"
1486,JUNE0525-B162,1617DC1ACCE6B50ED2D1359582A70A8B8503C569623EE90C18C6B33542796207,Tester/logs/20261011.log,971046,2026-06-03,15:25,B152PR,"FO	0	00:08:52.229	Core 04	2026.06.03 15:25:00   [SRJ-IND] B152PR sym=USDJPY bar=2026.06.03 15:20 z1=2509,B,159.134,159.195,2026.05.29 19:10,1,2026.05.29 19:35,159.215,159.186"
1487,JUNE0525-B162,1617DC1ACCE6B50ED2D1359582A70A8B8503C569623EE90C18C6B33542796207,Tester/logs/20261011.log,971047,2026-06-03,15:25,B152PR,"CE	0	00:08:52.229	Core 04	2026.06.03 15:25:00   [SRJ-IND] B152PR sym=USDJPY bar=2026.06.03 15:20 z1=2566,B,159.382,159.407,2026.06.01 03:15,1,2026.06.03 11:30,159.790,159.368"
1488,JUNE0525-B162,1617DC1ACCE6B50ED2D1359582A70A8B8503C569623EE90C18C6B33542796207,Tester/logs/20261011.log,971048,2026-06-03,15:25,B152PR,"MK	0	00:08:52.229	Core 04	2026.06.03 15:25:00   [SRJ-IND] B152PR sym=USDJPY bar=2026.06.03 15:20 z1=2648,B,159.435,159.481,2026.06.01 16:00,1,2026.06.03 11:30,159.790,159.368"
1489,JUNE0525-B162,1617DC1ACCE6B50ED2D1359582A70A8B8503C569623EE90C18C6B33542796207,Tester/logs/20261011.log,971049,2026-06-03,15:25,B152PR,"JQ	0	00:08:52.229	Core 04	2026.06.03 15:25:00   [SRJ-IND] B152PR sym=USDJPY bar=2026.06.03 15:20 z1=2716,B,159.576,159.603,2026.06.02 03:10,1,2026.06.03 10:35,159.787,159.550"
1490,JUNE0525-B162,1617DC1ACCE6B50ED2D1359582A70A8B8503C569623EE90C18C6B33542796207,Tester/logs/20261011.log,971050,2026-06-03,15:25,B152PR,"PG	0	00:08:52.229	Core 04	2026.06.03 15:25:00   [SRJ-IND] B152PR sym=USDJPY bar=2026.06.03 15:20 z1=2720,B,159.586,159.605,2026.06.02 01:05,1,2026.06.03 10:35,159.787,159.550"
1491,JUNE0525-B162,1617DC1ACCE6B50ED2D1359582A70A8B8503C569623EE90C18C6B33542796207,Tester/logs/20261011.log,971051,2026-06-03,15:25,B152PR,"LM	0	00:08:52.229	Core 04	2026.06.03 15:25:00   [SRJ-IND] B152PR sym=USDJPY bar=2026.06.03 15:20 z1=2945,B,159.579,159.675,2026.06.03 11:15,1,2026.06.03 11:25,159.727,159.674"
1492,JUNE0525-B162,1617DC1ACCE6B50ED2D1359582A70A8B8503C569623EE90C18C6B33542796207,Tester/logs/20261011.log,971052,2026-06-03,15:25,B152PR,"JQ	0	00:08:52.229	Core 04	2026.06.03 15:25:00   [SRJ-IND] B152PR sym=USDJPY bar=2026.06.03 15:20 bull=1 bear=0 nz=23"
1493,JUNE0525-B162,1617DC1ACCE6B50ED2D1359582A70A8B8503C569623EE90C18C6B33542796207,Tester/logs/20261011.log,971053,2026-06-03,15:25,B162ORIGIN,"IL	0	00:08:52.229	Core 04	2026.06.03 15:25:00   [SRJ-IND] B162ORIGIN sym=USDJPY bar=2026.06.03 15:20 side=B n=23 origin=2945 range=159.579-159.675 formT=2026.06.03 10:50 set=65,78,212,256,261,313,414,447,449,460,696,714,724,1405,1779,1780,1949,2509,2566,2648,2716,2720,2945"
1494,JUNE0525-B162,1617DC1ACCE6B50ED2D1359582A70A8B8503C569623EE90C18C6B33542796207,Tester/logs/20261011.log,971054,2026-06-03,15:25,B162ORIGIN,"OI	0	00:08:52.229	Core 04	2026.06.03 15:25:00   [SRJ-IND] B162ORIGIN sym=USDJPY bar=2026.06.03 15:20 side=S n=0 origin=NONE range=- formT=- set=-"
1495,JUNE0525-B162,1617DC1ACCE6B50ED2D1359582A70A8B8503C569623EE90C18C6B33542796207,Tester/logs/20261011.log,971058,2026-06-03,15:25,CQDRECHECK,"KJ	0	00:08:52.229	Core 04	2026.06.03 15:25:00   [SRJ-EA] CQDRECHECK shift=2 passA=1.0 passB=1.0 diff=0 bar=2026.06.03 15:15 state=IDLE dir=NONE divLatch=0 hit1=0 hit2=529 mism=0"
1496,JUNE0525-B162,1617DC1ACCE6B50ED2D1359582A70A8B8503C569623EE90C18C6B33542796207,Tester/logs/20261011.log,971063,2026-06-03,15:30,B152PR,"EL	0	00:08:52.229	Core 04	2026.06.03 15:30:00   [SRJ-IND] B152PR sym=USDJPY bar=2026.06.03 15:25 z1=65,B,156.672,156.773,2026.05.11 04:10,1,2026.05.12 08:55,157.714,156.726"
1497,JUNE0525-B162,1617DC1ACCE6B50ED2D1359582A70A8B8503C569623EE90C18C6B33542796207,Tester/logs/20261011.log,971064,2026-06-03,15:30,B152PR,"MR	0	00:08:52.229	Core 04	2026.06.03 15:30:00   [SRJ-IND] B152PR sym=USDJPY bar=2026.06.03 15:25 z1=78,B,156.578,156.584,2026.05.11 00:35,1,2026.05.11 00:40,156.644,156.537"
1498,JUNE0525-B162,1617DC1ACCE6B50ED2D1359582A70A8B8503C569623EE90C18C6B33542796207,Tester/logs/20261011.log,971065,2026-06-03,15:30,B152PR,"CK	0	00:08:52.229	Core 04	2026.06.03 15:30:00   [SRJ-IND] B152PR sym=USDJPY bar=2026.06.03 15:25 z1=212,B,157.028,157.060,2026.05.11 19:20,1,2026.05.12 00:00,157.152,157.050"
1499,JUNE0525-B162,1617DC1ACCE6B50ED2D1359582A70A8B8503C569623EE90C18C6B33542796207,Tester/logs/20261011.log,971066,2026-06-03,15:30,B152PR,"OL	0	00:08:52.229	Core 04	2026.06.03 15:30:00   [SRJ-IND] B152PR sym=USDJPY bar=2026.06.03 15:25 z1=256,B,157.172,157.178,2026.05.12 01:25,1,2026.05.12 08:55,157.714,156.726"
1500,JUNE0525-B162,1617DC1ACCE6B50ED2D1359582A70A8B8503C569623EE90C18C6B33542796207,Tester/logs/20261011.log,971067,2026-06-03,15:30,B152PR,"EF	0	00:08:52.229	Core 04	2026.06.03 15:30:00   [SRJ-IND] B152PR sym=USDJPY bar=2026.06.03 15:25 z1=261,B,157.184,157.192,2026.05.12 03:00,1,2026.05.12 08:55,157.714,156.726"
1501,JUNE0525-B162,1617DC1ACCE6B50ED2D1359582A70A8B8503C569623EE90C18C6B33542796207,Tester/logs/20261011.log,971068,2026-06-03,15:30,B152PR,"MH	0	00:08:52.229	Core 04	2026.06.03 15:30:00   [SRJ-IND] B152PR sym=USDJPY bar=2026.06.03 15:25 z1=313,B,157.331,157.497,2026.05.12 10:00,1,2026.05.12 10:10,157.546,157.487"
1502,JUNE0525-B162,1617DC1ACCE6B50ED2D1359582A70A8B8503C569623EE90C18C6B33542796207,Tester/logs/20261011.log,971069,2026-06-03,15:30,B152PR,"DR	0	00:08:52.229	Core 04	2026.06.03 15:30:00   [SRJ-IND] B152PR sym=USDJPY bar=2026.06.03 15:25 z1=414,B,157.517,157.589,2026.05.13 01:10,1,2026.05.13 01:20,157.607,157.587"
1503,JUNE0525-B162,1617DC1ACCE6B50ED2D1359582A70A8B8503C569623EE90C18C6B33542796207,Tester/logs/20261011.log,971070,2026-06-03,15:30,B152PR,"CD	0	00:08:52.229	Core 04	2026.06.03 15:30:00   [SRJ-IND] B152PR sym=USDJPY bar=2026.06.03 15:25 z1=447,B,157.562,157.648,2026.05.13 06:20,1,2026.05.13 06:25,157.662,157.648"
1504,JUNE0525-B162,1617DC1ACCE6B50ED2D1359582A70A8B8503C569623EE90C18C6B33542796207,Tester/logs/20261011.log,971071,2026-06-03,15:30,B152PR,"HN	0	00:08:52.229	Core 04	2026.06.03 15:30:00   [SRJ-IND] B152PR sym=USDJPY bar=2026.06.03 15:25 z1=449,B,157.599,157.654,2026.05.13 05:15,1,2026.05.13 05:45,157.687,157.652"
1505,JUNE0525-B162,1617DC1ACCE6B50ED2D1359582A70A8B8503C569623EE90C18C6B33542796207,Tester/logs/20261011.log,971072,2026-06-03,15:30,B152PR,"MP	0	00:08:52.229	Core 04	2026.06.03 15:30:00   [SRJ-IND] B152PR sym=USDJPY bar=2026.06.03 15:25 z1=460,B,157.645,157.660,2026.05.13 07:05,1,2026.05.14 00:25,157.812,157.650"
1506,JUNE0525-B162,1617DC1ACCE6B50ED2D1359582A70A8B8503C569623EE90C18C6B33542796207,Tester/logs/20261011.log,971073,2026-06-03,15:30,B152PR,"QJ	0	00:08:52.229	Core 04	2026.06.03 15:30:00   [SRJ-IND] B152PR sym=USDJPY bar=2026.06.03 15:25 z1=696,B,157.568,158.167,2026.05.14 18:05,1,2026.05.14 18:10,158.191,158.119"
1507,JUNE0525-B162,1617DC1ACCE6B50ED2D1359582A70A8B8503C569623EE90C18C6B33542796207,Tester/logs/20261011.log,971074,2026-06-03,15:30,B152PR,"MO	0	00:08:52.229	Core 04	2026.06.03 15:30:00   [SRJ-IND] B152PR sym=USDJPY bar=2026.06.03 15:25 z1=714,B,158.107,158.142,2026.05.14 19:30,1,2026.05.14 20:00,158.169,158.142"
1508,JUNE0525-B162,1617DC1ACCE6B50ED2D1359582A70A8B8503C569623EE90C18C6B33542796207,Tester/logs/20261011.log,971075,2026-06-03,15:30,B152PR,"PQ	0	00:08:52.229	Core 04	2026.06.03 15:30:00   [SRJ-IND] B152PR sym=USDJPY bar=2026.06.03 15:25 z1=724,B,158.168,158.186,2026.05.14 21:00,1,2026.05.14 21:05,158.191,158.182"
1509,JUNE0525-B162,1617DC1ACCE6B50ED2D1359582A70A8B8503C569623EE90C18C6B33542796207,Tester/logs/20261011.log,971076,2026-06-03,15:30,B152PR,"RH	0	00:08:52.229	Core 04	2026.06.03 15:30:00   [SRJ-IND] B152PR sym=USDJPY bar=2026.06.03 15:25 z1=1405,B,158.735,158.769,2026.05.20 19:00,1,2026.05.20 19:05,158.816,158.753"
1510,JUNE0525-B162,1617DC1ACCE6B50ED2D1359582A70A8B8503C569623EE90C18C6B33542796207,Tester/logs/20261011.log,971077,2026-06-03,15:30,B152PR,"DN	0	00:08:52.229	Core 04	2026.06.03 15:30:00   [SRJ-IND] B152PR sym=USDJPY bar=2026.06.03 15:25 z1=1779,B,158.756,158.800,2026.05.25 06:45,1,2026.05.26 00:00,158.887,158.784"
1511,JUNE0525-B162,1617DC1ACCE6B50ED2D1359582A70A8B8503C569623EE90C18C6B33542796207,Tester/logs/20261011.log,971078,2026-06-03,15:30,B152PR,"ID	0	00:08:52.229	Core 04	2026.06.03 15:30:00   [SRJ-IND] B152PR sym=USDJPY bar=2026.06.03 15:25 z1=1780,B,158.789,158.814,2026.05.25 04:50,1,2026.05.26 00:00,158.887,158.784"
1512,JUNE0525-B162,1617DC1ACCE6B50ED2D1359582A70A8B8503C569623EE90C18C6B33542796207,Tester/logs/20261011.log,971079,2026-06-03,15:30,B152PR,"PJ	0	00:08:52.229	Core 04	2026.06.03 15:30:00   [SRJ-IND] B152PR sym=USDJPY bar=2026.06.03 15:25 z1=1949,B,158.916,158.934,2026.05.26 07:25,1,2026.05.26 07:30,158.942,158.934"
1513,JUNE0525-B162,1617DC1ACCE6B50ED2D1359582A70A8B8503C569623EE90C18C6B33542796207,Tester/logs/20261011.log,971080,2026-06-03,15:30,B152PR,"IP	0	00:08:52.229	Core 04	2026.06.03 15:30:00   [SRJ-IND] B152PR sym=USDJPY bar=2026.06.03 15:25 z1=2509,B,159.134,159.195,2026.05.29 19:10,1,2026.05.29 19:35,159.215,159.186"
1514,JUNE0525-B162,1617DC1ACCE6B50ED2D1359582A70A8B8503C569623EE90C18C6B33542796207,Tester/logs/20261011.log,971081,2026-06-03,15:30,B152PR,"HF	0	00:08:52.229	Core 04	2026.06.03 15:30:00   [SRJ-IND] B152PR sym=USDJPY bar=2026.06.03 15:25 z1=2566,B,159.382,159.407,2026.06.01 03:15,1,2026.06.03 11:30,159.790,159.368"
1515,JUNE0525-B162,1617DC1ACCE6B50ED2D1359582A70A8B8503C569623EE90C18C6B33542796207,Tester/logs/20261011.log,971082,2026-06-03,15:30,B152PR,"RL	0	00:08:52.229	Core 04	2026.06.03 15:30:00   [SRJ-IND] B152PR sym=USDJPY bar=2026.06.03 15:25 z1=2648,B,159.435,159.481,2026.06.01 16:00,1,2026.06.03 11:30,159.790,159.368"
1516,JUNE0525-B162,1617DC1ACCE6B50ED2D1359582A70A8B8503C569623EE90C18C6B33542796207,Tester/logs/20261011.log,971083,2026-06-03,15:30,B152PR,"ER	0	00:08:52.229	Core 04	2026.06.03 15:30:00   [SRJ-IND] B152PR sym=USDJPY bar=2026.06.03 15:25 z1=2716,B,159.576,159.603,2026.06.02 03:10,1,2026.06.03 10:35,159.787,159.550"
1517,JUNE0525-B162,1617DC1ACCE6B50ED2D1359582A70A8B8503C569623EE90C18C6B33542796207,Tester/logs/20261011.log,971084,2026-06-03,15:30,B152PR,"KH	0	00:08:52.229	Core 04	2026.06.03 15:30:00   [SRJ-IND] B152PR sym=USDJPY bar=2026.06.03 15:25 z1=2720,B,159.586,159.605,2026.06.02 01:05,1,2026.06.03 10:35,159.787,159.550"
1518,JUNE0525-B162,1617DC1ACCE6B50ED2D1359582A70A8B8503C569623EE90C18C6B33542796207,Tester/logs/20261011.log,971085,2026-06-03,15:30,B152PR,"ON	0	00:08:52.229	Core 04	2026.06.03 15:30:00   [SRJ-IND] B152PR sym=USDJPY bar=2026.06.03 15:25 z1=2945,B,159.579,159.675,2026.06.03 11:15,1,2026.06.03 11:25,159.727,159.674"
1519,JUNE0525-B162,1617DC1ACCE6B50ED2D1359582A70A8B8503C569623EE90C18C6B33542796207,Tester/logs/20261011.log,971086,2026-06-03,15:30,B152PR,"EF	0	00:08:52.229	Core 04	2026.06.03 15:30:00   [SRJ-IND] B152PR sym=USDJPY bar=2026.06.03 15:25 bull=1 bear=0 nz=23"
1520,JUNE0525-B162,1617DC1ACCE6B50ED2D1359582A70A8B8503C569623EE90C18C6B33542796207,Tester/logs/20261011.log,971087,2026-06-03,15:30,B162ORIGIN,"NI	0	00:08:52.229	Core 04	2026.06.03 15:30:00   [SRJ-IND] B162ORIGIN sym=USDJPY bar=2026.06.03 15:25 side=B n=23 origin=2945 range=159.579-159.675 formT=2026.06.03 10:50 set=65,78,212,256,261,313,414,447,449,460,696,714,724,1405,1779,1780,1949,2509,2566,2648,2716,2720,2945"
1521,JUNE0525-B162,1617DC1ACCE6B50ED2D1359582A70A8B8503C569623EE90C18C6B33542796207,Tester/logs/20261011.log,971088,2026-06-03,15:30,B162ORIGIN,"DK	0	00:08:52.229	Core 04	2026.06.03 15:30:00   [SRJ-IND] B162ORIGIN sym=USDJPY bar=2026.06.03 15:25 side=S n=0 origin=NONE range=- formT=- set=-"
1522,JUNE0525-B162,1617DC1ACCE6B50ED2D1359582A70A8B8503C569623EE90C18C6B33542796207,Tester/logs/20261011.log,971093,2026-06-03,15:30,CQDRECHECK,"EI	0	00:08:52.229	Core 04	2026.06.03 15:30:00   [SRJ-EA] CQDRECHECK shift=2 passA=-1.0 passB=-1.0 diff=0 bar=2026.06.03 15:20 state=IDLE dir=NONE divLatch=0 hit1=0 hit2=530 mism=0"
1523,JUNE0525-B162,1617DC1ACCE6B50ED2D1359582A70A8B8503C569623EE90C18C6B33542796207,Tester/logs/20261011.log,971098,2026-06-03,15:35,B152PR,"JQ	0	00:08:52.229	Core 04	2026.06.03 15:35:00   [SRJ-IND] B152PR sym=USDJPY bar=2026.06.03 15:30 z1=65,B,156.672,156.773,2026.05.11 04:10,1,2026.05.12 08:55,157.714,156.726"
1524,JUNE0525-B162,1617DC1ACCE6B50ED2D1359582A70A8B8503C569623EE90C18C6B33542796207,Tester/logs/20261011.log,971099,2026-06-03,15:35,B152PR,"JG	0	00:08:52.229	Core 04	2026.06.03 15:35:00   [SRJ-IND] B152PR sym=USDJPY bar=2026.06.03 15:30 z1=78,B,156.578,156.584,2026.05.11 00:35,1,2026.05.11 00:40,156.644,156.537"
1525,JUNE0525-B162,1617DC1ACCE6B50ED2D1359582A70A8B8503C569623EE90C18C6B33542796207,Tester/logs/20261011.log,971100,2026-06-03,15:35,B152PR,"HN	0	00:08:52.229	Core 04	2026.06.03 15:35:00   [SRJ-IND] B152PR sym=USDJPY bar=2026.06.03 15:30 z1=212,B,157.028,157.060,2026.05.11 19:20,1,2026.05.12 00:00,157.152,157.050"
1526,JUNE0525-B162,1617DC1ACCE6B50ED2D1359582A70A8B8503C569623EE90C18C6B33542796207,Tester/logs/20261011.log,971101,2026-06-03,15:35,B152PR,"DP	0	00:08:52.229	Core 04	2026.06.03 15:35:00   [SRJ-IND] B152PR sym=USDJPY bar=2026.06.03 15:30 z1=256,B,157.172,157.178,2026.05.12 01:25,1,2026.05.12 08:55,157.714,156.726"
1527,JUNE0525-B162,1617DC1ACCE6B50ED2D1359582A70A8B8503C569623EE90C18C6B33542796207,Tester/logs/20261011.log,971102,2026-06-03,15:35,B152PR,"RJ	0	00:08:52.229	Core 04	2026.06.03 15:35:00   [SRJ-IND] B152PR sym=USDJPY bar=2026.06.03 15:30 z1=261,B,157.184,157.192,2026.05.12 03:00,1,2026.05.12 08:55,157.714,156.726"
1528,JUNE0525-B162,1617DC1ACCE6B50ED2D1359582A70A8B8503C569623EE90C18C6B33542796207,Tester/logs/20261011.log,971103,2026-06-03,15:35,B152PR,"RO	0	00:08:52.229	Core 04	2026.06.03 15:35:00   [SRJ-IND] B152PR sym=USDJPY bar=2026.06.03 15:30 z1=313,B,157.331,157.497,2026.05.12 10:00,1,2026.05.12 10:10,157.546,157.487"
1529,JUNE0525-B162,1617DC1ACCE6B50ED2D1359582A70A8B8503C569623EE90C18C6B33542796207,Tester/logs/20261011.log,971104,2026-06-03,15:35,B152PR,"GQ	0	00:08:52.229	Core 04	2026.06.03 15:35:00   [SRJ-IND] B152PR sym=USDJPY bar=2026.06.03 15:30 z1=414,B,157.517,157.589,2026.05.13 01:10,1,2026.05.13 01:20,157.607,157.587"
1530,JUNE0525-B162,1617DC1ACCE6B50ED2D1359582A70A8B8503C569623EE90C18C6B33542796207,Tester/logs/20261011.log,971105,2026-06-03,15:35,B152PR,"PK	0	00:08:52.229	Core 04	2026.06.03 15:35:00   [SRJ-IND] B152PR sym=USDJPY bar=2026.06.03 15:30 z1=447,B,157.562,157.648,2026.05.13 06:20,1,2026.05.13 06:25,157.662,157.648"
1531,JUNE0525-B162,1617DC1ACCE6B50ED2D1359582A70A8B8503C569623EE90C18C6B33542796207,Tester/logs/20261011.log,971106,2026-06-03,15:35,B152PR,"KM	0	00:08:52.229	Core 04	2026.06.03 15:35:00   [SRJ-IND] B152PR sym=USDJPY bar=2026.06.03 15:30 z1=449,B,157.599,157.654,2026.05.13 05:15,1,2026.05.13 05:45,157.687,157.652"
1532,JUNE0525-B162,1617DC1ACCE6B50ED2D1359582A70A8B8503C569623EE90C18C6B33542796207,Tester/logs/20261011.log,971107,2026-06-03,15:35,B152PR,"RG	0	00:08:52.229	Core 04	2026.06.03 15:35:00   [SRJ-IND] B152PR sym=USDJPY bar=2026.06.03 15:30 z1=460,B,157.645,157.660,2026.05.13 07:05,1,2026.05.14 00:25,157.812,157.650"
1533,JUNE0525-B162,1617DC1ACCE6B50ED2D1359582A70A8B8503C569623EE90C18C6B33542796207,Tester/logs/20261011.log,971108,2026-06-03,15:35,B152PR,"NI	0	00:08:52.229	Core 04	2026.06.03 15:35:00   [SRJ-IND] B152PR sym=USDJPY bar=2026.06.03 15:30 z1=696,B,157.568,158.167,2026.05.14 18:05,1,2026.05.14 18:10,158.191,158.119"
1534,JUNE0525-B162,1617DC1ACCE6B50ED2D1359582A70A8B8503C569623EE90C18C6B33542796207,Tester/logs/20261011.log,971109,2026-06-03,15:35,B152PR,"JS	0	00:08:52.229	Core 04	2026.06.03 15:35:00   [SRJ-IND] B152PR sym=USDJPY bar=2026.06.03 15:30 z1=714,B,158.107,158.142,2026.05.14 19:30,1,2026.05.14 20:00,158.169,158.142"
1535,JUNE0525-B162,1617DC1ACCE6B50ED2D1359582A70A8B8503C569623EE90C18C6B33542796207,Tester/logs/20261011.log,971110,2026-06-03,15:35,B152PR,"CE	0	00:08:52.229	Core 04	2026.06.03 15:35:00   [SRJ-IND] B152PR sym=USDJPY bar=2026.06.03 15:30 z1=724,B,158.168,158.186,2026.05.14 21:00,1,2026.05.14 21:05,158.191,158.182"
1536,JUNE0525-B162,1617DC1ACCE6B50ED2D1359582A70A8B8503C569623EE90C18C6B33542796207,Tester/logs/20261011.log,971111,2026-06-03,15:35,B152PR,"MM	0	00:08:52.229	Core 04	2026.06.03 15:35:00   [SRJ-IND] B152PR sym=USDJPY bar=2026.06.03 15:30 z1=1405,B,158.735,158.769,2026.05.20 19:00,1,2026.05.20 19:05,158.816,158.753"
1537,JUNE0525-B162,1617DC1ACCE6B50ED2D1359582A70A8B8503C569623EE90C18C6B33542796207,Tester/logs/20261011.log,971112,2026-06-03,15:35,B152PR,"GS	0	00:08:52.229	Core 04	2026.06.03 15:35:00   [SRJ-IND] B152PR sym=USDJPY bar=2026.06.03 15:30 z1=1779,B,158.756,158.800,2026.05.25 06:45,1,2026.05.26 00:00,158.887,158.784"
1538,JUNE0525-B162,1617DC1ACCE6B50ED2D1359582A70A8B8503C569623EE90C18C6B33542796207,Tester/logs/20261011.log,971113,2026-06-03,15:35,B152PR,"FI	0	00:08:52.229	Core 04	2026.06.03 15:35:00   [SRJ-IND] B152PR sym=USDJPY bar=2026.06.03 15:30 z1=1780,B,158.789,158.814,2026.05.25 04:50,1,2026.05.26 00:00,158.887,158.784"
1539,JUNE0525-B162,1617DC1ACCE6B50ED2D1359582A70A8B8503C569623EE90C18C6B33542796207,Tester/logs/20261011.log,971114,2026-06-03,15:35,B152PR,"KO	0	00:08:52.229	Core 04	2026.06.03 15:35:00   [SRJ-IND] B152PR sym=USDJPY bar=2026.06.03 15:30 z1=1949,B,158.916,158.934,2026.05.26 07:25,1,2026.05.26 07:30,158.942,158.934"
1540,JUNE0525-B162,1617DC1ACCE6B50ED2D1359582A70A8B8503C569623EE90C18C6B33542796207,Tester/logs/20261011.log,971115,2026-06-03,15:35,B152PR,"FE	0	00:08:52.229	Core 04	2026.06.03 15:35:00   [SRJ-IND] B152PR sym=USDJPY bar=2026.06.03 15:30 z1=2509,B,159.134,159.195,2026.05.29 19:10,1,2026.05.29 19:35,159.215,159.186"
1541,JUNE0525-B162,1617DC1ACCE6B50ED2D1359582A70A8B8503C569623EE90C18C6B33542796207,Tester/logs/20261011.log,971116,2026-06-03,15:35,B152PR,"CK	0	00:08:52.229	Core 04	2026.06.03 15:35:00   [SRJ-IND] B152PR sym=USDJPY bar=2026.06.03 15:30 z1=2566,B,159.382,159.407,2026.06.01 03:15,1,2026.06.03 11:30,159.790,159.368"
1542,JUNE0525-B162,1617DC1ACCE6B50ED2D1359582A70A8B8503C569623EE90C18C6B33542796207,Tester/logs/20261011.log,971117,2026-06-03,15:35,B152PR,"MQ	0	00:08:52.229	Core 04	2026.06.03 15:35:00   [SRJ-IND] B152PR sym=USDJPY bar=2026.06.03 15:30 z1=2648,B,159.435,159.481,2026.06.01 16:00,1,2026.06.03 11:30,159.790,159.368"
1543,JUNE0525-B162,1617DC1ACCE6B50ED2D1359582A70A8B8503C569623EE90C18C6B33542796207,Tester/logs/20261011.log,971118,2026-06-03,15:35,B152PR,"JG	0	00:08:52.229	Core 04	2026.06.03 15:35:00   [SRJ-IND] B152PR sym=USDJPY bar=2026.06.03 15:30 z1=2716,B,159.576,159.603,2026.06.02 03:10,1,2026.06.03 10:35,159.787,159.550"
1544,JUNE0525-B162,1617DC1ACCE6B50ED2D1359582A70A8B8503C569623EE90C18C6B33542796207,Tester/logs/20261011.log,971119,2026-06-03,15:35,B152PR,"PM	0	00:08:52.229	Core 04	2026.06.03 15:35:00   [SRJ-IND] B152PR sym=USDJPY bar=2026.06.03 15:30 z1=2720,B,159.586,159.605,2026.06.02 01:05,1,2026.06.03 10:35,159.787,159.550"
1545,JUNE0525-B162,1617DC1ACCE6B50ED2D1359582A70A8B8503C569623EE90C18C6B33542796207,Tester/logs/20261011.log,971120,2026-06-03,15:35,B152PR,"LS	0	00:08:52.229	Core 04	2026.06.03 15:35:00   [SRJ-IND] B152PR sym=USDJPY bar=2026.06.03 15:30 z1=2945,B,159.579,159.675,2026.06.03 11:15,1,2026.06.03 11:25,159.727,159.674"
1546,JUNE0525-B162,1617DC1ACCE6B50ED2D1359582A70A8B8503C569623EE90C18C6B33542796207,Tester/logs/20261011.log,971121,2026-06-03,15:35,B152PR,"JK	0	00:08:52.229	Core 04	2026.06.03 15:35:00   [SRJ-IND] B152PR sym=USDJPY bar=2026.06.03 15:30 bull=1 bear=0 nz=23"
1547,JUNE0525-B162,1617DC1ACCE6B50ED2D1359582A70A8B8503C569623EE90C18C6B33542796207,Tester/logs/20261011.log,971122,2026-06-03,15:35,B162ORIGIN,"IJ	0	00:08:52.229	Core 04	2026.06.03 15:35:00   [SRJ-IND] B162ORIGIN sym=USDJPY bar=2026.06.03 15:30 side=B n=23 origin=2945 range=159.579-159.675 formT=2026.06.03 10:50 set=65,78,212,256,261,313,414,447,449,460,696,714,724,1405,1779,1780,1949,2509,2566,2648,2716,2720,2945"
1548,JUNE0525-B162,1617DC1ACCE6B50ED2D1359582A70A8B8503C569623EE90C18C6B33542796207,Tester/logs/20261011.log,971123,2026-06-03,15:35,B162ORIGIN,"OG	0	00:08:52.229	Core 04	2026.06.03 15:35:00   [SRJ-IND] B162ORIGIN sym=USDJPY bar=2026.06.03 15:30 side=S n=0 origin=NONE range=- formT=- set=-"
1549,JUNE0525-B162,1617DC1ACCE6B50ED2D1359582A70A8B8503C569623EE90C18C6B33542796207,Tester/logs/20261011.log,971131,2026-06-03,15:40,B152PR,"KK	0	00:08:52.229	Core 04	2026.06.03 15:40:00   [SRJ-IND] B152PR sym=USDJPY bar=2026.06.03 15:35 z1=65,B,156.672,156.773,2026.05.11 04:10,1,2026.05.12 08:55,157.714,156.726"
1550,JUNE0525-B162,1617DC1ACCE6B50ED2D1359582A70A8B8503C569623EE90C18C6B33542796207,Tester/logs/20261011.log,971132,2026-06-03,15:40,B152PR,"KQ	0	00:08:52.229	Core 04	2026.06.03 15:40:00   [SRJ-IND] B152PR sym=USDJPY bar=2026.06.03 15:35 z1=78,B,156.578,156.584,2026.05.11 00:35,1,2026.05.11 00:40,156.644,156.537"
1551,JUNE0525-B162,1617DC1ACCE6B50ED2D1359582A70A8B8503C569623EE90C18C6B33542796207,Tester/logs/20261011.log,971133,2026-06-03,15:40,B152PR,"MG	0	00:08:52.229	Core 04	2026.06.03 15:40:00   [SRJ-IND] B152PR sym=USDJPY bar=2026.06.03 15:35 z1=212,B,157.028,157.060,2026.05.11 19:20,1,2026.05.12 00:00,157.152,157.050"
1552,JUNE0525-B162,1617DC1ACCE6B50ED2D1359582A70A8B8503C569623EE90C18C6B33542796207,Tester/logs/20261011.log,971134,2026-06-03,15:40,B152PR,"QI	0	00:08:52.229	Core 04	2026.06.03 15:40:00   [SRJ-IND] B152PR sym=USDJPY bar=2026.06.03 15:35 z1=256,B,157.172,157.178,2026.05.12 01:25,1,2026.05.12 08:55,157.714,156.726"
1553,JUNE0525-B162,1617DC1ACCE6B50ED2D1359582A70A8B8503C569623EE90C18C6B33542796207,Tester/logs/20261011.log,971135,2026-06-03,15:40,B152PR,"CS	0	00:08:52.229	Core 04	2026.06.03 15:40:00   [SRJ-IND] B152PR sym=USDJPY bar=2026.06.03 15:35 z1=261,B,157.184,157.192,2026.05.12 03:00,1,2026.05.12 08:55,157.714,156.726"
1554,JUNE0525-B162,1617DC1ACCE6B50ED2D1359582A70A8B8503C569623EE90C18C6B33542796207,Tester/logs/20261011.log,971136,2026-06-03,15:40,B152PR,"CE	0	00:08:52.229	Core 04	2026.06.03 15:40:00   [SRJ-IND] B152PR sym=USDJPY bar=2026.06.03 15:35 z1=313,B,157.331,157.497,2026.05.12 10:00,1,2026.05.12 10:10,157.546,157.487"
1555,JUNE0525-B162,1617DC1ACCE6B50ED2D1359582A70A8B8503C569623EE90C18C6B33542796207,Tester/logs/20261011.log,971137,2026-06-03,15:40,B152PR,"NO	0	00:08:52.229	Core 04	2026.06.03 15:40:00   [SRJ-IND] B152PR sym=USDJPY bar=2026.06.03 15:35 z1=414,B,157.517,157.589,2026.05.13 01:10,1,2026.05.13 01:20,157.607,157.587"
1556,JUNE0525-B162,1617DC1ACCE6B50ED2D1359582A70A8B8503C569623EE90C18C6B33542796207,Tester/logs/20261011.log,971138,2026-06-03,15:40,B152PR,"EQ	0	00:08:52.229	Core 04	2026.06.03 15:40:00   [SRJ-IND] B152PR sym=USDJPY bar=2026.06.03 15:35 z1=447,B,157.562,157.648,2026.05.13 06:20,1,2026.05.13 06:25,157.662,157.648"
1557,JUNE0525-B162,1617DC1ACCE6B50ED2D1359582A70A8B8503C569623EE90C18C6B33542796207,Tester/logs/20261011.log,971139,2026-06-03,15:40,B152PR,"JK	0	00:08:52.229	Core 04	2026.06.03 15:40:00   [SRJ-IND] B152PR sym=USDJPY bar=2026.06.03 15:35 z1=449,B,157.599,157.654,2026.05.13 05:15,1,2026.05.13 05:45,157.687,157.652"
1558,JUNE0525-B162,1617DC1ACCE6B50ED2D1359582A70A8B8503C569623EE90C18C6B33542796207,Tester/logs/20261011.log,971140,2026-06-03,15:40,B152PR,"CL	0	00:08:52.229	Core 04	2026.06.03 15:40:00   [SRJ-IND] B152PR sym=USDJPY bar=2026.06.03 15:35 z1=460,B,157.645,157.660,2026.05.13 07:05,1,2026.05.14 00:25,157.812,157.650"
1559,JUNE0525-B162,1617DC1ACCE6B50ED2D1359582A70A8B8503C569623EE90C18C6B33542796207,Tester/logs/20261011.log,971141,2026-06-03,15:40,B152PR,"GF	0	00:08:52.229	Core 04	2026.06.03 15:40:00   [SRJ-IND] B152PR sym=USDJPY bar=2026.06.03 15:35 z1=696,B,157.568,158.167,2026.05.14 18:05,1,2026.05.14 18:10,158.191,158.119"
1560,JUNE0525-B162,1617DC1ACCE6B50ED2D1359582A70A8B8503C569623EE90C18C6B33542796207,Tester/logs/20261011.log,971142,2026-06-03,15:40,B152PR,"KH	0	00:08:52.229	Core 04	2026.06.03 15:40:00   [SRJ-IND] B152PR sym=USDJPY bar=2026.06.03 15:35 z1=714,B,158.107,158.142,2026.05.14 19:30,1,2026.05.14 20:00,158.169,158.142"
1561,JUNE0525-B162,1617DC1ACCE6B50ED2D1359582A70A8B8503C569623EE90C18C6B33542796207,Tester/logs/20261011.log,971143,2026-06-03,15:40,B152PR,"RR	0	00:08:52.229	Core 04	2026.06.03 15:40:00   [SRJ-IND] B152PR sym=USDJPY bar=2026.06.03 15:35 z1=724,B,158.168,158.186,2026.05.14 21:00,1,2026.05.14 21:05,158.191,158.182"
1562,JUNE0525-B162,1617DC1ACCE6B50ED2D1359582A70A8B8503C569623EE90C18C6B33542796207,Tester/logs/20261011.log,971144,2026-06-03,15:40,B152PR,"HG	0	00:08:52.229	Core 04	2026.06.03 15:40:00   [SRJ-IND] B152PR sym=USDJPY bar=2026.06.03 15:35 z1=1405,B,158.735,158.769,2026.05.20 19:00,1,2026.05.20 19:05,158.816,158.753"
1563,JUNE0525-B162,1617DC1ACCE6B50ED2D1359582A70A8B8503C569623EE90C18C6B33542796207,Tester/logs/20261011.log,971145,2026-06-03,15:40,B152PR,"NM	0	00:08:52.229	Core 04	2026.06.03 15:40:00   [SRJ-IND] B152PR sym=USDJPY bar=2026.06.03 15:35 z1=1779,B,158.756,158.800,2026.05.25 06:45,1,2026.05.26 00:00,158.887,158.784"
1564,JUNE0525-B162,1617DC1ACCE6B50ED2D1359582A70A8B8503C569623EE90C18C6B33542796207,Tester/logs/20261011.log,971146,2026-06-03,15:40,B152PR,"OS	0	00:08:52.229	Core 04	2026.06.03 15:40:00   [SRJ-IND] B152PR sym=USDJPY bar=2026.06.03 15:35 z1=1780,B,158.789,158.814,2026.05.25 04:50,1,2026.05.26 00:00,158.887,158.784"
1565,JUNE0525-B162,1617DC1ACCE6B50ED2D1359582A70A8B8503C569623EE90C18C6B33542796207,Tester/logs/20261011.log,971147,2026-06-03,15:40,B152PR,"JI	0	00:08:52.229	Core 04	2026.06.03 15:40:00   [SRJ-IND] B152PR sym=USDJPY bar=2026.06.03 15:35 z1=1949,B,158.916,158.934,2026.05.26 07:25,1,2026.05.26 07:30,158.942,158.934"
1566,JUNE0525-B162,1617DC1ACCE6B50ED2D1359582A70A8B8503C569623EE90C18C6B33542796207,Tester/logs/20261011.log,971148,2026-06-03,15:40,B152PR,"OO	0	00:08:52.229	Core 04	2026.06.03 15:40:00   [SRJ-IND] B152PR sym=USDJPY bar=2026.06.03 15:35 z1=2509,B,159.134,159.195,2026.05.29 19:10,1,2026.05.29 19:35,159.215,159.186"
1567,JUNE0525-B162,1617DC1ACCE6B50ED2D1359582A70A8B8503C569623EE90C18C6B33542796207,Tester/logs/20261011.log,971149,2026-06-03,15:40,B152PR,"RE	0	00:08:52.229	Core 04	2026.06.03 15:40:00   [SRJ-IND] B152PR sym=USDJPY bar=2026.06.03 15:35 z1=2566,B,159.382,159.407,2026.06.01 03:15,1,2026.06.03 11:30,159.790,159.368"
1568,JUNE0525-B162,1617DC1ACCE6B50ED2D1359582A70A8B8503C569623EE90C18C6B33542796207,Tester/logs/20261011.log,971150,2026-06-03,15:40,B152PR,"HK	0	00:08:52.229	Core 04	2026.06.03 15:40:00   [SRJ-IND] B152PR sym=USDJPY bar=2026.06.03 15:35 z1=2648,B,159.435,159.481,2026.06.01 16:00,1,2026.06.03 11:30,159.790,159.368"
1569,JUNE0525-B162,1617DC1ACCE6B50ED2D1359582A70A8B8503C569623EE90C18C6B33542796207,Tester/logs/20261011.log,971151,2026-06-03,15:40,B152PR,"KQ	0	00:08:52.229	Core 04	2026.06.03 15:40:00   [SRJ-IND] B152PR sym=USDJPY bar=2026.06.03 15:35 z1=2716,B,159.576,159.603,2026.06.02 03:10,1,2026.06.03 10:35,159.787,159.550"
1570,JUNE0525-B162,1617DC1ACCE6B50ED2D1359582A70A8B8503C569623EE90C18C6B33542796207,Tester/logs/20261011.log,971152,2026-06-03,15:40,B152PR,"EG	0	00:08:52.229	Core 04	2026.06.03 15:40:00   [SRJ-IND] B152PR sym=USDJPY bar=2026.06.03 15:35 z1=2720,B,159.586,159.605,2026.06.02 01:05,1,2026.06.03 10:35,159.787,159.550"
1571,JUNE0525-B162,1617DC1ACCE6B50ED2D1359582A70A8B8503C569623EE90C18C6B33542796207,Tester/logs/20261011.log,971153,2026-06-03,15:40,B152PR,"IM	0	00:08:52.229	Core 04	2026.06.03 15:40:00   [SRJ-IND] B152PR sym=USDJPY bar=2026.06.03 15:35 z1=2945,B,159.579,159.675,2026.06.03 11:15,1,2026.06.03 11:25,159.727,159.674"
1572,JUNE0525-B162,1617DC1ACCE6B50ED2D1359582A70A8B8503C569623EE90C18C6B33542796207,Tester/logs/20261011.log,971154,2026-06-03,15:40,B152PR,"KQ	0	00:08:52.229	Core 04	2026.06.03 15:40:00   [SRJ-IND] B152PR sym=USDJPY bar=2026.06.03 15:35 bull=1 bear=0 nz=23"
1573,JUNE0525-B162,1617DC1ACCE6B50ED2D1359582A70A8B8503C569623EE90C18C6B33542796207,Tester/logs/20261011.log,971155,2026-06-03,15:40,B162ORIGIN,"LL	0	00:08:52.229	Core 04	2026.06.03 15:40:00   [SRJ-IND] B162ORIGIN sym=USDJPY bar=2026.06.03 15:35 side=B n=23 origin=2945 range=159.579-159.675 formT=2026.06.03 10:50 set=65,78,212,256,261,313,414,447,449,460,696,714,724,1405,1779,1780,1949,2509,2566,2648,2716,2720,2945"
1574,JUNE0525-B162,1617DC1ACCE6B50ED2D1359582A70A8B8503C569623EE90C18C6B33542796207,Tester/logs/20261011.log,971156,2026-06-03,15:40,B162ORIGIN,"FN	0	00:08:52.229	Core 04	2026.06.03 15:40:00   [SRJ-IND] B162ORIGIN sym=USDJPY bar=2026.06.03 15:35 side=S n=0 origin=NONE range=- formT=- set=-"
1575,JUNE0525-B162,1617DC1ACCE6B50ED2D1359582A70A8B8503C569623EE90C18C6B33542796207,Tester/logs/20261011.log,971164,2026-06-03,15:45,B152PR,"HO	0	00:08:52.229	Core 04	2026.06.03 15:45:00   [SRJ-IND] B152PR sym=USDJPY bar=2026.06.03 15:40 z1=65,B,156.672,156.773,2026.05.11 04:10,1,2026.05.12 08:55,157.714,156.726"
1576,JUNE0525-B162,1617DC1ACCE6B50ED2D1359582A70A8B8503C569623EE90C18C6B33542796207,Tester/logs/20261011.log,971165,2026-06-03,15:45,B152PR,"HE	0	00:08:52.229	Core 04	2026.06.03 15:45:00   [SRJ-IND] B152PR sym=USDJPY bar=2026.06.03 15:40 z1=78,B,156.578,156.584,2026.05.11 00:35,1,2026.05.11 00:40,156.644,156.537"
1577,JUNE0525-B162,1617DC1ACCE6B50ED2D1359582A70A8B8503C569623EE90C18C6B33542796207,Tester/logs/20261011.log,971166,2026-06-03,15:45,B152PR,"JH	0	00:08:52.229	Core 04	2026.06.03 15:45:00   [SRJ-IND] B152PR sym=USDJPY bar=2026.06.03 15:40 z1=212,B,157.028,157.060,2026.05.11 19:20,1,2026.05.12 00:00,157.152,157.050"
1578,JUNE0525-B162,1617DC1ACCE6B50ED2D1359582A70A8B8503C569623EE90C18C6B33542796207,Tester/logs/20261011.log,971167,2026-06-03,15:45,B152PR,"JR	0	00:08:52.229	Core 04	2026.06.03 15:45:00   [SRJ-IND] B152PR sym=USDJPY bar=2026.06.03 15:40 z1=256,B,157.172,157.178,2026.05.12 01:25,1,2026.05.12 08:55,157.714,156.726"
1579,JUNE0525-B162,1617DC1ACCE6B50ED2D1359582A70A8B8503C569623EE90C18C6B33542796207,Tester/logs/20261011.log,971168,2026-06-03,15:45,B152PR,"PD	0	00:08:52.229	Core 04	2026.06.03 15:45:00   [SRJ-IND] B152PR sym=USDJPY bar=2026.06.03 15:40 z1=261,B,157.184,157.192,2026.05.12 03:00,1,2026.05.12 08:55,157.714,156.726"
1580,JUNE0525-B162,1617DC1ACCE6B50ED2D1359582A70A8B8503C569623EE90C18C6B33542796207,Tester/logs/20261011.log,971169,2026-06-03,15:45,B152PR,"DN	0	00:08:52.229	Core 04	2026.06.03 15:45:00   [SRJ-IND] B152PR sym=USDJPY bar=2026.06.03 15:40 z1=313,B,157.331,157.497,2026.05.12 10:00,1,2026.05.12 10:10,157.546,157.487"
1581,JUNE0525-B162,1617DC1ACCE6B50ED2D1359582A70A8B8503C569623EE90C18C6B33542796207,Tester/logs/20261011.log,971170,2026-06-03,15:45,B152PR,"IS	0	00:08:52.229	Core 04	2026.06.03 15:45:00   [SRJ-IND] B152PR sym=USDJPY bar=2026.06.03 15:40 z1=414,B,157.517,157.589,2026.05.13 01:10,1,2026.05.13 01:20,157.607,157.587"
1582,JUNE0525-B162,1617DC1ACCE6B50ED2D1359582A70A8B8503C569623EE90C18C6B33542796207,Tester/logs/20261011.log,971171,2026-06-03,15:45,B152PR,"NE	0	00:08:52.229	Core 04	2026.06.03 15:45:00   [SRJ-IND] B152PR sym=USDJPY bar=2026.06.03 15:40 z1=447,B,157.562,157.648,2026.05.13 06:20,1,2026.05.13 06:25,157.662,157.648"
1583,JUNE0525-B162,1617DC1ACCE6B50ED2D1359582A70A8B8503C569623EE90C18C6B33542796207,Tester/logs/20261011.log,971172,2026-06-03,15:45,B152PR,"MO	0	00:08:52.229	Core 04	2026.06.03 15:45:00   [SRJ-IND] B152PR sym=USDJPY bar=2026.06.03 15:40 z1=449,B,157.599,157.654,2026.05.13 05:15,1,2026.05.13 05:45,157.687,157.652"
1584,JUNE0525-B162,1617DC1ACCE6B50ED2D1359582A70A8B8503C569623EE90C18C6B33542796207,Tester/logs/20261011.log,971173,2026-06-03,15:45,B152PR,"DQ	0	00:08:52.229	Core 04	2026.06.03 15:45:00   [SRJ-IND] B152PR sym=USDJPY bar=2026.06.03 15:40 z1=460,B,157.645,157.660,2026.05.13 07:05,1,2026.05.14 00:25,157.812,157.650"
1585,JUNE0525-B162,1617DC1ACCE6B50ED2D1359582A70A8B8503C569623EE90C18C6B33542796207,Tester/logs/20261011.log,971174,2026-06-03,15:45,B152PR,"LK	0	00:08:52.229	Core 04	2026.06.03 15:45:00   [SRJ-IND] B152PR sym=USDJPY bar=2026.06.03 15:40 z1=696,B,157.568,158.167,2026.05.14 18:05,1,2026.05.14 18:10,158.191,158.119"
1586,JUNE0525-B162,1617DC1ACCE6B50ED2D1359582A70A8B8503C569623EE90C18C6B33542796207,Tester/logs/20261011.log,971175,2026-06-03,15:45,B152PR,"DM	0	00:08:52.229	Core 04	2026.06.03 15:45:00   [SRJ-IND] B152PR sym=USDJPY bar=2026.06.03 15:40 z1=714,B,158.107,158.142,2026.05.14 19:30,1,2026.05.14 20:00,158.169,158.142"
1587,JUNE0525-B162,1617DC1ACCE6B50ED2D1359582A70A8B8503C569623EE90C18C6B33542796207,Tester/logs/20261011.log,971176,2026-06-03,15:45,B152PR,"EG	0	00:08:52.229	Core 04	2026.06.03 15:45:00   [SRJ-IND] B152PR sym=USDJPY bar=2026.06.03 15:40 z1=724,B,158.168,158.186,2026.05.14 21:00,1,2026.05.14 21:05,158.191,158.182"
1588,JUNE0525-B162,1617DC1ACCE6B50ED2D1359582A70A8B8503C569623EE90C18C6B33542796207,Tester/logs/20261011.log,971177,2026-06-03,15:45,B152PR,"GJ	0	00:08:52.229	Core 04	2026.06.03 15:45:00   [SRJ-IND] B152PR sym=USDJPY bar=2026.06.03 15:40 z1=1405,B,158.735,158.769,2026.05.20 19:00,1,2026.05.20 19:05,158.816,158.753"
1589,JUNE0525-B162,1617DC1ACCE6B50ED2D1359582A70A8B8503C569623EE90C18C6B33542796207,Tester/logs/20261011.log,971178,2026-06-03,15:45,B152PR,"MP	0	00:08:52.229	Core 04	2026.06.03 15:45:00   [SRJ-IND] B152PR sym=USDJPY bar=2026.06.03 15:40 z1=1779,B,158.756,158.800,2026.05.25 06:45,1,2026.05.26 00:00,158.887,158.784"
1590,JUNE0525-B162,1617DC1ACCE6B50ED2D1359582A70A8B8503C569623EE90C18C6B33542796207,Tester/logs/20261011.log,971179,2026-06-03,15:45,B152PR,"PF	0	00:08:52.229	Core 04	2026.06.03 15:45:00   [SRJ-IND] B152PR sym=USDJPY bar=2026.06.03 15:40 z1=1780,B,158.789,158.814,2026.05.25 04:50,1,2026.05.26 00:00,158.887,158.784"
1591,JUNE0525-B162,1617DC1ACCE6B50ED2D1359582A70A8B8503C569623EE90C18C6B33542796207,Tester/logs/20261011.log,971180,2026-06-03,15:45,B152PR,"IL	0	00:08:52.229	Core 04	2026.06.03 15:45:00   [SRJ-IND] B152PR sym=USDJPY bar=2026.06.03 15:40 z1=1949,B,158.916,158.934,2026.05.26 07:25,1,2026.05.26 07:30,158.942,158.934"
1592,JUNE0525-B162,1617DC1ACCE6B50ED2D1359582A70A8B8503C569623EE90C18C6B33542796207,Tester/logs/20261011.log,971181,2026-06-03,15:45,B152PR,"PR	0	00:08:52.229	Core 04	2026.06.03 15:45:00   [SRJ-IND] B152PR sym=USDJPY bar=2026.06.03 15:40 z1=2509,B,159.134,159.195,2026.05.29 19:10,1,2026.05.29 19:35,159.215,159.186"
1593,JUNE0525-B162,1617DC1ACCE6B50ED2D1359582A70A8B8503C569623EE90C18C6B33542796207,Tester/logs/20261011.log,971182,2026-06-03,15:45,B152PR,"QH	0	00:08:52.229	Core 04	2026.06.03 15:45:00   [SRJ-IND] B152PR sym=USDJPY bar=2026.06.03 15:40 z1=2566,B,159.382,159.407,2026.06.01 03:15,1,2026.06.03 11:30,159.790,159.368"
1594,JUNE0525-B162,1617DC1ACCE6B50ED2D1359582A70A8B8503C569623EE90C18C6B33542796207,Tester/logs/20261011.log,971183,2026-06-03,15:45,B152PR,"GN	0	00:08:52.229	Core 04	2026.06.03 15:45:00   [SRJ-IND] B152PR sym=USDJPY bar=2026.06.03 15:40 z1=2648,B,159.435,159.481,2026.06.01 16:00,1,2026.06.03 11:30,159.790,159.368"
1595,JUNE0525-B162,1617DC1ACCE6B50ED2D1359582A70A8B8503C569623EE90C18C6B33542796207,Tester/logs/20261011.log,971184,2026-06-03,15:45,B152PR,"LD	0	00:08:52.229	Core 04	2026.06.03 15:45:00   [SRJ-IND] B152PR sym=USDJPY bar=2026.06.03 15:40 z1=2716,B,159.576,159.603,2026.06.02 03:10,1,2026.06.03 10:35,159.787,159.550"
1596,JUNE0525-B162,1617DC1ACCE6B50ED2D1359582A70A8B8503C569623EE90C18C6B33542796207,Tester/logs/20261011.log,971185,2026-06-03,15:45,B152PR,"FJ	0	00:08:52.229	Core 04	2026.06.03 15:45:00   [SRJ-IND] B152PR sym=USDJPY bar=2026.06.03 15:40 z1=2720,B,159.586,159.605,2026.06.02 01:05,1,2026.06.03 10:35,159.787,159.550"
1597,JUNE0525-B162,1617DC1ACCE6B50ED2D1359582A70A8B8503C569623EE90C18C6B33542796207,Tester/logs/20261011.log,971186,2026-06-03,15:45,B152PR,"JP	0	00:08:52.229	Core 04	2026.06.03 15:45:00   [SRJ-IND] B152PR sym=USDJPY bar=2026.06.03 15:40 z1=2945,B,159.579,159.675,2026.06.03 11:15,1,2026.06.03 11:25,159.727,159.674"
1598,JUNE0525-B162,1617DC1ACCE6B50ED2D1359582A70A8B8503C569623EE90C18C6B33542796207,Tester/logs/20261011.log,971187,2026-06-03,15:45,B152PR,"LD	0	00:08:52.229	Core 04	2026.06.03 15:45:00   [SRJ-IND] B152PR sym=USDJPY bar=2026.06.03 15:40 bull=1 bear=0 nz=23"
1599,JUNE0525-B162,1617DC1ACCE6B50ED2D1359582A70A8B8503C569623EE90C18C6B33542796207,Tester/logs/20261011.log,971188,2026-06-03,15:45,B162ORIGIN,"CH	0	00:08:52.229	Core 04	2026.06.03 15:45:00   [SRJ-IND] B162ORIGIN sym=USDJPY bar=2026.06.03 15:40 side=B n=23 origin=2945 range=159.579-159.675 formT=2026.06.03 10:50 set=65,78,212,256,261,313,414,447,449,460,696,714,724,1405,1779,1780,1949,2509,2566,2648,2716,2720,2945"
1600,JUNE0525-B162,1617DC1ACCE6B50ED2D1359582A70A8B8503C569623EE90C18C6B33542796207,Tester/logs/20261011.log,971189,2026-06-03,15:45,B162ORIGIN,"QE	0	00:08:52.229	Core 04	2026.06.03 15:45:00   [SRJ-IND] B162ORIGIN sym=USDJPY bar=2026.06.03 15:40 side=S n=0 origin=NONE range=- formT=- set=-"
1601,JUNE0525-B162,1617DC1ACCE6B50ED2D1359582A70A8B8503C569623EE90C18C6B33542796207,Tester/logs/20261011.log,971198,2026-06-03,15:50,B152PR,"EE	0	00:08:52.229	Core 04	2026.06.03 15:50:00   [SRJ-IND] B152PR sym=USDJPY bar=2026.06.03 15:45 z1=65,B,156.672,156.773,2026.05.11 04:10,1,2026.05.12 08:55,157.714,156.726"
1602,JUNE0525-B162,1617DC1ACCE6B50ED2D1359582A70A8B8503C569623EE90C18C6B33542796207,Tester/logs/20261011.log,971199,2026-06-03,15:50,B152PR,"MK	0	00:08:52.229	Core 04	2026.06.03 15:50:00   [SRJ-IND] B152PR sym=USDJPY bar=2026.06.03 15:45 z1=78,B,156.578,156.584,2026.05.11 00:35,1,2026.05.11 00:40,156.644,156.537"
1603,JUNE0525-B162,1617DC1ACCE6B50ED2D1359582A70A8B8503C569623EE90C18C6B33542796207,Tester/logs/20261011.log,971200,2026-06-03,15:50,B152PR,"CR	0	00:08:52.229	Core 04	2026.06.03 15:50:00   [SRJ-IND] B152PR sym=USDJPY bar=2026.06.03 15:45 z1=212,B,157.028,157.060,2026.05.11 19:20,1,2026.05.12 00:00,157.152,157.050"
1604,JUNE0525-B162,1617DC1ACCE6B50ED2D1359582A70A8B8503C569623EE90C18C6B33542796207,Tester/logs/20261011.log,971201,2026-06-03,15:50,B152PR,"OG	0	00:08:52.229	Core 04	2026.06.03 15:50:00   [SRJ-IND] B152PR sym=USDJPY bar=2026.06.03 15:45 z1=256,B,157.172,157.178,2026.05.12 01:25,1,2026.05.12 08:55,157.714,156.726"
1605,JUNE0525-B162,1617DC1ACCE6B50ED2D1359582A70A8B8503C569623EE90C18C6B33542796207,Tester/logs/20261011.log,971202,2026-06-03,15:50,B152PR,"EI	0	00:08:52.229	Core 04	2026.06.03 15:50:00   [SRJ-IND] B152PR sym=USDJPY bar=2026.06.03 15:45 z1=261,B,157.184,157.192,2026.05.12 03:00,1,2026.05.12 08:55,157.714,156.726"
1606,JUNE0525-B162,1617DC1ACCE6B50ED2D1359582A70A8B8503C569623EE90C18C6B33542796207,Tester/logs/20261011.log,971203,2026-06-03,15:50,B152PR,"MS	0	00:08:52.229	Core 04	2026.06.03 15:50:00   [SRJ-IND] B152PR sym=USDJPY bar=2026.06.03 15:45 z1=313,B,157.331,157.497,2026.05.12 10:00,1,2026.05.12 10:10,157.546,157.487"
1607,JUNE0525-B162,1617DC1ACCE6B50ED2D1359582A70A8B8503C569623EE90C18C6B33542796207,Tester/logs/20261011.log,971204,2026-06-03,15:50,B152PR,"DE	0	00:08:52.229	Core 04	2026.06.03 15:50:00   [SRJ-IND] B152PR sym=USDJPY bar=2026.06.03 15:45 z1=414,B,157.517,157.589,2026.05.13 01:10,1,2026.05.13 01:20,157.607,157.587"
1608,JUNE0525-B162,1617DC1ACCE6B50ED2D1359582A70A8B8503C569623EE90C18C6B33542796207,Tester/logs/20261011.log,971205,2026-06-03,15:50,B152PR,"CO	0	00:08:52.229	Core 04	2026.06.03 15:50:00   [SRJ-IND] B152PR sym=USDJPY bar=2026.06.03 15:45 z1=447,B,157.562,157.648,2026.05.13 06:20,1,2026.05.13 06:25,157.662,157.648"
1609,JUNE0525-B162,1617DC1ACCE6B50ED2D1359582A70A8B8503C569623EE90C18C6B33542796207,Tester/logs/20261011.log,971206,2026-06-03,15:50,B152PR,"HQ	0	00:08:52.229	Core 04	2026.06.03 15:50:00   [SRJ-IND] B152PR sym=USDJPY bar=2026.06.03 15:45 z1=449,B,157.599,157.654,2026.05.13 05:15,1,2026.05.13 05:45,157.687,157.652"
1610,JUNE0525-B162,1617DC1ACCE6B50ED2D1359582A70A8B8503C569623EE90C18C6B33542796207,Tester/logs/20261011.log,971207,2026-06-03,15:50,B152PR,"MK	0	00:08:52.229	Core 04	2026.06.03 15:50:00   [SRJ-IND] B152PR sym=USDJPY bar=2026.06.03 15:45 z1=460,B,157.645,157.660,2026.05.13 07:05,1,2026.05.14 00:25,157.812,157.650"
1611,JUNE0525-B162,1617DC1ACCE6B50ED2D1359582A70A8B8503C569623EE90C18C6B33542796207,Tester/logs/20261011.log,971208,2026-06-03,15:50,B152PR,"QM	0	00:08:52.229	Core 04	2026.06.03 15:50:00   [SRJ-IND] B152PR sym=USDJPY bar=2026.06.03 15:45 z1=696,B,157.568,158.167,2026.05.14 18:05,1,2026.05.14 18:10,158.191,158.119"
1612,JUNE0525-B162,1617DC1ACCE6B50ED2D1359582A70A8B8503C569623EE90C18C6B33542796207,Tester/logs/20261011.log,971209,2026-06-03,15:50,B152PR,"MF	0	00:08:52.229	Core 04	2026.06.03 15:50:00   [SRJ-IND] B152PR sym=USDJPY bar=2026.06.03 15:45 z1=714,B,158.107,158.142,2026.05.14 19:30,1,2026.05.14 20:00,158.169,158.142"
1613,JUNE0525-B162,1617DC1ACCE6B50ED2D1359582A70A8B8503C569623EE90C18C6B33542796207,Tester/logs/20261011.log,971210,2026-06-03,15:50,B152PR,"PH	0	00:08:52.229	Core 04	2026.06.03 15:50:00   [SRJ-IND] B152PR sym=USDJPY bar=2026.06.03 15:45 z1=724,B,158.168,158.186,2026.05.14 21:00,1,2026.05.14 21:05,158.191,158.182"
1614,JUNE0525-B162,1617DC1ACCE6B50ED2D1359582A70A8B8503C569623EE90C18C6B33542796207,Tester/logs/20261011.log,971211,2026-06-03,15:50,B152PR,"RQ	0	00:08:52.229	Core 04	2026.06.03 15:50:00   [SRJ-IND] B152PR sym=USDJPY bar=2026.06.03 15:45 z1=1405,B,158.735,158.769,2026.05.20 19:00,1,2026.05.20 19:05,158.816,158.753"
1615,JUNE0525-B162,1617DC1ACCE6B50ED2D1359582A70A8B8503C569623EE90C18C6B33542796207,Tester/logs/20261011.log,971212,2026-06-03,15:50,B152PR,"DG	0	00:08:52.229	Core 04	2026.06.03 15:50:00   [SRJ-IND] B152PR sym=USDJPY bar=2026.06.03 15:45 z1=1779,B,158.756,158.800,2026.05.25 06:45,1,2026.05.26 00:00,158.887,158.784"
1616,JUNE0525-B162,1617DC1ACCE6B50ED2D1359582A70A8B8503C569623EE90C18C6B33542796207,Tester/logs/20261011.log,971213,2026-06-03,15:50,B152PR,"IM	0	00:08:52.229	Core 04	2026.06.03 15:50:00   [SRJ-IND] B152PR sym=USDJPY bar=2026.06.03 15:45 z1=1780,B,158.789,158.814,2026.05.25 04:50,1,2026.05.26 00:00,158.887,158.784"
1617,JUNE0525-B162,1617DC1ACCE6B50ED2D1359582A70A8B8503C569623EE90C18C6B33542796207,Tester/logs/20261011.log,971214,2026-06-03,15:50,B152PR,"PS	0	00:08:52.229	Core 04	2026.06.03 15:50:00   [SRJ-IND] B152PR sym=USDJPY bar=2026.06.03 15:45 z1=1949,B,158.916,158.934,2026.05.26 07:25,1,2026.05.26 07:30,158.942,158.934"
1618,JUNE0525-B162,1617DC1ACCE6B50ED2D1359582A70A8B8503C569623EE90C18C6B33542796207,Tester/logs/20261011.log,971215,2026-06-03,15:50,B152PR,"II	0	00:08:52.229	Core 04	2026.06.03 15:50:00   [SRJ-IND] B152PR sym=USDJPY bar=2026.06.03 15:45 z1=2509,B,159.134,159.195,2026.05.29 19:10,1,2026.05.29 19:35,159.215,159.186"
1619,JUNE0525-B162,1617DC1ACCE6B50ED2D1359582A70A8B8503C569623EE90C18C6B33542796207,Tester/logs/20261011.log,971216,2026-06-03,15:50,B152PR,"HO	0	00:08:52.229	Core 04	2026.06.03 15:50:00   [SRJ-IND] B152PR sym=USDJPY bar=2026.06.03 15:45 z1=2566,B,159.382,159.407,2026.06.01 03:15,1,2026.06.03 11:30,159.790,159.368"
1620,JUNE0525-B162,1617DC1ACCE6B50ED2D1359582A70A8B8503C569623EE90C18C6B33542796207,Tester/logs/20261011.log,971217,2026-06-03,15:50,B152PR,"RE	0	00:08:52.229	Core 04	2026.06.03 15:50:00   [SRJ-IND] B152PR sym=USDJPY bar=2026.06.03 15:45 z1=2648,B,159.435,159.481,2026.06.01 16:00,1,2026.06.03 11:30,159.790,159.368"
1621,JUNE0525-B162,1617DC1ACCE6B50ED2D1359582A70A8B8503C569623EE90C18C6B33542796207,Tester/logs/20261011.log,971218,2026-06-03,15:50,B152PR,"EK	0	00:08:52.229	Core 04	2026.06.03 15:50:00   [SRJ-IND] B152PR sym=USDJPY bar=2026.06.03 15:45 z1=2716,B,159.576,159.603,2026.06.02 03:10,1,2026.06.03 10:35,159.787,159.550"
1622,JUNE0525-B162,1617DC1ACCE6B50ED2D1359582A70A8B8503C569623EE90C18C6B33542796207,Tester/logs/20261011.log,971219,2026-06-03,15:50,B152PR,"KQ	0	00:08:52.229	Core 04	2026.06.03 15:50:00   [SRJ-IND] B152PR sym=USDJPY bar=2026.06.03 15:45 z1=2720,B,159.586,159.605,2026.06.02 01:05,1,2026.06.03 10:35,159.787,159.550"
1623,JUNE0525-B162,1617DC1ACCE6B50ED2D1359582A70A8B8503C569623EE90C18C6B33542796207,Tester/logs/20261011.log,971220,2026-06-03,15:50,B152PR,"OG	0	00:08:52.229	Core 04	2026.06.03 15:50:00   [SRJ-IND] B152PR sym=USDJPY bar=2026.06.03 15:45 z1=2945,B,159.579,159.675,2026.06.03 11:15,1,2026.06.03 11:25,159.727,159.674"
1624,JUNE0525-B162,1617DC1ACCE6B50ED2D1359582A70A8B8503C569623EE90C18C6B33542796207,Tester/logs/20261011.log,971221,2026-06-03,15:50,B152PR,"EO	0	00:08:52.229	Core 04	2026.06.03 15:50:00   [SRJ-IND] B152PR sym=USDJPY bar=2026.06.03 15:45 bull=1 bear=0 nz=23"
1625,JUNE0525-B162,1617DC1ACCE6B50ED2D1359582A70A8B8503C569623EE90C18C6B33542796207,Tester/logs/20261011.log,971222,2026-06-03,15:50,B162ORIGIN,"NF	0	00:08:52.229	Core 04	2026.06.03 15:50:00   [SRJ-IND] B162ORIGIN sym=USDJPY bar=2026.06.03 15:45 side=B n=23 origin=2945 range=159.579-159.675 formT=2026.06.03 10:50 set=65,78,212,256,261,313,414,447,449,460,696,714,724,1405,1779,1780,1949,2509,2566,2648,2716,2720,2945"
1626,JUNE0525-B162,1617DC1ACCE6B50ED2D1359582A70A8B8503C569623EE90C18C6B33542796207,Tester/logs/20261011.log,971223,2026-06-03,15:50,B162ORIGIN,"DP	0	00:08:52.229	Core 04	2026.06.03 15:50:00   [SRJ-IND] B162ORIGIN sym=USDJPY bar=2026.06.03 15:45 side=S n=0 origin=NONE range=- formT=- set=-"
1627,JUNE0525-B162,1617DC1ACCE6B50ED2D1359582A70A8B8503C569623EE90C18C6B33542796207,Tester/logs/20261011.log,971232,2026-06-03,15:55,B152PR,"HJ	0	00:08:52.229	Core 04	2026.06.03 15:55:11   [SRJ-IND] B152PR sym=USDJPY bar=2026.06.03 15:50 z1=65,B,156.672,156.773,2026.05.11 04:10,1,2026.05.12 08:55,157.714,156.726"
1628,JUNE0525-B162,1617DC1ACCE6B50ED2D1359582A70A8B8503C569623EE90C18C6B33542796207,Tester/logs/20261011.log,971233,2026-06-03,15:55,B152PR,"HP	0	00:08:52.229	Core 04	2026.06.03 15:55:11   [SRJ-IND] B152PR sym=USDJPY bar=2026.06.03 15:50 z1=78,B,156.578,156.584,2026.05.11 00:35,1,2026.05.11 00:40,156.644,156.537"
1629,JUNE0525-B162,1617DC1ACCE6B50ED2D1359582A70A8B8503C569623EE90C18C6B33542796207,Tester/logs/20261011.log,971234,2026-06-03,15:55,B152PR,"JE	0	00:08:52.229	Core 04	2026.06.03 15:55:11   [SRJ-IND] B152PR sym=USDJPY bar=2026.06.03 15:50 z1=212,B,157.028,157.060,2026.05.11 19:20,1,2026.05.12 00:00,157.152,157.050"
1630,JUNE0525-B162,1617DC1ACCE6B50ED2D1359582A70A8B8503C569623EE90C18C6B33542796207,Tester/logs/20261011.log,971235,2026-06-03,15:55,B152PR,"JO	0	00:08:52.229	Core 04	2026.06.03 15:55:11   [SRJ-IND] B152PR sym=USDJPY bar=2026.06.03 15:50 z1=256,B,157.172,157.178,2026.05.12 01:25,1,2026.05.12 08:55,157.714,156.726"
1631,JUNE0525-B162,1617DC1ACCE6B50ED2D1359582A70A8B8503C569623EE90C18C6B33542796207,Tester/logs/20261011.log,971236,2026-06-03,15:55,B152PR,"PQ	0	00:08:52.229	Core 04	2026.06.03 15:55:11   [SRJ-IND] B152PR sym=USDJPY bar=2026.06.03 15:50 z1=261,B,157.184,157.192,2026.05.12 03:00,1,2026.05.12 08:55,157.714,156.726"
1632,JUNE0525-B162,1617DC1ACCE6B50ED2D1359582A70A8B8503C569623EE90C18C6B33542796207,Tester/logs/20261011.log,971237,2026-06-03,15:55,B152PR,"DK	0	00:08:52.229	Core 04	2026.06.03 15:55:11   [SRJ-IND] B152PR sym=USDJPY bar=2026.06.03 15:50 z1=313,B,157.331,157.497,2026.05.12 10:00,1,2026.05.12 10:10,157.546,157.487"
1633,JUNE0525-B162,1617DC1ACCE6B50ED2D1359582A70A8B8503C569623EE90C18C6B33542796207,Tester/logs/20261011.log,971238,2026-06-03,15:55,B152PR,"IL	0	00:08:52.229	Core 04	2026.06.03 15:55:11   [SRJ-IND] B152PR sym=USDJPY bar=2026.06.03 15:50 z1=414,B,157.517,157.589,2026.05.13 01:10,1,2026.05.13 01:20,157.607,157.587"
1634,JUNE0525-B162,1617DC1ACCE6B50ED2D1359582A70A8B8503C569623EE90C18C6B33542796207,Tester/logs/20261011.log,971239,2026-06-03,15:55,B152PR,"NF	0	00:08:52.229	Core 04	2026.06.03 15:55:11   [SRJ-IND] B152PR sym=USDJPY bar=2026.06.03 15:50 z1=447,B,157.562,157.648,2026.05.13 06:20,1,2026.05.13 06:25,157.662,157.648"
1635,JUNE0525-B162,1617DC1ACCE6B50ED2D1359582A70A8B8503C569623EE90C18C6B33542796207,Tester/logs/20261011.log,971240,2026-06-03,15:55,B152PR,"MH	0	00:08:52.229	Core 04	2026.06.03 15:55:11   [SRJ-IND] B152PR sym=USDJPY bar=2026.06.03 15:50 z1=449,B,157.599,157.654,2026.05.13 05:15,1,2026.05.13 05:45,157.687,157.652"
1636,JUNE0525-B162,1617DC1ACCE6B50ED2D1359582A70A8B8503C569623EE90C18C6B33542796207,Tester/logs/20261011.log,971241,2026-06-03,15:55,B152PR,"DR	0	00:08:52.229	Core 04	2026.06.03 15:55:11   [SRJ-IND] B152PR sym=USDJPY bar=2026.06.03 15:50 z1=460,B,157.645,157.660,2026.05.13 07:05,1,2026.05.14 00:25,157.812,157.650"
1637,JUNE0525-B162,1617DC1ACCE6B50ED2D1359582A70A8B8503C569623EE90C18C6B33542796207,Tester/logs/20261011.log,971242,2026-06-03,15:55,B152PR,"LD	0	00:08:52.229	Core 04	2026.06.03 15:55:11   [SRJ-IND] B152PR sym=USDJPY bar=2026.06.03 15:50 z1=696,B,157.568,158.167,2026.05.14 18:05,1,2026.05.14 18:10,158.191,158.119"
1638,JUNE0525-B162,1617DC1ACCE6B50ED2D1359582A70A8B8503C569623EE90C18C6B33542796207,Tester/logs/20261011.log,971243,2026-06-03,15:55,B152PR,"DN	0	00:08:52.229	Core 04	2026.06.03 15:55:11   [SRJ-IND] B152PR sym=USDJPY bar=2026.06.03 15:50 z1=714,B,158.107,158.142,2026.05.14 19:30,1,2026.05.14 20:00,158.169,158.142"
1639,JUNE0525-B162,1617DC1ACCE6B50ED2D1359582A70A8B8503C569623EE90C18C6B33542796207,Tester/logs/20261011.log,971244,2026-06-03,15:55,B152PR,"EP	0	00:08:52.229	Core 04	2026.06.03 15:55:11   [SRJ-IND] B152PR sym=USDJPY bar=2026.06.03 15:50 z1=724,B,158.168,158.186,2026.05.14 21:00,1,2026.05.14 21:05,158.191,158.182"
1640,JUNE0525-B162,1617DC1ACCE6B50ED2D1359582A70A8B8503C569623EE90C18C6B33542796207,Tester/logs/20261011.log,971245,2026-06-03,15:55,B152PR,"GI	0	00:08:52.229	Core 04	2026.06.03 15:55:11   [SRJ-IND] B152PR sym=USDJPY bar=2026.06.03 15:50 z1=1405,B,158.735,158.769,2026.05.20 19:00,1,2026.05.20 19:05,158.816,158.753"
1641,JUNE0525-B162,1617DC1ACCE6B50ED2D1359582A70A8B8503C569623EE90C18C6B33542796207,Tester/logs/20261011.log,971246,2026-06-03,15:55,B152PR,"MO	0	00:08:52.229	Core 04	2026.06.03 15:55:11   [SRJ-IND] B152PR sym=USDJPY bar=2026.06.03 15:50 z1=1779,B,158.756,158.800,2026.05.25 06:45,1,2026.05.26 00:00,158.887,158.784"
1642,JUNE0525-B162,1617DC1ACCE6B50ED2D1359582A70A8B8503C569623EE90C18C6B33542796207,Tester/logs/20261011.log,971247,2026-06-03,15:55,B152PR,"PE	0	00:08:52.229	Core 04	2026.06.03 15:55:11   [SRJ-IND] B152PR sym=USDJPY bar=2026.06.03 15:50 z1=1780,B,158.789,158.814,2026.05.25 04:50,1,2026.05.26 00:00,158.887,158.784"
1643,JUNE0525-B162,1617DC1ACCE6B50ED2D1359582A70A8B8503C569623EE90C18C6B33542796207,Tester/logs/20261011.log,971248,2026-06-03,15:55,B152PR,"IK	0	00:08:52.229	Core 04	2026.06.03 15:55:11   [SRJ-IND] B152PR sym=USDJPY bar=2026.06.03 15:50 z1=1949,B,158.916,158.934,2026.05.26 07:25,1,2026.05.26 07:30,158.942,158.934"
1644,JUNE0525-B162,1617DC1ACCE6B50ED2D1359582A70A8B8503C569623EE90C18C6B33542796207,Tester/logs/20261011.log,971249,2026-06-03,15:55,B152PR,"PQ	0	00:08:52.229	Core 04	2026.06.03 15:55:11   [SRJ-IND] B152PR sym=USDJPY bar=2026.06.03 15:50 z1=2509,B,159.134,159.195,2026.05.29 19:10,1,2026.05.29 19:35,159.215,159.186"
1645,JUNE0525-B162,1617DC1ACCE6B50ED2D1359582A70A8B8503C569623EE90C18C6B33542796207,Tester/logs/20261011.log,971250,2026-06-03,15:55,B152PR,"QG	0	00:08:52.229	Core 04	2026.06.03 15:55:11   [SRJ-IND] B152PR sym=USDJPY bar=2026.06.03 15:50 z1=2566,B,159.382,159.407,2026.06.01 03:15,1,2026.06.03 11:30,159.790,159.368"
1646,JUNE0525-B162,1617DC1ACCE6B50ED2D1359582A70A8B8503C569623EE90C18C6B33542796207,Tester/logs/20261011.log,971251,2026-06-03,15:55,B152PR,"GM	0	00:08:52.229	Core 04	2026.06.03 15:55:11   [SRJ-IND] B152PR sym=USDJPY bar=2026.06.03 15:50 z1=2648,B,159.435,159.481,2026.06.01 16:00,1,2026.06.03 11:30,159.790,159.368"
1647,JUNE0525-B162,1617DC1ACCE6B50ED2D1359582A70A8B8503C569623EE90C18C6B33542796207,Tester/logs/20261011.log,971252,2026-06-03,15:55,B152PR,"LS	0	00:08:52.229	Core 04	2026.06.03 15:55:11   [SRJ-IND] B152PR sym=USDJPY bar=2026.06.03 15:50 z1=2716,B,159.576,159.603,2026.06.02 03:10,1,2026.06.03 10:35,159.787,159.550"
1648,JUNE0525-B162,1617DC1ACCE6B50ED2D1359582A70A8B8503C569623EE90C18C6B33542796207,Tester/logs/20261011.log,971253,2026-06-03,15:55,B152PR,"FI	0	00:08:52.229	Core 04	2026.06.03 15:55:11   [SRJ-IND] B152PR sym=USDJPY bar=2026.06.03 15:50 z1=2720,B,159.586,159.605,2026.06.02 01:05,1,2026.06.03 10:35,159.787,159.550"
1649,JUNE0525-B162,1617DC1ACCE6B50ED2D1359582A70A8B8503C569623EE90C18C6B33542796207,Tester/logs/20261011.log,971254,2026-06-03,15:55,B152PR,"JO	0	00:08:52.229	Core 04	2026.06.03 15:55:11   [SRJ-IND] B152PR sym=USDJPY bar=2026.06.03 15:50 z1=2945,B,159.579,159.675,2026.06.03 11:15,1,2026.06.03 11:25,159.727,159.674"
1650,JUNE0525-B162,1617DC1ACCE6B50ED2D1359582A70A8B8503C569623EE90C18C6B33542796207,Tester/logs/20261011.log,971255,2026-06-03,15:55,B152PR,"LG	0	00:08:52.229	Core 04	2026.06.03 15:55:11   [SRJ-IND] B152PR sym=USDJPY bar=2026.06.03 15:50 bull=1 bear=0 nz=23"
1651,JUNE0525-B162,1617DC1ACCE6B50ED2D1359582A70A8B8503C569623EE90C18C6B33542796207,Tester/logs/20261011.log,971256,2026-06-03,15:55,B162ORIGIN,"CO	0	00:08:52.229	Core 04	2026.06.03 15:55:11   [SRJ-IND] B162ORIGIN sym=USDJPY bar=2026.06.03 15:50 side=B n=23 origin=2945 range=159.579-159.675 formT=2026.06.03 10:50 set=65,78,212,256,261,313,414,447,449,460,696,714,724,1405,1779,1780,1949,2509,2566,2648,2716,2720,2945"
1652,JUNE0525-B162,1617DC1ACCE6B50ED2D1359582A70A8B8503C569623EE90C18C6B33542796207,Tester/logs/20261011.log,971257,2026-06-03,15:55,B162ORIGIN,"QH	0	00:08:52.229	Core 04	2026.06.03 15:55:11   [SRJ-IND] B162ORIGIN sym=USDJPY bar=2026.06.03 15:50 side=S n=0 origin=NONE range=- formT=- set=-"
1653,JUNE0525-B162,1617DC1ACCE6B50ED2D1359582A70A8B8503C569623EE90C18C6B33542796207,Tester/logs/20261011.log,971264,2026-06-03,15:55,CONFIRMPOLL,"OG	0	00:08:52.229	Core 04	2026.06.03 15:55:11   [SRJ-EA] CONFIRMPOLL bar=2026.06.03 15:50 anchor=Daily-POC dir=LONG oppCandle=0 bodyDir=1 body=30pts doji=0 touchAttr=1 confirm=0 shadow=true"
1654,JUNE0525-B162,1617DC1ACCE6B50ED2D1359582A70A8B8503C569623EE90C18C6B33542796207,Tester/logs/20261011.log,971266,2026-06-03,15:55,STATE,"LJ	0	00:08:52.229	Core 04	2026.06.03 15:55:11   [SRJ-EA] 2026.06.03 15:55:11 STATE IDLE->S1_REGIME dir=LONG poi=Daily-POC"
1655,JUNE0525-B162,1617DC1ACCE6B50ED2D1359582A70A8B8503C569623EE90C18C6B33542796207,Tester/logs/20261011.log,971267,2026-06-03,15:55,ANCHOR_ELECT,"LL	0	00:08:52.229	Core 04	2026.06.03 15:55:11   [SRJ-EA] ANCHOR_ELECT bar=2026.06.03 15:50 action=SEED poi=Daily-POC rank=10 tier=5 dir=LONG"
1656,JUNE0525-B162,1617DC1ACCE6B50ED2D1359582A70A8B8503C569623EE90C18C6B33542796207,Tester/logs/20261011.log,971276,2026-06-03,15:55,STATE,"LE	0	00:08:52.229	Core 04	2026.06.03 15:55:11   [SRJ-EA] 2026.06.03 15:55:11 STATE S1_REGIME->S2_LTF_ALIGN dir=LONG poi=Daily-POC"
1657,JUNE0525-B162,1617DC1ACCE6B50ED2D1359582A70A8B8503C569623EE90C18C6B33542796207,Tester/logs/20261011.log,971277,2026-06-03,15:55,STATE,"MH	0	00:08:52.229	Core 04	2026.06.03 15:55:11   [SRJ-EA] 2026.06.03 15:55:11 STATE S2_LTF_ALIGN->S3_ZONE_WAIT dir=LONG poi=Daily-POC"
1658,JUNE0525-B162,1617DC1ACCE6B50ED2D1359582A70A8B8503C569623EE90C18C6B33542796207,Tester/logs/20261011.log,971281,2026-06-03,15:55,XOBPROMO,"LF	0	00:08:52.229	Core 04	2026.06.03 15:55:11   [SRJ-EA] XOBPROMO bar=2026.06.03 15:50 site=S3PICK xobId=2976 raw=1780501200.0 promoT=2026.06.03 15:40"
1659,JUNE0525-B162,1617DC1ACCE6B50ED2D1359582A70A8B8503C569623EE90C18C6B33542796207,Tester/logs/20261011.log,971282,2026-06-03,15:55,ZONEPICK,"JI	0	00:08:52.229	Core 04	2026.06.03 15:55:11   [SRJ-EA] ZONEPICK bar=2026.06.03 15:50 dir=LONG haveFvg=0 fvgInPlay=0 haveXob=1 xobInPlay=0 downgraded=0 fvg=--- xob=159.806-159.855"
1660,JUNE0525-B162,1617DC1ACCE6B50ED2D1359582A70A8B8503C569623EE90C18C6B33542796207,Tester/logs/20261011.log,971297,2026-06-03,15:55,INPLAYCOMMIT,"RF	0	00:08:52.229	Core 04	2026.06.03 15:55:11   [SRJ-EA] INPLAYCOMMIT bar=2026.06.03 15:50 dir=LONG zoneSrc=XOB zoneLo=159.806 zoneHi=159.855 promoT=2026.06.03 15:40 applied=1 bounded=1 scanned=7 swings=2 hits=0 firstShift=-1 firstVal=- commitVia=none legacy=0 legacyVia=none committed=0 changed=0 haveStop=1"
1661,JUNE0525-B162,1617DC1ACCE6B50ED2D1359582A70A8B8503C569623EE90C18C6B33542796207,Tester/logs/20261011.log,971303,2026-06-03,16:00,B152PR,"HL	0	00:08:52.229	Core 04	2026.06.03 16:00:00   [SRJ-IND] B152PR sym=USDJPY bar=2026.06.03 15:55 z1=65,B,156.672,156.773,2026.05.11 04:10,1,2026.05.12 08:55,157.714,156.726"
1662,JUNE0525-B162,1617DC1ACCE6B50ED2D1359582A70A8B8503C569623EE90C18C6B33542796207,Tester/logs/20261011.log,971304,2026-06-03,16:00,B152PR,"PR	0	00:08:52.229	Core 04	2026.06.03 16:00:00   [SRJ-IND] B152PR sym=USDJPY bar=2026.06.03 15:55 z1=78,B,156.578,156.584,2026.05.11 00:35,1,2026.05.11 00:40,156.644,156.537"
1663,JUNE0525-B162,1617DC1ACCE6B50ED2D1359582A70A8B8503C569623EE90C18C6B33542796207,Tester/logs/20261011.log,971305,2026-06-03,16:00,B152PR,"JK	0	00:08:52.229	Core 04	2026.06.03 16:00:00   [SRJ-IND] B152PR sym=USDJPY bar=2026.06.03 15:55 z1=212,B,157.028,157.060,2026.05.11 19:20,1,2026.05.12 00:00,157.152,157.050"
1664,JUNE0525-B162,1617DC1ACCE6B50ED2D1359582A70A8B8503C569623EE90C18C6B33542796207,Tester/logs/20261011.log,971306,2026-06-03,16:00,B152PR,"NL	0	00:08:52.229	Core 04	2026.06.03 16:00:00   [SRJ-IND] B152PR sym=USDJPY bar=2026.06.03 15:55 z1=256,B,157.172,157.178,2026.05.12 01:25,1,2026.05.12 08:55,157.714,156.726"
1665,JUNE0525-B162,1617DC1ACCE6B50ED2D1359582A70A8B8503C569623EE90C18C6B33542796207,Tester/logs/20261011.log,971307,2026-06-03,16:00,B152PR,"HF	0	00:08:52.229	Core 04	2026.06.03 16:00:00   [SRJ-IND] B152PR sym=USDJPY bar=2026.06.03 15:55 z1=261,B,157.184,157.192,2026.05.12 03:00,1,2026.05.12 08:55,157.714,156.726"
1666,JUNE0525-B162,1617DC1ACCE6B50ED2D1359582A70A8B8503C569623EE90C18C6B33542796207,Tester/logs/20261011.log,971308,2026-06-03,16:00,B152PR,"PH	0	00:08:52.229	Core 04	2026.06.03 16:00:00   [SRJ-IND] B152PR sym=USDJPY bar=2026.06.03 15:55 z1=313,B,157.331,157.497,2026.05.12 10:00,1,2026.05.12 10:10,157.546,157.487"
1667,JUNE0525-B162,1617DC1ACCE6B50ED2D1359582A70A8B8503C569623EE90C18C6B33542796207,Tester/logs/20261011.log,971309,2026-06-03,16:00,B152PR,"IR	0	00:08:52.229	Core 04	2026.06.03 16:00:00   [SRJ-IND] B152PR sym=USDJPY bar=2026.06.03 15:55 z1=414,B,157.517,157.589,2026.05.13 01:10,1,2026.05.13 01:20,157.607,157.587"
1668,JUNE0525-B162,1617DC1ACCE6B50ED2D1359582A70A8B8503C569623EE90C18C6B33542796207,Tester/logs/20261011.log,971310,2026-06-03,16:00,B152PR,"JD	0	00:08:52.229	Core 04	2026.06.03 16:00:00   [SRJ-IND] B152PR sym=USDJPY bar=2026.06.03 15:55 z1=447,B,157.562,157.648,2026.05.13 06:20,1,2026.05.13 06:25,157.662,157.648"
1669,JUNE0525-B162,1617DC1ACCE6B50ED2D1359582A70A8B8503C569623EE90C18C6B33542796207,Tester/logs/20261011.log,971311,2026-06-03,16:00,B152PR,"EN	0	00:08:52.229	Core 04	2026.06.03 16:00:00   [SRJ-IND] B152PR sym=USDJPY bar=2026.06.03 15:55 z1=449,B,157.599,157.654,2026.05.13 05:15,1,2026.05.13 05:45,157.687,157.652"
1670,JUNE0525-B162,1617DC1ACCE6B50ED2D1359582A70A8B8503C569623EE90C18C6B33542796207,Tester/logs/20261011.log,971312,2026-06-03,16:00,B152PR,"PP	0	00:08:52.229	Core 04	2026.06.03 16:00:00   [SRJ-IND] B152PR sym=USDJPY bar=2026.06.03 15:55 z1=460,B,157.645,157.660,2026.05.13 07:05,1,2026.05.14 00:25,157.812,157.650"
1671,JUNE0525-B162,1617DC1ACCE6B50ED2D1359582A70A8B8503C569623EE90C18C6B33542796207,Tester/logs/20261011.log,971313,2026-06-03,16:00,B152PR,"LJ	0	00:08:52.229	Core 04	2026.06.03 16:00:00   [SRJ-IND] B152PR sym=USDJPY bar=2026.06.03 15:55 z1=696,B,157.568,158.167,2026.05.14 18:05,1,2026.05.14 18:10,158.191,158.119"
1672,JUNE0525-B162,1617DC1ACCE6B50ED2D1359582A70A8B8503C569623EE90C18C6B33542796207,Tester/logs/20261011.log,971314,2026-06-03,16:00,B152PR,"PO	0	00:08:52.229	Core 04	2026.06.03 16:00:00   [SRJ-IND] B152PR sym=USDJPY bar=2026.06.03 15:55 z1=714,B,158.107,158.142,2026.05.14 19:30,1,2026.05.14 20:00,158.169,158.142"
1673,JUNE0525-B162,1617DC1ACCE6B50ED2D1359582A70A8B8503C569623EE90C18C6B33542796207,Tester/logs/20261011.log,971315,2026-06-03,16:00,B152PR,"MQ	0	00:08:52.229	Core 04	2026.06.03 16:00:00   [SRJ-IND] B152PR sym=USDJPY bar=2026.06.03 15:55 z1=724,B,158.168,158.186,2026.05.14 21:00,1,2026.05.14 21:05,158.191,158.182"
1674,JUNE0525-B162,1617DC1ACCE6B50ED2D1359582A70A8B8503C569623EE90C18C6B33542796207,Tester/logs/20261011.log,971316,2026-06-03,16:00,B152PR,"KH	0	00:08:52.229	Core 04	2026.06.03 16:00:00   [SRJ-IND] B152PR sym=USDJPY bar=2026.06.03 15:55 z1=1405,B,158.735,158.769,2026.05.20 19:00,1,2026.05.20 19:05,158.816,158.753"
1675,JUNE0525-B162,1617DC1ACCE6B50ED2D1359582A70A8B8503C569623EE90C18C6B33542796207,Tester/logs/20261011.log,971317,2026-06-03,16:00,B152PR,"IN	0	00:08:52.229	Core 04	2026.06.03 16:00:00   [SRJ-IND] B152PR sym=USDJPY bar=2026.06.03 15:55 z1=1779,B,158.756,158.800,2026.05.25 06:45,1,2026.05.26 00:00,158.887,158.784"
1676,JUNE0525-B162,1617DC1ACCE6B50ED2D1359582A70A8B8503C569623EE90C18C6B33542796207,Tester/logs/20261011.log,971318,2026-06-03,16:00,B152PR,"DD	0	00:08:52.229	Core 04	2026.06.03 16:00:00   [SRJ-IND] B152PR sym=USDJPY bar=2026.06.03 15:55 z1=1780,B,158.789,158.814,2026.05.25 04:50,1,2026.05.26 00:00,158.887,158.784"
1677,JUNE0525-B162,1617DC1ACCE6B50ED2D1359582A70A8B8503C569623EE90C18C6B33542796207,Tester/logs/20261011.log,971319,2026-06-03,16:00,B152PR,"MJ	0	00:08:52.229	Core 04	2026.06.03 16:00:00   [SRJ-IND] B152PR sym=USDJPY bar=2026.06.03 15:55 z1=1949,B,158.916,158.934,2026.05.26 07:25,1,2026.05.26 07:30,158.942,158.934"
1678,JUNE0525-B162,1617DC1ACCE6B50ED2D1359582A70A8B8503C569623EE90C18C6B33542796207,Tester/logs/20261011.log,971320,2026-06-03,16:00,B152PR,"DP	0	00:08:52.229	Core 04	2026.06.03 16:00:00   [SRJ-IND] B152PR sym=USDJPY bar=2026.06.03 15:55 z1=2509,B,159.134,159.195,2026.05.29 19:10,1,2026.05.29 19:35,159.215,159.186"
1679,JUNE0525-B162,1617DC1ACCE6B50ED2D1359582A70A8B8503C569623EE90C18C6B33542796207,Tester/logs/20261011.log,971321,2026-06-03,16:00,B152PR,"EF	0	00:08:52.229	Core 04	2026.06.03 16:00:00   [SRJ-IND] B152PR sym=USDJPY bar=2026.06.03 15:55 z1=2566,B,159.382,159.407,2026.06.01 03:15,1,2026.06.03 11:30,159.790,159.368"
1680,JUNE0525-B162,1617DC1ACCE6B50ED2D1359582A70A8B8503C569623EE90C18C6B33542796207,Tester/logs/20261011.log,971322,2026-06-03,16:00,B152PR,"KL	0	00:08:52.229	Core 04	2026.06.03 16:00:00   [SRJ-IND] B152PR sym=USDJPY bar=2026.06.03 15:55 z1=2648,B,159.435,159.481,2026.06.01 16:00,1,2026.06.03 11:30,159.790,159.368"
1681,JUNE0525-B162,1617DC1ACCE6B50ED2D1359582A70A8B8503C569623EE90C18C6B33542796207,Tester/logs/20261011.log,971323,2026-06-03,16:00,B152PR,"HR	0	00:08:52.229	Core 04	2026.06.03 16:00:00   [SRJ-IND] B152PR sym=USDJPY bar=2026.06.03 15:55 z1=2716,B,159.576,159.603,2026.06.02 03:10,1,2026.06.03 10:35,159.787,159.550"
1682,JUNE0525-B162,1617DC1ACCE6B50ED2D1359582A70A8B8503C569623EE90C18C6B33542796207,Tester/logs/20261011.log,971324,2026-06-03,16:00,B152PR,"RH	0	00:08:52.229	Core 04	2026.06.03 16:00:00   [SRJ-IND] B152PR sym=USDJPY bar=2026.06.03 15:55 z1=2720,B,159.586,159.605,2026.06.02 01:05,1,2026.06.03 10:35,159.787,159.550"
1683,JUNE0525-B162,1617DC1ACCE6B50ED2D1359582A70A8B8503C569623EE90C18C6B33542796207,Tester/logs/20261011.log,971325,2026-06-03,16:00,B152PR,"NN	0	00:08:52.229	Core 04	2026.06.03 16:00:00   [SRJ-IND] B152PR sym=USDJPY bar=2026.06.03 15:55 z1=2945,B,159.579,159.675,2026.06.03 11:15,1,2026.06.03 11:25,159.727,159.674"
1684,JUNE0525-B162,1617DC1ACCE6B50ED2D1359582A70A8B8503C569623EE90C18C6B33542796207,Tester/logs/20261011.log,971326,2026-06-03,16:00,B152PR,"HF	0	00:08:52.229	Core 04	2026.06.03 16:00:00   [SRJ-IND] B152PR sym=USDJPY bar=2026.06.03 15:55 bull=1 bear=0 nz=23"
1685,JUNE0525-B162,1617DC1ACCE6B50ED2D1359582A70A8B8503C569623EE90C18C6B33542796207,Tester/logs/20261011.log,971327,2026-06-03,16:00,B162ORIGIN,"OI	0	00:08:52.229	Core 04	2026.06.03 16:00:00   [SRJ-IND] B162ORIGIN sym=USDJPY bar=2026.06.03 15:55 side=B n=23 origin=2945 range=159.579-159.675 formT=2026.06.03 10:50 set=65,78,212,256,261,313,414,447,449,460,696,714,724,1405,1779,1780,1949,2509,2566,2648,2716,2720,2945"
1686,JUNE0525-B162,1617DC1ACCE6B50ED2D1359582A70A8B8503C569623EE90C18C6B33542796207,Tester/logs/20261011.log,971328,2026-06-03,16:00,B162ORIGIN,"IK	0	00:08:52.229	Core 04	2026.06.03 16:00:00   [SRJ-IND] B162ORIGIN sym=USDJPY bar=2026.06.03 15:55 side=S n=0 origin=NONE range=- formT=- set=-"
1687,JUNE0525-B162,1617DC1ACCE6B50ED2D1359582A70A8B8503C569623EE90C18C6B33542796207,Tester/logs/20261011.log,971332,2026-06-03,16:00,FRESHSKIP,"KG	0	00:08:52.229	Core 04	2026.06.03 16:00:00   [SRJ-EA] FRESHSKIP bar=2026.06.03 15:55 dir=LONG state=S3_ZONE_WAIT poi=Daily-POC reason=PRE_BINDING"
1688,JUNE0525-B162,1617DC1ACCE6B50ED2D1359582A70A8B8503C569623EE90C18C6B33542796207,Tester/logs/20261011.log,971478,2026-06-03,16:00,CONFIRMPOLL,"QL	0	00:08:52.229	Core 04	2026.06.03 16:00:00   [SRJ-EA] CONFIRMPOLL bar=2026.06.03 15:55 anchor=Daily-POC dir=LONG oppCandle=0 bodyDir=0 body=6pts doji=0 touchAttr=1 confirm=0 shadow=true"
1689,JUNE0525-B162,1617DC1ACCE6B50ED2D1359582A70A8B8503C569623EE90C18C6B33542796207,Tester/logs/20261011.log,971481,2026-06-03,16:00,XOBPROMO,"RE	0	00:08:52.229	Core 04	2026.06.03 16:00:00   [SRJ-EA] XOBPROMO bar=2026.06.03 15:55 site=S3PICK xobId=2976 raw=1780501200.0 promoT=2026.06.03 15:40"
1690,JUNE0525-B162,1617DC1ACCE6B50ED2D1359582A70A8B8503C569623EE90C18C6B33542796207,Tester/logs/20261011.log,971482,2026-06-03,16:00,ZONEPICK,"DD	0	00:08:52.229	Core 04	2026.06.03 16:00:00   [SRJ-EA] ZONEPICK bar=2026.06.03 15:55 dir=LONG haveFvg=0 fvgInPlay=0 haveXob=1 xobInPlay=0 downgraded=0 fvg=--- xob=159.806-159.855"
1691,JUNE0525-B162,1617DC1ACCE6B50ED2D1359582A70A8B8503C569623EE90C18C6B33542796207,Tester/logs/20261011.log,971491,2026-06-03,16:00,INPLAYCOMMIT,"OS	0	00:08:52.229	Core 04	2026.06.03 16:00:00   [SRJ-EA] INPLAYCOMMIT bar=2026.06.03 15:55 dir=LONG zoneSrc=XOB zoneLo=159.806 zoneHi=159.855 promoT=2026.06.03 15:40 applied=1 bounded=1 scanned=8 swings=2 hits=0 firstShift=-1 firstVal=- commitVia=none legacy=0 legacyVia=none committed=0 changed=0 haveStop=1"
1692,JUNE0525-B162,1617DC1ACCE6B50ED2D1359582A70A8B8503C569623EE90C18C6B33542796207,Tester/logs/20261011.log,971497,2026-06-03,16:05,B152PR,"NO	0	00:08:52.229	Core 04	2026.06.03 16:05:00   [SRJ-IND] B152PR sym=USDJPY bar=2026.06.03 16:00 z1=65,B,156.672,156.773,2026.05.11 04:10,1,2026.05.12 08:55,157.714,156.726"
1693,JUNE0525-B162,1617DC1ACCE6B50ED2D1359582A70A8B8503C569623EE90C18C6B33542796207,Tester/logs/20261011.log,971498,2026-06-03,16:05,B152PR,"FR	0	00:08:52.229	Core 04	2026.06.03 16:05:00   [SRJ-IND] B152PR sym=USDJPY bar=2026.06.03 16:00 z1=78,B,156.578,156.584,2026.05.11 00:35,1,2026.05.11 00:40,156.644,156.537"
1694,JUNE0525-B162,1617DC1ACCE6B50ED2D1359582A70A8B8503C569623EE90C18C6B33542796207,Tester/logs/20261011.log,971499,2026-06-03,16:05,B152PR,"LK	0	00:08:52.229	Core 04	2026.06.03 16:05:00   [SRJ-IND] B152PR sym=USDJPY bar=2026.06.03 16:00 z1=212,B,157.028,157.060,2026.05.11 19:20,1,2026.05.12 00:00,157.152,157.050"
1695,JUNE0525-B162,1617DC1ACCE6B50ED2D1359582A70A8B8503C569623EE90C18C6B33542796207,Tester/logs/20261011.log,971500,2026-06-03,16:05,B152PR,"HM	0	00:08:52.229	Core 04	2026.06.03 16:05:00   [SRJ-IND] B152PR sym=USDJPY bar=2026.06.03 16:00 z1=256,B,157.172,157.178,2026.05.12 01:25,1,2026.05.12 08:55,157.714,156.726"
1696,JUNE0525-B162,1617DC1ACCE6B50ED2D1359582A70A8B8503C569623EE90C18C6B33542796207,Tester/logs/20261011.log,971501,2026-06-03,16:05,B152PR,"NG	0	00:08:52.229	Core 04	2026.06.03 16:05:00   [SRJ-IND] B152PR sym=USDJPY bar=2026.06.03 16:00 z1=261,B,157.184,157.192,2026.05.12 03:00,1,2026.05.12 08:55,157.714,156.726"
1697,JUNE0525-B162,1617DC1ACCE6B50ED2D1359582A70A8B8503C569623EE90C18C6B33542796207,Tester/logs/20261011.log,971502,2026-06-03,16:05,B152PR,"FI	0	00:08:52.229	Core 04	2026.06.03 16:05:00   [SRJ-IND] B152PR sym=USDJPY bar=2026.06.03 16:00 z1=313,B,157.331,157.497,2026.05.12 10:00,1,2026.05.12 10:10,157.546,157.487"
1698,JUNE0525-B162,1617DC1ACCE6B50ED2D1359582A70A8B8503C569623EE90C18C6B33542796207,Tester/logs/20261011.log,971503,2026-06-03,16:05,B152PR,"KS	0	00:08:52.229	Core 04	2026.06.03 16:05:00   [SRJ-IND] B152PR sym=USDJPY bar=2026.06.03 16:00 z1=414,B,157.517,157.589,2026.05.13 01:10,1,2026.05.13 01:20,157.607,157.587"
1699,JUNE0525-B162,1617DC1ACCE6B50ED2D1359582A70A8B8503C569623EE90C18C6B33542796207,Tester/logs/20261011.log,971504,2026-06-03,16:05,B152PR,"LD	0	00:08:52.229	Core 04	2026.06.03 16:05:00   [SRJ-IND] B152PR sym=USDJPY bar=2026.06.03 16:00 z1=447,B,157.562,157.648,2026.05.13 06:20,1,2026.05.13 06:25,157.662,157.648"
1700,JUNE0525-B162,1617DC1ACCE6B50ED2D1359582A70A8B8503C569623EE90C18C6B33542796207,Tester/logs/20261011.log,971505,2026-06-03,16:05,B152PR,"ON	0	00:08:52.229	Core 04	2026.06.03 16:05:00   [SRJ-IND] B152PR sym=USDJPY bar=2026.06.03 16:00 z1=449,B,157.599,157.654,2026.05.13 05:15,1,2026.05.13 05:45,157.687,157.652"
1701,JUNE0525-B162,1617DC1ACCE6B50ED2D1359582A70A8B8503C569623EE90C18C6B33542796207,Tester/logs/20261011.log,971506,2026-06-03,16:05,B152PR,"FP	0	00:08:52.229	Core 04	2026.06.03 16:05:00   [SRJ-IND] B152PR sym=USDJPY bar=2026.06.03 16:00 z1=460,B,157.645,157.660,2026.05.13 07:05,1,2026.05.14 00:25,157.812,157.650"
1702,JUNE0525-B162,1617DC1ACCE6B50ED2D1359582A70A8B8503C569623EE90C18C6B33542796207,Tester/logs/20261011.log,971507,2026-06-03,16:05,B152PR,"JJ	0	00:08:52.229	Core 04	2026.06.03 16:05:00   [SRJ-IND] B152PR sym=USDJPY bar=2026.06.03 16:00 z1=696,B,157.568,158.167,2026.05.14 18:05,1,2026.05.14 18:10,158.191,158.119"
1703,JUNE0525-B162,1617DC1ACCE6B50ED2D1359582A70A8B8503C569623EE90C18C6B33542796207,Tester/logs/20261011.log,971508,2026-06-03,16:05,B152PR,"FL	0	00:08:52.229	Core 04	2026.06.03 16:05:00   [SRJ-IND] B152PR sym=USDJPY bar=2026.06.03 16:00 z1=714,B,158.107,158.142,2026.05.14 19:30,1,2026.05.14 20:00,158.169,158.142"
1704,JUNE0525-B162,1617DC1ACCE6B50ED2D1359582A70A8B8503C569623EE90C18C6B33542796207,Tester/logs/20261011.log,971509,2026-06-03,16:05,B152PR,"GF	0	00:08:52.229	Core 04	2026.06.03 16:05:00   [SRJ-IND] B152PR sym=USDJPY bar=2026.06.03 16:00 z1=724,B,158.168,158.186,2026.05.14 21:00,1,2026.05.14 21:05,158.191,158.182"
1705,JUNE0525-B162,1617DC1ACCE6B50ED2D1359582A70A8B8503C569623EE90C18C6B33542796207,Tester/logs/20261011.log,971510,2026-06-03,16:05,B152PR,"IK	0	00:08:52.229	Core 04	2026.06.03 16:05:00   [SRJ-IND] B152PR sym=USDJPY bar=2026.06.03 16:00 z1=1405,B,158.735,158.769,2026.05.20 19:00,1,2026.05.20 19:05,158.816,158.753"
1706,JUNE0525-B162,1617DC1ACCE6B50ED2D1359582A70A8B8503C569623EE90C18C6B33542796207,Tester/logs/20261011.log,971511,2026-06-03,16:05,B152PR,"KQ	0	00:08:52.229	Core 04	2026.06.03 16:05:00   [SRJ-IND] B152PR sym=USDJPY bar=2026.06.03 16:00 z1=1779,B,158.756,158.800,2026.05.25 06:45,1,2026.05.26 00:00,158.887,158.784"
1707,JUNE0525-B162,1617DC1ACCE6B50ED2D1359582A70A8B8503C569623EE90C18C6B33542796207,Tester/logs/20261011.log,971512,2026-06-03,16:05,B152PR,"RG	0	00:08:52.229	Core 04	2026.06.03 16:05:00   [SRJ-IND] B152PR sym=USDJPY bar=2026.06.03 16:00 z1=1780,B,158.789,158.814,2026.05.25 04:50,1,2026.05.26 00:00,158.887,158.784"
1708,JUNE0525-B162,1617DC1ACCE6B50ED2D1359582A70A8B8503C569623EE90C18C6B33542796207,Tester/logs/20261011.log,971513,2026-06-03,16:05,B152PR,"GM	0	00:08:52.229	Core 04	2026.06.03 16:05:00   [SRJ-IND] B152PR sym=USDJPY bar=2026.06.03 16:00 z1=1949,B,158.916,158.934,2026.05.26 07:25,1,2026.05.26 07:30,158.942,158.934"
1709,JUNE0525-B162,1617DC1ACCE6B50ED2D1359582A70A8B8503C569623EE90C18C6B33542796207,Tester/logs/20261011.log,971514,2026-06-03,16:05,B152PR,"RS	0	00:08:52.229	Core 04	2026.06.03 16:05:00   [SRJ-IND] B152PR sym=USDJPY bar=2026.06.03 16:00 z1=2509,B,159.134,159.195,2026.05.29 19:10,1,2026.05.29 19:35,159.215,159.186"
1710,JUNE0525-B162,1617DC1ACCE6B50ED2D1359582A70A8B8503C569623EE90C18C6B33542796207,Tester/logs/20261011.log,971515,2026-06-03,16:05,B152PR,"OI	0	00:08:52.229	Core 04	2026.06.03 16:05:00   [SRJ-IND] B152PR sym=USDJPY bar=2026.06.03 16:00 z1=2566,B,159.382,159.407,2026.06.01 03:15,1,2026.06.03 11:30,159.790,159.368"
1711,JUNE0525-B162,1617DC1ACCE6B50ED2D1359582A70A8B8503C569623EE90C18C6B33542796207,Tester/logs/20261011.log,971516,2026-06-03,16:05,B152PR,"IO	0	00:08:52.229	Core 04	2026.06.03 16:05:00   [SRJ-IND] B152PR sym=USDJPY bar=2026.06.03 16:00 z1=2648,B,159.435,159.481,2026.06.01 16:00,1,2026.06.03 11:30,159.790,159.368"
1712,JUNE0525-B162,1617DC1ACCE6B50ED2D1359582A70A8B8503C569623EE90C18C6B33542796207,Tester/logs/20261011.log,971517,2026-06-03,16:05,B152PR,"NE	0	00:08:52.229	Core 04	2026.06.03 16:05:00   [SRJ-IND] B152PR sym=USDJPY bar=2026.06.03 16:00 z1=2716,B,159.576,159.603,2026.06.02 03:10,1,2026.06.03 10:35,159.787,159.550"
1713,JUNE0525-B162,1617DC1ACCE6B50ED2D1359582A70A8B8503C569623EE90C18C6B33542796207,Tester/logs/20261011.log,971518,2026-06-03,16:05,B152PR,"DK	0	00:08:52.229	Core 04	2026.06.03 16:05:00   [SRJ-IND] B152PR sym=USDJPY bar=2026.06.03 16:00 z1=2720,B,159.586,159.605,2026.06.02 01:05,1,2026.06.03 10:35,159.787,159.550"
1714,JUNE0525-B162,1617DC1ACCE6B50ED2D1359582A70A8B8503C569623EE90C18C6B33542796207,Tester/logs/20261011.log,971519,2026-06-03,16:05,B152PR,"HQ	0	00:08:52.229	Core 04	2026.06.03 16:05:00   [SRJ-IND] B152PR sym=USDJPY bar=2026.06.03 16:00 z1=2945,B,159.579,159.675,2026.06.03 11:15,1,2026.06.03 11:25,159.727,159.674"
1715,JUNE0525-B162,1617DC1ACCE6B50ED2D1359582A70A8B8503C569623EE90C18C6B33542796207,Tester/logs/20261011.log,971520,2026-06-03,16:05,B152PR,"NE	0	00:08:52.229	Core 04	2026.06.03 16:05:00   [SRJ-IND] B152PR sym=USDJPY bar=2026.06.03 16:00 bull=1 bear=0 nz=23"
1716,JUNE0525-B162,1617DC1ACCE6B50ED2D1359582A70A8B8503C569623EE90C18C6B33542796207,Tester/logs/20261011.log,971521,2026-06-03,16:05,B162ORIGIN,"EI	0	00:08:52.229	Core 04	2026.06.03 16:05:00   [SRJ-IND] B162ORIGIN sym=USDJPY bar=2026.06.03 16:00 side=B n=23 origin=2945 range=159.579-159.675 formT=2026.06.03 10:50 set=65,78,212,256,261,313,414,447,449,460,696,714,724,1405,1779,1780,1949,2509,2566,2648,2716,2720,2945"
1717,JUNE0525-B162,1617DC1ACCE6B50ED2D1359582A70A8B8503C569623EE90C18C6B33542796207,Tester/logs/20261011.log,971522,2026-06-03,16:05,B162ORIGIN,"KJ	0	00:08:52.229	Core 04	2026.06.03 16:05:00   [SRJ-IND] B162ORIGIN sym=USDJPY bar=2026.06.03 16:00 side=S n=0 origin=NONE range=- formT=- set=-"
1718,JUNE0525-B162,1617DC1ACCE6B50ED2D1359582A70A8B8503C569623EE90C18C6B33542796207,Tester/logs/20261011.log,971526,2026-06-03,16:05,FRESHSKIP,"OI	0	00:08:52.229	Core 04	2026.06.03 16:05:00   [SRJ-EA] FRESHSKIP bar=2026.06.03 16:00 dir=LONG state=S3_ZONE_WAIT poi=Daily-POC reason=PRE_BINDING"
1719,JUNE0525-B162,1617DC1ACCE6B50ED2D1359582A70A8B8503C569623EE90C18C6B33542796207,Tester/logs/20261011.log,971670,2026-06-03,16:05,CONFIRMPOLL,"CR	0	00:08:52.229	Core 04	2026.06.03 16:05:00   [SRJ-EA] CONFIRMPOLL bar=2026.06.03 16:00 anchor=Daily-POC dir=LONG oppCandle=1 bodyDir=0 body=15pts doji=0 touchAttr=0 confirm=0 shadow=true"
1720,JUNE0525-B162,1617DC1ACCE6B50ED2D1359582A70A8B8503C569623EE90C18C6B33542796207,Tester/logs/20261011.log,971673,2026-06-03,16:05,XOBPROMO,"IF	0	00:08:52.229	Core 04	2026.06.03 16:05:00   [SRJ-EA] XOBPROMO bar=2026.06.03 16:00 site=S3PICK xobId=2979 raw=1780502400.0 promoT=2026.06.03 16:00"
1721,JUNE0525-B162,1617DC1ACCE6B50ED2D1359582A70A8B8503C569623EE90C18C6B33542796207,Tester/logs/20261011.log,971674,2026-06-03,16:05,ZONEPICK,"II	0	00:08:52.229	Core 04	2026.06.03 16:05:00   [SRJ-EA] ZONEPICK bar=2026.06.03 16:00 dir=LONG haveFvg=0 fvgInPlay=0 haveXob=1 xobInPlay=1 downgraded=0 fvg=--- xob=159.861-159.913"
1722,JUNE0525-B162,1617DC1ACCE6B50ED2D1359582A70A8B8503C569623EE90C18C6B33542796207,Tester/logs/20261011.log,971683,2026-06-03,16:05,INPLAYCOMMIT,"GS	0	00:08:52.229	Core 04	2026.06.03 16:05:00   [SRJ-EA] INPLAYCOMMIT bar=2026.06.03 16:00 dir=LONG zoneSrc=XOB zoneLo=159.861 zoneHi=159.913 promoT=2026.06.03 16:00 applied=1 bounded=1 scanned=4 swings=1 hits=1 firstShift=4 firstVal=159.861 commitVia=BAR legacy=1 legacyVia=BAR committed=1 changed=0 haveStop=1"
1723,JUNE0525-B162,1617DC1ACCE6B50ED2D1359582A70A8B8503C569623EE90C18C6B33542796207,Tester/logs/20261011.log,971684,2026-06-03,16:05,STATE,"DK	0	00:08:52.229	Core 04	2026.06.03 16:05:00   [SRJ-EA] 2026.06.03 16:05:00 STATE S3_ZONE_WAIT->S4_ARMED dir=LONG poi=Daily-POC"
1724,JUNE0525-B162,1617DC1ACCE6B50ED2D1359582A70A8B8503C569623EE90C18C6B33542796207,Tester/logs/20261011.log,971693,2026-06-03,16:10,B152PR,"LM	0	00:08:52.229	Core 04	2026.06.03 16:10:03   [SRJ-IND] B152PR sym=USDJPY bar=2026.06.03 16:05 z1=65,B,156.672,156.773,2026.05.11 04:10,1,2026.05.12 08:55,157.714,156.726"
1725,JUNE0525-B162,1617DC1ACCE6B50ED2D1359582A70A8B8503C569623EE90C18C6B33542796207,Tester/logs/20261011.log,971694,2026-06-03,16:10,B152PR,"DP	0	00:08:52.229	Core 04	2026.06.03 16:10:03   [SRJ-IND] B152PR sym=USDJPY bar=2026.06.03 16:05 z1=78,B,156.578,156.584,2026.05.11 00:35,1,2026.05.11 00:40,156.644,156.537"
1726,JUNE0525-B162,1617DC1ACCE6B50ED2D1359582A70A8B8503C569623EE90C18C6B33542796207,Tester/logs/20261011.log,971695,2026-06-03,16:10,B152PR,"NE	0	00:08:52.229	Core 04	2026.06.03 16:10:03   [SRJ-IND] B152PR sym=USDJPY bar=2026.06.03 16:05 z1=212,B,157.028,157.060,2026.05.11 19:20,1,2026.05.12 00:00,157.152,157.050"
1727,JUNE0525-B162,1617DC1ACCE6B50ED2D1359582A70A8B8503C569623EE90C18C6B33542796207,Tester/logs/20261011.log,971696,2026-06-03,16:10,B152PR,"JO	0	00:08:52.229	Core 04	2026.06.03 16:10:03   [SRJ-IND] B152PR sym=USDJPY bar=2026.06.03 16:05 z1=256,B,157.172,157.178,2026.05.12 01:25,1,2026.05.12 08:55,157.714,156.726"
1728,JUNE0525-B162,1617DC1ACCE6B50ED2D1359582A70A8B8503C569623EE90C18C6B33542796207,Tester/logs/20261011.log,971697,2026-06-03,16:10,B152PR,"LQ	0	00:08:52.229	Core 04	2026.06.03 16:10:03   [SRJ-IND] B152PR sym=USDJPY bar=2026.06.03 16:05 z1=261,B,157.184,157.192,2026.05.12 03:00,1,2026.05.12 08:55,157.714,156.726"
1729,JUNE0525-B162,1617DC1ACCE6B50ED2D1359582A70A8B8503C569623EE90C18C6B33542796207,Tester/logs/20261011.log,971698,2026-06-03,16:10,B152PR,"DK	0	00:08:52.229	Core 04	2026.06.03 16:10:03   [SRJ-IND] B152PR sym=USDJPY bar=2026.06.03 16:05 z1=313,B,157.331,157.497,2026.05.12 10:00,1,2026.05.12 10:10,157.546,157.487"
1730,JUNE0525-B162,1617DC1ACCE6B50ED2D1359582A70A8B8503C569623EE90C18C6B33542796207,Tester/logs/20261011.log,971699,2026-06-03,16:10,B152PR,"MM	0	00:08:52.229	Core 04	2026.06.03 16:10:03   [SRJ-IND] B152PR sym=USDJPY bar=2026.06.03 16:05 z1=414,B,157.517,157.589,2026.05.13 01:10,1,2026.05.13 01:20,157.607,157.587"
1731,JUNE0525-B162,1617DC1ACCE6B50ED2D1359582A70A8B8503C569623EE90C18C6B33542796207,Tester/logs/20261011.log,971700,2026-06-03,16:10,B152PR,"NF	0	00:08:52.229	Core 04	2026.06.03 16:10:03   [SRJ-IND] B152PR sym=USDJPY bar=2026.06.03 16:05 z1=447,B,157.562,157.648,2026.05.13 06:20,1,2026.05.13 06:25,157.662,157.648"
1732,JUNE0525-B162,1617DC1ACCE6B50ED2D1359582A70A8B8503C569623EE90C18C6B33542796207,Tester/logs/20261011.log,971701,2026-06-03,16:10,B152PR,"QH	0	00:08:52.229	Core 04	2026.06.03 16:10:03   [SRJ-IND] B152PR sym=USDJPY bar=2026.06.03 16:05 z1=449,B,157.599,157.654,2026.05.13 05:15,1,2026.05.13 05:45,157.687,157.652"
1733,JUNE0525-B162,1617DC1ACCE6B50ED2D1359582A70A8B8503C569623EE90C18C6B33542796207,Tester/logs/20261011.log,971702,2026-06-03,16:10,B152PR,"DR	0	00:08:52.229	Core 04	2026.06.03 16:10:03   [SRJ-IND] B152PR sym=USDJPY bar=2026.06.03 16:05 z1=460,B,157.645,157.660,2026.05.13 07:05,1,2026.05.14 00:25,157.812,157.650"
1734,JUNE0525-B162,1617DC1ACCE6B50ED2D1359582A70A8B8503C569623EE90C18C6B33542796207,Tester/logs/20261011.log,971703,2026-06-03,16:10,B152PR,"HD	0	00:08:52.229	Core 04	2026.06.03 16:10:03   [SRJ-IND] B152PR sym=USDJPY bar=2026.06.03 16:05 z1=696,B,157.568,158.167,2026.05.14 18:05,1,2026.05.14 18:10,158.191,158.119"
1735,JUNE0525-B162,1617DC1ACCE6B50ED2D1359582A70A8B8503C569623EE90C18C6B33542796207,Tester/logs/20261011.log,971704,2026-06-03,16:10,B152PR,"DN	0	00:08:52.229	Core 04	2026.06.03 16:10:03   [SRJ-IND] B152PR sym=USDJPY bar=2026.06.03 16:05 z1=714,B,158.107,158.142,2026.05.14 19:30,1,2026.05.14 20:00,158.169,158.142"
1736,JUNE0525-B162,1617DC1ACCE6B50ED2D1359582A70A8B8503C569623EE90C18C6B33542796207,Tester/logs/20261011.log,971705,2026-06-03,16:10,B152PR,"IP	0	00:08:52.229	Core 04	2026.06.03 16:10:03   [SRJ-IND] B152PR sym=USDJPY bar=2026.06.03 16:05 z1=724,B,158.168,158.186,2026.05.14 21:00,1,2026.05.14 21:05,158.191,158.182"
1737,JUNE0525-B162,1617DC1ACCE6B50ED2D1359582A70A8B8503C569623EE90C18C6B33542796207,Tester/logs/20261011.log,971706,2026-06-03,16:10,B152PR,"GI	0	00:08:52.229	Core 04	2026.06.03 16:10:03   [SRJ-IND] B152PR sym=USDJPY bar=2026.06.03 16:05 z1=1405,B,158.735,158.769,2026.05.20 19:00,1,2026.05.20 19:05,158.816,158.753"
1738,JUNE0525-B162,1617DC1ACCE6B50ED2D1359582A70A8B8503C569623EE90C18C6B33542796207,Tester/logs/20261011.log,971707,2026-06-03,16:10,B152PR,"MO	0	00:08:52.229	Core 04	2026.06.03 16:10:03   [SRJ-IND] B152PR sym=USDJPY bar=2026.06.03 16:05 z1=1779,B,158.756,158.800,2026.05.25 06:45,1,2026.05.26 00:00,158.887,158.784"
1739,JUNE0525-B162,1617DC1ACCE6B50ED2D1359582A70A8B8503C569623EE90C18C6B33542796207,Tester/logs/20261011.log,971708,2026-06-03,16:10,B152PR,"PE	0	00:08:52.229	Core 04	2026.06.03 16:10:03   [SRJ-IND] B152PR sym=USDJPY bar=2026.06.03 16:05 z1=1780,B,158.789,158.814,2026.05.25 04:50,1,2026.05.26 00:00,158.887,158.784"
1740,JUNE0525-B162,1617DC1ACCE6B50ED2D1359582A70A8B8503C569623EE90C18C6B33542796207,Tester/logs/20261011.log,971709,2026-06-03,16:10,B152PR,"IK	0	00:08:52.229	Core 04	2026.06.03 16:10:03   [SRJ-IND] B152PR sym=USDJPY bar=2026.06.03 16:05 z1=1949,B,158.916,158.934,2026.05.26 07:25,1,2026.05.26 07:30,158.942,158.934"
1741,JUNE0525-B162,1617DC1ACCE6B50ED2D1359582A70A8B8503C569623EE90C18C6B33542796207,Tester/logs/20261011.log,971710,2026-06-03,16:10,B152PR,"PQ	0	00:08:52.229	Core 04	2026.06.03 16:10:03   [SRJ-IND] B152PR sym=USDJPY bar=2026.06.03 16:05 z1=2509,B,159.134,159.195,2026.05.29 19:10,1,2026.05.29 19:35,159.215,159.186"
1742,JUNE0525-B162,1617DC1ACCE6B50ED2D1359582A70A8B8503C569623EE90C18C6B33542796207,Tester/logs/20261011.log,971711,2026-06-03,16:10,B152PR,"QG	0	00:08:52.229	Core 04	2026.06.03 16:10:03   [SRJ-IND] B152PR sym=USDJPY bar=2026.06.03 16:05 z1=2566,B,159.382,159.407,2026.06.01 03:15,1,2026.06.03 11:30,159.790,159.368"
1743,JUNE0525-B162,1617DC1ACCE6B50ED2D1359582A70A8B8503C569623EE90C18C6B33542796207,Tester/logs/20261011.log,971712,2026-06-03,16:10,B152PR,"GM	0	00:08:52.229	Core 04	2026.06.03 16:10:03   [SRJ-IND] B152PR sym=USDJPY bar=2026.06.03 16:05 z1=2648,B,159.435,159.481,2026.06.01 16:00,1,2026.06.03 11:30,159.790,159.368"
1744,JUNE0525-B162,1617DC1ACCE6B50ED2D1359582A70A8B8503C569623EE90C18C6B33542796207,Tester/logs/20261011.log,971713,2026-06-03,16:10,B152PR,"LS	0	00:08:52.229	Core 04	2026.06.03 16:10:03   [SRJ-IND] B152PR sym=USDJPY bar=2026.06.03 16:05 z1=2716,B,159.576,159.603,2026.06.02 03:10,1,2026.06.03 10:35,159.787,159.550"
1745,JUNE0525-B162,1617DC1ACCE6B50ED2D1359582A70A8B8503C569623EE90C18C6B33542796207,Tester/logs/20261011.log,971714,2026-06-03,16:10,B152PR,"FI	0	00:08:52.229	Core 04	2026.06.03 16:10:03   [SRJ-IND] B152PR sym=USDJPY bar=2026.06.03 16:05 z1=2720,B,159.586,159.605,2026.06.02 01:05,1,2026.06.03 10:35,159.787,159.550"
1746,JUNE0525-B162,1617DC1ACCE6B50ED2D1359582A70A8B8503C569623EE90C18C6B33542796207,Tester/logs/20261011.log,971715,2026-06-03,16:10,B152PR,"JO	0	00:08:52.229	Core 04	2026.06.03 16:10:03   [SRJ-IND] B152PR sym=USDJPY bar=2026.06.03 16:05 z1=2945,B,159.579,159.675,2026.06.03 11:15,1,2026.06.03 11:25,159.727,159.674"
1747,JUNE0525-B162,1617DC1ACCE6B50ED2D1359582A70A8B8503C569623EE90C18C6B33542796207,Tester/logs/20261011.log,971716,2026-06-03,16:10,B152PR,"NE	0	00:08:52.229	Core 04	2026.06.03 16:10:03   [SRJ-IND] B152PR sym=USDJPY bar=2026.06.03 16:05 z1=2979,B,159.861,159.913,2026.06.03 16:00,1,2026.06.03 16:05,159.919,159.899"
1748,JUNE0525-B162,1617DC1ACCE6B50ED2D1359582A70A8B8503C569623EE90C18C6B33542796207,Tester/logs/20261011.log,971717,2026-06-03,16:10,B152PR,"QI	0	00:08:52.229	Core 04	2026.06.03 16:10:03   [SRJ-IND] B152PR sym=USDJPY bar=2026.06.03 16:05 bull=1 bear=0 nz=24"
1749,JUNE0525-B162,1617DC1ACCE6B50ED2D1359582A70A8B8503C569623EE90C18C6B33542796207,Tester/logs/20261011.log,971718,2026-06-03,16:10,B162ORIGIN,"QG	0	00:08:52.229	Core 04	2026.06.03 16:10:03   [SRJ-IND] B162ORIGIN sym=USDJPY bar=2026.06.03 16:05 side=B n=24 origin=2979 range=159.861-159.913 formT=2026.06.03 15:40 set=65,78,212,256,261,313,414,447,449,460,696,714,724,1405,1779,1780,1949,2509,2566,2648,2716,2720,2945,2979"
1750,JUNE0525-B162,1617DC1ACCE6B50ED2D1359582A70A8B8503C569623EE90C18C6B33542796207,Tester/logs/20261011.log,971719,2026-06-03,16:10,B162ORIGIN,"CF	0	00:08:52.229	Core 04	2026.06.03 16:10:03   [SRJ-IND] B162ORIGIN sym=USDJPY bar=2026.06.03 16:05 side=S n=0 origin=NONE range=- formT=- set=-"
1751,JUNE0525-B162,1617DC1ACCE6B50ED2D1359582A70A8B8503C569623EE90C18C6B33542796207,Tester/logs/20261011.log,971867,2026-06-03,16:10,CONFIRMPOLL,"JS	0	00:08:52.229	Core 04	2026.06.03 16:10:03   [SRJ-EA] CONFIRMPOLL bar=2026.06.03 16:05 anchor=Daily-POC dir=LONG oppCandle=1 bodyDir=1 body=15pts doji=0 touchAttr=0 confirm=0 shadow=true"
1752,JUNE0525-B162,1617DC1ACCE6B50ED2D1359582A70A8B8503C569623EE90C18C6B33542796207,Tester/logs/20261011.log,971874,2026-06-03,16:15,B152PR,"PG	0	00:08:52.229	Core 04	2026.06.03 16:15:00   [SRJ-IND] B152PR sym=USDJPY bar=2026.06.03 16:10 z1=65,B,156.672,156.773,2026.05.11 04:10,1,2026.05.12 08:55,157.714,156.726"
1753,JUNE0525-B162,1617DC1ACCE6B50ED2D1359582A70A8B8503C569623EE90C18C6B33542796207,Tester/logs/20261011.log,971875,2026-06-03,16:15,B152PR,"PM	0	00:08:52.229	Core 04	2026.06.03 16:15:00   [SRJ-IND] B152PR sym=USDJPY bar=2026.06.03 16:10 z1=78,B,156.578,156.584,2026.05.11 00:35,1,2026.05.11 00:40,156.644,156.537"
1754,JUNE0525-B162,1617DC1ACCE6B50ED2D1359582A70A8B8503C569623EE90C18C6B33542796207,Tester/logs/20261011.log,971876,2026-06-03,16:15,B152PR,"RS	0	00:08:52.229	Core 04	2026.06.03 16:15:00   [SRJ-IND] B152PR sym=USDJPY bar=2026.06.03 16:10 z1=212,B,157.028,157.060,2026.05.11 19:20,1,2026.05.12 00:00,157.152,157.050"
1755,JUNE0525-B162,1617DC1ACCE6B50ED2D1359582A70A8B8503C569623EE90C18C6B33542796207,Tester/logs/20261011.log,971877,2026-06-03,16:15,B152PR,"RE	0	00:08:52.229	Core 04	2026.06.03 16:15:00   [SRJ-IND] B152PR sym=USDJPY bar=2026.06.03 16:10 z1=256,B,157.172,157.178,2026.05.12 01:25,1,2026.05.12 08:55,157.714,156.726"
1756,JUNE0525-B162,1617DC1ACCE6B50ED2D1359582A70A8B8503C569623EE90C18C6B33542796207,Tester/logs/20261011.log,971878,2026-06-03,16:15,B152PR,"HO	0	00:08:52.229	Core 04	2026.06.03 16:15:00   [SRJ-IND] B152PR sym=USDJPY bar=2026.06.03 16:10 z1=261,B,157.184,157.192,2026.05.12 03:00,1,2026.05.12 08:55,157.714,156.726"
1757,JUNE0525-B162,1617DC1ACCE6B50ED2D1359582A70A8B8503C569623EE90C18C6B33542796207,Tester/logs/20261011.log,971879,2026-06-03,16:15,B152PR,"LQ	0	00:08:52.229	Core 04	2026.06.03 16:15:00   [SRJ-IND] B152PR sym=USDJPY bar=2026.06.03 16:10 z1=313,B,157.331,157.497,2026.05.12 10:00,1,2026.05.12 10:10,157.546,157.487"
1758,JUNE0525-B162,1617DC1ACCE6B50ED2D1359582A70A8B8503C569623EE90C18C6B33542796207,Tester/logs/20261011.log,971880,2026-06-03,16:15,B152PR,"QK	0	00:08:52.229	Core 04	2026.06.03 16:15:00   [SRJ-IND] B152PR sym=USDJPY bar=2026.06.03 16:10 z1=414,B,157.517,157.589,2026.05.13 01:10,1,2026.05.13 01:20,157.607,157.587"
1759,JUNE0525-B162,1617DC1ACCE6B50ED2D1359582A70A8B8503C569623EE90C18C6B33542796207,Tester/logs/20261011.log,971881,2026-06-03,16:15,B152PR,"FM	0	00:08:52.229	Core 04	2026.06.03 16:15:00   [SRJ-IND] B152PR sym=USDJPY bar=2026.06.03 16:10 z1=447,B,157.562,157.648,2026.05.13 06:20,1,2026.05.13 06:25,157.662,157.648"
1760,JUNE0525-B162,1617DC1ACCE6B50ED2D1359582A70A8B8503C569623EE90C18C6B33542796207,Tester/logs/20261011.log,971882,2026-06-03,16:15,B152PR,"EG	0	00:08:52.229	Core 04	2026.06.03 16:15:00   [SRJ-IND] B152PR sym=USDJPY bar=2026.06.03 16:10 z1=449,B,157.599,157.654,2026.05.13 05:15,1,2026.05.13 05:45,157.687,157.652"
1761,JUNE0525-B162,1617DC1ACCE6B50ED2D1359582A70A8B8503C569623EE90C18C6B33542796207,Tester/logs/20261011.log,971883,2026-06-03,16:15,B152PR,"LI	0	00:08:52.229	Core 04	2026.06.03 16:15:00   [SRJ-IND] B152PR sym=USDJPY bar=2026.06.03 16:10 z1=460,B,157.645,157.660,2026.05.13 07:05,1,2026.05.14 00:25,157.812,157.650"
1762,JUNE0525-B162,1617DC1ACCE6B50ED2D1359582A70A8B8503C569623EE90C18C6B33542796207,Tester/logs/20261011.log,971884,2026-06-03,16:15,B152PR,"DR	0	00:08:52.229	Core 04	2026.06.03 16:15:00   [SRJ-IND] B152PR sym=USDJPY bar=2026.06.03 16:10 z1=696,B,157.568,158.167,2026.05.14 18:05,1,2026.05.14 18:10,158.191,158.119"
1763,JUNE0525-B162,1617DC1ACCE6B50ED2D1359582A70A8B8503C569623EE90C18C6B33542796207,Tester/logs/20261011.log,971885,2026-06-03,16:15,B152PR,"LD	0	00:08:52.229	Core 04	2026.06.03 16:15:00   [SRJ-IND] B152PR sym=USDJPY bar=2026.06.03 16:10 z1=714,B,158.107,158.142,2026.05.14 19:30,1,2026.05.14 20:00,158.169,158.142"
1764,JUNE0525-B162,1617DC1ACCE6B50ED2D1359582A70A8B8503C569623EE90C18C6B33542796207,Tester/logs/20261011.log,971886,2026-06-03,16:15,B152PR,"MN	0	00:08:52.229	Core 04	2026.06.03 16:15:00   [SRJ-IND] B152PR sym=USDJPY bar=2026.06.03 16:10 z1=724,B,158.168,158.186,2026.05.14 21:00,1,2026.05.14 21:05,158.191,158.182"
1765,JUNE0525-B162,1617DC1ACCE6B50ED2D1359582A70A8B8503C569623EE90C18C6B33542796207,Tester/logs/20261011.log,971887,2026-06-03,16:15,B152PR,"OS	0	00:08:52.229	Core 04	2026.06.03 16:15:00   [SRJ-IND] B152PR sym=USDJPY bar=2026.06.03 16:10 z1=1405,B,158.735,158.769,2026.05.20 19:00,1,2026.05.20 19:05,158.816,158.753"
1766,JUNE0525-B162,1617DC1ACCE6B50ED2D1359582A70A8B8503C569623EE90C18C6B33542796207,Tester/logs/20261011.log,971888,2026-06-03,16:15,B152PR,"EI	0	00:08:52.229	Core 04	2026.06.03 16:15:00   [SRJ-IND] B152PR sym=USDJPY bar=2026.06.03 16:10 z1=1779,B,158.756,158.800,2026.05.25 06:45,1,2026.05.26 00:00,158.887,158.784"
1767,JUNE0525-B162,1617DC1ACCE6B50ED2D1359582A70A8B8503C569623EE90C18C6B33542796207,Tester/logs/20261011.log,971889,2026-06-03,16:15,B152PR,"HO	0	00:08:52.229	Core 04	2026.06.03 16:15:00   [SRJ-IND] B152PR sym=USDJPY bar=2026.06.03 16:10 z1=1780,B,158.789,158.814,2026.05.25 04:50,1,2026.05.26 00:00,158.887,158.784"
1768,JUNE0525-B162,1617DC1ACCE6B50ED2D1359582A70A8B8503C569623EE90C18C6B33542796207,Tester/logs/20261011.log,971890,2026-06-03,16:15,B152PR,"QE	0	00:08:52.229	Core 04	2026.06.03 16:15:00   [SRJ-IND] B152PR sym=USDJPY bar=2026.06.03 16:10 z1=1949,B,158.916,158.934,2026.05.26 07:25,1,2026.05.26 07:30,158.942,158.934"
1769,JUNE0525-B162,1617DC1ACCE6B50ED2D1359582A70A8B8503C569623EE90C18C6B33542796207,Tester/logs/20261011.log,971891,2026-06-03,16:15,B152PR,"HK	0	00:08:52.229	Core 04	2026.06.03 16:15:00   [SRJ-IND] B152PR sym=USDJPY bar=2026.06.03 16:10 z1=2509,B,159.134,159.195,2026.05.29 19:10,1,2026.05.29 19:35,159.215,159.186"
1770,JUNE0525-B162,1617DC1ACCE6B50ED2D1359582A70A8B8503C569623EE90C18C6B33542796207,Tester/logs/20261011.log,971892,2026-06-03,16:15,B152PR,"IQ	0	00:08:52.229	Core 04	2026.06.03 16:15:00   [SRJ-IND] B152PR sym=USDJPY bar=2026.06.03 16:10 z1=2566,B,159.382,159.407,2026.06.01 03:15,1,2026.06.03 11:30,159.790,159.368"
1771,JUNE0525-B162,1617DC1ACCE6B50ED2D1359582A70A8B8503C569623EE90C18C6B33542796207,Tester/logs/20261011.log,971893,2026-06-03,16:15,B152PR,"OG	0	00:08:52.229	Core 04	2026.06.03 16:15:00   [SRJ-IND] B152PR sym=USDJPY bar=2026.06.03 16:10 z1=2648,B,159.435,159.481,2026.06.01 16:00,1,2026.06.03 11:30,159.790,159.368"
1772,JUNE0525-B162,1617DC1ACCE6B50ED2D1359582A70A8B8503C569623EE90C18C6B33542796207,Tester/logs/20261011.log,971894,2026-06-03,16:15,B152PR,"DM	0	00:08:52.229	Core 04	2026.06.03 16:15:00   [SRJ-IND] B152PR sym=USDJPY bar=2026.06.03 16:10 z1=2716,B,159.576,159.603,2026.06.02 03:10,1,2026.06.03 10:35,159.787,159.550"
1773,JUNE0525-B162,1617DC1ACCE6B50ED2D1359582A70A8B8503C569623EE90C18C6B33542796207,Tester/logs/20261011.log,971895,2026-06-03,16:15,B152PR,"NS	0	00:08:52.229	Core 04	2026.06.03 16:15:00   [SRJ-IND] B152PR sym=USDJPY bar=2026.06.03 16:10 z1=2720,B,159.586,159.605,2026.06.02 01:05,1,2026.06.03 10:35,159.787,159.550"
1774,JUNE0525-B162,1617DC1ACCE6B50ED2D1359582A70A8B8503C569623EE90C18C6B33542796207,Tester/logs/20261011.log,971896,2026-06-03,16:15,B152PR,"RI	0	00:08:52.229	Core 04	2026.06.03 16:15:00   [SRJ-IND] B152PR sym=USDJPY bar=2026.06.03 16:10 z1=2945,B,159.579,159.675,2026.06.03 11:15,1,2026.06.03 11:25,159.727,159.674"
1775,JUNE0525-B162,1617DC1ACCE6B50ED2D1359582A70A8B8503C569623EE90C18C6B33542796207,Tester/logs/20261011.log,971897,2026-06-03,16:15,B152PR,"FO	0	00:08:52.229	Core 04	2026.06.03 16:15:00   [SRJ-IND] B152PR sym=USDJPY bar=2026.06.03 16:10 z1=2979,B,159.861,159.913,2026.06.03 16:00,1,2026.06.03 16:05,159.919,159.899"
1776,JUNE0525-B162,1617DC1ACCE6B50ED2D1359582A70A8B8503C569623EE90C18C6B33542796207,Tester/logs/20261011.log,971898,2026-06-03,16:15,B152PR,"IG	0	00:08:52.229	Core 04	2026.06.03 16:15:00   [SRJ-IND] B152PR sym=USDJPY bar=2026.06.03 16:10 bull=1 bear=0 nz=24"
1777,JUNE0525-B162,1617DC1ACCE6B50ED2D1359582A70A8B8503C569623EE90C18C6B33542796207,Tester/logs/20261011.log,971899,2026-06-03,16:15,B162ORIGIN,"IL	0	00:08:52.229	Core 04	2026.06.03 16:15:00   [SRJ-IND] B162ORIGIN sym=USDJPY bar=2026.06.03 16:10 side=B n=24 origin=2979 range=159.861-159.913 formT=2026.06.03 15:40 set=65,78,212,256,261,313,414,447,449,460,696,714,724,1405,1779,1780,1949,2509,2566,2648,2716,2720,2945,2979"
1778,JUNE0525-B162,1617DC1ACCE6B50ED2D1359582A70A8B8503C569623EE90C18C6B33542796207,Tester/logs/20261011.log,971900,2026-06-03,16:15,B162ORIGIN,"KK	0	00:08:52.229	Core 04	2026.06.03 16:15:00   [SRJ-IND] B162ORIGIN sym=USDJPY bar=2026.06.03 16:10 side=S n=0 origin=NONE range=- formT=- set=-"
1779,JUNE0525-B162,1617DC1ACCE6B50ED2D1359582A70A8B8503C569623EE90C18C6B33542796207,Tester/logs/20261011.log,972049,2026-06-03,16:15,CONFIRMPOLL,"LN	0	00:08:52.229	Core 04	2026.06.03 16:15:00   [SRJ-EA] CONFIRMPOLL bar=2026.06.03 16:10 anchor=Daily-POC dir=LONG oppCandle=0 bodyDir=1 body=1pts doji=0 touchAttr=0 confirm=0 shadow=true"
1780,JUNE0525-B162,1617DC1ACCE6B50ED2D1359582A70A8B8503C569623EE90C18C6B33542796207,Tester/logs/20261011.log,972056,2026-06-03,16:20,B152PR,"OQ	0	00:08:52.229	Core 04	2026.06.03 16:20:00   [SRJ-IND] B152PR sym=USDJPY bar=2026.06.03 16:15 z1=65,B,156.672,156.773,2026.05.11 04:10,1,2026.05.12 08:55,157.714,156.726"
1781,JUNE0525-B162,1617DC1ACCE6B50ED2D1359582A70A8B8503C569623EE90C18C6B33542796207,Tester/logs/20261011.log,972057,2026-06-03,16:20,B152PR,"OG	0	00:08:52.229	Core 04	2026.06.03 16:20:00   [SRJ-IND] B152PR sym=USDJPY bar=2026.06.03 16:15 z1=78,B,156.578,156.584,2026.05.11 00:35,1,2026.05.11 00:40,156.644,156.537"
1782,JUNE0525-B162,1617DC1ACCE6B50ED2D1359582A70A8B8503C569623EE90C18C6B33542796207,Tester/logs/20261011.log,972058,2026-06-03,16:20,B152PR,"QI	0	00:08:52.229	Core 04	2026.06.03 16:20:00   [SRJ-IND] B152PR sym=USDJPY bar=2026.06.03 16:15 z1=212,B,157.028,157.060,2026.05.11 19:20,1,2026.05.12 00:00,157.152,157.050"
1783,JUNE0525-B162,1617DC1ACCE6B50ED2D1359582A70A8B8503C569623EE90C18C6B33542796207,Tester/logs/20261011.log,972059,2026-06-03,16:20,B152PR,"MS	0	00:08:52.229	Core 04	2026.06.03 16:20:00   [SRJ-IND] B152PR sym=USDJPY bar=2026.06.03 16:15 z1=256,B,157.172,157.178,2026.05.12 01:25,1,2026.05.12 08:55,157.714,156.726"
1784,JUNE0525-B162,1617DC1ACCE6B50ED2D1359582A70A8B8503C569623EE90C18C6B33542796207,Tester/logs/20261011.log,972060,2026-06-03,16:20,B152PR,"GE	0	00:08:52.229	Core 04	2026.06.03 16:20:00   [SRJ-IND] B152PR sym=USDJPY bar=2026.06.03 16:15 z1=261,B,157.184,157.192,2026.05.12 03:00,1,2026.05.12 08:55,157.714,156.726"
1785,JUNE0525-B162,1617DC1ACCE6B50ED2D1359582A70A8B8503C569623EE90C18C6B33542796207,Tester/logs/20261011.log,972061,2026-06-03,16:20,B152PR,"GO	0	00:08:52.229	Core 04	2026.06.03 16:20:00   [SRJ-IND] B152PR sym=USDJPY bar=2026.06.03 16:15 z1=313,B,157.331,157.497,2026.05.12 10:00,1,2026.05.12 10:10,157.546,157.487"
1786,JUNE0525-B162,1617DC1ACCE6B50ED2D1359582A70A8B8503C569623EE90C18C6B33542796207,Tester/logs/20261011.log,972062,2026-06-03,16:20,B152PR,"RQ	0	00:08:52.229	Core 04	2026.06.03 16:20:00   [SRJ-IND] B152PR sym=USDJPY bar=2026.06.03 16:15 z1=414,B,157.517,157.589,2026.05.13 01:10,1,2026.05.13 01:20,157.607,157.587"
1787,JUNE0525-B162,1617DC1ACCE6B50ED2D1359582A70A8B8503C569623EE90C18C6B33542796207,Tester/logs/20261011.log,972063,2026-06-03,16:20,B152PR,"IK	0	00:08:52.229	Core 04	2026.06.03 16:20:00   [SRJ-IND] B152PR sym=USDJPY bar=2026.06.03 16:15 z1=447,B,157.562,157.648,2026.05.13 06:20,1,2026.05.13 06:25,157.662,157.648"
1788,JUNE0525-B162,1617DC1ACCE6B50ED2D1359582A70A8B8503C569623EE90C18C6B33542796207,Tester/logs/20261011.log,972064,2026-06-03,16:20,B152PR,"FM	0	00:08:52.229	Core 04	2026.06.03 16:20:00   [SRJ-IND] B152PR sym=USDJPY bar=2026.06.03 16:15 z1=449,B,157.599,157.654,2026.05.13 05:15,1,2026.05.13 05:45,157.687,157.652"
1789,JUNE0525-B162,1617DC1ACCE6B50ED2D1359582A70A8B8503C569623EE90C18C6B33542796207,Tester/logs/20261011.log,972065,2026-06-03,16:20,B152PR,"GF	0	00:08:52.229	Core 04	2026.06.03 16:20:00   [SRJ-IND] B152PR sym=USDJPY bar=2026.06.03 16:15 z1=460,B,157.645,157.660,2026.05.13 07:05,1,2026.05.14 00:25,157.812,157.650"
1790,JUNE0525-B162,1617DC1ACCE6B50ED2D1359582A70A8B8503C569623EE90C18C6B33542796207,Tester/logs/20261011.log,972066,2026-06-03,16:20,B152PR,"CH	0	00:08:52.229	Core 04	2026.06.03 16:20:00   [SRJ-IND] B152PR sym=USDJPY bar=2026.06.03 16:15 z1=696,B,157.568,158.167,2026.05.14 18:05,1,2026.05.14 18:10,158.191,158.119"
1791,JUNE0525-B162,1617DC1ACCE6B50ED2D1359582A70A8B8503C569623EE90C18C6B33542796207,Tester/logs/20261011.log,972067,2026-06-03,16:20,B152PR,"OR	0	00:08:52.229	Core 04	2026.06.03 16:20:00   [SRJ-IND] B152PR sym=USDJPY bar=2026.06.03 16:15 z1=714,B,158.107,158.142,2026.05.14 19:30,1,2026.05.14 20:00,158.169,158.142"
1792,JUNE0525-B162,1617DC1ACCE6B50ED2D1359582A70A8B8503C569623EE90C18C6B33542796207,Tester/logs/20261011.log,972068,2026-06-03,16:20,B152PR,"ND	0	00:08:52.229	Core 04	2026.06.03 16:20:00   [SRJ-IND] B152PR sym=USDJPY bar=2026.06.03 16:15 z1=724,B,158.168,158.186,2026.05.14 21:00,1,2026.05.14 21:05,158.191,158.182"
1793,JUNE0525-B162,1617DC1ACCE6B50ED2D1359582A70A8B8503C569623EE90C18C6B33542796207,Tester/logs/20261011.log,972069,2026-06-03,16:20,B152PR,"DM	0	00:08:52.229	Core 04	2026.06.03 16:20:00   [SRJ-IND] B152PR sym=USDJPY bar=2026.06.03 16:15 z1=1405,B,158.735,158.769,2026.05.20 19:00,1,2026.05.20 19:05,158.816,158.753"
1794,JUNE0525-B162,1617DC1ACCE6B50ED2D1359582A70A8B8503C569623EE90C18C6B33542796207,Tester/logs/20261011.log,972070,2026-06-03,16:20,B152PR,"RS	0	00:08:52.229	Core 04	2026.06.03 16:20:00   [SRJ-IND] B152PR sym=USDJPY bar=2026.06.03 16:15 z1=1779,B,158.756,158.800,2026.05.25 06:45,1,2026.05.26 00:00,158.887,158.784"
1795,JUNE0525-B162,1617DC1ACCE6B50ED2D1359582A70A8B8503C569623EE90C18C6B33542796207,Tester/logs/20261011.log,972071,2026-06-03,16:20,B152PR,"KI	0	00:08:52.229	Core 04	2026.06.03 16:20:00   [SRJ-IND] B152PR sym=USDJPY bar=2026.06.03 16:15 z1=1780,B,158.789,158.814,2026.05.25 04:50,1,2026.05.26 00:00,158.887,158.784"
1796,JUNE0525-B162,1617DC1ACCE6B50ED2D1359582A70A8B8503C569623EE90C18C6B33542796207,Tester/logs/20261011.log,972072,2026-06-03,16:20,B152PR,"FO	0	00:08:52.229	Core 04	2026.06.03 16:20:00   [SRJ-IND] B152PR sym=USDJPY bar=2026.06.03 16:15 z1=1949,B,158.916,158.934,2026.05.26 07:25,1,2026.05.26 07:30,158.942,158.934"
1797,JUNE0525-B162,1617DC1ACCE6B50ED2D1359582A70A8B8503C569623EE90C18C6B33542796207,Tester/logs/20261011.log,972073,2026-06-03,16:20,B152PR,"KE	0	00:08:52.229	Core 04	2026.06.03 16:20:00   [SRJ-IND] B152PR sym=USDJPY bar=2026.06.03 16:15 z1=2509,B,159.134,159.195,2026.05.29 19:10,1,2026.05.29 19:35,159.215,159.186"
1798,JUNE0525-B162,1617DC1ACCE6B50ED2D1359582A70A8B8503C569623EE90C18C6B33542796207,Tester/logs/20261011.log,972074,2026-06-03,16:20,B152PR,"NK	0	00:08:52.229	Core 04	2026.06.03 16:20:00   [SRJ-IND] B152PR sym=USDJPY bar=2026.06.03 16:15 z1=2566,B,159.382,159.407,2026.06.01 03:15,1,2026.06.03 11:30,159.790,159.368"
1799,JUNE0525-B162,1617DC1ACCE6B50ED2D1359582A70A8B8503C569623EE90C18C6B33542796207,Tester/logs/20261011.log,972075,2026-06-03,16:20,B152PR,"DQ	0	00:08:52.229	Core 04	2026.06.03 16:20:00   [SRJ-IND] B152PR sym=USDJPY bar=2026.06.03 16:15 z1=2648,B,159.435,159.481,2026.06.01 16:00,1,2026.06.03 11:30,159.790,159.368"
1800,JUNE0525-B162,1617DC1ACCE6B50ED2D1359582A70A8B8503C569623EE90C18C6B33542796207,Tester/logs/20261011.log,972076,2026-06-03,16:20,B152PR,"OG	0	00:08:52.229	Core 04	2026.06.03 16:20:00   [SRJ-IND] B152PR sym=USDJPY bar=2026.06.03 16:15 z1=2716,B,159.576,159.603,2026.06.02 03:10,1,2026.06.03 10:35,159.787,159.550"
1801,JUNE0525-B162,1617DC1ACCE6B50ED2D1359582A70A8B8503C569623EE90C18C6B33542796207,Tester/logs/20261011.log,972077,2026-06-03,16:20,B152PR,"IM	0	00:08:52.229	Core 04	2026.06.03 16:20:00   [SRJ-IND] B152PR sym=USDJPY bar=2026.06.03 16:15 z1=2720,B,159.586,159.605,2026.06.02 01:05,1,2026.06.03 10:35,159.787,159.550"
1802,JUNE0525-B162,1617DC1ACCE6B50ED2D1359582A70A8B8503C569623EE90C18C6B33542796207,Tester/logs/20261011.log,972078,2026-06-03,16:20,B152PR,"ES	0	00:08:52.229	Core 04	2026.06.03 16:20:00   [SRJ-IND] B152PR sym=USDJPY bar=2026.06.03 16:15 z1=2945,B,159.579,159.675,2026.06.03 11:15,1,2026.06.03 11:25,159.727,159.674"
1803,JUNE0525-B162,1617DC1ACCE6B50ED2D1359582A70A8B8503C569623EE90C18C6B33542796207,Tester/logs/20261011.log,972079,2026-06-03,16:20,B152PR,"QI	0	00:08:52.229	Core 04	2026.06.03 16:20:00   [SRJ-IND] B152PR sym=USDJPY bar=2026.06.03 16:15 z1=2979,B,159.861,159.913,2026.06.03 16:00,1,2026.06.03 16:05,159.919,159.899"
1804,JUNE0525-B162,1617DC1ACCE6B50ED2D1359582A70A8B8503C569623EE90C18C6B33542796207,Tester/logs/20261011.log,972080,2026-06-03,16:20,B152PR,"NM	0	00:08:52.229	Core 04	2026.06.03 16:20:00   [SRJ-IND] B152PR sym=USDJPY bar=2026.06.03 16:15 bull=1 bear=0 nz=24"
1805,JUNE0525-B162,1617DC1ACCE6B50ED2D1359582A70A8B8503C569623EE90C18C6B33542796207,Tester/logs/20261011.log,972081,2026-06-03,16:20,B162ORIGIN,"FR	0	00:08:52.229	Core 04	2026.06.03 16:20:00   [SRJ-IND] B162ORIGIN sym=USDJPY bar=2026.06.03 16:15 side=B n=24 origin=2979 range=159.861-159.913 formT=2026.06.03 15:40 set=65,78,212,256,261,313,414,447,449,460,696,714,724,1405,1779,1780,1949,2509,2566,2648,2716,2720,2945,2979"
1806,JUNE0525-B162,1617DC1ACCE6B50ED2D1359582A70A8B8503C569623EE90C18C6B33542796207,Tester/logs/20261011.log,972082,2026-06-03,16:20,B162ORIGIN,"PM	0	00:08:52.229	Core 04	2026.06.03 16:20:00   [SRJ-IND] B162ORIGIN sym=USDJPY bar=2026.06.03 16:15 side=S n=0 origin=NONE range=- formT=- set=-"
1807,JUNE0525-B162,1617DC1ACCE6B50ED2D1359582A70A8B8503C569623EE90C18C6B33542796207,Tester/logs/20261011.log,972232,2026-06-03,16:20,CONFIRMPOLL,"MN	0	00:08:52.229	Core 04	2026.06.03 16:20:00   [SRJ-EA] CONFIRMPOLL bar=2026.06.03 16:15 anchor=Daily-POC dir=LONG oppCandle=0 bodyDir=1 body=16pts doji=0 touchAttr=0 confirm=0 shadow=true"
1808,JUNE0525-B162,1617DC1ACCE6B50ED2D1359582A70A8B8503C569623EE90C18C6B33542796207,Tester/logs/20261011.log,972240,2026-06-03,16:25,B152PR,"MO	0	00:08:52.229	Core 04	2026.06.03 16:25:01   [SRJ-IND] B152PR sym=USDJPY bar=2026.06.03 16:20 z1=65,B,156.672,156.773,2026.05.11 04:10,1,2026.05.12 08:55,157.714,156.726"
1809,JUNE0525-B162,1617DC1ACCE6B50ED2D1359582A70A8B8503C569623EE90C18C6B33542796207,Tester/logs/20261011.log,972241,2026-06-03,16:25,B152PR,"ER	0	00:08:52.229	Core 04	2026.06.03 16:25:01   [SRJ-IND] B152PR sym=USDJPY bar=2026.06.03 16:20 z1=78,B,156.578,156.584,2026.05.11 00:35,1,2026.05.11 00:40,156.644,156.537"
1810,JUNE0525-B162,1617DC1ACCE6B50ED2D1359582A70A8B8503C569623EE90C18C6B33542796207,Tester/logs/20261011.log,972242,2026-06-03,16:25,B152PR,"KK	0	00:08:52.229	Core 04	2026.06.03 16:25:01   [SRJ-IND] B152PR sym=USDJPY bar=2026.06.03 16:20 z1=212,B,157.028,157.060,2026.05.11 19:20,1,2026.05.12 00:00,157.152,157.050"
1811,JUNE0525-B162,1617DC1ACCE6B50ED2D1359582A70A8B8503C569623EE90C18C6B33542796207,Tester/logs/20261011.log,972243,2026-06-03,16:25,B152PR,"GM	0	00:08:52.229	Core 04	2026.06.03 16:25:01   [SRJ-IND] B152PR sym=USDJPY bar=2026.06.03 16:20 z1=256,B,157.172,157.178,2026.05.12 01:25,1,2026.05.12 08:55,157.714,156.726"
1812,JUNE0525-B162,1617DC1ACCE6B50ED2D1359582A70A8B8503C569623EE90C18C6B33542796207,Tester/logs/20261011.log,972244,2026-06-03,16:25,B152PR,"MG	0	00:08:52.229	Core 04	2026.06.03 16:25:01   [SRJ-IND] B152PR sym=USDJPY bar=2026.06.03 16:20 z1=261,B,157.184,157.192,2026.05.12 03:00,1,2026.05.12 08:55,157.714,156.726"
1813,JUNE0525-B162,1617DC1ACCE6B50ED2D1359582A70A8B8503C569623EE90C18C6B33542796207,Tester/logs/20261011.log,972245,2026-06-03,16:25,B152PR,"EI	0	00:08:52.229	Core 04	2026.06.03 16:25:01   [SRJ-IND] B152PR sym=USDJPY bar=2026.06.03 16:20 z1=313,B,157.331,157.497,2026.05.12 10:00,1,2026.05.12 10:10,157.546,157.487"
1814,JUNE0525-B162,1617DC1ACCE6B50ED2D1359582A70A8B8503C569623EE90C18C6B33542796207,Tester/logs/20261011.log,972246,2026-06-03,16:25,B152PR,"LS	0	00:08:52.229	Core 04	2026.06.03 16:25:01   [SRJ-IND] B152PR sym=USDJPY bar=2026.06.03 16:20 z1=414,B,157.517,157.589,2026.05.13 01:10,1,2026.05.13 01:20,157.607,157.587"
1815,JUNE0525-B162,1617DC1ACCE6B50ED2D1359582A70A8B8503C569623EE90C18C6B33542796207,Tester/logs/20261011.log,972247,2026-06-03,16:25,B152PR,"KD	0	00:08:52.229	Core 04	2026.06.03 16:25:01   [SRJ-IND] B152PR sym=USDJPY bar=2026.06.03 16:20 z1=447,B,157.562,157.648,2026.05.13 06:20,1,2026.05.13 06:25,157.662,157.648"
1816,JUNE0525-B162,1617DC1ACCE6B50ED2D1359582A70A8B8503C569623EE90C18C6B33542796207,Tester/logs/20261011.log,972248,2026-06-03,16:25,B152PR,"PN	0	00:08:52.229	Core 04	2026.06.03 16:25:01   [SRJ-IND] B152PR sym=USDJPY bar=2026.06.03 16:20 z1=449,B,157.599,157.654,2026.05.13 05:15,1,2026.05.13 05:45,157.687,157.652"
1817,JUNE0525-B162,1617DC1ACCE6B50ED2D1359582A70A8B8503C569623EE90C18C6B33542796207,Tester/logs/20261011.log,972249,2026-06-03,16:25,B152PR,"EP	0	00:08:52.229	Core 04	2026.06.03 16:25:01   [SRJ-IND] B152PR sym=USDJPY bar=2026.06.03 16:20 z1=460,B,157.645,157.660,2026.05.13 07:05,1,2026.05.14 00:25,157.812,157.650"
1818,JUNE0525-B162,1617DC1ACCE6B50ED2D1359582A70A8B8503C569623EE90C18C6B33542796207,Tester/logs/20261011.log,972250,2026-06-03,16:25,B152PR,"IJ	0	00:08:52.229	Core 04	2026.06.03 16:25:01   [SRJ-IND] B152PR sym=USDJPY bar=2026.06.03 16:20 z1=696,B,157.568,158.167,2026.05.14 18:05,1,2026.05.14 18:10,158.191,158.119"
1819,JUNE0525-B162,1617DC1ACCE6B50ED2D1359582A70A8B8503C569623EE90C18C6B33542796207,Tester/logs/20261011.log,972251,2026-06-03,16:25,B152PR,"EL	0	00:08:52.229	Core 04	2026.06.03 16:25:01   [SRJ-IND] B152PR sym=USDJPY bar=2026.06.03 16:20 z1=714,B,158.107,158.142,2026.05.14 19:30,1,2026.05.14 20:00,158.169,158.142"
1820,JUNE0525-B162,1617DC1ACCE6B50ED2D1359582A70A8B8503C569623EE90C18C6B33542796207,Tester/logs/20261011.log,972252,2026-06-03,16:25,B152PR,"HF	0	00:08:52.229	Core 04	2026.06.03 16:25:01   [SRJ-IND] B152PR sym=USDJPY bar=2026.06.03 16:20 z1=724,B,158.168,158.186,2026.05.14 21:00,1,2026.05.14 21:05,158.191,158.182"
1821,JUNE0525-B162,1617DC1ACCE6B50ED2D1359582A70A8B8503C569623EE90C18C6B33542796207,Tester/logs/20261011.log,972253,2026-06-03,16:25,B152PR,"JK	0	00:08:52.229	Core 04	2026.06.03 16:25:01   [SRJ-IND] B152PR sym=USDJPY bar=2026.06.03 16:20 z1=1405,B,158.735,158.769,2026.05.20 19:00,1,2026.05.20 19:05,158.816,158.753"
1822,JUNE0525-B162,1617DC1ACCE6B50ED2D1359582A70A8B8503C569623EE90C18C6B33542796207,Tester/logs/20261011.log,972254,2026-06-03,16:25,B152PR,"LQ	0	00:08:52.229	Core 04	2026.06.03 16:25:01   [SRJ-IND] B152PR sym=USDJPY bar=2026.06.03 16:20 z1=1779,B,158.756,158.800,2026.05.25 06:45,1,2026.05.26 00:00,158.887,158.784"
1823,JUNE0525-B162,1617DC1ACCE6B50ED2D1359582A70A8B8503C569623EE90C18C6B33542796207,Tester/logs/20261011.log,972255,2026-06-03,16:25,B152PR,"QG	0	00:08:52.229	Core 04	2026.06.03 16:25:01   [SRJ-IND] B152PR sym=USDJPY bar=2026.06.03 16:20 z1=1780,B,158.789,158.814,2026.05.25 04:50,1,2026.05.26 00:00,158.887,158.784"
1824,JUNE0525-B162,1617DC1ACCE6B50ED2D1359582A70A8B8503C569623EE90C18C6B33542796207,Tester/logs/20261011.log,972256,2026-06-03,16:25,B152PR,"HM	0	00:08:52.229	Core 04	2026.06.03 16:25:01   [SRJ-IND] B152PR sym=USDJPY bar=2026.06.03 16:20 z1=1949,B,158.916,158.934,2026.05.26 07:25,1,2026.05.26 07:30,158.942,158.934"
1825,JUNE0525-B162,1617DC1ACCE6B50ED2D1359582A70A8B8503C569623EE90C18C6B33542796207,Tester/logs/20261011.log,972257,2026-06-03,16:25,B152PR,"QS	0	00:08:52.229	Core 04	2026.06.03 16:25:01   [SRJ-IND] B152PR sym=USDJPY bar=2026.06.03 16:20 z1=2509,B,159.134,159.195,2026.05.29 19:10,1,2026.05.29 19:35,159.215,159.186"
1826,JUNE0525-B162,1617DC1ACCE6B50ED2D1359582A70A8B8503C569623EE90C18C6B33542796207,Tester/logs/20261011.log,972258,2026-06-03,16:25,B152PR,"PI	0	00:08:52.229	Core 04	2026.06.03 16:25:01   [SRJ-IND] B152PR sym=USDJPY bar=2026.06.03 16:20 z1=2566,B,159.382,159.407,2026.06.01 03:15,1,2026.06.03 11:30,159.790,159.368"
1827,JUNE0525-B162,1617DC1ACCE6B50ED2D1359582A70A8B8503C569623EE90C18C6B33542796207,Tester/logs/20261011.log,972259,2026-06-03,16:25,B152PR,"JO	0	00:08:52.229	Core 04	2026.06.03 16:25:01   [SRJ-IND] B152PR sym=USDJPY bar=2026.06.03 16:20 z1=2648,B,159.435,159.481,2026.06.01 16:00,1,2026.06.03 11:30,159.790,159.368"
1828,JUNE0525-B162,1617DC1ACCE6B50ED2D1359582A70A8B8503C569623EE90C18C6B33542796207,Tester/logs/20261011.log,972260,2026-06-03,16:25,B152PR,"ME	0	00:08:52.229	Core 04	2026.06.03 16:25:01   [SRJ-IND] B152PR sym=USDJPY bar=2026.06.03 16:20 z1=2716,B,159.576,159.603,2026.06.02 03:10,1,2026.06.03 10:35,159.787,159.550"
1829,JUNE0525-B162,1617DC1ACCE6B50ED2D1359582A70A8B8503C569623EE90C18C6B33542796207,Tester/logs/20261011.log,972261,2026-06-03,16:25,B152PR,"CK	0	00:08:52.229	Core 04	2026.06.03 16:25:01   [SRJ-IND] B152PR sym=USDJPY bar=2026.06.03 16:20 z1=2720,B,159.586,159.605,2026.06.02 01:05,1,2026.06.03 10:35,159.787,159.550"
1830,JUNE0525-B162,1617DC1ACCE6B50ED2D1359582A70A8B8503C569623EE90C18C6B33542796207,Tester/logs/20261011.log,972262,2026-06-03,16:25,B152PR,"GQ	0	00:08:52.229	Core 04	2026.06.03 16:25:01   [SRJ-IND] B152PR sym=USDJPY bar=2026.06.03 16:20 z1=2945,B,159.579,159.675,2026.06.03 11:15,1,2026.06.03 11:25,159.727,159.674"
1831,JUNE0525-B162,1617DC1ACCE6B50ED2D1359582A70A8B8503C569623EE90C18C6B33542796207,Tester/logs/20261011.log,972263,2026-06-03,16:25,B152PR,"KG	0	00:08:52.229	Core 04	2026.06.03 16:25:01   [SRJ-IND] B152PR sym=USDJPY bar=2026.06.03 16:20 z1=2979,B,159.861,159.913,2026.06.03 16:00,1,2026.06.03 16:05,159.919,159.899"
1832,JUNE0525-B162,1617DC1ACCE6B50ED2D1359582A70A8B8503C569623EE90C18C6B33542796207,Tester/logs/20261011.log,972264,2026-06-03,16:25,B152PR,"PO	0	00:08:52.229	Core 04	2026.06.03 16:25:01   [SRJ-IND] B152PR sym=USDJPY bar=2026.06.03 16:20 bull=1 bear=0 nz=24"
1833,JUNE0525-B162,1617DC1ACCE6B50ED2D1359582A70A8B8503C569623EE90C18C6B33542796207,Tester/logs/20261011.log,972265,2026-06-03,16:25,B162ORIGIN,"PE	0	00:08:52.229	Core 04	2026.06.03 16:25:01   [SRJ-IND] B162ORIGIN sym=USDJPY bar=2026.06.03 16:20 side=B n=24 origin=2979 range=159.861-159.913 formT=2026.06.03 15:40 set=65,78,212,256,261,313,414,447,449,460,696,714,724,1405,1779,1780,1949,2509,2566,2648,2716,2720,2945,2979"
1834,JUNE0525-B162,1617DC1ACCE6B50ED2D1359582A70A8B8503C569623EE90C18C6B33542796207,Tester/logs/20261011.log,972266,2026-06-03,16:25,B162ORIGIN,"FP	0	00:08:52.229	Core 04	2026.06.03 16:25:01   [SRJ-IND] B162ORIGIN sym=USDJPY bar=2026.06.03 16:20 side=S n=0 origin=NONE range=- formT=- set=-"
1835,JUNE0525-B162,1617DC1ACCE6B50ED2D1359582A70A8B8503C569623EE90C18C6B33542796207,Tester/logs/20261011.log,972419,2026-06-03,16:25,CONFIRMPOLL,"OD	0	00:08:52.229	Core 04	2026.06.03 16:25:01   [SRJ-EA] CONFIRMPOLL bar=2026.06.03 16:20 anchor=Daily-POC dir=LONG oppCandle=0 bodyDir=1 body=11pts doji=0 touchAttr=1 confirm=0 shadow=true"
1836,JUNE0525-B162,1617DC1ACCE6B50ED2D1359582A70A8B8503C569623EE90C18C6B33542796207,Tester/logs/20261011.log,972427,2026-06-03,16:30,B152PR,"KM	0	00:08:52.229	Core 04	2026.06.03 16:30:00   [SRJ-IND] B152PR sym=USDJPY bar=2026.06.03 16:25 z1=65,B,156.672,156.773,2026.05.11 04:10,1,2026.05.12 08:55,157.714,156.726"
1837,JUNE0525-B162,1617DC1ACCE6B50ED2D1359582A70A8B8503C569623EE90C18C6B33542796207,Tester/logs/20261011.log,972428,2026-06-03,16:30,B152PR,"CP	0	00:08:52.229	Core 04	2026.06.03 16:30:00   [SRJ-IND] B152PR sym=USDJPY bar=2026.06.03 16:25 z1=78,B,156.578,156.584,2026.05.11 00:35,1,2026.05.11 00:40,156.644,156.537"
1838,JUNE0525-B162,1617DC1ACCE6B50ED2D1359582A70A8B8503C569623EE90C18C6B33542796207,Tester/logs/20261011.log,972429,2026-06-03,16:30,B152PR,"ME	0	00:08:52.229	Core 04	2026.06.03 16:30:00   [SRJ-IND] B152PR sym=USDJPY bar=2026.06.03 16:25 z1=212,B,157.028,157.060,2026.05.11 19:20,1,2026.05.12 00:00,157.152,157.050"
1839,JUNE0525-B162,1617DC1ACCE6B50ED2D1359582A70A8B8503C569623EE90C18C6B33542796207,Tester/logs/20261011.log,972430,2026-06-03,16:30,B152PR,"MO	0	00:08:52.229	Core 04	2026.06.03 16:30:00   [SRJ-IND] B152PR sym=USDJPY bar=2026.06.03 16:25 z1=256,B,157.172,157.178,2026.05.12 01:25,1,2026.05.12 08:55,157.714,156.726"
1840,JUNE0525-B162,1617DC1ACCE6B50ED2D1359582A70A8B8503C569623EE90C18C6B33542796207,Tester/logs/20261011.log,972431,2026-06-03,16:30,B152PR,"KQ	0	00:08:52.229	Core 04	2026.06.03 16:30:00   [SRJ-IND] B152PR sym=USDJPY bar=2026.06.03 16:25 z1=261,B,157.184,157.192,2026.05.12 03:00,1,2026.05.12 08:55,157.714,156.726"
1841,JUNE0525-B162,1617DC1ACCE6B50ED2D1359582A70A8B8503C569623EE90C18C6B33542796207,Tester/logs/20261011.log,972432,2026-06-03,16:30,B152PR,"GK	0	00:08:52.229	Core 04	2026.06.03 16:30:00   [SRJ-IND] B152PR sym=USDJPY bar=2026.06.03 16:25 z1=313,B,157.331,157.497,2026.05.12 10:00,1,2026.05.12 10:10,157.546,157.487"
1842,JUNE0525-B162,1617DC1ACCE6B50ED2D1359582A70A8B8503C569623EE90C18C6B33542796207,Tester/logs/20261011.log,972433,2026-06-03,16:30,B152PR,"NM	0	00:08:52.229	Core 04	2026.06.03 16:30:00   [SRJ-IND] B152PR sym=USDJPY bar=2026.06.03 16:25 z1=414,B,157.517,157.589,2026.05.13 01:10,1,2026.05.13 01:20,157.607,157.587"
1843,JUNE0525-B162,1617DC1ACCE6B50ED2D1359582A70A8B8503C569623EE90C18C6B33542796207,Tester/logs/20261011.log,972434,2026-06-03,16:30,B152PR,"IG	0	00:08:52.229	Core 04	2026.06.03 16:30:00   [SRJ-IND] B152PR sym=USDJPY bar=2026.06.03 16:25 z1=447,B,157.562,157.648,2026.05.13 06:20,1,2026.05.13 06:25,157.662,157.648"
1844,JUNE0525-B162,1617DC1ACCE6B50ED2D1359582A70A8B8503C569623EE90C18C6B33542796207,Tester/logs/20261011.log,972435,2026-06-03,16:30,B152PR,"RH	0	00:08:52.229	Core 04	2026.06.03 16:30:00   [SRJ-IND] B152PR sym=USDJPY bar=2026.06.03 16:25 z1=449,B,157.599,157.654,2026.05.13 05:15,1,2026.05.13 05:45,157.687,157.652"
1845,JUNE0525-B162,1617DC1ACCE6B50ED2D1359582A70A8B8503C569623EE90C18C6B33542796207,Tester/logs/20261011.log,972436,2026-06-03,16:30,B152PR,"GR	0	00:08:52.229	Core 04	2026.06.03 16:30:00   [SRJ-IND] B152PR sym=USDJPY bar=2026.06.03 16:25 z1=460,B,157.645,157.660,2026.05.13 07:05,1,2026.05.14 00:25,157.812,157.650"
1846,JUNE0525-B162,1617DC1ACCE6B50ED2D1359582A70A8B8503C569623EE90C18C6B33542796207,Tester/logs/20261011.log,972437,2026-06-03,16:30,B152PR,"GD	0	00:08:52.229	Core 04	2026.06.03 16:30:00   [SRJ-IND] B152PR sym=USDJPY bar=2026.06.03 16:25 z1=696,B,157.568,158.167,2026.05.14 18:05,1,2026.05.14 18:10,158.191,158.119"
1847,JUNE0525-B162,1617DC1ACCE6B50ED2D1359582A70A8B8503C569623EE90C18C6B33542796207,Tester/logs/20261011.log,972438,2026-06-03,16:30,B152PR,"ON	0	00:08:52.229	Core 04	2026.06.03 16:30:00   [SRJ-IND] B152PR sym=USDJPY bar=2026.06.03 16:25 z1=714,B,158.107,158.142,2026.05.14 19:30,1,2026.05.14 20:00,158.169,158.142"
1848,JUNE0525-B162,1617DC1ACCE6B50ED2D1359582A70A8B8503C569623EE90C18C6B33542796207,Tester/logs/20261011.log,972439,2026-06-03,16:30,B152PR,"JP	0	00:08:52.229	Core 04	2026.06.03 16:30:00   [SRJ-IND] B152PR sym=USDJPY bar=2026.06.03 16:25 z1=724,B,158.168,158.186,2026.05.14 21:00,1,2026.05.14 21:05,158.191,158.182"
1849,JUNE0525-B162,1617DC1ACCE6B50ED2D1359582A70A8B8503C569623EE90C18C6B33542796207,Tester/logs/20261011.log,972440,2026-06-03,16:30,B152PR,"DI	0	00:08:52.229	Core 04	2026.06.03 16:30:00   [SRJ-IND] B152PR sym=USDJPY bar=2026.06.03 16:25 z1=1405,B,158.735,158.769,2026.05.20 19:00,1,2026.05.20 19:05,158.816,158.753"
1850,JUNE0525-B162,1617DC1ACCE6B50ED2D1359582A70A8B8503C569623EE90C18C6B33542796207,Tester/logs/20261011.log,972441,2026-06-03,16:30,B152PR,"RO	0	00:08:52.229	Core 04	2026.06.03 16:30:00   [SRJ-IND] B152PR sym=USDJPY bar=2026.06.03 16:25 z1=1779,B,158.756,158.800,2026.05.25 06:45,1,2026.05.26 00:00,158.887,158.784"
1851,JUNE0525-B162,1617DC1ACCE6B50ED2D1359582A70A8B8503C569623EE90C18C6B33542796207,Tester/logs/20261011.log,972442,2026-06-03,16:30,B152PR,"KE	0	00:08:52.229	Core 04	2026.06.03 16:30:00   [SRJ-IND] B152PR sym=USDJPY bar=2026.06.03 16:25 z1=1780,B,158.789,158.814,2026.05.25 04:50,1,2026.05.26 00:00,158.887,158.784"
1852,JUNE0525-B162,1617DC1ACCE6B50ED2D1359582A70A8B8503C569623EE90C18C6B33542796207,Tester/logs/20261011.log,972443,2026-06-03,16:30,B152PR,"FK	0	00:08:52.229	Core 04	2026.06.03 16:30:00   [SRJ-IND] B152PR sym=USDJPY bar=2026.06.03 16:25 z1=1949,B,158.916,158.934,2026.05.26 07:25,1,2026.05.26 07:30,158.942,158.934"
1853,JUNE0525-B162,1617DC1ACCE6B50ED2D1359582A70A8B8503C569623EE90C18C6B33542796207,Tester/logs/20261011.log,972444,2026-06-03,16:30,B152PR,"KQ	0	00:08:52.229	Core 04	2026.06.03 16:30:00   [SRJ-IND] B152PR sym=USDJPY bar=2026.06.03 16:25 z1=2509,B,159.134,159.195,2026.05.29 19:10,1,2026.05.29 19:35,159.215,159.186"
1854,JUNE0525-B162,1617DC1ACCE6B50ED2D1359582A70A8B8503C569623EE90C18C6B33542796207,Tester/logs/20261011.log,972445,2026-06-03,16:30,B152PR,"NG	0	00:08:52.229	Core 04	2026.06.03 16:30:00   [SRJ-IND] B152PR sym=USDJPY bar=2026.06.03 16:25 z1=2566,B,159.382,159.407,2026.06.01 03:15,1,2026.06.03 11:30,159.790,159.368"
1855,JUNE0525-B162,1617DC1ACCE6B50ED2D1359582A70A8B8503C569623EE90C18C6B33542796207,Tester/logs/20261011.log,972446,2026-06-03,16:30,B152PR,"DM	0	00:08:52.229	Core 04	2026.06.03 16:30:00   [SRJ-IND] B152PR sym=USDJPY bar=2026.06.03 16:25 z1=2648,B,159.435,159.481,2026.06.01 16:00,1,2026.06.03 11:30,159.790,159.368"
1856,JUNE0525-B162,1617DC1ACCE6B50ED2D1359582A70A8B8503C569623EE90C18C6B33542796207,Tester/logs/20261011.log,972447,2026-06-03,16:30,B152PR,"OS	0	00:08:52.229	Core 04	2026.06.03 16:30:00   [SRJ-IND] B152PR sym=USDJPY bar=2026.06.03 16:25 z1=2716,B,159.576,159.603,2026.06.02 03:10,1,2026.06.03 10:35,159.787,159.550"
1857,JUNE0525-B162,1617DC1ACCE6B50ED2D1359582A70A8B8503C569623EE90C18C6B33542796207,Tester/logs/20261011.log,972448,2026-06-03,16:30,B152PR,"II	0	00:08:52.229	Core 04	2026.06.03 16:30:00   [SRJ-IND] B152PR sym=USDJPY bar=2026.06.03 16:25 z1=2720,B,159.586,159.605,2026.06.02 01:05,1,2026.06.03 10:35,159.787,159.550"
1858,JUNE0525-B162,1617DC1ACCE6B50ED2D1359582A70A8B8503C569623EE90C18C6B33542796207,Tester/logs/20261011.log,972449,2026-06-03,16:30,B152PR,"EO	0	00:08:52.229	Core 04	2026.06.03 16:30:00   [SRJ-IND] B152PR sym=USDJPY bar=2026.06.03 16:25 z1=2945,B,159.579,159.675,2026.06.03 11:15,1,2026.06.03 11:25,159.727,159.674"
1859,JUNE0525-B162,1617DC1ACCE6B50ED2D1359582A70A8B8503C569623EE90C18C6B33542796207,Tester/logs/20261011.log,972450,2026-06-03,16:30,B152PR,"QE	0	00:08:52.229	Core 04	2026.06.03 16:30:00   [SRJ-IND] B152PR sym=USDJPY bar=2026.06.03 16:25 z1=2979,B,159.861,159.913,2026.06.03 16:00,1,2026.06.03 16:05,159.919,159.899"
1860,JUNE0525-B162,1617DC1ACCE6B50ED2D1359582A70A8B8503C569623EE90C18C6B33542796207,Tester/logs/20261011.log,972451,2026-06-03,16:30,B152PR,"NI	0	00:08:52.229	Core 04	2026.06.03 16:30:00   [SRJ-IND] B152PR sym=USDJPY bar=2026.06.03 16:25 bull=1 bear=0 nz=24"
1861,JUNE0525-B162,1617DC1ACCE6B50ED2D1359582A70A8B8503C569623EE90C18C6B33542796207,Tester/logs/20261011.log,972452,2026-06-03,16:30,B162ORIGIN,"FF	0	00:08:52.229	Core 04	2026.06.03 16:30:00   [SRJ-IND] B162ORIGIN sym=USDJPY bar=2026.06.03 16:25 side=B n=24 origin=2979 range=159.861-159.913 formT=2026.06.03 15:40 set=65,78,212,256,261,313,414,447,449,460,696,714,724,1405,1779,1780,1949,2509,2566,2648,2716,2720,2945,2979"
1862,JUNE0525-B162,1617DC1ACCE6B50ED2D1359582A70A8B8503C569623EE90C18C6B33542796207,Tester/logs/20261011.log,972453,2026-06-03,16:30,B162ORIGIN,"PQ	0	00:08:52.229	Core 04	2026.06.03 16:30:00   [SRJ-IND] B162ORIGIN sym=USDJPY bar=2026.06.03 16:25 side=S n=0 origin=NONE range=- formT=- set=-"
1863,JUNE0525-B162,1617DC1ACCE6B50ED2D1359582A70A8B8503C569623EE90C18C6B33542796207,Tester/logs/20261011.log,972604,2026-06-03,16:30,CONFIRMPOLL,"PI	0	00:08:52.229	Core 04	2026.06.03 16:30:00   [SRJ-EA] CONFIRMPOLL bar=2026.06.03 16:25 anchor=Daily-POC dir=LONG oppCandle=0 bodyDir=0 body=6pts doji=0 touchAttr=1 confirm=0 shadow=true"
1864,JUNE0525-B162,1617DC1ACCE6B50ED2D1359582A70A8B8503C569623EE90C18C6B33542796207,Tester/logs/20261011.log,972611,2026-06-03,16:35,B152PR,"LL	0	00:08:52.229	Core 04	2026.06.03 16:35:00   [SRJ-IND] B152PR sym=USDJPY bar=2026.06.03 16:30 z1=65,B,156.672,156.773,2026.05.11 04:10,1,2026.05.12 08:55,157.714,156.726"
1865,JUNE0525-B162,1617DC1ACCE6B50ED2D1359582A70A8B8503C569623EE90C18C6B33542796207,Tester/logs/20261011.log,972612,2026-06-03,16:35,B152PR,"DS	0	00:08:52.229	Core 04	2026.06.03 16:35:00   [SRJ-IND] B152PR sym=USDJPY bar=2026.06.03 16:30 z1=78,B,156.578,156.584,2026.05.11 00:35,1,2026.05.11 00:40,156.644,156.537"
1866,JUNE0525-B162,1617DC1ACCE6B50ED2D1359582A70A8B8503C569623EE90C18C6B33542796207,Tester/logs/20261011.log,972613,2026-06-03,16:35,B152PR,"NJ	0	00:08:52.229	Core 04	2026.06.03 16:35:00   [SRJ-IND] B152PR sym=USDJPY bar=2026.06.03 16:30 z1=212,B,157.028,157.060,2026.05.11 19:20,1,2026.05.12 00:00,157.152,157.050"
1867,JUNE0525-B162,1617DC1ACCE6B50ED2D1359582A70A8B8503C569623EE90C18C6B33542796207,Tester/logs/20261011.log,972614,2026-06-03,16:35,B152PR,"NL	0	00:08:52.229	Core 04	2026.06.03 16:35:00   [SRJ-IND] B152PR sym=USDJPY bar=2026.06.03 16:30 z1=256,B,157.172,157.178,2026.05.12 01:25,1,2026.05.12 08:55,157.714,156.726"
1868,JUNE0525-B162,1617DC1ACCE6B50ED2D1359582A70A8B8503C569623EE90C18C6B33542796207,Tester/logs/20261011.log,972615,2026-06-03,16:35,B152PR,"LF	0	00:08:52.229	Core 04	2026.06.03 16:35:00   [SRJ-IND] B152PR sym=USDJPY bar=2026.06.03 16:30 z1=261,B,157.184,157.192,2026.05.12 03:00,1,2026.05.12 08:55,157.714,156.726"
1869,JUNE0525-B162,1617DC1ACCE6B50ED2D1359582A70A8B8503C569623EE90C18C6B33542796207,Tester/logs/20261011.log,972616,2026-06-03,16:35,B152PR,"HH	0	00:08:52.229	Core 04	2026.06.03 16:35:00   [SRJ-IND] B152PR sym=USDJPY bar=2026.06.03 16:30 z1=313,B,157.331,157.497,2026.05.12 10:00,1,2026.05.12 10:10,157.546,157.487"
1870,JUNE0525-B162,1617DC1ACCE6B50ED2D1359582A70A8B8503C569623EE90C18C6B33542796207,Tester/logs/20261011.log,972617,2026-06-03,16:35,B152PR,"MR	0	00:08:52.229	Core 04	2026.06.03 16:35:00   [SRJ-IND] B152PR sym=USDJPY bar=2026.06.03 16:30 z1=414,B,157.517,157.589,2026.05.13 01:10,1,2026.05.13 01:20,157.607,157.587"
1871,JUNE0525-B162,1617DC1ACCE6B50ED2D1359582A70A8B8503C569623EE90C18C6B33542796207,Tester/logs/20261011.log,972618,2026-06-03,16:35,B152PR,"JD	0	00:08:52.229	Core 04	2026.06.03 16:35:00   [SRJ-IND] B152PR sym=USDJPY bar=2026.06.03 16:30 z1=447,B,157.562,157.648,2026.05.13 06:20,1,2026.05.13 06:25,157.662,157.648"
1872,JUNE0525-B162,1617DC1ACCE6B50ED2D1359582A70A8B8503C569623EE90C18C6B33542796207,Tester/logs/20261011.log,972619,2026-06-03,16:35,B152PR,"QI	0	00:08:52.229	Core 04	2026.06.03 16:35:00   [SRJ-IND] B152PR sym=USDJPY bar=2026.06.03 16:30 z1=449,B,157.599,157.654,2026.05.13 05:15,1,2026.05.13 05:45,157.687,157.652"
1873,JUNE0525-B162,1617DC1ACCE6B50ED2D1359582A70A8B8503C569623EE90C18C6B33542796207,Tester/logs/20261011.log,972620,2026-06-03,16:35,B152PR,"HS	0	00:08:52.229	Core 04	2026.06.03 16:35:00   [SRJ-IND] B152PR sym=USDJPY bar=2026.06.03 16:30 z1=460,B,157.645,157.660,2026.05.13 07:05,1,2026.05.14 00:25,157.812,157.650"
1874,JUNE0525-B162,1617DC1ACCE6B50ED2D1359582A70A8B8503C569623EE90C18C6B33542796207,Tester/logs/20261011.log,972621,2026-06-03,16:35,B152PR,"HE	0	00:08:52.229	Core 04	2026.06.03 16:35:00   [SRJ-IND] B152PR sym=USDJPY bar=2026.06.03 16:30 z1=696,B,157.568,158.167,2026.05.14 18:05,1,2026.05.14 18:10,158.191,158.119"
1875,JUNE0525-B162,1617DC1ACCE6B50ED2D1359582A70A8B8503C569623EE90C18C6B33542796207,Tester/logs/20261011.log,972622,2026-06-03,16:35,B152PR,"PO	0	00:08:52.229	Core 04	2026.06.03 16:35:00   [SRJ-IND] B152PR sym=USDJPY bar=2026.06.03 16:30 z1=714,B,158.107,158.142,2026.05.14 19:30,1,2026.05.14 20:00,158.169,158.142"
1876,JUNE0525-B162,1617DC1ACCE6B50ED2D1359582A70A8B8503C569623EE90C18C6B33542796207,Tester/logs/20261011.log,972623,2026-06-03,16:35,B152PR,"IQ	0	00:08:52.229	Core 04	2026.06.03 16:35:00   [SRJ-IND] B152PR sym=USDJPY bar=2026.06.03 16:30 z1=724,B,158.168,158.186,2026.05.14 21:00,1,2026.05.14 21:05,158.191,158.182"
1877,JUNE0525-B162,1617DC1ACCE6B50ED2D1359582A70A8B8503C569623EE90C18C6B33542796207,Tester/logs/20261011.log,972624,2026-06-03,16:35,B152PR,"CH	0	00:08:52.229	Core 04	2026.06.03 16:35:00   [SRJ-IND] B152PR sym=USDJPY bar=2026.06.03 16:30 z1=1405,B,158.735,158.769,2026.05.20 19:00,1,2026.05.20 19:05,158.816,158.753"
1878,JUNE0525-B162,1617DC1ACCE6B50ED2D1359582A70A8B8503C569623EE90C18C6B33542796207,Tester/logs/20261011.log,972625,2026-06-03,16:35,B152PR,"QN	0	00:08:52.229	Core 04	2026.06.03 16:35:00   [SRJ-IND] B152PR sym=USDJPY bar=2026.06.03 16:30 z1=1779,B,158.756,158.800,2026.05.25 06:45,1,2026.05.26 00:00,158.887,158.784"
1879,JUNE0525-B162,1617DC1ACCE6B50ED2D1359582A70A8B8503C569623EE90C18C6B33542796207,Tester/logs/20261011.log,972626,2026-06-03,16:35,B152PR,"LD	0	00:08:52.229	Core 04	2026.06.03 16:35:00   [SRJ-IND] B152PR sym=USDJPY bar=2026.06.03 16:30 z1=1780,B,158.789,158.814,2026.05.25 04:50,1,2026.05.26 00:00,158.887,158.784"
1880,JUNE0525-B162,1617DC1ACCE6B50ED2D1359582A70A8B8503C569623EE90C18C6B33542796207,Tester/logs/20261011.log,972627,2026-06-03,16:35,B152PR,"EJ	0	00:08:52.229	Core 04	2026.06.03 16:35:00   [SRJ-IND] B152PR sym=USDJPY bar=2026.06.03 16:30 z1=1949,B,158.916,158.934,2026.05.26 07:25,1,2026.05.26 07:30,158.942,158.934"
1881,JUNE0525-B162,1617DC1ACCE6B50ED2D1359582A70A8B8503C569623EE90C18C6B33542796207,Tester/logs/20261011.log,972628,2026-06-03,16:35,B152PR,"LP	0	00:08:52.229	Core 04	2026.06.03 16:35:00   [SRJ-IND] B152PR sym=USDJPY bar=2026.06.03 16:30 z1=2509,B,159.134,159.195,2026.05.29 19:10,1,2026.05.29 19:35,159.215,159.186"
1882,JUNE0525-B162,1617DC1ACCE6B50ED2D1359582A70A8B8503C569623EE90C18C6B33542796207,Tester/logs/20261011.log,972629,2026-06-03,16:35,B152PR,"MF	0	00:08:52.229	Core 04	2026.06.03 16:35:00   [SRJ-IND] B152PR sym=USDJPY bar=2026.06.03 16:30 z1=2566,B,159.382,159.407,2026.06.01 03:15,1,2026.06.03 11:30,159.790,159.368"
1883,JUNE0525-B162,1617DC1ACCE6B50ED2D1359582A70A8B8503C569623EE90C18C6B33542796207,Tester/logs/20261011.log,972630,2026-06-03,16:35,B152PR,"CL	0	00:08:52.229	Core 04	2026.06.03 16:35:00   [SRJ-IND] B152PR sym=USDJPY bar=2026.06.03 16:30 z1=2648,B,159.435,159.481,2026.06.01 16:00,1,2026.06.03 11:30,159.790,159.368"
1884,JUNE0525-B162,1617DC1ACCE6B50ED2D1359582A70A8B8503C569623EE90C18C6B33542796207,Tester/logs/20261011.log,972631,2026-06-03,16:35,B152PR,"PR	0	00:08:52.229	Core 04	2026.06.03 16:35:00   [SRJ-IND] B152PR sym=USDJPY bar=2026.06.03 16:30 z1=2716,B,159.576,159.603,2026.06.02 03:10,1,2026.06.03 10:35,159.787,159.550"
1885,JUNE0525-B162,1617DC1ACCE6B50ED2D1359582A70A8B8503C569623EE90C18C6B33542796207,Tester/logs/20261011.log,972632,2026-06-03,16:35,B152PR,"JH	0	00:08:52.229	Core 04	2026.06.03 16:35:00   [SRJ-IND] B152PR sym=USDJPY bar=2026.06.03 16:30 z1=2720,B,159.586,159.605,2026.06.02 01:05,1,2026.06.03 10:35,159.787,159.550"
1886,JUNE0525-B162,1617DC1ACCE6B50ED2D1359582A70A8B8503C569623EE90C18C6B33542796207,Tester/logs/20261011.log,972633,2026-06-03,16:35,B152PR,"FN	0	00:08:52.229	Core 04	2026.06.03 16:35:00   [SRJ-IND] B152PR sym=USDJPY bar=2026.06.03 16:30 z1=2945,B,159.579,159.675,2026.06.03 11:15,1,2026.06.03 11:25,159.727,159.674"
1887,JUNE0525-B162,1617DC1ACCE6B50ED2D1359582A70A8B8503C569623EE90C18C6B33542796207,Tester/logs/20261011.log,972634,2026-06-03,16:35,B152PR,"RD	0	00:08:52.229	Core 04	2026.06.03 16:35:00   [SRJ-IND] B152PR sym=USDJPY bar=2026.06.03 16:30 z1=2979,B,159.861,159.913,2026.06.03 16:00,1,2026.06.03 16:05,159.919,159.899"
1888,JUNE0525-B162,1617DC1ACCE6B50ED2D1359582A70A8B8503C569623EE90C18C6B33542796207,Tester/logs/20261011.log,972635,2026-06-03,16:35,B152PR,"MH	0	00:08:52.229	Core 04	2026.06.03 16:35:00   [SRJ-IND] B152PR sym=USDJPY bar=2026.06.03 16:30 bull=1 bear=0 nz=24"
1889,JUNE0525-B162,1617DC1ACCE6B50ED2D1359582A70A8B8503C569623EE90C18C6B33542796207,Tester/logs/20261011.log,972636,2026-06-03,16:35,B162ORIGIN,"EE	0	00:08:52.229	Core 04	2026.06.03 16:35:00   [SRJ-IND] B162ORIGIN sym=USDJPY bar=2026.06.03 16:30 side=B n=24 origin=2979 range=159.861-159.913 formT=2026.06.03 15:40 set=65,78,212,256,261,313,414,447,449,460,696,714,724,1405,1779,1780,1949,2509,2566,2648,2716,2720,2945,2979"
1890,JUNE0525-B162,1617DC1ACCE6B50ED2D1359582A70A8B8503C569623EE90C18C6B33542796207,Tester/logs/20261011.log,972637,2026-06-03,16:35,B162ORIGIN,"OP	0	00:08:52.229	Core 04	2026.06.03 16:35:00   [SRJ-IND] B162ORIGIN sym=USDJPY bar=2026.06.03 16:30 side=S n=0 origin=NONE range=- formT=- set=-"
1891,JUNE0525-B162,1617DC1ACCE6B50ED2D1359582A70A8B8503C569623EE90C18C6B33542796207,Tester/logs/20261011.log,972787,2026-06-03,16:35,CONFIRMPOLL,"JL	0	00:08:52.229	Core 04	2026.06.03 16:35:00   [SRJ-EA] CONFIRMPOLL bar=2026.06.03 16:30 anchor=Daily-POC dir=LONG oppCandle=1 bodyDir=0 body=12pts doji=0 touchAttr=0 confirm=0 shadow=true"
1892,JUNE0525-B162,1617DC1ACCE6B50ED2D1359582A70A8B8503C569623EE90C18C6B33542796207,Tester/logs/20261011.log,972794,2026-06-03,16:40,B152PR,"EO	0	00:08:52.229	Core 04	2026.06.03 16:40:00   [SRJ-IND] B152PR sym=USDJPY bar=2026.06.03 16:35 z1=65,B,156.672,156.773,2026.05.11 04:10,1,2026.05.12 08:55,157.714,156.726"
1893,JUNE0525-B162,1617DC1ACCE6B50ED2D1359582A70A8B8503C569623EE90C18C6B33542796207,Tester/logs/20261011.log,972795,2026-06-03,16:40,B152PR,"EE	0	00:08:52.229	Core 04	2026.06.03 16:40:00   [SRJ-IND] B152PR sym=USDJPY bar=2026.06.03 16:35 z1=78,B,156.578,156.584,2026.05.11 00:35,1,2026.05.11 00:40,156.644,156.537"
1894,JUNE0525-B162,1617DC1ACCE6B50ED2D1359582A70A8B8503C569623EE90C18C6B33542796207,Tester/logs/20261011.log,972796,2026-06-03,16:40,B152PR,"CH	0	00:08:52.229	Core 04	2026.06.03 16:40:00   [SRJ-IND] B152PR sym=USDJPY bar=2026.06.03 16:35 z1=212,B,157.028,157.060,2026.05.11 19:20,1,2026.05.12 00:00,157.152,157.050"
1895,JUNE0525-B162,1617DC1ACCE6B50ED2D1359582A70A8B8503C569623EE90C18C6B33542796207,Tester/logs/20261011.log,972797,2026-06-03,16:40,B152PR,"CR	0	00:08:52.229	Core 04	2026.06.03 16:40:00   [SRJ-IND] B152PR sym=USDJPY bar=2026.06.03 16:35 z1=256,B,157.172,157.178,2026.05.12 01:25,1,2026.05.12 08:55,157.714,156.726"
1896,JUNE0525-B162,1617DC1ACCE6B50ED2D1359582A70A8B8503C569623EE90C18C6B33542796207,Tester/logs/20261011.log,972798,2026-06-03,16:40,B152PR,"MD	0	00:08:52.229	Core 04	2026.06.03 16:40:00   [SRJ-IND] B152PR sym=USDJPY bar=2026.06.03 16:35 z1=261,B,157.184,157.192,2026.05.12 03:00,1,2026.05.12 08:55,157.714,156.726"
1897,JUNE0525-B162,1617DC1ACCE6B50ED2D1359582A70A8B8503C569623EE90C18C6B33542796207,Tester/logs/20261011.log,972799,2026-06-03,16:40,B152PR,"IN	0	00:08:52.229	Core 04	2026.06.03 16:40:00   [SRJ-IND] B152PR sym=USDJPY bar=2026.06.03 16:35 z1=313,B,157.331,157.497,2026.05.12 10:00,1,2026.05.12 10:10,157.546,157.487"
1898,JUNE0525-B162,1617DC1ACCE6B50ED2D1359582A70A8B8503C569623EE90C18C6B33542796207,Tester/logs/20261011.log,972800,2026-06-03,16:40,B152PR,"DS	0	00:08:52.229	Core 04	2026.06.03 16:40:00   [SRJ-IND] B152PR sym=USDJPY bar=2026.06.03 16:35 z1=414,B,157.517,157.589,2026.05.13 01:10,1,2026.05.13 01:20,157.607,157.587"
1899,JUNE0525-B162,1617DC1ACCE6B50ED2D1359582A70A8B8503C569623EE90C18C6B33542796207,Tester/logs/20261011.log,972801,2026-06-03,16:40,B152PR,"OE	0	00:08:52.229	Core 04	2026.06.03 16:40:00   [SRJ-IND] B152PR sym=USDJPY bar=2026.06.03 16:35 z1=447,B,157.562,157.648,2026.05.13 06:20,1,2026.05.13 06:25,157.662,157.648"
1900,JUNE0525-B162,1617DC1ACCE6B50ED2D1359582A70A8B8503C569623EE90C18C6B33542796207,Tester/logs/20261011.log,972802,2026-06-03,16:40,B152PR,"PO	0	00:08:52.229	Core 04	2026.06.03 16:40:00   [SRJ-IND] B152PR sym=USDJPY bar=2026.06.03 16:35 z1=449,B,157.599,157.654,2026.05.13 05:15,1,2026.05.13 05:45,157.687,157.652"
1901,JUNE0525-B162,1617DC1ACCE6B50ED2D1359582A70A8B8503C569623EE90C18C6B33542796207,Tester/logs/20261011.log,972803,2026-06-03,16:40,B152PR,"IQ	0	00:08:52.229	Core 04	2026.06.03 16:40:00   [SRJ-IND] B152PR sym=USDJPY bar=2026.06.03 16:35 z1=460,B,157.645,157.660,2026.05.13 07:05,1,2026.05.14 00:25,157.812,157.650"
1902,JUNE0525-B162,1617DC1ACCE6B50ED2D1359582A70A8B8503C569623EE90C18C6B33542796207,Tester/logs/20261011.log,972804,2026-06-03,16:40,B152PR,"QK	0	00:08:52.229	Core 04	2026.06.03 16:40:00   [SRJ-IND] B152PR sym=USDJPY bar=2026.06.03 16:35 z1=696,B,157.568,158.167,2026.05.14 18:05,1,2026.05.14 18:10,158.191,158.119"
1903,JUNE0525-B162,1617DC1ACCE6B50ED2D1359582A70A8B8503C569623EE90C18C6B33542796207,Tester/logs/20261011.log,972805,2026-06-03,16:40,B152PR,"IM	0	00:08:52.229	Core 04	2026.06.03 16:40:00   [SRJ-IND] B152PR sym=USDJPY bar=2026.06.03 16:35 z1=714,B,158.107,158.142,2026.05.14 19:30,1,2026.05.14 20:00,158.169,158.142"
1904,JUNE0525-B162,1617DC1ACCE6B50ED2D1359582A70A8B8503C569623EE90C18C6B33542796207,Tester/logs/20261011.log,972806,2026-06-03,16:40,B152PR,"HG	0	00:08:52.229	Core 04	2026.06.03 16:40:00   [SRJ-IND] B152PR sym=USDJPY bar=2026.06.03 16:35 z1=724,B,158.168,158.186,2026.05.14 21:00,1,2026.05.14 21:05,158.191,158.182"
1905,JUNE0525-B162,1617DC1ACCE6B50ED2D1359582A70A8B8503C569623EE90C18C6B33542796207,Tester/logs/20261011.log,972807,2026-06-03,16:40,B152PR,"FJ	0	00:08:52.229	Core 04	2026.06.03 16:40:00   [SRJ-IND] B152PR sym=USDJPY bar=2026.06.03 16:35 z1=1405,B,158.735,158.769,2026.05.20 19:00,1,2026.05.20 19:05,158.816,158.753"
1906,JUNE0525-B162,1617DC1ACCE6B50ED2D1359582A70A8B8503C569623EE90C18C6B33542796207,Tester/logs/20261011.log,972808,2026-06-03,16:40,B152PR,"PP	0	00:08:52.229	Core 04	2026.06.03 16:40:00   [SRJ-IND] B152PR sym=USDJPY bar=2026.06.03 16:35 z1=1779,B,158.756,158.800,2026.05.25 06:45,1,2026.05.26 00:00,158.887,158.784"
1907,JUNE0525-B162,1617DC1ACCE6B50ED2D1359582A70A8B8503C569623EE90C18C6B33542796207,Tester/logs/20261011.log,972809,2026-06-03,16:40,B152PR,"MF	0	00:08:52.229	Core 04	2026.06.03 16:40:00   [SRJ-IND] B152PR sym=USDJPY bar=2026.06.03 16:35 z1=1780,B,158.789,158.814,2026.05.25 04:50,1,2026.05.26 00:00,158.887,158.784"
1908,JUNE0525-B162,1617DC1ACCE6B50ED2D1359582A70A8B8503C569623EE90C18C6B33542796207,Tester/logs/20261011.log,972810,2026-06-03,16:40,B152PR,"DL	0	00:08:52.229	Core 04	2026.06.03 16:40:00   [SRJ-IND] B152PR sym=USDJPY bar=2026.06.03 16:35 z1=1949,B,158.916,158.934,2026.05.26 07:25,1,2026.05.26 07:30,158.942,158.934"
1909,JUNE0525-B162,1617DC1ACCE6B50ED2D1359582A70A8B8503C569623EE90C18C6B33542796207,Tester/logs/20261011.log,972811,2026-06-03,16:40,B152PR,"MR	0	00:08:52.229	Core 04	2026.06.03 16:40:00   [SRJ-IND] B152PR sym=USDJPY bar=2026.06.03 16:35 z1=2509,B,159.134,159.195,2026.05.29 19:10,1,2026.05.29 19:35,159.215,159.186"
1910,JUNE0525-B162,1617DC1ACCE6B50ED2D1359582A70A8B8503C569623EE90C18C6B33542796207,Tester/logs/20261011.log,972812,2026-06-03,16:40,B152PR,"LH	0	00:08:52.229	Core 04	2026.06.03 16:40:00   [SRJ-IND] B152PR sym=USDJPY bar=2026.06.03 16:35 z1=2566,B,159.382,159.407,2026.06.01 03:15,1,2026.06.03 11:30,159.790,159.368"
1911,JUNE0525-B162,1617DC1ACCE6B50ED2D1359582A70A8B8503C569623EE90C18C6B33542796207,Tester/logs/20261011.log,972813,2026-06-03,16:40,B152PR,"FN	0	00:08:52.229	Core 04	2026.06.03 16:40:00   [SRJ-IND] B152PR sym=USDJPY bar=2026.06.03 16:35 z1=2648,B,159.435,159.481,2026.06.01 16:00,1,2026.06.03 11:30,159.790,159.368"
1912,JUNE0525-B162,1617DC1ACCE6B50ED2D1359582A70A8B8503C569623EE90C18C6B33542796207,Tester/logs/20261011.log,972814,2026-06-03,16:40,B152PR,"QD	0	00:08:52.229	Core 04	2026.06.03 16:40:00   [SRJ-IND] B152PR sym=USDJPY bar=2026.06.03 16:35 z1=2716,B,159.576,159.603,2026.06.02 03:10,1,2026.06.03 10:35,159.787,159.550"
1913,JUNE0525-B162,1617DC1ACCE6B50ED2D1359582A70A8B8503C569623EE90C18C6B33542796207,Tester/logs/20261011.log,972815,2026-06-03,16:40,B152PR,"GJ	0	00:08:52.229	Core 04	2026.06.03 16:40:00   [SRJ-IND] B152PR sym=USDJPY bar=2026.06.03 16:35 z1=2720,B,159.586,159.605,2026.06.02 01:05,1,2026.06.03 10:35,159.787,159.550"
1914,JUNE0525-B162,1617DC1ACCE6B50ED2D1359582A70A8B8503C569623EE90C18C6B33542796207,Tester/logs/20261011.log,972816,2026-06-03,16:40,B152PR,"CP	0	00:08:52.229	Core 04	2026.06.03 16:40:00   [SRJ-IND] B152PR sym=USDJPY bar=2026.06.03 16:35 z1=2945,B,159.579,159.675,2026.06.03 11:15,1,2026.06.03 11:25,159.727,159.674"
1915,JUNE0525-B162,1617DC1ACCE6B50ED2D1359582A70A8B8503C569623EE90C18C6B33542796207,Tester/logs/20261011.log,972817,2026-06-03,16:40,B152PR,"OF	0	00:08:52.229	Core 04	2026.06.03 16:40:00   [SRJ-IND] B152PR sym=USDJPY bar=2026.06.03 16:35 z1=2979,B,159.861,159.913,2026.06.03 16:00,1,2026.06.03 16:05,159.919,159.899"
1916,JUNE0525-B162,1617DC1ACCE6B50ED2D1359582A70A8B8503C569623EE90C18C6B33542796207,Tester/logs/20261011.log,972818,2026-06-03,16:40,B152PR,"LN	0	00:08:52.229	Core 04	2026.06.03 16:40:00   [SRJ-IND] B152PR sym=USDJPY bar=2026.06.03 16:35 bull=1 bear=0 nz=24"
1917,JUNE0525-B162,1617DC1ACCE6B50ED2D1359582A70A8B8503C569623EE90C18C6B33542796207,Tester/logs/20261011.log,972819,2026-06-03,16:40,B162ORIGIN,"LD	0	00:08:52.229	Core 04	2026.06.03 16:40:00   [SRJ-IND] B162ORIGIN sym=USDJPY bar=2026.06.03 16:35 side=B n=24 origin=2979 range=159.861-159.913 formT=2026.06.03 15:40 set=65,78,212,256,261,313,414,447,449,460,696,714,724,1405,1779,1780,1949,2509,2566,2648,2716,2720,2945,2979"
1918,JUNE0525-B162,1617DC1ACCE6B50ED2D1359582A70A8B8503C569623EE90C18C6B33542796207,Tester/logs/20261011.log,972820,2026-06-03,16:40,B162ORIGIN,"JS	0	00:08:52.229	Core 04	2026.06.03 16:40:00   [SRJ-IND] B162ORIGIN sym=USDJPY bar=2026.06.03 16:35 side=S n=0 origin=NONE range=- formT=- set=-"
1919,JUNE0525-B162,1617DC1ACCE6B50ED2D1359582A70A8B8503C569623EE90C18C6B33542796207,Tester/logs/20261011.log,972970,2026-06-03,16:40,CONFIRMPOLL,"RM	0	00:08:52.229	Core 04	2026.06.03 16:40:00   [SRJ-EA] CONFIRMPOLL bar=2026.06.03 16:35 anchor=Daily-POC dir=LONG oppCandle=1 bodyDir=1 body=10pts doji=0 touchAttr=0 confirm=0 shadow=true"
1920,JUNE0525-B162,1617DC1ACCE6B50ED2D1359582A70A8B8503C569623EE90C18C6B33542796207,Tester/logs/20261011.log,972977,2026-06-03,16:45,B152PR,"HQ	0	00:08:52.229	Core 04	2026.06.03 16:45:00   [SRJ-IND] B152PR sym=USDJPY bar=2026.06.03 16:40 z1=65,B,156.672,156.773,2026.05.11 04:10,1,2026.05.12 08:55,157.714,156.726"
1921,JUNE0525-B162,1617DC1ACCE6B50ED2D1359582A70A8B8503C569623EE90C18C6B33542796207,Tester/logs/20261011.log,972978,2026-06-03,16:45,B152PR,"HG	0	00:08:52.229	Core 04	2026.06.03 16:45:00   [SRJ-IND] B152PR sym=USDJPY bar=2026.06.03 16:40 z1=78,B,156.578,156.584,2026.05.11 00:35,1,2026.05.11 00:40,156.644,156.537"
1922,JUNE0525-B162,1617DC1ACCE6B50ED2D1359582A70A8B8503C569623EE90C18C6B33542796207,Tester/logs/20261011.log,972979,2026-06-03,16:45,B152PR,"JN	0	00:08:52.229	Core 04	2026.06.03 16:45:00   [SRJ-IND] B152PR sym=USDJPY bar=2026.06.03 16:40 z1=212,B,157.028,157.060,2026.05.11 19:20,1,2026.05.12 00:00,157.152,157.050"
1923,JUNE0525-B162,1617DC1ACCE6B50ED2D1359582A70A8B8503C569623EE90C18C6B33542796207,Tester/logs/20261011.log,972980,2026-06-03,16:45,B152PR,"JP	0	00:08:52.229	Core 04	2026.06.03 16:45:00   [SRJ-IND] B152PR sym=USDJPY bar=2026.06.03 16:40 z1=256,B,157.172,157.178,2026.05.12 01:25,1,2026.05.12 08:55,157.714,156.726"
1924,JUNE0525-B162,1617DC1ACCE6B50ED2D1359582A70A8B8503C569623EE90C18C6B33542796207,Tester/logs/20261011.log,972981,2026-06-03,16:45,B152PR,"PJ	0	00:08:52.229	Core 04	2026.06.03 16:45:00   [SRJ-IND] B152PR sym=USDJPY bar=2026.06.03 16:40 z1=261,B,157.184,157.192,2026.05.12 03:00,1,2026.05.12 08:55,157.714,156.726"
1925,JUNE0525-B162,1617DC1ACCE6B50ED2D1359582A70A8B8503C569623EE90C18C6B33542796207,Tester/logs/20261011.log,972982,2026-06-03,16:45,B152PR,"DL	0	00:08:52.229	Core 04	2026.06.03 16:45:00   [SRJ-IND] B152PR sym=USDJPY bar=2026.06.03 16:40 z1=313,B,157.331,157.497,2026.05.12 10:00,1,2026.05.12 10:10,157.546,157.487"
1926,JUNE0525-B162,1617DC1ACCE6B50ED2D1359582A70A8B8503C569623EE90C18C6B33542796207,Tester/logs/20261011.log,972983,2026-06-03,16:45,B152PR,"IQ	0	00:08:52.229	Core 04	2026.06.03 16:45:00   [SRJ-IND] B152PR sym=USDJPY bar=2026.06.03 16:40 z1=414,B,157.517,157.589,2026.05.13 01:10,1,2026.05.13 01:20,157.607,157.587"
1927,JUNE0525-B162,1617DC1ACCE6B50ED2D1359582A70A8B8503C569623EE90C18C6B33542796207,Tester/logs/20261011.log,972984,2026-06-03,16:45,B152PR,"NK	0	00:08:52.229	Core 04	2026.06.03 16:45:00   [SRJ-IND] B152PR sym=USDJPY bar=2026.06.03 16:40 z1=447,B,157.562,157.648,2026.05.13 06:20,1,2026.05.13 06:25,157.662,157.648"
1928,JUNE0525-B162,1617DC1ACCE6B50ED2D1359582A70A8B8503C569623EE90C18C6B33542796207,Tester/logs/20261011.log,972985,2026-06-03,16:45,B152PR,"MM	0	00:08:52.229	Core 04	2026.06.03 16:45:00   [SRJ-IND] B152PR sym=USDJPY bar=2026.06.03 16:40 z1=449,B,157.599,157.654,2026.05.13 05:15,1,2026.05.13 05:45,157.687,157.652"
1929,JUNE0525-B162,1617DC1ACCE6B50ED2D1359582A70A8B8503C569623EE90C18C6B33542796207,Tester/logs/20261011.log,972986,2026-06-03,16:45,B152PR,"DG	0	00:08:52.229	Core 04	2026.06.03 16:45:00   [SRJ-IND] B152PR sym=USDJPY bar=2026.06.03 16:40 z1=460,B,157.645,157.660,2026.05.13 07:05,1,2026.05.14 00:25,157.812,157.650"
1930,JUNE0525-B162,1617DC1ACCE6B50ED2D1359582A70A8B8503C569623EE90C18C6B33542796207,Tester/logs/20261011.log,972987,2026-06-03,16:45,B152PR,"LI	0	00:08:52.229	Core 04	2026.06.03 16:45:00   [SRJ-IND] B152PR sym=USDJPY bar=2026.06.03 16:40 z1=696,B,157.568,158.167,2026.05.14 18:05,1,2026.05.14 18:10,158.191,158.119"
1931,JUNE0525-B162,1617DC1ACCE6B50ED2D1359582A70A8B8503C569623EE90C18C6B33542796207,Tester/logs/20261011.log,972988,2026-06-03,16:45,B152PR,"DS	0	00:08:52.229	Core 04	2026.06.03 16:45:00   [SRJ-IND] B152PR sym=USDJPY bar=2026.06.03 16:40 z1=714,B,158.107,158.142,2026.05.14 19:30,1,2026.05.14 20:00,158.169,158.142"
1932,JUNE0525-B162,1617DC1ACCE6B50ED2D1359582A70A8B8503C569623EE90C18C6B33542796207,Tester/logs/20261011.log,972989,2026-06-03,16:45,B152PR,"EE	0	00:08:52.229	Core 04	2026.06.03 16:45:00   [SRJ-IND] B152PR sym=USDJPY bar=2026.06.03 16:40 z1=724,B,158.168,158.186,2026.05.14 21:00,1,2026.05.14 21:05,158.191,158.182"
1933,JUNE0525-B162,1617DC1ACCE6B50ED2D1359582A70A8B8503C569623EE90C18C6B33542796207,Tester/logs/20261011.log,972990,2026-06-03,16:45,B152PR,"GL	0	00:08:52.229	Core 04	2026.06.03 16:45:00   [SRJ-IND] B152PR sym=USDJPY bar=2026.06.03 16:40 z1=1405,B,158.735,158.769,2026.05.20 19:00,1,2026.05.20 19:05,158.816,158.753"
1934,JUNE0525-B162,1617DC1ACCE6B50ED2D1359582A70A8B8503C569623EE90C18C6B33542796207,Tester/logs/20261011.log,972991,2026-06-03,16:45,B152PR,"MR	0	00:08:52.229	Core 04	2026.06.03 16:45:00   [SRJ-IND] B152PR sym=USDJPY bar=2026.06.03 16:40 z1=1779,B,158.756,158.800,2026.05.25 06:45,1,2026.05.26 00:00,158.887,158.784"
1935,JUNE0525-B162,1617DC1ACCE6B50ED2D1359582A70A8B8503C569623EE90C18C6B33542796207,Tester/logs/20261011.log,972992,2026-06-03,16:45,B152PR,"PH	0	00:08:52.229	Core 04	2026.06.03 16:45:00   [SRJ-IND] B152PR sym=USDJPY bar=2026.06.03 16:40 z1=1780,B,158.789,158.814,2026.05.25 04:50,1,2026.05.26 00:00,158.887,158.784"
1936,JUNE0525-B162,1617DC1ACCE6B50ED2D1359582A70A8B8503C569623EE90C18C6B33542796207,Tester/logs/20261011.log,972993,2026-06-03,16:45,B152PR,"IN	0	00:08:52.229	Core 04	2026.06.03 16:45:00   [SRJ-IND] B152PR sym=USDJPY bar=2026.06.03 16:40 z1=1949,B,158.916,158.934,2026.05.26 07:25,1,2026.05.26 07:30,158.942,158.934"
1937,JUNE0525-B162,1617DC1ACCE6B50ED2D1359582A70A8B8503C569623EE90C18C6B33542796207,Tester/logs/20261011.log,972994,2026-06-03,16:45,B152PR,"PD	0	00:08:52.229	Core 04	2026.06.03 16:45:00   [SRJ-IND] B152PR sym=USDJPY bar=2026.06.03 16:40 z1=2509,B,159.134,159.195,2026.05.29 19:10,1,2026.05.29 19:35,159.215,159.186"
1938,JUNE0525-B162,1617DC1ACCE6B50ED2D1359582A70A8B8503C569623EE90C18C6B33542796207,Tester/logs/20261011.log,972995,2026-06-03,16:45,B152PR,"QJ	0	00:08:52.229	Core 04	2026.06.03 16:45:00   [SRJ-IND] B152PR sym=USDJPY bar=2026.06.03 16:40 z1=2566,B,159.382,159.407,2026.06.01 03:15,1,2026.06.03 11:30,159.790,159.368"
1939,JUNE0525-B162,1617DC1ACCE6B50ED2D1359582A70A8B8503C569623EE90C18C6B33542796207,Tester/logs/20261011.log,972996,2026-06-03,16:45,B152PR,"GP	0	00:08:52.229	Core 04	2026.06.03 16:45:00   [SRJ-IND] B152PR sym=USDJPY bar=2026.06.03 16:40 z1=2648,B,159.435,159.481,2026.06.01 16:00,1,2026.06.03 11:30,159.790,159.368"
1940,JUNE0525-B162,1617DC1ACCE6B50ED2D1359582A70A8B8503C569623EE90C18C6B33542796207,Tester/logs/20261011.log,972997,2026-06-03,16:45,B152PR,"LF	0	00:08:52.229	Core 04	2026.06.03 16:45:00   [SRJ-IND] B152PR sym=USDJPY bar=2026.06.03 16:40 z1=2716,B,159.576,159.603,2026.06.02 03:10,1,2026.06.03 10:35,159.787,159.550"
1941,JUNE0525-B162,1617DC1ACCE6B50ED2D1359582A70A8B8503C569623EE90C18C6B33542796207,Tester/logs/20261011.log,972998,2026-06-03,16:45,B152PR,"FL	0	00:08:52.229	Core 04	2026.06.03 16:45:00   [SRJ-IND] B152PR sym=USDJPY bar=2026.06.03 16:40 z1=2720,B,159.586,159.605,2026.06.02 01:05,1,2026.06.03 10:35,159.787,159.550"
1942,JUNE0525-B162,1617DC1ACCE6B50ED2D1359582A70A8B8503C569623EE90C18C6B33542796207,Tester/logs/20261011.log,972999,2026-06-03,16:45,B152PR,"JR	0	00:08:52.229	Core 04	2026.06.03 16:45:00   [SRJ-IND] B152PR sym=USDJPY bar=2026.06.03 16:40 z1=2945,B,159.579,159.675,2026.06.03 11:15,1,2026.06.03 11:25,159.727,159.674"
1943,JUNE0525-B162,1617DC1ACCE6B50ED2D1359582A70A8B8503C569623EE90C18C6B33542796207,Tester/logs/20261011.log,973000,2026-06-03,16:45,B152PR,"NH	0	00:08:52.229	Core 04	2026.06.03 16:45:00   [SRJ-IND] B152PR sym=USDJPY bar=2026.06.03 16:40 z1=2979,B,159.861,159.913,2026.06.03 16:00,1,2026.06.03 16:05,159.919,159.899"
1944,JUNE0525-B162,1617DC1ACCE6B50ED2D1359582A70A8B8503C569623EE90C18C6B33542796207,Tester/logs/20261011.log,973001,2026-06-03,16:45,B152PR,"QL	0	00:08:52.229	Core 04	2026.06.03 16:45:00   [SRJ-IND] B152PR sym=USDJPY bar=2026.06.03 16:40 bull=1 bear=0 nz=24"
1945,JUNE0525-B162,1617DC1ACCE6B50ED2D1359582A70A8B8503C569623EE90C18C6B33542796207,Tester/logs/20261011.log,973002,2026-06-03,16:45,B162ORIGIN,"QR	0	00:08:52.229	Core 04	2026.06.03 16:45:00   [SRJ-IND] B162ORIGIN sym=USDJPY bar=2026.06.03 16:40 side=B n=24 origin=2979 range=159.861-159.913 formT=2026.06.03 15:40 set=65,78,212,256,261,313,414,447,449,460,696,714,724,1405,1779,1780,1949,2509,2566,2648,2716,2720,2945,2979"
1946,JUNE0525-B162,1617DC1ACCE6B50ED2D1359582A70A8B8503C569623EE90C18C6B33542796207,Tester/logs/20261011.log,973003,2026-06-03,16:45,B162ORIGIN,"CM	0	00:08:52.229	Core 04	2026.06.03 16:45:00   [SRJ-IND] B162ORIGIN sym=USDJPY bar=2026.06.03 16:40 side=S n=0 origin=NONE range=- formT=- set=-"
1947,JUNE0525-B162,1617DC1ACCE6B50ED2D1359582A70A8B8503C569623EE90C18C6B33542796207,Tester/logs/20261011.log,973154,2026-06-03,16:45,CONFIRMPOLL,"OL	0	00:08:52.229	Core 04	2026.06.03 16:45:00   [SRJ-EA] CONFIRMPOLL bar=2026.06.03 16:40 anchor=Daily-POC dir=LONG oppCandle=0 bodyDir=1 body=4pts doji=0 touchAttr=0 confirm=0 shadow=true"
1948,JUNE0525-B162,1617DC1ACCE6B50ED2D1359582A70A8B8503C569623EE90C18C6B33542796207,Tester/logs/20261011.log,973161,2026-06-03,16:50,B152PR,"QS	0	00:08:52.229	Core 04	2026.06.03 16:50:00   [SRJ-IND] B152PR sym=USDJPY bar=2026.06.03 16:45 z1=65,B,156.672,156.773,2026.05.11 04:10,1,2026.05.12 08:55,157.714,156.726"
1949,JUNE0525-B162,1617DC1ACCE6B50ED2D1359582A70A8B8503C569623EE90C18C6B33542796207,Tester/logs/20261011.log,973162,2026-06-03,16:50,B152PR,"QI	0	00:08:52.229	Core 04	2026.06.03 16:50:00   [SRJ-IND] B152PR sym=USDJPY bar=2026.06.03 16:45 z1=78,B,156.578,156.584,2026.05.11 00:35,1,2026.05.11 00:40,156.644,156.537"
1950,JUNE0525-B162,1617DC1ACCE6B50ED2D1359582A70A8B8503C569623EE90C18C6B33542796207,Tester/logs/20261011.log,973163,2026-06-03,16:50,B152PR,"OO	0	00:08:52.229	Core 04	2026.06.03 16:50:00   [SRJ-IND] B152PR sym=USDJPY bar=2026.06.03 16:45 z1=212,B,157.028,157.060,2026.05.11 19:20,1,2026.05.12 00:00,157.152,157.050"
1951,JUNE0525-B162,1617DC1ACCE6B50ED2D1359582A70A8B8503C569623EE90C18C6B33542796207,Tester/logs/20261011.log,973164,2026-06-03,16:50,B152PR,"KQ	0	00:08:52.229	Core 04	2026.06.03 16:50:00   [SRJ-IND] B152PR sym=USDJPY bar=2026.06.03 16:45 z1=256,B,157.172,157.178,2026.05.12 01:25,1,2026.05.12 08:55,157.714,156.726"
1952,JUNE0525-B162,1617DC1ACCE6B50ED2D1359582A70A8B8503C569623EE90C18C6B33542796207,Tester/logs/20261011.log,973165,2026-06-03,16:50,B152PR,"IK	0	00:08:52.229	Core 04	2026.06.03 16:50:00   [SRJ-IND] B152PR sym=USDJPY bar=2026.06.03 16:45 z1=261,B,157.184,157.192,2026.05.12 03:00,1,2026.05.12 08:55,157.714,156.726"
1953,JUNE0525-B162,1617DC1ACCE6B50ED2D1359582A70A8B8503C569623EE90C18C6B33542796207,Tester/logs/20261011.log,973166,2026-06-03,16:50,B152PR,"IM	0	00:08:52.229	Core 04	2026.06.03 16:50:00   [SRJ-IND] B152PR sym=USDJPY bar=2026.06.03 16:45 z1=313,B,157.331,157.497,2026.05.12 10:00,1,2026.05.12 10:10,157.546,157.487"
1954,JUNE0525-B162,1617DC1ACCE6B50ED2D1359582A70A8B8503C569623EE90C18C6B33542796207,Tester/logs/20261011.log,973167,2026-06-03,16:50,B152PR,"PG	0	00:08:52.229	Core 04	2026.06.03 16:50:00   [SRJ-IND] B152PR sym=USDJPY bar=2026.06.03 16:45 z1=414,B,157.517,157.589,2026.05.13 01:10,1,2026.05.13 01:20,157.607,157.587"
1955,JUNE0525-B162,1617DC1ACCE6B50ED2D1359582A70A8B8503C569623EE90C18C6B33542796207,Tester/logs/20261011.log,973168,2026-06-03,16:50,B152PR,"GI	0	00:08:52.229	Core 04	2026.06.03 16:50:00   [SRJ-IND] B152PR sym=USDJPY bar=2026.06.03 16:45 z1=447,B,157.562,157.648,2026.05.13 06:20,1,2026.05.13 06:25,157.662,157.648"
1956,JUNE0525-B162,1617DC1ACCE6B50ED2D1359582A70A8B8503C569623EE90C18C6B33542796207,Tester/logs/20261011.log,973169,2026-06-03,16:50,B152PR,"DS	0	00:08:52.229	Core 04	2026.06.03 16:50:00   [SRJ-IND] B152PR sym=USDJPY bar=2026.06.03 16:45 z1=449,B,157.599,157.654,2026.05.13 05:15,1,2026.05.13 05:45,157.687,157.652"
1957,JUNE0525-B162,1617DC1ACCE6B50ED2D1359582A70A8B8503C569623EE90C18C6B33542796207,Tester/logs/20261011.log,973170,2026-06-03,16:50,B152PR,"ID	0	00:08:52.229	Core 04	2026.06.03 16:50:00   [SRJ-IND] B152PR sym=USDJPY bar=2026.06.03 16:45 z1=460,B,157.645,157.660,2026.05.13 07:05,1,2026.05.14 00:25,157.812,157.650"
1958,JUNE0525-B162,1617DC1ACCE6B50ED2D1359582A70A8B8503C569623EE90C18C6B33542796207,Tester/logs/20261011.log,973171,2026-06-03,16:50,B152PR,"EN	0	00:08:52.229	Core 04	2026.06.03 16:50:00   [SRJ-IND] B152PR sym=USDJPY bar=2026.06.03 16:45 z1=696,B,157.568,158.167,2026.05.14 18:05,1,2026.05.14 18:10,158.191,158.119"
1959,JUNE0525-B162,1617DC1ACCE6B50ED2D1359582A70A8B8503C569623EE90C18C6B33542796207,Tester/logs/20261011.log,973172,2026-06-03,16:50,B152PR,"QP	0	00:08:52.229	Core 04	2026.06.03 16:50:00   [SRJ-IND] B152PR sym=USDJPY bar=2026.06.03 16:45 z1=714,B,158.107,158.142,2026.05.14 19:30,1,2026.05.14 20:00,158.169,158.142"
1960,JUNE0525-B162,1617DC1ACCE6B50ED2D1359582A70A8B8503C569623EE90C18C6B33542796207,Tester/logs/20261011.log,973173,2026-06-03,16:50,B152PR,"LJ	0	00:08:52.229	Core 04	2026.06.03 16:50:00   [SRJ-IND] B152PR sym=USDJPY bar=2026.06.03 16:45 z1=724,B,158.168,158.186,2026.05.14 21:00,1,2026.05.14 21:05,158.191,158.182"
1961,JUNE0525-B162,1617DC1ACCE6B50ED2D1359582A70A8B8503C569623EE90C18C6B33542796207,Tester/logs/20261011.log,973174,2026-06-03,16:50,B152PR,"FO	0	00:08:52.229	Core 04	2026.06.03 16:50:00   [SRJ-IND] B152PR sym=USDJPY bar=2026.06.03 16:45 z1=1405,B,158.735,158.769,2026.05.20 19:00,1,2026.05.20 19:05,158.816,158.753"
1962,JUNE0525-B162,1617DC1ACCE6B50ED2D1359582A70A8B8503C569623EE90C18C6B33542796207,Tester/logs/20261011.log,973175,2026-06-03,16:50,B152PR,"PE	0	00:08:52.229	Core 04	2026.06.03 16:50:00   [SRJ-IND] B152PR sym=USDJPY bar=2026.06.03 16:45 z1=1779,B,158.756,158.800,2026.05.25 06:45,1,2026.05.26 00:00,158.887,158.784"
1963,JUNE0525-B162,1617DC1ACCE6B50ED2D1359582A70A8B8503C569623EE90C18C6B33542796207,Tester/logs/20261011.log,973176,2026-06-03,16:50,B152PR,"MK	0	00:08:52.229	Core 04	2026.06.03 16:50:00   [SRJ-IND] B152PR sym=USDJPY bar=2026.06.03 16:45 z1=1780,B,158.789,158.814,2026.05.25 04:50,1,2026.05.26 00:00,158.887,158.784"
1964,JUNE0525-B162,1617DC1ACCE6B50ED2D1359582A70A8B8503C569623EE90C18C6B33542796207,Tester/logs/20261011.log,973177,2026-06-03,16:50,B152PR,"DQ	0	00:08:52.229	Core 04	2026.06.03 16:50:00   [SRJ-IND] B152PR sym=USDJPY bar=2026.06.03 16:45 z1=1949,B,158.916,158.934,2026.05.26 07:25,1,2026.05.26 07:30,158.942,158.934"
1965,JUNE0525-B162,1617DC1ACCE6B50ED2D1359582A70A8B8503C569623EE90C18C6B33542796207,Tester/logs/20261011.log,973178,2026-06-03,16:50,B152PR,"MG	0	00:08:52.229	Core 04	2026.06.03 16:50:00   [SRJ-IND] B152PR sym=USDJPY bar=2026.06.03 16:45 z1=2509,B,159.134,159.195,2026.05.29 19:10,1,2026.05.29 19:35,159.215,159.186"
1966,JUNE0525-B162,1617DC1ACCE6B50ED2D1359582A70A8B8503C569623EE90C18C6B33542796207,Tester/logs/20261011.log,973179,2026-06-03,16:50,B152PR,"LM	0	00:08:52.229	Core 04	2026.06.03 16:50:00   [SRJ-IND] B152PR sym=USDJPY bar=2026.06.03 16:45 z1=2566,B,159.382,159.407,2026.06.01 03:15,1,2026.06.03 11:30,159.790,159.368"
1967,JUNE0525-B162,1617DC1ACCE6B50ED2D1359582A70A8B8503C569623EE90C18C6B33542796207,Tester/logs/20261011.log,973180,2026-06-03,16:50,B152PR,"FS	0	00:08:52.229	Core 04	2026.06.03 16:50:00   [SRJ-IND] B152PR sym=USDJPY bar=2026.06.03 16:45 z1=2648,B,159.435,159.481,2026.06.01 16:00,1,2026.06.03 11:30,159.790,159.368"
1968,JUNE0525-B162,1617DC1ACCE6B50ED2D1359582A70A8B8503C569623EE90C18C6B33542796207,Tester/logs/20261011.log,973181,2026-06-03,16:50,B152PR,"QI	0	00:08:52.229	Core 04	2026.06.03 16:50:00   [SRJ-IND] B152PR sym=USDJPY bar=2026.06.03 16:45 z1=2716,B,159.576,159.603,2026.06.02 03:10,1,2026.06.03 10:35,159.787,159.550"
1969,JUNE0525-B162,1617DC1ACCE6B50ED2D1359582A70A8B8503C569623EE90C18C6B33542796207,Tester/logs/20261011.log,973182,2026-06-03,16:50,B152PR,"GO	0	00:08:52.229	Core 04	2026.06.03 16:50:00   [SRJ-IND] B152PR sym=USDJPY bar=2026.06.03 16:45 z1=2720,B,159.586,159.605,2026.06.02 01:05,1,2026.06.03 10:35,159.787,159.550"
1970,JUNE0525-B162,1617DC1ACCE6B50ED2D1359582A70A8B8503C569623EE90C18C6B33542796207,Tester/logs/20261011.log,973183,2026-06-03,16:50,B152PR,"CE	0	00:08:52.229	Core 04	2026.06.03 16:50:00   [SRJ-IND] B152PR sym=USDJPY bar=2026.06.03 16:45 z1=2945,B,159.579,159.675,2026.06.03 11:15,1,2026.06.03 11:25,159.727,159.674"
1971,JUNE0525-B162,1617DC1ACCE6B50ED2D1359582A70A8B8503C569623EE90C18C6B33542796207,Tester/logs/20261011.log,973184,2026-06-03,16:50,B152PR,"OK	0	00:08:52.229	Core 04	2026.06.03 16:50:00   [SRJ-IND] B152PR sym=USDJPY bar=2026.06.03 16:45 z1=2979,B,159.861,159.913,2026.06.03 16:00,1,2026.06.03 16:05,159.919,159.899"
1972,JUNE0525-B162,1617DC1ACCE6B50ED2D1359582A70A8B8503C569623EE90C18C6B33542796207,Tester/logs/20261011.log,973185,2026-06-03,16:50,B152PR,"LS	0	00:08:52.229	Core 04	2026.06.03 16:50:00   [SRJ-IND] B152PR sym=USDJPY bar=2026.06.03 16:45 bull=1 bear=0 nz=24"
1973,JUNE0525-B162,1617DC1ACCE6B50ED2D1359582A70A8B8503C569623EE90C18C6B33542796207,Tester/logs/20261011.log,973186,2026-06-03,16:50,B162ORIGIN,"DP	0	00:08:52.229	Core 04	2026.06.03 16:50:00   [SRJ-IND] B162ORIGIN sym=USDJPY bar=2026.06.03 16:45 side=B n=24 origin=2979 range=159.861-159.913 formT=2026.06.03 15:40 set=65,78,212,256,261,313,414,447,449,460,696,714,724,1405,1779,1780,1949,2509,2566,2648,2716,2720,2945,2979"
1974,JUNE0525-B162,1617DC1ACCE6B50ED2D1359582A70A8B8503C569623EE90C18C6B33542796207,Tester/logs/20261011.log,973187,2026-06-03,16:50,B162ORIGIN,"RO	0	00:08:52.229	Core 04	2026.06.03 16:50:00   [SRJ-IND] B162ORIGIN sym=USDJPY bar=2026.06.03 16:45 side=S n=0 origin=NONE range=- formT=- set=-"
1975,JUNE0525-B162,1617DC1ACCE6B50ED2D1359582A70A8B8503C569623EE90C18C6B33542796207,Tester/logs/20261011.log,973337,2026-06-03,16:50,CONFIRMPOLL,"FQ	0	00:08:52.229	Core 04	2026.06.03 16:50:00   [SRJ-EA] CONFIRMPOLL bar=2026.06.03 16:45 anchor=Daily-POC dir=LONG oppCandle=0 bodyDir=1 body=24pts doji=0 touchAttr=0 confirm=0 shadow=true"
1976,JUNE0525-B162,1617DC1ACCE6B50ED2D1359582A70A8B8503C569623EE90C18C6B33542796207,Tester/logs/20261011.log,973345,2026-06-03,16:55,B152PR,"PQ	0	00:08:52.229	Core 04	2026.06.03 16:55:00   [SRJ-IND] B152PR sym=USDJPY bar=2026.06.03 16:50 z1=65,B,156.672,156.773,2026.05.11 04:10,1,2026.05.12 08:55,157.714,156.726"
1977,JUNE0525-B162,1617DC1ACCE6B50ED2D1359582A70A8B8503C569623EE90C18C6B33542796207,Tester/logs/20261011.log,973346,2026-06-03,16:55,B152PR,"PG	0	00:08:52.229	Core 04	2026.06.03 16:55:00   [SRJ-IND] B152PR sym=USDJPY bar=2026.06.03 16:50 z1=78,B,156.578,156.584,2026.05.11 00:35,1,2026.05.11 00:40,156.644,156.537"
1978,JUNE0525-B162,1617DC1ACCE6B50ED2D1359582A70A8B8503C569623EE90C18C6B33542796207,Tester/logs/20261011.log,973347,2026-06-03,16:55,B152PR,"RI	0	00:08:52.229	Core 04	2026.06.03 16:55:00   [SRJ-IND] B152PR sym=USDJPY bar=2026.06.03 16:50 z1=212,B,157.028,157.060,2026.05.11 19:20,1,2026.05.12 00:00,157.152,157.050"
1979,JUNE0525-B162,1617DC1ACCE6B50ED2D1359582A70A8B8503C569623EE90C18C6B33542796207,Tester/logs/20261011.log,973348,2026-06-03,16:55,B152PR,"RS	0	00:08:52.229	Core 04	2026.06.03 16:55:00   [SRJ-IND] B152PR sym=USDJPY bar=2026.06.03 16:50 z1=256,B,157.172,157.178,2026.05.12 01:25,1,2026.05.12 08:55,157.714,156.726"
1980,JUNE0525-B162,1617DC1ACCE6B50ED2D1359582A70A8B8503C569623EE90C18C6B33542796207,Tester/logs/20261011.log,973349,2026-06-03,16:55,B152PR,"HE	0	00:08:52.229	Core 04	2026.06.03 16:55:00   [SRJ-IND] B152PR sym=USDJPY bar=2026.06.03 16:50 z1=261,B,157.184,157.192,2026.05.12 03:00,1,2026.05.12 08:55,157.714,156.726"
1981,JUNE0525-B162,1617DC1ACCE6B50ED2D1359582A70A8B8503C569623EE90C18C6B33542796207,Tester/logs/20261011.log,973350,2026-06-03,16:55,B152PR,"LO	0	00:08:52.229	Core 04	2026.06.03 16:55:00   [SRJ-IND] B152PR sym=USDJPY bar=2026.06.03 16:50 z1=313,B,157.331,157.497,2026.05.12 10:00,1,2026.05.12 10:10,157.546,157.487"
1982,JUNE0525-B162,1617DC1ACCE6B50ED2D1359582A70A8B8503C569623EE90C18C6B33542796207,Tester/logs/20261011.log,973351,2026-06-03,16:55,B152PR,"QQ	0	00:08:52.229	Core 04	2026.06.03 16:55:00   [SRJ-IND] B152PR sym=USDJPY bar=2026.06.03 16:50 z1=414,B,157.517,157.589,2026.05.13 01:10,1,2026.05.13 01:20,157.607,157.587"
1983,JUNE0525-B162,1617DC1ACCE6B50ED2D1359582A70A8B8503C569623EE90C18C6B33542796207,Tester/logs/20261011.log,973352,2026-06-03,16:55,B152PR,"FK	0	00:08:52.229	Core 04	2026.06.03 16:55:00   [SRJ-IND] B152PR sym=USDJPY bar=2026.06.03 16:50 z1=447,B,157.562,157.648,2026.05.13 06:20,1,2026.05.13 06:25,157.662,157.648"
1984,JUNE0525-B162,1617DC1ACCE6B50ED2D1359582A70A8B8503C569623EE90C18C6B33542796207,Tester/logs/20261011.log,973353,2026-06-03,16:55,B152PR,"EM	0	00:08:52.229	Core 04	2026.06.03 16:55:00   [SRJ-IND] B152PR sym=USDJPY bar=2026.06.03 16:50 z1=449,B,157.599,157.654,2026.05.13 05:15,1,2026.05.13 05:45,157.687,157.652"
1985,JUNE0525-B162,1617DC1ACCE6B50ED2D1359582A70A8B8503C569623EE90C18C6B33542796207,Tester/logs/20261011.log,973354,2026-06-03,16:55,B152PR,"LG	0	00:08:52.229	Core 04	2026.06.03 16:55:00   [SRJ-IND] B152PR sym=USDJPY bar=2026.06.03 16:50 z1=460,B,157.645,157.660,2026.05.13 07:05,1,2026.05.14 00:25,157.812,157.650"
1986,JUNE0525-B162,1617DC1ACCE6B50ED2D1359582A70A8B8503C569623EE90C18C6B33542796207,Tester/logs/20261011.log,973355,2026-06-03,16:55,B152PR,"DH	0	00:08:52.229	Core 04	2026.06.03 16:55:00   [SRJ-IND] B152PR sym=USDJPY bar=2026.06.03 16:50 z1=696,B,157.568,158.167,2026.05.14 18:05,1,2026.05.14 18:10,158.191,158.119"
1987,JUNE0525-B162,1617DC1ACCE6B50ED2D1359582A70A8B8503C569623EE90C18C6B33542796207,Tester/logs/20261011.log,973356,2026-06-03,16:55,B152PR,"LR	0	00:08:52.229	Core 04	2026.06.03 16:55:00   [SRJ-IND] B152PR sym=USDJPY bar=2026.06.03 16:50 z1=714,B,158.107,158.142,2026.05.14 19:30,1,2026.05.14 20:00,158.169,158.142"
1988,JUNE0525-B162,1617DC1ACCE6B50ED2D1359582A70A8B8503C569623EE90C18C6B33542796207,Tester/logs/20261011.log,973357,2026-06-03,16:55,B152PR,"MD	0	00:08:52.229	Core 04	2026.06.03 16:55:00   [SRJ-IND] B152PR sym=USDJPY bar=2026.06.03 16:50 z1=724,B,158.168,158.186,2026.05.14 21:00,1,2026.05.14 21:05,158.191,158.182"
1989,JUNE0525-B162,1617DC1ACCE6B50ED2D1359582A70A8B8503C569623EE90C18C6B33542796207,Tester/logs/20261011.log,973358,2026-06-03,16:55,B152PR,"OM	0	00:08:52.229	Core 04	2026.06.03 16:55:00   [SRJ-IND] B152PR sym=USDJPY bar=2026.06.03 16:50 z1=1405,B,158.735,158.769,2026.05.20 19:00,1,2026.05.20 19:05,158.816,158.753"
1990,JUNE0525-B162,1617DC1ACCE6B50ED2D1359582A70A8B8503C569623EE90C18C6B33542796207,Tester/logs/20261011.log,973359,2026-06-03,16:55,B152PR,"ES	0	00:08:52.229	Core 04	2026.06.03 16:55:00   [SRJ-IND] B152PR sym=USDJPY bar=2026.06.03 16:50 z1=1779,B,158.756,158.800,2026.05.25 06:45,1,2026.05.26 00:00,158.887,158.784"
1991,JUNE0525-B162,1617DC1ACCE6B50ED2D1359582A70A8B8503C569623EE90C18C6B33542796207,Tester/logs/20261011.log,973360,2026-06-03,16:55,B152PR,"HI	0	00:08:52.229	Core 04	2026.06.03 16:55:00   [SRJ-IND] B152PR sym=USDJPY bar=2026.06.03 16:50 z1=1780,B,158.789,158.814,2026.05.25 04:50,1,2026.05.26 00:00,158.887,158.784"
1992,JUNE0525-B162,1617DC1ACCE6B50ED2D1359582A70A8B8503C569623EE90C18C6B33542796207,Tester/logs/20261011.log,973361,2026-06-03,16:55,B152PR,"QO	0	00:08:52.229	Core 04	2026.06.03 16:55:00   [SRJ-IND] B152PR sym=USDJPY bar=2026.06.03 16:50 z1=1949,B,158.916,158.934,2026.05.26 07:25,1,2026.05.26 07:30,158.942,158.934"
1993,JUNE0525-B162,1617DC1ACCE6B50ED2D1359582A70A8B8503C569623EE90C18C6B33542796207,Tester/logs/20261011.log,973362,2026-06-03,16:55,B152PR,"HE	0	00:08:52.229	Core 04	2026.06.03 16:55:00   [SRJ-IND] B152PR sym=USDJPY bar=2026.06.03 16:50 z1=2509,B,159.134,159.195,2026.05.29 19:10,1,2026.05.29 19:35,159.215,159.186"
1994,JUNE0525-B162,1617DC1ACCE6B50ED2D1359582A70A8B8503C569623EE90C18C6B33542796207,Tester/logs/20261011.log,973363,2026-06-03,16:55,B152PR,"IK	0	00:08:52.229	Core 04	2026.06.03 16:55:00   [SRJ-IND] B152PR sym=USDJPY bar=2026.06.03 16:50 z1=2566,B,159.382,159.407,2026.06.01 03:15,1,2026.06.03 11:30,159.790,159.368"
1995,JUNE0525-B162,1617DC1ACCE6B50ED2D1359582A70A8B8503C569623EE90C18C6B33542796207,Tester/logs/20261011.log,973364,2026-06-03,16:55,B152PR,"OQ	0	00:08:52.229	Core 04	2026.06.03 16:55:00   [SRJ-IND] B152PR sym=USDJPY bar=2026.06.03 16:50 z1=2648,B,159.435,159.481,2026.06.01 16:00,1,2026.06.03 11:30,159.790,159.368"
1996,JUNE0525-B162,1617DC1ACCE6B50ED2D1359582A70A8B8503C569623EE90C18C6B33542796207,Tester/logs/20261011.log,973365,2026-06-03,16:55,B152PR,"DG	0	00:08:52.229	Core 04	2026.06.03 16:55:00   [SRJ-IND] B152PR sym=USDJPY bar=2026.06.03 16:50 z1=2716,B,159.576,159.603,2026.06.02 03:10,1,2026.06.03 10:35,159.787,159.550"
1997,JUNE0525-B162,1617DC1ACCE6B50ED2D1359582A70A8B8503C569623EE90C18C6B33542796207,Tester/logs/20261011.log,973366,2026-06-03,16:55,B152PR,"NM	0	00:08:52.229	Core 04	2026.06.03 16:55:00   [SRJ-IND] B152PR sym=USDJPY bar=2026.06.03 16:50 z1=2720,B,159.586,159.605,2026.06.02 01:05,1,2026.06.03 10:35,159.787,159.550"
1998,JUNE0525-B162,1617DC1ACCE6B50ED2D1359582A70A8B8503C569623EE90C18C6B33542796207,Tester/logs/20261011.log,973367,2026-06-03,16:55,B152PR,"RS	0	00:08:52.229	Core 04	2026.06.03 16:55:00   [SRJ-IND] B152PR sym=USDJPY bar=2026.06.03 16:50 z1=2945,B,159.579,159.675,2026.06.03 11:15,1,2026.06.03 11:25,159.727,159.674"
1999,JUNE0525-B162,1617DC1ACCE6B50ED2D1359582A70A8B8503C569623EE90C18C6B33542796207,Tester/logs/20261011.log,973368,2026-06-03,16:55,B152PR,"FI	0	00:08:52.229	Core 04	2026.06.03 16:55:00   [SRJ-IND] B152PR sym=USDJPY bar=2026.06.03 16:50 z1=2979,B,159.861,159.913,2026.06.03 16:00,1,2026.06.03 16:05,159.919,159.899"
2000,JUNE0525-B162,1617DC1ACCE6B50ED2D1359582A70A8B8503C569623EE90C18C6B33542796207,Tester/logs/20261011.log,973369,2026-06-03,16:55,B152PR,"IM	0	00:08:52.229	Core 04	2026.06.03 16:55:00   [SRJ-IND] B152PR sym=USDJPY bar=2026.06.03 16:50 bull=1 bear=0 nz=24"
2001,JUNE0525-B162,1617DC1ACCE6B50ED2D1359582A70A8B8503C569623EE90C18C6B33542796207,Tester/logs/20261011.log,973370,2026-06-03,16:55,B162ORIGIN,"IR	0	00:08:52.229	Core 04	2026.06.03 16:55:00   [SRJ-IND] B162ORIGIN sym=USDJPY bar=2026.06.03 16:50 side=B n=24 origin=2979 range=159.861-159.913 formT=2026.06.03 15:40 set=65,78,212,256,261,313,414,447,449,460,696,714,724,1405,1779,1780,1949,2509,2566,2648,2716,2720,2945,2979"
2002,JUNE0525-B162,1617DC1ACCE6B50ED2D1359582A70A8B8503C569623EE90C18C6B33542796207,Tester/logs/20261011.log,973371,2026-06-03,16:55,B162ORIGIN,"KM	0	00:08:52.229	Core 04	2026.06.03 16:55:00   [SRJ-IND] B162ORIGIN sym=USDJPY bar=2026.06.03 16:50 side=S n=0 origin=NONE range=- formT=- set=-"
2003,JUNE0525-B162,1617DC1ACCE6B50ED2D1359582A70A8B8503C569623EE90C18C6B33542796207,Tester/logs/20261011.log,973520,2026-06-03,16:55,CONFIRMPOLL,"ND	0	00:08:52.229	Core 04	2026.06.03 16:55:00   [SRJ-EA] CONFIRMPOLL bar=2026.06.03 16:50 anchor=Daily-POC dir=LONG oppCandle=0 bodyDir=1 body=7pts doji=0 touchAttr=0 confirm=0 shadow=true"
2004,JUNE0525-B162,1617DC1ACCE6B50ED2D1359582A70A8B8503C569623EE90C18C6B33542796207,Tester/logs/20261011.log,973527,2026-06-03,17:00,B152PR,"NI	0	00:08:52.229	Core 04	2026.06.03 17:00:00   [SRJ-IND] B152PR sym=USDJPY bar=2026.06.03 16:55 z1=65,B,156.672,156.773,2026.05.11 04:10,1,2026.05.12 08:55,157.714,156.726"
2005,JUNE0525-B162,1617DC1ACCE6B50ED2D1359582A70A8B8503C569623EE90C18C6B33542796207,Tester/logs/20261011.log,973528,2026-06-03,17:00,B152PR,"NO	0	00:08:52.229	Core 04	2026.06.03 17:00:00   [SRJ-IND] B152PR sym=USDJPY bar=2026.06.03 16:55 z1=78,B,156.578,156.584,2026.05.11 00:35,1,2026.05.11 00:40,156.644,156.537"
2006,JUNE0525-B162,1617DC1ACCE6B50ED2D1359582A70A8B8503C569623EE90C18C6B33542796207,Tester/logs/20261011.log,973529,2026-06-03,17:00,B152PR,"LQ	0	00:08:52.229	Core 04	2026.06.03 17:00:00   [SRJ-IND] B152PR sym=USDJPY bar=2026.06.03 16:55 z1=212,B,157.028,157.060,2026.05.11 19:20,1,2026.05.12 00:00,157.152,157.050"
2007,JUNE0525-B162,1617DC1ACCE6B50ED2D1359582A70A8B8503C569623EE90C18C6B33542796207,Tester/logs/20261011.log,973530,2026-06-03,17:00,B152PR,"PK	0	00:08:52.229	Core 04	2026.06.03 17:00:00   [SRJ-IND] B152PR sym=USDJPY bar=2026.06.03 16:55 z1=256,B,157.172,157.178,2026.05.12 01:25,1,2026.05.12 08:55,157.714,156.726"
2008,JUNE0525-B162,1617DC1ACCE6B50ED2D1359582A70A8B8503C569623EE90C18C6B33542796207,Tester/logs/20261011.log,973531,2026-06-03,17:00,B152PR,"FM	0	00:08:52.229	Core 04	2026.06.03 17:00:00   [SRJ-IND] B152PR sym=USDJPY bar=2026.06.03 16:55 z1=261,B,157.184,157.192,2026.05.12 03:00,1,2026.05.12 08:55,157.714,156.726"
2009,JUNE0525-B162,1617DC1ACCE6B50ED2D1359582A70A8B8503C569623EE90C18C6B33542796207,Tester/logs/20261011.log,973532,2026-06-03,17:00,B152PR,"FG	0	00:08:52.229	Core 04	2026.06.03 17:00:00   [SRJ-IND] B152PR sym=USDJPY bar=2026.06.03 16:55 z1=313,B,157.331,157.497,2026.05.12 10:00,1,2026.05.12 10:10,157.546,157.487"
2010,JUNE0525-B162,1617DC1ACCE6B50ED2D1359582A70A8B8503C569623EE90C18C6B33542796207,Tester/logs/20261011.log,973533,2026-06-03,17:00,B152PR,"KI	0	00:08:52.229	Core 04	2026.06.03 17:00:00   [SRJ-IND] B152PR sym=USDJPY bar=2026.06.03 16:55 z1=414,B,157.517,157.589,2026.05.13 01:10,1,2026.05.13 01:20,157.607,157.587"
2011,JUNE0525-B162,1617DC1ACCE6B50ED2D1359582A70A8B8503C569623EE90C18C6B33542796207,Tester/logs/20261011.log,973534,2026-06-03,17:00,B152PR,"DS	0	00:08:52.229	Core 04	2026.06.03 17:00:00   [SRJ-IND] B152PR sym=USDJPY bar=2026.06.03 16:55 z1=447,B,157.562,157.648,2026.05.13 06:20,1,2026.05.13 06:25,157.662,157.648"
2012,JUNE0525-B162,1617DC1ACCE6B50ED2D1359582A70A8B8503C569623EE90C18C6B33542796207,Tester/logs/20261011.log,973535,2026-06-03,17:00,B152PR,"GE	0	00:08:52.229	Core 04	2026.06.03 17:00:00   [SRJ-IND] B152PR sym=USDJPY bar=2026.06.03 16:55 z1=449,B,157.599,157.654,2026.05.13 05:15,1,2026.05.13 05:45,157.687,157.652"
2013,JUNE0525-B162,1617DC1ACCE6B50ED2D1359582A70A8B8503C569623EE90C18C6B33542796207,Tester/logs/20261011.log,973536,2026-06-03,17:00,B152PR,"FN	0	00:08:52.229	Core 04	2026.06.03 17:00:00   [SRJ-IND] B152PR sym=USDJPY bar=2026.06.03 16:55 z1=460,B,157.645,157.660,2026.05.13 07:05,1,2026.05.14 00:25,157.812,157.650"
2014,JUNE0525-B162,1617DC1ACCE6B50ED2D1359582A70A8B8503C569623EE90C18C6B33542796207,Tester/logs/20261011.log,973537,2026-06-03,17:00,B152PR,"JP	0	00:08:52.229	Core 04	2026.06.03 17:00:00   [SRJ-IND] B152PR sym=USDJPY bar=2026.06.03 16:55 z1=696,B,157.568,158.167,2026.05.14 18:05,1,2026.05.14 18:10,158.191,158.119"
2015,JUNE0525-B162,1617DC1ACCE6B50ED2D1359582A70A8B8503C569623EE90C18C6B33542796207,Tester/logs/20261011.log,973538,2026-06-03,17:00,B152PR,"NJ	0	00:08:52.229	Core 04	2026.06.03 17:00:00   [SRJ-IND] B152PR sym=USDJPY bar=2026.06.03 16:55 z1=714,B,158.107,158.142,2026.05.14 19:30,1,2026.05.14 20:00,158.169,158.142"
2016,JUNE0525-B162,1617DC1ACCE6B50ED2D1359582A70A8B8503C569623EE90C18C6B33542796207,Tester/logs/20261011.log,973539,2026-06-03,17:00,B152PR,"OL	0	00:08:52.229	Core 04	2026.06.03 17:00:00   [SRJ-IND] B152PR sym=USDJPY bar=2026.06.03 16:55 z1=724,B,158.168,158.186,2026.05.14 21:00,1,2026.05.14 21:05,158.191,158.182"
2017,JUNE0525-B162,1617DC1ACCE6B50ED2D1359582A70A8B8503C569623EE90C18C6B33542796207,Tester/logs/20261011.log,973540,2026-06-03,17:00,B152PR,"IE	0	00:08:52.229	Core 04	2026.06.03 17:00:00   [SRJ-IND] B152PR sym=USDJPY bar=2026.06.03 16:55 z1=1405,B,158.735,158.769,2026.05.20 19:00,1,2026.05.20 19:05,158.816,158.753"
2018,JUNE0525-B162,1617DC1ACCE6B50ED2D1359582A70A8B8503C569623EE90C18C6B33542796207,Tester/logs/20261011.log,973541,2026-06-03,17:00,B152PR,"KK	0	00:08:52.229	Core 04	2026.06.03 17:00:00   [SRJ-IND] B152PR sym=USDJPY bar=2026.06.03 16:55 z1=1779,B,158.756,158.800,2026.05.25 06:45,1,2026.05.26 00:00,158.887,158.784"
2019,JUNE0525-B162,1617DC1ACCE6B50ED2D1359582A70A8B8503C569623EE90C18C6B33542796207,Tester/logs/20261011.log,973542,2026-06-03,17:00,B152PR,"RQ	0	00:08:52.229	Core 04	2026.06.03 17:00:00   [SRJ-IND] B152PR sym=USDJPY bar=2026.06.03 16:55 z1=1780,B,158.789,158.814,2026.05.25 04:50,1,2026.05.26 00:00,158.887,158.784"
2020,JUNE0525-B162,1617DC1ACCE6B50ED2D1359582A70A8B8503C569623EE90C18C6B33542796207,Tester/logs/20261011.log,973543,2026-06-03,17:00,B152PR,"GG	0	00:08:52.229	Core 04	2026.06.03 17:00:00   [SRJ-IND] B152PR sym=USDJPY bar=2026.06.03 16:55 z1=1949,B,158.916,158.934,2026.05.26 07:25,1,2026.05.26 07:30,158.942,158.934"
2021,JUNE0525-B162,1617DC1ACCE6B50ED2D1359582A70A8B8503C569623EE90C18C6B33542796207,Tester/logs/20261011.log,973544,2026-06-03,17:00,B152PR,"RM	0	00:08:52.229	Core 04	2026.06.03 17:00:00   [SRJ-IND] B152PR sym=USDJPY bar=2026.06.03 16:55 z1=2509,B,159.134,159.195,2026.05.29 19:10,1,2026.05.29 19:35,159.215,159.186"
2022,JUNE0525-B162,1617DC1ACCE6B50ED2D1359582A70A8B8503C569623EE90C18C6B33542796207,Tester/logs/20261011.log,973545,2026-06-03,17:00,B152PR,"OS	0	00:08:52.229	Core 04	2026.06.03 17:00:00   [SRJ-IND] B152PR sym=USDJPY bar=2026.06.03 16:55 z1=2566,B,159.382,159.407,2026.06.01 03:15,1,2026.06.03 11:30,159.790,159.368"
2023,JUNE0525-B162,1617DC1ACCE6B50ED2D1359582A70A8B8503C569623EE90C18C6B33542796207,Tester/logs/20261011.log,973546,2026-06-03,17:00,B152PR,"II	0	00:08:52.229	Core 04	2026.06.03 17:00:00   [SRJ-IND] B152PR sym=USDJPY bar=2026.06.03 16:55 z1=2648,B,159.435,159.481,2026.06.01 16:00,1,2026.06.03 11:30,159.790,159.368"
2024,JUNE0525-B162,1617DC1ACCE6B50ED2D1359582A70A8B8503C569623EE90C18C6B33542796207,Tester/logs/20261011.log,973547,2026-06-03,17:00,B152PR,"NO	0	00:08:52.229	Core 04	2026.06.03 17:00:00   [SRJ-IND] B152PR sym=USDJPY bar=2026.06.03 16:55 z1=2716,B,159.576,159.603,2026.06.02 03:10,1,2026.06.03 10:35,159.787,159.550"
2025,JUNE0525-B162,1617DC1ACCE6B50ED2D1359582A70A8B8503C569623EE90C18C6B33542796207,Tester/logs/20261011.log,973548,2026-06-03,17:00,B152PR,"DE	0	00:08:52.229	Core 04	2026.06.03 17:00:00   [SRJ-IND] B152PR sym=USDJPY bar=2026.06.03 16:55 z1=2720,B,159.586,159.605,2026.06.02 01:05,1,2026.06.03 10:35,159.787,159.550"
2026,JUNE0525-B162,1617DC1ACCE6B50ED2D1359582A70A8B8503C569623EE90C18C6B33542796207,Tester/logs/20261011.log,973549,2026-06-03,17:00,B152PR,"HK	0	00:08:52.229	Core 04	2026.06.03 17:00:00   [SRJ-IND] B152PR sym=USDJPY bar=2026.06.03 16:55 z1=2945,B,159.579,159.675,2026.06.03 11:15,1,2026.06.03 11:25,159.727,159.674"
2027,JUNE0525-B162,1617DC1ACCE6B50ED2D1359582A70A8B8503C569623EE90C18C6B33542796207,Tester/logs/20261011.log,973550,2026-06-03,17:00,B152PR,"LQ	0	00:08:52.229	Core 04	2026.06.03 17:00:00   [SRJ-IND] B152PR sym=USDJPY bar=2026.06.03 16:55 z1=2979,B,159.861,159.913,2026.06.03 16:00,1,2026.06.03 16:05,159.919,159.899"
2028,JUNE0525-B162,1617DC1ACCE6B50ED2D1359582A70A8B8503C569623EE90C18C6B33542796207,Tester/logs/20261011.log,973551,2026-06-03,17:00,B152PR,"OE	0	00:08:52.229	Core 04	2026.06.03 17:00:00   [SRJ-IND] B152PR sym=USDJPY bar=2026.06.03 16:55 bull=1 bear=0 nz=24"
2029,JUNE0525-B162,1617DC1ACCE6B50ED2D1359582A70A8B8503C569623EE90C18C6B33542796207,Tester/logs/20261011.log,973552,2026-06-03,17:00,B162ORIGIN,"GJ	0	00:08:52.229	Core 04	2026.06.03 17:00:00   [SRJ-IND] B162ORIGIN sym=USDJPY bar=2026.06.03 16:55 side=B n=24 origin=2979 range=159.861-159.913 formT=2026.06.03 15:40 set=65,78,212,256,261,313,414,447,449,460,696,714,724,1405,1779,1780,1949,2509,2566,2648,2716,2720,2945,2979"
2030,JUNE0525-B162,1617DC1ACCE6B50ED2D1359582A70A8B8503C569623EE90C18C6B33542796207,Tester/logs/20261011.log,973553,2026-06-03,17:00,B162ORIGIN,"ME	0	00:08:52.229	Core 04	2026.06.03 17:00:00   [SRJ-IND] B162ORIGIN sym=USDJPY bar=2026.06.03 16:55 side=S n=0 origin=NONE range=- formT=- set=-"
2031,JUNE0525-B162,1617DC1ACCE6B50ED2D1359582A70A8B8503C569623EE90C18C6B33542796207,Tester/logs/20261011.log,973701,2026-06-03,17:00,CQDRECHECK,"RK	0	00:08:52.229	Core 04	2026.06.03 17:00:00   [SRJ-EA] CQDRECHECK shift=2 passA=-1.0 passB=-1.0 diff=0 bar=2026.06.03 16:50 state=S4_ARMED dir=LONG divLatch=0 hit1=0 hit2=531 mism=0"
2032,JUNE0525-B162,1617DC1ACCE6B50ED2D1359582A70A8B8503C569623EE90C18C6B33542796207,Tester/logs/20261011.log,973705,2026-06-03,17:00,CONFIRMPOLL,"EE	0	00:08:52.229	Core 04	2026.06.03 17:00:00   [SRJ-EA] CONFIRMPOLL bar=2026.06.03 16:55 anchor=Daily-POC dir=LONG oppCandle=0 bodyDir=1 body=2pts doji=0 touchAttr=0 confirm=0 shadow=true"
2033,JUNE0525-B162,1617DC1ACCE6B50ED2D1359582A70A8B8503C569623EE90C18C6B33542796207,Tester/logs/20261011.log,973712,2026-06-03,17:05,B152PR,"GG	0	00:08:52.229	Core 04	2026.06.03 17:05:03   [SRJ-IND] B152PR sym=USDJPY bar=2026.06.03 17:00 z1=65,B,156.672,156.773,2026.05.11 04:10,1,2026.05.12 08:55,157.714,156.726"
2034,JUNE0525-B162,1617DC1ACCE6B50ED2D1359582A70A8B8503C569623EE90C18C6B33542796207,Tester/logs/20261011.log,973713,2026-06-03,17:05,B152PR,"GM	0	00:08:52.229	Core 04	2026.06.03 17:05:03   [SRJ-IND] B152PR sym=USDJPY bar=2026.06.03 17:00 z1=78,B,156.578,156.584,2026.05.11 00:35,1,2026.05.11 00:40,156.644,156.537"
2035,JUNE0525-B162,1617DC1ACCE6B50ED2D1359582A70A8B8503C569623EE90C18C6B33542796207,Tester/logs/20261011.log,973714,2026-06-03,17:05,B152PR,"IP	0	00:08:52.229	Core 04	2026.06.03 17:05:03   [SRJ-IND] B152PR sym=USDJPY bar=2026.06.03 17:00 z1=212,B,157.028,157.060,2026.05.11 19:20,1,2026.05.12 00:00,157.152,157.050"
2036,JUNE0525-B162,1617DC1ACCE6B50ED2D1359582A70A8B8503C569623EE90C18C6B33542796207,Tester/logs/20261011.log,973715,2026-06-03,17:05,B152PR,"EJ	0	00:08:52.229	Core 04	2026.06.03 17:05:03   [SRJ-IND] B152PR sym=USDJPY bar=2026.06.03 17:00 z1=256,B,157.172,157.178,2026.05.12 01:25,1,2026.05.12 08:55,157.714,156.726"
2037,JUNE0525-B162,1617DC1ACCE6B50ED2D1359582A70A8B8503C569623EE90C18C6B33542796207,Tester/logs/20261011.log,973716,2026-06-03,17:05,B152PR,"OL	0	00:08:52.229	Core 04	2026.06.03 17:05:03   [SRJ-IND] B152PR sym=USDJPY bar=2026.06.03 17:00 z1=261,B,157.184,157.192,2026.05.12 03:00,1,2026.05.12 08:55,157.714,156.726"
2038,JUNE0525-B162,1617DC1ACCE6B50ED2D1359582A70A8B8503C569623EE90C18C6B33542796207,Tester/logs/20261011.log,973717,2026-06-03,17:05,B152PR,"OQ	0	00:08:52.229	Core 04	2026.06.03 17:05:03   [SRJ-IND] B152PR sym=USDJPY bar=2026.06.03 17:00 z1=313,B,157.331,157.497,2026.05.12 10:00,1,2026.05.12 10:10,157.546,157.487"
2039,JUNE0525-B162,1617DC1ACCE6B50ED2D1359582A70A8B8503C569623EE90C18C6B33542796207,Tester/logs/20261011.log,973718,2026-06-03,17:05,B152PR,"JK	0	00:08:52.229	Core 04	2026.06.03 17:05:03   [SRJ-IND] B152PR sym=USDJPY bar=2026.06.03 17:00 z1=414,B,157.517,157.589,2026.05.13 01:10,1,2026.05.13 01:20,157.607,157.587"
2040,JUNE0525-B162,1617DC1ACCE6B50ED2D1359582A70A8B8503C569623EE90C18C6B33542796207,Tester/logs/20261011.log,973719,2026-06-03,17:05,B152PR,"QM	0	00:08:52.229	Core 04	2026.06.03 17:05:03   [SRJ-IND] B152PR sym=USDJPY bar=2026.06.03 17:00 z1=447,B,157.562,157.648,2026.05.13 06:20,1,2026.05.13 06:25,157.662,157.648"
2041,JUNE0525-B162,1617DC1ACCE6B50ED2D1359582A70A8B8503C569623EE90C18C6B33542796207,Tester/logs/20261011.log,973720,2026-06-03,17:05,B152PR,"NG	0	00:08:52.229	Core 04	2026.06.03 17:05:03   [SRJ-IND] B152PR sym=USDJPY bar=2026.06.03 17:00 z1=449,B,157.599,157.654,2026.05.13 05:15,1,2026.05.13 05:45,157.687,157.652"
2042,JUNE0525-B162,1617DC1ACCE6B50ED2D1359582A70A8B8503C569623EE90C18C6B33542796207,Tester/logs/20261011.log,973721,2026-06-03,17:05,B152PR,"OI	0	00:08:52.229	Core 04	2026.06.03 17:05:03   [SRJ-IND] B152PR sym=USDJPY bar=2026.06.03 17:00 z1=460,B,157.645,157.660,2026.05.13 07:05,1,2026.05.14 00:25,157.812,157.650"
2043,JUNE0525-B162,1617DC1ACCE6B50ED2D1359582A70A8B8503C569623EE90C18C6B33542796207,Tester/logs/20261011.log,973722,2026-06-03,17:05,B152PR,"KS	0	00:08:52.229	Core 04	2026.06.03 17:05:03   [SRJ-IND] B152PR sym=USDJPY bar=2026.06.03 17:00 z1=696,B,157.568,158.167,2026.05.14 18:05,1,2026.05.14 18:10,158.191,158.119"
2044,JUNE0525-B162,1617DC1ACCE6B50ED2D1359582A70A8B8503C569623EE90C18C6B33542796207,Tester/logs/20261011.log,973723,2026-06-03,17:05,B152PR,"GE	0	00:08:52.229	Core 04	2026.06.03 17:05:03   [SRJ-IND] B152PR sym=USDJPY bar=2026.06.03 17:00 z1=714,B,158.107,158.142,2026.05.14 19:30,1,2026.05.14 20:00,158.169,158.142"
2045,JUNE0525-B162,1617DC1ACCE6B50ED2D1359582A70A8B8503C569623EE90C18C6B33542796207,Tester/logs/20261011.log,973724,2026-06-03,17:05,B152PR,"FO	0	00:08:52.229	Core 04	2026.06.03 17:05:03   [SRJ-IND] B152PR sym=USDJPY bar=2026.06.03 17:00 z1=724,B,158.168,158.186,2026.05.14 21:00,1,2026.05.14 21:05,158.191,158.182"
2046,JUNE0525-B162,1617DC1ACCE6B50ED2D1359582A70A8B8503C569623EE90C18C6B33542796207,Tester/logs/20261011.log,973725,2026-06-03,17:05,B152PR,"LS	0	00:08:52.229	Core 04	2026.06.03 17:05:03   [SRJ-IND] B152PR sym=USDJPY bar=2026.06.03 17:00 z1=1405,B,158.735,158.769,2026.05.20 19:00,1,2026.05.20 19:05,158.816,158.753"
2047,JUNE0525-B162,1617DC1ACCE6B50ED2D1359582A70A8B8503C569623EE90C18C6B33542796207,Tester/logs/20261011.log,973726,2026-06-03,17:05,B152PR,"JI	0	00:08:52.229	Core 04	2026.06.03 17:05:03   [SRJ-IND] B152PR sym=USDJPY bar=2026.06.03 17:00 z1=1779,B,158.756,158.800,2026.05.25 06:45,1,2026.05.26 00:00,158.887,158.784"
2048,JUNE0525-B162,1617DC1ACCE6B50ED2D1359582A70A8B8503C569623EE90C18C6B33542796207,Tester/logs/20261011.log,973727,2026-06-03,17:05,B152PR,"CO	0	00:08:52.229	Core 04	2026.06.03 17:05:03   [SRJ-IND] B152PR sym=USDJPY bar=2026.06.03 17:00 z1=1780,B,158.789,158.814,2026.05.25 04:50,1,2026.05.26 00:00,158.887,158.784"
2049,JUNE0525-B162,1617DC1ACCE6B50ED2D1359582A70A8B8503C569623EE90C18C6B33542796207,Tester/logs/20261011.log,973728,2026-06-03,17:05,B152PR,"NE	0	00:08:52.229	Core 04	2026.06.03 17:05:03   [SRJ-IND] B152PR sym=USDJPY bar=2026.06.03 17:00 z1=1949,B,158.916,158.934,2026.05.26 07:25,1,2026.05.26 07:30,158.942,158.934"
2050,JUNE0525-B162,1617DC1ACCE6B50ED2D1359582A70A8B8503C569623EE90C18C6B33542796207,Tester/logs/20261011.log,973729,2026-06-03,17:05,B152PR,"CK	0	00:08:52.229	Core 04	2026.06.03 17:05:03   [SRJ-IND] B152PR sym=USDJPY bar=2026.06.03 17:00 z1=2509,B,159.134,159.195,2026.05.29 19:10,1,2026.05.29 19:35,159.215,159.186"
2051,JUNE0525-B162,1617DC1ACCE6B50ED2D1359582A70A8B8503C569623EE90C18C6B33542796207,Tester/logs/20261011.log,973730,2026-06-03,17:05,B152PR,"FQ	0	00:08:52.229	Core 04	2026.06.03 17:05:03   [SRJ-IND] B152PR sym=USDJPY bar=2026.06.03 17:00 z1=2566,B,159.382,159.407,2026.06.01 03:15,1,2026.06.03 11:30,159.790,159.368"
2052,JUNE0525-B162,1617DC1ACCE6B50ED2D1359582A70A8B8503C569623EE90C18C6B33542796207,Tester/logs/20261011.log,973731,2026-06-03,17:05,B152PR,"LG	0	00:08:52.229	Core 04	2026.06.03 17:05:03   [SRJ-IND] B152PR sym=USDJPY bar=2026.06.03 17:00 z1=2648,B,159.435,159.481,2026.06.01 16:00,1,2026.06.03 11:30,159.790,159.368"
2053,JUNE0525-B162,1617DC1ACCE6B50ED2D1359582A70A8B8503C569623EE90C18C6B33542796207,Tester/logs/20261011.log,973732,2026-06-03,17:05,B152PR,"GM	0	00:08:52.229	Core 04	2026.06.03 17:05:03   [SRJ-IND] B152PR sym=USDJPY bar=2026.06.03 17:00 z1=2716,B,159.576,159.603,2026.06.02 03:10,1,2026.06.03 10:35,159.787,159.550"
2054,JUNE0525-B162,1617DC1ACCE6B50ED2D1359582A70A8B8503C569623EE90C18C6B33542796207,Tester/logs/20261011.log,973733,2026-06-03,17:05,B152PR,"QS	0	00:08:52.229	Core 04	2026.06.03 17:05:03   [SRJ-IND] B152PR sym=USDJPY bar=2026.06.03 17:00 z1=2720,B,159.586,159.605,2026.06.02 01:05,1,2026.06.03 10:35,159.787,159.550"
2055,JUNE0525-B162,1617DC1ACCE6B50ED2D1359582A70A8B8503C569623EE90C18C6B33542796207,Tester/logs/20261011.log,973734,2026-06-03,17:05,B152PR,"MI	0	00:08:52.229	Core 04	2026.06.03 17:05:03   [SRJ-IND] B152PR sym=USDJPY bar=2026.06.03 17:00 z1=2945,B,159.579,159.675,2026.06.03 11:15,1,2026.06.03 11:25,159.727,159.674"
2056,JUNE0525-B162,1617DC1ACCE6B50ED2D1359582A70A8B8503C569623EE90C18C6B33542796207,Tester/logs/20261011.log,973735,2026-06-03,17:05,B152PR,"IO	0	00:08:52.229	Core 04	2026.06.03 17:05:03   [SRJ-IND] B152PR sym=USDJPY bar=2026.06.03 17:00 z1=2979,B,159.861,159.913,2026.06.03 16:00,1,2026.06.03 16:05,159.919,159.899"
2057,JUNE0525-B162,1617DC1ACCE6B50ED2D1359582A70A8B8503C569623EE90C18C6B33542796207,Tester/logs/20261011.log,973736,2026-06-03,17:05,B152PR,"FG	0	00:08:52.229	Core 04	2026.06.03 17:05:03   [SRJ-IND] B152PR sym=USDJPY bar=2026.06.03 17:00 bull=1 bear=0 nz=24"
2058,JUNE0525-B162,1617DC1ACCE6B50ED2D1359582A70A8B8503C569623EE90C18C6B33542796207,Tester/logs/20261011.log,973737,2026-06-03,17:05,B162ORIGIN,"NL	0	00:08:52.229	Core 04	2026.06.03 17:05:03   [SRJ-IND] B162ORIGIN sym=USDJPY bar=2026.06.03 17:00 side=B n=24 origin=2979 range=159.861-159.913 formT=2026.06.03 15:40 set=65,78,212,256,261,313,414,447,449,460,696,714,724,1405,1779,1780,1949,2509,2566,2648,2716,2720,2945,2979"
2059,JUNE0525-B162,1617DC1ACCE6B50ED2D1359582A70A8B8503C569623EE90C18C6B33542796207,Tester/logs/20261011.log,973738,2026-06-03,17:05,B162ORIGIN,"HK	0	00:08:52.229	Core 04	2026.06.03 17:05:03   [SRJ-IND] B162ORIGIN sym=USDJPY bar=2026.06.03 17:00 side=S n=0 origin=NONE range=- formT=- set=-"
2060,JUNE0525-B162,1617DC1ACCE6B50ED2D1359582A70A8B8503C569623EE90C18C6B33542796207,Tester/logs/20261011.log,973887,2026-06-03,17:05,CONFIRMPOLL,"HN	0	00:08:52.229	Core 04	2026.06.03 17:05:03   [SRJ-EA] CONFIRMPOLL bar=2026.06.03 17:00 anchor=Daily-POC dir=LONG oppCandle=0 bodyDir=1 body=4pts doji=0 touchAttr=0 confirm=0 shadow=true"
2061,JUNE0525-B162,1617DC1ACCE6B50ED2D1359582A70A8B8503C569623EE90C18C6B33542796207,Tester/logs/20261011.log,973894,2026-06-03,17:10,B152PR,"HL	0	00:08:52.229	Core 04	2026.06.03 17:10:01   [SRJ-IND] B152PR sym=USDJPY bar=2026.06.03 17:05 z1=65,B,156.672,156.773,2026.05.11 04:10,1,2026.05.12 08:55,157.714,156.726"
2062,JUNE0525-B162,1617DC1ACCE6B50ED2D1359582A70A8B8503C569623EE90C18C6B33542796207,Tester/logs/20261011.log,973895,2026-06-03,17:10,B152PR,"HR	0	00:08:52.229	Core 04	2026.06.03 17:10:01   [SRJ-IND] B152PR sym=USDJPY bar=2026.06.03 17:05 z1=78,B,156.578,156.584,2026.05.11 00:35,1,2026.05.11 00:40,156.644,156.537"
2063,JUNE0525-B162,1617DC1ACCE6B50ED2D1359582A70A8B8503C569623EE90C18C6B33542796207,Tester/logs/20261011.log,973896,2026-06-03,17:10,B152PR,"JK	0	00:08:52.229	Core 04	2026.06.03 17:10:01   [SRJ-IND] B152PR sym=USDJPY bar=2026.06.03 17:05 z1=212,B,157.028,157.060,2026.05.11 19:20,1,2026.05.12 00:00,157.152,157.050"
2064,JUNE0525-B162,1617DC1ACCE6B50ED2D1359582A70A8B8503C569623EE90C18C6B33542796207,Tester/logs/20261011.log,973897,2026-06-03,17:10,B152PR,"JM	0	00:08:52.229	Core 04	2026.06.03 17:10:01   [SRJ-IND] B152PR sym=USDJPY bar=2026.06.03 17:05 z1=256,B,157.172,157.178,2026.05.12 01:25,1,2026.05.12 08:55,157.714,156.726"
2065,JUNE0525-B162,1617DC1ACCE6B50ED2D1359582A70A8B8503C569623EE90C18C6B33542796207,Tester/logs/20261011.log,973898,2026-06-03,17:10,B152PR,"PG	0	00:08:52.229	Core 04	2026.06.03 17:10:01   [SRJ-IND] B152PR sym=USDJPY bar=2026.06.03 17:05 z1=261,B,157.184,157.192,2026.05.12 03:00,1,2026.05.12 08:55,157.714,156.726"
2066,JUNE0525-B162,1617DC1ACCE6B50ED2D1359582A70A8B8503C569623EE90C18C6B33542796207,Tester/logs/20261011.log,973899,2026-06-03,17:10,B152PR,"DI	0	00:08:52.229	Core 04	2026.06.03 17:10:01   [SRJ-IND] B152PR sym=USDJPY bar=2026.06.03 17:05 z1=313,B,157.331,157.497,2026.05.12 10:00,1,2026.05.12 10:10,157.546,157.487"
2067,JUNE0525-B162,1617DC1ACCE6B50ED2D1359582A70A8B8503C569623EE90C18C6B33542796207,Tester/logs/20261011.log,973900,2026-06-03,17:10,B152PR,"IR	0	00:08:52.229	Core 04	2026.06.03 17:10:01   [SRJ-IND] B152PR sym=USDJPY bar=2026.06.03 17:05 z1=414,B,157.517,157.589,2026.05.13 01:10,1,2026.05.13 01:20,157.607,157.587"
2068,JUNE0525-B162,1617DC1ACCE6B50ED2D1359582A70A8B8503C569623EE90C18C6B33542796207,Tester/logs/20261011.log,973901,2026-06-03,17:10,B152PR,"ND	0	00:08:52.229	Core 04	2026.06.03 17:10:01   [SRJ-IND] B152PR sym=USDJPY bar=2026.06.03 17:05 z1=447,B,157.562,157.648,2026.05.13 06:20,1,2026.05.13 06:25,157.662,157.648"
2069,JUNE0525-B162,1617DC1ACCE6B50ED2D1359582A70A8B8503C569623EE90C18C6B33542796207,Tester/logs/20261011.log,973902,2026-06-03,17:10,B152PR,"MN	0	00:08:52.229	Core 04	2026.06.03 17:10:01   [SRJ-IND] B152PR sym=USDJPY bar=2026.06.03 17:05 z1=449,B,157.599,157.654,2026.05.13 05:15,1,2026.05.13 05:45,157.687,157.652"
2070,JUNE0525-B162,1617DC1ACCE6B50ED2D1359582A70A8B8503C569623EE90C18C6B33542796207,Tester/logs/20261011.log,973903,2026-06-03,17:10,B152PR,"DP	0	00:08:52.229	Core 04	2026.06.03 17:10:01   [SRJ-IND] B152PR sym=USDJPY bar=2026.06.03 17:05 z1=460,B,157.645,157.660,2026.05.13 07:05,1,2026.05.14 00:25,157.812,157.650"
2071,JUNE0525-B162,1617DC1ACCE6B50ED2D1359582A70A8B8503C569623EE90C18C6B33542796207,Tester/logs/20261011.log,973904,2026-06-03,17:10,B152PR,"LJ	0	00:08:52.229	Core 04	2026.06.03 17:10:01   [SRJ-IND] B152PR sym=USDJPY bar=2026.06.03 17:05 z1=696,B,157.568,158.167,2026.05.14 18:05,1,2026.05.14 18:10,158.191,158.119"
2072,JUNE0525-B162,1617DC1ACCE6B50ED2D1359582A70A8B8503C569623EE90C18C6B33542796207,Tester/logs/20261011.log,973905,2026-06-03,17:10,B152PR,"DL	0	00:08:52.229	Core 04	2026.06.03 17:10:01   [SRJ-IND] B152PR sym=USDJPY bar=2026.06.03 17:05 z1=714,B,158.107,158.142,2026.05.14 19:30,1,2026.05.14 20:00,158.169,158.142"
2073,JUNE0525-B162,1617DC1ACCE6B50ED2D1359582A70A8B8503C569623EE90C18C6B33542796207,Tester/logs/20261011.log,973906,2026-06-03,17:10,B152PR,"EF	0	00:08:52.229	Core 04	2026.06.03 17:10:01   [SRJ-IND] B152PR sym=USDJPY bar=2026.06.03 17:05 z1=724,B,158.168,158.186,2026.05.14 21:00,1,2026.05.14 21:05,158.191,158.182"
2074,JUNE0525-B162,1617DC1ACCE6B50ED2D1359582A70A8B8503C569623EE90C18C6B33542796207,Tester/logs/20261011.log,973907,2026-06-03,17:10,B152PR,"GK	0	00:08:52.229	Core 04	2026.06.03 17:10:01   [SRJ-IND] B152PR sym=USDJPY bar=2026.06.03 17:05 z1=1405,B,158.735,158.769,2026.05.20 19:00,1,2026.05.20 19:05,158.816,158.753"
2075,JUNE0525-B162,1617DC1ACCE6B50ED2D1359582A70A8B8503C569623EE90C18C6B33542796207,Tester/logs/20261011.log,973908,2026-06-03,17:10,B152PR,"MQ	0	00:08:52.229	Core 04	2026.06.03 17:10:01   [SRJ-IND] B152PR sym=USDJPY bar=2026.06.03 17:05 z1=1779,B,158.756,158.800,2026.05.25 06:45,1,2026.05.26 00:00,158.887,158.784"
2076,JUNE0525-B162,1617DC1ACCE6B50ED2D1359582A70A8B8503C569623EE90C18C6B33542796207,Tester/logs/20261011.log,973909,2026-06-03,17:10,B152PR,"PG	0	00:08:52.229	Core 04	2026.06.03 17:10:01   [SRJ-IND] B152PR sym=USDJPY bar=2026.06.03 17:05 z1=1780,B,158.789,158.814,2026.05.25 04:50,1,2026.05.26 00:00,158.887,158.784"
2077,JUNE0525-B162,1617DC1ACCE6B50ED2D1359582A70A8B8503C569623EE90C18C6B33542796207,Tester/logs/20261011.log,973910,2026-06-03,17:10,B152PR,"IM	0	00:08:52.229	Core 04	2026.06.03 17:10:01   [SRJ-IND] B152PR sym=USDJPY bar=2026.06.03 17:05 z1=1949,B,158.916,158.934,2026.05.26 07:25,1,2026.05.26 07:30,158.942,158.934"
2078,JUNE0525-B162,1617DC1ACCE6B50ED2D1359582A70A8B8503C569623EE90C18C6B33542796207,Tester/logs/20261011.log,973911,2026-06-03,17:10,B152PR,"PS	0	00:08:52.229	Core 04	2026.06.03 17:10:01   [SRJ-IND] B152PR sym=USDJPY bar=2026.06.03 17:05 z1=2509,B,159.134,159.195,2026.05.29 19:10,1,2026.05.29 19:35,159.215,159.186"
2079,JUNE0525-B162,1617DC1ACCE6B50ED2D1359582A70A8B8503C569623EE90C18C6B33542796207,Tester/logs/20261011.log,973912,2026-06-03,17:10,B152PR,"QI	0	00:08:52.229	Core 04	2026.06.03 17:10:01   [SRJ-IND] B152PR sym=USDJPY bar=2026.06.03 17:05 z1=2566,B,159.382,159.407,2026.06.01 03:15,1,2026.06.03 11:30,159.790,159.368"
2080,JUNE0525-B162,1617DC1ACCE6B50ED2D1359582A70A8B8503C569623EE90C18C6B33542796207,Tester/logs/20261011.log,973913,2026-06-03,17:10,B152PR,"GO	0	00:08:52.229	Core 04	2026.06.03 17:10:01   [SRJ-IND] B152PR sym=USDJPY bar=2026.06.03 17:05 z1=2648,B,159.435,159.481,2026.06.01 16:00,1,2026.06.03 11:30,159.790,159.368"
2081,JUNE0525-B162,1617DC1ACCE6B50ED2D1359582A70A8B8503C569623EE90C18C6B33542796207,Tester/logs/20261011.log,973914,2026-06-03,17:10,B152PR,"LE	0	00:08:52.229	Core 04	2026.06.03 17:10:01   [SRJ-IND] B152PR sym=USDJPY bar=2026.06.03 17:05 z1=2716,B,159.576,159.603,2026.06.02 03:10,1,2026.06.03 10:35,159.787,159.550"
2082,JUNE0525-B162,1617DC1ACCE6B50ED2D1359582A70A8B8503C569623EE90C18C6B33542796207,Tester/logs/20261011.log,973915,2026-06-03,17:10,B152PR,"FK	0	00:08:52.229	Core 04	2026.06.03 17:10:01   [SRJ-IND] B152PR sym=USDJPY bar=2026.06.03 17:05 z1=2720,B,159.586,159.605,2026.06.02 01:05,1,2026.06.03 10:35,159.787,159.550"
2083,JUNE0525-B162,1617DC1ACCE6B50ED2D1359582A70A8B8503C569623EE90C18C6B33542796207,Tester/logs/20261011.log,973916,2026-06-03,17:10,B152PR,"JQ	0	00:08:52.229	Core 04	2026.06.03 17:10:01   [SRJ-IND] B152PR sym=USDJPY bar=2026.06.03 17:05 z1=2945,B,159.579,159.675,2026.06.03 11:15,1,2026.06.03 11:25,159.727,159.674"
2084,JUNE0525-B162,1617DC1ACCE6B50ED2D1359582A70A8B8503C569623EE90C18C6B33542796207,Tester/logs/20261011.log,973917,2026-06-03,17:10,B152PR,"NG	0	00:08:52.229	Core 04	2026.06.03 17:10:01   [SRJ-IND] B152PR sym=USDJPY bar=2026.06.03 17:05 z1=2979,B,159.861,159.913,2026.06.03 16:00,1,2026.06.03 16:05,159.919,159.899"
2085,JUNE0525-B162,1617DC1ACCE6B50ED2D1359582A70A8B8503C569623EE90C18C6B33542796207,Tester/logs/20261011.log,973918,2026-06-03,17:10,B152PR,"QO	0	00:08:52.229	Core 04	2026.06.03 17:10:01   [SRJ-IND] B152PR sym=USDJPY bar=2026.06.03 17:05 bull=1 bear=0 nz=24"
2086,JUNE0525-B162,1617DC1ACCE6B50ED2D1359582A70A8B8503C569623EE90C18C6B33542796207,Tester/logs/20261011.log,973919,2026-06-03,17:10,B162ORIGIN,"QE	0	00:08:52.229	Core 04	2026.06.03 17:10:01   [SRJ-IND] B162ORIGIN sym=USDJPY bar=2026.06.03 17:05 side=B n=24 origin=2979 range=159.861-159.913 formT=2026.06.03 15:40 set=65,78,212,256,261,313,414,447,449,460,696,714,724,1405,1779,1780,1949,2509,2566,2648,2716,2720,2945,2979"
2087,JUNE0525-B162,1617DC1ACCE6B50ED2D1359582A70A8B8503C569623EE90C18C6B33542796207,Tester/logs/20261011.log,973920,2026-06-03,17:10,B162ORIGIN,"CP	0	00:08:52.229	Core 04	2026.06.03 17:10:01   [SRJ-IND] B162ORIGIN sym=USDJPY bar=2026.06.03 17:05 side=S n=0 origin=NONE range=- formT=- set=-"
2088,JUNE0525-B162,1617DC1ACCE6B50ED2D1359582A70A8B8503C569623EE90C18C6B33542796207,Tester/logs/20261011.log,974069,2026-06-03,17:10,CONFIRMPOLL,"OG	0	00:08:52.229	Core 04	2026.06.03 17:10:01   [SRJ-EA] CONFIRMPOLL bar=2026.06.03 17:05 anchor=Daily-POC dir=LONG oppCandle=0 bodyDir=0 body=0pts doji=1 touchAttr=0 confirm=0 shadow=true"
2089,JUNE0525-B162,1617DC1ACCE6B50ED2D1359582A70A8B8503C569623EE90C18C6B33542796207,Tester/logs/20261011.log,974078,2026-06-03,17:15,B152PR,"RN	0	00:08:52.229	Core 04	2026.06.03 17:15:00   [SRJ-IND] B152PR sym=USDJPY bar=2026.06.03 17:10 z1=65,B,156.672,156.773,2026.05.11 04:10,1,2026.05.12 08:55,157.714,156.726"
2090,JUNE0525-B162,1617DC1ACCE6B50ED2D1359582A70A8B8503C569623EE90C18C6B33542796207,Tester/logs/20261011.log,974079,2026-06-03,17:15,B152PR,"RD	0	00:08:52.229	Core 04	2026.06.03 17:15:00   [SRJ-IND] B152PR sym=USDJPY bar=2026.06.03 17:10 z1=78,B,156.578,156.584,2026.05.11 00:35,1,2026.05.11 00:40,156.644,156.537"
2091,JUNE0525-B162,1617DC1ACCE6B50ED2D1359582A70A8B8503C569623EE90C18C6B33542796207,Tester/logs/20261011.log,974080,2026-06-03,17:15,B152PR,"PH	0	00:08:52.229	Core 04	2026.06.03 17:15:00   [SRJ-IND] B152PR sym=USDJPY bar=2026.06.03 17:10 z1=212,B,157.028,157.060,2026.05.11 19:20,1,2026.05.12 00:00,157.152,157.050"
2092,JUNE0525-B162,1617DC1ACCE6B50ED2D1359582A70A8B8503C569623EE90C18C6B33542796207,Tester/logs/20261011.log,974081,2026-06-03,17:15,B152PR,"LR	0	00:08:52.229	Core 04	2026.06.03 17:15:00   [SRJ-IND] B152PR sym=USDJPY bar=2026.06.03 17:10 z1=256,B,157.172,157.178,2026.05.12 01:25,1,2026.05.12 08:55,157.714,156.726"
2093,JUNE0525-B162,1617DC1ACCE6B50ED2D1359582A70A8B8503C569623EE90C18C6B33542796207,Tester/logs/20261011.log,974082,2026-06-03,17:15,B152PR,"JD	0	00:08:52.229	Core 04	2026.06.03 17:15:00   [SRJ-IND] B152PR sym=USDJPY bar=2026.06.03 17:10 z1=261,B,157.184,157.192,2026.05.12 03:00,1,2026.05.12 08:55,157.714,156.726"
2094,JUNE0525-B162,1617DC1ACCE6B50ED2D1359582A70A8B8503C569623EE90C18C6B33542796207,Tester/logs/20261011.log,974083,2026-06-03,17:15,B152PR,"JN	0	00:08:52.229	Core 04	2026.06.03 17:15:00   [SRJ-IND] B152PR sym=USDJPY bar=2026.06.03 17:10 z1=313,B,157.331,157.497,2026.05.12 10:00,1,2026.05.12 10:10,157.546,157.487"
2095,JUNE0525-B162,1617DC1ACCE6B50ED2D1359582A70A8B8503C569623EE90C18C6B33542796207,Tester/logs/20261011.log,974084,2026-06-03,17:15,B152PR,"OP	0	00:08:52.229	Core 04	2026.06.03 17:15:00   [SRJ-IND] B152PR sym=USDJPY bar=2026.06.03 17:10 z1=414,B,157.517,157.589,2026.05.13 01:10,1,2026.05.13 01:20,157.607,157.587"
2096,JUNE0525-B162,1617DC1ACCE6B50ED2D1359582A70A8B8503C569623EE90C18C6B33542796207,Tester/logs/20261011.log,974085,2026-06-03,17:15,B152PR,"HJ	0	00:08:52.229	Core 04	2026.06.03 17:15:00   [SRJ-IND] B152PR sym=USDJPY bar=2026.06.03 17:10 z1=447,B,157.562,157.648,2026.05.13 06:20,1,2026.05.13 06:25,157.662,157.648"
2097,JUNE0525-B162,1617DC1ACCE6B50ED2D1359582A70A8B8503C569623EE90C18C6B33542796207,Tester/logs/20261011.log,974086,2026-06-03,17:15,B152PR,"CL	0	00:08:52.229	Core 04	2026.06.03 17:15:00   [SRJ-IND] B152PR sym=USDJPY bar=2026.06.03 17:10 z1=449,B,157.599,157.654,2026.05.13 05:15,1,2026.05.13 05:45,157.687,157.652"
2098,JUNE0525-B162,1617DC1ACCE6B50ED2D1359582A70A8B8503C569623EE90C18C6B33542796207,Tester/logs/20261011.log,974087,2026-06-03,17:15,B152PR,"JQ	0	00:08:52.229	Core 04	2026.06.03 17:15:00   [SRJ-IND] B152PR sym=USDJPY bar=2026.06.03 17:10 z1=460,B,157.645,157.660,2026.05.13 07:05,1,2026.05.14 00:25,157.812,157.650"
2099,JUNE0525-B162,1617DC1ACCE6B50ED2D1359582A70A8B8503C569623EE90C18C6B33542796207,Tester/logs/20261011.log,974088,2026-06-03,17:15,B152PR,"FK	0	00:08:52.229	Core 04	2026.06.03 17:15:00   [SRJ-IND] B152PR sym=USDJPY bar=2026.06.03 17:10 z1=696,B,157.568,158.167,2026.05.14 18:05,1,2026.05.14 18:10,158.191,158.119"
2100,JUNE0525-B162,1617DC1ACCE6B50ED2D1359582A70A8B8503C569623EE90C18C6B33542796207,Tester/logs/20261011.log,974089,2026-06-03,17:15,B152PR,"RM	0	00:08:52.229	Core 04	2026.06.03 17:15:00   [SRJ-IND] B152PR sym=USDJPY bar=2026.06.03 17:10 z1=714,B,158.107,158.142,2026.05.14 19:30,1,2026.05.14 20:00,158.169,158.142"
2101,JUNE0525-B162,1617DC1ACCE6B50ED2D1359582A70A8B8503C569623EE90C18C6B33542796207,Tester/logs/20261011.log,974090,2026-06-03,17:15,B152PR,"KG	0	00:08:52.229	Core 04	2026.06.03 17:15:00   [SRJ-IND] B152PR sym=USDJPY bar=2026.06.03 17:10 z1=724,B,158.168,158.186,2026.05.14 21:00,1,2026.05.14 21:05,158.191,158.182"
2102,JUNE0525-B162,1617DC1ACCE6B50ED2D1359582A70A8B8503C569623EE90C18C6B33542796207,Tester/logs/20261011.log,974091,2026-06-03,17:15,B152PR,"EJ	0	00:08:52.229	Core 04	2026.06.03 17:15:00   [SRJ-IND] B152PR sym=USDJPY bar=2026.06.03 17:10 z1=1405,B,158.735,158.769,2026.05.20 19:00,1,2026.05.20 19:05,158.816,158.753"
2103,JUNE0525-B162,1617DC1ACCE6B50ED2D1359582A70A8B8503C569623EE90C18C6B33542796207,Tester/logs/20261011.log,974092,2026-06-03,17:15,B152PR,"OP	0	00:08:52.229	Core 04	2026.06.03 17:15:00   [SRJ-IND] B152PR sym=USDJPY bar=2026.06.03 17:10 z1=1779,B,158.756,158.800,2026.05.25 06:45,1,2026.05.26 00:00,158.887,158.784"
2104,JUNE0525-B162,1617DC1ACCE6B50ED2D1359582A70A8B8503C569623EE90C18C6B33542796207,Tester/logs/20261011.log,974093,2026-06-03,17:15,B152PR,"NF	0	00:08:52.229	Core 04	2026.06.03 17:15:00   [SRJ-IND] B152PR sym=USDJPY bar=2026.06.03 17:10 z1=1780,B,158.789,158.814,2026.05.25 04:50,1,2026.05.26 00:00,158.887,158.784"
2105,JUNE0525-B162,1617DC1ACCE6B50ED2D1359582A70A8B8503C569623EE90C18C6B33542796207,Tester/logs/20261011.log,974094,2026-06-03,17:15,B152PR,"CL	0	00:08:52.229	Core 04	2026.06.03 17:15:00   [SRJ-IND] B152PR sym=USDJPY bar=2026.06.03 17:10 z1=1949,B,158.916,158.934,2026.05.26 07:25,1,2026.05.26 07:30,158.942,158.934"
2106,JUNE0525-B162,1617DC1ACCE6B50ED2D1359582A70A8B8503C569623EE90C18C6B33542796207,Tester/logs/20261011.log,974095,2026-06-03,17:15,B152PR,"NR	0	00:08:52.229	Core 04	2026.06.03 17:15:00   [SRJ-IND] B152PR sym=USDJPY bar=2026.06.03 17:10 z1=2509,B,159.134,159.195,2026.05.29 19:10,1,2026.05.29 19:35,159.215,159.186"
2107,JUNE0525-B162,1617DC1ACCE6B50ED2D1359582A70A8B8503C569623EE90C18C6B33542796207,Tester/logs/20261011.log,974096,2026-06-03,17:15,B152PR,"KH	0	00:08:52.229	Core 04	2026.06.03 17:15:00   [SRJ-IND] B152PR sym=USDJPY bar=2026.06.03 17:10 z1=2566,B,159.382,159.407,2026.06.01 03:15,1,2026.06.03 11:30,159.790,159.368"
2108,JUNE0525-B162,1617DC1ACCE6B50ED2D1359582A70A8B8503C569623EE90C18C6B33542796207,Tester/logs/20261011.log,974097,2026-06-03,17:15,B152PR,"EN	0	00:08:52.229	Core 04	2026.06.03 17:15:00   [SRJ-IND] B152PR sym=USDJPY bar=2026.06.03 17:10 z1=2648,B,159.435,159.481,2026.06.01 16:00,1,2026.06.03 11:30,159.790,159.368"
2109,JUNE0525-B162,1617DC1ACCE6B50ED2D1359582A70A8B8503C569623EE90C18C6B33542796207,Tester/logs/20261011.log,974098,2026-06-03,17:15,B152PR,"RD	0	00:08:52.229	Core 04	2026.06.03 17:15:00   [SRJ-IND] B152PR sym=USDJPY bar=2026.06.03 17:10 z1=2716,B,159.576,159.603,2026.06.02 03:10,1,2026.06.03 10:35,159.787,159.550"
2110,JUNE0525-B162,1617DC1ACCE6B50ED2D1359582A70A8B8503C569623EE90C18C6B33542796207,Tester/logs/20261011.log,974099,2026-06-03,17:15,B152PR,"HJ	0	00:08:52.229	Core 04	2026.06.03 17:15:00   [SRJ-IND] B152PR sym=USDJPY bar=2026.06.03 17:10 z1=2720,B,159.586,159.605,2026.06.02 01:05,1,2026.06.03 10:35,159.787,159.550"
2111,JUNE0525-B162,1617DC1ACCE6B50ED2D1359582A70A8B8503C569623EE90C18C6B33542796207,Tester/logs/20261011.log,974100,2026-06-03,17:15,B152PR,"DP	0	00:08:52.229	Core 04	2026.06.03 17:15:00   [SRJ-IND] B152PR sym=USDJPY bar=2026.06.03 17:10 z1=2945,B,159.579,159.675,2026.06.03 11:15,1,2026.06.03 11:25,159.727,159.674"
2112,JUNE0525-B162,1617DC1ACCE6B50ED2D1359582A70A8B8503C569623EE90C18C6B33542796207,Tester/logs/20261011.log,974101,2026-06-03,17:15,B152PR,"PF	0	00:08:52.229	Core 04	2026.06.03 17:15:00   [SRJ-IND] B152PR sym=USDJPY bar=2026.06.03 17:10 z1=2979,B,159.861,159.913,2026.06.03 16:00,1,2026.06.03 16:05,159.919,159.899"
2113,JUNE0525-B162,1617DC1ACCE6B50ED2D1359582A70A8B8503C569623EE90C18C6B33542796207,Tester/logs/20261011.log,974102,2026-06-03,17:15,B152PR,"KN	0	00:08:52.229	Core 04	2026.06.03 17:15:00   [SRJ-IND] B152PR sym=USDJPY bar=2026.06.03 17:10 bull=1 bear=0 nz=24"
2114,JUNE0525-B162,1617DC1ACCE6B50ED2D1359582A70A8B8503C569623EE90C18C6B33542796207,Tester/logs/20261011.log,974103,2026-06-03,17:15,B162ORIGIN,"CS	0	00:08:52.229	Core 04	2026.06.03 17:15:00   [SRJ-IND] B162ORIGIN sym=USDJPY bar=2026.06.03 17:10 side=B n=24 origin=2979 range=159.861-159.913 formT=2026.06.03 15:40 set=65,78,212,256,261,313,414,447,449,460,696,714,724,1405,1779,1780,1949,2509,2566,2648,2716,2720,2945,2979"
2115,JUNE0525-B162,1617DC1ACCE6B50ED2D1359582A70A8B8503C569623EE90C18C6B33542796207,Tester/logs/20261011.log,974104,2026-06-03,17:15,B162ORIGIN,"QR	0	00:08:52.229	Core 04	2026.06.03 17:15:00   [SRJ-IND] B162ORIGIN sym=USDJPY bar=2026.06.03 17:10 side=S n=0 origin=NONE range=- formT=- set=-"
2116,JUNE0525-B162,1617DC1ACCE6B50ED2D1359582A70A8B8503C569623EE90C18C6B33542796207,Tester/logs/20261011.log,974257,2026-06-03,17:15,CONFIRMPOLL,"GE	0	00:08:52.229	Core 04	2026.06.03 17:15:00   [SRJ-EA] CONFIRMPOLL bar=2026.06.03 17:10 anchor=Daily-POC dir=LONG oppCandle=0 bodyDir=0 body=47pts doji=0 touchAttr=0 confirm=0 shadow=true"
2117,JUNE0525-B162,1617DC1ACCE6B50ED2D1359582A70A8B8503C569623EE90C18C6B33542796207,Tester/logs/20261011.log,974260,2026-06-03,17:15,ABORT,"QN	0	00:08:52.229	Core 04	2026.06.03 17:15:00   [SRJ-EA] 2026.06.03 17:15:00 ABORT reason=LTF_MISALIGN state=S4_ARMED poi=Daily-POC dir=LONG"
2118,JUNE0525-B162,1617DC1ACCE6B50ED2D1359582A70A8B8503C569623EE90C18C6B33542796207,Tester/logs/20261011.log,974261,2026-06-03,17:15,A6REFUSED,"ML	0	00:08:52.229	Core 04	2026.06.03 17:15:00   [SRJ-EA] A6REFUSED class=ABSENT_DECLINED bar=2026.06.03 17:15 state=S4_ARMED dir=LONG predicate=LTF_MISALIGN"
2119,JUNE0525-B162,1617DC1ACCE6B50ED2D1359582A70A8B8503C569623EE90C18C6B33542796207,Tester/logs/20261011.log,974263,2026-06-03,17:15,STATE,"KI	0	00:08:52.229	Core 04	2026.06.03 17:15:00   [SRJ-EA] 2026.06.03 17:15:00 STATE S4_ARMED->ABORT dir=LONG poi=Daily-POC"
2120,JUNE0525-B162,1617DC1ACCE6B50ED2D1359582A70A8B8503C569623EE90C18C6B33542796207,Tester/logs/20261011.log,974266,2026-06-03,17:20,B152PR,"OJ	0	00:08:52.229	Core 04	2026.06.03 17:20:00   [SRJ-IND] B152PR sym=USDJPY bar=2026.06.03 17:15 z1=65,B,156.672,156.773,2026.05.11 04:10,1,2026.05.12 08:55,157.714,156.726"
2121,JUNE0525-B162,1617DC1ACCE6B50ED2D1359582A70A8B8503C569623EE90C18C6B33542796207,Tester/logs/20261011.log,974267,2026-06-03,17:20,B152PR,"OP	0	00:08:52.229	Core 04	2026.06.03 17:20:00   [SRJ-IND] B152PR sym=USDJPY bar=2026.06.03 17:15 z1=78,B,156.578,156.584,2026.05.11 00:35,1,2026.05.11 00:40,156.644,156.537"
2122,JUNE0525-B162,1617DC1ACCE6B50ED2D1359582A70A8B8503C569623EE90C18C6B33542796207,Tester/logs/20261011.log,974268,2026-06-03,17:20,B152PR,"QD	0	00:08:52.229	Core 04	2026.06.03 17:20:00   [SRJ-IND] B152PR sym=USDJPY bar=2026.06.03 17:15 z1=212,B,157.028,157.060,2026.05.11 19:20,1,2026.05.12 00:00,157.152,157.050"
2123,JUNE0525-B162,1617DC1ACCE6B50ED2D1359582A70A8B8503C569623EE90C18C6B33542796207,Tester/logs/20261011.log,974269,2026-06-03,17:20,B152PR,"MN	0	00:08:52.229	Core 04	2026.06.03 17:20:00   [SRJ-IND] B152PR sym=USDJPY bar=2026.06.03 17:15 z1=256,B,157.172,157.178,2026.05.12 01:25,1,2026.05.12 08:55,157.714,156.726"
2124,JUNE0525-B162,1617DC1ACCE6B50ED2D1359582A70A8B8503C569623EE90C18C6B33542796207,Tester/logs/20261011.log,974270,2026-06-03,17:20,B152PR,"GP	0	00:08:52.229	Core 04	2026.06.03 17:20:00   [SRJ-IND] B152PR sym=USDJPY bar=2026.06.03 17:15 z1=261,B,157.184,157.192,2026.05.12 03:00,1,2026.05.12 08:55,157.714,156.726"
2125,JUNE0525-B162,1617DC1ACCE6B50ED2D1359582A70A8B8503C569623EE90C18C6B33542796207,Tester/logs/20261011.log,974271,2026-06-03,17:20,B152PR,"GJ	0	00:08:52.229	Core 04	2026.06.03 17:20:00   [SRJ-IND] B152PR sym=USDJPY bar=2026.06.03 17:15 z1=313,B,157.331,157.497,2026.05.12 10:00,1,2026.05.12 10:10,157.546,157.487"
2126,JUNE0525-B162,1617DC1ACCE6B50ED2D1359582A70A8B8503C569623EE90C18C6B33542796207,Tester/logs/20261011.log,974272,2026-06-03,17:20,B152PR,"RL	0	00:08:52.229	Core 04	2026.06.03 17:20:00   [SRJ-IND] B152PR sym=USDJPY bar=2026.06.03 17:15 z1=414,B,157.517,157.589,2026.05.13 01:10,1,2026.05.13 01:20,157.607,157.587"
2127,JUNE0525-B162,1617DC1ACCE6B50ED2D1359582A70A8B8503C569623EE90C18C6B33542796207,Tester/logs/20261011.log,974273,2026-06-03,17:20,B152PR,"IF	0	00:08:52.229	Core 04	2026.06.03 17:20:00   [SRJ-IND] B152PR sym=USDJPY bar=2026.06.03 17:15 z1=447,B,157.562,157.648,2026.05.13 06:20,1,2026.05.13 06:25,157.662,157.648"
2128,JUNE0525-B162,1617DC1ACCE6B50ED2D1359582A70A8B8503C569623EE90C18C6B33542796207,Tester/logs/20261011.log,974274,2026-06-03,17:20,B152PR,"FH	0	00:08:52.229	Core 04	2026.06.03 17:20:00   [SRJ-IND] B152PR sym=USDJPY bar=2026.06.03 17:15 z1=449,B,157.599,157.654,2026.05.13 05:15,1,2026.05.13 05:45,157.687,157.652"
2129,JUNE0525-B162,1617DC1ACCE6B50ED2D1359582A70A8B8503C569623EE90C18C6B33542796207,Tester/logs/20261011.log,974275,2026-06-03,17:20,B152PR,"GM	0	00:08:52.229	Core 04	2026.06.03 17:20:00   [SRJ-IND] B152PR sym=USDJPY bar=2026.06.03 17:15 z1=460,B,157.645,157.660,2026.05.13 07:05,1,2026.05.14 00:25,157.812,157.650"
2130,JUNE0525-B162,1617DC1ACCE6B50ED2D1359582A70A8B8503C569623EE90C18C6B33542796207,Tester/logs/20261011.log,974276,2026-06-03,17:20,B152PR,"CG	0	00:08:52.229	Core 04	2026.06.03 17:20:00   [SRJ-IND] B152PR sym=USDJPY bar=2026.06.03 17:15 z1=696,B,157.568,158.167,2026.05.14 18:05,1,2026.05.14 18:10,158.191,158.119"
2131,JUNE0525-B162,1617DC1ACCE6B50ED2D1359582A70A8B8503C569623EE90C18C6B33542796207,Tester/logs/20261011.log,974277,2026-06-03,17:20,B152PR,"OI	0	00:08:52.229	Core 04	2026.06.03 17:20:00   [SRJ-IND] B152PR sym=USDJPY bar=2026.06.03 17:15 z1=714,B,158.107,158.142,2026.05.14 19:30,1,2026.05.14 20:00,158.169,158.142"
2132,JUNE0525-B162,1617DC1ACCE6B50ED2D1359582A70A8B8503C569623EE90C18C6B33542796207,Tester/logs/20261011.log,974278,2026-06-03,17:20,B152PR,"NS	0	00:08:52.229	Core 04	2026.06.03 17:20:00   [SRJ-IND] B152PR sym=USDJPY bar=2026.06.03 17:15 z1=724,B,158.168,158.186,2026.05.14 21:00,1,2026.05.14 21:05,158.191,158.182"
2133,JUNE0525-B162,1617DC1ACCE6B50ED2D1359582A70A8B8503C569623EE90C18C6B33542796207,Tester/logs/20261011.log,974279,2026-06-03,17:20,B152PR,"DF	0	00:08:52.229	Core 04	2026.06.03 17:20:00   [SRJ-IND] B152PR sym=USDJPY bar=2026.06.03 17:15 z1=1405,B,158.735,158.769,2026.05.20 19:00,1,2026.05.20 19:05,158.816,158.753"
2134,JUNE0525-B162,1617DC1ACCE6B50ED2D1359582A70A8B8503C569623EE90C18C6B33542796207,Tester/logs/20261011.log,974280,2026-06-03,17:20,B152PR,"RL	0	00:08:52.229	Core 04	2026.06.03 17:20:00   [SRJ-IND] B152PR sym=USDJPY bar=2026.06.03 17:15 z1=1779,B,158.756,158.800,2026.05.25 06:45,1,2026.05.26 00:00,158.887,158.784"
2135,JUNE0525-B162,1617DC1ACCE6B50ED2D1359582A70A8B8503C569623EE90C18C6B33542796207,Tester/logs/20261011.log,974281,2026-06-03,17:20,B152PR,"KR	0	00:08:52.229	Core 04	2026.06.03 17:20:00   [SRJ-IND] B152PR sym=USDJPY bar=2026.06.03 17:15 z1=1780,B,158.789,158.814,2026.05.25 04:50,1,2026.05.26 00:00,158.887,158.784"
2136,JUNE0525-B162,1617DC1ACCE6B50ED2D1359582A70A8B8503C569623EE90C18C6B33542796207,Tester/logs/20261011.log,974282,2026-06-03,17:20,B152PR,"FH	0	00:08:52.229	Core 04	2026.06.03 17:20:00   [SRJ-IND] B152PR sym=USDJPY bar=2026.06.03 17:15 z1=1949,B,158.916,158.934,2026.05.26 07:25,1,2026.05.26 07:30,158.942,158.934"
2137,JUNE0525-B162,1617DC1ACCE6B50ED2D1359582A70A8B8503C569623EE90C18C6B33542796207,Tester/logs/20261011.log,974283,2026-06-03,17:20,B152PR,"KN	0	00:08:52.229	Core 04	2026.06.03 17:20:00   [SRJ-IND] B152PR sym=USDJPY bar=2026.06.03 17:15 z1=2509,B,159.134,159.195,2026.05.29 19:10,1,2026.05.29 19:35,159.215,159.186"
2138,JUNE0525-B162,1617DC1ACCE6B50ED2D1359582A70A8B8503C569623EE90C18C6B33542796207,Tester/logs/20261011.log,974284,2026-06-03,17:20,B152PR,"ND	0	00:08:52.229	Core 04	2026.06.03 17:20:00   [SRJ-IND] B152PR sym=USDJPY bar=2026.06.03 17:15 z1=2566,B,159.382,159.407,2026.06.01 03:15,1,2026.06.03 11:30,159.790,159.368"
2139,JUNE0525-B162,1617DC1ACCE6B50ED2D1359582A70A8B8503C569623EE90C18C6B33542796207,Tester/logs/20261011.log,974285,2026-06-03,17:20,B152PR,"DJ	0	00:08:52.229	Core 04	2026.06.03 17:20:00   [SRJ-IND] B152PR sym=USDJPY bar=2026.06.03 17:15 z1=2648,B,159.435,159.481,2026.06.01 16:00,1,2026.06.03 11:30,159.790,159.368"
2140,JUNE0525-B162,1617DC1ACCE6B50ED2D1359582A70A8B8503C569623EE90C18C6B33542796207,Tester/logs/20261011.log,974286,2026-06-03,17:20,B152PR,"OP	0	00:08:52.229	Core 04	2026.06.03 17:20:00   [SRJ-IND] B152PR sym=USDJPY bar=2026.06.03 17:15 z1=2716,B,159.576,159.603,2026.06.02 03:10,1,2026.06.03 10:35,159.787,159.550"
2141,JUNE0525-B162,1617DC1ACCE6B50ED2D1359582A70A8B8503C569623EE90C18C6B33542796207,Tester/logs/20261011.log,974287,2026-06-03,17:20,B152PR,"IF	0	00:08:52.229	Core 04	2026.06.03 17:20:00   [SRJ-IND] B152PR sym=USDJPY bar=2026.06.03 17:15 z1=2720,B,159.586,159.605,2026.06.02 01:05,1,2026.06.03 10:35,159.787,159.550"
2142,JUNE0525-B162,1617DC1ACCE6B50ED2D1359582A70A8B8503C569623EE90C18C6B33542796207,Tester/logs/20261011.log,974288,2026-06-03,17:20,B152PR,"EL	0	00:08:52.229	Core 04	2026.06.03 17:20:00   [SRJ-IND] B152PR sym=USDJPY bar=2026.06.03 17:15 z1=2945,B,159.579,159.675,2026.06.03 11:15,1,2026.06.03 11:25,159.727,159.674"
2143,JUNE0525-B162,1617DC1ACCE6B50ED2D1359582A70A8B8503C569623EE90C18C6B33542796207,Tester/logs/20261011.log,974289,2026-06-03,17:20,B152PR,"QR	0	00:08:52.229	Core 04	2026.06.03 17:20:00   [SRJ-IND] B152PR sym=USDJPY bar=2026.06.03 17:15 z1=2979,B,159.861,159.913,2026.06.03 16:00,1,2026.06.03 16:05,159.919,159.899"
2144,JUNE0525-B162,1617DC1ACCE6B50ED2D1359582A70A8B8503C569623EE90C18C6B33542796207,Tester/logs/20261011.log,974290,2026-06-03,17:20,B152PR,"NJ	0	00:08:52.229	Core 04	2026.06.03 17:20:00   [SRJ-IND] B152PR sym=USDJPY bar=2026.06.03 17:15 bull=1 bear=0 nz=24"
2145,JUNE0525-B162,1617DC1ACCE6B50ED2D1359582A70A8B8503C569623EE90C18C6B33542796207,Tester/logs/20261011.log,974291,2026-06-03,17:20,B162ORIGIN,"FG	0	00:08:52.229	Core 04	2026.06.03 17:20:00   [SRJ-IND] B162ORIGIN sym=USDJPY bar=2026.06.03 17:15 side=B n=24 origin=2979 range=159.861-159.913 formT=2026.06.03 15:40 set=65,78,212,256,261,313,414,447,449,460,696,714,724,1405,1779,1780,1949,2509,2566,2648,2716,2720,2945,2979"
2146,JUNE0525-B162,1617DC1ACCE6B50ED2D1359582A70A8B8503C569623EE90C18C6B33542796207,Tester/logs/20261011.log,974292,2026-06-03,17:20,B162ORIGIN,"PF	0	00:08:52.229	Core 04	2026.06.03 17:20:00   [SRJ-IND] B162ORIGIN sym=USDJPY bar=2026.06.03 17:15 side=S n=0 origin=NONE range=- formT=- set=-"
2147,JUNE0525-B162,1617DC1ACCE6B50ED2D1359582A70A8B8503C569623EE90C18C6B33542796207,Tester/logs/20261011.log,974296,2026-06-03,17:20,CQDRECHECK,"OM	0	00:08:52.229	Core 04	2026.06.03 17:20:00   [SRJ-EA] CQDRECHECK shift=2 passA=1.0 passB=1.0 diff=0 bar=2026.06.03 17:10 state=IDLE dir=NONE divLatch=0 hit1=0 hit2=532 mism=0"
2148,JUNE0525-B162,1617DC1ACCE6B50ED2D1359582A70A8B8503C569623EE90C18C6B33542796207,Tester/logs/20261011.log,974301,2026-06-03,17:25,B152PR,"QD	0	00:08:52.229	Core 04	2026.06.03 17:25:03   [SRJ-IND] B152PR sym=USDJPY bar=2026.06.03 17:20 z1=65,B,156.672,156.773,2026.05.11 04:10,1,2026.05.12 08:55,157.714,156.726"
2149,JUNE0525-B162,1617DC1ACCE6B50ED2D1359582A70A8B8503C569623EE90C18C6B33542796207,Tester/logs/20261011.log,974302,2026-06-03,17:25,B152PR,"QJ	0	00:08:52.229	Core 04	2026.06.03 17:25:03   [SRJ-IND] B152PR sym=USDJPY bar=2026.06.03 17:20 z1=78,B,156.578,156.584,2026.05.11 00:35,1,2026.05.11 00:40,156.644,156.537"
2150,JUNE0525-B162,1617DC1ACCE6B50ED2D1359582A70A8B8503C569623EE90C18C6B33542796207,Tester/logs/20261011.log,974303,2026-06-03,17:25,B152PR,"OR	0	00:08:52.229	Core 04	2026.06.03 17:25:03   [SRJ-IND] B152PR sym=USDJPY bar=2026.06.03 17:20 z1=212,B,157.028,157.060,2026.05.11 19:20,1,2026.05.12 00:00,157.152,157.050"
2151,JUNE0525-B162,1617DC1ACCE6B50ED2D1359582A70A8B8503C569623EE90C18C6B33542796207,Tester/logs/20261011.log,974304,2026-06-03,17:25,B152PR,"OD	0	00:08:52.229	Core 04	2026.06.03 17:25:03   [SRJ-IND] B152PR sym=USDJPY bar=2026.06.03 17:20 z1=256,B,157.172,157.178,2026.05.12 01:25,1,2026.05.12 08:55,157.714,156.726"
2152,JUNE0525-B162,1617DC1ACCE6B50ED2D1359582A70A8B8503C569623EE90C18C6B33542796207,Tester/logs/20261011.log,974305,2026-06-03,17:25,B152PR,"IN	0	00:08:52.229	Core 04	2026.06.03 17:25:03   [SRJ-IND] B152PR sym=USDJPY bar=2026.06.03 17:20 z1=261,B,157.184,157.192,2026.05.12 03:00,1,2026.05.12 08:55,157.714,156.726"
2153,JUNE0525-B162,1617DC1ACCE6B50ED2D1359582A70A8B8503C569623EE90C18C6B33542796207,Tester/logs/20261011.log,974306,2026-06-03,17:25,B152PR,"MP	0	00:08:52.229	Core 04	2026.06.03 17:25:03   [SRJ-IND] B152PR sym=USDJPY bar=2026.06.03 17:20 z1=313,B,157.331,157.497,2026.05.12 10:00,1,2026.05.12 10:10,157.546,157.487"
2154,JUNE0525-B162,1617DC1ACCE6B50ED2D1359582A70A8B8503C569623EE90C18C6B33542796207,Tester/logs/20261011.log,974307,2026-06-03,17:25,B152PR,"PJ	0	00:08:52.229	Core 04	2026.06.03 17:25:03   [SRJ-IND] B152PR sym=USDJPY bar=2026.06.03 17:20 z1=414,B,157.517,157.589,2026.05.13 01:10,1,2026.05.13 01:20,157.607,157.587"
2155,JUNE0525-B162,1617DC1ACCE6B50ED2D1359582A70A8B8503C569623EE90C18C6B33542796207,Tester/logs/20261011.log,974308,2026-06-03,17:25,B152PR,"CL	0	00:08:52.229	Core 04	2026.06.03 17:25:03   [SRJ-IND] B152PR sym=USDJPY bar=2026.06.03 17:20 z1=447,B,157.562,157.648,2026.05.13 06:20,1,2026.05.13 06:25,157.662,157.648"
2156,JUNE0525-B162,1617DC1ACCE6B50ED2D1359582A70A8B8503C569623EE90C18C6B33542796207,Tester/logs/20261011.log,974309,2026-06-03,17:25,B152PR,"DF	0	00:08:52.229	Core 04	2026.06.03 17:25:03   [SRJ-IND] B152PR sym=USDJPY bar=2026.06.03 17:20 z1=449,B,157.599,157.654,2026.05.13 05:15,1,2026.05.13 05:45,157.687,157.652"
2157,JUNE0525-B162,1617DC1ACCE6B50ED2D1359582A70A8B8503C569623EE90C18C6B33542796207,Tester/logs/20261011.log,974310,2026-06-03,17:25,B152PR,"MH	0	00:08:52.229	Core 04	2026.06.03 17:25:03   [SRJ-IND] B152PR sym=USDJPY bar=2026.06.03 17:20 z1=460,B,157.645,157.660,2026.05.13 07:05,1,2026.05.14 00:25,157.812,157.650"
2158,JUNE0525-B162,1617DC1ACCE6B50ED2D1359582A70A8B8503C569623EE90C18C6B33542796207,Tester/logs/20261011.log,974311,2026-06-03,17:25,B152PR,"EM	0	00:08:52.229	Core 04	2026.06.03 17:25:03   [SRJ-IND] B152PR sym=USDJPY bar=2026.06.03 17:20 z1=696,B,157.568,158.167,2026.05.14 18:05,1,2026.05.14 18:10,158.191,158.119"
2159,JUNE0525-B162,1617DC1ACCE6B50ED2D1359582A70A8B8503C569623EE90C18C6B33542796207,Tester/logs/20261011.log,974312,2026-06-03,17:25,B152PR,"MG	0	00:08:52.229	Core 04	2026.06.03 17:25:03   [SRJ-IND] B152PR sym=USDJPY bar=2026.06.03 17:20 z1=714,B,158.107,158.142,2026.05.14 19:30,1,2026.05.14 20:00,158.169,158.142"
2160,JUNE0525-B162,1617DC1ACCE6B50ED2D1359582A70A8B8503C569623EE90C18C6B33542796207,Tester/logs/20261011.log,974313,2026-06-03,17:25,B152PR,"LI	0	00:08:52.229	Core 04	2026.06.03 17:25:03   [SRJ-IND] B152PR sym=USDJPY bar=2026.06.03 17:20 z1=724,B,158.168,158.186,2026.05.14 21:00,1,2026.05.14 21:05,158.191,158.182"
2161,JUNE0525-B162,1617DC1ACCE6B50ED2D1359582A70A8B8503C569623EE90C18C6B33542796207,Tester/logs/20261011.log,974314,2026-06-03,17:25,B152PR,"RP	0	00:08:52.229	Core 04	2026.06.03 17:25:03   [SRJ-IND] B152PR sym=USDJPY bar=2026.06.03 17:20 z1=1405,B,158.735,158.769,2026.05.20 19:00,1,2026.05.20 19:05,158.816,158.753"
2162,JUNE0525-B162,1617DC1ACCE6B50ED2D1359582A70A8B8503C569623EE90C18C6B33542796207,Tester/logs/20261011.log,974315,2026-06-03,17:25,B152PR,"DF	0	00:08:52.229	Core 04	2026.06.03 17:25:03   [SRJ-IND] B152PR sym=USDJPY bar=2026.06.03 17:20 z1=1779,B,158.756,158.800,2026.05.25 06:45,1,2026.05.26 00:00,158.887,158.784"
2163,JUNE0525-B162,1617DC1ACCE6B50ED2D1359582A70A8B8503C569623EE90C18C6B33542796207,Tester/logs/20261011.log,974316,2026-06-03,17:25,B152PR,"IL	0	00:08:52.229	Core 04	2026.06.03 17:25:03   [SRJ-IND] B152PR sym=USDJPY bar=2026.06.03 17:20 z1=1780,B,158.789,158.814,2026.05.25 04:50,1,2026.05.26 00:00,158.887,158.784"
2164,JUNE0525-B162,1617DC1ACCE6B50ED2D1359582A70A8B8503C569623EE90C18C6B33542796207,Tester/logs/20261011.log,974317,2026-06-03,17:25,B152PR,"PR	0	00:08:52.229	Core 04	2026.06.03 17:25:03   [SRJ-IND] B152PR sym=USDJPY bar=2026.06.03 17:20 z1=1949,B,158.916,158.934,2026.05.26 07:25,1,2026.05.26 07:30,158.942,158.934"
2165,JUNE0525-B162,1617DC1ACCE6B50ED2D1359582A70A8B8503C569623EE90C18C6B33542796207,Tester/logs/20261011.log,974318,2026-06-03,17:25,B152PR,"IH	0	00:08:52.229	Core 04	2026.06.03 17:25:03   [SRJ-IND] B152PR sym=USDJPY bar=2026.06.03 17:20 z1=2509,B,159.134,159.195,2026.05.29 19:10,1,2026.05.29 19:35,159.215,159.186"
2166,JUNE0525-B162,1617DC1ACCE6B50ED2D1359582A70A8B8503C569623EE90C18C6B33542796207,Tester/logs/20261011.log,974319,2026-06-03,17:25,B152PR,"HN	0	00:08:52.229	Core 04	2026.06.03 17:25:03   [SRJ-IND] B152PR sym=USDJPY bar=2026.06.03 17:20 z1=2566,B,159.382,159.407,2026.06.01 03:15,1,2026.06.03 11:30,159.790,159.368"
2167,JUNE0525-B162,1617DC1ACCE6B50ED2D1359582A70A8B8503C569623EE90C18C6B33542796207,Tester/logs/20261011.log,974320,2026-06-03,17:25,B152PR,"RD	0	00:08:52.229	Core 04	2026.06.03 17:25:03   [SRJ-IND] B152PR sym=USDJPY bar=2026.06.03 17:20 z1=2648,B,159.435,159.481,2026.06.01 16:00,1,2026.06.03 11:30,159.790,159.368"
2168,JUNE0525-B162,1617DC1ACCE6B50ED2D1359582A70A8B8503C569623EE90C18C6B33542796207,Tester/logs/20261011.log,974321,2026-06-03,17:25,B152PR,"EJ	0	00:08:52.229	Core 04	2026.06.03 17:25:03   [SRJ-IND] B152PR sym=USDJPY bar=2026.06.03 17:20 z1=2716,B,159.576,159.603,2026.06.02 03:10,1,2026.06.03 10:35,159.787,159.550"
2169,JUNE0525-B162,1617DC1ACCE6B50ED2D1359582A70A8B8503C569623EE90C18C6B33542796207,Tester/logs/20261011.log,974322,2026-06-03,17:25,B152PR,"KP	0	00:08:52.229	Core 04	2026.06.03 17:25:03   [SRJ-IND] B152PR sym=USDJPY bar=2026.06.03 17:20 z1=2720,B,159.586,159.605,2026.06.02 01:05,1,2026.06.03 10:35,159.787,159.550"
2170,JUNE0525-B162,1617DC1ACCE6B50ED2D1359582A70A8B8503C569623EE90C18C6B33542796207,Tester/logs/20261011.log,974323,2026-06-03,17:25,B152PR,"OF	0	00:08:52.229	Core 04	2026.06.03 17:25:03   [SRJ-IND] B152PR sym=USDJPY bar=2026.06.03 17:20 z1=2945,B,159.579,159.675,2026.06.03 11:15,1,2026.06.03 11:25,159.727,159.674"
2171,JUNE0525-B162,1617DC1ACCE6B50ED2D1359582A70A8B8503C569623EE90C18C6B33542796207,Tester/logs/20261011.log,974324,2026-06-03,17:25,B152PR,"CL	0	00:08:52.229	Core 04	2026.06.03 17:25:03   [SRJ-IND] B152PR sym=USDJPY bar=2026.06.03 17:20 z1=2979,B,159.861,159.913,2026.06.03 16:00,1,2026.06.03 16:05,159.919,159.899"
2172,JUNE0525-B162,1617DC1ACCE6B50ED2D1359582A70A8B8503C569623EE90C18C6B33542796207,Tester/logs/20261011.log,974325,2026-06-03,17:25,B152PR,"HP	0	00:08:52.229	Core 04	2026.06.03 17:25:03   [SRJ-IND] B152PR sym=USDJPY bar=2026.06.03 17:20 bull=1 bear=0 nz=24"
2173,JUNE0525-B162,1617DC1ACCE6B50ED2D1359582A70A8B8503C569623EE90C18C6B33542796207,Tester/logs/20261011.log,974326,2026-06-03,17:25,B162ORIGIN,"HM	0	00:08:52.229	Core 04	2026.06.03 17:25:03   [SRJ-IND] B162ORIGIN sym=USDJPY bar=2026.06.03 17:20 side=B n=24 origin=2979 range=159.861-159.913 formT=2026.06.03 15:40 set=65,78,212,256,261,313,414,447,449,460,696,714,724,1405,1779,1780,1949,2509,2566,2648,2716,2720,2945,2979"
2174,JUNE0525-B162,1617DC1ACCE6B50ED2D1359582A70A8B8503C569623EE90C18C6B33542796207,Tester/logs/20261011.log,974327,2026-06-03,17:25,B162ORIGIN,"NH	0	00:08:52.229	Core 04	2026.06.03 17:25:03   [SRJ-IND] B162ORIGIN sym=USDJPY bar=2026.06.03 17:20 side=S n=0 origin=NONE range=- formT=- set=-"
2175,JUNE0525-B162,1617DC1ACCE6B50ED2D1359582A70A8B8503C569623EE90C18C6B33542796207,Tester/logs/20261011.log,974337,2026-06-03,17:30,B152PR,"MP	0	00:08:52.229	Core 04	2026.06.03 17:30:00   [SRJ-IND] B152PR sym=USDJPY bar=2026.06.03 17:25 z1=65,B,156.672,156.773,2026.05.11 04:10,1,2026.05.12 08:55,157.714,156.726"
2176,JUNE0525-B162,1617DC1ACCE6B50ED2D1359582A70A8B8503C569623EE90C18C6B33542796207,Tester/logs/20261011.log,974338,2026-06-03,17:30,B152PR,"EG	0	00:08:52.229	Core 04	2026.06.03 17:30:00   [SRJ-IND] B152PR sym=USDJPY bar=2026.06.03 17:25 z1=78,B,156.578,156.584,2026.05.11 00:35,1,2026.05.11 00:40,156.644,156.537"
2177,JUNE0525-B162,1617DC1ACCE6B50ED2D1359582A70A8B8503C569623EE90C18C6B33542796207,Tester/logs/20261011.log,974339,2026-06-03,17:30,B152PR,"KN	0	00:08:52.229	Core 04	2026.06.03 17:30:00   [SRJ-IND] B152PR sym=USDJPY bar=2026.06.03 17:25 z1=212,B,157.028,157.060,2026.05.11 19:20,1,2026.05.12 00:00,157.152,157.050"
2178,JUNE0525-B162,1617DC1ACCE6B50ED2D1359582A70A8B8503C569623EE90C18C6B33542796207,Tester/logs/20261011.log,974340,2026-06-03,17:30,B152PR,"GP	0	00:08:52.229	Core 04	2026.06.03 17:30:00   [SRJ-IND] B152PR sym=USDJPY bar=2026.06.03 17:25 z1=256,B,157.172,157.178,2026.05.12 01:25,1,2026.05.12 08:55,157.714,156.726"
2179,JUNE0525-B162,1617DC1ACCE6B50ED2D1359582A70A8B8503C569623EE90C18C6B33542796207,Tester/logs/20261011.log,974341,2026-06-03,17:30,B152PR,"MJ	0	00:08:52.229	Core 04	2026.06.03 17:30:00   [SRJ-IND] B152PR sym=USDJPY bar=2026.06.03 17:25 z1=261,B,157.184,157.192,2026.05.12 03:00,1,2026.05.12 08:55,157.714,156.726"
2180,JUNE0525-B162,1617DC1ACCE6B50ED2D1359582A70A8B8503C569623EE90C18C6B33542796207,Tester/logs/20261011.log,974342,2026-06-03,17:30,B152PR,"EL	0	00:08:52.229	Core 04	2026.06.03 17:30:00   [SRJ-IND] B152PR sym=USDJPY bar=2026.06.03 17:25 z1=313,B,157.331,157.497,2026.05.12 10:00,1,2026.05.12 10:10,157.546,157.487"
2181,JUNE0525-B162,1617DC1ACCE6B50ED2D1359582A70A8B8503C569623EE90C18C6B33542796207,Tester/logs/20261011.log,974343,2026-06-03,17:30,B152PR,"LF	0	00:08:52.229	Core 04	2026.06.03 17:30:00   [SRJ-IND] B152PR sym=USDJPY bar=2026.06.03 17:25 z1=414,B,157.517,157.589,2026.05.13 01:10,1,2026.05.13 01:20,157.607,157.587"
2182,JUNE0525-B162,1617DC1ACCE6B50ED2D1359582A70A8B8503C569623EE90C18C6B33542796207,Tester/logs/20261011.log,974344,2026-06-03,17:30,B152PR,"KK	0	00:08:52.229	Core 04	2026.06.03 17:30:00   [SRJ-IND] B152PR sym=USDJPY bar=2026.06.03 17:25 z1=447,B,157.562,157.648,2026.05.13 06:20,1,2026.05.13 06:25,157.662,157.648"
2183,JUNE0525-B162,1617DC1ACCE6B50ED2D1359582A70A8B8503C569623EE90C18C6B33542796207,Tester/logs/20261011.log,974345,2026-06-03,17:30,B152PR,"PM	0	00:08:52.229	Core 04	2026.06.03 17:30:00   [SRJ-IND] B152PR sym=USDJPY bar=2026.06.03 17:25 z1=449,B,157.599,157.654,2026.05.13 05:15,1,2026.05.13 05:45,157.687,157.652"
2184,JUNE0525-B162,1617DC1ACCE6B50ED2D1359582A70A8B8503C569623EE90C18C6B33542796207,Tester/logs/20261011.log,974346,2026-06-03,17:30,B152PR,"EG	0	00:08:52.229	Core 04	2026.06.03 17:30:00   [SRJ-IND] B152PR sym=USDJPY bar=2026.06.03 17:25 z1=460,B,157.645,157.660,2026.05.13 07:05,1,2026.05.14 00:25,157.812,157.650"
2185,JUNE0525-B162,1617DC1ACCE6B50ED2D1359582A70A8B8503C569623EE90C18C6B33542796207,Tester/logs/20261011.log,974347,2026-06-03,17:30,B152PR,"II	0	00:08:52.229	Core 04	2026.06.03 17:30:00   [SRJ-IND] B152PR sym=USDJPY bar=2026.06.03 17:25 z1=696,B,157.568,158.167,2026.05.14 18:05,1,2026.05.14 18:10,158.191,158.119"
2186,JUNE0525-B162,1617DC1ACCE6B50ED2D1359582A70A8B8503C569623EE90C18C6B33542796207,Tester/logs/20261011.log,974348,2026-06-03,17:30,B152PR,"ES	0	00:08:52.229	Core 04	2026.06.03 17:30:00   [SRJ-IND] B152PR sym=USDJPY bar=2026.06.03 17:25 z1=714,B,158.107,158.142,2026.05.14 19:30,1,2026.05.14 20:00,158.169,158.142"
2187,JUNE0525-B162,1617DC1ACCE6B50ED2D1359582A70A8B8503C569623EE90C18C6B33542796207,Tester/logs/20261011.log,974349,2026-06-03,17:30,B152PR,"HE	0	00:08:52.229	Core 04	2026.06.03 17:30:00   [SRJ-IND] B152PR sym=USDJPY bar=2026.06.03 17:25 z1=724,B,158.168,158.186,2026.05.14 21:00,1,2026.05.14 21:05,158.191,158.182"
2188,JUNE0525-B162,1617DC1ACCE6B50ED2D1359582A70A8B8503C569623EE90C18C6B33542796207,Tester/logs/20261011.log,974350,2026-06-03,17:30,B152PR,"JL	0	00:08:52.229	Core 04	2026.06.03 17:30:00   [SRJ-IND] B152PR sym=USDJPY bar=2026.06.03 17:25 z1=1405,B,158.735,158.769,2026.05.20 19:00,1,2026.05.20 19:05,158.816,158.753"
2189,JUNE0525-B162,1617DC1ACCE6B50ED2D1359582A70A8B8503C569623EE90C18C6B33542796207,Tester/logs/20261011.log,974351,2026-06-03,17:30,B152PR,"LR	0	00:08:52.229	Core 04	2026.06.03 17:30:00   [SRJ-IND] B152PR sym=USDJPY bar=2026.06.03 17:25 z1=1779,B,158.756,158.800,2026.05.25 06:45,1,2026.05.26 00:00,158.887,158.784"
2190,JUNE0525-B162,1617DC1ACCE6B50ED2D1359582A70A8B8503C569623EE90C18C6B33542796207,Tester/logs/20261011.log,974352,2026-06-03,17:30,B152PR,"QH	0	00:08:52.229	Core 04	2026.06.03 17:30:00   [SRJ-IND] B152PR sym=USDJPY bar=2026.06.03 17:25 z1=1780,B,158.789,158.814,2026.05.25 04:50,1,2026.05.26 00:00,158.887,158.784"
2191,JUNE0525-B162,1617DC1ACCE6B50ED2D1359582A70A8B8503C569623EE90C18C6B33542796207,Tester/logs/20261011.log,974353,2026-06-03,17:30,B152PR,"HN	0	00:08:52.229	Core 04	2026.06.03 17:30:00   [SRJ-IND] B152PR sym=USDJPY bar=2026.06.03 17:25 z1=1949,B,158.916,158.934,2026.05.26 07:25,1,2026.05.26 07:30,158.942,158.934"
2192,JUNE0525-B162,1617DC1ACCE6B50ED2D1359582A70A8B8503C569623EE90C18C6B33542796207,Tester/logs/20261011.log,974354,2026-06-03,17:30,B152PR,"QD	0	00:08:52.229	Core 04	2026.06.03 17:30:00   [SRJ-IND] B152PR sym=USDJPY bar=2026.06.03 17:25 z1=2509,B,159.134,159.195,2026.05.29 19:10,1,2026.05.29 19:35,159.215,159.186"
2193,JUNE0525-B162,1617DC1ACCE6B50ED2D1359582A70A8B8503C569623EE90C18C6B33542796207,Tester/logs/20261011.log,974355,2026-06-03,17:30,B152PR,"PJ	0	00:08:52.229	Core 04	2026.06.03 17:30:00   [SRJ-IND] B152PR sym=USDJPY bar=2026.06.03 17:25 z1=2566,B,159.382,159.407,2026.06.01 03:15,1,2026.06.03 11:30,159.790,159.368"
2194,JUNE0525-B162,1617DC1ACCE6B50ED2D1359582A70A8B8503C569623EE90C18C6B33542796207,Tester/logs/20261011.log,974356,2026-06-03,17:30,B152PR,"JP	0	00:08:52.229	Core 04	2026.06.03 17:30:00   [SRJ-IND] B152PR sym=USDJPY bar=2026.06.03 17:25 z1=2648,B,159.435,159.481,2026.06.01 16:00,1,2026.06.03 11:30,159.790,159.368"
2195,JUNE0525-B162,1617DC1ACCE6B50ED2D1359582A70A8B8503C569623EE90C18C6B33542796207,Tester/logs/20261011.log,974357,2026-06-03,17:30,B152PR,"MF	0	00:08:52.229	Core 04	2026.06.03 17:30:00   [SRJ-IND] B152PR sym=USDJPY bar=2026.06.03 17:25 z1=2716,B,159.576,159.603,2026.06.02 03:10,1,2026.06.03 10:35,159.787,159.550"
2196,JUNE0525-B162,1617DC1ACCE6B50ED2D1359582A70A8B8503C569623EE90C18C6B33542796207,Tester/logs/20261011.log,974358,2026-06-03,17:30,B152PR,"CL	0	00:08:52.229	Core 04	2026.06.03 17:30:00   [SRJ-IND] B152PR sym=USDJPY bar=2026.06.03 17:25 z1=2720,B,159.586,159.605,2026.06.02 01:05,1,2026.06.03 10:35,159.787,159.550"
2197,JUNE0525-B162,1617DC1ACCE6B50ED2D1359582A70A8B8503C569623EE90C18C6B33542796207,Tester/logs/20261011.log,974359,2026-06-03,17:30,B152PR,"GR	0	00:08:52.229	Core 04	2026.06.03 17:30:00   [SRJ-IND] B152PR sym=USDJPY bar=2026.06.03 17:25 z1=2945,B,159.579,159.675,2026.06.03 11:15,1,2026.06.03 11:25,159.727,159.674"
2198,JUNE0525-B162,1617DC1ACCE6B50ED2D1359582A70A8B8503C569623EE90C18C6B33542796207,Tester/logs/20261011.log,974360,2026-06-03,17:30,B152PR,"KH	0	00:08:52.229	Core 04	2026.06.03 17:30:00   [SRJ-IND] B152PR sym=USDJPY bar=2026.06.03 17:25 z1=2979,B,159.861,159.913,2026.06.03 16:00,1,2026.06.03 16:05,159.919,159.899"
2199,JUNE0525-B162,1617DC1ACCE6B50ED2D1359582A70A8B8503C569623EE90C18C6B33542796207,Tester/logs/20261011.log,974361,2026-06-03,17:30,B152PR,"PL	0	00:08:52.229	Core 04	2026.06.03 17:30:00   [SRJ-IND] B152PR sym=USDJPY bar=2026.06.03 17:25 bull=1 bear=0 nz=24"
2200,JUNE0525-B162,1617DC1ACCE6B50ED2D1359582A70A8B8503C569623EE90C18C6B33542796207,Tester/logs/20261011.log,974362,2026-06-03,17:30,B162ORIGIN,"PR	0	00:08:52.229	Core 04	2026.06.03 17:30:00   [SRJ-IND] B162ORIGIN sym=USDJPY bar=2026.06.03 17:25 side=B n=24 origin=2979 range=159.861-159.913 formT=2026.06.03 15:40 set=65,78,212,256,261,313,414,447,449,460,696,714,724,1405,1779,1780,1949,2509,2566,2648,2716,2720,2945,2979"
2201,JUNE0525-B162,1617DC1ACCE6B50ED2D1359582A70A8B8503C569623EE90C18C6B33542796207,Tester/logs/20261011.log,974363,2026-06-03,17:30,B162ORIGIN,"FM	0	00:08:52.229	Core 04	2026.06.03 17:30:00   [SRJ-IND] B162ORIGIN sym=USDJPY bar=2026.06.03 17:25 side=S n=0 origin=NONE range=- formT=- set=-"
2202,JUNE0525-B162,1617DC1ACCE6B50ED2D1359582A70A8B8503C569623EE90C18C6B33542796207,Tester/logs/20261011.log,974373,2026-06-03,17:30,CONFIRMPOLL,"GF	0	00:08:52.229	Core 04	2026.06.03 17:30:00   [SRJ-EA] CONFIRMPOLL bar=2026.06.03 17:25 anchor=Daily-POC dir=LONG oppCandle=1 bodyDir=1 body=28pts doji=0 touchAttr=1 confirm=1 shadow=true"
2203,JUNE0525-B162,1617DC1ACCE6B50ED2D1359582A70A8B8503C569623EE90C18C6B33542796207,Tester/logs/20261011.log,974375,2026-06-03,17:30,STATE,"LM	0	00:08:52.229	Core 04	2026.06.03 17:30:00   [SRJ-EA] 2026.06.03 17:30:00 STATE IDLE->S1_REGIME dir=LONG poi=Daily-POC"
2204,JUNE0525-B162,1617DC1ACCE6B50ED2D1359582A70A8B8503C569623EE90C18C6B33542796207,Tester/logs/20261011.log,974376,2026-06-03,17:30,ANCHOR_ELECT,"KM	0	00:08:52.229	Core 04	2026.06.03 17:30:00   [SRJ-EA] ANCHOR_ELECT bar=2026.06.03 17:25 action=SEED poi=Daily-POC rank=10 tier=5 dir=LONG"
2205,JUNE0525-B162,1617DC1ACCE6B50ED2D1359582A70A8B8503C569623EE90C18C6B33542796207,Tester/logs/20261011.log,974385,2026-06-03,17:30,STATE,"JO	0	00:08:52.229	Core 04	2026.06.03 17:30:00   [SRJ-EA] 2026.06.03 17:30:00 STATE S1_REGIME->S2_LTF_ALIGN dir=LONG poi=Daily-POC"
2206,JUNE0525-B162,1617DC1ACCE6B50ED2D1359582A70A8B8503C569623EE90C18C6B33542796207,Tester/logs/20261011.log,974386,2026-06-03,17:30,STATE,"CS	0	00:08:52.229	Core 04	2026.06.03 17:30:00   [SRJ-EA] 2026.06.03 17:30:00 STATE S2_LTF_ALIGN->S3_ZONE_WAIT dir=LONG poi=Daily-POC"
2207,JUNE0525-B162,1617DC1ACCE6B50ED2D1359582A70A8B8503C569623EE90C18C6B33542796207,Tester/logs/20261011.log,974390,2026-06-03,17:30,XOBPROMO,"HP	0	00:08:52.229	Core 04	2026.06.03 17:30:00   [SRJ-EA] XOBPROMO bar=2026.06.03 17:25 site=S3PICK xobId=2979 raw=1780502400.0 promoT=2026.06.03 16:00"
2208,JUNE0525-B162,1617DC1ACCE6B50ED2D1359582A70A8B8503C569623EE90C18C6B33542796207,Tester/logs/20261011.log,974391,2026-06-03,17:30,ZONEPICK,"HG	0	00:08:52.229	Core 04	2026.06.03 17:30:00   [SRJ-EA] ZONEPICK bar=2026.06.03 17:25 dir=LONG haveFvg=0 fvgInPlay=0 haveXob=1 xobInPlay=1 downgraded=0 fvg=--- xob=159.861-159.913"
2209,JUNE0525-B162,1617DC1ACCE6B50ED2D1359582A70A8B8503C569623EE90C18C6B33542796207,Tester/logs/20261011.log,974406,2026-06-03,17:30,INPLAYCOMMIT,"NH	0	00:08:52.229	Core 04	2026.06.03 17:30:00   [SRJ-EA] INPLAYCOMMIT bar=2026.06.03 17:25 dir=LONG zoneSrc=XOB zoneLo=159.861 zoneHi=159.913 promoT=2026.06.03 16:00 applied=1 bounded=1 scanned=21 swings=5 hits=3 firstShift=3 firstVal=159.897 commitVia=SWING legacy=1 legacyVia=SWING1 committed=1 changed=0 haveStop=1"
2210,JUNE0525-B162,1617DC1ACCE6B50ED2D1359582A70A8B8503C569623EE90C18C6B33542796207,Tester/logs/20261011.log,974407,2026-06-03,17:30,STATE,"HQ	0	00:08:52.229	Core 04	2026.06.03 17:30:00   [SRJ-EA] 2026.06.03 17:30:00 STATE S3_ZONE_WAIT->S4_ARMED dir=LONG poi=Daily-POC"
2211,JUNE0525-B162,1617DC1ACCE6B50ED2D1359582A70A8B8503C569623EE90C18C6B33542796207,Tester/logs/20261011.log,974410,2026-06-03,17:30,B60C,"LR	0	00:08:52.229	Core 04	2026.06.03 17:30:00   [SRJ-EA] B60C bar=2026.06.03 17:25 dir=LONG poi=Daily-POC rt=2026.06.03 17:25 rSh=1 rBar=2026.06.03 17:25 cSrc=BOTH xt=0 zxob=159.861-159.913 xpromo=2026.06.03 16:00 - C satisfied by retest and prior candles ([B-61 C2][B-129 XT])"
2212,JUNE0525-B162,1617DC1ACCE6B50ED2D1359582A70A8B8503C569623EE90C18C6B33542796207,Tester/logs/20261011.log,974412,2026-06-03,17:30,STATE,"PQ	0	00:08:52.229	Core 04	2026.06.03 17:30:00   [SRJ-EA] 2026.06.03 17:30:00 STATE S4_ARMED->S5_GATE_CHECK dir=LONG poi=Daily-POC"
2213,JUNE0525-B162,1617DC1ACCE6B50ED2D1359582A70A8B8503C569623EE90C18C6B33542796207,Tester/logs/20261011.log,974413,2026-06-03,17:30,D130LATCH,"GM	0	00:08:52.229	Core 04	2026.06.03 17:30:00   [SRJ-EA] D130LATCH pass=2026.06.03 17:30:00 confBar=2026.06.03 17:25 dir=LONG verdict=1 verdictBar=2026.06.03 17:10 walkShift=4 oppPassed=-1 oppBar=2026.06.03 16:50"
2214,JUNE0525-B162,1617DC1ACCE6B50ED2D1359582A70A8B8503C569623EE90C18C6B33542796207,Tester/logs/20261011.log,974414,2026-06-03,17:30,B150GATE,"JK	0	00:08:52.229	Core 04	2026.06.03 17:30:00   [SRJ-EA] B150GATE bar=2026.06.03 17:25 dir=LONG value=1.0 src=XOB forbar=2026.06.03 17:25"
2215,JUNE0525-B162,1617DC1ACCE6B50ED2D1359582A70A8B8503C569623EE90C18C6B33542796207,Tester/logs/20261011.log,974581,2026-06-03,17:30,B157SL,"GN	0	00:08:52.229	Core 04	2026.06.03 17:30:00   [SRJ-EA] B157SL bar=2026.06.03 17:25 side=LONG flag2xOB=1.0 fvgValid=1.0 branch=ONE_OR_NEITHER first_bar=- first_px=- wo_stop_px=- kept_stop_px=159.891 booked_stop_px=159.891 R_at_open=0.27 reason=KEPT_PATH"
2216,JUNE0525-B162,1617DC1ACCE6B50ED2D1359582A70A8B8503C569623EE90C18C6B33542796207,Tester/logs/20261011.log,974592,2026-06-03,17:30,TP_ELECT,"MP	0	00:08:52.229	Core 04	2026.06.03 17:30:00   [SRJ-EA] TP_ELECT shadow=true entry=159.973 sl=159.891 tp=159.995 R=0.27 bar=2026.06.03 17:25 latchBar=2026.06.03 17:30"
2217,JUNE0525-B162,1617DC1ACCE6B50ED2D1359582A70A8B8503C569623EE90C18C6B33542796207,Tester/logs/20261011.log,974597,2026-06-03,17:30,ABORT,"NP	0	00:08:52.229	Core 04	2026.06.03 17:30:00   [SRJ-EA] 2026.06.03 17:30:00 ABORT reason=TP_RR_FAIL state=S5_GATE_CHECK poi=Daily-POC dir=LONG"
2218,JUNE0525-B162,1617DC1ACCE6B50ED2D1359582A70A8B8503C569623EE90C18C6B33542796207,Tester/logs/20261011.log,974598,2026-06-03,17:30,A6REFUSED,"HF	0	00:08:52.229	Core 04	2026.06.03 17:30:00   [SRJ-EA] A6REFUSED class=ABSENT_DECLINED bar=2026.06.03 17:30 state=S5_GATE_CHECK dir=LONG predicate=TP_RR_FAIL"
2219,JUNE0525-B162,1617DC1ACCE6B50ED2D1359582A70A8B8503C569623EE90C18C6B33542796207,Tester/logs/20261011.log,974600,2026-06-03,17:30,STATE,"KJ	0	00:08:52.229	Core 04	2026.06.03 17:30:00   [SRJ-EA] 2026.06.03 17:30:00 STATE S5_GATE_CHECK->ABORT dir=LONG poi=Daily-POC"
2220,JUNE0525-B162,1617DC1ACCE6B50ED2D1359582A70A8B8503C569623EE90C18C6B33542796207,Tester/logs/20261011.log,974602,2026-06-03,17:35,B152PR,"DQ	0	00:08:52.229	Core 04	2026.06.03 17:35:00   [SRJ-IND] B152PR sym=USDJPY bar=2026.06.03 17:30 z1=65,B,156.672,156.773,2026.05.11 04:10,1,2026.05.12 08:55,157.714,156.726"
2221,JUNE0525-B162,1617DC1ACCE6B50ED2D1359582A70A8B8503C569623EE90C18C6B33542796207,Tester/logs/20261011.log,974603,2026-06-03,17:35,B152PR,"LG	0	00:08:52.229	Core 04	2026.06.03 17:35:00   [SRJ-IND] B152PR sym=USDJPY bar=2026.06.03 17:30 z1=78,B,156.578,156.584,2026.05.11 00:35,1,2026.05.11 00:40,156.644,156.537"
2222,JUNE0525-B162,1617DC1ACCE6B50ED2D1359582A70A8B8503C569623EE90C18C6B33542796207,Tester/logs/20261011.log,974604,2026-06-03,17:35,B152PR,"FN	0	00:08:52.229	Core 04	2026.06.03 17:35:00   [SRJ-IND] B152PR sym=USDJPY bar=2026.06.03 17:30 z1=212,B,157.028,157.060,2026.05.11 19:20,1,2026.05.12 00:00,157.152,157.050"
2223,JUNE0525-B162,1617DC1ACCE6B50ED2D1359582A70A8B8503C569623EE90C18C6B33542796207,Tester/logs/20261011.log,974605,2026-06-03,17:35,B152PR,"FP	0	00:08:52.229	Core 04	2026.06.03 17:35:00   [SRJ-IND] B152PR sym=USDJPY bar=2026.06.03 17:30 z1=256,B,157.172,157.178,2026.05.12 01:25,1,2026.05.12 08:55,157.714,156.726"
2224,JUNE0525-B162,1617DC1ACCE6B50ED2D1359582A70A8B8503C569623EE90C18C6B33542796207,Tester/logs/20261011.log,974606,2026-06-03,17:35,B152PR,"DE	0	00:08:52.229	Core 04	2026.06.03 17:35:00   [SRJ-IND] B152PR sym=USDJPY bar=2026.06.03 17:30 z1=261,B,157.184,157.192,2026.05.12 03:00,1,2026.05.12 08:55,157.714,156.726"
2225,JUNE0525-B162,1617DC1ACCE6B50ED2D1359582A70A8B8503C569623EE90C18C6B33542796207,Tester/logs/20261011.log,974607,2026-06-03,17:35,B152PR,"PO	0	00:08:52.229	Core 04	2026.06.03 17:35:00   [SRJ-IND] B152PR sym=USDJPY bar=2026.06.03 17:30 z1=313,B,157.331,157.497,2026.05.12 10:00,1,2026.05.12 10:10,157.546,157.487"
2226,JUNE0525-B162,1617DC1ACCE6B50ED2D1359582A70A8B8503C569623EE90C18C6B33542796207,Tester/logs/20261011.log,974608,2026-06-03,17:35,B152PR,"EQ	0	00:08:52.229	Core 04	2026.06.03 17:35:00   [SRJ-IND] B152PR sym=USDJPY bar=2026.06.03 17:30 z1=414,B,157.517,157.589,2026.05.13 01:10,1,2026.05.13 01:20,157.607,157.587"
2227,JUNE0525-B162,1617DC1ACCE6B50ED2D1359582A70A8B8503C569623EE90C18C6B33542796207,Tester/logs/20261011.log,974609,2026-06-03,17:35,B152PR,"RK	0	00:08:52.229	Core 04	2026.06.03 17:35:00   [SRJ-IND] B152PR sym=USDJPY bar=2026.06.03 17:30 z1=447,B,157.562,157.648,2026.05.13 06:20,1,2026.05.13 06:25,157.662,157.648"
2228,JUNE0525-B162,1617DC1ACCE6B50ED2D1359582A70A8B8503C569623EE90C18C6B33542796207,Tester/logs/20261011.log,974610,2026-06-03,17:35,B152PR,"IM	0	00:08:52.229	Core 04	2026.06.03 17:35:00   [SRJ-IND] B152PR sym=USDJPY bar=2026.06.03 17:30 z1=449,B,157.599,157.654,2026.05.13 05:15,1,2026.05.13 05:45,157.687,157.652"
2229,JUNE0525-B162,1617DC1ACCE6B50ED2D1359582A70A8B8503C569623EE90C18C6B33542796207,Tester/logs/20261011.log,974611,2026-06-03,17:35,B152PR,"PG	0	00:08:52.229	Core 04	2026.06.03 17:35:00   [SRJ-IND] B152PR sym=USDJPY bar=2026.06.03 17:30 z1=460,B,157.645,157.660,2026.05.13 07:05,1,2026.05.14 00:25,157.812,157.650"
2230,JUNE0525-B162,1617DC1ACCE6B50ED2D1359582A70A8B8503C569623EE90C18C6B33542796207,Tester/logs/20261011.log,974612,2026-06-03,17:35,B152PR,"PI	0	00:08:52.229	Core 04	2026.06.03 17:35:00   [SRJ-IND] B152PR sym=USDJPY bar=2026.06.03 17:30 z1=696,B,157.568,158.167,2026.05.14 18:05,1,2026.05.14 18:10,158.191,158.119"
2231,JUNE0525-B162,1617DC1ACCE6B50ED2D1359582A70A8B8503C569623EE90C18C6B33542796207,Tester/logs/20261011.log,974613,2026-06-03,17:35,B152PR,"HS	0	00:08:52.229	Core 04	2026.06.03 17:35:00   [SRJ-IND] B152PR sym=USDJPY bar=2026.06.03 17:30 z1=714,B,158.107,158.142,2026.05.14 19:30,1,2026.05.14 20:00,158.169,158.142"
2232,JUNE0525-B162,1617DC1ACCE6B50ED2D1359582A70A8B8503C569623EE90C18C6B33542796207,Tester/logs/20261011.log,974614,2026-06-03,17:35,B152PR,"QD	0	00:08:52.229	Core 04	2026.06.03 17:35:00   [SRJ-IND] B152PR sym=USDJPY bar=2026.06.03 17:30 z1=724,B,158.168,158.186,2026.05.14 21:00,1,2026.05.14 21:05,158.191,158.182"
2233,JUNE0525-B162,1617DC1ACCE6B50ED2D1359582A70A8B8503C569623EE90C18C6B33542796207,Tester/logs/20261011.log,974615,2026-06-03,17:35,B152PR,"KM	0	00:08:52.229	Core 04	2026.06.03 17:35:00   [SRJ-IND] B152PR sym=USDJPY bar=2026.06.03 17:30 z1=1405,B,158.735,158.769,2026.05.20 19:00,1,2026.05.20 19:05,158.816,158.753"
2234,JUNE0525-B162,1617DC1ACCE6B50ED2D1359582A70A8B8503C569623EE90C18C6B33542796207,Tester/logs/20261011.log,974616,2026-06-03,17:35,B152PR,"IS	0	00:08:52.229	Core 04	2026.06.03 17:35:00   [SRJ-IND] B152PR sym=USDJPY bar=2026.06.03 17:30 z1=1779,B,158.756,158.800,2026.05.25 06:45,1,2026.05.26 00:00,158.887,158.784"
2235,JUNE0525-B162,1617DC1ACCE6B50ED2D1359582A70A8B8503C569623EE90C18C6B33542796207,Tester/logs/20261011.log,974617,2026-06-03,17:35,B152PR,"DI	0	00:08:52.229	Core 04	2026.06.03 17:35:00   [SRJ-IND] B152PR sym=USDJPY bar=2026.06.03 17:30 z1=1780,B,158.789,158.814,2026.05.25 04:50,1,2026.05.26 00:00,158.887,158.784"
2236,JUNE0525-B162,1617DC1ACCE6B50ED2D1359582A70A8B8503C569623EE90C18C6B33542796207,Tester/logs/20261011.log,974618,2026-06-03,17:35,B152PR,"MO	0	00:08:52.229	Core 04	2026.06.03 17:35:00   [SRJ-IND] B152PR sym=USDJPY bar=2026.06.03 17:30 z1=1949,B,158.916,158.934,2026.05.26 07:25,1,2026.05.26 07:30,158.942,158.934"
2237,JUNE0525-B162,1617DC1ACCE6B50ED2D1359582A70A8B8503C569623EE90C18C6B33542796207,Tester/logs/20261011.log,974619,2026-06-03,17:35,B152PR,"DE	0	00:08:52.229	Core 04	2026.06.03 17:35:00   [SRJ-IND] B152PR sym=USDJPY bar=2026.06.03 17:30 z1=2509,B,159.134,159.195,2026.05.29 19:10,1,2026.05.29 19:35,159.215,159.186"
2238,JUNE0525-B162,1617DC1ACCE6B50ED2D1359582A70A8B8503C569623EE90C18C6B33542796207,Tester/logs/20261011.log,974620,2026-06-03,17:35,B152PR,"EK	0	00:08:52.229	Core 04	2026.06.03 17:35:00   [SRJ-IND] B152PR sym=USDJPY bar=2026.06.03 17:30 z1=2566,B,159.382,159.407,2026.06.01 03:15,1,2026.06.03 11:30,159.790,159.368"
2239,JUNE0525-B162,1617DC1ACCE6B50ED2D1359582A70A8B8503C569623EE90C18C6B33542796207,Tester/logs/20261011.log,974621,2026-06-03,17:35,B152PR,"KQ	0	00:08:52.229	Core 04	2026.06.03 17:35:00   [SRJ-IND] B152PR sym=USDJPY bar=2026.06.03 17:30 z1=2648,B,159.435,159.481,2026.06.01 16:00,1,2026.06.03 11:30,159.790,159.368"
2240,JUNE0525-B162,1617DC1ACCE6B50ED2D1359582A70A8B8503C569623EE90C18C6B33542796207,Tester/logs/20261011.log,974622,2026-06-03,17:35,B152PR,"HG	0	00:08:52.229	Core 04	2026.06.03 17:35:00   [SRJ-IND] B152PR sym=USDJPY bar=2026.06.03 17:30 z1=2716,B,159.576,159.603,2026.06.02 03:10,1,2026.06.03 10:35,159.787,159.550"
2241,JUNE0525-B162,1617DC1ACCE6B50ED2D1359582A70A8B8503C569623EE90C18C6B33542796207,Tester/logs/20261011.log,974623,2026-06-03,17:35,B152PR,"RM	0	00:08:52.229	Core 04	2026.06.03 17:35:00   [SRJ-IND] B152PR sym=USDJPY bar=2026.06.03 17:30 z1=2720,B,159.586,159.605,2026.06.02 01:05,1,2026.06.03 10:35,159.787,159.550"
2242,JUNE0525-B162,1617DC1ACCE6B50ED2D1359582A70A8B8503C569623EE90C18C6B33542796207,Tester/logs/20261011.log,974624,2026-06-03,17:35,B152PR,"NS	0	00:08:52.229	Core 04	2026.06.03 17:35:00   [SRJ-IND] B152PR sym=USDJPY bar=2026.06.03 17:30 z1=2945,B,159.579,159.675,2026.06.03 11:15,1,2026.06.03 11:25,159.727,159.674"
2243,JUNE0525-B162,1617DC1ACCE6B50ED2D1359582A70A8B8503C569623EE90C18C6B33542796207,Tester/logs/20261011.log,974625,2026-06-03,17:35,B152PR,"JI	0	00:08:52.229	Core 04	2026.06.03 17:35:00   [SRJ-IND] B152PR sym=USDJPY bar=2026.06.03 17:30 z1=2979,B,159.861,159.913,2026.06.03 16:00,1,2026.06.03 16:05,159.919,159.899"
2244,JUNE0525-B162,1617DC1ACCE6B50ED2D1359582A70A8B8503C569623EE90C18C6B33542796207,Tester/logs/20261011.log,974626,2026-06-03,17:35,B152PR,"EM	0	00:08:52.229	Core 04	2026.06.03 17:35:00   [SRJ-IND] B152PR sym=USDJPY bar=2026.06.03 17:30 bull=1 bear=0 nz=24"
2245,JUNE0525-B162,1617DC1ACCE6B50ED2D1359582A70A8B8503C569623EE90C18C6B33542796207,Tester/logs/20261011.log,974627,2026-06-03,17:35,B162ORIGIN,"MR	0	00:08:52.229	Core 04	2026.06.03 17:35:00   [SRJ-IND] B162ORIGIN sym=USDJPY bar=2026.06.03 17:30 side=B n=24 origin=2979 range=159.861-159.913 formT=2026.06.03 15:40 set=65,78,212,256,261,313,414,447,449,460,696,714,724,1405,1779,1780,1949,2509,2566,2648,2716,2720,2945,2979"
2246,JUNE0525-B162,1617DC1ACCE6B50ED2D1359582A70A8B8503C569623EE90C18C6B33542796207,Tester/logs/20261011.log,974628,2026-06-03,17:35,B162ORIGIN,"GM	0	00:08:52.229	Core 04	2026.06.03 17:35:00   [SRJ-IND] B162ORIGIN sym=USDJPY bar=2026.06.03 17:30 side=S n=0 origin=NONE range=- formT=- set=-"
2247,JUNE0525-B162,1617DC1ACCE6B50ED2D1359582A70A8B8503C569623EE90C18C6B33542796207,Tester/logs/20261011.log,974635,2026-06-03,17:40,B152PR,"ER	0	00:08:52.229	Core 04	2026.06.03 17:40:02   [SRJ-IND] B152PR sym=USDJPY bar=2026.06.03 17:35 z1=65,B,156.672,156.773,2026.05.11 04:10,1,2026.05.12 08:55,157.714,156.726"
2248,JUNE0525-B162,1617DC1ACCE6B50ED2D1359582A70A8B8503C569623EE90C18C6B33542796207,Tester/logs/20261011.log,974636,2026-06-03,17:40,B152PR,"EH	0	00:08:52.229	Core 04	2026.06.03 17:40:02   [SRJ-IND] B152PR sym=USDJPY bar=2026.06.03 17:35 z1=78,B,156.578,156.584,2026.05.11 00:35,1,2026.05.11 00:40,156.644,156.537"
2249,JUNE0525-B162,1617DC1ACCE6B50ED2D1359582A70A8B8503C569623EE90C18C6B33542796207,Tester/logs/20261011.log,974637,2026-06-03,17:40,B152PR,"CM	0	00:08:52.229	Core 04	2026.06.03 17:40:02   [SRJ-IND] B152PR sym=USDJPY bar=2026.06.03 17:35 z1=212,B,157.028,157.060,2026.05.11 19:20,1,2026.05.12 00:00,157.152,157.050"
2250,JUNE0525-B162,1617DC1ACCE6B50ED2D1359582A70A8B8503C569623EE90C18C6B33542796207,Tester/logs/20261011.log,974638,2026-06-03,17:40,B152PR,"GG	0	00:08:52.229	Core 04	2026.06.03 17:40:02   [SRJ-IND] B152PR sym=USDJPY bar=2026.06.03 17:35 z1=256,B,157.172,157.178,2026.05.12 01:25,1,2026.05.12 08:55,157.714,156.726"
2251,JUNE0525-B162,1617DC1ACCE6B50ED2D1359582A70A8B8503C569623EE90C18C6B33542796207,Tester/logs/20261011.log,974639,2026-06-03,17:40,B152PR,"MI	0	00:08:52.229	Core 04	2026.06.03 17:40:02   [SRJ-IND] B152PR sym=USDJPY bar=2026.06.03 17:35 z1=261,B,157.184,157.192,2026.05.12 03:00,1,2026.05.12 08:55,157.714,156.726"
2252,JUNE0525-B162,1617DC1ACCE6B50ED2D1359582A70A8B8503C569623EE90C18C6B33542796207,Tester/logs/20261011.log,974640,2026-06-03,17:40,B152PR,"MR	0	00:08:52.229	Core 04	2026.06.03 17:40:02   [SRJ-IND] B152PR sym=USDJPY bar=2026.06.03 17:35 z1=313,B,157.331,157.497,2026.05.12 10:00,1,2026.05.12 10:10,157.546,157.487"
2253,JUNE0525-B162,1617DC1ACCE6B50ED2D1359582A70A8B8503C569623EE90C18C6B33542796207,Tester/logs/20261011.log,974641,2026-06-03,17:40,B152PR,"DD	0	00:08:52.229	Core 04	2026.06.03 17:40:02   [SRJ-IND] B152PR sym=USDJPY bar=2026.06.03 17:35 z1=414,B,157.517,157.589,2026.05.13 01:10,1,2026.05.13 01:20,157.607,157.587"
2254,JUNE0525-B162,1617DC1ACCE6B50ED2D1359582A70A8B8503C569623EE90C18C6B33542796207,Tester/logs/20261011.log,974642,2026-06-03,17:40,B152PR,"KN	0	00:08:52.229	Core 04	2026.06.03 17:40:02   [SRJ-IND] B152PR sym=USDJPY bar=2026.06.03 17:35 z1=447,B,157.562,157.648,2026.05.13 06:20,1,2026.05.13 06:25,157.662,157.648"
2255,JUNE0525-B162,1617DC1ACCE6B50ED2D1359582A70A8B8503C569623EE90C18C6B33542796207,Tester/logs/20261011.log,974643,2026-06-03,17:40,B152PR,"PP	0	00:08:52.229	Core 04	2026.06.03 17:40:02   [SRJ-IND] B152PR sym=USDJPY bar=2026.06.03 17:35 z1=449,B,157.599,157.654,2026.05.13 05:15,1,2026.05.13 05:45,157.687,157.652"
2256,JUNE0525-B162,1617DC1ACCE6B50ED2D1359582A70A8B8503C569623EE90C18C6B33542796207,Tester/logs/20261011.log,974644,2026-06-03,17:40,B152PR,"MJ	0	00:08:52.229	Core 04	2026.06.03 17:40:02   [SRJ-IND] B152PR sym=USDJPY bar=2026.06.03 17:35 z1=460,B,157.645,157.660,2026.05.13 07:05,1,2026.05.14 00:25,157.812,157.650"
2257,JUNE0525-B162,1617DC1ACCE6B50ED2D1359582A70A8B8503C569623EE90C18C6B33542796207,Tester/logs/20261011.log,974645,2026-06-03,17:40,B152PR,"QL	0	00:08:52.229	Core 04	2026.06.03 17:40:02   [SRJ-IND] B152PR sym=USDJPY bar=2026.06.03 17:35 z1=696,B,157.568,158.167,2026.05.14 18:05,1,2026.05.14 18:10,158.191,158.119"
2258,JUNE0525-B162,1617DC1ACCE6B50ED2D1359582A70A8B8503C569623EE90C18C6B33542796207,Tester/logs/20261011.log,974646,2026-06-03,17:40,B152PR,"EF	0	00:08:52.229	Core 04	2026.06.03 17:40:02   [SRJ-IND] B152PR sym=USDJPY bar=2026.06.03 17:35 z1=714,B,158.107,158.142,2026.05.14 19:30,1,2026.05.14 20:00,158.169,158.142"
2259,JUNE0525-B162,1617DC1ACCE6B50ED2D1359582A70A8B8503C569623EE90C18C6B33542796207,Tester/logs/20261011.log,974647,2026-06-03,17:40,B152PR,"HH	0	00:08:52.229	Core 04	2026.06.03 17:40:02   [SRJ-IND] B152PR sym=USDJPY bar=2026.06.03 17:35 z1=724,B,158.168,158.186,2026.05.14 21:00,1,2026.05.14 21:05,158.191,158.182"
2260,JUNE0525-B162,1617DC1ACCE6B50ED2D1359582A70A8B8503C569623EE90C18C6B33542796207,Tester/logs/20261011.log,974648,2026-06-03,17:40,B152PR,"RN	0	00:08:52.229	Core 04	2026.06.03 17:40:02   [SRJ-IND] B152PR sym=USDJPY bar=2026.06.03 17:35 z1=1405,B,158.735,158.769,2026.05.20 19:00,1,2026.05.20 19:05,158.816,158.753"
2261,JUNE0525-B162,1617DC1ACCE6B50ED2D1359582A70A8B8503C569623EE90C18C6B33542796207,Tester/logs/20261011.log,974649,2026-06-03,17:40,B152PR,"DD	0	00:08:52.229	Core 04	2026.06.03 17:40:02   [SRJ-IND] B152PR sym=USDJPY bar=2026.06.03 17:35 z1=1779,B,158.756,158.800,2026.05.25 06:45,1,2026.05.26 00:00,158.887,158.784"
2262,JUNE0525-B162,1617DC1ACCE6B50ED2D1359582A70A8B8503C569623EE90C18C6B33542796207,Tester/logs/20261011.log,974650,2026-06-03,17:40,B152PR,"IJ	0	00:08:52.229	Core 04	2026.06.03 17:40:02   [SRJ-IND] B152PR sym=USDJPY bar=2026.06.03 17:35 z1=1780,B,158.789,158.814,2026.05.25 04:50,1,2026.05.26 00:00,158.887,158.784"
2263,JUNE0525-B162,1617DC1ACCE6B50ED2D1359582A70A8B8503C569623EE90C18C6B33542796207,Tester/logs/20261011.log,974651,2026-06-03,17:40,B152PR,"PP	0	00:08:52.229	Core 04	2026.06.03 17:40:02   [SRJ-IND] B152PR sym=USDJPY bar=2026.06.03 17:35 z1=1949,B,158.916,158.934,2026.05.26 07:25,1,2026.05.26 07:30,158.942,158.934"
2264,JUNE0525-B162,1617DC1ACCE6B50ED2D1359582A70A8B8503C569623EE90C18C6B33542796207,Tester/logs/20261011.log,974652,2026-06-03,17:40,B152PR,"IF	0	00:08:52.229	Core 04	2026.06.03 17:40:02   [SRJ-IND] B152PR sym=USDJPY bar=2026.06.03 17:35 z1=2509,B,159.134,159.195,2026.05.29 19:10,1,2026.05.29 19:35,159.215,159.186"
2265,JUNE0525-B162,1617DC1ACCE6B50ED2D1359582A70A8B8503C569623EE90C18C6B33542796207,Tester/logs/20261011.log,974653,2026-06-03,17:40,B152PR,"HL	0	00:08:52.229	Core 04	2026.06.03 17:40:02   [SRJ-IND] B152PR sym=USDJPY bar=2026.06.03 17:35 z1=2566,B,159.382,159.407,2026.06.01 03:15,1,2026.06.03 11:30,159.790,159.368"
2266,JUNE0525-B162,1617DC1ACCE6B50ED2D1359582A70A8B8503C569623EE90C18C6B33542796207,Tester/logs/20261011.log,974654,2026-06-03,17:40,B152PR,"RR	0	00:08:52.229	Core 04	2026.06.03 17:40:02   [SRJ-IND] B152PR sym=USDJPY bar=2026.06.03 17:35 z1=2648,B,159.435,159.481,2026.06.01 16:00,1,2026.06.03 11:30,159.790,159.368"
2267,JUNE0525-B162,1617DC1ACCE6B50ED2D1359582A70A8B8503C569623EE90C18C6B33542796207,Tester/logs/20261011.log,974655,2026-06-03,17:40,B152PR,"EH	0	00:08:52.229	Core 04	2026.06.03 17:40:02   [SRJ-IND] B152PR sym=USDJPY bar=2026.06.03 17:35 z1=2716,B,159.576,159.603,2026.06.02 03:10,1,2026.06.03 10:35,159.787,159.550"
2268,JUNE0525-B162,1617DC1ACCE6B50ED2D1359582A70A8B8503C569623EE90C18C6B33542796207,Tester/logs/20261011.log,974656,2026-06-03,17:40,B152PR,"KN	0	00:08:52.229	Core 04	2026.06.03 17:40:02   [SRJ-IND] B152PR sym=USDJPY bar=2026.06.03 17:35 z1=2720,B,159.586,159.605,2026.06.02 01:05,1,2026.06.03 10:35,159.787,159.550"
2269,JUNE0525-B162,1617DC1ACCE6B50ED2D1359582A70A8B8503C569623EE90C18C6B33542796207,Tester/logs/20261011.log,974657,2026-06-03,17:40,B152PR,"OD	0	00:08:52.229	Core 04	2026.06.03 17:40:02   [SRJ-IND] B152PR sym=USDJPY bar=2026.06.03 17:35 z1=2945,B,159.579,159.675,2026.06.03 11:15,1,2026.06.03 11:25,159.727,159.674"
2270,JUNE0525-B162,1617DC1ACCE6B50ED2D1359582A70A8B8503C569623EE90C18C6B33542796207,Tester/logs/20261011.log,974658,2026-06-03,17:40,B152PR,"CJ	0	00:08:52.229	Core 04	2026.06.03 17:40:02   [SRJ-IND] B152PR sym=USDJPY bar=2026.06.03 17:35 z1=2979,B,159.861,159.913,2026.06.03 16:00,1,2026.06.03 16:05,159.919,159.899"
2271,JUNE0525-B162,1617DC1ACCE6B50ED2D1359582A70A8B8503C569623EE90C18C6B33542796207,Tester/logs/20261011.log,974659,2026-06-03,17:40,B152PR,"HR	0	00:08:52.229	Core 04	2026.06.03 17:40:02   [SRJ-IND] B152PR sym=USDJPY bar=2026.06.03 17:35 bull=1 bear=0 nz=24"
2272,JUNE0525-B162,1617DC1ACCE6B50ED2D1359582A70A8B8503C569623EE90C18C6B33542796207,Tester/logs/20261011.log,974660,2026-06-03,17:40,B162ORIGIN,"PO	0	00:08:52.229	Core 04	2026.06.03 17:40:02   [SRJ-IND] B162ORIGIN sym=USDJPY bar=2026.06.03 17:35 side=B n=24 origin=2979 range=159.861-159.913 formT=2026.06.03 15:40 set=65,78,212,256,261,313,414,447,449,460,696,714,724,1405,1779,1780,1949,2509,2566,2648,2716,2720,2945,2979"
2273,JUNE0525-B162,1617DC1ACCE6B50ED2D1359582A70A8B8503C569623EE90C18C6B33542796207,Tester/logs/20261011.log,974661,2026-06-03,17:40,B162ORIGIN,"FN	0	00:08:52.229	Core 04	2026.06.03 17:40:02   [SRJ-IND] B162ORIGIN sym=USDJPY bar=2026.06.03 17:35 side=S n=0 origin=NONE range=- formT=- set=-"
2274,JUNE0525-B162,1617DC1ACCE6B50ED2D1359582A70A8B8503C569623EE90C18C6B33542796207,Tester/logs/20261011.log,974671,2026-06-03,17:45,B152PR,"JL	0	00:08:52.229	Core 04	2026.06.03 17:45:02   [SRJ-IND] B152PR sym=USDJPY bar=2026.06.03 17:40 z1=65,B,156.672,156.773,2026.05.11 04:10,1,2026.05.12 08:55,157.714,156.726"
2275,JUNE0525-B162,1617DC1ACCE6B50ED2D1359582A70A8B8503C569623EE90C18C6B33542796207,Tester/logs/20261011.log,974672,2026-06-03,17:45,B152PR,"JR	0	00:08:52.229	Core 04	2026.06.03 17:45:02   [SRJ-IND] B152PR sym=USDJPY bar=2026.06.03 17:40 z1=78,B,156.578,156.584,2026.05.11 00:35,1,2026.05.11 00:40,156.644,156.537"
2276,JUNE0525-B162,1617DC1ACCE6B50ED2D1359582A70A8B8503C569623EE90C18C6B33542796207,Tester/logs/20261011.log,974673,2026-06-03,17:45,B152PR,"HK	0	00:08:52.229	Core 04	2026.06.03 17:45:02   [SRJ-IND] B152PR sym=USDJPY bar=2026.06.03 17:40 z1=212,B,157.028,157.060,2026.05.11 19:20,1,2026.05.12 00:00,157.152,157.050"
2277,JUNE0525-B162,1617DC1ACCE6B50ED2D1359582A70A8B8503C569623EE90C18C6B33542796207,Tester/logs/20261011.log,974674,2026-06-03,17:45,B152PR,"HM	0	00:08:52.229	Core 04	2026.06.03 17:45:02   [SRJ-IND] B152PR sym=USDJPY bar=2026.06.03 17:40 z1=256,B,157.172,157.178,2026.05.12 01:25,1,2026.05.12 08:55,157.714,156.726"
2278,JUNE0525-B162,1617DC1ACCE6B50ED2D1359582A70A8B8503C569623EE90C18C6B33542796207,Tester/logs/20261011.log,974675,2026-06-03,17:45,B152PR,"RG	0	00:08:52.229	Core 04	2026.06.03 17:45:02   [SRJ-IND] B152PR sym=USDJPY bar=2026.06.03 17:40 z1=261,B,157.184,157.192,2026.05.12 03:00,1,2026.05.12 08:55,157.714,156.726"
2279,JUNE0525-B162,1617DC1ACCE6B50ED2D1359582A70A8B8503C569623EE90C18C6B33542796207,Tester/logs/20261011.log,974676,2026-06-03,17:45,B152PR,"FI	0	00:08:52.229	Core 04	2026.06.03 17:45:02   [SRJ-IND] B152PR sym=USDJPY bar=2026.06.03 17:40 z1=313,B,157.331,157.497,2026.05.12 10:00,1,2026.05.12 10:10,157.546,157.487"
2280,JUNE0525-B162,1617DC1ACCE6B50ED2D1359582A70A8B8503C569623EE90C18C6B33542796207,Tester/logs/20261011.log,974677,2026-06-03,17:45,B152PR,"GR	0	00:08:52.229	Core 04	2026.06.03 17:45:02   [SRJ-IND] B152PR sym=USDJPY bar=2026.06.03 17:40 z1=414,B,157.517,157.589,2026.05.13 01:10,1,2026.05.13 01:20,157.607,157.587"
2281,JUNE0525-B162,1617DC1ACCE6B50ED2D1359582A70A8B8503C569623EE90C18C6B33542796207,Tester/logs/20261011.log,974678,2026-06-03,17:45,B152PR,"LD	0	00:08:52.229	Core 04	2026.06.03 17:45:02   [SRJ-IND] B152PR sym=USDJPY bar=2026.06.03 17:40 z1=447,B,157.562,157.648,2026.05.13 06:20,1,2026.05.13 06:25,157.662,157.648"
2282,JUNE0525-B162,1617DC1ACCE6B50ED2D1359582A70A8B8503C569623EE90C18C6B33542796207,Tester/logs/20261011.log,974679,2026-06-03,17:45,B152PR,"KN	0	00:08:52.229	Core 04	2026.06.03 17:45:02   [SRJ-IND] B152PR sym=USDJPY bar=2026.06.03 17:40 z1=449,B,157.599,157.654,2026.05.13 05:15,1,2026.05.13 05:45,157.687,157.652"
2283,JUNE0525-B162,1617DC1ACCE6B50ED2D1359582A70A8B8503C569623EE90C18C6B33542796207,Tester/logs/20261011.log,974680,2026-06-03,17:45,B152PR,"FP	0	00:08:52.229	Core 04	2026.06.03 17:45:02   [SRJ-IND] B152PR sym=USDJPY bar=2026.06.03 17:40 z1=460,B,157.645,157.660,2026.05.13 07:05,1,2026.05.14 00:25,157.812,157.650"
2284,JUNE0525-B162,1617DC1ACCE6B50ED2D1359582A70A8B8503C569623EE90C18C6B33542796207,Tester/logs/20261011.log,974681,2026-06-03,17:45,B152PR,"NJ	0	00:08:52.229	Core 04	2026.06.03 17:45:02   [SRJ-IND] B152PR sym=USDJPY bar=2026.06.03 17:40 z1=696,B,157.568,158.167,2026.05.14 18:05,1,2026.05.14 18:10,158.191,158.119"
2285,JUNE0525-B162,1617DC1ACCE6B50ED2D1359582A70A8B8503C569623EE90C18C6B33542796207,Tester/logs/20261011.log,974682,2026-06-03,17:45,B152PR,"FL	0	00:08:52.229	Core 04	2026.06.03 17:45:02   [SRJ-IND] B152PR sym=USDJPY bar=2026.06.03 17:40 z1=714,B,158.107,158.142,2026.05.14 19:30,1,2026.05.14 20:00,158.169,158.142"
2286,JUNE0525-B162,1617DC1ACCE6B50ED2D1359582A70A8B8503C569623EE90C18C6B33542796207,Tester/logs/20261011.log,974683,2026-06-03,17:45,B152PR,"CF	0	00:08:52.229	Core 04	2026.06.03 17:45:02   [SRJ-IND] B152PR sym=USDJPY bar=2026.06.03 17:40 z1=724,B,158.168,158.186,2026.05.14 21:00,1,2026.05.14 21:05,158.191,158.182"
2287,JUNE0525-B162,1617DC1ACCE6B50ED2D1359582A70A8B8503C569623EE90C18C6B33542796207,Tester/logs/20261011.log,974684,2026-06-03,17:45,B152PR,"IK	0	00:08:52.229	Core 04	2026.06.03 17:45:02   [SRJ-IND] B152PR sym=USDJPY bar=2026.06.03 17:40 z1=1405,B,158.735,158.769,2026.05.20 19:00,1,2026.05.20 19:05,158.816,158.753"
2288,JUNE0525-B162,1617DC1ACCE6B50ED2D1359582A70A8B8503C569623EE90C18C6B33542796207,Tester/logs/20261011.log,974685,2026-06-03,17:45,B152PR,"KQ	0	00:08:52.229	Core 04	2026.06.03 17:45:02   [SRJ-IND] B152PR sym=USDJPY bar=2026.06.03 17:40 z1=1779,B,158.756,158.800,2026.05.25 06:45,1,2026.05.26 00:00,158.887,158.784"
2289,JUNE0525-B162,1617DC1ACCE6B50ED2D1359582A70A8B8503C569623EE90C18C6B33542796207,Tester/logs/20261011.log,974686,2026-06-03,17:45,B152PR,"RG	0	00:08:52.229	Core 04	2026.06.03 17:45:02   [SRJ-IND] B152PR sym=USDJPY bar=2026.06.03 17:40 z1=1780,B,158.789,158.814,2026.05.25 04:50,1,2026.05.26 00:00,158.887,158.784"
2290,JUNE0525-B162,1617DC1ACCE6B50ED2D1359582A70A8B8503C569623EE90C18C6B33542796207,Tester/logs/20261011.log,974687,2026-06-03,17:45,B152PR,"GM	0	00:08:52.229	Core 04	2026.06.03 17:45:02   [SRJ-IND] B152PR sym=USDJPY bar=2026.06.03 17:40 z1=1949,B,158.916,158.934,2026.05.26 07:25,1,2026.05.26 07:30,158.942,158.934"
2291,JUNE0525-B162,1617DC1ACCE6B50ED2D1359582A70A8B8503C569623EE90C18C6B33542796207,Tester/logs/20261011.log,974688,2026-06-03,17:45,B152PR,"RS	0	00:08:52.229	Core 04	2026.06.03 17:45:02   [SRJ-IND] B152PR sym=USDJPY bar=2026.06.03 17:40 z1=2509,B,159.134,159.195,2026.05.29 19:10,1,2026.05.29 19:35,159.215,159.186"
2292,JUNE0525-B162,1617DC1ACCE6B50ED2D1359582A70A8B8503C569623EE90C18C6B33542796207,Tester/logs/20261011.log,974689,2026-06-03,17:45,B152PR,"OI	0	00:08:52.229	Core 04	2026.06.03 17:45:02   [SRJ-IND] B152PR sym=USDJPY bar=2026.06.03 17:40 z1=2566,B,159.382,159.407,2026.06.01 03:15,1,2026.06.03 11:30,159.790,159.368"
2293,JUNE0525-B162,1617DC1ACCE6B50ED2D1359582A70A8B8503C569623EE90C18C6B33542796207,Tester/logs/20261011.log,974690,2026-06-03,17:45,B152PR,"IO	0	00:08:52.229	Core 04	2026.06.03 17:45:02   [SRJ-IND] B152PR sym=USDJPY bar=2026.06.03 17:40 z1=2648,B,159.435,159.481,2026.06.01 16:00,1,2026.06.03 11:30,159.790,159.368"
2294,JUNE0525-B162,1617DC1ACCE6B50ED2D1359582A70A8B8503C569623EE90C18C6B33542796207,Tester/logs/20261011.log,974691,2026-06-03,17:45,B152PR,"NE	0	00:08:52.229	Core 04	2026.06.03 17:45:02   [SRJ-IND] B152PR sym=USDJPY bar=2026.06.03 17:40 z1=2716,B,159.576,159.603,2026.06.02 03:10,1,2026.06.03 10:35,159.787,159.550"
2295,JUNE0525-B162,1617DC1ACCE6B50ED2D1359582A70A8B8503C569623EE90C18C6B33542796207,Tester/logs/20261011.log,974692,2026-06-03,17:45,B152PR,"DK	0	00:08:52.229	Core 04	2026.06.03 17:45:02   [SRJ-IND] B152PR sym=USDJPY bar=2026.06.03 17:40 z1=2720,B,159.586,159.605,2026.06.02 01:05,1,2026.06.03 10:35,159.787,159.550"
2296,JUNE0525-B162,1617DC1ACCE6B50ED2D1359582A70A8B8503C569623EE90C18C6B33542796207,Tester/logs/20261011.log,974693,2026-06-03,17:45,B152PR,"HQ	0	00:08:52.229	Core 04	2026.06.03 17:45:02   [SRJ-IND] B152PR sym=USDJPY bar=2026.06.03 17:40 z1=2945,B,159.579,159.675,2026.06.03 11:15,1,2026.06.03 11:25,159.727,159.674"
2297,JUNE0525-B162,1617DC1ACCE6B50ED2D1359582A70A8B8503C569623EE90C18C6B33542796207,Tester/logs/20261011.log,974694,2026-06-03,17:45,B152PR,"LG	0	00:08:52.229	Core 04	2026.06.03 17:45:02   [SRJ-IND] B152PR sym=USDJPY bar=2026.06.03 17:40 z1=2979,B,159.861,159.913,2026.06.03 16:00,1,2026.06.03 16:05,159.919,159.899"
2298,JUNE0525-B162,1617DC1ACCE6B50ED2D1359582A70A8B8503C569623EE90C18C6B33542796207,Tester/logs/20261011.log,974695,2026-06-03,17:45,B152PR,"OO	0	00:08:52.229	Core 04	2026.06.03 17:45:02   [SRJ-IND] B152PR sym=USDJPY bar=2026.06.03 17:40 bull=1 bear=0 nz=24"
2299,JUNE0525-B162,1617DC1ACCE6B50ED2D1359582A70A8B8503C569623EE90C18C6B33542796207,Tester/logs/20261011.log,974696,2026-06-03,17:45,B162ORIGIN,"OE	0	00:08:52.229	Core 04	2026.06.03 17:45:02   [SRJ-IND] B162ORIGIN sym=USDJPY bar=2026.06.03 17:40 side=B n=24 origin=2979 range=159.861-159.913 formT=2026.06.03 15:40 set=65,78,212,256,261,313,414,447,449,460,696,714,724,1405,1779,1780,1949,2509,2566,2648,2716,2720,2945,2979"
2300,JUNE0525-B162,1617DC1ACCE6B50ED2D1359582A70A8B8503C569623EE90C18C6B33542796207,Tester/logs/20261011.log,974697,2026-06-03,17:45,B162ORIGIN,"EP	0	00:08:52.229	Core 04	2026.06.03 17:45:02   [SRJ-IND] B162ORIGIN sym=USDJPY bar=2026.06.03 17:40 side=S n=0 origin=NONE range=- formT=- set=-"
2301,JUNE0525-B162,1617DC1ACCE6B50ED2D1359582A70A8B8503C569623EE90C18C6B33542796207,Tester/logs/20261011.log,974706,2026-06-03,17:50,B152PR,"ED	0	00:08:52.229	Core 04	2026.06.03 17:50:00   [SRJ-IND] B152PR sym=USDJPY bar=2026.06.03 17:45 z1=65,B,156.672,156.773,2026.05.11 04:10,1,2026.05.12 08:55,157.714,156.726"
2302,JUNE0525-B162,1617DC1ACCE6B50ED2D1359582A70A8B8503C569623EE90C18C6B33542796207,Tester/logs/20261011.log,974707,2026-06-03,17:50,B152PR,"MJ	0	00:08:52.229	Core 04	2026.06.03 17:50:00   [SRJ-IND] B152PR sym=USDJPY bar=2026.06.03 17:45 z1=78,B,156.578,156.584,2026.05.11 00:35,1,2026.05.11 00:40,156.644,156.537"
2303,JUNE0525-B162,1617DC1ACCE6B50ED2D1359582A70A8B8503C569623EE90C18C6B33542796207,Tester/logs/20261011.log,974708,2026-06-03,17:50,B152PR,"CS	0	00:08:52.229	Core 04	2026.06.03 17:50:00   [SRJ-IND] B152PR sym=USDJPY bar=2026.06.03 17:45 z1=212,B,157.028,157.060,2026.05.11 19:20,1,2026.05.12 00:00,157.152,157.050"
2304,JUNE0525-B162,1617DC1ACCE6B50ED2D1359582A70A8B8503C569623EE90C18C6B33542796207,Tester/logs/20261011.log,974709,2026-06-03,17:50,B152PR,"OD	0	00:08:52.229	Core 04	2026.06.03 17:50:00   [SRJ-IND] B152PR sym=USDJPY bar=2026.06.03 17:45 z1=256,B,157.172,157.178,2026.05.12 01:25,1,2026.05.12 08:55,157.714,156.726"
2305,JUNE0525-B162,1617DC1ACCE6B50ED2D1359582A70A8B8503C569623EE90C18C6B33542796207,Tester/logs/20261011.log,974710,2026-06-03,17:50,B152PR,"EN	0	00:08:52.229	Core 04	2026.06.03 17:50:00   [SRJ-IND] B152PR sym=USDJPY bar=2026.06.03 17:45 z1=261,B,157.184,157.192,2026.05.12 03:00,1,2026.05.12 08:55,157.714,156.726"
2306,JUNE0525-B162,1617DC1ACCE6B50ED2D1359582A70A8B8503C569623EE90C18C6B33542796207,Tester/logs/20261011.log,974711,2026-06-03,17:50,B152PR,"MP	0	00:08:52.229	Core 04	2026.06.03 17:50:00   [SRJ-IND] B152PR sym=USDJPY bar=2026.06.03 17:45 z1=313,B,157.331,157.497,2026.05.12 10:00,1,2026.05.12 10:10,157.546,157.487"
2307,JUNE0525-B162,1617DC1ACCE6B50ED2D1359582A70A8B8503C569623EE90C18C6B33542796207,Tester/logs/20261011.log,974712,2026-06-03,17:50,B152PR,"DJ	0	00:08:52.229	Core 04	2026.06.03 17:50:00   [SRJ-IND] B152PR sym=USDJPY bar=2026.06.03 17:45 z1=414,B,157.517,157.589,2026.05.13 01:10,1,2026.05.13 01:20,157.607,157.587"
2308,JUNE0525-B162,1617DC1ACCE6B50ED2D1359582A70A8B8503C569623EE90C18C6B33542796207,Tester/logs/20261011.log,974713,2026-06-03,17:50,B152PR,"CL	0	00:08:52.229	Core 04	2026.06.03 17:50:00   [SRJ-IND] B152PR sym=USDJPY bar=2026.06.03 17:45 z1=447,B,157.562,157.648,2026.05.13 06:20,1,2026.05.13 06:25,157.662,157.648"
2309,JUNE0525-B162,1617DC1ACCE6B50ED2D1359582A70A8B8503C569623EE90C18C6B33542796207,Tester/logs/20261011.log,974714,2026-06-03,17:50,B152PR,"HF	0	00:08:52.229	Core 04	2026.06.03 17:50:00   [SRJ-IND] B152PR sym=USDJPY bar=2026.06.03 17:45 z1=449,B,157.599,157.654,2026.05.13 05:15,1,2026.05.13 05:45,157.687,157.652"
2310,JUNE0525-B162,1617DC1ACCE6B50ED2D1359582A70A8B8503C569623EE90C18C6B33542796207,Tester/logs/20261011.log,974715,2026-06-03,17:50,B152PR,"MH	0	00:08:52.229	Core 04	2026.06.03 17:50:00   [SRJ-IND] B152PR sym=USDJPY bar=2026.06.03 17:45 z1=460,B,157.645,157.660,2026.05.13 07:05,1,2026.05.14 00:25,157.812,157.650"
2311,JUNE0525-B162,1617DC1ACCE6B50ED2D1359582A70A8B8503C569623EE90C18C6B33542796207,Tester/logs/20261011.log,974716,2026-06-03,17:50,B152PR,"QR	0	00:08:52.229	Core 04	2026.06.03 17:50:00   [SRJ-IND] B152PR sym=USDJPY bar=2026.06.03 17:45 z1=696,B,157.568,158.167,2026.05.14 18:05,1,2026.05.14 18:10,158.191,158.119"
2312,JUNE0525-B162,1617DC1ACCE6B50ED2D1359582A70A8B8503C569623EE90C18C6B33542796207,Tester/logs/20261011.log,974717,2026-06-03,17:50,B152PR,"MG	0	00:08:52.229	Core 04	2026.06.03 17:50:00   [SRJ-IND] B152PR sym=USDJPY bar=2026.06.03 17:45 z1=714,B,158.107,158.142,2026.05.14 19:30,1,2026.05.14 20:00,158.169,158.142"
2313,JUNE0525-B162,1617DC1ACCE6B50ED2D1359582A70A8B8503C569623EE90C18C6B33542796207,Tester/logs/20261011.log,974718,2026-06-03,17:50,B152PR,"PI	0	00:08:52.229	Core 04	2026.06.03 17:50:00   [SRJ-IND] B152PR sym=USDJPY bar=2026.06.03 17:45 z1=724,B,158.168,158.186,2026.05.14 21:00,1,2026.05.14 21:05,158.191,158.182"
2314,JUNE0525-B162,1617DC1ACCE6B50ED2D1359582A70A8B8503C569623EE90C18C6B33542796207,Tester/logs/20261011.log,974719,2026-06-03,17:50,B152PR,"RP	0	00:08:52.229	Core 04	2026.06.03 17:50:00   [SRJ-IND] B152PR sym=USDJPY bar=2026.06.03 17:45 z1=1405,B,158.735,158.769,2026.05.20 19:00,1,2026.05.20 19:05,158.816,158.753"
2315,JUNE0525-B162,1617DC1ACCE6B50ED2D1359582A70A8B8503C569623EE90C18C6B33542796207,Tester/logs/20261011.log,974720,2026-06-03,17:50,B152PR,"DF	0	00:08:52.229	Core 04	2026.06.03 17:50:00   [SRJ-IND] B152PR sym=USDJPY bar=2026.06.03 17:45 z1=1779,B,158.756,158.800,2026.05.25 06:45,1,2026.05.26 00:00,158.887,158.784"
2316,JUNE0525-B162,1617DC1ACCE6B50ED2D1359582A70A8B8503C569623EE90C18C6B33542796207,Tester/logs/20261011.log,974721,2026-06-03,17:50,B152PR,"IL	0	00:08:52.229	Core 04	2026.06.03 17:50:00   [SRJ-IND] B152PR sym=USDJPY bar=2026.06.03 17:45 z1=1780,B,158.789,158.814,2026.05.25 04:50,1,2026.05.26 00:00,158.887,158.784"
2317,JUNE0525-B162,1617DC1ACCE6B50ED2D1359582A70A8B8503C569623EE90C18C6B33542796207,Tester/logs/20261011.log,974722,2026-06-03,17:50,B152PR,"PR	0	00:08:52.229	Core 04	2026.06.03 17:50:00   [SRJ-IND] B152PR sym=USDJPY bar=2026.06.03 17:45 z1=1949,B,158.916,158.934,2026.05.26 07:25,1,2026.05.26 07:30,158.942,158.934"
2318,JUNE0525-B162,1617DC1ACCE6B50ED2D1359582A70A8B8503C569623EE90C18C6B33542796207,Tester/logs/20261011.log,974723,2026-06-03,17:50,B152PR,"IH	0	00:08:52.229	Core 04	2026.06.03 17:50:00   [SRJ-IND] B152PR sym=USDJPY bar=2026.06.03 17:45 z1=2509,B,159.134,159.195,2026.05.29 19:10,1,2026.05.29 19:35,159.215,159.186"
2319,JUNE0525-B162,1617DC1ACCE6B50ED2D1359582A70A8B8503C569623EE90C18C6B33542796207,Tester/logs/20261011.log,974724,2026-06-03,17:50,B152PR,"HN	0	00:08:52.229	Core 04	2026.06.03 17:50:00   [SRJ-IND] B152PR sym=USDJPY bar=2026.06.03 17:45 z1=2566,B,159.382,159.407,2026.06.01 03:15,1,2026.06.03 11:30,159.790,159.368"
2320,JUNE0525-B162,1617DC1ACCE6B50ED2D1359582A70A8B8503C569623EE90C18C6B33542796207,Tester/logs/20261011.log,974725,2026-06-03,17:50,B152PR,"RD	0	00:08:52.229	Core 04	2026.06.03 17:50:00   [SRJ-IND] B152PR sym=USDJPY bar=2026.06.03 17:45 z1=2648,B,159.435,159.481,2026.06.01 16:00,1,2026.06.03 11:30,159.790,159.368"
2321,JUNE0525-B162,1617DC1ACCE6B50ED2D1359582A70A8B8503C569623EE90C18C6B33542796207,Tester/logs/20261011.log,974726,2026-06-03,17:50,B152PR,"EJ	0	00:08:52.229	Core 04	2026.06.03 17:50:00   [SRJ-IND] B152PR sym=USDJPY bar=2026.06.03 17:45 z1=2716,B,159.576,159.603,2026.06.02 03:10,1,2026.06.03 10:35,159.787,159.550"
2322,JUNE0525-B162,1617DC1ACCE6B50ED2D1359582A70A8B8503C569623EE90C18C6B33542796207,Tester/logs/20261011.log,974727,2026-06-03,17:50,B152PR,"KP	0	00:08:52.229	Core 04	2026.06.03 17:50:00   [SRJ-IND] B152PR sym=USDJPY bar=2026.06.03 17:45 z1=2720,B,159.586,159.605,2026.06.02 01:05,1,2026.06.03 10:35,159.787,159.550"
2323,JUNE0525-B162,1617DC1ACCE6B50ED2D1359582A70A8B8503C569623EE90C18C6B33542796207,Tester/logs/20261011.log,974728,2026-06-03,17:50,B152PR,"OF	0	00:08:52.229	Core 04	2026.06.03 17:50:00   [SRJ-IND] B152PR sym=USDJPY bar=2026.06.03 17:45 z1=2945,B,159.579,159.675,2026.06.03 11:15,1,2026.06.03 11:25,159.727,159.674"
2324,JUNE0525-B162,1617DC1ACCE6B50ED2D1359582A70A8B8503C569623EE90C18C6B33542796207,Tester/logs/20261011.log,974729,2026-06-03,17:50,B152PR,"CL	0	00:08:52.229	Core 04	2026.06.03 17:50:00   [SRJ-IND] B152PR sym=USDJPY bar=2026.06.03 17:45 z1=2979,B,159.861,159.913,2026.06.03 16:00,1,2026.06.03 16:05,159.919,159.899"
2325,JUNE0525-B162,1617DC1ACCE6B50ED2D1359582A70A8B8503C569623EE90C18C6B33542796207,Tester/logs/20261011.log,974730,2026-06-03,17:50,B152PR,"HP	0	00:08:52.229	Core 04	2026.06.03 17:50:00   [SRJ-IND] B152PR sym=USDJPY bar=2026.06.03 17:45 bull=1 bear=0 nz=24"
2326,JUNE0525-B162,1617DC1ACCE6B50ED2D1359582A70A8B8503C569623EE90C18C6B33542796207,Tester/logs/20261011.log,974731,2026-06-03,17:50,B162ORIGIN,"HM	0	00:08:52.229	Core 04	2026.06.03 17:50:00   [SRJ-IND] B162ORIGIN sym=USDJPY bar=2026.06.03 17:45 side=B n=24 origin=2979 range=159.861-159.913 formT=2026.06.03 15:40 set=65,78,212,256,261,313,414,447,449,460,696,714,724,1405,1779,1780,1949,2509,2566,2648,2716,2720,2945,2979"
2327,JUNE0525-B162,1617DC1ACCE6B50ED2D1359582A70A8B8503C569623EE90C18C6B33542796207,Tester/logs/20261011.log,974732,2026-06-03,17:50,B162ORIGIN,"NH	0	00:08:52.229	Core 04	2026.06.03 17:50:00   [SRJ-IND] B162ORIGIN sym=USDJPY bar=2026.06.03 17:45 side=S n=0 origin=NONE range=- formT=- set=-"
2328,JUNE0525-B162,1617DC1ACCE6B50ED2D1359582A70A8B8503C569623EE90C18C6B33542796207,Tester/logs/20261011.log,974737,2026-06-03,17:50,CQDRECHECK,"PP	0	00:08:52.229	Core 04	2026.06.03 17:50:00   [SRJ-EA] CQDRECHECK shift=2 passA=-1.0 passB=-1.0 diff=0 bar=2026.06.03 17:40 state=IDLE dir=NONE divLatch=0 hit1=0 hit2=533 mism=0"
2329,JUNE0525-B162,1617DC1ACCE6B50ED2D1359582A70A8B8503C569623EE90C18C6B33542796207,Tester/logs/20261011.log,974746,2026-06-03,17:55,B152PR,"LM	0	00:08:52.229	Core 04	2026.06.03 17:55:00   [SRJ-IND] B152PR sym=USDJPY bar=2026.06.03 17:50 z1=65,B,156.672,156.773,2026.05.11 04:10,1,2026.05.12 08:55,157.714,156.726"
2330,JUNE0525-B162,1617DC1ACCE6B50ED2D1359582A70A8B8503C569623EE90C18C6B33542796207,Tester/logs/20261011.log,974747,2026-06-03,17:55,B152PR,"DP	0	00:08:52.229	Core 04	2026.06.03 17:55:00   [SRJ-IND] B152PR sym=USDJPY bar=2026.06.03 17:50 z1=78,B,156.578,156.584,2026.05.11 00:35,1,2026.05.11 00:40,156.644,156.537"
2331,JUNE0525-B162,1617DC1ACCE6B50ED2D1359582A70A8B8503C569623EE90C18C6B33542796207,Tester/logs/20261011.log,974748,2026-06-03,17:55,B152PR,"NE	0	00:08:52.229	Core 04	2026.06.03 17:55:00   [SRJ-IND] B152PR sym=USDJPY bar=2026.06.03 17:50 z1=212,B,157.028,157.060,2026.05.11 19:20,1,2026.05.12 00:00,157.152,157.050"
2332,JUNE0525-B162,1617DC1ACCE6B50ED2D1359582A70A8B8503C569623EE90C18C6B33542796207,Tester/logs/20261011.log,974749,2026-06-03,17:55,B152PR,"NO	0	00:08:52.229	Core 04	2026.06.03 17:55:00   [SRJ-IND] B152PR sym=USDJPY bar=2026.06.03 17:50 z1=256,B,157.172,157.178,2026.05.12 01:25,1,2026.05.12 08:55,157.714,156.726"
2333,JUNE0525-B162,1617DC1ACCE6B50ED2D1359582A70A8B8503C569623EE90C18C6B33542796207,Tester/logs/20261011.log,974750,2026-06-03,17:55,B152PR,"LQ	0	00:08:52.229	Core 04	2026.06.03 17:55:00   [SRJ-IND] B152PR sym=USDJPY bar=2026.06.03 17:50 z1=261,B,157.184,157.192,2026.05.12 03:00,1,2026.05.12 08:55,157.714,156.726"
2334,JUNE0525-B162,1617DC1ACCE6B50ED2D1359582A70A8B8503C569623EE90C18C6B33542796207,Tester/logs/20261011.log,974751,2026-06-03,17:55,B152PR,"HK	0	00:08:52.229	Core 04	2026.06.03 17:55:00   [SRJ-IND] B152PR sym=USDJPY bar=2026.06.03 17:50 z1=313,B,157.331,157.497,2026.05.12 10:00,1,2026.05.12 10:10,157.546,157.487"
2335,JUNE0525-B162,1617DC1ACCE6B50ED2D1359582A70A8B8503C569623EE90C18C6B33542796207,Tester/logs/20261011.log,974752,2026-06-03,17:55,B152PR,"MM	0	00:08:52.229	Core 04	2026.06.03 17:55:00   [SRJ-IND] B152PR sym=USDJPY bar=2026.06.03 17:50 z1=414,B,157.517,157.589,2026.05.13 01:10,1,2026.05.13 01:20,157.607,157.587"
2336,JUNE0525-B162,1617DC1ACCE6B50ED2D1359582A70A8B8503C569623EE90C18C6B33542796207,Tester/logs/20261011.log,974753,2026-06-03,17:55,B152PR,"JG	0	00:08:52.229	Core 04	2026.06.03 17:55:00   [SRJ-IND] B152PR sym=USDJPY bar=2026.06.03 17:50 z1=447,B,157.562,157.648,2026.05.13 06:20,1,2026.05.13 06:25,157.662,157.648"
2337,JUNE0525-B162,1617DC1ACCE6B50ED2D1359582A70A8B8503C569623EE90C18C6B33542796207,Tester/logs/20261011.log,974754,2026-06-03,17:55,B152PR,"QH	0	00:08:52.229	Core 04	2026.06.03 17:55:00   [SRJ-IND] B152PR sym=USDJPY bar=2026.06.03 17:50 z1=449,B,157.599,157.654,2026.05.13 05:15,1,2026.05.13 05:45,157.687,157.652"
2338,JUNE0525-B162,1617DC1ACCE6B50ED2D1359582A70A8B8503C569623EE90C18C6B33542796207,Tester/logs/20261011.log,974755,2026-06-03,17:55,B152PR,"HR	0	00:08:52.229	Core 04	2026.06.03 17:55:00   [SRJ-IND] B152PR sym=USDJPY bar=2026.06.03 17:50 z1=460,B,157.645,157.660,2026.05.13 07:05,1,2026.05.14 00:25,157.812,157.650"
2339,JUNE0525-B162,1617DC1ACCE6B50ED2D1359582A70A8B8503C569623EE90C18C6B33542796207,Tester/logs/20261011.log,974756,2026-06-03,17:55,B152PR,"HD	0	00:08:52.229	Core 04	2026.06.03 17:55:00   [SRJ-IND] B152PR sym=USDJPY bar=2026.06.03 17:50 z1=696,B,157.568,158.167,2026.05.14 18:05,1,2026.05.14 18:10,158.191,158.119"
2340,JUNE0525-B162,1617DC1ACCE6B50ED2D1359582A70A8B8503C569623EE90C18C6B33542796207,Tester/logs/20261011.log,974757,2026-06-03,17:55,B152PR,"PN	0	00:08:52.229	Core 04	2026.06.03 17:55:00   [SRJ-IND] B152PR sym=USDJPY bar=2026.06.03 17:50 z1=714,B,158.107,158.142,2026.05.14 19:30,1,2026.05.14 20:00,158.169,158.142"
2341,JUNE0525-B162,1617DC1ACCE6B50ED2D1359582A70A8B8503C569623EE90C18C6B33542796207,Tester/logs/20261011.log,974758,2026-06-03,17:55,B152PR,"IP	0	00:08:52.229	Core 04	2026.06.03 17:55:00   [SRJ-IND] B152PR sym=USDJPY bar=2026.06.03 17:50 z1=724,B,158.168,158.186,2026.05.14 21:00,1,2026.05.14 21:05,158.191,158.182"
2342,JUNE0525-B162,1617DC1ACCE6B50ED2D1359582A70A8B8503C569623EE90C18C6B33542796207,Tester/logs/20261011.log,974759,2026-06-03,17:55,B152PR,"CI	0	00:08:52.229	Core 04	2026.06.03 17:55:00   [SRJ-IND] B152PR sym=USDJPY bar=2026.06.03 17:50 z1=1405,B,158.735,158.769,2026.05.20 19:00,1,2026.05.20 19:05,158.816,158.753"
2343,JUNE0525-B162,1617DC1ACCE6B50ED2D1359582A70A8B8503C569623EE90C18C6B33542796207,Tester/logs/20261011.log,974760,2026-06-03,17:55,B152PR,"QO	0	00:08:52.229	Core 04	2026.06.03 17:55:00   [SRJ-IND] B152PR sym=USDJPY bar=2026.06.03 17:50 z1=1779,B,158.756,158.800,2026.05.25 06:45,1,2026.05.26 00:00,158.887,158.784"
2344,JUNE0525-B162,1617DC1ACCE6B50ED2D1359582A70A8B8503C569623EE90C18C6B33542796207,Tester/logs/20261011.log,974761,2026-06-03,17:55,B152PR,"LE	0	00:08:52.229	Core 04	2026.06.03 17:55:00   [SRJ-IND] B152PR sym=USDJPY bar=2026.06.03 17:50 z1=1780,B,158.789,158.814,2026.05.25 04:50,1,2026.05.26 00:00,158.887,158.784"
2345,JUNE0525-B162,1617DC1ACCE6B50ED2D1359582A70A8B8503C569623EE90C18C6B33542796207,Tester/logs/20261011.log,974762,2026-06-03,17:55,B152PR,"EK	0	00:08:52.229	Core 04	2026.06.03 17:55:00   [SRJ-IND] B152PR sym=USDJPY bar=2026.06.03 17:50 z1=1949,B,158.916,158.934,2026.05.26 07:25,1,2026.05.26 07:30,158.942,158.934"
2346,JUNE0525-B162,1617DC1ACCE6B50ED2D1359582A70A8B8503C569623EE90C18C6B33542796207,Tester/logs/20261011.log,974763,2026-06-03,17:55,B152PR,"LQ	0	00:08:52.229	Core 04	2026.06.03 17:55:00   [SRJ-IND] B152PR sym=USDJPY bar=2026.06.03 17:50 z1=2509,B,159.134,159.195,2026.05.29 19:10,1,2026.05.29 19:35,159.215,159.186"
2347,JUNE0525-B162,1617DC1ACCE6B50ED2D1359582A70A8B8503C569623EE90C18C6B33542796207,Tester/logs/20261011.log,974764,2026-06-03,17:55,B152PR,"MG	0	00:08:52.229	Core 04	2026.06.03 17:55:00   [SRJ-IND] B152PR sym=USDJPY bar=2026.06.03 17:50 z1=2566,B,159.382,159.407,2026.06.01 03:15,1,2026.06.03 11:30,159.790,159.368"
2348,JUNE0525-B162,1617DC1ACCE6B50ED2D1359582A70A8B8503C569623EE90C18C6B33542796207,Tester/logs/20261011.log,974765,2026-06-03,17:55,B152PR,"CM	0	00:08:52.229	Core 04	2026.06.03 17:55:00   [SRJ-IND] B152PR sym=USDJPY bar=2026.06.03 17:50 z1=2648,B,159.435,159.481,2026.06.01 16:00,1,2026.06.03 11:30,159.790,159.368"
2349,JUNE0525-B162,1617DC1ACCE6B50ED2D1359582A70A8B8503C569623EE90C18C6B33542796207,Tester/logs/20261011.log,974766,2026-06-03,17:55,B152PR,"PS	0	00:08:52.229	Core 04	2026.06.03 17:55:00   [SRJ-IND] B152PR sym=USDJPY bar=2026.06.03 17:50 z1=2716,B,159.576,159.603,2026.06.02 03:10,1,2026.06.03 10:35,159.787,159.550"
2350,JUNE0525-B162,1617DC1ACCE6B50ED2D1359582A70A8B8503C569623EE90C18C6B33542796207,Tester/logs/20261011.log,974767,2026-06-03,17:55,B152PR,"JI	0	00:08:52.229	Core 04	2026.06.03 17:55:00   [SRJ-IND] B152PR sym=USDJPY bar=2026.06.03 17:50 z1=2720,B,159.586,159.605,2026.06.02 01:05,1,2026.06.03 10:35,159.787,159.550"
2351,JUNE0525-B162,1617DC1ACCE6B50ED2D1359582A70A8B8503C569623EE90C18C6B33542796207,Tester/logs/20261011.log,974768,2026-06-03,17:55,B152PR,"FO	0	00:08:52.229	Core 04	2026.06.03 17:55:00   [SRJ-IND] B152PR sym=USDJPY bar=2026.06.03 17:50 z1=2945,B,159.579,159.675,2026.06.03 11:15,1,2026.06.03 11:25,159.727,159.674"
2352,JUNE0525-B162,1617DC1ACCE6B50ED2D1359582A70A8B8503C569623EE90C18C6B33542796207,Tester/logs/20261011.log,974769,2026-06-03,17:55,B152PR,"RE	0	00:08:52.229	Core 04	2026.06.03 17:55:00   [SRJ-IND] B152PR sym=USDJPY bar=2026.06.03 17:50 z1=2979,B,159.861,159.913,2026.06.03 16:00,1,2026.06.03 16:05,159.919,159.899"
2353,JUNE0525-B162,1617DC1ACCE6B50ED2D1359582A70A8B8503C569623EE90C18C6B33542796207,Tester/logs/20261011.log,974770,2026-06-03,17:55,B152PR,"MI	0	00:08:52.229	Core 04	2026.06.03 17:55:00   [SRJ-IND] B152PR sym=USDJPY bar=2026.06.03 17:50 bull=1 bear=0 nz=24"
2354,JUNE0525-B162,1617DC1ACCE6B50ED2D1359582A70A8B8503C569623EE90C18C6B33542796207,Tester/logs/20261011.log,974771,2026-06-03,17:55,B162ORIGIN,"EF	0	00:08:52.229	Core 04	2026.06.03 17:55:00   [SRJ-IND] B162ORIGIN sym=USDJPY bar=2026.06.03 17:50 side=B n=24 origin=2979 range=159.861-159.913 formT=2026.06.03 15:40 set=65,78,212,256,261,313,414,447,449,460,696,714,724,1405,1779,1780,1949,2509,2566,2648,2716,2720,2945,2979"
2355,JUNE0525-B162,1617DC1ACCE6B50ED2D1359582A70A8B8503C569623EE90C18C6B33542796207,Tester/logs/20261011.log,974772,2026-06-03,17:55,B162ORIGIN,"OQ	0	00:08:52.229	Core 04	2026.06.03 17:55:00   [SRJ-IND] B162ORIGIN sym=USDJPY bar=2026.06.03 17:50 side=S n=0 origin=NONE range=- formT=- set=-"
2356,JUNE0525-B162,1617DC1ACCE6B50ED2D1359582A70A8B8503C569623EE90C18C6B33542796207,Tester/logs/20261011.log,974780,2026-06-03,17:55,CONFIRMPOLL,"JE	0	00:08:52.229	Core 04	2026.06.03 17:55:00   [SRJ-EA] CONFIRMPOLL bar=2026.06.03 17:50 anchor=Daily-POC dir=LONG oppCandle=0 bodyDir=0 body=39pts doji=0 touchAttr=0 confirm=0 shadow=true"
2357,JUNE0525-B162,1617DC1ACCE6B50ED2D1359582A70A8B8503C569623EE90C18C6B33542796207,Tester/logs/20261011.log,974782,2026-06-03,17:55,STATE,"NL	0	00:08:52.229	Core 04	2026.06.03 17:55:00   [SRJ-EA] 2026.06.03 17:55:00 STATE IDLE->S1_REGIME dir=LONG poi=Daily-POC"
2358,JUNE0525-B162,1617DC1ACCE6B50ED2D1359582A70A8B8503C569623EE90C18C6B33542796207,Tester/logs/20261011.log,974783,2026-06-03,17:55,ANCHOR_ELECT,"RN	0	00:08:52.229	Core 04	2026.06.03 17:55:00   [SRJ-EA] ANCHOR_ELECT bar=2026.06.03 17:50 action=SEED poi=Daily-POC rank=10 tier=5 dir=LONG"
2359,JUNE0525-B162,1617DC1ACCE6B50ED2D1359582A70A8B8503C569623EE90C18C6B33542796207,Tester/logs/20261011.log,974792,2026-06-03,17:55,STATE,"RP	0	00:08:52.229	Core 04	2026.06.03 17:55:00   [SRJ-EA] 2026.06.03 17:55:00 STATE S1_REGIME->S2_LTF_ALIGN dir=LONG poi=Daily-POC"
2360,JUNE0525-B162,1617DC1ACCE6B50ED2D1359582A70A8B8503C569623EE90C18C6B33542796207,Tester/logs/20261011.log,974795,2026-06-03,17:55,ABORT,"PQ	0	00:08:52.229	Core 04	2026.06.03 17:55:00   [SRJ-EA] 2026.06.03 17:55:00 ABORT reason=SEEDBIAS_REFUSED state=S2_LTF_ALIGN poi=Daily-POC dir=LONG"
2361,JUNE0525-B162,1617DC1ACCE6B50ED2D1359582A70A8B8503C569623EE90C18C6B33542796207,Tester/logs/20261011.log,974796,2026-06-03,17:55,A6REFUSED,"LO	0	00:08:52.229	Core 04	2026.06.03 17:55:00   [SRJ-EA] A6REFUSED class=ABSENT_DECLINED bar=2026.06.03 17:55 state=S2_LTF_ALIGN dir=LONG predicate=SEEDBIAS_REFUSED"
2362,JUNE0525-B162,1617DC1ACCE6B50ED2D1359582A70A8B8503C569623EE90C18C6B33542796207,Tester/logs/20261011.log,974797,2026-06-03,17:55,STATE,"HI	0	00:08:52.229	Core 04	2026.06.03 17:55:00   [SRJ-EA] 2026.06.03 17:55:00 STATE S2_LTF_ALIGN->ABORT dir=LONG poi=Daily-POC"
2363,JUNE0525-B162,1617DC1ACCE6B50ED2D1359582A70A8B8503C569623EE90C18C6B33542796207,Tester/logs/20261011.log,974801,2026-06-03,18:00,B152PR,"PF	0	00:08:52.229	Core 04	2026.06.03 18:00:00   [SRJ-IND] B152PR sym=USDJPY bar=2026.06.03 17:55 z1=65,B,156.672,156.773,2026.05.11 04:10,1,2026.05.12 08:55,157.714,156.726"
2364,JUNE0525-B162,1617DC1ACCE6B50ED2D1359582A70A8B8503C569623EE90C18C6B33542796207,Tester/logs/20261011.log,974802,2026-06-03,18:00,B152PR,"PL	0	00:08:52.229	Core 04	2026.06.03 18:00:00   [SRJ-IND] B152PR sym=USDJPY bar=2026.06.03 17:55 z1=78,B,156.578,156.584,2026.05.11 00:35,1,2026.05.11 00:40,156.644,156.537"
2365,JUNE0525-B162,1617DC1ACCE6B50ED2D1359582A70A8B8503C569623EE90C18C6B33542796207,Tester/logs/20261011.log,974803,2026-06-03,18:00,B152PR,"RQ	0	00:08:52.229	Core 04	2026.06.03 18:00:00   [SRJ-IND] B152PR sym=USDJPY bar=2026.06.03 17:55 z1=212,B,157.028,157.060,2026.05.11 19:20,1,2026.05.12 00:00,157.152,157.050"
2366,JUNE0525-B162,1617DC1ACCE6B50ED2D1359582A70A8B8503C569623EE90C18C6B33542796207,Tester/logs/20261011.log,974804,2026-06-03,18:00,B152PR,"NK	0	00:08:52.229	Core 04	2026.06.03 18:00:00   [SRJ-IND] B152PR sym=USDJPY bar=2026.06.03 17:55 z1=256,B,157.172,157.178,2026.05.12 01:25,1,2026.05.12 08:55,157.714,156.726"
2367,JUNE0525-B162,1617DC1ACCE6B50ED2D1359582A70A8B8503C569623EE90C18C6B33542796207,Tester/logs/20261011.log,974805,2026-06-03,18:00,B152PR,"HM	0	00:08:52.229	Core 04	2026.06.03 18:00:00   [SRJ-IND] B152PR sym=USDJPY bar=2026.06.03 17:55 z1=261,B,157.184,157.192,2026.05.12 03:00,1,2026.05.12 08:55,157.714,156.726"
2368,JUNE0525-B162,1617DC1ACCE6B50ED2D1359582A70A8B8503C569623EE90C18C6B33542796207,Tester/logs/20261011.log,974806,2026-06-03,18:00,B152PR,"HF	0	00:08:52.229	Core 04	2026.06.03 18:00:00   [SRJ-IND] B152PR sym=USDJPY bar=2026.06.03 17:55 z1=313,B,157.331,157.497,2026.05.12 10:00,1,2026.05.12 10:10,157.546,157.487"
2369,JUNE0525-B162,1617DC1ACCE6B50ED2D1359582A70A8B8503C569623EE90C18C6B33542796207,Tester/logs/20261011.log,974807,2026-06-03,18:00,B152PR,"QH	0	00:08:52.229	Core 04	2026.06.03 18:00:00   [SRJ-IND] B152PR sym=USDJPY bar=2026.06.03 17:55 z1=414,B,157.517,157.589,2026.05.13 01:10,1,2026.05.13 01:20,157.607,157.587"
2370,JUNE0525-B162,1617DC1ACCE6B50ED2D1359582A70A8B8503C569623EE90C18C6B33542796207,Tester/logs/20261011.log,974808,2026-06-03,18:00,B152PR,"JR	0	00:08:52.229	Core 04	2026.06.03 18:00:00   [SRJ-IND] B152PR sym=USDJPY bar=2026.06.03 17:55 z1=447,B,157.562,157.648,2026.05.13 06:20,1,2026.05.13 06:25,157.662,157.648"
2371,JUNE0525-B162,1617DC1ACCE6B50ED2D1359582A70A8B8503C569623EE90C18C6B33542796207,Tester/logs/20261011.log,974809,2026-06-03,18:00,B152PR,"ED	0	00:08:52.229	Core 04	2026.06.03 18:00:00   [SRJ-IND] B152PR sym=USDJPY bar=2026.06.03 17:55 z1=449,B,157.599,157.654,2026.05.13 05:15,1,2026.05.13 05:45,157.687,157.652"
2372,JUNE0525-B162,1617DC1ACCE6B50ED2D1359582A70A8B8503C569623EE90C18C6B33542796207,Tester/logs/20261011.log,974810,2026-06-03,18:00,B152PR,"HN	0	00:08:52.229	Core 04	2026.06.03 18:00:00   [SRJ-IND] B152PR sym=USDJPY bar=2026.06.03 17:55 z1=460,B,157.645,157.660,2026.05.13 07:05,1,2026.05.14 00:25,157.812,157.650"
2373,JUNE0525-B162,1617DC1ACCE6B50ED2D1359582A70A8B8503C569623EE90C18C6B33542796207,Tester/logs/20261011.log,974811,2026-06-03,18:00,B152PR,"DP	0	00:08:52.229	Core 04	2026.06.03 18:00:00   [SRJ-IND] B152PR sym=USDJPY bar=2026.06.03 17:55 z1=696,B,157.568,158.167,2026.05.14 18:05,1,2026.05.14 18:10,158.191,158.119"
2374,JUNE0525-B162,1617DC1ACCE6B50ED2D1359582A70A8B8503C569623EE90C18C6B33542796207,Tester/logs/20261011.log,974812,2026-06-03,18:00,B152PR,"PJ	0	00:08:52.229	Core 04	2026.06.03 18:00:00   [SRJ-IND] B152PR sym=USDJPY bar=2026.06.03 17:55 z1=714,B,158.107,158.142,2026.05.14 19:30,1,2026.05.14 20:00,158.169,158.142"
2375,JUNE0525-B162,1617DC1ACCE6B50ED2D1359582A70A8B8503C569623EE90C18C6B33542796207,Tester/logs/20261011.log,974813,2026-06-03,18:00,B152PR,"ML	0	00:08:52.229	Core 04	2026.06.03 18:00:00   [SRJ-IND] B152PR sym=USDJPY bar=2026.06.03 17:55 z1=724,B,158.168,158.186,2026.05.14 21:00,1,2026.05.14 21:05,158.191,158.182"
2376,JUNE0525-B162,1617DC1ACCE6B50ED2D1359582A70A8B8503C569623EE90C18C6B33542796207,Tester/logs/20261011.log,974814,2026-06-03,18:00,B152PR,"CR	0	00:08:52.229	Core 04	2026.06.03 18:00:00   [SRJ-IND] B152PR sym=USDJPY bar=2026.06.03 17:55 z1=1405,B,158.735,158.769,2026.05.20 19:00,1,2026.05.20 19:05,158.816,158.753"
2377,JUNE0525-B162,1617DC1ACCE6B50ED2D1359582A70A8B8503C569623EE90C18C6B33542796207,Tester/logs/20261011.log,974815,2026-06-03,18:00,B152PR,"QH	0	00:08:52.229	Core 04	2026.06.03 18:00:00   [SRJ-IND] B152PR sym=USDJPY bar=2026.06.03 17:55 z1=1779,B,158.756,158.800,2026.05.25 06:45,1,2026.05.26 00:00,158.887,158.784"
2378,JUNE0525-B162,1617DC1ACCE6B50ED2D1359582A70A8B8503C569623EE90C18C6B33542796207,Tester/logs/20261011.log,974816,2026-06-03,18:00,B152PR,"LN	0	00:08:52.229	Core 04	2026.06.03 18:00:00   [SRJ-IND] B152PR sym=USDJPY bar=2026.06.03 17:55 z1=1780,B,158.789,158.814,2026.05.25 04:50,1,2026.05.26 00:00,158.887,158.784"
2379,JUNE0525-B162,1617DC1ACCE6B50ED2D1359582A70A8B8503C569623EE90C18C6B33542796207,Tester/logs/20261011.log,974817,2026-06-03,18:00,B152PR,"ED	0	00:08:52.229	Core 04	2026.06.03 18:00:00   [SRJ-IND] B152PR sym=USDJPY bar=2026.06.03 17:55 z1=1949,B,158.916,158.934,2026.05.26 07:25,1,2026.05.26 07:30,158.942,158.934"
2380,JUNE0525-B162,1617DC1ACCE6B50ED2D1359582A70A8B8503C569623EE90C18C6B33542796207,Tester/logs/20261011.log,974818,2026-06-03,18:00,B152PR,"LJ	0	00:08:52.229	Core 04	2026.06.03 18:00:00   [SRJ-IND] B152PR sym=USDJPY bar=2026.06.03 17:55 z1=2509,B,159.134,159.195,2026.05.29 19:10,1,2026.05.29 19:35,159.215,159.186"
2381,JUNE0525-B162,1617DC1ACCE6B50ED2D1359582A70A8B8503C569623EE90C18C6B33542796207,Tester/logs/20261011.log,974819,2026-06-03,18:00,B152PR,"MP	0	00:08:52.229	Core 04	2026.06.03 18:00:00   [SRJ-IND] B152PR sym=USDJPY bar=2026.06.03 17:55 z1=2566,B,159.382,159.407,2026.06.01 03:15,1,2026.06.03 11:30,159.790,159.368"
2382,JUNE0525-B162,1617DC1ACCE6B50ED2D1359582A70A8B8503C569623EE90C18C6B33542796207,Tester/logs/20261011.log,974820,2026-06-03,18:00,B152PR,"CF	0	00:08:52.229	Core 04	2026.06.03 18:00:00   [SRJ-IND] B152PR sym=USDJPY bar=2026.06.03 17:55 z1=2648,B,159.435,159.481,2026.06.01 16:00,1,2026.06.03 11:30,159.790,159.368"
2383,JUNE0525-B162,1617DC1ACCE6B50ED2D1359582A70A8B8503C569623EE90C18C6B33542796207,Tester/logs/20261011.log,974821,2026-06-03,18:00,B152PR,"PL	0	00:08:52.229	Core 04	2026.06.03 18:00:00   [SRJ-IND] B152PR sym=USDJPY bar=2026.06.03 17:55 z1=2716,B,159.576,159.603,2026.06.02 03:10,1,2026.06.03 10:35,159.787,159.550"
2384,JUNE0525-B162,1617DC1ACCE6B50ED2D1359582A70A8B8503C569623EE90C18C6B33542796207,Tester/logs/20261011.log,974822,2026-06-03,18:00,B152PR,"JR	0	00:08:52.229	Core 04	2026.06.03 18:00:00   [SRJ-IND] B152PR sym=USDJPY bar=2026.06.03 17:55 z1=2720,B,159.586,159.605,2026.06.02 01:05,1,2026.06.03 10:35,159.787,159.550"
2385,JUNE0525-B162,1617DC1ACCE6B50ED2D1359582A70A8B8503C569623EE90C18C6B33542796207,Tester/logs/20261011.log,974823,2026-06-03,18:00,B152PR,"FH	0	00:08:52.229	Core 04	2026.06.03 18:00:00   [SRJ-IND] B152PR sym=USDJPY bar=2026.06.03 17:55 z1=2945,B,159.579,159.675,2026.06.03 11:15,1,2026.06.03 11:25,159.727,159.674"
2386,JUNE0525-B162,1617DC1ACCE6B50ED2D1359582A70A8B8503C569623EE90C18C6B33542796207,Tester/logs/20261011.log,974824,2026-06-03,18:00,B152PR,"RN	0	00:08:52.229	Core 04	2026.06.03 18:00:00   [SRJ-IND] B152PR sym=USDJPY bar=2026.06.03 17:55 z1=2979,B,159.861,159.913,2026.06.03 16:00,1,2026.06.03 16:05,159.919,159.899"
2387,JUNE0525-B162,1617DC1ACCE6B50ED2D1359582A70A8B8503C569623EE90C18C6B33542796207,Tester/logs/20261011.log,974825,2026-06-03,18:00,B152PR,"MF	0	00:08:52.229	Core 04	2026.06.03 18:00:00   [SRJ-IND] B152PR sym=USDJPY bar=2026.06.03 17:55 bull=1 bear=0 nz=24"
2388,JUNE0525-B162,1617DC1ACCE6B50ED2D1359582A70A8B8503C569623EE90C18C6B33542796207,Tester/logs/20261011.log,974826,2026-06-03,18:00,B162ORIGIN,"EK	0	00:08:52.229	Core 04	2026.06.03 18:00:00   [SRJ-IND] B162ORIGIN sym=USDJPY bar=2026.06.03 17:55 side=B n=24 origin=2979 range=159.861-159.913 formT=2026.06.03 15:40 set=65,78,212,256,261,313,414,447,449,460,696,714,724,1405,1779,1780,1949,2509,2566,2648,2716,2720,2945,2979"
2389,JUNE0525-B162,1617DC1ACCE6B50ED2D1359582A70A8B8503C569623EE90C18C6B33542796207,Tester/logs/20261011.log,974827,2026-06-03,18:00,B162ORIGIN,"OJ	0	00:08:52.229	Core 04	2026.06.03 18:00:00   [SRJ-IND] B162ORIGIN sym=USDJPY bar=2026.06.03 17:55 side=S n=0 origin=NONE range=- formT=- set=-"
2390,JUNE0525-B162,1617DC1ACCE6B50ED2D1359582A70A8B8503C569623EE90C18C6B33542796207,Tester/logs/20261011.log,974832,2026-06-03,18:00,CQDRECHECK,"NN	0	00:08:52.229	Core 04	2026.06.03 18:00:00   [SRJ-EA] CQDRECHECK shift=2 passA=2.0 passB=2.0 diff=0 bar=2026.06.03 17:50 state=IDLE dir=NONE divLatch=0 hit1=0 hit2=534 mism=0"
2391,JUNE0525-B162,1617DC1ACCE6B50ED2D1359582A70A8B8503C569623EE90C18C6B33542796207,Tester/logs/20261011.log,974837,2026-06-03,18:00,CONFIRMPOLL,"NS	0	00:08:52.229	Core 04	2026.06.03 18:00:00   [SRJ-EA] CONFIRMPOLL bar=2026.06.03 17:55 anchor=Daily-POC dir=LONG oppCandle=1 bodyDir=0 body=2pts doji=0 touchAttr=1 confirm=0 shadow=true"
2392,JUNE0525-B162,1617DC1ACCE6B50ED2D1359582A70A8B8503C569623EE90C18C6B33542796207,Tester/logs/20261011.log,974839,2026-06-03,18:00,STATE,"FR	0	00:08:52.229	Core 04	2026.06.03 18:00:00   [SRJ-EA] 2026.06.03 18:00:00 STATE IDLE->S1_REGIME dir=LONG poi=Daily-POC"
2393,JUNE0525-B162,1617DC1ACCE6B50ED2D1359582A70A8B8503C569623EE90C18C6B33542796207,Tester/logs/20261011.log,974840,2026-06-03,18:00,ANCHOR_ELECT,"PS	0	00:08:52.229	Core 04	2026.06.03 18:00:00   [SRJ-EA] ANCHOR_ELECT bar=2026.06.03 17:55 action=SEED poi=Daily-POC rank=10 tier=5 dir=LONG"
2394,JUNE0525-B162,1617DC1ACCE6B50ED2D1359582A70A8B8503C569623EE90C18C6B33542796207,Tester/logs/20261011.log,974850,2026-06-03,18:00,STATE,"PK	0	00:08:52.229	Core 04	2026.06.03 18:00:00   [SRJ-EA] 2026.06.03 18:00:00 STATE S1_REGIME->S2_LTF_ALIGN dir=LONG poi=Daily-POC"
2395,JUNE0525-B162,1617DC1ACCE6B50ED2D1359582A70A8B8503C569623EE90C18C6B33542796207,Tester/logs/20261011.log,974853,2026-06-03,18:00,ABORT,"RF	0	00:08:52.229	Core 04	2026.06.03 18:00:00   [SRJ-EA] 2026.06.03 18:00:00 ABORT reason=SEEDBIAS_REFUSED state=S2_LTF_ALIGN poi=Daily-POC dir=LONG"
2396,JUNE0525-B162,1617DC1ACCE6B50ED2D1359582A70A8B8503C569623EE90C18C6B33542796207,Tester/logs/20261011.log,974854,2026-06-03,18:00,A6REFUSED,"ND	0	00:08:52.229	Core 04	2026.06.03 18:00:00   [SRJ-EA] A6REFUSED class=ABSENT_DECLINED bar=2026.06.03 18:00 state=S2_LTF_ALIGN dir=LONG predicate=SEEDBIAS_REFUSED"
2397,JUNE0525-B162,1617DC1ACCE6B50ED2D1359582A70A8B8503C569623EE90C18C6B33542796207,Tester/logs/20261011.log,974855,2026-06-03,18:00,STATE,"JP	0	00:08:52.229	Core 04	2026.06.03 18:00:00   [SRJ-EA] 2026.06.03 18:00:00 STATE S2_LTF_ALIGN->ABORT dir=LONG poi=Daily-POC"
2398,JUNE0525-B162,1617DC1ACCE6B50ED2D1359582A70A8B8503C569623EE90C18C6B33542796207,Tester/logs/20261011.log,974862,2026-06-03,18:05,B152PR,"CS	0	00:08:52.229	Core 04	2026.06.03 18:05:01   [SRJ-IND] B152PR sym=USDJPY bar=2026.06.03 18:00 z1=65,B,156.672,156.773,2026.05.11 04:10,1,2026.05.12 08:55,157.714,156.726"
2399,JUNE0525-B162,1617DC1ACCE6B50ED2D1359582A70A8B8503C569623EE90C18C6B33542796207,Tester/logs/20261011.log,974863,2026-06-03,18:05,B152PR,"KI	0	00:08:52.229	Core 04	2026.06.03 18:05:01   [SRJ-IND] B152PR sym=USDJPY bar=2026.06.03 18:00 z1=78,B,156.578,156.584,2026.05.11 00:35,1,2026.05.11 00:40,156.644,156.537"
2400,JUNE0525-B162,1617DC1ACCE6B50ED2D1359582A70A8B8503C569623EE90C18C6B33542796207,Tester/logs/20261011.log,974864,2026-06-03,18:05,B152PR,"EL	0	00:08:52.229	Core 04	2026.06.03 18:05:01   [SRJ-IND] B152PR sym=USDJPY bar=2026.06.03 18:00 z1=212,B,157.028,157.060,2026.05.11 19:20,1,2026.05.12 00:00,157.152,157.050"
2401,JUNE0525-B162,1617DC1ACCE6B50ED2D1359582A70A8B8503C569623EE90C18C6B33542796207,Tester/logs/20261011.log,974865,2026-06-03,18:05,B152PR,"EF	0	00:08:52.229	Core 04	2026.06.03 18:05:01   [SRJ-IND] B152PR sym=USDJPY bar=2026.06.03 18:00 z1=256,B,157.172,157.178,2026.05.12 01:25,1,2026.05.12 08:55,157.714,156.726"
2402,JUNE0525-B162,1617DC1ACCE6B50ED2D1359582A70A8B8503C569623EE90C18C6B33542796207,Tester/logs/20261011.log,974866,2026-06-03,18:05,B152PR,"CK	0	00:08:52.229	Core 04	2026.06.03 18:05:01   [SRJ-IND] B152PR sym=USDJPY bar=2026.06.03 18:00 z1=261,B,157.184,157.192,2026.05.12 03:00,1,2026.05.12 08:55,157.714,156.726"
2403,JUNE0525-B162,1617DC1ACCE6B50ED2D1359582A70A8B8503C569623EE90C18C6B33542796207,Tester/logs/20261011.log,974867,2026-06-03,18:05,B152PR,"OM	0	00:08:52.229	Core 04	2026.06.03 18:05:01   [SRJ-IND] B152PR sym=USDJPY bar=2026.06.03 18:00 z1=313,B,157.331,157.497,2026.05.12 10:00,1,2026.05.12 10:10,157.546,157.487"
2404,JUNE0525-B162,1617DC1ACCE6B50ED2D1359582A70A8B8503C569623EE90C18C6B33542796207,Tester/logs/20261011.log,974868,2026-06-03,18:05,B152PR,"FG	0	00:08:52.229	Core 04	2026.06.03 18:05:01   [SRJ-IND] B152PR sym=USDJPY bar=2026.06.03 18:00 z1=414,B,157.517,157.589,2026.05.13 01:10,1,2026.05.13 01:20,157.607,157.587"
2405,JUNE0525-B162,1617DC1ACCE6B50ED2D1359582A70A8B8503C569623EE90C18C6B33542796207,Tester/logs/20261011.log,974869,2026-06-03,18:05,B152PR,"QI	0	00:08:52.229	Core 04	2026.06.03 18:05:01   [SRJ-IND] B152PR sym=USDJPY bar=2026.06.03 18:00 z1=447,B,157.562,157.648,2026.05.13 06:20,1,2026.05.13 06:25,157.662,157.648"
2406,JUNE0525-B162,1617DC1ACCE6B50ED2D1359582A70A8B8503C569623EE90C18C6B33542796207,Tester/logs/20261011.log,974870,2026-06-03,18:05,B152PR,"JS	0	00:08:52.229	Core 04	2026.06.03 18:05:01   [SRJ-IND] B152PR sym=USDJPY bar=2026.06.03 18:00 z1=449,B,157.599,157.654,2026.05.13 05:15,1,2026.05.13 05:45,157.687,157.652"
2407,JUNE0525-B162,1617DC1ACCE6B50ED2D1359582A70A8B8503C569623EE90C18C6B33542796207,Tester/logs/20261011.log,974871,2026-06-03,18:05,B152PR,"OE	0	00:08:52.229	Core 04	2026.06.03 18:05:01   [SRJ-IND] B152PR sym=USDJPY bar=2026.06.03 18:00 z1=460,B,157.645,157.660,2026.05.13 07:05,1,2026.05.14 00:25,157.812,157.650"
2408,JUNE0525-B162,1617DC1ACCE6B50ED2D1359582A70A8B8503C569623EE90C18C6B33542796207,Tester/logs/20261011.log,974872,2026-06-03,18:05,B152PR,"OO	0	00:08:52.229	Core 04	2026.06.03 18:05:01   [SRJ-IND] B152PR sym=USDJPY bar=2026.06.03 18:00 z1=696,B,157.568,158.167,2026.05.14 18:05,1,2026.05.14 18:10,158.191,158.119"
2409,JUNE0525-B162,1617DC1ACCE6B50ED2D1359582A70A8B8503C569623EE90C18C6B33542796207,Tester/logs/20261011.log,974873,2026-06-03,18:05,B152PR,"GQ	0	00:08:52.229	Core 04	2026.06.03 18:05:01   [SRJ-IND] B152PR sym=USDJPY bar=2026.06.03 18:00 z1=714,B,158.107,158.142,2026.05.14 19:30,1,2026.05.14 20:00,158.169,158.142"
2410,JUNE0525-B162,1617DC1ACCE6B50ED2D1359582A70A8B8503C569623EE90C18C6B33542796207,Tester/logs/20261011.log,974874,2026-06-03,18:05,B152PR,"RJ	0	00:08:52.229	Core 04	2026.06.03 18:05:01   [SRJ-IND] B152PR sym=USDJPY bar=2026.06.03 18:00 z1=724,B,158.168,158.186,2026.05.14 21:00,1,2026.05.14 21:05,158.191,158.182"
2411,JUNE0525-B162,1617DC1ACCE6B50ED2D1359582A70A8B8503C569623EE90C18C6B33542796207,Tester/logs/20261011.log,974875,2026-06-03,18:05,B152PR,"LO	0	00:08:52.229	Core 04	2026.06.03 18:05:01   [SRJ-IND] B152PR sym=USDJPY bar=2026.06.03 18:00 z1=1405,B,158.735,158.769,2026.05.20 19:00,1,2026.05.20 19:05,158.816,158.753"
2412,JUNE0525-B162,1617DC1ACCE6B50ED2D1359582A70A8B8503C569623EE90C18C6B33542796207,Tester/logs/20261011.log,974876,2026-06-03,18:05,B152PR,"JE	0	00:08:52.229	Core 04	2026.06.03 18:05:01   [SRJ-IND] B152PR sym=USDJPY bar=2026.06.03 18:00 z1=1779,B,158.756,158.800,2026.05.25 06:45,1,2026.05.26 00:00,158.887,158.784"
2413,JUNE0525-B162,1617DC1ACCE6B50ED2D1359582A70A8B8503C569623EE90C18C6B33542796207,Tester/logs/20261011.log,974877,2026-06-03,18:05,B152PR,"CK	0	00:08:52.229	Core 04	2026.06.03 18:05:01   [SRJ-IND] B152PR sym=USDJPY bar=2026.06.03 18:00 z1=1780,B,158.789,158.814,2026.05.25 04:50,1,2026.05.26 00:00,158.887,158.784"
2414,JUNE0525-B162,1617DC1ACCE6B50ED2D1359582A70A8B8503C569623EE90C18C6B33542796207,Tester/logs/20261011.log,974878,2026-06-03,18:05,B152PR,"NQ	0	00:08:52.229	Core 04	2026.06.03 18:05:01   [SRJ-IND] B152PR sym=USDJPY bar=2026.06.03 18:00 z1=1949,B,158.916,158.934,2026.05.26 07:25,1,2026.05.26 07:30,158.942,158.934"
2415,JUNE0525-B162,1617DC1ACCE6B50ED2D1359582A70A8B8503C569623EE90C18C6B33542796207,Tester/logs/20261011.log,974879,2026-06-03,18:05,B152PR,"CG	0	00:08:52.229	Core 04	2026.06.03 18:05:01   [SRJ-IND] B152PR sym=USDJPY bar=2026.06.03 18:00 z1=2509,B,159.134,159.195,2026.05.29 19:10,1,2026.05.29 19:35,159.215,159.186"
2416,JUNE0525-B162,1617DC1ACCE6B50ED2D1359582A70A8B8503C569623EE90C18C6B33542796207,Tester/logs/20261011.log,974880,2026-06-03,18:05,B152PR,"FM	0	00:08:52.229	Core 04	2026.06.03 18:05:01   [SRJ-IND] B152PR sym=USDJPY bar=2026.06.03 18:00 z1=2566,B,159.382,159.407,2026.06.01 03:15,1,2026.06.03 11:30,159.790,159.368"
2417,JUNE0525-B162,1617DC1ACCE6B50ED2D1359582A70A8B8503C569623EE90C18C6B33542796207,Tester/logs/20261011.log,974881,2026-06-03,18:05,B152PR,"LS	0	00:08:52.229	Core 04	2026.06.03 18:05:01   [SRJ-IND] B152PR sym=USDJPY bar=2026.06.03 18:00 z1=2648,B,159.435,159.481,2026.06.01 16:00,1,2026.06.03 11:30,159.790,159.368"
2418,JUNE0525-B162,1617DC1ACCE6B50ED2D1359582A70A8B8503C569623EE90C18C6B33542796207,Tester/logs/20261011.log,974882,2026-06-03,18:05,B152PR,"GI	0	00:08:52.229	Core 04	2026.06.03 18:05:01   [SRJ-IND] B152PR sym=USDJPY bar=2026.06.03 18:00 z1=2716,B,159.576,159.603,2026.06.02 03:10,1,2026.06.03 10:35,159.787,159.550"
2419,JUNE0525-B162,1617DC1ACCE6B50ED2D1359582A70A8B8503C569623EE90C18C6B33542796207,Tester/logs/20261011.log,974883,2026-06-03,18:05,B152PR,"QO	0	00:08:52.229	Core 04	2026.06.03 18:05:01   [SRJ-IND] B152PR sym=USDJPY bar=2026.06.03 18:00 z1=2720,B,159.586,159.605,2026.06.02 01:05,1,2026.06.03 10:35,159.787,159.550"
2420,JUNE0525-B162,1617DC1ACCE6B50ED2D1359582A70A8B8503C569623EE90C18C6B33542796207,Tester/logs/20261011.log,974884,2026-06-03,18:05,B152PR,"ME	0	00:08:52.229	Core 04	2026.06.03 18:05:01   [SRJ-IND] B152PR sym=USDJPY bar=2026.06.03 18:00 z1=2945,B,159.579,159.675,2026.06.03 11:15,1,2026.06.03 11:25,159.727,159.674"
2421,JUNE0525-B162,1617DC1ACCE6B50ED2D1359582A70A8B8503C569623EE90C18C6B33542796207,Tester/logs/20261011.log,974885,2026-06-03,18:05,B152PR,"IK	0	00:08:52.229	Core 04	2026.06.03 18:05:01   [SRJ-IND] B152PR sym=USDJPY bar=2026.06.03 18:00 z1=2979,B,159.861,159.913,2026.06.03 16:00,1,2026.06.03 16:05,159.919,159.899"
2422,JUNE0525-B162,1617DC1ACCE6B50ED2D1359582A70A8B8503C569623EE90C18C6B33542796207,Tester/logs/20261011.log,974886,2026-06-03,18:05,B152PR,"FS	0	00:08:52.229	Core 04	2026.06.03 18:05:01   [SRJ-IND] B152PR sym=USDJPY bar=2026.06.03 18:00 bull=1 bear=0 nz=24"
2423,JUNE0525-B162,1617DC1ACCE6B50ED2D1359582A70A8B8503C569623EE90C18C6B33542796207,Tester/logs/20261011.log,974887,2026-06-03,18:05,B162ORIGIN,"NP	0	00:08:52.229	Core 04	2026.06.03 18:05:01   [SRJ-IND] B162ORIGIN sym=USDJPY bar=2026.06.03 18:00 side=B n=24 origin=2979 range=159.861-159.913 formT=2026.06.03 15:40 set=65,78,212,256,261,313,414,447,449,460,696,714,724,1405,1779,1780,1949,2509,2566,2648,2716,2720,2945,2979"
2424,JUNE0525-B162,1617DC1ACCE6B50ED2D1359582A70A8B8503C569623EE90C18C6B33542796207,Tester/logs/20261011.log,974888,2026-06-03,18:05,B162ORIGIN,"HO	0	00:08:52.229	Core 04	2026.06.03 18:05:01   [SRJ-IND] B162ORIGIN sym=USDJPY bar=2026.06.03 18:00 side=S n=0 origin=NONE range=- formT=- set=-"
2425,JUNE0525-B162,1617DC1ACCE6B50ED2D1359582A70A8B8503C569623EE90C18C6B33542796207,Tester/logs/20261011.log,974893,2026-06-03,18:05,CQDRECHECK,"LM	0	00:08:52.229	Core 04	2026.06.03 18:05:01   [SRJ-EA] CQDRECHECK shift=2 passA=2.0 passB=2.0 diff=0 bar=2026.06.03 17:55 state=IDLE dir=NONE divLatch=0 hit1=0 hit2=535 mism=0"
2426,JUNE0525-B162,1617DC1ACCE6B50ED2D1359582A70A8B8503C569623EE90C18C6B33542796207,Tester/logs/20261011.log,974898,2026-06-03,18:05,CONFIRMPOLL,"ES	0	00:08:52.229	Core 04	2026.06.03 18:05:01   [SRJ-EA] CONFIRMPOLL bar=2026.06.03 18:00 anchor=Daily-POC dir=LONG oppCandle=1 bodyDir=1 body=35pts doji=0 touchAttr=1 confirm=1 shadow=true"
2427,JUNE0525-B162,1617DC1ACCE6B50ED2D1359582A70A8B8503C569623EE90C18C6B33542796207,Tester/logs/20261011.log,974900,2026-06-03,18:05,STATE,"FQ	0	00:08:52.229	Core 04	2026.06.03 18:05:01   [SRJ-EA] 2026.06.03 18:05:01 STATE IDLE->S1_REGIME dir=LONG poi=Daily-POC"
2428,JUNE0525-B162,1617DC1ACCE6B50ED2D1359582A70A8B8503C569623EE90C18C6B33542796207,Tester/logs/20261011.log,974901,2026-06-03,18:05,ANCHOR_ELECT,"IP	0	00:08:52.229	Core 04	2026.06.03 18:05:01   [SRJ-EA] ANCHOR_ELECT bar=2026.06.03 18:00 action=SEED poi=Daily-POC rank=10 tier=5 dir=LONG"
2429,JUNE0525-B162,1617DC1ACCE6B50ED2D1359582A70A8B8503C569623EE90C18C6B33542796207,Tester/logs/20261011.log,974910,2026-06-03,18:05,STATE,"PJ	0	00:08:52.229	Core 04	2026.06.03 18:05:01   [SRJ-EA] 2026.06.03 18:05:01 STATE S1_REGIME->S2_LTF_ALIGN dir=LONG poi=Daily-POC"
2430,JUNE0525-B162,1617DC1ACCE6B50ED2D1359582A70A8B8503C569623EE90C18C6B33542796207,Tester/logs/20261011.log,974911,2026-06-03,18:05,STATE,"QG	0	00:08:52.229	Core 04	2026.06.03 18:05:01   [SRJ-EA] 2026.06.03 18:05:01 STATE S2_LTF_ALIGN->S3_ZONE_WAIT dir=LONG poi=Daily-POC"
2431,JUNE0525-B162,1617DC1ACCE6B50ED2D1359582A70A8B8503C569623EE90C18C6B33542796207,Tester/logs/20261011.log,974915,2026-06-03,18:05,XOBPROMO,"NL	0	00:08:52.229	Core 04	2026.06.03 18:05:01   [SRJ-EA] XOBPROMO bar=2026.06.03 18:00 site=S3PICK xobId=2979 raw=1780502400.0 promoT=2026.06.03 16:00"
2432,JUNE0525-B162,1617DC1ACCE6B50ED2D1359582A70A8B8503C569623EE90C18C6B33542796207,Tester/logs/20261011.log,974916,2026-06-03,18:05,ZONEPICK,"MS	0	00:08:52.229	Core 04	2026.06.03 18:05:01   [SRJ-EA] ZONEPICK bar=2026.06.03 18:00 dir=LONG haveFvg=0 fvgInPlay=0 haveXob=1 xobInPlay=0 downgraded=0 fvg=--- xob=159.861-159.913"
2433,JUNE0525-B162,1617DC1ACCE6B50ED2D1359582A70A8B8503C569623EE90C18C6B33542796207,Tester/logs/20261011.log,974931,2026-06-03,18:05,INPLAYCOMMIT,"CQ	0	00:08:52.229	Core 04	2026.06.03 18:05:01   [SRJ-EA] INPLAYCOMMIT bar=2026.06.03 18:00 dir=LONG zoneSrc=XOB zoneLo=159.861 zoneHi=159.913 promoT=2026.06.03 16:00 applied=1 bounded=1 scanned=28 swings=8 hits=3 firstShift=10 firstVal=159.897 commitVia=SWING legacy=0 legacyVia=none committed=1 changed=1 haveStop=1"
2434,JUNE0525-B162,1617DC1ACCE6B50ED2D1359582A70A8B8503C569623EE90C18C6B33542796207,Tester/logs/20261011.log,974932,2026-06-03,18:05,STATE,"HD	0	00:08:52.229	Core 04	2026.06.03 18:05:01   [SRJ-EA] 2026.06.03 18:05:01 STATE S3_ZONE_WAIT->S4_ARMED dir=LONG poi=Daily-POC"
2435,JUNE0525-B162,1617DC1ACCE6B50ED2D1359582A70A8B8503C569623EE90C18C6B33542796207,Tester/logs/20261011.log,974935,2026-06-03,18:05,B60C,"LM	0	00:08:52.229	Core 04	2026.06.03 18:05:01   [SRJ-EA] B60C bar=2026.06.03 18:00 dir=LONG poi=Daily-POC rt=2026.06.03 18:00 rSh=1 rBar=2026.06.03 18:00 cSrc=BOTH xt=0 zxob=159.861-159.913 xpromo=2026.06.03 16:00 - C satisfied by retest and prior candles ([B-61 C2][B-129 XT])"
2436,JUNE0525-B162,1617DC1ACCE6B50ED2D1359582A70A8B8503C569623EE90C18C6B33542796207,Tester/logs/20261011.log,974937,2026-06-03,18:05,STATE,"PL	0	00:08:52.229	Core 04	2026.06.03 18:05:01   [SRJ-EA] 2026.06.03 18:05:01 STATE S4_ARMED->S5_GATE_CHECK dir=LONG poi=Daily-POC"
2437,JUNE0525-B162,1617DC1ACCE6B50ED2D1359582A70A8B8503C569623EE90C18C6B33542796207,Tester/logs/20261011.log,974938,2026-06-03,18:05,D130LATCH,"KP	0	00:08:52.229	Core 04	2026.06.03 18:05:01   [SRJ-EA] D130LATCH pass=2026.06.03 18:05:01 confBar=2026.06.03 18:00 dir=LONG verdict=2 verdictBar=2026.06.03 17:55 walkShift=2 oppPassed=-1 oppBar=2026.06.03 17:40"
2438,JUNE0525-B162,1617DC1ACCE6B50ED2D1359582A70A8B8503C569623EE90C18C6B33542796207,Tester/logs/20261011.log,974939,2026-06-03,18:05,B150GATE,"RH	0	00:08:52.229	Core 04	2026.06.03 18:05:01   [SRJ-EA] B150GATE bar=2026.06.03 18:00 dir=LONG value=1.0 src=XOB forbar=2026.06.03 18:00"
2439,JUNE0525-B162,1617DC1ACCE6B50ED2D1359582A70A8B8503C569623EE90C18C6B33542796207,Tester/logs/20261011.log,975112,2026-06-03,18:05,B157SL,"JE	0	00:08:52.229	Core 04	2026.06.03 18:05:01   [SRJ-EA] B157SL bar=2026.06.03 18:00 side=LONG flag2xOB=1.0 fvgValid=1.0 branch=ONE_OR_NEITHER first_bar=- first_px=- wo_stop_px=- kept_stop_px=159.897 booked_stop_px=159.897 R_at_open=0.20 reason=KEPT_PATH"
2440,JUNE0525-B162,1617DC1ACCE6B50ED2D1359582A70A8B8503C569623EE90C18C6B33542796207,Tester/logs/20261011.log,975123,2026-06-03,18:05,TP_ELECT,"MH	0	00:08:52.229	Core 04	2026.06.03 18:05:01   [SRJ-EA] TP_ELECT shadow=true entry=159.979 sl=159.897 tp=159.995 R=0.20 bar=2026.06.03 18:00 latchBar=2026.06.03 18:05"
2441,JUNE0525-B162,1617DC1ACCE6B50ED2D1359582A70A8B8503C569623EE90C18C6B33542796207,Tester/logs/20261011.log,975128,2026-06-03,18:05,ABORT,"PH	0	00:08:52.229	Core 04	2026.06.03 18:05:01   [SRJ-EA] 2026.06.03 18:05:01 ABORT reason=TP_RR_FAIL state=S5_GATE_CHECK poi=Daily-POC dir=LONG"
2442,JUNE0525-B162,1617DC1ACCE6B50ED2D1359582A70A8B8503C569623EE90C18C6B33542796207,Tester/logs/20261011.log,975129,2026-06-03,18:05,A6REFUSED,"IN	0	00:08:52.229	Core 04	2026.06.03 18:05:01   [SRJ-EA] A6REFUSED class=ABSENT_DECLINED bar=2026.06.03 18:05 state=S5_GATE_CHECK dir=LONG predicate=TP_RR_FAIL"
2443,JUNE0525-B162,1617DC1ACCE6B50ED2D1359582A70A8B8503C569623EE90C18C6B33542796207,Tester/logs/20261011.log,975131,2026-06-03,18:05,STATE,"MR	0	00:08:52.229	Core 04	2026.06.03 18:05:01   [SRJ-EA] 2026.06.03 18:05:01 STATE S5_GATE_CHECK->ABORT dir=LONG poi=Daily-POC"
2444,JUNE0525-B162,1617DC1ACCE6B50ED2D1359582A70A8B8503C569623EE90C18C6B33542796207,Tester/logs/20261011.log,975134,2026-06-03,18:10,B152PR,"CD	0	00:08:52.229	Core 04	2026.06.03 18:10:02   [SRJ-IND] B152PR sym=USDJPY bar=2026.06.03 18:05 z1=65,B,156.672,156.773,2026.05.11 04:10,1,2026.05.12 08:55,157.714,156.726"
2445,JUNE0525-B162,1617DC1ACCE6B50ED2D1359582A70A8B8503C569623EE90C18C6B33542796207,Tester/logs/20261011.log,975135,2026-06-03,18:10,B152PR,"KJ	0	00:08:52.229	Core 04	2026.06.03 18:10:02   [SRJ-IND] B152PR sym=USDJPY bar=2026.06.03 18:05 z1=78,B,156.578,156.584,2026.05.11 00:35,1,2026.05.11 00:40,156.644,156.537"
2446,JUNE0525-B162,1617DC1ACCE6B50ED2D1359582A70A8B8503C569623EE90C18C6B33542796207,Tester/logs/20261011.log,975136,2026-06-03,18:10,B152PR,"ES	0	00:08:52.229	Core 04	2026.06.03 18:10:02   [SRJ-IND] B152PR sym=USDJPY bar=2026.06.03 18:05 z1=212,B,157.028,157.060,2026.05.11 19:20,1,2026.05.12 00:00,157.152,157.050"
2447,JUNE0525-B162,1617DC1ACCE6B50ED2D1359582A70A8B8503C569623EE90C18C6B33542796207,Tester/logs/20261011.log,975137,2026-06-03,18:10,B152PR,"QD	0	00:08:52.229	Core 04	2026.06.03 18:10:02   [SRJ-IND] B152PR sym=USDJPY bar=2026.06.03 18:05 z1=256,B,157.172,157.178,2026.05.12 01:25,1,2026.05.12 08:55,157.714,156.726"
2448,JUNE0525-B162,1617DC1ACCE6B50ED2D1359582A70A8B8503C569623EE90C18C6B33542796207,Tester/logs/20261011.log,975138,2026-06-03,18:10,B152PR,"CN	0	00:08:52.229	Core 04	2026.06.03 18:10:02   [SRJ-IND] B152PR sym=USDJPY bar=2026.06.03 18:05 z1=261,B,157.184,157.192,2026.05.12 03:00,1,2026.05.12 08:55,157.714,156.726"
2449,JUNE0525-B162,1617DC1ACCE6B50ED2D1359582A70A8B8503C569623EE90C18C6B33542796207,Tester/logs/20261011.log,975139,2026-06-03,18:10,B152PR,"KP	0	00:08:52.229	Core 04	2026.06.03 18:10:02   [SRJ-IND] B152PR sym=USDJPY bar=2026.06.03 18:05 z1=313,B,157.331,157.497,2026.05.12 10:00,1,2026.05.12 10:10,157.546,157.487"
2450,JUNE0525-B162,1617DC1ACCE6B50ED2D1359582A70A8B8503C569623EE90C18C6B33542796207,Tester/logs/20261011.log,975140,2026-06-03,18:10,B152PR,"FJ	0	00:08:52.229	Core 04	2026.06.03 18:10:02   [SRJ-IND] B152PR sym=USDJPY bar=2026.06.03 18:05 z1=414,B,157.517,157.589,2026.05.13 01:10,1,2026.05.13 01:20,157.607,157.587"
2451,JUNE0525-B162,1617DC1ACCE6B50ED2D1359582A70A8B8503C569623EE90C18C6B33542796207,Tester/logs/20261011.log,975141,2026-06-03,18:10,B152PR,"EL	0	00:08:52.229	Core 04	2026.06.03 18:10:02   [SRJ-IND] B152PR sym=USDJPY bar=2026.06.03 18:05 z1=447,B,157.562,157.648,2026.05.13 06:20,1,2026.05.13 06:25,157.662,157.648"
2452,JUNE0525-B162,1617DC1ACCE6B50ED2D1359582A70A8B8503C569623EE90C18C6B33542796207,Tester/logs/20261011.log,975142,2026-06-03,18:10,B152PR,"JF	0	00:08:52.229	Core 04	2026.06.03 18:10:02   [SRJ-IND] B152PR sym=USDJPY bar=2026.06.03 18:05 z1=449,B,157.599,157.654,2026.05.13 05:15,1,2026.05.13 05:45,157.687,157.652"
2453,JUNE0525-B162,1617DC1ACCE6B50ED2D1359582A70A8B8503C569623EE90C18C6B33542796207,Tester/logs/20261011.log,975143,2026-06-03,18:10,B152PR,"KH	0	00:08:52.229	Core 04	2026.06.03 18:10:02   [SRJ-IND] B152PR sym=USDJPY bar=2026.06.03 18:05 z1=460,B,157.645,157.660,2026.05.13 07:05,1,2026.05.14 00:25,157.812,157.650"
2454,JUNE0525-B162,1617DC1ACCE6B50ED2D1359582A70A8B8503C569623EE90C18C6B33542796207,Tester/logs/20261011.log,975144,2026-06-03,18:10,B152PR,"OR	0	00:08:52.229	Core 04	2026.06.03 18:10:02   [SRJ-IND] B152PR sym=USDJPY bar=2026.06.03 18:05 z1=696,B,157.568,158.167,2026.05.14 18:05,1,2026.05.14 18:10,158.191,158.119"
2455,JUNE0525-B162,1617DC1ACCE6B50ED2D1359582A70A8B8503C569623EE90C18C6B33542796207,Tester/logs/20261011.log,975145,2026-06-03,18:10,B152PR,"KG	0	00:08:52.229	Core 04	2026.06.03 18:10:02   [SRJ-IND] B152PR sym=USDJPY bar=2026.06.03 18:05 z1=714,B,158.107,158.142,2026.05.14 19:30,1,2026.05.14 20:00,158.169,158.142"
2456,JUNE0525-B162,1617DC1ACCE6B50ED2D1359582A70A8B8503C569623EE90C18C6B33542796207,Tester/logs/20261011.log,975146,2026-06-03,18:10,B152PR,"RI	0	00:08:52.229	Core 04	2026.06.03 18:10:02   [SRJ-IND] B152PR sym=USDJPY bar=2026.06.03 18:05 z1=724,B,158.168,158.186,2026.05.14 21:00,1,2026.05.14 21:05,158.191,158.182"
2457,JUNE0525-B162,1617DC1ACCE6B50ED2D1359582A70A8B8503C569623EE90C18C6B33542796207,Tester/logs/20261011.log,975147,2026-06-03,18:10,B152PR,"PP	0	00:08:52.229	Core 04	2026.06.03 18:10:02   [SRJ-IND] B152PR sym=USDJPY bar=2026.06.03 18:05 z1=1405,B,158.735,158.769,2026.05.20 19:00,1,2026.05.20 19:05,158.816,158.753"
2458,JUNE0525-B162,1617DC1ACCE6B50ED2D1359582A70A8B8503C569623EE90C18C6B33542796207,Tester/logs/20261011.log,975148,2026-06-03,18:10,B152PR,"FF	0	00:08:52.229	Core 04	2026.06.03 18:10:02   [SRJ-IND] B152PR sym=USDJPY bar=2026.06.03 18:05 z1=1779,B,158.756,158.800,2026.05.25 06:45,1,2026.05.26 00:00,158.887,158.784"
2459,JUNE0525-B162,1617DC1ACCE6B50ED2D1359582A70A8B8503C569623EE90C18C6B33542796207,Tester/logs/20261011.log,975149,2026-06-03,18:10,B152PR,"GL	0	00:08:52.229	Core 04	2026.06.03 18:10:02   [SRJ-IND] B152PR sym=USDJPY bar=2026.06.03 18:05 z1=1780,B,158.789,158.814,2026.05.25 04:50,1,2026.05.26 00:00,158.887,158.784"
2460,JUNE0525-B162,1617DC1ACCE6B50ED2D1359582A70A8B8503C569623EE90C18C6B33542796207,Tester/logs/20261011.log,975150,2026-06-03,18:10,B152PR,"RR	0	00:08:52.229	Core 04	2026.06.03 18:10:02   [SRJ-IND] B152PR sym=USDJPY bar=2026.06.03 18:05 z1=1949,B,158.916,158.934,2026.05.26 07:25,1,2026.05.26 07:30,158.942,158.934"
2461,JUNE0525-B162,1617DC1ACCE6B50ED2D1359582A70A8B8503C569623EE90C18C6B33542796207,Tester/logs/20261011.log,975151,2026-06-03,18:10,B152PR,"GH	0	00:08:52.229	Core 04	2026.06.03 18:10:02   [SRJ-IND] B152PR sym=USDJPY bar=2026.06.03 18:05 z1=2509,B,159.134,159.195,2026.05.29 19:10,1,2026.05.29 19:35,159.215,159.186"
2462,JUNE0525-B162,1617DC1ACCE6B50ED2D1359582A70A8B8503C569623EE90C18C6B33542796207,Tester/logs/20261011.log,975152,2026-06-03,18:10,B152PR,"JN	0	00:08:52.229	Core 04	2026.06.03 18:10:02   [SRJ-IND] B152PR sym=USDJPY bar=2026.06.03 18:05 z1=2566,B,159.382,159.407,2026.06.01 03:15,1,2026.06.03 11:30,159.790,159.368"
2463,JUNE0525-B162,1617DC1ACCE6B50ED2D1359582A70A8B8503C569623EE90C18C6B33542796207,Tester/logs/20261011.log,975153,2026-06-03,18:10,B152PR,"PD	0	00:08:52.229	Core 04	2026.06.03 18:10:02   [SRJ-IND] B152PR sym=USDJPY bar=2026.06.03 18:05 z1=2648,B,159.435,159.481,2026.06.01 16:00,1,2026.06.03 11:30,159.790,159.368"
2464,JUNE0525-B162,1617DC1ACCE6B50ED2D1359582A70A8B8503C569623EE90C18C6B33542796207,Tester/logs/20261011.log,975154,2026-06-03,18:10,B152PR,"CJ	0	00:08:52.229	Core 04	2026.06.03 18:10:02   [SRJ-IND] B152PR sym=USDJPY bar=2026.06.03 18:05 z1=2716,B,159.576,159.603,2026.06.02 03:10,1,2026.06.03 10:35,159.787,159.550"
2465,JUNE0525-B162,1617DC1ACCE6B50ED2D1359582A70A8B8503C569623EE90C18C6B33542796207,Tester/logs/20261011.log,975155,2026-06-03,18:10,B152PR,"MP	0	00:08:52.229	Core 04	2026.06.03 18:10:02   [SRJ-IND] B152PR sym=USDJPY bar=2026.06.03 18:05 z1=2720,B,159.586,159.605,2026.06.02 01:05,1,2026.06.03 10:35,159.787,159.550"
2466,JUNE0525-B162,1617DC1ACCE6B50ED2D1359582A70A8B8503C569623EE90C18C6B33542796207,Tester/logs/20261011.log,975156,2026-06-03,18:10,B152PR,"QF	0	00:08:52.229	Core 04	2026.06.03 18:10:02   [SRJ-IND] B152PR sym=USDJPY bar=2026.06.03 18:05 z1=2945,B,159.579,159.675,2026.06.03 11:15,1,2026.06.03 11:25,159.727,159.674"
2467,JUNE0525-B162,1617DC1ACCE6B50ED2D1359582A70A8B8503C569623EE90C18C6B33542796207,Tester/logs/20261011.log,975157,2026-06-03,18:10,B152PR,"EL	0	00:08:52.229	Core 04	2026.06.03 18:10:02   [SRJ-IND] B152PR sym=USDJPY bar=2026.06.03 18:05 z1=2979,B,159.861,159.913,2026.06.03 16:00,1,2026.06.03 16:05,159.919,159.899"
2468,JUNE0525-B162,1617DC1ACCE6B50ED2D1359582A70A8B8503C569623EE90C18C6B33542796207,Tester/logs/20261011.log,975158,2026-06-03,18:10,B152PR,"JP	0	00:08:52.229	Core 04	2026.06.03 18:10:02   [SRJ-IND] B152PR sym=USDJPY bar=2026.06.03 18:05 bull=1 bear=0 nz=24"
2469,JUNE0525-B162,1617DC1ACCE6B50ED2D1359582A70A8B8503C569623EE90C18C6B33542796207,Tester/logs/20261011.log,975159,2026-06-03,18:10,B162ORIGIN,"JM	0	00:08:52.229	Core 04	2026.06.03 18:10:02   [SRJ-IND] B162ORIGIN sym=USDJPY bar=2026.06.03 18:05 side=B n=24 origin=2979 range=159.861-159.913 formT=2026.06.03 15:40 set=65,78,212,256,261,313,414,447,449,460,696,714,724,1405,1779,1780,1949,2509,2566,2648,2716,2720,2945,2979"
2470,JUNE0525-B162,1617DC1ACCE6B50ED2D1359582A70A8B8503C569623EE90C18C6B33542796207,Tester/logs/20261011.log,975160,2026-06-03,18:10,B162ORIGIN,"LH	0	00:08:52.229	Core 04	2026.06.03 18:10:02   [SRJ-IND] B162ORIGIN sym=USDJPY bar=2026.06.03 18:05 side=S n=0 origin=NONE range=- formT=- set=-"
2471,JUNE0525-B162,1617DC1ACCE6B50ED2D1359582A70A8B8503C569623EE90C18C6B33542796207,Tester/logs/20261011.log,975167,2026-06-03,18:15,B152PR,"EI	0	00:08:52.229	Core 04	2026.06.03 18:15:10   [SRJ-IND] B152PR sym=USDJPY bar=2026.06.03 18:10 z1=65,B,156.672,156.773,2026.05.11 04:10,1,2026.05.12 08:55,157.714,156.726"
2472,JUNE0525-B162,1617DC1ACCE6B50ED2D1359582A70A8B8503C569623EE90C18C6B33542796207,Tester/logs/20261011.log,975168,2026-06-03,18:15,B152PR,"MO	0	00:08:52.229	Core 04	2026.06.03 18:15:10   [SRJ-IND] B152PR sym=USDJPY bar=2026.06.03 18:10 z1=78,B,156.578,156.584,2026.05.11 00:35,1,2026.05.11 00:40,156.644,156.537"
2473,JUNE0525-B162,1617DC1ACCE6B50ED2D1359582A70A8B8503C569623EE90C18C6B33542796207,Tester/logs/20261011.log,975169,2026-06-03,18:15,B152PR,"CF	0	00:08:52.229	Core 04	2026.06.03 18:15:10   [SRJ-IND] B152PR sym=USDJPY bar=2026.06.03 18:10 z1=212,B,157.028,157.060,2026.05.11 19:20,1,2026.05.12 00:00,157.152,157.050"
2474,JUNE0525-B162,1617DC1ACCE6B50ED2D1359582A70A8B8503C569623EE90C18C6B33542796207,Tester/logs/20261011.log,975170,2026-06-03,18:15,B152PR,"OK	0	00:08:52.229	Core 04	2026.06.03 18:15:10   [SRJ-IND] B152PR sym=USDJPY bar=2026.06.03 18:10 z1=256,B,157.172,157.178,2026.05.12 01:25,1,2026.05.12 08:55,157.714,156.726"
2475,JUNE0525-B162,1617DC1ACCE6B50ED2D1359582A70A8B8503C569623EE90C18C6B33542796207,Tester/logs/20261011.log,975171,2026-06-03,18:15,B152PR,"EM	0	00:08:52.229	Core 04	2026.06.03 18:15:10   [SRJ-IND] B152PR sym=USDJPY bar=2026.06.03 18:10 z1=261,B,157.184,157.192,2026.05.12 03:00,1,2026.05.12 08:55,157.714,156.726"
2476,JUNE0525-B162,1617DC1ACCE6B50ED2D1359582A70A8B8503C569623EE90C18C6B33542796207,Tester/logs/20261011.log,975172,2026-06-03,18:15,B152PR,"MG	0	00:08:52.229	Core 04	2026.06.03 18:15:10   [SRJ-IND] B152PR sym=USDJPY bar=2026.06.03 18:10 z1=313,B,157.331,157.497,2026.05.12 10:00,1,2026.05.12 10:10,157.546,157.487"
2477,JUNE0525-B162,1617DC1ACCE6B50ED2D1359582A70A8B8503C569623EE90C18C6B33542796207,Tester/logs/20261011.log,975173,2026-06-03,18:15,B152PR,"DI	0	00:08:52.229	Core 04	2026.06.03 18:15:10   [SRJ-IND] B152PR sym=USDJPY bar=2026.06.03 18:10 z1=414,B,157.517,157.589,2026.05.13 01:10,1,2026.05.13 01:20,157.607,157.587"
2478,JUNE0525-B162,1617DC1ACCE6B50ED2D1359582A70A8B8503C569623EE90C18C6B33542796207,Tester/logs/20261011.log,975174,2026-06-03,18:15,B152PR,"CS	0	00:08:52.229	Core 04	2026.06.03 18:15:10   [SRJ-IND] B152PR sym=USDJPY bar=2026.06.03 18:10 z1=447,B,157.562,157.648,2026.05.13 06:20,1,2026.05.13 06:25,157.662,157.648"
2479,JUNE0525-B162,1617DC1ACCE6B50ED2D1359582A70A8B8503C569623EE90C18C6B33542796207,Tester/logs/20261011.log,975175,2026-06-03,18:15,B152PR,"HE	0	00:08:52.229	Core 04	2026.06.03 18:15:10   [SRJ-IND] B152PR sym=USDJPY bar=2026.06.03 18:10 z1=449,B,157.599,157.654,2026.05.13 05:15,1,2026.05.13 05:45,157.687,157.652"
2480,JUNE0525-B162,1617DC1ACCE6B50ED2D1359582A70A8B8503C569623EE90C18C6B33542796207,Tester/logs/20261011.log,975176,2026-06-03,18:15,B152PR,"MO	0	00:08:52.229	Core 04	2026.06.03 18:15:10   [SRJ-IND] B152PR sym=USDJPY bar=2026.06.03 18:10 z1=460,B,157.645,157.660,2026.05.13 07:05,1,2026.05.14 00:25,157.812,157.650"
2481,JUNE0525-B162,1617DC1ACCE6B50ED2D1359582A70A8B8503C569623EE90C18C6B33542796207,Tester/logs/20261011.log,975177,2026-06-03,18:15,B152PR,"QQ	0	00:08:52.229	Core 04	2026.06.03 18:15:10   [SRJ-IND] B152PR sym=USDJPY bar=2026.06.03 18:10 z1=696,B,157.568,158.167,2026.05.14 18:05,1,2026.05.14 18:10,158.191,158.119"
2482,JUNE0525-B162,1617DC1ACCE6B50ED2D1359582A70A8B8503C569623EE90C18C6B33542796207,Tester/logs/20261011.log,975178,2026-06-03,18:15,B152PR,"MJ	0	00:08:52.229	Core 04	2026.06.03 18:15:10   [SRJ-IND] B152PR sym=USDJPY bar=2026.06.03 18:10 z1=714,B,158.107,158.142,2026.05.14 19:30,1,2026.05.14 20:00,158.169,158.142"
2483,JUNE0525-B162,1617DC1ACCE6B50ED2D1359582A70A8B8503C569623EE90C18C6B33542796207,Tester/logs/20261011.log,975179,2026-06-03,18:15,B152PR,"PL	0	00:08:52.229	Core 04	2026.06.03 18:15:10   [SRJ-IND] B152PR sym=USDJPY bar=2026.06.03 18:10 z1=724,B,158.168,158.186,2026.05.14 21:00,1,2026.05.14 21:05,158.191,158.182"
2484,JUNE0525-B162,1617DC1ACCE6B50ED2D1359582A70A8B8503C569623EE90C18C6B33542796207,Tester/logs/20261011.log,975180,2026-06-03,18:15,B152PR,"RE	0	00:08:52.229	Core 04	2026.06.03 18:15:10   [SRJ-IND] B152PR sym=USDJPY bar=2026.06.03 18:10 z1=1405,B,158.735,158.769,2026.05.20 19:00,1,2026.05.20 19:05,158.816,158.753"
2485,JUNE0525-B162,1617DC1ACCE6B50ED2D1359582A70A8B8503C569623EE90C18C6B33542796207,Tester/logs/20261011.log,975181,2026-06-03,18:15,B152PR,"DK	0	00:08:52.229	Core 04	2026.06.03 18:15:10   [SRJ-IND] B152PR sym=USDJPY bar=2026.06.03 18:10 z1=1779,B,158.756,158.800,2026.05.25 06:45,1,2026.05.26 00:00,158.887,158.784"
2486,JUNE0525-B162,1617DC1ACCE6B50ED2D1359582A70A8B8503C569623EE90C18C6B33542796207,Tester/logs/20261011.log,975182,2026-06-03,18:15,B152PR,"IQ	0	00:08:52.229	Core 04	2026.06.03 18:15:10   [SRJ-IND] B152PR sym=USDJPY bar=2026.06.03 18:10 z1=1780,B,158.789,158.814,2026.05.25 04:50,1,2026.05.26 00:00,158.887,158.784"
2487,JUNE0525-B162,1617DC1ACCE6B50ED2D1359582A70A8B8503C569623EE90C18C6B33542796207,Tester/logs/20261011.log,975183,2026-06-03,18:15,B152PR,"PG	0	00:08:52.229	Core 04	2026.06.03 18:15:10   [SRJ-IND] B152PR sym=USDJPY bar=2026.06.03 18:10 z1=1949,B,158.916,158.934,2026.05.26 07:25,1,2026.05.26 07:30,158.942,158.934"
2488,JUNE0525-B162,1617DC1ACCE6B50ED2D1359582A70A8B8503C569623EE90C18C6B33542796207,Tester/logs/20261011.log,975184,2026-06-03,18:15,B152PR,"IM	0	00:08:52.229	Core 04	2026.06.03 18:15:10   [SRJ-IND] B152PR sym=USDJPY bar=2026.06.03 18:10 z1=2509,B,159.134,159.195,2026.05.29 19:10,1,2026.05.29 19:35,159.215,159.186"
2489,JUNE0525-B162,1617DC1ACCE6B50ED2D1359582A70A8B8503C569623EE90C18C6B33542796207,Tester/logs/20261011.log,975185,2026-06-03,18:15,B152PR,"HS	0	00:08:52.229	Core 04	2026.06.03 18:15:10   [SRJ-IND] B152PR sym=USDJPY bar=2026.06.03 18:10 z1=2566,B,159.382,159.407,2026.06.01 03:15,1,2026.06.03 11:30,159.790,159.368"
2490,JUNE0525-B162,1617DC1ACCE6B50ED2D1359582A70A8B8503C569623EE90C18C6B33542796207,Tester/logs/20261011.log,975186,2026-06-03,18:15,B152PR,"RI	0	00:08:52.229	Core 04	2026.06.03 18:15:10   [SRJ-IND] B152PR sym=USDJPY bar=2026.06.03 18:10 z1=2648,B,159.435,159.481,2026.06.01 16:00,1,2026.06.03 11:30,159.790,159.368"
2491,JUNE0525-B162,1617DC1ACCE6B50ED2D1359582A70A8B8503C569623EE90C18C6B33542796207,Tester/logs/20261011.log,975187,2026-06-03,18:15,B152PR,"EO	0	00:08:52.229	Core 04	2026.06.03 18:15:10   [SRJ-IND] B152PR sym=USDJPY bar=2026.06.03 18:10 z1=2716,B,159.576,159.603,2026.06.02 03:10,1,2026.06.03 10:35,159.787,159.550"
2492,JUNE0525-B162,1617DC1ACCE6B50ED2D1359582A70A8B8503C569623EE90C18C6B33542796207,Tester/logs/20261011.log,975188,2026-06-03,18:15,B152PR,"KE	0	00:08:52.229	Core 04	2026.06.03 18:15:10   [SRJ-IND] B152PR sym=USDJPY bar=2026.06.03 18:10 z1=2720,B,159.586,159.605,2026.06.02 01:05,1,2026.06.03 10:35,159.787,159.550"
2493,JUNE0525-B162,1617DC1ACCE6B50ED2D1359582A70A8B8503C569623EE90C18C6B33542796207,Tester/logs/20261011.log,975189,2026-06-03,18:15,B152PR,"OK	0	00:08:52.229	Core 04	2026.06.03 18:15:10   [SRJ-IND] B152PR sym=USDJPY bar=2026.06.03 18:10 z1=2945,B,159.579,159.675,2026.06.03 11:15,1,2026.06.03 11:25,159.727,159.674"
2494,JUNE0525-B162,1617DC1ACCE6B50ED2D1359582A70A8B8503C569623EE90C18C6B33542796207,Tester/logs/20261011.log,975190,2026-06-03,18:15,B152PR,"CQ	0	00:08:52.229	Core 04	2026.06.03 18:15:10   [SRJ-IND] B152PR sym=USDJPY bar=2026.06.03 18:10 z1=2979,B,159.861,159.913,2026.06.03 16:00,1,2026.06.03 16:05,159.919,159.899"
2495,JUNE0525-B162,1617DC1ACCE6B50ED2D1359582A70A8B8503C569623EE90C18C6B33542796207,Tester/logs/20261011.log,975191,2026-06-03,18:15,B152PR,"HE	0	00:08:52.229	Core 04	2026.06.03 18:15:10   [SRJ-IND] B152PR sym=USDJPY bar=2026.06.03 18:10 bull=1 bear=0 nz=24"
2496,JUNE0525-B162,1617DC1ACCE6B50ED2D1359582A70A8B8503C569623EE90C18C6B33542796207,Tester/logs/20261011.log,975192,2026-06-03,18:15,B162ORIGIN,"HJ	0	00:08:52.229	Core 04	2026.06.03 18:15:10   [SRJ-IND] B162ORIGIN sym=USDJPY bar=2026.06.03 18:10 side=B n=24 origin=2979 range=159.861-159.913 formT=2026.06.03 15:40 set=65,78,212,256,261,313,414,447,449,460,696,714,724,1405,1779,1780,1949,2509,2566,2648,2716,2720,2945,2979"
2497,JUNE0525-B162,1617DC1ACCE6B50ED2D1359582A70A8B8503C569623EE90C18C6B33542796207,Tester/logs/20261011.log,975193,2026-06-03,18:15,B162ORIGIN,"NE	0	00:08:52.229	Core 04	2026.06.03 18:15:10   [SRJ-IND] B162ORIGIN sym=USDJPY bar=2026.06.03 18:10 side=S n=0 origin=NONE range=- formT=- set=-"
2498,JUNE0525-B162,1617DC1ACCE6B50ED2D1359582A70A8B8503C569623EE90C18C6B33542796207,Tester/logs/20261011.log,975201,2026-06-03,18:20,B152PR,"FJ	0	00:08:52.229	Core 04	2026.06.03 18:20:01   [SRJ-IND] B152PR sym=USDJPY bar=2026.06.03 18:15 z1=65,B,156.672,156.773,2026.05.11 04:10,1,2026.05.12 08:55,157.714,156.726"
2499,JUNE0525-B162,1617DC1ACCE6B50ED2D1359582A70A8B8503C569623EE90C18C6B33542796207,Tester/logs/20261011.log,975202,2026-06-03,18:20,B152PR,"NP	0	00:08:52.229	Core 04	2026.06.03 18:20:01   [SRJ-IND] B152PR sym=USDJPY bar=2026.06.03 18:15 z1=78,B,156.578,156.584,2026.05.11 00:35,1,2026.05.11 00:40,156.644,156.537"
2500,JUNE0525-B162,1617DC1ACCE6B50ED2D1359582A70A8B8503C569623EE90C18C6B33542796207,Tester/logs/20261011.log,975203,2026-06-03,18:20,B152PR,"DE	0	00:08:52.229	Core 04	2026.06.03 18:20:01   [SRJ-IND] B152PR sym=USDJPY bar=2026.06.03 18:15 z1=212,B,157.028,157.060,2026.05.11 19:20,1,2026.05.12 00:00,157.152,157.050"
2501,JUNE0525-B162,1617DC1ACCE6B50ED2D1359582A70A8B8503C569623EE90C18C6B33542796207,Tester/logs/20261011.log,975204,2026-06-03,18:20,B152PR,"DO	0	00:08:52.229	Core 04	2026.06.03 18:20:01   [SRJ-IND] B152PR sym=USDJPY bar=2026.06.03 18:15 z1=256,B,157.172,157.178,2026.05.12 01:25,1,2026.05.12 08:55,157.714,156.726"
2502,JUNE0525-B162,1617DC1ACCE6B50ED2D1359582A70A8B8503C569623EE90C18C6B33542796207,Tester/logs/20261011.log,975205,2026-06-03,18:20,B152PR,"FP	0	00:08:52.229	Core 04	2026.06.03 18:20:01   [SRJ-IND] B152PR sym=USDJPY bar=2026.06.03 18:15 z1=261,B,157.184,157.192,2026.05.12 03:00,1,2026.05.12 08:55,157.714,156.726"
2503,JUNE0525-B162,1617DC1ACCE6B50ED2D1359582A70A8B8503C569623EE90C18C6B33542796207,Tester/logs/20261011.log,975206,2026-06-03,18:20,B152PR,"RJ	0	00:08:52.229	Core 04	2026.06.03 18:20:01   [SRJ-IND] B152PR sym=USDJPY bar=2026.06.03 18:15 z1=313,B,157.331,157.497,2026.05.12 10:00,1,2026.05.12 10:10,157.546,157.487"
2504,JUNE0525-B162,1617DC1ACCE6B50ED2D1359582A70A8B8503C569623EE90C18C6B33542796207,Tester/logs/20261011.log,975207,2026-06-03,18:20,B152PR,"CL	0	00:08:52.229	Core 04	2026.06.03 18:20:01   [SRJ-IND] B152PR sym=USDJPY bar=2026.06.03 18:15 z1=414,B,157.517,157.589,2026.05.13 01:10,1,2026.05.13 01:20,157.607,157.587"
2505,JUNE0525-B162,1617DC1ACCE6B50ED2D1359582A70A8B8503C569623EE90C18C6B33542796207,Tester/logs/20261011.log,975208,2026-06-03,18:20,B152PR,"PF	0	00:08:52.229	Core 04	2026.06.03 18:20:01   [SRJ-IND] B152PR sym=USDJPY bar=2026.06.03 18:15 z1=447,B,157.562,157.648,2026.05.13 06:20,1,2026.05.13 06:25,157.662,157.648"
2506,JUNE0525-B162,1617DC1ACCE6B50ED2D1359582A70A8B8503C569623EE90C18C6B33542796207,Tester/logs/20261011.log,975209,2026-06-03,18:20,B152PR,"GH	0	00:08:52.229	Core 04	2026.06.03 18:20:01   [SRJ-IND] B152PR sym=USDJPY bar=2026.06.03 18:15 z1=449,B,157.599,157.654,2026.05.13 05:15,1,2026.05.13 05:45,157.687,157.652"
2507,JUNE0525-B162,1617DC1ACCE6B50ED2D1359582A70A8B8503C569623EE90C18C6B33542796207,Tester/logs/20261011.log,975210,2026-06-03,18:20,B152PR,"RR	0	00:08:52.229	Core 04	2026.06.03 18:20:01   [SRJ-IND] B152PR sym=USDJPY bar=2026.06.03 18:15 z1=460,B,157.645,157.660,2026.05.13 07:05,1,2026.05.14 00:25,157.812,157.650"
2508,JUNE0525-B162,1617DC1ACCE6B50ED2D1359582A70A8B8503C569623EE90C18C6B33542796207,Tester/logs/20261011.log,975211,2026-06-03,18:20,B152PR,"RD	0	00:08:52.229	Core 04	2026.06.03 18:20:01   [SRJ-IND] B152PR sym=USDJPY bar=2026.06.03 18:15 z1=696,B,157.568,158.167,2026.05.14 18:05,1,2026.05.14 18:10,158.191,158.119"
2509,JUNE0525-B162,1617DC1ACCE6B50ED2D1359582A70A8B8503C569623EE90C18C6B33542796207,Tester/logs/20261011.log,975212,2026-06-03,18:20,B152PR,"JN	0	00:08:52.229	Core 04	2026.06.03 18:20:01   [SRJ-IND] B152PR sym=USDJPY bar=2026.06.03 18:15 z1=714,B,158.107,158.142,2026.05.14 19:30,1,2026.05.14 20:00,158.169,158.142"
2510,JUNE0525-B162,1617DC1ACCE6B50ED2D1359582A70A8B8503C569623EE90C18C6B33542796207,Tester/logs/20261011.log,975213,2026-06-03,18:20,B152PR,"OS	0	00:08:52.229	Core 04	2026.06.03 18:20:01   [SRJ-IND] B152PR sym=USDJPY bar=2026.06.03 18:15 z1=724,B,158.168,158.186,2026.05.14 21:00,1,2026.05.14 21:05,158.191,158.182"
2511,JUNE0525-B162,1617DC1ACCE6B50ED2D1359582A70A8B8503C569623EE90C18C6B33542796207,Tester/logs/20261011.log,975214,2026-06-03,18:20,B152PR,"MF	0	00:08:52.229	Core 04	2026.06.03 18:20:01   [SRJ-IND] B152PR sym=USDJPY bar=2026.06.03 18:15 z1=1405,B,158.735,158.769,2026.05.20 19:00,1,2026.05.20 19:05,158.816,158.753"
2512,JUNE0525-B162,1617DC1ACCE6B50ED2D1359582A70A8B8503C569623EE90C18C6B33542796207,Tester/logs/20261011.log,975215,2026-06-03,18:20,B152PR,"GL	0	00:08:52.229	Core 04	2026.06.03 18:20:01   [SRJ-IND] B152PR sym=USDJPY bar=2026.06.03 18:15 z1=1779,B,158.756,158.800,2026.05.25 06:45,1,2026.05.26 00:00,158.887,158.784"
2513,JUNE0525-B162,1617DC1ACCE6B50ED2D1359582A70A8B8503C569623EE90C18C6B33542796207,Tester/logs/20261011.log,975216,2026-06-03,18:20,B152PR,"FR	0	00:08:52.229	Core 04	2026.06.03 18:20:01   [SRJ-IND] B152PR sym=USDJPY bar=2026.06.03 18:15 z1=1780,B,158.789,158.814,2026.05.25 04:50,1,2026.05.26 00:00,158.887,158.784"
2514,JUNE0525-B162,1617DC1ACCE6B50ED2D1359582A70A8B8503C569623EE90C18C6B33542796207,Tester/logs/20261011.log,975217,2026-06-03,18:20,B152PR,"KH	0	00:08:52.229	Core 04	2026.06.03 18:20:01   [SRJ-IND] B152PR sym=USDJPY bar=2026.06.03 18:15 z1=1949,B,158.916,158.934,2026.05.26 07:25,1,2026.05.26 07:30,158.942,158.934"
2515,JUNE0525-B162,1617DC1ACCE6B50ED2D1359582A70A8B8503C569623EE90C18C6B33542796207,Tester/logs/20261011.log,975218,2026-06-03,18:20,B152PR,"FN	0	00:08:52.229	Core 04	2026.06.03 18:20:01   [SRJ-IND] B152PR sym=USDJPY bar=2026.06.03 18:15 z1=2509,B,159.134,159.195,2026.05.29 19:10,1,2026.05.29 19:35,159.215,159.186"
2516,JUNE0525-B162,1617DC1ACCE6B50ED2D1359582A70A8B8503C569623EE90C18C6B33542796207,Tester/logs/20261011.log,975219,2026-06-03,18:20,B152PR,"CD	0	00:08:52.229	Core 04	2026.06.03 18:20:01   [SRJ-IND] B152PR sym=USDJPY bar=2026.06.03 18:15 z1=2566,B,159.382,159.407,2026.06.01 03:15,1,2026.06.03 11:30,159.790,159.368"
2517,JUNE0525-B162,1617DC1ACCE6B50ED2D1359582A70A8B8503C569623EE90C18C6B33542796207,Tester/logs/20261011.log,975220,2026-06-03,18:20,B152PR,"MJ	0	00:08:52.229	Core 04	2026.06.03 18:20:01   [SRJ-IND] B152PR sym=USDJPY bar=2026.06.03 18:15 z1=2648,B,159.435,159.481,2026.06.01 16:00,1,2026.06.03 11:30,159.790,159.368"
2518,JUNE0525-B162,1617DC1ACCE6B50ED2D1359582A70A8B8503C569623EE90C18C6B33542796207,Tester/logs/20261011.log,975221,2026-06-03,18:20,B152PR,"JP	0	00:08:52.229	Core 04	2026.06.03 18:20:01   [SRJ-IND] B152PR sym=USDJPY bar=2026.06.03 18:15 z1=2716,B,159.576,159.603,2026.06.02 03:10,1,2026.06.03 10:35,159.787,159.550"
2519,JUNE0525-B162,1617DC1ACCE6B50ED2D1359582A70A8B8503C569623EE90C18C6B33542796207,Tester/logs/20261011.log,975222,2026-06-03,18:20,B152PR,"PF	0	00:08:52.229	Core 04	2026.06.03 18:20:01   [SRJ-IND] B152PR sym=USDJPY bar=2026.06.03 18:15 z1=2720,B,159.586,159.605,2026.06.02 01:05,1,2026.06.03 10:35,159.787,159.550"
2520,JUNE0525-B162,1617DC1ACCE6B50ED2D1359582A70A8B8503C569623EE90C18C6B33542796207,Tester/logs/20261011.log,975223,2026-06-03,18:20,B152PR,"LL	0	00:08:52.229	Core 04	2026.06.03 18:20:01   [SRJ-IND] B152PR sym=USDJPY bar=2026.06.03 18:15 z1=2945,B,159.579,159.675,2026.06.03 11:15,1,2026.06.03 11:25,159.727,159.674"
2521,JUNE0525-B162,1617DC1ACCE6B50ED2D1359582A70A8B8503C569623EE90C18C6B33542796207,Tester/logs/20261011.log,975224,2026-06-03,18:20,B152PR,"HR	0	00:08:52.229	Core 04	2026.06.03 18:20:01   [SRJ-IND] B152PR sym=USDJPY bar=2026.06.03 18:15 z1=2979,B,159.861,159.913,2026.06.03 16:00,1,2026.06.03 16:05,159.919,159.899"
2522,JUNE0525-B162,1617DC1ACCE6B50ED2D1359582A70A8B8503C569623EE90C18C6B33542796207,Tester/logs/20261011.log,975225,2026-06-03,18:20,B152PR,"CJ	0	00:08:52.229	Core 04	2026.06.03 18:20:01   [SRJ-IND] B152PR sym=USDJPY bar=2026.06.03 18:15 bull=1 bear=0 nz=24"
2523,JUNE0525-B162,1617DC1ACCE6B50ED2D1359582A70A8B8503C569623EE90C18C6B33542796207,Tester/logs/20261011.log,975226,2026-06-03,18:20,B162ORIGIN,"KG	0	00:08:52.229	Core 04	2026.06.03 18:20:01   [SRJ-IND] B162ORIGIN sym=USDJPY bar=2026.06.03 18:15 side=B n=24 origin=2979 range=159.861-159.913 formT=2026.06.03 15:40 set=65,78,212,256,261,313,414,447,449,460,696,714,724,1405,1779,1780,1949,2509,2566,2648,2716,2720,2945,2979"
2524,JUNE0525-B162,1617DC1ACCE6B50ED2D1359582A70A8B8503C569623EE90C18C6B33542796207,Tester/logs/20261011.log,975227,2026-06-03,18:20,B162ORIGIN,"IF	0	00:08:52.229	Core 04	2026.06.03 18:20:01   [SRJ-IND] B162ORIGIN sym=USDJPY bar=2026.06.03 18:15 side=S n=0 origin=NONE range=- formT=- set=-"
2525,JUNE0525-B162,1617DC1ACCE6B50ED2D1359582A70A8B8503C569623EE90C18C6B33542796207,Tester/logs/20261011.log,975234,2026-06-03,18:25,B152PR,"FO	0	00:08:52.229	Core 04	2026.06.03 18:25:00   [SRJ-IND] B152PR sym=USDJPY bar=2026.06.03 18:20 z1=65,B,156.672,156.773,2026.05.11 04:10,1,2026.05.12 08:55,157.714,156.726"
2526,JUNE0525-B162,1617DC1ACCE6B50ED2D1359582A70A8B8503C569623EE90C18C6B33542796207,Tester/logs/20261011.log,975235,2026-06-03,18:25,B152PR,"NE	0	00:08:52.229	Core 04	2026.06.03 18:25:00   [SRJ-IND] B152PR sym=USDJPY bar=2026.06.03 18:20 z1=78,B,156.578,156.584,2026.05.11 00:35,1,2026.05.11 00:40,156.644,156.537"
2527,JUNE0525-B162,1617DC1ACCE6B50ED2D1359582A70A8B8503C569623EE90C18C6B33542796207,Tester/logs/20261011.log,975236,2026-06-03,18:25,B152PR,"DH	0	00:08:52.229	Core 04	2026.06.03 18:25:00   [SRJ-IND] B152PR sym=USDJPY bar=2026.06.03 18:20 z1=212,B,157.028,157.060,2026.05.11 19:20,1,2026.05.12 00:00,157.152,157.050"
2528,JUNE0525-B162,1617DC1ACCE6B50ED2D1359582A70A8B8503C569623EE90C18C6B33542796207,Tester/logs/20261011.log,975237,2026-06-03,18:25,B152PR,"PM	0	00:08:52.229	Core 04	2026.06.03 18:25:00   [SRJ-IND] B152PR sym=USDJPY bar=2026.06.03 18:20 z1=256,B,157.172,157.178,2026.05.12 01:25,1,2026.05.12 08:55,157.714,156.726"
2529,JUNE0525-B162,1617DC1ACCE6B50ED2D1359582A70A8B8503C569623EE90C18C6B33542796207,Tester/logs/20261011.log,975238,2026-06-03,18:25,B152PR,"FG	0	00:08:52.229	Core 04	2026.06.03 18:25:00   [SRJ-IND] B152PR sym=USDJPY bar=2026.06.03 18:20 z1=261,B,157.184,157.192,2026.05.12 03:00,1,2026.05.12 08:55,157.714,156.726"
2530,JUNE0525-B162,1617DC1ACCE6B50ED2D1359582A70A8B8503C569623EE90C18C6B33542796207,Tester/logs/20261011.log,975239,2026-06-03,18:25,B152PR,"NI	0	00:08:52.229	Core 04	2026.06.03 18:25:00   [SRJ-IND] B152PR sym=USDJPY bar=2026.06.03 18:20 z1=313,B,157.331,157.497,2026.05.12 10:00,1,2026.05.12 10:10,157.546,157.487"
2531,JUNE0525-B162,1617DC1ACCE6B50ED2D1359582A70A8B8503C569623EE90C18C6B33542796207,Tester/logs/20261011.log,975240,2026-06-03,18:25,B152PR,"CS	0	00:08:52.229	Core 04	2026.06.03 18:25:00   [SRJ-IND] B152PR sym=USDJPY bar=2026.06.03 18:20 z1=414,B,157.517,157.589,2026.05.13 01:10,1,2026.05.13 01:20,157.607,157.587"
2532,JUNE0525-B162,1617DC1ACCE6B50ED2D1359582A70A8B8503C569623EE90C18C6B33542796207,Tester/logs/20261011.log,975241,2026-06-03,18:25,B152PR,"DE	0	00:08:52.229	Core 04	2026.06.03 18:25:00   [SRJ-IND] B152PR sym=USDJPY bar=2026.06.03 18:20 z1=447,B,157.562,157.648,2026.05.13 06:20,1,2026.05.13 06:25,157.662,157.648"
2533,JUNE0525-B162,1617DC1ACCE6B50ED2D1359582A70A8B8503C569623EE90C18C6B33542796207,Tester/logs/20261011.log,975242,2026-06-03,18:25,B152PR,"GO	0	00:08:52.229	Core 04	2026.06.03 18:25:00   [SRJ-IND] B152PR sym=USDJPY bar=2026.06.03 18:20 z1=449,B,157.599,157.654,2026.05.13 05:15,1,2026.05.13 05:45,157.687,157.652"
2534,JUNE0525-B162,1617DC1ACCE6B50ED2D1359582A70A8B8503C569623EE90C18C6B33542796207,Tester/logs/20261011.log,975243,2026-06-03,18:25,B152PR,"NQ	0	00:08:52.229	Core 04	2026.06.03 18:25:00   [SRJ-IND] B152PR sym=USDJPY bar=2026.06.03 18:20 z1=460,B,157.645,157.660,2026.05.13 07:05,1,2026.05.14 00:25,157.812,157.650"
2535,JUNE0525-B162,1617DC1ACCE6B50ED2D1359582A70A8B8503C569623EE90C18C6B33542796207,Tester/logs/20261011.log,975244,2026-06-03,18:25,B152PR,"RK	0	00:08:52.229	Core 04	2026.06.03 18:25:00   [SRJ-IND] B152PR sym=USDJPY bar=2026.06.03 18:20 z1=696,B,157.568,158.167,2026.05.14 18:05,1,2026.05.14 18:10,158.191,158.119"
2536,JUNE0525-B162,1617DC1ACCE6B50ED2D1359582A70A8B8503C569623EE90C18C6B33542796207,Tester/logs/20261011.log,975245,2026-06-03,18:25,B152PR,"NL	0	00:08:52.229	Core 04	2026.06.03 18:25:00   [SRJ-IND] B152PR sym=USDJPY bar=2026.06.03 18:20 z1=714,B,158.107,158.142,2026.05.14 19:30,1,2026.05.14 20:00,158.169,158.142"
2537,JUNE0525-B162,1617DC1ACCE6B50ED2D1359582A70A8B8503C569623EE90C18C6B33542796207,Tester/logs/20261011.log,975246,2026-06-03,18:25,B152PR,"OF	0	00:08:52.229	Core 04	2026.06.03 18:25:00   [SRJ-IND] B152PR sym=USDJPY bar=2026.06.03 18:20 z1=724,B,158.168,158.186,2026.05.14 21:00,1,2026.05.14 21:05,158.191,158.182"
2538,JUNE0525-B162,1617DC1ACCE6B50ED2D1359582A70A8B8503C569623EE90C18C6B33542796207,Tester/logs/20261011.log,975247,2026-06-03,18:25,B152PR,"QK	0	00:08:52.229	Core 04	2026.06.03 18:25:00   [SRJ-IND] B152PR sym=USDJPY bar=2026.06.03 18:20 z1=1405,B,158.735,158.769,2026.05.20 19:00,1,2026.05.20 19:05,158.816,158.753"
2539,JUNE0525-B162,1617DC1ACCE6B50ED2D1359582A70A8B8503C569623EE90C18C6B33542796207,Tester/logs/20261011.log,975248,2026-06-03,18:25,B152PR,"CQ	0	00:08:52.229	Core 04	2026.06.03 18:25:00   [SRJ-IND] B152PR sym=USDJPY bar=2026.06.03 18:20 z1=1779,B,158.756,158.800,2026.05.25 06:45,1,2026.05.26 00:00,158.887,158.784"
2540,JUNE0525-B162,1617DC1ACCE6B50ED2D1359582A70A8B8503C569623EE90C18C6B33542796207,Tester/logs/20261011.log,975249,2026-06-03,18:25,B152PR,"JG	0	00:08:52.229	Core 04	2026.06.03 18:25:00   [SRJ-IND] B152PR sym=USDJPY bar=2026.06.03 18:20 z1=1780,B,158.789,158.814,2026.05.25 04:50,1,2026.05.26 00:00,158.887,158.784"
2541,JUNE0525-B162,1617DC1ACCE6B50ED2D1359582A70A8B8503C569623EE90C18C6B33542796207,Tester/logs/20261011.log,975250,2026-06-03,18:25,B152PR,"OM	0	00:08:52.229	Core 04	2026.06.03 18:25:00   [SRJ-IND] B152PR sym=USDJPY bar=2026.06.03 18:20 z1=1949,B,158.916,158.934,2026.05.26 07:25,1,2026.05.26 07:30,158.942,158.934"
2542,JUNE0525-B162,1617DC1ACCE6B50ED2D1359582A70A8B8503C569623EE90C18C6B33542796207,Tester/logs/20261011.log,975251,2026-06-03,18:25,B152PR,"JS	0	00:08:52.229	Core 04	2026.06.03 18:25:00   [SRJ-IND] B152PR sym=USDJPY bar=2026.06.03 18:20 z1=2509,B,159.134,159.195,2026.05.29 19:10,1,2026.05.29 19:35,159.215,159.186"
2543,JUNE0525-B162,1617DC1ACCE6B50ED2D1359582A70A8B8503C569623EE90C18C6B33542796207,Tester/logs/20261011.log,975252,2026-06-03,18:25,B152PR,"GI	0	00:08:52.229	Core 04	2026.06.03 18:25:00   [SRJ-IND] B152PR sym=USDJPY bar=2026.06.03 18:20 z1=2566,B,159.382,159.407,2026.06.01 03:15,1,2026.06.03 11:30,159.790,159.368"
2544,JUNE0525-B162,1617DC1ACCE6B50ED2D1359582A70A8B8503C569623EE90C18C6B33542796207,Tester/logs/20261011.log,975253,2026-06-03,18:25,B152PR,"QO	0	00:08:52.229	Core 04	2026.06.03 18:25:00   [SRJ-IND] B152PR sym=USDJPY bar=2026.06.03 18:20 z1=2648,B,159.435,159.481,2026.06.01 16:00,1,2026.06.03 11:30,159.790,159.368"
2545,JUNE0525-B162,1617DC1ACCE6B50ED2D1359582A70A8B8503C569623EE90C18C6B33542796207,Tester/logs/20261011.log,975254,2026-06-03,18:25,B152PR,"FE	0	00:08:52.229	Core 04	2026.06.03 18:25:00   [SRJ-IND] B152PR sym=USDJPY bar=2026.06.03 18:20 z1=2716,B,159.576,159.603,2026.06.02 03:10,1,2026.06.03 10:35,159.787,159.550"
2546,JUNE0525-B162,1617DC1ACCE6B50ED2D1359582A70A8B8503C569623EE90C18C6B33542796207,Tester/logs/20261011.log,975255,2026-06-03,18:25,B152PR,"LK	0	00:08:52.229	Core 04	2026.06.03 18:25:00   [SRJ-IND] B152PR sym=USDJPY bar=2026.06.03 18:20 z1=2720,B,159.586,159.605,2026.06.02 01:05,1,2026.06.03 10:35,159.787,159.550"
2547,JUNE0525-B162,1617DC1ACCE6B50ED2D1359582A70A8B8503C569623EE90C18C6B33542796207,Tester/logs/20261011.log,975256,2026-06-03,18:25,B152PR,"PQ	0	00:08:52.229	Core 04	2026.06.03 18:25:00   [SRJ-IND] B152PR sym=USDJPY bar=2026.06.03 18:20 z1=2945,B,159.579,159.675,2026.06.03 11:15,1,2026.06.03 11:25,159.727,159.674"
2548,JUNE0525-B162,1617DC1ACCE6B50ED2D1359582A70A8B8503C569623EE90C18C6B33542796207,Tester/logs/20261011.log,975257,2026-06-03,18:25,B152PR,"DG	0	00:08:52.229	Core 04	2026.06.03 18:25:00   [SRJ-IND] B152PR sym=USDJPY bar=2026.06.03 18:20 z1=2979,B,159.861,159.913,2026.06.03 16:00,1,2026.06.03 16:05,159.919,159.899"
2549,JUNE0525-B162,1617DC1ACCE6B50ED2D1359582A70A8B8503C569623EE90C18C6B33542796207,Tester/logs/20261011.log,975258,2026-06-03,18:25,B152PR,"GO	0	00:08:52.229	Core 04	2026.06.03 18:25:00   [SRJ-IND] B152PR sym=USDJPY bar=2026.06.03 18:20 bull=1 bear=0 nz=24"
2550,JUNE0525-B162,1617DC1ACCE6B50ED2D1359582A70A8B8503C569623EE90C18C6B33542796207,Tester/logs/20261011.log,975259,2026-06-03,18:25,B162ORIGIN,"GD	0	00:08:52.229	Core 04	2026.06.03 18:25:00   [SRJ-IND] B162ORIGIN sym=USDJPY bar=2026.06.03 18:20 side=B n=24 origin=2979 range=159.861-159.913 formT=2026.06.03 15:40 set=65,78,212,256,261,313,414,447,449,460,696,714,724,1405,1779,1780,1949,2509,2566,2648,2716,2720,2945,2979"
2551,JUNE0525-B162,1617DC1ACCE6B50ED2D1359582A70A8B8503C569623EE90C18C6B33542796207,Tester/logs/20261011.log,975260,2026-06-03,18:25,B162ORIGIN,"MS	0	00:08:52.229	Core 04	2026.06.03 18:25:00   [SRJ-IND] B162ORIGIN sym=USDJPY bar=2026.06.03 18:20 side=S n=0 origin=NONE range=- formT=- set=-"
2552,JUNE0525-B162,1617DC1ACCE6B50ED2D1359582A70A8B8503C569623EE90C18C6B33542796207,Tester/logs/20261011.log,975264,2026-06-03,18:25,CQDRECHECK,"MP	0	00:08:52.229	Core 04	2026.06.03 18:25:00   [SRJ-EA] CQDRECHECK shift=2 passA=2.0 passB=2.0 diff=0 bar=2026.06.03 18:15 state=IDLE dir=NONE divLatch=0 hit1=0 hit2=536 mism=0"
2553,JUNE0525-B162,1617DC1ACCE6B50ED2D1359582A70A8B8503C569623EE90C18C6B33542796207,Tester/logs/20261011.log,975269,2026-06-03,18:30,B152PR,"CF	0	00:08:52.229	Core 04	2026.06.03 18:30:00   [SRJ-IND] B152PR sym=USDJPY bar=2026.06.03 18:25 z1=65,B,156.672,156.773,2026.05.11 04:10,1,2026.05.12 08:55,157.714,156.726"
2554,JUNE0525-B162,1617DC1ACCE6B50ED2D1359582A70A8B8503C569623EE90C18C6B33542796207,Tester/logs/20261011.log,975270,2026-06-03,18:30,B152PR,"KL	0	00:08:52.229	Core 04	2026.06.03 18:30:00   [SRJ-IND] B152PR sym=USDJPY bar=2026.06.03 18:25 z1=78,B,156.578,156.584,2026.05.11 00:35,1,2026.05.11 00:40,156.644,156.537"
2555,JUNE0525-B162,1617DC1ACCE6B50ED2D1359582A70A8B8503C569623EE90C18C6B33542796207,Tester/logs/20261011.log,975271,2026-06-03,18:30,B152PR,"EQ	0	00:08:52.229	Core 04	2026.06.03 18:30:00   [SRJ-IND] B152PR sym=USDJPY bar=2026.06.03 18:25 z1=212,B,157.028,157.060,2026.05.11 19:20,1,2026.05.12 00:00,157.152,157.050"
2556,JUNE0525-B162,1617DC1ACCE6B50ED2D1359582A70A8B8503C569623EE90C18C6B33542796207,Tester/logs/20261011.log,975272,2026-06-03,18:30,B152PR,"EK	0	00:08:52.229	Core 04	2026.06.03 18:30:00   [SRJ-IND] B152PR sym=USDJPY bar=2026.06.03 18:25 z1=256,B,157.172,157.178,2026.05.12 01:25,1,2026.05.12 08:55,157.714,156.726"
2557,JUNE0525-B162,1617DC1ACCE6B50ED2D1359582A70A8B8503C569623EE90C18C6B33542796207,Tester/logs/20261011.log,975273,2026-06-03,18:30,B152PR,"CL	0	00:08:52.229	Core 04	2026.06.03 18:30:00   [SRJ-IND] B152PR sym=USDJPY bar=2026.06.03 18:25 z1=261,B,157.184,157.192,2026.05.12 03:00,1,2026.05.12 08:55,157.714,156.726"
2558,JUNE0525-B162,1617DC1ACCE6B50ED2D1359582A70A8B8503C569623EE90C18C6B33542796207,Tester/logs/20261011.log,975274,2026-06-03,18:30,B152PR,"OF	0	00:08:52.229	Core 04	2026.06.03 18:30:00   [SRJ-IND] B152PR sym=USDJPY bar=2026.06.03 18:25 z1=313,B,157.331,157.497,2026.05.12 10:00,1,2026.05.12 10:10,157.546,157.487"
2559,JUNE0525-B162,1617DC1ACCE6B50ED2D1359582A70A8B8503C569623EE90C18C6B33542796207,Tester/logs/20261011.log,975275,2026-06-03,18:30,B152PR,"FH	0	00:08:52.229	Core 04	2026.06.03 18:30:00   [SRJ-IND] B152PR sym=USDJPY bar=2026.06.03 18:25 z1=414,B,157.517,157.589,2026.05.13 01:10,1,2026.05.13 01:20,157.607,157.587"
2560,JUNE0525-B162,1617DC1ACCE6B50ED2D1359582A70A8B8503C569623EE90C18C6B33542796207,Tester/logs/20261011.log,975276,2026-06-03,18:30,B152PR,"QR	0	00:08:52.229	Core 04	2026.06.03 18:30:00   [SRJ-IND] B152PR sym=USDJPY bar=2026.06.03 18:25 z1=447,B,157.562,157.648,2026.05.13 06:20,1,2026.05.13 06:25,157.662,157.648"
2561,JUNE0525-B162,1617DC1ACCE6B50ED2D1359582A70A8B8503C569623EE90C18C6B33542796207,Tester/logs/20261011.log,975277,2026-06-03,18:30,B152PR,"JD	0	00:08:52.229	Core 04	2026.06.03 18:30:00   [SRJ-IND] B152PR sym=USDJPY bar=2026.06.03 18:25 z1=449,B,157.599,157.654,2026.05.13 05:15,1,2026.05.13 05:45,157.687,157.652"
2562,JUNE0525-B162,1617DC1ACCE6B50ED2D1359582A70A8B8503C569623EE90C18C6B33542796207,Tester/logs/20261011.log,975278,2026-06-03,18:30,B152PR,"ON	0	00:08:52.229	Core 04	2026.06.03 18:30:00   [SRJ-IND] B152PR sym=USDJPY bar=2026.06.03 18:25 z1=460,B,157.645,157.660,2026.05.13 07:05,1,2026.05.14 00:25,157.812,157.650"
2563,JUNE0525-B162,1617DC1ACCE6B50ED2D1359582A70A8B8503C569623EE90C18C6B33542796207,Tester/logs/20261011.log,975279,2026-06-03,18:30,B152PR,"OP	0	00:08:52.229	Core 04	2026.06.03 18:30:00   [SRJ-IND] B152PR sym=USDJPY bar=2026.06.03 18:25 z1=696,B,157.568,158.167,2026.05.14 18:05,1,2026.05.14 18:10,158.191,158.119"
2564,JUNE0525-B162,1617DC1ACCE6B50ED2D1359582A70A8B8503C569623EE90C18C6B33542796207,Tester/logs/20261011.log,975280,2026-06-03,18:30,B152PR,"GJ	0	00:08:52.229	Core 04	2026.06.03 18:30:00   [SRJ-IND] B152PR sym=USDJPY bar=2026.06.03 18:25 z1=714,B,158.107,158.142,2026.05.14 19:30,1,2026.05.14 20:00,158.169,158.142"
2565,JUNE0525-B162,1617DC1ACCE6B50ED2D1359582A70A8B8503C569623EE90C18C6B33542796207,Tester/logs/20261011.log,975281,2026-06-03,18:30,B152PR,"RO	0	00:08:52.229	Core 04	2026.06.03 18:30:00   [SRJ-IND] B152PR sym=USDJPY bar=2026.06.03 18:25 z1=724,B,158.168,158.186,2026.05.14 21:00,1,2026.05.14 21:05,158.191,158.182"
2566,JUNE0525-B162,1617DC1ACCE6B50ED2D1359582A70A8B8503C569623EE90C18C6B33542796207,Tester/logs/20261011.log,975282,2026-06-03,18:30,B152PR,"LR	0	00:08:52.229	Core 04	2026.06.03 18:30:00   [SRJ-IND] B152PR sym=USDJPY bar=2026.06.03 18:25 z1=1405,B,158.735,158.769,2026.05.20 19:00,1,2026.05.20 19:05,158.816,158.753"
2567,JUNE0525-B162,1617DC1ACCE6B50ED2D1359582A70A8B8503C569623EE90C18C6B33542796207,Tester/logs/20261011.log,975283,2026-06-03,18:30,B152PR,"JH	0	00:08:52.229	Core 04	2026.06.03 18:30:00   [SRJ-IND] B152PR sym=USDJPY bar=2026.06.03 18:25 z1=1779,B,158.756,158.800,2026.05.25 06:45,1,2026.05.26 00:00,158.887,158.784"
2568,JUNE0525-B162,1617DC1ACCE6B50ED2D1359582A70A8B8503C569623EE90C18C6B33542796207,Tester/logs/20261011.log,975284,2026-06-03,18:30,B152PR,"CN	0	00:08:52.229	Core 04	2026.06.03 18:30:00   [SRJ-IND] B152PR sym=USDJPY bar=2026.06.03 18:25 z1=1780,B,158.789,158.814,2026.05.25 04:50,1,2026.05.26 00:00,158.887,158.784"
2569,JUNE0525-B162,1617DC1ACCE6B50ED2D1359582A70A8B8503C569623EE90C18C6B33542796207,Tester/logs/20261011.log,975285,2026-06-03,18:30,B152PR,"ND	0	00:08:52.229	Core 04	2026.06.03 18:30:00   [SRJ-IND] B152PR sym=USDJPY bar=2026.06.03 18:25 z1=1949,B,158.916,158.934,2026.05.26 07:25,1,2026.05.26 07:30,158.942,158.934"
2570,JUNE0525-B162,1617DC1ACCE6B50ED2D1359582A70A8B8503C569623EE90C18C6B33542796207,Tester/logs/20261011.log,975286,2026-06-03,18:30,B152PR,"CJ	0	00:08:52.229	Core 04	2026.06.03 18:30:00   [SRJ-IND] B152PR sym=USDJPY bar=2026.06.03 18:25 z1=2509,B,159.134,159.195,2026.05.29 19:10,1,2026.05.29 19:35,159.215,159.186"
2571,JUNE0525-B162,1617DC1ACCE6B50ED2D1359582A70A8B8503C569623EE90C18C6B33542796207,Tester/logs/20261011.log,975287,2026-06-03,18:30,B152PR,"FP	0	00:08:52.229	Core 04	2026.06.03 18:30:00   [SRJ-IND] B152PR sym=USDJPY bar=2026.06.03 18:25 z1=2566,B,159.382,159.407,2026.06.01 03:15,1,2026.06.03 11:30,159.790,159.368"
2572,JUNE0525-B162,1617DC1ACCE6B50ED2D1359582A70A8B8503C569623EE90C18C6B33542796207,Tester/logs/20261011.log,975288,2026-06-03,18:30,B152PR,"LF	0	00:08:52.229	Core 04	2026.06.03 18:30:00   [SRJ-IND] B152PR sym=USDJPY bar=2026.06.03 18:25 z1=2648,B,159.435,159.481,2026.06.01 16:00,1,2026.06.03 11:30,159.790,159.368"
2573,JUNE0525-B162,1617DC1ACCE6B50ED2D1359582A70A8B8503C569623EE90C18C6B33542796207,Tester/logs/20261011.log,975289,2026-06-03,18:30,B152PR,"GL	0	00:08:52.229	Core 04	2026.06.03 18:30:00   [SRJ-IND] B152PR sym=USDJPY bar=2026.06.03 18:25 z1=2716,B,159.576,159.603,2026.06.02 03:10,1,2026.06.03 10:35,159.787,159.550"
2574,JUNE0525-B162,1617DC1ACCE6B50ED2D1359582A70A8B8503C569623EE90C18C6B33542796207,Tester/logs/20261011.log,975290,2026-06-03,18:30,B152PR,"QR	0	00:08:52.229	Core 04	2026.06.03 18:30:00   [SRJ-IND] B152PR sym=USDJPY bar=2026.06.03 18:25 z1=2720,B,159.586,159.605,2026.06.02 01:05,1,2026.06.03 10:35,159.787,159.550"
2575,JUNE0525-B162,1617DC1ACCE6B50ED2D1359582A70A8B8503C569623EE90C18C6B33542796207,Tester/logs/20261011.log,975291,2026-06-03,18:30,B152PR,"MH	0	00:08:52.229	Core 04	2026.06.03 18:30:00   [SRJ-IND] B152PR sym=USDJPY bar=2026.06.03 18:25 z1=2945,B,159.579,159.675,2026.06.03 11:15,1,2026.06.03 11:25,159.727,159.674"
2576,JUNE0525-B162,1617DC1ACCE6B50ED2D1359582A70A8B8503C569623EE90C18C6B33542796207,Tester/logs/20261011.log,975292,2026-06-03,18:30,B152PR,"IN	0	00:08:52.229	Core 04	2026.06.03 18:30:00   [SRJ-IND] B152PR sym=USDJPY bar=2026.06.03 18:25 z1=2979,B,159.861,159.913,2026.06.03 16:00,1,2026.06.03 16:05,159.919,159.899"
2577,JUNE0525-B162,1617DC1ACCE6B50ED2D1359582A70A8B8503C569623EE90C18C6B33542796207,Tester/logs/20261011.log,975293,2026-06-03,18:30,B152PR,"FF	0	00:08:52.229	Core 04	2026.06.03 18:30:00   [SRJ-IND] B152PR sym=USDJPY bar=2026.06.03 18:25 bull=1 bear=0 nz=24"
2578,JUNE0525-B162,1617DC1ACCE6B50ED2D1359582A70A8B8503C569623EE90C18C6B33542796207,Tester/logs/20261011.log,975294,2026-06-03,18:30,B162ORIGIN,"NK	0	00:08:52.229	Core 04	2026.06.03 18:30:00   [SRJ-IND] B162ORIGIN sym=USDJPY bar=2026.06.03 18:25 side=B n=24 origin=2979 range=159.861-159.913 formT=2026.06.03 15:40 set=65,78,212,256,261,313,414,447,449,460,696,714,724,1405,1779,1780,1949,2509,2566,2648,2716,2720,2945,2979"
2579,JUNE0525-B162,1617DC1ACCE6B50ED2D1359582A70A8B8503C569623EE90C18C6B33542796207,Tester/logs/20261011.log,975295,2026-06-03,18:30,B162ORIGIN,"HJ	0	00:08:52.229	Core 04	2026.06.03 18:30:00   [SRJ-IND] B162ORIGIN sym=USDJPY bar=2026.06.03 18:25 side=S n=0 origin=NONE range=- formT=- set=-"
2580,JUNE0525-B162,1617DC1ACCE6B50ED2D1359582A70A8B8503C569623EE90C18C6B33542796207,Tester/logs/20261011.log,975304,2026-06-03,18:35,B152PR,"JF	0	00:08:52.229	Core 04	2026.06.03 18:35:02   [SRJ-IND] B152PR sym=USDJPY bar=2026.06.03 18:30 z1=65,B,156.672,156.773,2026.05.11 04:10,1,2026.05.12 08:55,157.714,156.726"
2581,JUNE0525-B162,1617DC1ACCE6B50ED2D1359582A70A8B8503C569623EE90C18C6B33542796207,Tester/logs/20261011.log,975305,2026-06-03,18:35,B152PR,"JL	0	00:08:52.229	Core 04	2026.06.03 18:35:02   [SRJ-IND] B152PR sym=USDJPY bar=2026.06.03 18:30 z1=78,B,156.578,156.584,2026.05.11 00:35,1,2026.05.11 00:40,156.644,156.537"
2582,JUNE0525-B162,1617DC1ACCE6B50ED2D1359582A70A8B8503C569623EE90C18C6B33542796207,Tester/logs/20261011.log,975306,2026-06-03,18:35,B152PR,"HQ	0	00:08:52.229	Core 04	2026.06.03 18:35:02   [SRJ-IND] B152PR sym=USDJPY bar=2026.06.03 18:30 z1=212,B,157.028,157.060,2026.05.11 19:20,1,2026.05.12 00:00,157.152,157.050"
2583,JUNE0525-B162,1617DC1ACCE6B50ED2D1359582A70A8B8503C569623EE90C18C6B33542796207,Tester/logs/20261011.log,975307,2026-06-03,18:35,B152PR,"HK	0	00:08:52.229	Core 04	2026.06.03 18:35:02   [SRJ-IND] B152PR sym=USDJPY bar=2026.06.03 18:30 z1=256,B,157.172,157.178,2026.05.12 01:25,1,2026.05.12 08:55,157.714,156.726"
2584,JUNE0525-B162,1617DC1ACCE6B50ED2D1359582A70A8B8503C569623EE90C18C6B33542796207,Tester/logs/20261011.log,975308,2026-06-03,18:35,B152PR,"RM	0	00:08:52.229	Core 04	2026.06.03 18:35:02   [SRJ-IND] B152PR sym=USDJPY bar=2026.06.03 18:30 z1=261,B,157.184,157.192,2026.05.12 03:00,1,2026.05.12 08:55,157.714,156.726"
2585,JUNE0525-B162,1617DC1ACCE6B50ED2D1359582A70A8B8503C569623EE90C18C6B33542796207,Tester/logs/20261011.log,975309,2026-06-03,18:35,B152PR,"FG	0	00:08:52.229	Core 04	2026.06.03 18:35:02   [SRJ-IND] B152PR sym=USDJPY bar=2026.06.03 18:30 z1=313,B,157.331,157.497,2026.05.12 10:00,1,2026.05.12 10:10,157.546,157.487"
2586,JUNE0525-B162,1617DC1ACCE6B50ED2D1359582A70A8B8503C569623EE90C18C6B33542796207,Tester/logs/20261011.log,975310,2026-06-03,18:35,B152PR,"GH	0	00:08:52.229	Core 04	2026.06.03 18:35:02   [SRJ-IND] B152PR sym=USDJPY bar=2026.06.03 18:30 z1=414,B,157.517,157.589,2026.05.13 01:10,1,2026.05.13 01:20,157.607,157.587"
2587,JUNE0525-B162,1617DC1ACCE6B50ED2D1359582A70A8B8503C569623EE90C18C6B33542796207,Tester/logs/20261011.log,975311,2026-06-03,18:35,B152PR,"LR	0	00:08:52.229	Core 04	2026.06.03 18:35:02   [SRJ-IND] B152PR sym=USDJPY bar=2026.06.03 18:30 z1=447,B,157.562,157.648,2026.05.13 06:20,1,2026.05.13 06:25,157.662,157.648"
2588,JUNE0525-B162,1617DC1ACCE6B50ED2D1359582A70A8B8503C569623EE90C18C6B33542796207,Tester/logs/20261011.log,975312,2026-06-03,18:35,B152PR,"KD	0	00:08:52.229	Core 04	2026.06.03 18:35:02   [SRJ-IND] B152PR sym=USDJPY bar=2026.06.03 18:30 z1=449,B,157.599,157.654,2026.05.13 05:15,1,2026.05.13 05:45,157.687,157.652"
2589,JUNE0525-B162,1617DC1ACCE6B50ED2D1359582A70A8B8503C569623EE90C18C6B33542796207,Tester/logs/20261011.log,975313,2026-06-03,18:35,B152PR,"FN	0	00:08:52.229	Core 04	2026.06.03 18:35:02   [SRJ-IND] B152PR sym=USDJPY bar=2026.06.03 18:30 z1=460,B,157.645,157.660,2026.05.13 07:05,1,2026.05.14 00:25,157.812,157.650"
2590,JUNE0525-B162,1617DC1ACCE6B50ED2D1359582A70A8B8503C569623EE90C18C6B33542796207,Tester/logs/20261011.log,975314,2026-06-03,18:35,B152PR,"NP	0	00:08:52.229	Core 04	2026.06.03 18:35:02   [SRJ-IND] B152PR sym=USDJPY bar=2026.06.03 18:30 z1=696,B,157.568,158.167,2026.05.14 18:05,1,2026.05.14 18:10,158.191,158.119"
2591,JUNE0525-B162,1617DC1ACCE6B50ED2D1359582A70A8B8503C569623EE90C18C6B33542796207,Tester/logs/20261011.log,975315,2026-06-03,18:35,B152PR,"FJ	0	00:08:52.229	Core 04	2026.06.03 18:35:02   [SRJ-IND] B152PR sym=USDJPY bar=2026.06.03 18:30 z1=714,B,158.107,158.142,2026.05.14 19:30,1,2026.05.14 20:00,158.169,158.142"
2592,JUNE0525-B162,1617DC1ACCE6B50ED2D1359582A70A8B8503C569623EE90C18C6B33542796207,Tester/logs/20261011.log,975316,2026-06-03,18:35,B152PR,"CL	0	00:08:52.229	Core 04	2026.06.03 18:35:02   [SRJ-IND] B152PR sym=USDJPY bar=2026.06.03 18:30 z1=724,B,158.168,158.186,2026.05.14 21:00,1,2026.05.14 21:05,158.191,158.182"
2593,JUNE0525-B162,1617DC1ACCE6B50ED2D1359582A70A8B8503C569623EE90C18C6B33542796207,Tester/logs/20261011.log,975317,2026-06-03,18:35,B152PR,"IE	0	00:08:52.229	Core 04	2026.06.03 18:35:02   [SRJ-IND] B152PR sym=USDJPY bar=2026.06.03 18:30 z1=1405,B,158.735,158.769,2026.05.20 19:00,1,2026.05.20 19:05,158.816,158.753"
2594,JUNE0525-B162,1617DC1ACCE6B50ED2D1359582A70A8B8503C569623EE90C18C6B33542796207,Tester/logs/20261011.log,975318,2026-06-03,18:35,B152PR,"KK	0	00:08:52.229	Core 04	2026.06.03 18:35:02   [SRJ-IND] B152PR sym=USDJPY bar=2026.06.03 18:30 z1=1779,B,158.756,158.800,2026.05.25 06:45,1,2026.05.26 00:00,158.887,158.784"
2595,JUNE0525-B162,1617DC1ACCE6B50ED2D1359582A70A8B8503C569623EE90C18C6B33542796207,Tester/logs/20261011.log,975319,2026-06-03,18:35,B152PR,"RQ	0	00:08:52.229	Core 04	2026.06.03 18:35:02   [SRJ-IND] B152PR sym=USDJPY bar=2026.06.03 18:30 z1=1780,B,158.789,158.814,2026.05.25 04:50,1,2026.05.26 00:00,158.887,158.784"
2596,JUNE0525-B162,1617DC1ACCE6B50ED2D1359582A70A8B8503C569623EE90C18C6B33542796207,Tester/logs/20261011.log,975320,2026-06-03,18:35,B152PR,"GG	0	00:08:52.229	Core 04	2026.06.03 18:35:02   [SRJ-IND] B152PR sym=USDJPY bar=2026.06.03 18:30 z1=1949,B,158.916,158.934,2026.05.26 07:25,1,2026.05.26 07:30,158.942,158.934"
2597,JUNE0525-B162,1617DC1ACCE6B50ED2D1359582A70A8B8503C569623EE90C18C6B33542796207,Tester/logs/20261011.log,975321,2026-06-03,18:35,B152PR,"RM	0	00:08:52.229	Core 04	2026.06.03 18:35:02   [SRJ-IND] B152PR sym=USDJPY bar=2026.06.03 18:30 z1=2509,B,159.134,159.195,2026.05.29 19:10,1,2026.05.29 19:35,159.215,159.186"
2598,JUNE0525-B162,1617DC1ACCE6B50ED2D1359582A70A8B8503C569623EE90C18C6B33542796207,Tester/logs/20261011.log,975322,2026-06-03,18:35,B152PR,"OS	0	00:08:52.229	Core 04	2026.06.03 18:35:02   [SRJ-IND] B152PR sym=USDJPY bar=2026.06.03 18:30 z1=2566,B,159.382,159.407,2026.06.01 03:15,1,2026.06.03 11:30,159.790,159.368"
2599,JUNE0525-B162,1617DC1ACCE6B50ED2D1359582A70A8B8503C569623EE90C18C6B33542796207,Tester/logs/20261011.log,975323,2026-06-03,18:35,B152PR,"II	0	00:08:52.229	Core 04	2026.06.03 18:35:02   [SRJ-IND] B152PR sym=USDJPY bar=2026.06.03 18:30 z1=2648,B,159.435,159.481,2026.06.01 16:00,1,2026.06.03 11:30,159.790,159.368"
2600,JUNE0525-B162,1617DC1ACCE6B50ED2D1359582A70A8B8503C569623EE90C18C6B33542796207,Tester/logs/20261011.log,975324,2026-06-03,18:35,B152PR,"NO	0	00:08:52.229	Core 04	2026.06.03 18:35:02   [SRJ-IND] B152PR sym=USDJPY bar=2026.06.03 18:30 z1=2716,B,159.576,159.603,2026.06.02 03:10,1,2026.06.03 10:35,159.787,159.550"
2601,JUNE0525-B162,1617DC1ACCE6B50ED2D1359582A70A8B8503C569623EE90C18C6B33542796207,Tester/logs/20261011.log,975325,2026-06-03,18:35,B152PR,"DE	0	00:08:52.229	Core 04	2026.06.03 18:35:02   [SRJ-IND] B152PR sym=USDJPY bar=2026.06.03 18:30 z1=2720,B,159.586,159.605,2026.06.02 01:05,1,2026.06.03 10:35,159.787,159.550"
2602,JUNE0525-B162,1617DC1ACCE6B50ED2D1359582A70A8B8503C569623EE90C18C6B33542796207,Tester/logs/20261011.log,975326,2026-06-03,18:35,B152PR,"HK	0	00:08:52.229	Core 04	2026.06.03 18:35:02   [SRJ-IND] B152PR sym=USDJPY bar=2026.06.03 18:30 z1=2945,B,159.579,159.675,2026.06.03 11:15,1,2026.06.03 11:25,159.727,159.674"
2603,JUNE0525-B162,1617DC1ACCE6B50ED2D1359582A70A8B8503C569623EE90C18C6B33542796207,Tester/logs/20261011.log,975327,2026-06-03,18:35,B152PR,"LQ	0	00:08:52.229	Core 04	2026.06.03 18:35:02   [SRJ-IND] B152PR sym=USDJPY bar=2026.06.03 18:30 z1=2979,B,159.861,159.913,2026.06.03 16:00,1,2026.06.03 16:05,159.919,159.899"
2604,JUNE0525-B162,1617DC1ACCE6B50ED2D1359582A70A8B8503C569623EE90C18C6B33542796207,Tester/logs/20261011.log,975328,2026-06-03,18:35,B152PR,"OE	0	00:08:52.229	Core 04	2026.06.03 18:35:02   [SRJ-IND] B152PR sym=USDJPY bar=2026.06.03 18:30 bull=1 bear=0 nz=24"
2605,JUNE0525-B162,1617DC1ACCE6B50ED2D1359582A70A8B8503C569623EE90C18C6B33542796207,Tester/logs/20261011.log,975329,2026-06-03,18:35,B162ORIGIN,"OK	0	00:08:52.229	Core 04	2026.06.03 18:35:02   [SRJ-IND] B162ORIGIN sym=USDJPY bar=2026.06.03 18:30 side=B n=24 origin=2979 range=159.861-159.913 formT=2026.06.03 15:40 set=65,78,212,256,261,313,414,447,449,460,696,714,724,1405,1779,1780,1949,2509,2566,2648,2716,2720,2945,2979"
2606,JUNE0525-B162,1617DC1ACCE6B50ED2D1359582A70A8B8503C569623EE90C18C6B33542796207,Tester/logs/20261011.log,975330,2026-06-03,18:35,B162ORIGIN,"EJ	0	00:08:52.229	Core 04	2026.06.03 18:35:02   [SRJ-IND] B162ORIGIN sym=USDJPY bar=2026.06.03 18:30 side=S n=0 origin=NONE range=- formT=- set=-"
2607,JUNE0525-B162,1617DC1ACCE6B50ED2D1359582A70A8B8503C569623EE90C18C6B33542796207,Tester/logs/20261011.log,975337,2026-06-03,18:35,CONFIRMPOLL,"PD	0	00:08:52.229	Core 04	2026.06.03 18:35:02   [SRJ-EA] CONFIRMPOLL bar=2026.06.03 18:30 anchor=Daily-POC dir=SHORT oppCandle=0 bodyDir=1 body=2pts doji=0 touchAttr=1 confirm=0 shadow=true"
2608,JUNE0525-B162,1617DC1ACCE6B50ED2D1359582A70A8B8503C569623EE90C18C6B33542796207,Tester/logs/20261011.log,975339,2026-06-03,18:35,STATE,"HD	0	00:08:52.229	Core 04	2026.06.03 18:35:02   [SRJ-EA] 2026.06.03 18:35:02 STATE IDLE->S1_REGIME dir=SHORT poi=Daily-POC"
2609,JUNE0525-B162,1617DC1ACCE6B50ED2D1359582A70A8B8503C569623EE90C18C6B33542796207,Tester/logs/20261011.log,975340,2026-06-03,18:35,ANCHOR_ELECT,"DD	0	00:08:52.229	Core 04	2026.06.03 18:35:02   [SRJ-EA] ANCHOR_ELECT bar=2026.06.03 18:30 action=SEED poi=Daily-POC rank=10 tier=5 dir=SHORT"
2610,JUNE0525-B162,1617DC1ACCE6B50ED2D1359582A70A8B8503C569623EE90C18C6B33542796207,Tester/logs/20261011.log,975351,2026-06-03,18:40,B152PR,"KE	0	00:08:52.229	Core 04	2026.06.03 18:40:00   [SRJ-IND] B152PR sym=USDJPY bar=2026.06.03 18:35 z1=65,B,156.672,156.773,2026.05.11 04:10,1,2026.05.12 08:55,157.714,156.726"
2611,JUNE0525-B162,1617DC1ACCE6B50ED2D1359582A70A8B8503C569623EE90C18C6B33542796207,Tester/logs/20261011.log,975352,2026-06-03,18:40,B152PR,"KK	0	00:08:52.229	Core 04	2026.06.03 18:40:00   [SRJ-IND] B152PR sym=USDJPY bar=2026.06.03 18:35 z1=78,B,156.578,156.584,2026.05.11 00:35,1,2026.05.11 00:40,156.644,156.537"
2612,JUNE0525-B162,1617DC1ACCE6B50ED2D1359582A70A8B8503C569623EE90C18C6B33542796207,Tester/logs/20261011.log,975353,2026-06-03,18:40,B152PR,"MM	0	00:08:52.229	Core 04	2026.06.03 18:40:00   [SRJ-IND] B152PR sym=USDJPY bar=2026.06.03 18:35 z1=212,B,157.028,157.060,2026.05.11 19:20,1,2026.05.12 00:00,157.152,157.050"
2613,JUNE0525-B162,1617DC1ACCE6B50ED2D1359582A70A8B8503C569623EE90C18C6B33542796207,Tester/logs/20261011.log,975354,2026-06-03,18:40,B152PR,"QG	0	00:08:52.229	Core 04	2026.06.03 18:40:00   [SRJ-IND] B152PR sym=USDJPY bar=2026.06.03 18:35 z1=256,B,157.172,157.178,2026.05.12 01:25,1,2026.05.12 08:55,157.714,156.726"
2614,JUNE0525-B162,1617DC1ACCE6B50ED2D1359582A70A8B8503C569623EE90C18C6B33542796207,Tester/logs/20261011.log,975355,2026-06-03,18:40,B152PR,"CI	0	00:08:52.229	Core 04	2026.06.03 18:40:00   [SRJ-IND] B152PR sym=USDJPY bar=2026.06.03 18:35 z1=261,B,157.184,157.192,2026.05.12 03:00,1,2026.05.12 08:55,157.714,156.726"
2615,JUNE0525-B162,1617DC1ACCE6B50ED2D1359582A70A8B8503C569623EE90C18C6B33542796207,Tester/logs/20261011.log,975356,2026-06-03,18:40,B152PR,"CS	0	00:08:52.229	Core 04	2026.06.03 18:40:00   [SRJ-IND] B152PR sym=USDJPY bar=2026.06.03 18:35 z1=313,B,157.331,157.497,2026.05.12 10:00,1,2026.05.12 10:10,157.546,157.487"
2616,JUNE0525-B162,1617DC1ACCE6B50ED2D1359582A70A8B8503C569623EE90C18C6B33542796207,Tester/logs/20261011.log,975357,2026-06-03,18:40,B152PR,"NE	0	00:08:52.229	Core 04	2026.06.03 18:40:00   [SRJ-IND] B152PR sym=USDJPY bar=2026.06.03 18:35 z1=414,B,157.517,157.589,2026.05.13 01:10,1,2026.05.13 01:20,157.607,157.587"
2617,JUNE0525-B162,1617DC1ACCE6B50ED2D1359582A70A8B8503C569623EE90C18C6B33542796207,Tester/logs/20261011.log,975358,2026-06-03,18:40,B152PR,"EO	0	00:08:52.229	Core 04	2026.06.03 18:40:00   [SRJ-IND] B152PR sym=USDJPY bar=2026.06.03 18:35 z1=447,B,157.562,157.648,2026.05.13 06:20,1,2026.05.13 06:25,157.662,157.648"
2618,JUNE0525-B162,1617DC1ACCE6B50ED2D1359582A70A8B8503C569623EE90C18C6B33542796207,Tester/logs/20261011.log,975359,2026-06-03,18:40,B152PR,"JQ	0	00:08:52.229	Core 04	2026.06.03 18:40:00   [SRJ-IND] B152PR sym=USDJPY bar=2026.06.03 18:35 z1=449,B,157.599,157.654,2026.05.13 05:15,1,2026.05.13 05:45,157.687,157.652"
2619,JUNE0525-B162,1617DC1ACCE6B50ED2D1359582A70A8B8503C569623EE90C18C6B33542796207,Tester/logs/20261011.log,975360,2026-06-03,18:40,B152PR,"CJ	0	00:08:52.229	Core 04	2026.06.03 18:40:00   [SRJ-IND] B152PR sym=USDJPY bar=2026.06.03 18:35 z1=460,B,157.645,157.660,2026.05.13 07:05,1,2026.05.14 00:25,157.812,157.650"
2620,JUNE0525-B162,1617DC1ACCE6B50ED2D1359582A70A8B8503C569623EE90C18C6B33542796207,Tester/logs/20261011.log,975361,2026-06-03,18:40,B152PR,"GL	0	00:08:52.229	Core 04	2026.06.03 18:40:00   [SRJ-IND] B152PR sym=USDJPY bar=2026.06.03 18:35 z1=696,B,157.568,158.167,2026.05.14 18:05,1,2026.05.14 18:10,158.191,158.119"
2621,JUNE0525-B162,1617DC1ACCE6B50ED2D1359582A70A8B8503C569623EE90C18C6B33542796207,Tester/logs/20261011.log,975362,2026-06-03,18:40,B152PR,"KF	0	00:08:52.229	Core 04	2026.06.03 18:40:00   [SRJ-IND] B152PR sym=USDJPY bar=2026.06.03 18:35 z1=714,B,158.107,158.142,2026.05.14 19:30,1,2026.05.14 20:00,158.169,158.142"
2622,JUNE0525-B162,1617DC1ACCE6B50ED2D1359582A70A8B8503C569623EE90C18C6B33542796207,Tester/logs/20261011.log,975363,2026-06-03,18:40,B152PR,"RH	0	00:08:52.229	Core 04	2026.06.03 18:40:00   [SRJ-IND] B152PR sym=USDJPY bar=2026.06.03 18:35 z1=724,B,158.168,158.186,2026.05.14 21:00,1,2026.05.14 21:05,158.191,158.182"
2623,JUNE0525-B162,1617DC1ACCE6B50ED2D1359582A70A8B8503C569623EE90C18C6B33542796207,Tester/logs/20261011.log,975364,2026-06-03,18:40,B152PR,"HQ	0	00:08:52.229	Core 04	2026.06.03 18:40:00   [SRJ-IND] B152PR sym=USDJPY bar=2026.06.03 18:35 z1=1405,B,158.735,158.769,2026.05.20 19:00,1,2026.05.20 19:05,158.816,158.753"
2624,JUNE0525-B162,1617DC1ACCE6B50ED2D1359582A70A8B8503C569623EE90C18C6B33542796207,Tester/logs/20261011.log,975365,2026-06-03,18:40,B152PR,"NG	0	00:08:52.229	Core 04	2026.06.03 18:40:00   [SRJ-IND] B152PR sym=USDJPY bar=2026.06.03 18:35 z1=1779,B,158.756,158.800,2026.05.25 06:45,1,2026.05.26 00:00,158.887,158.784"
2625,JUNE0525-B162,1617DC1ACCE6B50ED2D1359582A70A8B8503C569623EE90C18C6B33542796207,Tester/logs/20261011.log,975366,2026-06-03,18:40,B152PR,"OM	0	00:08:52.229	Core 04	2026.06.03 18:40:00   [SRJ-IND] B152PR sym=USDJPY bar=2026.06.03 18:35 z1=1780,B,158.789,158.814,2026.05.25 04:50,1,2026.05.26 00:00,158.887,158.784"
2626,JUNE0525-B162,1617DC1ACCE6B50ED2D1359582A70A8B8503C569623EE90C18C6B33542796207,Tester/logs/20261011.log,975367,2026-06-03,18:40,B152PR,"JS	0	00:08:52.229	Core 04	2026.06.03 18:40:00   [SRJ-IND] B152PR sym=USDJPY bar=2026.06.03 18:35 z1=1949,B,158.916,158.934,2026.05.26 07:25,1,2026.05.26 07:30,158.942,158.934"
2627,JUNE0525-B162,1617DC1ACCE6B50ED2D1359582A70A8B8503C569623EE90C18C6B33542796207,Tester/logs/20261011.log,975368,2026-06-03,18:40,B152PR,"OI	0	00:08:52.229	Core 04	2026.06.03 18:40:00   [SRJ-IND] B152PR sym=USDJPY bar=2026.06.03 18:35 z1=2509,B,159.134,159.195,2026.05.29 19:10,1,2026.05.29 19:35,159.215,159.186"
2628,JUNE0525-B162,1617DC1ACCE6B50ED2D1359582A70A8B8503C569623EE90C18C6B33542796207,Tester/logs/20261011.log,975369,2026-06-03,18:40,B152PR,"RO	0	00:08:52.229	Core 04	2026.06.03 18:40:00   [SRJ-IND] B152PR sym=USDJPY bar=2026.06.03 18:35 z1=2566,B,159.382,159.407,2026.06.01 03:15,1,2026.06.03 11:30,159.790,159.368"
2629,JUNE0525-B162,1617DC1ACCE6B50ED2D1359582A70A8B8503C569623EE90C18C6B33542796207,Tester/logs/20261011.log,975370,2026-06-03,18:40,B152PR,"HE	0	00:08:52.229	Core 04	2026.06.03 18:40:00   [SRJ-IND] B152PR sym=USDJPY bar=2026.06.03 18:35 z1=2648,B,159.435,159.481,2026.06.01 16:00,1,2026.06.03 11:30,159.790,159.368"
2630,JUNE0525-B162,1617DC1ACCE6B50ED2D1359582A70A8B8503C569623EE90C18C6B33542796207,Tester/logs/20261011.log,975371,2026-06-03,18:40,B152PR,"KK	0	00:08:52.229	Core 04	2026.06.03 18:40:00   [SRJ-IND] B152PR sym=USDJPY bar=2026.06.03 18:35 z1=2716,B,159.576,159.603,2026.06.02 03:10,1,2026.06.03 10:35,159.787,159.550"
2631,JUNE0525-B162,1617DC1ACCE6B50ED2D1359582A70A8B8503C569623EE90C18C6B33542796207,Tester/logs/20261011.log,975372,2026-06-03,18:40,B152PR,"EQ	0	00:08:52.229	Core 04	2026.06.03 18:40:00   [SRJ-IND] B152PR sym=USDJPY bar=2026.06.03 18:35 z1=2720,B,159.586,159.605,2026.06.02 01:05,1,2026.06.03 10:35,159.787,159.550"
2632,JUNE0525-B162,1617DC1ACCE6B50ED2D1359582A70A8B8503C569623EE90C18C6B33542796207,Tester/logs/20261011.log,975373,2026-06-03,18:40,B152PR,"IG	0	00:08:52.229	Core 04	2026.06.03 18:40:00   [SRJ-IND] B152PR sym=USDJPY bar=2026.06.03 18:35 z1=2945,B,159.579,159.675,2026.06.03 11:15,1,2026.06.03 11:25,159.727,159.674"
2633,JUNE0525-B162,1617DC1ACCE6B50ED2D1359582A70A8B8503C569623EE90C18C6B33542796207,Tester/logs/20261011.log,975374,2026-06-03,18:40,B152PR,"MM	0	00:08:52.229	Core 04	2026.06.03 18:40:00   [SRJ-IND] B152PR sym=USDJPY bar=2026.06.03 18:35 z1=2979,B,159.861,159.913,2026.06.03 16:00,1,2026.06.03 16:05,159.919,159.899"
2634,JUNE0525-B162,1617DC1ACCE6B50ED2D1359582A70A8B8503C569623EE90C18C6B33542796207,Tester/logs/20261011.log,975375,2026-06-03,18:40,B152PR,"RQ	0	00:08:52.229	Core 04	2026.06.03 18:40:00   [SRJ-IND] B152PR sym=USDJPY bar=2026.06.03 18:35 bull=1 bear=0 nz=24"
2635,JUNE0525-B162,1617DC1ACCE6B50ED2D1359582A70A8B8503C569623EE90C18C6B33542796207,Tester/logs/20261011.log,975376,2026-06-03,18:40,B162ORIGIN,"JN	0	00:08:52.229	Core 04	2026.06.03 18:40:00   [SRJ-IND] B162ORIGIN sym=USDJPY bar=2026.06.03 18:35 side=B n=24 origin=2979 range=159.861-159.913 formT=2026.06.03 15:40 set=65,78,212,256,261,313,414,447,449,460,696,714,724,1405,1779,1780,1949,2509,2566,2648,2716,2720,2945,2979"
2636,JUNE0525-B162,1617DC1ACCE6B50ED2D1359582A70A8B8503C569623EE90C18C6B33542796207,Tester/logs/20261011.log,975377,2026-06-03,18:40,B162ORIGIN,"LI	0	00:08:52.229	Core 04	2026.06.03 18:40:00   [SRJ-IND] B162ORIGIN sym=USDJPY bar=2026.06.03 18:35 side=S n=0 origin=NONE range=- formT=- set=-"
2637,JUNE0525-B162,1617DC1ACCE6B50ED2D1359582A70A8B8503C569623EE90C18C6B33542796207,Tester/logs/20261011.log,975381,2026-06-03,18:40,CQDRECHECK,"FE	0	00:08:52.229	Core 04	2026.06.03 18:40:00   [SRJ-EA] CQDRECHECK shift=2 passA=2.0 passB=2.0 diff=0 bar=2026.06.03 18:30 state=S1_REGIME dir=SHORT divLatch=0 hit1=0 hit2=537 mism=0"
2638,JUNE0525-B162,1617DC1ACCE6B50ED2D1359582A70A8B8503C569623EE90C18C6B33542796207,Tester/logs/20261011.log,975385,2026-06-03,18:40,CONFIRMPOLL,"MJ	0	00:08:52.229	Core 04	2026.06.03 18:40:00   [SRJ-EA] CONFIRMPOLL bar=2026.06.03 18:35 anchor=Daily-POC dir=SHORT oppCandle=0 bodyDir=0 body=16pts doji=0 touchAttr=1 confirm=0 shadow=true"
2639,JUNE0525-B162,1617DC1ACCE6B50ED2D1359582A70A8B8503C569623EE90C18C6B33542796207,Tester/logs/20261011.log,975390,2026-06-03,18:45,B152PR,"LM	0	00:08:52.229	Core 04	2026.06.03 18:45:00   [SRJ-IND] B152PR sym=USDJPY bar=2026.06.03 18:40 z1=65,B,156.672,156.773,2026.05.11 04:10,1,2026.05.12 08:55,157.714,156.726"
2640,JUNE0525-B162,1617DC1ACCE6B50ED2D1359582A70A8B8503C569623EE90C18C6B33542796207,Tester/logs/20261011.log,975391,2026-06-03,18:45,B152PR,"DP	0	00:08:52.229	Core 04	2026.06.03 18:45:00   [SRJ-IND] B152PR sym=USDJPY bar=2026.06.03 18:40 z1=78,B,156.578,156.584,2026.05.11 00:35,1,2026.05.11 00:40,156.644,156.537"
2641,JUNE0525-B162,1617DC1ACCE6B50ED2D1359582A70A8B8503C569623EE90C18C6B33542796207,Tester/logs/20261011.log,975392,2026-06-03,18:45,B152PR,"NE	0	00:08:52.229	Core 04	2026.06.03 18:45:00   [SRJ-IND] B152PR sym=USDJPY bar=2026.06.03 18:40 z1=212,B,157.028,157.060,2026.05.11 19:20,1,2026.05.12 00:00,157.152,157.050"
2642,JUNE0525-B162,1617DC1ACCE6B50ED2D1359582A70A8B8503C569623EE90C18C6B33542796207,Tester/logs/20261011.log,975393,2026-06-03,18:45,B152PR,"NO	0	00:08:52.229	Core 04	2026.06.03 18:45:00   [SRJ-IND] B152PR sym=USDJPY bar=2026.06.03 18:40 z1=256,B,157.172,157.178,2026.05.12 01:25,1,2026.05.12 08:55,157.714,156.726"
2643,JUNE0525-B162,1617DC1ACCE6B50ED2D1359582A70A8B8503C569623EE90C18C6B33542796207,Tester/logs/20261011.log,975394,2026-06-03,18:45,B152PR,"LQ	0	00:08:52.229	Core 04	2026.06.03 18:45:00   [SRJ-IND] B152PR sym=USDJPY bar=2026.06.03 18:40 z1=261,B,157.184,157.192,2026.05.12 03:00,1,2026.05.12 08:55,157.714,156.726"
2644,JUNE0525-B162,1617DC1ACCE6B50ED2D1359582A70A8B8503C569623EE90C18C6B33542796207,Tester/logs/20261011.log,975395,2026-06-03,18:45,B152PR,"HK	0	00:08:52.229	Core 04	2026.06.03 18:45:00   [SRJ-IND] B152PR sym=USDJPY bar=2026.06.03 18:40 z1=313,B,157.331,157.497,2026.05.12 10:00,1,2026.05.12 10:10,157.546,157.487"
2645,JUNE0525-B162,1617DC1ACCE6B50ED2D1359582A70A8B8503C569623EE90C18C6B33542796207,Tester/logs/20261011.log,975396,2026-06-03,18:45,B152PR,"MM	0	00:08:52.229	Core 04	2026.06.03 18:45:00   [SRJ-IND] B152PR sym=USDJPY bar=2026.06.03 18:40 z1=414,B,157.517,157.589,2026.05.13 01:10,1,2026.05.13 01:20,157.607,157.587"
2646,JUNE0525-B162,1617DC1ACCE6B50ED2D1359582A70A8B8503C569623EE90C18C6B33542796207,Tester/logs/20261011.log,975397,2026-06-03,18:45,B152PR,"JG	0	00:08:52.229	Core 04	2026.06.03 18:45:00   [SRJ-IND] B152PR sym=USDJPY bar=2026.06.03 18:40 z1=447,B,157.562,157.648,2026.05.13 06:20,1,2026.05.13 06:25,157.662,157.648"
2647,JUNE0525-B162,1617DC1ACCE6B50ED2D1359582A70A8B8503C569623EE90C18C6B33542796207,Tester/logs/20261011.log,975398,2026-06-03,18:45,B152PR,"QH	0	00:08:52.229	Core 04	2026.06.03 18:45:00   [SRJ-IND] B152PR sym=USDJPY bar=2026.06.03 18:40 z1=449,B,157.599,157.654,2026.05.13 05:15,1,2026.05.13 05:45,157.687,157.652"
2648,JUNE0525-B162,1617DC1ACCE6B50ED2D1359582A70A8B8503C569623EE90C18C6B33542796207,Tester/logs/20261011.log,975399,2026-06-03,18:45,B152PR,"HR	0	00:08:52.229	Core 04	2026.06.03 18:45:00   [SRJ-IND] B152PR sym=USDJPY bar=2026.06.03 18:40 z1=460,B,157.645,157.660,2026.05.13 07:05,1,2026.05.14 00:25,157.812,157.650"
2649,JUNE0525-B162,1617DC1ACCE6B50ED2D1359582A70A8B8503C569623EE90C18C6B33542796207,Tester/logs/20261011.log,975400,2026-06-03,18:45,B152PR,"HD	0	00:08:52.229	Core 04	2026.06.03 18:45:00   [SRJ-IND] B152PR sym=USDJPY bar=2026.06.03 18:40 z1=696,B,157.568,158.167,2026.05.14 18:05,1,2026.05.14 18:10,158.191,158.119"
2650,JUNE0525-B162,1617DC1ACCE6B50ED2D1359582A70A8B8503C569623EE90C18C6B33542796207,Tester/logs/20261011.log,975401,2026-06-03,18:45,B152PR,"PN	0	00:08:52.229	Core 04	2026.06.03 18:45:00   [SRJ-IND] B152PR sym=USDJPY bar=2026.06.03 18:40 z1=714,B,158.107,158.142,2026.05.14 19:30,1,2026.05.14 20:00,158.169,158.142"
2651,JUNE0525-B162,1617DC1ACCE6B50ED2D1359582A70A8B8503C569623EE90C18C6B33542796207,Tester/logs/20261011.log,975402,2026-06-03,18:45,B152PR,"IP	0	00:08:52.229	Core 04	2026.06.03 18:45:00   [SRJ-IND] B152PR sym=USDJPY bar=2026.06.03 18:40 z1=724,B,158.168,158.186,2026.05.14 21:00,1,2026.05.14 21:05,158.191,158.182"
2652,JUNE0525-B162,1617DC1ACCE6B50ED2D1359582A70A8B8503C569623EE90C18C6B33542796207,Tester/logs/20261011.log,975403,2026-06-03,18:45,B152PR,"CI	0	00:08:52.229	Core 04	2026.06.03 18:45:00   [SRJ-IND] B152PR sym=USDJPY bar=2026.06.03 18:40 z1=1405,B,158.735,158.769,2026.05.20 19:00,1,2026.05.20 19:05,158.816,158.753"
2653,JUNE0525-B162,1617DC1ACCE6B50ED2D1359582A70A8B8503C569623EE90C18C6B33542796207,Tester/logs/20261011.log,975404,2026-06-03,18:45,B152PR,"QO	0	00:08:52.229	Core 04	2026.06.03 18:45:00   [SRJ-IND] B152PR sym=USDJPY bar=2026.06.03 18:40 z1=1779,B,158.756,158.800,2026.05.25 06:45,1,2026.05.26 00:00,158.887,158.784"
2654,JUNE0525-B162,1617DC1ACCE6B50ED2D1359582A70A8B8503C569623EE90C18C6B33542796207,Tester/logs/20261011.log,975405,2026-06-03,18:45,B152PR,"LE	0	00:08:52.229	Core 04	2026.06.03 18:45:00   [SRJ-IND] B152PR sym=USDJPY bar=2026.06.03 18:40 z1=1780,B,158.789,158.814,2026.05.25 04:50,1,2026.05.26 00:00,158.887,158.784"
2655,JUNE0525-B162,1617DC1ACCE6B50ED2D1359582A70A8B8503C569623EE90C18C6B33542796207,Tester/logs/20261011.log,975406,2026-06-03,18:45,B152PR,"EK	0	00:08:52.229	Core 04	2026.06.03 18:45:00   [SRJ-IND] B152PR sym=USDJPY bar=2026.06.03 18:40 z1=1949,B,158.916,158.934,2026.05.26 07:25,1,2026.05.26 07:30,158.942,158.934"
2656,JUNE0525-B162,1617DC1ACCE6B50ED2D1359582A70A8B8503C569623EE90C18C6B33542796207,Tester/logs/20261011.log,975407,2026-06-03,18:45,B152PR,"LQ	0	00:08:52.229	Core 04	2026.06.03 18:45:00   [SRJ-IND] B152PR sym=USDJPY bar=2026.06.03 18:40 z1=2509,B,159.134,159.195,2026.05.29 19:10,1,2026.05.29 19:35,159.215,159.186"
2657,JUNE0525-B162,1617DC1ACCE6B50ED2D1359582A70A8B8503C569623EE90C18C6B33542796207,Tester/logs/20261011.log,975408,2026-06-03,18:45,B152PR,"MG	0	00:08:52.229	Core 04	2026.06.03 18:45:00   [SRJ-IND] B152PR sym=USDJPY bar=2026.06.03 18:40 z1=2566,B,159.382,159.407,2026.06.01 03:15,1,2026.06.03 11:30,159.790,159.368"
2658,JUNE0525-B162,1617DC1ACCE6B50ED2D1359582A70A8B8503C569623EE90C18C6B33542796207,Tester/logs/20261011.log,975409,2026-06-03,18:45,B152PR,"CM	0	00:08:52.229	Core 04	2026.06.03 18:45:00   [SRJ-IND] B152PR sym=USDJPY bar=2026.06.03 18:40 z1=2648,B,159.435,159.481,2026.06.01 16:00,1,2026.06.03 11:30,159.790,159.368"
2659,JUNE0525-B162,1617DC1ACCE6B50ED2D1359582A70A8B8503C569623EE90C18C6B33542796207,Tester/logs/20261011.log,975410,2026-06-03,18:45,B152PR,"PS	0	00:08:52.229	Core 04	2026.06.03 18:45:00   [SRJ-IND] B152PR sym=USDJPY bar=2026.06.03 18:40 z1=2716,B,159.576,159.603,2026.06.02 03:10,1,2026.06.03 10:35,159.787,159.550"
2660,JUNE0525-B162,1617DC1ACCE6B50ED2D1359582A70A8B8503C569623EE90C18C6B33542796207,Tester/logs/20261011.log,975411,2026-06-03,18:45,B152PR,"JI	0	00:08:52.229	Core 04	2026.06.03 18:45:00   [SRJ-IND] B152PR sym=USDJPY bar=2026.06.03 18:40 z1=2720,B,159.586,159.605,2026.06.02 01:05,1,2026.06.03 10:35,159.787,159.550"
2661,JUNE0525-B162,1617DC1ACCE6B50ED2D1359582A70A8B8503C569623EE90C18C6B33542796207,Tester/logs/20261011.log,975412,2026-06-03,18:45,B152PR,"FO	0	00:08:52.229	Core 04	2026.06.03 18:45:00   [SRJ-IND] B152PR sym=USDJPY bar=2026.06.03 18:40 z1=2945,B,159.579,159.675,2026.06.03 11:15,1,2026.06.03 11:25,159.727,159.674"
2662,JUNE0525-B162,1617DC1ACCE6B50ED2D1359582A70A8B8503C569623EE90C18C6B33542796207,Tester/logs/20261011.log,975413,2026-06-03,18:45,B152PR,"RE	0	00:08:52.229	Core 04	2026.06.03 18:45:00   [SRJ-IND] B152PR sym=USDJPY bar=2026.06.03 18:40 z1=2979,B,159.861,159.913,2026.06.03 16:00,1,2026.06.03 16:05,159.919,159.899"
2663,JUNE0525-B162,1617DC1ACCE6B50ED2D1359582A70A8B8503C569623EE90C18C6B33542796207,Tester/logs/20261011.log,975414,2026-06-03,18:45,B152PR,"MI	0	00:08:52.229	Core 04	2026.06.03 18:45:00   [SRJ-IND] B152PR sym=USDJPY bar=2026.06.03 18:40 bull=1 bear=0 nz=24"
2664,JUNE0525-B162,1617DC1ACCE6B50ED2D1359582A70A8B8503C569623EE90C18C6B33542796207,Tester/logs/20261011.log,975415,2026-06-03,18:45,B162ORIGIN,"EF	0	00:08:52.229	Core 04	2026.06.03 18:45:00   [SRJ-IND] B162ORIGIN sym=USDJPY bar=2026.06.03 18:40 side=B n=24 origin=2979 range=159.861-159.913 formT=2026.06.03 15:40 set=65,78,212,256,261,313,414,447,449,460,696,714,724,1405,1779,1780,1949,2509,2566,2648,2716,2720,2945,2979"
2665,JUNE0525-B162,1617DC1ACCE6B50ED2D1359582A70A8B8503C569623EE90C18C6B33542796207,Tester/logs/20261011.log,975416,2026-06-03,18:45,B162ORIGIN,"OQ	0	00:08:52.229	Core 04	2026.06.03 18:45:00   [SRJ-IND] B162ORIGIN sym=USDJPY bar=2026.06.03 18:40 side=S n=0 origin=NONE range=- formT=- set=-"
2666,JUNE0525-B162,1617DC1ACCE6B50ED2D1359582A70A8B8503C569623EE90C18C6B33542796207,Tester/logs/20261011.log,975423,2026-06-03,18:45,CONFIRMPOLL,"FI	0	00:08:52.229	Core 04	2026.06.03 18:45:00   [SRJ-EA] CONFIRMPOLL bar=2026.06.03 18:40 anchor=Daily-POC dir=SHORT oppCandle=1 bodyDir=1 body=4pts doji=0 touchAttr=1 confirm=1 shadow=true"
2667,JUNE0525-B162,1617DC1ACCE6B50ED2D1359582A70A8B8503C569623EE90C18C6B33542796207,Tester/logs/20261011.log,975428,2026-06-03,18:50,B152PR,"HM	0	00:08:52.229	Core 04	2026.06.03 18:50:27   [SRJ-IND] B152PR sym=USDJPY bar=2026.06.03 18:45 z1=65,B,156.672,156.773,2026.05.11 04:10,1,2026.05.12 08:55,157.714,156.726"
2668,JUNE0525-B162,1617DC1ACCE6B50ED2D1359582A70A8B8503C569623EE90C18C6B33542796207,Tester/logs/20261011.log,975429,2026-06-03,18:50,B152PR,"PS	0	00:08:52.229	Core 04	2026.06.03 18:50:27   [SRJ-IND] B152PR sym=USDJPY bar=2026.06.03 18:45 z1=78,B,156.578,156.584,2026.05.11 00:35,1,2026.05.11 00:40,156.644,156.537"
2669,JUNE0525-B162,1617DC1ACCE6B50ED2D1359582A70A8B8503C569623EE90C18C6B33542796207,Tester/logs/20261011.log,975430,2026-06-03,18:50,B152PR,"JJ	0	00:08:52.229	Core 04	2026.06.03 18:50:27   [SRJ-IND] B152PR sym=USDJPY bar=2026.06.03 18:45 z1=212,B,157.028,157.060,2026.05.11 19:20,1,2026.05.12 00:00,157.152,157.050"
2670,JUNE0525-B162,1617DC1ACCE6B50ED2D1359582A70A8B8503C569623EE90C18C6B33542796207,Tester/logs/20261011.log,975431,2026-06-03,18:50,B152PR,"JL	0	00:08:52.229	Core 04	2026.06.03 18:50:27   [SRJ-IND] B152PR sym=USDJPY bar=2026.06.03 18:45 z1=256,B,157.172,157.178,2026.05.12 01:25,1,2026.05.12 08:55,157.714,156.726"
2671,JUNE0525-B162,1617DC1ACCE6B50ED2D1359582A70A8B8503C569623EE90C18C6B33542796207,Tester/logs/20261011.log,975432,2026-06-03,18:50,B152PR,"HQ	0	00:08:52.229	Core 04	2026.06.03 18:50:27   [SRJ-IND] B152PR sym=USDJPY bar=2026.06.03 18:45 z1=261,B,157.184,157.192,2026.05.12 03:00,1,2026.05.12 08:55,157.714,156.726"
2672,JUNE0525-B162,1617DC1ACCE6B50ED2D1359582A70A8B8503C569623EE90C18C6B33542796207,Tester/logs/20261011.log,975433,2026-06-03,18:50,B152PR,"LK	0	00:08:52.229	Core 04	2026.06.03 18:50:27   [SRJ-IND] B152PR sym=USDJPY bar=2026.06.03 18:45 z1=313,B,157.331,157.497,2026.05.12 10:00,1,2026.05.12 10:10,157.546,157.487"
2673,JUNE0525-B162,1617DC1ACCE6B50ED2D1359582A70A8B8503C569623EE90C18C6B33542796207,Tester/logs/20261011.log,975434,2026-06-03,18:50,B152PR,"IM	0	00:08:52.229	Core 04	2026.06.03 18:50:27   [SRJ-IND] B152PR sym=USDJPY bar=2026.06.03 18:45 z1=414,B,157.517,157.589,2026.05.13 01:10,1,2026.05.13 01:20,157.607,157.587"
2674,JUNE0525-B162,1617DC1ACCE6B50ED2D1359582A70A8B8503C569623EE90C18C6B33542796207,Tester/logs/20261011.log,975435,2026-06-03,18:50,B152PR,"NG	0	00:08:52.229	Core 04	2026.06.03 18:50:27   [SRJ-IND] B152PR sym=USDJPY bar=2026.06.03 18:45 z1=447,B,157.562,157.648,2026.05.13 06:20,1,2026.05.13 06:25,157.662,157.648"
2675,JUNE0525-B162,1617DC1ACCE6B50ED2D1359582A70A8B8503C569623EE90C18C6B33542796207,Tester/logs/20261011.log,975436,2026-06-03,18:50,B152PR,"EI	0	00:08:52.229	Core 04	2026.06.03 18:50:27   [SRJ-IND] B152PR sym=USDJPY bar=2026.06.03 18:45 z1=449,B,157.599,157.654,2026.05.13 05:15,1,2026.05.13 05:45,157.687,157.652"
2676,JUNE0525-B162,1617DC1ACCE6B50ED2D1359582A70A8B8503C569623EE90C18C6B33542796207,Tester/logs/20261011.log,975437,2026-06-03,18:50,B152PR,"LS	0	00:08:52.229	Core 04	2026.06.03 18:50:27   [SRJ-IND] B152PR sym=USDJPY bar=2026.06.03 18:45 z1=460,B,157.645,157.660,2026.05.13 07:05,1,2026.05.14 00:25,157.812,157.650"
2677,JUNE0525-B162,1617DC1ACCE6B50ED2D1359582A70A8B8503C569623EE90C18C6B33542796207,Tester/logs/20261011.log,975438,2026-06-03,18:50,B152PR,"LE	0	00:08:52.229	Core 04	2026.06.03 18:50:27   [SRJ-IND] B152PR sym=USDJPY bar=2026.06.03 18:45 z1=696,B,157.568,158.167,2026.05.14 18:05,1,2026.05.14 18:10,158.191,158.119"
2678,JUNE0525-B162,1617DC1ACCE6B50ED2D1359582A70A8B8503C569623EE90C18C6B33542796207,Tester/logs/20261011.log,975439,2026-06-03,18:50,B152PR,"DO	0	00:08:52.229	Core 04	2026.06.03 18:50:27   [SRJ-IND] B152PR sym=USDJPY bar=2026.06.03 18:45 z1=714,B,158.107,158.142,2026.05.14 19:30,1,2026.05.14 20:00,158.169,158.142"
2679,JUNE0525-B162,1617DC1ACCE6B50ED2D1359582A70A8B8503C569623EE90C18C6B33542796207,Tester/logs/20261011.log,975440,2026-06-03,18:50,B152PR,"MP	0	00:08:52.229	Core 04	2026.06.03 18:50:27   [SRJ-IND] B152PR sym=USDJPY bar=2026.06.03 18:45 z1=724,B,158.168,158.186,2026.05.14 21:00,1,2026.05.14 21:05,158.191,158.182"
2680,JUNE0525-B162,1617DC1ACCE6B50ED2D1359582A70A8B8503C569623EE90C18C6B33542796207,Tester/logs/20261011.log,975441,2026-06-03,18:50,B152PR,"OI	0	00:08:52.229	Core 04	2026.06.03 18:50:27   [SRJ-IND] B152PR sym=USDJPY bar=2026.06.03 18:45 z1=1405,B,158.735,158.769,2026.05.20 19:00,1,2026.05.20 19:05,158.816,158.753"
2681,JUNE0525-B162,1617DC1ACCE6B50ED2D1359582A70A8B8503C569623EE90C18C6B33542796207,Tester/logs/20261011.log,975442,2026-06-03,18:50,B152PR,"EO	0	00:08:52.229	Core 04	2026.06.03 18:50:27   [SRJ-IND] B152PR sym=USDJPY bar=2026.06.03 18:45 z1=1779,B,158.756,158.800,2026.05.25 06:45,1,2026.05.26 00:00,158.887,158.784"
2682,JUNE0525-B162,1617DC1ACCE6B50ED2D1359582A70A8B8503C569623EE90C18C6B33542796207,Tester/logs/20261011.log,975443,2026-06-03,18:50,B152PR,"HE	0	00:08:52.229	Core 04	2026.06.03 18:50:27   [SRJ-IND] B152PR sym=USDJPY bar=2026.06.03 18:45 z1=1780,B,158.789,158.814,2026.05.25 04:50,1,2026.05.26 00:00,158.887,158.784"
2683,JUNE0525-B162,1617DC1ACCE6B50ED2D1359582A70A8B8503C569623EE90C18C6B33542796207,Tester/logs/20261011.log,975444,2026-06-03,18:50,B152PR,"QK	0	00:08:52.229	Core 04	2026.06.03 18:50:27   [SRJ-IND] B152PR sym=USDJPY bar=2026.06.03 18:45 z1=1949,B,158.916,158.934,2026.05.26 07:25,1,2026.05.26 07:30,158.942,158.934"
2684,JUNE0525-B162,1617DC1ACCE6B50ED2D1359582A70A8B8503C569623EE90C18C6B33542796207,Tester/logs/20261011.log,975445,2026-06-03,18:50,B152PR,"HQ	0	00:08:52.229	Core 04	2026.06.03 18:50:27   [SRJ-IND] B152PR sym=USDJPY bar=2026.06.03 18:45 z1=2509,B,159.134,159.195,2026.05.29 19:10,1,2026.05.29 19:35,159.215,159.186"
2685,JUNE0525-B162,1617DC1ACCE6B50ED2D1359582A70A8B8503C569623EE90C18C6B33542796207,Tester/logs/20261011.log,975446,2026-06-03,18:50,B152PR,"IG	0	00:08:52.229	Core 04	2026.06.03 18:50:27   [SRJ-IND] B152PR sym=USDJPY bar=2026.06.03 18:45 z1=2566,B,159.382,159.407,2026.06.01 03:15,1,2026.06.03 11:30,159.790,159.368"
2686,JUNE0525-B162,1617DC1ACCE6B50ED2D1359582A70A8B8503C569623EE90C18C6B33542796207,Tester/logs/20261011.log,975447,2026-06-03,18:50,B152PR,"OM	0	00:08:52.229	Core 04	2026.06.03 18:50:27   [SRJ-IND] B152PR sym=USDJPY bar=2026.06.03 18:45 z1=2648,B,159.435,159.481,2026.06.01 16:00,1,2026.06.03 11:30,159.790,159.368"
2687,JUNE0525-B162,1617DC1ACCE6B50ED2D1359582A70A8B8503C569623EE90C18C6B33542796207,Tester/logs/20261011.log,975448,2026-06-03,18:50,B152PR,"DS	0	00:08:52.229	Core 04	2026.06.03 18:50:27   [SRJ-IND] B152PR sym=USDJPY bar=2026.06.03 18:45 z1=2716,B,159.576,159.603,2026.06.02 03:10,1,2026.06.03 10:35,159.787,159.550"
2688,JUNE0525-B162,1617DC1ACCE6B50ED2D1359582A70A8B8503C569623EE90C18C6B33542796207,Tester/logs/20261011.log,975449,2026-06-03,18:50,B152PR,"NI	0	00:08:52.229	Core 04	2026.06.03 18:50:27   [SRJ-IND] B152PR sym=USDJPY bar=2026.06.03 18:45 z1=2720,B,159.586,159.605,2026.06.02 01:05,1,2026.06.03 10:35,159.787,159.550"
2689,JUNE0525-B162,1617DC1ACCE6B50ED2D1359582A70A8B8503C569623EE90C18C6B33542796207,Tester/logs/20261011.log,975450,2026-06-03,18:50,B152PR,"RO	0	00:08:52.229	Core 04	2026.06.03 18:50:27   [SRJ-IND] B152PR sym=USDJPY bar=2026.06.03 18:45 z1=2945,B,159.579,159.675,2026.06.03 11:15,1,2026.06.03 11:25,159.727,159.674"
2690,JUNE0525-B162,1617DC1ACCE6B50ED2D1359582A70A8B8503C569623EE90C18C6B33542796207,Tester/logs/20261011.log,975451,2026-06-03,18:50,B152PR,"FE	0	00:08:52.229	Core 04	2026.06.03 18:50:27   [SRJ-IND] B152PR sym=USDJPY bar=2026.06.03 18:45 z1=2979,B,159.861,159.913,2026.06.03 16:00,1,2026.06.03 16:05,159.919,159.899"
2691,JUNE0525-B162,1617DC1ACCE6B50ED2D1359582A70A8B8503C569623EE90C18C6B33542796207,Tester/logs/20261011.log,975452,2026-06-03,18:50,B152PR,"II	0	00:08:52.229	Core 04	2026.06.03 18:50:27   [SRJ-IND] B152PR sym=USDJPY bar=2026.06.03 18:45 bull=1 bear=0 nz=24"
2692,JUNE0525-B162,1617DC1ACCE6B50ED2D1359582A70A8B8503C569623EE90C18C6B33542796207,Tester/logs/20261011.log,975453,2026-06-03,18:50,B162ORIGIN,"QF	0	00:08:52.229	Core 04	2026.06.03 18:50:27   [SRJ-IND] B162ORIGIN sym=USDJPY bar=2026.06.03 18:45 side=B n=24 origin=2979 range=159.861-159.913 formT=2026.06.03 15:40 set=65,78,212,256,261,313,414,447,449,460,696,714,724,1405,1779,1780,1949,2509,2566,2648,2716,2720,2945,2979"
2693,JUNE0525-B162,1617DC1ACCE6B50ED2D1359582A70A8B8503C569623EE90C18C6B33542796207,Tester/logs/20261011.log,975454,2026-06-03,18:50,B162ORIGIN,"CQ	0	00:08:52.229	Core 04	2026.06.03 18:50:27   [SRJ-IND] B162ORIGIN sym=USDJPY bar=2026.06.03 18:45 side=S n=0 origin=NONE range=- formT=- set=-"
2694,JUNE0525-B162,1617DC1ACCE6B50ED2D1359582A70A8B8503C569623EE90C18C6B33542796207,Tester/logs/20261011.log,975460,2026-06-03,18:50,CONFIRMPOLL,"JE	0	00:08:52.229	Core 04	2026.06.03 18:50:27   [SRJ-EA] CONFIRMPOLL bar=2026.06.03 18:45 anchor=Daily-POC dir=SHORT oppCandle=0 bodyDir=0 body=10pts doji=0 touchAttr=1 confirm=0 shadow=true"
2695,JUNE0525-B162,1617DC1ACCE6B50ED2D1359582A70A8B8503C569623EE90C18C6B33542796207,Tester/logs/20261011.log,975465,2026-06-03,18:55,B152PR,"HL	0	00:08:52.229	Core 04	2026.06.03 18:55:33   [SRJ-IND] B152PR sym=USDJPY bar=2026.06.03 18:50 z1=65,B,156.672,156.773,2026.05.11 04:10,1,2026.05.12 08:55,157.714,156.726"
2696,JUNE0525-B162,1617DC1ACCE6B50ED2D1359582A70A8B8503C569623EE90C18C6B33542796207,Tester/logs/20261011.log,975466,2026-06-03,18:55,B152PR,"HR	0	00:08:52.229	Core 04	2026.06.03 18:55:33   [SRJ-IND] B152PR sym=USDJPY bar=2026.06.03 18:50 z1=78,B,156.578,156.584,2026.05.11 00:35,1,2026.05.11 00:40,156.644,156.537"
2697,JUNE0525-B162,1617DC1ACCE6B50ED2D1359582A70A8B8503C569623EE90C18C6B33542796207,Tester/logs/20261011.log,975467,2026-06-03,18:55,B152PR,"JK	0	00:08:52.229	Core 04	2026.06.03 18:55:33   [SRJ-IND] B152PR sym=USDJPY bar=2026.06.03 18:50 z1=212,B,157.028,157.060,2026.05.11 19:20,1,2026.05.12 00:00,157.152,157.050"
2698,JUNE0525-B162,1617DC1ACCE6B50ED2D1359582A70A8B8503C569623EE90C18C6B33542796207,Tester/logs/20261011.log,975468,2026-06-03,18:55,B152PR,"JM	0	00:08:52.229	Core 04	2026.06.03 18:55:33   [SRJ-IND] B152PR sym=USDJPY bar=2026.06.03 18:50 z1=256,B,157.172,157.178,2026.05.12 01:25,1,2026.05.12 08:55,157.714,156.726"
2699,JUNE0525-B162,1617DC1ACCE6B50ED2D1359582A70A8B8503C569623EE90C18C6B33542796207,Tester/logs/20261011.log,975469,2026-06-03,18:55,B152PR,"PG	0	00:08:52.229	Core 04	2026.06.03 18:55:33   [SRJ-IND] B152PR sym=USDJPY bar=2026.06.03 18:50 z1=261,B,157.184,157.192,2026.05.12 03:00,1,2026.05.12 08:55,157.714,156.726"
2700,JUNE0525-B162,1617DC1ACCE6B50ED2D1359582A70A8B8503C569623EE90C18C6B33542796207,Tester/logs/20261011.log,975470,2026-06-03,18:55,B152PR,"DI	0	00:08:52.229	Core 04	2026.06.03 18:55:33   [SRJ-IND] B152PR sym=USDJPY bar=2026.06.03 18:50 z1=313,B,157.331,157.497,2026.05.12 10:00,1,2026.05.12 10:10,157.546,157.487"
2701,JUNE0525-B162,1617DC1ACCE6B50ED2D1359582A70A8B8503C569623EE90C18C6B33542796207,Tester/logs/20261011.log,975471,2026-06-03,18:55,B152PR,"IR	0	00:08:52.229	Core 04	2026.06.03 18:55:33   [SRJ-IND] B152PR sym=USDJPY bar=2026.06.03 18:50 z1=414,B,157.517,157.589,2026.05.13 01:10,1,2026.05.13 01:20,157.607,157.587"
2702,JUNE0525-B162,1617DC1ACCE6B50ED2D1359582A70A8B8503C569623EE90C18C6B33542796207,Tester/logs/20261011.log,975472,2026-06-03,18:55,B152PR,"ND	0	00:08:52.229	Core 04	2026.06.03 18:55:33   [SRJ-IND] B152PR sym=USDJPY bar=2026.06.03 18:50 z1=447,B,157.562,157.648,2026.05.13 06:20,1,2026.05.13 06:25,157.662,157.648"
2703,JUNE0525-B162,1617DC1ACCE6B50ED2D1359582A70A8B8503C569623EE90C18C6B33542796207,Tester/logs/20261011.log,975473,2026-06-03,18:55,B152PR,"MN	0	00:08:52.229	Core 04	2026.06.03 18:55:33   [SRJ-IND] B152PR sym=USDJPY bar=2026.06.03 18:50 z1=449,B,157.599,157.654,2026.05.13 05:15,1,2026.05.13 05:45,157.687,157.652"
2704,JUNE0525-B162,1617DC1ACCE6B50ED2D1359582A70A8B8503C569623EE90C18C6B33542796207,Tester/logs/20261011.log,975474,2026-06-03,18:55,B152PR,"DP	0	00:08:52.229	Core 04	2026.06.03 18:55:33   [SRJ-IND] B152PR sym=USDJPY bar=2026.06.03 18:50 z1=460,B,157.645,157.660,2026.05.13 07:05,1,2026.05.14 00:25,157.812,157.650"
2705,JUNE0525-B162,1617DC1ACCE6B50ED2D1359582A70A8B8503C569623EE90C18C6B33542796207,Tester/logs/20261011.log,975475,2026-06-03,18:55,B152PR,"LJ	0	00:08:52.229	Core 04	2026.06.03 18:55:33   [SRJ-IND] B152PR sym=USDJPY bar=2026.06.03 18:50 z1=696,B,157.568,158.167,2026.05.14 18:05,1,2026.05.14 18:10,158.191,158.119"
2706,JUNE0525-B162,1617DC1ACCE6B50ED2D1359582A70A8B8503C569623EE90C18C6B33542796207,Tester/logs/20261011.log,975476,2026-06-03,18:55,B152PR,"DL	0	00:08:52.229	Core 04	2026.06.03 18:55:33   [SRJ-IND] B152PR sym=USDJPY bar=2026.06.03 18:50 z1=714,B,158.107,158.142,2026.05.14 19:30,1,2026.05.14 20:00,158.169,158.142"
2707,JUNE0525-B162,1617DC1ACCE6B50ED2D1359582A70A8B8503C569623EE90C18C6B33542796207,Tester/logs/20261011.log,975477,2026-06-03,18:55,B152PR,"EF	0	00:08:52.229	Core 04	2026.06.03 18:55:33   [SRJ-IND] B152PR sym=USDJPY bar=2026.06.03 18:50 z1=724,B,158.168,158.186,2026.05.14 21:00,1,2026.05.14 21:05,158.191,158.182"
2708,JUNE0525-B162,1617DC1ACCE6B50ED2D1359582A70A8B8503C569623EE90C18C6B33542796207,Tester/logs/20261011.log,975478,2026-06-03,18:55,B152PR,"GK	0	00:08:52.229	Core 04	2026.06.03 18:55:33   [SRJ-IND] B152PR sym=USDJPY bar=2026.06.03 18:50 z1=1405,B,158.735,158.769,2026.05.20 19:00,1,2026.05.20 19:05,158.816,158.753"
2709,JUNE0525-B162,1617DC1ACCE6B50ED2D1359582A70A8B8503C569623EE90C18C6B33542796207,Tester/logs/20261011.log,975479,2026-06-03,18:55,B152PR,"MQ	0	00:08:52.229	Core 04	2026.06.03 18:55:33   [SRJ-IND] B152PR sym=USDJPY bar=2026.06.03 18:50 z1=1779,B,158.756,158.800,2026.05.25 06:45,1,2026.05.26 00:00,158.887,158.784"
2710,JUNE0525-B162,1617DC1ACCE6B50ED2D1359582A70A8B8503C569623EE90C18C6B33542796207,Tester/logs/20261011.log,975480,2026-06-03,18:55,B152PR,"PG	0	00:08:52.229	Core 04	2026.06.03 18:55:33   [SRJ-IND] B152PR sym=USDJPY bar=2026.06.03 18:50 z1=1780,B,158.789,158.814,2026.05.25 04:50,1,2026.05.26 00:00,158.887,158.784"
2711,JUNE0525-B162,1617DC1ACCE6B50ED2D1359582A70A8B8503C569623EE90C18C6B33542796207,Tester/logs/20261011.log,975481,2026-06-03,18:55,B152PR,"IM	0	00:08:52.229	Core 04	2026.06.03 18:55:33   [SRJ-IND] B152PR sym=USDJPY bar=2026.06.03 18:50 z1=1949,B,158.916,158.934,2026.05.26 07:25,1,2026.05.26 07:30,158.942,158.934"
2712,JUNE0525-B162,1617DC1ACCE6B50ED2D1359582A70A8B8503C569623EE90C18C6B33542796207,Tester/logs/20261011.log,975482,2026-06-03,18:55,B152PR,"PS	0	00:08:52.229	Core 04	2026.06.03 18:55:33   [SRJ-IND] B152PR sym=USDJPY bar=2026.06.03 18:50 z1=2509,B,159.134,159.195,2026.05.29 19:10,1,2026.05.29 19:35,159.215,159.186"
2713,JUNE0525-B162,1617DC1ACCE6B50ED2D1359582A70A8B8503C569623EE90C18C6B33542796207,Tester/logs/20261011.log,975483,2026-06-03,18:55,B152PR,"QI	0	00:08:52.229	Core 04	2026.06.03 18:55:33   [SRJ-IND] B152PR sym=USDJPY bar=2026.06.03 18:50 z1=2566,B,159.382,159.407,2026.06.01 03:15,1,2026.06.03 11:30,159.790,159.368"
2714,JUNE0525-B162,1617DC1ACCE6B50ED2D1359582A70A8B8503C569623EE90C18C6B33542796207,Tester/logs/20261011.log,975484,2026-06-03,18:55,B152PR,"GO	0	00:08:52.229	Core 04	2026.06.03 18:55:33   [SRJ-IND] B152PR sym=USDJPY bar=2026.06.03 18:50 z1=2648,B,159.435,159.481,2026.06.01 16:00,1,2026.06.03 11:30,159.790,159.368"
2715,JUNE0525-B162,1617DC1ACCE6B50ED2D1359582A70A8B8503C569623EE90C18C6B33542796207,Tester/logs/20261011.log,975485,2026-06-03,18:55,B152PR,"LE	0	00:08:52.229	Core 04	2026.06.03 18:55:33   [SRJ-IND] B152PR sym=USDJPY bar=2026.06.03 18:50 z1=2716,B,159.576,159.603,2026.06.02 03:10,1,2026.06.03 10:35,159.787,159.550"
2716,JUNE0525-B162,1617DC1ACCE6B50ED2D1359582A70A8B8503C569623EE90C18C6B33542796207,Tester/logs/20261011.log,975486,2026-06-03,18:55,B152PR,"FK	0	00:08:52.229	Core 04	2026.06.03 18:55:33   [SRJ-IND] B152PR sym=USDJPY bar=2026.06.03 18:50 z1=2720,B,159.586,159.605,2026.06.02 01:05,1,2026.06.03 10:35,159.787,159.550"
2717,JUNE0525-B162,1617DC1ACCE6B50ED2D1359582A70A8B8503C569623EE90C18C6B33542796207,Tester/logs/20261011.log,975487,2026-06-03,18:55,B152PR,"JQ	0	00:08:52.229	Core 04	2026.06.03 18:55:33   [SRJ-IND] B152PR sym=USDJPY bar=2026.06.03 18:50 z1=2945,B,159.579,159.675,2026.06.03 11:15,1,2026.06.03 11:25,159.727,159.674"
2718,JUNE0525-B162,1617DC1ACCE6B50ED2D1359582A70A8B8503C569623EE90C18C6B33542796207,Tester/logs/20261011.log,975488,2026-06-03,18:55,B152PR,"NG	0	00:08:52.229	Core 04	2026.06.03 18:55:33   [SRJ-IND] B152PR sym=USDJPY bar=2026.06.03 18:50 z1=2979,B,159.861,159.913,2026.06.03 16:00,1,2026.06.03 16:05,159.919,159.899"
2719,JUNE0525-B162,1617DC1ACCE6B50ED2D1359582A70A8B8503C569623EE90C18C6B33542796207,Tester/logs/20261011.log,975489,2026-06-03,18:55,B152PR,"QO	0	00:08:52.229	Core 04	2026.06.03 18:55:33   [SRJ-IND] B152PR sym=USDJPY bar=2026.06.03 18:50 bull=1 bear=0 nz=24"
2720,JUNE0525-B162,1617DC1ACCE6B50ED2D1359582A70A8B8503C569623EE90C18C6B33542796207,Tester/logs/20261011.log,975490,2026-06-03,18:55,B162ORIGIN,"QE	0	00:08:52.229	Core 04	2026.06.03 18:55:33   [SRJ-IND] B162ORIGIN sym=USDJPY bar=2026.06.03 18:50 side=B n=24 origin=2979 range=159.861-159.913 formT=2026.06.03 15:40 set=65,78,212,256,261,313,414,447,449,460,696,714,724,1405,1779,1780,1949,2509,2566,2648,2716,2720,2945,2979"
2721,JUNE0525-B162,1617DC1ACCE6B50ED2D1359582A70A8B8503C569623EE90C18C6B33542796207,Tester/logs/20261011.log,975491,2026-06-03,18:55,B162ORIGIN,"CP	0	00:08:52.229	Core 04	2026.06.03 18:55:33   [SRJ-IND] B162ORIGIN sym=USDJPY bar=2026.06.03 18:50 side=S n=0 origin=NONE range=- formT=- set=-"
2722,JUNE0525-B162,1617DC1ACCE6B50ED2D1359582A70A8B8503C569623EE90C18C6B33542796207,Tester/logs/20261011.log,975503,2026-06-03,18:55,CONFIRMPOLL,"EQ	0	00:08:52.229	Core 04	2026.06.03 18:55:33   [SRJ-EA] CONFIRMPOLL bar=2026.06.03 18:50 anchor=Daily-POC dir=LONG oppCandle=0 bodyDir=1 body=1pts doji=0 touchAttr=1 confirm=0 shadow=true"
2723,JUNE0525-B162,1617DC1ACCE6B50ED2D1359582A70A8B8503C569623EE90C18C6B33542796207,Tester/logs/20261011.log,975505,2026-06-03,18:55,STATE,"JM	0	00:08:52.229	Core 04	2026.06.03 18:55:33   [SRJ-EA] 2026.06.03 18:55:33 STATE S1_REGIME->S2_LTF_ALIGN dir=LONG poi=Daily-POC"
2724,JUNE0525-B162,1617DC1ACCE6B50ED2D1359582A70A8B8503C569623EE90C18C6B33542796207,Tester/logs/20261011.log,975506,2026-06-03,18:55,STATE,"CQ	0	00:08:52.229	Core 04	2026.06.03 18:55:33   [SRJ-EA] 2026.06.03 18:55:33 STATE S2_LTF_ALIGN->S3_ZONE_WAIT dir=LONG poi=Daily-POC"
2725,JUNE0525-B162,1617DC1ACCE6B50ED2D1359582A70A8B8503C569623EE90C18C6B33542796207,Tester/logs/20261011.log,975510,2026-06-03,18:55,XOBPROMO,"MN	0	00:08:52.229	Core 04	2026.06.03 18:55:33   [SRJ-EA] XOBPROMO bar=2026.06.03 18:50 site=S3PICK xobId=2979 raw=1780502400.0 promoT=2026.06.03 16:00"
2726,JUNE0525-B162,1617DC1ACCE6B50ED2D1359582A70A8B8503C569623EE90C18C6B33542796207,Tester/logs/20261011.log,975511,2026-06-03,18:55,ZONEPICK,"NQ	0	00:08:52.229	Core 04	2026.06.03 18:55:33   [SRJ-EA] ZONEPICK bar=2026.06.03 18:50 dir=LONG haveFvg=0 fvgInPlay=0 haveXob=1 xobInPlay=0 downgraded=0 fvg=--- xob=159.861-159.913"
2727,JUNE0525-B162,1617DC1ACCE6B50ED2D1359582A70A8B8503C569623EE90C18C6B33542796207,Tester/logs/20261011.log,975526,2026-06-03,18:55,INPLAYCOMMIT,"KP	0	00:08:52.229	Core 04	2026.06.03 18:55:33   [SRJ-EA] INPLAYCOMMIT bar=2026.06.03 18:50 dir=LONG zoneSrc=XOB zoneLo=159.861 zoneHi=159.913 promoT=2026.06.03 16:00 applied=1 bounded=1 scanned=38 swings=10 hits=3 firstShift=20 firstVal=159.897 commitVia=SWING legacy=0 legacyVia=none committed=1 changed=1 haveStop=1"
2728,JUNE0525-B162,1617DC1ACCE6B50ED2D1359582A70A8B8503C569623EE90C18C6B33542796207,Tester/logs/20261011.log,975527,2026-06-03,18:55,STATE,"HF	0	00:08:52.229	Core 04	2026.06.03 18:55:33   [SRJ-EA] 2026.06.03 18:55:33 STATE S3_ZONE_WAIT->S4_ARMED dir=LONG poi=Daily-POC"
2729,JUNE0525-B162,1617DC1ACCE6B50ED2D1359582A70A8B8503C569623EE90C18C6B33542796207,Tester/logs/20261011.log,975537,2026-06-03,19:00,B152PR,"DL	0	00:08:52.229	Core 04	2026.06.03 19:00:00   [SRJ-IND] B152PR sym=USDJPY bar=2026.06.03 18:55 z1=65,B,156.672,156.773,2026.05.11 04:10,1,2026.05.12 08:55,157.714,156.726"
2730,JUNE0525-B162,1617DC1ACCE6B50ED2D1359582A70A8B8503C569623EE90C18C6B33542796207,Tester/logs/20261011.log,975538,2026-06-03,19:00,B152PR,"DR	0	00:08:52.229	Core 04	2026.06.03 19:00:00   [SRJ-IND] B152PR sym=USDJPY bar=2026.06.03 18:55 z1=78,B,156.578,156.584,2026.05.11 00:35,1,2026.05.11 00:40,156.644,156.537"
2731,JUNE0525-B162,1617DC1ACCE6B50ED2D1359582A70A8B8503C569623EE90C18C6B33542796207,Tester/logs/20261011.log,975539,2026-06-03,19:00,B152PR,"FK	0	00:08:52.229	Core 04	2026.06.03 19:00:00   [SRJ-IND] B152PR sym=USDJPY bar=2026.06.03 18:55 z1=212,B,157.028,157.060,2026.05.11 19:20,1,2026.05.12 00:00,157.152,157.050"
2732,JUNE0525-B162,1617DC1ACCE6B50ED2D1359582A70A8B8503C569623EE90C18C6B33542796207,Tester/logs/20261011.log,975540,2026-06-03,19:00,B152PR,"FM	0	00:08:52.229	Core 04	2026.06.03 19:00:00   [SRJ-IND] B152PR sym=USDJPY bar=2026.06.03 18:55 z1=256,B,157.172,157.178,2026.05.12 01:25,1,2026.05.12 08:55,157.714,156.726"
2733,JUNE0525-B162,1617DC1ACCE6B50ED2D1359582A70A8B8503C569623EE90C18C6B33542796207,Tester/logs/20261011.log,975541,2026-06-03,19:00,B152PR,"LG	0	00:08:52.229	Core 04	2026.06.03 19:00:00   [SRJ-IND] B152PR sym=USDJPY bar=2026.06.03 18:55 z1=261,B,157.184,157.192,2026.05.12 03:00,1,2026.05.12 08:55,157.714,156.726"
2734,JUNE0525-B162,1617DC1ACCE6B50ED2D1359582A70A8B8503C569623EE90C18C6B33542796207,Tester/logs/20261011.log,975542,2026-06-03,19:00,B152PR,"HI	0	00:08:52.229	Core 04	2026.06.03 19:00:00   [SRJ-IND] B152PR sym=USDJPY bar=2026.06.03 18:55 z1=313,B,157.331,157.497,2026.05.12 10:00,1,2026.05.12 10:10,157.546,157.487"
2735,JUNE0525-B162,1617DC1ACCE6B50ED2D1359582A70A8B8503C569623EE90C18C6B33542796207,Tester/logs/20261011.log,975543,2026-06-03,19:00,B152PR,"ER	0	00:08:52.229	Core 04	2026.06.03 19:00:00   [SRJ-IND] B152PR sym=USDJPY bar=2026.06.03 18:55 z1=414,B,157.517,157.589,2026.05.13 01:10,1,2026.05.13 01:20,157.607,157.587"
2736,JUNE0525-B162,1617DC1ACCE6B50ED2D1359582A70A8B8503C569623EE90C18C6B33542796207,Tester/logs/20261011.log,975544,2026-06-03,19:00,B152PR,"RD	0	00:08:52.229	Core 04	2026.06.03 19:00:00   [SRJ-IND] B152PR sym=USDJPY bar=2026.06.03 18:55 z1=447,B,157.562,157.648,2026.05.13 06:20,1,2026.05.13 06:25,157.662,157.648"
2737,JUNE0525-B162,1617DC1ACCE6B50ED2D1359582A70A8B8503C569623EE90C18C6B33542796207,Tester/logs/20261011.log,975545,2026-06-03,19:00,B152PR,"QN	0	00:08:52.229	Core 04	2026.06.03 19:00:00   [SRJ-IND] B152PR sym=USDJPY bar=2026.06.03 18:55 z1=449,B,157.599,157.654,2026.05.13 05:15,1,2026.05.13 05:45,157.687,157.652"
2738,JUNE0525-B162,1617DC1ACCE6B50ED2D1359582A70A8B8503C569623EE90C18C6B33542796207,Tester/logs/20261011.log,975546,2026-06-03,19:00,B152PR,"HP	0	00:08:52.229	Core 04	2026.06.03 19:00:00   [SRJ-IND] B152PR sym=USDJPY bar=2026.06.03 18:55 z1=460,B,157.645,157.660,2026.05.13 07:05,1,2026.05.14 00:25,157.812,157.650"
2739,JUNE0525-B162,1617DC1ACCE6B50ED2D1359582A70A8B8503C569623EE90C18C6B33542796207,Tester/logs/20261011.log,975547,2026-06-03,19:00,B152PR,"PJ	0	00:08:52.229	Core 04	2026.06.03 19:00:00   [SRJ-IND] B152PR sym=USDJPY bar=2026.06.03 18:55 z1=696,B,157.568,158.167,2026.05.14 18:05,1,2026.05.14 18:10,158.191,158.119"
2740,JUNE0525-B162,1617DC1ACCE6B50ED2D1359582A70A8B8503C569623EE90C18C6B33542796207,Tester/logs/20261011.log,975548,2026-06-03,19:00,B152PR,"HL	0	00:08:52.229	Core 04	2026.06.03 19:00:00   [SRJ-IND] B152PR sym=USDJPY bar=2026.06.03 18:55 z1=714,B,158.107,158.142,2026.05.14 19:30,1,2026.05.14 20:00,158.169,158.142"
2741,JUNE0525-B162,1617DC1ACCE6B50ED2D1359582A70A8B8503C569623EE90C18C6B33542796207,Tester/logs/20261011.log,975549,2026-06-03,19:00,B152PR,"IF	0	00:08:52.229	Core 04	2026.06.03 19:00:00   [SRJ-IND] B152PR sym=USDJPY bar=2026.06.03 18:55 z1=724,B,158.168,158.186,2026.05.14 21:00,1,2026.05.14 21:05,158.191,158.182"
2742,JUNE0525-B162,1617DC1ACCE6B50ED2D1359582A70A8B8503C569623EE90C18C6B33542796207,Tester/logs/20261011.log,975550,2026-06-03,19:00,B152PR,"CK	0	00:08:52.229	Core 04	2026.06.03 19:00:00   [SRJ-IND] B152PR sym=USDJPY bar=2026.06.03 18:55 z1=1405,B,158.735,158.769,2026.05.20 19:00,1,2026.05.20 19:05,158.816,158.753"
2743,JUNE0525-B162,1617DC1ACCE6B50ED2D1359582A70A8B8503C569623EE90C18C6B33542796207,Tester/logs/20261011.log,975551,2026-06-03,19:00,B152PR,"QQ	0	00:08:52.229	Core 04	2026.06.03 19:00:00   [SRJ-IND] B152PR sym=USDJPY bar=2026.06.03 18:55 z1=1779,B,158.756,158.800,2026.05.25 06:45,1,2026.05.26 00:00,158.887,158.784"
2744,JUNE0525-B162,1617DC1ACCE6B50ED2D1359582A70A8B8503C569623EE90C18C6B33542796207,Tester/logs/20261011.log,975552,2026-06-03,19:00,B152PR,"LG	0	00:08:52.229	Core 04	2026.06.03 19:00:00   [SRJ-IND] B152PR sym=USDJPY bar=2026.06.03 18:55 z1=1780,B,158.789,158.814,2026.05.25 04:50,1,2026.05.26 00:00,158.887,158.784"
2745,JUNE0525-B162,1617DC1ACCE6B50ED2D1359582A70A8B8503C569623EE90C18C6B33542796207,Tester/logs/20261011.log,975553,2026-06-03,19:00,B152PR,"EM	0	00:08:52.229	Core 04	2026.06.03 19:00:00   [SRJ-IND] B152PR sym=USDJPY bar=2026.06.03 18:55 z1=1949,B,158.916,158.934,2026.05.26 07:25,1,2026.05.26 07:30,158.942,158.934"
2746,JUNE0525-B162,1617DC1ACCE6B50ED2D1359582A70A8B8503C569623EE90C18C6B33542796207,Tester/logs/20261011.log,975554,2026-06-03,19:00,B152PR,"LS	0	00:08:52.229	Core 04	2026.06.03 19:00:00   [SRJ-IND] B152PR sym=USDJPY bar=2026.06.03 18:55 z1=2509,B,159.134,159.195,2026.05.29 19:10,1,2026.05.29 19:35,159.215,159.186"
2747,JUNE0525-B162,1617DC1ACCE6B50ED2D1359582A70A8B8503C569623EE90C18C6B33542796207,Tester/logs/20261011.log,975555,2026-06-03,19:00,B152PR,"MI	0	00:08:52.229	Core 04	2026.06.03 19:00:00   [SRJ-IND] B152PR sym=USDJPY bar=2026.06.03 18:55 z1=2566,B,159.382,159.407,2026.06.01 03:15,1,2026.06.03 11:30,159.790,159.368"
2748,JUNE0525-B162,1617DC1ACCE6B50ED2D1359582A70A8B8503C569623EE90C18C6B33542796207,Tester/logs/20261011.log,975556,2026-06-03,19:00,B152PR,"CO	0	00:08:52.229	Core 04	2026.06.03 19:00:00   [SRJ-IND] B152PR sym=USDJPY bar=2026.06.03 18:55 z1=2648,B,159.435,159.481,2026.06.01 16:00,1,2026.06.03 11:30,159.790,159.368"
2749,JUNE0525-B162,1617DC1ACCE6B50ED2D1359582A70A8B8503C569623EE90C18C6B33542796207,Tester/logs/20261011.log,975557,2026-06-03,19:00,B152PR,"PE	0	00:08:52.229	Core 04	2026.06.03 19:00:00   [SRJ-IND] B152PR sym=USDJPY bar=2026.06.03 18:55 z1=2716,B,159.576,159.603,2026.06.02 03:10,1,2026.06.03 10:35,159.787,159.550"
2750,JUNE0525-B162,1617DC1ACCE6B50ED2D1359582A70A8B8503C569623EE90C18C6B33542796207,Tester/logs/20261011.log,975558,2026-06-03,19:00,B152PR,"JK	0	00:08:52.229	Core 04	2026.06.03 19:00:00   [SRJ-IND] B152PR sym=USDJPY bar=2026.06.03 18:55 z1=2720,B,159.586,159.605,2026.06.02 01:05,1,2026.06.03 10:35,159.787,159.550"
2751,JUNE0525-B162,1617DC1ACCE6B50ED2D1359582A70A8B8503C569623EE90C18C6B33542796207,Tester/logs/20261011.log,975559,2026-06-03,19:00,B152PR,"FQ	0	00:08:52.229	Core 04	2026.06.03 19:00:00   [SRJ-IND] B152PR sym=USDJPY bar=2026.06.03 18:55 z1=2945,B,159.579,159.675,2026.06.03 11:15,1,2026.06.03 11:25,159.727,159.674"
2752,JUNE0525-B162,1617DC1ACCE6B50ED2D1359582A70A8B8503C569623EE90C18C6B33542796207,Tester/logs/20261011.log,975560,2026-06-03,19:00,B152PR,"RG	0	00:08:52.229	Core 04	2026.06.03 19:00:00   [SRJ-IND] B152PR sym=USDJPY bar=2026.06.03 18:55 z1=2979,B,159.861,159.913,2026.06.03 16:00,1,2026.06.03 16:05,159.919,159.899"
2753,JUNE0525-B162,1617DC1ACCE6B50ED2D1359582A70A8B8503C569623EE90C18C6B33542796207,Tester/logs/20261011.log,975561,2026-06-03,19:00,B152PR,"MO	0	00:08:52.229	Core 04	2026.06.03 19:00:00   [SRJ-IND] B152PR sym=USDJPY bar=2026.06.03 18:55 bull=1 bear=0 nz=24"
2754,JUNE0525-B162,1617DC1ACCE6B50ED2D1359582A70A8B8503C569623EE90C18C6B33542796207,Tester/logs/20261011.log,975562,2026-06-03,19:00,B162ORIGIN,"ME	0	00:08:52.229	Core 04	2026.06.03 19:00:00   [SRJ-IND] B162ORIGIN sym=USDJPY bar=2026.06.03 18:55 side=B n=24 origin=2979 range=159.861-159.913 formT=2026.06.03 15:40 set=65,78,212,256,261,313,414,447,449,460,696,714,724,1405,1779,1780,1949,2509,2566,2648,2716,2720,2945,2979"
2755,JUNE0525-B162,1617DC1ACCE6B50ED2D1359582A70A8B8503C569623EE90C18C6B33542796207,Tester/logs/20261011.log,975563,2026-06-03,19:00,B162ORIGIN,"GP	0	00:08:52.229	Core 04	2026.06.03 19:00:00   [SRJ-IND] B162ORIGIN sym=USDJPY bar=2026.06.03 18:55 side=S n=0 origin=NONE range=- formT=- set=-"
2756,JUNE0525-B162,1617DC1ACCE6B50ED2D1359582A70A8B8503C569623EE90C18C6B33542796207,Tester/logs/20261011.log,975568,2026-06-03,19:00,ABORT,"KI	0	00:08:52.229	Core 04	2026.06.03 19:00:00   [SRJ-EA] 2026.06.03 19:00:00 ABORT reason=FRESH_OB_DEAD state=S4_ARMED poi=Daily-POC dir=LONG"
2757,JUNE0525-B162,1617DC1ACCE6B50ED2D1359582A70A8B8503C569623EE90C18C6B33542796207,Tester/logs/20261011.log,975569,2026-06-03,19:00,A6REFUSED,"IO	0	00:08:52.229	Core 04	2026.06.03 19:00:00   [SRJ-EA] A6REFUSED class=ABSENT_DECLINED bar=2026.06.03 19:00 state=S4_ARMED dir=LONG predicate=FRESH_OB_DEAD"
2758,JUNE0525-B162,1617DC1ACCE6B50ED2D1359582A70A8B8503C569623EE90C18C6B33542796207,Tester/logs/20261011.log,975571,2026-06-03,19:00,STATE,"KO	0	00:08:52.229	Core 04	2026.06.03 19:00:00   [SRJ-EA] 2026.06.03 19:00:00 STATE S4_ARMED->ABORT dir=LONG poi=Daily-POC"
