pack_line,run,ea_sha,journal_file,journal_line,server_date,server_time,tag,raw
1,JUNE0525-B157,1617DC1ACCE6B50ED2D1359582A70A8B8503C569623EE90C18C6B33542796207,Tester/logs/20261010.log,3010943,2026-06-01,09:00,B152PR,"QP	0	18:16:49.648	Core 04	2026.06.01 09:00:00   [SRJ-IND] B152PR sym=USDJPY bar=2026.06.01 08:55 z1=65,B,156.672,156.773,2026.05.11 04:10,1,2026.05.12 08:55,157.714,156.726"
2,JUNE0525-B157,1617DC1ACCE6B50ED2D1359582A70A8B8503C569623EE90C18C6B33542796207,Tester/logs/20261010.log,3010944,2026-06-01,09:00,B152PR,"QF	0	18:16:49.648	Core 04	2026.06.01 09:00:00   [SRJ-IND] B152PR sym=USDJPY bar=2026.06.01 08:55 z1=78,B,156.578,156.584,2026.05.11 00:35,1,2026.05.11 00:40,156.644,156.537"
3,JUNE0525-B157,1617DC1ACCE6B50ED2D1359582A70A8B8503C569623EE90C18C6B33542796207,Tester/logs/20261010.log,3010945,2026-06-01,09:00,B152PR,"OO	0	18:16:49.648	Core 04	2026.06.01 09:00:00   [SRJ-IND] B152PR sym=USDJPY bar=2026.06.01 08:55 z1=212,B,157.028,157.060,2026.05.11 19:20,1,2026.05.12 00:00,157.152,157.050"
4,JUNE0525-B157,1617DC1ACCE6B50ED2D1359582A70A8B8503C569623EE90C18C6B33542796207,Tester/logs/20261010.log,3010946,2026-06-01,09:00,B152PR,"OQ	0	18:16:49.648	Core 04	2026.06.01 09:00:00   [SRJ-IND] B152PR sym=USDJPY bar=2026.06.01 08:55 z1=256,B,157.172,157.178,2026.05.12 01:25,1,2026.05.12 08:55,157.714,156.726"
5,JUNE0525-B157,1617DC1ACCE6B50ED2D1359582A70A8B8503C569623EE90C18C6B33542796207,Tester/logs/20261010.log,3010947,2026-06-01,09:00,B152PR,"IK	0	18:16:49.648	Core 04	2026.06.01 09:00:00   [SRJ-IND] B152PR sym=USDJPY bar=2026.06.01 08:55 z1=261,B,157.184,157.192,2026.05.12 03:00,1,2026.05.12 08:55,157.714,156.726"
6,JUNE0525-B157,1617DC1ACCE6B50ED2D1359582A70A8B8503C569623EE90C18C6B33542796207,Tester/logs/20261010.log,3010948,2026-06-01,09:00,B152PR,"MM	0	18:16:49.648	Core 04	2026.06.01 09:00:00   [SRJ-IND] B152PR sym=USDJPY bar=2026.06.01 08:55 z1=313,B,157.331,157.497,2026.05.12 10:00,1,2026.05.12 10:10,157.546,157.487"
7,JUNE0525-B157,1617DC1ACCE6B50ED2D1359582A70A8B8503C569623EE90C18C6B33542796207,Tester/logs/20261010.log,3010949,2026-06-01,09:00,B152PR,"PF	0	18:16:49.648	Core 04	2026.06.01 09:00:00   [SRJ-IND] B152PR sym=USDJPY bar=2026.06.01 08:55 z1=414,B,157.517,157.589,2026.05.13 01:10,1,2026.05.13 01:20,157.607,157.587"
8,JUNE0525-B157,1617DC1ACCE6B50ED2D1359582A70A8B8503C569623EE90C18C6B33542796207,Tester/logs/20261010.log,3010950,2026-06-01,09:00,B152PR,"CH	0	18:16:49.648	Core 04	2026.06.01 09:00:00   [SRJ-IND] B152PR sym=USDJPY bar=2026.06.01 08:55 z1=447,B,157.562,157.648,2026.05.13 06:20,1,2026.05.13 06:25,157.662,157.648"
9,JUNE0525-B157,1617DC1ACCE6B50ED2D1359582A70A8B8503C569623EE90C18C6B33542796207,Tester/logs/20261010.log,3010951,2026-06-01,09:00,B152PR,"DR	0	18:16:49.648	Core 04	2026.06.01 09:00:00   [SRJ-IND] B152PR sym=USDJPY bar=2026.06.01 08:55 z1=449,B,157.599,157.654,2026.05.13 05:15,1,2026.05.13 05:45,157.687,157.652"
10,JUNE0525-B157,1617DC1ACCE6B50ED2D1359582A70A8B8503C569623EE90C18C6B33542796207,Tester/logs/20261010.log,3010952,2026-06-01,09:00,B152PR,"MD	0	18:16:49.648	Core 04	2026.06.01 09:00:00   [SRJ-IND] B152PR sym=USDJPY bar=2026.06.01 08:55 z1=460,B,157.645,157.660,2026.05.13 07:05,1,2026.05.14 00:25,157.812,157.650"
11,JUNE0525-B157,1617DC1ACCE6B50ED2D1359582A70A8B8503C569623EE90C18C6B33542796207,Tester/logs/20261010.log,3010953,2026-06-01,09:00,B152PR,"EN	0	18:16:49.648	Core 04	2026.06.01 09:00:00   [SRJ-IND] B152PR sym=USDJPY bar=2026.06.01 08:55 z1=696,B,157.568,158.167,2026.05.14 18:05,1,2026.05.14 18:10,158.191,158.119"
12,JUNE0525-B157,1617DC1ACCE6B50ED2D1359582A70A8B8503C569623EE90C18C6B33542796207,Tester/logs/20261010.log,3010954,2026-06-01,09:00,B152PR,"MP	0	18:16:49.648	Core 04	2026.06.01 09:00:00   [SRJ-IND] B152PR sym=USDJPY bar=2026.06.01 08:55 z1=714,B,158.107,158.142,2026.05.14 19:30,1,2026.05.14 20:00,158.169,158.142"
13,JUNE0525-B157,1617DC1ACCE6B50ED2D1359582A70A8B8503C569623EE90C18C6B33542796207,Tester/logs/20261010.log,3010955,2026-06-01,09:00,B152PR,"PI	0	18:16:49.648	Core 04	2026.06.01 09:00:00   [SRJ-IND] B152PR sym=USDJPY bar=2026.06.01 08:55 z1=1405,B,158.735,158.769,2026.05.20 19:00,1,2026.05.20 19:05,158.816,158.753"
14,JUNE0525-B157,1617DC1ACCE6B50ED2D1359582A70A8B8503C569623EE90C18C6B33542796207,Tester/logs/20261010.log,3010956,2026-06-01,09:00,B152PR,"FO	0	18:16:49.648	Core 04	2026.06.01 09:00:00   [SRJ-IND] B152PR sym=USDJPY bar=2026.06.01 08:55 z1=1779,B,158.756,158.800,2026.05.25 06:45,1,2026.05.26 00:00,158.887,158.784"
15,JUNE0525-B157,1617DC1ACCE6B50ED2D1359582A70A8B8503C569623EE90C18C6B33542796207,Tester/logs/20261010.log,3010957,2026-06-01,09:00,B152PR,"GE	0	18:16:49.648	Core 04	2026.06.01 09:00:00   [SRJ-IND] B152PR sym=USDJPY bar=2026.06.01 08:55 z1=1780,B,158.789,158.814,2026.05.25 04:50,1,2026.05.26 00:00,158.887,158.784"
16,JUNE0525-B157,1617DC1ACCE6B50ED2D1359582A70A8B8503C569623EE90C18C6B33542796207,Tester/logs/20261010.log,3010958,2026-06-01,09:00,B152PR,"RK	0	18:16:49.648	Core 04	2026.06.01 09:00:00   [SRJ-IND] B152PR sym=USDJPY bar=2026.06.01 08:55 z1=1949,B,158.916,158.934,2026.05.26 07:25,1,2026.05.26 07:30,158.942,158.934"
17,JUNE0525-B157,1617DC1ACCE6B50ED2D1359582A70A8B8503C569623EE90C18C6B33542796207,Tester/logs/20261010.log,3010959,2026-06-01,09:00,B152PR,"CP	0	18:16:49.648	Core 04	2026.06.01 09:00:00   [SRJ-IND] B152PR sym=USDJPY bar=2026.06.01 08:55 z1=2271,S,159.524,159.574,2026.05.28 09:40,1,2026.05.28 11:25,159.524,159.488"
18,JUNE0525-B157,1617DC1ACCE6B50ED2D1359582A70A8B8503C569623EE90C18C6B33542796207,Tester/logs/20261010.log,3010960,2026-06-01,09:00,B152PR,"RF	0	18:16:49.648	Core 04	2026.06.01 09:00:00   [SRJ-IND] B152PR sym=USDJPY bar=2026.06.01 08:55 z1=2277,S,159.551,159.575,2026.05.28 08:40,1,2026.05.28 08:50,159.556,159.541"
19,JUNE0525-B157,1617DC1ACCE6B50ED2D1359582A70A8B8503C569623EE90C18C6B33542796207,Tester/logs/20261010.log,3010961,2026-06-01,09:00,B152PR,"ML	0	18:16:49.648	Core 04	2026.06.01 09:00:00   [SRJ-IND] B152PR sym=USDJPY bar=2026.06.01 08:55 z1=2299,S,159.488,159.524,2026.05.28 11:45,1,2026.05.28 17:00,159.491,159.448"
20,JUNE0525-B157,1617DC1ACCE6B50ED2D1359582A70A8B8503C569623EE90C18C6B33542796207,Tester/logs/20261010.log,3010962,2026-06-01,09:00,B152PR,"GS	0	18:16:49.648	Core 04	2026.06.01 09:00:00   [SRJ-IND] B152PR sym=USDJPY bar=2026.06.01 08:55 z1=2509,B,159.134,159.195,2026.05.29 19:10,1,2026.05.29 19:35,159.215,159.186"
21,JUNE0525-B157,1617DC1ACCE6B50ED2D1359582A70A8B8503C569623EE90C18C6B33542796207,Tester/logs/20261010.log,3010963,2026-06-01,09:00,B152PR,"EK	0	18:16:49.648	Core 04	2026.06.01 09:00:00   [SRJ-IND] B152PR sym=USDJPY bar=2026.06.01 08:55 bull=1 bear=1 nz=20"
22,JUNE0525-B157,1617DC1ACCE6B50ED2D1359582A70A8B8503C569623EE90C18C6B33542796207,Tester/logs/20261010.log,3010968,2026-06-01,09:00,CQDRECHECK,"KK	0	18:16:49.648	Core 04	2026.06.01 09:00:00   [SRJ-EA] CQDRECHECK shift=2 passA=-2.0 passB=-2.0 diff=0 bar=2026.06.01 08:50 state=IDLE dir=NONE divLatch=0 hit1=0 hit2=365 mism=0"
23,JUNE0525-B157,1617DC1ACCE6B50ED2D1359582A70A8B8503C569623EE90C18C6B33542796207,Tester/logs/20261010.log,3010972,2026-06-01,09:05,B152PR,"FH	0	18:16:49.648	Core 04	2026.06.01 09:05:05   [SRJ-IND] B152PR sym=USDJPY bar=2026.06.01 09:00 z1=65,B,156.672,156.773,2026.05.11 04:10,1,2026.05.12 08:55,157.714,156.726"
24,JUNE0525-B157,1617DC1ACCE6B50ED2D1359582A70A8B8503C569623EE90C18C6B33542796207,Tester/logs/20261010.log,3010973,2026-06-01,09:05,B152PR,"NO	0	18:16:49.648	Core 04	2026.06.01 09:05:05   [SRJ-IND] B152PR sym=USDJPY bar=2026.06.01 09:00 z1=78,B,156.578,156.584,2026.05.11 00:35,1,2026.05.11 00:40,156.644,156.537"
25,JUNE0525-B157,1617DC1ACCE6B50ED2D1359582A70A8B8503C569623EE90C18C6B33542796207,Tester/logs/20261010.log,3010974,2026-06-01,09:05,B152PR,"DF	0	18:16:49.648	Core 04	2026.06.01 09:05:05   [SRJ-IND] B152PR sym=USDJPY bar=2026.06.01 09:00 z1=212,B,157.028,157.060,2026.05.11 19:20,1,2026.05.12 00:00,157.152,157.050"
26,JUNE0525-B157,1617DC1ACCE6B50ED2D1359582A70A8B8503C569623EE90C18C6B33542796207,Tester/logs/20261010.log,3010975,2026-06-01,09:05,B152PR,"DH	0	18:16:49.648	Core 04	2026.06.01 09:05:05   [SRJ-IND] B152PR sym=USDJPY bar=2026.06.01 09:00 z1=256,B,157.172,157.178,2026.05.12 01:25,1,2026.05.12 08:55,157.714,156.726"
27,JUNE0525-B157,1617DC1ACCE6B50ED2D1359582A70A8B8503C569623EE90C18C6B33542796207,Tester/logs/20261010.log,3010976,2026-06-01,09:05,B152PR,"FR	0	18:16:49.648	Core 04	2026.06.01 09:05:05   [SRJ-IND] B152PR sym=USDJPY bar=2026.06.01 09:00 z1=261,B,157.184,157.192,2026.05.12 03:00,1,2026.05.12 08:55,157.714,156.726"
28,JUNE0525-B157,1617DC1ACCE6B50ED2D1359582A70A8B8503C569623EE90C18C6B33542796207,Tester/logs/20261010.log,3010977,2026-06-01,09:05,B152PR,"RD	0	18:16:49.648	Core 04	2026.06.01 09:05:05   [SRJ-IND] B152PR sym=USDJPY bar=2026.06.01 09:00 z1=313,B,157.331,157.497,2026.05.12 10:00,1,2026.05.12 10:10,157.546,157.487"
29,JUNE0525-B157,1617DC1ACCE6B50ED2D1359582A70A8B8503C569623EE90C18C6B33542796207,Tester/logs/20261010.log,3010978,2026-06-01,09:05,B152PR,"CN	0	18:16:49.648	Core 04	2026.06.01 09:05:05   [SRJ-IND] B152PR sym=USDJPY bar=2026.06.01 09:00 z1=414,B,157.517,157.589,2026.05.13 01:10,1,2026.05.13 01:20,157.607,157.587"
30,JUNE0525-B157,1617DC1ACCE6B50ED2D1359582A70A8B8503C569623EE90C18C6B33542796207,Tester/logs/20261010.log,3010979,2026-06-01,09:05,B152PR,"PP	0	18:16:49.648	Core 04	2026.06.01 09:05:05   [SRJ-IND] B152PR sym=USDJPY bar=2026.06.01 09:00 z1=447,B,157.562,157.648,2026.05.13 06:20,1,2026.05.13 06:25,157.662,157.648"
31,JUNE0525-B157,1617DC1ACCE6B50ED2D1359582A70A8B8503C569623EE90C18C6B33542796207,Tester/logs/20261010.log,3010980,2026-06-01,09:05,B152PR,"GE	0	18:16:49.648	Core 04	2026.06.01 09:05:05   [SRJ-IND] B152PR sym=USDJPY bar=2026.06.01 09:00 z1=449,B,157.599,157.654,2026.05.13 05:15,1,2026.05.13 05:45,157.687,157.652"
32,JUNE0525-B157,1617DC1ACCE6B50ED2D1359582A70A8B8503C569623EE90C18C6B33542796207,Tester/logs/20261010.log,3010981,2026-06-01,09:05,B152PR,"RO	0	18:16:49.648	Core 04	2026.06.01 09:05:05   [SRJ-IND] B152PR sym=USDJPY bar=2026.06.01 09:00 z1=460,B,157.645,157.660,2026.05.13 07:05,1,2026.05.14 00:25,157.812,157.650"
33,JUNE0525-B157,1617DC1ACCE6B50ED2D1359582A70A8B8503C569623EE90C18C6B33542796207,Tester/logs/20261010.log,3010982,2026-06-01,09:05,B152PR,"RQ	0	18:16:49.648	Core 04	2026.06.01 09:05:05   [SRJ-IND] B152PR sym=USDJPY bar=2026.06.01 09:00 z1=696,B,157.568,158.167,2026.05.14 18:05,1,2026.05.14 18:10,158.191,158.119"
34,JUNE0525-B157,1617DC1ACCE6B50ED2D1359582A70A8B8503C569623EE90C18C6B33542796207,Tester/logs/20261010.log,3010983,2026-06-01,09:05,B152PR,"JK	0	18:16:49.648	Core 04	2026.06.01 09:05:05   [SRJ-IND] B152PR sym=USDJPY bar=2026.06.01 09:00 z1=714,B,158.107,158.142,2026.05.14 19:30,1,2026.05.14 20:00,158.169,158.142"
35,JUNE0525-B157,1617DC1ACCE6B50ED2D1359582A70A8B8503C569623EE90C18C6B33542796207,Tester/logs/20261010.log,3010984,2026-06-01,09:05,B152PR,"KN	0	18:16:49.648	Core 04	2026.06.01 09:05:05   [SRJ-IND] B152PR sym=USDJPY bar=2026.06.01 09:00 z1=1405,B,158.735,158.769,2026.05.20 19:00,1,2026.05.20 19:05,158.816,158.753"
36,JUNE0525-B157,1617DC1ACCE6B50ED2D1359582A70A8B8503C569623EE90C18C6B33542796207,Tester/logs/20261010.log,3010985,2026-06-01,09:05,B152PR,"ID	0	18:16:49.648	Core 04	2026.06.01 09:05:05   [SRJ-IND] B152PR sym=USDJPY bar=2026.06.01 09:00 z1=1779,B,158.756,158.800,2026.05.25 06:45,1,2026.05.26 00:00,158.887,158.784"
37,JUNE0525-B157,1617DC1ACCE6B50ED2D1359582A70A8B8503C569623EE90C18C6B33542796207,Tester/logs/20261010.log,3010986,2026-06-01,09:05,B152PR,"DJ	0	18:16:49.648	Core 04	2026.06.01 09:05:05   [SRJ-IND] B152PR sym=USDJPY bar=2026.06.01 09:00 z1=1780,B,158.789,158.814,2026.05.25 04:50,1,2026.05.26 00:00,158.887,158.784"
38,JUNE0525-B157,1617DC1ACCE6B50ED2D1359582A70A8B8503C569623EE90C18C6B33542796207,Tester/logs/20261010.log,3010987,2026-06-01,09:05,B152PR,"MP	0	18:16:49.648	Core 04	2026.06.01 09:05:05   [SRJ-IND] B152PR sym=USDJPY bar=2026.06.01 09:00 z1=1949,B,158.916,158.934,2026.05.26 07:25,1,2026.05.26 07:30,158.942,158.934"
39,JUNE0525-B157,1617DC1ACCE6B50ED2D1359582A70A8B8503C569623EE90C18C6B33542796207,Tester/logs/20261010.log,3010988,2026-06-01,09:05,B152PR,"HG	0	18:16:49.648	Core 04	2026.06.01 09:05:05   [SRJ-IND] B152PR sym=USDJPY bar=2026.06.01 09:00 z1=2271,S,159.524,159.574,2026.05.28 09:40,1,2026.05.28 11:25,159.524,159.488"
40,JUNE0525-B157,1617DC1ACCE6B50ED2D1359582A70A8B8503C569623EE90C18C6B33542796207,Tester/logs/20261010.log,3010989,2026-06-01,09:05,B152PR,"MM	0	18:16:49.648	Core 04	2026.06.01 09:05:05   [SRJ-IND] B152PR sym=USDJPY bar=2026.06.01 09:00 z1=2277,S,159.551,159.575,2026.05.28 08:40,1,2026.05.28 08:50,159.556,159.541"
41,JUNE0525-B157,1617DC1ACCE6B50ED2D1359582A70A8B8503C569623EE90C18C6B33542796207,Tester/logs/20261010.log,3010990,2026-06-01,09:05,B152PR,"RS	0	18:16:49.648	Core 04	2026.06.01 09:05:05   [SRJ-IND] B152PR sym=USDJPY bar=2026.06.01 09:00 z1=2299,S,159.488,159.524,2026.05.28 11:45,1,2026.05.28 17:00,159.491,159.448"
42,JUNE0525-B157,1617DC1ACCE6B50ED2D1359582A70A8B8503C569623EE90C18C6B33542796207,Tester/logs/20261010.log,3010991,2026-06-01,09:05,B152PR,"DH	0	18:16:49.648	Core 04	2026.06.01 09:05:05   [SRJ-IND] B152PR sym=USDJPY bar=2026.06.01 09:00 z1=2509,B,159.134,159.195,2026.05.29 19:10,1,2026.05.29 19:35,159.215,159.186"
43,JUNE0525-B157,1617DC1ACCE6B50ED2D1359582A70A8B8503C569623EE90C18C6B33542796207,Tester/logs/20261010.log,3010992,2026-06-01,09:05,B152PR,"JL	0	18:16:49.648	Core 04	2026.06.01 09:05:05   [SRJ-IND] B152PR sym=USDJPY bar=2026.06.01 09:00 bull=1 bear=1 nz=20"
44,JUNE0525-B157,1617DC1ACCE6B50ED2D1359582A70A8B8503C569623EE90C18C6B33542796207,Tester/logs/20261010.log,3010997,2026-06-01,09:05,CQDRECHECK,"EJ	0	18:16:49.648	Core 04	2026.06.01 09:05:05   [SRJ-EA] CQDRECHECK shift=2 passA=2.0 passB=2.0 diff=0 bar=2026.06.01 08:55 state=IDLE dir=NONE divLatch=0 hit1=0 hit2=366 mism=0"
45,JUNE0525-B157,1617DC1ACCE6B50ED2D1359582A70A8B8503C569623EE90C18C6B33542796207,Tester/logs/20261010.log,3011002,2026-06-01,09:05,CONFIRMPOLL,"FL	0	18:16:49.648	Core 04	2026.06.01 09:05:05   [SRJ-EA] CONFIRMPOLL bar=2026.06.01 09:00 anchor=Monthly-VWAP dir=LONG oppCandle=1 bodyDir=0 body=9pts doji=0 touchAttr=0 confirm=0 shadow=true"
46,JUNE0525-B157,1617DC1ACCE6B50ED2D1359582A70A8B8503C569623EE90C18C6B33542796207,Tester/logs/20261010.log,3011004,2026-06-01,09:05,STATE,"KL	0	18:16:49.648	Core 04	2026.06.01 09:05:05   [SRJ-EA] 2026.06.01 09:05:05 STATE IDLE->S1_REGIME dir=LONG poi=Monthly-VWAP"
47,JUNE0525-B157,1617DC1ACCE6B50ED2D1359582A70A8B8503C569623EE90C18C6B33542796207,Tester/logs/20261010.log,3011005,2026-06-01,09:05,ANCHOR_ELECT,"RN	0	18:16:49.648	Core 04	2026.06.01 09:05:05   [SRJ-EA] ANCHOR_ELECT bar=2026.06.01 09:00 action=SEED poi=Monthly-VWAP rank=7 tier=3 dir=LONG"
48,JUNE0525-B157,1617DC1ACCE6B50ED2D1359582A70A8B8503C569623EE90C18C6B33542796207,Tester/logs/20261010.log,3011015,2026-06-01,09:05,STATE,"QQ	0	18:16:49.648	Core 04	2026.06.01 09:05:05   [SRJ-EA] 2026.06.01 09:05:05 STATE S1_REGIME->S2_LTF_ALIGN dir=LONG poi=Monthly-VWAP"
49,JUNE0525-B157,1617DC1ACCE6B50ED2D1359582A70A8B8503C569623EE90C18C6B33542796207,Tester/logs/20261010.log,3011018,2026-06-01,09:05,STATE,"LO	0	18:16:49.648	Core 04	2026.06.01 09:05:05   [SRJ-EA] 2026.06.01 09:05:05 STATE S2_LTF_ALIGN->S3_ZONE_WAIT dir=LONG poi=Monthly-VWAP"
50,JUNE0525-B157,1617DC1ACCE6B50ED2D1359582A70A8B8503C569623EE90C18C6B33542796207,Tester/logs/20261010.log,3011022,2026-06-01,09:05,XOBPROMO,"JP	0	18:16:49.648	Core 04	2026.06.01 09:05:05   [SRJ-EA] XOBPROMO bar=2026.06.01 09:00 site=S3PICK xobId=2587 raw=1780304400.0 promoT=2026.06.01 09:00"
51,JUNE0525-B157,1617DC1ACCE6B50ED2D1359582A70A8B8503C569623EE90C18C6B33542796207,Tester/logs/20261010.log,3011023,2026-06-01,09:05,ZONEPICK,"HG	0	18:16:49.648	Core 04	2026.06.01 09:05:05   [SRJ-EA] ZONEPICK bar=2026.06.01 09:00 dir=LONG haveFvg=0 fvgInPlay=0 haveXob=1 xobInPlay=0 downgraded=0 fvg=--- xob=159.469-159.490"
52,JUNE0525-B157,1617DC1ACCE6B50ED2D1359582A70A8B8503C569623EE90C18C6B33542796207,Tester/logs/20261010.log,3011039,2026-06-01,09:05,INPLAYCOMMIT,"CM	0	18:16:49.648	Core 04	2026.06.01 09:05:05   [SRJ-EA] INPLAYCOMMIT bar=2026.06.01 09:00 dir=LONG zoneSrc=XOB zoneLo=159.469 zoneHi=159.490 promoT=2026.06.01 09:00 applied=1 bounded=1 scanned=8 swings=1 hits=0 firstShift=-1 firstVal=- commitVia=none legacy=0 legacyVia=none committed=0 changed=0 haveStop=1"
53,JUNE0525-B157,1617DC1ACCE6B50ED2D1359582A70A8B8503C569623EE90C18C6B33542796207,Tester/logs/20261010.log,3011044,2026-06-01,09:10,B152PR,"RJ	0	18:16:49.648	Core 04	2026.06.01 09:10:00   [SRJ-IND] B152PR sym=USDJPY bar=2026.06.01 09:05 z1=65,B,156.672,156.773,2026.05.11 04:10,1,2026.05.12 08:55,157.714,156.726"
54,JUNE0525-B157,1617DC1ACCE6B50ED2D1359582A70A8B8503C569623EE90C18C6B33542796207,Tester/logs/20261010.log,3011045,2026-06-01,09:10,B152PR,"JP	0	18:16:49.648	Core 04	2026.06.01 09:10:00   [SRJ-IND] B152PR sym=USDJPY bar=2026.06.01 09:05 z1=78,B,156.578,156.584,2026.05.11 00:35,1,2026.05.11 00:40,156.644,156.537"
55,JUNE0525-B157,1617DC1ACCE6B50ED2D1359582A70A8B8503C569623EE90C18C6B33542796207,Tester/logs/20261010.log,3011046,2026-06-01,09:10,B152PR,"PE	0	18:16:49.648	Core 04	2026.06.01 09:10:00   [SRJ-IND] B152PR sym=USDJPY bar=2026.06.01 09:05 z1=212,B,157.028,157.060,2026.05.11 19:20,1,2026.05.12 00:00,157.152,157.050"
56,JUNE0525-B157,1617DC1ACCE6B50ED2D1359582A70A8B8503C569623EE90C18C6B33542796207,Tester/logs/20261010.log,3011047,2026-06-01,09:10,B152PR,"PO	0	18:16:49.648	Core 04	2026.06.01 09:10:00   [SRJ-IND] B152PR sym=USDJPY bar=2026.06.01 09:05 z1=256,B,157.172,157.178,2026.05.12 01:25,1,2026.05.12 08:55,157.714,156.726"
57,JUNE0525-B157,1617DC1ACCE6B50ED2D1359582A70A8B8503C569623EE90C18C6B33542796207,Tester/logs/20261010.log,3011048,2026-06-01,09:10,B152PR,"RP	0	18:16:49.648	Core 04	2026.06.01 09:10:00   [SRJ-IND] B152PR sym=USDJPY bar=2026.06.01 09:05 z1=261,B,157.184,157.192,2026.05.12 03:00,1,2026.05.12 08:55,157.714,156.726"
58,JUNE0525-B157,1617DC1ACCE6B50ED2D1359582A70A8B8503C569623EE90C18C6B33542796207,Tester/logs/20261010.log,3011049,2026-06-01,09:10,B152PR,"FJ	0	18:16:49.648	Core 04	2026.06.01 09:10:00   [SRJ-IND] B152PR sym=USDJPY bar=2026.06.01 09:05 z1=313,B,157.331,157.497,2026.05.12 10:00,1,2026.05.12 10:10,157.546,157.487"
59,JUNE0525-B157,1617DC1ACCE6B50ED2D1359582A70A8B8503C569623EE90C18C6B33542796207,Tester/logs/20261010.log,3011050,2026-06-01,09:10,B152PR,"OL	0	18:16:49.648	Core 04	2026.06.01 09:10:00   [SRJ-IND] B152PR sym=USDJPY bar=2026.06.01 09:05 z1=414,B,157.517,157.589,2026.05.13 01:10,1,2026.05.13 01:20,157.607,157.587"
60,JUNE0525-B157,1617DC1ACCE6B50ED2D1359582A70A8B8503C569623EE90C18C6B33542796207,Tester/logs/20261010.log,3011051,2026-06-01,09:10,B152PR,"DF	0	18:16:49.648	Core 04	2026.06.01 09:10:00   [SRJ-IND] B152PR sym=USDJPY bar=2026.06.01 09:05 z1=447,B,157.562,157.648,2026.05.13 06:20,1,2026.05.13 06:25,157.662,157.648"
61,JUNE0525-B157,1617DC1ACCE6B50ED2D1359582A70A8B8503C569623EE90C18C6B33542796207,Tester/logs/20261010.log,3011052,2026-06-01,09:10,B152PR,"KH	0	18:16:49.648	Core 04	2026.06.01 09:10:00   [SRJ-IND] B152PR sym=USDJPY bar=2026.06.01 09:05 z1=449,B,157.599,157.654,2026.05.13 05:15,1,2026.05.13 05:45,157.687,157.652"
62,JUNE0525-B157,1617DC1ACCE6B50ED2D1359582A70A8B8503C569623EE90C18C6B33542796207,Tester/logs/20261010.log,3011053,2026-06-01,09:10,B152PR,"FR	0	18:16:49.648	Core 04	2026.06.01 09:10:00   [SRJ-IND] B152PR sym=USDJPY bar=2026.06.01 09:05 z1=460,B,157.645,157.660,2026.05.13 07:05,1,2026.05.14 00:25,157.812,157.650"
63,JUNE0525-B157,1617DC1ACCE6B50ED2D1359582A70A8B8503C569623EE90C18C6B33542796207,Tester/logs/20261010.log,3011054,2026-06-01,09:10,B152PR,"FD	0	18:16:49.648	Core 04	2026.06.01 09:10:00   [SRJ-IND] B152PR sym=USDJPY bar=2026.06.01 09:05 z1=696,B,157.568,158.167,2026.05.14 18:05,1,2026.05.14 18:10,158.191,158.119"
64,JUNE0525-B157,1617DC1ACCE6B50ED2D1359582A70A8B8503C569623EE90C18C6B33542796207,Tester/logs/20261010.log,3011055,2026-06-01,09:10,B152PR,"NN	0	18:16:49.648	Core 04	2026.06.01 09:10:00   [SRJ-IND] B152PR sym=USDJPY bar=2026.06.01 09:05 z1=714,B,158.107,158.142,2026.05.14 19:30,1,2026.05.14 20:00,158.169,158.142"
65,JUNE0525-B157,1617DC1ACCE6B50ED2D1359582A70A8B8503C569623EE90C18C6B33542796207,Tester/logs/20261010.log,3011056,2026-06-01,09:10,B152PR,"GP	0	18:16:49.648	Core 04	2026.06.01 09:10:00   [SRJ-IND] B152PR sym=USDJPY bar=2026.06.01 09:05 z1=1405,B,158.735,158.769,2026.05.20 19:00,1,2026.05.20 19:05,158.816,158.753"
66,JUNE0525-B157,1617DC1ACCE6B50ED2D1359582A70A8B8503C569623EE90C18C6B33542796207,Tester/logs/20261010.log,3011057,2026-06-01,09:10,B152PR,"MF	0	18:16:49.648	Core 04	2026.06.01 09:10:00   [SRJ-IND] B152PR sym=USDJPY bar=2026.06.01 09:05 z1=1779,B,158.756,158.800,2026.05.25 06:45,1,2026.05.26 00:00,158.887,158.784"
67,JUNE0525-B157,1617DC1ACCE6B50ED2D1359582A70A8B8503C569623EE90C18C6B33542796207,Tester/logs/20261010.log,3011058,2026-06-01,09:10,B152PR,"PL	0	18:16:49.648	Core 04	2026.06.01 09:10:00   [SRJ-IND] B152PR sym=USDJPY bar=2026.06.01 09:05 z1=1780,B,158.789,158.814,2026.05.25 04:50,1,2026.05.26 00:00,158.887,158.784"
68,JUNE0525-B157,1617DC1ACCE6B50ED2D1359582A70A8B8503C569623EE90C18C6B33542796207,Tester/logs/20261010.log,3011059,2026-06-01,09:10,B152PR,"IR	0	18:16:49.648	Core 04	2026.06.01 09:10:00   [SRJ-IND] B152PR sym=USDJPY bar=2026.06.01 09:05 z1=1949,B,158.916,158.934,2026.05.26 07:25,1,2026.05.26 07:30,158.942,158.934"
69,JUNE0525-B157,1617DC1ACCE6B50ED2D1359582A70A8B8503C569623EE90C18C6B33542796207,Tester/logs/20261010.log,3011060,2026-06-01,09:10,B152PR,"LI	0	18:16:49.648	Core 04	2026.06.01 09:10:00   [SRJ-IND] B152PR sym=USDJPY bar=2026.06.01 09:05 z1=2271,S,159.524,159.574,2026.05.28 09:40,1,2026.05.28 11:25,159.524,159.488"
70,JUNE0525-B157,1617DC1ACCE6B50ED2D1359582A70A8B8503C569623EE90C18C6B33542796207,Tester/logs/20261010.log,3011061,2026-06-01,09:10,B152PR,"IO	0	18:16:49.648	Core 04	2026.06.01 09:10:00   [SRJ-IND] B152PR sym=USDJPY bar=2026.06.01 09:05 z1=2277,S,159.551,159.575,2026.05.28 08:40,1,2026.05.28 08:50,159.556,159.541"
71,JUNE0525-B157,1617DC1ACCE6B50ED2D1359582A70A8B8503C569623EE90C18C6B33542796207,Tester/logs/20261010.log,3011062,2026-06-01,09:10,B152PR,"FE	0	18:16:49.648	Core 04	2026.06.01 09:10:00   [SRJ-IND] B152PR sym=USDJPY bar=2026.06.01 09:05 z1=2299,S,159.488,159.524,2026.05.28 11:45,1,2026.05.28 17:00,159.491,159.448"
72,JUNE0525-B157,1617DC1ACCE6B50ED2D1359582A70A8B8503C569623EE90C18C6B33542796207,Tester/logs/20261010.log,3011063,2026-06-01,09:10,B152PR,"PJ	0	18:16:49.648	Core 04	2026.06.01 09:10:00   [SRJ-IND] B152PR sym=USDJPY bar=2026.06.01 09:05 z1=2509,B,159.134,159.195,2026.05.29 19:10,1,2026.05.29 19:35,159.215,159.186"
73,JUNE0525-B157,1617DC1ACCE6B50ED2D1359582A70A8B8503C569623EE90C18C6B33542796207,Tester/logs/20261010.log,3011064,2026-06-01,09:10,B152PR,"NR	0	18:16:49.648	Core 04	2026.06.01 09:10:00   [SRJ-IND] B152PR sym=USDJPY bar=2026.06.01 09:05 bull=1 bear=1 nz=20"
74,JUNE0525-B157,1617DC1ACCE6B50ED2D1359582A70A8B8503C569623EE90C18C6B33542796207,Tester/logs/20261010.log,3011071,2026-06-01,09:10,FRESHSKIP,"GH	0	18:16:49.648	Core 04	2026.06.01 09:10:00   [SRJ-EA] FRESHSKIP bar=2026.06.01 09:05 dir=LONG state=S3_ZONE_WAIT poi=Monthly-VWAP reason=PRE_BINDING"
75,JUNE0525-B157,1617DC1ACCE6B50ED2D1359582A70A8B8503C569623EE90C18C6B33542796207,Tester/logs/20261010.log,3011199,2026-06-01,09:10,CQDRECHECK,"FD	0	18:16:49.648	Core 04	2026.06.01 09:10:00   [SRJ-EA] CQDRECHECK shift=2 passA=1.0 passB=1.0 diff=0 bar=2026.06.01 09:00 state=S3_ZONE_WAIT dir=LONG divLatch=1 hit1=0 hit2=367 mism=0"
76,JUNE0525-B157,1617DC1ACCE6B50ED2D1359582A70A8B8503C569623EE90C18C6B33542796207,Tester/logs/20261010.log,3011203,2026-06-01,09:10,CONFIRMPOLL,"FF	0	18:16:49.648	Core 04	2026.06.01 09:10:00   [SRJ-EA] CONFIRMPOLL bar=2026.06.01 09:05 anchor=Monthly-VWAP dir=LONG oppCandle=1 bodyDir=1 body=2pts doji=0 touchAttr=1 confirm=1 shadow=true"
77,JUNE0525-B157,1617DC1ACCE6B50ED2D1359582A70A8B8503C569623EE90C18C6B33542796207,Tester/logs/20261010.log,3011206,2026-06-01,09:10,ABORT,"NF	0	18:16:49.648	Core 04	2026.06.01 09:10:00   [SRJ-EA] 2026.06.01 09:10:00 ABORT reason=LTF_MISALIGN state=S3_ZONE_WAIT poi=Monthly-VWAP dir=LONG"
78,JUNE0525-B157,1617DC1ACCE6B50ED2D1359582A70A8B8503C569623EE90C18C6B33542796207,Tester/logs/20261010.log,3011207,2026-06-01,09:10,A6REFUSED,"PI	0	18:16:49.648	Core 04	2026.06.01 09:10:00   [SRJ-EA] A6REFUSED class=ABSENT_DECLINED bar=2026.06.01 09:10 state=S3_ZONE_WAIT dir=LONG predicate=LTF_MISALIGN"
79,JUNE0525-B157,1617DC1ACCE6B50ED2D1359582A70A8B8503C569623EE90C18C6B33542796207,Tester/logs/20261010.log,3011208,2026-06-01,09:10,STATE,"HI	0	18:16:49.648	Core 04	2026.06.01 09:10:00   [SRJ-EA] 2026.06.01 09:10:00 STATE S3_ZONE_WAIT->ABORT dir=LONG poi=Monthly-VWAP"
80,JUNE0525-B157,1617DC1ACCE6B50ED2D1359582A70A8B8503C569623EE90C18C6B33542796207,Tester/logs/20261010.log,3011214,2026-06-01,09:15,B152PR,"CF	0	18:16:49.648	Core 04	2026.06.01 09:15:00   [SRJ-IND] B152PR sym=USDJPY bar=2026.06.01 09:10 z1=65,B,156.672,156.773,2026.05.11 04:10,1,2026.05.12 08:55,157.714,156.726"
81,JUNE0525-B157,1617DC1ACCE6B50ED2D1359582A70A8B8503C569623EE90C18C6B33542796207,Tester/logs/20261010.log,3011215,2026-06-01,09:15,B152PR,"CL	0	18:16:49.648	Core 04	2026.06.01 09:15:00   [SRJ-IND] B152PR sym=USDJPY bar=2026.06.01 09:10 z1=78,B,156.578,156.584,2026.05.11 00:35,1,2026.05.11 00:40,156.644,156.537"
82,JUNE0525-B157,1617DC1ACCE6B50ED2D1359582A70A8B8503C569623EE90C18C6B33542796207,Tester/logs/20261010.log,3011216,2026-06-01,09:15,B152PR,"EP	0	18:16:49.648	Core 04	2026.06.01 09:15:00   [SRJ-IND] B152PR sym=USDJPY bar=2026.06.01 09:10 z1=212,B,157.028,157.060,2026.05.11 19:20,1,2026.05.12 00:00,157.152,157.050"
83,JUNE0525-B157,1617DC1ACCE6B50ED2D1359582A70A8B8503C569623EE90C18C6B33542796207,Tester/logs/20261010.log,3011217,2026-06-01,09:15,B152PR,"IJ	0	18:16:49.648	Core 04	2026.06.01 09:15:00   [SRJ-IND] B152PR sym=USDJPY bar=2026.06.01 09:10 z1=256,B,157.172,157.178,2026.05.12 01:25,1,2026.05.12 08:55,157.714,156.726"
84,JUNE0525-B157,1617DC1ACCE6B50ED2D1359582A70A8B8503C569623EE90C18C6B33542796207,Tester/logs/20261010.log,3011218,2026-06-01,09:15,B152PR,"KL	0	18:16:49.648	Core 04	2026.06.01 09:15:00   [SRJ-IND] B152PR sym=USDJPY bar=2026.06.01 09:10 z1=261,B,157.184,157.192,2026.05.12 03:00,1,2026.05.12 08:55,157.714,156.726"
85,JUNE0525-B157,1617DC1ACCE6B50ED2D1359582A70A8B8503C569623EE90C18C6B33542796207,Tester/logs/20261010.log,3011219,2026-06-01,09:15,B152PR,"KF	0	18:16:49.648	Core 04	2026.06.01 09:15:00   [SRJ-IND] B152PR sym=USDJPY bar=2026.06.01 09:10 z1=313,B,157.331,157.497,2026.05.12 10:00,1,2026.05.12 10:10,157.546,157.487"
86,JUNE0525-B157,1617DC1ACCE6B50ED2D1359582A70A8B8503C569623EE90C18C6B33542796207,Tester/logs/20261010.log,3011220,2026-06-01,09:15,B152PR,"FH	0	18:16:49.648	Core 04	2026.06.01 09:15:00   [SRJ-IND] B152PR sym=USDJPY bar=2026.06.01 09:10 z1=414,B,157.517,157.589,2026.05.13 01:10,1,2026.05.13 01:20,157.607,157.587"
87,JUNE0525-B157,1617DC1ACCE6B50ED2D1359582A70A8B8503C569623EE90C18C6B33542796207,Tester/logs/20261010.log,3011221,2026-06-01,09:15,B152PR,"MR	0	18:16:49.648	Core 04	2026.06.01 09:15:00   [SRJ-IND] B152PR sym=USDJPY bar=2026.06.01 09:10 z1=447,B,157.562,157.648,2026.05.13 06:20,1,2026.05.13 06:25,157.662,157.648"
88,JUNE0525-B157,1617DC1ACCE6B50ED2D1359582A70A8B8503C569623EE90C18C6B33542796207,Tester/logs/20261010.log,3011222,2026-06-01,09:15,B152PR,"RD	0	18:16:49.648	Core 04	2026.06.01 09:15:00   [SRJ-IND] B152PR sym=USDJPY bar=2026.06.01 09:10 z1=449,B,157.599,157.654,2026.05.13 05:15,1,2026.05.13 05:45,157.687,157.652"
89,JUNE0525-B157,1617DC1ACCE6B50ED2D1359582A70A8B8503C569623EE90C18C6B33542796207,Tester/logs/20261010.log,3011223,2026-06-01,09:15,B152PR,"KI	0	18:16:49.648	Core 04	2026.06.01 09:15:00   [SRJ-IND] B152PR sym=USDJPY bar=2026.06.01 09:10 z1=460,B,157.645,157.660,2026.05.13 07:05,1,2026.05.14 00:25,157.812,157.650"
90,JUNE0525-B157,1617DC1ACCE6B50ED2D1359582A70A8B8503C569623EE90C18C6B33542796207,Tester/logs/20261010.log,3011224,2026-06-01,09:15,B152PR,"OS	0	18:16:49.648	Core 04	2026.06.01 09:15:00   [SRJ-IND] B152PR sym=USDJPY bar=2026.06.01 09:10 z1=696,B,157.568,158.167,2026.05.14 18:05,1,2026.05.14 18:10,158.191,158.119"
91,JUNE0525-B157,1617DC1ACCE6B50ED2D1359582A70A8B8503C569623EE90C18C6B33542796207,Tester/logs/20261010.log,3011225,2026-06-01,09:15,B152PR,"CE	0	18:16:49.648	Core 04	2026.06.01 09:15:00   [SRJ-IND] B152PR sym=USDJPY bar=2026.06.01 09:10 z1=714,B,158.107,158.142,2026.05.14 19:30,1,2026.05.14 20:00,158.169,158.142"
92,JUNE0525-B157,1617DC1ACCE6B50ED2D1359582A70A8B8503C569623EE90C18C6B33542796207,Tester/logs/20261010.log,3011226,2026-06-01,09:15,B152PR,"FL	0	18:16:49.648	Core 04	2026.06.01 09:15:00   [SRJ-IND] B152PR sym=USDJPY bar=2026.06.01 09:10 z1=1405,B,158.735,158.769,2026.05.20 19:00,1,2026.05.20 19:05,158.816,158.753"
93,JUNE0525-B157,1617DC1ACCE6B50ED2D1359582A70A8B8503C569623EE90C18C6B33542796207,Tester/logs/20261010.log,3011227,2026-06-01,09:15,B152PR,"PR	0	18:16:49.648	Core 04	2026.06.01 09:15:00   [SRJ-IND] B152PR sym=USDJPY bar=2026.06.01 09:10 z1=1779,B,158.756,158.800,2026.05.25 06:45,1,2026.05.26 00:00,158.887,158.784"
94,JUNE0525-B157,1617DC1ACCE6B50ED2D1359582A70A8B8503C569623EE90C18C6B33542796207,Tester/logs/20261010.log,3011228,2026-06-01,09:15,B152PR,"MH	0	18:16:49.648	Core 04	2026.06.01 09:15:00   [SRJ-IND] B152PR sym=USDJPY bar=2026.06.01 09:10 z1=1780,B,158.789,158.814,2026.05.25 04:50,1,2026.05.26 00:00,158.887,158.784"
95,JUNE0525-B157,1617DC1ACCE6B50ED2D1359582A70A8B8503C569623EE90C18C6B33542796207,Tester/logs/20261010.log,3011229,2026-06-01,09:15,B152PR,"DN	0	18:16:49.648	Core 04	2026.06.01 09:15:00   [SRJ-IND] B152PR sym=USDJPY bar=2026.06.01 09:10 z1=1949,B,158.916,158.934,2026.05.26 07:25,1,2026.05.26 07:30,158.942,158.934"
96,JUNE0525-B157,1617DC1ACCE6B50ED2D1359582A70A8B8503C569623EE90C18C6B33542796207,Tester/logs/20261010.log,3011230,2026-06-01,09:15,B152PR,"QE	0	18:16:49.648	Core 04	2026.06.01 09:15:00   [SRJ-IND] B152PR sym=USDJPY bar=2026.06.01 09:10 z1=2271,S,159.524,159.574,2026.05.28 09:40,1,2026.05.28 11:25,159.524,159.488"
97,JUNE0525-B157,1617DC1ACCE6B50ED2D1359582A70A8B8503C569623EE90C18C6B33542796207,Tester/logs/20261010.log,3011231,2026-06-01,09:15,B152PR,"DK	0	18:16:49.648	Core 04	2026.06.01 09:15:00   [SRJ-IND] B152PR sym=USDJPY bar=2026.06.01 09:10 z1=2277,S,159.551,159.575,2026.05.28 08:40,1,2026.05.28 08:50,159.556,159.541"
98,JUNE0525-B157,1617DC1ACCE6B50ED2D1359582A70A8B8503C569623EE90C18C6B33542796207,Tester/logs/20261010.log,3011232,2026-06-01,09:15,B152PR,"GQ	0	18:16:49.648	Core 04	2026.06.01 09:15:00   [SRJ-IND] B152PR sym=USDJPY bar=2026.06.01 09:10 z1=2299,S,159.488,159.524,2026.05.28 11:45,1,2026.05.28 17:00,159.491,159.448"
99,JUNE0525-B157,1617DC1ACCE6B50ED2D1359582A70A8B8503C569623EE90C18C6B33542796207,Tester/logs/20261010.log,3011233,2026-06-01,09:15,B152PR,"MF	0	18:16:49.648	Core 04	2026.06.01 09:15:00   [SRJ-IND] B152PR sym=USDJPY bar=2026.06.01 09:10 z1=2509,B,159.134,159.195,2026.05.29 19:10,1,2026.05.29 19:35,159.215,159.186"
100,JUNE0525-B157,1617DC1ACCE6B50ED2D1359582A70A8B8503C569623EE90C18C6B33542796207,Tester/logs/20261010.log,3011234,2026-06-01,09:15,B152PR,"HM	0	18:16:49.648	Core 04	2026.06.01 09:15:00   [SRJ-IND] B152PR sym=USDJPY bar=2026.06.01 09:10 z1=2587,S,159.469,159.490,2026.06.01 09:00,1,2026.06.01 09:10,159.478,159.450"
101,JUNE0525-B157,1617DC1ACCE6B50ED2D1359582A70A8B8503C569623EE90C18C6B33542796207,Tester/logs/20261010.log,3011235,2026-06-01,09:15,B152PR,"PP	0	18:16:49.648	Core 04	2026.06.01 09:15:00   [SRJ-IND] B152PR sym=USDJPY bar=2026.06.01 09:10 bull=1 bear=1 nz=21"
102,JUNE0525-B157,1617DC1ACCE6B50ED2D1359582A70A8B8503C569623EE90C18C6B33542796207,Tester/logs/20261010.log,3011247,2026-06-01,09:20,B152PR,"QR	0	18:16:49.648	Core 04	2026.06.01 09:20:03   [SRJ-IND] B152PR sym=USDJPY bar=2026.06.01 09:15 z1=65,B,156.672,156.773,2026.05.11 04:10,1,2026.05.12 08:55,157.714,156.726"
103,JUNE0525-B157,1617DC1ACCE6B50ED2D1359582A70A8B8503C569623EE90C18C6B33542796207,Tester/logs/20261010.log,3011248,2026-06-01,09:20,B152PR,"IH	0	18:16:49.648	Core 04	2026.06.01 09:20:03   [SRJ-IND] B152PR sym=USDJPY bar=2026.06.01 09:15 z1=78,B,156.578,156.584,2026.05.11 00:35,1,2026.05.11 00:40,156.644,156.537"
104,JUNE0525-B157,1617DC1ACCE6B50ED2D1359582A70A8B8503C569623EE90C18C6B33542796207,Tester/logs/20261010.log,3011249,2026-06-01,09:20,B152PR,"OM	0	18:16:49.648	Core 04	2026.06.01 09:20:03   [SRJ-IND] B152PR sym=USDJPY bar=2026.06.01 09:15 z1=212,B,157.028,157.060,2026.05.11 19:20,1,2026.05.12 00:00,157.152,157.050"
105,JUNE0525-B157,1617DC1ACCE6B50ED2D1359582A70A8B8503C569623EE90C18C6B33542796207,Tester/logs/20261010.log,3011250,2026-06-01,09:20,B152PR,"OG	0	18:16:49.648	Core 04	2026.06.01 09:20:03   [SRJ-IND] B152PR sym=USDJPY bar=2026.06.01 09:15 z1=256,B,157.172,157.178,2026.05.12 01:25,1,2026.05.12 08:55,157.714,156.726"
106,JUNE0525-B157,1617DC1ACCE6B50ED2D1359582A70A8B8503C569623EE90C18C6B33542796207,Tester/logs/20261010.log,3011251,2026-06-01,09:20,B152PR,"QH	0	18:16:49.648	Core 04	2026.06.01 09:20:03   [SRJ-IND] B152PR sym=USDJPY bar=2026.06.01 09:15 z1=261,B,157.184,157.192,2026.05.12 03:00,1,2026.05.12 08:55,157.714,156.726"
107,JUNE0525-B157,1617DC1ACCE6B50ED2D1359582A70A8B8503C569623EE90C18C6B33542796207,Tester/logs/20261010.log,3011252,2026-06-01,09:20,B152PR,"ER	0	18:16:49.648	Core 04	2026.06.01 09:20:03   [SRJ-IND] B152PR sym=USDJPY bar=2026.06.01 09:15 z1=313,B,157.331,157.497,2026.05.12 10:00,1,2026.05.12 10:10,157.546,157.487"
108,JUNE0525-B157,1617DC1ACCE6B50ED2D1359582A70A8B8503C569623EE90C18C6B33542796207,Tester/logs/20261010.log,3011253,2026-06-01,09:20,B152PR,"PD	0	18:16:49.648	Core 04	2026.06.01 09:20:03   [SRJ-IND] B152PR sym=USDJPY bar=2026.06.01 09:15 z1=414,B,157.517,157.589,2026.05.13 01:10,1,2026.05.13 01:20,157.607,157.587"
109,JUNE0525-B157,1617DC1ACCE6B50ED2D1359582A70A8B8503C569623EE90C18C6B33542796207,Tester/logs/20261010.log,3011254,2026-06-01,09:20,B152PR,"CN	0	18:16:49.648	Core 04	2026.06.01 09:20:03   [SRJ-IND] B152PR sym=USDJPY bar=2026.06.01 09:15 z1=447,B,157.562,157.648,2026.05.13 06:20,1,2026.05.13 06:25,157.662,157.648"
110,JUNE0525-B157,1617DC1ACCE6B50ED2D1359582A70A8B8503C569623EE90C18C6B33542796207,Tester/logs/20261010.log,3011255,2026-06-01,09:20,B152PR,"LP	0	18:16:49.648	Core 04	2026.06.01 09:20:03   [SRJ-IND] B152PR sym=USDJPY bar=2026.06.01 09:15 z1=449,B,157.599,157.654,2026.05.13 05:15,1,2026.05.13 05:45,157.687,157.652"
111,JUNE0525-B157,1617DC1ACCE6B50ED2D1359582A70A8B8503C569623EE90C18C6B33542796207,Tester/logs/20261010.log,3011256,2026-06-01,09:20,B152PR,"EJ	0	18:16:49.648	Core 04	2026.06.01 09:20:03   [SRJ-IND] B152PR sym=USDJPY bar=2026.06.01 09:15 z1=460,B,157.645,157.660,2026.05.13 07:05,1,2026.05.14 00:25,157.812,157.650"
112,JUNE0525-B157,1617DC1ACCE6B50ED2D1359582A70A8B8503C569623EE90C18C6B33542796207,Tester/logs/20261010.log,3011257,2026-06-01,09:20,B152PR,"EL	0	18:16:49.648	Core 04	2026.06.01 09:20:03   [SRJ-IND] B152PR sym=USDJPY bar=2026.06.01 09:15 z1=696,B,157.568,158.167,2026.05.14 18:05,1,2026.05.14 18:10,158.191,158.119"
113,JUNE0525-B157,1617DC1ACCE6B50ED2D1359582A70A8B8503C569623EE90C18C6B33542796207,Tester/logs/20261010.log,3011258,2026-06-01,09:20,B152PR,"MF	0	18:16:49.648	Core 04	2026.06.01 09:20:03   [SRJ-IND] B152PR sym=USDJPY bar=2026.06.01 09:15 z1=714,B,158.107,158.142,2026.05.14 19:30,1,2026.05.14 20:00,158.169,158.142"
114,JUNE0525-B157,1617DC1ACCE6B50ED2D1359582A70A8B8503C569623EE90C18C6B33542796207,Tester/logs/20261010.log,3011259,2026-06-01,09:20,B152PR,"HH	0	18:16:49.648	Core 04	2026.06.01 09:20:03   [SRJ-IND] B152PR sym=USDJPY bar=2026.06.01 09:15 z1=1405,B,158.735,158.769,2026.05.20 19:00,1,2026.05.20 19:05,158.816,158.753"
115,JUNE0525-B157,1617DC1ACCE6B50ED2D1359582A70A8B8503C569623EE90C18C6B33542796207,Tester/logs/20261010.log,3011260,2026-06-01,09:20,B152PR,"NN	0	18:16:49.648	Core 04	2026.06.01 09:20:03   [SRJ-IND] B152PR sym=USDJPY bar=2026.06.01 09:15 z1=1779,B,158.756,158.800,2026.05.25 06:45,1,2026.05.26 00:00,158.887,158.784"
116,JUNE0525-B157,1617DC1ACCE6B50ED2D1359582A70A8B8503C569623EE90C18C6B33542796207,Tester/logs/20261010.log,3011261,2026-06-01,09:20,B152PR,"OD	0	18:16:49.648	Core 04	2026.06.01 09:20:03   [SRJ-IND] B152PR sym=USDJPY bar=2026.06.01 09:15 z1=1780,B,158.789,158.814,2026.05.25 04:50,1,2026.05.26 00:00,158.887,158.784"
117,JUNE0525-B157,1617DC1ACCE6B50ED2D1359582A70A8B8503C569623EE90C18C6B33542796207,Tester/logs/20261010.log,3011262,2026-06-01,09:20,B152PR,"JJ	0	18:16:49.648	Core 04	2026.06.01 09:20:03   [SRJ-IND] B152PR sym=USDJPY bar=2026.06.01 09:15 z1=1949,B,158.916,158.934,2026.05.26 07:25,1,2026.05.26 07:30,158.942,158.934"
118,JUNE0525-B157,1617DC1ACCE6B50ED2D1359582A70A8B8503C569623EE90C18C6B33542796207,Tester/logs/20261010.log,3011263,2026-06-01,09:20,B152PR,"KQ	0	18:16:49.648	Core 04	2026.06.01 09:20:03   [SRJ-IND] B152PR sym=USDJPY bar=2026.06.01 09:15 z1=2271,S,159.524,159.574,2026.05.28 09:40,1,2026.05.28 11:25,159.524,159.488"
119,JUNE0525-B157,1617DC1ACCE6B50ED2D1359582A70A8B8503C569623EE90C18C6B33542796207,Tester/logs/20261010.log,3011264,2026-06-01,09:20,B152PR,"JG	0	18:16:49.648	Core 04	2026.06.01 09:20:03   [SRJ-IND] B152PR sym=USDJPY bar=2026.06.01 09:15 z1=2277,S,159.551,159.575,2026.05.28 08:40,1,2026.05.28 08:50,159.556,159.541"
120,JUNE0525-B157,1617DC1ACCE6B50ED2D1359582A70A8B8503C569623EE90C18C6B33542796207,Tester/logs/20261010.log,3011265,2026-06-01,09:20,B152PR,"EM	0	18:16:49.648	Core 04	2026.06.01 09:20:03   [SRJ-IND] B152PR sym=USDJPY bar=2026.06.01 09:15 z1=2299,S,159.488,159.524,2026.05.28 11:45,1,2026.05.28 17:00,159.491,159.448"
121,JUNE0525-B157,1617DC1ACCE6B50ED2D1359582A70A8B8503C569623EE90C18C6B33542796207,Tester/logs/20261010.log,3011266,2026-06-01,09:20,B152PR,"OR	0	18:16:49.648	Core 04	2026.06.01 09:20:03   [SRJ-IND] B152PR sym=USDJPY bar=2026.06.01 09:15 z1=2509,B,159.134,159.195,2026.05.29 19:10,1,2026.05.29 19:35,159.215,159.186"
122,JUNE0525-B157,1617DC1ACCE6B50ED2D1359582A70A8B8503C569623EE90C18C6B33542796207,Tester/logs/20261010.log,3011267,2026-06-01,09:20,B152PR,"LI	0	18:16:49.648	Core 04	2026.06.01 09:20:03   [SRJ-IND] B152PR sym=USDJPY bar=2026.06.01 09:15 z1=2585,S,159.485,159.494,2026.06.01 06:00,1,2026.06.01 09:15,159.486,159.466"
123,JUNE0525-B157,1617DC1ACCE6B50ED2D1359582A70A8B8503C569623EE90C18C6B33542796207,Tester/logs/20261010.log,3011268,2026-06-01,09:20,B152PR,"FO	0	18:16:49.648	Core 04	2026.06.01 09:20:03   [SRJ-IND] B152PR sym=USDJPY bar=2026.06.01 09:15 z1=2587,S,159.469,159.490,2026.06.01 09:00,1,2026.06.01 09:10,159.478,159.450"
124,JUNE0525-B157,1617DC1ACCE6B50ED2D1359582A70A8B8503C569623EE90C18C6B33542796207,Tester/logs/20261010.log,3011269,2026-06-01,09:20,B152PR,"KF	0	18:16:49.648	Core 04	2026.06.01 09:20:03   [SRJ-IND] B152PR sym=USDJPY bar=2026.06.01 09:15 bull=1 bear=1 nz=22"
125,JUNE0525-B157,1617DC1ACCE6B50ED2D1359582A70A8B8503C569623EE90C18C6B33542796207,Tester/logs/20261010.log,3011276,2026-06-01,09:20,CONFIRMPOLL,"GK	0	18:16:49.648	Core 04	2026.06.01 09:20:03   [SRJ-EA] CONFIRMPOLL bar=2026.06.01 09:15 anchor=Monthly-POC dir=LONG oppCandle=0 bodyDir=1 body=2pts doji=0 touchAttr=1 confirm=0 shadow=true"
126,JUNE0525-B157,1617DC1ACCE6B50ED2D1359582A70A8B8503C569623EE90C18C6B33542796207,Tester/logs/20261010.log,3011278,2026-06-01,09:20,STATE,"OI	0	18:16:49.648	Core 04	2026.06.01 09:20:03   [SRJ-EA] 2026.06.01 09:20:03 STATE IDLE->S1_REGIME dir=LONG poi=Monthly-POC"
127,JUNE0525-B157,1617DC1ACCE6B50ED2D1359582A70A8B8503C569623EE90C18C6B33542796207,Tester/logs/20261010.log,3011279,2026-06-01,09:20,ANCHOR_ELECT,"PH	0	18:16:49.648	Core 04	2026.06.01 09:20:03   [SRJ-EA] ANCHOR_ELECT bar=2026.06.01 09:15 action=SEED poi=Monthly-POC rank=6 tier=3 dir=LONG"
128,JUNE0525-B157,1617DC1ACCE6B50ED2D1359582A70A8B8503C569623EE90C18C6B33542796207,Tester/logs/20261010.log,3011288,2026-06-01,09:20,STATE,"OF	0	18:16:49.648	Core 04	2026.06.01 09:20:03   [SRJ-EA] 2026.06.01 09:20:03 STATE S1_REGIME->S2_LTF_ALIGN dir=LONG poi=Monthly-POC"
129,JUNE0525-B157,1617DC1ACCE6B50ED2D1359582A70A8B8503C569623EE90C18C6B33542796207,Tester/logs/20261010.log,3011289,2026-06-01,09:20,STATE,"RK	0	18:16:49.648	Core 04	2026.06.01 09:20:03   [SRJ-EA] 2026.06.01 09:20:03 STATE S2_LTF_ALIGN->S3_ZONE_WAIT dir=LONG poi=Monthly-POC"
130,JUNE0525-B157,1617DC1ACCE6B50ED2D1359582A70A8B8503C569623EE90C18C6B33542796207,Tester/logs/20261010.log,3011293,2026-06-01,09:20,XOBPROMO,"MH	0	18:16:49.648	Core 04	2026.06.01 09:20:03   [SRJ-EA] XOBPROMO bar=2026.06.01 09:15 site=S3PICK xobId=2566 raw=1780283700.0 promoT=2026.06.01 03:15"
131,JUNE0525-B157,1617DC1ACCE6B50ED2D1359582A70A8B8503C569623EE90C18C6B33542796207,Tester/logs/20261010.log,3011294,2026-06-01,09:20,ZONEPICK,"KO	0	18:16:49.648	Core 04	2026.06.01 09:20:03   [SRJ-EA] ZONEPICK bar=2026.06.01 09:15 dir=LONG haveFvg=0 fvgInPlay=0 haveXob=1 xobInPlay=0 downgraded=0 fvg=--- xob=159.382-159.407"
132,JUNE0525-B157,1617DC1ACCE6B50ED2D1359582A70A8B8503C569623EE90C18C6B33542796207,Tester/logs/20261010.log,3011310,2026-06-01,09:20,INPLAYCOMMIT,"MH	0	18:16:49.648	Core 04	2026.06.01 09:20:03   [SRJ-EA] INPLAYCOMMIT bar=2026.06.01 09:15 dir=LONG zoneSrc=XOB zoneLo=159.382 zoneHi=159.407 promoT=2026.06.01 03:15 applied=1 bounded=1 scanned=78 swings=14 hits=0 firstShift=-1 firstVal=- commitVia=none legacy=0 legacyVia=none committed=0 changed=0 haveStop=1"
133,JUNE0525-B157,1617DC1ACCE6B50ED2D1359582A70A8B8503C569623EE90C18C6B33542796207,Tester/logs/20261010.log,3011318,2026-06-01,09:25,B152PR,"QG	0	18:16:49.648	Core 04	2026.06.01 09:25:00   [SRJ-IND] B152PR sym=USDJPY bar=2026.06.01 09:20 z1=65,B,156.672,156.773,2026.05.11 04:10,1,2026.05.12 08:55,157.714,156.726"
134,JUNE0525-B157,1617DC1ACCE6B50ED2D1359582A70A8B8503C569623EE90C18C6B33542796207,Tester/logs/20261010.log,3011319,2026-06-01,09:25,B152PR,"IM	0	18:16:49.648	Core 04	2026.06.01 09:25:00   [SRJ-IND] B152PR sym=USDJPY bar=2026.06.01 09:20 z1=78,B,156.578,156.584,2026.05.11 00:35,1,2026.05.11 00:40,156.644,156.537"
135,JUNE0525-B157,1617DC1ACCE6B50ED2D1359582A70A8B8503C569623EE90C18C6B33542796207,Tester/logs/20261010.log,3011320,2026-06-01,09:25,B152PR,"OP	0	18:16:49.648	Core 04	2026.06.01 09:25:00   [SRJ-IND] B152PR sym=USDJPY bar=2026.06.01 09:20 z1=212,B,157.028,157.060,2026.05.11 19:20,1,2026.05.12 00:00,157.152,157.050"
136,JUNE0525-B157,1617DC1ACCE6B50ED2D1359582A70A8B8503C569623EE90C18C6B33542796207,Tester/logs/20261010.log,3011321,2026-06-01,09:25,B152PR,"OJ	0	18:16:49.648	Core 04	2026.06.01 09:25:00   [SRJ-IND] B152PR sym=USDJPY bar=2026.06.01 09:20 z1=256,B,157.172,157.178,2026.05.12 01:25,1,2026.05.12 08:55,157.714,156.726"
137,JUNE0525-B157,1617DC1ACCE6B50ED2D1359582A70A8B8503C569623EE90C18C6B33542796207,Tester/logs/20261010.log,3011322,2026-06-01,09:25,B152PR,"QO	0	18:16:49.648	Core 04	2026.06.01 09:25:00   [SRJ-IND] B152PR sym=USDJPY bar=2026.06.01 09:20 z1=261,B,157.184,157.192,2026.05.12 03:00,1,2026.05.12 08:55,157.714,156.726"
138,JUNE0525-B157,1617DC1ACCE6B50ED2D1359582A70A8B8503C569623EE90C18C6B33542796207,Tester/logs/20261010.log,3011323,2026-06-01,09:25,B152PR,"EQ	0	18:16:49.648	Core 04	2026.06.01 09:25:00   [SRJ-IND] B152PR sym=USDJPY bar=2026.06.01 09:20 z1=313,B,157.331,157.497,2026.05.12 10:00,1,2026.05.12 10:10,157.546,157.487"
139,JUNE0525-B157,1617DC1ACCE6B50ED2D1359582A70A8B8503C569623EE90C18C6B33542796207,Tester/logs/20261010.log,3011324,2026-06-01,09:25,B152PR,"PK	0	18:16:49.648	Core 04	2026.06.01 09:25:00   [SRJ-IND] B152PR sym=USDJPY bar=2026.06.01 09:20 z1=414,B,157.517,157.589,2026.05.13 01:10,1,2026.05.13 01:20,157.607,157.587"
140,JUNE0525-B157,1617DC1ACCE6B50ED2D1359582A70A8B8503C569623EE90C18C6B33542796207,Tester/logs/20261010.log,3011325,2026-06-01,09:25,B152PR,"CM	0	18:16:49.648	Core 04	2026.06.01 09:25:00   [SRJ-IND] B152PR sym=USDJPY bar=2026.06.01 09:20 z1=447,B,157.562,157.648,2026.05.13 06:20,1,2026.05.13 06:25,157.662,157.648"
141,JUNE0525-B157,1617DC1ACCE6B50ED2D1359582A70A8B8503C569623EE90C18C6B33542796207,Tester/logs/20261010.log,3011326,2026-06-01,09:25,B152PR,"LG	0	18:16:49.648	Core 04	2026.06.01 09:25:00   [SRJ-IND] B152PR sym=USDJPY bar=2026.06.01 09:20 z1=449,B,157.599,157.654,2026.05.13 05:15,1,2026.05.13 05:45,157.687,157.652"
142,JUNE0525-B157,1617DC1ACCE6B50ED2D1359582A70A8B8503C569623EE90C18C6B33542796207,Tester/logs/20261010.log,3011327,2026-06-01,09:25,B152PR,"EI	0	18:16:49.648	Core 04	2026.06.01 09:25:00   [SRJ-IND] B152PR sym=USDJPY bar=2026.06.01 09:20 z1=460,B,157.645,157.660,2026.05.13 07:05,1,2026.05.14 00:25,157.812,157.650"
143,JUNE0525-B157,1617DC1ACCE6B50ED2D1359582A70A8B8503C569623EE90C18C6B33542796207,Tester/logs/20261010.log,3011328,2026-06-01,09:25,B152PR,"ES	0	18:16:49.648	Core 04	2026.06.01 09:25:00   [SRJ-IND] B152PR sym=USDJPY bar=2026.06.01 09:20 z1=696,B,157.568,158.167,2026.05.14 18:05,1,2026.05.14 18:10,158.191,158.119"
144,JUNE0525-B157,1617DC1ACCE6B50ED2D1359582A70A8B8503C569623EE90C18C6B33542796207,Tester/logs/20261010.log,3011329,2026-06-01,09:25,B152PR,"ME	0	18:16:49.648	Core 04	2026.06.01 09:25:00   [SRJ-IND] B152PR sym=USDJPY bar=2026.06.01 09:20 z1=714,B,158.107,158.142,2026.05.14 19:30,1,2026.05.14 20:00,158.169,158.142"
145,JUNE0525-B157,1617DC1ACCE6B50ED2D1359582A70A8B8503C569623EE90C18C6B33542796207,Tester/logs/20261010.log,3011330,2026-06-01,09:25,B152PR,"HM	0	18:16:49.648	Core 04	2026.06.01 09:25:00   [SRJ-IND] B152PR sym=USDJPY bar=2026.06.01 09:20 z1=1405,B,158.735,158.769,2026.05.20 19:00,1,2026.05.20 19:05,158.816,158.753"
146,JUNE0525-B157,1617DC1ACCE6B50ED2D1359582A70A8B8503C569623EE90C18C6B33542796207,Tester/logs/20261010.log,3011331,2026-06-01,09:25,B152PR,"NS	0	18:16:49.648	Core 04	2026.06.01 09:25:00   [SRJ-IND] B152PR sym=USDJPY bar=2026.06.01 09:20 z1=1779,B,158.756,158.800,2026.05.25 06:45,1,2026.05.26 00:00,158.887,158.784"
147,JUNE0525-B157,1617DC1ACCE6B50ED2D1359582A70A8B8503C569623EE90C18C6B33542796207,Tester/logs/20261010.log,3011332,2026-06-01,09:25,B152PR,"OI	0	18:16:49.648	Core 04	2026.06.01 09:25:00   [SRJ-IND] B152PR sym=USDJPY bar=2026.06.01 09:20 z1=1780,B,158.789,158.814,2026.05.25 04:50,1,2026.05.26 00:00,158.887,158.784"
148,JUNE0525-B157,1617DC1ACCE6B50ED2D1359582A70A8B8503C569623EE90C18C6B33542796207,Tester/logs/20261010.log,3011333,2026-06-01,09:25,B152PR,"JO	0	18:16:49.648	Core 04	2026.06.01 09:25:00   [SRJ-IND] B152PR sym=USDJPY bar=2026.06.01 09:20 z1=1949,B,158.916,158.934,2026.05.26 07:25,1,2026.05.26 07:30,158.942,158.934"
149,JUNE0525-B157,1617DC1ACCE6B50ED2D1359582A70A8B8503C569623EE90C18C6B33542796207,Tester/logs/20261010.log,3011334,2026-06-01,09:25,B152PR,"KD	0	18:16:49.648	Core 04	2026.06.01 09:25:00   [SRJ-IND] B152PR sym=USDJPY bar=2026.06.01 09:20 z1=2271,S,159.524,159.574,2026.05.28 09:40,1,2026.05.28 11:25,159.524,159.488"
150,JUNE0525-B157,1617DC1ACCE6B50ED2D1359582A70A8B8503C569623EE90C18C6B33542796207,Tester/logs/20261010.log,3011335,2026-06-01,09:25,B152PR,"JJ	0	18:16:49.648	Core 04	2026.06.01 09:25:00   [SRJ-IND] B152PR sym=USDJPY bar=2026.06.01 09:20 z1=2277,S,159.551,159.575,2026.05.28 08:40,1,2026.05.28 08:50,159.556,159.541"
151,JUNE0525-B157,1617DC1ACCE6B50ED2D1359582A70A8B8503C569623EE90C18C6B33542796207,Tester/logs/20261010.log,3011336,2026-06-01,09:25,B152PR,"EP	0	18:16:49.648	Core 04	2026.06.01 09:25:00   [SRJ-IND] B152PR sym=USDJPY bar=2026.06.01 09:20 z1=2299,S,159.488,159.524,2026.05.28 11:45,1,2026.05.28 17:00,159.491,159.448"
152,JUNE0525-B157,1617DC1ACCE6B50ED2D1359582A70A8B8503C569623EE90C18C6B33542796207,Tester/logs/20261010.log,3011337,2026-06-01,09:25,B152PR,"OG	0	18:16:49.648	Core 04	2026.06.01 09:25:00   [SRJ-IND] B152PR sym=USDJPY bar=2026.06.01 09:20 z1=2509,B,159.134,159.195,2026.05.29 19:10,1,2026.05.29 19:35,159.215,159.186"
153,JUNE0525-B157,1617DC1ACCE6B50ED2D1359582A70A8B8503C569623EE90C18C6B33542796207,Tester/logs/20261010.log,3011338,2026-06-01,09:25,B152PR,"LL	0	18:16:49.648	Core 04	2026.06.01 09:25:00   [SRJ-IND] B152PR sym=USDJPY bar=2026.06.01 09:20 z1=2585,S,159.485,159.494,2026.06.01 06:00,1,2026.06.01 09:15,159.486,159.466"
154,JUNE0525-B157,1617DC1ACCE6B50ED2D1359582A70A8B8503C569623EE90C18C6B33542796207,Tester/logs/20261010.log,3011339,2026-06-01,09:25,B152PR,"NQ	0	18:16:49.648	Core 04	2026.06.01 09:25:00   [SRJ-IND] B152PR sym=USDJPY bar=2026.06.01 09:20 bull=1 bear=1 nz=21"
155,JUNE0525-B157,1617DC1ACCE6B50ED2D1359582A70A8B8503C569623EE90C18C6B33542796207,Tester/logs/20261010.log,3011343,2026-06-01,09:25,FRESHSKIP,"RN	0	18:16:49.648	Core 04	2026.06.01 09:25:00   [SRJ-EA] FRESHSKIP bar=2026.06.01 09:20 dir=LONG state=S3_ZONE_WAIT poi=Monthly-POC reason=PRE_BINDING"
156,JUNE0525-B157,1617DC1ACCE6B50ED2D1359582A70A8B8503C569623EE90C18C6B33542796207,Tester/logs/20261010.log,3011472,2026-06-01,09:25,CQDRECHECK,"NN	0	18:16:49.648	Core 04	2026.06.01 09:25:00   [SRJ-EA] CQDRECHECK shift=2 passA=-1.0 passB=-1.0 diff=0 bar=2026.06.01 09:15 state=S3_ZONE_WAIT dir=LONG divLatch=0 hit1=0 hit2=368 mism=0"
157,JUNE0525-B157,1617DC1ACCE6B50ED2D1359582A70A8B8503C569623EE90C18C6B33542796207,Tester/logs/20261010.log,3011476,2026-06-01,09:25,CONFIRMPOLL,"FS	0	18:16:49.648	Core 04	2026.06.01 09:25:00   [SRJ-EA] CONFIRMPOLL bar=2026.06.01 09:20 anchor=Monthly-POC dir=LONG oppCandle=0 bodyDir=1 body=12pts doji=0 touchAttr=1 confirm=0 shadow=true"
158,JUNE0525-B157,1617DC1ACCE6B50ED2D1359582A70A8B8503C569623EE90C18C6B33542796207,Tester/logs/20261010.log,3011479,2026-06-01,09:25,XOBPROMO,"CF	0	18:16:49.648	Core 04	2026.06.01 09:25:00   [SRJ-EA] XOBPROMO bar=2026.06.01 09:20 site=S3PICK xobId=2566 raw=1780283700.0 promoT=2026.06.01 03:15"
159,JUNE0525-B157,1617DC1ACCE6B50ED2D1359582A70A8B8503C569623EE90C18C6B33542796207,Tester/logs/20261010.log,3011480,2026-06-01,09:25,ZONEPICK,"EI	0	18:16:49.648	Core 04	2026.06.01 09:25:00   [SRJ-EA] ZONEPICK bar=2026.06.01 09:20 dir=LONG haveFvg=0 fvgInPlay=0 haveXob=1 xobInPlay=0 downgraded=0 fvg=--- xob=159.382-159.407"
160,JUNE0525-B157,1617DC1ACCE6B50ED2D1359582A70A8B8503C569623EE90C18C6B33542796207,Tester/logs/20261010.log,3011489,2026-06-01,09:25,INPLAYCOMMIT,"LN	0	18:16:49.648	Core 04	2026.06.01 09:25:00   [SRJ-EA] INPLAYCOMMIT bar=2026.06.01 09:20 dir=LONG zoneSrc=XOB zoneLo=159.382 zoneHi=159.407 promoT=2026.06.01 03:15 applied=1 bounded=1 scanned=79 swings=14 hits=0 firstShift=-1 firstVal=- commitVia=none legacy=0 legacyVia=none committed=0 changed=0 haveStop=1"
161,JUNE0525-B157,1617DC1ACCE6B50ED2D1359582A70A8B8503C569623EE90C18C6B33542796207,Tester/logs/20261010.log,3011495,2026-06-01,09:30,B152PR,"RG	0	18:16:49.648	Core 04	2026.06.01 09:30:00   [SRJ-IND] B152PR sym=USDJPY bar=2026.06.01 09:25 z1=65,B,156.672,156.773,2026.05.11 04:10,1,2026.05.12 08:55,157.714,156.726"
162,JUNE0525-B157,1617DC1ACCE6B50ED2D1359582A70A8B8503C569623EE90C18C6B33542796207,Tester/logs/20261010.log,3011496,2026-06-01,09:30,B152PR,"JM	0	18:16:49.648	Core 04	2026.06.01 09:30:00   [SRJ-IND] B152PR sym=USDJPY bar=2026.06.01 09:25 z1=78,B,156.578,156.584,2026.05.11 00:35,1,2026.05.11 00:40,156.644,156.537"
163,JUNE0525-B157,1617DC1ACCE6B50ED2D1359582A70A8B8503C569623EE90C18C6B33542796207,Tester/logs/20261010.log,3011497,2026-06-01,09:30,B152PR,"PP	0	18:16:49.648	Core 04	2026.06.01 09:30:00   [SRJ-IND] B152PR sym=USDJPY bar=2026.06.01 09:25 z1=212,B,157.028,157.060,2026.05.11 19:20,1,2026.05.12 00:00,157.152,157.050"
164,JUNE0525-B157,1617DC1ACCE6B50ED2D1359582A70A8B8503C569623EE90C18C6B33542796207,Tester/logs/20261010.log,3011498,2026-06-01,09:30,B152PR,"PJ	0	18:16:49.648	Core 04	2026.06.01 09:30:00   [SRJ-IND] B152PR sym=USDJPY bar=2026.06.01 09:25 z1=256,B,157.172,157.178,2026.05.12 01:25,1,2026.05.12 08:55,157.714,156.726"
165,JUNE0525-B157,1617DC1ACCE6B50ED2D1359582A70A8B8503C569623EE90C18C6B33542796207,Tester/logs/20261010.log,3011499,2026-06-01,09:30,B152PR,"RO	0	18:16:49.648	Core 04	2026.06.01 09:30:00   [SRJ-IND] B152PR sym=USDJPY bar=2026.06.01 09:25 z1=261,B,157.184,157.192,2026.05.12 03:00,1,2026.05.12 08:55,157.714,156.726"
166,JUNE0525-B157,1617DC1ACCE6B50ED2D1359582A70A8B8503C569623EE90C18C6B33542796207,Tester/logs/20261010.log,3011500,2026-06-01,09:30,B152PR,"FQ	0	18:16:49.648	Core 04	2026.06.01 09:30:00   [SRJ-IND] B152PR sym=USDJPY bar=2026.06.01 09:25 z1=313,B,157.331,157.497,2026.05.12 10:00,1,2026.05.12 10:10,157.546,157.487"
167,JUNE0525-B157,1617DC1ACCE6B50ED2D1359582A70A8B8503C569623EE90C18C6B33542796207,Tester/logs/20261010.log,3011501,2026-06-01,09:30,B152PR,"OK	0	18:16:49.648	Core 04	2026.06.01 09:30:00   [SRJ-IND] B152PR sym=USDJPY bar=2026.06.01 09:25 z1=414,B,157.517,157.589,2026.05.13 01:10,1,2026.05.13 01:20,157.607,157.587"
168,JUNE0525-B157,1617DC1ACCE6B50ED2D1359582A70A8B8503C569623EE90C18C6B33542796207,Tester/logs/20261010.log,3011502,2026-06-01,09:30,B152PR,"DM	0	18:16:49.648	Core 04	2026.06.01 09:30:00   [SRJ-IND] B152PR sym=USDJPY bar=2026.06.01 09:25 z1=447,B,157.562,157.648,2026.05.13 06:20,1,2026.05.13 06:25,157.662,157.648"
169,JUNE0525-B157,1617DC1ACCE6B50ED2D1359582A70A8B8503C569623EE90C18C6B33542796207,Tester/logs/20261010.log,3011503,2026-06-01,09:30,B152PR,"KG	0	18:16:49.648	Core 04	2026.06.01 09:30:00   [SRJ-IND] B152PR sym=USDJPY bar=2026.06.01 09:25 z1=449,B,157.599,157.654,2026.05.13 05:15,1,2026.05.13 05:45,157.687,157.652"
170,JUNE0525-B157,1617DC1ACCE6B50ED2D1359582A70A8B8503C569623EE90C18C6B33542796207,Tester/logs/20261010.log,3011504,2026-06-01,09:30,B152PR,"FI	0	18:16:49.648	Core 04	2026.06.01 09:30:00   [SRJ-IND] B152PR sym=USDJPY bar=2026.06.01 09:25 z1=460,B,157.645,157.660,2026.05.13 07:05,1,2026.05.14 00:25,157.812,157.650"
171,JUNE0525-B157,1617DC1ACCE6B50ED2D1359582A70A8B8503C569623EE90C18C6B33542796207,Tester/logs/20261010.log,3011505,2026-06-01,09:30,B152PR,"FS	0	18:16:49.648	Core 04	2026.06.01 09:30:00   [SRJ-IND] B152PR sym=USDJPY bar=2026.06.01 09:25 z1=696,B,157.568,158.167,2026.05.14 18:05,1,2026.05.14 18:10,158.191,158.119"
172,JUNE0525-B157,1617DC1ACCE6B50ED2D1359582A70A8B8503C569623EE90C18C6B33542796207,Tester/logs/20261010.log,3011506,2026-06-01,09:30,B152PR,"NE	0	18:16:49.648	Core 04	2026.06.01 09:30:00   [SRJ-IND] B152PR sym=USDJPY bar=2026.06.01 09:25 z1=714,B,158.107,158.142,2026.05.14 19:30,1,2026.05.14 20:00,158.169,158.142"
173,JUNE0525-B157,1617DC1ACCE6B50ED2D1359582A70A8B8503C569623EE90C18C6B33542796207,Tester/logs/20261010.log,3011507,2026-06-01,09:30,B152PR,"GM	0	18:16:49.648	Core 04	2026.06.01 09:30:00   [SRJ-IND] B152PR sym=USDJPY bar=2026.06.01 09:25 z1=1405,B,158.735,158.769,2026.05.20 19:00,1,2026.05.20 19:05,158.816,158.753"
174,JUNE0525-B157,1617DC1ACCE6B50ED2D1359582A70A8B8503C569623EE90C18C6B33542796207,Tester/logs/20261010.log,3011508,2026-06-01,09:30,B152PR,"MS	0	18:16:49.648	Core 04	2026.06.01 09:30:00   [SRJ-IND] B152PR sym=USDJPY bar=2026.06.01 09:25 z1=1779,B,158.756,158.800,2026.05.25 06:45,1,2026.05.26 00:00,158.887,158.784"
175,JUNE0525-B157,1617DC1ACCE6B50ED2D1359582A70A8B8503C569623EE90C18C6B33542796207,Tester/logs/20261010.log,3011509,2026-06-01,09:30,B152PR,"PI	0	18:16:49.648	Core 04	2026.06.01 09:30:00   [SRJ-IND] B152PR sym=USDJPY bar=2026.06.01 09:25 z1=1780,B,158.789,158.814,2026.05.25 04:50,1,2026.05.26 00:00,158.887,158.784"
176,JUNE0525-B157,1617DC1ACCE6B50ED2D1359582A70A8B8503C569623EE90C18C6B33542796207,Tester/logs/20261010.log,3011510,2026-06-01,09:30,B152PR,"IO	0	18:16:49.648	Core 04	2026.06.01 09:30:00   [SRJ-IND] B152PR sym=USDJPY bar=2026.06.01 09:25 z1=1949,B,158.916,158.934,2026.05.26 07:25,1,2026.05.26 07:30,158.942,158.934"
177,JUNE0525-B157,1617DC1ACCE6B50ED2D1359582A70A8B8503C569623EE90C18C6B33542796207,Tester/logs/20261010.log,3011511,2026-06-01,09:30,B152PR,"LD	0	18:16:49.648	Core 04	2026.06.01 09:30:00   [SRJ-IND] B152PR sym=USDJPY bar=2026.06.01 09:25 z1=2271,S,159.524,159.574,2026.05.28 09:40,1,2026.05.28 11:25,159.524,159.488"
178,JUNE0525-B157,1617DC1ACCE6B50ED2D1359582A70A8B8503C569623EE90C18C6B33542796207,Tester/logs/20261010.log,3011512,2026-06-01,09:30,B152PR,"IJ	0	18:16:49.648	Core 04	2026.06.01 09:30:00   [SRJ-IND] B152PR sym=USDJPY bar=2026.06.01 09:25 z1=2277,S,159.551,159.575,2026.05.28 08:40,1,2026.05.28 08:50,159.556,159.541"
179,JUNE0525-B157,1617DC1ACCE6B50ED2D1359582A70A8B8503C569623EE90C18C6B33542796207,Tester/logs/20261010.log,3011513,2026-06-01,09:30,B152PR,"FP	0	18:16:49.648	Core 04	2026.06.01 09:30:00   [SRJ-IND] B152PR sym=USDJPY bar=2026.06.01 09:25 z1=2299,S,159.488,159.524,2026.05.28 11:45,1,2026.05.28 17:00,159.491,159.448"
180,JUNE0525-B157,1617DC1ACCE6B50ED2D1359582A70A8B8503C569623EE90C18C6B33542796207,Tester/logs/20261010.log,3011514,2026-06-01,09:30,B152PR,"PG	0	18:16:49.648	Core 04	2026.06.01 09:30:00   [SRJ-IND] B152PR sym=USDJPY bar=2026.06.01 09:25 z1=2509,B,159.134,159.195,2026.05.29 19:10,1,2026.05.29 19:35,159.215,159.186"
181,JUNE0525-B157,1617DC1ACCE6B50ED2D1359582A70A8B8503C569623EE90C18C6B33542796207,Tester/logs/20261010.log,3011515,2026-06-01,09:30,B152PR,"KL	0	18:16:49.648	Core 04	2026.06.01 09:30:00   [SRJ-IND] B152PR sym=USDJPY bar=2026.06.01 09:25 z1=2585,S,159.485,159.494,2026.06.01 06:00,1,2026.06.01 09:15,159.486,159.466"
182,JUNE0525-B157,1617DC1ACCE6B50ED2D1359582A70A8B8503C569623EE90C18C6B33542796207,Tester/logs/20261010.log,3011516,2026-06-01,09:30,B152PR,"MQ	0	18:16:49.648	Core 04	2026.06.01 09:30:00   [SRJ-IND] B152PR sym=USDJPY bar=2026.06.01 09:25 bull=1 bear=1 nz=21"
183,JUNE0525-B157,1617DC1ACCE6B50ED2D1359582A70A8B8503C569623EE90C18C6B33542796207,Tester/logs/20261010.log,3011521,2026-06-01,09:30,FRESHSKIP,"KN	0	18:16:49.648	Core 04	2026.06.01 09:30:00   [SRJ-EA] FRESHSKIP bar=2026.06.01 09:25 dir=LONG state=S3_ZONE_WAIT poi=Monthly-POC reason=PRE_BINDING"
184,JUNE0525-B157,1617DC1ACCE6B50ED2D1359582A70A8B8503C569623EE90C18C6B33542796207,Tester/logs/20261010.log,3011650,2026-06-01,09:30,CQDRECHECK,"CI	0	18:16:49.648	Core 04	2026.06.01 09:30:00   [SRJ-EA] CQDRECHECK shift=2 passA=-1.0 passB=-1.0 diff=0 bar=2026.06.01 09:20 state=S3_ZONE_WAIT dir=LONG divLatch=0 hit1=0 hit2=369 mism=0"
185,JUNE0525-B157,1617DC1ACCE6B50ED2D1359582A70A8B8503C569623EE90C18C6B33542796207,Tester/logs/20261010.log,3011654,2026-06-01,09:30,CONFIRMPOLL,"MP	0	18:16:49.648	Core 04	2026.06.01 09:30:00   [SRJ-EA] CONFIRMPOLL bar=2026.06.01 09:25 anchor=Monthly-POC dir=LONG oppCandle=0 bodyDir=0 body=0pts doji=1 touchAttr=0 confirm=0 shadow=true"
186,JUNE0525-B157,1617DC1ACCE6B50ED2D1359582A70A8B8503C569623EE90C18C6B33542796207,Tester/logs/20261010.log,3011657,2026-06-01,09:30,XOBPROMO,"LF	0	18:16:49.648	Core 04	2026.06.01 09:30:00   [SRJ-EA] XOBPROMO bar=2026.06.01 09:25 site=S3PICK xobId=2566 raw=1780283700.0 promoT=2026.06.01 03:15"
187,JUNE0525-B157,1617DC1ACCE6B50ED2D1359582A70A8B8503C569623EE90C18C6B33542796207,Tester/logs/20261010.log,3011658,2026-06-01,09:30,ZONEPICK,"NI	0	18:16:49.648	Core 04	2026.06.01 09:30:00   [SRJ-EA] ZONEPICK bar=2026.06.01 09:25 dir=LONG haveFvg=0 fvgInPlay=0 haveXob=1 xobInPlay=0 downgraded=0 fvg=--- xob=159.382-159.407"
188,JUNE0525-B157,1617DC1ACCE6B50ED2D1359582A70A8B8503C569623EE90C18C6B33542796207,Tester/logs/20261010.log,3011667,2026-06-01,09:30,INPLAYCOMMIT,"IO	0	18:16:49.648	Core 04	2026.06.01 09:30:00   [SRJ-EA] INPLAYCOMMIT bar=2026.06.01 09:25 dir=LONG zoneSrc=XOB zoneLo=159.382 zoneHi=159.407 promoT=2026.06.01 03:15 applied=1 bounded=1 scanned=80 swings=14 hits=0 firstShift=-1 firstVal=- commitVia=none legacy=0 legacyVia=none committed=0 changed=0 haveStop=1"
189,JUNE0525-B157,1617DC1ACCE6B50ED2D1359582A70A8B8503C569623EE90C18C6B33542796207,Tester/logs/20261010.log,3011672,2026-06-01,09:35,B152PR,"GK	0	18:16:49.648	Core 04	2026.06.01 09:35:00   [SRJ-IND] B152PR sym=USDJPY bar=2026.06.01 09:30 z1=65,B,156.672,156.773,2026.05.11 04:10,1,2026.05.12 08:55,157.714,156.726"
190,JUNE0525-B157,1617DC1ACCE6B50ED2D1359582A70A8B8503C569623EE90C18C6B33542796207,Tester/logs/20261010.log,3011673,2026-06-01,09:35,B152PR,"ON	0	18:16:49.648	Core 04	2026.06.01 09:35:00   [SRJ-IND] B152PR sym=USDJPY bar=2026.06.01 09:30 z1=78,B,156.578,156.584,2026.05.11 00:35,1,2026.05.11 00:40,156.644,156.537"
191,JUNE0525-B157,1617DC1ACCE6B50ED2D1359582A70A8B8503C569623EE90C18C6B33542796207,Tester/logs/20261010.log,3011674,2026-06-01,09:35,B152PR,"IG	0	18:16:49.648	Core 04	2026.06.01 09:35:00   [SRJ-IND] B152PR sym=USDJPY bar=2026.06.01 09:30 z1=212,B,157.028,157.060,2026.05.11 19:20,1,2026.05.12 00:00,157.152,157.050"
192,JUNE0525-B157,1617DC1ACCE6B50ED2D1359582A70A8B8503C569623EE90C18C6B33542796207,Tester/logs/20261010.log,3011675,2026-06-01,09:35,B152PR,"MI	0	18:16:49.648	Core 04	2026.06.01 09:35:00   [SRJ-IND] B152PR sym=USDJPY bar=2026.06.01 09:30 z1=256,B,157.172,157.178,2026.05.12 01:25,1,2026.05.12 08:55,157.714,156.726"
193,JUNE0525-B157,1617DC1ACCE6B50ED2D1359582A70A8B8503C569623EE90C18C6B33542796207,Tester/logs/20261010.log,3011676,2026-06-01,09:35,B152PR,"GS	0	18:16:49.648	Core 04	2026.06.01 09:35:00   [SRJ-IND] B152PR sym=USDJPY bar=2026.06.01 09:30 z1=261,B,157.184,157.192,2026.05.12 03:00,1,2026.05.12 08:55,157.714,156.726"
194,JUNE0525-B157,1617DC1ACCE6B50ED2D1359582A70A8B8503C569623EE90C18C6B33542796207,Tester/logs/20261010.log,3011677,2026-06-01,09:35,B152PR,"OE	0	18:16:49.648	Core 04	2026.06.01 09:35:00   [SRJ-IND] B152PR sym=USDJPY bar=2026.06.01 09:30 z1=313,B,157.331,157.497,2026.05.12 10:00,1,2026.05.12 10:10,157.546,157.487"
195,JUNE0525-B157,1617DC1ACCE6B50ED2D1359582A70A8B8503C569623EE90C18C6B33542796207,Tester/logs/20261010.log,3011678,2026-06-01,09:35,B152PR,"JO	0	18:16:49.648	Core 04	2026.06.01 09:35:00   [SRJ-IND] B152PR sym=USDJPY bar=2026.06.01 09:30 z1=414,B,157.517,157.589,2026.05.13 01:10,1,2026.05.13 01:20,157.607,157.587"
196,JUNE0525-B157,1617DC1ACCE6B50ED2D1359582A70A8B8503C569623EE90C18C6B33542796207,Tester/logs/20261010.log,3011679,2026-06-01,09:35,B152PR,"IP	0	18:16:49.648	Core 04	2026.06.01 09:35:00   [SRJ-IND] B152PR sym=USDJPY bar=2026.06.01 09:30 z1=447,B,157.562,157.648,2026.05.13 06:20,1,2026.05.13 06:25,157.662,157.648"
197,JUNE0525-B157,1617DC1ACCE6B50ED2D1359582A70A8B8503C569623EE90C18C6B33542796207,Tester/logs/20261010.log,3011680,2026-06-01,09:35,B152PR,"FJ	0	18:16:49.648	Core 04	2026.06.01 09:35:00   [SRJ-IND] B152PR sym=USDJPY bar=2026.06.01 09:30 z1=449,B,157.599,157.654,2026.05.13 05:15,1,2026.05.13 05:45,157.687,157.652"
198,JUNE0525-B157,1617DC1ACCE6B50ED2D1359582A70A8B8503C569623EE90C18C6B33542796207,Tester/logs/20261010.log,3011681,2026-06-01,09:35,B152PR,"OL	0	18:16:49.648	Core 04	2026.06.01 09:35:00   [SRJ-IND] B152PR sym=USDJPY bar=2026.06.01 09:30 z1=460,B,157.645,157.660,2026.05.13 07:05,1,2026.05.14 00:25,157.812,157.650"
199,JUNE0525-B157,1617DC1ACCE6B50ED2D1359582A70A8B8503C569623EE90C18C6B33542796207,Tester/logs/20261010.log,3011682,2026-06-01,09:35,B152PR,"KF	0	18:16:49.648	Core 04	2026.06.01 09:35:00   [SRJ-IND] B152PR sym=USDJPY bar=2026.06.01 09:30 z1=696,B,157.568,158.167,2026.05.14 18:05,1,2026.05.14 18:10,158.191,158.119"
200,JUNE0525-B157,1617DC1ACCE6B50ED2D1359582A70A8B8503C569623EE90C18C6B33542796207,Tester/logs/20261010.log,3011683,2026-06-01,09:35,B152PR,"OH	0	18:16:49.648	Core 04	2026.06.01 09:35:00   [SRJ-IND] B152PR sym=USDJPY bar=2026.06.01 09:30 z1=714,B,158.107,158.142,2026.05.14 19:30,1,2026.05.14 20:00,158.169,158.142"
201,JUNE0525-B157,1617DC1ACCE6B50ED2D1359582A70A8B8503C569623EE90C18C6B33542796207,Tester/logs/20261010.log,3011684,2026-06-01,09:35,B152PR,"RQ	0	18:16:49.648	Core 04	2026.06.01 09:35:00   [SRJ-IND] B152PR sym=USDJPY bar=2026.06.01 09:30 z1=1405,B,158.735,158.769,2026.05.20 19:00,1,2026.05.20 19:05,158.816,158.753"
202,JUNE0525-B157,1617DC1ACCE6B50ED2D1359582A70A8B8503C569623EE90C18C6B33542796207,Tester/logs/20261010.log,3011685,2026-06-01,09:35,B152PR,"DG	0	18:16:49.648	Core 04	2026.06.01 09:35:00   [SRJ-IND] B152PR sym=USDJPY bar=2026.06.01 09:30 z1=1779,B,158.756,158.800,2026.05.25 06:45,1,2026.05.26 00:00,158.887,158.784"
203,JUNE0525-B157,1617DC1ACCE6B50ED2D1359582A70A8B8503C569623EE90C18C6B33542796207,Tester/logs/20261010.log,3011686,2026-06-01,09:35,B152PR,"IM	0	18:16:49.648	Core 04	2026.06.01 09:35:00   [SRJ-IND] B152PR sym=USDJPY bar=2026.06.01 09:30 z1=1780,B,158.789,158.814,2026.05.25 04:50,1,2026.05.26 00:00,158.887,158.784"
204,JUNE0525-B157,1617DC1ACCE6B50ED2D1359582A70A8B8503C569623EE90C18C6B33542796207,Tester/logs/20261010.log,3011687,2026-06-01,09:35,B152PR,"PS	0	18:16:49.648	Core 04	2026.06.01 09:35:00   [SRJ-IND] B152PR sym=USDJPY bar=2026.06.01 09:30 z1=1949,B,158.916,158.934,2026.05.26 07:25,1,2026.05.26 07:30,158.942,158.934"
205,JUNE0525-B157,1617DC1ACCE6B50ED2D1359582A70A8B8503C569623EE90C18C6B33542796207,Tester/logs/20261010.log,3011688,2026-06-01,09:35,B152PR,"EH	0	18:16:49.648	Core 04	2026.06.01 09:35:00   [SRJ-IND] B152PR sym=USDJPY bar=2026.06.01 09:30 z1=2271,S,159.524,159.574,2026.05.28 09:40,1,2026.05.28 11:25,159.524,159.488"
206,JUNE0525-B157,1617DC1ACCE6B50ED2D1359582A70A8B8503C569623EE90C18C6B33542796207,Tester/logs/20261010.log,3011689,2026-06-01,09:35,B152PR,"PN	0	18:16:49.648	Core 04	2026.06.01 09:35:00   [SRJ-IND] B152PR sym=USDJPY bar=2026.06.01 09:30 z1=2277,S,159.551,159.575,2026.05.28 08:40,1,2026.05.28 08:50,159.556,159.541"
207,JUNE0525-B157,1617DC1ACCE6B50ED2D1359582A70A8B8503C569623EE90C18C6B33542796207,Tester/logs/20261010.log,3011690,2026-06-01,09:35,B152PR,"KD	0	18:16:49.648	Core 04	2026.06.01 09:35:00   [SRJ-IND] B152PR sym=USDJPY bar=2026.06.01 09:30 z1=2299,S,159.488,159.524,2026.05.28 11:45,1,2026.05.28 17:00,159.491,159.448"
208,JUNE0525-B157,1617DC1ACCE6B50ED2D1359582A70A8B8503C569623EE90C18C6B33542796207,Tester/logs/20261010.log,3011691,2026-06-01,09:35,B152PR,"IK	0	18:16:49.648	Core 04	2026.06.01 09:35:00   [SRJ-IND] B152PR sym=USDJPY bar=2026.06.01 09:30 z1=2509,B,159.134,159.195,2026.05.29 19:10,1,2026.05.29 19:35,159.215,159.186"
209,JUNE0525-B157,1617DC1ACCE6B50ED2D1359582A70A8B8503C569623EE90C18C6B33542796207,Tester/logs/20261010.log,3011692,2026-06-01,09:35,B152PR,"FP	0	18:16:49.648	Core 04	2026.06.01 09:35:00   [SRJ-IND] B152PR sym=USDJPY bar=2026.06.01 09:30 z1=2585,S,159.485,159.494,2026.06.01 06:00,1,2026.06.01 09:15,159.486,159.466"
210,JUNE0525-B157,1617DC1ACCE6B50ED2D1359582A70A8B8503C569623EE90C18C6B33542796207,Tester/logs/20261010.log,3011693,2026-06-01,09:35,B152PR,"DE	0	18:16:49.648	Core 04	2026.06.01 09:35:00   [SRJ-IND] B152PR sym=USDJPY bar=2026.06.01 09:30 bull=1 bear=1 nz=21"
211,JUNE0525-B157,1617DC1ACCE6B50ED2D1359582A70A8B8503C569623EE90C18C6B33542796207,Tester/logs/20261010.log,3011696,2026-06-01,09:35,FRESHSKIP,"DJ	0	18:16:49.648	Core 04	2026.06.01 09:35:00   [SRJ-EA] FRESHSKIP bar=2026.06.01 09:30 dir=LONG state=S3_ZONE_WAIT poi=Monthly-POC reason=PRE_BINDING"
212,JUNE0525-B157,1617DC1ACCE6B50ED2D1359582A70A8B8503C569623EE90C18C6B33542796207,Tester/logs/20261010.log,3011828,2026-06-01,09:35,CONFIRMPOLL,"LL	0	18:16:49.648	Core 04	2026.06.01 09:35:00   [SRJ-EA] CONFIRMPOLL bar=2026.06.01 09:30 anchor=Monthly-POC dir=LONG oppCandle=0 bodyDir=0 body=0pts doji=1 touchAttr=0 confirm=0 shadow=true"
213,JUNE0525-B157,1617DC1ACCE6B50ED2D1359582A70A8B8503C569623EE90C18C6B33542796207,Tester/logs/20261010.log,3011831,2026-06-01,09:35,XOBPROMO,"QR	0	18:16:49.648	Core 04	2026.06.01 09:35:00   [SRJ-EA] XOBPROMO bar=2026.06.01 09:30 site=S3PICK xobId=2566 raw=1780283700.0 promoT=2026.06.01 03:15"
214,JUNE0525-B157,1617DC1ACCE6B50ED2D1359582A70A8B8503C569623EE90C18C6B33542796207,Tester/logs/20261010.log,3011832,2026-06-01,09:35,ZONEPICK,"OE	0	18:16:49.648	Core 04	2026.06.01 09:35:00   [SRJ-EA] ZONEPICK bar=2026.06.01 09:30 dir=LONG haveFvg=0 fvgInPlay=0 haveXob=1 xobInPlay=0 downgraded=0 fvg=--- xob=159.382-159.407"
215,JUNE0525-B157,1617DC1ACCE6B50ED2D1359582A70A8B8503C569623EE90C18C6B33542796207,Tester/logs/20261010.log,3011841,2026-06-01,09:35,INPLAYCOMMIT,"CS	0	18:16:49.648	Core 04	2026.06.01 09:35:00   [SRJ-EA] INPLAYCOMMIT bar=2026.06.01 09:30 dir=LONG zoneSrc=XOB zoneLo=159.382 zoneHi=159.407 promoT=2026.06.01 03:15 applied=1 bounded=1 scanned=81 swings=14 hits=0 firstShift=-1 firstVal=- commitVia=none legacy=0 legacyVia=none committed=0 changed=0 haveStop=1"
216,JUNE0525-B157,1617DC1ACCE6B50ED2D1359582A70A8B8503C569623EE90C18C6B33542796207,Tester/logs/20261010.log,3011846,2026-06-01,09:40,B152PR,"QD	0	18:16:49.648	Core 04	2026.06.01 09:40:03   [SRJ-IND] B152PR sym=USDJPY bar=2026.06.01 09:35 z1=65,B,156.672,156.773,2026.05.11 04:10,1,2026.05.12 08:55,157.714,156.726"
217,JUNE0525-B157,1617DC1ACCE6B50ED2D1359582A70A8B8503C569623EE90C18C6B33542796207,Tester/logs/20261010.log,3011847,2026-06-01,09:40,B152PR,"QJ	0	18:16:49.648	Core 04	2026.06.01 09:40:03   [SRJ-IND] B152PR sym=USDJPY bar=2026.06.01 09:35 z1=78,B,156.578,156.584,2026.05.11 00:35,1,2026.05.11 00:40,156.644,156.537"
218,JUNE0525-B157,1617DC1ACCE6B50ED2D1359582A70A8B8503C569623EE90C18C6B33542796207,Tester/logs/20261010.log,3011848,2026-06-01,09:40,B152PR,"OS	0	18:16:49.648	Core 04	2026.06.01 09:40:03   [SRJ-IND] B152PR sym=USDJPY bar=2026.06.01 09:35 z1=212,B,157.028,157.060,2026.05.11 19:20,1,2026.05.12 00:00,157.152,157.050"
219,JUNE0525-B157,1617DC1ACCE6B50ED2D1359582A70A8B8503C569623EE90C18C6B33542796207,Tester/logs/20261010.log,3011849,2026-06-01,09:40,B152PR,"OE	0	18:16:49.648	Core 04	2026.06.01 09:40:03   [SRJ-IND] B152PR sym=USDJPY bar=2026.06.01 09:35 z1=256,B,157.172,157.178,2026.05.12 01:25,1,2026.05.12 08:55,157.714,156.726"
220,JUNE0525-B157,1617DC1ACCE6B50ED2D1359582A70A8B8503C569623EE90C18C6B33542796207,Tester/logs/20261010.log,3011850,2026-06-01,09:40,B152PR,"IO	0	18:16:49.648	Core 04	2026.06.01 09:40:03   [SRJ-IND] B152PR sym=USDJPY bar=2026.06.01 09:35 z1=261,B,157.184,157.192,2026.05.12 03:00,1,2026.05.12 08:55,157.714,156.726"
221,JUNE0525-B157,1617DC1ACCE6B50ED2D1359582A70A8B8503C569623EE90C18C6B33542796207,Tester/logs/20261010.log,3011851,2026-06-01,09:40,B152PR,"MQ	0	18:16:49.648	Core 04	2026.06.01 09:40:03   [SRJ-IND] B152PR sym=USDJPY bar=2026.06.01 09:35 z1=313,B,157.331,157.497,2026.05.12 10:00,1,2026.05.12 10:10,157.546,157.487"
222,JUNE0525-B157,1617DC1ACCE6B50ED2D1359582A70A8B8503C569623EE90C18C6B33542796207,Tester/logs/20261010.log,3011852,2026-06-01,09:40,B152PR,"PJ	0	18:16:49.648	Core 04	2026.06.01 09:40:03   [SRJ-IND] B152PR sym=USDJPY bar=2026.06.01 09:35 z1=414,B,157.517,157.589,2026.05.13 01:10,1,2026.05.13 01:20,157.607,157.587"
223,JUNE0525-B157,1617DC1ACCE6B50ED2D1359582A70A8B8503C569623EE90C18C6B33542796207,Tester/logs/20261010.log,3011853,2026-06-01,09:40,B152PR,"CL	0	18:16:49.648	Core 04	2026.06.01 09:40:03   [SRJ-IND] B152PR sym=USDJPY bar=2026.06.01 09:35 z1=447,B,157.562,157.648,2026.05.13 06:20,1,2026.05.13 06:25,157.662,157.648"
224,JUNE0525-B157,1617DC1ACCE6B50ED2D1359582A70A8B8503C569623EE90C18C6B33542796207,Tester/logs/20261010.log,3011854,2026-06-01,09:40,B152PR,"DF	0	18:16:49.648	Core 04	2026.06.01 09:40:03   [SRJ-IND] B152PR sym=USDJPY bar=2026.06.01 09:35 z1=449,B,157.599,157.654,2026.05.13 05:15,1,2026.05.13 05:45,157.687,157.652"
225,JUNE0525-B157,1617DC1ACCE6B50ED2D1359582A70A8B8503C569623EE90C18C6B33542796207,Tester/logs/20261010.log,3011855,2026-06-01,09:40,B152PR,"MH	0	18:16:49.648	Core 04	2026.06.01 09:40:03   [SRJ-IND] B152PR sym=USDJPY bar=2026.06.01 09:35 z1=460,B,157.645,157.660,2026.05.13 07:05,1,2026.05.14 00:25,157.812,157.650"
226,JUNE0525-B157,1617DC1ACCE6B50ED2D1359582A70A8B8503C569623EE90C18C6B33542796207,Tester/logs/20261010.log,3011856,2026-06-01,09:40,B152PR,"ER	0	18:16:49.648	Core 04	2026.06.01 09:40:03   [SRJ-IND] B152PR sym=USDJPY bar=2026.06.01 09:35 z1=696,B,157.568,158.167,2026.05.14 18:05,1,2026.05.14 18:10,158.191,158.119"
227,JUNE0525-B157,1617DC1ACCE6B50ED2D1359582A70A8B8503C569623EE90C18C6B33542796207,Tester/logs/20261010.log,3011857,2026-06-01,09:40,B152PR,"MD	0	18:16:49.648	Core 04	2026.06.01 09:40:03   [SRJ-IND] B152PR sym=USDJPY bar=2026.06.01 09:35 z1=714,B,158.107,158.142,2026.05.14 19:30,1,2026.05.14 20:00,158.169,158.142"
228,JUNE0525-B157,1617DC1ACCE6B50ED2D1359582A70A8B8503C569623EE90C18C6B33542796207,Tester/logs/20261010.log,3011858,2026-06-01,09:40,B152PR,"PM	0	18:16:49.648	Core 04	2026.06.01 09:40:03   [SRJ-IND] B152PR sym=USDJPY bar=2026.06.01 09:35 z1=1405,B,158.735,158.769,2026.05.20 19:00,1,2026.05.20 19:05,158.816,158.753"
229,JUNE0525-B157,1617DC1ACCE6B50ED2D1359582A70A8B8503C569623EE90C18C6B33542796207,Tester/logs/20261010.log,3011859,2026-06-01,09:40,B152PR,"FS	0	18:16:49.648	Core 04	2026.06.01 09:40:03   [SRJ-IND] B152PR sym=USDJPY bar=2026.06.01 09:35 z1=1779,B,158.756,158.800,2026.05.25 06:45,1,2026.05.26 00:00,158.887,158.784"
230,JUNE0525-B157,1617DC1ACCE6B50ED2D1359582A70A8B8503C569623EE90C18C6B33542796207,Tester/logs/20261010.log,3011860,2026-06-01,09:40,B152PR,"GI	0	18:16:49.648	Core 04	2026.06.01 09:40:03   [SRJ-IND] B152PR sym=USDJPY bar=2026.06.01 09:35 z1=1780,B,158.789,158.814,2026.05.25 04:50,1,2026.05.26 00:00,158.887,158.784"
231,JUNE0525-B157,1617DC1ACCE6B50ED2D1359582A70A8B8503C569623EE90C18C6B33542796207,Tester/logs/20261010.log,3011861,2026-06-01,09:40,B152PR,"RO	0	18:16:49.648	Core 04	2026.06.01 09:40:03   [SRJ-IND] B152PR sym=USDJPY bar=2026.06.01 09:35 z1=1949,B,158.916,158.934,2026.05.26 07:25,1,2026.05.26 07:30,158.942,158.934"
232,JUNE0525-B157,1617DC1ACCE6B50ED2D1359582A70A8B8503C569623EE90C18C6B33542796207,Tester/logs/20261010.log,3011862,2026-06-01,09:40,B152PR,"CD	0	18:16:49.648	Core 04	2026.06.01 09:40:03   [SRJ-IND] B152PR sym=USDJPY bar=2026.06.01 09:35 z1=2271,S,159.524,159.574,2026.05.28 09:40,1,2026.05.28 11:25,159.524,159.488"
233,JUNE0525-B157,1617DC1ACCE6B50ED2D1359582A70A8B8503C569623EE90C18C6B33542796207,Tester/logs/20261010.log,3011863,2026-06-01,09:40,B152PR,"RJ	0	18:16:49.648	Core 04	2026.06.01 09:40:03   [SRJ-IND] B152PR sym=USDJPY bar=2026.06.01 09:35 z1=2277,S,159.551,159.575,2026.05.28 08:40,1,2026.05.28 08:50,159.556,159.541"
234,JUNE0525-B157,1617DC1ACCE6B50ED2D1359582A70A8B8503C569623EE90C18C6B33542796207,Tester/logs/20261010.log,3011864,2026-06-01,09:40,B152PR,"MP	0	18:16:49.648	Core 04	2026.06.01 09:40:03   [SRJ-IND] B152PR sym=USDJPY bar=2026.06.01 09:35 z1=2299,S,159.488,159.524,2026.05.28 11:45,1,2026.05.28 17:00,159.491,159.448"
235,JUNE0525-B157,1617DC1ACCE6B50ED2D1359582A70A8B8503C569623EE90C18C6B33542796207,Tester/logs/20261010.log,3011865,2026-06-01,09:40,B152PR,"GG	0	18:16:49.648	Core 04	2026.06.01 09:40:03   [SRJ-IND] B152PR sym=USDJPY bar=2026.06.01 09:35 z1=2509,B,159.134,159.195,2026.05.29 19:10,1,2026.05.29 19:35,159.215,159.186"
236,JUNE0525-B157,1617DC1ACCE6B50ED2D1359582A70A8B8503C569623EE90C18C6B33542796207,Tester/logs/20261010.log,3011866,2026-06-01,09:40,B152PR,"DL	0	18:16:49.648	Core 04	2026.06.01 09:40:03   [SRJ-IND] B152PR sym=USDJPY bar=2026.06.01 09:35 z1=2585,S,159.485,159.494,2026.06.01 06:00,1,2026.06.01 09:15,159.486,159.466"
237,JUNE0525-B157,1617DC1ACCE6B50ED2D1359582A70A8B8503C569623EE90C18C6B33542796207,Tester/logs/20261010.log,3011867,2026-06-01,09:40,B152PR,"FQ	0	18:16:49.648	Core 04	2026.06.01 09:40:03   [SRJ-IND] B152PR sym=USDJPY bar=2026.06.01 09:35 bull=1 bear=1 nz=21"
238,JUNE0525-B157,1617DC1ACCE6B50ED2D1359582A70A8B8503C569623EE90C18C6B33542796207,Tester/logs/20261010.log,3011870,2026-06-01,09:40,FRESHSKIP,"FN	0	18:16:49.648	Core 04	2026.06.01 09:40:03   [SRJ-EA] FRESHSKIP bar=2026.06.01 09:35 dir=LONG state=S3_ZONE_WAIT poi=Monthly-POC reason=PRE_BINDING"
239,JUNE0525-B157,1617DC1ACCE6B50ED2D1359582A70A8B8503C569623EE90C18C6B33542796207,Tester/logs/20261010.log,3012002,2026-06-01,09:40,CONFIRMPOLL,"IH	0	18:16:49.648	Core 04	2026.06.01 09:40:03   [SRJ-EA] CONFIRMPOLL bar=2026.06.01 09:35 anchor=Monthly-POC dir=LONG oppCandle=0 bodyDir=1 body=1pts doji=0 touchAttr=0 confirm=0 shadow=true"
240,JUNE0525-B157,1617DC1ACCE6B50ED2D1359582A70A8B8503C569623EE90C18C6B33542796207,Tester/logs/20261010.log,3012005,2026-06-01,09:40,XOBPROMO,"GN	0	18:16:49.648	Core 04	2026.06.01 09:40:03   [SRJ-EA] XOBPROMO bar=2026.06.01 09:35 site=S3PICK xobId=2566 raw=1780283700.0 promoT=2026.06.01 03:15"
241,JUNE0525-B157,1617DC1ACCE6B50ED2D1359582A70A8B8503C569623EE90C18C6B33542796207,Tester/logs/20261010.log,3012006,2026-06-01,09:40,ZONEPICK,"IQ	0	18:16:49.648	Core 04	2026.06.01 09:40:03   [SRJ-EA] ZONEPICK bar=2026.06.01 09:35 dir=LONG haveFvg=0 fvgInPlay=0 haveXob=1 xobInPlay=0 downgraded=0 fvg=--- xob=159.382-159.407"
242,JUNE0525-B157,1617DC1ACCE6B50ED2D1359582A70A8B8503C569623EE90C18C6B33542796207,Tester/logs/20261010.log,3012015,2026-06-01,09:40,INPLAYCOMMIT,"LF	0	18:16:49.648	Core 04	2026.06.01 09:40:03   [SRJ-EA] INPLAYCOMMIT bar=2026.06.01 09:35 dir=LONG zoneSrc=XOB zoneLo=159.382 zoneHi=159.407 promoT=2026.06.01 03:15 applied=1 bounded=1 scanned=82 swings=14 hits=0 firstShift=-1 firstVal=- commitVia=none legacy=0 legacyVia=none committed=0 changed=0 haveStop=1"
243,JUNE0525-B157,1617DC1ACCE6B50ED2D1359582A70A8B8503C569623EE90C18C6B33542796207,Tester/logs/20261010.log,3012021,2026-06-01,09:45,B152PR,"KO	0	18:16:49.648	Core 04	2026.06.01 09:45:00   [SRJ-IND] B152PR sym=USDJPY bar=2026.06.01 09:40 z1=65,B,156.672,156.773,2026.05.11 04:10,1,2026.05.12 08:55,157.714,156.726"
244,JUNE0525-B157,1617DC1ACCE6B50ED2D1359582A70A8B8503C569623EE90C18C6B33542796207,Tester/logs/20261010.log,3012022,2026-06-01,09:45,B152PR,"KE	0	18:16:49.648	Core 04	2026.06.01 09:45:00   [SRJ-IND] B152PR sym=USDJPY bar=2026.06.01 09:40 z1=78,B,156.578,156.584,2026.05.11 00:35,1,2026.05.11 00:40,156.644,156.537"
245,JUNE0525-B157,1617DC1ACCE6B50ED2D1359582A70A8B8503C569623EE90C18C6B33542796207,Tester/logs/20261010.log,3012023,2026-06-01,09:45,B152PR,"MH	0	18:16:49.648	Core 04	2026.06.01 09:45:00   [SRJ-IND] B152PR sym=USDJPY bar=2026.06.01 09:40 z1=212,B,157.028,157.060,2026.05.11 19:20,1,2026.05.12 00:00,157.152,157.050"
246,JUNE0525-B157,1617DC1ACCE6B50ED2D1359582A70A8B8503C569623EE90C18C6B33542796207,Tester/logs/20261010.log,3012024,2026-06-01,09:45,B152PR,"QR	0	18:16:49.648	Core 04	2026.06.01 09:45:00   [SRJ-IND] B152PR sym=USDJPY bar=2026.06.01 09:40 z1=256,B,157.172,157.178,2026.05.12 01:25,1,2026.05.12 08:55,157.714,156.726"
247,JUNE0525-B157,1617DC1ACCE6B50ED2D1359582A70A8B8503C569623EE90C18C6B33542796207,Tester/logs/20261010.log,3012025,2026-06-01,09:45,B152PR,"CD	0	18:16:49.648	Core 04	2026.06.01 09:45:00   [SRJ-IND] B152PR sym=USDJPY bar=2026.06.01 09:40 z1=261,B,157.184,157.192,2026.05.12 03:00,1,2026.05.12 08:55,157.714,156.726"
248,JUNE0525-B157,1617DC1ACCE6B50ED2D1359582A70A8B8503C569623EE90C18C6B33542796207,Tester/logs/20261010.log,3012026,2026-06-01,09:45,B152PR,"CI	0	18:16:49.648	Core 04	2026.06.01 09:45:00   [SRJ-IND] B152PR sym=USDJPY bar=2026.06.01 09:40 z1=313,B,157.331,157.497,2026.05.12 10:00,1,2026.05.12 10:10,157.546,157.487"
249,JUNE0525-B157,1617DC1ACCE6B50ED2D1359582A70A8B8503C569623EE90C18C6B33542796207,Tester/logs/20261010.log,3012027,2026-06-01,09:45,B152PR,"NS	0	18:16:49.648	Core 04	2026.06.01 09:45:00   [SRJ-IND] B152PR sym=USDJPY bar=2026.06.01 09:40 z1=414,B,157.517,157.589,2026.05.13 01:10,1,2026.05.13 01:20,157.607,157.587"
250,JUNE0525-B157,1617DC1ACCE6B50ED2D1359582A70A8B8503C569623EE90C18C6B33542796207,Tester/logs/20261010.log,3012028,2026-06-01,09:45,B152PR,"EE	0	18:16:49.648	Core 04	2026.06.01 09:45:00   [SRJ-IND] B152PR sym=USDJPY bar=2026.06.01 09:40 z1=447,B,157.562,157.648,2026.05.13 06:20,1,2026.05.13 06:25,157.662,157.648"
251,JUNE0525-B157,1617DC1ACCE6B50ED2D1359582A70A8B8503C569623EE90C18C6B33542796207,Tester/logs/20261010.log,3012029,2026-06-01,09:45,B152PR,"JO	0	18:16:49.648	Core 04	2026.06.01 09:45:00   [SRJ-IND] B152PR sym=USDJPY bar=2026.06.01 09:40 z1=449,B,157.599,157.654,2026.05.13 05:15,1,2026.05.13 05:45,157.687,157.652"
252,JUNE0525-B157,1617DC1ACCE6B50ED2D1359582A70A8B8503C569623EE90C18C6B33542796207,Tester/logs/20261010.log,3012030,2026-06-01,09:45,B152PR,"CQ	0	18:16:49.648	Core 04	2026.06.01 09:45:00   [SRJ-IND] B152PR sym=USDJPY bar=2026.06.01 09:40 z1=460,B,157.645,157.660,2026.05.13 07:05,1,2026.05.14 00:25,157.812,157.650"
253,JUNE0525-B157,1617DC1ACCE6B50ED2D1359582A70A8B8503C569623EE90C18C6B33542796207,Tester/logs/20261010.log,3012031,2026-06-01,09:45,B152PR,"GK	0	18:16:49.648	Core 04	2026.06.01 09:45:00   [SRJ-IND] B152PR sym=USDJPY bar=2026.06.01 09:40 z1=696,B,157.568,158.167,2026.05.14 18:05,1,2026.05.14 18:10,158.191,158.119"
254,JUNE0525-B157,1617DC1ACCE6B50ED2D1359582A70A8B8503C569623EE90C18C6B33542796207,Tester/logs/20261010.log,3012032,2026-06-01,09:45,B152PR,"KM	0	18:16:49.648	Core 04	2026.06.01 09:45:00   [SRJ-IND] B152PR sym=USDJPY bar=2026.06.01 09:40 z1=714,B,158.107,158.142,2026.05.14 19:30,1,2026.05.14 20:00,158.169,158.142"
255,JUNE0525-B157,1617DC1ACCE6B50ED2D1359582A70A8B8503C569623EE90C18C6B33542796207,Tester/logs/20261010.log,3012033,2026-06-01,09:45,B152PR,"ND	0	18:16:49.648	Core 04	2026.06.01 09:45:00   [SRJ-IND] B152PR sym=USDJPY bar=2026.06.01 09:40 z1=1405,B,158.735,158.769,2026.05.20 19:00,1,2026.05.20 19:05,158.816,158.753"
256,JUNE0525-B157,1617DC1ACCE6B50ED2D1359582A70A8B8503C569623EE90C18C6B33542796207,Tester/logs/20261010.log,3012034,2026-06-01,09:45,B152PR,"HJ	0	18:16:49.648	Core 04	2026.06.01 09:45:00   [SRJ-IND] B152PR sym=USDJPY bar=2026.06.01 09:40 z1=1779,B,158.756,158.800,2026.05.25 06:45,1,2026.05.26 00:00,158.887,158.784"
257,JUNE0525-B157,1617DC1ACCE6B50ED2D1359582A70A8B8503C569623EE90C18C6B33542796207,Tester/logs/20261010.log,3012035,2026-06-01,09:45,B152PR,"EP	0	18:16:49.648	Core 04	2026.06.01 09:45:00   [SRJ-IND] B152PR sym=USDJPY bar=2026.06.01 09:40 z1=1780,B,158.789,158.814,2026.05.25 04:50,1,2026.05.26 00:00,158.887,158.784"
258,JUNE0525-B157,1617DC1ACCE6B50ED2D1359582A70A8B8503C569623EE90C18C6B33542796207,Tester/logs/20261010.log,3012036,2026-06-01,09:45,B152PR,"LF	0	18:16:49.648	Core 04	2026.06.01 09:45:00   [SRJ-IND] B152PR sym=USDJPY bar=2026.06.01 09:40 z1=1949,B,158.916,158.934,2026.05.26 07:25,1,2026.05.26 07:30,158.942,158.934"
259,JUNE0525-B157,1617DC1ACCE6B50ED2D1359582A70A8B8503C569623EE90C18C6B33542796207,Tester/logs/20261010.log,3012037,2026-06-01,09:45,B152PR,"IM	0	18:16:49.648	Core 04	2026.06.01 09:45:00   [SRJ-IND] B152PR sym=USDJPY bar=2026.06.01 09:40 z1=2271,S,159.524,159.574,2026.05.28 09:40,1,2026.05.28 11:25,159.524,159.488"
260,JUNE0525-B157,1617DC1ACCE6B50ED2D1359582A70A8B8503C569623EE90C18C6B33542796207,Tester/logs/20261010.log,3012038,2026-06-01,09:45,B152PR,"LS	0	18:16:49.648	Core 04	2026.06.01 09:45:00   [SRJ-IND] B152PR sym=USDJPY bar=2026.06.01 09:40 z1=2277,S,159.551,159.575,2026.05.28 08:40,1,2026.05.28 08:50,159.556,159.541"
261,JUNE0525-B157,1617DC1ACCE6B50ED2D1359582A70A8B8503C569623EE90C18C6B33542796207,Tester/logs/20261010.log,3012039,2026-06-01,09:45,B152PR,"OI	0	18:16:49.648	Core 04	2026.06.01 09:45:00   [SRJ-IND] B152PR sym=USDJPY bar=2026.06.01 09:40 z1=2299,S,159.488,159.524,2026.05.28 11:45,1,2026.05.28 17:00,159.491,159.448"
262,JUNE0525-B157,1617DC1ACCE6B50ED2D1359582A70A8B8503C569623EE90C18C6B33542796207,Tester/logs/20261010.log,3012040,2026-06-01,09:45,B152PR,"EN	0	18:16:49.648	Core 04	2026.06.01 09:45:00   [SRJ-IND] B152PR sym=USDJPY bar=2026.06.01 09:40 z1=2509,B,159.134,159.195,2026.05.29 19:10,1,2026.05.29 19:35,159.215,159.186"
263,JUNE0525-B157,1617DC1ACCE6B50ED2D1359582A70A8B8503C569623EE90C18C6B33542796207,Tester/logs/20261010.log,3012041,2026-06-01,09:45,B152PR,"JE	0	18:16:49.648	Core 04	2026.06.01 09:45:00   [SRJ-IND] B152PR sym=USDJPY bar=2026.06.01 09:40 z1=2585,S,159.485,159.494,2026.06.01 06:00,1,2026.06.01 09:15,159.486,159.466"
264,JUNE0525-B157,1617DC1ACCE6B50ED2D1359582A70A8B8503C569623EE90C18C6B33542796207,Tester/logs/20261010.log,3012042,2026-06-01,09:45,B152PR,"HH	0	18:16:49.648	Core 04	2026.06.01 09:45:00   [SRJ-IND] B152PR sym=USDJPY bar=2026.06.01 09:40 bull=1 bear=1 nz=21"
265,JUNE0525-B157,1617DC1ACCE6B50ED2D1359582A70A8B8503C569623EE90C18C6B33542796207,Tester/logs/20261010.log,3012046,2026-06-01,09:45,FRESHSKIP,"JQ	0	18:16:49.648	Core 04	2026.06.01 09:45:00   [SRJ-EA] FRESHSKIP bar=2026.06.01 09:40 dir=LONG state=S3_ZONE_WAIT poi=Monthly-POC reason=PRE_BINDING"
266,JUNE0525-B157,1617DC1ACCE6B50ED2D1359582A70A8B8503C569623EE90C18C6B33542796207,Tester/logs/20261010.log,3012178,2026-06-01,09:45,CONFIRMPOLL,"LF	0	18:16:49.648	Core 04	2026.06.01 09:45:00   [SRJ-EA] CONFIRMPOLL bar=2026.06.01 09:40 anchor=Monthly-POC dir=LONG oppCandle=0 bodyDir=0 body=10pts doji=0 touchAttr=0 confirm=0 shadow=true"
267,JUNE0525-B157,1617DC1ACCE6B50ED2D1359582A70A8B8503C569623EE90C18C6B33542796207,Tester/logs/20261010.log,3012181,2026-06-01,09:45,XOBPROMO,"KM	0	18:16:49.648	Core 04	2026.06.01 09:45:00   [SRJ-EA] XOBPROMO bar=2026.06.01 09:40 site=S3PICK xobId=2566 raw=1780283700.0 promoT=2026.06.01 03:15"
268,JUNE0525-B157,1617DC1ACCE6B50ED2D1359582A70A8B8503C569623EE90C18C6B33542796207,Tester/logs/20261010.log,3012182,2026-06-01,09:45,ZONEPICK,"ML	0	18:16:49.648	Core 04	2026.06.01 09:45:00   [SRJ-EA] ZONEPICK bar=2026.06.01 09:40 dir=LONG haveFvg=0 fvgInPlay=0 haveXob=1 xobInPlay=0 downgraded=0 fvg=--- xob=159.382-159.407"
269,JUNE0525-B157,1617DC1ACCE6B50ED2D1359582A70A8B8503C569623EE90C18C6B33542796207,Tester/logs/20261010.log,3012191,2026-06-01,09:45,INPLAYCOMMIT,"QH	0	18:16:49.648	Core 04	2026.06.01 09:45:00   [SRJ-EA] INPLAYCOMMIT bar=2026.06.01 09:40 dir=LONG zoneSrc=XOB zoneLo=159.382 zoneHi=159.407 promoT=2026.06.01 03:15 applied=1 bounded=1 scanned=71 swings=13 hits=0 firstShift=-1 firstVal=- commitVia=none legacy=0 legacyVia=none committed=0 changed=0 haveStop=1"
270,JUNE0525-B157,1617DC1ACCE6B50ED2D1359582A70A8B8503C569623EE90C18C6B33542796207,Tester/logs/20261010.log,3012197,2026-06-01,09:50,B152PR,"FM	0	18:16:49.648	Core 04	2026.06.01 09:50:00   [SRJ-IND] B152PR sym=USDJPY bar=2026.06.01 09:45 z1=65,B,156.672,156.773,2026.05.11 04:10,1,2026.05.12 08:55,157.714,156.726"
271,JUNE0525-B157,1617DC1ACCE6B50ED2D1359582A70A8B8503C569623EE90C18C6B33542796207,Tester/logs/20261010.log,3012198,2026-06-01,09:50,B152PR,"FS	0	18:16:49.648	Core 04	2026.06.01 09:50:00   [SRJ-IND] B152PR sym=USDJPY bar=2026.06.01 09:45 z1=78,B,156.578,156.584,2026.05.11 00:35,1,2026.05.11 00:40,156.644,156.537"
272,JUNE0525-B157,1617DC1ACCE6B50ED2D1359582A70A8B8503C569623EE90C18C6B33542796207,Tester/logs/20261010.log,3012199,2026-06-01,09:50,B152PR,"DE	0	18:16:49.648	Core 04	2026.06.01 09:50:00   [SRJ-IND] B152PR sym=USDJPY bar=2026.06.01 09:45 z1=212,B,157.028,157.060,2026.05.11 19:20,1,2026.05.12 00:00,157.152,157.050"
273,JUNE0525-B157,1617DC1ACCE6B50ED2D1359582A70A8B8503C569623EE90C18C6B33542796207,Tester/logs/20261010.log,3012200,2026-06-01,09:50,B152PR,"DO	0	18:16:49.648	Core 04	2026.06.01 09:50:00   [SRJ-IND] B152PR sym=USDJPY bar=2026.06.01 09:45 z1=256,B,157.172,157.178,2026.05.12 01:25,1,2026.05.12 08:55,157.714,156.726"
274,JUNE0525-B157,1617DC1ACCE6B50ED2D1359582A70A8B8503C569623EE90C18C6B33542796207,Tester/logs/20261010.log,3012201,2026-06-01,09:50,B152PR,"NQ	0	18:16:49.648	Core 04	2026.06.01 09:50:00   [SRJ-IND] B152PR sym=USDJPY bar=2026.06.01 09:45 z1=261,B,157.184,157.192,2026.05.12 03:00,1,2026.05.12 08:55,157.714,156.726"
275,JUNE0525-B157,1617DC1ACCE6B50ED2D1359582A70A8B8503C569623EE90C18C6B33542796207,Tester/logs/20261010.log,3012202,2026-06-01,09:50,B152PR,"JK	0	18:16:49.648	Core 04	2026.06.01 09:50:00   [SRJ-IND] B152PR sym=USDJPY bar=2026.06.01 09:45 z1=313,B,157.331,157.497,2026.05.12 10:00,1,2026.05.12 10:10,157.546,157.487"
276,JUNE0525-B157,1617DC1ACCE6B50ED2D1359582A70A8B8503C569623EE90C18C6B33542796207,Tester/logs/20261010.log,3012203,2026-06-01,09:50,B152PR,"CM	0	18:16:49.648	Core 04	2026.06.01 09:50:00   [SRJ-IND] B152PR sym=USDJPY bar=2026.06.01 09:45 z1=414,B,157.517,157.589,2026.05.13 01:10,1,2026.05.13 01:20,157.607,157.587"
277,JUNE0525-B157,1617DC1ACCE6B50ED2D1359582A70A8B8503C569623EE90C18C6B33542796207,Tester/logs/20261010.log,3012204,2026-06-01,09:50,B152PR,"PG	0	18:16:49.648	Core 04	2026.06.01 09:50:00   [SRJ-IND] B152PR sym=USDJPY bar=2026.06.01 09:45 z1=447,B,157.562,157.648,2026.05.13 06:20,1,2026.05.13 06:25,157.662,157.648"
278,JUNE0525-B157,1617DC1ACCE6B50ED2D1359582A70A8B8503C569623EE90C18C6B33542796207,Tester/logs/20261010.log,3012205,2026-06-01,09:50,B152PR,"OI	0	18:16:49.648	Core 04	2026.06.01 09:50:00   [SRJ-IND] B152PR sym=USDJPY bar=2026.06.01 09:45 z1=449,B,157.599,157.654,2026.05.13 05:15,1,2026.05.13 05:45,157.687,157.652"
279,JUNE0525-B157,1617DC1ACCE6B50ED2D1359582A70A8B8503C569623EE90C18C6B33542796207,Tester/logs/20261010.log,3012206,2026-06-01,09:50,B152PR,"JS	0	18:16:49.648	Core 04	2026.06.01 09:50:00   [SRJ-IND] B152PR sym=USDJPY bar=2026.06.01 09:45 z1=460,B,157.645,157.660,2026.05.13 07:05,1,2026.05.14 00:25,157.812,157.650"
280,JUNE0525-B157,1617DC1ACCE6B50ED2D1359582A70A8B8503C569623EE90C18C6B33542796207,Tester/logs/20261010.log,3012207,2026-06-01,09:50,B152PR,"RD	0	18:16:49.648	Core 04	2026.06.01 09:50:00   [SRJ-IND] B152PR sym=USDJPY bar=2026.06.01 09:45 z1=696,B,157.568,158.167,2026.05.14 18:05,1,2026.05.14 18:10,158.191,158.119"
281,JUNE0525-B157,1617DC1ACCE6B50ED2D1359582A70A8B8503C569623EE90C18C6B33542796207,Tester/logs/20261010.log,3012208,2026-06-01,09:50,B152PR,"JN	0	18:16:49.648	Core 04	2026.06.01 09:50:00   [SRJ-IND] B152PR sym=USDJPY bar=2026.06.01 09:45 z1=714,B,158.107,158.142,2026.05.14 19:30,1,2026.05.14 20:00,158.169,158.142"
282,JUNE0525-B157,1617DC1ACCE6B50ED2D1359582A70A8B8503C569623EE90C18C6B33542796207,Tester/logs/20261010.log,3012209,2026-06-01,09:50,B152PR,"CS	0	18:16:49.648	Core 04	2026.06.01 09:50:00   [SRJ-IND] B152PR sym=USDJPY bar=2026.06.01 09:45 z1=1405,B,158.735,158.769,2026.05.20 19:00,1,2026.05.20 19:05,158.816,158.753"
283,JUNE0525-B157,1617DC1ACCE6B50ED2D1359582A70A8B8503C569623EE90C18C6B33542796207,Tester/logs/20261010.log,3012210,2026-06-01,09:50,B152PR,"QI	0	18:16:49.648	Core 04	2026.06.01 09:50:00   [SRJ-IND] B152PR sym=USDJPY bar=2026.06.01 09:45 z1=1779,B,158.756,158.800,2026.05.25 06:45,1,2026.05.26 00:00,158.887,158.784"
284,JUNE0525-B157,1617DC1ACCE6B50ED2D1359582A70A8B8503C569623EE90C18C6B33542796207,Tester/logs/20261010.log,3012211,2026-06-01,09:50,B152PR,"LO	0	18:16:49.648	Core 04	2026.06.01 09:50:00   [SRJ-IND] B152PR sym=USDJPY bar=2026.06.01 09:45 z1=1780,B,158.789,158.814,2026.05.25 04:50,1,2026.05.26 00:00,158.887,158.784"
285,JUNE0525-B157,1617DC1ACCE6B50ED2D1359582A70A8B8503C569623EE90C18C6B33542796207,Tester/logs/20261010.log,3012212,2026-06-01,09:50,B152PR,"EE	0	18:16:49.648	Core 04	2026.06.01 09:50:00   [SRJ-IND] B152PR sym=USDJPY bar=2026.06.01 09:45 z1=1949,B,158.916,158.934,2026.05.26 07:25,1,2026.05.26 07:30,158.942,158.934"
286,JUNE0525-B157,1617DC1ACCE6B50ED2D1359582A70A8B8503C569623EE90C18C6B33542796207,Tester/logs/20261010.log,3012213,2026-06-01,09:50,B152PR,"PJ	0	18:16:49.648	Core 04	2026.06.01 09:50:00   [SRJ-IND] B152PR sym=USDJPY bar=2026.06.01 09:45 z1=2271,S,159.524,159.574,2026.05.28 09:40,1,2026.05.28 11:25,159.524,159.488"
287,JUNE0525-B157,1617DC1ACCE6B50ED2D1359582A70A8B8503C569623EE90C18C6B33542796207,Tester/logs/20261010.log,3012214,2026-06-01,09:50,B152PR,"EP	0	18:16:49.648	Core 04	2026.06.01 09:50:00   [SRJ-IND] B152PR sym=USDJPY bar=2026.06.01 09:45 z1=2277,S,159.551,159.575,2026.05.28 08:40,1,2026.05.28 08:50,159.556,159.541"
288,JUNE0525-B157,1617DC1ACCE6B50ED2D1359582A70A8B8503C569623EE90C18C6B33542796207,Tester/logs/20261010.log,3012215,2026-06-01,09:50,B152PR,"JF	0	18:16:49.648	Core 04	2026.06.01 09:50:00   [SRJ-IND] B152PR sym=USDJPY bar=2026.06.01 09:45 z1=2299,S,159.488,159.524,2026.05.28 11:45,1,2026.05.28 17:00,159.491,159.448"
289,JUNE0525-B157,1617DC1ACCE6B50ED2D1359582A70A8B8503C569623EE90C18C6B33542796207,Tester/logs/20261010.log,3012216,2026-06-01,09:50,B152PR,"LM	0	18:16:49.648	Core 04	2026.06.01 09:50:00   [SRJ-IND] B152PR sym=USDJPY bar=2026.06.01 09:45 z1=2509,B,159.134,159.195,2026.05.29 19:10,1,2026.05.29 19:35,159.215,159.186"
290,JUNE0525-B157,1617DC1ACCE6B50ED2D1359582A70A8B8503C569623EE90C18C6B33542796207,Tester/logs/20261010.log,3012217,2026-06-01,09:50,B152PR,"OR	0	18:16:49.648	Core 04	2026.06.01 09:50:00   [SRJ-IND] B152PR sym=USDJPY bar=2026.06.01 09:45 z1=2585,S,159.485,159.494,2026.06.01 06:00,1,2026.06.01 09:15,159.486,159.466"
291,JUNE0525-B157,1617DC1ACCE6B50ED2D1359582A70A8B8503C569623EE90C18C6B33542796207,Tester/logs/20261010.log,3012218,2026-06-01,09:50,B152PR,"QK	0	18:16:49.648	Core 04	2026.06.01 09:50:00   [SRJ-IND] B152PR sym=USDJPY bar=2026.06.01 09:45 bull=1 bear=1 nz=21"
292,JUNE0525-B157,1617DC1ACCE6B50ED2D1359582A70A8B8503C569623EE90C18C6B33542796207,Tester/logs/20261010.log,3012221,2026-06-01,09:50,FRESHSKIP,"QD	0	18:16:49.648	Core 04	2026.06.01 09:50:00   [SRJ-EA] FRESHSKIP bar=2026.06.01 09:45 dir=LONG state=S3_ZONE_WAIT poi=Monthly-POC reason=PRE_BINDING"
293,JUNE0525-B157,1617DC1ACCE6B50ED2D1359582A70A8B8503C569623EE90C18C6B33542796207,Tester/logs/20261010.log,3012356,2026-06-01,09:50,CONFIRMPOLL,"MQ	0	18:16:49.648	Core 04	2026.06.01 09:50:00   [SRJ-EA] CONFIRMPOLL bar=2026.06.01 09:45 anchor=Monthly-POC dir=LONG oppCandle=1 bodyDir=0 body=8pts doji=0 touchAttr=0 confirm=0 shadow=true"
294,JUNE0525-B157,1617DC1ACCE6B50ED2D1359582A70A8B8503C569623EE90C18C6B33542796207,Tester/logs/20261010.log,3012360,2026-06-01,09:50,XOBPROMO,"PL	0	18:16:49.648	Core 04	2026.06.01 09:50:00   [SRJ-EA] XOBPROMO bar=2026.06.01 09:45 site=S3PICK xobId=2566 raw=1780283700.0 promoT=2026.06.01 03:15"
295,JUNE0525-B157,1617DC1ACCE6B50ED2D1359582A70A8B8503C569623EE90C18C6B33542796207,Tester/logs/20261010.log,3012361,2026-06-01,09:50,ZONEPICK,"RS	0	18:16:49.648	Core 04	2026.06.01 09:50:00   [SRJ-EA] ZONEPICK bar=2026.06.01 09:45 dir=LONG haveFvg=0 fvgInPlay=0 haveXob=1 xobInPlay=0 downgraded=0 fvg=--- xob=159.382-159.407"
296,JUNE0525-B157,1617DC1ACCE6B50ED2D1359582A70A8B8503C569623EE90C18C6B33542796207,Tester/logs/20261010.log,3012370,2026-06-01,09:50,INPLAYCOMMIT,"KI	0	18:16:49.648	Core 04	2026.06.01 09:50:00   [SRJ-EA] INPLAYCOMMIT bar=2026.06.01 09:45 dir=LONG zoneSrc=XOB zoneLo=159.382 zoneHi=159.407 promoT=2026.06.01 03:15 applied=1 bounded=1 scanned=72 swings=13 hits=0 firstShift=-1 firstVal=- commitVia=none legacy=0 legacyVia=none committed=0 changed=0 haveStop=1"
297,JUNE0525-B157,1617DC1ACCE6B50ED2D1359582A70A8B8503C569623EE90C18C6B33542796207,Tester/logs/20261010.log,3012375,2026-06-01,09:55,B152PR,"KN	0	18:16:49.648	Core 04	2026.06.01 09:55:02   [SRJ-IND] B152PR sym=USDJPY bar=2026.06.01 09:50 z1=65,B,156.672,156.773,2026.05.11 04:10,1,2026.05.12 08:55,157.714,156.726"
298,JUNE0525-B157,1617DC1ACCE6B50ED2D1359582A70A8B8503C569623EE90C18C6B33542796207,Tester/logs/20261010.log,3012376,2026-06-01,09:55,B152PR,"KD	0	18:16:49.648	Core 04	2026.06.01 09:55:02   [SRJ-IND] B152PR sym=USDJPY bar=2026.06.01 09:50 z1=78,B,156.578,156.584,2026.05.11 00:35,1,2026.05.11 00:40,156.644,156.537"
299,JUNE0525-B157,1617DC1ACCE6B50ED2D1359582A70A8B8503C569623EE90C18C6B33542796207,Tester/logs/20261010.log,3012377,2026-06-01,09:55,B152PR,"MI	0	18:16:49.648	Core 04	2026.06.01 09:55:02   [SRJ-IND] B152PR sym=USDJPY bar=2026.06.01 09:50 z1=212,B,157.028,157.060,2026.05.11 19:20,1,2026.05.12 00:00,157.152,157.050"
300,JUNE0525-B157,1617DC1ACCE6B50ED2D1359582A70A8B8503C569623EE90C18C6B33542796207,Tester/logs/20261010.log,3012378,2026-06-01,09:55,B152PR,"MS	0	18:16:49.648	Core 04	2026.06.01 09:55:02   [SRJ-IND] B152PR sym=USDJPY bar=2026.06.01 09:50 z1=256,B,157.172,157.178,2026.05.12 01:25,1,2026.05.12 08:55,157.714,156.726"
301,JUNE0525-B157,1617DC1ACCE6B50ED2D1359582A70A8B8503C569623EE90C18C6B33542796207,Tester/logs/20261010.log,3012379,2026-06-01,09:55,B152PR,"CE	0	18:16:49.648	Core 04	2026.06.01 09:55:02   [SRJ-IND] B152PR sym=USDJPY bar=2026.06.01 09:50 z1=261,B,157.184,157.192,2026.05.12 03:00,1,2026.05.12 08:55,157.714,156.726"
302,JUNE0525-B157,1617DC1ACCE6B50ED2D1359582A70A8B8503C569623EE90C18C6B33542796207,Tester/logs/20261010.log,3012380,2026-06-01,09:55,B152PR,"OO	0	18:16:49.648	Core 04	2026.06.01 09:55:02   [SRJ-IND] B152PR sym=USDJPY bar=2026.06.01 09:50 z1=313,B,157.331,157.497,2026.05.12 10:00,1,2026.05.12 10:10,157.546,157.487"
303,JUNE0525-B157,1617DC1ACCE6B50ED2D1359582A70A8B8503C569623EE90C18C6B33542796207,Tester/logs/20261010.log,3012381,2026-06-01,09:55,B152PR,"NP	0	18:16:49.648	Core 04	2026.06.01 09:55:02   [SRJ-IND] B152PR sym=USDJPY bar=2026.06.01 09:50 z1=414,B,157.517,157.589,2026.05.13 01:10,1,2026.05.13 01:20,157.607,157.587"
304,JUNE0525-B157,1617DC1ACCE6B50ED2D1359582A70A8B8503C569623EE90C18C6B33542796207,Tester/logs/20261010.log,3012382,2026-06-01,09:55,B152PR,"IJ	0	18:16:49.648	Core 04	2026.06.01 09:55:02   [SRJ-IND] B152PR sym=USDJPY bar=2026.06.01 09:50 z1=447,B,157.562,157.648,2026.05.13 06:20,1,2026.05.13 06:25,157.662,157.648"
305,JUNE0525-B157,1617DC1ACCE6B50ED2D1359582A70A8B8503C569623EE90C18C6B33542796207,Tester/logs/20261010.log,3012383,2026-06-01,09:55,B152PR,"JL	0	18:16:49.648	Core 04	2026.06.01 09:55:02   [SRJ-IND] B152PR sym=USDJPY bar=2026.06.01 09:50 z1=449,B,157.599,157.654,2026.05.13 05:15,1,2026.05.13 05:45,157.687,157.652"
306,JUNE0525-B157,1617DC1ACCE6B50ED2D1359582A70A8B8503C569623EE90C18C6B33542796207,Tester/logs/20261010.log,3012384,2026-06-01,09:55,B152PR,"OF	0	18:16:49.648	Core 04	2026.06.01 09:55:02   [SRJ-IND] B152PR sym=USDJPY bar=2026.06.01 09:50 z1=460,B,157.645,157.660,2026.05.13 07:05,1,2026.05.14 00:25,157.812,157.650"
307,JUNE0525-B157,1617DC1ACCE6B50ED2D1359582A70A8B8503C569623EE90C18C6B33542796207,Tester/logs/20261010.log,3012385,2026-06-01,09:55,B152PR,"GH	0	18:16:49.648	Core 04	2026.06.01 09:55:02   [SRJ-IND] B152PR sym=USDJPY bar=2026.06.01 09:50 z1=696,B,157.568,158.167,2026.05.14 18:05,1,2026.05.14 18:10,158.191,158.119"
308,JUNE0525-B157,1617DC1ACCE6B50ED2D1359582A70A8B8503C569623EE90C18C6B33542796207,Tester/logs/20261010.log,3012386,2026-06-01,09:55,B152PR,"OR	0	18:16:49.648	Core 04	2026.06.01 09:55:02   [SRJ-IND] B152PR sym=USDJPY bar=2026.06.01 09:50 z1=714,B,158.107,158.142,2026.05.14 19:30,1,2026.05.14 20:00,158.169,158.142"
309,JUNE0525-B157,1617DC1ACCE6B50ED2D1359582A70A8B8503C569623EE90C18C6B33542796207,Tester/logs/20261010.log,3012387,2026-06-01,09:55,B152PR,"NG	0	18:16:49.648	Core 04	2026.06.01 09:55:02   [SRJ-IND] B152PR sym=USDJPY bar=2026.06.01 09:50 z1=1405,B,158.735,158.769,2026.05.20 19:00,1,2026.05.20 19:05,158.816,158.753"
310,JUNE0525-B157,1617DC1ACCE6B50ED2D1359582A70A8B8503C569623EE90C18C6B33542796207,Tester/logs/20261010.log,3012388,2026-06-01,09:55,B152PR,"HM	0	18:16:49.648	Core 04	2026.06.01 09:55:02   [SRJ-IND] B152PR sym=USDJPY bar=2026.06.01 09:50 z1=1779,B,158.756,158.800,2026.05.25 06:45,1,2026.05.26 00:00,158.887,158.784"
311,JUNE0525-B157,1617DC1ACCE6B50ED2D1359582A70A8B8503C569623EE90C18C6B33542796207,Tester/logs/20261010.log,3012389,2026-06-01,09:55,B152PR,"ES	0	18:16:49.648	Core 04	2026.06.01 09:55:02   [SRJ-IND] B152PR sym=USDJPY bar=2026.06.01 09:50 z1=1780,B,158.789,158.814,2026.05.25 04:50,1,2026.05.26 00:00,158.887,158.784"
312,JUNE0525-B157,1617DC1ACCE6B50ED2D1359582A70A8B8503C569623EE90C18C6B33542796207,Tester/logs/20261010.log,3012390,2026-06-01,09:55,B152PR,"LI	0	18:16:49.648	Core 04	2026.06.01 09:55:02   [SRJ-IND] B152PR sym=USDJPY bar=2026.06.01 09:50 z1=1949,B,158.916,158.934,2026.05.26 07:25,1,2026.05.26 07:30,158.942,158.934"
313,JUNE0525-B157,1617DC1ACCE6B50ED2D1359582A70A8B8503C569623EE90C18C6B33542796207,Tester/logs/20261010.log,3012391,2026-06-01,09:55,B152PR,"IN	0	18:16:49.648	Core 04	2026.06.01 09:55:02   [SRJ-IND] B152PR sym=USDJPY bar=2026.06.01 09:50 z1=2271,S,159.524,159.574,2026.05.28 09:40,1,2026.05.28 11:25,159.524,159.488"
314,JUNE0525-B157,1617DC1ACCE6B50ED2D1359582A70A8B8503C569623EE90C18C6B33542796207,Tester/logs/20261010.log,3012392,2026-06-01,09:55,B152PR,"LD	0	18:16:49.648	Core 04	2026.06.01 09:55:02   [SRJ-IND] B152PR sym=USDJPY bar=2026.06.01 09:50 z1=2277,S,159.551,159.575,2026.05.28 08:40,1,2026.05.28 08:50,159.556,159.541"
315,JUNE0525-B157,1617DC1ACCE6B50ED2D1359582A70A8B8503C569623EE90C18C6B33542796207,Tester/logs/20261010.log,3012393,2026-06-01,09:55,B152PR,"OJ	0	18:16:49.648	Core 04	2026.06.01 09:55:02   [SRJ-IND] B152PR sym=USDJPY bar=2026.06.01 09:50 z1=2299,S,159.488,159.524,2026.05.28 11:45,1,2026.05.28 17:00,159.491,159.448"
316,JUNE0525-B157,1617DC1ACCE6B50ED2D1359582A70A8B8503C569623EE90C18C6B33542796207,Tester/logs/20261010.log,3012394,2026-06-01,09:55,B152PR,"EQ	0	18:16:49.648	Core 04	2026.06.01 09:55:02   [SRJ-IND] B152PR sym=USDJPY bar=2026.06.01 09:50 z1=2509,B,159.134,159.195,2026.05.29 19:10,1,2026.05.29 19:35,159.215,159.186"
317,JUNE0525-B157,1617DC1ACCE6B50ED2D1359582A70A8B8503C569623EE90C18C6B33542796207,Tester/logs/20261010.log,3012395,2026-06-01,09:55,B152PR,"JF	0	18:16:49.648	Core 04	2026.06.01 09:55:02   [SRJ-IND] B152PR sym=USDJPY bar=2026.06.01 09:50 z1=2585,S,159.485,159.494,2026.06.01 06:00,1,2026.06.01 09:15,159.486,159.466"
318,JUNE0525-B157,1617DC1ACCE6B50ED2D1359582A70A8B8503C569623EE90C18C6B33542796207,Tester/logs/20261010.log,3012396,2026-06-01,09:55,B152PR,"HO	0	18:16:49.648	Core 04	2026.06.01 09:55:02   [SRJ-IND] B152PR sym=USDJPY bar=2026.06.01 09:50 bull=1 bear=1 nz=21"
319,JUNE0525-B157,1617DC1ACCE6B50ED2D1359582A70A8B8503C569623EE90C18C6B33542796207,Tester/logs/20261010.log,3012399,2026-06-01,09:55,FRESHSKIP,"HP	0	18:16:49.648	Core 04	2026.06.01 09:55:02   [SRJ-EA] FRESHSKIP bar=2026.06.01 09:50 dir=LONG state=S3_ZONE_WAIT poi=Monthly-POC reason=PRE_BINDING"
320,JUNE0525-B157,1617DC1ACCE6B50ED2D1359582A70A8B8503C569623EE90C18C6B33542796207,Tester/logs/20261010.log,3012531,2026-06-01,09:55,CONFIRMPOLL,"JM	0	18:16:49.648	Core 04	2026.06.01 09:55:02   [SRJ-EA] CONFIRMPOLL bar=2026.06.01 09:50 anchor=Monthly-POC dir=LONG oppCandle=1 bodyDir=0 body=11pts doji=0 touchAttr=0 confirm=0 shadow=true"
321,JUNE0525-B157,1617DC1ACCE6B50ED2D1359582A70A8B8503C569623EE90C18C6B33542796207,Tester/logs/20261010.log,3012534,2026-06-01,09:55,XOBPROMO,"GP	0	18:16:49.648	Core 04	2026.06.01 09:55:02   [SRJ-EA] XOBPROMO bar=2026.06.01 09:50 site=S3PICK xobId=2566 raw=1780283700.0 promoT=2026.06.01 03:15"
322,JUNE0525-B157,1617DC1ACCE6B50ED2D1359582A70A8B8503C569623EE90C18C6B33542796207,Tester/logs/20261010.log,3012535,2026-06-01,09:55,ZONEPICK,"IG	0	18:16:49.648	Core 04	2026.06.01 09:55:02   [SRJ-EA] ZONEPICK bar=2026.06.01 09:50 dir=LONG haveFvg=0 fvgInPlay=0 haveXob=1 xobInPlay=0 downgraded=0 fvg=--- xob=159.382-159.407"
323,JUNE0525-B157,1617DC1ACCE6B50ED2D1359582A70A8B8503C569623EE90C18C6B33542796207,Tester/logs/20261010.log,3012544,2026-06-01,09:55,INPLAYCOMMIT,"ID	0	18:16:49.648	Core 04	2026.06.01 09:55:02   [SRJ-EA] INPLAYCOMMIT bar=2026.06.01 09:50 dir=LONG zoneSrc=XOB zoneLo=159.382 zoneHi=159.407 promoT=2026.06.01 03:15 applied=1 bounded=1 scanned=73 swings=13 hits=0 firstShift=-1 firstVal=- commitVia=none legacy=0 legacyVia=none committed=0 changed=0 haveStop=1"
324,JUNE0525-B157,1617DC1ACCE6B50ED2D1359582A70A8B8503C569623EE90C18C6B33542796207,Tester/logs/20261010.log,3012553,2026-06-01,10:00,B152PR,"MI	0	18:16:49.648	Core 04	2026.06.01 10:00:01   [SRJ-IND] B152PR sym=USDJPY bar=2026.06.01 09:55 z1=65,B,156.672,156.773,2026.05.11 04:10,1,2026.05.12 08:55,157.714,156.726"
325,JUNE0525-B157,1617DC1ACCE6B50ED2D1359582A70A8B8503C569623EE90C18C6B33542796207,Tester/logs/20261010.log,3012554,2026-06-01,10:00,B152PR,"EL	0	18:16:49.648	Core 04	2026.06.01 10:00:01   [SRJ-IND] B152PR sym=USDJPY bar=2026.06.01 09:55 z1=78,B,156.578,156.584,2026.05.11 00:35,1,2026.05.11 00:40,156.644,156.537"
326,JUNE0525-B157,1617DC1ACCE6B50ED2D1359582A70A8B8503C569623EE90C18C6B33542796207,Tester/logs/20261010.log,3012555,2026-06-01,10:00,B152PR,"KQ	0	18:16:49.648	Core 04	2026.06.01 10:00:01   [SRJ-IND] B152PR sym=USDJPY bar=2026.06.01 09:55 z1=212,B,157.028,157.060,2026.05.11 19:20,1,2026.05.12 00:00,157.152,157.050"
327,JUNE0525-B157,1617DC1ACCE6B50ED2D1359582A70A8B8503C569623EE90C18C6B33542796207,Tester/logs/20261010.log,3012556,2026-06-01,10:00,B152PR,"KK	0	18:16:49.648	Core 04	2026.06.01 10:00:01   [SRJ-IND] B152PR sym=USDJPY bar=2026.06.01 09:55 z1=256,B,157.172,157.178,2026.05.12 01:25,1,2026.05.12 08:55,157.714,156.726"
328,JUNE0525-B157,1617DC1ACCE6B50ED2D1359582A70A8B8503C569623EE90C18C6B33542796207,Tester/logs/20261010.log,3012557,2026-06-01,10:00,B152PR,"MM	0	18:16:49.648	Core 04	2026.06.01 10:00:01   [SRJ-IND] B152PR sym=USDJPY bar=2026.06.01 09:55 z1=261,B,157.184,157.192,2026.05.12 03:00,1,2026.05.12 08:55,157.714,156.726"
329,JUNE0525-B157,1617DC1ACCE6B50ED2D1359582A70A8B8503C569623EE90C18C6B33542796207,Tester/logs/20261010.log,3012558,2026-06-01,10:00,B152PR,"IG	0	18:16:49.648	Core 04	2026.06.01 10:00:01   [SRJ-IND] B152PR sym=USDJPY bar=2026.06.01 09:55 z1=313,B,157.331,157.497,2026.05.12 10:00,1,2026.05.12 10:10,157.546,157.487"
330,JUNE0525-B157,1617DC1ACCE6B50ED2D1359582A70A8B8503C569623EE90C18C6B33542796207,Tester/logs/20261010.log,3012559,2026-06-01,10:00,B152PR,"LI	0	18:16:49.648	Core 04	2026.06.01 10:00:01   [SRJ-IND] B152PR sym=USDJPY bar=2026.06.01 09:55 z1=414,B,157.517,157.589,2026.05.13 01:10,1,2026.05.13 01:20,157.607,157.587"
331,JUNE0525-B157,1617DC1ACCE6B50ED2D1359582A70A8B8503C569623EE90C18C6B33542796207,Tester/logs/20261010.log,3012560,2026-06-01,10:00,B152PR,"GS	0	18:16:49.648	Core 04	2026.06.01 10:00:01   [SRJ-IND] B152PR sym=USDJPY bar=2026.06.01 09:55 z1=447,B,157.562,157.648,2026.05.13 06:20,1,2026.05.13 06:25,157.662,157.648"
332,JUNE0525-B157,1617DC1ACCE6B50ED2D1359582A70A8B8503C569623EE90C18C6B33542796207,Tester/logs/20261010.log,3012561,2026-06-01,10:00,B152PR,"PD	0	18:16:49.648	Core 04	2026.06.01 10:00:01   [SRJ-IND] B152PR sym=USDJPY bar=2026.06.01 09:55 z1=449,B,157.599,157.654,2026.05.13 05:15,1,2026.05.13 05:45,157.687,157.652"
333,JUNE0525-B157,1617DC1ACCE6B50ED2D1359582A70A8B8503C569623EE90C18C6B33542796207,Tester/logs/20261010.log,3012562,2026-06-01,10:00,B152PR,"IN	0	18:16:49.648	Core 04	2026.06.01 10:00:01   [SRJ-IND] B152PR sym=USDJPY bar=2026.06.01 09:55 z1=460,B,157.645,157.660,2026.05.13 07:05,1,2026.05.14 00:25,157.812,157.650"
334,JUNE0525-B157,1617DC1ACCE6B50ED2D1359582A70A8B8503C569623EE90C18C6B33542796207,Tester/logs/20261010.log,3012563,2026-06-01,10:00,B152PR,"IP	0	18:16:49.648	Core 04	2026.06.01 10:00:01   [SRJ-IND] B152PR sym=USDJPY bar=2026.06.01 09:55 z1=696,B,157.568,158.167,2026.05.14 18:05,1,2026.05.14 18:10,158.191,158.119"
335,JUNE0525-B157,1617DC1ACCE6B50ED2D1359582A70A8B8503C569623EE90C18C6B33542796207,Tester/logs/20261010.log,3012564,2026-06-01,10:00,B152PR,"QJ	0	18:16:49.648	Core 04	2026.06.01 10:00:01   [SRJ-IND] B152PR sym=USDJPY bar=2026.06.01 09:55 z1=714,B,158.107,158.142,2026.05.14 19:30,1,2026.05.14 20:00,158.169,158.142"
336,JUNE0525-B157,1617DC1ACCE6B50ED2D1359582A70A8B8503C569623EE90C18C6B33542796207,Tester/logs/20261010.log,3012565,2026-06-01,10:00,B152PR,"DO	0	18:16:49.648	Core 04	2026.06.01 10:00:01   [SRJ-IND] B152PR sym=USDJPY bar=2026.06.01 09:55 z1=1405,B,158.735,158.769,2026.05.20 19:00,1,2026.05.20 19:05,158.816,158.753"
337,JUNE0525-B157,1617DC1ACCE6B50ED2D1359582A70A8B8503C569623EE90C18C6B33542796207,Tester/logs/20261010.log,3012566,2026-06-01,10:00,B152PR,"RE	0	18:16:49.648	Core 04	2026.06.01 10:00:01   [SRJ-IND] B152PR sym=USDJPY bar=2026.06.01 09:55 z1=1779,B,158.756,158.800,2026.05.25 06:45,1,2026.05.26 00:00,158.887,158.784"
338,JUNE0525-B157,1617DC1ACCE6B50ED2D1359582A70A8B8503C569623EE90C18C6B33542796207,Tester/logs/20261010.log,3012567,2026-06-01,10:00,B152PR,"KK	0	18:16:49.648	Core 04	2026.06.01 10:00:01   [SRJ-IND] B152PR sym=USDJPY bar=2026.06.01 09:55 z1=1780,B,158.789,158.814,2026.05.25 04:50,1,2026.05.26 00:00,158.887,158.784"
339,JUNE0525-B157,1617DC1ACCE6B50ED2D1359582A70A8B8503C569623EE90C18C6B33542796207,Tester/logs/20261010.log,3012568,2026-06-01,10:00,B152PR,"FQ	0	18:16:49.648	Core 04	2026.06.01 10:00:01   [SRJ-IND] B152PR sym=USDJPY bar=2026.06.01 09:55 z1=1949,B,158.916,158.934,2026.05.26 07:25,1,2026.05.26 07:30,158.942,158.934"
340,JUNE0525-B157,1617DC1ACCE6B50ED2D1359582A70A8B8503C569623EE90C18C6B33542796207,Tester/logs/20261010.log,3012569,2026-06-01,10:00,B152PR,"OF	0	18:16:49.648	Core 04	2026.06.01 10:00:01   [SRJ-IND] B152PR sym=USDJPY bar=2026.06.01 09:55 z1=2271,S,159.524,159.574,2026.05.28 09:40,1,2026.05.28 11:25,159.524,159.488"
341,JUNE0525-B157,1617DC1ACCE6B50ED2D1359582A70A8B8503C569623EE90C18C6B33542796207,Tester/logs/20261010.log,3012570,2026-06-01,10:00,B152PR,"FL	0	18:16:49.648	Core 04	2026.06.01 10:00:01   [SRJ-IND] B152PR sym=USDJPY bar=2026.06.01 09:55 z1=2277,S,159.551,159.575,2026.05.28 08:40,1,2026.05.28 08:50,159.556,159.541"
342,JUNE0525-B157,1617DC1ACCE6B50ED2D1359582A70A8B8503C569623EE90C18C6B33542796207,Tester/logs/20261010.log,3012571,2026-06-01,10:00,B152PR,"IR	0	18:16:49.648	Core 04	2026.06.01 10:00:01   [SRJ-IND] B152PR sym=USDJPY bar=2026.06.01 09:55 z1=2299,S,159.488,159.524,2026.05.28 11:45,1,2026.05.28 17:00,159.491,159.448"
343,JUNE0525-B157,1617DC1ACCE6B50ED2D1359582A70A8B8503C569623EE90C18C6B33542796207,Tester/logs/20261010.log,3012572,2026-06-01,10:00,B152PR,"KI	0	18:16:49.648	Core 04	2026.06.01 10:00:01   [SRJ-IND] B152PR sym=USDJPY bar=2026.06.01 09:55 z1=2509,B,159.134,159.195,2026.05.29 19:10,1,2026.05.29 19:35,159.215,159.186"
344,JUNE0525-B157,1617DC1ACCE6B50ED2D1359582A70A8B8503C569623EE90C18C6B33542796207,Tester/logs/20261010.log,3012573,2026-06-01,10:00,B152PR,"PN	0	18:16:49.648	Core 04	2026.06.01 10:00:01   [SRJ-IND] B152PR sym=USDJPY bar=2026.06.01 09:55 z1=2585,S,159.485,159.494,2026.06.01 06:00,1,2026.06.01 09:15,159.486,159.466"
345,JUNE0525-B157,1617DC1ACCE6B50ED2D1359582A70A8B8503C569623EE90C18C6B33542796207,Tester/logs/20261010.log,3012574,2026-06-01,10:00,B152PR,"RG	0	18:16:49.648	Core 04	2026.06.01 10:00:01   [SRJ-IND] B152PR sym=USDJPY bar=2026.06.01 09:55 bull=1 bear=1 nz=21"
346,JUNE0525-B157,1617DC1ACCE6B50ED2D1359582A70A8B8503C569623EE90C18C6B33542796207,Tester/logs/20261010.log,3012583,2026-06-01,10:00,FRESHSKIP,"FH	0	18:16:49.648	Core 04	2026.06.01 10:00:01   [SRJ-EA] FRESHSKIP bar=2026.06.01 09:55 dir=LONG state=S3_ZONE_WAIT poi=Monthly-POC reason=PRE_BINDING"
347,JUNE0525-B157,1617DC1ACCE6B50ED2D1359582A70A8B8503C569623EE90C18C6B33542796207,Tester/logs/20261010.log,3012711,2026-06-01,10:00,CQDRECHECK,"OJ	0	18:16:49.648	Core 04	2026.06.01 10:00:01   [SRJ-EA] CQDRECHECK shift=2 passA=2.0 passB=2.0 diff=0 bar=2026.06.01 09:50 state=S3_ZONE_WAIT dir=LONG divLatch=1 hit1=0 hit2=370 mism=0"
348,JUNE0525-B157,1617DC1ACCE6B50ED2D1359582A70A8B8503C569623EE90C18C6B33542796207,Tester/logs/20261010.log,3012715,2026-06-01,10:00,CONFIRMPOLL,"CI	0	18:16:49.648	Core 04	2026.06.01 10:00:01   [SRJ-EA] CONFIRMPOLL bar=2026.06.01 09:55 anchor=Monthly-POC dir=LONG oppCandle=1 bodyDir=0 body=40pts doji=0 touchAttr=1 confirm=0 shadow=true"
349,JUNE0525-B157,1617DC1ACCE6B50ED2D1359582A70A8B8503C569623EE90C18C6B33542796207,Tester/logs/20261010.log,3012718,2026-06-01,10:00,ABORT,"HH	0	18:16:49.648	Core 04	2026.06.01 10:00:01   [SRJ-EA] 2026.06.01 10:00:01 ABORT reason=LTF_MISALIGN state=S3_ZONE_WAIT poi=Monthly-POC dir=LONG"
350,JUNE0525-B157,1617DC1ACCE6B50ED2D1359582A70A8B8503C569623EE90C18C6B33542796207,Tester/logs/20261010.log,3012719,2026-06-01,10:00,A6REFUSED,"KG	0	18:16:49.648	Core 04	2026.06.01 10:00:01   [SRJ-EA] A6REFUSED class=ABSENT_DECLINED bar=2026.06.01 10:00 state=S3_ZONE_WAIT dir=LONG predicate=LTF_MISALIGN"
351,JUNE0525-B157,1617DC1ACCE6B50ED2D1359582A70A8B8503C569623EE90C18C6B33542796207,Tester/logs/20261010.log,3012720,2026-06-01,10:00,STATE,"HR	0	18:16:49.648	Core 04	2026.06.01 10:00:01   [SRJ-EA] 2026.06.01 10:00:01 STATE S3_ZONE_WAIT->ABORT dir=LONG poi=Monthly-POC"
352,JUNE0525-B157,1617DC1ACCE6B50ED2D1359582A70A8B8503C569623EE90C18C6B33542796207,Tester/logs/20261010.log,3012722,2026-06-01,10:05,B152PR,"EE	0	18:16:49.648	Core 04	2026.06.01 10:05:00   [SRJ-IND] B152PR sym=USDJPY bar=2026.06.01 10:00 z1=65,B,156.672,156.773,2026.05.11 04:10,1,2026.05.12 08:55,157.714,156.726"
353,JUNE0525-B157,1617DC1ACCE6B50ED2D1359582A70A8B8503C569623EE90C18C6B33542796207,Tester/logs/20261010.log,3012723,2026-06-01,10:05,B152PR,"EK	0	18:16:49.648	Core 04	2026.06.01 10:05:00   [SRJ-IND] B152PR sym=USDJPY bar=2026.06.01 10:00 z1=78,B,156.578,156.584,2026.05.11 00:35,1,2026.05.11 00:40,156.644,156.537"
354,JUNE0525-B157,1617DC1ACCE6B50ED2D1359582A70A8B8503C569623EE90C18C6B33542796207,Tester/logs/20261010.log,3012724,2026-06-01,10:05,B152PR,"CM	0	18:16:49.648	Core 04	2026.06.01 10:05:00   [SRJ-IND] B152PR sym=USDJPY bar=2026.06.01 10:00 z1=212,B,157.028,157.060,2026.05.11 19:20,1,2026.05.12 00:00,157.152,157.050"
355,JUNE0525-B157,1617DC1ACCE6B50ED2D1359582A70A8B8503C569623EE90C18C6B33542796207,Tester/logs/20261010.log,3012725,2026-06-01,10:05,B152PR,"CG	0	18:16:49.648	Core 04	2026.06.01 10:05:00   [SRJ-IND] B152PR sym=USDJPY bar=2026.06.01 10:00 z1=256,B,157.172,157.178,2026.05.12 01:25,1,2026.05.12 08:55,157.714,156.726"
356,JUNE0525-B157,1617DC1ACCE6B50ED2D1359582A70A8B8503C569623EE90C18C6B33542796207,Tester/logs/20261010.log,3012726,2026-06-01,10:05,B152PR,"MI	0	18:16:49.648	Core 04	2026.06.01 10:05:00   [SRJ-IND] B152PR sym=USDJPY bar=2026.06.01 10:00 z1=261,B,157.184,157.192,2026.05.12 03:00,1,2026.05.12 08:55,157.714,156.726"
357,JUNE0525-B157,1617DC1ACCE6B50ED2D1359582A70A8B8503C569623EE90C18C6B33542796207,Tester/logs/20261010.log,3012727,2026-06-01,10:05,B152PR,"IS	0	18:16:49.648	Core 04	2026.06.01 10:05:00   [SRJ-IND] B152PR sym=USDJPY bar=2026.06.01 10:00 z1=313,B,157.331,157.497,2026.05.12 10:00,1,2026.05.12 10:10,157.546,157.487"
358,JUNE0525-B157,1617DC1ACCE6B50ED2D1359582A70A8B8503C569623EE90C18C6B33542796207,Tester/logs/20261010.log,3012728,2026-06-01,10:05,B152PR,"DE	0	18:16:49.648	Core 04	2026.06.01 10:05:00   [SRJ-IND] B152PR sym=USDJPY bar=2026.06.01 10:00 z1=414,B,157.517,157.589,2026.05.13 01:10,1,2026.05.13 01:20,157.607,157.587"
359,JUNE0525-B157,1617DC1ACCE6B50ED2D1359582A70A8B8503C569623EE90C18C6B33542796207,Tester/logs/20261010.log,3012729,2026-06-01,10:05,B152PR,"OO	0	18:16:49.648	Core 04	2026.06.01 10:05:00   [SRJ-IND] B152PR sym=USDJPY bar=2026.06.01 10:00 z1=447,B,157.562,157.648,2026.05.13 06:20,1,2026.05.13 06:25,157.662,157.648"
360,JUNE0525-B157,1617DC1ACCE6B50ED2D1359582A70A8B8503C569623EE90C18C6B33542796207,Tester/logs/20261010.log,3012730,2026-06-01,10:05,B152PR,"PQ	0	18:16:49.648	Core 04	2026.06.01 10:05:00   [SRJ-IND] B152PR sym=USDJPY bar=2026.06.01 10:00 z1=449,B,157.599,157.654,2026.05.13 05:15,1,2026.05.13 05:45,157.687,157.652"
361,JUNE0525-B157,1617DC1ACCE6B50ED2D1359582A70A8B8503C569623EE90C18C6B33542796207,Tester/logs/20261010.log,3012731,2026-06-01,10:05,B152PR,"IK	0	18:16:49.648	Core 04	2026.06.01 10:05:00   [SRJ-IND] B152PR sym=USDJPY bar=2026.06.01 10:00 z1=460,B,157.645,157.660,2026.05.13 07:05,1,2026.05.14 00:25,157.812,157.650"
362,JUNE0525-B157,1617DC1ACCE6B50ED2D1359582A70A8B8503C569623EE90C18C6B33542796207,Tester/logs/20261010.log,3012732,2026-06-01,10:05,B152PR,"QL	0	18:16:49.648	Core 04	2026.06.01 10:05:00   [SRJ-IND] B152PR sym=USDJPY bar=2026.06.01 10:00 z1=696,B,157.568,158.167,2026.05.14 18:05,1,2026.05.14 18:10,158.191,158.119"
363,JUNE0525-B157,1617DC1ACCE6B50ED2D1359582A70A8B8503C569623EE90C18C6B33542796207,Tester/logs/20261010.log,3012733,2026-06-01,10:05,B152PR,"IF	0	18:16:49.648	Core 04	2026.06.01 10:05:00   [SRJ-IND] B152PR sym=USDJPY bar=2026.06.01 10:00 z1=714,B,158.107,158.142,2026.05.14 19:30,1,2026.05.14 20:00,158.169,158.142"
364,JUNE0525-B157,1617DC1ACCE6B50ED2D1359582A70A8B8503C569623EE90C18C6B33542796207,Tester/logs/20261010.log,3012734,2026-06-01,10:05,B152PR,"DK	0	18:16:49.648	Core 04	2026.06.01 10:05:00   [SRJ-IND] B152PR sym=USDJPY bar=2026.06.01 10:00 z1=1405,B,158.735,158.769,2026.05.20 19:00,1,2026.05.20 19:05,158.816,158.753"
365,JUNE0525-B157,1617DC1ACCE6B50ED2D1359582A70A8B8503C569623EE90C18C6B33542796207,Tester/logs/20261010.log,3012735,2026-06-01,10:05,B152PR,"RQ	0	18:16:49.648	Core 04	2026.06.01 10:05:00   [SRJ-IND] B152PR sym=USDJPY bar=2026.06.01 10:00 z1=1779,B,158.756,158.800,2026.05.25 06:45,1,2026.05.26 00:00,158.887,158.784"
366,JUNE0525-B157,1617DC1ACCE6B50ED2D1359582A70A8B8503C569623EE90C18C6B33542796207,Tester/logs/20261010.log,3012736,2026-06-01,10:05,B152PR,"KG	0	18:16:49.648	Core 04	2026.06.01 10:05:00   [SRJ-IND] B152PR sym=USDJPY bar=2026.06.01 10:00 z1=1780,B,158.789,158.814,2026.05.25 04:50,1,2026.05.26 00:00,158.887,158.784"
367,JUNE0525-B157,1617DC1ACCE6B50ED2D1359582A70A8B8503C569623EE90C18C6B33542796207,Tester/logs/20261010.log,3012737,2026-06-01,10:05,B152PR,"FM	0	18:16:49.648	Core 04	2026.06.01 10:05:00   [SRJ-IND] B152PR sym=USDJPY bar=2026.06.01 10:00 z1=1949,B,158.916,158.934,2026.05.26 07:25,1,2026.05.26 07:30,158.942,158.934"
368,JUNE0525-B157,1617DC1ACCE6B50ED2D1359582A70A8B8503C569623EE90C18C6B33542796207,Tester/logs/20261010.log,3012738,2026-06-01,10:05,B152PR,"OR	0	18:16:49.648	Core 04	2026.06.01 10:05:00   [SRJ-IND] B152PR sym=USDJPY bar=2026.06.01 10:00 z1=2271,S,159.524,159.574,2026.05.28 09:40,1,2026.05.28 11:25,159.524,159.488"
369,JUNE0525-B157,1617DC1ACCE6B50ED2D1359582A70A8B8503C569623EE90C18C6B33542796207,Tester/logs/20261010.log,3012739,2026-06-01,10:05,B152PR,"FH	0	18:16:49.648	Core 04	2026.06.01 10:05:00   [SRJ-IND] B152PR sym=USDJPY bar=2026.06.01 10:00 z1=2277,S,159.551,159.575,2026.05.28 08:40,1,2026.05.28 08:50,159.556,159.541"
370,JUNE0525-B157,1617DC1ACCE6B50ED2D1359582A70A8B8503C569623EE90C18C6B33542796207,Tester/logs/20261010.log,3012740,2026-06-01,10:05,B152PR,"IN	0	18:16:49.648	Core 04	2026.06.01 10:05:00   [SRJ-IND] B152PR sym=USDJPY bar=2026.06.01 10:00 z1=2299,S,159.488,159.524,2026.05.28 11:45,1,2026.05.28 17:00,159.491,159.448"
371,JUNE0525-B157,1617DC1ACCE6B50ED2D1359582A70A8B8503C569623EE90C18C6B33542796207,Tester/logs/20261010.log,3012741,2026-06-01,10:05,B152PR,"KE	0	18:16:49.648	Core 04	2026.06.01 10:05:00   [SRJ-IND] B152PR sym=USDJPY bar=2026.06.01 10:00 z1=2509,B,159.134,159.195,2026.05.29 19:10,1,2026.05.29 19:35,159.215,159.186"
372,JUNE0525-B157,1617DC1ACCE6B50ED2D1359582A70A8B8503C569623EE90C18C6B33542796207,Tester/logs/20261010.log,3012742,2026-06-01,10:05,B152PR,"PJ	0	18:16:49.648	Core 04	2026.06.01 10:05:00   [SRJ-IND] B152PR sym=USDJPY bar=2026.06.01 10:00 z1=2585,S,159.485,159.494,2026.06.01 06:00,1,2026.06.01 09:15,159.486,159.466"
373,JUNE0525-B157,1617DC1ACCE6B50ED2D1359582A70A8B8503C569623EE90C18C6B33542796207,Tester/logs/20261010.log,3012743,2026-06-01,10:05,B152PR,"RS	0	18:16:49.648	Core 04	2026.06.01 10:05:00   [SRJ-IND] B152PR sym=USDJPY bar=2026.06.01 10:00 bull=1 bear=1 nz=21"
374,JUNE0525-B157,1617DC1ACCE6B50ED2D1359582A70A8B8503C569623EE90C18C6B33542796207,Tester/logs/20261010.log,3012747,2026-06-01,10:05,CQDRECHECK,"OS	0	18:16:49.648	Core 04	2026.06.01 10:05:00   [SRJ-EA] CQDRECHECK shift=2 passA=1.0 passB=1.0 diff=0 bar=2026.06.01 09:55 state=IDLE dir=NONE divLatch=0 hit1=0 hit2=371 mism=0"
375,JUNE0525-B157,1617DC1ACCE6B50ED2D1359582A70A8B8503C569623EE90C18C6B33542796207,Tester/logs/20261010.log,3012753,2026-06-01,10:10,B152PR,"NG	0	18:16:49.648	Core 04	2026.06.01 10:10:00   [SRJ-IND] B152PR sym=USDJPY bar=2026.06.01 10:05 z1=65,B,156.672,156.773,2026.05.11 04:10,1,2026.05.12 08:55,157.714,156.726"
376,JUNE0525-B157,1617DC1ACCE6B50ED2D1359582A70A8B8503C569623EE90C18C6B33542796207,Tester/logs/20261010.log,3012754,2026-06-01,10:10,B152PR,"NM	0	18:16:49.648	Core 04	2026.06.01 10:10:00   [SRJ-IND] B152PR sym=USDJPY bar=2026.06.01 10:05 z1=78,B,156.578,156.584,2026.05.11 00:35,1,2026.05.11 00:40,156.644,156.537"
377,JUNE0525-B157,1617DC1ACCE6B50ED2D1359582A70A8B8503C569623EE90C18C6B33542796207,Tester/logs/20261010.log,3012755,2026-06-01,10:10,B152PR,"LP	0	18:16:49.648	Core 04	2026.06.01 10:10:00   [SRJ-IND] B152PR sym=USDJPY bar=2026.06.01 10:05 z1=212,B,157.028,157.060,2026.05.11 19:20,1,2026.05.12 00:00,157.152,157.050"
378,JUNE0525-B157,1617DC1ACCE6B50ED2D1359582A70A8B8503C569623EE90C18C6B33542796207,Tester/logs/20261010.log,3012756,2026-06-01,10:10,B152PR,"LJ	0	18:16:49.648	Core 04	2026.06.01 10:10:00   [SRJ-IND] B152PR sym=USDJPY bar=2026.06.01 10:05 z1=256,B,157.172,157.178,2026.05.12 01:25,1,2026.05.12 08:55,157.714,156.726"
379,JUNE0525-B157,1617DC1ACCE6B50ED2D1359582A70A8B8503C569623EE90C18C6B33542796207,Tester/logs/20261010.log,3012757,2026-06-01,10:10,B152PR,"FL	0	18:16:49.648	Core 04	2026.06.01 10:10:00   [SRJ-IND] B152PR sym=USDJPY bar=2026.06.01 10:05 z1=261,B,157.184,157.192,2026.05.12 03:00,1,2026.05.12 08:55,157.714,156.726"
380,JUNE0525-B157,1617DC1ACCE6B50ED2D1359582A70A8B8503C569623EE90C18C6B33542796207,Tester/logs/20261010.log,3012758,2026-06-01,10:10,B152PR,"RF	0	18:16:49.648	Core 04	2026.06.01 10:10:00   [SRJ-IND] B152PR sym=USDJPY bar=2026.06.01 10:05 z1=313,B,157.331,157.497,2026.05.12 10:00,1,2026.05.12 10:10,157.546,157.487"
381,JUNE0525-B157,1617DC1ACCE6B50ED2D1359582A70A8B8503C569623EE90C18C6B33542796207,Tester/logs/20261010.log,3012759,2026-06-01,10:10,B152PR,"KK	0	18:16:49.648	Core 04	2026.06.01 10:10:00   [SRJ-IND] B152PR sym=USDJPY bar=2026.06.01 10:05 z1=414,B,157.517,157.589,2026.05.13 01:10,1,2026.05.13 01:20,157.607,157.587"
382,JUNE0525-B157,1617DC1ACCE6B50ED2D1359582A70A8B8503C569623EE90C18C6B33542796207,Tester/logs/20261010.log,3012760,2026-06-01,10:10,B152PR,"HM	0	18:16:49.648	Core 04	2026.06.01 10:10:00   [SRJ-IND] B152PR sym=USDJPY bar=2026.06.01 10:05 z1=447,B,157.562,157.648,2026.05.13 06:20,1,2026.05.13 06:25,157.662,157.648"
383,JUNE0525-B157,1617DC1ACCE6B50ED2D1359582A70A8B8503C569623EE90C18C6B33542796207,Tester/logs/20261010.log,3012761,2026-06-01,10:10,B152PR,"GG	0	18:16:49.648	Core 04	2026.06.01 10:10:00   [SRJ-IND] B152PR sym=USDJPY bar=2026.06.01 10:05 z1=449,B,157.599,157.654,2026.05.13 05:15,1,2026.05.13 05:45,157.687,157.652"
384,JUNE0525-B157,1617DC1ACCE6B50ED2D1359582A70A8B8503C569623EE90C18C6B33542796207,Tester/logs/20261010.log,3012762,2026-06-01,10:10,B152PR,"RI	0	18:16:49.648	Core 04	2026.06.01 10:10:00   [SRJ-IND] B152PR sym=USDJPY bar=2026.06.01 10:05 z1=460,B,157.645,157.660,2026.05.13 07:05,1,2026.05.14 00:25,157.812,157.650"
385,JUNE0525-B157,1617DC1ACCE6B50ED2D1359582A70A8B8503C569623EE90C18C6B33542796207,Tester/logs/20261010.log,3012763,2026-06-01,10:10,B152PR,"JS	0	18:16:49.648	Core 04	2026.06.01 10:10:00   [SRJ-IND] B152PR sym=USDJPY bar=2026.06.01 10:05 z1=696,B,157.568,158.167,2026.05.14 18:05,1,2026.05.14 18:10,158.191,158.119"
386,JUNE0525-B157,1617DC1ACCE6B50ED2D1359582A70A8B8503C569623EE90C18C6B33542796207,Tester/logs/20261010.log,3012764,2026-06-01,10:10,B152PR,"RE	0	18:16:49.648	Core 04	2026.06.01 10:10:00   [SRJ-IND] B152PR sym=USDJPY bar=2026.06.01 10:05 z1=714,B,158.107,158.142,2026.05.14 19:30,1,2026.05.14 20:00,158.169,158.142"
387,JUNE0525-B157,1617DC1ACCE6B50ED2D1359582A70A8B8503C569623EE90C18C6B33542796207,Tester/logs/20261010.log,3012765,2026-06-01,10:10,B152PR,"KL	0	18:16:49.648	Core 04	2026.06.01 10:10:00   [SRJ-IND] B152PR sym=USDJPY bar=2026.06.01 10:05 z1=1405,B,158.735,158.769,2026.05.20 19:00,1,2026.05.20 19:05,158.816,158.753"
388,JUNE0525-B157,1617DC1ACCE6B50ED2D1359582A70A8B8503C569623EE90C18C6B33542796207,Tester/logs/20261010.log,3012766,2026-06-01,10:10,B152PR,"IR	0	18:16:49.648	Core 04	2026.06.01 10:10:00   [SRJ-IND] B152PR sym=USDJPY bar=2026.06.01 10:05 z1=1779,B,158.756,158.800,2026.05.25 06:45,1,2026.05.26 00:00,158.887,158.784"
389,JUNE0525-B157,1617DC1ACCE6B50ED2D1359582A70A8B8503C569623EE90C18C6B33542796207,Tester/logs/20261010.log,3012767,2026-06-01,10:10,B152PR,"DH	0	18:16:49.648	Core 04	2026.06.01 10:10:00   [SRJ-IND] B152PR sym=USDJPY bar=2026.06.01 10:05 z1=1780,B,158.789,158.814,2026.05.25 04:50,1,2026.05.26 00:00,158.887,158.784"
390,JUNE0525-B157,1617DC1ACCE6B50ED2D1359582A70A8B8503C569623EE90C18C6B33542796207,Tester/logs/20261010.log,3012768,2026-06-01,10:10,B152PR,"MN	0	18:16:49.648	Core 04	2026.06.01 10:10:00   [SRJ-IND] B152PR sym=USDJPY bar=2026.06.01 10:05 z1=1949,B,158.916,158.934,2026.05.26 07:25,1,2026.05.26 07:30,158.942,158.934"
391,JUNE0525-B157,1617DC1ACCE6B50ED2D1359582A70A8B8503C569623EE90C18C6B33542796207,Tester/logs/20261010.log,3012769,2026-06-01,10:10,B152PR,"HE	0	18:16:49.648	Core 04	2026.06.01 10:10:00   [SRJ-IND] B152PR sym=USDJPY bar=2026.06.01 10:05 z1=2271,S,159.524,159.574,2026.05.28 09:40,1,2026.05.28 11:25,159.524,159.488"
392,JUNE0525-B157,1617DC1ACCE6B50ED2D1359582A70A8B8503C569623EE90C18C6B33542796207,Tester/logs/20261010.log,3012770,2026-06-01,10:10,B152PR,"MK	0	18:16:49.648	Core 04	2026.06.01 10:10:00   [SRJ-IND] B152PR sym=USDJPY bar=2026.06.01 10:05 z1=2277,S,159.551,159.575,2026.05.28 08:40,1,2026.05.28 08:50,159.556,159.541"
393,JUNE0525-B157,1617DC1ACCE6B50ED2D1359582A70A8B8503C569623EE90C18C6B33542796207,Tester/logs/20261010.log,3012771,2026-06-01,10:10,B152PR,"RQ	0	18:16:49.648	Core 04	2026.06.01 10:10:00   [SRJ-IND] B152PR sym=USDJPY bar=2026.06.01 10:05 z1=2299,S,159.488,159.524,2026.05.28 11:45,1,2026.05.28 17:00,159.491,159.448"
394,JUNE0525-B157,1617DC1ACCE6B50ED2D1359582A70A8B8503C569623EE90C18C6B33542796207,Tester/logs/20261010.log,3012772,2026-06-01,10:10,B152PR,"DF	0	18:16:49.648	Core 04	2026.06.01 10:10:00   [SRJ-IND] B152PR sym=USDJPY bar=2026.06.01 10:05 z1=2509,B,159.134,159.195,2026.05.29 19:10,1,2026.05.29 19:35,159.215,159.186"
395,JUNE0525-B157,1617DC1ACCE6B50ED2D1359582A70A8B8503C569623EE90C18C6B33542796207,Tester/logs/20261010.log,3012773,2026-06-01,10:10,B152PR,"GM	0	18:16:49.648	Core 04	2026.06.01 10:10:00   [SRJ-IND] B152PR sym=USDJPY bar=2026.06.01 10:05 z1=2585,S,159.485,159.494,2026.06.01 06:00,1,2026.06.01 09:15,159.486,159.466"
396,JUNE0525-B157,1617DC1ACCE6B50ED2D1359582A70A8B8503C569623EE90C18C6B33542796207,Tester/logs/20261010.log,3012774,2026-06-01,10:10,B152PR,"IP	0	18:16:49.648	Core 04	2026.06.01 10:10:00   [SRJ-IND] B152PR sym=USDJPY bar=2026.06.01 10:05 bull=1 bear=1 nz=21"
397,JUNE0525-B157,1617DC1ACCE6B50ED2D1359582A70A8B8503C569623EE90C18C6B33542796207,Tester/logs/20261010.log,3012781,2026-06-01,10:10,CONFIRMPOLL,"KI	0	18:16:49.648	Core 04	2026.06.01 10:10:00   [SRJ-EA] CONFIRMPOLL bar=2026.06.01 10:05 anchor=Monthly-VWAP dir=LONG oppCandle=0 bodyDir=0 body=6pts doji=0 touchAttr=1 confirm=0 shadow=true"
398,JUNE0525-B157,1617DC1ACCE6B50ED2D1359582A70A8B8503C569623EE90C18C6B33542796207,Tester/logs/20261010.log,3012783,2026-06-01,10:10,STATE,"KG	0	18:16:49.648	Core 04	2026.06.01 10:10:00   [SRJ-EA] 2026.06.01 10:10:00 STATE IDLE->S1_REGIME dir=LONG poi=Monthly-VWAP"
399,JUNE0525-B157,1617DC1ACCE6B50ED2D1359582A70A8B8503C569623EE90C18C6B33542796207,Tester/logs/20261010.log,3012784,2026-06-01,10:10,ANCHOR_ELECT,"NE	0	18:16:49.648	Core 04	2026.06.01 10:10:00   [SRJ-EA] ANCHOR_ELECT bar=2026.06.01 10:05 action=SEED poi=Monthly-VWAP rank=7 tier=3 dir=LONG"
400,JUNE0525-B157,1617DC1ACCE6B50ED2D1359582A70A8B8503C569623EE90C18C6B33542796207,Tester/logs/20261010.log,3012793,2026-06-01,10:10,STATE,"OJ	0	18:16:49.648	Core 04	2026.06.01 10:10:00   [SRJ-EA] 2026.06.01 10:10:00 STATE S1_REGIME->S2_LTF_ALIGN dir=LONG poi=Monthly-VWAP"
401,JUNE0525-B157,1617DC1ACCE6B50ED2D1359582A70A8B8503C569623EE90C18C6B33542796207,Tester/logs/20261010.log,3012798,2026-06-01,10:15,B152PR,"IJ	0	18:16:49.648	Core 04	2026.06.01 10:15:00   [SRJ-IND] B152PR sym=USDJPY bar=2026.06.01 10:10 z1=65,B,156.672,156.773,2026.05.11 04:10,1,2026.05.12 08:55,157.714,156.726"
402,JUNE0525-B157,1617DC1ACCE6B50ED2D1359582A70A8B8503C569623EE90C18C6B33542796207,Tester/logs/20261010.log,3012799,2026-06-01,10:15,B152PR,"QQ	0	18:16:49.648	Core 04	2026.06.01 10:15:00   [SRJ-IND] B152PR sym=USDJPY bar=2026.06.01 10:10 z1=78,B,156.578,156.584,2026.05.11 00:35,1,2026.05.11 00:40,156.644,156.537"
403,JUNE0525-B157,1617DC1ACCE6B50ED2D1359582A70A8B8503C569623EE90C18C6B33542796207,Tester/logs/20261010.log,3012800,2026-06-01,10:15,B152PR,"GD	0	18:16:49.648	Core 04	2026.06.01 10:15:00   [SRJ-IND] B152PR sym=USDJPY bar=2026.06.01 10:10 z1=212,B,157.028,157.060,2026.05.11 19:20,1,2026.05.12 00:00,157.152,157.050"
404,JUNE0525-B157,1617DC1ACCE6B50ED2D1359582A70A8B8503C569623EE90C18C6B33542796207,Tester/logs/20261010.log,3012801,2026-06-01,10:15,B152PR,"GN	0	18:16:49.648	Core 04	2026.06.01 10:15:00   [SRJ-IND] B152PR sym=USDJPY bar=2026.06.01 10:10 z1=256,B,157.172,157.178,2026.05.12 01:25,1,2026.05.12 08:55,157.714,156.726"
405,JUNE0525-B157,1617DC1ACCE6B50ED2D1359582A70A8B8503C569623EE90C18C6B33542796207,Tester/logs/20261010.log,3012802,2026-06-01,10:15,B152PR,"IP	0	18:16:49.648	Core 04	2026.06.01 10:15:00   [SRJ-IND] B152PR sym=USDJPY bar=2026.06.01 10:10 z1=261,B,157.184,157.192,2026.05.12 03:00,1,2026.05.12 08:55,157.714,156.726"
406,JUNE0525-B157,1617DC1ACCE6B50ED2D1359582A70A8B8503C569623EE90C18C6B33542796207,Tester/logs/20261010.log,3012803,2026-06-01,10:15,B152PR,"MJ	0	18:16:49.648	Core 04	2026.06.01 10:15:00   [SRJ-IND] B152PR sym=USDJPY bar=2026.06.01 10:10 z1=313,B,157.331,157.497,2026.05.12 10:00,1,2026.05.12 10:10,157.546,157.487"
407,JUNE0525-B157,1617DC1ACCE6B50ED2D1359582A70A8B8503C569623EE90C18C6B33542796207,Tester/logs/20261010.log,3012804,2026-06-01,10:15,B152PR,"HL	0	18:16:49.648	Core 04	2026.06.01 10:15:00   [SRJ-IND] B152PR sym=USDJPY bar=2026.06.01 10:10 z1=414,B,157.517,157.589,2026.05.13 01:10,1,2026.05.13 01:20,157.607,157.587"
408,JUNE0525-B157,1617DC1ACCE6B50ED2D1359582A70A8B8503C569623EE90C18C6B33542796207,Tester/logs/20261010.log,3012805,2026-06-01,10:15,B152PR,"KF	0	18:16:49.648	Core 04	2026.06.01 10:15:00   [SRJ-IND] B152PR sym=USDJPY bar=2026.06.01 10:10 z1=447,B,157.562,157.648,2026.05.13 06:20,1,2026.05.13 06:25,157.662,157.648"
409,JUNE0525-B157,1617DC1ACCE6B50ED2D1359582A70A8B8503C569623EE90C18C6B33542796207,Tester/logs/20261010.log,3012806,2026-06-01,10:15,B152PR,"DK	0	18:16:49.648	Core 04	2026.06.01 10:15:00   [SRJ-IND] B152PR sym=USDJPY bar=2026.06.01 10:10 z1=449,B,157.599,157.654,2026.05.13 05:15,1,2026.05.13 05:45,157.687,157.652"
410,JUNE0525-B157,1617DC1ACCE6B50ED2D1359582A70A8B8503C569623EE90C18C6B33542796207,Tester/logs/20261010.log,3012807,2026-06-01,10:15,B152PR,"MM	0	18:16:49.648	Core 04	2026.06.01 10:15:00   [SRJ-IND] B152PR sym=USDJPY bar=2026.06.01 10:10 z1=460,B,157.645,157.660,2026.05.13 07:05,1,2026.05.14 00:25,157.812,157.650"
411,JUNE0525-B157,1617DC1ACCE6B50ED2D1359582A70A8B8503C569623EE90C18C6B33542796207,Tester/logs/20261010.log,3012808,2026-06-01,10:15,B152PR,"MG	0	18:16:49.648	Core 04	2026.06.01 10:15:00   [SRJ-IND] B152PR sym=USDJPY bar=2026.06.01 10:10 z1=696,B,157.568,158.167,2026.05.14 18:05,1,2026.05.14 18:10,158.191,158.119"
412,JUNE0525-B157,1617DC1ACCE6B50ED2D1359582A70A8B8503C569623EE90C18C6B33542796207,Tester/logs/20261010.log,3012809,2026-06-01,10:15,B152PR,"EI	0	18:16:49.648	Core 04	2026.06.01 10:15:00   [SRJ-IND] B152PR sym=USDJPY bar=2026.06.01 10:10 z1=714,B,158.107,158.142,2026.05.14 19:30,1,2026.05.14 20:00,158.169,158.142"
413,JUNE0525-B157,1617DC1ACCE6B50ED2D1359582A70A8B8503C569623EE90C18C6B33542796207,Tester/logs/20261010.log,3012810,2026-06-01,10:15,B152PR,"PP	0	18:16:49.648	Core 04	2026.06.01 10:15:00   [SRJ-IND] B152PR sym=USDJPY bar=2026.06.01 10:10 z1=1405,B,158.735,158.769,2026.05.20 19:00,1,2026.05.20 19:05,158.816,158.753"
414,JUNE0525-B157,1617DC1ACCE6B50ED2D1359582A70A8B8503C569623EE90C18C6B33542796207,Tester/logs/20261010.log,3012811,2026-06-01,10:15,B152PR,"FF	0	18:16:49.648	Core 04	2026.06.01 10:15:00   [SRJ-IND] B152PR sym=USDJPY bar=2026.06.01 10:10 z1=1779,B,158.756,158.800,2026.05.25 06:45,1,2026.05.26 00:00,158.887,158.784"
415,JUNE0525-B157,1617DC1ACCE6B50ED2D1359582A70A8B8503C569623EE90C18C6B33542796207,Tester/logs/20261010.log,3012812,2026-06-01,10:15,B152PR,"GL	0	18:16:49.648	Core 04	2026.06.01 10:15:00   [SRJ-IND] B152PR sym=USDJPY bar=2026.06.01 10:10 z1=1780,B,158.789,158.814,2026.05.25 04:50,1,2026.05.26 00:00,158.887,158.784"
416,JUNE0525-B157,1617DC1ACCE6B50ED2D1359582A70A8B8503C569623EE90C18C6B33542796207,Tester/logs/20261010.log,3012813,2026-06-01,10:15,B152PR,"RR	0	18:16:49.648	Core 04	2026.06.01 10:15:00   [SRJ-IND] B152PR sym=USDJPY bar=2026.06.01 10:10 z1=1949,B,158.916,158.934,2026.05.26 07:25,1,2026.05.26 07:30,158.942,158.934"
417,JUNE0525-B157,1617DC1ACCE6B50ED2D1359582A70A8B8503C569623EE90C18C6B33542796207,Tester/logs/20261010.log,3012814,2026-06-01,10:15,B152PR,"CI	0	18:16:49.648	Core 04	2026.06.01 10:15:00   [SRJ-IND] B152PR sym=USDJPY bar=2026.06.01 10:10 z1=2271,S,159.524,159.574,2026.05.28 09:40,1,2026.05.28 11:25,159.524,159.488"
418,JUNE0525-B157,1617DC1ACCE6B50ED2D1359582A70A8B8503C569623EE90C18C6B33542796207,Tester/logs/20261010.log,3012815,2026-06-01,10:15,B152PR,"RO	0	18:16:49.648	Core 04	2026.06.01 10:15:00   [SRJ-IND] B152PR sym=USDJPY bar=2026.06.01 10:10 z1=2277,S,159.551,159.575,2026.05.28 08:40,1,2026.05.28 08:50,159.556,159.541"
419,JUNE0525-B157,1617DC1ACCE6B50ED2D1359582A70A8B8503C569623EE90C18C6B33542796207,Tester/logs/20261010.log,3012816,2026-06-01,10:15,B152PR,"ME	0	18:16:49.648	Core 04	2026.06.01 10:15:00   [SRJ-IND] B152PR sym=USDJPY bar=2026.06.01 10:10 z1=2299,S,159.488,159.524,2026.05.28 11:45,1,2026.05.28 17:00,159.491,159.448"
420,JUNE0525-B157,1617DC1ACCE6B50ED2D1359582A70A8B8503C569623EE90C18C6B33542796207,Tester/logs/20261010.log,3012817,2026-06-01,10:15,B152PR,"GJ	0	18:16:49.648	Core 04	2026.06.01 10:15:00   [SRJ-IND] B152PR sym=USDJPY bar=2026.06.01 10:10 z1=2509,B,159.134,159.195,2026.05.29 19:10,1,2026.05.29 19:35,159.215,159.186"
421,JUNE0525-B157,1617DC1ACCE6B50ED2D1359582A70A8B8503C569623EE90C18C6B33542796207,Tester/logs/20261010.log,3012818,2026-06-01,10:15,B152PR,"DQ	0	18:16:49.648	Core 04	2026.06.01 10:15:00   [SRJ-IND] B152PR sym=USDJPY bar=2026.06.01 10:10 z1=2585,S,159.485,159.494,2026.06.01 06:00,1,2026.06.01 09:15,159.486,159.466"
422,JUNE0525-B157,1617DC1ACCE6B50ED2D1359582A70A8B8503C569623EE90C18C6B33542796207,Tester/logs/20261010.log,3012819,2026-06-01,10:15,B152PR,"FD	0	18:16:49.648	Core 04	2026.06.01 10:15:00   [SRJ-IND] B152PR sym=USDJPY bar=2026.06.01 10:10 bull=1 bear=1 nz=21"
423,JUNE0525-B157,1617DC1ACCE6B50ED2D1359582A70A8B8503C569623EE90C18C6B33542796207,Tester/logs/20261010.log,3012824,2026-06-01,10:15,FRESHSKIP,"GI	0	18:16:49.648	Core 04	2026.06.01 10:15:00   [SRJ-EA] FRESHSKIP bar=2026.06.01 10:10 dir=LONG state=S2_LTF_ALIGN poi=Monthly-VWAP reason=PRE_BINDING"
424,JUNE0525-B157,1617DC1ACCE6B50ED2D1359582A70A8B8503C569623EE90C18C6B33542796207,Tester/logs/20261010.log,3012953,2026-06-01,10:15,CQDRECHECK,"NR	0	18:16:49.648	Core 04	2026.06.01 10:15:00   [SRJ-EA] CQDRECHECK shift=2 passA=-2.0 passB=-2.0 diff=0 bar=2026.06.01 10:05 state=S2_LTF_ALIGN dir=LONG divLatch=0 hit1=0 hit2=372 mism=0"
425,JUNE0525-B157,1617DC1ACCE6B50ED2D1359582A70A8B8503C569623EE90C18C6B33542796207,Tester/logs/20261010.log,3012960,2026-06-01,10:15,CONFIRMPOLL,"RS	0	18:16:49.648	Core 04	2026.06.01 10:15:00   [SRJ-EA] CONFIRMPOLL bar=2026.06.01 10:10 anchor=Monthly-VWAP dir=LONG oppCandle=1 bodyDir=0 body=7pts doji=0 touchAttr=1 confirm=0 shadow=true"
426,JUNE0525-B157,1617DC1ACCE6B50ED2D1359582A70A8B8503C569623EE90C18C6B33542796207,Tester/logs/20261010.log,3012964,2026-06-01,10:20,B152PR,"RJ	0	18:16:49.648	Core 04	2026.06.01 10:20:00   [SRJ-IND] B152PR sym=USDJPY bar=2026.06.01 10:15 z1=65,B,156.672,156.773,2026.05.11 04:10,1,2026.05.12 08:55,157.714,156.726"
427,JUNE0525-B157,1617DC1ACCE6B50ED2D1359582A70A8B8503C569623EE90C18C6B33542796207,Tester/logs/20261010.log,3012965,2026-06-01,10:20,B152PR,"JP	0	18:16:49.648	Core 04	2026.06.01 10:20:00   [SRJ-IND] B152PR sym=USDJPY bar=2026.06.01 10:15 z1=78,B,156.578,156.584,2026.05.11 00:35,1,2026.05.11 00:40,156.644,156.537"
428,JUNE0525-B157,1617DC1ACCE6B50ED2D1359582A70A8B8503C569623EE90C18C6B33542796207,Tester/logs/20261010.log,3012966,2026-06-01,10:20,B152PR,"PE	0	18:16:49.648	Core 04	2026.06.01 10:20:00   [SRJ-IND] B152PR sym=USDJPY bar=2026.06.01 10:15 z1=212,B,157.028,157.060,2026.05.11 19:20,1,2026.05.12 00:00,157.152,157.050"
429,JUNE0525-B157,1617DC1ACCE6B50ED2D1359582A70A8B8503C569623EE90C18C6B33542796207,Tester/logs/20261010.log,3012967,2026-06-01,10:20,B152PR,"DN	0	18:16:49.648	Core 04	2026.06.01 10:20:00   [SRJ-IND] B152PR sym=USDJPY bar=2026.06.01 10:15 z1=256,B,157.172,157.178,2026.05.12 01:25,1,2026.05.12 08:55,157.714,156.726"
430,JUNE0525-B157,1617DC1ACCE6B50ED2D1359582A70A8B8503C569623EE90C18C6B33542796207,Tester/logs/20261010.log,3012968,2026-06-01,10:20,B152PR,"RP	0	18:16:49.648	Core 04	2026.06.01 10:20:00   [SRJ-IND] B152PR sym=USDJPY bar=2026.06.01 10:15 z1=261,B,157.184,157.192,2026.05.12 03:00,1,2026.05.12 08:55,157.714,156.726"
431,JUNE0525-B157,1617DC1ACCE6B50ED2D1359582A70A8B8503C569623EE90C18C6B33542796207,Tester/logs/20261010.log,3012969,2026-06-01,10:20,B152PR,"JJ	0	18:16:49.648	Core 04	2026.06.01 10:20:00   [SRJ-IND] B152PR sym=USDJPY bar=2026.06.01 10:15 z1=313,B,157.331,157.497,2026.05.12 10:00,1,2026.05.12 10:10,157.546,157.487"
432,JUNE0525-B157,1617DC1ACCE6B50ED2D1359582A70A8B8503C569623EE90C18C6B33542796207,Tester/logs/20261010.log,3012970,2026-06-01,10:20,B152PR,"OL	0	18:16:49.648	Core 04	2026.06.01 10:20:00   [SRJ-IND] B152PR sym=USDJPY bar=2026.06.01 10:15 z1=414,B,157.517,157.589,2026.05.13 01:10,1,2026.05.13 01:20,157.607,157.587"
433,JUNE0525-B157,1617DC1ACCE6B50ED2D1359582A70A8B8503C569623EE90C18C6B33542796207,Tester/logs/20261010.log,3012971,2026-06-01,10:20,B152PR,"PF	0	18:16:49.648	Core 04	2026.06.01 10:20:00   [SRJ-IND] B152PR sym=USDJPY bar=2026.06.01 10:15 z1=447,B,157.562,157.648,2026.05.13 06:20,1,2026.05.13 06:25,157.662,157.648"
434,JUNE0525-B157,1617DC1ACCE6B50ED2D1359582A70A8B8503C569623EE90C18C6B33542796207,Tester/logs/20261010.log,3012972,2026-06-01,10:20,B152PR,"KH	0	18:16:49.648	Core 04	2026.06.01 10:20:00   [SRJ-IND] B152PR sym=USDJPY bar=2026.06.01 10:15 z1=449,B,157.599,157.654,2026.05.13 05:15,1,2026.05.13 05:45,157.687,157.652"
435,JUNE0525-B157,1617DC1ACCE6B50ED2D1359582A70A8B8503C569623EE90C18C6B33542796207,Tester/logs/20261010.log,3012973,2026-06-01,10:20,B152PR,"JR	0	18:16:49.648	Core 04	2026.06.01 10:20:00   [SRJ-IND] B152PR sym=USDJPY bar=2026.06.01 10:15 z1=460,B,157.645,157.660,2026.05.13 07:05,1,2026.05.14 00:25,157.812,157.650"
436,JUNE0525-B157,1617DC1ACCE6B50ED2D1359582A70A8B8503C569623EE90C18C6B33542796207,Tester/logs/20261010.log,3012974,2026-06-01,10:20,B152PR,"FD	0	18:16:49.648	Core 04	2026.06.01 10:20:00   [SRJ-IND] B152PR sym=USDJPY bar=2026.06.01 10:15 z1=696,B,157.568,158.167,2026.05.14 18:05,1,2026.05.14 18:10,158.191,158.119"
437,JUNE0525-B157,1617DC1ACCE6B50ED2D1359582A70A8B8503C569623EE90C18C6B33542796207,Tester/logs/20261010.log,3012975,2026-06-01,10:20,B152PR,"JI	0	18:16:49.648	Core 04	2026.06.01 10:20:00   [SRJ-IND] B152PR sym=USDJPY bar=2026.06.01 10:15 z1=714,B,158.107,158.142,2026.05.14 19:30,1,2026.05.14 20:00,158.169,158.142"
438,JUNE0525-B157,1617DC1ACCE6B50ED2D1359582A70A8B8503C569623EE90C18C6B33542796207,Tester/logs/20261010.log,3012976,2026-06-01,10:20,B152PR,"GP	0	18:16:49.648	Core 04	2026.06.01 10:20:00   [SRJ-IND] B152PR sym=USDJPY bar=2026.06.01 10:15 z1=1405,B,158.735,158.769,2026.05.20 19:00,1,2026.05.20 19:05,158.816,158.753"
439,JUNE0525-B157,1617DC1ACCE6B50ED2D1359582A70A8B8503C569623EE90C18C6B33542796207,Tester/logs/20261010.log,3012977,2026-06-01,10:20,B152PR,"MF	0	18:16:49.648	Core 04	2026.06.01 10:20:00   [SRJ-IND] B152PR sym=USDJPY bar=2026.06.01 10:15 z1=1779,B,158.756,158.800,2026.05.25 06:45,1,2026.05.26 00:00,158.887,158.784"
440,JUNE0525-B157,1617DC1ACCE6B50ED2D1359582A70A8B8503C569623EE90C18C6B33542796207,Tester/logs/20261010.log,3012978,2026-06-01,10:20,B152PR,"PL	0	18:16:49.648	Core 04	2026.06.01 10:20:00   [SRJ-IND] B152PR sym=USDJPY bar=2026.06.01 10:15 z1=1780,B,158.789,158.814,2026.05.25 04:50,1,2026.05.26 00:00,158.887,158.784"
441,JUNE0525-B157,1617DC1ACCE6B50ED2D1359582A70A8B8503C569623EE90C18C6B33542796207,Tester/logs/20261010.log,3012979,2026-06-01,10:20,B152PR,"IR	0	18:16:49.648	Core 04	2026.06.01 10:20:00   [SRJ-IND] B152PR sym=USDJPY bar=2026.06.01 10:15 z1=1949,B,158.916,158.934,2026.05.26 07:25,1,2026.05.26 07:30,158.942,158.934"
442,JUNE0525-B157,1617DC1ACCE6B50ED2D1359582A70A8B8503C569623EE90C18C6B33542796207,Tester/logs/20261010.log,3012980,2026-06-01,10:20,B152PR,"LI	0	18:16:49.648	Core 04	2026.06.01 10:20:00   [SRJ-IND] B152PR sym=USDJPY bar=2026.06.01 10:15 z1=2271,S,159.524,159.574,2026.05.28 09:40,1,2026.05.28 11:25,159.524,159.488"
443,JUNE0525-B157,1617DC1ACCE6B50ED2D1359582A70A8B8503C569623EE90C18C6B33542796207,Tester/logs/20261010.log,3012981,2026-06-01,10:20,B152PR,"IO	0	18:16:49.648	Core 04	2026.06.01 10:20:00   [SRJ-IND] B152PR sym=USDJPY bar=2026.06.01 10:15 z1=2277,S,159.551,159.575,2026.05.28 08:40,1,2026.05.28 08:50,159.556,159.541"
444,JUNE0525-B157,1617DC1ACCE6B50ED2D1359582A70A8B8503C569623EE90C18C6B33542796207,Tester/logs/20261010.log,3012982,2026-06-01,10:20,B152PR,"FE	0	18:16:49.648	Core 04	2026.06.01 10:20:00   [SRJ-IND] B152PR sym=USDJPY bar=2026.06.01 10:15 z1=2299,S,159.488,159.524,2026.05.28 11:45,1,2026.05.28 17:00,159.491,159.448"
445,JUNE0525-B157,1617DC1ACCE6B50ED2D1359582A70A8B8503C569623EE90C18C6B33542796207,Tester/logs/20261010.log,3012983,2026-06-01,10:20,B152PR,"PJ	0	18:16:49.648	Core 04	2026.06.01 10:20:00   [SRJ-IND] B152PR sym=USDJPY bar=2026.06.01 10:15 z1=2509,B,159.134,159.195,2026.05.29 19:10,1,2026.05.29 19:35,159.215,159.186"
446,JUNE0525-B157,1617DC1ACCE6B50ED2D1359582A70A8B8503C569623EE90C18C6B33542796207,Tester/logs/20261010.log,3012984,2026-06-01,10:20,B152PR,"KQ	0	18:16:49.648	Core 04	2026.06.01 10:20:00   [SRJ-IND] B152PR sym=USDJPY bar=2026.06.01 10:15 z1=2585,S,159.485,159.494,2026.06.01 06:00,1,2026.06.01 09:15,159.486,159.466"
447,JUNE0525-B157,1617DC1ACCE6B50ED2D1359582A70A8B8503C569623EE90C18C6B33542796207,Tester/logs/20261010.log,3012985,2026-06-01,10:20,B152PR,"MD	0	18:16:49.648	Core 04	2026.06.01 10:20:00   [SRJ-IND] B152PR sym=USDJPY bar=2026.06.01 10:15 bull=1 bear=1 nz=21"
448,JUNE0525-B157,1617DC1ACCE6B50ED2D1359582A70A8B8503C569623EE90C18C6B33542796207,Tester/logs/20261010.log,3012988,2026-06-01,10:20,FRESHSKIP,"PH	0	18:16:49.648	Core 04	2026.06.01 10:20:00   [SRJ-EA] FRESHSKIP bar=2026.06.01 10:15 dir=LONG state=S2_LTF_ALIGN poi=Monthly-VWAP reason=PRE_BINDING"
449,JUNE0525-B157,1617DC1ACCE6B50ED2D1359582A70A8B8503C569623EE90C18C6B33542796207,Tester/logs/20261010.log,3013118,2026-06-01,10:20,CONFIRMPOLL,"EN	0	18:16:49.648	Core 04	2026.06.01 10:20:00   [SRJ-EA] CONFIRMPOLL bar=2026.06.01 10:15 anchor=Monthly-VWAP dir=LONG oppCandle=1 bodyDir=0 body=16pts doji=0 touchAttr=1 confirm=0 shadow=true"
450,JUNE0525-B157,1617DC1ACCE6B50ED2D1359582A70A8B8503C569623EE90C18C6B33542796207,Tester/logs/20261010.log,3013122,2026-06-01,10:25,B152PR,"OS	0	18:16:49.648	Core 04	2026.06.01 10:25:00   [SRJ-IND] B152PR sym=USDJPY bar=2026.06.01 10:20 z1=65,B,156.672,156.773,2026.05.11 04:10,1,2026.05.12 08:55,157.714,156.726"
451,JUNE0525-B157,1617DC1ACCE6B50ED2D1359582A70A8B8503C569623EE90C18C6B33542796207,Tester/logs/20261010.log,3013123,2026-06-01,10:25,B152PR,"GI	0	18:16:49.648	Core 04	2026.06.01 10:25:00   [SRJ-IND] B152PR sym=USDJPY bar=2026.06.01 10:20 z1=78,B,156.578,156.584,2026.05.11 00:35,1,2026.05.11 00:40,156.644,156.537"
452,JUNE0525-B157,1617DC1ACCE6B50ED2D1359582A70A8B8503C569623EE90C18C6B33542796207,Tester/logs/20261010.log,3013124,2026-06-01,10:25,B152PR,"QL	0	18:16:49.648	Core 04	2026.06.01 10:25:00   [SRJ-IND] B152PR sym=USDJPY bar=2026.06.01 10:20 z1=212,B,157.028,157.060,2026.05.11 19:20,1,2026.05.12 00:00,157.152,157.050"
453,JUNE0525-B157,1617DC1ACCE6B50ED2D1359582A70A8B8503C569623EE90C18C6B33542796207,Tester/logs/20261010.log,3013125,2026-06-01,10:25,B152PR,"EQ	0	18:16:49.648	Core 04	2026.06.01 10:25:00   [SRJ-IND] B152PR sym=USDJPY bar=2026.06.01 10:20 z1=256,B,157.172,157.178,2026.05.12 01:25,1,2026.05.12 08:55,157.714,156.726"
454,JUNE0525-B157,1617DC1ACCE6B50ED2D1359582A70A8B8503C569623EE90C18C6B33542796207,Tester/logs/20261010.log,3013126,2026-06-01,10:25,B152PR,"OK	0	18:16:49.648	Core 04	2026.06.01 10:25:00   [SRJ-IND] B152PR sym=USDJPY bar=2026.06.01 10:20 z1=261,B,157.184,157.192,2026.05.12 03:00,1,2026.05.12 08:55,157.714,156.726"
455,JUNE0525-B157,1617DC1ACCE6B50ED2D1359582A70A8B8503C569623EE90C18C6B33542796207,Tester/logs/20261010.log,3013127,2026-06-01,10:25,B152PR,"GM	0	18:16:49.648	Core 04	2026.06.01 10:25:00   [SRJ-IND] B152PR sym=USDJPY bar=2026.06.01 10:20 z1=313,B,157.331,157.497,2026.05.12 10:00,1,2026.05.12 10:10,157.546,157.487"
456,JUNE0525-B157,1617DC1ACCE6B50ED2D1359582A70A8B8503C569623EE90C18C6B33542796207,Tester/logs/20261010.log,3013128,2026-06-01,10:25,B152PR,"RG	0	18:16:49.648	Core 04	2026.06.01 10:25:00   [SRJ-IND] B152PR sym=USDJPY bar=2026.06.01 10:20 z1=414,B,157.517,157.589,2026.05.13 01:10,1,2026.05.13 01:20,157.607,157.587"
457,JUNE0525-B157,1617DC1ACCE6B50ED2D1359582A70A8B8503C569623EE90C18C6B33542796207,Tester/logs/20261010.log,3013129,2026-06-01,10:25,B152PR,"QI	0	18:16:49.648	Core 04	2026.06.01 10:25:00   [SRJ-IND] B152PR sym=USDJPY bar=2026.06.01 10:20 z1=447,B,157.562,157.648,2026.05.13 06:20,1,2026.05.13 06:25,157.662,157.648"
458,JUNE0525-B157,1617DC1ACCE6B50ED2D1359582A70A8B8503C569623EE90C18C6B33542796207,Tester/logs/20261010.log,3013130,2026-06-01,10:25,B152PR,"NS	0	18:16:49.648	Core 04	2026.06.01 10:25:00   [SRJ-IND] B152PR sym=USDJPY bar=2026.06.01 10:20 z1=449,B,157.599,157.654,2026.05.13 05:15,1,2026.05.13 05:45,157.687,157.652"
459,JUNE0525-B157,1617DC1ACCE6B50ED2D1359582A70A8B8503C569623EE90C18C6B33542796207,Tester/logs/20261010.log,3013131,2026-06-01,10:25,B152PR,"GE	0	18:16:49.648	Core 04	2026.06.01 10:25:00   [SRJ-IND] B152PR sym=USDJPY bar=2026.06.01 10:20 z1=460,B,157.645,157.660,2026.05.13 07:05,1,2026.05.14 00:25,157.812,157.650"
460,JUNE0525-B157,1617DC1ACCE6B50ED2D1359582A70A8B8503C569623EE90C18C6B33542796207,Tester/logs/20261010.log,3013132,2026-06-01,10:25,B152PR,"CO	0	18:16:49.648	Core 04	2026.06.01 10:25:00   [SRJ-IND] B152PR sym=USDJPY bar=2026.06.01 10:20 z1=696,B,157.568,158.167,2026.05.14 18:05,1,2026.05.14 18:10,158.191,158.119"
461,JUNE0525-B157,1617DC1ACCE6B50ED2D1359582A70A8B8503C569623EE90C18C6B33542796207,Tester/logs/20261010.log,3013133,2026-06-01,10:25,B152PR,"GP	0	18:16:49.648	Core 04	2026.06.01 10:25:00   [SRJ-IND] B152PR sym=USDJPY bar=2026.06.01 10:20 z1=714,B,158.107,158.142,2026.05.14 19:30,1,2026.05.14 20:00,158.169,158.142"
462,JUNE0525-B157,1617DC1ACCE6B50ED2D1359582A70A8B8503C569623EE90C18C6B33542796207,Tester/logs/20261010.log,3013134,2026-06-01,10:25,B152PR,"JI	0	18:16:49.648	Core 04	2026.06.01 10:25:00   [SRJ-IND] B152PR sym=USDJPY bar=2026.06.01 10:20 z1=1405,B,158.735,158.769,2026.05.20 19:00,1,2026.05.20 19:05,158.816,158.753"
463,JUNE0525-B157,1617DC1ACCE6B50ED2D1359582A70A8B8503C569623EE90C18C6B33542796207,Tester/logs/20261010.log,3013135,2026-06-01,10:25,B152PR,"LO	0	18:16:49.648	Core 04	2026.06.01 10:25:00   [SRJ-IND] B152PR sym=USDJPY bar=2026.06.01 10:20 z1=1779,B,158.756,158.800,2026.05.25 06:45,1,2026.05.26 00:00,158.887,158.784"
464,JUNE0525-B157,1617DC1ACCE6B50ED2D1359582A70A8B8503C569623EE90C18C6B33542796207,Tester/logs/20261010.log,3013136,2026-06-01,10:25,B152PR,"QE	0	18:16:49.648	Core 04	2026.06.01 10:25:00   [SRJ-IND] B152PR sym=USDJPY bar=2026.06.01 10:20 z1=1780,B,158.789,158.814,2026.05.25 04:50,1,2026.05.26 00:00,158.887,158.784"
465,JUNE0525-B157,1617DC1ACCE6B50ED2D1359582A70A8B8503C569623EE90C18C6B33542796207,Tester/logs/20261010.log,3013137,2026-06-01,10:25,B152PR,"HK	0	18:16:49.648	Core 04	2026.06.01 10:25:00   [SRJ-IND] B152PR sym=USDJPY bar=2026.06.01 10:20 z1=1949,B,158.916,158.934,2026.05.26 07:25,1,2026.05.26 07:30,158.942,158.934"
466,JUNE0525-B157,1617DC1ACCE6B50ED2D1359582A70A8B8503C569623EE90C18C6B33542796207,Tester/logs/20261010.log,3013138,2026-06-01,10:25,B152PR,"MP	0	18:16:49.648	Core 04	2026.06.01 10:25:00   [SRJ-IND] B152PR sym=USDJPY bar=2026.06.01 10:20 z1=2271,S,159.524,159.574,2026.05.28 09:40,1,2026.05.28 11:25,159.524,159.488"
467,JUNE0525-B157,1617DC1ACCE6B50ED2D1359582A70A8B8503C569623EE90C18C6B33542796207,Tester/logs/20261010.log,3013139,2026-06-01,10:25,B152PR,"HF	0	18:16:49.648	Core 04	2026.06.01 10:25:00   [SRJ-IND] B152PR sym=USDJPY bar=2026.06.01 10:20 z1=2277,S,159.551,159.575,2026.05.28 08:40,1,2026.05.28 08:50,159.556,159.541"
468,JUNE0525-B157,1617DC1ACCE6B50ED2D1359582A70A8B8503C569623EE90C18C6B33542796207,Tester/logs/20261010.log,3013140,2026-06-01,10:25,B152PR,"CL	0	18:16:49.648	Core 04	2026.06.01 10:25:00   [SRJ-IND] B152PR sym=USDJPY bar=2026.06.01 10:20 z1=2299,S,159.488,159.524,2026.05.28 11:45,1,2026.05.28 17:00,159.491,159.448"
469,JUNE0525-B157,1617DC1ACCE6B50ED2D1359582A70A8B8503C569623EE90C18C6B33542796207,Tester/logs/20261010.log,3013141,2026-06-01,10:25,B152PR,"QS	0	18:16:49.648	Core 04	2026.06.01 10:25:00   [SRJ-IND] B152PR sym=USDJPY bar=2026.06.01 10:20 z1=2509,B,159.134,159.195,2026.05.29 19:10,1,2026.05.29 19:35,159.215,159.186"
470,JUNE0525-B157,1617DC1ACCE6B50ED2D1359582A70A8B8503C569623EE90C18C6B33542796207,Tester/logs/20261010.log,3013142,2026-06-01,10:25,B152PR,"NH	0	18:16:49.648	Core 04	2026.06.01 10:25:00   [SRJ-IND] B152PR sym=USDJPY bar=2026.06.01 10:20 z1=2585,S,159.485,159.494,2026.06.01 06:00,1,2026.06.01 09:15,159.486,159.466"
471,JUNE0525-B157,1617DC1ACCE6B50ED2D1359582A70A8B8503C569623EE90C18C6B33542796207,Tester/logs/20261010.log,3013143,2026-06-01,10:25,B152PR,"LM	0	18:16:49.648	Core 04	2026.06.01 10:25:00   [SRJ-IND] B152PR sym=USDJPY bar=2026.06.01 10:20 bull=1 bear=1 nz=21"
472,JUNE0525-B157,1617DC1ACCE6B50ED2D1359582A70A8B8503C569623EE90C18C6B33542796207,Tester/logs/20261010.log,3013146,2026-06-01,10:25,FRESHSKIP,"QQ	0	18:16:49.648	Core 04	2026.06.01 10:25:00   [SRJ-EA] FRESHSKIP bar=2026.06.01 10:20 dir=LONG state=S2_LTF_ALIGN poi=Monthly-VWAP reason=PRE_BINDING"
473,JUNE0525-B157,1617DC1ACCE6B50ED2D1359582A70A8B8503C569623EE90C18C6B33542796207,Tester/logs/20261010.log,3013278,2026-06-01,10:25,CONFIRMPOLL,"PI	0	18:16:49.648	Core 04	2026.06.01 10:25:00   [SRJ-EA] CONFIRMPOLL bar=2026.06.01 10:20 anchor=Monthly-VWAP dir=LONG oppCandle=1 bodyDir=1 body=14pts doji=0 touchAttr=1 confirm=1 shadow=true"
474,JUNE0525-B157,1617DC1ACCE6B50ED2D1359582A70A8B8503C569623EE90C18C6B33542796207,Tester/logs/20261010.log,3013282,2026-06-01,10:30,B152PR,"RS	0	18:16:49.648	Core 04	2026.06.01 10:30:00   [SRJ-IND] B152PR sym=USDJPY bar=2026.06.01 10:25 z1=65,B,156.672,156.773,2026.05.11 04:10,1,2026.05.12 08:55,157.714,156.726"
475,JUNE0525-B157,1617DC1ACCE6B50ED2D1359582A70A8B8503C569623EE90C18C6B33542796207,Tester/logs/20261010.log,3013283,2026-06-01,10:30,B152PR,"JI	0	18:16:49.648	Core 04	2026.06.01 10:30:00   [SRJ-IND] B152PR sym=USDJPY bar=2026.06.01 10:25 z1=78,B,156.578,156.584,2026.05.11 00:35,1,2026.05.11 00:40,156.644,156.537"
476,JUNE0525-B157,1617DC1ACCE6B50ED2D1359582A70A8B8503C569623EE90C18C6B33542796207,Tester/logs/20261010.log,3013284,2026-06-01,10:30,B152PR,"PL	0	18:16:49.648	Core 04	2026.06.01 10:30:00   [SRJ-IND] B152PR sym=USDJPY bar=2026.06.01 10:25 z1=212,B,157.028,157.060,2026.05.11 19:20,1,2026.05.12 00:00,157.152,157.050"
477,JUNE0525-B157,1617DC1ACCE6B50ED2D1359582A70A8B8503C569623EE90C18C6B33542796207,Tester/logs/20261010.log,3013285,2026-06-01,10:30,B152PR,"PF	0	18:16:49.648	Core 04	2026.06.01 10:30:00   [SRJ-IND] B152PR sym=USDJPY bar=2026.06.01 10:25 z1=256,B,157.172,157.178,2026.05.12 01:25,1,2026.05.12 08:55,157.714,156.726"
478,JUNE0525-B157,1617DC1ACCE6B50ED2D1359582A70A8B8503C569623EE90C18C6B33542796207,Tester/logs/20261010.log,3013286,2026-06-01,10:30,B152PR,"RK	0	18:16:49.648	Core 04	2026.06.01 10:30:00   [SRJ-IND] B152PR sym=USDJPY bar=2026.06.01 10:25 z1=261,B,157.184,157.192,2026.05.12 03:00,1,2026.05.12 08:55,157.714,156.726"
479,JUNE0525-B157,1617DC1ACCE6B50ED2D1359582A70A8B8503C569623EE90C18C6B33542796207,Tester/logs/20261010.log,3013287,2026-06-01,10:30,B152PR,"FM	0	18:16:49.648	Core 04	2026.06.01 10:30:00   [SRJ-IND] B152PR sym=USDJPY bar=2026.06.01 10:25 z1=313,B,157.331,157.497,2026.05.12 10:00,1,2026.05.12 10:10,157.546,157.487"
480,JUNE0525-B157,1617DC1ACCE6B50ED2D1359582A70A8B8503C569623EE90C18C6B33542796207,Tester/logs/20261010.log,3013288,2026-06-01,10:30,B152PR,"OG	0	18:16:49.648	Core 04	2026.06.01 10:30:00   [SRJ-IND] B152PR sym=USDJPY bar=2026.06.01 10:25 z1=414,B,157.517,157.589,2026.05.13 01:10,1,2026.05.13 01:20,157.607,157.587"
481,JUNE0525-B157,1617DC1ACCE6B50ED2D1359582A70A8B8503C569623EE90C18C6B33542796207,Tester/logs/20261010.log,3013289,2026-06-01,10:30,B152PR,"DI	0	18:16:49.648	Core 04	2026.06.01 10:30:00   [SRJ-IND] B152PR sym=USDJPY bar=2026.06.01 10:25 z1=447,B,157.562,157.648,2026.05.13 06:20,1,2026.05.13 06:25,157.662,157.648"
482,JUNE0525-B157,1617DC1ACCE6B50ED2D1359582A70A8B8503C569623EE90C18C6B33542796207,Tester/logs/20261010.log,3013290,2026-06-01,10:30,B152PR,"KS	0	18:16:49.648	Core 04	2026.06.01 10:30:00   [SRJ-IND] B152PR sym=USDJPY bar=2026.06.01 10:25 z1=449,B,157.599,157.654,2026.05.13 05:15,1,2026.05.13 05:45,157.687,157.652"
483,JUNE0525-B157,1617DC1ACCE6B50ED2D1359582A70A8B8503C569623EE90C18C6B33542796207,Tester/logs/20261010.log,3013291,2026-06-01,10:30,B152PR,"FE	0	18:16:49.648	Core 04	2026.06.01 10:30:00   [SRJ-IND] B152PR sym=USDJPY bar=2026.06.01 10:25 z1=460,B,157.645,157.660,2026.05.13 07:05,1,2026.05.14 00:25,157.812,157.650"
484,JUNE0525-B157,1617DC1ACCE6B50ED2D1359582A70A8B8503C569623EE90C18C6B33542796207,Tester/logs/20261010.log,3013292,2026-06-01,10:30,B152PR,"FO	0	18:16:49.648	Core 04	2026.06.01 10:30:00   [SRJ-IND] B152PR sym=USDJPY bar=2026.06.01 10:25 z1=696,B,157.568,158.167,2026.05.14 18:05,1,2026.05.14 18:10,158.191,158.119"
485,JUNE0525-B157,1617DC1ACCE6B50ED2D1359582A70A8B8503C569623EE90C18C6B33542796207,Tester/logs/20261010.log,3013293,2026-06-01,10:30,B152PR,"NQ	0	18:16:49.648	Core 04	2026.06.01 10:30:00   [SRJ-IND] B152PR sym=USDJPY bar=2026.06.01 10:25 z1=714,B,158.107,158.142,2026.05.14 19:30,1,2026.05.14 20:00,158.169,158.142"
486,JUNE0525-B157,1617DC1ACCE6B50ED2D1359582A70A8B8503C569623EE90C18C6B33542796207,Tester/logs/20261010.log,3013294,2026-06-01,10:30,B152PR,"GI	0	18:16:49.648	Core 04	2026.06.01 10:30:00   [SRJ-IND] B152PR sym=USDJPY bar=2026.06.01 10:25 z1=1405,B,158.735,158.769,2026.05.20 19:00,1,2026.05.20 19:05,158.816,158.753"
487,JUNE0525-B157,1617DC1ACCE6B50ED2D1359582A70A8B8503C569623EE90C18C6B33542796207,Tester/logs/20261010.log,3013295,2026-06-01,10:30,B152PR,"MO	0	18:16:49.648	Core 04	2026.06.01 10:30:00   [SRJ-IND] B152PR sym=USDJPY bar=2026.06.01 10:25 z1=1779,B,158.756,158.800,2026.05.25 06:45,1,2026.05.26 00:00,158.887,158.784"
488,JUNE0525-B157,1617DC1ACCE6B50ED2D1359582A70A8B8503C569623EE90C18C6B33542796207,Tester/logs/20261010.log,3013296,2026-06-01,10:30,B152PR,"PE	0	18:16:49.648	Core 04	2026.06.01 10:30:00   [SRJ-IND] B152PR sym=USDJPY bar=2026.06.01 10:25 z1=1780,B,158.789,158.814,2026.05.25 04:50,1,2026.05.26 00:00,158.887,158.784"
489,JUNE0525-B157,1617DC1ACCE6B50ED2D1359582A70A8B8503C569623EE90C18C6B33542796207,Tester/logs/20261010.log,3013297,2026-06-01,10:30,B152PR,"IK	0	18:16:49.648	Core 04	2026.06.01 10:30:00   [SRJ-IND] B152PR sym=USDJPY bar=2026.06.01 10:25 z1=1949,B,158.916,158.934,2026.05.26 07:25,1,2026.05.26 07:30,158.942,158.934"
490,JUNE0525-B157,1617DC1ACCE6B50ED2D1359582A70A8B8503C569623EE90C18C6B33542796207,Tester/logs/20261010.log,3013298,2026-06-01,10:30,B152PR,"LP	0	18:16:49.648	Core 04	2026.06.01 10:30:00   [SRJ-IND] B152PR sym=USDJPY bar=2026.06.01 10:25 z1=2271,S,159.524,159.574,2026.05.28 09:40,1,2026.05.28 11:25,159.524,159.488"
491,JUNE0525-B157,1617DC1ACCE6B50ED2D1359582A70A8B8503C569623EE90C18C6B33542796207,Tester/logs/20261010.log,3013299,2026-06-01,10:30,B152PR,"IF	0	18:16:49.648	Core 04	2026.06.01 10:30:00   [SRJ-IND] B152PR sym=USDJPY bar=2026.06.01 10:25 z1=2277,S,159.551,159.575,2026.05.28 08:40,1,2026.05.28 08:50,159.556,159.541"
492,JUNE0525-B157,1617DC1ACCE6B50ED2D1359582A70A8B8503C569623EE90C18C6B33542796207,Tester/logs/20261010.log,3013300,2026-06-01,10:30,B152PR,"FL	0	18:16:49.648	Core 04	2026.06.01 10:30:00   [SRJ-IND] B152PR sym=USDJPY bar=2026.06.01 10:25 z1=2299,S,159.488,159.524,2026.05.28 11:45,1,2026.05.28 17:00,159.491,159.448"
493,JUNE0525-B157,1617DC1ACCE6B50ED2D1359582A70A8B8503C569623EE90C18C6B33542796207,Tester/logs/20261010.log,3013301,2026-06-01,10:30,B152PR,"PS	0	18:16:49.648	Core 04	2026.06.01 10:30:00   [SRJ-IND] B152PR sym=USDJPY bar=2026.06.01 10:25 z1=2509,B,159.134,159.195,2026.05.29 19:10,1,2026.05.29 19:35,159.215,159.186"
494,JUNE0525-B157,1617DC1ACCE6B50ED2D1359582A70A8B8503C569623EE90C18C6B33542796207,Tester/logs/20261010.log,3013302,2026-06-01,10:30,B152PR,"KH	0	18:16:49.648	Core 04	2026.06.01 10:30:00   [SRJ-IND] B152PR sym=USDJPY bar=2026.06.01 10:25 z1=2585,S,159.485,159.494,2026.06.01 06:00,1,2026.06.01 09:15,159.486,159.466"
495,JUNE0525-B157,1617DC1ACCE6B50ED2D1359582A70A8B8503C569623EE90C18C6B33542796207,Tester/logs/20261010.log,3013303,2026-06-01,10:30,B152PR,"MM	0	18:16:49.648	Core 04	2026.06.01 10:30:00   [SRJ-IND] B152PR sym=USDJPY bar=2026.06.01 10:25 bull=1 bear=1 nz=21"
496,JUNE0525-B157,1617DC1ACCE6B50ED2D1359582A70A8B8503C569623EE90C18C6B33542796207,Tester/logs/20261010.log,3013308,2026-06-01,10:30,FRESHSKIP,"DN	0	18:16:49.648	Core 04	2026.06.01 10:30:00   [SRJ-EA] FRESHSKIP bar=2026.06.01 10:25 dir=LONG state=S2_LTF_ALIGN poi=Monthly-VWAP reason=PRE_BINDING"
497,JUNE0525-B157,1617DC1ACCE6B50ED2D1359582A70A8B8503C569623EE90C18C6B33542796207,Tester/logs/20261010.log,3013437,2026-06-01,10:30,CQDRECHECK,"RG	0	18:16:49.648	Core 04	2026.06.01 10:30:00   [SRJ-EA] CQDRECHECK shift=2 passA=2.0 passB=2.0 diff=0 bar=2026.06.01 10:20 state=S2_LTF_ALIGN dir=LONG divLatch=1 hit1=0 hit2=373 mism=0"
498,JUNE0525-B157,1617DC1ACCE6B50ED2D1359582A70A8B8503C569623EE90C18C6B33542796207,Tester/logs/20261010.log,3013441,2026-06-01,10:30,CONFIRMPOLL,"IR	0	18:16:49.648	Core 04	2026.06.01 10:30:00   [SRJ-EA] CONFIRMPOLL bar=2026.06.01 10:25 anchor=Monthly-VWAP dir=LONG oppCandle=0 bodyDir=1 body=9pts doji=0 touchAttr=1 confirm=0 shadow=true"
499,JUNE0525-B157,1617DC1ACCE6B50ED2D1359582A70A8B8503C569623EE90C18C6B33542796207,Tester/logs/20261010.log,3013445,2026-06-01,10:35,B152PR,"OK	0	18:16:49.648	Core 04	2026.06.01 10:35:06   [SRJ-IND] B152PR sym=USDJPY bar=2026.06.01 10:30 z1=65,B,156.672,156.773,2026.05.11 04:10,1,2026.05.12 08:55,157.714,156.726"
500,JUNE0525-B157,1617DC1ACCE6B50ED2D1359582A70A8B8503C569623EE90C18C6B33542796207,Tester/logs/20261010.log,3013446,2026-06-01,10:35,B152PR,"OQ	0	18:16:49.648	Core 04	2026.06.01 10:35:06   [SRJ-IND] B152PR sym=USDJPY bar=2026.06.01 10:30 z1=78,B,156.578,156.584,2026.05.11 00:35,1,2026.05.11 00:40,156.644,156.537"
501,JUNE0525-B157,1617DC1ACCE6B50ED2D1359582A70A8B8503C569623EE90C18C6B33542796207,Tester/logs/20261010.log,3013447,2026-06-01,10:35,B152PR,"QD	0	18:16:49.648	Core 04	2026.06.01 10:35:06   [SRJ-IND] B152PR sym=USDJPY bar=2026.06.01 10:30 z1=212,B,157.028,157.060,2026.05.11 19:20,1,2026.05.12 00:00,157.152,157.050"
502,JUNE0525-B157,1617DC1ACCE6B50ED2D1359582A70A8B8503C569623EE90C18C6B33542796207,Tester/logs/20261010.log,3013448,2026-06-01,10:35,B152PR,"QN	0	18:16:49.648	Core 04	2026.06.01 10:35:06   [SRJ-IND] B152PR sym=USDJPY bar=2026.06.01 10:30 z1=256,B,157.172,157.178,2026.05.12 01:25,1,2026.05.12 08:55,157.714,156.726"
503,JUNE0525-B157,1617DC1ACCE6B50ED2D1359582A70A8B8503C569623EE90C18C6B33542796207,Tester/logs/20261010.log,3013449,2026-06-01,10:35,B152PR,"GP	0	18:16:49.648	Core 04	2026.06.01 10:35:06   [SRJ-IND] B152PR sym=USDJPY bar=2026.06.01 10:30 z1=261,B,157.184,157.192,2026.05.12 03:00,1,2026.05.12 08:55,157.714,156.726"
504,JUNE0525-B157,1617DC1ACCE6B50ED2D1359582A70A8B8503C569623EE90C18C6B33542796207,Tester/logs/20261010.log,3013450,2026-06-01,10:35,B152PR,"KJ	0	18:16:49.648	Core 04	2026.06.01 10:35:06   [SRJ-IND] B152PR sym=USDJPY bar=2026.06.01 10:30 z1=313,B,157.331,157.497,2026.05.12 10:00,1,2026.05.12 10:10,157.546,157.487"
505,JUNE0525-B157,1617DC1ACCE6B50ED2D1359582A70A8B8503C569623EE90C18C6B33542796207,Tester/logs/20261010.log,3013451,2026-06-01,10:35,B152PR,"RO	0	18:16:49.648	Core 04	2026.06.01 10:35:06   [SRJ-IND] B152PR sym=USDJPY bar=2026.06.01 10:30 z1=414,B,157.517,157.589,2026.05.13 01:10,1,2026.05.13 01:20,157.607,157.587"
506,JUNE0525-B157,1617DC1ACCE6B50ED2D1359582A70A8B8503C569623EE90C18C6B33542796207,Tester/logs/20261010.log,3013452,2026-06-01,10:35,B152PR,"EQ	0	18:16:49.648	Core 04	2026.06.01 10:35:06   [SRJ-IND] B152PR sym=USDJPY bar=2026.06.01 10:30 z1=447,B,157.562,157.648,2026.05.13 06:20,1,2026.05.13 06:25,157.662,157.648"
507,JUNE0525-B157,1617DC1ACCE6B50ED2D1359582A70A8B8503C569623EE90C18C6B33542796207,Tester/logs/20261010.log,3013453,2026-06-01,10:35,B152PR,"FK	0	18:16:49.648	Core 04	2026.06.01 10:35:06   [SRJ-IND] B152PR sym=USDJPY bar=2026.06.01 10:30 z1=449,B,157.599,157.654,2026.05.13 05:15,1,2026.05.13 05:45,157.687,157.652"
508,JUNE0525-B157,1617DC1ACCE6B50ED2D1359582A70A8B8503C569623EE90C18C6B33542796207,Tester/logs/20261010.log,3013454,2026-06-01,10:35,B152PR,"KM	0	18:16:49.648	Core 04	2026.06.01 10:35:06   [SRJ-IND] B152PR sym=USDJPY bar=2026.06.01 10:30 z1=460,B,157.645,157.660,2026.05.13 07:05,1,2026.05.14 00:25,157.812,157.650"
509,JUNE0525-B157,1617DC1ACCE6B50ED2D1359582A70A8B8503C569623EE90C18C6B33542796207,Tester/logs/20261010.log,3013455,2026-06-01,10:35,B152PR,"CG	0	18:16:49.648	Core 04	2026.06.01 10:35:06   [SRJ-IND] B152PR sym=USDJPY bar=2026.06.01 10:30 z1=696,B,157.568,158.167,2026.05.14 18:05,1,2026.05.14 18:10,158.191,158.119"
510,JUNE0525-B157,1617DC1ACCE6B50ED2D1359582A70A8B8503C569623EE90C18C6B33542796207,Tester/logs/20261010.log,3013456,2026-06-01,10:35,B152PR,"KI	0	18:16:49.648	Core 04	2026.06.01 10:35:06   [SRJ-IND] B152PR sym=USDJPY bar=2026.06.01 10:30 z1=714,B,158.107,158.142,2026.05.14 19:30,1,2026.05.14 20:00,158.169,158.142"
511,JUNE0525-B157,1617DC1ACCE6B50ED2D1359582A70A8B8503C569623EE90C18C6B33542796207,Tester/logs/20261010.log,3013457,2026-06-01,10:35,B152PR,"RP	0	18:16:49.648	Core 04	2026.06.01 10:35:06   [SRJ-IND] B152PR sym=USDJPY bar=2026.06.01 10:30 z1=1405,B,158.735,158.769,2026.05.20 19:00,1,2026.05.20 19:05,158.816,158.753"
512,JUNE0525-B157,1617DC1ACCE6B50ED2D1359582A70A8B8503C569623EE90C18C6B33542796207,Tester/logs/20261010.log,3013458,2026-06-01,10:35,B152PR,"DF	0	18:16:49.648	Core 04	2026.06.01 10:35:06   [SRJ-IND] B152PR sym=USDJPY bar=2026.06.01 10:30 z1=1779,B,158.756,158.800,2026.05.25 06:45,1,2026.05.26 00:00,158.887,158.784"
513,JUNE0525-B157,1617DC1ACCE6B50ED2D1359582A70A8B8503C569623EE90C18C6B33542796207,Tester/logs/20261010.log,3013459,2026-06-01,10:35,B152PR,"IL	0	18:16:49.648	Core 04	2026.06.01 10:35:06   [SRJ-IND] B152PR sym=USDJPY bar=2026.06.01 10:30 z1=1780,B,158.789,158.814,2026.05.25 04:50,1,2026.05.26 00:00,158.887,158.784"
514,JUNE0525-B157,1617DC1ACCE6B50ED2D1359582A70A8B8503C569623EE90C18C6B33542796207,Tester/logs/20261010.log,3013460,2026-06-01,10:35,B152PR,"PR	0	18:16:49.648	Core 04	2026.06.01 10:35:06   [SRJ-IND] B152PR sym=USDJPY bar=2026.06.01 10:30 z1=1949,B,158.916,158.934,2026.05.26 07:25,1,2026.05.26 07:30,158.942,158.934"
515,JUNE0525-B157,1617DC1ACCE6B50ED2D1359582A70A8B8503C569623EE90C18C6B33542796207,Tester/logs/20261010.log,3013461,2026-06-01,10:35,B152PR,"EI	0	18:16:49.648	Core 04	2026.06.01 10:35:06   [SRJ-IND] B152PR sym=USDJPY bar=2026.06.01 10:30 z1=2271,S,159.524,159.574,2026.05.28 09:40,1,2026.05.28 11:25,159.524,159.488"
516,JUNE0525-B157,1617DC1ACCE6B50ED2D1359582A70A8B8503C569623EE90C18C6B33542796207,Tester/logs/20261010.log,3013462,2026-06-01,10:35,B152PR,"PO	0	18:16:49.648	Core 04	2026.06.01 10:35:06   [SRJ-IND] B152PR sym=USDJPY bar=2026.06.01 10:30 z1=2277,S,159.551,159.575,2026.05.28 08:40,1,2026.05.28 08:50,159.556,159.541"
517,JUNE0525-B157,1617DC1ACCE6B50ED2D1359582A70A8B8503C569623EE90C18C6B33542796207,Tester/logs/20261010.log,3013463,2026-06-01,10:35,B152PR,"KE	0	18:16:49.648	Core 04	2026.06.01 10:35:06   [SRJ-IND] B152PR sym=USDJPY bar=2026.06.01 10:30 z1=2299,S,159.488,159.524,2026.05.28 11:45,1,2026.05.28 17:00,159.491,159.448"
518,JUNE0525-B157,1617DC1ACCE6B50ED2D1359582A70A8B8503C569623EE90C18C6B33542796207,Tester/logs/20261010.log,3013464,2026-06-01,10:35,B152PR,"IJ	0	18:16:49.648	Core 04	2026.06.01 10:35:06   [SRJ-IND] B152PR sym=USDJPY bar=2026.06.01 10:30 z1=2509,B,159.134,159.195,2026.05.29 19:10,1,2026.05.29 19:35,159.215,159.186"
519,JUNE0525-B157,1617DC1ACCE6B50ED2D1359582A70A8B8503C569623EE90C18C6B33542796207,Tester/logs/20261010.log,3013465,2026-06-01,10:35,B152PR,"FQ	0	18:16:49.648	Core 04	2026.06.01 10:35:06   [SRJ-IND] B152PR sym=USDJPY bar=2026.06.01 10:30 z1=2585,S,159.485,159.494,2026.06.01 06:00,1,2026.06.01 09:15,159.486,159.466"
520,JUNE0525-B157,1617DC1ACCE6B50ED2D1359582A70A8B8503C569623EE90C18C6B33542796207,Tester/logs/20261010.log,3013466,2026-06-01,10:35,B152PR,"DD	0	18:16:49.648	Core 04	2026.06.01 10:35:06   [SRJ-IND] B152PR sym=USDJPY bar=2026.06.01 10:30 bull=1 bear=1 nz=21"
521,JUNE0525-B157,1617DC1ACCE6B50ED2D1359582A70A8B8503C569623EE90C18C6B33542796207,Tester/logs/20261010.log,3013470,2026-06-01,10:35,FRESHSKIP,"OI	0	18:16:49.648	Core 04	2026.06.01 10:35:06   [SRJ-EA] FRESHSKIP bar=2026.06.01 10:30 dir=LONG state=S2_LTF_ALIGN poi=Monthly-VWAP reason=PRE_BINDING"
522,JUNE0525-B157,1617DC1ACCE6B50ED2D1359582A70A8B8503C569623EE90C18C6B33542796207,Tester/logs/20261010.log,3013599,2026-06-01,10:35,CQDRECHECK,"PO	0	18:16:49.648	Core 04	2026.06.01 10:35:06   [SRJ-EA] CQDRECHECK shift=2 passA=-1.0 passB=-1.0 diff=0 bar=2026.06.01 10:25 state=S2_LTF_ALIGN dir=LONG divLatch=0 hit1=0 hit2=374 mism=0"
523,JUNE0525-B157,1617DC1ACCE6B50ED2D1359582A70A8B8503C569623EE90C18C6B33542796207,Tester/logs/20261010.log,3013603,2026-06-01,10:35,CONFIRMPOLL,"RL	0	18:16:49.648	Core 04	2026.06.01 10:35:06   [SRJ-EA] CONFIRMPOLL bar=2026.06.01 10:30 anchor=Monthly-VWAP dir=LONG oppCandle=0 bodyDir=1 body=4pts doji=0 touchAttr=0 confirm=0 shadow=true"
524,JUNE0525-B157,1617DC1ACCE6B50ED2D1359582A70A8B8503C569623EE90C18C6B33542796207,Tester/logs/20261010.log,3013607,2026-06-01,10:40,B152PR,"RQ	0	18:16:49.648	Core 04	2026.06.01 10:40:00   [SRJ-IND] B152PR sym=USDJPY bar=2026.06.01 10:35 z1=65,B,156.672,156.773,2026.05.11 04:10,1,2026.05.12 08:55,157.714,156.726"
525,JUNE0525-B157,1617DC1ACCE6B50ED2D1359582A70A8B8503C569623EE90C18C6B33542796207,Tester/logs/20261010.log,3013608,2026-06-01,10:40,B152PR,"RG	0	18:16:49.648	Core 04	2026.06.01 10:40:00   [SRJ-IND] B152PR sym=USDJPY bar=2026.06.01 10:35 z1=78,B,156.578,156.584,2026.05.11 00:35,1,2026.05.11 00:40,156.644,156.537"
526,JUNE0525-B157,1617DC1ACCE6B50ED2D1359582A70A8B8503C569623EE90C18C6B33542796207,Tester/logs/20261010.log,3013609,2026-06-01,10:40,B152PR,"PN	0	18:16:49.648	Core 04	2026.06.01 10:40:00   [SRJ-IND] B152PR sym=USDJPY bar=2026.06.01 10:35 z1=212,B,157.028,157.060,2026.05.11 19:20,1,2026.05.12 00:00,157.152,157.050"
527,JUNE0525-B157,1617DC1ACCE6B50ED2D1359582A70A8B8503C569623EE90C18C6B33542796207,Tester/logs/20261010.log,3013610,2026-06-01,10:40,B152PR,"LP	0	18:16:49.648	Core 04	2026.06.01 10:40:00   [SRJ-IND] B152PR sym=USDJPY bar=2026.06.01 10:35 z1=256,B,157.172,157.178,2026.05.12 01:25,1,2026.05.12 08:55,157.714,156.726"
528,JUNE0525-B157,1617DC1ACCE6B50ED2D1359582A70A8B8503C569623EE90C18C6B33542796207,Tester/logs/20261010.log,3013611,2026-06-01,10:40,B152PR,"JJ	0	18:16:49.648	Core 04	2026.06.01 10:40:00   [SRJ-IND] B152PR sym=USDJPY bar=2026.06.01 10:35 z1=261,B,157.184,157.192,2026.05.12 03:00,1,2026.05.12 08:55,157.714,156.726"
529,JUNE0525-B157,1617DC1ACCE6B50ED2D1359582A70A8B8503C569623EE90C18C6B33542796207,Tester/logs/20261010.log,3013612,2026-06-01,10:40,B152PR,"JO	0	18:16:49.648	Core 04	2026.06.01 10:40:00   [SRJ-IND] B152PR sym=USDJPY bar=2026.06.01 10:35 z1=313,B,157.331,157.497,2026.05.12 10:00,1,2026.05.12 10:10,157.546,157.487"
530,JUNE0525-B157,1617DC1ACCE6B50ED2D1359582A70A8B8503C569623EE90C18C6B33542796207,Tester/logs/20261010.log,3013613,2026-06-01,10:40,B152PR,"OQ	0	18:16:49.648	Core 04	2026.06.01 10:40:00   [SRJ-IND] B152PR sym=USDJPY bar=2026.06.01 10:35 z1=414,B,157.517,157.589,2026.05.13 01:10,1,2026.05.13 01:20,157.607,157.587"
531,JUNE0525-B157,1617DC1ACCE6B50ED2D1359582A70A8B8503C569623EE90C18C6B33542796207,Tester/logs/20261010.log,3013614,2026-06-01,10:40,B152PR,"HK	0	18:16:49.648	Core 04	2026.06.01 10:40:00   [SRJ-IND] B152PR sym=USDJPY bar=2026.06.01 10:35 z1=447,B,157.562,157.648,2026.05.13 06:20,1,2026.05.13 06:25,157.662,157.648"
532,JUNE0525-B157,1617DC1ACCE6B50ED2D1359582A70A8B8503C569623EE90C18C6B33542796207,Tester/logs/20261010.log,3013615,2026-06-01,10:40,B152PR,"CM	0	18:16:49.648	Core 04	2026.06.01 10:40:00   [SRJ-IND] B152PR sym=USDJPY bar=2026.06.01 10:35 z1=449,B,157.599,157.654,2026.05.13 05:15,1,2026.05.13 05:45,157.687,157.652"
533,JUNE0525-B157,1617DC1ACCE6B50ED2D1359582A70A8B8503C569623EE90C18C6B33542796207,Tester/logs/20261010.log,3013616,2026-06-01,10:40,B152PR,"JG	0	18:16:49.648	Core 04	2026.06.01 10:40:00   [SRJ-IND] B152PR sym=USDJPY bar=2026.06.01 10:35 z1=460,B,157.645,157.660,2026.05.13 07:05,1,2026.05.14 00:25,157.812,157.650"
534,JUNE0525-B157,1617DC1ACCE6B50ED2D1359582A70A8B8503C569623EE90C18C6B33542796207,Tester/logs/20261010.log,3013617,2026-06-01,10:40,B152PR,"FI	0	18:16:49.648	Core 04	2026.06.01 10:40:00   [SRJ-IND] B152PR sym=USDJPY bar=2026.06.01 10:35 z1=696,B,157.568,158.167,2026.05.14 18:05,1,2026.05.14 18:10,158.191,158.119"
535,JUNE0525-B157,1617DC1ACCE6B50ED2D1359582A70A8B8503C569623EE90C18C6B33542796207,Tester/logs/20261010.log,3013618,2026-06-01,10:40,B152PR,"RS	0	18:16:49.648	Core 04	2026.06.01 10:40:00   [SRJ-IND] B152PR sym=USDJPY bar=2026.06.01 10:35 z1=714,B,158.107,158.142,2026.05.14 19:30,1,2026.05.14 20:00,158.169,158.142"
536,JUNE0525-B157,1617DC1ACCE6B50ED2D1359582A70A8B8503C569623EE90C18C6B33542796207,Tester/logs/20261010.log,3013619,2026-06-01,10:40,B152PR,"OF	0	18:16:49.648	Core 04	2026.06.01 10:40:00   [SRJ-IND] B152PR sym=USDJPY bar=2026.06.01 10:35 z1=1405,B,158.735,158.769,2026.05.20 19:00,1,2026.05.20 19:05,158.816,158.753"
537,JUNE0525-B157,1617DC1ACCE6B50ED2D1359582A70A8B8503C569623EE90C18C6B33542796207,Tester/logs/20261010.log,3013620,2026-06-01,10:40,B152PR,"EL	0	18:16:49.648	Core 04	2026.06.01 10:40:00   [SRJ-IND] B152PR sym=USDJPY bar=2026.06.01 10:35 z1=1779,B,158.756,158.800,2026.05.25 06:45,1,2026.05.26 00:00,158.887,158.784"
538,JUNE0525-B157,1617DC1ACCE6B50ED2D1359582A70A8B8503C569623EE90C18C6B33542796207,Tester/logs/20261010.log,3013621,2026-06-01,10:40,B152PR,"HR	0	18:16:49.648	Core 04	2026.06.01 10:40:00   [SRJ-IND] B152PR sym=USDJPY bar=2026.06.01 10:35 z1=1780,B,158.789,158.814,2026.05.25 04:50,1,2026.05.26 00:00,158.887,158.784"
539,JUNE0525-B157,1617DC1ACCE6B50ED2D1359582A70A8B8503C569623EE90C18C6B33542796207,Tester/logs/20261010.log,3013622,2026-06-01,10:40,B152PR,"QH	0	18:16:49.648	Core 04	2026.06.01 10:40:00   [SRJ-IND] B152PR sym=USDJPY bar=2026.06.01 10:35 z1=1949,B,158.916,158.934,2026.05.26 07:25,1,2026.05.26 07:30,158.942,158.934"
540,JUNE0525-B157,1617DC1ACCE6B50ED2D1359582A70A8B8503C569623EE90C18C6B33542796207,Tester/logs/20261010.log,3013623,2026-06-01,10:40,B152PR,"DO	0	18:16:49.648	Core 04	2026.06.01 10:40:00   [SRJ-IND] B152PR sym=USDJPY bar=2026.06.01 10:35 z1=2271,S,159.524,159.574,2026.05.28 09:40,1,2026.05.28 11:25,159.524,159.488"
541,JUNE0525-B157,1617DC1ACCE6B50ED2D1359582A70A8B8503C569623EE90C18C6B33542796207,Tester/logs/20261010.log,3013624,2026-06-01,10:40,B152PR,"QE	0	18:16:49.648	Core 04	2026.06.01 10:40:00   [SRJ-IND] B152PR sym=USDJPY bar=2026.06.01 10:35 z1=2277,S,159.551,159.575,2026.05.28 08:40,1,2026.05.28 08:50,159.556,159.541"
542,JUNE0525-B157,1617DC1ACCE6B50ED2D1359582A70A8B8503C569623EE90C18C6B33542796207,Tester/logs/20261010.log,3013625,2026-06-01,10:40,B152PR,"NK	0	18:16:49.648	Core 04	2026.06.01 10:40:00   [SRJ-IND] B152PR sym=USDJPY bar=2026.06.01 10:35 z1=2299,S,159.488,159.524,2026.05.28 11:45,1,2026.05.28 17:00,159.491,159.448"
543,JUNE0525-B157,1617DC1ACCE6B50ED2D1359582A70A8B8503C569623EE90C18C6B33542796207,Tester/logs/20261010.log,3013626,2026-06-01,10:40,B152PR,"HP	0	18:16:49.648	Core 04	2026.06.01 10:40:00   [SRJ-IND] B152PR sym=USDJPY bar=2026.06.01 10:35 z1=2509,B,159.134,159.195,2026.05.29 19:10,1,2026.05.29 19:35,159.215,159.186"
544,JUNE0525-B157,1617DC1ACCE6B50ED2D1359582A70A8B8503C569623EE90C18C6B33542796207,Tester/logs/20261010.log,3013627,2026-06-01,10:40,B152PR,"CG	0	18:16:49.648	Core 04	2026.06.01 10:40:00   [SRJ-IND] B152PR sym=USDJPY bar=2026.06.01 10:35 z1=2585,S,159.485,159.494,2026.06.01 06:00,1,2026.06.01 09:15,159.486,159.466"
545,JUNE0525-B157,1617DC1ACCE6B50ED2D1359582A70A8B8503C569623EE90C18C6B33542796207,Tester/logs/20261010.log,3013628,2026-06-01,10:40,B152PR,"EN	0	18:16:49.648	Core 04	2026.06.01 10:40:00   [SRJ-IND] B152PR sym=USDJPY bar=2026.06.01 10:35 bull=1 bear=1 nz=21"
546,JUNE0525-B157,1617DC1ACCE6B50ED2D1359582A70A8B8503C569623EE90C18C6B33542796207,Tester/logs/20261010.log,3013631,2026-06-01,10:40,FRESHSKIP,"RO	0	18:16:49.648	Core 04	2026.06.01 10:40:00   [SRJ-EA] FRESHSKIP bar=2026.06.01 10:35 dir=LONG state=S2_LTF_ALIGN poi=Monthly-VWAP reason=PRE_BINDING"
547,JUNE0525-B157,1617DC1ACCE6B50ED2D1359582A70A8B8503C569623EE90C18C6B33542796207,Tester/logs/20261010.log,3013763,2026-06-01,10:40,CONFIRMPOLL,"DM	0	18:16:49.648	Core 04	2026.06.01 10:40:00   [SRJ-EA] CONFIRMPOLL bar=2026.06.01 10:35 anchor=Monthly-VWAP dir=LONG oppCandle=0 bodyDir=0 body=11pts doji=0 touchAttr=0 confirm=0 shadow=true"
548,JUNE0525-B157,1617DC1ACCE6B50ED2D1359582A70A8B8503C569623EE90C18C6B33542796207,Tester/logs/20261010.log,3013769,2026-06-01,10:45,B152PR,"OH	0	18:16:49.648	Core 04	2026.06.01 10:45:00   [SRJ-IND] B152PR sym=USDJPY bar=2026.06.01 10:40 z1=65,B,156.672,156.773,2026.05.11 04:10,1,2026.05.12 08:55,157.714,156.726"
549,JUNE0525-B157,1617DC1ACCE6B50ED2D1359582A70A8B8503C569623EE90C18C6B33542796207,Tester/logs/20261010.log,3013770,2026-06-01,10:45,B152PR,"GN	0	18:16:49.648	Core 04	2026.06.01 10:45:00   [SRJ-IND] B152PR sym=USDJPY bar=2026.06.01 10:40 z1=78,B,156.578,156.584,2026.05.11 00:35,1,2026.05.11 00:40,156.644,156.537"
550,JUNE0525-B157,1617DC1ACCE6B50ED2D1359582A70A8B8503C569623EE90C18C6B33542796207,Tester/logs/20261010.log,3013771,2026-06-01,10:45,B152PR,"QG	0	18:16:49.648	Core 04	2026.06.01 10:45:00   [SRJ-IND] B152PR sym=USDJPY bar=2026.06.01 10:40 z1=212,B,157.028,157.060,2026.05.11 19:20,1,2026.05.12 00:00,157.152,157.050"
551,JUNE0525-B157,1617DC1ACCE6B50ED2D1359582A70A8B8503C569623EE90C18C6B33542796207,Tester/logs/20261010.log,3013772,2026-06-01,10:45,B152PR,"EH	0	18:16:49.648	Core 04	2026.06.01 10:45:00   [SRJ-IND] B152PR sym=USDJPY bar=2026.06.01 10:40 z1=256,B,157.172,157.178,2026.05.12 01:25,1,2026.05.12 08:55,157.714,156.726"
552,JUNE0525-B157,1617DC1ACCE6B50ED2D1359582A70A8B8503C569623EE90C18C6B33542796207,Tester/logs/20261010.log,3013773,2026-06-01,10:45,B152PR,"OR	0	18:16:49.648	Core 04	2026.06.01 10:45:00   [SRJ-IND] B152PR sym=USDJPY bar=2026.06.01 10:40 z1=261,B,157.184,157.192,2026.05.12 03:00,1,2026.05.12 08:55,157.714,156.726"
553,JUNE0525-B157,1617DC1ACCE6B50ED2D1359582A70A8B8503C569623EE90C18C6B33542796207,Tester/logs/20261010.log,3013774,2026-06-01,10:45,B152PR,"GD	0	18:16:49.648	Core 04	2026.06.01 10:45:00   [SRJ-IND] B152PR sym=USDJPY bar=2026.06.01 10:40 z1=313,B,157.331,157.497,2026.05.12 10:00,1,2026.05.12 10:10,157.546,157.487"
554,JUNE0525-B157,1617DC1ACCE6B50ED2D1359582A70A8B8503C569623EE90C18C6B33542796207,Tester/logs/20261010.log,3013775,2026-06-01,10:45,B152PR,"RN	0	18:16:49.648	Core 04	2026.06.01 10:45:00   [SRJ-IND] B152PR sym=USDJPY bar=2026.06.01 10:40 z1=414,B,157.517,157.589,2026.05.13 01:10,1,2026.05.13 01:20,157.607,157.587"
555,JUNE0525-B157,1617DC1ACCE6B50ED2D1359582A70A8B8503C569623EE90C18C6B33542796207,Tester/logs/20261010.log,3013776,2026-06-01,10:45,B152PR,"QP	0	18:16:49.648	Core 04	2026.06.01 10:45:00   [SRJ-IND] B152PR sym=USDJPY bar=2026.06.01 10:40 z1=447,B,157.562,157.648,2026.05.13 06:20,1,2026.05.13 06:25,157.662,157.648"
556,JUNE0525-B157,1617DC1ACCE6B50ED2D1359582A70A8B8503C569623EE90C18C6B33542796207,Tester/logs/20261010.log,3013777,2026-06-01,10:45,B152PR,"NJ	0	18:16:49.648	Core 04	2026.06.01 10:45:00   [SRJ-IND] B152PR sym=USDJPY bar=2026.06.01 10:40 z1=449,B,157.599,157.654,2026.05.13 05:15,1,2026.05.13 05:45,157.687,157.652"
557,JUNE0525-B157,1617DC1ACCE6B50ED2D1359582A70A8B8503C569623EE90C18C6B33542796207,Tester/logs/20261010.log,3013778,2026-06-01,10:45,B152PR,"GL	0	18:16:49.648	Core 04	2026.06.01 10:45:00   [SRJ-IND] B152PR sym=USDJPY bar=2026.06.01 10:40 z1=460,B,157.645,157.660,2026.05.13 07:05,1,2026.05.14 00:25,157.812,157.650"
558,JUNE0525-B157,1617DC1ACCE6B50ED2D1359582A70A8B8503C569623EE90C18C6B33542796207,Tester/logs/20261010.log,3013779,2026-06-01,10:45,B152PR,"CF	0	18:16:49.648	Core 04	2026.06.01 10:45:00   [SRJ-IND] B152PR sym=USDJPY bar=2026.06.01 10:40 z1=696,B,157.568,158.167,2026.05.14 18:05,1,2026.05.14 18:10,158.191,158.119"
559,JUNE0525-B157,1617DC1ACCE6B50ED2D1359582A70A8B8503C569623EE90C18C6B33542796207,Tester/logs/20261010.log,3013780,2026-06-01,10:45,B152PR,"GK	0	18:16:49.648	Core 04	2026.06.01 10:45:00   [SRJ-IND] B152PR sym=USDJPY bar=2026.06.01 10:40 z1=714,B,158.107,158.142,2026.05.14 19:30,1,2026.05.14 20:00,158.169,158.142"
560,JUNE0525-B157,1617DC1ACCE6B50ED2D1359582A70A8B8503C569623EE90C18C6B33542796207,Tester/logs/20261010.log,3013781,2026-06-01,10:45,B152PR,"JN	0	18:16:49.648	Core 04	2026.06.01 10:45:00   [SRJ-IND] B152PR sym=USDJPY bar=2026.06.01 10:40 z1=1405,B,158.735,158.769,2026.05.20 19:00,1,2026.05.20 19:05,158.816,158.753"
561,JUNE0525-B157,1617DC1ACCE6B50ED2D1359582A70A8B8503C569623EE90C18C6B33542796207,Tester/logs/20261010.log,3013782,2026-06-01,10:45,B152PR,"LD	0	18:16:49.648	Core 04	2026.06.01 10:45:00   [SRJ-IND] B152PR sym=USDJPY bar=2026.06.01 10:40 z1=1779,B,158.756,158.800,2026.05.25 06:45,1,2026.05.26 00:00,158.887,158.784"
562,JUNE0525-B157,1617DC1ACCE6B50ED2D1359582A70A8B8503C569623EE90C18C6B33542796207,Tester/logs/20261010.log,3013783,2026-06-01,10:45,B152PR,"QJ	0	18:16:49.648	Core 04	2026.06.01 10:45:00   [SRJ-IND] B152PR sym=USDJPY bar=2026.06.01 10:40 z1=1780,B,158.789,158.814,2026.05.25 04:50,1,2026.05.26 00:00,158.887,158.784"
563,JUNE0525-B157,1617DC1ACCE6B50ED2D1359582A70A8B8503C569623EE90C18C6B33542796207,Tester/logs/20261010.log,3013784,2026-06-01,10:45,B152PR,"HP	0	18:16:49.648	Core 04	2026.06.01 10:45:00   [SRJ-IND] B152PR sym=USDJPY bar=2026.06.01 10:40 z1=1949,B,158.916,158.934,2026.05.26 07:25,1,2026.05.26 07:30,158.942,158.934"
564,JUNE0525-B157,1617DC1ACCE6B50ED2D1359582A70A8B8503C569623EE90C18C6B33542796207,Tester/logs/20261010.log,3013785,2026-06-01,10:45,B152PR,"MG	0	18:16:49.648	Core 04	2026.06.01 10:45:00   [SRJ-IND] B152PR sym=USDJPY bar=2026.06.01 10:40 z1=2271,S,159.524,159.574,2026.05.28 09:40,1,2026.05.28 11:25,159.524,159.488"
565,JUNE0525-B157,1617DC1ACCE6B50ED2D1359582A70A8B8503C569623EE90C18C6B33542796207,Tester/logs/20261010.log,3013786,2026-06-01,10:45,B152PR,"HM	0	18:16:49.648	Core 04	2026.06.01 10:45:00   [SRJ-IND] B152PR sym=USDJPY bar=2026.06.01 10:40 z1=2277,S,159.551,159.575,2026.05.28 08:40,1,2026.05.28 08:50,159.556,159.541"
566,JUNE0525-B157,1617DC1ACCE6B50ED2D1359582A70A8B8503C569623EE90C18C6B33542796207,Tester/logs/20261010.log,3013787,2026-06-01,10:45,B152PR,"CS	0	18:16:49.648	Core 04	2026.06.01 10:45:00   [SRJ-IND] B152PR sym=USDJPY bar=2026.06.01 10:40 z1=2299,S,159.488,159.524,2026.05.28 11:45,1,2026.05.28 17:00,159.491,159.448"
567,JUNE0525-B157,1617DC1ACCE6B50ED2D1359582A70A8B8503C569623EE90C18C6B33542796207,Tester/logs/20261010.log,3013788,2026-06-01,10:45,B152PR,"QH	0	18:16:49.648	Core 04	2026.06.01 10:45:00   [SRJ-IND] B152PR sym=USDJPY bar=2026.06.01 10:40 z1=2509,B,159.134,159.195,2026.05.29 19:10,1,2026.05.29 19:35,159.215,159.186"
568,JUNE0525-B157,1617DC1ACCE6B50ED2D1359582A70A8B8503C569623EE90C18C6B33542796207,Tester/logs/20261010.log,3013789,2026-06-01,10:45,B152PR,"NO	0	18:16:49.648	Core 04	2026.06.01 10:45:00   [SRJ-IND] B152PR sym=USDJPY bar=2026.06.01 10:40 z1=2585,S,159.485,159.494,2026.06.01 06:00,1,2026.06.01 09:15,159.486,159.466"
569,JUNE0525-B157,1617DC1ACCE6B50ED2D1359582A70A8B8503C569623EE90C18C6B33542796207,Tester/logs/20261010.log,3013790,2026-06-01,10:45,B152PR,"LF	0	18:16:49.648	Core 04	2026.06.01 10:45:00   [SRJ-IND] B152PR sym=USDJPY bar=2026.06.01 10:40 bull=1 bear=1 nz=21"
570,JUNE0525-B157,1617DC1ACCE6B50ED2D1359582A70A8B8503C569623EE90C18C6B33542796207,Tester/logs/20261010.log,3013796,2026-06-01,10:45,FRESHSKIP,"CJ	0	18:16:49.648	Core 04	2026.06.01 10:45:00   [SRJ-EA] FRESHSKIP bar=2026.06.01 10:40 dir=LONG state=S2_LTF_ALIGN poi=Monthly-VWAP reason=PRE_BINDING"
571,JUNE0525-B157,1617DC1ACCE6B50ED2D1359582A70A8B8503C569623EE90C18C6B33542796207,Tester/logs/20261010.log,3013928,2026-06-01,10:45,CONFIRMPOLL,"EE	0	18:16:49.648	Core 04	2026.06.01 10:45:00   [SRJ-EA] CONFIRMPOLL bar=2026.06.01 10:40 anchor=Monthly-VWAP dir=LONG oppCandle=1 bodyDir=1 body=19pts doji=0 touchAttr=0 confirm=0 shadow=true"
572,JUNE0525-B157,1617DC1ACCE6B50ED2D1359582A70A8B8503C569623EE90C18C6B33542796207,Tester/logs/20261010.log,3013929,2026-06-01,10:45,STATE,"NQ	0	18:16:49.648	Core 04	2026.06.01 10:45:00   [SRJ-EA] 2026.06.01 10:45:00 STATE S2_LTF_ALIGN->S3_ZONE_WAIT dir=LONG poi=Monthly-VWAP"
573,JUNE0525-B157,1617DC1ACCE6B50ED2D1359582A70A8B8503C569623EE90C18C6B33542796207,Tester/logs/20261010.log,3013932,2026-06-01,10:45,XOBPROMO,"QO	0	18:16:49.648	Core 04	2026.06.01 10:45:00   [SRJ-EA] XOBPROMO bar=2026.06.01 10:40 site=S3PICK xobId=2566 raw=1780283700.0 promoT=2026.06.01 03:15"
574,JUNE0525-B157,1617DC1ACCE6B50ED2D1359582A70A8B8503C569623EE90C18C6B33542796207,Tester/logs/20261010.log,3013933,2026-06-01,10:45,ZONEPICK,"OR	0	18:16:49.648	Core 04	2026.06.01 10:45:00   [SRJ-EA] ZONEPICK bar=2026.06.01 10:40 dir=LONG haveFvg=0 fvgInPlay=0 haveXob=1 xobInPlay=0 downgraded=0 fvg=--- xob=159.382-159.407"
575,JUNE0525-B157,1617DC1ACCE6B50ED2D1359582A70A8B8503C569623EE90C18C6B33542796207,Tester/logs/20261010.log,3013942,2026-06-01,10:45,INPLAYCOMMIT,"MI	0	18:16:49.648	Core 04	2026.06.01 10:45:00   [SRJ-EA] INPLAYCOMMIT bar=2026.06.01 10:40 dir=LONG zoneSrc=XOB zoneLo=159.382 zoneHi=159.407 promoT=2026.06.01 03:15 applied=1 bounded=1 scanned=95 swings=17 hits=0 firstShift=-1 firstVal=- commitVia=none legacy=0 legacyVia=none committed=0 changed=0 haveStop=1"
576,JUNE0525-B157,1617DC1ACCE6B50ED2D1359582A70A8B8503C569623EE90C18C6B33542796207,Tester/logs/20261010.log,3013950,2026-06-01,10:50,B152PR,"NF	0	18:16:49.648	Core 04	2026.06.01 10:50:08   [SRJ-IND] B152PR sym=USDJPY bar=2026.06.01 10:45 z1=65,B,156.672,156.773,2026.05.11 04:10,1,2026.05.12 08:55,157.714,156.726"
577,JUNE0525-B157,1617DC1ACCE6B50ED2D1359582A70A8B8503C569623EE90C18C6B33542796207,Tester/logs/20261010.log,3013951,2026-06-01,10:50,B152PR,"NL	0	18:16:49.648	Core 04	2026.06.01 10:50:08   [SRJ-IND] B152PR sym=USDJPY bar=2026.06.01 10:45 z1=78,B,156.578,156.584,2026.05.11 00:35,1,2026.05.11 00:40,156.644,156.537"
578,JUNE0525-B157,1617DC1ACCE6B50ED2D1359582A70A8B8503C569623EE90C18C6B33542796207,Tester/logs/20261010.log,3013952,2026-06-01,10:50,B152PR,"LP	0	18:16:49.648	Core 04	2026.06.01 10:50:08   [SRJ-IND] B152PR sym=USDJPY bar=2026.06.01 10:45 z1=212,B,157.028,157.060,2026.05.11 19:20,1,2026.05.12 00:00,157.152,157.050"
579,JUNE0525-B157,1617DC1ACCE6B50ED2D1359582A70A8B8503C569623EE90C18C6B33542796207,Tester/logs/20261010.log,3013953,2026-06-01,10:50,B152PR,"LJ	0	18:16:49.648	Core 04	2026.06.01 10:50:08   [SRJ-IND] B152PR sym=USDJPY bar=2026.06.01 10:45 z1=256,B,157.172,157.178,2026.05.12 01:25,1,2026.05.12 08:55,157.714,156.726"
580,JUNE0525-B157,1617DC1ACCE6B50ED2D1359582A70A8B8503C569623EE90C18C6B33542796207,Tester/logs/20261010.log,3013954,2026-06-01,10:50,B152PR,"FL	0	18:16:49.648	Core 04	2026.06.01 10:50:08   [SRJ-IND] B152PR sym=USDJPY bar=2026.06.01 10:45 z1=261,B,157.184,157.192,2026.05.12 03:00,1,2026.05.12 08:55,157.714,156.726"
581,JUNE0525-B157,1617DC1ACCE6B50ED2D1359582A70A8B8503C569623EE90C18C6B33542796207,Tester/logs/20261010.log,3013955,2026-06-01,10:50,B152PR,"RF	0	18:16:49.648	Core 04	2026.06.01 10:50:08   [SRJ-IND] B152PR sym=USDJPY bar=2026.06.01 10:45 z1=313,B,157.331,157.497,2026.05.12 10:00,1,2026.05.12 10:10,157.546,157.487"
582,JUNE0525-B157,1617DC1ACCE6B50ED2D1359582A70A8B8503C569623EE90C18C6B33542796207,Tester/logs/20261010.log,3013956,2026-06-01,10:50,B152PR,"KH	0	18:16:49.648	Core 04	2026.06.01 10:50:08   [SRJ-IND] B152PR sym=USDJPY bar=2026.06.01 10:45 z1=414,B,157.517,157.589,2026.05.13 01:10,1,2026.05.13 01:20,157.607,157.587"
583,JUNE0525-B157,1617DC1ACCE6B50ED2D1359582A70A8B8503C569623EE90C18C6B33542796207,Tester/logs/20261010.log,3013957,2026-06-01,10:50,B152PR,"HR	0	18:16:49.648	Core 04	2026.06.01 10:50:08   [SRJ-IND] B152PR sym=USDJPY bar=2026.06.01 10:45 z1=447,B,157.562,157.648,2026.05.13 06:20,1,2026.05.13 06:25,157.662,157.648"
584,JUNE0525-B157,1617DC1ACCE6B50ED2D1359582A70A8B8503C569623EE90C18C6B33542796207,Tester/logs/20261010.log,3013958,2026-06-01,10:50,B152PR,"GD	0	18:16:49.648	Core 04	2026.06.01 10:50:08   [SRJ-IND] B152PR sym=USDJPY bar=2026.06.01 10:45 z1=449,B,157.599,157.654,2026.05.13 05:15,1,2026.05.13 05:45,157.687,157.652"
585,JUNE0525-B157,1617DC1ACCE6B50ED2D1359582A70A8B8503C569623EE90C18C6B33542796207,Tester/logs/20261010.log,3013959,2026-06-01,10:50,B152PR,"RN	0	18:16:49.648	Core 04	2026.06.01 10:50:08   [SRJ-IND] B152PR sym=USDJPY bar=2026.06.01 10:45 z1=460,B,157.645,157.660,2026.05.13 07:05,1,2026.05.14 00:25,157.812,157.650"
586,JUNE0525-B157,1617DC1ACCE6B50ED2D1359582A70A8B8503C569623EE90C18C6B33542796207,Tester/logs/20261010.log,3013960,2026-06-01,10:50,B152PR,"JS	0	18:16:49.648	Core 04	2026.06.01 10:50:08   [SRJ-IND] B152PR sym=USDJPY bar=2026.06.01 10:45 z1=696,B,157.568,158.167,2026.05.14 18:05,1,2026.05.14 18:10,158.191,158.119"
587,JUNE0525-B157,1617DC1ACCE6B50ED2D1359582A70A8B8503C569623EE90C18C6B33542796207,Tester/logs/20261010.log,3013961,2026-06-01,10:50,B152PR,"RE	0	18:16:49.648	Core 04	2026.06.01 10:50:08   [SRJ-IND] B152PR sym=USDJPY bar=2026.06.01 10:45 z1=714,B,158.107,158.142,2026.05.14 19:30,1,2026.05.14 20:00,158.169,158.142"
588,JUNE0525-B157,1617DC1ACCE6B50ED2D1359582A70A8B8503C569623EE90C18C6B33542796207,Tester/logs/20261010.log,3013962,2026-06-01,10:50,B152PR,"KL	0	18:16:49.648	Core 04	2026.06.01 10:50:08   [SRJ-IND] B152PR sym=USDJPY bar=2026.06.01 10:45 z1=1405,B,158.735,158.769,2026.05.20 19:00,1,2026.05.20 19:05,158.816,158.753"
589,JUNE0525-B157,1617DC1ACCE6B50ED2D1359582A70A8B8503C569623EE90C18C6B33542796207,Tester/logs/20261010.log,3013963,2026-06-01,10:50,B152PR,"IR	0	18:16:49.648	Core 04	2026.06.01 10:50:08   [SRJ-IND] B152PR sym=USDJPY bar=2026.06.01 10:45 z1=1779,B,158.756,158.800,2026.05.25 06:45,1,2026.05.26 00:00,158.887,158.784"
590,JUNE0525-B157,1617DC1ACCE6B50ED2D1359582A70A8B8503C569623EE90C18C6B33542796207,Tester/logs/20261010.log,3013964,2026-06-01,10:50,B152PR,"DH	0	18:16:49.648	Core 04	2026.06.01 10:50:08   [SRJ-IND] B152PR sym=USDJPY bar=2026.06.01 10:45 z1=1780,B,158.789,158.814,2026.05.25 04:50,1,2026.05.26 00:00,158.887,158.784"
591,JUNE0525-B157,1617DC1ACCE6B50ED2D1359582A70A8B8503C569623EE90C18C6B33542796207,Tester/logs/20261010.log,3013965,2026-06-01,10:50,B152PR,"MN	0	18:16:49.648	Core 04	2026.06.01 10:50:08   [SRJ-IND] B152PR sym=USDJPY bar=2026.06.01 10:45 z1=1949,B,158.916,158.934,2026.05.26 07:25,1,2026.05.26 07:30,158.942,158.934"
592,JUNE0525-B157,1617DC1ACCE6B50ED2D1359582A70A8B8503C569623EE90C18C6B33542796207,Tester/logs/20261010.log,3013966,2026-06-01,10:50,B152PR,"HE	0	18:16:49.648	Core 04	2026.06.01 10:50:08   [SRJ-IND] B152PR sym=USDJPY bar=2026.06.01 10:45 z1=2271,S,159.524,159.574,2026.05.28 09:40,1,2026.05.28 11:25,159.524,159.488"
593,JUNE0525-B157,1617DC1ACCE6B50ED2D1359582A70A8B8503C569623EE90C18C6B33542796207,Tester/logs/20261010.log,3013967,2026-06-01,10:50,B152PR,"MK	0	18:16:49.648	Core 04	2026.06.01 10:50:08   [SRJ-IND] B152PR sym=USDJPY bar=2026.06.01 10:45 z1=2277,S,159.551,159.575,2026.05.28 08:40,1,2026.05.28 08:50,159.556,159.541"
594,JUNE0525-B157,1617DC1ACCE6B50ED2D1359582A70A8B8503C569623EE90C18C6B33542796207,Tester/logs/20261010.log,3013968,2026-06-01,10:50,B152PR,"RQ	0	18:16:49.648	Core 04	2026.06.01 10:50:08   [SRJ-IND] B152PR sym=USDJPY bar=2026.06.01 10:45 z1=2299,S,159.488,159.524,2026.05.28 11:45,1,2026.05.28 17:00,159.491,159.448"
595,JUNE0525-B157,1617DC1ACCE6B50ED2D1359582A70A8B8503C569623EE90C18C6B33542796207,Tester/logs/20261010.log,3013969,2026-06-01,10:50,B152PR,"DF	0	18:16:49.648	Core 04	2026.06.01 10:50:08   [SRJ-IND] B152PR sym=USDJPY bar=2026.06.01 10:45 z1=2509,B,159.134,159.195,2026.05.29 19:10,1,2026.05.29 19:35,159.215,159.186"
596,JUNE0525-B157,1617DC1ACCE6B50ED2D1359582A70A8B8503C569623EE90C18C6B33542796207,Tester/logs/20261010.log,3013970,2026-06-01,10:50,B152PR,"GM	0	18:16:49.648	Core 04	2026.06.01 10:50:08   [SRJ-IND] B152PR sym=USDJPY bar=2026.06.01 10:45 z1=2585,S,159.485,159.494,2026.06.01 06:00,1,2026.06.01 09:15,159.486,159.466"
597,JUNE0525-B157,1617DC1ACCE6B50ED2D1359582A70A8B8503C569623EE90C18C6B33542796207,Tester/logs/20261010.log,3013971,2026-06-01,10:50,B152PR,"IP	0	18:16:49.648	Core 04	2026.06.01 10:50:08   [SRJ-IND] B152PR sym=USDJPY bar=2026.06.01 10:45 bull=1 bear=1 nz=21"
598,JUNE0525-B157,1617DC1ACCE6B50ED2D1359582A70A8B8503C569623EE90C18C6B33542796207,Tester/logs/20261010.log,3013976,2026-06-01,10:50,FRESHSKIP,"GO	0	18:16:49.648	Core 04	2026.06.01 10:50:08   [SRJ-EA] FRESHSKIP bar=2026.06.01 10:45 dir=LONG state=S3_ZONE_WAIT poi=Monthly-VWAP reason=PRE_BINDING"
599,JUNE0525-B157,1617DC1ACCE6B50ED2D1359582A70A8B8503C569623EE90C18C6B33542796207,Tester/logs/20261010.log,3014105,2026-06-01,10:50,CQDRECHECK,"HI	0	18:16:49.648	Core 04	2026.06.01 10:50:08   [SRJ-EA] CQDRECHECK shift=2 passA=-1.0 passB=-1.0 diff=0 bar=2026.06.01 10:40 state=S3_ZONE_WAIT dir=LONG divLatch=0 hit1=0 hit2=375 mism=0"
600,JUNE0525-B157,1617DC1ACCE6B50ED2D1359582A70A8B8503C569623EE90C18C6B33542796207,Tester/logs/20261010.log,3014112,2026-06-01,10:50,CONFIRMPOLL,"QN	0	18:16:49.648	Core 04	2026.06.01 10:50:08   [SRJ-EA] CONFIRMPOLL bar=2026.06.01 10:45 anchor=Monthly-VWAP dir=LONG oppCandle=0 bodyDir=0 body=0pts doji=1 touchAttr=0 confirm=0 shadow=true"
601,JUNE0525-B157,1617DC1ACCE6B50ED2D1359582A70A8B8503C569623EE90C18C6B33542796207,Tester/logs/20261010.log,3014116,2026-06-01,10:50,XOBPROMO,"GJ	0	18:16:49.648	Core 04	2026.06.01 10:50:08   [SRJ-EA] XOBPROMO bar=2026.06.01 10:45 site=S3PICK xobId=2617 raw=1780310700.0 promoT=2026.06.01 10:45"
602,JUNE0525-B157,1617DC1ACCE6B50ED2D1359582A70A8B8503C569623EE90C18C6B33542796207,Tester/logs/20261010.log,3014117,2026-06-01,10:50,ZONEPICK,"JM	0	18:16:49.648	Core 04	2026.06.01 10:50:08   [SRJ-EA] ZONEPICK bar=2026.06.01 10:45 dir=LONG haveFvg=0 fvgInPlay=0 haveXob=1 xobInPlay=1 downgraded=0 fvg=--- xob=159.443-159.462"
603,JUNE0525-B157,1617DC1ACCE6B50ED2D1359582A70A8B8503C569623EE90C18C6B33542796207,Tester/logs/20261010.log,3014126,2026-06-01,10:50,INPLAYCOMMIT,"LJ	0	18:16:49.648	Core 04	2026.06.01 10:50:08   [SRJ-EA] INPLAYCOMMIT bar=2026.06.01 10:45 dir=LONG zoneSrc=XOB zoneLo=159.443 zoneHi=159.462 promoT=2026.06.01 10:45 applied=1 bounded=1 scanned=2 swings=1 hits=1 firstShift=2 firstVal=159.443 commitVia=SWING legacy=1 legacyVia=SWING1 committed=1 changed=0 haveStop=1"
604,JUNE0525-B157,1617DC1ACCE6B50ED2D1359582A70A8B8503C569623EE90C18C6B33542796207,Tester/logs/20261010.log,3014127,2026-06-01,10:50,STATE,"GL	0	18:16:49.648	Core 04	2026.06.01 10:50:08   [SRJ-EA] 2026.06.01 10:50:08 STATE S3_ZONE_WAIT->S4_ARMED dir=LONG poi=Monthly-VWAP"
605,JUNE0525-B157,1617DC1ACCE6B50ED2D1359582A70A8B8503C569623EE90C18C6B33542796207,Tester/logs/20261010.log,3014137,2026-06-01,10:55,B152PR,"NE	0	18:16:49.648	Core 04	2026.06.01 10:55:03   [SRJ-IND] B152PR sym=USDJPY bar=2026.06.01 10:50 z1=65,B,156.672,156.773,2026.05.11 04:10,1,2026.05.12 08:55,157.714,156.726"
606,JUNE0525-B157,1617DC1ACCE6B50ED2D1359582A70A8B8503C569623EE90C18C6B33542796207,Tester/logs/20261010.log,3014138,2026-06-01,10:55,B152PR,"NK	0	18:16:49.648	Core 04	2026.06.01 10:55:03   [SRJ-IND] B152PR sym=USDJPY bar=2026.06.01 10:50 z1=78,B,156.578,156.584,2026.05.11 00:35,1,2026.05.11 00:40,156.644,156.537"
607,JUNE0525-B157,1617DC1ACCE6B50ED2D1359582A70A8B8503C569623EE90C18C6B33542796207,Tester/logs/20261010.log,3014139,2026-06-01,10:55,B152PR,"LR	0	18:16:49.648	Core 04	2026.06.01 10:55:03   [SRJ-IND] B152PR sym=USDJPY bar=2026.06.01 10:50 z1=212,B,157.028,157.060,2026.05.11 19:20,1,2026.05.12 00:00,157.152,157.050"
608,JUNE0525-B157,1617DC1ACCE6B50ED2D1359582A70A8B8503C569623EE90C18C6B33542796207,Tester/logs/20261010.log,3014140,2026-06-01,10:55,B152PR,"PD	0	18:16:49.648	Core 04	2026.06.01 10:55:03   [SRJ-IND] B152PR sym=USDJPY bar=2026.06.01 10:50 z1=256,B,157.172,157.178,2026.05.12 01:25,1,2026.05.12 08:55,157.714,156.726"
609,JUNE0525-B157,1617DC1ACCE6B50ED2D1359582A70A8B8503C569623EE90C18C6B33542796207,Tester/logs/20261010.log,3014141,2026-06-01,10:55,B152PR,"FN	0	18:16:49.648	Core 04	2026.06.01 10:55:03   [SRJ-IND] B152PR sym=USDJPY bar=2026.06.01 10:50 z1=261,B,157.184,157.192,2026.05.12 03:00,1,2026.05.12 08:55,157.714,156.726"
610,JUNE0525-B157,1617DC1ACCE6B50ED2D1359582A70A8B8503C569623EE90C18C6B33542796207,Tester/logs/20261010.log,3014142,2026-06-01,10:55,B152PR,"FS	0	18:16:49.648	Core 04	2026.06.01 10:55:03   [SRJ-IND] B152PR sym=USDJPY bar=2026.06.01 10:50 z1=313,B,157.331,157.497,2026.05.12 10:00,1,2026.05.12 10:10,157.546,157.487"
611,JUNE0525-B157,1617DC1ACCE6B50ED2D1359582A70A8B8503C569623EE90C18C6B33542796207,Tester/logs/20261010.log,3014143,2026-06-01,10:55,B152PR,"KE	0	18:16:49.648	Core 04	2026.06.01 10:55:03   [SRJ-IND] B152PR sym=USDJPY bar=2026.06.01 10:50 z1=414,B,157.517,157.589,2026.05.13 01:10,1,2026.05.13 01:20,157.607,157.587"
612,JUNE0525-B157,1617DC1ACCE6B50ED2D1359582A70A8B8503C569623EE90C18C6B33542796207,Tester/logs/20261010.log,3014144,2026-06-01,10:55,B152PR,"DO	0	18:16:49.648	Core 04	2026.06.01 10:55:03   [SRJ-IND] B152PR sym=USDJPY bar=2026.06.01 10:50 z1=447,B,157.562,157.648,2026.05.13 06:20,1,2026.05.13 06:25,157.662,157.648"
613,JUNE0525-B157,1617DC1ACCE6B50ED2D1359582A70A8B8503C569623EE90C18C6B33542796207,Tester/logs/20261010.log,3014145,2026-06-01,10:55,B152PR,"GQ	0	18:16:49.648	Core 04	2026.06.01 10:55:03   [SRJ-IND] B152PR sym=USDJPY bar=2026.06.01 10:50 z1=449,B,157.599,157.654,2026.05.13 05:15,1,2026.05.13 05:45,157.687,157.652"
614,JUNE0525-B157,1617DC1ACCE6B50ED2D1359582A70A8B8503C569623EE90C18C6B33542796207,Tester/logs/20261010.log,3014146,2026-06-01,10:55,B152PR,"FK	0	18:16:49.648	Core 04	2026.06.01 10:55:03   [SRJ-IND] B152PR sym=USDJPY bar=2026.06.01 10:50 z1=460,B,157.645,157.660,2026.05.13 07:05,1,2026.05.14 00:25,157.812,157.650"
615,JUNE0525-B157,1617DC1ACCE6B50ED2D1359582A70A8B8503C569623EE90C18C6B33542796207,Tester/logs/20261010.log,3014147,2026-06-01,10:55,B152PR,"JM	0	18:16:49.648	Core 04	2026.06.01 10:55:03   [SRJ-IND] B152PR sym=USDJPY bar=2026.06.01 10:50 z1=696,B,157.568,158.167,2026.05.14 18:05,1,2026.05.14 18:10,158.191,158.119"
616,JUNE0525-B157,1617DC1ACCE6B50ED2D1359582A70A8B8503C569623EE90C18C6B33542796207,Tester/logs/20261010.log,3014148,2026-06-01,10:55,B152PR,"NG	0	18:16:49.648	Core 04	2026.06.01 10:55:03   [SRJ-IND] B152PR sym=USDJPY bar=2026.06.01 10:50 z1=714,B,158.107,158.142,2026.05.14 19:30,1,2026.05.14 20:00,158.169,158.142"
617,JUNE0525-B157,1617DC1ACCE6B50ED2D1359582A70A8B8503C569623EE90C18C6B33542796207,Tester/logs/20261010.log,3014149,2026-06-01,10:55,B152PR,"KJ	0	18:16:49.648	Core 04	2026.06.01 10:55:03   [SRJ-IND] B152PR sym=USDJPY bar=2026.06.01 10:50 z1=1405,B,158.735,158.769,2026.05.20 19:00,1,2026.05.20 19:05,158.816,158.753"
618,JUNE0525-B157,1617DC1ACCE6B50ED2D1359582A70A8B8503C569623EE90C18C6B33542796207,Tester/logs/20261010.log,3014150,2026-06-01,10:55,B152PR,"IP	0	18:16:49.648	Core 04	2026.06.01 10:55:03   [SRJ-IND] B152PR sym=USDJPY bar=2026.06.01 10:50 z1=1779,B,158.756,158.800,2026.05.25 06:45,1,2026.05.26 00:00,158.887,158.784"
619,JUNE0525-B157,1617DC1ACCE6B50ED2D1359582A70A8B8503C569623EE90C18C6B33542796207,Tester/logs/20261010.log,3014151,2026-06-01,10:55,B152PR,"DF	0	18:16:49.648	Core 04	2026.06.01 10:55:03   [SRJ-IND] B152PR sym=USDJPY bar=2026.06.01 10:50 z1=1780,B,158.789,158.814,2026.05.25 04:50,1,2026.05.26 00:00,158.887,158.784"
620,JUNE0525-B157,1617DC1ACCE6B50ED2D1359582A70A8B8503C569623EE90C18C6B33542796207,Tester/logs/20261010.log,3014152,2026-06-01,10:55,B152PR,"ML	0	18:16:49.648	Core 04	2026.06.01 10:55:03   [SRJ-IND] B152PR sym=USDJPY bar=2026.06.01 10:50 z1=1949,B,158.916,158.934,2026.05.26 07:25,1,2026.05.26 07:30,158.942,158.934"
621,JUNE0525-B157,1617DC1ACCE6B50ED2D1359582A70A8B8503C569623EE90C18C6B33542796207,Tester/logs/20261010.log,3014153,2026-06-01,10:55,B152PR,"HS	0	18:16:49.648	Core 04	2026.06.01 10:55:03   [SRJ-IND] B152PR sym=USDJPY bar=2026.06.01 10:50 z1=2271,S,159.524,159.574,2026.05.28 09:40,1,2026.05.28 11:25,159.524,159.488"
622,JUNE0525-B157,1617DC1ACCE6B50ED2D1359582A70A8B8503C569623EE90C18C6B33542796207,Tester/logs/20261010.log,3014154,2026-06-01,10:55,B152PR,"MI	0	18:16:49.648	Core 04	2026.06.01 10:55:03   [SRJ-IND] B152PR sym=USDJPY bar=2026.06.01 10:50 z1=2277,S,159.551,159.575,2026.05.28 08:40,1,2026.05.28 08:50,159.556,159.541"
623,JUNE0525-B157,1617DC1ACCE6B50ED2D1359582A70A8B8503C569623EE90C18C6B33542796207,Tester/logs/20261010.log,3014155,2026-06-01,10:55,B152PR,"RO	0	18:16:49.648	Core 04	2026.06.01 10:55:03   [SRJ-IND] B152PR sym=USDJPY bar=2026.06.01 10:50 z1=2299,S,159.488,159.524,2026.05.28 11:45,1,2026.05.28 17:00,159.491,159.448"
624,JUNE0525-B157,1617DC1ACCE6B50ED2D1359582A70A8B8503C569623EE90C18C6B33542796207,Tester/logs/20261010.log,3014156,2026-06-01,10:55,B152PR,"DD	0	18:16:49.648	Core 04	2026.06.01 10:55:03   [SRJ-IND] B152PR sym=USDJPY bar=2026.06.01 10:50 z1=2509,B,159.134,159.195,2026.05.29 19:10,1,2026.05.29 19:35,159.215,159.186"
625,JUNE0525-B157,1617DC1ACCE6B50ED2D1359582A70A8B8503C569623EE90C18C6B33542796207,Tester/logs/20261010.log,3014157,2026-06-01,10:55,B152PR,"GK	0	18:16:49.648	Core 04	2026.06.01 10:55:03   [SRJ-IND] B152PR sym=USDJPY bar=2026.06.01 10:50 z1=2585,S,159.485,159.494,2026.06.01 06:00,1,2026.06.01 09:15,159.486,159.466"
626,JUNE0525-B157,1617DC1ACCE6B50ED2D1359582A70A8B8503C569623EE90C18C6B33542796207,Tester/logs/20261010.log,3014158,2026-06-01,10:55,B152PR,"IR	0	18:16:49.648	Core 04	2026.06.01 10:55:03   [SRJ-IND] B152PR sym=USDJPY bar=2026.06.01 10:50 bull=1 bear=1 nz=21"
627,JUNE0525-B157,1617DC1ACCE6B50ED2D1359582A70A8B8503C569623EE90C18C6B33542796207,Tester/logs/20261010.log,3014292,2026-06-01,10:55,CQDRECHECK,"DN	0	18:16:49.648	Core 04	2026.06.01 10:55:03   [SRJ-EA] CQDRECHECK shift=2 passA=-1.0 passB=-1.0 diff=0 bar=2026.06.01 10:45 state=S4_ARMED dir=LONG divLatch=0 hit1=0 hit2=376 mism=0"
628,JUNE0525-B157,1617DC1ACCE6B50ED2D1359582A70A8B8503C569623EE90C18C6B33542796207,Tester/logs/20261010.log,3014299,2026-06-01,10:55,CONFIRMPOLL,"GP	0	18:16:49.648	Core 04	2026.06.01 10:55:03   [SRJ-EA] CONFIRMPOLL bar=2026.06.01 10:50 anchor=Monthly-VWAP dir=LONG oppCandle=0 bodyDir=1 body=6pts doji=0 touchAttr=0 confirm=0 shadow=true"
629,JUNE0525-B157,1617DC1ACCE6B50ED2D1359582A70A8B8503C569623EE90C18C6B33542796207,Tester/logs/20261010.log,3014307,2026-06-01,11:00,B152PR,"EK	0	18:16:49.648	Core 04	2026.06.01 11:00:00   [SRJ-IND] B152PR sym=USDJPY bar=2026.06.01 10:55 z1=65,B,156.672,156.773,2026.05.11 04:10,1,2026.05.12 08:55,157.714,156.726"
630,JUNE0525-B157,1617DC1ACCE6B50ED2D1359582A70A8B8503C569623EE90C18C6B33542796207,Tester/logs/20261010.log,3014308,2026-06-01,11:00,B152PR,"MN	0	18:16:49.648	Core 04	2026.06.01 11:00:00   [SRJ-IND] B152PR sym=USDJPY bar=2026.06.01 10:55 z1=78,B,156.578,156.584,2026.05.11 00:35,1,2026.05.11 00:40,156.644,156.537"
631,JUNE0525-B157,1617DC1ACCE6B50ED2D1359582A70A8B8503C569623EE90C18C6B33542796207,Tester/logs/20261010.log,3014309,2026-06-01,11:00,B152PR,"CG	0	18:16:49.648	Core 04	2026.06.01 11:00:00   [SRJ-IND] B152PR sym=USDJPY bar=2026.06.01 10:55 z1=212,B,157.028,157.060,2026.05.11 19:20,1,2026.05.12 00:00,157.152,157.050"
632,JUNE0525-B157,1617DC1ACCE6B50ED2D1359582A70A8B8503C569623EE90C18C6B33542796207,Tester/logs/20261010.log,3014310,2026-06-01,11:00,B152PR,"CI	0	18:16:49.648	Core 04	2026.06.01 11:00:00   [SRJ-IND] B152PR sym=USDJPY bar=2026.06.01 10:55 z1=256,B,157.172,157.178,2026.05.12 01:25,1,2026.05.12 08:55,157.714,156.726"
633,JUNE0525-B157,1617DC1ACCE6B50ED2D1359582A70A8B8503C569623EE90C18C6B33542796207,Tester/logs/20261010.log,3014311,2026-06-01,11:00,B152PR,"ES	0	18:16:49.648	Core 04	2026.06.01 11:00:00   [SRJ-IND] B152PR sym=USDJPY bar=2026.06.01 10:55 z1=261,B,157.184,157.192,2026.05.12 03:00,1,2026.05.12 08:55,157.714,156.726"
634,JUNE0525-B157,1617DC1ACCE6B50ED2D1359582A70A8B8503C569623EE90C18C6B33542796207,Tester/logs/20261010.log,3014312,2026-06-01,11:00,B152PR,"QE	0	18:16:49.648	Core 04	2026.06.01 11:00:00   [SRJ-IND] B152PR sym=USDJPY bar=2026.06.01 10:55 z1=313,B,157.331,157.497,2026.05.12 10:00,1,2026.05.12 10:10,157.546,157.487"
635,JUNE0525-B157,1617DC1ACCE6B50ED2D1359582A70A8B8503C569623EE90C18C6B33542796207,Tester/logs/20261010.log,3014313,2026-06-01,11:00,B152PR,"DO	0	18:16:49.648	Core 04	2026.06.01 11:00:00   [SRJ-IND] B152PR sym=USDJPY bar=2026.06.01 10:55 z1=414,B,157.517,157.589,2026.05.13 01:10,1,2026.05.13 01:20,157.607,157.587"
636,JUNE0525-B157,1617DC1ACCE6B50ED2D1359582A70A8B8503C569623EE90C18C6B33542796207,Tester/logs/20261010.log,3014314,2026-06-01,11:00,B152PR,"OQ	0	18:16:49.648	Core 04	2026.06.01 11:00:00   [SRJ-IND] B152PR sym=USDJPY bar=2026.06.01 10:55 z1=447,B,157.562,157.648,2026.05.13 06:20,1,2026.05.13 06:25,157.662,157.648"
637,JUNE0525-B157,1617DC1ACCE6B50ED2D1359582A70A8B8503C569623EE90C18C6B33542796207,Tester/logs/20261010.log,3014315,2026-06-01,11:00,B152PR,"HJ	0	18:16:49.648	Core 04	2026.06.01 11:00:00   [SRJ-IND] B152PR sym=USDJPY bar=2026.06.01 10:55 z1=449,B,157.599,157.654,2026.05.13 05:15,1,2026.05.13 05:45,157.687,157.652"
638,JUNE0525-B157,1617DC1ACCE6B50ED2D1359582A70A8B8503C569623EE90C18C6B33542796207,Tester/logs/20261010.log,3014316,2026-06-01,11:00,B152PR,"QL	0	18:16:49.648	Core 04	2026.06.01 11:00:00   [SRJ-IND] B152PR sym=USDJPY bar=2026.06.01 10:55 z1=460,B,157.645,157.660,2026.05.13 07:05,1,2026.05.14 00:25,157.812,157.650"
639,JUNE0525-B157,1617DC1ACCE6B50ED2D1359582A70A8B8503C569623EE90C18C6B33542796207,Tester/logs/20261010.log,3014317,2026-06-01,11:00,B152PR,"QF	0	18:16:49.648	Core 04	2026.06.01 11:00:00   [SRJ-IND] B152PR sym=USDJPY bar=2026.06.01 10:55 z1=696,B,157.568,158.167,2026.05.14 18:05,1,2026.05.14 18:10,158.191,158.119"
640,JUNE0525-B157,1617DC1ACCE6B50ED2D1359582A70A8B8503C569623EE90C18C6B33542796207,Tester/logs/20261010.log,3014318,2026-06-01,11:00,B152PR,"IH	0	18:16:49.648	Core 04	2026.06.01 11:00:00   [SRJ-IND] B152PR sym=USDJPY bar=2026.06.01 10:55 z1=714,B,158.107,158.142,2026.05.14 19:30,1,2026.05.14 20:00,158.169,158.142"
641,JUNE0525-B157,1617DC1ACCE6B50ED2D1359582A70A8B8503C569623EE90C18C6B33542796207,Tester/logs/20261010.log,3014319,2026-06-01,11:00,B152PR,"LQ	0	18:16:49.648	Core 04	2026.06.01 11:00:00   [SRJ-IND] B152PR sym=USDJPY bar=2026.06.01 10:55 z1=1405,B,158.735,158.769,2026.05.20 19:00,1,2026.05.20 19:05,158.816,158.753"
642,JUNE0525-B157,1617DC1ACCE6B50ED2D1359582A70A8B8503C569623EE90C18C6B33542796207,Tester/logs/20261010.log,3014320,2026-06-01,11:00,B152PR,"JG	0	18:16:49.648	Core 04	2026.06.01 11:00:00   [SRJ-IND] B152PR sym=USDJPY bar=2026.06.01 10:55 z1=1779,B,158.756,158.800,2026.05.25 06:45,1,2026.05.26 00:00,158.887,158.784"
643,JUNE0525-B157,1617DC1ACCE6B50ED2D1359582A70A8B8503C569623EE90C18C6B33542796207,Tester/logs/20261010.log,3014321,2026-06-01,11:00,B152PR,"CM	0	18:16:49.648	Core 04	2026.06.01 11:00:00   [SRJ-IND] B152PR sym=USDJPY bar=2026.06.01 10:55 z1=1780,B,158.789,158.814,2026.05.25 04:50,1,2026.05.26 00:00,158.887,158.784"
644,JUNE0525-B157,1617DC1ACCE6B50ED2D1359582A70A8B8503C569623EE90C18C6B33542796207,Tester/logs/20261010.log,3014322,2026-06-01,11:00,B152PR,"NS	0	18:16:49.648	Core 04	2026.06.01 11:00:00   [SRJ-IND] B152PR sym=USDJPY bar=2026.06.01 10:55 z1=1949,B,158.916,158.934,2026.05.26 07:25,1,2026.05.26 07:30,158.942,158.934"
645,JUNE0525-B157,1617DC1ACCE6B50ED2D1359582A70A8B8503C569623EE90C18C6B33542796207,Tester/logs/20261010.log,3014323,2026-06-01,11:00,B152PR,"GH	0	18:16:49.648	Core 04	2026.06.01 11:00:00   [SRJ-IND] B152PR sym=USDJPY bar=2026.06.01 10:55 z1=2271,S,159.524,159.574,2026.05.28 09:40,1,2026.05.28 11:25,159.524,159.488"
646,JUNE0525-B157,1617DC1ACCE6B50ED2D1359582A70A8B8503C569623EE90C18C6B33542796207,Tester/logs/20261010.log,3014324,2026-06-01,11:00,B152PR,"NN	0	18:16:49.648	Core 04	2026.06.01 11:00:00   [SRJ-IND] B152PR sym=USDJPY bar=2026.06.01 10:55 z1=2277,S,159.551,159.575,2026.05.28 08:40,1,2026.05.28 08:50,159.556,159.541"
647,JUNE0525-B157,1617DC1ACCE6B50ED2D1359582A70A8B8503C569623EE90C18C6B33542796207,Tester/logs/20261010.log,3014325,2026-06-01,11:00,B152PR,"QD	0	18:16:49.648	Core 04	2026.06.01 11:00:00   [SRJ-IND] B152PR sym=USDJPY bar=2026.06.01 10:55 z1=2299,S,159.488,159.524,2026.05.28 11:45,1,2026.05.28 17:00,159.491,159.448"
648,JUNE0525-B157,1617DC1ACCE6B50ED2D1359582A70A8B8503C569623EE90C18C6B33542796207,Tester/logs/20261010.log,3014326,2026-06-01,11:00,B152PR,"CK	0	18:16:49.648	Core 04	2026.06.01 11:00:00   [SRJ-IND] B152PR sym=USDJPY bar=2026.06.01 10:55 z1=2509,B,159.134,159.195,2026.05.29 19:10,1,2026.05.29 19:35,159.215,159.186"
649,JUNE0525-B157,1617DC1ACCE6B50ED2D1359582A70A8B8503C569623EE90C18C6B33542796207,Tester/logs/20261010.log,3014327,2026-06-01,11:00,B152PR,"HP	0	18:16:49.648	Core 04	2026.06.01 11:00:00   [SRJ-IND] B152PR sym=USDJPY bar=2026.06.01 10:55 z1=2585,S,159.485,159.494,2026.06.01 06:00,1,2026.06.01 09:15,159.486,159.466"
650,JUNE0525-B157,1617DC1ACCE6B50ED2D1359582A70A8B8503C569623EE90C18C6B33542796207,Tester/logs/20261010.log,3014328,2026-06-01,11:00,B152PR,"JE	0	18:16:49.648	Core 04	2026.06.01 11:00:00   [SRJ-IND] B152PR sym=USDJPY bar=2026.06.01 10:55 bull=1 bear=1 nz=21"
651,JUNE0525-B157,1617DC1ACCE6B50ED2D1359582A70A8B8503C569623EE90C18C6B33542796207,Tester/logs/20261010.log,3014460,2026-06-01,11:00,CQDRECHECK,"OH	0	18:16:49.648	Core 04	2026.06.01 11:00:00   [SRJ-EA] CQDRECHECK shift=2 passA=-1.0 passB=-1.0 diff=0 bar=2026.06.01 10:50 state=S4_ARMED dir=LONG divLatch=0 hit1=0 hit2=377 mism=0"
652,JUNE0525-B157,1617DC1ACCE6B50ED2D1359582A70A8B8503C569623EE90C18C6B33542796207,Tester/logs/20261010.log,3014464,2026-06-01,11:00,CONFIRMPOLL,"QH	0	18:16:49.648	Core 04	2026.06.01 11:00:00   [SRJ-EA] CONFIRMPOLL bar=2026.06.01 10:55 anchor=Monthly-VWAP dir=LONG oppCandle=0 bodyDir=0 body=11pts doji=0 touchAttr=0 confirm=0 shadow=true"
653,JUNE0525-B157,1617DC1ACCE6B50ED2D1359582A70A8B8503C569623EE90C18C6B33542796207,Tester/logs/20261010.log,3014472,2026-06-01,11:05,B152PR,"DH	0	18:16:49.648	Core 04	2026.06.01 11:05:01   [SRJ-IND] B152PR sym=USDJPY bar=2026.06.01 11:00 z1=65,B,156.672,156.773,2026.05.11 04:10,1,2026.05.12 08:55,157.714,156.726"
654,JUNE0525-B157,1617DC1ACCE6B50ED2D1359582A70A8B8503C569623EE90C18C6B33542796207,Tester/logs/20261010.log,3014473,2026-06-01,11:05,B152PR,"DN	0	18:16:49.648	Core 04	2026.06.01 11:05:01   [SRJ-IND] B152PR sym=USDJPY bar=2026.06.01 11:00 z1=78,B,156.578,156.584,2026.05.11 00:35,1,2026.05.11 00:40,156.644,156.537"
655,JUNE0525-B157,1617DC1ACCE6B50ED2D1359582A70A8B8503C569623EE90C18C6B33542796207,Tester/logs/20261010.log,3014474,2026-06-01,11:05,B152PR,"FF	0	18:16:49.648	Core 04	2026.06.01 11:05:01   [SRJ-IND] B152PR sym=USDJPY bar=2026.06.01 11:00 z1=212,B,157.028,157.060,2026.05.11 19:20,1,2026.05.12 00:00,157.152,157.050"
656,JUNE0525-B157,1617DC1ACCE6B50ED2D1359582A70A8B8503C569623EE90C18C6B33542796207,Tester/logs/20261010.log,3014475,2026-06-01,11:05,B152PR,"JH	0	18:16:49.648	Core 04	2026.06.01 11:05:01   [SRJ-IND] B152PR sym=USDJPY bar=2026.06.01 11:00 z1=256,B,157.172,157.178,2026.05.12 01:25,1,2026.05.12 08:55,157.714,156.726"
657,JUNE0525-B157,1617DC1ACCE6B50ED2D1359582A70A8B8503C569623EE90C18C6B33542796207,Tester/logs/20261010.log,3014476,2026-06-01,11:05,B152PR,"LR	0	18:16:49.648	Core 04	2026.06.01 11:05:01   [SRJ-IND] B152PR sym=USDJPY bar=2026.06.01 11:00 z1=261,B,157.184,157.192,2026.05.12 03:00,1,2026.05.12 08:55,157.714,156.726"
658,JUNE0525-B157,1617DC1ACCE6B50ED2D1359582A70A8B8503C569623EE90C18C6B33542796207,Tester/logs/20261010.log,3014477,2026-06-01,11:05,B152PR,"LD	0	18:16:49.648	Core 04	2026.06.01 11:05:01   [SRJ-IND] B152PR sym=USDJPY bar=2026.06.01 11:00 z1=313,B,157.331,157.497,2026.05.12 10:00,1,2026.05.12 10:10,157.546,157.487"
659,JUNE0525-B157,1617DC1ACCE6B50ED2D1359582A70A8B8503C569623EE90C18C6B33542796207,Tester/logs/20261010.log,3014478,2026-06-01,11:05,B152PR,"EN	0	18:16:49.648	Core 04	2026.06.01 11:05:01   [SRJ-IND] B152PR sym=USDJPY bar=2026.06.01 11:00 z1=414,B,157.517,157.589,2026.05.13 01:10,1,2026.05.13 01:20,157.607,157.587"
660,JUNE0525-B157,1617DC1ACCE6B50ED2D1359582A70A8B8503C569623EE90C18C6B33542796207,Tester/logs/20261010.log,3014479,2026-06-01,11:05,B152PR,"NP	0	18:16:49.648	Core 04	2026.06.01 11:05:01   [SRJ-IND] B152PR sym=USDJPY bar=2026.06.01 11:00 z1=447,B,157.562,157.648,2026.05.13 06:20,1,2026.05.13 06:25,157.662,157.648"
661,JUNE0525-B157,1617DC1ACCE6B50ED2D1359582A70A8B8503C569623EE90C18C6B33542796207,Tester/logs/20261010.log,3014480,2026-06-01,11:05,B152PR,"QJ	0	18:16:49.648	Core 04	2026.06.01 11:05:01   [SRJ-IND] B152PR sym=USDJPY bar=2026.06.01 11:00 z1=449,B,157.599,157.654,2026.05.13 05:15,1,2026.05.13 05:45,157.687,157.652"
662,JUNE0525-B157,1617DC1ACCE6B50ED2D1359582A70A8B8503C569623EE90C18C6B33542796207,Tester/logs/20261010.log,3014481,2026-06-01,11:05,B152PR,"LO	0	18:16:49.648	Core 04	2026.06.01 11:05:01   [SRJ-IND] B152PR sym=USDJPY bar=2026.06.01 11:00 z1=460,B,157.645,157.660,2026.05.13 07:05,1,2026.05.14 00:25,157.812,157.650"
663,JUNE0525-B157,1617DC1ACCE6B50ED2D1359582A70A8B8503C569623EE90C18C6B33542796207,Tester/logs/20261010.log,3014482,2026-06-01,11:05,B152PR,"PQ	0	18:16:49.648	Core 04	2026.06.01 11:05:01   [SRJ-IND] B152PR sym=USDJPY bar=2026.06.01 11:00 z1=696,B,157.568,158.167,2026.05.14 18:05,1,2026.05.14 18:10,158.191,158.119"
664,JUNE0525-B157,1617DC1ACCE6B50ED2D1359582A70A8B8503C569623EE90C18C6B33542796207,Tester/logs/20261010.log,3014483,2026-06-01,11:05,B152PR,"DK	0	18:16:49.648	Core 04	2026.06.01 11:05:01   [SRJ-IND] B152PR sym=USDJPY bar=2026.06.01 11:00 z1=714,B,158.107,158.142,2026.05.14 19:30,1,2026.05.14 20:00,158.169,158.142"
665,JUNE0525-B157,1617DC1ACCE6B50ED2D1359582A70A8B8503C569623EE90C18C6B33542796207,Tester/logs/20261010.log,3014484,2026-06-01,11:05,B152PR,"EN	0	18:16:49.648	Core 04	2026.06.01 11:05:01   [SRJ-IND] B152PR sym=USDJPY bar=2026.06.01 11:00 z1=1405,B,158.735,158.769,2026.05.20 19:00,1,2026.05.20 19:05,158.816,158.753"
666,JUNE0525-B157,1617DC1ACCE6B50ED2D1359582A70A8B8503C569623EE90C18C6B33542796207,Tester/logs/20261010.log,3014485,2026-06-01,11:05,B152PR,"OD	0	18:16:49.648	Core 04	2026.06.01 11:05:01   [SRJ-IND] B152PR sym=USDJPY bar=2026.06.01 11:00 z1=1779,B,158.756,158.800,2026.05.25 06:45,1,2026.05.26 00:00,158.887,158.784"
667,JUNE0525-B157,1617DC1ACCE6B50ED2D1359582A70A8B8503C569623EE90C18C6B33542796207,Tester/logs/20261010.log,3014486,2026-06-01,11:05,B152PR,"NJ	0	18:16:49.648	Core 04	2026.06.01 11:05:01   [SRJ-IND] B152PR sym=USDJPY bar=2026.06.01 11:00 z1=1780,B,158.789,158.814,2026.05.25 04:50,1,2026.05.26 00:00,158.887,158.784"
668,JUNE0525-B157,1617DC1ACCE6B50ED2D1359582A70A8B8503C569623EE90C18C6B33542796207,Tester/logs/20261010.log,3014487,2026-06-01,11:05,B152PR,"CP	0	18:16:49.648	Core 04	2026.06.01 11:05:01   [SRJ-IND] B152PR sym=USDJPY bar=2026.06.01 11:00 z1=1949,B,158.916,158.934,2026.05.26 07:25,1,2026.05.26 07:30,158.942,158.934"
669,JUNE0525-B157,1617DC1ACCE6B50ED2D1359582A70A8B8503C569623EE90C18C6B33542796207,Tester/logs/20261010.log,3014488,2026-06-01,11:05,B152PR,"RG	0	18:16:49.648	Core 04	2026.06.01 11:05:01   [SRJ-IND] B152PR sym=USDJPY bar=2026.06.01 11:00 z1=2271,S,159.524,159.574,2026.05.28 09:40,1,2026.05.28 11:25,159.524,159.488"
670,JUNE0525-B157,1617DC1ACCE6B50ED2D1359582A70A8B8503C569623EE90C18C6B33542796207,Tester/logs/20261010.log,3014489,2026-06-01,11:05,B152PR,"CM	0	18:16:49.648	Core 04	2026.06.01 11:05:01   [SRJ-IND] B152PR sym=USDJPY bar=2026.06.01 11:00 z1=2277,S,159.551,159.575,2026.05.28 08:40,1,2026.05.28 08:50,159.556,159.541"
671,JUNE0525-B157,1617DC1ACCE6B50ED2D1359582A70A8B8503C569623EE90C18C6B33542796207,Tester/logs/20261010.log,3014490,2026-06-01,11:05,B152PR,"HS	0	18:16:49.648	Core 04	2026.06.01 11:05:01   [SRJ-IND] B152PR sym=USDJPY bar=2026.06.01 11:00 z1=2299,S,159.488,159.524,2026.05.28 11:45,1,2026.05.28 17:00,159.491,159.448"
672,JUNE0525-B157,1617DC1ACCE6B50ED2D1359582A70A8B8503C569623EE90C18C6B33542796207,Tester/logs/20261010.log,3014491,2026-06-01,11:05,B152PR,"NH	0	18:16:49.648	Core 04	2026.06.01 11:05:01   [SRJ-IND] B152PR sym=USDJPY bar=2026.06.01 11:00 z1=2509,B,159.134,159.195,2026.05.29 19:10,1,2026.05.29 19:35,159.215,159.186"
673,JUNE0525-B157,1617DC1ACCE6B50ED2D1359582A70A8B8503C569623EE90C18C6B33542796207,Tester/logs/20261010.log,3014492,2026-06-01,11:05,B152PR,"QO	0	18:16:49.648	Core 04	2026.06.01 11:05:01   [SRJ-IND] B152PR sym=USDJPY bar=2026.06.01 11:00 z1=2585,S,159.485,159.494,2026.06.01 06:00,1,2026.06.01 09:15,159.486,159.466"
674,JUNE0525-B157,1617DC1ACCE6B50ED2D1359582A70A8B8503C569623EE90C18C6B33542796207,Tester/logs/20261010.log,3014493,2026-06-01,11:05,B152PR,"RD	0	18:16:49.648	Core 04	2026.06.01 11:05:01   [SRJ-IND] B152PR sym=USDJPY bar=2026.06.01 11:00 z1=2617,B,159.443,159.462,2026.06.01 10:45,1,2026.06.01 11:00,159.469,159.454"
675,JUNE0525-B157,1617DC1ACCE6B50ED2D1359582A70A8B8503C569623EE90C18C6B33542796207,Tester/logs/20261010.log,3014494,2026-06-01,11:05,B152PR,"RH	0	18:16:49.648	Core 04	2026.06.01 11:05:01   [SRJ-IND] B152PR sym=USDJPY bar=2026.06.01 11:00 bull=1 bear=1 nz=22"
676,JUNE0525-B157,1617DC1ACCE6B50ED2D1359582A70A8B8503C569623EE90C18C6B33542796207,Tester/logs/20261010.log,3014631,2026-06-01,11:05,CONFIRMPOLL,"HF	0	18:16:49.648	Core 04	2026.06.01 11:05:01   [SRJ-EA] CONFIRMPOLL bar=2026.06.01 11:00 anchor=Monthly-VWAP dir=LONG oppCandle=1 bodyDir=1 body=2pts doji=0 touchAttr=0 confirm=0 shadow=true"
677,JUNE0525-B157,1617DC1ACCE6B50ED2D1359582A70A8B8503C569623EE90C18C6B33542796207,Tester/logs/20261010.log,3014640,2026-06-01,11:10,B152PR,"DR	0	18:16:49.648	Core 04	2026.06.01 11:10:02   [SRJ-IND] B152PR sym=USDJPY bar=2026.06.01 11:05 z1=65,B,156.672,156.773,2026.05.11 04:10,1,2026.05.12 08:55,157.714,156.726"
678,JUNE0525-B157,1617DC1ACCE6B50ED2D1359582A70A8B8503C569623EE90C18C6B33542796207,Tester/logs/20261010.log,3014641,2026-06-01,11:10,B152PR,"DH	0	18:16:49.648	Core 04	2026.06.01 11:10:02   [SRJ-IND] B152PR sym=USDJPY bar=2026.06.01 11:05 z1=78,B,156.578,156.584,2026.05.11 00:35,1,2026.05.11 00:40,156.644,156.537"
679,JUNE0525-B157,1617DC1ACCE6B50ED2D1359582A70A8B8503C569623EE90C18C6B33542796207,Tester/logs/20261010.log,3014642,2026-06-01,11:10,B152PR,"FL	0	18:16:49.648	Core 04	2026.06.01 11:10:02   [SRJ-IND] B152PR sym=USDJPY bar=2026.06.01 11:05 z1=212,B,157.028,157.060,2026.05.11 19:20,1,2026.05.12 00:00,157.152,157.050"
680,JUNE0525-B157,1617DC1ACCE6B50ED2D1359582A70A8B8503C569623EE90C18C6B33542796207,Tester/logs/20261010.log,3014643,2026-06-01,11:10,B152PR,"FF	0	18:16:49.648	Core 04	2026.06.01 11:10:02   [SRJ-IND] B152PR sym=USDJPY bar=2026.06.01 11:05 z1=256,B,157.172,157.178,2026.05.12 01:25,1,2026.05.12 08:55,157.714,156.726"
681,JUNE0525-B157,1617DC1ACCE6B50ED2D1359582A70A8B8503C569623EE90C18C6B33542796207,Tester/logs/20261010.log,3014644,2026-06-01,11:10,B152PR,"LH	0	18:16:49.648	Core 04	2026.06.01 11:10:02   [SRJ-IND] B152PR sym=USDJPY bar=2026.06.01 11:05 z1=261,B,157.184,157.192,2026.05.12 03:00,1,2026.05.12 08:55,157.714,156.726"
682,JUNE0525-B157,1617DC1ACCE6B50ED2D1359582A70A8B8503C569623EE90C18C6B33542796207,Tester/logs/20261010.log,3014645,2026-06-01,11:10,B152PR,"HR	0	18:16:49.648	Core 04	2026.06.01 11:10:02   [SRJ-IND] B152PR sym=USDJPY bar=2026.06.01 11:05 z1=313,B,157.331,157.497,2026.05.12 10:00,1,2026.05.12 10:10,157.546,157.487"
683,JUNE0525-B157,1617DC1ACCE6B50ED2D1359582A70A8B8503C569623EE90C18C6B33542796207,Tester/logs/20261010.log,3014646,2026-06-01,11:10,B152PR,"ED	0	18:16:49.648	Core 04	2026.06.01 11:10:02   [SRJ-IND] B152PR sym=USDJPY bar=2026.06.01 11:05 z1=414,B,157.517,157.589,2026.05.13 01:10,1,2026.05.13 01:20,157.607,157.587"
684,JUNE0525-B157,1617DC1ACCE6B50ED2D1359582A70A8B8503C569623EE90C18C6B33542796207,Tester/logs/20261010.log,3014647,2026-06-01,11:10,B152PR,"RN	0	18:16:49.648	Core 04	2026.06.01 11:10:02   [SRJ-IND] B152PR sym=USDJPY bar=2026.06.01 11:05 z1=447,B,157.562,157.648,2026.05.13 06:20,1,2026.05.13 06:25,157.662,157.648"
685,JUNE0525-B157,1617DC1ACCE6B50ED2D1359582A70A8B8503C569623EE90C18C6B33542796207,Tester/logs/20261010.log,3014648,2026-06-01,11:10,B152PR,"QP	0	18:16:49.648	Core 04	2026.06.01 11:10:02   [SRJ-IND] B152PR sym=USDJPY bar=2026.06.01 11:05 z1=449,B,157.599,157.654,2026.05.13 05:15,1,2026.05.13 05:45,157.687,157.652"
686,JUNE0525-B157,1617DC1ACCE6B50ED2D1359582A70A8B8503C569623EE90C18C6B33542796207,Tester/logs/20261010.log,3014649,2026-06-01,11:10,B152PR,"HJ	0	18:16:49.648	Core 04	2026.06.01 11:10:02   [SRJ-IND] B152PR sym=USDJPY bar=2026.06.01 11:05 z1=460,B,157.645,157.660,2026.05.13 07:05,1,2026.05.14 00:25,157.812,157.650"
687,JUNE0525-B157,1617DC1ACCE6B50ED2D1359582A70A8B8503C569623EE90C18C6B33542796207,Tester/logs/20261010.log,3014650,2026-06-01,11:10,B152PR,"PO	0	18:16:49.648	Core 04	2026.06.01 11:10:02   [SRJ-IND] B152PR sym=USDJPY bar=2026.06.01 11:05 z1=696,B,157.568,158.167,2026.05.14 18:05,1,2026.05.14 18:10,158.191,158.119"
688,JUNE0525-B157,1617DC1ACCE6B50ED2D1359582A70A8B8503C569623EE90C18C6B33542796207,Tester/logs/20261010.log,3014651,2026-06-01,11:10,B152PR,"HQ	0	18:16:49.648	Core 04	2026.06.01 11:10:02   [SRJ-IND] B152PR sym=USDJPY bar=2026.06.01 11:05 z1=714,B,158.107,158.142,2026.05.14 19:30,1,2026.05.14 20:00,158.169,158.142"
689,JUNE0525-B157,1617DC1ACCE6B50ED2D1359582A70A8B8503C569623EE90C18C6B33542796207,Tester/logs/20261010.log,3014652,2026-06-01,11:10,B152PR,"EH	0	18:16:49.648	Core 04	2026.06.01 11:10:02   [SRJ-IND] B152PR sym=USDJPY bar=2026.06.01 11:05 z1=1405,B,158.735,158.769,2026.05.20 19:00,1,2026.05.20 19:05,158.816,158.753"
690,JUNE0525-B157,1617DC1ACCE6B50ED2D1359582A70A8B8503C569623EE90C18C6B33542796207,Tester/logs/20261010.log,3014653,2026-06-01,11:10,B152PR,"ON	0	18:16:49.648	Core 04	2026.06.01 11:10:02   [SRJ-IND] B152PR sym=USDJPY bar=2026.06.01 11:05 z1=1779,B,158.756,158.800,2026.05.25 06:45,1,2026.05.26 00:00,158.887,158.784"
691,JUNE0525-B157,1617DC1ACCE6B50ED2D1359582A70A8B8503C569623EE90C18C6B33542796207,Tester/logs/20261010.log,3014654,2026-06-01,11:10,B152PR,"ND	0	18:16:49.648	Core 04	2026.06.01 11:10:02   [SRJ-IND] B152PR sym=USDJPY bar=2026.06.01 11:05 z1=1780,B,158.789,158.814,2026.05.25 04:50,1,2026.05.26 00:00,158.887,158.784"
692,JUNE0525-B157,1617DC1ACCE6B50ED2D1359582A70A8B8503C569623EE90C18C6B33542796207,Tester/logs/20261010.log,3014655,2026-06-01,11:10,B152PR,"CJ	0	18:16:49.648	Core 04	2026.06.01 11:10:02   [SRJ-IND] B152PR sym=USDJPY bar=2026.06.01 11:05 z1=1949,B,158.916,158.934,2026.05.26 07:25,1,2026.05.26 07:30,158.942,158.934"
693,JUNE0525-B157,1617DC1ACCE6B50ED2D1359582A70A8B8503C569623EE90C18C6B33542796207,Tester/logs/20261010.log,3014656,2026-06-01,11:10,B152PR,"RQ	0	18:16:49.648	Core 04	2026.06.01 11:10:02   [SRJ-IND] B152PR sym=USDJPY bar=2026.06.01 11:05 z1=2271,S,159.524,159.574,2026.05.28 09:40,1,2026.05.28 11:25,159.524,159.488"
694,JUNE0525-B157,1617DC1ACCE6B50ED2D1359582A70A8B8503C569623EE90C18C6B33542796207,Tester/logs/20261010.log,3014657,2026-06-01,11:10,B152PR,"CG	0	18:16:49.648	Core 04	2026.06.01 11:10:02   [SRJ-IND] B152PR sym=USDJPY bar=2026.06.01 11:05 z1=2277,S,159.551,159.575,2026.05.28 08:40,1,2026.05.28 08:50,159.556,159.541"
695,JUNE0525-B157,1617DC1ACCE6B50ED2D1359582A70A8B8503C569623EE90C18C6B33542796207,Tester/logs/20261010.log,3014658,2026-06-01,11:10,B152PR,"HM	0	18:16:49.648	Core 04	2026.06.01 11:10:02   [SRJ-IND] B152PR sym=USDJPY bar=2026.06.01 11:05 z1=2299,S,159.488,159.524,2026.05.28 11:45,1,2026.05.28 17:00,159.491,159.448"
696,JUNE0525-B157,1617DC1ACCE6B50ED2D1359582A70A8B8503C569623EE90C18C6B33542796207,Tester/logs/20261010.log,3014659,2026-06-01,11:10,B152PR,"NR	0	18:16:49.648	Core 04	2026.06.01 11:10:02   [SRJ-IND] B152PR sym=USDJPY bar=2026.06.01 11:05 z1=2509,B,159.134,159.195,2026.05.29 19:10,1,2026.05.29 19:35,159.215,159.186"
697,JUNE0525-B157,1617DC1ACCE6B50ED2D1359582A70A8B8503C569623EE90C18C6B33542796207,Tester/logs/20261010.log,3014660,2026-06-01,11:10,B152PR,"QI	0	18:16:49.648	Core 04	2026.06.01 11:10:02   [SRJ-IND] B152PR sym=USDJPY bar=2026.06.01 11:05 z1=2585,S,159.485,159.494,2026.06.01 06:00,1,2026.06.01 09:15,159.486,159.466"
698,JUNE0525-B157,1617DC1ACCE6B50ED2D1359582A70A8B8503C569623EE90C18C6B33542796207,Tester/logs/20261010.log,3014661,2026-06-01,11:10,B152PR,"RN	0	18:16:49.648	Core 04	2026.06.01 11:10:02   [SRJ-IND] B152PR sym=USDJPY bar=2026.06.01 11:05 z1=2617,B,159.443,159.462,2026.06.01 10:45,1,2026.06.01 11:00,159.469,159.454"
699,JUNE0525-B157,1617DC1ACCE6B50ED2D1359582A70A8B8503C569623EE90C18C6B33542796207,Tester/logs/20261010.log,3014662,2026-06-01,11:10,B152PR,"RF	0	18:16:49.648	Core 04	2026.06.01 11:10:02   [SRJ-IND] B152PR sym=USDJPY bar=2026.06.01 11:05 bull=1 bear=1 nz=22"
700,JUNE0525-B157,1617DC1ACCE6B50ED2D1359582A70A8B8503C569623EE90C18C6B33542796207,Tester/logs/20261010.log,3014796,2026-06-01,11:10,CQDRECHECK,"NL	0	18:16:49.648	Core 04	2026.06.01 11:10:02   [SRJ-EA] CQDRECHECK shift=2 passA=2.0 passB=2.0 diff=0 bar=2026.06.01 11:00 state=S4_ARMED dir=LONG divLatch=1 hit1=0 hit2=378 mism=0"
701,JUNE0525-B157,1617DC1ACCE6B50ED2D1359582A70A8B8503C569623EE90C18C6B33542796207,Tester/logs/20261010.log,3014804,2026-06-01,11:10,CONFIRMPOLL,"KD	0	18:16:49.648	Core 04	2026.06.01 11:10:02   [SRJ-EA] CONFIRMPOLL bar=2026.06.01 11:05 anchor=Monthly-VWAP dir=LONG oppCandle=0 bodyDir=0 body=9pts doji=0 touchAttr=0 confirm=0 shadow=true"
702,JUNE0525-B157,1617DC1ACCE6B50ED2D1359582A70A8B8503C569623EE90C18C6B33542796207,Tester/logs/20261010.log,3014814,2026-06-01,11:10,B60C,"OO	0	18:16:49.648	Core 04	2026.06.01 11:10:02   [SRJ-EA] B60C bar=2026.06.01 11:05 dir=SHORT poi=Monthly-POC rt=2026.06.01 10:05 rSh=13 rBar=2026.06.01 10:05 cSrc=PRIOR xt=0 zxob=159.443-159.462 xpromo=2026.06.01 10:45 - C satisfied by the prior candle ([B-61 C2][B-129 XT])"
703,JUNE0525-B157,1617DC1ACCE6B50ED2D1359582A70A8B8503C569623EE90C18C6B33542796207,Tester/logs/20261010.log,3014815,2026-06-01,11:10,STATE,"MK	0	18:16:49.648	Core 04	2026.06.01 11:10:02   [SRJ-EA] 2026.06.01 11:10:02 STATE S4_ARMED->S5_GATE_CHECK dir=SHORT poi=Monthly-POC"
704,JUNE0525-B157,1617DC1ACCE6B50ED2D1359582A70A8B8503C569623EE90C18C6B33542796207,Tester/logs/20261010.log,3014816,2026-06-01,11:10,D130LATCH,"OG	0	18:16:49.648	Core 04	2026.06.01 11:10:02   [SRJ-EA] D130LATCH pass=2026.06.01 11:10:02 confBar=2026.06.01 11:05 dir=SHORT verdict=2 verdictBar=2026.06.01 11:00 walkShift=2 oppPassed=NA oppBar=NA"
705,JUNE0525-B157,1617DC1ACCE6B50ED2D1359582A70A8B8503C569623EE90C18C6B33542796207,Tester/logs/20261010.log,3014817,2026-06-01,11:10,CONFIRM_DIV_WAIT,"DQ	0	18:16:49.648	Core 04	2026.06.01 11:10:02   [SRJ-EA] CONFIRM_DIV_WAIT bar=2026.06.01 11:05 dir=SHORT verdict=2"
706,JUNE0525-B157,1617DC1ACCE6B50ED2D1359582A70A8B8503C569623EE90C18C6B33542796207,Tester/logs/20261010.log,3014819,2026-06-01,11:10,ABORT,"ID	0	18:16:49.648	Core 04	2026.06.01 11:10:02   [SRJ-EA] 2026.06.01 11:10:02 ABORT reason=DIV_FALLBACK state=S5_GATE_CHECK poi=Monthly-POC dir=SHORT"
707,JUNE0525-B157,1617DC1ACCE6B50ED2D1359582A70A8B8503C569623EE90C18C6B33542796207,Tester/logs/20261010.log,3014820,2026-06-01,11:10,A6REFUSED,"OR	0	18:16:49.648	Core 04	2026.06.01 11:10:02   [SRJ-EA] A6REFUSED class=ABSENT_DECLINED bar=2026.06.01 11:10 state=S5_GATE_CHECK dir=SHORT predicate=DIV_FALLBACK"
708,JUNE0525-B157,1617DC1ACCE6B50ED2D1359582A70A8B8503C569623EE90C18C6B33542796207,Tester/logs/20261010.log,3014822,2026-06-01,11:10,STATE,"HL	0	18:16:49.648	Core 04	2026.06.01 11:10:02   [SRJ-EA] 2026.06.01 11:10:02 STATE S5_GATE_CHECK->ABORT dir=SHORT poi=Monthly-POC"
709,JUNE0525-B157,1617DC1ACCE6B50ED2D1359582A70A8B8503C569623EE90C18C6B33542796207,Tester/logs/20261010.log,3014826,2026-06-01,11:15,B152PR,"NM	0	18:16:49.648	Core 04	2026.06.01 11:15:03   [SRJ-IND] B152PR sym=USDJPY bar=2026.06.01 11:10 z1=65,B,156.672,156.773,2026.05.11 04:10,1,2026.05.12 08:55,157.714,156.726"
710,JUNE0525-B157,1617DC1ACCE6B50ED2D1359582A70A8B8503C569623EE90C18C6B33542796207,Tester/logs/20261010.log,3014827,2026-06-01,11:15,B152PR,"NS	0	18:16:49.648	Core 04	2026.06.01 11:15:03   [SRJ-IND] B152PR sym=USDJPY bar=2026.06.01 11:10 z1=78,B,156.578,156.584,2026.05.11 00:35,1,2026.05.11 00:40,156.644,156.537"
711,JUNE0525-B157,1617DC1ACCE6B50ED2D1359582A70A8B8503C569623EE90C18C6B33542796207,Tester/logs/20261010.log,3014828,2026-06-01,11:15,B152PR,"LJ	0	18:16:49.648	Core 04	2026.06.01 11:15:03   [SRJ-IND] B152PR sym=USDJPY bar=2026.06.01 11:10 z1=212,B,157.028,157.060,2026.05.11 19:20,1,2026.05.12 00:00,157.152,157.050"
712,JUNE0525-B157,1617DC1ACCE6B50ED2D1359582A70A8B8503C569623EE90C18C6B33542796207,Tester/logs/20261010.log,3014829,2026-06-01,11:15,B152PR,"PL	0	18:16:49.648	Core 04	2026.06.01 11:15:03   [SRJ-IND] B152PR sym=USDJPY bar=2026.06.01 11:10 z1=256,B,157.172,157.178,2026.05.12 01:25,1,2026.05.12 08:55,157.714,156.726"
713,JUNE0525-B157,1617DC1ACCE6B50ED2D1359582A70A8B8503C569623EE90C18C6B33542796207,Tester/logs/20261010.log,3014830,2026-06-01,11:15,B152PR,"FF	0	18:16:49.648	Core 04	2026.06.01 11:15:03   [SRJ-IND] B152PR sym=USDJPY bar=2026.06.01 11:10 z1=261,B,157.184,157.192,2026.05.12 03:00,1,2026.05.12 08:55,157.714,156.726"
714,JUNE0525-B157,1617DC1ACCE6B50ED2D1359582A70A8B8503C569623EE90C18C6B33542796207,Tester/logs/20261010.log,3014831,2026-06-01,11:15,B152PR,"FK	0	18:16:49.648	Core 04	2026.06.01 11:15:03   [SRJ-IND] B152PR sym=USDJPY bar=2026.06.01 11:10 z1=313,B,157.331,157.497,2026.05.12 10:00,1,2026.05.12 10:10,157.546,157.487"
715,JUNE0525-B157,1617DC1ACCE6B50ED2D1359582A70A8B8503C569623EE90C18C6B33542796207,Tester/logs/20261010.log,3014832,2026-06-01,11:15,B152PR,"KM	0	18:16:49.648	Core 04	2026.06.01 11:15:03   [SRJ-IND] B152PR sym=USDJPY bar=2026.06.01 11:10 z1=414,B,157.517,157.589,2026.05.13 01:10,1,2026.05.13 01:20,157.607,157.587"
716,JUNE0525-B157,1617DC1ACCE6B50ED2D1359582A70A8B8503C569623EE90C18C6B33542796207,Tester/logs/20261010.log,3014833,2026-06-01,11:15,B152PR,"DG	0	18:16:49.648	Core 04	2026.06.01 11:15:03   [SRJ-IND] B152PR sym=USDJPY bar=2026.06.01 11:10 z1=447,B,157.562,157.648,2026.05.13 06:20,1,2026.05.13 06:25,157.662,157.648"
717,JUNE0525-B157,1617DC1ACCE6B50ED2D1359582A70A8B8503C569623EE90C18C6B33542796207,Tester/logs/20261010.log,3014834,2026-06-01,11:15,B152PR,"GI	0	18:16:49.648	Core 04	2026.06.01 11:15:03   [SRJ-IND] B152PR sym=USDJPY bar=2026.06.01 11:10 z1=449,B,157.599,157.654,2026.05.13 05:15,1,2026.05.13 05:45,157.687,157.652"
718,JUNE0525-B157,1617DC1ACCE6B50ED2D1359582A70A8B8503C569623EE90C18C6B33542796207,Tester/logs/20261010.log,3014835,2026-06-01,11:15,B152PR,"FS	0	18:16:49.648	Core 04	2026.06.01 11:15:03   [SRJ-IND] B152PR sym=USDJPY bar=2026.06.01 11:10 z1=460,B,157.645,157.660,2026.05.13 07:05,1,2026.05.14 00:25,157.812,157.650"
719,JUNE0525-B157,1617DC1ACCE6B50ED2D1359582A70A8B8503C569623EE90C18C6B33542796207,Tester/logs/20261010.log,3014836,2026-06-01,11:15,B152PR,"JE	0	18:16:49.648	Core 04	2026.06.01 11:15:03   [SRJ-IND] B152PR sym=USDJPY bar=2026.06.01 11:10 z1=696,B,157.568,158.167,2026.05.14 18:05,1,2026.05.14 18:10,158.191,158.119"
720,JUNE0525-B157,1617DC1ACCE6B50ED2D1359582A70A8B8503C569623EE90C18C6B33542796207,Tester/logs/20261010.log,3014837,2026-06-01,11:15,B152PR,"NO	0	18:16:49.648	Core 04	2026.06.01 11:15:03   [SRJ-IND] B152PR sym=USDJPY bar=2026.06.01 11:10 z1=714,B,158.107,158.142,2026.05.14 19:30,1,2026.05.14 20:00,158.169,158.142"
721,JUNE0525-B157,1617DC1ACCE6B50ED2D1359582A70A8B8503C569623EE90C18C6B33542796207,Tester/logs/20261010.log,3014838,2026-06-01,11:15,B152PR,"KR	0	18:16:49.648	Core 04	2026.06.01 11:15:03   [SRJ-IND] B152PR sym=USDJPY bar=2026.06.01 11:10 z1=1405,B,158.735,158.769,2026.05.20 19:00,1,2026.05.20 19:05,158.816,158.753"
722,JUNE0525-B157,1617DC1ACCE6B50ED2D1359582A70A8B8503C569623EE90C18C6B33542796207,Tester/logs/20261010.log,3014839,2026-06-01,11:15,B152PR,"IH	0	18:16:49.648	Core 04	2026.06.01 11:15:03   [SRJ-IND] B152PR sym=USDJPY bar=2026.06.01 11:10 z1=1779,B,158.756,158.800,2026.05.25 06:45,1,2026.05.26 00:00,158.887,158.784"
723,JUNE0525-B157,1617DC1ACCE6B50ED2D1359582A70A8B8503C569623EE90C18C6B33542796207,Tester/logs/20261010.log,3014840,2026-06-01,11:15,B152PR,"DN	0	18:16:49.648	Core 04	2026.06.01 11:15:03   [SRJ-IND] B152PR sym=USDJPY bar=2026.06.01 11:10 z1=1780,B,158.789,158.814,2026.05.25 04:50,1,2026.05.26 00:00,158.887,158.784"
724,JUNE0525-B157,1617DC1ACCE6B50ED2D1359582A70A8B8503C569623EE90C18C6B33542796207,Tester/logs/20261010.log,3014841,2026-06-01,11:15,B152PR,"MD	0	18:16:49.648	Core 04	2026.06.01 11:15:03   [SRJ-IND] B152PR sym=USDJPY bar=2026.06.01 11:10 z1=1949,B,158.916,158.934,2026.05.26 07:25,1,2026.05.26 07:30,158.942,158.934"
725,JUNE0525-B157,1617DC1ACCE6B50ED2D1359582A70A8B8503C569623EE90C18C6B33542796207,Tester/logs/20261010.log,3014842,2026-06-01,11:15,B152PR,"HK	0	18:16:49.648	Core 04	2026.06.01 11:15:03   [SRJ-IND] B152PR sym=USDJPY bar=2026.06.01 11:10 z1=2271,S,159.524,159.574,2026.05.28 09:40,1,2026.05.28 11:25,159.524,159.488"
726,JUNE0525-B157,1617DC1ACCE6B50ED2D1359582A70A8B8503C569623EE90C18C6B33542796207,Tester/logs/20261010.log,3014843,2026-06-01,11:15,B152PR,"MQ	0	18:16:49.648	Core 04	2026.06.01 11:15:03   [SRJ-IND] B152PR sym=USDJPY bar=2026.06.01 11:10 z1=2277,S,159.551,159.575,2026.05.28 08:40,1,2026.05.28 08:50,159.556,159.541"
727,JUNE0525-B157,1617DC1ACCE6B50ED2D1359582A70A8B8503C569623EE90C18C6B33542796207,Tester/logs/20261010.log,3014844,2026-06-01,11:15,B152PR,"RG	0	18:16:49.648	Core 04	2026.06.01 11:15:03   [SRJ-IND] B152PR sym=USDJPY bar=2026.06.01 11:10 z1=2299,S,159.488,159.524,2026.05.28 11:45,1,2026.05.28 17:00,159.491,159.448"
728,JUNE0525-B157,1617DC1ACCE6B50ED2D1359582A70A8B8503C569623EE90C18C6B33542796207,Tester/logs/20261010.log,3014845,2026-06-01,11:15,B152PR,"DL	0	18:16:49.648	Core 04	2026.06.01 11:15:03   [SRJ-IND] B152PR sym=USDJPY bar=2026.06.01 11:10 z1=2509,B,159.134,159.195,2026.05.29 19:10,1,2026.05.29 19:35,159.215,159.186"
729,JUNE0525-B157,1617DC1ACCE6B50ED2D1359582A70A8B8503C569623EE90C18C6B33542796207,Tester/logs/20261010.log,3014846,2026-06-01,11:15,B152PR,"GS	0	18:16:49.648	Core 04	2026.06.01 11:15:03   [SRJ-IND] B152PR sym=USDJPY bar=2026.06.01 11:10 z1=2585,S,159.485,159.494,2026.06.01 06:00,1,2026.06.01 09:15,159.486,159.466"
730,JUNE0525-B157,1617DC1ACCE6B50ED2D1359582A70A8B8503C569623EE90C18C6B33542796207,Tester/logs/20261010.log,3014847,2026-06-01,11:15,B152PR,"IJ	0	18:16:49.648	Core 04	2026.06.01 11:15:03   [SRJ-IND] B152PR sym=USDJPY bar=2026.06.01 11:10 bull=1 bear=1 nz=21"
731,JUNE0525-B157,1617DC1ACCE6B50ED2D1359582A70A8B8503C569623EE90C18C6B33542796207,Tester/logs/20261010.log,3014856,2026-06-01,11:20,B152PR,"PD	0	18:16:49.648	Core 04	2026.06.01 11:20:00   [SRJ-IND] B152PR sym=USDJPY bar=2026.06.01 11:15 z1=65,B,156.672,156.773,2026.05.11 04:10,1,2026.05.12 08:55,157.714,156.726"
732,JUNE0525-B157,1617DC1ACCE6B50ED2D1359582A70A8B8503C569623EE90C18C6B33542796207,Tester/logs/20261010.log,3014857,2026-06-01,11:20,B152PR,"HJ	0	18:16:49.648	Core 04	2026.06.01 11:20:00   [SRJ-IND] B152PR sym=USDJPY bar=2026.06.01 11:15 z1=78,B,156.578,156.584,2026.05.11 00:35,1,2026.05.11 00:40,156.644,156.537"
733,JUNE0525-B157,1617DC1ACCE6B50ED2D1359582A70A8B8503C569623EE90C18C6B33542796207,Tester/logs/20261010.log,3014858,2026-06-01,11:20,B152PR,"RS	0	18:16:49.648	Core 04	2026.06.01 11:20:00   [SRJ-IND] B152PR sym=USDJPY bar=2026.06.01 11:15 z1=212,B,157.028,157.060,2026.05.11 19:20,1,2026.05.12 00:00,157.152,157.050"
734,JUNE0525-B157,1617DC1ACCE6B50ED2D1359582A70A8B8503C569623EE90C18C6B33542796207,Tester/logs/20261010.log,3014859,2026-06-01,11:20,B152PR,"RE	0	18:16:49.648	Core 04	2026.06.01 11:20:00   [SRJ-IND] B152PR sym=USDJPY bar=2026.06.01 11:15 z1=256,B,157.172,157.178,2026.05.12 01:25,1,2026.05.12 08:55,157.714,156.726"
735,JUNE0525-B157,1617DC1ACCE6B50ED2D1359582A70A8B8503C569623EE90C18C6B33542796207,Tester/logs/20261010.log,3014860,2026-06-01,11:20,B152PR,"PN	0	18:16:49.648	Core 04	2026.06.01 11:20:00   [SRJ-IND] B152PR sym=USDJPY bar=2026.06.01 11:15 z1=261,B,157.184,157.192,2026.05.12 03:00,1,2026.05.12 08:55,157.714,156.726"
736,JUNE0525-B157,1617DC1ACCE6B50ED2D1359582A70A8B8503C569623EE90C18C6B33542796207,Tester/logs/20261010.log,3014861,2026-06-01,11:20,B152PR,"DP	0	18:16:49.648	Core 04	2026.06.01 11:20:00   [SRJ-IND] B152PR sym=USDJPY bar=2026.06.01 11:15 z1=313,B,157.331,157.497,2026.05.12 10:00,1,2026.05.12 10:10,157.546,157.487"
737,JUNE0525-B157,1617DC1ACCE6B50ED2D1359582A70A8B8503C569623EE90C18C6B33542796207,Tester/logs/20261010.log,3014862,2026-06-01,11:20,B152PR,"QJ	0	18:16:49.648	Core 04	2026.06.01 11:20:00   [SRJ-IND] B152PR sym=USDJPY bar=2026.06.01 11:15 z1=414,B,157.517,157.589,2026.05.13 01:10,1,2026.05.13 01:20,157.607,157.587"
738,JUNE0525-B157,1617DC1ACCE6B50ED2D1359582A70A8B8503C569623EE90C18C6B33542796207,Tester/logs/20261010.log,3014863,2026-06-01,11:20,B152PR,"FL	0	18:16:49.648	Core 04	2026.06.01 11:20:00   [SRJ-IND] B152PR sym=USDJPY bar=2026.06.01 11:15 z1=447,B,157.562,157.648,2026.05.13 06:20,1,2026.05.13 06:25,157.662,157.648"
739,JUNE0525-B157,1617DC1ACCE6B50ED2D1359582A70A8B8503C569623EE90C18C6B33542796207,Tester/logs/20261010.log,3014864,2026-06-01,11:20,B152PR,"MF	0	18:16:49.648	Core 04	2026.06.01 11:20:00   [SRJ-IND] B152PR sym=USDJPY bar=2026.06.01 11:15 z1=449,B,157.599,157.654,2026.05.13 05:15,1,2026.05.13 05:45,157.687,157.652"
740,JUNE0525-B157,1617DC1ACCE6B50ED2D1359582A70A8B8503C569623EE90C18C6B33542796207,Tester/logs/20261010.log,3014865,2026-06-01,11:20,B152PR,"DH	0	18:16:49.648	Core 04	2026.06.01 11:20:00   [SRJ-IND] B152PR sym=USDJPY bar=2026.06.01 11:15 z1=460,B,157.645,157.660,2026.05.13 07:05,1,2026.05.14 00:25,157.812,157.650"
741,JUNE0525-B157,1617DC1ACCE6B50ED2D1359582A70A8B8503C569623EE90C18C6B33542796207,Tester/logs/20261010.log,3014866,2026-06-01,11:20,B152PR,"DR	0	18:16:49.648	Core 04	2026.06.01 11:20:00   [SRJ-IND] B152PR sym=USDJPY bar=2026.06.01 11:15 z1=696,B,157.568,158.167,2026.05.14 18:05,1,2026.05.14 18:10,158.191,158.119"
742,JUNE0525-B157,1617DC1ACCE6B50ED2D1359582A70A8B8503C569623EE90C18C6B33542796207,Tester/logs/20261010.log,3014867,2026-06-01,11:20,B152PR,"LD	0	18:16:49.648	Core 04	2026.06.01 11:20:00   [SRJ-IND] B152PR sym=USDJPY bar=2026.06.01 11:15 z1=714,B,158.107,158.142,2026.05.14 19:30,1,2026.05.14 20:00,158.169,158.142"
743,JUNE0525-B157,1617DC1ACCE6B50ED2D1359582A70A8B8503C569623EE90C18C6B33542796207,Tester/logs/20261010.log,3014868,2026-06-01,11:20,B152PR,"IJ	0	18:16:49.648	Core 04	2026.06.01 11:20:00   [SRJ-IND] B152PR sym=USDJPY bar=2026.06.01 11:15 z1=1405,B,158.735,158.769,2026.05.20 19:00,1,2026.05.20 19:05,158.816,158.753"
744,JUNE0525-B157,1617DC1ACCE6B50ED2D1359582A70A8B8503C569623EE90C18C6B33542796207,Tester/logs/20261010.log,3014869,2026-06-01,11:20,B152PR,"KP	0	18:16:49.648	Core 04	2026.06.01 11:20:00   [SRJ-IND] B152PR sym=USDJPY bar=2026.06.01 11:15 z1=1779,B,158.756,158.800,2026.05.25 06:45,1,2026.05.26 00:00,158.887,158.784"
745,JUNE0525-B157,1617DC1ACCE6B50ED2D1359582A70A8B8503C569623EE90C18C6B33542796207,Tester/logs/20261010.log,3014870,2026-06-01,11:20,B152PR,"RF	0	18:16:49.648	Core 04	2026.06.01 11:20:00   [SRJ-IND] B152PR sym=USDJPY bar=2026.06.01 11:15 z1=1780,B,158.789,158.814,2026.05.25 04:50,1,2026.05.26 00:00,158.887,158.784"
746,JUNE0525-B157,1617DC1ACCE6B50ED2D1359582A70A8B8503C569623EE90C18C6B33542796207,Tester/logs/20261010.log,3014871,2026-06-01,11:20,B152PR,"GL	0	18:16:49.648	Core 04	2026.06.01 11:20:00   [SRJ-IND] B152PR sym=USDJPY bar=2026.06.01 11:15 z1=1949,B,158.916,158.934,2026.05.26 07:25,1,2026.05.26 07:30,158.942,158.934"
747,JUNE0525-B157,1617DC1ACCE6B50ED2D1359582A70A8B8503C569623EE90C18C6B33542796207,Tester/logs/20261010.log,3014872,2026-06-01,11:20,B152PR,"NS	0	18:16:49.648	Core 04	2026.06.01 11:20:00   [SRJ-IND] B152PR sym=USDJPY bar=2026.06.01 11:15 z1=2271,S,159.524,159.574,2026.05.28 09:40,1,2026.05.28 11:25,159.524,159.488"
748,JUNE0525-B157,1617DC1ACCE6B50ED2D1359582A70A8B8503C569623EE90C18C6B33542796207,Tester/logs/20261010.log,3014873,2026-06-01,11:20,B152PR,"GI	0	18:16:49.648	Core 04	2026.06.01 11:20:00   [SRJ-IND] B152PR sym=USDJPY bar=2026.06.01 11:15 z1=2277,S,159.551,159.575,2026.05.28 08:40,1,2026.05.28 08:50,159.556,159.541"
749,JUNE0525-B157,1617DC1ACCE6B50ED2D1359582A70A8B8503C569623EE90C18C6B33542796207,Tester/logs/20261010.log,3014874,2026-06-01,11:20,B152PR,"DO	0	18:16:49.648	Core 04	2026.06.01 11:20:00   [SRJ-IND] B152PR sym=USDJPY bar=2026.06.01 11:15 z1=2299,S,159.488,159.524,2026.05.28 11:45,1,2026.05.28 17:00,159.491,159.448"
750,JUNE0525-B157,1617DC1ACCE6B50ED2D1359582A70A8B8503C569623EE90C18C6B33542796207,Tester/logs/20261010.log,3014875,2026-06-01,11:20,B152PR,"RD	0	18:16:49.648	Core 04	2026.06.01 11:20:00   [SRJ-IND] B152PR sym=USDJPY bar=2026.06.01 11:15 z1=2509,B,159.134,159.195,2026.05.29 19:10,1,2026.05.29 19:35,159.215,159.186"
751,JUNE0525-B157,1617DC1ACCE6B50ED2D1359582A70A8B8503C569623EE90C18C6B33542796207,Tester/logs/20261010.log,3014876,2026-06-01,11:20,B152PR,"MK	0	18:16:49.648	Core 04	2026.06.01 11:20:00   [SRJ-IND] B152PR sym=USDJPY bar=2026.06.01 11:15 z1=2585,S,159.485,159.494,2026.06.01 06:00,1,2026.06.01 09:15,159.486,159.466"
752,JUNE0525-B157,1617DC1ACCE6B50ED2D1359582A70A8B8503C569623EE90C18C6B33542796207,Tester/logs/20261010.log,3014877,2026-06-01,11:20,B152PR,"KR	0	18:16:49.648	Core 04	2026.06.01 11:20:00   [SRJ-IND] B152PR sym=USDJPY bar=2026.06.01 11:15 bull=1 bear=1 nz=21"
753,JUNE0525-B157,1617DC1ACCE6B50ED2D1359582A70A8B8503C569623EE90C18C6B33542796207,Tester/logs/20261010.log,3014884,2026-06-01,11:25,B152PR,"KS	0	18:16:49.648	Core 04	2026.06.01 11:25:00   [SRJ-IND] B152PR sym=USDJPY bar=2026.06.01 11:20 z1=65,B,156.672,156.773,2026.05.11 04:10,1,2026.05.12 08:55,157.714,156.726"
754,JUNE0525-B157,1617DC1ACCE6B50ED2D1359582A70A8B8503C569623EE90C18C6B33542796207,Tester/logs/20261010.log,3014885,2026-06-01,11:25,B152PR,"KI	0	18:16:49.648	Core 04	2026.06.01 11:25:00   [SRJ-IND] B152PR sym=USDJPY bar=2026.06.01 11:20 z1=78,B,156.578,156.584,2026.05.11 00:35,1,2026.05.11 00:40,156.644,156.537"
755,JUNE0525-B157,1617DC1ACCE6B50ED2D1359582A70A8B8503C569623EE90C18C6B33542796207,Tester/logs/20261010.log,3014886,2026-06-01,11:25,B152PR,"ML	0	18:16:49.648	Core 04	2026.06.01 11:25:00   [SRJ-IND] B152PR sym=USDJPY bar=2026.06.01 11:20 z1=212,B,157.028,157.060,2026.05.11 19:20,1,2026.05.12 00:00,157.152,157.050"
756,JUNE0525-B157,1617DC1ACCE6B50ED2D1359582A70A8B8503C569623EE90C18C6B33542796207,Tester/logs/20261010.log,3014887,2026-06-01,11:25,B152PR,"QF	0	18:16:49.648	Core 04	2026.06.01 11:25:00   [SRJ-IND] B152PR sym=USDJPY bar=2026.06.01 11:20 z1=256,B,157.172,157.178,2026.05.12 01:25,1,2026.05.12 08:55,157.714,156.726"
757,JUNE0525-B157,1617DC1ACCE6B50ED2D1359582A70A8B8503C569623EE90C18C6B33542796207,Tester/logs/20261010.log,3014888,2026-06-01,11:25,B152PR,"CH	0	18:16:49.648	Core 04	2026.06.01 11:25:00   [SRJ-IND] B152PR sym=USDJPY bar=2026.06.01 11:20 z1=261,B,157.184,157.192,2026.05.12 03:00,1,2026.05.12 08:55,157.714,156.726"
758,JUNE0525-B157,1617DC1ACCE6B50ED2D1359582A70A8B8503C569623EE90C18C6B33542796207,Tester/logs/20261010.log,3014889,2026-06-01,11:25,B152PR,"CM	0	18:16:49.648	Core 04	2026.06.01 11:25:00   [SRJ-IND] B152PR sym=USDJPY bar=2026.06.01 11:20 z1=313,B,157.331,157.497,2026.05.12 10:00,1,2026.05.12 10:10,157.546,157.487"
759,JUNE0525-B157,1617DC1ACCE6B50ED2D1359582A70A8B8503C569623EE90C18C6B33542796207,Tester/logs/20261010.log,3014890,2026-06-01,11:25,B152PR,"NG	0	18:16:49.648	Core 04	2026.06.01 11:25:00   [SRJ-IND] B152PR sym=USDJPY bar=2026.06.01 11:20 z1=414,B,157.517,157.589,2026.05.13 01:10,1,2026.05.13 01:20,157.607,157.587"
760,JUNE0525-B157,1617DC1ACCE6B50ED2D1359582A70A8B8503C569623EE90C18C6B33542796207,Tester/logs/20261010.log,3014891,2026-06-01,11:25,B152PR,"EI	0	18:16:49.648	Core 04	2026.06.01 11:25:00   [SRJ-IND] B152PR sym=USDJPY bar=2026.06.01 11:20 z1=447,B,157.562,157.648,2026.05.13 06:20,1,2026.05.13 06:25,157.662,157.648"
761,JUNE0525-B157,1617DC1ACCE6B50ED2D1359582A70A8B8503C569623EE90C18C6B33542796207,Tester/logs/20261010.log,3014892,2026-06-01,11:25,B152PR,"JS	0	18:16:49.648	Core 04	2026.06.01 11:25:00   [SRJ-IND] B152PR sym=USDJPY bar=2026.06.01 11:20 z1=449,B,157.599,157.654,2026.05.13 05:15,1,2026.05.13 05:45,157.687,157.652"
762,JUNE0525-B157,1617DC1ACCE6B50ED2D1359582A70A8B8503C569623EE90C18C6B33542796207,Tester/logs/20261010.log,3014893,2026-06-01,11:25,B152PR,"CE	0	18:16:49.648	Core 04	2026.06.01 11:25:00   [SRJ-IND] B152PR sym=USDJPY bar=2026.06.01 11:20 z1=460,B,157.645,157.660,2026.05.13 07:05,1,2026.05.14 00:25,157.812,157.650"
763,JUNE0525-B157,1617DC1ACCE6B50ED2D1359582A70A8B8503C569623EE90C18C6B33542796207,Tester/logs/20261010.log,3014894,2026-06-01,11:25,B152PR,"GO	0	18:16:49.648	Core 04	2026.06.01 11:25:00   [SRJ-IND] B152PR sym=USDJPY bar=2026.06.01 11:20 z1=696,B,157.568,158.167,2026.05.14 18:05,1,2026.05.14 18:10,158.191,158.119"
764,JUNE0525-B157,1617DC1ACCE6B50ED2D1359582A70A8B8503C569623EE90C18C6B33542796207,Tester/logs/20261010.log,3014895,2026-06-01,11:25,B152PR,"KQ	0	18:16:49.648	Core 04	2026.06.01 11:25:00   [SRJ-IND] B152PR sym=USDJPY bar=2026.06.01 11:20 z1=714,B,158.107,158.142,2026.05.14 19:30,1,2026.05.14 20:00,158.169,158.142"
765,JUNE0525-B157,1617DC1ACCE6B50ED2D1359582A70A8B8503C569623EE90C18C6B33542796207,Tester/logs/20261010.log,3014896,2026-06-01,11:25,B152PR,"NH	0	18:16:49.648	Core 04	2026.06.01 11:25:00   [SRJ-IND] B152PR sym=USDJPY bar=2026.06.01 11:20 z1=1405,B,158.735,158.769,2026.05.20 19:00,1,2026.05.20 19:05,158.816,158.753"
766,JUNE0525-B157,1617DC1ACCE6B50ED2D1359582A70A8B8503C569623EE90C18C6B33542796207,Tester/logs/20261010.log,3014897,2026-06-01,11:25,B152PR,"HN	0	18:16:49.648	Core 04	2026.06.01 11:25:00   [SRJ-IND] B152PR sym=USDJPY bar=2026.06.01 11:20 z1=1779,B,158.756,158.800,2026.05.25 06:45,1,2026.05.26 00:00,158.887,158.784"
767,JUNE0525-B157,1617DC1ACCE6B50ED2D1359582A70A8B8503C569623EE90C18C6B33542796207,Tester/logs/20261010.log,3014898,2026-06-01,11:25,B152PR,"ED	0	18:16:49.648	Core 04	2026.06.01 11:25:00   [SRJ-IND] B152PR sym=USDJPY bar=2026.06.01 11:20 z1=1780,B,158.789,158.814,2026.05.25 04:50,1,2026.05.26 00:00,158.887,158.784"
768,JUNE0525-B157,1617DC1ACCE6B50ED2D1359582A70A8B8503C569623EE90C18C6B33542796207,Tester/logs/20261010.log,3014899,2026-06-01,11:25,B152PR,"LJ	0	18:16:49.648	Core 04	2026.06.01 11:25:00   [SRJ-IND] B152PR sym=USDJPY bar=2026.06.01 11:20 z1=1949,B,158.916,158.934,2026.05.26 07:25,1,2026.05.26 07:30,158.942,158.934"
769,JUNE0525-B157,1617DC1ACCE6B50ED2D1359582A70A8B8503C569623EE90C18C6B33542796207,Tester/logs/20261010.log,3014900,2026-06-01,11:25,B152PR,"IQ	0	18:16:49.648	Core 04	2026.06.01 11:25:00   [SRJ-IND] B152PR sym=USDJPY bar=2026.06.01 11:20 z1=2271,S,159.524,159.574,2026.05.28 09:40,1,2026.05.28 11:25,159.524,159.488"
770,JUNE0525-B157,1617DC1ACCE6B50ED2D1359582A70A8B8503C569623EE90C18C6B33542796207,Tester/logs/20261010.log,3014901,2026-06-01,11:25,B152PR,"LG	0	18:16:49.648	Core 04	2026.06.01 11:25:00   [SRJ-IND] B152PR sym=USDJPY bar=2026.06.01 11:20 z1=2277,S,159.551,159.575,2026.05.28 08:40,1,2026.05.28 08:50,159.556,159.541"
771,JUNE0525-B157,1617DC1ACCE6B50ED2D1359582A70A8B8503C569623EE90C18C6B33542796207,Tester/logs/20261010.log,3014902,2026-06-01,11:25,B152PR,"OM	0	18:16:49.648	Core 04	2026.06.01 11:25:00   [SRJ-IND] B152PR sym=USDJPY bar=2026.06.01 11:20 z1=2299,S,159.488,159.524,2026.05.28 11:45,1,2026.05.28 17:00,159.491,159.448"
772,JUNE0525-B157,1617DC1ACCE6B50ED2D1359582A70A8B8503C569623EE90C18C6B33542796207,Tester/logs/20261010.log,3014903,2026-06-01,11:25,B152PR,"ER	0	18:16:49.648	Core 04	2026.06.01 11:25:00   [SRJ-IND] B152PR sym=USDJPY bar=2026.06.01 11:20 z1=2509,B,159.134,159.195,2026.05.29 19:10,1,2026.05.29 19:35,159.215,159.186"
773,JUNE0525-B157,1617DC1ACCE6B50ED2D1359582A70A8B8503C569623EE90C18C6B33542796207,Tester/logs/20261010.log,3014904,2026-06-01,11:25,B152PR,"JI	0	18:16:49.648	Core 04	2026.06.01 11:25:00   [SRJ-IND] B152PR sym=USDJPY bar=2026.06.01 11:20 z1=2585,S,159.485,159.494,2026.06.01 06:00,1,2026.06.01 09:15,159.486,159.466"
774,JUNE0525-B157,1617DC1ACCE6B50ED2D1359582A70A8B8503C569623EE90C18C6B33542796207,Tester/logs/20261010.log,3014905,2026-06-01,11:25,B152PR,"HL	0	18:16:49.648	Core 04	2026.06.01 11:25:00   [SRJ-IND] B152PR sym=USDJPY bar=2026.06.01 11:20 bull=1 bear=1 nz=21"
775,JUNE0525-B157,1617DC1ACCE6B50ED2D1359582A70A8B8503C569623EE90C18C6B33542796207,Tester/logs/20261010.log,3014914,2026-06-01,11:30,B152PR,"NH	0	18:16:49.648	Core 04	2026.06.01 11:30:13   [SRJ-IND] B152PR sym=USDJPY bar=2026.06.01 11:25 z1=65,B,156.672,156.773,2026.05.11 04:10,1,2026.05.12 08:55,157.714,156.726"
776,JUNE0525-B157,1617DC1ACCE6B50ED2D1359582A70A8B8503C569623EE90C18C6B33542796207,Tester/logs/20261010.log,3014915,2026-06-01,11:30,B152PR,"NN	0	18:16:49.648	Core 04	2026.06.01 11:30:13   [SRJ-IND] B152PR sym=USDJPY bar=2026.06.01 11:25 z1=78,B,156.578,156.584,2026.05.11 00:35,1,2026.05.11 00:40,156.644,156.537"
777,JUNE0525-B157,1617DC1ACCE6B50ED2D1359582A70A8B8503C569623EE90C18C6B33542796207,Tester/logs/20261010.log,3014916,2026-06-01,11:30,B152PR,"LG	0	18:16:49.648	Core 04	2026.06.01 11:30:13   [SRJ-IND] B152PR sym=USDJPY bar=2026.06.01 11:25 z1=212,B,157.028,157.060,2026.05.11 19:20,1,2026.05.12 00:00,157.152,157.050"
778,JUNE0525-B157,1617DC1ACCE6B50ED2D1359582A70A8B8503C569623EE90C18C6B33542796207,Tester/logs/20261010.log,3014917,2026-06-01,11:30,B152PR,"PI	0	18:16:49.648	Core 04	2026.06.01 11:30:13   [SRJ-IND] B152PR sym=USDJPY bar=2026.06.01 11:25 z1=256,B,157.172,157.178,2026.05.12 01:25,1,2026.05.12 08:55,157.714,156.726"
779,JUNE0525-B157,1617DC1ACCE6B50ED2D1359582A70A8B8503C569623EE90C18C6B33542796207,Tester/logs/20261010.log,3014918,2026-06-01,11:30,B152PR,"FS	0	18:16:49.648	Core 04	2026.06.01 11:30:13   [SRJ-IND] B152PR sym=USDJPY bar=2026.06.01 11:25 z1=261,B,157.184,157.192,2026.05.12 03:00,1,2026.05.12 08:55,157.714,156.726"
780,JUNE0525-B157,1617DC1ACCE6B50ED2D1359582A70A8B8503C569623EE90C18C6B33542796207,Tester/logs/20261010.log,3014919,2026-06-01,11:30,B152PR,"FD	0	18:16:49.648	Core 04	2026.06.01 11:30:13   [SRJ-IND] B152PR sym=USDJPY bar=2026.06.01 11:25 z1=313,B,157.331,157.497,2026.05.12 10:00,1,2026.05.12 10:10,157.546,157.487"
781,JUNE0525-B157,1617DC1ACCE6B50ED2D1359582A70A8B8503C569623EE90C18C6B33542796207,Tester/logs/20261010.log,3014920,2026-06-01,11:30,B152PR,"KN	0	18:16:49.648	Core 04	2026.06.01 11:30:13   [SRJ-IND] B152PR sym=USDJPY bar=2026.06.01 11:25 z1=414,B,157.517,157.589,2026.05.13 01:10,1,2026.05.13 01:20,157.607,157.587"
782,JUNE0525-B157,1617DC1ACCE6B50ED2D1359582A70A8B8503C569623EE90C18C6B33542796207,Tester/logs/20261010.log,3014921,2026-06-01,11:30,B152PR,"DP	0	18:16:49.648	Core 04	2026.06.01 11:30:13   [SRJ-IND] B152PR sym=USDJPY bar=2026.06.01 11:25 z1=447,B,157.562,157.648,2026.05.13 06:20,1,2026.05.13 06:25,157.662,157.648"
783,JUNE0525-B157,1617DC1ACCE6B50ED2D1359582A70A8B8503C569623EE90C18C6B33542796207,Tester/logs/20261010.log,3014922,2026-06-01,11:30,B152PR,"GJ	0	18:16:49.648	Core 04	2026.06.01 11:30:13   [SRJ-IND] B152PR sym=USDJPY bar=2026.06.01 11:25 z1=449,B,157.599,157.654,2026.05.13 05:15,1,2026.05.13 05:45,157.687,157.652"
784,JUNE0525-B157,1617DC1ACCE6B50ED2D1359582A70A8B8503C569623EE90C18C6B33542796207,Tester/logs/20261010.log,3014923,2026-06-01,11:30,B152PR,"FL	0	18:16:49.648	Core 04	2026.06.01 11:30:13   [SRJ-IND] B152PR sym=USDJPY bar=2026.06.01 11:25 z1=460,B,157.645,157.660,2026.05.13 07:05,1,2026.05.14 00:25,157.812,157.650"
785,JUNE0525-B157,1617DC1ACCE6B50ED2D1359582A70A8B8503C569623EE90C18C6B33542796207,Tester/logs/20261010.log,3014924,2026-06-01,11:30,B152PR,"JF	0	18:16:49.648	Core 04	2026.06.01 11:30:13   [SRJ-IND] B152PR sym=USDJPY bar=2026.06.01 11:25 z1=696,B,157.568,158.167,2026.05.14 18:05,1,2026.05.14 18:10,158.191,158.119"
786,JUNE0525-B157,1617DC1ACCE6B50ED2D1359582A70A8B8503C569623EE90C18C6B33542796207,Tester/logs/20261010.log,3014925,2026-06-01,11:30,B152PR,"NH	0	18:16:49.648	Core 04	2026.06.01 11:30:13   [SRJ-IND] B152PR sym=USDJPY bar=2026.06.01 11:25 z1=714,B,158.107,158.142,2026.05.14 19:30,1,2026.05.14 20:00,158.169,158.142"
787,JUNE0525-B157,1617DC1ACCE6B50ED2D1359582A70A8B8503C569623EE90C18C6B33542796207,Tester/logs/20261010.log,3014926,2026-06-01,11:30,B152PR,"KQ	0	18:16:49.648	Core 04	2026.06.01 11:30:13   [SRJ-IND] B152PR sym=USDJPY bar=2026.06.01 11:25 z1=1405,B,158.735,158.769,2026.05.20 19:00,1,2026.05.20 19:05,158.816,158.753"
788,JUNE0525-B157,1617DC1ACCE6B50ED2D1359582A70A8B8503C569623EE90C18C6B33542796207,Tester/logs/20261010.log,3014927,2026-06-01,11:30,B152PR,"IG	0	18:16:49.648	Core 04	2026.06.01 11:30:13   [SRJ-IND] B152PR sym=USDJPY bar=2026.06.01 11:25 z1=1779,B,158.756,158.800,2026.05.25 06:45,1,2026.05.26 00:00,158.887,158.784"
789,JUNE0525-B157,1617DC1ACCE6B50ED2D1359582A70A8B8503C569623EE90C18C6B33542796207,Tester/logs/20261010.log,3014928,2026-06-01,11:30,B152PR,"DM	0	18:16:49.648	Core 04	2026.06.01 11:30:13   [SRJ-IND] B152PR sym=USDJPY bar=2026.06.01 11:25 z1=1780,B,158.789,158.814,2026.05.25 04:50,1,2026.05.26 00:00,158.887,158.784"
790,JUNE0525-B157,1617DC1ACCE6B50ED2D1359582A70A8B8503C569623EE90C18C6B33542796207,Tester/logs/20261010.log,3014929,2026-06-01,11:30,B152PR,"MS	0	18:16:49.648	Core 04	2026.06.01 11:30:13   [SRJ-IND] B152PR sym=USDJPY bar=2026.06.01 11:25 z1=1949,B,158.916,158.934,2026.05.26 07:25,1,2026.05.26 07:30,158.942,158.934"
791,JUNE0525-B157,1617DC1ACCE6B50ED2D1359582A70A8B8503C569623EE90C18C6B33542796207,Tester/logs/20261010.log,3014930,2026-06-01,11:30,B152PR,"HH	0	18:16:49.648	Core 04	2026.06.01 11:30:13   [SRJ-IND] B152PR sym=USDJPY bar=2026.06.01 11:25 z1=2271,S,159.524,159.574,2026.05.28 09:40,1,2026.05.28 11:25,159.524,159.488"
792,JUNE0525-B157,1617DC1ACCE6B50ED2D1359582A70A8B8503C569623EE90C18C6B33542796207,Tester/logs/20261010.log,3014931,2026-06-01,11:30,B152PR,"MN	0	18:16:49.648	Core 04	2026.06.01 11:30:13   [SRJ-IND] B152PR sym=USDJPY bar=2026.06.01 11:25 z1=2277,S,159.551,159.575,2026.05.28 08:40,1,2026.05.28 08:50,159.556,159.541"
793,JUNE0525-B157,1617DC1ACCE6B50ED2D1359582A70A8B8503C569623EE90C18C6B33542796207,Tester/logs/20261010.log,3014932,2026-06-01,11:30,B152PR,"RD	0	18:16:49.648	Core 04	2026.06.01 11:30:13   [SRJ-IND] B152PR sym=USDJPY bar=2026.06.01 11:25 z1=2299,S,159.488,159.524,2026.05.28 11:45,1,2026.05.28 17:00,159.491,159.448"
794,JUNE0525-B157,1617DC1ACCE6B50ED2D1359582A70A8B8503C569623EE90C18C6B33542796207,Tester/logs/20261010.log,3014933,2026-06-01,11:30,B152PR,"DK	0	18:16:49.648	Core 04	2026.06.01 11:30:13   [SRJ-IND] B152PR sym=USDJPY bar=2026.06.01 11:25 z1=2509,B,159.134,159.195,2026.05.29 19:10,1,2026.05.29 19:35,159.215,159.186"
795,JUNE0525-B157,1617DC1ACCE6B50ED2D1359582A70A8B8503C569623EE90C18C6B33542796207,Tester/logs/20261010.log,3014934,2026-06-01,11:30,B152PR,"GP	0	18:16:49.648	Core 04	2026.06.01 11:30:13   [SRJ-IND] B152PR sym=USDJPY bar=2026.06.01 11:25 z1=2585,S,159.485,159.494,2026.06.01 06:00,1,2026.06.01 09:15,159.486,159.466"
796,JUNE0525-B157,1617DC1ACCE6B50ED2D1359582A70A8B8503C569623EE90C18C6B33542796207,Tester/logs/20261010.log,3014935,2026-06-01,11:30,B152PR,"IE	0	18:16:49.648	Core 04	2026.06.01 11:30:13   [SRJ-IND] B152PR sym=USDJPY bar=2026.06.01 11:25 bull=1 bear=1 nz=21"
797,JUNE0525-B157,1617DC1ACCE6B50ED2D1359582A70A8B8503C569623EE90C18C6B33542796207,Tester/logs/20261010.log,3014944,2026-06-01,11:35,B152PR,"FQ	0	18:16:49.648	Core 04	2026.06.01 11:35:05   [SRJ-IND] B152PR sym=USDJPY bar=2026.06.01 11:30 z1=65,B,156.672,156.773,2026.05.11 04:10,1,2026.05.12 08:55,157.714,156.726"
798,JUNE0525-B157,1617DC1ACCE6B50ED2D1359582A70A8B8503C569623EE90C18C6B33542796207,Tester/logs/20261010.log,3014945,2026-06-01,11:35,B152PR,"ND	0	18:16:49.648	Core 04	2026.06.01 11:35:05   [SRJ-IND] B152PR sym=USDJPY bar=2026.06.01 11:30 z1=78,B,156.578,156.584,2026.05.11 00:35,1,2026.05.11 00:40,156.644,156.537"
799,JUNE0525-B157,1617DC1ACCE6B50ED2D1359582A70A8B8503C569623EE90C18C6B33542796207,Tester/logs/20261010.log,3014946,2026-06-01,11:35,B152PR,"DI	0	18:16:49.648	Core 04	2026.06.01 11:35:05   [SRJ-IND] B152PR sym=USDJPY bar=2026.06.01 11:30 z1=212,B,157.028,157.060,2026.05.11 19:20,1,2026.05.12 00:00,157.152,157.050"
800,JUNE0525-B157,1617DC1ACCE6B50ED2D1359582A70A8B8503C569623EE90C18C6B33542796207,Tester/logs/20261010.log,3014947,2026-06-01,11:35,B152PR,"DS	0	18:16:49.648	Core 04	2026.06.01 11:35:05   [SRJ-IND] B152PR sym=USDJPY bar=2026.06.01 11:30 z1=256,B,157.172,157.178,2026.05.12 01:25,1,2026.05.12 08:55,157.714,156.726"
801,JUNE0525-B157,1617DC1ACCE6B50ED2D1359582A70A8B8503C569623EE90C18C6B33542796207,Tester/logs/20261010.log,3014948,2026-06-01,11:35,B152PR,"FE	0	18:16:49.648	Core 04	2026.06.01 11:35:05   [SRJ-IND] B152PR sym=USDJPY bar=2026.06.01 11:30 z1=261,B,157.184,157.192,2026.05.12 03:00,1,2026.05.12 08:55,157.714,156.726"
802,JUNE0525-B157,1617DC1ACCE6B50ED2D1359582A70A8B8503C569623EE90C18C6B33542796207,Tester/logs/20261010.log,3014949,2026-06-01,11:35,B152PR,"RO	0	18:16:49.648	Core 04	2026.06.01 11:35:05   [SRJ-IND] B152PR sym=USDJPY bar=2026.06.01 11:30 z1=313,B,157.331,157.497,2026.05.12 10:00,1,2026.05.12 10:10,157.546,157.487"
803,JUNE0525-B157,1617DC1ACCE6B50ED2D1359582A70A8B8503C569623EE90C18C6B33542796207,Tester/logs/20261010.log,3014950,2026-06-01,11:35,B152PR,"CQ	0	18:16:49.648	Core 04	2026.06.01 11:35:05   [SRJ-IND] B152PR sym=USDJPY bar=2026.06.01 11:30 z1=414,B,157.517,157.589,2026.05.13 01:10,1,2026.05.13 01:20,157.607,157.587"
804,JUNE0525-B157,1617DC1ACCE6B50ED2D1359582A70A8B8503C569623EE90C18C6B33542796207,Tester/logs/20261010.log,3014951,2026-06-01,11:35,B152PR,"PK	0	18:16:49.648	Core 04	2026.06.01 11:35:05   [SRJ-IND] B152PR sym=USDJPY bar=2026.06.01 11:30 z1=447,B,157.562,157.648,2026.05.13 06:20,1,2026.05.13 06:25,157.662,157.648"
805,JUNE0525-B157,1617DC1ACCE6B50ED2D1359582A70A8B8503C569623EE90C18C6B33542796207,Tester/logs/20261010.log,3014952,2026-06-01,11:35,B152PR,"GL	0	18:16:49.648	Core 04	2026.06.01 11:35:05   [SRJ-IND] B152PR sym=USDJPY bar=2026.06.01 11:30 z1=449,B,157.599,157.654,2026.05.13 05:15,1,2026.05.13 05:45,157.687,157.652"
806,JUNE0525-B157,1617DC1ACCE6B50ED2D1359582A70A8B8503C569623EE90C18C6B33542796207,Tester/logs/20261010.log,3014953,2026-06-01,11:35,B152PR,"RF	0	18:16:49.648	Core 04	2026.06.01 11:35:05   [SRJ-IND] B152PR sym=USDJPY bar=2026.06.01 11:30 z1=460,B,157.645,157.660,2026.05.13 07:05,1,2026.05.14 00:25,157.812,157.650"
807,JUNE0525-B157,1617DC1ACCE6B50ED2D1359582A70A8B8503C569623EE90C18C6B33542796207,Tester/logs/20261010.log,3014954,2026-06-01,11:35,B152PR,"RH	0	18:16:49.648	Core 04	2026.06.01 11:35:05   [SRJ-IND] B152PR sym=USDJPY bar=2026.06.01 11:30 z1=696,B,157.568,158.167,2026.05.14 18:05,1,2026.05.14 18:10,158.191,158.119"
808,JUNE0525-B157,1617DC1ACCE6B50ED2D1359582A70A8B8503C569623EE90C18C6B33542796207,Tester/logs/20261010.log,3014955,2026-06-01,11:35,B152PR,"JR	0	18:16:49.648	Core 04	2026.06.01 11:35:05   [SRJ-IND] B152PR sym=USDJPY bar=2026.06.01 11:30 z1=714,B,158.107,158.142,2026.05.14 19:30,1,2026.05.14 20:00,158.169,158.142"
809,JUNE0525-B157,1617DC1ACCE6B50ED2D1359582A70A8B8503C569623EE90C18C6B33542796207,Tester/logs/20261010.log,3014956,2026-06-01,11:35,B152PR,"KG	0	18:16:49.648	Core 04	2026.06.01 11:35:05   [SRJ-IND] B152PR sym=USDJPY bar=2026.06.01 11:30 z1=1405,B,158.735,158.769,2026.05.20 19:00,1,2026.05.20 19:05,158.816,158.753"
810,JUNE0525-B157,1617DC1ACCE6B50ED2D1359582A70A8B8503C569623EE90C18C6B33542796207,Tester/logs/20261010.log,3014957,2026-06-01,11:35,B152PR,"IM	0	18:16:49.648	Core 04	2026.06.01 11:35:05   [SRJ-IND] B152PR sym=USDJPY bar=2026.06.01 11:30 z1=1779,B,158.756,158.800,2026.05.25 06:45,1,2026.05.26 00:00,158.887,158.784"
811,JUNE0525-B157,1617DC1ACCE6B50ED2D1359582A70A8B8503C569623EE90C18C6B33542796207,Tester/logs/20261010.log,3014958,2026-06-01,11:35,B152PR,"DS	0	18:16:49.648	Core 04	2026.06.01 11:35:05   [SRJ-IND] B152PR sym=USDJPY bar=2026.06.01 11:30 z1=1780,B,158.789,158.814,2026.05.25 04:50,1,2026.05.26 00:00,158.887,158.784"
812,JUNE0525-B157,1617DC1ACCE6B50ED2D1359582A70A8B8503C569623EE90C18C6B33542796207,Tester/logs/20261010.log,3014959,2026-06-01,11:35,B152PR,"MI	0	18:16:49.648	Core 04	2026.06.01 11:35:05   [SRJ-IND] B152PR sym=USDJPY bar=2026.06.01 11:30 z1=1949,B,158.916,158.934,2026.05.26 07:25,1,2026.05.26 07:30,158.942,158.934"
813,JUNE0525-B157,1617DC1ACCE6B50ED2D1359582A70A8B8503C569623EE90C18C6B33542796207,Tester/logs/20261010.log,3014960,2026-06-01,11:35,B152PR,"HN	0	18:16:49.648	Core 04	2026.06.01 11:35:05   [SRJ-IND] B152PR sym=USDJPY bar=2026.06.01 11:30 z1=2271,S,159.524,159.574,2026.05.28 09:40,1,2026.05.28 11:25,159.524,159.488"
814,JUNE0525-B157,1617DC1ACCE6B50ED2D1359582A70A8B8503C569623EE90C18C6B33542796207,Tester/logs/20261010.log,3014961,2026-06-01,11:35,B152PR,"MD	0	18:16:49.648	Core 04	2026.06.01 11:35:05   [SRJ-IND] B152PR sym=USDJPY bar=2026.06.01 11:30 z1=2277,S,159.551,159.575,2026.05.28 08:40,1,2026.05.28 08:50,159.556,159.541"
815,JUNE0525-B157,1617DC1ACCE6B50ED2D1359582A70A8B8503C569623EE90C18C6B33542796207,Tester/logs/20261010.log,3014962,2026-06-01,11:35,B152PR,"RJ	0	18:16:49.648	Core 04	2026.06.01 11:35:05   [SRJ-IND] B152PR sym=USDJPY bar=2026.06.01 11:30 z1=2299,S,159.488,159.524,2026.05.28 11:45,1,2026.05.28 17:00,159.491,159.448"
816,JUNE0525-B157,1617DC1ACCE6B50ED2D1359582A70A8B8503C569623EE90C18C6B33542796207,Tester/logs/20261010.log,3014963,2026-06-01,11:35,B152PR,"DQ	0	18:16:49.648	Core 04	2026.06.01 11:35:05   [SRJ-IND] B152PR sym=USDJPY bar=2026.06.01 11:30 z1=2509,B,159.134,159.195,2026.05.29 19:10,1,2026.05.29 19:35,159.215,159.186"
817,JUNE0525-B157,1617DC1ACCE6B50ED2D1359582A70A8B8503C569623EE90C18C6B33542796207,Tester/logs/20261010.log,3014964,2026-06-01,11:35,B152PR,"GF	0	18:16:49.648	Core 04	2026.06.01 11:35:05   [SRJ-IND] B152PR sym=USDJPY bar=2026.06.01 11:30 z1=2585,S,159.485,159.494,2026.06.01 06:00,1,2026.06.01 09:15,159.486,159.466"
818,JUNE0525-B157,1617DC1ACCE6B50ED2D1359582A70A8B8503C569623EE90C18C6B33542796207,Tester/logs/20261010.log,3014965,2026-06-01,11:35,B152PR,"IO	0	18:16:49.648	Core 04	2026.06.01 11:35:05   [SRJ-IND] B152PR sym=USDJPY bar=2026.06.01 11:30 bull=1 bear=1 nz=21"
819,JUNE0525-B157,1617DC1ACCE6B50ED2D1359582A70A8B8503C569623EE90C18C6B33542796207,Tester/logs/20261010.log,3014972,2026-06-01,11:40,B152PR,"OL	0	18:16:49.648	Core 04	2026.06.01 11:40:16   [SRJ-IND] B152PR sym=USDJPY bar=2026.06.01 11:35 z1=65,B,156.672,156.773,2026.05.11 04:10,1,2026.05.12 08:55,157.714,156.726"
820,JUNE0525-B157,1617DC1ACCE6B50ED2D1359582A70A8B8503C569623EE90C18C6B33542796207,Tester/logs/20261010.log,3014973,2026-06-01,11:40,B152PR,"GR	0	18:16:49.648	Core 04	2026.06.01 11:40:16   [SRJ-IND] B152PR sym=USDJPY bar=2026.06.01 11:35 z1=78,B,156.578,156.584,2026.05.11 00:35,1,2026.05.11 00:40,156.644,156.537"
821,JUNE0525-B157,1617DC1ACCE6B50ED2D1359582A70A8B8503C569623EE90C18C6B33542796207,Tester/logs/20261010.log,3014974,2026-06-01,11:40,B152PR,"QK	0	18:16:49.648	Core 04	2026.06.01 11:40:16   [SRJ-IND] B152PR sym=USDJPY bar=2026.06.01 11:35 z1=212,B,157.028,157.060,2026.05.11 19:20,1,2026.05.12 00:00,157.152,157.050"
822,JUNE0525-B157,1617DC1ACCE6B50ED2D1359582A70A8B8503C569623EE90C18C6B33542796207,Tester/logs/20261010.log,3014975,2026-06-01,11:40,B152PR,"EL	0	18:16:49.648	Core 04	2026.06.01 11:40:16   [SRJ-IND] B152PR sym=USDJPY bar=2026.06.01 11:35 z1=256,B,157.172,157.178,2026.05.12 01:25,1,2026.05.12 08:55,157.714,156.726"
823,JUNE0525-B157,1617DC1ACCE6B50ED2D1359582A70A8B8503C569623EE90C18C6B33542796207,Tester/logs/20261010.log,3014976,2026-06-01,11:40,B152PR,"OF	0	18:16:49.648	Core 04	2026.06.01 11:40:16   [SRJ-IND] B152PR sym=USDJPY bar=2026.06.01 11:35 z1=261,B,157.184,157.192,2026.05.12 03:00,1,2026.05.12 08:55,157.714,156.726"
824,JUNE0525-B157,1617DC1ACCE6B50ED2D1359582A70A8B8503C569623EE90C18C6B33542796207,Tester/logs/20261010.log,3014977,2026-06-01,11:40,B152PR,"GH	0	18:16:49.648	Core 04	2026.06.01 11:40:16   [SRJ-IND] B152PR sym=USDJPY bar=2026.06.01 11:35 z1=313,B,157.331,157.497,2026.05.12 10:00,1,2026.05.12 10:10,157.546,157.487"
825,JUNE0525-B157,1617DC1ACCE6B50ED2D1359582A70A8B8503C569623EE90C18C6B33542796207,Tester/logs/20261010.log,3014978,2026-06-01,11:40,B152PR,"RR	0	18:16:49.648	Core 04	2026.06.01 11:40:16   [SRJ-IND] B152PR sym=USDJPY bar=2026.06.01 11:35 z1=414,B,157.517,157.589,2026.05.13 01:10,1,2026.05.13 01:20,157.607,157.587"
826,JUNE0525-B157,1617DC1ACCE6B50ED2D1359582A70A8B8503C569623EE90C18C6B33542796207,Tester/logs/20261010.log,3014979,2026-06-01,11:40,B152PR,"QD	0	18:16:49.648	Core 04	2026.06.01 11:40:16   [SRJ-IND] B152PR sym=USDJPY bar=2026.06.01 11:35 z1=447,B,157.562,157.648,2026.05.13 06:20,1,2026.05.13 06:25,157.662,157.648"
827,JUNE0525-B157,1617DC1ACCE6B50ED2D1359582A70A8B8503C569623EE90C18C6B33542796207,Tester/logs/20261010.log,3014980,2026-06-01,11:40,B152PR,"NN	0	18:16:49.648	Core 04	2026.06.01 11:40:16   [SRJ-IND] B152PR sym=USDJPY bar=2026.06.01 11:35 z1=449,B,157.599,157.654,2026.05.13 05:15,1,2026.05.13 05:45,157.687,157.652"
828,JUNE0525-B157,1617DC1ACCE6B50ED2D1359582A70A8B8503C569623EE90C18C6B33542796207,Tester/logs/20261010.log,3014981,2026-06-01,11:40,B152PR,"GP	0	18:16:49.648	Core 04	2026.06.01 11:40:16   [SRJ-IND] B152PR sym=USDJPY bar=2026.06.01 11:35 z1=460,B,157.645,157.660,2026.05.13 07:05,1,2026.05.14 00:25,157.812,157.650"
829,JUNE0525-B157,1617DC1ACCE6B50ED2D1359582A70A8B8503C569623EE90C18C6B33542796207,Tester/logs/20261010.log,3014982,2026-06-01,11:40,B152PR,"CJ	0	18:16:49.648	Core 04	2026.06.01 11:40:16   [SRJ-IND] B152PR sym=USDJPY bar=2026.06.01 11:35 z1=696,B,157.568,158.167,2026.05.14 18:05,1,2026.05.14 18:10,158.191,158.119"
830,JUNE0525-B157,1617DC1ACCE6B50ED2D1359582A70A8B8503C569623EE90C18C6B33542796207,Tester/logs/20261010.log,3014983,2026-06-01,11:40,B152PR,"GO	0	18:16:49.648	Core 04	2026.06.01 11:40:16   [SRJ-IND] B152PR sym=USDJPY bar=2026.06.01 11:35 z1=714,B,158.107,158.142,2026.05.14 19:30,1,2026.05.14 20:00,158.169,158.142"
831,JUNE0525-B157,1617DC1ACCE6B50ED2D1359582A70A8B8503C569623EE90C18C6B33542796207,Tester/logs/20261010.log,3014984,2026-06-01,11:40,B152PR,"JR	0	18:16:49.648	Core 04	2026.06.01 11:40:16   [SRJ-IND] B152PR sym=USDJPY bar=2026.06.01 11:35 z1=1405,B,158.735,158.769,2026.05.20 19:00,1,2026.05.20 19:05,158.816,158.753"
832,JUNE0525-B157,1617DC1ACCE6B50ED2D1359582A70A8B8503C569623EE90C18C6B33542796207,Tester/logs/20261010.log,3014985,2026-06-01,11:40,B152PR,"LH	0	18:16:49.648	Core 04	2026.06.01 11:40:16   [SRJ-IND] B152PR sym=USDJPY bar=2026.06.01 11:35 z1=1779,B,158.756,158.800,2026.05.25 06:45,1,2026.05.26 00:00,158.887,158.784"
833,JUNE0525-B157,1617DC1ACCE6B50ED2D1359582A70A8B8503C569623EE90C18C6B33542796207,Tester/logs/20261010.log,3014986,2026-06-01,11:40,B152PR,"QN	0	18:16:49.648	Core 04	2026.06.01 11:40:16   [SRJ-IND] B152PR sym=USDJPY bar=2026.06.01 11:35 z1=1780,B,158.789,158.814,2026.05.25 04:50,1,2026.05.26 00:00,158.887,158.784"
834,JUNE0525-B157,1617DC1ACCE6B50ED2D1359582A70A8B8503C569623EE90C18C6B33542796207,Tester/logs/20261010.log,3014987,2026-06-01,11:40,B152PR,"HD	0	18:16:49.648	Core 04	2026.06.01 11:40:16   [SRJ-IND] B152PR sym=USDJPY bar=2026.06.01 11:35 z1=1949,B,158.916,158.934,2026.05.26 07:25,1,2026.05.26 07:30,158.942,158.934"
835,JUNE0525-B157,1617DC1ACCE6B50ED2D1359582A70A8B8503C569623EE90C18C6B33542796207,Tester/logs/20261010.log,3014988,2026-06-01,11:40,B152PR,"MK	0	18:16:49.648	Core 04	2026.06.01 11:40:16   [SRJ-IND] B152PR sym=USDJPY bar=2026.06.01 11:35 z1=2271,S,159.524,159.574,2026.05.28 09:40,1,2026.05.28 11:25,159.524,159.488"
836,JUNE0525-B157,1617DC1ACCE6B50ED2D1359582A70A8B8503C569623EE90C18C6B33542796207,Tester/logs/20261010.log,3014989,2026-06-01,11:40,B152PR,"HQ	0	18:16:49.648	Core 04	2026.06.01 11:40:16   [SRJ-IND] B152PR sym=USDJPY bar=2026.06.01 11:35 z1=2277,S,159.551,159.575,2026.05.28 08:40,1,2026.05.28 08:50,159.556,159.541"
837,JUNE0525-B157,1617DC1ACCE6B50ED2D1359582A70A8B8503C569623EE90C18C6B33542796207,Tester/logs/20261010.log,3014990,2026-06-01,11:40,B152PR,"CG	0	18:16:49.648	Core 04	2026.06.01 11:40:16   [SRJ-IND] B152PR sym=USDJPY bar=2026.06.01 11:35 z1=2299,S,159.488,159.524,2026.05.28 11:45,1,2026.05.28 17:00,159.491,159.448"
838,JUNE0525-B157,1617DC1ACCE6B50ED2D1359582A70A8B8503C569623EE90C18C6B33542796207,Tester/logs/20261010.log,3014991,2026-06-01,11:40,B152PR,"QL	0	18:16:49.648	Core 04	2026.06.01 11:40:16   [SRJ-IND] B152PR sym=USDJPY bar=2026.06.01 11:35 z1=2509,B,159.134,159.195,2026.05.29 19:10,1,2026.05.29 19:35,159.215,159.186"
839,JUNE0525-B157,1617DC1ACCE6B50ED2D1359582A70A8B8503C569623EE90C18C6B33542796207,Tester/logs/20261010.log,3014992,2026-06-01,11:40,B152PR,"NS	0	18:16:49.648	Core 04	2026.06.01 11:40:16   [SRJ-IND] B152PR sym=USDJPY bar=2026.06.01 11:35 z1=2585,S,159.485,159.494,2026.06.01 06:00,1,2026.06.01 09:15,159.486,159.466"
840,JUNE0525-B157,1617DC1ACCE6B50ED2D1359582A70A8B8503C569623EE90C18C6B33542796207,Tester/logs/20261010.log,3014993,2026-06-01,11:40,B152PR,"LJ	0	18:16:49.648	Core 04	2026.06.01 11:40:16   [SRJ-IND] B152PR sym=USDJPY bar=2026.06.01 11:35 bull=1 bear=1 nz=21"
841,JUNE0525-B157,1617DC1ACCE6B50ED2D1359582A70A8B8503C569623EE90C18C6B33542796207,Tester/logs/20261010.log,3015001,2026-06-01,11:45,B152PR,"HI	0	18:16:49.648	Core 04	2026.06.01 11:45:01   [SRJ-IND] B152PR sym=USDJPY bar=2026.06.01 11:40 z1=65,B,156.672,156.773,2026.05.11 04:10,1,2026.05.12 08:55,157.714,156.726"
842,JUNE0525-B157,1617DC1ACCE6B50ED2D1359582A70A8B8503C569623EE90C18C6B33542796207,Tester/logs/20261010.log,3015002,2026-06-01,11:45,B152PR,"PL	0	18:16:49.648	Core 04	2026.06.01 11:45:01   [SRJ-IND] B152PR sym=USDJPY bar=2026.06.01 11:40 z1=78,B,156.578,156.584,2026.05.11 00:35,1,2026.05.11 00:40,156.644,156.537"
843,JUNE0525-B157,1617DC1ACCE6B50ED2D1359582A70A8B8503C569623EE90C18C6B33542796207,Tester/logs/20261010.log,3015003,2026-06-01,11:45,B152PR,"JQ	0	18:16:49.648	Core 04	2026.06.01 11:45:01   [SRJ-IND] B152PR sym=USDJPY bar=2026.06.01 11:40 z1=212,B,157.028,157.060,2026.05.11 19:20,1,2026.05.12 00:00,157.152,157.050"
844,JUNE0525-B157,1617DC1ACCE6B50ED2D1359582A70A8B8503C569623EE90C18C6B33542796207,Tester/logs/20261010.log,3015004,2026-06-01,11:45,B152PR,"NK	0	18:16:49.648	Core 04	2026.06.01 11:45:01   [SRJ-IND] B152PR sym=USDJPY bar=2026.06.01 11:40 z1=256,B,157.172,157.178,2026.05.12 01:25,1,2026.05.12 08:55,157.714,156.726"
845,JUNE0525-B157,1617DC1ACCE6B50ED2D1359582A70A8B8503C569623EE90C18C6B33542796207,Tester/logs/20261010.log,3015005,2026-06-01,11:45,B152PR,"HM	0	18:16:49.648	Core 04	2026.06.01 11:45:01   [SRJ-IND] B152PR sym=USDJPY bar=2026.06.01 11:40 z1=261,B,157.184,157.192,2026.05.12 03:00,1,2026.05.12 08:55,157.714,156.726"
846,JUNE0525-B157,1617DC1ACCE6B50ED2D1359582A70A8B8503C569623EE90C18C6B33542796207,Tester/logs/20261010.log,3015006,2026-06-01,11:45,B152PR,"PG	0	18:16:49.648	Core 04	2026.06.01 11:45:01   [SRJ-IND] B152PR sym=USDJPY bar=2026.06.01 11:40 z1=313,B,157.331,157.497,2026.05.12 10:00,1,2026.05.12 10:10,157.546,157.487"
847,JUNE0525-B157,1617DC1ACCE6B50ED2D1359582A70A8B8503C569623EE90C18C6B33542796207,Tester/logs/20261010.log,3015007,2026-06-01,11:45,B152PR,"II	0	18:16:49.648	Core 04	2026.06.01 11:45:01   [SRJ-IND] B152PR sym=USDJPY bar=2026.06.01 11:40 z1=414,B,157.517,157.589,2026.05.13 01:10,1,2026.05.13 01:20,157.607,157.587"
848,JUNE0525-B157,1617DC1ACCE6B50ED2D1359582A70A8B8503C569623EE90C18C6B33542796207,Tester/logs/20261010.log,3015008,2026-06-01,11:45,B152PR,"JR	0	18:16:49.648	Core 04	2026.06.01 11:45:01   [SRJ-IND] B152PR sym=USDJPY bar=2026.06.01 11:40 z1=447,B,157.562,157.648,2026.05.13 06:20,1,2026.05.13 06:25,157.662,157.648"
849,JUNE0525-B157,1617DC1ACCE6B50ED2D1359582A70A8B8503C569623EE90C18C6B33542796207,Tester/logs/20261010.log,3015009,2026-06-01,11:45,B152PR,"ED	0	18:16:49.648	Core 04	2026.06.01 11:45:01   [SRJ-IND] B152PR sym=USDJPY bar=2026.06.01 11:40 z1=449,B,157.599,157.654,2026.05.13 05:15,1,2026.05.13 05:45,157.687,157.652"
850,JUNE0525-B157,1617DC1ACCE6B50ED2D1359582A70A8B8503C569623EE90C18C6B33542796207,Tester/logs/20261010.log,3015010,2026-06-01,11:45,B152PR,"PN	0	18:16:49.648	Core 04	2026.06.01 11:45:01   [SRJ-IND] B152PR sym=USDJPY bar=2026.06.01 11:40 z1=460,B,157.645,157.660,2026.05.13 07:05,1,2026.05.14 00:25,157.812,157.650"
851,JUNE0525-B157,1617DC1ACCE6B50ED2D1359582A70A8B8503C569623EE90C18C6B33542796207,Tester/logs/20261010.log,3015011,2026-06-01,11:45,B152PR,"LP	0	18:16:49.648	Core 04	2026.06.01 11:45:01   [SRJ-IND] B152PR sym=USDJPY bar=2026.06.01 11:40 z1=696,B,157.568,158.167,2026.05.14 18:05,1,2026.05.14 18:10,158.191,158.119"
852,JUNE0525-B157,1617DC1ACCE6B50ED2D1359582A70A8B8503C569623EE90C18C6B33542796207,Tester/logs/20261010.log,3015012,2026-06-01,11:45,B152PR,"PJ	0	18:16:49.648	Core 04	2026.06.01 11:45:01   [SRJ-IND] B152PR sym=USDJPY bar=2026.06.01 11:40 z1=714,B,158.107,158.142,2026.05.14 19:30,1,2026.05.14 20:00,158.169,158.142"
853,JUNE0525-B157,1617DC1ACCE6B50ED2D1359582A70A8B8503C569623EE90C18C6B33542796207,Tester/logs/20261010.log,3015013,2026-06-01,11:45,B152PR,"QO	0	18:16:49.648	Core 04	2026.06.01 11:45:01   [SRJ-IND] B152PR sym=USDJPY bar=2026.06.01 11:40 z1=1405,B,158.735,158.769,2026.05.20 19:00,1,2026.05.20 19:05,158.816,158.753"
854,JUNE0525-B157,1617DC1ACCE6B50ED2D1359582A70A8B8503C569623EE90C18C6B33542796207,Tester/logs/20261010.log,3015014,2026-06-01,11:45,B152PR,"CE	0	18:16:49.648	Core 04	2026.06.01 11:45:01   [SRJ-IND] B152PR sym=USDJPY bar=2026.06.01 11:40 z1=1779,B,158.756,158.800,2026.05.25 06:45,1,2026.05.26 00:00,158.887,158.784"
855,JUNE0525-B157,1617DC1ACCE6B50ED2D1359582A70A8B8503C569623EE90C18C6B33542796207,Tester/logs/20261010.log,3015015,2026-06-01,11:45,B152PR,"JK	0	18:16:49.648	Core 04	2026.06.01 11:45:01   [SRJ-IND] B152PR sym=USDJPY bar=2026.06.01 11:40 z1=1780,B,158.789,158.814,2026.05.25 04:50,1,2026.05.26 00:00,158.887,158.784"
856,JUNE0525-B157,1617DC1ACCE6B50ED2D1359582A70A8B8503C569623EE90C18C6B33542796207,Tester/logs/20261010.log,3015016,2026-06-01,11:45,B152PR,"OQ	0	18:16:49.648	Core 04	2026.06.01 11:45:01   [SRJ-IND] B152PR sym=USDJPY bar=2026.06.01 11:40 z1=1949,B,158.916,158.934,2026.05.26 07:25,1,2026.05.26 07:30,158.942,158.934"
857,JUNE0525-B157,1617DC1ACCE6B50ED2D1359582A70A8B8503C569623EE90C18C6B33542796207,Tester/logs/20261010.log,3015017,2026-06-01,11:45,B152PR,"FF	0	18:16:49.648	Core 04	2026.06.01 11:45:01   [SRJ-IND] B152PR sym=USDJPY bar=2026.06.01 11:40 z1=2271,S,159.524,159.574,2026.05.28 09:40,1,2026.05.28 11:25,159.524,159.488"
858,JUNE0525-B157,1617DC1ACCE6B50ED2D1359582A70A8B8503C569623EE90C18C6B33542796207,Tester/logs/20261010.log,3015018,2026-06-01,11:45,B152PR,"OL	0	18:16:49.648	Core 04	2026.06.01 11:45:01   [SRJ-IND] B152PR sym=USDJPY bar=2026.06.01 11:40 z1=2277,S,159.551,159.575,2026.05.28 08:40,1,2026.05.28 08:50,159.556,159.541"
859,JUNE0525-B157,1617DC1ACCE6B50ED2D1359582A70A8B8503C569623EE90C18C6B33542796207,Tester/logs/20261010.log,3015019,2026-06-01,11:45,B152PR,"LR	0	18:16:49.648	Core 04	2026.06.01 11:45:01   [SRJ-IND] B152PR sym=USDJPY bar=2026.06.01 11:40 z1=2299,S,159.488,159.524,2026.05.28 11:45,1,2026.05.28 17:00,159.491,159.448"
860,JUNE0525-B157,1617DC1ACCE6B50ED2D1359582A70A8B8503C569623EE90C18C6B33542796207,Tester/logs/20261010.log,3015020,2026-06-01,11:45,B152PR,"JI	0	18:16:49.648	Core 04	2026.06.01 11:45:01   [SRJ-IND] B152PR sym=USDJPY bar=2026.06.01 11:40 z1=2509,B,159.134,159.195,2026.05.29 19:10,1,2026.05.29 19:35,159.215,159.186"
861,JUNE0525-B157,1617DC1ACCE6B50ED2D1359582A70A8B8503C569623EE90C18C6B33542796207,Tester/logs/20261010.log,3015021,2026-06-01,11:45,B152PR,"EN	0	18:16:49.648	Core 04	2026.06.01 11:45:01   [SRJ-IND] B152PR sym=USDJPY bar=2026.06.01 11:40 z1=2585,S,159.485,159.494,2026.06.01 06:00,1,2026.06.01 09:15,159.486,159.466"
862,JUNE0525-B157,1617DC1ACCE6B50ED2D1359582A70A8B8503C569623EE90C18C6B33542796207,Tester/logs/20261010.log,3015022,2026-06-01,11:45,B152PR,"CG	0	18:16:49.648	Core 04	2026.06.01 11:45:01   [SRJ-IND] B152PR sym=USDJPY bar=2026.06.01 11:40 bull=1 bear=1 nz=21"
863,JUNE0525-B157,1617DC1ACCE6B50ED2D1359582A70A8B8503C569623EE90C18C6B33542796207,Tester/logs/20261010.log,3015027,2026-06-01,11:45,CQDRECHECK,"PG	0	18:16:49.648	Core 04	2026.06.01 11:45:01   [SRJ-EA] CQDRECHECK shift=2 passA=-2.0 passB=-2.0 diff=0 bar=2026.06.01 11:35 state=IDLE dir=NONE divLatch=0 hit1=0 hit2=379 mism=0"
864,JUNE0525-B157,1617DC1ACCE6B50ED2D1359582A70A8B8503C569623EE90C18C6B33542796207,Tester/logs/20261010.log,3015033,2026-06-01,11:50,B152PR,"FH	0	18:16:49.648	Core 04	2026.06.01 11:50:00   [SRJ-IND] B152PR sym=USDJPY bar=2026.06.01 11:45 z1=65,B,156.672,156.773,2026.05.11 04:10,1,2026.05.12 08:55,157.714,156.726"
865,JUNE0525-B157,1617DC1ACCE6B50ED2D1359582A70A8B8503C569623EE90C18C6B33542796207,Tester/logs/20261010.log,3015034,2026-06-01,11:50,B152PR,"FN	0	18:16:49.648	Core 04	2026.06.01 11:50:00   [SRJ-IND] B152PR sym=USDJPY bar=2026.06.01 11:45 z1=78,B,156.578,156.584,2026.05.11 00:35,1,2026.05.11 00:40,156.644,156.537"
866,JUNE0525-B157,1617DC1ACCE6B50ED2D1359582A70A8B8503C569623EE90C18C6B33542796207,Tester/logs/20261010.log,3015035,2026-06-01,11:50,B152PR,"DF	0	18:16:49.648	Core 04	2026.06.01 11:50:00   [SRJ-IND] B152PR sym=USDJPY bar=2026.06.01 11:45 z1=212,B,157.028,157.060,2026.05.11 19:20,1,2026.05.12 00:00,157.152,157.050"
867,JUNE0525-B157,1617DC1ACCE6B50ED2D1359582A70A8B8503C569623EE90C18C6B33542796207,Tester/logs/20261010.log,3015036,2026-06-01,11:50,B152PR,"DH	0	18:16:49.648	Core 04	2026.06.01 11:50:00   [SRJ-IND] B152PR sym=USDJPY bar=2026.06.01 11:45 z1=256,B,157.172,157.178,2026.05.12 01:25,1,2026.05.12 08:55,157.714,156.726"
868,JUNE0525-B157,1617DC1ACCE6B50ED2D1359582A70A8B8503C569623EE90C18C6B33542796207,Tester/logs/20261010.log,3015037,2026-06-01,11:50,B152PR,"NR	0	18:16:49.648	Core 04	2026.06.01 11:50:00   [SRJ-IND] B152PR sym=USDJPY bar=2026.06.01 11:45 z1=261,B,157.184,157.192,2026.05.12 03:00,1,2026.05.12 08:55,157.714,156.726"
869,JUNE0525-B157,1617DC1ACCE6B50ED2D1359582A70A8B8503C569623EE90C18C6B33542796207,Tester/logs/20261010.log,3015038,2026-06-01,11:50,B152PR,"JD	0	18:16:49.648	Core 04	2026.06.01 11:50:00   [SRJ-IND] B152PR sym=USDJPY bar=2026.06.01 11:45 z1=313,B,157.331,157.497,2026.05.12 10:00,1,2026.05.12 10:10,157.546,157.487"
870,JUNE0525-B157,1617DC1ACCE6B50ED2D1359582A70A8B8503C569623EE90C18C6B33542796207,Tester/logs/20261010.log,3015039,2026-06-01,11:50,B152PR,"CN	0	18:16:49.648	Core 04	2026.06.01 11:50:00   [SRJ-IND] B152PR sym=USDJPY bar=2026.06.01 11:45 z1=414,B,157.517,157.589,2026.05.13 01:10,1,2026.05.13 01:20,157.607,157.587"
871,JUNE0525-B157,1617DC1ACCE6B50ED2D1359582A70A8B8503C569623EE90C18C6B33542796207,Tester/logs/20261010.log,3015040,2026-06-01,11:50,B152PR,"PP	0	18:16:49.648	Core 04	2026.06.01 11:50:00   [SRJ-IND] B152PR sym=USDJPY bar=2026.06.01 11:45 z1=447,B,157.562,157.648,2026.05.13 06:20,1,2026.05.13 06:25,157.662,157.648"
872,JUNE0525-B157,1617DC1ACCE6B50ED2D1359582A70A8B8503C569623EE90C18C6B33542796207,Tester/logs/20261010.log,3015041,2026-06-01,11:50,B152PR,"OJ	0	18:16:49.648	Core 04	2026.06.01 11:50:00   [SRJ-IND] B152PR sym=USDJPY bar=2026.06.01 11:45 z1=449,B,157.599,157.654,2026.05.13 05:15,1,2026.05.13 05:45,157.687,157.652"
873,JUNE0525-B157,1617DC1ACCE6B50ED2D1359582A70A8B8503C569623EE90C18C6B33542796207,Tester/logs/20261010.log,3015042,2026-06-01,11:50,B152PR,"JL	0	18:16:49.648	Core 04	2026.06.01 11:50:00   [SRJ-IND] B152PR sym=USDJPY bar=2026.06.01 11:45 z1=460,B,157.645,157.660,2026.05.13 07:05,1,2026.05.14 00:25,157.812,157.650"
874,JUNE0525-B157,1617DC1ACCE6B50ED2D1359582A70A8B8503C569623EE90C18C6B33542796207,Tester/logs/20261010.log,3015043,2026-06-01,11:50,B152PR,"RQ	0	18:16:49.648	Core 04	2026.06.01 11:50:00   [SRJ-IND] B152PR sym=USDJPY bar=2026.06.01 11:45 z1=696,B,157.568,158.167,2026.05.14 18:05,1,2026.05.14 18:10,158.191,158.119"
875,JUNE0525-B157,1617DC1ACCE6B50ED2D1359582A70A8B8503C569623EE90C18C6B33542796207,Tester/logs/20261010.log,3015044,2026-06-01,11:50,B152PR,"JK	0	18:16:49.648	Core 04	2026.06.01 11:50:00   [SRJ-IND] B152PR sym=USDJPY bar=2026.06.01 11:45 z1=714,B,158.107,158.142,2026.05.14 19:30,1,2026.05.14 20:00,158.169,158.142"
876,JUNE0525-B157,1617DC1ACCE6B50ED2D1359582A70A8B8503C569623EE90C18C6B33542796207,Tester/logs/20261010.log,3015045,2026-06-01,11:50,B152PR,"CN	0	18:16:49.648	Core 04	2026.06.01 11:50:00   [SRJ-IND] B152PR sym=USDJPY bar=2026.06.01 11:45 z1=1405,B,158.735,158.769,2026.05.20 19:00,1,2026.05.20 19:05,158.816,158.753"
877,JUNE0525-B157,1617DC1ACCE6B50ED2D1359582A70A8B8503C569623EE90C18C6B33542796207,Tester/logs/20261010.log,3015046,2026-06-01,11:50,B152PR,"QD	0	18:16:49.648	Core 04	2026.06.01 11:50:00   [SRJ-IND] B152PR sym=USDJPY bar=2026.06.01 11:45 z1=1779,B,158.756,158.800,2026.05.25 06:45,1,2026.05.26 00:00,158.887,158.784"
878,JUNE0525-B157,1617DC1ACCE6B50ED2D1359582A70A8B8503C569623EE90C18C6B33542796207,Tester/logs/20261010.log,3015047,2026-06-01,11:50,B152PR,"LJ	0	18:16:49.648	Core 04	2026.06.01 11:50:00   [SRJ-IND] B152PR sym=USDJPY bar=2026.06.01 11:45 z1=1780,B,158.789,158.814,2026.05.25 04:50,1,2026.05.26 00:00,158.887,158.784"
879,JUNE0525-B157,1617DC1ACCE6B50ED2D1359582A70A8B8503C569623EE90C18C6B33542796207,Tester/logs/20261010.log,3015048,2026-06-01,11:50,B152PR,"EP	0	18:16:49.648	Core 04	2026.06.01 11:50:00   [SRJ-IND] B152PR sym=USDJPY bar=2026.06.01 11:45 z1=1949,B,158.916,158.934,2026.05.26 07:25,1,2026.05.26 07:30,158.942,158.934"
880,JUNE0525-B157,1617DC1ACCE6B50ED2D1359582A70A8B8503C569623EE90C18C6B33542796207,Tester/logs/20261010.log,3015049,2026-06-01,11:50,B152PR,"PG	0	18:16:49.648	Core 04	2026.06.01 11:50:00   [SRJ-IND] B152PR sym=USDJPY bar=2026.06.01 11:45 z1=2271,S,159.524,159.574,2026.05.28 09:40,1,2026.05.28 11:25,159.524,159.488"
881,JUNE0525-B157,1617DC1ACCE6B50ED2D1359582A70A8B8503C569623EE90C18C6B33542796207,Tester/logs/20261010.log,3015050,2026-06-01,11:50,B152PR,"EM	0	18:16:49.648	Core 04	2026.06.01 11:50:00   [SRJ-IND] B152PR sym=USDJPY bar=2026.06.01 11:45 z1=2277,S,159.551,159.575,2026.05.28 08:40,1,2026.05.28 08:50,159.556,159.541"
882,JUNE0525-B157,1617DC1ACCE6B50ED2D1359582A70A8B8503C569623EE90C18C6B33542796207,Tester/logs/20261010.log,3015051,2026-06-01,11:50,B152PR,"JS	0	18:16:49.648	Core 04	2026.06.01 11:50:00   [SRJ-IND] B152PR sym=USDJPY bar=2026.06.01 11:45 z1=2299,S,159.488,159.524,2026.05.28 11:45,1,2026.05.28 17:00,159.491,159.448"
883,JUNE0525-B157,1617DC1ACCE6B50ED2D1359582A70A8B8503C569623EE90C18C6B33542796207,Tester/logs/20261010.log,3015052,2026-06-01,11:50,B152PR,"LH	0	18:16:49.648	Core 04	2026.06.01 11:50:00   [SRJ-IND] B152PR sym=USDJPY bar=2026.06.01 11:45 z1=2509,B,159.134,159.195,2026.05.29 19:10,1,2026.05.29 19:35,159.215,159.186"
884,JUNE0525-B157,1617DC1ACCE6B50ED2D1359582A70A8B8503C569623EE90C18C6B33542796207,Tester/logs/20261010.log,3015053,2026-06-01,11:50,B152PR,"OO	0	18:16:49.648	Core 04	2026.06.01 11:50:00   [SRJ-IND] B152PR sym=USDJPY bar=2026.06.01 11:45 z1=2585,S,159.485,159.494,2026.06.01 06:00,1,2026.06.01 09:15,159.486,159.466"
885,JUNE0525-B157,1617DC1ACCE6B50ED2D1359582A70A8B8503C569623EE90C18C6B33542796207,Tester/logs/20261010.log,3015054,2026-06-01,11:50,B152PR,"QF	0	18:16:49.648	Core 04	2026.06.01 11:50:00   [SRJ-IND] B152PR sym=USDJPY bar=2026.06.01 11:45 bull=1 bear=1 nz=21"
886,JUNE0525-B157,1617DC1ACCE6B50ED2D1359582A70A8B8503C569623EE90C18C6B33542796207,Tester/logs/20261010.log,3015058,2026-06-01,11:50,CQDRECHECK,"QD	0	18:16:49.648	Core 04	2026.06.01 11:50:00   [SRJ-EA] CQDRECHECK shift=2 passA=-2.0 passB=-2.0 diff=0 bar=2026.06.01 11:40 state=IDLE dir=NONE divLatch=0 hit1=0 hit2=380 mism=0"
887,JUNE0525-B157,1617DC1ACCE6B50ED2D1359582A70A8B8503C569623EE90C18C6B33542796207,Tester/logs/20261010.log,3015063,2026-06-01,11:55,B152PR,"IL	0	18:16:49.648	Core 04	2026.06.01 11:55:00   [SRJ-IND] B152PR sym=USDJPY bar=2026.06.01 11:50 z1=65,B,156.672,156.773,2026.05.11 04:10,1,2026.05.12 08:55,157.714,156.726"
888,JUNE0525-B157,1617DC1ACCE6B50ED2D1359582A70A8B8503C569623EE90C18C6B33542796207,Tester/logs/20261010.log,3015064,2026-06-01,11:55,B152PR,"QS	0	18:16:49.648	Core 04	2026.06.01 11:55:00   [SRJ-IND] B152PR sym=USDJPY bar=2026.06.01 11:50 z1=78,B,156.578,156.584,2026.05.11 00:35,1,2026.05.11 00:40,156.644,156.537"
889,JUNE0525-B157,1617DC1ACCE6B50ED2D1359582A70A8B8503C569623EE90C18C6B33542796207,Tester/logs/20261010.log,3015065,2026-06-01,11:55,B152PR,"GJ	0	18:16:49.648	Core 04	2026.06.01 11:55:00   [SRJ-IND] B152PR sym=USDJPY bar=2026.06.01 11:50 z1=212,B,157.028,157.060,2026.05.11 19:20,1,2026.05.12 00:00,157.152,157.050"
890,JUNE0525-B157,1617DC1ACCE6B50ED2D1359582A70A8B8503C569623EE90C18C6B33542796207,Tester/logs/20261010.log,3015066,2026-06-01,11:55,B152PR,"GL	0	18:16:49.648	Core 04	2026.06.01 11:55:00   [SRJ-IND] B152PR sym=USDJPY bar=2026.06.01 11:50 z1=256,B,157.172,157.178,2026.05.12 01:25,1,2026.05.12 08:55,157.714,156.726"
891,JUNE0525-B157,1617DC1ACCE6B50ED2D1359582A70A8B8503C569623EE90C18C6B33542796207,Tester/logs/20261010.log,3015067,2026-06-01,11:55,B152PR,"IF	0	18:16:49.648	Core 04	2026.06.01 11:55:00   [SRJ-IND] B152PR sym=USDJPY bar=2026.06.01 11:50 z1=261,B,157.184,157.192,2026.05.12 03:00,1,2026.05.12 08:55,157.714,156.726"
892,JUNE0525-B157,1617DC1ACCE6B50ED2D1359582A70A8B8503C569623EE90C18C6B33542796207,Tester/logs/20261010.log,3015068,2026-06-01,11:55,B152PR,"MH	0	18:16:49.648	Core 04	2026.06.01 11:55:00   [SRJ-IND] B152PR sym=USDJPY bar=2026.06.01 11:50 z1=313,B,157.331,157.497,2026.05.12 10:00,1,2026.05.12 10:10,157.546,157.487"
893,JUNE0525-B157,1617DC1ACCE6B50ED2D1359582A70A8B8503C569623EE90C18C6B33542796207,Tester/logs/20261010.log,3015069,2026-06-01,11:55,B152PR,"HR	0	18:16:49.648	Core 04	2026.06.01 11:55:00   [SRJ-IND] B152PR sym=USDJPY bar=2026.06.01 11:50 z1=414,B,157.517,157.589,2026.05.13 01:10,1,2026.05.13 01:20,157.607,157.587"
894,JUNE0525-B157,1617DC1ACCE6B50ED2D1359582A70A8B8503C569623EE90C18C6B33542796207,Tester/logs/20261010.log,3015070,2026-06-01,11:55,B152PR,"KD	0	18:16:49.648	Core 04	2026.06.01 11:55:00   [SRJ-IND] B152PR sym=USDJPY bar=2026.06.01 11:50 z1=447,B,157.562,157.648,2026.05.13 06:20,1,2026.05.13 06:25,157.662,157.648"
895,JUNE0525-B157,1617DC1ACCE6B50ED2D1359582A70A8B8503C569623EE90C18C6B33542796207,Tester/logs/20261010.log,3015071,2026-06-01,11:55,B152PR,"DI	0	18:16:49.648	Core 04	2026.06.01 11:55:00   [SRJ-IND] B152PR sym=USDJPY bar=2026.06.01 11:50 z1=449,B,157.599,157.654,2026.05.13 05:15,1,2026.05.13 05:45,157.687,157.652"
896,JUNE0525-B157,1617DC1ACCE6B50ED2D1359582A70A8B8503C569623EE90C18C6B33542796207,Tester/logs/20261010.log,3015072,2026-06-01,11:55,B152PR,"MS	0	18:16:49.648	Core 04	2026.06.01 11:55:00   [SRJ-IND] B152PR sym=USDJPY bar=2026.06.01 11:50 z1=460,B,157.645,157.660,2026.05.13 07:05,1,2026.05.14 00:25,157.812,157.650"
897,JUNE0525-B157,1617DC1ACCE6B50ED2D1359582A70A8B8503C569623EE90C18C6B33542796207,Tester/logs/20261010.log,3015073,2026-06-01,11:55,B152PR,"ME	0	18:16:49.648	Core 04	2026.06.01 11:55:00   [SRJ-IND] B152PR sym=USDJPY bar=2026.06.01 11:50 z1=696,B,157.568,158.167,2026.05.14 18:05,1,2026.05.14 18:10,158.191,158.119"
898,JUNE0525-B157,1617DC1ACCE6B50ED2D1359582A70A8B8503C569623EE90C18C6B33542796207,Tester/logs/20261010.log,3015074,2026-06-01,11:55,B152PR,"EO	0	18:16:49.648	Core 04	2026.06.01 11:55:00   [SRJ-IND] B152PR sym=USDJPY bar=2026.06.01 11:50 z1=714,B,158.107,158.142,2026.05.14 19:30,1,2026.05.14 20:00,158.169,158.142"
899,JUNE0525-B157,1617DC1ACCE6B50ED2D1359582A70A8B8503C569623EE90C18C6B33542796207,Tester/logs/20261010.log,3015075,2026-06-01,11:55,B152PR,"PR	0	18:16:49.648	Core 04	2026.06.01 11:55:00   [SRJ-IND] B152PR sym=USDJPY bar=2026.06.01 11:50 z1=1405,B,158.735,158.769,2026.05.20 19:00,1,2026.05.20 19:05,158.816,158.753"
900,JUNE0525-B157,1617DC1ACCE6B50ED2D1359582A70A8B8503C569623EE90C18C6B33542796207,Tester/logs/20261010.log,3015076,2026-06-01,11:55,B152PR,"FH	0	18:16:49.648	Core 04	2026.06.01 11:55:00   [SRJ-IND] B152PR sym=USDJPY bar=2026.06.01 11:50 z1=1779,B,158.756,158.800,2026.05.25 06:45,1,2026.05.26 00:00,158.887,158.784"
901,JUNE0525-B157,1617DC1ACCE6B50ED2D1359582A70A8B8503C569623EE90C18C6B33542796207,Tester/logs/20261010.log,3015077,2026-06-01,11:55,B152PR,"GN	0	18:16:49.648	Core 04	2026.06.01 11:55:00   [SRJ-IND] B152PR sym=USDJPY bar=2026.06.01 11:50 z1=1780,B,158.789,158.814,2026.05.25 04:50,1,2026.05.26 00:00,158.887,158.784"
902,JUNE0525-B157,1617DC1ACCE6B50ED2D1359582A70A8B8503C569623EE90C18C6B33542796207,Tester/logs/20261010.log,3015078,2026-06-01,11:55,B152PR,"RD	0	18:16:49.648	Core 04	2026.06.01 11:55:00   [SRJ-IND] B152PR sym=USDJPY bar=2026.06.01 11:50 z1=1949,B,158.916,158.934,2026.05.26 07:25,1,2026.05.26 07:30,158.942,158.934"
903,JUNE0525-B157,1617DC1ACCE6B50ED2D1359582A70A8B8503C569623EE90C18C6B33542796207,Tester/logs/20261010.log,3015079,2026-06-01,11:55,B152PR,"CK	0	18:16:49.648	Core 04	2026.06.01 11:55:00   [SRJ-IND] B152PR sym=USDJPY bar=2026.06.01 11:50 z1=2271,S,159.524,159.574,2026.05.28 09:40,1,2026.05.28 11:25,159.524,159.488"
904,JUNE0525-B157,1617DC1ACCE6B50ED2D1359582A70A8B8503C569623EE90C18C6B33542796207,Tester/logs/20261010.log,3015080,2026-06-01,11:55,B152PR,"RQ	0	18:16:49.648	Core 04	2026.06.01 11:55:00   [SRJ-IND] B152PR sym=USDJPY bar=2026.06.01 11:50 z1=2277,S,159.551,159.575,2026.05.28 08:40,1,2026.05.28 08:50,159.556,159.541"
905,JUNE0525-B157,1617DC1ACCE6B50ED2D1359582A70A8B8503C569623EE90C18C6B33542796207,Tester/logs/20261010.log,3015081,2026-06-01,11:55,B152PR,"MG	0	18:16:49.648	Core 04	2026.06.01 11:55:00   [SRJ-IND] B152PR sym=USDJPY bar=2026.06.01 11:50 z1=2299,S,159.488,159.524,2026.05.28 11:45,1,2026.05.28 17:00,159.491,159.448"
906,JUNE0525-B157,1617DC1ACCE6B50ED2D1359582A70A8B8503C569623EE90C18C6B33542796207,Tester/logs/20261010.log,3015082,2026-06-01,11:55,B152PR,"GL	0	18:16:49.648	Core 04	2026.06.01 11:55:00   [SRJ-IND] B152PR sym=USDJPY bar=2026.06.01 11:50 z1=2509,B,159.134,159.195,2026.05.29 19:10,1,2026.05.29 19:35,159.215,159.186"
907,JUNE0525-B157,1617DC1ACCE6B50ED2D1359582A70A8B8503C569623EE90C18C6B33542796207,Tester/logs/20261010.log,3015083,2026-06-01,11:55,B152PR,"DS	0	18:16:49.648	Core 04	2026.06.01 11:55:00   [SRJ-IND] B152PR sym=USDJPY bar=2026.06.01 11:50 z1=2585,S,159.485,159.494,2026.06.01 06:00,1,2026.06.01 09:15,159.486,159.466"
908,JUNE0525-B157,1617DC1ACCE6B50ED2D1359582A70A8B8503C569623EE90C18C6B33542796207,Tester/logs/20261010.log,3015084,2026-06-01,11:55,B152PR,"FJ	0	18:16:49.648	Core 04	2026.06.01 11:55:00   [SRJ-IND] B152PR sym=USDJPY bar=2026.06.01 11:50 bull=1 bear=1 nz=21"
909,JUNE0525-B157,1617DC1ACCE6B50ED2D1359582A70A8B8503C569623EE90C18C6B33542796207,Tester/logs/20261010.log,3015088,2026-06-01,11:55,CQDRECHECK,"FH	0	18:16:49.648	Core 04	2026.06.01 11:55:00   [SRJ-EA] CQDRECHECK shift=2 passA=-2.0 passB=-2.0 diff=0 bar=2026.06.01 11:45 state=IDLE dir=NONE divLatch=0 hit1=0 hit2=381 mism=0"
910,JUNE0525-B157,1617DC1ACCE6B50ED2D1359582A70A8B8503C569623EE90C18C6B33542796207,Tester/logs/20261010.log,3015093,2026-06-01,12:00,B152PR,"CP	0	18:16:49.648	Core 04	2026.06.01 12:00:02   [SRJ-IND] B152PR sym=USDJPY bar=2026.06.01 11:55 z1=65,B,156.672,156.773,2026.05.11 04:10,1,2026.05.12 08:55,157.714,156.726"
911,JUNE0525-B157,1617DC1ACCE6B50ED2D1359582A70A8B8503C569623EE90C18C6B33542796207,Tester/logs/20261010.log,3015094,2026-06-01,12:00,B152PR,"KG	0	18:16:49.648	Core 04	2026.06.01 12:00:02   [SRJ-IND] B152PR sym=USDJPY bar=2026.06.01 11:55 z1=78,B,156.578,156.584,2026.05.11 00:35,1,2026.05.11 00:40,156.644,156.537"
912,JUNE0525-B157,1617DC1ACCE6B50ED2D1359582A70A8B8503C569623EE90C18C6B33542796207,Tester/logs/20261010.log,3015095,2026-06-01,12:00,B152PR,"EN	0	18:16:49.648	Core 04	2026.06.01 12:00:02   [SRJ-IND] B152PR sym=USDJPY bar=2026.06.01 11:55 z1=212,B,157.028,157.060,2026.05.11 19:20,1,2026.05.12 00:00,157.152,157.050"
913,JUNE0525-B157,1617DC1ACCE6B50ED2D1359582A70A8B8503C569623EE90C18C6B33542796207,Tester/logs/20261010.log,3015096,2026-06-01,12:00,B152PR,"QP	0	18:16:49.648	Core 04	2026.06.01 12:00:02   [SRJ-IND] B152PR sym=USDJPY bar=2026.06.01 11:55 z1=256,B,157.172,157.178,2026.05.12 01:25,1,2026.05.12 08:55,157.714,156.726"
914,JUNE0525-B157,1617DC1ACCE6B50ED2D1359582A70A8B8503C569623EE90C18C6B33542796207,Tester/logs/20261010.log,3015097,2026-06-01,12:00,B152PR,"CJ	0	18:16:49.648	Core 04	2026.06.01 12:00:02   [SRJ-IND] B152PR sym=USDJPY bar=2026.06.01 11:55 z1=261,B,157.184,157.192,2026.05.12 03:00,1,2026.05.12 08:55,157.714,156.726"
915,JUNE0525-B157,1617DC1ACCE6B50ED2D1359582A70A8B8503C569623EE90C18C6B33542796207,Tester/logs/20261010.log,3015098,2026-06-01,12:00,B152PR,"KL	0	18:16:49.648	Core 04	2026.06.01 12:00:02   [SRJ-IND] B152PR sym=USDJPY bar=2026.06.01 11:55 z1=313,B,157.331,157.497,2026.05.12 10:00,1,2026.05.12 10:10,157.546,157.487"
916,JUNE0525-B157,1617DC1ACCE6B50ED2D1359582A70A8B8503C569623EE90C18C6B33542796207,Tester/logs/20261010.log,3015099,2026-06-01,12:00,B152PR,"FF	0	18:16:49.648	Core 04	2026.06.01 12:00:02   [SRJ-IND] B152PR sym=USDJPY bar=2026.06.01 11:55 z1=414,B,157.517,157.589,2026.05.13 01:10,1,2026.05.13 01:20,157.607,157.587"
917,JUNE0525-B157,1617DC1ACCE6B50ED2D1359582A70A8B8503C569623EE90C18C6B33542796207,Tester/logs/20261010.log,3015100,2026-06-01,12:00,B152PR,"EK	0	18:16:49.648	Core 04	2026.06.01 12:00:02   [SRJ-IND] B152PR sym=USDJPY bar=2026.06.01 11:55 z1=447,B,157.562,157.648,2026.05.13 06:20,1,2026.05.13 06:25,157.662,157.648"
918,JUNE0525-B157,1617DC1ACCE6B50ED2D1359582A70A8B8503C569623EE90C18C6B33542796207,Tester/logs/20261010.log,3015101,2026-06-01,12:00,B152PR,"JM	0	18:16:49.648	Core 04	2026.06.01 12:00:02   [SRJ-IND] B152PR sym=USDJPY bar=2026.06.01 11:55 z1=449,B,157.599,157.654,2026.05.13 05:15,1,2026.05.13 05:45,157.687,157.652"
919,JUNE0525-B157,1617DC1ACCE6B50ED2D1359582A70A8B8503C569623EE90C18C6B33542796207,Tester/logs/20261010.log,3015102,2026-06-01,12:00,B152PR,"KG	0	18:16:49.648	Core 04	2026.06.01 12:00:02   [SRJ-IND] B152PR sym=USDJPY bar=2026.06.01 11:55 z1=460,B,157.645,157.660,2026.05.13 07:05,1,2026.05.14 00:25,157.812,157.650"
920,JUNE0525-B157,1617DC1ACCE6B50ED2D1359582A70A8B8503C569623EE90C18C6B33542796207,Tester/logs/20261010.log,3015103,2026-06-01,12:00,B152PR,"OI	0	18:16:49.648	Core 04	2026.06.01 12:00:02   [SRJ-IND] B152PR sym=USDJPY bar=2026.06.01 11:55 z1=696,B,157.568,158.167,2026.05.14 18:05,1,2026.05.14 18:10,158.191,158.119"
921,JUNE0525-B157,1617DC1ACCE6B50ED2D1359582A70A8B8503C569623EE90C18C6B33542796207,Tester/logs/20261010.log,3015104,2026-06-01,12:00,B152PR,"KS	0	18:16:49.648	Core 04	2026.06.01 12:00:02   [SRJ-IND] B152PR sym=USDJPY bar=2026.06.01 11:55 z1=714,B,158.107,158.142,2026.05.14 19:30,1,2026.05.14 20:00,158.169,158.142"
922,JUNE0525-B157,1617DC1ACCE6B50ED2D1359582A70A8B8503C569623EE90C18C6B33542796207,Tester/logs/20261010.log,3015105,2026-06-01,12:00,B152PR,"NF	0	18:16:49.648	Core 04	2026.06.01 12:00:02   [SRJ-IND] B152PR sym=USDJPY bar=2026.06.01 11:55 z1=1405,B,158.735,158.769,2026.05.20 19:00,1,2026.05.20 19:05,158.816,158.753"
923,JUNE0525-B157,1617DC1ACCE6B50ED2D1359582A70A8B8503C569623EE90C18C6B33542796207,Tester/logs/20261010.log,3015106,2026-06-01,12:00,B152PR,"HL	0	18:16:49.648	Core 04	2026.06.01 12:00:02   [SRJ-IND] B152PR sym=USDJPY bar=2026.06.01 11:55 z1=1779,B,158.756,158.800,2026.05.25 06:45,1,2026.05.26 00:00,158.887,158.784"
924,JUNE0525-B157,1617DC1ACCE6B50ED2D1359582A70A8B8503C569623EE90C18C6B33542796207,Tester/logs/20261010.log,3015107,2026-06-01,12:00,B152PR,"ER	0	18:16:49.648	Core 04	2026.06.01 12:00:02   [SRJ-IND] B152PR sym=USDJPY bar=2026.06.01 11:55 z1=1780,B,158.789,158.814,2026.05.25 04:50,1,2026.05.26 00:00,158.887,158.784"
925,JUNE0525-B157,1617DC1ACCE6B50ED2D1359582A70A8B8503C569623EE90C18C6B33542796207,Tester/logs/20261010.log,3015108,2026-06-01,12:00,B152PR,"LH	0	18:16:49.648	Core 04	2026.06.01 12:00:02   [SRJ-IND] B152PR sym=USDJPY bar=2026.06.01 11:55 z1=1949,B,158.916,158.934,2026.05.26 07:25,1,2026.05.26 07:30,158.942,158.934"
926,JUNE0525-B157,1617DC1ACCE6B50ED2D1359582A70A8B8503C569623EE90C18C6B33542796207,Tester/logs/20261010.log,3015109,2026-06-01,12:00,B152PR,"IO	0	18:16:49.648	Core 04	2026.06.01 12:00:02   [SRJ-IND] B152PR sym=USDJPY bar=2026.06.01 11:55 z1=2271,S,159.524,159.574,2026.05.28 09:40,1,2026.05.28 11:25,159.524,159.488"
927,JUNE0525-B157,1617DC1ACCE6B50ED2D1359582A70A8B8503C569623EE90C18C6B33542796207,Tester/logs/20261010.log,3015110,2026-06-01,12:00,B152PR,"LE	0	18:16:49.648	Core 04	2026.06.01 12:00:02   [SRJ-IND] B152PR sym=USDJPY bar=2026.06.01 11:55 z1=2277,S,159.551,159.575,2026.05.28 08:40,1,2026.05.28 08:50,159.556,159.541"
928,JUNE0525-B157,1617DC1ACCE6B50ED2D1359582A70A8B8503C569623EE90C18C6B33542796207,Tester/logs/20261010.log,3015111,2026-06-01,12:00,B152PR,"OK	0	18:16:49.648	Core 04	2026.06.01 12:00:02   [SRJ-IND] B152PR sym=USDJPY bar=2026.06.01 11:55 z1=2299,S,159.488,159.524,2026.05.28 11:45,1,2026.05.28 17:00,159.491,159.448"
929,JUNE0525-B157,1617DC1ACCE6B50ED2D1359582A70A8B8503C569623EE90C18C6B33542796207,Tester/logs/20261010.log,3015112,2026-06-01,12:00,B152PR,"EP	0	18:16:49.648	Core 04	2026.06.01 12:00:02   [SRJ-IND] B152PR sym=USDJPY bar=2026.06.01 11:55 z1=2509,B,159.134,159.195,2026.05.29 19:10,1,2026.05.29 19:35,159.215,159.186"
930,JUNE0525-B157,1617DC1ACCE6B50ED2D1359582A70A8B8503C569623EE90C18C6B33542796207,Tester/logs/20261010.log,3015113,2026-06-01,12:00,B152PR,"JG	0	18:16:49.648	Core 04	2026.06.01 12:00:02   [SRJ-IND] B152PR sym=USDJPY bar=2026.06.01 11:55 z1=2585,S,159.485,159.494,2026.06.01 06:00,1,2026.06.01 09:15,159.486,159.466"
931,JUNE0525-B157,1617DC1ACCE6B50ED2D1359582A70A8B8503C569623EE90C18C6B33542796207,Tester/logs/20261010.log,3015114,2026-06-01,12:00,B152PR,"HN	0	18:16:49.648	Core 04	2026.06.01 12:00:02   [SRJ-IND] B152PR sym=USDJPY bar=2026.06.01 11:55 bull=1 bear=1 nz=21"
932,JUNE0525-B157,1617DC1ACCE6B50ED2D1359582A70A8B8503C569623EE90C18C6B33542796207,Tester/logs/20261010.log,3015760,2026-06-01,14:00,B152PR,"PJ	0	18:16:55.754	Core 04	2026.06.01 14:00:00   [SRJ-IND] B152PR sym=USDJPY bar=2026.06.01 13:55 z1=65,B,156.672,156.773,2026.05.11 04:10,1,2026.05.12 08:55,157.714,156.726"
933,JUNE0525-B157,1617DC1ACCE6B50ED2D1359582A70A8B8503C569623EE90C18C6B33542796207,Tester/logs/20261010.log,3015761,2026-06-01,14:00,B152PR,"HP	0	18:16:55.754	Core 04	2026.06.01 14:00:00   [SRJ-IND] B152PR sym=USDJPY bar=2026.06.01 13:55 z1=78,B,156.578,156.584,2026.05.11 00:35,1,2026.05.11 00:40,156.644,156.537"
934,JUNE0525-B157,1617DC1ACCE6B50ED2D1359582A70A8B8503C569623EE90C18C6B33542796207,Tester/logs/20261010.log,3015762,2026-06-01,14:00,B152PR,"RE	0	18:16:55.754	Core 04	2026.06.01 14:00:00   [SRJ-IND] B152PR sym=USDJPY bar=2026.06.01 13:55 z1=212,B,157.028,157.060,2026.05.11 19:20,1,2026.05.12 00:00,157.152,157.050"
935,JUNE0525-B157,1617DC1ACCE6B50ED2D1359582A70A8B8503C569623EE90C18C6B33542796207,Tester/logs/20261010.log,3015763,2026-06-01,14:00,B152PR,"RO	0	18:16:55.754	Core 04	2026.06.01 14:00:00   [SRJ-IND] B152PR sym=USDJPY bar=2026.06.01 13:55 z1=256,B,157.172,157.178,2026.05.12 01:25,1,2026.05.12 08:55,157.714,156.726"
936,JUNE0525-B157,1617DC1ACCE6B50ED2D1359582A70A8B8503C569623EE90C18C6B33542796207,Tester/logs/20261010.log,3015764,2026-06-01,14:00,B152PR,"PP	0	18:16:55.754	Core 04	2026.06.01 14:00:00   [SRJ-IND] B152PR sym=USDJPY bar=2026.06.01 13:55 z1=261,B,157.184,157.192,2026.05.12 03:00,1,2026.05.12 08:55,157.714,156.726"
937,JUNE0525-B157,1617DC1ACCE6B50ED2D1359582A70A8B8503C569623EE90C18C6B33542796207,Tester/logs/20261010.log,3015765,2026-06-01,14:00,B152PR,"DJ	0	18:16:55.754	Core 04	2026.06.01 14:00:00   [SRJ-IND] B152PR sym=USDJPY bar=2026.06.01 13:55 z1=313,B,157.331,157.497,2026.05.12 10:00,1,2026.05.12 10:10,157.546,157.487"
938,JUNE0525-B157,1617DC1ACCE6B50ED2D1359582A70A8B8503C569623EE90C18C6B33542796207,Tester/logs/20261010.log,3015766,2026-06-01,14:00,B152PR,"QL	0	18:16:55.754	Core 04	2026.06.01 14:00:00   [SRJ-IND] B152PR sym=USDJPY bar=2026.06.01 13:55 z1=414,B,157.517,157.589,2026.05.13 01:10,1,2026.05.13 01:20,157.607,157.587"
939,JUNE0525-B157,1617DC1ACCE6B50ED2D1359582A70A8B8503C569623EE90C18C6B33542796207,Tester/logs/20261010.log,3015767,2026-06-01,14:00,B152PR,"FF	0	18:16:55.754	Core 04	2026.06.01 14:00:00   [SRJ-IND] B152PR sym=USDJPY bar=2026.06.01 13:55 z1=447,B,157.562,157.648,2026.05.13 06:20,1,2026.05.13 06:25,157.662,157.648"
940,JUNE0525-B157,1617DC1ACCE6B50ED2D1359582A70A8B8503C569623EE90C18C6B33542796207,Tester/logs/20261010.log,3015768,2026-06-01,14:00,B152PR,"MH	0	18:16:55.754	Core 04	2026.06.01 14:00:00   [SRJ-IND] B152PR sym=USDJPY bar=2026.06.01 13:55 z1=449,B,157.599,157.654,2026.05.13 05:15,1,2026.05.13 05:45,157.687,157.652"
941,JUNE0525-B157,1617DC1ACCE6B50ED2D1359582A70A8B8503C569623EE90C18C6B33542796207,Tester/logs/20261010.log,3015769,2026-06-01,14:00,B152PR,"DR	0	18:16:55.754	Core 04	2026.06.01 14:00:00   [SRJ-IND] B152PR sym=USDJPY bar=2026.06.01 13:55 z1=460,B,157.645,157.660,2026.05.13 07:05,1,2026.05.14 00:25,157.812,157.650"
942,JUNE0525-B157,1617DC1ACCE6B50ED2D1359582A70A8B8503C569623EE90C18C6B33542796207,Tester/logs/20261010.log,3015770,2026-06-01,14:00,B152PR,"DD	0	18:16:55.754	Core 04	2026.06.01 14:00:00   [SRJ-IND] B152PR sym=USDJPY bar=2026.06.01 13:55 z1=696,B,157.568,158.167,2026.05.14 18:05,1,2026.05.14 18:10,158.191,158.119"
943,JUNE0525-B157,1617DC1ACCE6B50ED2D1359582A70A8B8503C569623EE90C18C6B33542796207,Tester/logs/20261010.log,3015771,2026-06-01,14:00,B152PR,"LN	0	18:16:55.754	Core 04	2026.06.01 14:00:00   [SRJ-IND] B152PR sym=USDJPY bar=2026.06.01 13:55 z1=714,B,158.107,158.142,2026.05.14 19:30,1,2026.05.14 20:00,158.169,158.142"
944,JUNE0525-B157,1617DC1ACCE6B50ED2D1359582A70A8B8503C569623EE90C18C6B33542796207,Tester/logs/20261010.log,3015772,2026-06-01,14:00,B152PR,"IP	0	18:16:55.754	Core 04	2026.06.01 14:00:00   [SRJ-IND] B152PR sym=USDJPY bar=2026.06.01 13:55 z1=1405,B,158.735,158.769,2026.05.20 19:00,1,2026.05.20 19:05,158.816,158.753"
945,JUNE0525-B157,1617DC1ACCE6B50ED2D1359582A70A8B8503C569623EE90C18C6B33542796207,Tester/logs/20261010.log,3015773,2026-06-01,14:00,B152PR,"KF	0	18:16:55.754	Core 04	2026.06.01 14:00:00   [SRJ-IND] B152PR sym=USDJPY bar=2026.06.01 13:55 z1=1779,B,158.756,158.800,2026.05.25 06:45,1,2026.05.26 00:00,158.887,158.784"
946,JUNE0525-B157,1617DC1ACCE6B50ED2D1359582A70A8B8503C569623EE90C18C6B33542796207,Tester/logs/20261010.log,3015774,2026-06-01,14:00,B152PR,"RL	0	18:16:55.754	Core 04	2026.06.01 14:00:00   [SRJ-IND] B152PR sym=USDJPY bar=2026.06.01 13:55 z1=1780,B,158.789,158.814,2026.05.25 04:50,1,2026.05.26 00:00,158.887,158.784"
947,JUNE0525-B157,1617DC1ACCE6B50ED2D1359582A70A8B8503C569623EE90C18C6B33542796207,Tester/logs/20261010.log,3015775,2026-06-01,14:00,B152PR,"GR	0	18:16:55.754	Core 04	2026.06.01 14:00:00   [SRJ-IND] B152PR sym=USDJPY bar=2026.06.01 13:55 z1=1949,B,158.916,158.934,2026.05.26 07:25,1,2026.05.26 07:30,158.942,158.934"
948,JUNE0525-B157,1617DC1ACCE6B50ED2D1359582A70A8B8503C569623EE90C18C6B33542796207,Tester/logs/20261010.log,3015776,2026-06-01,14:00,B152PR,"NI	0	18:16:55.754	Core 04	2026.06.01 14:00:00   [SRJ-IND] B152PR sym=USDJPY bar=2026.06.01 13:55 z1=2271,S,159.524,159.574,2026.05.28 09:40,1,2026.05.28 11:25,159.524,159.488"
949,JUNE0525-B157,1617DC1ACCE6B50ED2D1359582A70A8B8503C569623EE90C18C6B33542796207,Tester/logs/20261010.log,3015777,2026-06-01,14:00,B152PR,"GO	0	18:16:55.754	Core 04	2026.06.01 14:00:00   [SRJ-IND] B152PR sym=USDJPY bar=2026.06.01 13:55 z1=2277,S,159.551,159.575,2026.05.28 08:40,1,2026.05.28 08:50,159.556,159.541"
950,JUNE0525-B157,1617DC1ACCE6B50ED2D1359582A70A8B8503C569623EE90C18C6B33542796207,Tester/logs/20261010.log,3015778,2026-06-01,14:00,B152PR,"DE	0	18:16:55.754	Core 04	2026.06.01 14:00:00   [SRJ-IND] B152PR sym=USDJPY bar=2026.06.01 13:55 z1=2299,S,159.488,159.524,2026.05.28 11:45,1,2026.05.28 17:00,159.491,159.448"
951,JUNE0525-B157,1617DC1ACCE6B50ED2D1359582A70A8B8503C569623EE90C18C6B33542796207,Tester/logs/20261010.log,3015779,2026-06-01,14:00,B152PR,"RJ	0	18:16:55.754	Core 04	2026.06.01 14:00:00   [SRJ-IND] B152PR sym=USDJPY bar=2026.06.01 13:55 z1=2509,B,159.134,159.195,2026.05.29 19:10,1,2026.05.29 19:35,159.215,159.186"
952,JUNE0525-B157,1617DC1ACCE6B50ED2D1359582A70A8B8503C569623EE90C18C6B33542796207,Tester/logs/20261010.log,3015780,2026-06-01,14:00,B152PR,"MQ	0	18:16:55.754	Core 04	2026.06.01 14:00:00   [SRJ-IND] B152PR sym=USDJPY bar=2026.06.01 13:55 z1=2585,S,159.485,159.494,2026.06.01 06:00,1,2026.06.01 09:15,159.486,159.466"
953,JUNE0525-B157,1617DC1ACCE6B50ED2D1359582A70A8B8503C569623EE90C18C6B33542796207,Tester/logs/20261010.log,3015781,2026-06-01,14:00,B152PR,"KD	0	18:16:55.754	Core 04	2026.06.01 14:00:00   [SRJ-IND] B152PR sym=USDJPY bar=2026.06.01 13:55 bull=1 bear=1 nz=21"
954,JUNE0525-B157,1617DC1ACCE6B50ED2D1359582A70A8B8503C569623EE90C18C6B33542796207,Tester/logs/20261010.log,3015788,2026-06-01,14:05,B152PR,"NK	0	18:16:55.754	Core 04	2026.06.01 14:05:00   [SRJ-IND] B152PR sym=USDJPY bar=2026.06.01 14:00 z1=65,B,156.672,156.773,2026.05.11 04:10,1,2026.05.12 08:55,157.714,156.726"
955,JUNE0525-B157,1617DC1ACCE6B50ED2D1359582A70A8B8503C569623EE90C18C6B33542796207,Tester/logs/20261010.log,3015789,2026-06-01,14:05,B152PR,"NQ	0	18:16:55.754	Core 04	2026.06.01 14:05:00   [SRJ-IND] B152PR sym=USDJPY bar=2026.06.01 14:00 z1=78,B,156.578,156.584,2026.05.11 00:35,1,2026.05.11 00:40,156.644,156.537"
956,JUNE0525-B157,1617DC1ACCE6B50ED2D1359582A70A8B8503C569623EE90C18C6B33542796207,Tester/logs/20261010.log,3015790,2026-06-01,14:05,B152PR,"LD	0	18:16:55.754	Core 04	2026.06.01 14:05:00   [SRJ-IND] B152PR sym=USDJPY bar=2026.06.01 14:00 z1=212,B,157.028,157.060,2026.05.11 19:20,1,2026.05.12 00:00,157.152,157.050"
957,JUNE0525-B157,1617DC1ACCE6B50ED2D1359582A70A8B8503C569623EE90C18C6B33542796207,Tester/logs/20261010.log,3015791,2026-06-01,14:05,B152PR,"LN	0	18:16:55.754	Core 04	2026.06.01 14:05:00   [SRJ-IND] B152PR sym=USDJPY bar=2026.06.01 14:00 z1=256,B,157.172,157.178,2026.05.12 01:25,1,2026.05.12 08:55,157.714,156.726"
958,JUNE0525-B157,1617DC1ACCE6B50ED2D1359582A70A8B8503C569623EE90C18C6B33542796207,Tester/logs/20261010.log,3015792,2026-06-01,14:05,B152PR,"FP	0	18:16:55.754	Core 04	2026.06.01 14:05:00   [SRJ-IND] B152PR sym=USDJPY bar=2026.06.01 14:00 z1=261,B,157.184,157.192,2026.05.12 03:00,1,2026.05.12 08:55,157.714,156.726"
959,JUNE0525-B157,1617DC1ACCE6B50ED2D1359582A70A8B8503C569623EE90C18C6B33542796207,Tester/logs/20261010.log,3015793,2026-06-01,14:05,B152PR,"RJ	0	18:16:55.754	Core 04	2026.06.01 14:05:00   [SRJ-IND] B152PR sym=USDJPY bar=2026.06.01 14:00 z1=313,B,157.331,157.497,2026.05.12 10:00,1,2026.05.12 10:10,157.546,157.487"
960,JUNE0525-B157,1617DC1ACCE6B50ED2D1359582A70A8B8503C569623EE90C18C6B33542796207,Tester/logs/20261010.log,3015794,2026-06-01,14:05,B152PR,"KO	0	18:16:55.754	Core 04	2026.06.01 14:05:00   [SRJ-IND] B152PR sym=USDJPY bar=2026.06.01 14:00 z1=414,B,157.517,157.589,2026.05.13 01:10,1,2026.05.13 01:20,157.607,157.587"
961,JUNE0525-B157,1617DC1ACCE6B50ED2D1359582A70A8B8503C569623EE90C18C6B33542796207,Tester/logs/20261010.log,3015795,2026-06-01,14:05,B152PR,"HQ	0	18:16:55.754	Core 04	2026.06.01 14:05:00   [SRJ-IND] B152PR sym=USDJPY bar=2026.06.01 14:00 z1=447,B,157.562,157.648,2026.05.13 06:20,1,2026.05.13 06:25,157.662,157.648"
962,JUNE0525-B157,1617DC1ACCE6B50ED2D1359582A70A8B8503C569623EE90C18C6B33542796207,Tester/logs/20261010.log,3015796,2026-06-01,14:05,B152PR,"GK	0	18:16:55.754	Core 04	2026.06.01 14:05:00   [SRJ-IND] B152PR sym=USDJPY bar=2026.06.01 14:00 z1=449,B,157.599,157.654,2026.05.13 05:15,1,2026.05.13 05:45,157.687,157.652"
963,JUNE0525-B157,1617DC1ACCE6B50ED2D1359582A70A8B8503C569623EE90C18C6B33542796207,Tester/logs/20261010.log,3015797,2026-06-01,14:05,B152PR,"RM	0	18:16:55.754	Core 04	2026.06.01 14:05:00   [SRJ-IND] B152PR sym=USDJPY bar=2026.06.01 14:00 z1=460,B,157.645,157.660,2026.05.13 07:05,1,2026.05.14 00:25,157.812,157.650"
964,JUNE0525-B157,1617DC1ACCE6B50ED2D1359582A70A8B8503C569623EE90C18C6B33542796207,Tester/logs/20261010.log,3015798,2026-06-01,14:05,B152PR,"JG	0	18:16:55.754	Core 04	2026.06.01 14:05:00   [SRJ-IND] B152PR sym=USDJPY bar=2026.06.01 14:00 z1=696,B,157.568,158.167,2026.05.14 18:05,1,2026.05.14 18:10,158.191,158.119"
965,JUNE0525-B157,1617DC1ACCE6B50ED2D1359582A70A8B8503C569623EE90C18C6B33542796207,Tester/logs/20261010.log,3015799,2026-06-01,14:05,B152PR,"RI	0	18:16:55.754	Core 04	2026.06.01 14:05:00   [SRJ-IND] B152PR sym=USDJPY bar=2026.06.01 14:00 z1=714,B,158.107,158.142,2026.05.14 19:30,1,2026.05.14 20:00,158.169,158.142"
966,JUNE0525-B157,1617DC1ACCE6B50ED2D1359582A70A8B8503C569623EE90C18C6B33542796207,Tester/logs/20261010.log,3015800,2026-06-01,14:05,B152PR,"KP	0	18:16:55.754	Core 04	2026.06.01 14:05:00   [SRJ-IND] B152PR sym=USDJPY bar=2026.06.01 14:00 z1=1405,B,158.735,158.769,2026.05.20 19:00,1,2026.05.20 19:05,158.816,158.753"
967,JUNE0525-B157,1617DC1ACCE6B50ED2D1359582A70A8B8503C569623EE90C18C6B33542796207,Tester/logs/20261010.log,3015801,2026-06-01,14:05,B152PR,"IF	0	18:16:55.754	Core 04	2026.06.01 14:05:00   [SRJ-IND] B152PR sym=USDJPY bar=2026.06.01 14:00 z1=1779,B,158.756,158.800,2026.05.25 06:45,1,2026.05.26 00:00,158.887,158.784"
968,JUNE0525-B157,1617DC1ACCE6B50ED2D1359582A70A8B8503C569623EE90C18C6B33542796207,Tester/logs/20261010.log,3015802,2026-06-01,14:05,B152PR,"DL	0	18:16:55.754	Core 04	2026.06.01 14:05:00   [SRJ-IND] B152PR sym=USDJPY bar=2026.06.01 14:00 z1=1780,B,158.789,158.814,2026.05.25 04:50,1,2026.05.26 00:00,158.887,158.784"
969,JUNE0525-B157,1617DC1ACCE6B50ED2D1359582A70A8B8503C569623EE90C18C6B33542796207,Tester/logs/20261010.log,3015803,2026-06-01,14:05,B152PR,"MR	0	18:16:55.754	Core 04	2026.06.01 14:05:00   [SRJ-IND] B152PR sym=USDJPY bar=2026.06.01 14:00 z1=1949,B,158.916,158.934,2026.05.26 07:25,1,2026.05.26 07:30,158.942,158.934"
970,JUNE0525-B157,1617DC1ACCE6B50ED2D1359582A70A8B8503C569623EE90C18C6B33542796207,Tester/logs/20261010.log,3015804,2026-06-01,14:05,B152PR,"HI	0	18:16:55.754	Core 04	2026.06.01 14:05:00   [SRJ-IND] B152PR sym=USDJPY bar=2026.06.01 14:00 z1=2271,S,159.524,159.574,2026.05.28 09:40,1,2026.05.28 11:25,159.524,159.488"
971,JUNE0525-B157,1617DC1ACCE6B50ED2D1359582A70A8B8503C569623EE90C18C6B33542796207,Tester/logs/20261010.log,3015805,2026-06-01,14:05,B152PR,"MO	0	18:16:55.754	Core 04	2026.06.01 14:05:00   [SRJ-IND] B152PR sym=USDJPY bar=2026.06.01 14:00 z1=2277,S,159.551,159.575,2026.05.28 08:40,1,2026.05.28 08:50,159.556,159.541"
972,JUNE0525-B157,1617DC1ACCE6B50ED2D1359582A70A8B8503C569623EE90C18C6B33542796207,Tester/logs/20261010.log,3015806,2026-06-01,14:05,B152PR,"RE	0	18:16:55.754	Core 04	2026.06.01 14:05:00   [SRJ-IND] B152PR sym=USDJPY bar=2026.06.01 14:00 z1=2299,S,159.488,159.524,2026.05.28 11:45,1,2026.05.28 17:00,159.491,159.448"
973,JUNE0525-B157,1617DC1ACCE6B50ED2D1359582A70A8B8503C569623EE90C18C6B33542796207,Tester/logs/20261010.log,3015807,2026-06-01,14:05,B152PR,"DJ	0	18:16:55.754	Core 04	2026.06.01 14:05:00   [SRJ-IND] B152PR sym=USDJPY bar=2026.06.01 14:00 z1=2509,B,159.134,159.195,2026.05.29 19:10,1,2026.05.29 19:35,159.215,159.186"
974,JUNE0525-B157,1617DC1ACCE6B50ED2D1359582A70A8B8503C569623EE90C18C6B33542796207,Tester/logs/20261010.log,3015808,2026-06-01,14:05,B152PR,"GQ	0	18:16:55.754	Core 04	2026.06.01 14:05:00   [SRJ-IND] B152PR sym=USDJPY bar=2026.06.01 14:00 z1=2585,S,159.485,159.494,2026.06.01 06:00,1,2026.06.01 09:15,159.486,159.466"
975,JUNE0525-B157,1617DC1ACCE6B50ED2D1359582A70A8B8503C569623EE90C18C6B33542796207,Tester/logs/20261010.log,3015809,2026-06-01,14:05,B152PR,"ID	0	18:16:55.754	Core 04	2026.06.01 14:05:00   [SRJ-IND] B152PR sym=USDJPY bar=2026.06.01 14:00 bull=1 bear=1 nz=21"
976,JUNE0525-B157,1617DC1ACCE6B50ED2D1359582A70A8B8503C569623EE90C18C6B33542796207,Tester/logs/20261010.log,3015818,2026-06-01,14:10,B152PR,"CO	0	18:16:55.754	Core 04	2026.06.01 14:10:00   [SRJ-IND] B152PR sym=USDJPY bar=2026.06.01 14:05 z1=65,B,156.672,156.773,2026.05.11 04:10,1,2026.05.12 08:55,157.714,156.726"
977,JUNE0525-B157,1617DC1ACCE6B50ED2D1359582A70A8B8503C569623EE90C18C6B33542796207,Tester/logs/20261010.log,3015819,2026-06-01,14:10,B152PR,"CE	0	18:16:55.754	Core 04	2026.06.01 14:10:00   [SRJ-IND] B152PR sym=USDJPY bar=2026.06.01 14:05 z1=78,B,156.578,156.584,2026.05.11 00:35,1,2026.05.11 00:40,156.644,156.537"
978,JUNE0525-B157,1617DC1ACCE6B50ED2D1359582A70A8B8503C569623EE90C18C6B33542796207,Tester/logs/20261010.log,3015820,2026-06-01,14:10,B152PR,"EK	0	18:16:55.754	Core 04	2026.06.01 14:10:00   [SRJ-IND] B152PR sym=USDJPY bar=2026.06.01 14:05 z1=212,B,157.028,157.060,2026.05.11 19:20,1,2026.05.12 00:00,157.152,157.050"
979,JUNE0525-B157,1617DC1ACCE6B50ED2D1359582A70A8B8503C569623EE90C18C6B33542796207,Tester/logs/20261010.log,3015821,2026-06-01,14:10,B152PR,"IM	0	18:16:55.754	Core 04	2026.06.01 14:10:00   [SRJ-IND] B152PR sym=USDJPY bar=2026.06.01 14:05 z1=256,B,157.172,157.178,2026.05.12 01:25,1,2026.05.12 08:55,157.714,156.726"
980,JUNE0525-B157,1617DC1ACCE6B50ED2D1359582A70A8B8503C569623EE90C18C6B33542796207,Tester/logs/20261010.log,3015822,2026-06-01,14:10,B152PR,"KG	0	18:16:55.754	Core 04	2026.06.01 14:10:00   [SRJ-IND] B152PR sym=USDJPY bar=2026.06.01 14:05 z1=261,B,157.184,157.192,2026.05.12 03:00,1,2026.05.12 08:55,157.714,156.726"
981,JUNE0525-B157,1617DC1ACCE6B50ED2D1359582A70A8B8503C569623EE90C18C6B33542796207,Tester/logs/20261010.log,3015823,2026-06-01,14:10,B152PR,"KI	0	18:16:55.754	Core 04	2026.06.01 14:10:00   [SRJ-IND] B152PR sym=USDJPY bar=2026.06.01 14:05 z1=313,B,157.331,157.497,2026.05.12 10:00,1,2026.05.12 10:10,157.546,157.487"
982,JUNE0525-B157,1617DC1ACCE6B50ED2D1359582A70A8B8503C569623EE90C18C6B33542796207,Tester/logs/20261010.log,3015824,2026-06-01,14:10,B152PR,"FS	0	18:16:55.754	Core 04	2026.06.01 14:10:00   [SRJ-IND] B152PR sym=USDJPY bar=2026.06.01 14:05 z1=414,B,157.517,157.589,2026.05.13 01:10,1,2026.05.13 01:20,157.607,157.587"
983,JUNE0525-B157,1617DC1ACCE6B50ED2D1359582A70A8B8503C569623EE90C18C6B33542796207,Tester/logs/20261010.log,3015825,2026-06-01,14:10,B152PR,"ME	0	18:16:55.754	Core 04	2026.06.01 14:10:00   [SRJ-IND] B152PR sym=USDJPY bar=2026.06.01 14:05 z1=447,B,157.562,157.648,2026.05.13 06:20,1,2026.05.13 06:25,157.662,157.648"
984,JUNE0525-B157,1617DC1ACCE6B50ED2D1359582A70A8B8503C569623EE90C18C6B33542796207,Tester/logs/20261010.log,3015826,2026-06-01,14:10,B152PR,"RO	0	18:16:55.754	Core 04	2026.06.01 14:10:00   [SRJ-IND] B152PR sym=USDJPY bar=2026.06.01 14:05 z1=449,B,157.599,157.654,2026.05.13 05:15,1,2026.05.13 05:45,157.687,157.652"
985,JUNE0525-B157,1617DC1ACCE6B50ED2D1359582A70A8B8503C569623EE90C18C6B33542796207,Tester/logs/20261010.log,3015827,2026-06-01,14:10,B152PR,"KP	0	18:16:55.754	Core 04	2026.06.01 14:10:00   [SRJ-IND] B152PR sym=USDJPY bar=2026.06.01 14:05 z1=460,B,157.645,157.660,2026.05.13 07:05,1,2026.05.14 00:25,157.812,157.650"
986,JUNE0525-B157,1617DC1ACCE6B50ED2D1359582A70A8B8503C569623EE90C18C6B33542796207,Tester/logs/20261010.log,3015828,2026-06-01,14:10,B152PR,"OJ	0	18:16:55.754	Core 04	2026.06.01 14:10:00   [SRJ-IND] B152PR sym=USDJPY bar=2026.06.01 14:05 z1=696,B,157.568,158.167,2026.05.14 18:05,1,2026.05.14 18:10,158.191,158.119"
987,JUNE0525-B157,1617DC1ACCE6B50ED2D1359582A70A8B8503C569623EE90C18C6B33542796207,Tester/logs/20261010.log,3015829,2026-06-01,14:10,B152PR,"CL	0	18:16:55.754	Core 04	2026.06.01 14:10:00   [SRJ-IND] B152PR sym=USDJPY bar=2026.06.01 14:05 z1=714,B,158.107,158.142,2026.05.14 19:30,1,2026.05.14 20:00,158.169,158.142"
988,JUNE0525-B157,1617DC1ACCE6B50ED2D1359582A70A8B8503C569623EE90C18C6B33542796207,Tester/logs/20261010.log,3015830,2026-06-01,14:10,B152PR,"FE	0	18:16:55.754	Core 04	2026.06.01 14:10:00   [SRJ-IND] B152PR sym=USDJPY bar=2026.06.01 14:05 z1=1405,B,158.735,158.769,2026.05.20 19:00,1,2026.05.20 19:05,158.816,158.753"
989,JUNE0525-B157,1617DC1ACCE6B50ED2D1359582A70A8B8503C569623EE90C18C6B33542796207,Tester/logs/20261010.log,3015831,2026-06-01,14:10,B152PR,"PK	0	18:16:55.754	Core 04	2026.06.01 14:10:00   [SRJ-IND] B152PR sym=USDJPY bar=2026.06.01 14:05 z1=1779,B,158.756,158.800,2026.05.25 06:45,1,2026.05.26 00:00,158.887,158.784"
990,JUNE0525-B157,1617DC1ACCE6B50ED2D1359582A70A8B8503C569623EE90C18C6B33542796207,Tester/logs/20261010.log,3015832,2026-06-01,14:10,B152PR,"MQ	0	18:16:55.754	Core 04	2026.06.01 14:10:00   [SRJ-IND] B152PR sym=USDJPY bar=2026.06.01 14:05 z1=1780,B,158.789,158.814,2026.05.25 04:50,1,2026.05.26 00:00,158.887,158.784"
991,JUNE0525-B157,1617DC1ACCE6B50ED2D1359582A70A8B8503C569623EE90C18C6B33542796207,Tester/logs/20261010.log,3015833,2026-06-01,14:10,B152PR,"DG	0	18:16:55.754	Core 04	2026.06.01 14:10:00   [SRJ-IND] B152PR sym=USDJPY bar=2026.06.01 14:05 z1=1949,B,158.916,158.934,2026.05.26 07:25,1,2026.05.26 07:30,158.942,158.934"
992,JUNE0525-B157,1617DC1ACCE6B50ED2D1359582A70A8B8503C569623EE90C18C6B33542796207,Tester/logs/20261010.log,3015834,2026-06-01,14:10,B152PR,"QL	0	18:16:55.754	Core 04	2026.06.01 14:10:00   [SRJ-IND] B152PR sym=USDJPY bar=2026.06.01 14:05 z1=2271,S,159.524,159.574,2026.05.28 09:40,1,2026.05.28 11:25,159.524,159.488"
993,JUNE0525-B157,1617DC1ACCE6B50ED2D1359582A70A8B8503C569623EE90C18C6B33542796207,Tester/logs/20261010.log,3015835,2026-06-01,14:10,B152PR,"DR	0	18:16:55.754	Core 04	2026.06.01 14:10:00   [SRJ-IND] B152PR sym=USDJPY bar=2026.06.01 14:05 z1=2277,S,159.551,159.575,2026.05.28 08:40,1,2026.05.28 08:50,159.556,159.541"
994,JUNE0525-B157,1617DC1ACCE6B50ED2D1359582A70A8B8503C569623EE90C18C6B33542796207,Tester/logs/20261010.log,3015836,2026-06-01,14:10,B152PR,"GH	0	18:16:55.754	Core 04	2026.06.01 14:10:00   [SRJ-IND] B152PR sym=USDJPY bar=2026.06.01 14:05 z1=2299,S,159.488,159.524,2026.05.28 11:45,1,2026.05.28 17:00,159.491,159.448"
995,JUNE0525-B157,1617DC1ACCE6B50ED2D1359582A70A8B8503C569623EE90C18C6B33542796207,Tester/logs/20261010.log,3015837,2026-06-01,14:10,B152PR,"MO	0	18:16:55.754	Core 04	2026.06.01 14:10:00   [SRJ-IND] B152PR sym=USDJPY bar=2026.06.01 14:05 z1=2509,B,159.134,159.195,2026.05.29 19:10,1,2026.05.29 19:35,159.215,159.186"
996,JUNE0525-B157,1617DC1ACCE6B50ED2D1359582A70A8B8503C569623EE90C18C6B33542796207,Tester/logs/20261010.log,3015838,2026-06-01,14:10,B152PR,"RD	0	18:16:55.754	Core 04	2026.06.01 14:10:00   [SRJ-IND] B152PR sym=USDJPY bar=2026.06.01 14:05 z1=2585,S,159.485,159.494,2026.06.01 06:00,1,2026.06.01 09:15,159.486,159.466"
997,JUNE0525-B157,1617DC1ACCE6B50ED2D1359582A70A8B8503C569623EE90C18C6B33542796207,Tester/logs/20261010.log,3015839,2026-06-01,14:10,B152PR,"PI	0	18:16:55.754	Core 04	2026.06.01 14:10:00   [SRJ-IND] B152PR sym=USDJPY bar=2026.06.01 14:05 bull=1 bear=1 nz=21"
998,JUNE0525-B157,1617DC1ACCE6B50ED2D1359582A70A8B8503C569623EE90C18C6B33542796207,Tester/logs/20261010.log,3015846,2026-06-01,14:10,CONFIRMPOLL,"KQ	0	18:16:55.754	Core 04	2026.06.01 14:10:00   [SRJ-EA] CONFIRMPOLL bar=2026.06.01 14:05 anchor=Monthly-POC dir=SHORT oppCandle=1 bodyDir=0 body=5pts doji=0 touchAttr=0 confirm=0 shadow=true"
999,JUNE0525-B157,1617DC1ACCE6B50ED2D1359582A70A8B8503C569623EE90C18C6B33542796207,Tester/logs/20261010.log,3015848,2026-06-01,14:10,STATE,"FI	0	18:16:55.754	Core 04	2026.06.01 14:10:00   [SRJ-EA] 2026.06.01 14:10:00 STATE IDLE->S1_REGIME dir=SHORT poi=Monthly-POC"
1000,JUNE0525-B157,1617DC1ACCE6B50ED2D1359582A70A8B8503C569623EE90C18C6B33542796207,Tester/logs/20261010.log,3015849,2026-06-01,14:10,ANCHOR_ELECT,"LK	0	18:16:55.754	Core 04	2026.06.01 14:10:00   [SRJ-EA] ANCHOR_ELECT bar=2026.06.01 14:05 action=SEED poi=Monthly-POC rank=6 tier=3 dir=SHORT"
1001,JUNE0525-B157,1617DC1ACCE6B50ED2D1359582A70A8B8503C569623EE90C18C6B33542796207,Tester/logs/20261010.log,3015862,2026-06-01,14:15,B152PR,"GD	0	18:16:55.754	Core 04	2026.06.01 14:15:05   [SRJ-IND] B152PR sym=USDJPY bar=2026.06.01 14:10 z1=65,B,156.672,156.773,2026.05.11 04:10,1,2026.05.12 08:55,157.714,156.726"
1002,JUNE0525-B157,1617DC1ACCE6B50ED2D1359582A70A8B8503C569623EE90C18C6B33542796207,Tester/logs/20261010.log,3015863,2026-06-01,14:15,B152PR,"GJ	0	18:16:55.754	Core 04	2026.06.01 14:15:05   [SRJ-IND] B152PR sym=USDJPY bar=2026.06.01 14:10 z1=78,B,156.578,156.584,2026.05.11 00:35,1,2026.05.11 00:40,156.644,156.537"
1003,JUNE0525-B157,1617DC1ACCE6B50ED2D1359582A70A8B8503C569623EE90C18C6B33542796207,Tester/logs/20261010.log,3015864,2026-06-01,14:15,B152PR,"IR	0	18:16:55.754	Core 04	2026.06.01 14:15:05   [SRJ-IND] B152PR sym=USDJPY bar=2026.06.01 14:10 z1=212,B,157.028,157.060,2026.05.11 19:20,1,2026.05.12 00:00,157.152,157.050"
1004,JUNE0525-B157,1617DC1ACCE6B50ED2D1359582A70A8B8503C569623EE90C18C6B33542796207,Tester/logs/20261010.log,3015865,2026-06-01,14:15,B152PR,"ED	0	18:16:55.754	Core 04	2026.06.01 14:15:05   [SRJ-IND] B152PR sym=USDJPY bar=2026.06.01 14:10 z1=256,B,157.172,157.178,2026.05.12 01:25,1,2026.05.12 08:55,157.714,156.726"
1005,JUNE0525-B157,1617DC1ACCE6B50ED2D1359582A70A8B8503C569623EE90C18C6B33542796207,Tester/logs/20261010.log,3015866,2026-06-01,14:15,B152PR,"ON	0	18:16:55.754	Core 04	2026.06.01 14:15:05   [SRJ-IND] B152PR sym=USDJPY bar=2026.06.01 14:10 z1=261,B,157.184,157.192,2026.05.12 03:00,1,2026.05.12 08:55,157.714,156.726"
1006,JUNE0525-B157,1617DC1ACCE6B50ED2D1359582A70A8B8503C569623EE90C18C6B33542796207,Tester/logs/20261010.log,3015867,2026-06-01,14:15,B152PR,"OP	0	18:16:55.754	Core 04	2026.06.01 14:15:05   [SRJ-IND] B152PR sym=USDJPY bar=2026.06.01 14:10 z1=313,B,157.331,157.497,2026.05.12 10:00,1,2026.05.12 10:10,157.546,157.487"
1007,JUNE0525-B157,1617DC1ACCE6B50ED2D1359582A70A8B8503C569623EE90C18C6B33542796207,Tester/logs/20261010.log,3015868,2026-06-01,14:15,B152PR,"JJ	0	18:16:55.754	Core 04	2026.06.01 14:15:05   [SRJ-IND] B152PR sym=USDJPY bar=2026.06.01 14:10 z1=414,B,157.517,157.589,2026.05.13 01:10,1,2026.05.13 01:20,157.607,157.587"
1008,JUNE0525-B157,1617DC1ACCE6B50ED2D1359582A70A8B8503C569623EE90C18C6B33542796207,Tester/logs/20261010.log,3015869,2026-06-01,14:15,B152PR,"QL	0	18:16:55.754	Core 04	2026.06.01 14:15:05   [SRJ-IND] B152PR sym=USDJPY bar=2026.06.01 14:10 z1=447,B,157.562,157.648,2026.05.13 06:20,1,2026.05.13 06:25,157.662,157.648"
1009,JUNE0525-B157,1617DC1ACCE6B50ED2D1359582A70A8B8503C569623EE90C18C6B33542796207,Tester/logs/20261010.log,3015870,2026-06-01,14:15,B152PR,"NF	0	18:16:55.754	Core 04	2026.06.01 14:15:05   [SRJ-IND] B152PR sym=USDJPY bar=2026.06.01 14:10 z1=449,B,157.599,157.654,2026.05.13 05:15,1,2026.05.13 05:45,157.687,157.652"
1010,JUNE0525-B157,1617DC1ACCE6B50ED2D1359582A70A8B8503C569623EE90C18C6B33542796207,Tester/logs/20261010.log,3015871,2026-06-01,14:15,B152PR,"OK	0	18:16:55.754	Core 04	2026.06.01 14:15:05   [SRJ-IND] B152PR sym=USDJPY bar=2026.06.01 14:10 z1=460,B,157.645,157.660,2026.05.13 07:05,1,2026.05.14 00:25,157.812,157.650"
1011,JUNE0525-B157,1617DC1ACCE6B50ED2D1359582A70A8B8503C569623EE90C18C6B33542796207,Tester/logs/20261010.log,3015872,2026-06-01,14:15,B152PR,"KM	0	18:16:55.754	Core 04	2026.06.01 14:15:05   [SRJ-IND] B152PR sym=USDJPY bar=2026.06.01 14:10 z1=696,B,157.568,158.167,2026.05.14 18:05,1,2026.05.14 18:10,158.191,158.119"
1012,JUNE0525-B157,1617DC1ACCE6B50ED2D1359582A70A8B8503C569623EE90C18C6B33542796207,Tester/logs/20261010.log,3015873,2026-06-01,14:15,B152PR,"GG	0	18:16:55.754	Core 04	2026.06.01 14:15:05   [SRJ-IND] B152PR sym=USDJPY bar=2026.06.01 14:10 z1=714,B,158.107,158.142,2026.05.14 19:30,1,2026.05.14 20:00,158.169,158.142"
1013,JUNE0525-B157,1617DC1ACCE6B50ED2D1359582A70A8B8503C569623EE90C18C6B33542796207,Tester/logs/20261010.log,3015874,2026-06-01,14:15,B152PR,"JJ	0	18:16:55.754	Core 04	2026.06.01 14:15:05   [SRJ-IND] B152PR sym=USDJPY bar=2026.06.01 14:10 z1=1405,B,158.735,158.769,2026.05.20 19:00,1,2026.05.20 19:05,158.816,158.753"
1014,JUNE0525-B157,1617DC1ACCE6B50ED2D1359582A70A8B8503C569623EE90C18C6B33542796207,Tester/logs/20261010.log,3015875,2026-06-01,14:15,B152PR,"LP	0	18:16:55.754	Core 04	2026.06.01 14:15:05   [SRJ-IND] B152PR sym=USDJPY bar=2026.06.01 14:10 z1=1779,B,158.756,158.800,2026.05.25 06:45,1,2026.05.26 00:00,158.887,158.784"
1015,JUNE0525-B157,1617DC1ACCE6B50ED2D1359582A70A8B8503C569623EE90C18C6B33542796207,Tester/logs/20261010.log,3015876,2026-06-01,14:15,B152PR,"QF	0	18:16:55.754	Core 04	2026.06.01 14:15:05   [SRJ-IND] B152PR sym=USDJPY bar=2026.06.01 14:10 z1=1780,B,158.789,158.814,2026.05.25 04:50,1,2026.05.26 00:00,158.887,158.784"
1016,JUNE0525-B157,1617DC1ACCE6B50ED2D1359582A70A8B8503C569623EE90C18C6B33542796207,Tester/logs/20261010.log,3015877,2026-06-01,14:15,B152PR,"HL	0	18:16:55.754	Core 04	2026.06.01 14:15:05   [SRJ-IND] B152PR sym=USDJPY bar=2026.06.01 14:10 z1=1949,B,158.916,158.934,2026.05.26 07:25,1,2026.05.26 07:30,158.942,158.934"
1017,JUNE0525-B157,1617DC1ACCE6B50ED2D1359582A70A8B8503C569623EE90C18C6B33542796207,Tester/logs/20261010.log,3015878,2026-06-01,14:15,B152PR,"MS	0	18:16:55.754	Core 04	2026.06.01 14:15:05   [SRJ-IND] B152PR sym=USDJPY bar=2026.06.01 14:10 z1=2271,S,159.524,159.574,2026.05.28 09:40,1,2026.05.28 11:25,159.524,159.488"
1018,JUNE0525-B157,1617DC1ACCE6B50ED2D1359582A70A8B8503C569623EE90C18C6B33542796207,Tester/logs/20261010.log,3015879,2026-06-01,14:15,B152PR,"HI	0	18:16:55.754	Core 04	2026.06.01 14:15:05   [SRJ-IND] B152PR sym=USDJPY bar=2026.06.01 14:10 z1=2277,S,159.551,159.575,2026.05.28 08:40,1,2026.05.28 08:50,159.556,159.541"
1019,JUNE0525-B157,1617DC1ACCE6B50ED2D1359582A70A8B8503C569623EE90C18C6B33542796207,Tester/logs/20261010.log,3015880,2026-06-01,14:15,B152PR,"CO	0	18:16:55.754	Core 04	2026.06.01 14:15:05   [SRJ-IND] B152PR sym=USDJPY bar=2026.06.01 14:10 z1=2299,S,159.488,159.524,2026.05.28 11:45,1,2026.05.28 17:00,159.491,159.448"
1020,JUNE0525-B157,1617DC1ACCE6B50ED2D1359582A70A8B8503C569623EE90C18C6B33542796207,Tester/logs/20261010.log,3015881,2026-06-01,14:15,B152PR,"QD	0	18:16:55.754	Core 04	2026.06.01 14:15:05   [SRJ-IND] B152PR sym=USDJPY bar=2026.06.01 14:10 z1=2509,B,159.134,159.195,2026.05.29 19:10,1,2026.05.29 19:35,159.215,159.186"
1021,JUNE0525-B157,1617DC1ACCE6B50ED2D1359582A70A8B8503C569623EE90C18C6B33542796207,Tester/logs/20261010.log,3015882,2026-06-01,14:15,B152PR,"NK	0	18:16:55.754	Core 04	2026.06.01 14:15:05   [SRJ-IND] B152PR sym=USDJPY bar=2026.06.01 14:10 z1=2585,S,159.485,159.494,2026.06.01 06:00,1,2026.06.01 09:15,159.486,159.466"
1022,JUNE0525-B157,1617DC1ACCE6B50ED2D1359582A70A8B8503C569623EE90C18C6B33542796207,Tester/logs/20261010.log,3015883,2026-06-01,14:15,B152PR,"LR	0	18:16:55.754	Core 04	2026.06.01 14:15:05   [SRJ-IND] B152PR sym=USDJPY bar=2026.06.01 14:10 bull=1 bear=1 nz=21"
1023,JUNE0525-B157,1617DC1ACCE6B50ED2D1359582A70A8B8503C569623EE90C18C6B33542796207,Tester/logs/20261010.log,3015896,2026-06-01,14:15,CONFIRMPOLL,"JJ	0	18:16:55.754	Core 04	2026.06.01 14:15:05   [SRJ-EA] CONFIRMPOLL bar=2026.06.01 14:10 anchor=Monthly-POC dir=LONG oppCandle=0 bodyDir=1 body=3pts doji=0 touchAttr=1 confirm=0 shadow=true"
1024,JUNE0525-B157,1617DC1ACCE6B50ED2D1359582A70A8B8503C569623EE90C18C6B33542796207,Tester/logs/20261010.log,3015898,2026-06-01,14:15,STATE,"JR	0	18:16:55.754	Core 04	2026.06.01 14:15:05   [SRJ-EA] 2026.06.01 14:15:05 STATE S1_REGIME->S2_LTF_ALIGN dir=LONG poi=Monthly-POC"
1025,JUNE0525-B157,1617DC1ACCE6B50ED2D1359582A70A8B8503C569623EE90C18C6B33542796207,Tester/logs/20261010.log,3015899,2026-06-01,14:15,STATE,"KN	0	18:16:55.754	Core 04	2026.06.01 14:15:05   [SRJ-EA] 2026.06.01 14:15:05 STATE S2_LTF_ALIGN->S3_ZONE_WAIT dir=LONG poi=Monthly-POC"
1026,JUNE0525-B157,1617DC1ACCE6B50ED2D1359582A70A8B8503C569623EE90C18C6B33542796207,Tester/logs/20261010.log,3015903,2026-06-01,14:15,XOBPROMO,"KG	0	18:16:55.754	Core 04	2026.06.01 14:15:05   [SRJ-EA] XOBPROMO bar=2026.06.01 14:10 site=S3PICK xobId=2566 raw=1780283700.0 promoT=2026.06.01 03:15"
1027,JUNE0525-B157,1617DC1ACCE6B50ED2D1359582A70A8B8503C569623EE90C18C6B33542796207,Tester/logs/20261010.log,3015904,2026-06-01,14:15,ZONEPICK,"MJ	0	18:16:55.754	Core 04	2026.06.01 14:15:05   [SRJ-EA] ZONEPICK bar=2026.06.01 14:10 dir=LONG haveFvg=0 fvgInPlay=0 haveXob=1 xobInPlay=0 downgraded=0 fvg=--- xob=159.382-159.407"
1028,JUNE0525-B157,1617DC1ACCE6B50ED2D1359582A70A8B8503C569623EE90C18C6B33542796207,Tester/logs/20261010.log,3015919,2026-06-01,14:15,INPLAYCOMMIT,"EI	0	18:16:55.754	Core 04	2026.06.01 14:15:05   [SRJ-EA] INPLAYCOMMIT bar=2026.06.01 14:10 dir=LONG zoneSrc=XOB zoneLo=159.382 zoneHi=159.407 promoT=2026.06.01 03:15 applied=1 bounded=1 scanned=137 swings=27 hits=0 firstShift=-1 firstVal=- commitVia=none legacy=0 legacyVia=none committed=0 changed=0 haveStop=1"
1029,JUNE0525-B157,1617DC1ACCE6B50ED2D1359582A70A8B8503C569623EE90C18C6B33542796207,Tester/logs/20261010.log,3015924,2026-06-01,14:20,B152PR,"CP	0	18:16:55.754	Core 04	2026.06.01 14:20:02   [SRJ-IND] B152PR sym=USDJPY bar=2026.06.01 14:15 z1=65,B,156.672,156.773,2026.05.11 04:10,1,2026.05.12 08:55,157.714,156.726"
1030,JUNE0525-B157,1617DC1ACCE6B50ED2D1359582A70A8B8503C569623EE90C18C6B33542796207,Tester/logs/20261010.log,3015925,2026-06-01,14:20,B152PR,"CF	0	18:16:55.754	Core 04	2026.06.01 14:20:02   [SRJ-IND] B152PR sym=USDJPY bar=2026.06.01 14:15 z1=78,B,156.578,156.584,2026.05.11 00:35,1,2026.05.11 00:40,156.644,156.537"
1031,JUNE0525-B157,1617DC1ACCE6B50ED2D1359582A70A8B8503C569623EE90C18C6B33542796207,Tester/logs/20261010.log,3015926,2026-06-01,14:20,B152PR,"EN	0	18:16:55.754	Core 04	2026.06.01 14:20:02   [SRJ-IND] B152PR sym=USDJPY bar=2026.06.01 14:15 z1=212,B,157.028,157.060,2026.05.11 19:20,1,2026.05.12 00:00,157.152,157.050"
1032,JUNE0525-B157,1617DC1ACCE6B50ED2D1359582A70A8B8503C569623EE90C18C6B33542796207,Tester/logs/20261010.log,3015927,2026-06-01,14:20,B152PR,"IP	0	18:16:55.754	Core 04	2026.06.01 14:20:02   [SRJ-IND] B152PR sym=USDJPY bar=2026.06.01 14:15 z1=256,B,157.172,157.178,2026.05.12 01:25,1,2026.05.12 08:55,157.714,156.726"
1033,JUNE0525-B157,1617DC1ACCE6B50ED2D1359582A70A8B8503C569623EE90C18C6B33542796207,Tester/logs/20261010.log,3015928,2026-06-01,14:20,B152PR,"KJ	0	18:16:55.754	Core 04	2026.06.01 14:20:02   [SRJ-IND] B152PR sym=USDJPY bar=2026.06.01 14:15 z1=261,B,157.184,157.192,2026.05.12 03:00,1,2026.05.12 08:55,157.714,156.726"
1034,JUNE0525-B157,1617DC1ACCE6B50ED2D1359582A70A8B8503C569623EE90C18C6B33542796207,Tester/logs/20261010.log,3015929,2026-06-01,14:20,B152PR,"KL	0	18:16:55.754	Core 04	2026.06.01 14:20:02   [SRJ-IND] B152PR sym=USDJPY bar=2026.06.01 14:15 z1=313,B,157.331,157.497,2026.05.12 10:00,1,2026.05.12 10:10,157.546,157.487"
1035,JUNE0525-B157,1617DC1ACCE6B50ED2D1359582A70A8B8503C569623EE90C18C6B33542796207,Tester/logs/20261010.log,3015930,2026-06-01,14:20,B152PR,"FF	0	18:16:55.754	Core 04	2026.06.01 14:20:02   [SRJ-IND] B152PR sym=USDJPY bar=2026.06.01 14:15 z1=414,B,157.517,157.589,2026.05.13 01:10,1,2026.05.13 01:20,157.607,157.587"
1036,JUNE0525-B157,1617DC1ACCE6B50ED2D1359582A70A8B8503C569623EE90C18C6B33542796207,Tester/logs/20261010.log,3015931,2026-06-01,14:20,B152PR,"MH	0	18:16:55.754	Core 04	2026.06.01 14:20:02   [SRJ-IND] B152PR sym=USDJPY bar=2026.06.01 14:15 z1=447,B,157.562,157.648,2026.05.13 06:20,1,2026.05.13 06:25,157.662,157.648"
1037,JUNE0525-B157,1617DC1ACCE6B50ED2D1359582A70A8B8503C569623EE90C18C6B33542796207,Tester/logs/20261010.log,3015932,2026-06-01,14:20,B152PR,"RR	0	18:16:55.754	Core 04	2026.06.01 14:20:02   [SRJ-IND] B152PR sym=USDJPY bar=2026.06.01 14:15 z1=449,B,157.599,157.654,2026.05.13 05:15,1,2026.05.13 05:45,157.687,157.652"
1038,JUNE0525-B157,1617DC1ACCE6B50ED2D1359582A70A8B8503C569623EE90C18C6B33542796207,Tester/logs/20261010.log,3015933,2026-06-01,14:20,B152PR,"KG	0	18:16:55.754	Core 04	2026.06.01 14:20:02   [SRJ-IND] B152PR sym=USDJPY bar=2026.06.01 14:15 z1=460,B,157.645,157.660,2026.05.13 07:05,1,2026.05.14 00:25,157.812,157.650"
1039,JUNE0525-B157,1617DC1ACCE6B50ED2D1359582A70A8B8503C569623EE90C18C6B33542796207,Tester/logs/20261010.log,3015934,2026-06-01,14:20,B152PR,"OI	0	18:16:55.754	Core 04	2026.06.01 14:20:02   [SRJ-IND] B152PR sym=USDJPY bar=2026.06.01 14:15 z1=696,B,157.568,158.167,2026.05.14 18:05,1,2026.05.14 18:10,158.191,158.119"
1040,JUNE0525-B157,1617DC1ACCE6B50ED2D1359582A70A8B8503C569623EE90C18C6B33542796207,Tester/logs/20261010.log,3015935,2026-06-01,14:20,B152PR,"CS	0	18:16:55.754	Core 04	2026.06.01 14:20:02   [SRJ-IND] B152PR sym=USDJPY bar=2026.06.01 14:15 z1=714,B,158.107,158.142,2026.05.14 19:30,1,2026.05.14 20:00,158.169,158.142"
1041,JUNE0525-B157,1617DC1ACCE6B50ED2D1359582A70A8B8503C569623EE90C18C6B33542796207,Tester/logs/20261010.log,3015936,2026-06-01,14:20,B152PR,"FF	0	18:16:55.754	Core 04	2026.06.01 14:20:02   [SRJ-IND] B152PR sym=USDJPY bar=2026.06.01 14:15 z1=1405,B,158.735,158.769,2026.05.20 19:00,1,2026.05.20 19:05,158.816,158.753"
1042,JUNE0525-B157,1617DC1ACCE6B50ED2D1359582A70A8B8503C569623EE90C18C6B33542796207,Tester/logs/20261010.log,3015937,2026-06-01,14:20,B152PR,"PL	0	18:16:55.754	Core 04	2026.06.01 14:20:02   [SRJ-IND] B152PR sym=USDJPY bar=2026.06.01 14:15 z1=1779,B,158.756,158.800,2026.05.25 06:45,1,2026.05.26 00:00,158.887,158.784"
1043,JUNE0525-B157,1617DC1ACCE6B50ED2D1359582A70A8B8503C569623EE90C18C6B33542796207,Tester/logs/20261010.log,3015938,2026-06-01,14:20,B152PR,"MR	0	18:16:55.754	Core 04	2026.06.01 14:20:02   [SRJ-IND] B152PR sym=USDJPY bar=2026.06.01 14:15 z1=1780,B,158.789,158.814,2026.05.25 04:50,1,2026.05.26 00:00,158.887,158.784"
1044,JUNE0525-B157,1617DC1ACCE6B50ED2D1359582A70A8B8503C569623EE90C18C6B33542796207,Tester/logs/20261010.log,3015939,2026-06-01,14:20,B152PR,"DH	0	18:16:55.754	Core 04	2026.06.01 14:20:02   [SRJ-IND] B152PR sym=USDJPY bar=2026.06.01 14:15 z1=1949,B,158.916,158.934,2026.05.26 07:25,1,2026.05.26 07:30,158.942,158.934"
1045,JUNE0525-B157,1617DC1ACCE6B50ED2D1359582A70A8B8503C569623EE90C18C6B33542796207,Tester/logs/20261010.log,3015940,2026-06-01,14:20,B152PR,"QO	0	18:16:55.754	Core 04	2026.06.01 14:20:02   [SRJ-IND] B152PR sym=USDJPY bar=2026.06.01 14:15 z1=2271,S,159.524,159.574,2026.05.28 09:40,1,2026.05.28 11:25,159.524,159.488"
1046,JUNE0525-B157,1617DC1ACCE6B50ED2D1359582A70A8B8503C569623EE90C18C6B33542796207,Tester/logs/20261010.log,3015941,2026-06-01,14:20,B152PR,"DE	0	18:16:55.754	Core 04	2026.06.01 14:20:02   [SRJ-IND] B152PR sym=USDJPY bar=2026.06.01 14:15 z1=2277,S,159.551,159.575,2026.05.28 08:40,1,2026.05.28 08:50,159.556,159.541"
1047,JUNE0525-B157,1617DC1ACCE6B50ED2D1359582A70A8B8503C569623EE90C18C6B33542796207,Tester/logs/20261010.log,3015942,2026-06-01,14:20,B152PR,"GK	0	18:16:55.754	Core 04	2026.06.01 14:20:02   [SRJ-IND] B152PR sym=USDJPY bar=2026.06.01 14:15 z1=2299,S,159.488,159.524,2026.05.28 11:45,1,2026.05.28 17:00,159.491,159.448"
1048,JUNE0525-B157,1617DC1ACCE6B50ED2D1359582A70A8B8503C569623EE90C18C6B33542796207,Tester/logs/20261010.log,3015943,2026-06-01,14:20,B152PR,"MP	0	18:16:55.754	Core 04	2026.06.01 14:20:02   [SRJ-IND] B152PR sym=USDJPY bar=2026.06.01 14:15 z1=2509,B,159.134,159.195,2026.05.29 19:10,1,2026.05.29 19:35,159.215,159.186"
1049,JUNE0525-B157,1617DC1ACCE6B50ED2D1359582A70A8B8503C569623EE90C18C6B33542796207,Tester/logs/20261010.log,3015944,2026-06-01,14:20,B152PR,"RG	0	18:16:55.754	Core 04	2026.06.01 14:20:02   [SRJ-IND] B152PR sym=USDJPY bar=2026.06.01 14:15 z1=2585,S,159.485,159.494,2026.06.01 06:00,1,2026.06.01 09:15,159.486,159.466"
1050,JUNE0525-B157,1617DC1ACCE6B50ED2D1359582A70A8B8503C569623EE90C18C6B33542796207,Tester/logs/20261010.log,3015945,2026-06-01,14:20,B152PR,"PN	0	18:16:55.754	Core 04	2026.06.01 14:20:02   [SRJ-IND] B152PR sym=USDJPY bar=2026.06.01 14:15 bull=1 bear=1 nz=21"
1051,JUNE0525-B157,1617DC1ACCE6B50ED2D1359582A70A8B8503C569623EE90C18C6B33542796207,Tester/logs/20261010.log,3015948,2026-06-01,14:20,FRESHSKIP,"DS	0	18:16:55.754	Core 04	2026.06.01 14:20:02   [SRJ-EA] FRESHSKIP bar=2026.06.01 14:15 dir=LONG state=S3_ZONE_WAIT poi=Monthly-POC reason=PRE_BINDING"
1052,JUNE0525-B157,1617DC1ACCE6B50ED2D1359582A70A8B8503C569623EE90C18C6B33542796207,Tester/logs/20261010.log,3016080,2026-06-01,14:20,CONFIRMPOLL,"OI	0	18:16:55.754	Core 04	2026.06.01 14:20:02   [SRJ-EA] CONFIRMPOLL bar=2026.06.01 14:15 anchor=Monthly-POC dir=LONG oppCandle=0 bodyDir=0 body=9pts doji=0 touchAttr=1 confirm=0 shadow=true"
1053,JUNE0525-B157,1617DC1ACCE6B50ED2D1359582A70A8B8503C569623EE90C18C6B33542796207,Tester/logs/20261010.log,3016083,2026-06-01,14:20,XOBPROMO,"MN	0	18:16:55.754	Core 04	2026.06.01 14:20:02   [SRJ-EA] XOBPROMO bar=2026.06.01 14:15 site=S3PICK xobId=2566 raw=1780283700.0 promoT=2026.06.01 03:15"
1054,JUNE0525-B157,1617DC1ACCE6B50ED2D1359582A70A8B8503C569623EE90C18C6B33542796207,Tester/logs/20261010.log,3016084,2026-06-01,14:20,ZONEPICK,"KQ	0	18:16:55.754	Core 04	2026.06.01 14:20:02   [SRJ-EA] ZONEPICK bar=2026.06.01 14:15 dir=LONG haveFvg=0 fvgInPlay=0 haveXob=1 xobInPlay=0 downgraded=0 fvg=--- xob=159.382-159.407"
1055,JUNE0525-B157,1617DC1ACCE6B50ED2D1359582A70A8B8503C569623EE90C18C6B33542796207,Tester/logs/20261010.log,3016093,2026-06-01,14:20,INPLAYCOMMIT,"DG	0	18:16:55.754	Core 04	2026.06.01 14:20:02   [SRJ-EA] INPLAYCOMMIT bar=2026.06.01 14:15 dir=LONG zoneSrc=XOB zoneLo=159.382 zoneHi=159.407 promoT=2026.06.01 03:15 applied=1 bounded=1 scanned=138 swings=27 hits=0 firstShift=-1 firstVal=- commitVia=none legacy=0 legacyVia=none committed=0 changed=0 haveStop=1"
1056,JUNE0525-B157,1617DC1ACCE6B50ED2D1359582A70A8B8503C569623EE90C18C6B33542796207,Tester/logs/20261010.log,3016098,2026-06-01,14:25,B152PR,"MS	0	18:16:55.754	Core 04	2026.06.01 14:25:01   [SRJ-IND] B152PR sym=USDJPY bar=2026.06.01 14:20 z1=65,B,156.672,156.773,2026.05.11 04:10,1,2026.05.12 08:55,157.714,156.726"
1057,JUNE0525-B157,1617DC1ACCE6B50ED2D1359582A70A8B8503C569623EE90C18C6B33542796207,Tester/logs/20261010.log,3016099,2026-06-01,14:25,B152PR,"MI	0	18:16:55.754	Core 04	2026.06.01 14:25:01   [SRJ-IND] B152PR sym=USDJPY bar=2026.06.01 14:20 z1=78,B,156.578,156.584,2026.05.11 00:35,1,2026.05.11 00:40,156.644,156.537"
1058,JUNE0525-B157,1617DC1ACCE6B50ED2D1359582A70A8B8503C569623EE90C18C6B33542796207,Tester/logs/20261010.log,3016100,2026-06-01,14:25,B152PR,"KL	0	18:16:55.754	Core 04	2026.06.01 14:25:01   [SRJ-IND] B152PR sym=USDJPY bar=2026.06.01 14:20 z1=212,B,157.028,157.060,2026.05.11 19:20,1,2026.05.12 00:00,157.152,157.050"
1059,JUNE0525-B157,1617DC1ACCE6B50ED2D1359582A70A8B8503C569623EE90C18C6B33542796207,Tester/logs/20261010.log,3016101,2026-06-01,14:25,B152PR,"KF	0	18:16:55.754	Core 04	2026.06.01 14:25:01   [SRJ-IND] B152PR sym=USDJPY bar=2026.06.01 14:20 z1=256,B,157.172,157.178,2026.05.12 01:25,1,2026.05.12 08:55,157.714,156.726"
1060,JUNE0525-B157,1617DC1ACCE6B50ED2D1359582A70A8B8503C569623EE90C18C6B33542796207,Tester/logs/20261010.log,3016102,2026-06-01,14:25,B152PR,"EH	0	18:16:55.754	Core 04	2026.06.01 14:25:01   [SRJ-IND] B152PR sym=USDJPY bar=2026.06.01 14:20 z1=261,B,157.184,157.192,2026.05.12 03:00,1,2026.05.12 08:55,157.714,156.726"
1061,JUNE0525-B157,1617DC1ACCE6B50ED2D1359582A70A8B8503C569623EE90C18C6B33542796207,Tester/logs/20261010.log,3016103,2026-06-01,14:25,B152PR,"QR	0	18:16:55.754	Core 04	2026.06.01 14:25:01   [SRJ-IND] B152PR sym=USDJPY bar=2026.06.01 14:20 z1=313,B,157.331,157.497,2026.05.12 10:00,1,2026.05.12 10:10,157.546,157.487"
1062,JUNE0525-B157,1617DC1ACCE6B50ED2D1359582A70A8B8503C569623EE90C18C6B33542796207,Tester/logs/20261010.log,3016104,2026-06-01,14:25,B152PR,"LG	0	18:16:55.754	Core 04	2026.06.01 14:25:01   [SRJ-IND] B152PR sym=USDJPY bar=2026.06.01 14:20 z1=414,B,157.517,157.589,2026.05.13 01:10,1,2026.05.13 01:20,157.607,157.587"
1063,JUNE0525-B157,1617DC1ACCE6B50ED2D1359582A70A8B8503C569623EE90C18C6B33542796207,Tester/logs/20261010.log,3016105,2026-06-01,14:25,B152PR,"GI	0	18:16:55.754	Core 04	2026.06.01 14:25:01   [SRJ-IND] B152PR sym=USDJPY bar=2026.06.01 14:20 z1=447,B,157.562,157.648,2026.05.13 06:20,1,2026.05.13 06:25,157.662,157.648"
1064,JUNE0525-B157,1617DC1ACCE6B50ED2D1359582A70A8B8503C569623EE90C18C6B33542796207,Tester/logs/20261010.log,3016106,2026-06-01,14:25,B152PR,"HS	0	18:16:55.754	Core 04	2026.06.01 14:25:01   [SRJ-IND] B152PR sym=USDJPY bar=2026.06.01 14:20 z1=449,B,157.599,157.654,2026.05.13 05:15,1,2026.05.13 05:45,157.687,157.652"
1065,JUNE0525-B157,1617DC1ACCE6B50ED2D1359582A70A8B8503C569623EE90C18C6B33542796207,Tester/logs/20261010.log,3016107,2026-06-01,14:25,B152PR,"QE	0	18:16:55.754	Core 04	2026.06.01 14:25:01   [SRJ-IND] B152PR sym=USDJPY bar=2026.06.01 14:20 z1=460,B,157.645,157.660,2026.05.13 07:05,1,2026.05.14 00:25,157.812,157.650"
1066,JUNE0525-B157,1617DC1ACCE6B50ED2D1359582A70A8B8503C569623EE90C18C6B33542796207,Tester/logs/20261010.log,3016108,2026-06-01,14:25,B152PR,"IO	0	18:16:55.754	Core 04	2026.06.01 14:25:01   [SRJ-IND] B152PR sym=USDJPY bar=2026.06.01 14:20 z1=696,B,157.568,158.167,2026.05.14 18:05,1,2026.05.14 18:10,158.191,158.119"
1067,JUNE0525-B157,1617DC1ACCE6B50ED2D1359582A70A8B8503C569623EE90C18C6B33542796207,Tester/logs/20261010.log,3016109,2026-06-01,14:25,B152PR,"QQ	0	18:16:55.754	Core 04	2026.06.01 14:25:01   [SRJ-IND] B152PR sym=USDJPY bar=2026.06.01 14:20 z1=714,B,158.107,158.142,2026.05.14 19:30,1,2026.05.14 20:00,158.169,158.142"
1068,JUNE0525-B157,1617DC1ACCE6B50ED2D1359582A70A8B8503C569623EE90C18C6B33542796207,Tester/logs/20261010.log,3016110,2026-06-01,14:25,B152PR,"LH	0	18:16:55.754	Core 04	2026.06.01 14:25:01   [SRJ-IND] B152PR sym=USDJPY bar=2026.06.01 14:20 z1=1405,B,158.735,158.769,2026.05.20 19:00,1,2026.05.20 19:05,158.816,158.753"
1069,JUNE0525-B157,1617DC1ACCE6B50ED2D1359582A70A8B8503C569623EE90C18C6B33542796207,Tester/logs/20261010.log,3016111,2026-06-01,14:25,B152PR,"JN	0	18:16:55.754	Core 04	2026.06.01 14:25:01   [SRJ-IND] B152PR sym=USDJPY bar=2026.06.01 14:20 z1=1779,B,158.756,158.800,2026.05.25 06:45,1,2026.05.26 00:00,158.887,158.784"
1070,JUNE0525-B157,1617DC1ACCE6B50ED2D1359582A70A8B8503C569623EE90C18C6B33542796207,Tester/logs/20261010.log,3016112,2026-06-01,14:25,B152PR,"CD	0	18:16:55.754	Core 04	2026.06.01 14:25:01   [SRJ-IND] B152PR sym=USDJPY bar=2026.06.01 14:20 z1=1780,B,158.789,158.814,2026.05.25 04:50,1,2026.05.26 00:00,158.887,158.784"
1071,JUNE0525-B157,1617DC1ACCE6B50ED2D1359582A70A8B8503C569623EE90C18C6B33542796207,Tester/logs/20261010.log,3016113,2026-06-01,14:25,B152PR,"NJ	0	18:16:55.754	Core 04	2026.06.01 14:25:01   [SRJ-IND] B152PR sym=USDJPY bar=2026.06.01 14:20 z1=1949,B,158.916,158.934,2026.05.26 07:25,1,2026.05.26 07:30,158.942,158.934"
1072,JUNE0525-B157,1617DC1ACCE6B50ED2D1359582A70A8B8503C569623EE90C18C6B33542796207,Tester/logs/20261010.log,3016114,2026-06-01,14:25,B152PR,"GQ	0	18:16:55.754	Core 04	2026.06.01 14:25:01   [SRJ-IND] B152PR sym=USDJPY bar=2026.06.01 14:20 z1=2271,S,159.524,159.574,2026.05.28 09:40,1,2026.05.28 11:25,159.524,159.488"
1073,JUNE0525-B157,1617DC1ACCE6B50ED2D1359582A70A8B8503C569623EE90C18C6B33542796207,Tester/logs/20261010.log,3016115,2026-06-01,14:25,B152PR,"NG	0	18:16:55.754	Core 04	2026.06.01 14:25:01   [SRJ-IND] B152PR sym=USDJPY bar=2026.06.01 14:20 z1=2277,S,159.551,159.575,2026.05.28 08:40,1,2026.05.28 08:50,159.556,159.541"
1074,JUNE0525-B157,1617DC1ACCE6B50ED2D1359582A70A8B8503C569623EE90C18C6B33542796207,Tester/logs/20261010.log,3016116,2026-06-01,14:25,B152PR,"QM	0	18:16:55.754	Core 04	2026.06.01 14:25:01   [SRJ-IND] B152PR sym=USDJPY bar=2026.06.01 14:20 z1=2299,S,159.488,159.524,2026.05.28 11:45,1,2026.05.28 17:00,159.491,159.448"
1075,JUNE0525-B157,1617DC1ACCE6B50ED2D1359582A70A8B8503C569623EE90C18C6B33542796207,Tester/logs/20261010.log,3016117,2026-06-01,14:25,B152PR,"CR	0	18:16:55.754	Core 04	2026.06.01 14:25:01   [SRJ-IND] B152PR sym=USDJPY bar=2026.06.01 14:20 z1=2509,B,159.134,159.195,2026.05.29 19:10,1,2026.05.29 19:35,159.215,159.186"
1076,JUNE0525-B157,1617DC1ACCE6B50ED2D1359582A70A8B8503C569623EE90C18C6B33542796207,Tester/logs/20261010.log,3016118,2026-06-01,14:25,B152PR,"HI	0	18:16:55.754	Core 04	2026.06.01 14:25:01   [SRJ-IND] B152PR sym=USDJPY bar=2026.06.01 14:20 z1=2585,S,159.485,159.494,2026.06.01 06:00,1,2026.06.01 09:15,159.486,159.466"
1077,JUNE0525-B157,1617DC1ACCE6B50ED2D1359582A70A8B8503C569623EE90C18C6B33542796207,Tester/logs/20261010.log,3016119,2026-06-01,14:25,B152PR,"JL	0	18:16:55.754	Core 04	2026.06.01 14:25:01   [SRJ-IND] B152PR sym=USDJPY bar=2026.06.01 14:20 bull=1 bear=1 nz=21"
1078,JUNE0525-B157,1617DC1ACCE6B50ED2D1359582A70A8B8503C569623EE90C18C6B33542796207,Tester/logs/20261010.log,3016122,2026-06-01,14:25,FRESHSKIP,"NR	0	18:16:55.754	Core 04	2026.06.01 14:25:01   [SRJ-EA] FRESHSKIP bar=2026.06.01 14:20 dir=LONG state=S3_ZONE_WAIT poi=Monthly-POC reason=PRE_BINDING"
1079,JUNE0525-B157,1617DC1ACCE6B50ED2D1359582A70A8B8503C569623EE90C18C6B33542796207,Tester/logs/20261010.log,3016254,2026-06-01,14:25,CONFIRMPOLL,"RI	0	18:16:55.754	Core 04	2026.06.01 14:25:01   [SRJ-EA] CONFIRMPOLL bar=2026.06.01 14:20 anchor=Monthly-POC dir=LONG oppCandle=1 bodyDir=1 body=1pts doji=0 touchAttr=1 confirm=1 shadow=true"
1080,JUNE0525-B157,1617DC1ACCE6B50ED2D1359582A70A8B8503C569623EE90C18C6B33542796207,Tester/logs/20261010.log,3016257,2026-06-01,14:25,XOBPROMO,"QP	0	18:16:55.754	Core 04	2026.06.01 14:25:01   [SRJ-EA] XOBPROMO bar=2026.06.01 14:20 site=S3PICK xobId=2566 raw=1780283700.0 promoT=2026.06.01 03:15"
1081,JUNE0525-B157,1617DC1ACCE6B50ED2D1359582A70A8B8503C569623EE90C18C6B33542796207,Tester/logs/20261010.log,3016258,2026-06-01,14:25,ZONEPICK,"OG	0	18:16:55.754	Core 04	2026.06.01 14:25:01   [SRJ-EA] ZONEPICK bar=2026.06.01 14:20 dir=LONG haveFvg=0 fvgInPlay=0 haveXob=1 xobInPlay=0 downgraded=0 fvg=--- xob=159.382-159.407"
1082,JUNE0525-B157,1617DC1ACCE6B50ED2D1359582A70A8B8503C569623EE90C18C6B33542796207,Tester/logs/20261010.log,3016267,2026-06-01,14:25,INPLAYCOMMIT,"OF	0	18:16:55.754	Core 04	2026.06.01 14:25:01   [SRJ-EA] INPLAYCOMMIT bar=2026.06.01 14:20 dir=LONG zoneSrc=XOB zoneLo=159.382 zoneHi=159.407 promoT=2026.06.01 03:15 applied=1 bounded=1 scanned=139 swings=27 hits=0 firstShift=-1 firstVal=- commitVia=none legacy=0 legacyVia=none committed=0 changed=0 haveStop=1"
1083,JUNE0525-B157,1617DC1ACCE6B50ED2D1359582A70A8B8503C569623EE90C18C6B33542796207,Tester/logs/20261010.log,3016272,2026-06-01,14:30,B152PR,"KD	0	18:16:55.754	Core 04	2026.06.01 14:30:00   [SRJ-IND] B152PR sym=USDJPY bar=2026.06.01 14:25 z1=65,B,156.672,156.773,2026.05.11 04:10,1,2026.05.12 08:55,157.714,156.726"
1084,JUNE0525-B157,1617DC1ACCE6B50ED2D1359582A70A8B8503C569623EE90C18C6B33542796207,Tester/logs/20261010.log,3016273,2026-06-01,14:30,B152PR,"KJ	0	18:16:55.754	Core 04	2026.06.01 14:30:00   [SRJ-IND] B152PR sym=USDJPY bar=2026.06.01 14:25 z1=78,B,156.578,156.584,2026.05.11 00:35,1,2026.05.11 00:40,156.644,156.537"
1085,JUNE0525-B157,1617DC1ACCE6B50ED2D1359582A70A8B8503C569623EE90C18C6B33542796207,Tester/logs/20261010.log,3016274,2026-06-01,14:30,B152PR,"MS	0	18:16:55.754	Core 04	2026.06.01 14:30:00   [SRJ-IND] B152PR sym=USDJPY bar=2026.06.01 14:25 z1=212,B,157.028,157.060,2026.05.11 19:20,1,2026.05.12 00:00,157.152,157.050"
1086,JUNE0525-B157,1617DC1ACCE6B50ED2D1359582A70A8B8503C569623EE90C18C6B33542796207,Tester/logs/20261010.log,3016275,2026-06-01,14:30,B152PR,"QE	0	18:16:55.754	Core 04	2026.06.01 14:30:00   [SRJ-IND] B152PR sym=USDJPY bar=2026.06.01 14:25 z1=256,B,157.172,157.178,2026.05.12 01:25,1,2026.05.12 08:55,157.714,156.726"
1087,JUNE0525-B157,1617DC1ACCE6B50ED2D1359582A70A8B8503C569623EE90C18C6B33542796207,Tester/logs/20261010.log,3016276,2026-06-01,14:30,B152PR,"CO	0	18:16:55.754	Core 04	2026.06.01 14:30:00   [SRJ-IND] B152PR sym=USDJPY bar=2026.06.01 14:25 z1=261,B,157.184,157.192,2026.05.12 03:00,1,2026.05.12 08:55,157.714,156.726"
1088,JUNE0525-B157,1617DC1ACCE6B50ED2D1359582A70A8B8503C569623EE90C18C6B33542796207,Tester/logs/20261010.log,3016277,2026-06-01,14:30,B152PR,"CP	0	18:16:55.754	Core 04	2026.06.01 14:30:00   [SRJ-IND] B152PR sym=USDJPY bar=2026.06.01 14:25 z1=313,B,157.331,157.497,2026.05.12 10:00,1,2026.05.12 10:10,157.546,157.487"
1089,JUNE0525-B157,1617DC1ACCE6B50ED2D1359582A70A8B8503C569623EE90C18C6B33542796207,Tester/logs/20261010.log,3016278,2026-06-01,14:30,B152PR,"NJ	0	18:16:55.754	Core 04	2026.06.01 14:30:00   [SRJ-IND] B152PR sym=USDJPY bar=2026.06.01 14:25 z1=414,B,157.517,157.589,2026.05.13 01:10,1,2026.05.13 01:20,157.607,157.587"
1090,JUNE0525-B157,1617DC1ACCE6B50ED2D1359582A70A8B8503C569623EE90C18C6B33542796207,Tester/logs/20261010.log,3016279,2026-06-01,14:30,B152PR,"EL	0	18:16:55.754	Core 04	2026.06.01 14:30:00   [SRJ-IND] B152PR sym=USDJPY bar=2026.06.01 14:25 z1=447,B,157.562,157.648,2026.05.13 06:20,1,2026.05.13 06:25,157.662,157.648"
1091,JUNE0525-B157,1617DC1ACCE6B50ED2D1359582A70A8B8503C569623EE90C18C6B33542796207,Tester/logs/20261010.log,3016280,2026-06-01,14:30,B152PR,"JF	0	18:16:55.754	Core 04	2026.06.01 14:30:00   [SRJ-IND] B152PR sym=USDJPY bar=2026.06.01 14:25 z1=449,B,157.599,157.654,2026.05.13 05:15,1,2026.05.13 05:45,157.687,157.652"
1092,JUNE0525-B157,1617DC1ACCE6B50ED2D1359582A70A8B8503C569623EE90C18C6B33542796207,Tester/logs/20261010.log,3016281,2026-06-01,14:30,B152PR,"CH	0	18:16:55.754	Core 04	2026.06.01 14:30:00   [SRJ-IND] B152PR sym=USDJPY bar=2026.06.01 14:25 z1=460,B,157.645,157.660,2026.05.13 07:05,1,2026.05.14 00:25,157.812,157.650"
1093,JUNE0525-B157,1617DC1ACCE6B50ED2D1359582A70A8B8503C569623EE90C18C6B33542796207,Tester/logs/20261010.log,3016282,2026-06-01,14:30,B152PR,"GR	0	18:16:55.754	Core 04	2026.06.01 14:30:00   [SRJ-IND] B152PR sym=USDJPY bar=2026.06.01 14:25 z1=696,B,157.568,158.167,2026.05.14 18:05,1,2026.05.14 18:10,158.191,158.119"
1094,JUNE0525-B157,1617DC1ACCE6B50ED2D1359582A70A8B8503C569623EE90C18C6B33542796207,Tester/logs/20261010.log,3016283,2026-06-01,14:30,B152PR,"KD	0	18:16:55.754	Core 04	2026.06.01 14:30:00   [SRJ-IND] B152PR sym=USDJPY bar=2026.06.01 14:25 z1=714,B,158.107,158.142,2026.05.14 19:30,1,2026.05.14 20:00,158.169,158.142"
1095,JUNE0525-B157,1617DC1ACCE6B50ED2D1359582A70A8B8503C569623EE90C18C6B33542796207,Tester/logs/20261010.log,3016284,2026-06-01,14:30,B152PR,"NM	0	18:16:55.754	Core 04	2026.06.01 14:30:00   [SRJ-IND] B152PR sym=USDJPY bar=2026.06.01 14:25 z1=1405,B,158.735,158.769,2026.05.20 19:00,1,2026.05.20 19:05,158.816,158.753"
1096,JUNE0525-B157,1617DC1ACCE6B50ED2D1359582A70A8B8503C569623EE90C18C6B33542796207,Tester/logs/20261010.log,3016285,2026-06-01,14:30,B152PR,"HS	0	18:16:55.754	Core 04	2026.06.01 14:30:00   [SRJ-IND] B152PR sym=USDJPY bar=2026.06.01 14:25 z1=1779,B,158.756,158.800,2026.05.25 06:45,1,2026.05.26 00:00,158.887,158.784"
1097,JUNE0525-B157,1617DC1ACCE6B50ED2D1359582A70A8B8503C569623EE90C18C6B33542796207,Tester/logs/20261010.log,3016286,2026-06-01,14:30,B152PR,"EI	0	18:16:55.754	Core 04	2026.06.01 14:30:00   [SRJ-IND] B152PR sym=USDJPY bar=2026.06.01 14:25 z1=1780,B,158.789,158.814,2026.05.25 04:50,1,2026.05.26 00:00,158.887,158.784"
1098,JUNE0525-B157,1617DC1ACCE6B50ED2D1359582A70A8B8503C569623EE90C18C6B33542796207,Tester/logs/20261010.log,3016287,2026-06-01,14:30,B152PR,"LO	0	18:16:55.754	Core 04	2026.06.01 14:30:00   [SRJ-IND] B152PR sym=USDJPY bar=2026.06.01 14:25 z1=1949,B,158.916,158.934,2026.05.26 07:25,1,2026.05.26 07:30,158.942,158.934"
1099,JUNE0525-B157,1617DC1ACCE6B50ED2D1359582A70A8B8503C569623EE90C18C6B33542796207,Tester/logs/20261010.log,3016288,2026-06-01,14:30,B152PR,"ID	0	18:16:55.754	Core 04	2026.06.01 14:30:00   [SRJ-IND] B152PR sym=USDJPY bar=2026.06.01 14:25 z1=2271,S,159.524,159.574,2026.05.28 09:40,1,2026.05.28 11:25,159.524,159.488"
1100,JUNE0525-B157,1617DC1ACCE6B50ED2D1359582A70A8B8503C569623EE90C18C6B33542796207,Tester/logs/20261010.log,3016289,2026-06-01,14:30,B152PR,"LJ	0	18:16:55.754	Core 04	2026.06.01 14:30:00   [SRJ-IND] B152PR sym=USDJPY bar=2026.06.01 14:25 z1=2277,S,159.551,159.575,2026.05.28 08:40,1,2026.05.28 08:50,159.556,159.541"
1101,JUNE0525-B157,1617DC1ACCE6B50ED2D1359582A70A8B8503C569623EE90C18C6B33542796207,Tester/logs/20261010.log,3016290,2026-06-01,14:30,B152PR,"OP	0	18:16:55.754	Core 04	2026.06.01 14:30:00   [SRJ-IND] B152PR sym=USDJPY bar=2026.06.01 14:25 z1=2299,S,159.488,159.524,2026.05.28 11:45,1,2026.05.28 17:00,159.491,159.448"
1102,JUNE0525-B157,1617DC1ACCE6B50ED2D1359582A70A8B8503C569623EE90C18C6B33542796207,Tester/logs/20261010.log,3016291,2026-06-01,14:30,B152PR,"EG	0	18:16:55.754	Core 04	2026.06.01 14:30:00   [SRJ-IND] B152PR sym=USDJPY bar=2026.06.01 14:25 z1=2509,B,159.134,159.195,2026.05.29 19:10,1,2026.05.29 19:35,159.215,159.186"
1103,JUNE0525-B157,1617DC1ACCE6B50ED2D1359582A70A8B8503C569623EE90C18C6B33542796207,Tester/logs/20261010.log,3016292,2026-06-01,14:30,B152PR,"JL	0	18:16:55.754	Core 04	2026.06.01 14:30:00   [SRJ-IND] B152PR sym=USDJPY bar=2026.06.01 14:25 z1=2585,S,159.485,159.494,2026.06.01 06:00,1,2026.06.01 09:15,159.486,159.466"
1104,JUNE0525-B157,1617DC1ACCE6B50ED2D1359582A70A8B8503C569623EE90C18C6B33542796207,Tester/logs/20261010.log,3016293,2026-06-01,14:30,B152PR,"HQ	0	18:16:55.754	Core 04	2026.06.01 14:30:00   [SRJ-IND] B152PR sym=USDJPY bar=2026.06.01 14:25 bull=1 bear=1 nz=21"
1105,JUNE0525-B157,1617DC1ACCE6B50ED2D1359582A70A8B8503C569623EE90C18C6B33542796207,Tester/logs/20261010.log,3016297,2026-06-01,14:30,FRESHSKIP,"NO	0	18:16:55.754	Core 04	2026.06.01 14:30:00   [SRJ-EA] FRESHSKIP bar=2026.06.01 14:25 dir=LONG state=S3_ZONE_WAIT poi=Monthly-POC reason=PRE_BINDING"
1106,JUNE0525-B157,1617DC1ACCE6B50ED2D1359582A70A8B8503C569623EE90C18C6B33542796207,Tester/logs/20261010.log,3016429,2026-06-01,14:30,CONFIRMPOLL,"NL	0	18:16:55.754	Core 04	2026.06.01 14:30:00   [SRJ-EA] CONFIRMPOLL bar=2026.06.01 14:25 anchor=Monthly-POC dir=LONG oppCandle=0 bodyDir=0 body=4pts doji=0 touchAttr=1 confirm=0 shadow=true"
1107,JUNE0525-B157,1617DC1ACCE6B50ED2D1359582A70A8B8503C569623EE90C18C6B33542796207,Tester/logs/20261010.log,3016432,2026-06-01,14:30,XOBPROMO,"OR	0	18:16:55.754	Core 04	2026.06.01 14:30:00   [SRJ-EA] XOBPROMO bar=2026.06.01 14:25 site=S3PICK xobId=2566 raw=1780283700.0 promoT=2026.06.01 03:15"
1108,JUNE0525-B157,1617DC1ACCE6B50ED2D1359582A70A8B8503C569623EE90C18C6B33542796207,Tester/logs/20261010.log,3016433,2026-06-01,14:30,ZONEPICK,"QE	0	18:16:55.754	Core 04	2026.06.01 14:30:00   [SRJ-EA] ZONEPICK bar=2026.06.01 14:25 dir=LONG haveFvg=0 fvgInPlay=0 haveXob=1 xobInPlay=0 downgraded=0 fvg=--- xob=159.382-159.407"
1109,JUNE0525-B157,1617DC1ACCE6B50ED2D1359582A70A8B8503C569623EE90C18C6B33542796207,Tester/logs/20261010.log,3016442,2026-06-01,14:30,INPLAYCOMMIT,"GP	0	18:16:55.754	Core 04	2026.06.01 14:30:00   [SRJ-EA] INPLAYCOMMIT bar=2026.06.01 14:25 dir=LONG zoneSrc=XOB zoneLo=159.382 zoneHi=159.407 promoT=2026.06.01 03:15 applied=1 bounded=1 scanned=140 swings=27 hits=0 firstShift=-1 firstVal=- commitVia=none legacy=0 legacyVia=none committed=0 changed=0 haveStop=1"
1110,JUNE0525-B157,1617DC1ACCE6B50ED2D1359582A70A8B8503C569623EE90C18C6B33542796207,Tester/logs/20261010.log,3016448,2026-06-01,14:35,B152PR,"RE	0	18:16:55.754	Core 04	2026.06.01 14:35:28   [SRJ-IND] B152PR sym=USDJPY bar=2026.06.01 14:30 z1=65,B,156.672,156.773,2026.05.11 04:10,1,2026.05.12 08:55,157.714,156.726"
1111,JUNE0525-B157,1617DC1ACCE6B50ED2D1359582A70A8B8503C569623EE90C18C6B33542796207,Tester/logs/20261010.log,3016449,2026-06-01,14:35,B152PR,"JH	0	18:16:55.754	Core 04	2026.06.01 14:35:28   [SRJ-IND] B152PR sym=USDJPY bar=2026.06.01 14:30 z1=78,B,156.578,156.584,2026.05.11 00:35,1,2026.05.11 00:40,156.644,156.537"
1112,JUNE0525-B157,1617DC1ACCE6B50ED2D1359582A70A8B8503C569623EE90C18C6B33542796207,Tester/logs/20261010.log,3016450,2026-06-01,14:35,B152PR,"PM	0	18:16:55.754	Core 04	2026.06.01 14:35:28   [SRJ-IND] B152PR sym=USDJPY bar=2026.06.01 14:30 z1=212,B,157.028,157.060,2026.05.11 19:20,1,2026.05.12 00:00,157.152,157.050"
1113,JUNE0525-B157,1617DC1ACCE6B50ED2D1359582A70A8B8503C569623EE90C18C6B33542796207,Tester/logs/20261010.log,3016451,2026-06-01,14:35,B152PR,"DG	0	18:16:55.754	Core 04	2026.06.01 14:35:28   [SRJ-IND] B152PR sym=USDJPY bar=2026.06.01 14:30 z1=256,B,157.172,157.178,2026.05.12 01:25,1,2026.05.12 08:55,157.714,156.726"
1114,JUNE0525-B157,1617DC1ACCE6B50ED2D1359582A70A8B8503C569623EE90C18C6B33542796207,Tester/logs/20261010.log,3016452,2026-06-01,14:35,B152PR,"RI	0	18:16:55.754	Core 04	2026.06.01 14:35:28   [SRJ-IND] B152PR sym=USDJPY bar=2026.06.01 14:30 z1=261,B,157.184,157.192,2026.05.12 03:00,1,2026.05.12 08:55,157.714,156.726"
1115,JUNE0525-B157,1617DC1ACCE6B50ED2D1359582A70A8B8503C569623EE90C18C6B33542796207,Tester/logs/20261010.log,3016453,2026-06-01,14:35,B152PR,"JS	0	18:16:55.754	Core 04	2026.06.01 14:35:28   [SRJ-IND] B152PR sym=USDJPY bar=2026.06.01 14:30 z1=313,B,157.331,157.497,2026.05.12 10:00,1,2026.05.12 10:10,157.546,157.487"
1116,JUNE0525-B157,1617DC1ACCE6B50ED2D1359582A70A8B8503C569623EE90C18C6B33542796207,Tester/logs/20261010.log,3016454,2026-06-01,14:35,B152PR,"OE	0	18:16:55.754	Core 04	2026.06.01 14:35:28   [SRJ-IND] B152PR sym=USDJPY bar=2026.06.01 14:30 z1=414,B,157.517,157.589,2026.05.13 01:10,1,2026.05.13 01:20,157.607,157.587"
1117,JUNE0525-B157,1617DC1ACCE6B50ED2D1359582A70A8B8503C569623EE90C18C6B33542796207,Tester/logs/20261010.log,3016455,2026-06-01,14:35,B152PR,"PN	0	18:16:55.754	Core 04	2026.06.01 14:35:28   [SRJ-IND] B152PR sym=USDJPY bar=2026.06.01 14:30 z1=447,B,157.562,157.648,2026.05.13 06:20,1,2026.05.13 06:25,157.662,157.648"
1118,JUNE0525-B157,1617DC1ACCE6B50ED2D1359582A70A8B8503C569623EE90C18C6B33542796207,Tester/logs/20261010.log,3016456,2026-06-01,14:35,B152PR,"KP	0	18:16:55.754	Core 04	2026.06.01 14:35:28   [SRJ-IND] B152PR sym=USDJPY bar=2026.06.01 14:30 z1=449,B,157.599,157.654,2026.05.13 05:15,1,2026.05.13 05:45,157.687,157.652"
1119,JUNE0525-B157,1617DC1ACCE6B50ED2D1359582A70A8B8503C569623EE90C18C6B33542796207,Tester/logs/20261010.log,3016457,2026-06-01,14:35,B152PR,"JJ	0	18:16:55.754	Core 04	2026.06.01 14:35:28   [SRJ-IND] B152PR sym=USDJPY bar=2026.06.01 14:30 z1=460,B,157.645,157.660,2026.05.13 07:05,1,2026.05.14 00:25,157.812,157.650"
1120,JUNE0525-B157,1617DC1ACCE6B50ED2D1359582A70A8B8503C569623EE90C18C6B33542796207,Tester/logs/20261010.log,3016458,2026-06-01,14:35,B152PR,"FL	0	18:16:55.754	Core 04	2026.06.01 14:35:28   [SRJ-IND] B152PR sym=USDJPY bar=2026.06.01 14:30 z1=696,B,157.568,158.167,2026.05.14 18:05,1,2026.05.14 18:10,158.191,158.119"
1121,JUNE0525-B157,1617DC1ACCE6B50ED2D1359582A70A8B8503C569623EE90C18C6B33542796207,Tester/logs/20261010.log,3016459,2026-06-01,14:35,B152PR,"JF	0	18:16:55.754	Core 04	2026.06.01 14:35:28   [SRJ-IND] B152PR sym=USDJPY bar=2026.06.01 14:30 z1=714,B,158.107,158.142,2026.05.14 19:30,1,2026.05.14 20:00,158.169,158.142"
1122,JUNE0525-B157,1617DC1ACCE6B50ED2D1359582A70A8B8503C569623EE90C18C6B33542796207,Tester/logs/20261010.log,3016460,2026-06-01,14:35,B152PR,"GK	0	18:16:55.754	Core 04	2026.06.01 14:35:28   [SRJ-IND] B152PR sym=USDJPY bar=2026.06.01 14:30 z1=1405,B,158.735,158.769,2026.05.20 19:00,1,2026.05.20 19:05,158.816,158.753"
1123,JUNE0525-B157,1617DC1ACCE6B50ED2D1359582A70A8B8503C569623EE90C18C6B33542796207,Tester/logs/20261010.log,3016461,2026-06-01,14:35,B152PR,"MQ	0	18:16:55.754	Core 04	2026.06.01 14:35:28   [SRJ-IND] B152PR sym=USDJPY bar=2026.06.01 14:30 z1=1779,B,158.756,158.800,2026.05.25 06:45,1,2026.05.26 00:00,158.887,158.784"
1124,JUNE0525-B157,1617DC1ACCE6B50ED2D1359582A70A8B8503C569623EE90C18C6B33542796207,Tester/logs/20261010.log,3016462,2026-06-01,14:35,B152PR,"PG	0	18:16:55.754	Core 04	2026.06.01 14:35:28   [SRJ-IND] B152PR sym=USDJPY bar=2026.06.01 14:30 z1=1780,B,158.789,158.814,2026.05.25 04:50,1,2026.05.26 00:00,158.887,158.784"
1125,JUNE0525-B157,1617DC1ACCE6B50ED2D1359582A70A8B8503C569623EE90C18C6B33542796207,Tester/logs/20261010.log,3016463,2026-06-01,14:35,B152PR,"IM	0	18:16:55.754	Core 04	2026.06.01 14:35:28   [SRJ-IND] B152PR sym=USDJPY bar=2026.06.01 14:30 z1=1949,B,158.916,158.934,2026.05.26 07:25,1,2026.05.26 07:30,158.942,158.934"
1126,JUNE0525-B157,1617DC1ACCE6B50ED2D1359582A70A8B8503C569623EE90C18C6B33542796207,Tester/logs/20261010.log,3016464,2026-06-01,14:35,B152PR,"LR	0	18:16:55.754	Core 04	2026.06.01 14:35:28   [SRJ-IND] B152PR sym=USDJPY bar=2026.06.01 14:30 z1=2271,S,159.524,159.574,2026.05.28 09:40,1,2026.05.28 11:25,159.524,159.488"
1127,JUNE0525-B157,1617DC1ACCE6B50ED2D1359582A70A8B8503C569623EE90C18C6B33542796207,Tester/logs/20261010.log,3016465,2026-06-01,14:35,B152PR,"IH	0	18:16:55.754	Core 04	2026.06.01 14:35:28   [SRJ-IND] B152PR sym=USDJPY bar=2026.06.01 14:30 z1=2277,S,159.551,159.575,2026.05.28 08:40,1,2026.05.28 08:50,159.556,159.541"
1128,JUNE0525-B157,1617DC1ACCE6B50ED2D1359582A70A8B8503C569623EE90C18C6B33542796207,Tester/logs/20261010.log,3016466,2026-06-01,14:35,B152PR,"FN	0	18:16:55.754	Core 04	2026.06.01 14:35:28   [SRJ-IND] B152PR sym=USDJPY bar=2026.06.01 14:30 z1=2299,S,159.488,159.524,2026.05.28 11:45,1,2026.05.28 17:00,159.491,159.448"
1129,JUNE0525-B157,1617DC1ACCE6B50ED2D1359582A70A8B8503C569623EE90C18C6B33542796207,Tester/logs/20261010.log,3016467,2026-06-01,14:35,B152PR,"PE	0	18:16:55.754	Core 04	2026.06.01 14:35:28   [SRJ-IND] B152PR sym=USDJPY bar=2026.06.01 14:30 z1=2509,B,159.134,159.195,2026.05.29 19:10,1,2026.05.29 19:35,159.215,159.186"
1130,JUNE0525-B157,1617DC1ACCE6B50ED2D1359582A70A8B8503C569623EE90C18C6B33542796207,Tester/logs/20261010.log,3016468,2026-06-01,14:35,B152PR,"KJ	0	18:16:55.754	Core 04	2026.06.01 14:35:28   [SRJ-IND] B152PR sym=USDJPY bar=2026.06.01 14:30 z1=2585,S,159.485,159.494,2026.06.01 06:00,1,2026.06.01 09:15,159.486,159.466"
1131,JUNE0525-B157,1617DC1ACCE6B50ED2D1359582A70A8B8503C569623EE90C18C6B33542796207,Tester/logs/20261010.log,3016469,2026-06-01,14:35,B152PR,"MS	0	18:16:55.754	Core 04	2026.06.01 14:35:28   [SRJ-IND] B152PR sym=USDJPY bar=2026.06.01 14:30 bull=1 bear=1 nz=21"
1132,JUNE0525-B157,1617DC1ACCE6B50ED2D1359582A70A8B8503C569623EE90C18C6B33542796207,Tester/logs/20261010.log,3016472,2026-06-01,14:35,FRESHSKIP,"QL	0	18:16:55.754	Core 04	2026.06.01 14:35:28   [SRJ-EA] FRESHSKIP bar=2026.06.01 14:30 dir=LONG state=S3_ZONE_WAIT poi=Monthly-POC reason=PRE_BINDING"
1133,JUNE0525-B157,1617DC1ACCE6B50ED2D1359582A70A8B8503C569623EE90C18C6B33542796207,Tester/logs/20261010.log,3016608,2026-06-01,14:35,CONFIRMPOLL,"NF	0	18:16:55.754	Core 04	2026.06.01 14:35:28   [SRJ-EA] CONFIRMPOLL bar=2026.06.01 14:30 anchor=Monthly-POC dir=LONG oppCandle=1 bodyDir=1 body=6pts doji=0 touchAttr=0 confirm=0 shadow=true"
1134,JUNE0525-B157,1617DC1ACCE6B50ED2D1359582A70A8B8503C569623EE90C18C6B33542796207,Tester/logs/20261010.log,3016612,2026-06-01,14:35,XOBPROMO,"PQ	0	18:16:55.754	Core 04	2026.06.01 14:35:28   [SRJ-EA] XOBPROMO bar=2026.06.01 14:30 site=S3PICK xobId=2566 raw=1780283700.0 promoT=2026.06.01 03:15"
1135,JUNE0525-B157,1617DC1ACCE6B50ED2D1359582A70A8B8503C569623EE90C18C6B33542796207,Tester/logs/20261010.log,3016613,2026-06-01,14:35,ZONEPICK,"RP	0	18:16:55.754	Core 04	2026.06.01 14:35:28   [SRJ-EA] ZONEPICK bar=2026.06.01 14:30 dir=LONG haveFvg=0 fvgInPlay=0 haveXob=1 xobInPlay=0 downgraded=0 fvg=--- xob=159.382-159.407"
1136,JUNE0525-B157,1617DC1ACCE6B50ED2D1359582A70A8B8503C569623EE90C18C6B33542796207,Tester/logs/20261010.log,3016622,2026-06-01,14:35,INPLAYCOMMIT,"CG	0	18:16:55.754	Core 04	2026.06.01 14:35:28   [SRJ-EA] INPLAYCOMMIT bar=2026.06.01 14:30 dir=LONG zoneSrc=XOB zoneLo=159.382 zoneHi=159.407 promoT=2026.06.01 03:15 applied=1 bounded=1 scanned=141 swings=27 hits=0 firstShift=-1 firstVal=- commitVia=none legacy=0 legacyVia=none committed=0 changed=0 haveStop=1"
1137,JUNE0525-B157,1617DC1ACCE6B50ED2D1359582A70A8B8503C569623EE90C18C6B33542796207,Tester/logs/20261010.log,3016627,2026-06-01,14:40,B152PR,"IE	0	18:16:55.754	Core 04	2026.06.01 14:40:00   [SRJ-IND] B152PR sym=USDJPY bar=2026.06.01 14:35 z1=65,B,156.672,156.773,2026.05.11 04:10,1,2026.05.12 08:55,157.714,156.726"
1138,JUNE0525-B157,1617DC1ACCE6B50ED2D1359582A70A8B8503C569623EE90C18C6B33542796207,Tester/logs/20261010.log,3016628,2026-06-01,14:40,B152PR,"IK	0	18:16:55.754	Core 04	2026.06.01 14:40:00   [SRJ-IND] B152PR sym=USDJPY bar=2026.06.01 14:35 z1=78,B,156.578,156.584,2026.05.11 00:35,1,2026.05.11 00:40,156.644,156.537"
1139,JUNE0525-B157,1617DC1ACCE6B50ED2D1359582A70A8B8503C569623EE90C18C6B33542796207,Tester/logs/20261010.log,3016629,2026-06-01,14:40,B152PR,"GM	0	18:16:55.754	Core 04	2026.06.01 14:40:00   [SRJ-IND] B152PR sym=USDJPY bar=2026.06.01 14:35 z1=212,B,157.028,157.060,2026.05.11 19:20,1,2026.05.12 00:00,157.152,157.050"
1140,JUNE0525-B157,1617DC1ACCE6B50ED2D1359582A70A8B8503C569623EE90C18C6B33542796207,Tester/logs/20261010.log,3016630,2026-06-01,14:40,B152PR,"CG	0	18:16:55.754	Core 04	2026.06.01 14:40:00   [SRJ-IND] B152PR sym=USDJPY bar=2026.06.01 14:35 z1=256,B,157.172,157.178,2026.05.12 01:25,1,2026.05.12 08:55,157.714,156.726"
1141,JUNE0525-B157,1617DC1ACCE6B50ED2D1359582A70A8B8503C569623EE90C18C6B33542796207,Tester/logs/20261010.log,3016631,2026-06-01,14:40,B152PR,"QI	0	18:16:55.754	Core 04	2026.06.01 14:40:00   [SRJ-IND] B152PR sym=USDJPY bar=2026.06.01 14:35 z1=261,B,157.184,157.192,2026.05.12 03:00,1,2026.05.12 08:55,157.714,156.726"
1142,JUNE0525-B157,1617DC1ACCE6B50ED2D1359582A70A8B8503C569623EE90C18C6B33542796207,Tester/logs/20261010.log,3016632,2026-06-01,14:40,B152PR,"QS	0	18:16:55.754	Core 04	2026.06.01 14:40:00   [SRJ-IND] B152PR sym=USDJPY bar=2026.06.01 14:35 z1=313,B,157.331,157.497,2026.05.12 10:00,1,2026.05.12 10:10,157.546,157.487"
1143,JUNE0525-B157,1617DC1ACCE6B50ED2D1359582A70A8B8503C569623EE90C18C6B33542796207,Tester/logs/20261010.log,3016633,2026-06-01,14:40,B152PR,"HE	0	18:16:55.754	Core 04	2026.06.01 14:40:00   [SRJ-IND] B152PR sym=USDJPY bar=2026.06.01 14:35 z1=414,B,157.517,157.589,2026.05.13 01:10,1,2026.05.13 01:20,157.607,157.587"
1144,JUNE0525-B157,1617DC1ACCE6B50ED2D1359582A70A8B8503C569623EE90C18C6B33542796207,Tester/logs/20261010.log,3016634,2026-06-01,14:40,B152PR,"OO	0	18:16:55.754	Core 04	2026.06.01 14:40:00   [SRJ-IND] B152PR sym=USDJPY bar=2026.06.01 14:35 z1=447,B,157.562,157.648,2026.05.13 06:20,1,2026.05.13 06:25,157.662,157.648"
1145,JUNE0525-B157,1617DC1ACCE6B50ED2D1359582A70A8B8503C569623EE90C18C6B33542796207,Tester/logs/20261010.log,3016635,2026-06-01,14:40,B152PR,"LQ	0	18:16:55.754	Core 04	2026.06.01 14:40:00   [SRJ-IND] B152PR sym=USDJPY bar=2026.06.01 14:35 z1=449,B,157.599,157.654,2026.05.13 05:15,1,2026.05.13 05:45,157.687,157.652"
1146,JUNE0525-B157,1617DC1ACCE6B50ED2D1359582A70A8B8503C569623EE90C18C6B33542796207,Tester/logs/20261010.log,3016636,2026-06-01,14:40,B152PR,"QJ	0	18:16:55.754	Core 04	2026.06.01 14:40:00   [SRJ-IND] B152PR sym=USDJPY bar=2026.06.01 14:35 z1=460,B,157.645,157.660,2026.05.13 07:05,1,2026.05.14 00:25,157.812,157.650"
1147,JUNE0525-B157,1617DC1ACCE6B50ED2D1359582A70A8B8503C569623EE90C18C6B33542796207,Tester/logs/20261010.log,3016637,2026-06-01,14:40,B152PR,"ML	0	18:16:55.754	Core 04	2026.06.01 14:40:00   [SRJ-IND] B152PR sym=USDJPY bar=2026.06.01 14:35 z1=696,B,157.568,158.167,2026.05.14 18:05,1,2026.05.14 18:10,158.191,158.119"
1148,JUNE0525-B157,1617DC1ACCE6B50ED2D1359582A70A8B8503C569623EE90C18C6B33542796207,Tester/logs/20261010.log,3016638,2026-06-01,14:40,B152PR,"IF	0	18:16:55.754	Core 04	2026.06.01 14:40:00   [SRJ-IND] B152PR sym=USDJPY bar=2026.06.01 14:35 z1=714,B,158.107,158.142,2026.05.14 19:30,1,2026.05.14 20:00,158.169,158.142"
1149,JUNE0525-B157,1617DC1ACCE6B50ED2D1359582A70A8B8503C569623EE90C18C6B33542796207,Tester/logs/20261010.log,3016639,2026-06-01,14:40,B152PR,"HK	0	18:16:55.754	Core 04	2026.06.01 14:40:00   [SRJ-IND] B152PR sym=USDJPY bar=2026.06.01 14:35 z1=1405,B,158.735,158.769,2026.05.20 19:00,1,2026.05.20 19:05,158.816,158.753"
1150,JUNE0525-B157,1617DC1ACCE6B50ED2D1359582A70A8B8503C569623EE90C18C6B33542796207,Tester/logs/20261010.log,3016640,2026-06-01,14:40,B152PR,"NQ	0	18:16:55.754	Core 04	2026.06.01 14:40:00   [SRJ-IND] B152PR sym=USDJPY bar=2026.06.01 14:35 z1=1779,B,158.756,158.800,2026.05.25 06:45,1,2026.05.26 00:00,158.887,158.784"
1151,JUNE0525-B157,1617DC1ACCE6B50ED2D1359582A70A8B8503C569623EE90C18C6B33542796207,Tester/logs/20261010.log,3016641,2026-06-01,14:40,B152PR,"OG	0	18:16:55.754	Core 04	2026.06.01 14:40:00   [SRJ-IND] B152PR sym=USDJPY bar=2026.06.01 14:35 z1=1780,B,158.789,158.814,2026.05.25 04:50,1,2026.05.26 00:00,158.887,158.784"
1152,JUNE0525-B157,1617DC1ACCE6B50ED2D1359582A70A8B8503C569623EE90C18C6B33542796207,Tester/logs/20261010.log,3016642,2026-06-01,14:40,B152PR,"JM	0	18:16:55.754	Core 04	2026.06.01 14:40:00   [SRJ-IND] B152PR sym=USDJPY bar=2026.06.01 14:35 z1=1949,B,158.916,158.934,2026.05.26 07:25,1,2026.05.26 07:30,158.942,158.934"
1153,JUNE0525-B157,1617DC1ACCE6B50ED2D1359582A70A8B8503C569623EE90C18C6B33542796207,Tester/logs/20261010.log,3016643,2026-06-01,14:40,B152PR,"KR	0	18:16:55.754	Core 04	2026.06.01 14:40:00   [SRJ-IND] B152PR sym=USDJPY bar=2026.06.01 14:35 z1=2271,S,159.524,159.574,2026.05.28 09:40,1,2026.05.28 11:25,159.524,159.488"
1154,JUNE0525-B157,1617DC1ACCE6B50ED2D1359582A70A8B8503C569623EE90C18C6B33542796207,Tester/logs/20261010.log,3016644,2026-06-01,14:40,B152PR,"JH	0	18:16:55.754	Core 04	2026.06.01 14:40:00   [SRJ-IND] B152PR sym=USDJPY bar=2026.06.01 14:35 z1=2277,S,159.551,159.575,2026.05.28 08:40,1,2026.05.28 08:50,159.556,159.541"
1155,JUNE0525-B157,1617DC1ACCE6B50ED2D1359582A70A8B8503C569623EE90C18C6B33542796207,Tester/logs/20261010.log,3016645,2026-06-01,14:40,B152PR,"EN	0	18:16:55.754	Core 04	2026.06.01 14:40:00   [SRJ-IND] B152PR sym=USDJPY bar=2026.06.01 14:35 z1=2299,S,159.488,159.524,2026.05.28 11:45,1,2026.05.28 17:00,159.491,159.448"
1156,JUNE0525-B157,1617DC1ACCE6B50ED2D1359582A70A8B8503C569623EE90C18C6B33542796207,Tester/logs/20261010.log,3016646,2026-06-01,14:40,B152PR,"OE	0	18:16:55.754	Core 04	2026.06.01 14:40:00   [SRJ-IND] B152PR sym=USDJPY bar=2026.06.01 14:35 z1=2509,B,159.134,159.195,2026.05.29 19:10,1,2026.05.29 19:35,159.215,159.186"
1157,JUNE0525-B157,1617DC1ACCE6B50ED2D1359582A70A8B8503C569623EE90C18C6B33542796207,Tester/logs/20261010.log,3016647,2026-06-01,14:40,B152PR,"LJ	0	18:16:55.754	Core 04	2026.06.01 14:40:00   [SRJ-IND] B152PR sym=USDJPY bar=2026.06.01 14:35 z1=2585,S,159.485,159.494,2026.06.01 06:00,1,2026.06.01 09:15,159.486,159.466"
1158,JUNE0525-B157,1617DC1ACCE6B50ED2D1359582A70A8B8503C569623EE90C18C6B33542796207,Tester/logs/20261010.log,3016648,2026-06-01,14:40,B152PR,"NS	0	18:16:55.754	Core 04	2026.06.01 14:40:00   [SRJ-IND] B152PR sym=USDJPY bar=2026.06.01 14:35 bull=1 bear=1 nz=21"
1159,JUNE0525-B157,1617DC1ACCE6B50ED2D1359582A70A8B8503C569623EE90C18C6B33542796207,Tester/logs/20261010.log,3016651,2026-06-01,14:40,FRESHSKIP,"JL	0	18:16:55.754	Core 04	2026.06.01 14:40:00   [SRJ-EA] FRESHSKIP bar=2026.06.01 14:35 dir=LONG state=S3_ZONE_WAIT poi=Monthly-POC reason=PRE_BINDING"
1160,JUNE0525-B157,1617DC1ACCE6B50ED2D1359582A70A8B8503C569623EE90C18C6B33542796207,Tester/logs/20261010.log,3016787,2026-06-01,14:40,CONFIRMPOLL,"LF	0	18:16:55.754	Core 04	2026.06.01 14:40:00   [SRJ-EA] CONFIRMPOLL bar=2026.06.01 14:35 anchor=Monthly-POC dir=LONG oppCandle=0 bodyDir=1 body=3pts doji=0 touchAttr=1 confirm=0 shadow=true"
1161,JUNE0525-B157,1617DC1ACCE6B50ED2D1359582A70A8B8503C569623EE90C18C6B33542796207,Tester/logs/20261010.log,3016791,2026-06-01,14:40,XOBPROMO,"MN	0	18:16:55.754	Core 04	2026.06.01 14:40:00   [SRJ-EA] XOBPROMO bar=2026.06.01 14:35 site=S3PICK xobId=2566 raw=1780283700.0 promoT=2026.06.01 03:15"
1162,JUNE0525-B157,1617DC1ACCE6B50ED2D1359582A70A8B8503C569623EE90C18C6B33542796207,Tester/logs/20261010.log,3016792,2026-06-01,14:40,ZONEPICK,"KQ	0	18:16:55.754	Core 04	2026.06.01 14:40:00   [SRJ-EA] ZONEPICK bar=2026.06.01 14:35 dir=LONG haveFvg=0 fvgInPlay=0 haveXob=1 xobInPlay=0 downgraded=0 fvg=--- xob=159.382-159.407"
1163,JUNE0525-B157,1617DC1ACCE6B50ED2D1359582A70A8B8503C569623EE90C18C6B33542796207,Tester/logs/20261010.log,3016801,2026-06-01,14:40,INPLAYCOMMIT,"CD	0	18:16:55.754	Core 04	2026.06.01 14:40:00   [SRJ-EA] INPLAYCOMMIT bar=2026.06.01 14:35 dir=LONG zoneSrc=XOB zoneLo=159.382 zoneHi=159.407 promoT=2026.06.01 03:15 applied=1 bounded=1 scanned=142 swings=27 hits=0 firstShift=-1 firstVal=- commitVia=none legacy=0 legacyVia=none committed=0 changed=0 haveStop=1"
1164,JUNE0525-B157,1617DC1ACCE6B50ED2D1359582A70A8B8503C569623EE90C18C6B33542796207,Tester/logs/20261010.log,3016807,2026-06-01,14:45,B152PR,"QN	0	18:16:55.754	Core 04	2026.06.01 14:45:10   [SRJ-IND] B152PR sym=USDJPY bar=2026.06.01 14:40 z1=65,B,156.672,156.773,2026.05.11 04:10,1,2026.05.12 08:55,157.714,156.726"
1165,JUNE0525-B157,1617DC1ACCE6B50ED2D1359582A70A8B8503C569623EE90C18C6B33542796207,Tester/logs/20261010.log,3016808,2026-06-01,14:45,B152PR,"ID	0	18:16:55.754	Core 04	2026.06.01 14:45:10   [SRJ-IND] B152PR sym=USDJPY bar=2026.06.01 14:40 z1=78,B,156.578,156.584,2026.05.11 00:35,1,2026.05.11 00:40,156.644,156.537"
1166,JUNE0525-B157,1617DC1ACCE6B50ED2D1359582A70A8B8503C569623EE90C18C6B33542796207,Tester/logs/20261010.log,3016809,2026-06-01,14:45,B152PR,"OI	0	18:16:55.754	Core 04	2026.06.01 14:45:10   [SRJ-IND] B152PR sym=USDJPY bar=2026.06.01 14:40 z1=212,B,157.028,157.060,2026.05.11 19:20,1,2026.05.12 00:00,157.152,157.050"
1167,JUNE0525-B157,1617DC1ACCE6B50ED2D1359582A70A8B8503C569623EE90C18C6B33542796207,Tester/logs/20261010.log,3016810,2026-06-01,14:45,B152PR,"OS	0	18:16:55.754	Core 04	2026.06.01 14:45:10   [SRJ-IND] B152PR sym=USDJPY bar=2026.06.01 14:40 z1=256,B,157.172,157.178,2026.05.12 01:25,1,2026.05.12 08:55,157.714,156.726"
1168,JUNE0525-B157,1617DC1ACCE6B50ED2D1359582A70A8B8503C569623EE90C18C6B33542796207,Tester/logs/20261010.log,3016811,2026-06-01,14:45,B152PR,"QD	0	18:16:55.754	Core 04	2026.06.01 14:45:10   [SRJ-IND] B152PR sym=USDJPY bar=2026.06.01 14:40 z1=261,B,157.184,157.192,2026.05.12 03:00,1,2026.05.12 08:55,157.714,156.726"
1169,JUNE0525-B157,1617DC1ACCE6B50ED2D1359582A70A8B8503C569623EE90C18C6B33542796207,Tester/logs/20261010.log,3016812,2026-06-01,14:45,B152PR,"EN	0	18:16:55.754	Core 04	2026.06.01 14:45:10   [SRJ-IND] B152PR sym=USDJPY bar=2026.06.01 14:40 z1=313,B,157.331,157.497,2026.05.12 10:00,1,2026.05.12 10:10,157.546,157.487"
1170,JUNE0525-B157,1617DC1ACCE6B50ED2D1359582A70A8B8503C569623EE90C18C6B33542796207,Tester/logs/20261010.log,3016813,2026-06-01,14:45,B152PR,"PP	0	18:16:55.754	Core 04	2026.06.01 14:45:10   [SRJ-IND] B152PR sym=USDJPY bar=2026.06.01 14:40 z1=414,B,157.517,157.589,2026.05.13 01:10,1,2026.05.13 01:20,157.607,157.587"
1171,JUNE0525-B157,1617DC1ACCE6B50ED2D1359582A70A8B8503C569623EE90C18C6B33542796207,Tester/logs/20261010.log,3016814,2026-06-01,14:45,B152PR,"CJ	0	18:16:55.754	Core 04	2026.06.01 14:45:10   [SRJ-IND] B152PR sym=USDJPY bar=2026.06.01 14:40 z1=447,B,157.562,157.648,2026.05.13 06:20,1,2026.05.13 06:25,157.662,157.648"
1172,JUNE0525-B157,1617DC1ACCE6B50ED2D1359582A70A8B8503C569623EE90C18C6B33542796207,Tester/logs/20261010.log,3016815,2026-06-01,14:45,B152PR,"LL	0	18:16:55.754	Core 04	2026.06.01 14:45:10   [SRJ-IND] B152PR sym=USDJPY bar=2026.06.01 14:40 z1=449,B,157.599,157.654,2026.05.13 05:15,1,2026.05.13 05:45,157.687,157.652"
1173,JUNE0525-B157,1617DC1ACCE6B50ED2D1359582A70A8B8503C569623EE90C18C6B33542796207,Tester/logs/20261010.log,3016816,2026-06-01,14:45,B152PR,"EF	0	18:16:55.754	Core 04	2026.06.01 14:45:10   [SRJ-IND] B152PR sym=USDJPY bar=2026.06.01 14:40 z1=460,B,157.645,157.660,2026.05.13 07:05,1,2026.05.14 00:25,157.812,157.650"
1174,JUNE0525-B157,1617DC1ACCE6B50ED2D1359582A70A8B8503C569623EE90C18C6B33542796207,Tester/logs/20261010.log,3016817,2026-06-01,14:45,B152PR,"EH	0	18:16:55.754	Core 04	2026.06.01 14:45:10   [SRJ-IND] B152PR sym=USDJPY bar=2026.06.01 14:40 z1=696,B,157.568,158.167,2026.05.14 18:05,1,2026.05.14 18:10,158.191,158.119"
1175,JUNE0525-B157,1617DC1ACCE6B50ED2D1359582A70A8B8503C569623EE90C18C6B33542796207,Tester/logs/20261010.log,3016818,2026-06-01,14:45,B152PR,"MR	0	18:16:55.754	Core 04	2026.06.01 14:45:10   [SRJ-IND] B152PR sym=USDJPY bar=2026.06.01 14:40 z1=714,B,158.107,158.142,2026.05.14 19:30,1,2026.05.14 20:00,158.169,158.142"
1176,JUNE0525-B157,1617DC1ACCE6B50ED2D1359582A70A8B8503C569623EE90C18C6B33542796207,Tester/logs/20261010.log,3016819,2026-06-01,14:45,B152PR,"HD	0	18:16:55.754	Core 04	2026.06.01 14:45:10   [SRJ-IND] B152PR sym=USDJPY bar=2026.06.01 14:40 z1=1405,B,158.735,158.769,2026.05.20 19:00,1,2026.05.20 19:05,158.816,158.753"
1177,JUNE0525-B157,1617DC1ACCE6B50ED2D1359582A70A8B8503C569623EE90C18C6B33542796207,Tester/logs/20261010.log,3016820,2026-06-01,14:45,B152PR,"NJ	0	18:16:55.754	Core 04	2026.06.01 14:45:10   [SRJ-IND] B152PR sym=USDJPY bar=2026.06.01 14:40 z1=1779,B,158.756,158.800,2026.05.25 06:45,1,2026.05.26 00:00,158.887,158.784"
1178,JUNE0525-B157,1617DC1ACCE6B50ED2D1359582A70A8B8503C569623EE90C18C6B33542796207,Tester/logs/20261010.log,3016821,2026-06-01,14:45,B152PR,"OP	0	18:16:55.754	Core 04	2026.06.01 14:45:10   [SRJ-IND] B152PR sym=USDJPY bar=2026.06.01 14:40 z1=1780,B,158.789,158.814,2026.05.25 04:50,1,2026.05.26 00:00,158.887,158.784"
1179,JUNE0525-B157,1617DC1ACCE6B50ED2D1359582A70A8B8503C569623EE90C18C6B33542796207,Tester/logs/20261010.log,3016822,2026-06-01,14:45,B152PR,"JF	0	18:16:55.754	Core 04	2026.06.01 14:45:10   [SRJ-IND] B152PR sym=USDJPY bar=2026.06.01 14:40 z1=1949,B,158.916,158.934,2026.05.26 07:25,1,2026.05.26 07:30,158.942,158.934"
1180,JUNE0525-B157,1617DC1ACCE6B50ED2D1359582A70A8B8503C569623EE90C18C6B33542796207,Tester/logs/20261010.log,3016823,2026-06-01,14:45,B152PR,"KM	0	18:16:55.754	Core 04	2026.06.01 14:45:10   [SRJ-IND] B152PR sym=USDJPY bar=2026.06.01 14:40 z1=2271,S,159.524,159.574,2026.05.28 09:40,1,2026.05.28 11:25,159.524,159.488"
1181,JUNE0525-B157,1617DC1ACCE6B50ED2D1359582A70A8B8503C569623EE90C18C6B33542796207,Tester/logs/20261010.log,3016824,2026-06-01,14:45,B152PR,"JS	0	18:16:55.754	Core 04	2026.06.01 14:45:10   [SRJ-IND] B152PR sym=USDJPY bar=2026.06.01 14:40 z1=2277,S,159.551,159.575,2026.05.28 08:40,1,2026.05.28 08:50,159.556,159.541"
1182,JUNE0525-B157,1617DC1ACCE6B50ED2D1359582A70A8B8503C569623EE90C18C6B33542796207,Tester/logs/20261010.log,3016825,2026-06-01,14:45,B152PR,"EI	0	18:16:55.754	Core 04	2026.06.01 14:45:10   [SRJ-IND] B152PR sym=USDJPY bar=2026.06.01 14:40 z1=2299,S,159.488,159.524,2026.05.28 11:45,1,2026.05.28 17:00,159.491,159.448"
1183,JUNE0525-B157,1617DC1ACCE6B50ED2D1359582A70A8B8503C569623EE90C18C6B33542796207,Tester/logs/20261010.log,3016826,2026-06-01,14:45,B152PR,"ON	0	18:16:55.754	Core 04	2026.06.01 14:45:10   [SRJ-IND] B152PR sym=USDJPY bar=2026.06.01 14:40 z1=2509,B,159.134,159.195,2026.05.29 19:10,1,2026.05.29 19:35,159.215,159.186"
1184,JUNE0525-B157,1617DC1ACCE6B50ED2D1359582A70A8B8503C569623EE90C18C6B33542796207,Tester/logs/20261010.log,3016827,2026-06-01,14:45,B152PR,"LE	0	18:16:55.754	Core 04	2026.06.01 14:45:10   [SRJ-IND] B152PR sym=USDJPY bar=2026.06.01 14:40 z1=2585,S,159.485,159.494,2026.06.01 06:00,1,2026.06.01 09:15,159.486,159.466"
1185,JUNE0525-B157,1617DC1ACCE6B50ED2D1359582A70A8B8503C569623EE90C18C6B33542796207,Tester/logs/20261010.log,3016828,2026-06-01,14:45,B152PR,"NH	0	18:16:55.754	Core 04	2026.06.01 14:45:10   [SRJ-IND] B152PR sym=USDJPY bar=2026.06.01 14:40 bull=1 bear=1 nz=21"
1186,JUNE0525-B157,1617DC1ACCE6B50ED2D1359582A70A8B8503C569623EE90C18C6B33542796207,Tester/logs/20261010.log,3016833,2026-06-01,14:45,FRESHSKIP,"RQ	0	18:16:55.754	Core 04	2026.06.01 14:45:10   [SRJ-EA] FRESHSKIP bar=2026.06.01 14:40 dir=LONG state=S3_ZONE_WAIT poi=Monthly-POC reason=PRE_BINDING"
1187,JUNE0525-B157,1617DC1ACCE6B50ED2D1359582A70A8B8503C569623EE90C18C6B33542796207,Tester/logs/20261010.log,3016962,2026-06-01,14:45,CQDRECHECK,"JF	0	18:16:55.754	Core 04	2026.06.01 14:45:10   [SRJ-EA] CQDRECHECK shift=2 passA=-2.0 passB=-2.0 diff=0 bar=2026.06.01 14:35 state=S3_ZONE_WAIT dir=LONG divLatch=0 hit1=0 hit2=388 mism=0"
1188,JUNE0525-B157,1617DC1ACCE6B50ED2D1359582A70A8B8503C569623EE90C18C6B33542796207,Tester/logs/20261010.log,3016966,2026-06-01,14:45,CONFIRMPOLL,"HL	0	18:16:55.754	Core 04	2026.06.01 14:45:10   [SRJ-EA] CONFIRMPOLL bar=2026.06.01 14:40 anchor=Monthly-POC dir=LONG oppCandle=0 bodyDir=1 body=9pts doji=0 touchAttr=1 confirm=0 shadow=true"
1189,JUNE0525-B157,1617DC1ACCE6B50ED2D1359582A70A8B8503C569623EE90C18C6B33542796207,Tester/logs/20261010.log,3016969,2026-06-01,14:45,XOBPROMO,"ER	0	18:16:55.754	Core 04	2026.06.01 14:45:10   [SRJ-EA] XOBPROMO bar=2026.06.01 14:40 site=S3PICK xobId=2566 raw=1780283700.0 promoT=2026.06.01 03:15"
1190,JUNE0525-B157,1617DC1ACCE6B50ED2D1359582A70A8B8503C569623EE90C18C6B33542796207,Tester/logs/20261010.log,3016970,2026-06-01,14:45,ZONEPICK,"CE	0	18:16:55.754	Core 04	2026.06.01 14:45:10   [SRJ-EA] ZONEPICK bar=2026.06.01 14:40 dir=LONG haveFvg=0 fvgInPlay=0 haveXob=1 xobInPlay=0 downgraded=0 fvg=--- xob=159.382-159.407"
1191,JUNE0525-B157,1617DC1ACCE6B50ED2D1359582A70A8B8503C569623EE90C18C6B33542796207,Tester/logs/20261010.log,3016979,2026-06-01,14:45,INPLAYCOMMIT,"HP	0	18:16:55.754	Core 04	2026.06.01 14:45:10   [SRJ-EA] INPLAYCOMMIT bar=2026.06.01 14:40 dir=LONG zoneSrc=XOB zoneLo=159.382 zoneHi=159.407 promoT=2026.06.01 03:15 applied=1 bounded=1 scanned=143 swings=27 hits=0 firstShift=-1 firstVal=- commitVia=none legacy=0 legacyVia=none committed=0 changed=0 haveStop=1"
1192,JUNE0525-B157,1617DC1ACCE6B50ED2D1359582A70A8B8503C569623EE90C18C6B33542796207,Tester/logs/20261010.log,3016984,2026-06-01,14:50,B152PR,"EG	0	18:16:55.754	Core 04	2026.06.01 14:50:00   [SRJ-IND] B152PR sym=USDJPY bar=2026.06.01 14:45 z1=65,B,156.672,156.773,2026.05.11 04:10,1,2026.05.12 08:55,157.714,156.726"
1193,JUNE0525-B157,1617DC1ACCE6B50ED2D1359582A70A8B8503C569623EE90C18C6B33542796207,Tester/logs/20261010.log,3016985,2026-06-01,14:50,B152PR,"EM	0	18:16:55.754	Core 04	2026.06.01 14:50:00   [SRJ-IND] B152PR sym=USDJPY bar=2026.06.01 14:45 z1=78,B,156.578,156.584,2026.05.11 00:35,1,2026.05.11 00:40,156.644,156.537"
1194,JUNE0525-B157,1617DC1ACCE6B50ED2D1359582A70A8B8503C569623EE90C18C6B33542796207,Tester/logs/20261010.log,3016986,2026-06-01,14:50,B152PR,"CS	0	18:16:55.754	Core 04	2026.06.01 14:50:00   [SRJ-IND] B152PR sym=USDJPY bar=2026.06.01 14:45 z1=212,B,157.028,157.060,2026.05.11 19:20,1,2026.05.12 00:00,157.152,157.050"
1195,JUNE0525-B157,1617DC1ACCE6B50ED2D1359582A70A8B8503C569623EE90C18C6B33542796207,Tester/logs/20261010.log,3016987,2026-06-01,14:50,B152PR,"CE	0	18:16:55.754	Core 04	2026.06.01 14:50:00   [SRJ-IND] B152PR sym=USDJPY bar=2026.06.01 14:45 z1=256,B,157.172,157.178,2026.05.12 01:25,1,2026.05.12 08:55,157.714,156.726"
1196,JUNE0525-B157,1617DC1ACCE6B50ED2D1359582A70A8B8503C569623EE90C18C6B33542796207,Tester/logs/20261010.log,3016988,2026-06-01,14:50,B152PR,"MO	0	18:16:55.754	Core 04	2026.06.01 14:50:00   [SRJ-IND] B152PR sym=USDJPY bar=2026.06.01 14:45 z1=261,B,157.184,157.192,2026.05.12 03:00,1,2026.05.12 08:55,157.714,156.726"
1197,JUNE0525-B157,1617DC1ACCE6B50ED2D1359582A70A8B8503C569623EE90C18C6B33542796207,Tester/logs/20261010.log,3016989,2026-06-01,14:50,B152PR,"IQ	0	18:16:55.754	Core 04	2026.06.01 14:50:00   [SRJ-IND] B152PR sym=USDJPY bar=2026.06.01 14:45 z1=313,B,157.331,157.497,2026.05.12 10:00,1,2026.05.12 10:10,157.546,157.487"
1198,JUNE0525-B157,1617DC1ACCE6B50ED2D1359582A70A8B8503C569623EE90C18C6B33542796207,Tester/logs/20261010.log,3016990,2026-06-01,14:50,B152PR,"DK	0	18:16:55.754	Core 04	2026.06.01 14:50:00   [SRJ-IND] B152PR sym=USDJPY bar=2026.06.01 14:45 z1=414,B,157.517,157.589,2026.05.13 01:10,1,2026.05.13 01:20,157.607,157.587"
1199,JUNE0525-B157,1617DC1ACCE6B50ED2D1359582A70A8B8503C569623EE90C18C6B33542796207,Tester/logs/20261010.log,3016991,2026-06-01,14:50,B152PR,"OM	0	18:16:55.754	Core 04	2026.06.01 14:50:00   [SRJ-IND] B152PR sym=USDJPY bar=2026.06.01 14:45 z1=447,B,157.562,157.648,2026.05.13 06:20,1,2026.05.13 06:25,157.662,157.648"
1200,JUNE0525-B157,1617DC1ACCE6B50ED2D1359582A70A8B8503C569623EE90C18C6B33542796207,Tester/logs/20261010.log,3016992,2026-06-01,14:50,B152PR,"PG	0	18:16:55.754	Core 04	2026.06.01 14:50:00   [SRJ-IND] B152PR sym=USDJPY bar=2026.06.01 14:45 z1=449,B,157.599,157.654,2026.05.13 05:15,1,2026.05.13 05:45,157.687,157.652"
1201,JUNE0525-B157,1617DC1ACCE6B50ED2D1359582A70A8B8503C569623EE90C18C6B33542796207,Tester/logs/20261010.log,3016993,2026-06-01,14:50,B152PR,"II	0	18:16:55.754	Core 04	2026.06.01 14:50:00   [SRJ-IND] B152PR sym=USDJPY bar=2026.06.01 14:45 z1=460,B,157.645,157.660,2026.05.13 07:05,1,2026.05.14 00:25,157.812,157.650"
1202,JUNE0525-B157,1617DC1ACCE6B50ED2D1359582A70A8B8503C569623EE90C18C6B33542796207,Tester/logs/20261010.log,3016994,2026-06-01,14:50,B152PR,"QR	0	18:16:55.754	Core 04	2026.06.01 14:50:00   [SRJ-IND] B152PR sym=USDJPY bar=2026.06.01 14:45 z1=696,B,157.568,158.167,2026.05.14 18:05,1,2026.05.14 18:10,158.191,158.119"
1203,JUNE0525-B157,1617DC1ACCE6B50ED2D1359582A70A8B8503C569623EE90C18C6B33542796207,Tester/logs/20261010.log,3016995,2026-06-01,14:50,B152PR,"ID	0	18:16:55.754	Core 04	2026.06.01 14:50:00   [SRJ-IND] B152PR sym=USDJPY bar=2026.06.01 14:45 z1=714,B,158.107,158.142,2026.05.14 19:30,1,2026.05.14 20:00,158.169,158.142"
1204,JUNE0525-B157,1617DC1ACCE6B50ED2D1359582A70A8B8503C569623EE90C18C6B33542796207,Tester/logs/20261010.log,3016996,2026-06-01,14:50,B152PR,"DM	0	18:16:55.754	Core 04	2026.06.01 14:50:00   [SRJ-IND] B152PR sym=USDJPY bar=2026.06.01 14:45 z1=1405,B,158.735,158.769,2026.05.20 19:00,1,2026.05.20 19:05,158.816,158.753"
1205,JUNE0525-B157,1617DC1ACCE6B50ED2D1359582A70A8B8503C569623EE90C18C6B33542796207,Tester/logs/20261010.log,3016997,2026-06-01,14:50,B152PR,"RS	0	18:16:55.754	Core 04	2026.06.01 14:50:00   [SRJ-IND] B152PR sym=USDJPY bar=2026.06.01 14:45 z1=1779,B,158.756,158.800,2026.05.25 06:45,1,2026.05.26 00:00,158.887,158.784"
1206,JUNE0525-B157,1617DC1ACCE6B50ED2D1359582A70A8B8503C569623EE90C18C6B33542796207,Tester/logs/20261010.log,3016998,2026-06-01,14:50,B152PR,"KI	0	18:16:55.754	Core 04	2026.06.01 14:50:00   [SRJ-IND] B152PR sym=USDJPY bar=2026.06.01 14:45 z1=1780,B,158.789,158.814,2026.05.25 04:50,1,2026.05.26 00:00,158.887,158.784"
1207,JUNE0525-B157,1617DC1ACCE6B50ED2D1359582A70A8B8503C569623EE90C18C6B33542796207,Tester/logs/20261010.log,3016999,2026-06-01,14:50,B152PR,"FO	0	18:16:55.754	Core 04	2026.06.01 14:50:00   [SRJ-IND] B152PR sym=USDJPY bar=2026.06.01 14:45 z1=1949,B,158.916,158.934,2026.05.26 07:25,1,2026.05.26 07:30,158.942,158.934"
1208,JUNE0525-B157,1617DC1ACCE6B50ED2D1359582A70A8B8503C569623EE90C18C6B33542796207,Tester/logs/20261010.log,3017000,2026-06-01,14:50,B152PR,"OD	0	18:16:55.754	Core 04	2026.06.01 14:50:00   [SRJ-IND] B152PR sym=USDJPY bar=2026.06.01 14:45 z1=2271,S,159.524,159.574,2026.05.28 09:40,1,2026.05.28 11:25,159.524,159.488"
1209,JUNE0525-B157,1617DC1ACCE6B50ED2D1359582A70A8B8503C569623EE90C18C6B33542796207,Tester/logs/20261010.log,3017001,2026-06-01,14:50,B152PR,"FJ	0	18:16:55.754	Core 04	2026.06.01 14:50:00   [SRJ-IND] B152PR sym=USDJPY bar=2026.06.01 14:45 z1=2277,S,159.551,159.575,2026.05.28 08:40,1,2026.05.28 08:50,159.556,159.541"
1210,JUNE0525-B157,1617DC1ACCE6B50ED2D1359582A70A8B8503C569623EE90C18C6B33542796207,Tester/logs/20261010.log,3017002,2026-06-01,14:50,B152PR,"IP	0	18:16:55.754	Core 04	2026.06.01 14:50:00   [SRJ-IND] B152PR sym=USDJPY bar=2026.06.01 14:45 z1=2299,S,159.488,159.524,2026.05.28 11:45,1,2026.05.28 17:00,159.491,159.448"
1211,JUNE0525-B157,1617DC1ACCE6B50ED2D1359582A70A8B8503C569623EE90C18C6B33542796207,Tester/logs/20261010.log,3017003,2026-06-01,14:50,B152PR,"KG	0	18:16:55.754	Core 04	2026.06.01 14:50:00   [SRJ-IND] B152PR sym=USDJPY bar=2026.06.01 14:45 z1=2509,B,159.134,159.195,2026.05.29 19:10,1,2026.05.29 19:35,159.215,159.186"
1212,JUNE0525-B157,1617DC1ACCE6B50ED2D1359582A70A8B8503C569623EE90C18C6B33542796207,Tester/logs/20261010.log,3017004,2026-06-01,14:50,B152PR,"PL	0	18:16:55.754	Core 04	2026.06.01 14:50:00   [SRJ-IND] B152PR sym=USDJPY bar=2026.06.01 14:45 z1=2585,S,159.485,159.494,2026.06.01 06:00,1,2026.06.01 09:15,159.486,159.466"
1213,JUNE0525-B157,1617DC1ACCE6B50ED2D1359582A70A8B8503C569623EE90C18C6B33542796207,Tester/logs/20261010.log,3017005,2026-06-01,14:50,B152PR,"RQ	0	18:16:55.754	Core 04	2026.06.01 14:50:00   [SRJ-IND] B152PR sym=USDJPY bar=2026.06.01 14:45 bull=1 bear=1 nz=21"
1214,JUNE0525-B157,1617DC1ACCE6B50ED2D1359582A70A8B8503C569623EE90C18C6B33542796207,Tester/logs/20261010.log,3017009,2026-06-01,14:50,FRESHSKIP,"DN	0	18:16:55.754	Core 04	2026.06.01 14:50:00   [SRJ-EA] FRESHSKIP bar=2026.06.01 14:45 dir=LONG state=S3_ZONE_WAIT poi=Monthly-POC reason=PRE_BINDING"
1215,JUNE0525-B157,1617DC1ACCE6B50ED2D1359582A70A8B8503C569623EE90C18C6B33542796207,Tester/logs/20261010.log,3017138,2026-06-01,14:50,CQDRECHECK,"LO	0	18:16:55.754	Core 04	2026.06.01 14:50:00   [SRJ-EA] CQDRECHECK shift=2 passA=-2.0 passB=-2.0 diff=0 bar=2026.06.01 14:40 state=S3_ZONE_WAIT dir=LONG divLatch=0 hit1=0 hit2=389 mism=0"
1216,JUNE0525-B157,1617DC1ACCE6B50ED2D1359582A70A8B8503C569623EE90C18C6B33542796207,Tester/logs/20261010.log,3017142,2026-06-01,14:50,CONFIRMPOLL,"OR	0	18:16:55.754	Core 04	2026.06.01 14:50:00   [SRJ-EA] CONFIRMPOLL bar=2026.06.01 14:45 anchor=Monthly-POC dir=LONG oppCandle=0 bodyDir=1 body=6pts doji=0 touchAttr=1 confirm=0 shadow=true"
1217,JUNE0525-B157,1617DC1ACCE6B50ED2D1359582A70A8B8503C569623EE90C18C6B33542796207,Tester/logs/20261010.log,3017145,2026-06-01,14:50,XOBPROMO,"KD	0	18:16:55.754	Core 04	2026.06.01 14:50:00   [SRJ-EA] XOBPROMO bar=2026.06.01 14:45 site=S3PICK xobId=2566 raw=1780283700.0 promoT=2026.06.01 03:15"
1218,JUNE0525-B157,1617DC1ACCE6B50ED2D1359582A70A8B8503C569623EE90C18C6B33542796207,Tester/logs/20261010.log,3017146,2026-06-01,14:50,ZONEPICK,"MK	0	18:16:55.754	Core 04	2026.06.01 14:50:00   [SRJ-EA] ZONEPICK bar=2026.06.01 14:45 dir=LONG haveFvg=0 fvgInPlay=0 haveXob=1 xobInPlay=0 downgraded=0 fvg=--- xob=159.382-159.407"
1219,JUNE0525-B157,1617DC1ACCE6B50ED2D1359582A70A8B8503C569623EE90C18C6B33542796207,Tester/logs/20261010.log,3017155,2026-06-01,14:50,INPLAYCOMMIT,"GR	0	18:16:55.754	Core 04	2026.06.01 14:50:00   [SRJ-EA] INPLAYCOMMIT bar=2026.06.01 14:45 dir=LONG zoneSrc=XOB zoneLo=159.382 zoneHi=159.407 promoT=2026.06.01 03:15 applied=1 bounded=1 scanned=144 swings=27 hits=0 firstShift=-1 firstVal=- commitVia=none legacy=0 legacyVia=none committed=0 changed=0 haveStop=1"
1220,JUNE0525-B157,1617DC1ACCE6B50ED2D1359582A70A8B8503C569623EE90C18C6B33542796207,Tester/logs/20261010.log,3017160,2026-06-01,14:55,B152PR,"KI	0	18:16:55.754	Core 04	2026.06.01 14:55:01   [SRJ-IND] B152PR sym=USDJPY bar=2026.06.01 14:50 z1=65,B,156.672,156.773,2026.05.11 04:10,1,2026.05.12 08:55,157.714,156.726"
1221,JUNE0525-B157,1617DC1ACCE6B50ED2D1359582A70A8B8503C569623EE90C18C6B33542796207,Tester/logs/20261010.log,3017161,2026-06-01,14:55,B152PR,"KO	0	18:16:55.754	Core 04	2026.06.01 14:55:01   [SRJ-IND] B152PR sym=USDJPY bar=2026.06.01 14:50 z1=78,B,156.578,156.584,2026.05.11 00:35,1,2026.05.11 00:40,156.644,156.537"
1222,JUNE0525-B157,1617DC1ACCE6B50ED2D1359582A70A8B8503C569623EE90C18C6B33542796207,Tester/logs/20261010.log,3017162,2026-06-01,14:55,B152PR,"MF	0	18:16:55.754	Core 04	2026.06.01 14:55:01   [SRJ-IND] B152PR sym=USDJPY bar=2026.06.01 14:50 z1=212,B,157.028,157.060,2026.05.11 19:20,1,2026.05.12 00:00,157.152,157.050"
1223,JUNE0525-B157,1617DC1ACCE6B50ED2D1359582A70A8B8503C569623EE90C18C6B33542796207,Tester/logs/20261010.log,3017163,2026-06-01,14:55,B152PR,"QH	0	18:16:55.754	Core 04	2026.06.01 14:55:01   [SRJ-IND] B152PR sym=USDJPY bar=2026.06.01 14:50 z1=256,B,157.172,157.178,2026.05.12 01:25,1,2026.05.12 08:55,157.714,156.726"
1224,JUNE0525-B157,1617DC1ACCE6B50ED2D1359582A70A8B8503C569623EE90C18C6B33542796207,Tester/logs/20261010.log,3017164,2026-06-01,14:55,B152PR,"CR	0	18:16:55.754	Core 04	2026.06.01 14:55:01   [SRJ-IND] B152PR sym=USDJPY bar=2026.06.01 14:50 z1=261,B,157.184,157.192,2026.05.12 03:00,1,2026.05.12 08:55,157.714,156.726"
1225,JUNE0525-B157,1617DC1ACCE6B50ED2D1359582A70A8B8503C569623EE90C18C6B33542796207,Tester/logs/20261010.log,3017165,2026-06-01,14:55,B152PR,"CG	0	18:16:55.754	Core 04	2026.06.01 14:55:01   [SRJ-IND] B152PR sym=USDJPY bar=2026.06.01 14:50 z1=313,B,157.331,157.497,2026.05.12 10:00,1,2026.05.12 10:10,157.546,157.487"
1226,JUNE0525-B157,1617DC1ACCE6B50ED2D1359582A70A8B8503C569623EE90C18C6B33542796207,Tester/logs/20261010.log,3017166,2026-06-01,14:55,B152PR,"NI	0	18:16:55.754	Core 04	2026.06.01 14:55:01   [SRJ-IND] B152PR sym=USDJPY bar=2026.06.01 14:50 z1=414,B,157.517,157.589,2026.05.13 01:10,1,2026.05.13 01:20,157.607,157.587"
1227,JUNE0525-B157,1617DC1ACCE6B50ED2D1359582A70A8B8503C569623EE90C18C6B33542796207,Tester/logs/20261010.log,3017167,2026-06-01,14:55,B152PR,"ES	0	18:16:55.754	Core 04	2026.06.01 14:55:01   [SRJ-IND] B152PR sym=USDJPY bar=2026.06.01 14:50 z1=447,B,157.562,157.648,2026.05.13 06:20,1,2026.05.13 06:25,157.662,157.648"
1228,JUNE0525-B157,1617DC1ACCE6B50ED2D1359582A70A8B8503C569623EE90C18C6B33542796207,Tester/logs/20261010.log,3017168,2026-06-01,14:55,B152PR,"JE	0	18:16:55.754	Core 04	2026.06.01 14:55:01   [SRJ-IND] B152PR sym=USDJPY bar=2026.06.01 14:50 z1=449,B,157.599,157.654,2026.05.13 05:15,1,2026.05.13 05:45,157.687,157.652"
1229,JUNE0525-B157,1617DC1ACCE6B50ED2D1359582A70A8B8503C569623EE90C18C6B33542796207,Tester/logs/20261010.log,3017169,2026-06-01,14:55,B152PR,"CO	0	18:16:55.754	Core 04	2026.06.01 14:55:01   [SRJ-IND] B152PR sym=USDJPY bar=2026.06.01 14:50 z1=460,B,157.645,157.660,2026.05.13 07:05,1,2026.05.14 00:25,157.812,157.650"
1230,JUNE0525-B157,1617DC1ACCE6B50ED2D1359582A70A8B8503C569623EE90C18C6B33542796207,Tester/logs/20261010.log,3017170,2026-06-01,14:55,B152PR,"GQ	0	18:16:55.754	Core 04	2026.06.01 14:55:01   [SRJ-IND] B152PR sym=USDJPY bar=2026.06.01 14:50 z1=696,B,157.568,158.167,2026.05.14 18:05,1,2026.05.14 18:10,158.191,158.119"
1231,JUNE0525-B157,1617DC1ACCE6B50ED2D1359582A70A8B8503C569623EE90C18C6B33542796207,Tester/logs/20261010.log,3017171,2026-06-01,14:55,B152PR,"KK	0	18:16:55.754	Core 04	2026.06.01 14:55:01   [SRJ-IND] B152PR sym=USDJPY bar=2026.06.01 14:50 z1=714,B,158.107,158.142,2026.05.14 19:30,1,2026.05.14 20:00,158.169,158.142"
1232,JUNE0525-B157,1617DC1ACCE6B50ED2D1359582A70A8B8503C569623EE90C18C6B33542796207,Tester/logs/20261010.log,3017172,2026-06-01,14:55,B152PR,"NN	0	18:16:55.754	Core 04	2026.06.01 14:55:01   [SRJ-IND] B152PR sym=USDJPY bar=2026.06.01 14:50 z1=1405,B,158.735,158.769,2026.05.20 19:00,1,2026.05.20 19:05,158.816,158.753"
1233,JUNE0525-B157,1617DC1ACCE6B50ED2D1359582A70A8B8503C569623EE90C18C6B33542796207,Tester/logs/20261010.log,3017173,2026-06-01,14:55,B152PR,"HD	0	18:16:55.754	Core 04	2026.06.01 14:55:01   [SRJ-IND] B152PR sym=USDJPY bar=2026.06.01 14:50 z1=1779,B,158.756,158.800,2026.05.25 06:45,1,2026.05.26 00:00,158.887,158.784"
1234,JUNE0525-B157,1617DC1ACCE6B50ED2D1359582A70A8B8503C569623EE90C18C6B33542796207,Tester/logs/20261010.log,3017174,2026-06-01,14:55,B152PR,"EJ	0	18:16:55.754	Core 04	2026.06.01 14:55:01   [SRJ-IND] B152PR sym=USDJPY bar=2026.06.01 14:50 z1=1780,B,158.789,158.814,2026.05.25 04:50,1,2026.05.26 00:00,158.887,158.784"
1235,JUNE0525-B157,1617DC1ACCE6B50ED2D1359582A70A8B8503C569623EE90C18C6B33542796207,Tester/logs/20261010.log,3017175,2026-06-01,14:55,B152PR,"LP	0	18:16:55.754	Core 04	2026.06.01 14:55:01   [SRJ-IND] B152PR sym=USDJPY bar=2026.06.01 14:50 z1=1949,B,158.916,158.934,2026.05.26 07:25,1,2026.05.26 07:30,158.942,158.934"
1236,JUNE0525-B157,1617DC1ACCE6B50ED2D1359582A70A8B8503C569623EE90C18C6B33542796207,Tester/logs/20261010.log,3017176,2026-06-01,14:55,B152PR,"IG	0	18:16:55.754	Core 04	2026.06.01 14:55:01   [SRJ-IND] B152PR sym=USDJPY bar=2026.06.01 14:50 z1=2271,S,159.524,159.574,2026.05.28 09:40,1,2026.05.28 11:25,159.524,159.488"
1237,JUNE0525-B157,1617DC1ACCE6B50ED2D1359582A70A8B8503C569623EE90C18C6B33542796207,Tester/logs/20261010.log,3017177,2026-06-01,14:55,B152PR,"LM	0	18:16:55.754	Core 04	2026.06.01 14:55:01   [SRJ-IND] B152PR sym=USDJPY bar=2026.06.01 14:50 z1=2277,S,159.551,159.575,2026.05.28 08:40,1,2026.05.28 08:50,159.556,159.541"
1238,JUNE0525-B157,1617DC1ACCE6B50ED2D1359582A70A8B8503C569623EE90C18C6B33542796207,Tester/logs/20261010.log,3017178,2026-06-01,14:55,B152PR,"OS	0	18:16:55.754	Core 04	2026.06.01 14:55:01   [SRJ-IND] B152PR sym=USDJPY bar=2026.06.01 14:50 z1=2299,S,159.488,159.524,2026.05.28 11:45,1,2026.05.28 17:00,159.491,159.448"
1239,JUNE0525-B157,1617DC1ACCE6B50ED2D1359582A70A8B8503C569623EE90C18C6B33542796207,Tester/logs/20261010.log,3017179,2026-06-01,14:55,B152PR,"EH	0	18:16:55.754	Core 04	2026.06.01 14:55:01   [SRJ-IND] B152PR sym=USDJPY bar=2026.06.01 14:50 z1=2509,B,159.134,159.195,2026.05.29 19:10,1,2026.05.29 19:35,159.215,159.186"
1240,JUNE0525-B157,1617DC1ACCE6B50ED2D1359582A70A8B8503C569623EE90C18C6B33542796207,Tester/logs/20261010.log,3017180,2026-06-01,14:55,B152PR,"JO	0	18:16:55.754	Core 04	2026.06.01 14:55:01   [SRJ-IND] B152PR sym=USDJPY bar=2026.06.01 14:50 z1=2585,S,159.485,159.494,2026.06.01 06:00,1,2026.06.01 09:15,159.486,159.466"
1241,JUNE0525-B157,1617DC1ACCE6B50ED2D1359582A70A8B8503C569623EE90C18C6B33542796207,Tester/logs/20261010.log,3017181,2026-06-01,14:55,B152PR,"HF	0	18:16:55.754	Core 04	2026.06.01 14:55:01   [SRJ-IND] B152PR sym=USDJPY bar=2026.06.01 14:50 bull=1 bear=1 nz=21"
1242,JUNE0525-B157,1617DC1ACCE6B50ED2D1359582A70A8B8503C569623EE90C18C6B33542796207,Tester/logs/20261010.log,3017184,2026-06-01,14:55,FRESHSKIP,"NH	0	18:16:55.754	Core 04	2026.06.01 14:55:01   [SRJ-EA] FRESHSKIP bar=2026.06.01 14:50 dir=LONG state=S3_ZONE_WAIT poi=Monthly-POC reason=PRE_BINDING"
1243,JUNE0525-B157,1617DC1ACCE6B50ED2D1359582A70A8B8503C569623EE90C18C6B33542796207,Tester/logs/20261010.log,3017316,2026-06-01,14:55,CONFIRMPOLL,"HI	0	18:16:55.754	Core 04	2026.06.01 14:55:01   [SRJ-EA] CONFIRMPOLL bar=2026.06.01 14:50 anchor=Monthly-POC dir=LONG oppCandle=0 bodyDir=1 body=8pts doji=0 touchAttr=0 confirm=0 shadow=true"
1244,JUNE0525-B157,1617DC1ACCE6B50ED2D1359582A70A8B8503C569623EE90C18C6B33542796207,Tester/logs/20261010.log,3017319,2026-06-01,14:55,XOBPROMO,"EQ	0	18:16:55.754	Core 04	2026.06.01 14:55:01   [SRJ-EA] XOBPROMO bar=2026.06.01 14:50 site=S3PICK xobId=2566 raw=1780283700.0 promoT=2026.06.01 03:15"
1245,JUNE0525-B157,1617DC1ACCE6B50ED2D1359582A70A8B8503C569623EE90C18C6B33542796207,Tester/logs/20261010.log,3017320,2026-06-01,14:55,ZONEPICK,"CP	0	18:16:55.754	Core 04	2026.06.01 14:55:01   [SRJ-EA] ZONEPICK bar=2026.06.01 14:50 dir=LONG haveFvg=0 fvgInPlay=0 haveXob=1 xobInPlay=0 downgraded=0 fvg=--- xob=159.382-159.407"
1246,JUNE0525-B157,1617DC1ACCE6B50ED2D1359582A70A8B8503C569623EE90C18C6B33542796207,Tester/logs/20261010.log,3017329,2026-06-01,14:55,INPLAYCOMMIT,"DG	0	18:16:55.754	Core 04	2026.06.01 14:55:01   [SRJ-EA] INPLAYCOMMIT bar=2026.06.01 14:50 dir=LONG zoneSrc=XOB zoneLo=159.382 zoneHi=159.407 promoT=2026.06.01 03:15 applied=1 bounded=1 scanned=145 swings=27 hits=0 firstShift=-1 firstVal=- commitVia=none legacy=0 legacyVia=none committed=0 changed=0 haveStop=1"
1247,JUNE0525-B157,1617DC1ACCE6B50ED2D1359582A70A8B8503C569623EE90C18C6B33542796207,Tester/logs/20261010.log,3017334,2026-06-01,15:00,B152PR,"LR	0	18:16:55.754	Core 04	2026.06.01 15:00:00   [SRJ-IND] B152PR sym=USDJPY bar=2026.06.01 14:55 z1=65,B,156.672,156.773,2026.05.11 04:10,1,2026.05.12 08:55,157.714,156.726"
1248,JUNE0525-B157,1617DC1ACCE6B50ED2D1359582A70A8B8503C569623EE90C18C6B33542796207,Tester/logs/20261010.log,3017335,2026-06-01,15:00,B152PR,"DH	0	18:16:55.754	Core 04	2026.06.01 15:00:00   [SRJ-IND] B152PR sym=USDJPY bar=2026.06.01 14:55 z1=78,B,156.578,156.584,2026.05.11 00:35,1,2026.05.11 00:40,156.644,156.537"
1249,JUNE0525-B157,1617DC1ACCE6B50ED2D1359582A70A8B8503C569623EE90C18C6B33542796207,Tester/logs/20261010.log,3017336,2026-06-01,15:00,B152PR,"NM	0	18:16:55.754	Core 04	2026.06.01 15:00:00   [SRJ-IND] B152PR sym=USDJPY bar=2026.06.01 14:55 z1=212,B,157.028,157.060,2026.05.11 19:20,1,2026.05.12 00:00,157.152,157.050"
1250,JUNE0525-B157,1617DC1ACCE6B50ED2D1359582A70A8B8503C569623EE90C18C6B33542796207,Tester/logs/20261010.log,3017337,2026-06-01,15:00,B152PR,"JF	0	18:16:55.754	Core 04	2026.06.01 15:00:00   [SRJ-IND] B152PR sym=USDJPY bar=2026.06.01 14:55 z1=256,B,157.172,157.178,2026.05.12 01:25,1,2026.05.12 08:55,157.714,156.726"
1251,JUNE0525-B157,1617DC1ACCE6B50ED2D1359582A70A8B8503C569623EE90C18C6B33542796207,Tester/logs/20261010.log,3017338,2026-06-01,15:00,B152PR,"LH	0	18:16:55.754	Core 04	2026.06.01 15:00:00   [SRJ-IND] B152PR sym=USDJPY bar=2026.06.01 14:55 z1=261,B,157.184,157.192,2026.05.12 03:00,1,2026.05.12 08:55,157.714,156.726"
1252,JUNE0525-B157,1617DC1ACCE6B50ED2D1359582A70A8B8503C569623EE90C18C6B33542796207,Tester/logs/20261010.log,3017339,2026-06-01,15:00,B152PR,"DR	0	18:16:55.754	Core 04	2026.06.01 15:00:00   [SRJ-IND] B152PR sym=USDJPY bar=2026.06.01 14:55 z1=313,B,157.331,157.497,2026.05.12 10:00,1,2026.05.12 10:10,157.546,157.487"
1253,JUNE0525-B157,1617DC1ACCE6B50ED2D1359582A70A8B8503C569623EE90C18C6B33542796207,Tester/logs/20261010.log,3017340,2026-06-01,15:00,B152PR,"MD	0	18:16:55.754	Core 04	2026.06.01 15:00:00   [SRJ-IND] B152PR sym=USDJPY bar=2026.06.01 14:55 z1=414,B,157.517,157.589,2026.05.13 01:10,1,2026.05.13 01:20,157.607,157.587"
1254,JUNE0525-B157,1617DC1ACCE6B50ED2D1359582A70A8B8503C569623EE90C18C6B33542796207,Tester/logs/20261010.log,3017341,2026-06-01,15:00,B152PR,"NN	0	18:16:55.754	Core 04	2026.06.01 15:00:00   [SRJ-IND] B152PR sym=USDJPY bar=2026.06.01 14:55 z1=447,B,157.562,157.648,2026.05.13 06:20,1,2026.05.13 06:25,157.662,157.648"
1255,JUNE0525-B157,1617DC1ACCE6B50ED2D1359582A70A8B8503C569623EE90C18C6B33542796207,Tester/logs/20261010.log,3017342,2026-06-01,15:00,B152PR,"QP	0	18:16:55.754	Core 04	2026.06.01 15:00:00   [SRJ-IND] B152PR sym=USDJPY bar=2026.06.01 14:55 z1=449,B,157.599,157.654,2026.05.13 05:15,1,2026.05.13 05:45,157.687,157.652"
1256,JUNE0525-B157,1617DC1ACCE6B50ED2D1359582A70A8B8503C569623EE90C18C6B33542796207,Tester/logs/20261010.log,3017343,2026-06-01,15:00,B152PR,"DJ	0	18:16:55.754	Core 04	2026.06.01 15:00:00   [SRJ-IND] B152PR sym=USDJPY bar=2026.06.01 14:55 z1=460,B,157.645,157.660,2026.05.13 07:05,1,2026.05.14 00:25,157.812,157.650"
1257,JUNE0525-B157,1617DC1ACCE6B50ED2D1359582A70A8B8503C569623EE90C18C6B33542796207,Tester/logs/20261010.log,3017344,2026-06-01,15:00,B152PR,"HL	0	18:16:55.754	Core 04	2026.06.01 15:00:00   [SRJ-IND] B152PR sym=USDJPY bar=2026.06.01 14:55 z1=696,B,157.568,158.167,2026.05.14 18:05,1,2026.05.14 18:10,158.191,158.119"
1258,JUNE0525-B157,1617DC1ACCE6B50ED2D1359582A70A8B8503C569623EE90C18C6B33542796207,Tester/logs/20261010.log,3017345,2026-06-01,15:00,B152PR,"DQ	0	18:16:55.754	Core 04	2026.06.01 15:00:00   [SRJ-IND] B152PR sym=USDJPY bar=2026.06.01 14:55 z1=714,B,158.107,158.142,2026.05.14 19:30,1,2026.05.14 20:00,158.169,158.142"
1259,JUNE0525-B157,1617DC1ACCE6B50ED2D1359582A70A8B8503C569623EE90C18C6B33542796207,Tester/logs/20261010.log,3017346,2026-06-01,15:00,B152PR,"EH	0	18:16:55.754	Core 04	2026.06.01 15:00:00   [SRJ-IND] B152PR sym=USDJPY bar=2026.06.01 14:55 z1=1405,B,158.735,158.769,2026.05.20 19:00,1,2026.05.20 19:05,158.816,158.753"
1260,JUNE0525-B157,1617DC1ACCE6B50ED2D1359582A70A8B8503C569623EE90C18C6B33542796207,Tester/logs/20261010.log,3017347,2026-06-01,15:00,B152PR,"ON	0	18:16:55.754	Core 04	2026.06.01 15:00:00   [SRJ-IND] B152PR sym=USDJPY bar=2026.06.01 14:55 z1=1779,B,158.756,158.800,2026.05.25 06:45,1,2026.05.26 00:00,158.887,158.784"
1261,JUNE0525-B157,1617DC1ACCE6B50ED2D1359582A70A8B8503C569623EE90C18C6B33542796207,Tester/logs/20261010.log,3017348,2026-06-01,15:00,B152PR,"ND	0	18:16:55.754	Core 04	2026.06.01 15:00:00   [SRJ-IND] B152PR sym=USDJPY bar=2026.06.01 14:55 z1=1780,B,158.789,158.814,2026.05.25 04:50,1,2026.05.26 00:00,158.887,158.784"
1262,JUNE0525-B157,1617DC1ACCE6B50ED2D1359582A70A8B8503C569623EE90C18C6B33542796207,Tester/logs/20261010.log,3017349,2026-06-01,15:00,B152PR,"CJ	0	18:16:55.754	Core 04	2026.06.01 15:00:00   [SRJ-IND] B152PR sym=USDJPY bar=2026.06.01 14:55 z1=1949,B,158.916,158.934,2026.05.26 07:25,1,2026.05.26 07:30,158.942,158.934"
1263,JUNE0525-B157,1617DC1ACCE6B50ED2D1359582A70A8B8503C569623EE90C18C6B33542796207,Tester/logs/20261010.log,3017350,2026-06-01,15:00,B152PR,"RQ	0	18:16:55.754	Core 04	2026.06.01 15:00:00   [SRJ-IND] B152PR sym=USDJPY bar=2026.06.01 14:55 z1=2271,S,159.524,159.574,2026.05.28 09:40,1,2026.05.28 11:25,159.524,159.488"
1264,JUNE0525-B157,1617DC1ACCE6B50ED2D1359582A70A8B8503C569623EE90C18C6B33542796207,Tester/logs/20261010.log,3017351,2026-06-01,15:00,B152PR,"CG	0	18:16:55.754	Core 04	2026.06.01 15:00:00   [SRJ-IND] B152PR sym=USDJPY bar=2026.06.01 14:55 z1=2277,S,159.551,159.575,2026.05.28 08:40,1,2026.05.28 08:50,159.556,159.541"
1265,JUNE0525-B157,1617DC1ACCE6B50ED2D1359582A70A8B8503C569623EE90C18C6B33542796207,Tester/logs/20261010.log,3017352,2026-06-01,15:00,B152PR,"HM	0	18:16:55.754	Core 04	2026.06.01 15:00:00   [SRJ-IND] B152PR sym=USDJPY bar=2026.06.01 14:55 z1=2299,S,159.488,159.524,2026.05.28 11:45,1,2026.05.28 17:00,159.491,159.448"
1266,JUNE0525-B157,1617DC1ACCE6B50ED2D1359582A70A8B8503C569623EE90C18C6B33542796207,Tester/logs/20261010.log,3017353,2026-06-01,15:00,B152PR,"NR	0	18:16:55.754	Core 04	2026.06.01 15:00:00   [SRJ-IND] B152PR sym=USDJPY bar=2026.06.01 14:55 z1=2509,B,159.134,159.195,2026.05.29 19:10,1,2026.05.29 19:35,159.215,159.186"
1267,JUNE0525-B157,1617DC1ACCE6B50ED2D1359582A70A8B8503C569623EE90C18C6B33542796207,Tester/logs/20261010.log,3017354,2026-06-01,15:00,B152PR,"QI	0	18:16:55.754	Core 04	2026.06.01 15:00:00   [SRJ-IND] B152PR sym=USDJPY bar=2026.06.01 14:55 z1=2585,S,159.485,159.494,2026.06.01 06:00,1,2026.06.01 09:15,159.486,159.466"
1268,JUNE0525-B157,1617DC1ACCE6B50ED2D1359582A70A8B8503C569623EE90C18C6B33542796207,Tester/logs/20261010.log,3017355,2026-06-01,15:00,B152PR,"OL	0	18:16:55.754	Core 04	2026.06.01 15:00:00   [SRJ-IND] B152PR sym=USDJPY bar=2026.06.01 14:55 bull=1 bear=1 nz=21"
1269,JUNE0525-B157,1617DC1ACCE6B50ED2D1359582A70A8B8503C569623EE90C18C6B33542796207,Tester/logs/20261010.log,3017359,2026-06-01,15:00,FRESHSKIP,"OM	0	18:16:55.754	Core 04	2026.06.01 15:00:00   [SRJ-EA] FRESHSKIP bar=2026.06.01 14:55 dir=LONG state=S3_ZONE_WAIT poi=Monthly-POC reason=PRE_BINDING"
1270,JUNE0525-B157,1617DC1ACCE6B50ED2D1359582A70A8B8503C569623EE90C18C6B33542796207,Tester/logs/20261010.log,3017491,2026-06-01,15:00,CONFIRMPOLL,"MD	0	18:16:55.754	Core 04	2026.06.01 15:00:00   [SRJ-EA] CONFIRMPOLL bar=2026.06.01 14:55 anchor=Monthly-POC dir=LONG oppCandle=0 bodyDir=0 body=1pts doji=0 touchAttr=0 confirm=0 shadow=true"
1271,JUNE0525-B157,1617DC1ACCE6B50ED2D1359582A70A8B8503C569623EE90C18C6B33542796207,Tester/logs/20261010.log,3017494,2026-06-01,15:00,XOBPROMO,"LJ	0	18:16:55.754	Core 04	2026.06.01 15:00:00   [SRJ-EA] XOBPROMO bar=2026.06.01 14:55 site=S3PICK xobId=2566 raw=1780283700.0 promoT=2026.06.01 03:15"
1272,JUNE0525-B157,1617DC1ACCE6B50ED2D1359582A70A8B8503C569623EE90C18C6B33542796207,Tester/logs/20261010.log,3017495,2026-06-01,15:00,ZONEPICK,"NM	0	18:16:55.754	Core 04	2026.06.01 15:00:00   [SRJ-EA] ZONEPICK bar=2026.06.01 14:55 dir=LONG haveFvg=0 fvgInPlay=0 haveXob=1 xobInPlay=0 downgraded=0 fvg=--- xob=159.382-159.407"
1273,JUNE0525-B157,1617DC1ACCE6B50ED2D1359582A70A8B8503C569623EE90C18C6B33542796207,Tester/logs/20261010.log,3017504,2026-06-01,15:00,INPLAYCOMMIT,"KH	0	18:16:55.754	Core 04	2026.06.01 15:00:00   [SRJ-EA] INPLAYCOMMIT bar=2026.06.01 14:55 dir=LONG zoneSrc=XOB zoneLo=159.382 zoneHi=159.407 promoT=2026.06.01 03:15 applied=1 bounded=1 scanned=146 swings=28 hits=0 firstShift=-1 firstVal=- commitVia=none legacy=0 legacyVia=none committed=0 changed=0 haveStop=1"
1274,JUNE0525-B157,1617DC1ACCE6B50ED2D1359582A70A8B8503C569623EE90C18C6B33542796207,Tester/logs/20261010.log,3017509,2026-06-01,15:05,B152PR,"PO	0	18:16:55.754	Core 04	2026.06.01 15:05:00   [SRJ-IND] B152PR sym=USDJPY bar=2026.06.01 15:00 z1=65,B,156.672,156.773,2026.05.11 04:10,1,2026.05.12 08:55,157.714,156.726"
1275,JUNE0525-B157,1617DC1ACCE6B50ED2D1359582A70A8B8503C569623EE90C18C6B33542796207,Tester/logs/20261010.log,3017510,2026-06-01,15:05,B152PR,"HE	0	18:16:55.754	Core 04	2026.06.01 15:05:00   [SRJ-IND] B152PR sym=USDJPY bar=2026.06.01 15:00 z1=78,B,156.578,156.584,2026.05.11 00:35,1,2026.05.11 00:40,156.644,156.537"
1276,JUNE0525-B157,1617DC1ACCE6B50ED2D1359582A70A8B8503C569623EE90C18C6B33542796207,Tester/logs/20261010.log,3017511,2026-06-01,15:05,B152PR,"RH	0	18:16:55.754	Core 04	2026.06.01 15:05:00   [SRJ-IND] B152PR sym=USDJPY bar=2026.06.01 15:00 z1=212,B,157.028,157.060,2026.05.11 19:20,1,2026.05.12 00:00,157.152,157.050"
1277,JUNE0525-B157,1617DC1ACCE6B50ED2D1359582A70A8B8503C569623EE90C18C6B33542796207,Tester/logs/20261010.log,3017512,2026-06-01,15:05,B152PR,"FM	0	18:16:55.754	Core 04	2026.06.01 15:05:00   [SRJ-IND] B152PR sym=USDJPY bar=2026.06.01 15:00 z1=256,B,157.172,157.178,2026.05.12 01:25,1,2026.05.12 08:55,157.714,156.726"
1278,JUNE0525-B157,1617DC1ACCE6B50ED2D1359582A70A8B8503C569623EE90C18C6B33542796207,Tester/logs/20261010.log,3017513,2026-06-01,15:05,B152PR,"PG	0	18:16:55.754	Core 04	2026.06.01 15:05:00   [SRJ-IND] B152PR sym=USDJPY bar=2026.06.01 15:00 z1=261,B,157.184,157.192,2026.05.12 03:00,1,2026.05.12 08:55,157.714,156.726"
1279,JUNE0525-B157,1617DC1ACCE6B50ED2D1359582A70A8B8503C569623EE90C18C6B33542796207,Tester/logs/20261010.log,3017514,2026-06-01,15:05,B152PR,"HI	0	18:16:55.754	Core 04	2026.06.01 15:05:00   [SRJ-IND] B152PR sym=USDJPY bar=2026.06.01 15:00 z1=313,B,157.331,157.497,2026.05.12 10:00,1,2026.05.12 10:10,157.546,157.487"
1280,JUNE0525-B157,1617DC1ACCE6B50ED2D1359582A70A8B8503C569623EE90C18C6B33542796207,Tester/logs/20261010.log,3017515,2026-06-01,15:05,B152PR,"QS	0	18:16:55.754	Core 04	2026.06.01 15:05:00   [SRJ-IND] B152PR sym=USDJPY bar=2026.06.01 15:00 z1=414,B,157.517,157.589,2026.05.13 01:10,1,2026.05.13 01:20,157.607,157.587"
1281,JUNE0525-B157,1617DC1ACCE6B50ED2D1359582A70A8B8503C569623EE90C18C6B33542796207,Tester/logs/20261010.log,3017516,2026-06-01,15:05,B152PR,"RE	0	18:16:55.754	Core 04	2026.06.01 15:05:00   [SRJ-IND] B152PR sym=USDJPY bar=2026.06.01 15:00 z1=447,B,157.562,157.648,2026.05.13 06:20,1,2026.05.13 06:25,157.662,157.648"
1282,JUNE0525-B157,1617DC1ACCE6B50ED2D1359582A70A8B8503C569623EE90C18C6B33542796207,Tester/logs/20261010.log,3017517,2026-06-01,15:05,B152PR,"MO	0	18:16:55.754	Core 04	2026.06.01 15:05:00   [SRJ-IND] B152PR sym=USDJPY bar=2026.06.01 15:00 z1=449,B,157.599,157.654,2026.05.13 05:15,1,2026.05.13 05:45,157.687,157.652"
1283,JUNE0525-B157,1617DC1ACCE6B50ED2D1359582A70A8B8503C569623EE90C18C6B33542796207,Tester/logs/20261010.log,3017518,2026-06-01,15:05,B152PR,"HQ	0	18:16:55.754	Core 04	2026.06.01 15:05:00   [SRJ-IND] B152PR sym=USDJPY bar=2026.06.01 15:00 z1=460,B,157.645,157.660,2026.05.13 07:05,1,2026.05.14 00:25,157.812,157.650"
1284,JUNE0525-B157,1617DC1ACCE6B50ED2D1359582A70A8B8503C569623EE90C18C6B33542796207,Tester/logs/20261010.log,3017519,2026-06-01,15:05,B152PR,"DK	0	18:16:55.754	Core 04	2026.06.01 15:05:00   [SRJ-IND] B152PR sym=USDJPY bar=2026.06.01 15:00 z1=696,B,157.568,158.167,2026.05.14 18:05,1,2026.05.14 18:10,158.191,158.119"
1285,JUNE0525-B157,1617DC1ACCE6B50ED2D1359582A70A8B8503C569623EE90C18C6B33542796207,Tester/logs/20261010.log,3017520,2026-06-01,15:05,B152PR,"HL	0	18:16:55.754	Core 04	2026.06.01 15:05:00   [SRJ-IND] B152PR sym=USDJPY bar=2026.06.01 15:00 z1=714,B,158.107,158.142,2026.05.14 19:30,1,2026.05.14 20:00,158.169,158.142"
1286,JUNE0525-B157,1617DC1ACCE6B50ED2D1359582A70A8B8503C569623EE90C18C6B33542796207,Tester/logs/20261010.log,3017521,2026-06-01,15:05,B152PR,"IE	0	18:16:55.754	Core 04	2026.06.01 15:05:00   [SRJ-IND] B152PR sym=USDJPY bar=2026.06.01 15:00 z1=1405,B,158.735,158.769,2026.05.20 19:00,1,2026.05.20 19:05,158.816,158.753"
1287,JUNE0525-B157,1617DC1ACCE6B50ED2D1359582A70A8B8503C569623EE90C18C6B33542796207,Tester/logs/20261010.log,3017522,2026-06-01,15:05,B152PR,"KK	0	18:16:55.754	Core 04	2026.06.01 15:05:00   [SRJ-IND] B152PR sym=USDJPY bar=2026.06.01 15:00 z1=1779,B,158.756,158.800,2026.05.25 06:45,1,2026.05.26 00:00,158.887,158.784"
1288,JUNE0525-B157,1617DC1ACCE6B50ED2D1359582A70A8B8503C569623EE90C18C6B33542796207,Tester/logs/20261010.log,3017523,2026-06-01,15:05,B152PR,"RQ	0	18:16:55.754	Core 04	2026.06.01 15:05:00   [SRJ-IND] B152PR sym=USDJPY bar=2026.06.01 15:00 z1=1780,B,158.789,158.814,2026.05.25 04:50,1,2026.05.26 00:00,158.887,158.784"
1289,JUNE0525-B157,1617DC1ACCE6B50ED2D1359582A70A8B8503C569623EE90C18C6B33542796207,Tester/logs/20261010.log,3017524,2026-06-01,15:05,B152PR,"GG	0	18:16:55.754	Core 04	2026.06.01 15:05:00   [SRJ-IND] B152PR sym=USDJPY bar=2026.06.01 15:00 z1=1949,B,158.916,158.934,2026.05.26 07:25,1,2026.05.26 07:30,158.942,158.934"
1290,JUNE0525-B157,1617DC1ACCE6B50ED2D1359582A70A8B8503C569623EE90C18C6B33542796207,Tester/logs/20261010.log,3017525,2026-06-01,15:05,B152PR,"NL	0	18:16:55.754	Core 04	2026.06.01 15:05:00   [SRJ-IND] B152PR sym=USDJPY bar=2026.06.01 15:00 z1=2271,S,159.524,159.574,2026.05.28 09:40,1,2026.05.28 11:25,159.524,159.488"
1291,JUNE0525-B157,1617DC1ACCE6B50ED2D1359582A70A8B8503C569623EE90C18C6B33542796207,Tester/logs/20261010.log,3017526,2026-06-01,15:05,B152PR,"GR	0	18:16:55.754	Core 04	2026.06.01 15:05:00   [SRJ-IND] B152PR sym=USDJPY bar=2026.06.01 15:00 z1=2277,S,159.551,159.575,2026.05.28 08:40,1,2026.05.28 08:50,159.556,159.541"
1292,JUNE0525-B157,1617DC1ACCE6B50ED2D1359582A70A8B8503C569623EE90C18C6B33542796207,Tester/logs/20261010.log,3017527,2026-06-01,15:05,B152PR,"DH	0	18:16:55.754	Core 04	2026.06.01 15:05:00   [SRJ-IND] B152PR sym=USDJPY bar=2026.06.01 15:00 z1=2299,S,159.488,159.524,2026.05.28 11:45,1,2026.05.28 17:00,159.491,159.448"
1293,JUNE0525-B157,1617DC1ACCE6B50ED2D1359582A70A8B8503C569623EE90C18C6B33542796207,Tester/logs/20261010.log,3017528,2026-06-01,15:05,B152PR,"RO	0	18:16:55.754	Core 04	2026.06.01 15:05:00   [SRJ-IND] B152PR sym=USDJPY bar=2026.06.01 15:00 z1=2509,B,159.134,159.195,2026.05.29 19:10,1,2026.05.29 19:35,159.215,159.186"
1294,JUNE0525-B157,1617DC1ACCE6B50ED2D1359582A70A8B8503C569623EE90C18C6B33542796207,Tester/logs/20261010.log,3017529,2026-06-01,15:05,B152PR,"MD	0	18:16:55.754	Core 04	2026.06.01 15:05:00   [SRJ-IND] B152PR sym=USDJPY bar=2026.06.01 15:00 z1=2585,S,159.485,159.494,2026.06.01 06:00,1,2026.06.01 09:15,159.486,159.466"
1295,JUNE0525-B157,1617DC1ACCE6B50ED2D1359582A70A8B8503C569623EE90C18C6B33542796207,Tester/logs/20261010.log,3017530,2026-06-01,15:05,B152PR,"KI	0	18:16:55.754	Core 04	2026.06.01 15:05:00   [SRJ-IND] B152PR sym=USDJPY bar=2026.06.01 15:00 bull=1 bear=1 nz=21"
1296,JUNE0525-B157,1617DC1ACCE6B50ED2D1359582A70A8B8503C569623EE90C18C6B33542796207,Tester/logs/20261010.log,3017533,2026-06-01,15:05,FRESHSKIP,"QF	0	18:16:55.754	Core 04	2026.06.01 15:05:00   [SRJ-EA] FRESHSKIP bar=2026.06.01 15:00 dir=LONG state=S3_ZONE_WAIT poi=Monthly-POC reason=PRE_BINDING"
1297,JUNE0525-B157,1617DC1ACCE6B50ED2D1359582A70A8B8503C569623EE90C18C6B33542796207,Tester/logs/20261010.log,3017665,2026-06-01,15:05,CONFIRMPOLL,"DS	0	18:16:55.754	Core 04	2026.06.01 15:05:00   [SRJ-EA] CONFIRMPOLL bar=2026.06.01 15:00 anchor=Monthly-POC dir=LONG oppCandle=1 bodyDir=1 body=2pts doji=0 touchAttr=0 confirm=0 shadow=true"
1298,JUNE0525-B157,1617DC1ACCE6B50ED2D1359582A70A8B8503C569623EE90C18C6B33542796207,Tester/logs/20261010.log,3017668,2026-06-01,15:05,XOBPROMO,"PG	0	18:16:55.754	Core 04	2026.06.01 15:05:00   [SRJ-EA] XOBPROMO bar=2026.06.01 15:00 site=S3PICK xobId=2566 raw=1780283700.0 promoT=2026.06.01 03:15"
1299,JUNE0525-B157,1617DC1ACCE6B50ED2D1359582A70A8B8503C569623EE90C18C6B33542796207,Tester/logs/20261010.log,3017669,2026-06-01,15:05,ZONEPICK,"RJ	0	18:16:55.754	Core 04	2026.06.01 15:05:00   [SRJ-EA] ZONEPICK bar=2026.06.01 15:00 dir=LONG haveFvg=0 fvgInPlay=0 haveXob=1 xobInPlay=0 downgraded=0 fvg=--- xob=159.382-159.407"
1300,JUNE0525-B157,1617DC1ACCE6B50ED2D1359582A70A8B8503C569623EE90C18C6B33542796207,Tester/logs/20261010.log,3017678,2026-06-01,15:05,INPLAYCOMMIT,"PM	0	18:16:55.754	Core 04	2026.06.01 15:05:00   [SRJ-EA] INPLAYCOMMIT bar=2026.06.01 15:00 dir=LONG zoneSrc=XOB zoneLo=159.382 zoneHi=159.407 promoT=2026.06.01 03:15 applied=1 bounded=1 scanned=147 swings=28 hits=0 firstShift=-1 firstVal=- commitVia=none legacy=0 legacyVia=none committed=0 changed=0 haveStop=1"
1301,JUNE0525-B157,1617DC1ACCE6B50ED2D1359582A70A8B8503C569623EE90C18C6B33542796207,Tester/logs/20261010.log,3017685,2026-06-01,15:10,B152PR,"QR	0	18:16:55.754	Core 04	2026.06.01 15:10:00   [SRJ-IND] B152PR sym=USDJPY bar=2026.06.01 15:05 z1=65,B,156.672,156.773,2026.05.11 04:10,1,2026.05.12 08:55,157.714,156.726"
1302,JUNE0525-B157,1617DC1ACCE6B50ED2D1359582A70A8B8503C569623EE90C18C6B33542796207,Tester/logs/20261010.log,3017686,2026-06-01,15:10,B152PR,"IH	0	18:16:55.754	Core 04	2026.06.01 15:10:00   [SRJ-IND] B152PR sym=USDJPY bar=2026.06.01 15:05 z1=78,B,156.578,156.584,2026.05.11 00:35,1,2026.05.11 00:40,156.644,156.537"
1303,JUNE0525-B157,1617DC1ACCE6B50ED2D1359582A70A8B8503C569623EE90C18C6B33542796207,Tester/logs/20261010.log,3017687,2026-06-01,15:10,B152PR,"OM	0	18:16:55.754	Core 04	2026.06.01 15:10:00   [SRJ-IND] B152PR sym=USDJPY bar=2026.06.01 15:05 z1=212,B,157.028,157.060,2026.05.11 19:20,1,2026.05.12 00:00,157.152,157.050"
1304,JUNE0525-B157,1617DC1ACCE6B50ED2D1359582A70A8B8503C569623EE90C18C6B33542796207,Tester/logs/20261010.log,3017688,2026-06-01,15:10,B152PR,"OG	0	18:16:55.754	Core 04	2026.06.01 15:10:00   [SRJ-IND] B152PR sym=USDJPY bar=2026.06.01 15:05 z1=256,B,157.172,157.178,2026.05.12 01:25,1,2026.05.12 08:55,157.714,156.726"
1305,JUNE0525-B157,1617DC1ACCE6B50ED2D1359582A70A8B8503C569623EE90C18C6B33542796207,Tester/logs/20261010.log,3017689,2026-06-01,15:10,B152PR,"QH	0	18:16:55.754	Core 04	2026.06.01 15:10:00   [SRJ-IND] B152PR sym=USDJPY bar=2026.06.01 15:05 z1=261,B,157.184,157.192,2026.05.12 03:00,1,2026.05.12 08:55,157.714,156.726"
1306,JUNE0525-B157,1617DC1ACCE6B50ED2D1359582A70A8B8503C569623EE90C18C6B33542796207,Tester/logs/20261010.log,3017690,2026-06-01,15:10,B152PR,"ER	0	18:16:55.754	Core 04	2026.06.01 15:10:00   [SRJ-IND] B152PR sym=USDJPY bar=2026.06.01 15:05 z1=313,B,157.331,157.497,2026.05.12 10:00,1,2026.05.12 10:10,157.546,157.487"
1307,JUNE0525-B157,1617DC1ACCE6B50ED2D1359582A70A8B8503C569623EE90C18C6B33542796207,Tester/logs/20261010.log,3017691,2026-06-01,15:10,B152PR,"PD	0	18:16:55.754	Core 04	2026.06.01 15:10:00   [SRJ-IND] B152PR sym=USDJPY bar=2026.06.01 15:05 z1=414,B,157.517,157.589,2026.05.13 01:10,1,2026.05.13 01:20,157.607,157.587"
1308,JUNE0525-B157,1617DC1ACCE6B50ED2D1359582A70A8B8503C569623EE90C18C6B33542796207,Tester/logs/20261010.log,3017692,2026-06-01,15:10,B152PR,"CN	0	18:16:55.754	Core 04	2026.06.01 15:10:00   [SRJ-IND] B152PR sym=USDJPY bar=2026.06.01 15:05 z1=447,B,157.562,157.648,2026.05.13 06:20,1,2026.05.13 06:25,157.662,157.648"
1309,JUNE0525-B157,1617DC1ACCE6B50ED2D1359582A70A8B8503C569623EE90C18C6B33542796207,Tester/logs/20261010.log,3017693,2026-06-01,15:10,B152PR,"LP	0	18:16:55.754	Core 04	2026.06.01 15:10:00   [SRJ-IND] B152PR sym=USDJPY bar=2026.06.01 15:05 z1=449,B,157.599,157.654,2026.05.13 05:15,1,2026.05.13 05:45,157.687,157.652"
1310,JUNE0525-B157,1617DC1ACCE6B50ED2D1359582A70A8B8503C569623EE90C18C6B33542796207,Tester/logs/20261010.log,3017694,2026-06-01,15:10,B152PR,"EJ	0	18:16:55.754	Core 04	2026.06.01 15:10:00   [SRJ-IND] B152PR sym=USDJPY bar=2026.06.01 15:05 z1=460,B,157.645,157.660,2026.05.13 07:05,1,2026.05.14 00:25,157.812,157.650"
1311,JUNE0525-B157,1617DC1ACCE6B50ED2D1359582A70A8B8503C569623EE90C18C6B33542796207,Tester/logs/20261010.log,3017695,2026-06-01,15:10,B152PR,"EL	0	18:16:55.754	Core 04	2026.06.01 15:10:00   [SRJ-IND] B152PR sym=USDJPY bar=2026.06.01 15:05 z1=696,B,157.568,158.167,2026.05.14 18:05,1,2026.05.14 18:10,158.191,158.119"
1312,JUNE0525-B157,1617DC1ACCE6B50ED2D1359582A70A8B8503C569623EE90C18C6B33542796207,Tester/logs/20261010.log,3017696,2026-06-01,15:10,B152PR,"MF	0	18:16:55.754	Core 04	2026.06.01 15:10:00   [SRJ-IND] B152PR sym=USDJPY bar=2026.06.01 15:05 z1=714,B,158.107,158.142,2026.05.14 19:30,1,2026.05.14 20:00,158.169,158.142"
1313,JUNE0525-B157,1617DC1ACCE6B50ED2D1359582A70A8B8503C569623EE90C18C6B33542796207,Tester/logs/20261010.log,3017697,2026-06-01,15:10,B152PR,"HH	0	18:16:55.754	Core 04	2026.06.01 15:10:00   [SRJ-IND] B152PR sym=USDJPY bar=2026.06.01 15:05 z1=1405,B,158.735,158.769,2026.05.20 19:00,1,2026.05.20 19:05,158.816,158.753"
1314,JUNE0525-B157,1617DC1ACCE6B50ED2D1359582A70A8B8503C569623EE90C18C6B33542796207,Tester/logs/20261010.log,3017698,2026-06-01,15:10,B152PR,"NN	0	18:16:55.754	Core 04	2026.06.01 15:10:00   [SRJ-IND] B152PR sym=USDJPY bar=2026.06.01 15:05 z1=1779,B,158.756,158.800,2026.05.25 06:45,1,2026.05.26 00:00,158.887,158.784"
1315,JUNE0525-B157,1617DC1ACCE6B50ED2D1359582A70A8B8503C569623EE90C18C6B33542796207,Tester/logs/20261010.log,3017699,2026-06-01,15:10,B152PR,"OD	0	18:16:55.754	Core 04	2026.06.01 15:10:00   [SRJ-IND] B152PR sym=USDJPY bar=2026.06.01 15:05 z1=1780,B,158.789,158.814,2026.05.25 04:50,1,2026.05.26 00:00,158.887,158.784"
1316,JUNE0525-B157,1617DC1ACCE6B50ED2D1359582A70A8B8503C569623EE90C18C6B33542796207,Tester/logs/20261010.log,3017700,2026-06-01,15:10,B152PR,"JJ	0	18:16:55.754	Core 04	2026.06.01 15:10:00   [SRJ-IND] B152PR sym=USDJPY bar=2026.06.01 15:05 z1=1949,B,158.916,158.934,2026.05.26 07:25,1,2026.05.26 07:30,158.942,158.934"
1317,JUNE0525-B157,1617DC1ACCE6B50ED2D1359582A70A8B8503C569623EE90C18C6B33542796207,Tester/logs/20261010.log,3017701,2026-06-01,15:10,B152PR,"KQ	0	18:16:55.754	Core 04	2026.06.01 15:10:00   [SRJ-IND] B152PR sym=USDJPY bar=2026.06.01 15:05 z1=2271,S,159.524,159.574,2026.05.28 09:40,1,2026.05.28 11:25,159.524,159.488"
1318,JUNE0525-B157,1617DC1ACCE6B50ED2D1359582A70A8B8503C569623EE90C18C6B33542796207,Tester/logs/20261010.log,3017702,2026-06-01,15:10,B152PR,"JG	0	18:16:55.754	Core 04	2026.06.01 15:10:00   [SRJ-IND] B152PR sym=USDJPY bar=2026.06.01 15:05 z1=2277,S,159.551,159.575,2026.05.28 08:40,1,2026.05.28 08:50,159.556,159.541"
1319,JUNE0525-B157,1617DC1ACCE6B50ED2D1359582A70A8B8503C569623EE90C18C6B33542796207,Tester/logs/20261010.log,3017703,2026-06-01,15:10,B152PR,"EM	0	18:16:55.754	Core 04	2026.06.01 15:10:00   [SRJ-IND] B152PR sym=USDJPY bar=2026.06.01 15:05 z1=2299,S,159.488,159.524,2026.05.28 11:45,1,2026.05.28 17:00,159.491,159.448"
1320,JUNE0525-B157,1617DC1ACCE6B50ED2D1359582A70A8B8503C569623EE90C18C6B33542796207,Tester/logs/20261010.log,3017704,2026-06-01,15:10,B152PR,"OR	0	18:16:55.754	Core 04	2026.06.01 15:10:00   [SRJ-IND] B152PR sym=USDJPY bar=2026.06.01 15:05 z1=2509,B,159.134,159.195,2026.05.29 19:10,1,2026.05.29 19:35,159.215,159.186"
1321,JUNE0525-B157,1617DC1ACCE6B50ED2D1359582A70A8B8503C569623EE90C18C6B33542796207,Tester/logs/20261010.log,3017705,2026-06-01,15:10,B152PR,"LI	0	18:16:55.754	Core 04	2026.06.01 15:10:00   [SRJ-IND] B152PR sym=USDJPY bar=2026.06.01 15:05 z1=2585,S,159.485,159.494,2026.06.01 06:00,1,2026.06.01 09:15,159.486,159.466"
1322,JUNE0525-B157,1617DC1ACCE6B50ED2D1359582A70A8B8503C569623EE90C18C6B33542796207,Tester/logs/20261010.log,3017706,2026-06-01,15:10,B152PR,"NL	0	18:16:55.754	Core 04	2026.06.01 15:10:00   [SRJ-IND] B152PR sym=USDJPY bar=2026.06.01 15:05 bull=1 bear=1 nz=21"
1323,JUNE0525-B157,1617DC1ACCE6B50ED2D1359582A70A8B8503C569623EE90C18C6B33542796207,Tester/logs/20261010.log,3017710,2026-06-01,15:10,FRESHSKIP,"DM	0	18:16:55.754	Core 04	2026.06.01 15:10:00   [SRJ-EA] FRESHSKIP bar=2026.06.01 15:05 dir=LONG state=S3_ZONE_WAIT poi=Monthly-POC reason=PRE_BINDING"
1324,JUNE0525-B157,1617DC1ACCE6B50ED2D1359582A70A8B8503C569623EE90C18C6B33542796207,Tester/logs/20261010.log,3017839,2026-06-01,15:10,CQDRECHECK,"OS	0	18:16:55.754	Core 04	2026.06.01 15:10:00   [SRJ-EA] CQDRECHECK shift=2 passA=2.0 passB=2.0 diff=0 bar=2026.06.01 15:00 state=S3_ZONE_WAIT dir=LONG divLatch=1 hit1=0 hit2=390 mism=0"
1325,JUNE0525-B157,1617DC1ACCE6B50ED2D1359582A70A8B8503C569623EE90C18C6B33542796207,Tester/logs/20261010.log,3017843,2026-06-01,15:10,CONFIRMPOLL,"GO	0	18:16:55.754	Core 04	2026.06.01 15:10:00   [SRJ-EA] CONFIRMPOLL bar=2026.06.01 15:05 anchor=Monthly-POC dir=LONG oppCandle=0 bodyDir=1 body=1pts doji=0 touchAttr=0 confirm=0 shadow=true"
1326,JUNE0525-B157,1617DC1ACCE6B50ED2D1359582A70A8B8503C569623EE90C18C6B33542796207,Tester/logs/20261010.log,3017846,2026-06-01,15:10,XOBPROMO,"MP	0	18:16:55.754	Core 04	2026.06.01 15:10:00   [SRJ-EA] XOBPROMO bar=2026.06.01 15:05 site=S3PICK xobId=2566 raw=1780283700.0 promoT=2026.06.01 03:15"
1327,JUNE0525-B157,1617DC1ACCE6B50ED2D1359582A70A8B8503C569623EE90C18C6B33542796207,Tester/logs/20261010.log,3017847,2026-06-01,15:10,ZONEPICK,"KG	0	18:16:55.754	Core 04	2026.06.01 15:10:00   [SRJ-EA] ZONEPICK bar=2026.06.01 15:05 dir=LONG haveFvg=0 fvgInPlay=0 haveXob=1 xobInPlay=0 downgraded=0 fvg=--- xob=159.382-159.407"
1328,JUNE0525-B157,1617DC1ACCE6B50ED2D1359582A70A8B8503C569623EE90C18C6B33542796207,Tester/logs/20261010.log,3017856,2026-06-01,15:10,INPLAYCOMMIT,"GF	0	18:16:55.754	Core 04	2026.06.01 15:10:00   [SRJ-EA] INPLAYCOMMIT bar=2026.06.01 15:05 dir=LONG zoneSrc=XOB zoneLo=159.382 zoneHi=159.407 promoT=2026.06.01 03:15 applied=1 bounded=1 scanned=148 swings=29 hits=0 firstShift=-1 firstVal=- commitVia=none legacy=0 legacyVia=none committed=0 changed=0 haveStop=1"
1329,JUNE0525-B157,1617DC1ACCE6B50ED2D1359582A70A8B8503C569623EE90C18C6B33542796207,Tester/logs/20261010.log,3017861,2026-06-01,15:15,B152PR,"RE	0	18:16:55.754	Core 04	2026.06.01 15:15:00   [SRJ-IND] B152PR sym=USDJPY bar=2026.06.01 15:10 z1=65,B,156.672,156.773,2026.05.11 04:10,1,2026.05.12 08:55,157.714,156.726"
1330,JUNE0525-B157,1617DC1ACCE6B50ED2D1359582A70A8B8503C569623EE90C18C6B33542796207,Tester/logs/20261010.log,3017862,2026-06-01,15:15,B152PR,"JK	0	18:16:55.754	Core 04	2026.06.01 15:15:00   [SRJ-IND] B152PR sym=USDJPY bar=2026.06.01 15:10 z1=78,B,156.578,156.584,2026.05.11 00:35,1,2026.05.11 00:40,156.644,156.537"
1331,JUNE0525-B157,1617DC1ACCE6B50ED2D1359582A70A8B8503C569623EE90C18C6B33542796207,Tester/logs/20261010.log,3017863,2026-06-01,15:15,B152PR,"PR	0	18:16:55.754	Core 04	2026.06.01 15:15:00   [SRJ-IND] B152PR sym=USDJPY bar=2026.06.01 15:10 z1=212,B,157.028,157.060,2026.05.11 19:20,1,2026.05.12 00:00,157.152,157.050"
1332,JUNE0525-B157,1617DC1ACCE6B50ED2D1359582A70A8B8503C569623EE90C18C6B33542796207,Tester/logs/20261010.log,3017864,2026-06-01,15:15,B152PR,"PD	0	18:16:55.754	Core 04	2026.06.01 15:15:00   [SRJ-IND] B152PR sym=USDJPY bar=2026.06.01 15:10 z1=256,B,157.172,157.178,2026.05.12 01:25,1,2026.05.12 08:55,157.714,156.726"
1333,JUNE0525-B157,1617DC1ACCE6B50ED2D1359582A70A8B8503C569623EE90C18C6B33542796207,Tester/logs/20261010.log,3017865,2026-06-01,15:15,B152PR,"RI	0	18:16:55.754	Core 04	2026.06.01 15:15:00   [SRJ-IND] B152PR sym=USDJPY bar=2026.06.01 15:10 z1=261,B,157.184,157.192,2026.05.12 03:00,1,2026.05.12 08:55,157.714,156.726"
1334,JUNE0525-B157,1617DC1ACCE6B50ED2D1359582A70A8B8503C569623EE90C18C6B33542796207,Tester/logs/20261010.log,3017866,2026-06-01,15:15,B152PR,"FS	0	18:16:55.754	Core 04	2026.06.01 15:15:00   [SRJ-IND] B152PR sym=USDJPY bar=2026.06.01 15:10 z1=313,B,157.331,157.497,2026.05.12 10:00,1,2026.05.12 10:10,157.546,157.487"
1335,JUNE0525-B157,1617DC1ACCE6B50ED2D1359582A70A8B8503C569623EE90C18C6B33542796207,Tester/logs/20261010.log,3017867,2026-06-01,15:15,B152PR,"OE	0	18:16:55.754	Core 04	2026.06.01 15:15:00   [SRJ-IND] B152PR sym=USDJPY bar=2026.06.01 15:10 z1=414,B,157.517,157.589,2026.05.13 01:10,1,2026.05.13 01:20,157.607,157.587"
1336,JUNE0525-B157,1617DC1ACCE6B50ED2D1359582A70A8B8503C569623EE90C18C6B33542796207,Tester/logs/20261010.log,3017868,2026-06-01,15:15,B152PR,"DO	0	18:16:55.754	Core 04	2026.06.01 15:15:00   [SRJ-IND] B152PR sym=USDJPY bar=2026.06.01 15:10 z1=447,B,157.562,157.648,2026.05.13 06:20,1,2026.05.13 06:25,157.662,157.648"
1337,JUNE0525-B157,1617DC1ACCE6B50ED2D1359582A70A8B8503C569623EE90C18C6B33542796207,Tester/logs/20261010.log,3017869,2026-06-01,15:15,B152PR,"KQ	0	18:16:55.754	Core 04	2026.06.01 15:15:00   [SRJ-IND] B152PR sym=USDJPY bar=2026.06.01 15:10 z1=449,B,157.599,157.654,2026.05.13 05:15,1,2026.05.13 05:45,157.687,157.652"
1338,JUNE0525-B157,1617DC1ACCE6B50ED2D1359582A70A8B8503C569623EE90C18C6B33542796207,Tester/logs/20261010.log,3017870,2026-06-01,15:15,B152PR,"FK	0	18:16:55.754	Core 04	2026.06.01 15:15:00   [SRJ-IND] B152PR sym=USDJPY bar=2026.06.01 15:10 z1=460,B,157.645,157.660,2026.05.13 07:05,1,2026.05.14 00:25,157.812,157.650"
1339,JUNE0525-B157,1617DC1ACCE6B50ED2D1359582A70A8B8503C569623EE90C18C6B33542796207,Tester/logs/20261010.log,3017871,2026-06-01,15:15,B152PR,"FM	0	18:16:55.754	Core 04	2026.06.01 15:15:00   [SRJ-IND] B152PR sym=USDJPY bar=2026.06.01 15:10 z1=696,B,157.568,158.167,2026.05.14 18:05,1,2026.05.14 18:10,158.191,158.119"
1340,JUNE0525-B157,1617DC1ACCE6B50ED2D1359582A70A8B8503C569623EE90C18C6B33542796207,Tester/logs/20261010.log,3017872,2026-06-01,15:15,B152PR,"NG	0	18:16:55.754	Core 04	2026.06.01 15:15:00   [SRJ-IND] B152PR sym=USDJPY bar=2026.06.01 15:10 z1=714,B,158.107,158.142,2026.05.14 19:30,1,2026.05.14 20:00,158.169,158.142"
1341,JUNE0525-B157,1617DC1ACCE6B50ED2D1359582A70A8B8503C569623EE90C18C6B33542796207,Tester/logs/20261010.log,3017873,2026-06-01,15:15,B152PR,"GK	0	18:16:55.754	Core 04	2026.06.01 15:15:00   [SRJ-IND] B152PR sym=USDJPY bar=2026.06.01 15:10 z1=1405,B,158.735,158.769,2026.05.20 19:00,1,2026.05.20 19:05,158.816,158.753"
1342,JUNE0525-B157,1617DC1ACCE6B50ED2D1359582A70A8B8503C569623EE90C18C6B33542796207,Tester/logs/20261010.log,3017874,2026-06-01,15:15,B152PR,"MQ	0	18:16:55.754	Core 04	2026.06.01 15:15:00   [SRJ-IND] B152PR sym=USDJPY bar=2026.06.01 15:10 z1=1779,B,158.756,158.800,2026.05.25 06:45,1,2026.05.26 00:00,158.887,158.784"
1343,JUNE0525-B157,1617DC1ACCE6B50ED2D1359582A70A8B8503C569623EE90C18C6B33542796207,Tester/logs/20261010.log,3017875,2026-06-01,15:15,B152PR,"PG	0	18:16:55.754	Core 04	2026.06.01 15:15:00   [SRJ-IND] B152PR sym=USDJPY bar=2026.06.01 15:10 z1=1780,B,158.789,158.814,2026.05.25 04:50,1,2026.05.26 00:00,158.887,158.784"
1344,JUNE0525-B157,1617DC1ACCE6B50ED2D1359582A70A8B8503C569623EE90C18C6B33542796207,Tester/logs/20261010.log,3017876,2026-06-01,15:15,B152PR,"IM	0	18:16:55.754	Core 04	2026.06.01 15:15:00   [SRJ-IND] B152PR sym=USDJPY bar=2026.06.01 15:10 z1=1949,B,158.916,158.934,2026.05.26 07:25,1,2026.05.26 07:30,158.942,158.934"
1345,JUNE0525-B157,1617DC1ACCE6B50ED2D1359582A70A8B8503C569623EE90C18C6B33542796207,Tester/logs/20261010.log,3017877,2026-06-01,15:15,B152PR,"LR	0	18:16:55.754	Core 04	2026.06.01 15:15:00   [SRJ-IND] B152PR sym=USDJPY bar=2026.06.01 15:10 z1=2271,S,159.524,159.574,2026.05.28 09:40,1,2026.05.28 11:25,159.524,159.488"
1346,JUNE0525-B157,1617DC1ACCE6B50ED2D1359582A70A8B8503C569623EE90C18C6B33542796207,Tester/logs/20261010.log,3017878,2026-06-01,15:15,B152PR,"IH	0	18:16:55.754	Core 04	2026.06.01 15:15:00   [SRJ-IND] B152PR sym=USDJPY bar=2026.06.01 15:10 z1=2277,S,159.551,159.575,2026.05.28 08:40,1,2026.05.28 08:50,159.556,159.541"
1347,JUNE0525-B157,1617DC1ACCE6B50ED2D1359582A70A8B8503C569623EE90C18C6B33542796207,Tester/logs/20261010.log,3017879,2026-06-01,15:15,B152PR,"FN	0	18:16:55.754	Core 04	2026.06.01 15:15:00   [SRJ-IND] B152PR sym=USDJPY bar=2026.06.01 15:10 z1=2299,S,159.488,159.524,2026.05.28 11:45,1,2026.05.28 17:00,159.491,159.448"
1348,JUNE0525-B157,1617DC1ACCE6B50ED2D1359582A70A8B8503C569623EE90C18C6B33542796207,Tester/logs/20261010.log,3017880,2026-06-01,15:15,B152PR,"PE	0	18:16:55.754	Core 04	2026.06.01 15:15:00   [SRJ-IND] B152PR sym=USDJPY bar=2026.06.01 15:10 z1=2509,B,159.134,159.195,2026.05.29 19:10,1,2026.05.29 19:35,159.215,159.186"
1349,JUNE0525-B157,1617DC1ACCE6B50ED2D1359582A70A8B8503C569623EE90C18C6B33542796207,Tester/logs/20261010.log,3017881,2026-06-01,15:15,B152PR,"KJ	0	18:16:55.754	Core 04	2026.06.01 15:15:00   [SRJ-IND] B152PR sym=USDJPY bar=2026.06.01 15:10 z1=2585,S,159.485,159.494,2026.06.01 06:00,1,2026.06.01 09:15,159.486,159.466"
1350,JUNE0525-B157,1617DC1ACCE6B50ED2D1359582A70A8B8503C569623EE90C18C6B33542796207,Tester/logs/20261010.log,3017882,2026-06-01,15:15,B152PR,"MS	0	18:16:55.754	Core 04	2026.06.01 15:15:00   [SRJ-IND] B152PR sym=USDJPY bar=2026.06.01 15:10 bull=1 bear=1 nz=21"
1351,JUNE0525-B157,1617DC1ACCE6B50ED2D1359582A70A8B8503C569623EE90C18C6B33542796207,Tester/logs/20261010.log,3017886,2026-06-01,15:15,FRESHSKIP,"QL	0	18:16:55.754	Core 04	2026.06.01 15:15:00   [SRJ-EA] FRESHSKIP bar=2026.06.01 15:10 dir=LONG state=S3_ZONE_WAIT poi=Monthly-POC reason=PRE_BINDING"
1352,JUNE0525-B157,1617DC1ACCE6B50ED2D1359582A70A8B8503C569623EE90C18C6B33542796207,Tester/logs/20261010.log,3018018,2026-06-01,15:15,CONFIRMPOLL,"GE	0	18:16:55.754	Core 04	2026.06.01 15:15:00   [SRJ-EA] CONFIRMPOLL bar=2026.06.01 15:10 anchor=Monthly-POC dir=LONG oppCandle=0 bodyDir=0 body=0pts doji=1 touchAttr=0 confirm=0 shadow=true"
1353,JUNE0525-B157,1617DC1ACCE6B50ED2D1359582A70A8B8503C569623EE90C18C6B33542796207,Tester/logs/20261010.log,3018021,2026-06-01,15:15,XOBPROMO,"NJ	0	18:16:55.754	Core 04	2026.06.01 15:15:00   [SRJ-EA] XOBPROMO bar=2026.06.01 15:10 site=S3PICK xobId=2566 raw=1780283700.0 promoT=2026.06.01 03:15"
1354,JUNE0525-B157,1617DC1ACCE6B50ED2D1359582A70A8B8503C569623EE90C18C6B33542796207,Tester/logs/20261010.log,3018022,2026-06-01,15:15,ZONEPICK,"LM	0	18:16:55.754	Core 04	2026.06.01 15:15:00   [SRJ-EA] ZONEPICK bar=2026.06.01 15:10 dir=LONG haveFvg=0 fvgInPlay=0 haveXob=1 xobInPlay=0 downgraded=0 fvg=--- xob=159.382-159.407"
1355,JUNE0525-B157,1617DC1ACCE6B50ED2D1359582A70A8B8503C569623EE90C18C6B33542796207,Tester/logs/20261010.log,3018031,2026-06-01,15:15,INPLAYCOMMIT,"GH	0	18:16:55.754	Core 04	2026.06.01 15:15:00   [SRJ-EA] INPLAYCOMMIT bar=2026.06.01 15:10 dir=LONG zoneSrc=XOB zoneLo=159.382 zoneHi=159.407 promoT=2026.06.01 03:15 applied=1 bounded=1 scanned=149 swings=29 hits=0 firstShift=-1 firstVal=- commitVia=none legacy=0 legacyVia=none committed=0 changed=0 haveStop=1"
1356,JUNE0525-B157,1617DC1ACCE6B50ED2D1359582A70A8B8503C569623EE90C18C6B33542796207,Tester/logs/20261010.log,3018037,2026-06-01,15:20,B152PR,"KJ	0	18:16:55.754	Core 04	2026.06.01 15:20:00   [SRJ-IND] B152PR sym=USDJPY bar=2026.06.01 15:15 z1=65,B,156.672,156.773,2026.05.11 04:10,1,2026.05.12 08:55,157.714,156.726"
1357,JUNE0525-B157,1617DC1ACCE6B50ED2D1359582A70A8B8503C569623EE90C18C6B33542796207,Tester/logs/20261010.log,3018038,2026-06-01,15:20,B152PR,"KP	0	18:16:55.754	Core 04	2026.06.01 15:20:00   [SRJ-IND] B152PR sym=USDJPY bar=2026.06.01 15:15 z1=78,B,156.578,156.584,2026.05.11 00:35,1,2026.05.11 00:40,156.644,156.537"
1358,JUNE0525-B157,1617DC1ACCE6B50ED2D1359582A70A8B8503C569623EE90C18C6B33542796207,Tester/logs/20261010.log,3018039,2026-06-01,15:20,B152PR,"ME	0	18:16:55.754	Core 04	2026.06.01 15:20:00   [SRJ-IND] B152PR sym=USDJPY bar=2026.06.01 15:15 z1=212,B,157.028,157.060,2026.05.11 19:20,1,2026.05.12 00:00,157.152,157.050"
1359,JUNE0525-B157,1617DC1ACCE6B50ED2D1359582A70A8B8503C569623EE90C18C6B33542796207,Tester/logs/20261010.log,3018040,2026-06-01,15:20,B152PR,"MO	0	18:16:55.754	Core 04	2026.06.01 15:20:00   [SRJ-IND] B152PR sym=USDJPY bar=2026.06.01 15:15 z1=256,B,157.172,157.178,2026.05.12 01:25,1,2026.05.12 08:55,157.714,156.726"
1360,JUNE0525-B157,1617DC1ACCE6B50ED2D1359582A70A8B8503C569623EE90C18C6B33542796207,Tester/logs/20261010.log,3018041,2026-06-01,15:20,B152PR,"CQ	0	18:16:55.754	Core 04	2026.06.01 15:20:00   [SRJ-IND] B152PR sym=USDJPY bar=2026.06.01 15:15 z1=261,B,157.184,157.192,2026.05.12 03:00,1,2026.05.12 08:55,157.714,156.726"
1361,JUNE0525-B157,1617DC1ACCE6B50ED2D1359582A70A8B8503C569623EE90C18C6B33542796207,Tester/logs/20261010.log,3018042,2026-06-01,15:20,B152PR,"OK	0	18:16:55.754	Core 04	2026.06.01 15:20:00   [SRJ-IND] B152PR sym=USDJPY bar=2026.06.01 15:15 z1=313,B,157.331,157.497,2026.05.12 10:00,1,2026.05.12 10:10,157.546,157.487"
1362,JUNE0525-B157,1617DC1ACCE6B50ED2D1359582A70A8B8503C569623EE90C18C6B33542796207,Tester/logs/20261010.log,3018043,2026-06-01,15:20,B152PR,"NL	0	18:16:55.754	Core 04	2026.06.01 15:20:00   [SRJ-IND] B152PR sym=USDJPY bar=2026.06.01 15:15 z1=414,B,157.517,157.589,2026.05.13 01:10,1,2026.05.13 01:20,157.607,157.587"
1363,JUNE0525-B157,1617DC1ACCE6B50ED2D1359582A70A8B8503C569623EE90C18C6B33542796207,Tester/logs/20261010.log,3018044,2026-06-01,15:20,B152PR,"IF	0	18:16:55.754	Core 04	2026.06.01 15:20:00   [SRJ-IND] B152PR sym=USDJPY bar=2026.06.01 15:15 z1=447,B,157.562,157.648,2026.05.13 06:20,1,2026.05.13 06:25,157.662,157.648"
1364,JUNE0525-B157,1617DC1ACCE6B50ED2D1359582A70A8B8503C569623EE90C18C6B33542796207,Tester/logs/20261010.log,3018045,2026-06-01,15:20,B152PR,"JH	0	18:16:55.754	Core 04	2026.06.01 15:20:00   [SRJ-IND] B152PR sym=USDJPY bar=2026.06.01 15:15 z1=449,B,157.599,157.654,2026.05.13 05:15,1,2026.05.13 05:45,157.687,157.652"
1365,JUNE0525-B157,1617DC1ACCE6B50ED2D1359582A70A8B8503C569623EE90C18C6B33542796207,Tester/logs/20261010.log,3018046,2026-06-01,15:20,B152PR,"OR	0	18:16:55.754	Core 04	2026.06.01 15:20:00   [SRJ-IND] B152PR sym=USDJPY bar=2026.06.01 15:15 z1=460,B,157.645,157.660,2026.05.13 07:05,1,2026.05.14 00:25,157.812,157.650"
1366,JUNE0525-B157,1617DC1ACCE6B50ED2D1359582A70A8B8503C569623EE90C18C6B33542796207,Tester/logs/20261010.log,3018047,2026-06-01,15:20,B152PR,"GD	0	18:16:55.754	Core 04	2026.06.01 15:20:00   [SRJ-IND] B152PR sym=USDJPY bar=2026.06.01 15:15 z1=696,B,157.568,158.167,2026.05.14 18:05,1,2026.05.14 18:10,158.191,158.119"
1367,JUNE0525-B157,1617DC1ACCE6B50ED2D1359582A70A8B8503C569623EE90C18C6B33542796207,Tester/logs/20261010.log,3018048,2026-06-01,15:20,B152PR,"ON	0	18:16:55.754	Core 04	2026.06.01 15:20:00   [SRJ-IND] B152PR sym=USDJPY bar=2026.06.01 15:15 z1=714,B,158.107,158.142,2026.05.14 19:30,1,2026.05.14 20:00,158.169,158.142"
1368,JUNE0525-B157,1617DC1ACCE6B50ED2D1359582A70A8B8503C569623EE90C18C6B33542796207,Tester/logs/20261010.log,3018049,2026-06-01,15:20,B152PR,"NS	0	18:16:55.754	Core 04	2026.06.01 15:20:00   [SRJ-IND] B152PR sym=USDJPY bar=2026.06.01 15:15 z1=1405,B,158.735,158.769,2026.05.20 19:00,1,2026.05.20 19:05,158.816,158.753"
1369,JUNE0525-B157,1617DC1ACCE6B50ED2D1359582A70A8B8503C569623EE90C18C6B33542796207,Tester/logs/20261010.log,3018050,2026-06-01,15:20,B152PR,"HI	0	18:16:55.754	Core 04	2026.06.01 15:20:00   [SRJ-IND] B152PR sym=USDJPY bar=2026.06.01 15:15 z1=1779,B,158.756,158.800,2026.05.25 06:45,1,2026.05.26 00:00,158.887,158.784"
1370,JUNE0525-B157,1617DC1ACCE6B50ED2D1359582A70A8B8503C569623EE90C18C6B33542796207,Tester/logs/20261010.log,3018051,2026-06-01,15:20,B152PR,"EO	0	18:16:55.754	Core 04	2026.06.01 15:20:00   [SRJ-IND] B152PR sym=USDJPY bar=2026.06.01 15:15 z1=1780,B,158.789,158.814,2026.05.25 04:50,1,2026.05.26 00:00,158.887,158.784"
1371,JUNE0525-B157,1617DC1ACCE6B50ED2D1359582A70A8B8503C569623EE90C18C6B33542796207,Tester/logs/20261010.log,3018052,2026-06-01,15:20,B152PR,"LE	0	18:16:55.754	Core 04	2026.06.01 15:20:00   [SRJ-IND] B152PR sym=USDJPY bar=2026.06.01 15:15 z1=1949,B,158.916,158.934,2026.05.26 07:25,1,2026.05.26 07:30,158.942,158.934"
1372,JUNE0525-B157,1617DC1ACCE6B50ED2D1359582A70A8B8503C569623EE90C18C6B33542796207,Tester/logs/20261010.log,3018053,2026-06-01,15:20,B152PR,"IJ	0	18:16:55.754	Core 04	2026.06.01 15:20:00   [SRJ-IND] B152PR sym=USDJPY bar=2026.06.01 15:15 z1=2271,S,159.524,159.574,2026.05.28 09:40,1,2026.05.28 11:25,159.524,159.488"
1373,JUNE0525-B157,1617DC1ACCE6B50ED2D1359582A70A8B8503C569623EE90C18C6B33542796207,Tester/logs/20261010.log,3018054,2026-06-01,15:20,B152PR,"LP	0	18:16:55.754	Core 04	2026.06.01 15:20:00   [SRJ-IND] B152PR sym=USDJPY bar=2026.06.01 15:15 z1=2277,S,159.551,159.575,2026.05.28 08:40,1,2026.05.28 08:50,159.556,159.541"
1374,JUNE0525-B157,1617DC1ACCE6B50ED2D1359582A70A8B8503C569623EE90C18C6B33542796207,Tester/logs/20261010.log,3018055,2026-06-01,15:20,B152PR,"OF	0	18:16:55.754	Core 04	2026.06.01 15:20:00   [SRJ-IND] B152PR sym=USDJPY bar=2026.06.01 15:15 z1=2299,S,159.488,159.524,2026.05.28 11:45,1,2026.05.28 17:00,159.491,159.448"
1375,JUNE0525-B157,1617DC1ACCE6B50ED2D1359582A70A8B8503C569623EE90C18C6B33542796207,Tester/logs/20261010.log,3018056,2026-06-01,15:20,B152PR,"EM	0	18:16:55.754	Core 04	2026.06.01 15:20:00   [SRJ-IND] B152PR sym=USDJPY bar=2026.06.01 15:15 z1=2509,B,159.134,159.195,2026.05.29 19:10,1,2026.05.29 19:35,159.215,159.186"
1376,JUNE0525-B157,1617DC1ACCE6B50ED2D1359582A70A8B8503C569623EE90C18C6B33542796207,Tester/logs/20261010.log,3018057,2026-06-01,15:20,B152PR,"JR	0	18:16:55.754	Core 04	2026.06.01 15:20:00   [SRJ-IND] B152PR sym=USDJPY bar=2026.06.01 15:15 z1=2585,S,159.485,159.494,2026.06.01 06:00,1,2026.06.01 09:15,159.486,159.466"
1377,JUNE0525-B157,1617DC1ACCE6B50ED2D1359582A70A8B8503C569623EE90C18C6B33542796207,Tester/logs/20261010.log,3018058,2026-06-01,15:20,B152PR,"HK	0	18:16:55.754	Core 04	2026.06.01 15:20:00   [SRJ-IND] B152PR sym=USDJPY bar=2026.06.01 15:15 bull=1 bear=1 nz=21"
1378,JUNE0525-B157,1617DC1ACCE6B50ED2D1359582A70A8B8503C569623EE90C18C6B33542796207,Tester/logs/20261010.log,3018061,2026-06-01,15:20,FRESHSKIP,"NE	0	18:16:55.754	Core 04	2026.06.01 15:20:00   [SRJ-EA] FRESHSKIP bar=2026.06.01 15:15 dir=LONG state=S3_ZONE_WAIT poi=Monthly-POC reason=PRE_BINDING"
1379,JUNE0525-B157,1617DC1ACCE6B50ED2D1359582A70A8B8503C569623EE90C18C6B33542796207,Tester/logs/20261010.log,3018191,2026-06-01,15:20,CONFIRMPOLL,"NE	0	18:16:55.754	Core 04	2026.06.01 15:20:00   [SRJ-EA] CONFIRMPOLL bar=2026.06.01 15:15 anchor=Monthly-POC dir=LONG oppCandle=0 bodyDir=0 body=10pts doji=0 touchAttr=0 confirm=0 shadow=true"
1380,JUNE0525-B157,1617DC1ACCE6B50ED2D1359582A70A8B8503C569623EE90C18C6B33542796207,Tester/logs/20261010.log,3018194,2026-06-01,15:20,XOBPROMO,"MH	0	18:16:55.754	Core 04	2026.06.01 15:20:00   [SRJ-EA] XOBPROMO bar=2026.06.01 15:15 site=S3PICK xobId=2566 raw=1780283700.0 promoT=2026.06.01 03:15"
1381,JUNE0525-B157,1617DC1ACCE6B50ED2D1359582A70A8B8503C569623EE90C18C6B33542796207,Tester/logs/20261010.log,3018195,2026-06-01,15:20,ZONEPICK,"KO	0	18:16:55.754	Core 04	2026.06.01 15:20:00   [SRJ-EA] ZONEPICK bar=2026.06.01 15:15 dir=LONG haveFvg=0 fvgInPlay=0 haveXob=1 xobInPlay=0 downgraded=0 fvg=--- xob=159.382-159.407"
1382,JUNE0525-B157,1617DC1ACCE6B50ED2D1359582A70A8B8503C569623EE90C18C6B33542796207,Tester/logs/20261010.log,3018204,2026-06-01,15:20,INPLAYCOMMIT,"DM	0	18:16:55.754	Core 04	2026.06.01 15:20:00   [SRJ-EA] INPLAYCOMMIT bar=2026.06.01 15:15 dir=LONG zoneSrc=XOB zoneLo=159.382 zoneHi=159.407 promoT=2026.06.01 03:15 applied=1 bounded=1 scanned=5 swings=2 hits=0 firstShift=-1 firstVal=- commitVia=none legacy=0 legacyVia=none committed=0 changed=0 haveStop=1"
1383,JUNE0525-B157,1617DC1ACCE6B50ED2D1359582A70A8B8503C569623EE90C18C6B33542796207,Tester/logs/20261010.log,3018209,2026-06-01,15:25,B152PR,"FM	0	18:16:55.754	Core 04	2026.06.01 15:25:04   [SRJ-IND] B152PR sym=USDJPY bar=2026.06.01 15:20 z1=65,B,156.672,156.773,2026.05.11 04:10,1,2026.05.12 08:55,157.714,156.726"
1384,JUNE0525-B157,1617DC1ACCE6B50ED2D1359582A70A8B8503C569623EE90C18C6B33542796207,Tester/logs/20261010.log,3018210,2026-06-01,15:25,B152PR,"NP	0	18:16:55.754	Core 04	2026.06.01 15:25:04   [SRJ-IND] B152PR sym=USDJPY bar=2026.06.01 15:20 z1=78,B,156.578,156.584,2026.05.11 00:35,1,2026.05.11 00:40,156.644,156.537"
1385,JUNE0525-B157,1617DC1ACCE6B50ED2D1359582A70A8B8503C569623EE90C18C6B33542796207,Tester/logs/20261010.log,3018211,2026-06-01,15:25,B152PR,"DE	0	18:16:55.754	Core 04	2026.06.01 15:25:04   [SRJ-IND] B152PR sym=USDJPY bar=2026.06.01 15:20 z1=212,B,157.028,157.060,2026.05.11 19:20,1,2026.05.12 00:00,157.152,157.050"
1386,JUNE0525-B157,1617DC1ACCE6B50ED2D1359582A70A8B8503C569623EE90C18C6B33542796207,Tester/logs/20261010.log,3018212,2026-06-01,15:25,B152PR,"DO	0	18:16:55.754	Core 04	2026.06.01 15:25:04   [SRJ-IND] B152PR sym=USDJPY bar=2026.06.01 15:20 z1=256,B,157.172,157.178,2026.05.12 01:25,1,2026.05.12 08:55,157.714,156.726"
1387,JUNE0525-B157,1617DC1ACCE6B50ED2D1359582A70A8B8503C569623EE90C18C6B33542796207,Tester/logs/20261010.log,3018213,2026-06-01,15:25,B152PR,"FQ	0	18:16:55.754	Core 04	2026.06.01 15:25:04   [SRJ-IND] B152PR sym=USDJPY bar=2026.06.01 15:20 z1=261,B,157.184,157.192,2026.05.12 03:00,1,2026.05.12 08:55,157.714,156.726"
1388,JUNE0525-B157,1617DC1ACCE6B50ED2D1359582A70A8B8503C569623EE90C18C6B33542796207,Tester/logs/20261010.log,3018214,2026-06-01,15:25,B152PR,"RK	0	18:16:55.754	Core 04	2026.06.01 15:25:04   [SRJ-IND] B152PR sym=USDJPY bar=2026.06.01 15:20 z1=313,B,157.331,157.497,2026.05.12 10:00,1,2026.05.12 10:10,157.546,157.487"
1389,JUNE0525-B157,1617DC1ACCE6B50ED2D1359582A70A8B8503C569623EE90C18C6B33542796207,Tester/logs/20261010.log,3018215,2026-06-01,15:25,B152PR,"CM	0	18:16:55.754	Core 04	2026.06.01 15:25:04   [SRJ-IND] B152PR sym=USDJPY bar=2026.06.01 15:20 z1=414,B,157.517,157.589,2026.05.13 01:10,1,2026.05.13 01:20,157.607,157.587"
1390,JUNE0525-B157,1617DC1ACCE6B50ED2D1359582A70A8B8503C569623EE90C18C6B33542796207,Tester/logs/20261010.log,3018216,2026-06-01,15:25,B152PR,"PG	0	18:16:55.754	Core 04	2026.06.01 15:25:04   [SRJ-IND] B152PR sym=USDJPY bar=2026.06.01 15:20 z1=447,B,157.562,157.648,2026.05.13 06:20,1,2026.05.13 06:25,157.662,157.648"
1391,JUNE0525-B157,1617DC1ACCE6B50ED2D1359582A70A8B8503C569623EE90C18C6B33542796207,Tester/logs/20261010.log,3018217,2026-06-01,15:25,B152PR,"GH	0	18:16:55.754	Core 04	2026.06.01 15:25:04   [SRJ-IND] B152PR sym=USDJPY bar=2026.06.01 15:20 z1=449,B,157.599,157.654,2026.05.13 05:15,1,2026.05.13 05:45,157.687,157.652"
1392,JUNE0525-B157,1617DC1ACCE6B50ED2D1359582A70A8B8503C569623EE90C18C6B33542796207,Tester/logs/20261010.log,3018218,2026-06-01,15:25,B152PR,"RR	0	18:16:55.754	Core 04	2026.06.01 15:25:04   [SRJ-IND] B152PR sym=USDJPY bar=2026.06.01 15:20 z1=460,B,157.645,157.660,2026.05.13 07:05,1,2026.05.14 00:25,157.812,157.650"
1393,JUNE0525-B157,1617DC1ACCE6B50ED2D1359582A70A8B8503C569623EE90C18C6B33542796207,Tester/logs/20261010.log,3018219,2026-06-01,15:25,B152PR,"RD	0	18:16:55.754	Core 04	2026.06.01 15:25:04   [SRJ-IND] B152PR sym=USDJPY bar=2026.06.01 15:20 z1=696,B,157.568,158.167,2026.05.14 18:05,1,2026.05.14 18:10,158.191,158.119"
1394,JUNE0525-B157,1617DC1ACCE6B50ED2D1359582A70A8B8503C569623EE90C18C6B33542796207,Tester/logs/20261010.log,3018220,2026-06-01,15:25,B152PR,"JN	0	18:16:55.754	Core 04	2026.06.01 15:25:04   [SRJ-IND] B152PR sym=USDJPY bar=2026.06.01 15:20 z1=714,B,158.107,158.142,2026.05.14 19:30,1,2026.05.14 20:00,158.169,158.142"
1395,JUNE0525-B157,1617DC1ACCE6B50ED2D1359582A70A8B8503C569623EE90C18C6B33542796207,Tester/logs/20261010.log,3018221,2026-06-01,15:25,B152PR,"KS	0	18:16:55.754	Core 04	2026.06.01 15:25:04   [SRJ-IND] B152PR sym=USDJPY bar=2026.06.01 15:20 z1=1405,B,158.735,158.769,2026.05.20 19:00,1,2026.05.20 19:05,158.816,158.753"
1396,JUNE0525-B157,1617DC1ACCE6B50ED2D1359582A70A8B8503C569623EE90C18C6B33542796207,Tester/logs/20261010.log,3018222,2026-06-01,15:25,B152PR,"II	0	18:16:55.754	Core 04	2026.06.01 15:25:04   [SRJ-IND] B152PR sym=USDJPY bar=2026.06.01 15:20 z1=1779,B,158.756,158.800,2026.05.25 06:45,1,2026.05.26 00:00,158.887,158.784"
1397,JUNE0525-B157,1617DC1ACCE6B50ED2D1359582A70A8B8503C569623EE90C18C6B33542796207,Tester/logs/20261010.log,3018223,2026-06-01,15:25,B152PR,"DO	0	18:16:55.754	Core 04	2026.06.01 15:25:04   [SRJ-IND] B152PR sym=USDJPY bar=2026.06.01 15:20 z1=1780,B,158.789,158.814,2026.05.25 04:50,1,2026.05.26 00:00,158.887,158.784"
1398,JUNE0525-B157,1617DC1ACCE6B50ED2D1359582A70A8B8503C569623EE90C18C6B33542796207,Tester/logs/20261010.log,3018224,2026-06-01,15:25,B152PR,"ME	0	18:16:55.754	Core 04	2026.06.01 15:25:04   [SRJ-IND] B152PR sym=USDJPY bar=2026.06.01 15:20 z1=1949,B,158.916,158.934,2026.05.26 07:25,1,2026.05.26 07:30,158.942,158.934"
1399,JUNE0525-B157,1617DC1ACCE6B50ED2D1359582A70A8B8503C569623EE90C18C6B33542796207,Tester/logs/20261010.log,3018225,2026-06-01,15:25,B152PR,"HJ	0	18:16:55.754	Core 04	2026.06.01 15:25:04   [SRJ-IND] B152PR sym=USDJPY bar=2026.06.01 15:20 z1=2271,S,159.524,159.574,2026.05.28 09:40,1,2026.05.28 11:25,159.524,159.488"
1400,JUNE0525-B157,1617DC1ACCE6B50ED2D1359582A70A8B8503C569623EE90C18C6B33542796207,Tester/logs/20261010.log,3018226,2026-06-01,15:25,B152PR,"MP	0	18:16:55.754	Core 04	2026.06.01 15:25:04   [SRJ-IND] B152PR sym=USDJPY bar=2026.06.01 15:20 z1=2277,S,159.551,159.575,2026.05.28 08:40,1,2026.05.28 08:50,159.556,159.541"
1401,JUNE0525-B157,1617DC1ACCE6B50ED2D1359582A70A8B8503C569623EE90C18C6B33542796207,Tester/logs/20261010.log,3018227,2026-06-01,15:25,B152PR,"RF	0	18:16:55.754	Core 04	2026.06.01 15:25:04   [SRJ-IND] B152PR sym=USDJPY bar=2026.06.01 15:20 z1=2299,S,159.488,159.524,2026.05.28 11:45,1,2026.05.28 17:00,159.491,159.448"
1402,JUNE0525-B157,1617DC1ACCE6B50ED2D1359582A70A8B8503C569623EE90C18C6B33542796207,Tester/logs/20261010.log,3018228,2026-06-01,15:25,B152PR,"DM	0	18:16:55.754	Core 04	2026.06.01 15:25:04   [SRJ-IND] B152PR sym=USDJPY bar=2026.06.01 15:20 z1=2509,B,159.134,159.195,2026.05.29 19:10,1,2026.05.29 19:35,159.215,159.186"
1403,JUNE0525-B157,1617DC1ACCE6B50ED2D1359582A70A8B8503C569623EE90C18C6B33542796207,Tester/logs/20261010.log,3018229,2026-06-01,15:25,B152PR,"GR	0	18:16:55.754	Core 04	2026.06.01 15:25:04   [SRJ-IND] B152PR sym=USDJPY bar=2026.06.01 15:20 z1=2585,S,159.485,159.494,2026.06.01 06:00,1,2026.06.01 09:15,159.486,159.466"
1404,JUNE0525-B157,1617DC1ACCE6B50ED2D1359582A70A8B8503C569623EE90C18C6B33542796207,Tester/logs/20261010.log,3018230,2026-06-01,15:25,B152PR,"IK	0	18:16:55.754	Core 04	2026.06.01 15:25:04   [SRJ-IND] B152PR sym=USDJPY bar=2026.06.01 15:20 bull=1 bear=1 nz=21"
1405,JUNE0525-B157,1617DC1ACCE6B50ED2D1359582A70A8B8503C569623EE90C18C6B33542796207,Tester/logs/20261010.log,3018233,2026-06-01,15:25,FRESHSKIP,"CD	0	18:16:55.754	Core 04	2026.06.01 15:25:04   [SRJ-EA] FRESHSKIP bar=2026.06.01 15:20 dir=LONG state=S3_ZONE_WAIT poi=Monthly-POC reason=PRE_BINDING"
1406,JUNE0525-B157,1617DC1ACCE6B50ED2D1359582A70A8B8503C569623EE90C18C6B33542796207,Tester/logs/20261010.log,3018363,2026-06-01,15:25,CONFIRMPOLL,"OF	0	18:16:55.754	Core 04	2026.06.01 15:25:04   [SRJ-EA] CONFIRMPOLL bar=2026.06.01 15:20 anchor=Monthly-POC dir=LONG oppCandle=1 bodyDir=0 body=2pts doji=0 touchAttr=0 confirm=0 shadow=true"
1407,JUNE0525-B157,1617DC1ACCE6B50ED2D1359582A70A8B8503C569623EE90C18C6B33542796207,Tester/logs/20261010.log,3018366,2026-06-01,15:25,XOBPROMO,"RH	0	18:16:55.754	Core 04	2026.06.01 15:25:04   [SRJ-EA] XOBPROMO bar=2026.06.01 15:20 site=S3PICK xobId=2566 raw=1780283700.0 promoT=2026.06.01 03:15"
1408,JUNE0525-B157,1617DC1ACCE6B50ED2D1359582A70A8B8503C569623EE90C18C6B33542796207,Tester/logs/20261010.log,3018367,2026-06-01,15:25,ZONEPICK,"PO	0	18:16:55.754	Core 04	2026.06.01 15:25:04   [SRJ-EA] ZONEPICK bar=2026.06.01 15:20 dir=LONG haveFvg=0 fvgInPlay=0 haveXob=1 xobInPlay=0 downgraded=0 fvg=--- xob=159.382-159.407"
1409,JUNE0525-B157,1617DC1ACCE6B50ED2D1359582A70A8B8503C569623EE90C18C6B33542796207,Tester/logs/20261010.log,3018376,2026-06-01,15:25,INPLAYCOMMIT,"FM	0	18:16:55.754	Core 04	2026.06.01 15:25:04   [SRJ-EA] INPLAYCOMMIT bar=2026.06.01 15:20 dir=LONG zoneSrc=XOB zoneLo=159.382 zoneHi=159.407 promoT=2026.06.01 03:15 applied=1 bounded=1 scanned=6 swings=2 hits=0 firstShift=-1 firstVal=- commitVia=none legacy=0 legacyVia=none committed=0 changed=0 haveStop=1"
1410,JUNE0525-B157,1617DC1ACCE6B50ED2D1359582A70A8B8503C569623EE90C18C6B33542796207,Tester/logs/20261010.log,3018384,2026-06-01,15:30,B152PR,"RR	0	18:16:55.754	Core 04	2026.06.01 15:30:01   [SRJ-IND] B152PR sym=USDJPY bar=2026.06.01 15:25 z1=65,B,156.672,156.773,2026.05.11 04:10,1,2026.05.12 08:55,157.714,156.726"
1411,JUNE0525-B157,1617DC1ACCE6B50ED2D1359582A70A8B8503C569623EE90C18C6B33542796207,Tester/logs/20261010.log,3018385,2026-06-01,15:30,B152PR,"JH	0	18:16:55.754	Core 04	2026.06.01 15:30:01   [SRJ-IND] B152PR sym=USDJPY bar=2026.06.01 15:25 z1=78,B,156.578,156.584,2026.05.11 00:35,1,2026.05.11 00:40,156.644,156.537"
1412,JUNE0525-B157,1617DC1ACCE6B50ED2D1359582A70A8B8503C569623EE90C18C6B33542796207,Tester/logs/20261010.log,3018386,2026-06-01,15:30,B152PR,"PM	0	18:16:55.754	Core 04	2026.06.01 15:30:01   [SRJ-IND] B152PR sym=USDJPY bar=2026.06.01 15:25 z1=212,B,157.028,157.060,2026.05.11 19:20,1,2026.05.12 00:00,157.152,157.050"
1413,JUNE0525-B157,1617DC1ACCE6B50ED2D1359582A70A8B8503C569623EE90C18C6B33542796207,Tester/logs/20261010.log,3018387,2026-06-01,15:30,B152PR,"PG	0	18:16:55.754	Core 04	2026.06.01 15:30:01   [SRJ-IND] B152PR sym=USDJPY bar=2026.06.01 15:25 z1=256,B,157.172,157.178,2026.05.12 01:25,1,2026.05.12 08:55,157.714,156.726"
1414,JUNE0525-B157,1617DC1ACCE6B50ED2D1359582A70A8B8503C569623EE90C18C6B33542796207,Tester/logs/20261010.log,3018388,2026-06-01,15:30,B152PR,"RH	0	18:16:55.754	Core 04	2026.06.01 15:30:01   [SRJ-IND] B152PR sym=USDJPY bar=2026.06.01 15:25 z1=261,B,157.184,157.192,2026.05.12 03:00,1,2026.05.12 08:55,157.714,156.726"
1415,JUNE0525-B157,1617DC1ACCE6B50ED2D1359582A70A8B8503C569623EE90C18C6B33542796207,Tester/logs/20261010.log,3018389,2026-06-01,15:30,B152PR,"FR	0	18:16:55.754	Core 04	2026.06.01 15:30:01   [SRJ-IND] B152PR sym=USDJPY bar=2026.06.01 15:25 z1=313,B,157.331,157.497,2026.05.12 10:00,1,2026.05.12 10:10,157.546,157.487"
1416,JUNE0525-B157,1617DC1ACCE6B50ED2D1359582A70A8B8503C569623EE90C18C6B33542796207,Tester/logs/20261010.log,3018390,2026-06-01,15:30,B152PR,"OD	0	18:16:55.754	Core 04	2026.06.01 15:30:01   [SRJ-IND] B152PR sym=USDJPY bar=2026.06.01 15:25 z1=414,B,157.517,157.589,2026.05.13 01:10,1,2026.05.13 01:20,157.607,157.587"
1417,JUNE0525-B157,1617DC1ACCE6B50ED2D1359582A70A8B8503C569623EE90C18C6B33542796207,Tester/logs/20261010.log,3018391,2026-06-01,15:30,B152PR,"DN	0	18:16:55.754	Core 04	2026.06.01 15:30:01   [SRJ-IND] B152PR sym=USDJPY bar=2026.06.01 15:25 z1=447,B,157.562,157.648,2026.05.13 06:20,1,2026.05.13 06:25,157.662,157.648"
1418,JUNE0525-B157,1617DC1ACCE6B50ED2D1359582A70A8B8503C569623EE90C18C6B33542796207,Tester/logs/20261010.log,3018392,2026-06-01,15:30,B152PR,"KP	0	18:16:55.754	Core 04	2026.06.01 15:30:01   [SRJ-IND] B152PR sym=USDJPY bar=2026.06.01 15:25 z1=449,B,157.599,157.654,2026.05.13 05:15,1,2026.05.13 05:45,157.687,157.652"
1419,JUNE0525-B157,1617DC1ACCE6B50ED2D1359582A70A8B8503C569623EE90C18C6B33542796207,Tester/logs/20261010.log,3018393,2026-06-01,15:30,B152PR,"FJ	0	18:16:55.754	Core 04	2026.06.01 15:30:01   [SRJ-IND] B152PR sym=USDJPY bar=2026.06.01 15:25 z1=460,B,157.645,157.660,2026.05.13 07:05,1,2026.05.14 00:25,157.812,157.650"
1420,JUNE0525-B157,1617DC1ACCE6B50ED2D1359582A70A8B8503C569623EE90C18C6B33542796207,Tester/logs/20261010.log,3018394,2026-06-01,15:30,B152PR,"FL	0	18:16:55.754	Core 04	2026.06.01 15:30:01   [SRJ-IND] B152PR sym=USDJPY bar=2026.06.01 15:25 z1=696,B,157.568,158.167,2026.05.14 18:05,1,2026.05.14 18:10,158.191,158.119"
1421,JUNE0525-B157,1617DC1ACCE6B50ED2D1359582A70A8B8503C569623EE90C18C6B33542796207,Tester/logs/20261010.log,3018395,2026-06-01,15:30,B152PR,"NF	0	18:16:55.754	Core 04	2026.06.01 15:30:01   [SRJ-IND] B152PR sym=USDJPY bar=2026.06.01 15:25 z1=714,B,158.107,158.142,2026.05.14 19:30,1,2026.05.14 20:00,158.169,158.142"
1422,JUNE0525-B157,1617DC1ACCE6B50ED2D1359582A70A8B8503C569623EE90C18C6B33542796207,Tester/logs/20261010.log,3018396,2026-06-01,15:30,B152PR,"GH	0	18:16:55.754	Core 04	2026.06.01 15:30:01   [SRJ-IND] B152PR sym=USDJPY bar=2026.06.01 15:25 z1=1405,B,158.735,158.769,2026.05.20 19:00,1,2026.05.20 19:05,158.816,158.753"
1423,JUNE0525-B157,1617DC1ACCE6B50ED2D1359582A70A8B8503C569623EE90C18C6B33542796207,Tester/logs/20261010.log,3018397,2026-06-01,15:30,B152PR,"MN	0	18:16:55.754	Core 04	2026.06.01 15:30:01   [SRJ-IND] B152PR sym=USDJPY bar=2026.06.01 15:25 z1=1779,B,158.756,158.800,2026.05.25 06:45,1,2026.05.26 00:00,158.887,158.784"
1424,JUNE0525-B157,1617DC1ACCE6B50ED2D1359582A70A8B8503C569623EE90C18C6B33542796207,Tester/logs/20261010.log,3018398,2026-06-01,15:30,B152PR,"PD	0	18:16:55.754	Core 04	2026.06.01 15:30:01   [SRJ-IND] B152PR sym=USDJPY bar=2026.06.01 15:25 z1=1780,B,158.789,158.814,2026.05.25 04:50,1,2026.05.26 00:00,158.887,158.784"
1425,JUNE0525-B157,1617DC1ACCE6B50ED2D1359582A70A8B8503C569623EE90C18C6B33542796207,Tester/logs/20261010.log,3018399,2026-06-01,15:30,B152PR,"IJ	0	18:16:55.754	Core 04	2026.06.01 15:30:01   [SRJ-IND] B152PR sym=USDJPY bar=2026.06.01 15:25 z1=1949,B,158.916,158.934,2026.05.26 07:25,1,2026.05.26 07:30,158.942,158.934"
1426,JUNE0525-B157,1617DC1ACCE6B50ED2D1359582A70A8B8503C569623EE90C18C6B33542796207,Tester/logs/20261010.log,3018400,2026-06-01,15:30,B152PR,"LQ	0	18:16:55.754	Core 04	2026.06.01 15:30:01   [SRJ-IND] B152PR sym=USDJPY bar=2026.06.01 15:25 z1=2271,S,159.524,159.574,2026.05.28 09:40,1,2026.05.28 11:25,159.524,159.488"
1427,JUNE0525-B157,1617DC1ACCE6B50ED2D1359582A70A8B8503C569623EE90C18C6B33542796207,Tester/logs/20261010.log,3018401,2026-06-01,15:30,B152PR,"IG	0	18:16:55.754	Core 04	2026.06.01 15:30:01   [SRJ-IND] B152PR sym=USDJPY bar=2026.06.01 15:25 z1=2277,S,159.551,159.575,2026.05.28 08:40,1,2026.05.28 08:50,159.556,159.541"
1428,JUNE0525-B157,1617DC1ACCE6B50ED2D1359582A70A8B8503C569623EE90C18C6B33542796207,Tester/logs/20261010.log,3018402,2026-06-01,15:30,B152PR,"FM	0	18:16:55.754	Core 04	2026.06.01 15:30:01   [SRJ-IND] B152PR sym=USDJPY bar=2026.06.01 15:25 z1=2299,S,159.488,159.524,2026.05.28 11:45,1,2026.05.28 17:00,159.491,159.448"
1429,JUNE0525-B157,1617DC1ACCE6B50ED2D1359582A70A8B8503C569623EE90C18C6B33542796207,Tester/logs/20261010.log,3018403,2026-06-01,15:30,B152PR,"PR	0	18:16:55.754	Core 04	2026.06.01 15:30:01   [SRJ-IND] B152PR sym=USDJPY bar=2026.06.01 15:25 z1=2509,B,159.134,159.195,2026.05.29 19:10,1,2026.05.29 19:35,159.215,159.186"
1430,JUNE0525-B157,1617DC1ACCE6B50ED2D1359582A70A8B8503C569623EE90C18C6B33542796207,Tester/logs/20261010.log,3018404,2026-06-01,15:30,B152PR,"KI	0	18:16:55.754	Core 04	2026.06.01 15:30:01   [SRJ-IND] B152PR sym=USDJPY bar=2026.06.01 15:25 z1=2585,S,159.485,159.494,2026.06.01 06:00,1,2026.06.01 09:15,159.486,159.466"
1431,JUNE0525-B157,1617DC1ACCE6B50ED2D1359582A70A8B8503C569623EE90C18C6B33542796207,Tester/logs/20261010.log,3018405,2026-06-01,15:30,B152PR,"ML	0	18:16:55.754	Core 04	2026.06.01 15:30:01   [SRJ-IND] B152PR sym=USDJPY bar=2026.06.01 15:25 bull=1 bear=1 nz=21"
1432,JUNE0525-B157,1617DC1ACCE6B50ED2D1359582A70A8B8503C569623EE90C18C6B33542796207,Tester/logs/20261010.log,3018413,2026-06-01,15:30,FRESHSKIP,"EL	0	18:16:55.754	Core 04	2026.06.01 15:30:01   [SRJ-EA] FRESHSKIP bar=2026.06.01 15:25 dir=LONG state=S3_ZONE_WAIT poi=Monthly-POC reason=PRE_BINDING"
1433,JUNE0525-B157,1617DC1ACCE6B50ED2D1359582A70A8B8503C569623EE90C18C6B33542796207,Tester/logs/20261010.log,3018547,2026-06-01,15:30,CONFIRMPOLL,"QS	0	18:16:55.754	Core 04	2026.06.01 15:30:01   [SRJ-EA] CONFIRMPOLL bar=2026.06.01 15:25 anchor=Monthly-POC dir=LONG oppCandle=1 bodyDir=0 body=11pts doji=0 touchAttr=0 confirm=0 shadow=true"
1434,JUNE0525-B157,1617DC1ACCE6B50ED2D1359582A70A8B8503C569623EE90C18C6B33542796207,Tester/logs/20261010.log,3018551,2026-06-01,15:30,ABORT,"GJ	0	18:16:55.754	Core 04	2026.06.01 15:30:01   [SRJ-EA] 2026.06.01 15:30:01 ABORT reason=LTF_MISALIGN state=S3_ZONE_WAIT poi=Monthly-POC dir=LONG"
1435,JUNE0525-B157,1617DC1ACCE6B50ED2D1359582A70A8B8503C569623EE90C18C6B33542796207,Tester/logs/20261010.log,3018552,2026-06-01,15:30,A6REFUSED,"LI	0	18:16:55.754	Core 04	2026.06.01 15:30:01   [SRJ-EA] A6REFUSED class=ABSENT_DECLINED bar=2026.06.01 15:30 state=S3_ZONE_WAIT dir=LONG predicate=LTF_MISALIGN"
1436,JUNE0525-B157,1617DC1ACCE6B50ED2D1359582A70A8B8503C569623EE90C18C6B33542796207,Tester/logs/20261010.log,3018553,2026-06-01,15:30,STATE,"GD	0	18:16:55.754	Core 04	2026.06.01 15:30:01   [SRJ-EA] 2026.06.01 15:30:01 STATE S3_ZONE_WAIT->ABORT dir=LONG poi=Monthly-POC"
1437,JUNE0525-B157,1617DC1ACCE6B50ED2D1359582A70A8B8503C569623EE90C18C6B33542796207,Tester/logs/20261010.log,3018555,2026-06-01,15:30,B60POT,"FO	0	18:16:55.754	Core 04	2026.06.01 15:30:01   [SRJ-EA] B60POT bar=2026.06.01 15:25 dir=LONG poi=Monthly-POC ltf=-1.0 - fresh retest kept as potential despite 5m read ([B-61 C1])"
1438,JUNE0525-B157,1617DC1ACCE6B50ED2D1359582A70A8B8503C569623EE90C18C6B33542796207,Tester/logs/20261010.log,3018556,2026-06-01,15:30,STATE,"LE	0	18:16:55.754	Core 04	2026.06.01 15:30:01   [SRJ-EA] 2026.06.01 15:30:01 STATE ABORT->S1_REGIME dir=LONG poi=Monthly-POC"
1439,JUNE0525-B157,1617DC1ACCE6B50ED2D1359582A70A8B8503C569623EE90C18C6B33542796207,Tester/logs/20261010.log,3018559,2026-06-01,15:35,B152PR,"QK	0	18:16:55.754	Core 04	2026.06.01 15:35:03   [SRJ-IND] B152PR sym=USDJPY bar=2026.06.01 15:30 z1=65,B,156.672,156.773,2026.05.11 04:10,1,2026.05.12 08:55,157.714,156.726"
1440,JUNE0525-B157,1617DC1ACCE6B50ED2D1359582A70A8B8503C569623EE90C18C6B33542796207,Tester/logs/20261010.log,3018560,2026-06-01,15:35,B152PR,"IQ	0	18:16:55.754	Core 04	2026.06.01 15:35:03   [SRJ-IND] B152PR sym=USDJPY bar=2026.06.01 15:30 z1=78,B,156.578,156.584,2026.05.11 00:35,1,2026.05.11 00:40,156.644,156.537"
1441,JUNE0525-B157,1617DC1ACCE6B50ED2D1359582A70A8B8503C569623EE90C18C6B33542796207,Tester/logs/20261010.log,3018561,2026-06-01,15:35,B152PR,"OD	0	18:16:55.754	Core 04	2026.06.01 15:35:03   [SRJ-IND] B152PR sym=USDJPY bar=2026.06.01 15:30 z1=212,B,157.028,157.060,2026.05.11 19:20,1,2026.05.12 00:00,157.152,157.050"
1442,JUNE0525-B157,1617DC1ACCE6B50ED2D1359582A70A8B8503C569623EE90C18C6B33542796207,Tester/logs/20261010.log,3018562,2026-06-01,15:35,B152PR,"CI	0	18:16:55.754	Core 04	2026.06.01 15:35:03   [SRJ-IND] B152PR sym=USDJPY bar=2026.06.01 15:30 z1=256,B,157.172,157.178,2026.05.12 01:25,1,2026.05.12 08:55,157.714,156.726"
1443,JUNE0525-B157,1617DC1ACCE6B50ED2D1359582A70A8B8503C569623EE90C18C6B33542796207,Tester/logs/20261010.log,3018563,2026-06-01,15:35,B152PR,"QS	0	18:16:55.754	Core 04	2026.06.01 15:35:03   [SRJ-IND] B152PR sym=USDJPY bar=2026.06.01 15:30 z1=261,B,157.184,157.192,2026.05.12 03:00,1,2026.05.12 08:55,157.714,156.726"
1444,JUNE0525-B157,1617DC1ACCE6B50ED2D1359582A70A8B8503C569623EE90C18C6B33542796207,Tester/logs/20261010.log,3018564,2026-06-01,15:35,B152PR,"IE	0	18:16:55.754	Core 04	2026.06.01 15:35:03   [SRJ-IND] B152PR sym=USDJPY bar=2026.06.01 15:30 z1=313,B,157.331,157.497,2026.05.12 10:00,1,2026.05.12 10:10,157.546,157.487"
1445,JUNE0525-B157,1617DC1ACCE6B50ED2D1359582A70A8B8503C569623EE90C18C6B33542796207,Tester/logs/20261010.log,3018565,2026-06-01,15:35,B152PR,"PO	0	18:16:55.754	Core 04	2026.06.01 15:35:03   [SRJ-IND] B152PR sym=USDJPY bar=2026.06.01 15:30 z1=414,B,157.517,157.589,2026.05.13 01:10,1,2026.05.13 01:20,157.607,157.587"
1446,JUNE0525-B157,1617DC1ACCE6B50ED2D1359582A70A8B8503C569623EE90C18C6B33542796207,Tester/logs/20261010.log,3018566,2026-06-01,15:35,B152PR,"OQ	0	18:16:55.754	Core 04	2026.06.01 15:35:03   [SRJ-IND] B152PR sym=USDJPY bar=2026.06.01 15:30 z1=447,B,157.562,157.648,2026.05.13 06:20,1,2026.05.13 06:25,157.662,157.648"
1447,JUNE0525-B157,1617DC1ACCE6B50ED2D1359582A70A8B8503C569623EE90C18C6B33542796207,Tester/logs/20261010.log,3018567,2026-06-01,15:35,B152PR,"LK	0	18:16:55.754	Core 04	2026.06.01 15:35:03   [SRJ-IND] B152PR sym=USDJPY bar=2026.06.01 15:30 z1=449,B,157.599,157.654,2026.05.13 05:15,1,2026.05.13 05:45,157.687,157.652"
1448,JUNE0525-B157,1617DC1ACCE6B50ED2D1359582A70A8B8503C569623EE90C18C6B33542796207,Tester/logs/20261010.log,3018568,2026-06-01,15:35,B152PR,"IM	0	18:16:55.754	Core 04	2026.06.01 15:35:03   [SRJ-IND] B152PR sym=USDJPY bar=2026.06.01 15:30 z1=460,B,157.645,157.660,2026.05.13 07:05,1,2026.05.14 00:25,157.812,157.650"
1449,JUNE0525-B157,1617DC1ACCE6B50ED2D1359582A70A8B8503C569623EE90C18C6B33542796207,Tester/logs/20261010.log,3018569,2026-06-01,15:35,B152PR,"EG	0	18:16:55.754	Core 04	2026.06.01 15:35:03   [SRJ-IND] B152PR sym=USDJPY bar=2026.06.01 15:30 z1=696,B,157.568,158.167,2026.05.14 18:05,1,2026.05.14 18:10,158.191,158.119"
1450,JUNE0525-B157,1617DC1ACCE6B50ED2D1359582A70A8B8503C569623EE90C18C6B33542796207,Tester/logs/20261010.log,3018570,2026-06-01,15:35,B152PR,"IH	0	18:16:55.754	Core 04	2026.06.01 15:35:03   [SRJ-IND] B152PR sym=USDJPY bar=2026.06.01 15:30 z1=714,B,158.107,158.142,2026.05.14 19:30,1,2026.05.14 20:00,158.169,158.142"
1451,JUNE0525-B157,1617DC1ACCE6B50ED2D1359582A70A8B8503C569623EE90C18C6B33542796207,Tester/logs/20261010.log,3018571,2026-06-01,15:35,B152PR,"HQ	0	18:16:55.754	Core 04	2026.06.01 15:35:03   [SRJ-IND] B152PR sym=USDJPY bar=2026.06.01 15:30 z1=1405,B,158.735,158.769,2026.05.20 19:00,1,2026.05.20 19:05,158.816,158.753"
1452,JUNE0525-B157,1617DC1ACCE6B50ED2D1359582A70A8B8503C569623EE90C18C6B33542796207,Tester/logs/20261010.log,3018572,2026-06-01,15:35,B152PR,"NG	0	18:16:55.754	Core 04	2026.06.01 15:35:03   [SRJ-IND] B152PR sym=USDJPY bar=2026.06.01 15:30 z1=1779,B,158.756,158.800,2026.05.25 06:45,1,2026.05.26 00:00,158.887,158.784"
1453,JUNE0525-B157,1617DC1ACCE6B50ED2D1359582A70A8B8503C569623EE90C18C6B33542796207,Tester/logs/20261010.log,3018573,2026-06-01,15:35,B152PR,"OM	0	18:16:55.754	Core 04	2026.06.01 15:35:03   [SRJ-IND] B152PR sym=USDJPY bar=2026.06.01 15:30 z1=1780,B,158.789,158.814,2026.05.25 04:50,1,2026.05.26 00:00,158.887,158.784"
1454,JUNE0525-B157,1617DC1ACCE6B50ED2D1359582A70A8B8503C569623EE90C18C6B33542796207,Tester/logs/20261010.log,3018574,2026-06-01,15:35,B152PR,"JS	0	18:16:55.754	Core 04	2026.06.01 15:35:03   [SRJ-IND] B152PR sym=USDJPY bar=2026.06.01 15:30 z1=1949,B,158.916,158.934,2026.05.26 07:25,1,2026.05.26 07:30,158.942,158.934"
1455,JUNE0525-B157,1617DC1ACCE6B50ED2D1359582A70A8B8503C569623EE90C18C6B33542796207,Tester/logs/20261010.log,3018575,2026-06-01,15:35,B152PR,"KH	0	18:16:55.754	Core 04	2026.06.01 15:35:03   [SRJ-IND] B152PR sym=USDJPY bar=2026.06.01 15:30 z1=2271,S,159.524,159.574,2026.05.28 09:40,1,2026.05.28 11:25,159.524,159.488"
1456,JUNE0525-B157,1617DC1ACCE6B50ED2D1359582A70A8B8503C569623EE90C18C6B33542796207,Tester/logs/20261010.log,3018576,2026-06-01,15:35,B152PR,"JN	0	18:16:55.754	Core 04	2026.06.01 15:35:03   [SRJ-IND] B152PR sym=USDJPY bar=2026.06.01 15:30 z1=2277,S,159.551,159.575,2026.05.28 08:40,1,2026.05.28 08:50,159.556,159.541"
1457,JUNE0525-B157,1617DC1ACCE6B50ED2D1359582A70A8B8503C569623EE90C18C6B33542796207,Tester/logs/20261010.log,3018577,2026-06-01,15:35,B152PR,"ED	0	18:16:55.754	Core 04	2026.06.01 15:35:03   [SRJ-IND] B152PR sym=USDJPY bar=2026.06.01 15:30 z1=2299,S,159.488,159.524,2026.05.28 11:45,1,2026.05.28 17:00,159.491,159.448"
1458,JUNE0525-B157,1617DC1ACCE6B50ED2D1359582A70A8B8503C569623EE90C18C6B33542796207,Tester/logs/20261010.log,3018578,2026-06-01,15:35,B152PR,"OK	0	18:16:55.754	Core 04	2026.06.01 15:35:03   [SRJ-IND] B152PR sym=USDJPY bar=2026.06.01 15:30 z1=2509,B,159.134,159.195,2026.05.29 19:10,1,2026.05.29 19:35,159.215,159.186"
1459,JUNE0525-B157,1617DC1ACCE6B50ED2D1359582A70A8B8503C569623EE90C18C6B33542796207,Tester/logs/20261010.log,3018579,2026-06-01,15:35,B152PR,"LP	0	18:16:55.754	Core 04	2026.06.01 15:35:03   [SRJ-IND] B152PR sym=USDJPY bar=2026.06.01 15:30 z1=2585,S,159.485,159.494,2026.06.01 06:00,1,2026.06.01 09:15,159.486,159.466"
1460,JUNE0525-B157,1617DC1ACCE6B50ED2D1359582A70A8B8503C569623EE90C18C6B33542796207,Tester/logs/20261010.log,3018580,2026-06-01,15:35,B152PR,"NE	0	18:16:55.754	Core 04	2026.06.01 15:35:03   [SRJ-IND] B152PR sym=USDJPY bar=2026.06.01 15:30 bull=1 bear=1 nz=21"
1461,JUNE0525-B157,1617DC1ACCE6B50ED2D1359582A70A8B8503C569623EE90C18C6B33542796207,Tester/logs/20261010.log,3018586,2026-06-01,15:35,CONFIRMPOLL,"JS	0	18:16:55.754	Core 04	2026.06.01 15:35:03   [SRJ-EA] CONFIRMPOLL bar=2026.06.01 15:30 anchor=Monthly-POC dir=LONG oppCandle=1 bodyDir=0 body=5pts doji=0 touchAttr=1 confirm=0 shadow=true"
1462,JUNE0525-B157,1617DC1ACCE6B50ED2D1359582A70A8B8503C569623EE90C18C6B33542796207,Tester/logs/20261010.log,3018588,2026-06-01,15:35,STATE,"JK	0	18:16:55.754	Core 04	2026.06.01 15:35:03   [SRJ-EA] 2026.06.01 15:35:03 STATE S1_REGIME->S2_LTF_ALIGN dir=LONG poi=Monthly-POC"
1463,JUNE0525-B157,1617DC1ACCE6B50ED2D1359582A70A8B8503C569623EE90C18C6B33542796207,Tester/logs/20261010.log,3018591,2026-06-01,15:35,STATE,"CQ	0	18:16:55.754	Core 04	2026.06.01 15:35:03   [SRJ-EA] 2026.06.01 15:35:03 STATE S2_LTF_ALIGN->S3_ZONE_WAIT dir=LONG poi=Monthly-POC"
1464,JUNE0525-B157,1617DC1ACCE6B50ED2D1359582A70A8B8503C569623EE90C18C6B33542796207,Tester/logs/20261010.log,3018594,2026-06-01,15:35,XOBPROMO,"MJ	0	18:16:55.754	Core 04	2026.06.01 15:35:03   [SRJ-EA] XOBPROMO bar=2026.06.01 15:30 site=S3PICK xobId=2585 raw=1780293600.0 promoT=2026.06.01 06:00"
1465,JUNE0525-B157,1617DC1ACCE6B50ED2D1359582A70A8B8503C569623EE90C18C6B33542796207,Tester/logs/20261010.log,3018595,2026-06-01,15:35,ZONEPICK,"QM	0	18:16:55.754	Core 04	2026.06.01 15:35:03   [SRJ-EA] ZONEPICK bar=2026.06.01 15:30 dir=LONG haveFvg=0 fvgInPlay=0 haveXob=1 xobInPlay=0 downgraded=0 fvg=--- xob=159.485-159.494"
1466,JUNE0525-B157,1617DC1ACCE6B50ED2D1359582A70A8B8503C569623EE90C18C6B33542796207,Tester/logs/20261010.log,3018611,2026-06-01,15:35,INPLAYCOMMIT,"FE	0	18:16:55.754	Core 04	2026.06.01 15:35:03   [SRJ-EA] INPLAYCOMMIT bar=2026.06.01 15:30 dir=LONG zoneSrc=XOB zoneLo=159.485 zoneHi=159.494 promoT=2026.06.01 06:00 applied=1 bounded=1 scanned=18 swings=3 hits=0 firstShift=-1 firstVal=- commitVia=none legacy=0 legacyVia=none committed=0 changed=0 haveStop=1"
1467,JUNE0525-B157,1617DC1ACCE6B50ED2D1359582A70A8B8503C569623EE90C18C6B33542796207,Tester/logs/20261010.log,3018618,2026-06-01,15:40,B152PR,"EI	0	18:16:55.754	Core 04	2026.06.01 15:40:00   [SRJ-IND] B152PR sym=USDJPY bar=2026.06.01 15:35 z1=65,B,156.672,156.773,2026.05.11 04:10,1,2026.05.12 08:55,157.714,156.726"
1468,JUNE0525-B157,1617DC1ACCE6B50ED2D1359582A70A8B8503C569623EE90C18C6B33542796207,Tester/logs/20261010.log,3018619,2026-06-01,15:40,B152PR,"ML	0	18:16:55.754	Core 04	2026.06.01 15:40:00   [SRJ-IND] B152PR sym=USDJPY bar=2026.06.01 15:35 z1=78,B,156.578,156.584,2026.05.11 00:35,1,2026.05.11 00:40,156.644,156.537"
1469,JUNE0525-B157,1617DC1ACCE6B50ED2D1359582A70A8B8503C569623EE90C18C6B33542796207,Tester/logs/20261010.log,3018620,2026-06-01,15:40,B152PR,"CQ	0	18:16:55.754	Core 04	2026.06.01 15:40:00   [SRJ-IND] B152PR sym=USDJPY bar=2026.06.01 15:35 z1=212,B,157.028,157.060,2026.05.11 19:20,1,2026.05.12 00:00,157.152,157.050"
1470,JUNE0525-B157,1617DC1ACCE6B50ED2D1359582A70A8B8503C569623EE90C18C6B33542796207,Tester/logs/20261010.log,3018621,2026-06-01,15:40,B152PR,"OK	0	18:16:55.754	Core 04	2026.06.01 15:40:00   [SRJ-IND] B152PR sym=USDJPY bar=2026.06.01 15:35 z1=256,B,157.172,157.178,2026.05.12 01:25,1,2026.05.12 08:55,157.714,156.726"
1471,JUNE0525-B157,1617DC1ACCE6B50ED2D1359582A70A8B8503C569623EE90C18C6B33542796207,Tester/logs/20261010.log,3018622,2026-06-01,15:40,B152PR,"EM	0	18:16:55.754	Core 04	2026.06.01 15:40:00   [SRJ-IND] B152PR sym=USDJPY bar=2026.06.01 15:35 z1=261,B,157.184,157.192,2026.05.12 03:00,1,2026.05.12 08:55,157.714,156.726"
1472,JUNE0525-B157,1617DC1ACCE6B50ED2D1359582A70A8B8503C569623EE90C18C6B33542796207,Tester/logs/20261010.log,3018623,2026-06-01,15:40,B152PR,"MG	0	18:16:55.754	Core 04	2026.06.01 15:40:00   [SRJ-IND] B152PR sym=USDJPY bar=2026.06.01 15:35 z1=313,B,157.331,157.497,2026.05.12 10:00,1,2026.05.12 10:10,157.546,157.487"
1473,JUNE0525-B157,1617DC1ACCE6B50ED2D1359582A70A8B8503C569623EE90C18C6B33542796207,Tester/logs/20261010.log,3018624,2026-06-01,15:40,B152PR,"DI	0	18:16:55.754	Core 04	2026.06.01 15:40:00   [SRJ-IND] B152PR sym=USDJPY bar=2026.06.01 15:35 z1=414,B,157.517,157.589,2026.05.13 01:10,1,2026.05.13 01:20,157.607,157.587"
1474,JUNE0525-B157,1617DC1ACCE6B50ED2D1359582A70A8B8503C569623EE90C18C6B33542796207,Tester/logs/20261010.log,3018625,2026-06-01,15:40,B152PR,"CR	0	18:16:55.754	Core 04	2026.06.01 15:40:00   [SRJ-IND] B152PR sym=USDJPY bar=2026.06.01 15:35 z1=447,B,157.562,157.648,2026.05.13 06:20,1,2026.05.13 06:25,157.662,157.648"
1475,JUNE0525-B157,1617DC1ACCE6B50ED2D1359582A70A8B8503C569623EE90C18C6B33542796207,Tester/logs/20261010.log,3018626,2026-06-01,15:40,B152PR,"HD	0	18:16:55.754	Core 04	2026.06.01 15:40:00   [SRJ-IND] B152PR sym=USDJPY bar=2026.06.01 15:35 z1=449,B,157.599,157.654,2026.05.13 05:15,1,2026.05.13 05:45,157.687,157.652"
1476,JUNE0525-B157,1617DC1ACCE6B50ED2D1359582A70A8B8503C569623EE90C18C6B33542796207,Tester/logs/20261010.log,3018627,2026-06-01,15:40,B152PR,"MN	0	18:16:55.754	Core 04	2026.06.01 15:40:00   [SRJ-IND] B152PR sym=USDJPY bar=2026.06.01 15:35 z1=460,B,157.645,157.660,2026.05.13 07:05,1,2026.05.14 00:25,157.812,157.650"
1477,JUNE0525-B157,1617DC1ACCE6B50ED2D1359582A70A8B8503C569623EE90C18C6B33542796207,Tester/logs/20261010.log,3018628,2026-06-01,15:40,B152PR,"QP	0	18:16:55.754	Core 04	2026.06.01 15:40:00   [SRJ-IND] B152PR sym=USDJPY bar=2026.06.01 15:35 z1=696,B,157.568,158.167,2026.05.14 18:05,1,2026.05.14 18:10,158.191,158.119"
1478,JUNE0525-B157,1617DC1ACCE6B50ED2D1359582A70A8B8503C569623EE90C18C6B33542796207,Tester/logs/20261010.log,3018629,2026-06-01,15:40,B152PR,"MJ	0	18:16:55.754	Core 04	2026.06.01 15:40:00   [SRJ-IND] B152PR sym=USDJPY bar=2026.06.01 15:35 z1=714,B,158.107,158.142,2026.05.14 19:30,1,2026.05.14 20:00,158.169,158.142"
1479,JUNE0525-B157,1617DC1ACCE6B50ED2D1359582A70A8B8503C569623EE90C18C6B33542796207,Tester/logs/20261010.log,3018630,2026-06-01,15:40,B152PR,"LO	0	18:16:55.754	Core 04	2026.06.01 15:40:00   [SRJ-IND] B152PR sym=USDJPY bar=2026.06.01 15:35 z1=1405,B,158.735,158.769,2026.05.20 19:00,1,2026.05.20 19:05,158.816,158.753"
1480,JUNE0525-B157,1617DC1ACCE6B50ED2D1359582A70A8B8503C569623EE90C18C6B33542796207,Tester/logs/20261010.log,3018631,2026-06-01,15:40,B152PR,"JE	0	18:16:55.754	Core 04	2026.06.01 15:40:00   [SRJ-IND] B152PR sym=USDJPY bar=2026.06.01 15:35 z1=1779,B,158.756,158.800,2026.05.25 06:45,1,2026.05.26 00:00,158.887,158.784"
1481,JUNE0525-B157,1617DC1ACCE6B50ED2D1359582A70A8B8503C569623EE90C18C6B33542796207,Tester/logs/20261010.log,3018632,2026-06-01,15:40,B152PR,"CK	0	18:16:55.754	Core 04	2026.06.01 15:40:00   [SRJ-IND] B152PR sym=USDJPY bar=2026.06.01 15:35 z1=1780,B,158.789,158.814,2026.05.25 04:50,1,2026.05.26 00:00,158.887,158.784"
1482,JUNE0525-B157,1617DC1ACCE6B50ED2D1359582A70A8B8503C569623EE90C18C6B33542796207,Tester/logs/20261010.log,3018633,2026-06-01,15:40,B152PR,"NQ	0	18:16:55.754	Core 04	2026.06.01 15:40:00   [SRJ-IND] B152PR sym=USDJPY bar=2026.06.01 15:35 z1=1949,B,158.916,158.934,2026.05.26 07:25,1,2026.05.26 07:30,158.942,158.934"
1483,JUNE0525-B157,1617DC1ACCE6B50ED2D1359582A70A8B8503C569623EE90C18C6B33542796207,Tester/logs/20261010.log,3018634,2026-06-01,15:40,B152PR,"GF	0	18:16:55.754	Core 04	2026.06.01 15:40:00   [SRJ-IND] B152PR sym=USDJPY bar=2026.06.01 15:35 z1=2271,S,159.524,159.574,2026.05.28 09:40,1,2026.05.28 11:25,159.524,159.488"
1484,JUNE0525-B157,1617DC1ACCE6B50ED2D1359582A70A8B8503C569623EE90C18C6B33542796207,Tester/logs/20261010.log,3018635,2026-06-01,15:40,B152PR,"NL	0	18:16:55.754	Core 04	2026.06.01 15:40:00   [SRJ-IND] B152PR sym=USDJPY bar=2026.06.01 15:35 z1=2277,S,159.551,159.575,2026.05.28 08:40,1,2026.05.28 08:50,159.556,159.541"
1485,JUNE0525-B157,1617DC1ACCE6B50ED2D1359582A70A8B8503C569623EE90C18C6B33542796207,Tester/logs/20261010.log,3018636,2026-06-01,15:40,B152PR,"QR	0	18:16:55.754	Core 04	2026.06.01 15:40:00   [SRJ-IND] B152PR sym=USDJPY bar=2026.06.01 15:35 z1=2299,S,159.488,159.524,2026.05.28 11:45,1,2026.05.28 17:00,159.491,159.448"
1486,JUNE0525-B157,1617DC1ACCE6B50ED2D1359582A70A8B8503C569623EE90C18C6B33542796207,Tester/logs/20261010.log,3018637,2026-06-01,15:40,B152PR,"CI	0	18:16:55.754	Core 04	2026.06.01 15:40:00   [SRJ-IND] B152PR sym=USDJPY bar=2026.06.01 15:35 z1=2509,B,159.134,159.195,2026.05.29 19:10,1,2026.05.29 19:35,159.215,159.186"
1487,JUNE0525-B157,1617DC1ACCE6B50ED2D1359582A70A8B8503C569623EE90C18C6B33542796207,Tester/logs/20261010.log,3018638,2026-06-01,15:40,B152PR,"HN	0	18:16:55.754	Core 04	2026.06.01 15:40:00   [SRJ-IND] B152PR sym=USDJPY bar=2026.06.01 15:35 z1=2585,S,159.485,159.494,2026.06.01 06:00,1,2026.06.01 09:15,159.486,159.466"
1488,JUNE0525-B157,1617DC1ACCE6B50ED2D1359582A70A8B8503C569623EE90C18C6B33542796207,Tester/logs/20261010.log,3018639,2026-06-01,15:40,B152PR,"JG	0	18:16:55.754	Core 04	2026.06.01 15:40:00   [SRJ-IND] B152PR sym=USDJPY bar=2026.06.01 15:35 bull=1 bear=1 nz=21"
1489,JUNE0525-B157,1617DC1ACCE6B50ED2D1359582A70A8B8503C569623EE90C18C6B33542796207,Tester/logs/20261010.log,3018646,2026-06-01,15:40,FRESHSKIP,"RH	0	18:16:55.754	Core 04	2026.06.01 15:40:00   [SRJ-EA] FRESHSKIP bar=2026.06.01 15:35 dir=LONG state=S3_ZONE_WAIT poi=Monthly-POC reason=PRE_BINDING"
1490,JUNE0525-B157,1617DC1ACCE6B50ED2D1359582A70A8B8503C569623EE90C18C6B33542796207,Tester/logs/20261010.log,3018781,2026-06-01,15:40,CONFIRMPOLL,"QS	0	18:16:55.754	Core 04	2026.06.01 15:40:00   [SRJ-EA] CONFIRMPOLL bar=2026.06.01 15:35 anchor=Monthly-POC dir=LONG oppCandle=1 bodyDir=1 body=2pts doji=0 touchAttr=1 confirm=1 shadow=true"
1491,JUNE0525-B157,1617DC1ACCE6B50ED2D1359582A70A8B8503C569623EE90C18C6B33542796207,Tester/logs/20261010.log,3018785,2026-06-01,15:40,ABORT,"GK	0	18:16:55.754	Core 04	2026.06.01 15:40:00   [SRJ-EA] 2026.06.01 15:40:00 ABORT reason=LTF_MISALIGN state=S3_ZONE_WAIT poi=Monthly-POC dir=LONG"
1492,JUNE0525-B157,1617DC1ACCE6B50ED2D1359582A70A8B8503C569623EE90C18C6B33542796207,Tester/logs/20261010.log,3018786,2026-06-01,15:40,A6REFUSED,"KH	0	18:16:55.754	Core 04	2026.06.01 15:40:00   [SRJ-EA] A6REFUSED class=ABSENT_DECLINED bar=2026.06.01 15:40 state=S3_ZONE_WAIT dir=LONG predicate=LTF_MISALIGN"
1493,JUNE0525-B157,1617DC1ACCE6B50ED2D1359582A70A8B8503C569623EE90C18C6B33542796207,Tester/logs/20261010.log,3018787,2026-06-01,15:40,STATE,"GE	0	18:16:55.754	Core 04	2026.06.01 15:40:00   [SRJ-EA] 2026.06.01 15:40:00 STATE S3_ZONE_WAIT->ABORT dir=LONG poi=Monthly-POC"
1494,JUNE0525-B157,1617DC1ACCE6B50ED2D1359582A70A8B8503C569623EE90C18C6B33542796207,Tester/logs/20261010.log,3018789,2026-06-01,15:40,B60POT,"EL	0	18:16:55.754	Core 04	2026.06.01 15:40:00   [SRJ-EA] B60POT bar=2026.06.01 15:35 dir=SHORT poi=Monthly-POC ltf=-1.0 - fresh retest kept as potential despite 5m read ([B-61 C1])"
1495,JUNE0525-B157,1617DC1ACCE6B50ED2D1359582A70A8B8503C569623EE90C18C6B33542796207,Tester/logs/20261010.log,3018790,2026-06-01,15:40,STATE,"HI	0	18:16:55.754	Core 04	2026.06.01 15:40:00   [SRJ-EA] 2026.06.01 15:40:00 STATE ABORT->S1_REGIME dir=SHORT poi=Monthly-POC"
1496,JUNE0525-B157,1617DC1ACCE6B50ED2D1359582A70A8B8503C569623EE90C18C6B33542796207,Tester/logs/20261010.log,3018793,2026-06-01,15:45,B152PR,"RM	0	18:16:55.754	Core 04	2026.06.01 15:45:00   [SRJ-IND] B152PR sym=USDJPY bar=2026.06.01 15:40 z1=65,B,156.672,156.773,2026.05.11 04:10,1,2026.05.12 08:55,157.714,156.726"
1497,JUNE0525-B157,1617DC1ACCE6B50ED2D1359582A70A8B8503C569623EE90C18C6B33542796207,Tester/logs/20261010.log,3018794,2026-06-01,15:45,B152PR,"JS	0	18:16:55.754	Core 04	2026.06.01 15:45:00   [SRJ-IND] B152PR sym=USDJPY bar=2026.06.01 15:40 z1=78,B,156.578,156.584,2026.05.11 00:35,1,2026.05.11 00:40,156.644,156.537"
1498,JUNE0525-B157,1617DC1ACCE6B50ED2D1359582A70A8B8503C569623EE90C18C6B33542796207,Tester/logs/20261010.log,3018795,2026-06-01,15:45,B152PR,"PJ	0	18:16:55.754	Core 04	2026.06.01 15:45:00   [SRJ-IND] B152PR sym=USDJPY bar=2026.06.01 15:40 z1=212,B,157.028,157.060,2026.05.11 19:20,1,2026.05.12 00:00,157.152,157.050"
1499,JUNE0525-B157,1617DC1ACCE6B50ED2D1359582A70A8B8503C569623EE90C18C6B33542796207,Tester/logs/20261010.log,3018796,2026-06-01,15:45,B152PR,"PL	0	18:16:55.754	Core 04	2026.06.01 15:45:00   [SRJ-IND] B152PR sym=USDJPY bar=2026.06.01 15:40 z1=256,B,157.172,157.178,2026.05.12 01:25,1,2026.05.12 08:55,157.714,156.726"
1500,JUNE0525-B157,1617DC1ACCE6B50ED2D1359582A70A8B8503C569623EE90C18C6B33542796207,Tester/logs/20261010.log,3018797,2026-06-01,15:45,B152PR,"RQ	0	18:16:55.754	Core 04	2026.06.01 15:45:00   [SRJ-IND] B152PR sym=USDJPY bar=2026.06.01 15:40 z1=261,B,157.184,157.192,2026.05.12 03:00,1,2026.05.12 08:55,157.714,156.726"
1501,JUNE0525-B157,1617DC1ACCE6B50ED2D1359582A70A8B8503C569623EE90C18C6B33542796207,Tester/logs/20261010.log,3018798,2026-06-01,15:45,B152PR,"FK	0	18:16:55.754	Core 04	2026.06.01 15:45:00   [SRJ-IND] B152PR sym=USDJPY bar=2026.06.01 15:40 z1=313,B,157.331,157.497,2026.05.12 10:00,1,2026.05.12 10:10,157.546,157.487"
1502,JUNE0525-B157,1617DC1ACCE6B50ED2D1359582A70A8B8503C569623EE90C18C6B33542796207,Tester/logs/20261010.log,3018799,2026-06-01,15:45,B152PR,"OM	0	18:16:55.754	Core 04	2026.06.01 15:45:00   [SRJ-IND] B152PR sym=USDJPY bar=2026.06.01 15:40 z1=414,B,157.517,157.589,2026.05.13 01:10,1,2026.05.13 01:20,157.607,157.587"
1503,JUNE0525-B157,1617DC1ACCE6B50ED2D1359582A70A8B8503C569623EE90C18C6B33542796207,Tester/logs/20261010.log,3018800,2026-06-01,15:45,B152PR,"DG	0	18:16:55.754	Core 04	2026.06.01 15:45:00   [SRJ-IND] B152PR sym=USDJPY bar=2026.06.01 15:40 z1=447,B,157.562,157.648,2026.05.13 06:20,1,2026.05.13 06:25,157.662,157.648"
1504,JUNE0525-B157,1617DC1ACCE6B50ED2D1359582A70A8B8503C569623EE90C18C6B33542796207,Tester/logs/20261010.log,3018801,2026-06-01,15:45,B152PR,"KI	0	18:16:55.754	Core 04	2026.06.01 15:45:00   [SRJ-IND] B152PR sym=USDJPY bar=2026.06.01 15:40 z1=449,B,157.599,157.654,2026.05.13 05:15,1,2026.05.13 05:45,157.687,157.652"
1505,JUNE0525-B157,1617DC1ACCE6B50ED2D1359582A70A8B8503C569623EE90C18C6B33542796207,Tester/logs/20261010.log,3018802,2026-06-01,15:45,B152PR,"FS	0	18:16:55.754	Core 04	2026.06.01 15:45:00   [SRJ-IND] B152PR sym=USDJPY bar=2026.06.01 15:40 z1=460,B,157.645,157.660,2026.05.13 07:05,1,2026.05.14 00:25,157.812,157.650"
1506,JUNE0525-B157,1617DC1ACCE6B50ED2D1359582A70A8B8503C569623EE90C18C6B33542796207,Tester/logs/20261010.log,3018803,2026-06-01,15:45,B152PR,"FE	0	18:16:55.754	Core 04	2026.06.01 15:45:00   [SRJ-IND] B152PR sym=USDJPY bar=2026.06.01 15:40 z1=696,B,157.568,158.167,2026.05.14 18:05,1,2026.05.14 18:10,158.191,158.119"
1507,JUNE0525-B157,1617DC1ACCE6B50ED2D1359582A70A8B8503C569623EE90C18C6B33542796207,Tester/logs/20261010.log,3018804,2026-06-01,15:45,B152PR,"NO	0	18:16:55.754	Core 04	2026.06.01 15:45:00   [SRJ-IND] B152PR sym=USDJPY bar=2026.06.01 15:40 z1=714,B,158.107,158.142,2026.05.14 19:30,1,2026.05.14 20:00,158.169,158.142"
1508,JUNE0525-B157,1617DC1ACCE6B50ED2D1359582A70A8B8503C569623EE90C18C6B33542796207,Tester/logs/20261010.log,3018805,2026-06-01,15:45,B152PR,"GS	0	18:16:55.754	Core 04	2026.06.01 15:45:00   [SRJ-IND] B152PR sym=USDJPY bar=2026.06.01 15:40 z1=1405,B,158.735,158.769,2026.05.20 19:00,1,2026.05.20 19:05,158.816,158.753"
1509,JUNE0525-B157,1617DC1ACCE6B50ED2D1359582A70A8B8503C569623EE90C18C6B33542796207,Tester/logs/20261010.log,3018806,2026-06-01,15:45,B152PR,"MI	0	18:16:55.754	Core 04	2026.06.01 15:45:00   [SRJ-IND] B152PR sym=USDJPY bar=2026.06.01 15:40 z1=1779,B,158.756,158.800,2026.05.25 06:45,1,2026.05.26 00:00,158.887,158.784"
1510,JUNE0525-B157,1617DC1ACCE6B50ED2D1359582A70A8B8503C569623EE90C18C6B33542796207,Tester/logs/20261010.log,3018807,2026-06-01,15:45,B152PR,"PO	0	18:16:55.754	Core 04	2026.06.01 15:45:00   [SRJ-IND] B152PR sym=USDJPY bar=2026.06.01 15:40 z1=1780,B,158.789,158.814,2026.05.25 04:50,1,2026.05.26 00:00,158.887,158.784"
1511,JUNE0525-B157,1617DC1ACCE6B50ED2D1359582A70A8B8503C569623EE90C18C6B33542796207,Tester/logs/20261010.log,3018808,2026-06-01,15:45,B152PR,"IE	0	18:16:55.754	Core 04	2026.06.01 15:45:00   [SRJ-IND] B152PR sym=USDJPY bar=2026.06.01 15:40 z1=1949,B,158.916,158.934,2026.05.26 07:25,1,2026.05.26 07:30,158.942,158.934"
1512,JUNE0525-B157,1617DC1ACCE6B50ED2D1359582A70A8B8503C569623EE90C18C6B33542796207,Tester/logs/20261010.log,3018809,2026-06-01,15:45,B152PR,"LJ	0	18:16:55.754	Core 04	2026.06.01 15:45:00   [SRJ-IND] B152PR sym=USDJPY bar=2026.06.01 15:40 z1=2271,S,159.524,159.574,2026.05.28 09:40,1,2026.05.28 11:25,159.524,159.488"
1513,JUNE0525-B157,1617DC1ACCE6B50ED2D1359582A70A8B8503C569623EE90C18C6B33542796207,Tester/logs/20261010.log,3018810,2026-06-01,15:45,B152PR,"IP	0	18:16:55.754	Core 04	2026.06.01 15:45:00   [SRJ-IND] B152PR sym=USDJPY bar=2026.06.01 15:40 z1=2277,S,159.551,159.575,2026.05.28 08:40,1,2026.05.28 08:50,159.556,159.541"
1514,JUNE0525-B157,1617DC1ACCE6B50ED2D1359582A70A8B8503C569623EE90C18C6B33542796207,Tester/logs/20261010.log,3018811,2026-06-01,15:45,B152PR,"FF	0	18:16:55.754	Core 04	2026.06.01 15:45:00   [SRJ-IND] B152PR sym=USDJPY bar=2026.06.01 15:40 z1=2299,S,159.488,159.524,2026.05.28 11:45,1,2026.05.28 17:00,159.491,159.448"
1515,JUNE0525-B157,1617DC1ACCE6B50ED2D1359582A70A8B8503C569623EE90C18C6B33542796207,Tester/logs/20261010.log,3018812,2026-06-01,15:45,B152PR,"PM	0	18:16:55.754	Core 04	2026.06.01 15:45:00   [SRJ-IND] B152PR sym=USDJPY bar=2026.06.01 15:40 z1=2509,B,159.134,159.195,2026.05.29 19:10,1,2026.05.29 19:35,159.215,159.186"
1516,JUNE0525-B157,1617DC1ACCE6B50ED2D1359582A70A8B8503C569623EE90C18C6B33542796207,Tester/logs/20261010.log,3018813,2026-06-01,15:45,B152PR,"KR	0	18:16:55.754	Core 04	2026.06.01 15:45:00   [SRJ-IND] B152PR sym=USDJPY bar=2026.06.01 15:40 z1=2585,S,159.485,159.494,2026.06.01 06:00,1,2026.06.01 09:15,159.486,159.466"
1517,JUNE0525-B157,1617DC1ACCE6B50ED2D1359582A70A8B8503C569623EE90C18C6B33542796207,Tester/logs/20261010.log,3018814,2026-06-01,15:45,B152PR,"IH	0	18:16:55.754	Core 04	2026.06.01 15:45:00   [SRJ-IND] B152PR sym=USDJPY bar=2026.06.01 15:40 z1=2643,S,159.473,159.492,2026.06.01 15:35,1,2026.06.01 15:40,159.481,159.435"
1518,JUNE0525-B157,1617DC1ACCE6B50ED2D1359582A70A8B8503C569623EE90C18C6B33542796207,Tester/logs/20261010.log,3018815,2026-06-01,15:45,B152PR,"LM	0	18:16:55.754	Core 04	2026.06.01 15:45:00   [SRJ-IND] B152PR sym=USDJPY bar=2026.06.01 15:40 bull=1 bear=1 nz=22"
1519,JUNE0525-B157,1617DC1ACCE6B50ED2D1359582A70A8B8503C569623EE90C18C6B33542796207,Tester/logs/20261010.log,3018825,2026-06-01,15:45,CONFIRMPOLL,"IJ	0	18:16:55.754	Core 04	2026.06.01 15:45:00   [SRJ-EA] CONFIRMPOLL bar=2026.06.01 15:40 anchor=Monthly-POC dir=SHORT oppCandle=1 bodyDir=1 body=23pts doji=0 touchAttr=1 confirm=1 shadow=true"
1520,JUNE0525-B157,1617DC1ACCE6B50ED2D1359582A70A8B8503C569623EE90C18C6B33542796207,Tester/logs/20261010.log,3018830,2026-06-01,15:50,B152PR,"RM	0	18:16:55.754	Core 04	2026.06.01 15:50:03   [SRJ-IND] B152PR sym=USDJPY bar=2026.06.01 15:45 z1=65,B,156.672,156.773,2026.05.11 04:10,1,2026.05.12 08:55,157.714,156.726"
1521,JUNE0525-B157,1617DC1ACCE6B50ED2D1359582A70A8B8503C569623EE90C18C6B33542796207,Tester/logs/20261010.log,3018831,2026-06-01,15:50,B152PR,"JS	0	18:16:55.754	Core 04	2026.06.01 15:50:03   [SRJ-IND] B152PR sym=USDJPY bar=2026.06.01 15:45 z1=78,B,156.578,156.584,2026.05.11 00:35,1,2026.05.11 00:40,156.644,156.537"
1522,JUNE0525-B157,1617DC1ACCE6B50ED2D1359582A70A8B8503C569623EE90C18C6B33542796207,Tester/logs/20261010.log,3018832,2026-06-01,15:50,B152PR,"PJ	0	18:16:55.754	Core 04	2026.06.01 15:50:03   [SRJ-IND] B152PR sym=USDJPY bar=2026.06.01 15:45 z1=212,B,157.028,157.060,2026.05.11 19:20,1,2026.05.12 00:00,157.152,157.050"
1523,JUNE0525-B157,1617DC1ACCE6B50ED2D1359582A70A8B8503C569623EE90C18C6B33542796207,Tester/logs/20261010.log,3018833,2026-06-01,15:50,B152PR,"DO	0	18:16:55.754	Core 04	2026.06.01 15:50:03   [SRJ-IND] B152PR sym=USDJPY bar=2026.06.01 15:45 z1=256,B,157.172,157.178,2026.05.12 01:25,1,2026.05.12 08:55,157.714,156.726"
1524,JUNE0525-B157,1617DC1ACCE6B50ED2D1359582A70A8B8503C569623EE90C18C6B33542796207,Tester/logs/20261010.log,3018834,2026-06-01,15:50,B152PR,"RQ	0	18:16:55.754	Core 04	2026.06.01 15:50:03   [SRJ-IND] B152PR sym=USDJPY bar=2026.06.01 15:45 z1=261,B,157.184,157.192,2026.05.12 03:00,1,2026.05.12 08:55,157.714,156.726"
1525,JUNE0525-B157,1617DC1ACCE6B50ED2D1359582A70A8B8503C569623EE90C18C6B33542796207,Tester/logs/20261010.log,3018835,2026-06-01,15:50,B152PR,"JK	0	18:16:55.754	Core 04	2026.06.01 15:50:03   [SRJ-IND] B152PR sym=USDJPY bar=2026.06.01 15:45 z1=313,B,157.331,157.497,2026.05.12 10:00,1,2026.05.12 10:10,157.546,157.487"
1526,JUNE0525-B157,1617DC1ACCE6B50ED2D1359582A70A8B8503C569623EE90C18C6B33542796207,Tester/logs/20261010.log,3018836,2026-06-01,15:50,B152PR,"OM	0	18:16:55.754	Core 04	2026.06.01 15:50:03   [SRJ-IND] B152PR sym=USDJPY bar=2026.06.01 15:45 z1=414,B,157.517,157.589,2026.05.13 01:10,1,2026.05.13 01:20,157.607,157.587"
1527,JUNE0525-B157,1617DC1ACCE6B50ED2D1359582A70A8B8503C569623EE90C18C6B33542796207,Tester/logs/20261010.log,3018837,2026-06-01,15:50,B152PR,"PG	0	18:16:55.754	Core 04	2026.06.01 15:50:03   [SRJ-IND] B152PR sym=USDJPY bar=2026.06.01 15:45 z1=447,B,157.562,157.648,2026.05.13 06:20,1,2026.05.13 06:25,157.662,157.648"
1528,JUNE0525-B157,1617DC1ACCE6B50ED2D1359582A70A8B8503C569623EE90C18C6B33542796207,Tester/logs/20261010.log,3018838,2026-06-01,15:50,B152PR,"KI	0	18:16:55.754	Core 04	2026.06.01 15:50:03   [SRJ-IND] B152PR sym=USDJPY bar=2026.06.01 15:45 z1=449,B,157.599,157.654,2026.05.13 05:15,1,2026.05.13 05:45,157.687,157.652"
1529,JUNE0525-B157,1617DC1ACCE6B50ED2D1359582A70A8B8503C569623EE90C18C6B33542796207,Tester/logs/20261010.log,3018839,2026-06-01,15:50,B152PR,"JS	0	18:16:55.754	Core 04	2026.06.01 15:50:03   [SRJ-IND] B152PR sym=USDJPY bar=2026.06.01 15:45 z1=460,B,157.645,157.660,2026.05.13 07:05,1,2026.05.14 00:25,157.812,157.650"
1530,JUNE0525-B157,1617DC1ACCE6B50ED2D1359582A70A8B8503C569623EE90C18C6B33542796207,Tester/logs/20261010.log,3018840,2026-06-01,15:50,B152PR,"FE	0	18:16:55.754	Core 04	2026.06.01 15:50:03   [SRJ-IND] B152PR sym=USDJPY bar=2026.06.01 15:45 z1=696,B,157.568,158.167,2026.05.14 18:05,1,2026.05.14 18:10,158.191,158.119"
1531,JUNE0525-B157,1617DC1ACCE6B50ED2D1359582A70A8B8503C569623EE90C18C6B33542796207,Tester/logs/20261010.log,3018841,2026-06-01,15:50,B152PR,"JN	0	18:16:55.754	Core 04	2026.06.01 15:50:03   [SRJ-IND] B152PR sym=USDJPY bar=2026.06.01 15:45 z1=714,B,158.107,158.142,2026.05.14 19:30,1,2026.05.14 20:00,158.169,158.142"
1532,JUNE0525-B157,1617DC1ACCE6B50ED2D1359582A70A8B8503C569623EE90C18C6B33542796207,Tester/logs/20261010.log,3018842,2026-06-01,15:50,B152PR,"GS	0	18:16:55.754	Core 04	2026.06.01 15:50:03   [SRJ-IND] B152PR sym=USDJPY bar=2026.06.01 15:45 z1=1405,B,158.735,158.769,2026.05.20 19:00,1,2026.05.20 19:05,158.816,158.753"
1533,JUNE0525-B157,1617DC1ACCE6B50ED2D1359582A70A8B8503C569623EE90C18C6B33542796207,Tester/logs/20261010.log,3018843,2026-06-01,15:50,B152PR,"MI	0	18:16:55.754	Core 04	2026.06.01 15:50:03   [SRJ-IND] B152PR sym=USDJPY bar=2026.06.01 15:45 z1=1779,B,158.756,158.800,2026.05.25 06:45,1,2026.05.26 00:00,158.887,158.784"
1534,JUNE0525-B157,1617DC1ACCE6B50ED2D1359582A70A8B8503C569623EE90C18C6B33542796207,Tester/logs/20261010.log,3018844,2026-06-01,15:50,B152PR,"PO	0	18:16:55.754	Core 04	2026.06.01 15:50:03   [SRJ-IND] B152PR sym=USDJPY bar=2026.06.01 15:45 z1=1780,B,158.789,158.814,2026.05.25 04:50,1,2026.05.26 00:00,158.887,158.784"
1535,JUNE0525-B157,1617DC1ACCE6B50ED2D1359582A70A8B8503C569623EE90C18C6B33542796207,Tester/logs/20261010.log,3018845,2026-06-01,15:50,B152PR,"IE	0	18:16:55.754	Core 04	2026.06.01 15:50:03   [SRJ-IND] B152PR sym=USDJPY bar=2026.06.01 15:45 z1=1949,B,158.916,158.934,2026.05.26 07:25,1,2026.05.26 07:30,158.942,158.934"
1536,JUNE0525-B157,1617DC1ACCE6B50ED2D1359582A70A8B8503C569623EE90C18C6B33542796207,Tester/logs/20261010.log,3018846,2026-06-01,15:50,B152PR,"LJ	0	18:16:55.754	Core 04	2026.06.01 15:50:03   [SRJ-IND] B152PR sym=USDJPY bar=2026.06.01 15:45 z1=2271,S,159.524,159.574,2026.05.28 09:40,1,2026.05.28 11:25,159.524,159.488"
1537,JUNE0525-B157,1617DC1ACCE6B50ED2D1359582A70A8B8503C569623EE90C18C6B33542796207,Tester/logs/20261010.log,3018847,2026-06-01,15:50,B152PR,"IP	0	18:16:55.754	Core 04	2026.06.01 15:50:03   [SRJ-IND] B152PR sym=USDJPY bar=2026.06.01 15:45 z1=2277,S,159.551,159.575,2026.05.28 08:40,1,2026.05.28 08:50,159.556,159.541"
1538,JUNE0525-B157,1617DC1ACCE6B50ED2D1359582A70A8B8503C569623EE90C18C6B33542796207,Tester/logs/20261010.log,3018848,2026-06-01,15:50,B152PR,"FF	0	18:16:55.754	Core 04	2026.06.01 15:50:03   [SRJ-IND] B152PR sym=USDJPY bar=2026.06.01 15:45 z1=2299,S,159.488,159.524,2026.05.28 11:45,1,2026.05.28 17:00,159.491,159.448"
1539,JUNE0525-B157,1617DC1ACCE6B50ED2D1359582A70A8B8503C569623EE90C18C6B33542796207,Tester/logs/20261010.log,3018849,2026-06-01,15:50,B152PR,"PM	0	18:16:55.754	Core 04	2026.06.01 15:50:03   [SRJ-IND] B152PR sym=USDJPY bar=2026.06.01 15:45 z1=2509,B,159.134,159.195,2026.05.29 19:10,1,2026.05.29 19:35,159.215,159.186"
1540,JUNE0525-B157,1617DC1ACCE6B50ED2D1359582A70A8B8503C569623EE90C18C6B33542796207,Tester/logs/20261010.log,3018850,2026-06-01,15:50,B152PR,"KR	0	18:16:55.754	Core 04	2026.06.01 15:50:03   [SRJ-IND] B152PR sym=USDJPY bar=2026.06.01 15:45 z1=2585,S,159.485,159.494,2026.06.01 06:00,1,2026.06.01 09:15,159.486,159.466"
1541,JUNE0525-B157,1617DC1ACCE6B50ED2D1359582A70A8B8503C569623EE90C18C6B33542796207,Tester/logs/20261010.log,3018851,2026-06-01,15:50,B152PR,"IH	0	18:16:55.754	Core 04	2026.06.01 15:50:03   [SRJ-IND] B152PR sym=USDJPY bar=2026.06.01 15:45 z1=2643,S,159.473,159.492,2026.06.01 15:35,1,2026.06.01 15:40,159.481,159.435"
1542,JUNE0525-B157,1617DC1ACCE6B50ED2D1359582A70A8B8503C569623EE90C18C6B33542796207,Tester/logs/20261010.log,3018852,2026-06-01,15:50,B152PR,"LM	0	18:16:55.754	Core 04	2026.06.01 15:50:03   [SRJ-IND] B152PR sym=USDJPY bar=2026.06.01 15:45 bull=1 bear=1 nz=22"
1543,JUNE0525-B157,1617DC1ACCE6B50ED2D1359582A70A8B8503C569623EE90C18C6B33542796207,Tester/logs/20261010.log,3018856,2026-06-01,15:50,CQDRECHECK,"MR	0	18:16:55.754	Core 04	2026.06.01 15:50:03   [SRJ-EA] CQDRECHECK shift=2 passA=1.0 passB=1.0 diff=0 bar=2026.06.01 15:40 state=S1_REGIME dir=SHORT divLatch=0 hit1=0 hit2=391 mism=0"
1544,JUNE0525-B157,1617DC1ACCE6B50ED2D1359582A70A8B8503C569623EE90C18C6B33542796207,Tester/logs/20261010.log,3018863,2026-06-01,15:50,CONFIRMPOLL,"HQ	0	18:16:55.754	Core 04	2026.06.01 15:50:03   [SRJ-EA] CONFIRMPOLL bar=2026.06.01 15:45 anchor=Monthly-POC dir=SHORT oppCandle=0 bodyDir=0 body=21pts doji=0 touchAttr=1 confirm=0 shadow=true"
1545,JUNE0525-B157,1617DC1ACCE6B50ED2D1359582A70A8B8503C569623EE90C18C6B33542796207,Tester/logs/20261010.log,3018868,2026-06-01,15:55,B152PR,"JR	0	18:16:55.754	Core 04	2026.06.01 15:55:00   [SRJ-IND] B152PR sym=USDJPY bar=2026.06.01 15:50 z1=65,B,156.672,156.773,2026.05.11 04:10,1,2026.05.12 08:55,157.714,156.726"
1546,JUNE0525-B157,1617DC1ACCE6B50ED2D1359582A70A8B8503C569623EE90C18C6B33542796207,Tester/logs/20261010.log,3018869,2026-06-01,15:55,B152PR,"RI	0	18:16:55.754	Core 04	2026.06.01 15:55:00   [SRJ-IND] B152PR sym=USDJPY bar=2026.06.01 15:50 z1=78,B,156.578,156.584,2026.05.11 00:35,1,2026.05.11 00:40,156.644,156.537"
1547,JUNE0525-B157,1617DC1ACCE6B50ED2D1359582A70A8B8503C569623EE90C18C6B33542796207,Tester/logs/20261010.log,3018870,2026-06-01,15:55,B152PR,"HL	0	18:16:55.754	Core 04	2026.06.01 15:55:00   [SRJ-IND] B152PR sym=USDJPY bar=2026.06.01 15:50 z1=212,B,157.028,157.060,2026.05.11 19:20,1,2026.05.12 00:00,157.152,157.050"
1548,JUNE0525-B157,1617DC1ACCE6B50ED2D1359582A70A8B8503C569623EE90C18C6B33542796207,Tester/logs/20261010.log,3018871,2026-06-01,15:55,B152PR,"HF	0	18:16:55.754	Core 04	2026.06.01 15:55:00   [SRJ-IND] B152PR sym=USDJPY bar=2026.06.01 15:50 z1=256,B,157.172,157.178,2026.05.12 01:25,1,2026.05.12 08:55,157.714,156.726"
1549,JUNE0525-B157,1617DC1ACCE6B50ED2D1359582A70A8B8503C569623EE90C18C6B33542796207,Tester/logs/20261010.log,3018872,2026-06-01,15:55,B152PR,"JH	0	18:16:55.754	Core 04	2026.06.01 15:55:00   [SRJ-IND] B152PR sym=USDJPY bar=2026.06.01 15:50 z1=261,B,157.184,157.192,2026.05.12 03:00,1,2026.05.12 08:55,157.714,156.726"
1550,JUNE0525-B157,1617DC1ACCE6B50ED2D1359582A70A8B8503C569623EE90C18C6B33542796207,Tester/logs/20261010.log,3018873,2026-06-01,15:55,B152PR,"NR	0	18:16:55.754	Core 04	2026.06.01 15:55:00   [SRJ-IND] B152PR sym=USDJPY bar=2026.06.01 15:50 z1=313,B,157.331,157.497,2026.05.12 10:00,1,2026.05.12 10:10,157.546,157.487"
1551,JUNE0525-B157,1617DC1ACCE6B50ED2D1359582A70A8B8503C569623EE90C18C6B33542796207,Tester/logs/20261010.log,3018874,2026-06-01,15:55,B152PR,"GD	0	18:16:55.754	Core 04	2026.06.01 15:55:00   [SRJ-IND] B152PR sym=USDJPY bar=2026.06.01 15:50 z1=414,B,157.517,157.589,2026.05.13 01:10,1,2026.05.13 01:20,157.607,157.587"
1552,JUNE0525-B157,1617DC1ACCE6B50ED2D1359582A70A8B8503C569623EE90C18C6B33542796207,Tester/logs/20261010.log,3018875,2026-06-01,15:55,B152PR,"LN	0	18:16:55.754	Core 04	2026.06.01 15:55:00   [SRJ-IND] B152PR sym=USDJPY bar=2026.06.01 15:50 z1=447,B,157.562,157.648,2026.05.13 06:20,1,2026.05.13 06:25,157.662,157.648"
1553,JUNE0525-B157,1617DC1ACCE6B50ED2D1359582A70A8B8503C569623EE90C18C6B33542796207,Tester/logs/20261010.log,3018876,2026-06-01,15:55,B152PR,"CS	0	18:16:55.754	Core 04	2026.06.01 15:55:00   [SRJ-IND] B152PR sym=USDJPY bar=2026.06.01 15:50 z1=449,B,157.599,157.654,2026.05.13 05:15,1,2026.05.13 05:45,157.687,157.652"
1554,JUNE0525-B157,1617DC1ACCE6B50ED2D1359582A70A8B8503C569623EE90C18C6B33542796207,Tester/logs/20261010.log,3018877,2026-06-01,15:55,B152PR,"NE	0	18:16:55.754	Core 04	2026.06.01 15:55:00   [SRJ-IND] B152PR sym=USDJPY bar=2026.06.01 15:50 z1=460,B,157.645,157.660,2026.05.13 07:05,1,2026.05.14 00:25,157.812,157.650"
1555,JUNE0525-B157,1617DC1ACCE6B50ED2D1359582A70A8B8503C569623EE90C18C6B33542796207,Tester/logs/20261010.log,3018878,2026-06-01,15:55,B152PR,"NO	0	18:16:55.754	Core 04	2026.06.01 15:55:00   [SRJ-IND] B152PR sym=USDJPY bar=2026.06.01 15:50 z1=696,B,157.568,158.167,2026.05.14 18:05,1,2026.05.14 18:10,158.191,158.119"
1556,JUNE0525-B157,1617DC1ACCE6B50ED2D1359582A70A8B8503C569623EE90C18C6B33542796207,Tester/logs/20261010.log,3018879,2026-06-01,15:55,B152PR,"FQ	0	18:16:55.754	Core 04	2026.06.01 15:55:00   [SRJ-IND] B152PR sym=USDJPY bar=2026.06.01 15:50 z1=714,B,158.107,158.142,2026.05.14 19:30,1,2026.05.14 20:00,158.169,158.142"
1557,JUNE0525-B157,1617DC1ACCE6B50ED2D1359582A70A8B8503C569623EE90C18C6B33542796207,Tester/logs/20261010.log,3018880,2026-06-01,15:55,B152PR,"OH	0	18:16:55.754	Core 04	2026.06.01 15:55:00   [SRJ-IND] B152PR sym=USDJPY bar=2026.06.01 15:50 z1=1405,B,158.735,158.769,2026.05.20 19:00,1,2026.05.20 19:05,158.816,158.753"
1558,JUNE0525-B157,1617DC1ACCE6B50ED2D1359582A70A8B8503C569623EE90C18C6B33542796207,Tester/logs/20261010.log,3018881,2026-06-01,15:55,B152PR,"EN	0	18:16:55.754	Core 04	2026.06.01 15:55:00   [SRJ-IND] B152PR sym=USDJPY bar=2026.06.01 15:50 z1=1779,B,158.756,158.800,2026.05.25 06:45,1,2026.05.26 00:00,158.887,158.784"
1559,JUNE0525-B157,1617DC1ACCE6B50ED2D1359582A70A8B8503C569623EE90C18C6B33542796207,Tester/logs/20261010.log,3018882,2026-06-01,15:55,B152PR,"HD	0	18:16:55.754	Core 04	2026.06.01 15:55:00   [SRJ-IND] B152PR sym=USDJPY bar=2026.06.01 15:50 z1=1780,B,158.789,158.814,2026.05.25 04:50,1,2026.05.26 00:00,158.887,158.784"
1560,JUNE0525-B157,1617DC1ACCE6B50ED2D1359582A70A8B8503C569623EE90C18C6B33542796207,Tester/logs/20261010.log,3018883,2026-06-01,15:55,B152PR,"QJ	0	18:16:55.754	Core 04	2026.06.01 15:55:00   [SRJ-IND] B152PR sym=USDJPY bar=2026.06.01 15:50 z1=1949,B,158.916,158.934,2026.05.26 07:25,1,2026.05.26 07:30,158.942,158.934"
1561,JUNE0525-B157,1617DC1ACCE6B50ED2D1359582A70A8B8503C569623EE90C18C6B33542796207,Tester/logs/20261010.log,3018884,2026-06-01,15:55,B152PR,"DQ	0	18:16:55.754	Core 04	2026.06.01 15:55:00   [SRJ-IND] B152PR sym=USDJPY bar=2026.06.01 15:50 z1=2271,S,159.524,159.574,2026.05.28 09:40,1,2026.05.28 11:25,159.524,159.488"
1562,JUNE0525-B157,1617DC1ACCE6B50ED2D1359582A70A8B8503C569623EE90C18C6B33542796207,Tester/logs/20261010.log,3018885,2026-06-01,15:55,B152PR,"QG	0	18:16:55.754	Core 04	2026.06.01 15:55:00   [SRJ-IND] B152PR sym=USDJPY bar=2026.06.01 15:50 z1=2277,S,159.551,159.575,2026.05.28 08:40,1,2026.05.28 08:50,159.556,159.541"
1563,JUNE0525-B157,1617DC1ACCE6B50ED2D1359582A70A8B8503C569623EE90C18C6B33542796207,Tester/logs/20261010.log,3018886,2026-06-01,15:55,B152PR,"NM	0	18:16:55.754	Core 04	2026.06.01 15:55:00   [SRJ-IND] B152PR sym=USDJPY bar=2026.06.01 15:50 z1=2299,S,159.488,159.524,2026.05.28 11:45,1,2026.05.28 17:00,159.491,159.448"
1564,JUNE0525-B157,1617DC1ACCE6B50ED2D1359582A70A8B8503C569623EE90C18C6B33542796207,Tester/logs/20261010.log,3018887,2026-06-01,15:55,B152PR,"HR	0	18:16:55.754	Core 04	2026.06.01 15:55:00   [SRJ-IND] B152PR sym=USDJPY bar=2026.06.01 15:50 z1=2509,B,159.134,159.195,2026.05.29 19:10,1,2026.05.29 19:35,159.215,159.186"
1565,JUNE0525-B157,1617DC1ACCE6B50ED2D1359582A70A8B8503C569623EE90C18C6B33542796207,Tester/logs/20261010.log,3018888,2026-06-01,15:55,B152PR,"CI	0	18:16:55.754	Core 04	2026.06.01 15:55:00   [SRJ-IND] B152PR sym=USDJPY bar=2026.06.01 15:50 z1=2585,S,159.485,159.494,2026.06.01 06:00,1,2026.06.01 09:15,159.486,159.466"
1566,JUNE0525-B157,1617DC1ACCE6B50ED2D1359582A70A8B8503C569623EE90C18C6B33542796207,Tester/logs/20261010.log,3018889,2026-06-01,15:55,B152PR,"QO	0	18:16:55.754	Core 04	2026.06.01 15:55:00   [SRJ-IND] B152PR sym=USDJPY bar=2026.06.01 15:50 z1=2643,S,159.473,159.492,2026.06.01 15:35,1,2026.06.01 15:40,159.481,159.435"
1567,JUNE0525-B157,1617DC1ACCE6B50ED2D1359582A70A8B8503C569623EE90C18C6B33542796207,Tester/logs/20261010.log,3018890,2026-06-01,15:55,B152PR,"DF	0	18:16:55.754	Core 04	2026.06.01 15:55:00   [SRJ-IND] B152PR sym=USDJPY bar=2026.06.01 15:50 bull=1 bear=1 nz=22"
1568,JUNE0525-B157,1617DC1ACCE6B50ED2D1359582A70A8B8503C569623EE90C18C6B33542796207,Tester/logs/20261010.log,3018896,2026-06-01,15:55,CONFIRMPOLL,"NL	0	18:16:55.754	Core 04	2026.06.01 15:55:00   [SRJ-EA] CONFIRMPOLL bar=2026.06.01 15:50 anchor=Monthly-POC dir=SHORT oppCandle=1 bodyDir=0 body=15pts doji=0 touchAttr=1 confirm=0 shadow=true"
1569,JUNE0525-B157,1617DC1ACCE6B50ED2D1359582A70A8B8503C569623EE90C18C6B33542796207,Tester/logs/20261010.log,3018904,2026-06-01,16:00,B152PR,"FL	0	18:16:55.754	Core 04	2026.06.01 16:00:00   [SRJ-IND] B152PR sym=USDJPY bar=2026.06.01 15:55 z1=65,B,156.672,156.773,2026.05.11 04:10,1,2026.05.12 08:55,157.714,156.726"
1570,JUNE0525-B157,1617DC1ACCE6B50ED2D1359582A70A8B8503C569623EE90C18C6B33542796207,Tester/logs/20261010.log,3018905,2026-06-01,16:00,B152PR,"NS	0	18:16:55.754	Core 04	2026.06.01 16:00:00   [SRJ-IND] B152PR sym=USDJPY bar=2026.06.01 15:55 z1=78,B,156.578,156.584,2026.05.11 00:35,1,2026.05.11 00:40,156.644,156.537"
1571,JUNE0525-B157,1617DC1ACCE6B50ED2D1359582A70A8B8503C569623EE90C18C6B33542796207,Tester/logs/20261010.log,3018906,2026-06-01,16:00,B152PR,"DJ	0	18:16:55.754	Core 04	2026.06.01 16:00:00   [SRJ-IND] B152PR sym=USDJPY bar=2026.06.01 15:55 z1=212,B,157.028,157.060,2026.05.11 19:20,1,2026.05.12 00:00,157.152,157.050"
1572,JUNE0525-B157,1617DC1ACCE6B50ED2D1359582A70A8B8503C569623EE90C18C6B33542796207,Tester/logs/20261010.log,3018907,2026-06-01,16:00,B152PR,"PL	0	18:16:55.754	Core 04	2026.06.01 16:00:00   [SRJ-IND] B152PR sym=USDJPY bar=2026.06.01 15:55 z1=256,B,157.172,157.178,2026.05.12 01:25,1,2026.05.12 08:55,157.714,156.726"
1573,JUNE0525-B157,1617DC1ACCE6B50ED2D1359582A70A8B8503C569623EE90C18C6B33542796207,Tester/logs/20261010.log,3018908,2026-06-01,16:00,B152PR,"FF	0	18:16:55.754	Core 04	2026.06.01 16:00:00   [SRJ-IND] B152PR sym=USDJPY bar=2026.06.01 15:55 z1=261,B,157.184,157.192,2026.05.12 03:00,1,2026.05.12 08:55,157.714,156.726"
1574,JUNE0525-B157,1617DC1ACCE6B50ED2D1359582A70A8B8503C569623EE90C18C6B33542796207,Tester/logs/20261010.log,3018909,2026-06-01,16:00,B152PR,"NH	0	18:16:55.754	Core 04	2026.06.01 16:00:00   [SRJ-IND] B152PR sym=USDJPY bar=2026.06.01 15:55 z1=313,B,157.331,157.497,2026.05.12 10:00,1,2026.05.12 10:10,157.546,157.487"
1575,JUNE0525-B157,1617DC1ACCE6B50ED2D1359582A70A8B8503C569623EE90C18C6B33542796207,Tester/logs/20261010.log,3018910,2026-06-01,16:00,B152PR,"CR	0	18:16:55.754	Core 04	2026.06.01 16:00:00   [SRJ-IND] B152PR sym=USDJPY bar=2026.06.01 15:55 z1=414,B,157.517,157.589,2026.05.13 01:10,1,2026.05.13 01:20,157.607,157.587"
1576,JUNE0525-B157,1617DC1ACCE6B50ED2D1359582A70A8B8503C569623EE90C18C6B33542796207,Tester/logs/20261010.log,3018911,2026-06-01,16:00,B152PR,"DG	0	18:16:55.754	Core 04	2026.06.01 16:00:00   [SRJ-IND] B152PR sym=USDJPY bar=2026.06.01 15:55 z1=447,B,157.562,157.648,2026.05.13 06:20,1,2026.05.13 06:25,157.662,157.648"
1577,JUNE0525-B157,1617DC1ACCE6B50ED2D1359582A70A8B8503C569623EE90C18C6B33542796207,Tester/logs/20261010.log,3018912,2026-06-01,16:00,B152PR,"GI	0	18:16:55.754	Core 04	2026.06.01 16:00:00   [SRJ-IND] B152PR sym=USDJPY bar=2026.06.01 15:55 z1=449,B,157.599,157.654,2026.05.13 05:15,1,2026.05.13 05:45,157.687,157.652"
1578,JUNE0525-B157,1617DC1ACCE6B50ED2D1359582A70A8B8503C569623EE90C18C6B33542796207,Tester/logs/20261010.log,3018913,2026-06-01,16:00,B152PR,"NS	0	18:16:55.754	Core 04	2026.06.01 16:00:00   [SRJ-IND] B152PR sym=USDJPY bar=2026.06.01 15:55 z1=460,B,157.645,157.660,2026.05.13 07:05,1,2026.05.14 00:25,157.812,157.650"
1579,JUNE0525-B157,1617DC1ACCE6B50ED2D1359582A70A8B8503C569623EE90C18C6B33542796207,Tester/logs/20261010.log,3018914,2026-06-01,16:00,B152PR,"RE	0	18:16:55.754	Core 04	2026.06.01 16:00:00   [SRJ-IND] B152PR sym=USDJPY bar=2026.06.01 15:55 z1=696,B,157.568,158.167,2026.05.14 18:05,1,2026.05.14 18:10,158.191,158.119"
1580,JUNE0525-B157,1617DC1ACCE6B50ED2D1359582A70A8B8503C569623EE90C18C6B33542796207,Tester/logs/20261010.log,3018915,2026-06-01,16:00,B152PR,"NO	0	18:16:55.754	Core 04	2026.06.01 16:00:00   [SRJ-IND] B152PR sym=USDJPY bar=2026.06.01 15:55 z1=714,B,158.107,158.142,2026.05.14 19:30,1,2026.05.14 20:00,158.169,158.142"
1581,JUNE0525-B157,1617DC1ACCE6B50ED2D1359582A70A8B8503C569623EE90C18C6B33542796207,Tester/logs/20261010.log,3018916,2026-06-01,16:00,B152PR,"KR	0	18:16:55.754	Core 04	2026.06.01 16:00:00   [SRJ-IND] B152PR sym=USDJPY bar=2026.06.01 15:55 z1=1405,B,158.735,158.769,2026.05.20 19:00,1,2026.05.20 19:05,158.816,158.753"
1582,JUNE0525-B157,1617DC1ACCE6B50ED2D1359582A70A8B8503C569623EE90C18C6B33542796207,Tester/logs/20261010.log,3018917,2026-06-01,16:00,B152PR,"IH	0	18:16:55.754	Core 04	2026.06.01 16:00:00   [SRJ-IND] B152PR sym=USDJPY bar=2026.06.01 15:55 z1=1779,B,158.756,158.800,2026.05.25 06:45,1,2026.05.26 00:00,158.887,158.784"
1583,JUNE0525-B157,1617DC1ACCE6B50ED2D1359582A70A8B8503C569623EE90C18C6B33542796207,Tester/logs/20261010.log,3018918,2026-06-01,16:00,B152PR,"DN	0	18:16:55.754	Core 04	2026.06.01 16:00:00   [SRJ-IND] B152PR sym=USDJPY bar=2026.06.01 15:55 z1=1780,B,158.789,158.814,2026.05.25 04:50,1,2026.05.26 00:00,158.887,158.784"
1584,JUNE0525-B157,1617DC1ACCE6B50ED2D1359582A70A8B8503C569623EE90C18C6B33542796207,Tester/logs/20261010.log,3018919,2026-06-01,16:00,B152PR,"MD	0	18:16:55.754	Core 04	2026.06.01 16:00:00   [SRJ-IND] B152PR sym=USDJPY bar=2026.06.01 15:55 z1=1949,B,158.916,158.934,2026.05.26 07:25,1,2026.05.26 07:30,158.942,158.934"
1585,JUNE0525-B157,1617DC1ACCE6B50ED2D1359582A70A8B8503C569623EE90C18C6B33542796207,Tester/logs/20261010.log,3018920,2026-06-01,16:00,B152PR,"HK	0	18:16:55.754	Core 04	2026.06.01 16:00:00   [SRJ-IND] B152PR sym=USDJPY bar=2026.06.01 15:55 z1=2271,S,159.524,159.574,2026.05.28 09:40,1,2026.05.28 11:25,159.524,159.488"
1586,JUNE0525-B157,1617DC1ACCE6B50ED2D1359582A70A8B8503C569623EE90C18C6B33542796207,Tester/logs/20261010.log,3018921,2026-06-01,16:00,B152PR,"MQ	0	18:16:55.754	Core 04	2026.06.01 16:00:00   [SRJ-IND] B152PR sym=USDJPY bar=2026.06.01 15:55 z1=2277,S,159.551,159.575,2026.05.28 08:40,1,2026.05.28 08:50,159.556,159.541"
1587,JUNE0525-B157,1617DC1ACCE6B50ED2D1359582A70A8B8503C569623EE90C18C6B33542796207,Tester/logs/20261010.log,3018922,2026-06-01,16:00,B152PR,"RG	0	18:16:55.754	Core 04	2026.06.01 16:00:00   [SRJ-IND] B152PR sym=USDJPY bar=2026.06.01 15:55 z1=2299,S,159.488,159.524,2026.05.28 11:45,1,2026.05.28 17:00,159.491,159.448"
1588,JUNE0525-B157,1617DC1ACCE6B50ED2D1359582A70A8B8503C569623EE90C18C6B33542796207,Tester/logs/20261010.log,3018923,2026-06-01,16:00,B152PR,"DL	0	18:16:55.754	Core 04	2026.06.01 16:00:00   [SRJ-IND] B152PR sym=USDJPY bar=2026.06.01 15:55 z1=2509,B,159.134,159.195,2026.05.29 19:10,1,2026.05.29 19:35,159.215,159.186"
1589,JUNE0525-B157,1617DC1ACCE6B50ED2D1359582A70A8B8503C569623EE90C18C6B33542796207,Tester/logs/20261010.log,3018924,2026-06-01,16:00,B152PR,"GS	0	18:16:55.754	Core 04	2026.06.01 16:00:00   [SRJ-IND] B152PR sym=USDJPY bar=2026.06.01 15:55 z1=2585,S,159.485,159.494,2026.06.01 06:00,1,2026.06.01 09:15,159.486,159.466"
1590,JUNE0525-B157,1617DC1ACCE6B50ED2D1359582A70A8B8503C569623EE90C18C6B33542796207,Tester/logs/20261010.log,3018925,2026-06-01,16:00,B152PR,"IJ	0	18:16:55.754	Core 04	2026.06.01 16:00:00   [SRJ-IND] B152PR sym=USDJPY bar=2026.06.01 15:55 bull=1 bear=1 nz=21"
1591,JUNE0525-B157,1617DC1ACCE6B50ED2D1359582A70A8B8503C569623EE90C18C6B33542796207,Tester/logs/20261010.log,3018934,2026-06-01,16:00,CONFIRMPOLL,"OI	0	18:16:55.754	Core 04	2026.06.01 16:00:00   [SRJ-EA] CONFIRMPOLL bar=2026.06.01 15:55 anchor=Monthly-POC dir=SHORT oppCandle=1 bodyDir=0 body=7pts doji=0 touchAttr=1 confirm=0 shadow=true"
1592,JUNE0525-B157,1617DC1ACCE6B50ED2D1359582A70A8B8503C569623EE90C18C6B33542796207,Tester/logs/20261010.log,3018942,2026-06-01,16:05,B152PR,"RH	0	18:16:55.754	Core 04	2026.06.01 16:05:00   [SRJ-IND] B152PR sym=USDJPY bar=2026.06.01 16:00 z1=65,B,156.672,156.773,2026.05.11 04:10,1,2026.05.12 08:55,157.714,156.726"
1593,JUNE0525-B157,1617DC1ACCE6B50ED2D1359582A70A8B8503C569623EE90C18C6B33542796207,Tester/logs/20261010.log,3018943,2026-06-01,16:05,B152PR,"JN	0	18:16:55.754	Core 04	2026.06.01 16:05:00   [SRJ-IND] B152PR sym=USDJPY bar=2026.06.01 16:00 z1=78,B,156.578,156.584,2026.05.11 00:35,1,2026.05.11 00:40,156.644,156.537"
1594,JUNE0525-B157,1617DC1ACCE6B50ED2D1359582A70A8B8503C569623EE90C18C6B33542796207,Tester/logs/20261010.log,3018944,2026-06-01,16:05,B152PR,"PG	0	18:16:55.754	Core 04	2026.06.01 16:05:00   [SRJ-IND] B152PR sym=USDJPY bar=2026.06.01 16:00 z1=212,B,157.028,157.060,2026.05.11 19:20,1,2026.05.12 00:00,157.152,157.050"
1595,JUNE0525-B157,1617DC1ACCE6B50ED2D1359582A70A8B8503C569623EE90C18C6B33542796207,Tester/logs/20261010.log,3018945,2026-06-01,16:05,B152PR,"PI	0	18:16:55.754	Core 04	2026.06.01 16:05:00   [SRJ-IND] B152PR sym=USDJPY bar=2026.06.01 16:00 z1=256,B,157.172,157.178,2026.05.12 01:25,1,2026.05.12 08:55,157.714,156.726"
1596,JUNE0525-B157,1617DC1ACCE6B50ED2D1359582A70A8B8503C569623EE90C18C6B33542796207,Tester/logs/20261010.log,3018946,2026-06-01,16:05,B152PR,"RR	0	18:16:55.754	Core 04	2026.06.01 16:05:00   [SRJ-IND] B152PR sym=USDJPY bar=2026.06.01 16:00 z1=261,B,157.184,157.192,2026.05.12 03:00,1,2026.05.12 08:55,157.714,156.726"
1597,JUNE0525-B157,1617DC1ACCE6B50ED2D1359582A70A8B8503C569623EE90C18C6B33542796207,Tester/logs/20261010.log,3018947,2026-06-01,16:05,B152PR,"FD	0	18:16:55.754	Core 04	2026.06.01 16:05:00   [SRJ-IND] B152PR sym=USDJPY bar=2026.06.01 16:00 z1=313,B,157.331,157.497,2026.05.12 10:00,1,2026.05.12 10:10,157.546,157.487"
1598,JUNE0525-B157,1617DC1ACCE6B50ED2D1359582A70A8B8503C569623EE90C18C6B33542796207,Tester/logs/20261010.log,3018948,2026-06-01,16:05,B152PR,"ON	0	18:16:55.754	Core 04	2026.06.01 16:05:00   [SRJ-IND] B152PR sym=USDJPY bar=2026.06.01 16:00 z1=414,B,157.517,157.589,2026.05.13 01:10,1,2026.05.13 01:20,157.607,157.587"
1599,JUNE0525-B157,1617DC1ACCE6B50ED2D1359582A70A8B8503C569623EE90C18C6B33542796207,Tester/logs/20261010.log,3018949,2026-06-01,16:05,B152PR,"DP	0	18:16:55.754	Core 04	2026.06.01 16:05:00   [SRJ-IND] B152PR sym=USDJPY bar=2026.06.01 16:00 z1=447,B,157.562,157.648,2026.05.13 06:20,1,2026.05.13 06:25,157.662,157.648"
1600,JUNE0525-B157,1617DC1ACCE6B50ED2D1359582A70A8B8503C569623EE90C18C6B33542796207,Tester/logs/20261010.log,3018950,2026-06-01,16:05,B152PR,"KJ	0	18:16:55.754	Core 04	2026.06.01 16:05:00   [SRJ-IND] B152PR sym=USDJPY bar=2026.06.01 16:00 z1=449,B,157.599,157.654,2026.05.13 05:15,1,2026.05.13 05:45,157.687,157.652"
1601,JUNE0525-B157,1617DC1ACCE6B50ED2D1359582A70A8B8503C569623EE90C18C6B33542796207,Tester/logs/20261010.log,3018951,2026-06-01,16:05,B152PR,"FL	0	18:16:55.754	Core 04	2026.06.01 16:05:00   [SRJ-IND] B152PR sym=USDJPY bar=2026.06.01 16:00 z1=460,B,157.645,157.660,2026.05.13 07:05,1,2026.05.14 00:25,157.812,157.650"
1602,JUNE0525-B157,1617DC1ACCE6B50ED2D1359582A70A8B8503C569623EE90C18C6B33542796207,Tester/logs/20261010.log,3018952,2026-06-01,16:05,B152PR,"FF	0	18:16:55.754	Core 04	2026.06.01 16:05:00   [SRJ-IND] B152PR sym=USDJPY bar=2026.06.01 16:00 z1=696,B,157.568,158.167,2026.05.14 18:05,1,2026.05.14 18:10,158.191,158.119"
1603,JUNE0525-B157,1617DC1ACCE6B50ED2D1359582A70A8B8503C569623EE90C18C6B33542796207,Tester/logs/20261010.log,3018953,2026-06-01,16:05,B152PR,"NH	0	18:16:55.754	Core 04	2026.06.01 16:05:00   [SRJ-IND] B152PR sym=USDJPY bar=2026.06.01 16:00 z1=714,B,158.107,158.142,2026.05.14 19:30,1,2026.05.14 20:00,158.169,158.142"
1604,JUNE0525-B157,1617DC1ACCE6B50ED2D1359582A70A8B8503C569623EE90C18C6B33542796207,Tester/logs/20261010.log,3018954,2026-06-01,16:05,B152PR,"GN	0	18:16:55.754	Core 04	2026.06.01 16:05:00   [SRJ-IND] B152PR sym=USDJPY bar=2026.06.01 16:00 z1=1405,B,158.735,158.769,2026.05.20 19:00,1,2026.05.20 19:05,158.816,158.753"
1605,JUNE0525-B157,1617DC1ACCE6B50ED2D1359582A70A8B8503C569623EE90C18C6B33542796207,Tester/logs/20261010.log,3018955,2026-06-01,16:05,B152PR,"MD	0	18:16:55.754	Core 04	2026.06.01 16:05:00   [SRJ-IND] B152PR sym=USDJPY bar=2026.06.01 16:00 z1=1779,B,158.756,158.800,2026.05.25 06:45,1,2026.05.26 00:00,158.887,158.784"
1606,JUNE0525-B157,1617DC1ACCE6B50ED2D1359582A70A8B8503C569623EE90C18C6B33542796207,Tester/logs/20261010.log,3018956,2026-06-01,16:05,B152PR,"PJ	0	18:16:55.754	Core 04	2026.06.01 16:05:00   [SRJ-IND] B152PR sym=USDJPY bar=2026.06.01 16:00 z1=1780,B,158.789,158.814,2026.05.25 04:50,1,2026.05.26 00:00,158.887,158.784"
1607,JUNE0525-B157,1617DC1ACCE6B50ED2D1359582A70A8B8503C569623EE90C18C6B33542796207,Tester/logs/20261010.log,3018957,2026-06-01,16:05,B152PR,"IP	0	18:16:55.754	Core 04	2026.06.01 16:05:00   [SRJ-IND] B152PR sym=USDJPY bar=2026.06.01 16:00 z1=1949,B,158.916,158.934,2026.05.26 07:25,1,2026.05.26 07:30,158.942,158.934"
1608,JUNE0525-B157,1617DC1ACCE6B50ED2D1359582A70A8B8503C569623EE90C18C6B33542796207,Tester/logs/20261010.log,3018958,2026-06-01,16:05,B152PR,"LG	0	18:16:55.754	Core 04	2026.06.01 16:05:00   [SRJ-IND] B152PR sym=USDJPY bar=2026.06.01 16:00 z1=2271,S,159.524,159.574,2026.05.28 09:40,1,2026.05.28 11:25,159.524,159.488"
1609,JUNE0525-B157,1617DC1ACCE6B50ED2D1359582A70A8B8503C569623EE90C18C6B33542796207,Tester/logs/20261010.log,3018959,2026-06-01,16:05,B152PR,"IM	0	18:16:55.754	Core 04	2026.06.01 16:05:00   [SRJ-IND] B152PR sym=USDJPY bar=2026.06.01 16:00 z1=2277,S,159.551,159.575,2026.05.28 08:40,1,2026.05.28 08:50,159.556,159.541"
1610,JUNE0525-B157,1617DC1ACCE6B50ED2D1359582A70A8B8503C569623EE90C18C6B33542796207,Tester/logs/20261010.log,3018960,2026-06-01,16:05,B152PR,"PR	0	18:16:55.754	Core 04	2026.06.01 16:05:00   [SRJ-IND] B152PR sym=USDJPY bar=2026.06.01 16:00 z1=2509,B,159.134,159.195,2026.05.29 19:10,1,2026.05.29 19:35,159.215,159.186"
1611,JUNE0525-B157,1617DC1ACCE6B50ED2D1359582A70A8B8503C569623EE90C18C6B33542796207,Tester/logs/20261010.log,3018961,2026-06-01,16:05,B152PR,"DJ	0	18:16:55.754	Core 04	2026.06.01 16:05:00   [SRJ-IND] B152PR sym=USDJPY bar=2026.06.01 16:00 bull=1 bear=1 nz=19"
1612,JUNE0525-B157,1617DC1ACCE6B50ED2D1359582A70A8B8503C569623EE90C18C6B33542796207,Tester/logs/20261010.log,3018966,2026-06-01,16:05,CQDRECHECK,"CI	0	18:16:55.754	Core 04	2026.06.01 16:05:00   [SRJ-EA] CQDRECHECK shift=2 passA=-2.0 passB=-2.0 diff=0 bar=2026.06.01 15:55 state=S1_REGIME dir=SHORT divLatch=1 hit1=0 hit2=392 mism=0"
1613,JUNE0525-B157,1617DC1ACCE6B50ED2D1359582A70A8B8503C569623EE90C18C6B33542796207,Tester/logs/20261010.log,3018970,2026-06-01,16:05,CONFIRMPOLL,"IN	0	18:16:55.754	Core 04	2026.06.01 16:05:00   [SRJ-EA] CONFIRMPOLL bar=2026.06.01 16:00 anchor=Monthly-POC dir=SHORT oppCandle=1 bodyDir=0 body=31pts doji=0 touchAttr=0 confirm=0 shadow=true"
1614,JUNE0525-B157,1617DC1ACCE6B50ED2D1359582A70A8B8503C569623EE90C18C6B33542796207,Tester/logs/20261010.log,3018974,2026-06-01,16:10,B152PR,"MK	0	18:16:55.754	Core 04	2026.06.01 16:10:00   [SRJ-IND] B152PR sym=USDJPY bar=2026.06.01 16:05 z1=65,B,156.672,156.773,2026.05.11 04:10,1,2026.05.12 08:55,157.714,156.726"
1615,JUNE0525-B157,1617DC1ACCE6B50ED2D1359582A70A8B8503C569623EE90C18C6B33542796207,Tester/logs/20261010.log,3018975,2026-06-01,16:10,B152PR,"MQ	0	18:16:55.754	Core 04	2026.06.01 16:10:00   [SRJ-IND] B152PR sym=USDJPY bar=2026.06.01 16:05 z1=78,B,156.578,156.584,2026.05.11 00:35,1,2026.05.11 00:40,156.644,156.537"
1616,JUNE0525-B157,1617DC1ACCE6B50ED2D1359582A70A8B8503C569623EE90C18C6B33542796207,Tester/logs/20261010.log,3018976,2026-06-01,16:10,B152PR,"KD	0	18:16:55.754	Core 04	2026.06.01 16:10:00   [SRJ-IND] B152PR sym=USDJPY bar=2026.06.01 16:05 z1=212,B,157.028,157.060,2026.05.11 19:20,1,2026.05.12 00:00,157.152,157.050"
1617,JUNE0525-B157,1617DC1ACCE6B50ED2D1359582A70A8B8503C569623EE90C18C6B33542796207,Tester/logs/20261010.log,3018977,2026-06-01,16:10,B152PR,"KN	0	18:16:55.754	Core 04	2026.06.01 16:10:00   [SRJ-IND] B152PR sym=USDJPY bar=2026.06.01 16:05 z1=256,B,157.172,157.178,2026.05.12 01:25,1,2026.05.12 08:55,157.714,156.726"
1618,JUNE0525-B157,1617DC1ACCE6B50ED2D1359582A70A8B8503C569623EE90C18C6B33542796207,Tester/logs/20261010.log,3018978,2026-06-01,16:10,B152PR,"EP	0	18:16:55.754	Core 04	2026.06.01 16:10:00   [SRJ-IND] B152PR sym=USDJPY bar=2026.06.01 16:05 z1=261,B,157.184,157.192,2026.05.12 03:00,1,2026.05.12 08:55,157.714,156.726"
1619,JUNE0525-B157,1617DC1ACCE6B50ED2D1359582A70A8B8503C569623EE90C18C6B33542796207,Tester/logs/20261010.log,3018979,2026-06-01,16:10,B152PR,"QJ	0	18:16:55.754	Core 04	2026.06.01 16:10:00   [SRJ-IND] B152PR sym=USDJPY bar=2026.06.01 16:05 z1=313,B,157.331,157.497,2026.05.12 10:00,1,2026.05.12 10:10,157.546,157.487"
1620,JUNE0525-B157,1617DC1ACCE6B50ED2D1359582A70A8B8503C569623EE90C18C6B33542796207,Tester/logs/20261010.log,3018980,2026-06-01,16:10,B152PR,"LO	0	18:16:55.754	Core 04	2026.06.01 16:10:00   [SRJ-IND] B152PR sym=USDJPY bar=2026.06.01 16:05 z1=414,B,157.517,157.589,2026.05.13 01:10,1,2026.05.13 01:20,157.607,157.587"
1621,JUNE0525-B157,1617DC1ACCE6B50ED2D1359582A70A8B8503C569623EE90C18C6B33542796207,Tester/logs/20261010.log,3018981,2026-06-01,16:10,B152PR,"GQ	0	18:16:55.754	Core 04	2026.06.01 16:10:00   [SRJ-IND] B152PR sym=USDJPY bar=2026.06.01 16:05 z1=447,B,157.562,157.648,2026.05.13 06:20,1,2026.05.13 06:25,157.662,157.648"
1622,JUNE0525-B157,1617DC1ACCE6B50ED2D1359582A70A8B8503C569623EE90C18C6B33542796207,Tester/logs/20261010.log,3018982,2026-06-01,16:10,B152PR,"HK	0	18:16:55.754	Core 04	2026.06.01 16:10:00   [SRJ-IND] B152PR sym=USDJPY bar=2026.06.01 16:05 z1=449,B,157.599,157.654,2026.05.13 05:15,1,2026.05.13 05:45,157.687,157.652"
1623,JUNE0525-B157,1617DC1ACCE6B50ED2D1359582A70A8B8503C569623EE90C18C6B33542796207,Tester/logs/20261010.log,3018983,2026-06-01,16:10,B152PR,"QM	0	18:16:55.754	Core 04	2026.06.01 16:10:00   [SRJ-IND] B152PR sym=USDJPY bar=2026.06.01 16:05 z1=460,B,157.645,157.660,2026.05.13 07:05,1,2026.05.14 00:25,157.812,157.650"
1624,JUNE0525-B157,1617DC1ACCE6B50ED2D1359582A70A8B8503C569623EE90C18C6B33542796207,Tester/logs/20261010.log,3018984,2026-06-01,16:10,B152PR,"IG	0	18:16:55.754	Core 04	2026.06.01 16:10:00   [SRJ-IND] B152PR sym=USDJPY bar=2026.06.01 16:05 z1=696,B,157.568,158.167,2026.05.14 18:05,1,2026.05.14 18:10,158.191,158.119"
1625,JUNE0525-B157,1617DC1ACCE6B50ED2D1359582A70A8B8503C569623EE90C18C6B33542796207,Tester/logs/20261010.log,3018985,2026-06-01,16:10,B152PR,"QI	0	18:16:55.754	Core 04	2026.06.01 16:10:00   [SRJ-IND] B152PR sym=USDJPY bar=2026.06.01 16:05 z1=714,B,158.107,158.142,2026.05.14 19:30,1,2026.05.14 20:00,158.169,158.142"
1626,JUNE0525-B157,1617DC1ACCE6B50ED2D1359582A70A8B8503C569623EE90C18C6B33542796207,Tester/logs/20261010.log,3018986,2026-06-01,16:10,B152PR,"LP	0	18:16:55.754	Core 04	2026.06.01 16:10:00   [SRJ-IND] B152PR sym=USDJPY bar=2026.06.01 16:05 z1=1405,B,158.735,158.769,2026.05.20 19:00,1,2026.05.20 19:05,158.816,158.753"
1627,JUNE0525-B157,1617DC1ACCE6B50ED2D1359582A70A8B8503C569623EE90C18C6B33542796207,Tester/logs/20261010.log,3018987,2026-06-01,16:10,B152PR,"JF	0	18:16:55.754	Core 04	2026.06.01 16:10:00   [SRJ-IND] B152PR sym=USDJPY bar=2026.06.01 16:05 z1=1779,B,158.756,158.800,2026.05.25 06:45,1,2026.05.26 00:00,158.887,158.784"
1628,JUNE0525-B157,1617DC1ACCE6B50ED2D1359582A70A8B8503C569623EE90C18C6B33542796207,Tester/logs/20261010.log,3018988,2026-06-01,16:10,B152PR,"CL	0	18:16:55.754	Core 04	2026.06.01 16:10:00   [SRJ-IND] B152PR sym=USDJPY bar=2026.06.01 16:05 z1=1780,B,158.789,158.814,2026.05.25 04:50,1,2026.05.26 00:00,158.887,158.784"
1629,JUNE0525-B157,1617DC1ACCE6B50ED2D1359582A70A8B8503C569623EE90C18C6B33542796207,Tester/logs/20261010.log,3018989,2026-06-01,16:10,B152PR,"NR	0	18:16:55.754	Core 04	2026.06.01 16:10:00   [SRJ-IND] B152PR sym=USDJPY bar=2026.06.01 16:05 z1=1949,B,158.916,158.934,2026.05.26 07:25,1,2026.05.26 07:30,158.942,158.934"
1630,JUNE0525-B157,1617DC1ACCE6B50ED2D1359582A70A8B8503C569623EE90C18C6B33542796207,Tester/logs/20261010.log,3018990,2026-06-01,16:10,B152PR,"GI	0	18:16:55.754	Core 04	2026.06.01 16:10:00   [SRJ-IND] B152PR sym=USDJPY bar=2026.06.01 16:05 z1=2271,S,159.524,159.574,2026.05.28 09:40,1,2026.05.28 11:25,159.524,159.488"
1631,JUNE0525-B157,1617DC1ACCE6B50ED2D1359582A70A8B8503C569623EE90C18C6B33542796207,Tester/logs/20261010.log,3018991,2026-06-01,16:10,B152PR,"NO	0	18:16:55.754	Core 04	2026.06.01 16:10:00   [SRJ-IND] B152PR sym=USDJPY bar=2026.06.01 16:05 z1=2277,S,159.551,159.575,2026.05.28 08:40,1,2026.05.28 08:50,159.556,159.541"
1632,JUNE0525-B157,1617DC1ACCE6B50ED2D1359582A70A8B8503C569623EE90C18C6B33542796207,Tester/logs/20261010.log,3018992,2026-06-01,16:10,B152PR,"CD	0	18:16:55.754	Core 04	2026.06.01 16:10:00   [SRJ-IND] B152PR sym=USDJPY bar=2026.06.01 16:05 z1=2509,B,159.134,159.195,2026.05.29 19:10,1,2026.05.29 19:35,159.215,159.186"
1633,JUNE0525-B157,1617DC1ACCE6B50ED2D1359582A70A8B8503C569623EE90C18C6B33542796207,Tester/logs/20261010.log,3018993,2026-06-01,16:10,B152PR,"OH	0	18:16:55.754	Core 04	2026.06.01 16:10:00   [SRJ-IND] B152PR sym=USDJPY bar=2026.06.01 16:05 bull=1 bear=1 nz=19"
1634,JUNE0525-B157,1617DC1ACCE6B50ED2D1359582A70A8B8503C569623EE90C18C6B33542796207,Tester/logs/20261010.log,3018999,2026-06-01,16:10,CONFIRMPOLL,"PO	0	18:16:55.754	Core 04	2026.06.01 16:10:00   [SRJ-EA] CONFIRMPOLL bar=2026.06.01 16:05 anchor=Monthly-POC dir=SHORT oppCandle=1 bodyDir=0 body=31pts doji=0 touchAttr=0 confirm=0 shadow=true"
1635,JUNE0525-B157,1617DC1ACCE6B50ED2D1359582A70A8B8503C569623EE90C18C6B33542796207,Tester/logs/20261010.log,3019009,2026-06-01,16:15,B152PR,"NH	0	18:16:55.754	Core 04	2026.06.01 16:15:00   [SRJ-IND] B152PR sym=USDJPY bar=2026.06.01 16:10 z1=65,B,156.672,156.773,2026.05.11 04:10,1,2026.05.12 08:55,157.714,156.726"
1636,JUNE0525-B157,1617DC1ACCE6B50ED2D1359582A70A8B8503C569623EE90C18C6B33542796207,Tester/logs/20261010.log,3019010,2026-06-01,16:15,B152PR,"NN	0	18:16:55.754	Core 04	2026.06.01 16:15:00   [SRJ-IND] B152PR sym=USDJPY bar=2026.06.01 16:10 z1=78,B,156.578,156.584,2026.05.11 00:35,1,2026.05.11 00:40,156.644,156.537"
1637,JUNE0525-B157,1617DC1ACCE6B50ED2D1359582A70A8B8503C569623EE90C18C6B33542796207,Tester/logs/20261010.log,3019011,2026-06-01,16:15,B152PR,"LG	0	18:16:55.754	Core 04	2026.06.01 16:15:00   [SRJ-IND] B152PR sym=USDJPY bar=2026.06.01 16:10 z1=212,B,157.028,157.060,2026.05.11 19:20,1,2026.05.12 00:00,157.152,157.050"
1638,JUNE0525-B157,1617DC1ACCE6B50ED2D1359582A70A8B8503C569623EE90C18C6B33542796207,Tester/logs/20261010.log,3019012,2026-06-01,16:15,B152PR,"LI	0	18:16:55.754	Core 04	2026.06.01 16:15:00   [SRJ-IND] B152PR sym=USDJPY bar=2026.06.01 16:10 z1=256,B,157.172,157.178,2026.05.12 01:25,1,2026.05.12 08:55,157.714,156.726"
1639,JUNE0525-B157,1617DC1ACCE6B50ED2D1359582A70A8B8503C569623EE90C18C6B33542796207,Tester/logs/20261010.log,3019013,2026-06-01,16:15,B152PR,"FS	0	18:16:55.754	Core 04	2026.06.01 16:15:00   [SRJ-IND] B152PR sym=USDJPY bar=2026.06.01 16:10 z1=261,B,157.184,157.192,2026.05.12 03:00,1,2026.05.12 08:55,157.714,156.726"
1640,JUNE0525-B157,1617DC1ACCE6B50ED2D1359582A70A8B8503C569623EE90C18C6B33542796207,Tester/logs/20261010.log,3019014,2026-06-01,16:15,B152PR,"RE	0	18:16:55.754	Core 04	2026.06.01 16:15:00   [SRJ-IND] B152PR sym=USDJPY bar=2026.06.01 16:10 z1=313,B,157.331,157.497,2026.05.12 10:00,1,2026.05.12 10:10,157.546,157.487"
1641,JUNE0525-B157,1617DC1ACCE6B50ED2D1359582A70A8B8503C569623EE90C18C6B33542796207,Tester/logs/20261010.log,3019015,2026-06-01,16:15,B152PR,"KN	0	18:16:55.754	Core 04	2026.06.01 16:15:00   [SRJ-IND] B152PR sym=USDJPY bar=2026.06.01 16:10 z1=414,B,157.517,157.589,2026.05.13 01:10,1,2026.05.13 01:20,157.607,157.587"
1642,JUNE0525-B157,1617DC1ACCE6B50ED2D1359582A70A8B8503C569623EE90C18C6B33542796207,Tester/logs/20261010.log,3019016,2026-06-01,16:15,B152PR,"HP	0	18:16:55.754	Core 04	2026.06.01 16:15:00   [SRJ-IND] B152PR sym=USDJPY bar=2026.06.01 16:10 z1=447,B,157.562,157.648,2026.05.13 06:20,1,2026.05.13 06:25,157.662,157.648"
1643,JUNE0525-B157,1617DC1ACCE6B50ED2D1359582A70A8B8503C569623EE90C18C6B33542796207,Tester/logs/20261010.log,3019017,2026-06-01,16:15,B152PR,"GJ	0	18:16:55.754	Core 04	2026.06.01 16:15:00   [SRJ-IND] B152PR sym=USDJPY bar=2026.06.01 16:10 z1=449,B,157.599,157.654,2026.05.13 05:15,1,2026.05.13 05:45,157.687,157.652"
1644,JUNE0525-B157,1617DC1ACCE6B50ED2D1359582A70A8B8503C569623EE90C18C6B33542796207,Tester/logs/20261010.log,3019018,2026-06-01,16:15,B152PR,"RL	0	18:16:55.754	Core 04	2026.06.01 16:15:00   [SRJ-IND] B152PR sym=USDJPY bar=2026.06.01 16:10 z1=460,B,157.645,157.660,2026.05.13 07:05,1,2026.05.14 00:25,157.812,157.650"
1645,JUNE0525-B157,1617DC1ACCE6B50ED2D1359582A70A8B8503C569623EE90C18C6B33542796207,Tester/logs/20261010.log,3019019,2026-06-01,16:15,B152PR,"JF	0	18:16:55.754	Core 04	2026.06.01 16:15:00   [SRJ-IND] B152PR sym=USDJPY bar=2026.06.01 16:10 z1=696,B,157.568,158.167,2026.05.14 18:05,1,2026.05.14 18:10,158.191,158.119"
1646,JUNE0525-B157,1617DC1ACCE6B50ED2D1359582A70A8B8503C569623EE90C18C6B33542796207,Tester/logs/20261010.log,3019020,2026-06-01,16:15,B152PR,"RH	0	18:16:55.754	Core 04	2026.06.01 16:15:00   [SRJ-IND] B152PR sym=USDJPY bar=2026.06.01 16:10 z1=714,B,158.107,158.142,2026.05.14 19:30,1,2026.05.14 20:00,158.169,158.142"
1647,JUNE0525-B157,1617DC1ACCE6B50ED2D1359582A70A8B8503C569623EE90C18C6B33542796207,Tester/logs/20261010.log,3019021,2026-06-01,16:15,B152PR,"KQ	0	18:16:55.754	Core 04	2026.06.01 16:15:00   [SRJ-IND] B152PR sym=USDJPY bar=2026.06.01 16:10 z1=1405,B,158.735,158.769,2026.05.20 19:00,1,2026.05.20 19:05,158.816,158.753"
1648,JUNE0525-B157,1617DC1ACCE6B50ED2D1359582A70A8B8503C569623EE90C18C6B33542796207,Tester/logs/20261010.log,3019022,2026-06-01,16:15,B152PR,"IG	0	18:16:55.754	Core 04	2026.06.01 16:15:00   [SRJ-IND] B152PR sym=USDJPY bar=2026.06.01 16:10 z1=1779,B,158.756,158.800,2026.05.25 06:45,1,2026.05.26 00:00,158.887,158.784"
1649,JUNE0525-B157,1617DC1ACCE6B50ED2D1359582A70A8B8503C569623EE90C18C6B33542796207,Tester/logs/20261010.log,3019023,2026-06-01,16:15,B152PR,"DM	0	18:16:55.754	Core 04	2026.06.01 16:15:00   [SRJ-IND] B152PR sym=USDJPY bar=2026.06.01 16:10 z1=1780,B,158.789,158.814,2026.05.25 04:50,1,2026.05.26 00:00,158.887,158.784"
1650,JUNE0525-B157,1617DC1ACCE6B50ED2D1359582A70A8B8503C569623EE90C18C6B33542796207,Tester/logs/20261010.log,3019024,2026-06-01,16:15,B152PR,"MS	0	18:16:55.754	Core 04	2026.06.01 16:15:00   [SRJ-IND] B152PR sym=USDJPY bar=2026.06.01 16:10 z1=1949,B,158.916,158.934,2026.05.26 07:25,1,2026.05.26 07:30,158.942,158.934"
1651,JUNE0525-B157,1617DC1ACCE6B50ED2D1359582A70A8B8503C569623EE90C18C6B33542796207,Tester/logs/20261010.log,3019025,2026-06-01,16:15,B152PR,"DI	0	18:16:55.754	Core 04	2026.06.01 16:15:00   [SRJ-IND] B152PR sym=USDJPY bar=2026.06.01 16:10 z1=2509,B,159.134,159.195,2026.05.29 19:10,1,2026.05.29 19:35,159.215,159.186"
1652,JUNE0525-B157,1617DC1ACCE6B50ED2D1359582A70A8B8503C569623EE90C18C6B33542796207,Tester/logs/20261010.log,3019026,2026-06-01,16:15,B152PR,"EM	0	18:16:55.754	Core 04	2026.06.01 16:15:00   [SRJ-IND] B152PR sym=USDJPY bar=2026.06.01 16:10 bull=1 bear=0 nz=17"
1653,JUNE0525-B157,1617DC1ACCE6B50ED2D1359582A70A8B8503C569623EE90C18C6B33542796207,Tester/logs/20261010.log,3019033,2026-06-01,16:15,CONFIRMPOLL,"IJ	0	18:16:55.754	Core 04	2026.06.01 16:15:00   [SRJ-EA] CONFIRMPOLL bar=2026.06.01 16:10 anchor=Monthly-POC dir=SHORT oppCandle=1 bodyDir=0 body=95pts doji=0 touchAttr=0 confirm=0 shadow=true"
1654,JUNE0525-B157,1617DC1ACCE6B50ED2D1359582A70A8B8503C569623EE90C18C6B33542796207,Tester/logs/20261010.log,3019037,2026-06-01,16:20,B152PR,"MO	0	18:16:55.754	Core 04	2026.06.01 16:20:00   [SRJ-IND] B152PR sym=USDJPY bar=2026.06.01 16:15 z1=65,B,156.672,156.773,2026.05.11 04:10,1,2026.05.12 08:55,157.714,156.726"
1655,JUNE0525-B157,1617DC1ACCE6B50ED2D1359582A70A8B8503C569623EE90C18C6B33542796207,Tester/logs/20261010.log,3019038,2026-06-01,16:20,B152PR,"ME	0	18:16:55.754	Core 04	2026.06.01 16:20:00   [SRJ-IND] B152PR sym=USDJPY bar=2026.06.01 16:15 z1=78,B,156.578,156.584,2026.05.11 00:35,1,2026.05.11 00:40,156.644,156.537"
1656,JUNE0525-B157,1617DC1ACCE6B50ED2D1359582A70A8B8503C569623EE90C18C6B33542796207,Tester/logs/20261010.log,3019039,2026-06-01,16:20,B152PR,"KH	0	18:16:55.754	Core 04	2026.06.01 16:20:00   [SRJ-IND] B152PR sym=USDJPY bar=2026.06.01 16:15 z1=212,B,157.028,157.060,2026.05.11 19:20,1,2026.05.12 00:00,157.152,157.050"
1657,JUNE0525-B157,1617DC1ACCE6B50ED2D1359582A70A8B8503C569623EE90C18C6B33542796207,Tester/logs/20261010.log,3019040,2026-06-01,16:20,B152PR,"OR	0	18:16:55.754	Core 04	2026.06.01 16:20:00   [SRJ-IND] B152PR sym=USDJPY bar=2026.06.01 16:15 z1=256,B,157.172,157.178,2026.05.12 01:25,1,2026.05.12 08:55,157.714,156.726"
1658,JUNE0525-B157,1617DC1ACCE6B50ED2D1359582A70A8B8503C569623EE90C18C6B33542796207,Tester/logs/20261010.log,3019041,2026-06-01,16:20,B152PR,"ED	0	18:16:55.754	Core 04	2026.06.01 16:20:00   [SRJ-IND] B152PR sym=USDJPY bar=2026.06.01 16:15 z1=261,B,157.184,157.192,2026.05.12 03:00,1,2026.05.12 08:55,157.714,156.726"
1659,JUNE0525-B157,1617DC1ACCE6B50ED2D1359582A70A8B8503C569623EE90C18C6B33542796207,Tester/logs/20261010.log,3019042,2026-06-01,16:20,B152PR,"EI	0	18:16:55.754	Core 04	2026.06.01 16:20:00   [SRJ-IND] B152PR sym=USDJPY bar=2026.06.01 16:15 z1=313,B,157.331,157.497,2026.05.12 10:00,1,2026.05.12 10:10,157.546,157.487"
1660,JUNE0525-B157,1617DC1ACCE6B50ED2D1359582A70A8B8503C569623EE90C18C6B33542796207,Tester/logs/20261010.log,3019043,2026-06-01,16:20,B152PR,"LS	0	18:16:55.754	Core 04	2026.06.01 16:20:00   [SRJ-IND] B152PR sym=USDJPY bar=2026.06.01 16:15 z1=414,B,157.517,157.589,2026.05.13 01:10,1,2026.05.13 01:20,157.607,157.587"
1661,JUNE0525-B157,1617DC1ACCE6B50ED2D1359582A70A8B8503C569623EE90C18C6B33542796207,Tester/logs/20261010.log,3019044,2026-06-01,16:20,B152PR,"CE	0	18:16:55.754	Core 04	2026.06.01 16:20:00   [SRJ-IND] B152PR sym=USDJPY bar=2026.06.01 16:15 z1=447,B,157.562,157.648,2026.05.13 06:20,1,2026.05.13 06:25,157.662,157.648"
1662,JUNE0525-B157,1617DC1ACCE6B50ED2D1359582A70A8B8503C569623EE90C18C6B33542796207,Tester/logs/20261010.log,3019045,2026-06-01,16:20,B152PR,"HO	0	18:16:55.754	Core 04	2026.06.01 16:20:00   [SRJ-IND] B152PR sym=USDJPY bar=2026.06.01 16:15 z1=449,B,157.599,157.654,2026.05.13 05:15,1,2026.05.13 05:45,157.687,157.652"
1663,JUNE0525-B157,1617DC1ACCE6B50ED2D1359582A70A8B8503C569623EE90C18C6B33542796207,Tester/logs/20261010.log,3019046,2026-06-01,16:20,B152PR,"EQ	0	18:16:55.754	Core 04	2026.06.01 16:20:00   [SRJ-IND] B152PR sym=USDJPY bar=2026.06.01 16:15 z1=460,B,157.645,157.660,2026.05.13 07:05,1,2026.05.14 00:25,157.812,157.650"
1664,JUNE0525-B157,1617DC1ACCE6B50ED2D1359582A70A8B8503C569623EE90C18C6B33542796207,Tester/logs/20261010.log,3019047,2026-06-01,16:20,B152PR,"IK	0	18:16:55.754	Core 04	2026.06.01 16:20:00   [SRJ-IND] B152PR sym=USDJPY bar=2026.06.01 16:15 z1=696,B,157.568,158.167,2026.05.14 18:05,1,2026.05.14 18:10,158.191,158.119"
1665,JUNE0525-B157,1617DC1ACCE6B50ED2D1359582A70A8B8503C569623EE90C18C6B33542796207,Tester/logs/20261010.log,3019048,2026-06-01,16:20,B152PR,"MM	0	18:16:55.754	Core 04	2026.06.01 16:20:00   [SRJ-IND] B152PR sym=USDJPY bar=2026.06.01 16:15 z1=714,B,158.107,158.142,2026.05.14 19:30,1,2026.05.14 20:00,158.169,158.142"
1666,JUNE0525-B157,1617DC1ACCE6B50ED2D1359582A70A8B8503C569623EE90C18C6B33542796207,Tester/logs/20261010.log,3019049,2026-06-01,16:20,B152PR,"LD	0	18:16:55.754	Core 04	2026.06.01 16:20:00   [SRJ-IND] B152PR sym=USDJPY bar=2026.06.01 16:15 z1=1405,B,158.735,158.769,2026.05.20 19:00,1,2026.05.20 19:05,158.816,158.753"
1667,JUNE0525-B157,1617DC1ACCE6B50ED2D1359582A70A8B8503C569623EE90C18C6B33542796207,Tester/logs/20261010.log,3019050,2026-06-01,16:20,B152PR,"JJ	0	18:16:55.754	Core 04	2026.06.01 16:20:00   [SRJ-IND] B152PR sym=USDJPY bar=2026.06.01 16:15 z1=1779,B,158.756,158.800,2026.05.25 06:45,1,2026.05.26 00:00,158.887,158.784"
1668,JUNE0525-B157,1617DC1ACCE6B50ED2D1359582A70A8B8503C569623EE90C18C6B33542796207,Tester/logs/20261010.log,3019051,2026-06-01,16:20,B152PR,"CP	0	18:16:55.754	Core 04	2026.06.01 16:20:00   [SRJ-IND] B152PR sym=USDJPY bar=2026.06.01 16:15 z1=1780,B,158.789,158.814,2026.05.25 04:50,1,2026.05.26 00:00,158.887,158.784"
1669,JUNE0525-B157,1617DC1ACCE6B50ED2D1359582A70A8B8503C569623EE90C18C6B33542796207,Tester/logs/20261010.log,3019052,2026-06-01,16:20,B152PR,"NF	0	18:16:55.754	Core 04	2026.06.01 16:20:00   [SRJ-IND] B152PR sym=USDJPY bar=2026.06.01 16:15 z1=1949,B,158.916,158.934,2026.05.26 07:25,1,2026.05.26 07:30,158.942,158.934"
1670,JUNE0525-B157,1617DC1ACCE6B50ED2D1359582A70A8B8503C569623EE90C18C6B33542796207,Tester/logs/20261010.log,3019053,2026-06-01,16:20,B152PR,"CL	0	18:16:55.754	Core 04	2026.06.01 16:20:00   [SRJ-IND] B152PR sym=USDJPY bar=2026.06.01 16:15 z1=2509,B,159.134,159.195,2026.05.29 19:10,1,2026.05.29 19:35,159.215,159.186"
1671,JUNE0525-B157,1617DC1ACCE6B50ED2D1359582A70A8B8503C569623EE90C18C6B33542796207,Tester/logs/20261010.log,3019054,2026-06-01,16:20,B152PR,"FP	0	18:16:55.754	Core 04	2026.06.01 16:20:00   [SRJ-IND] B152PR sym=USDJPY bar=2026.06.01 16:15 bull=1 bear=0 nz=17"
1672,JUNE0525-B157,1617DC1ACCE6B50ED2D1359582A70A8B8503C569623EE90C18C6B33542796207,Tester/logs/20261010.log,3019060,2026-06-01,16:20,CONFIRMPOLL,"OD	0	18:16:55.754	Core 04	2026.06.01 16:20:00   [SRJ-EA] CONFIRMPOLL bar=2026.06.01 16:15 anchor=Monthly-POC dir=SHORT oppCandle=1 bodyDir=0 body=3pts doji=0 touchAttr=0 confirm=0 shadow=true"
1673,JUNE0525-B157,1617DC1ACCE6B50ED2D1359582A70A8B8503C569623EE90C18C6B33542796207,Tester/logs/20261010.log,3019064,2026-06-01,16:25,B152PR,"ER	0	18:16:55.754	Core 04	2026.06.01 16:25:03   [SRJ-IND] B152PR sym=USDJPY bar=2026.06.01 16:20 z1=65,B,156.672,156.773,2026.05.11 04:10,1,2026.05.12 08:55,157.714,156.726"
1674,JUNE0525-B157,1617DC1ACCE6B50ED2D1359582A70A8B8503C569623EE90C18C6B33542796207,Tester/logs/20261010.log,3019065,2026-06-01,16:25,B152PR,"EH	0	18:16:55.754	Core 04	2026.06.01 16:25:03   [SRJ-IND] B152PR sym=USDJPY bar=2026.06.01 16:20 z1=78,B,156.578,156.584,2026.05.11 00:35,1,2026.05.11 00:40,156.644,156.537"
1675,JUNE0525-B157,1617DC1ACCE6B50ED2D1359582A70A8B8503C569623EE90C18C6B33542796207,Tester/logs/20261010.log,3019066,2026-06-01,16:25,B152PR,"CL	0	18:16:55.754	Core 04	2026.06.01 16:25:03   [SRJ-IND] B152PR sym=USDJPY bar=2026.06.01 16:20 z1=212,B,157.028,157.060,2026.05.11 19:20,1,2026.05.12 00:00,157.152,157.050"
1676,JUNE0525-B157,1617DC1ACCE6B50ED2D1359582A70A8B8503C569623EE90C18C6B33542796207,Tester/logs/20261010.log,3019067,2026-06-01,16:25,B152PR,"GF	0	18:16:55.754	Core 04	2026.06.01 16:25:03   [SRJ-IND] B152PR sym=USDJPY bar=2026.06.01 16:20 z1=256,B,157.172,157.178,2026.05.12 01:25,1,2026.05.12 08:55,157.714,156.726"
1677,JUNE0525-B157,1617DC1ACCE6B50ED2D1359582A70A8B8503C569623EE90C18C6B33542796207,Tester/logs/20261010.log,3019068,2026-06-01,16:25,B152PR,"MH	0	18:16:55.754	Core 04	2026.06.01 16:25:03   [SRJ-IND] B152PR sym=USDJPY bar=2026.06.01 16:20 z1=261,B,157.184,157.192,2026.05.12 03:00,1,2026.05.12 08:55,157.714,156.726"
1678,JUNE0525-B157,1617DC1ACCE6B50ED2D1359582A70A8B8503C569623EE90C18C6B33542796207,Tester/logs/20261010.log,3019069,2026-06-01,16:25,B152PR,"MR	0	18:16:55.754	Core 04	2026.06.01 16:25:03   [SRJ-IND] B152PR sym=USDJPY bar=2026.06.01 16:20 z1=313,B,157.331,157.497,2026.05.12 10:00,1,2026.05.12 10:10,157.546,157.487"
1679,JUNE0525-B157,1617DC1ACCE6B50ED2D1359582A70A8B8503C569623EE90C18C6B33542796207,Tester/logs/20261010.log,3019070,2026-06-01,16:25,B152PR,"DD	0	18:16:55.754	Core 04	2026.06.01 16:25:03   [SRJ-IND] B152PR sym=USDJPY bar=2026.06.01 16:20 z1=414,B,157.517,157.589,2026.05.13 01:10,1,2026.05.13 01:20,157.607,157.587"
1680,JUNE0525-B157,1617DC1ACCE6B50ED2D1359582A70A8B8503C569623EE90C18C6B33542796207,Tester/logs/20261010.log,3019071,2026-06-01,16:25,B152PR,"KN	0	18:16:55.754	Core 04	2026.06.01 16:25:03   [SRJ-IND] B152PR sym=USDJPY bar=2026.06.01 16:20 z1=447,B,157.562,157.648,2026.05.13 06:20,1,2026.05.13 06:25,157.662,157.648"
1681,JUNE0525-B157,1617DC1ACCE6B50ED2D1359582A70A8B8503C569623EE90C18C6B33542796207,Tester/logs/20261010.log,3019072,2026-06-01,16:25,B152PR,"PP	0	18:16:55.754	Core 04	2026.06.01 16:25:03   [SRJ-IND] B152PR sym=USDJPY bar=2026.06.01 16:20 z1=449,B,157.599,157.654,2026.05.13 05:15,1,2026.05.13 05:45,157.687,157.652"
1682,JUNE0525-B157,1617DC1ACCE6B50ED2D1359582A70A8B8503C569623EE90C18C6B33542796207,Tester/logs/20261010.log,3019073,2026-06-01,16:25,B152PR,"ME	0	18:16:55.754	Core 04	2026.06.01 16:25:03   [SRJ-IND] B152PR sym=USDJPY bar=2026.06.01 16:20 z1=460,B,157.645,157.660,2026.05.13 07:05,1,2026.05.14 00:25,157.812,157.650"
1683,JUNE0525-B157,1617DC1ACCE6B50ED2D1359582A70A8B8503C569623EE90C18C6B33542796207,Tester/logs/20261010.log,3019074,2026-06-01,16:25,B152PR,"QO	0	18:16:55.754	Core 04	2026.06.01 16:25:03   [SRJ-IND] B152PR sym=USDJPY bar=2026.06.01 16:20 z1=696,B,157.568,158.167,2026.05.14 18:05,1,2026.05.14 18:10,158.191,158.119"
1684,JUNE0525-B157,1617DC1ACCE6B50ED2D1359582A70A8B8503C569623EE90C18C6B33542796207,Tester/logs/20261010.log,3019075,2026-06-01,16:25,B152PR,"EQ	0	18:16:55.754	Core 04	2026.06.01 16:25:03   [SRJ-IND] B152PR sym=USDJPY bar=2026.06.01 16:20 z1=714,B,158.107,158.142,2026.05.14 19:30,1,2026.05.14 20:00,158.169,158.142"
1685,JUNE0525-B157,1617DC1ACCE6B50ED2D1359582A70A8B8503C569623EE90C18C6B33542796207,Tester/logs/20261010.log,3019076,2026-06-01,16:25,B152PR,"DH	0	18:16:55.754	Core 04	2026.06.01 16:25:03   [SRJ-IND] B152PR sym=USDJPY bar=2026.06.01 16:20 z1=1405,B,158.735,158.769,2026.05.20 19:00,1,2026.05.20 19:05,158.816,158.753"
1686,JUNE0525-B157,1617DC1ACCE6B50ED2D1359582A70A8B8503C569623EE90C18C6B33542796207,Tester/logs/20261010.log,3019077,2026-06-01,16:25,B152PR,"RN	0	18:16:55.754	Core 04	2026.06.01 16:25:03   [SRJ-IND] B152PR sym=USDJPY bar=2026.06.01 16:20 z1=1779,B,158.756,158.800,2026.05.25 06:45,1,2026.05.26 00:00,158.887,158.784"
1687,JUNE0525-B157,1617DC1ACCE6B50ED2D1359582A70A8B8503C569623EE90C18C6B33542796207,Tester/logs/20261010.log,3019078,2026-06-01,16:25,B152PR,"KD	0	18:16:55.754	Core 04	2026.06.01 16:25:03   [SRJ-IND] B152PR sym=USDJPY bar=2026.06.01 16:20 z1=1780,B,158.789,158.814,2026.05.25 04:50,1,2026.05.26 00:00,158.887,158.784"
1688,JUNE0525-B157,1617DC1ACCE6B50ED2D1359582A70A8B8503C569623EE90C18C6B33542796207,Tester/logs/20261010.log,3019079,2026-06-01,16:25,B152PR,"FJ	0	18:16:55.754	Core 04	2026.06.01 16:25:03   [SRJ-IND] B152PR sym=USDJPY bar=2026.06.01 16:20 z1=1949,B,158.916,158.934,2026.05.26 07:25,1,2026.05.26 07:30,158.942,158.934"
1689,JUNE0525-B157,1617DC1ACCE6B50ED2D1359582A70A8B8503C569623EE90C18C6B33542796207,Tester/logs/20261010.log,3019080,2026-06-01,16:25,B152PR,"KP	0	18:16:55.754	Core 04	2026.06.01 16:25:03   [SRJ-IND] B152PR sym=USDJPY bar=2026.06.01 16:20 z1=2509,B,159.134,159.195,2026.05.29 19:10,1,2026.05.29 19:35,159.215,159.186"
1690,JUNE0525-B157,1617DC1ACCE6B50ED2D1359582A70A8B8503C569623EE90C18C6B33542796207,Tester/logs/20261010.log,3019081,2026-06-01,16:25,B152PR,"ND	0	18:16:55.754	Core 04	2026.06.01 16:25:03   [SRJ-IND] B152PR sym=USDJPY bar=2026.06.01 16:20 bull=1 bear=0 nz=17"
1691,JUNE0525-B157,1617DC1ACCE6B50ED2D1359582A70A8B8503C569623EE90C18C6B33542796207,Tester/logs/20261010.log,3019087,2026-06-01,16:25,CONFIRMPOLL,"DS	0	18:16:55.754	Core 04	2026.06.01 16:25:03   [SRJ-EA] CONFIRMPOLL bar=2026.06.01 16:20 anchor=Monthly-POC dir=SHORT oppCandle=1 bodyDir=0 body=26pts doji=0 touchAttr=0 confirm=0 shadow=true"
1692,JUNE0525-B157,1617DC1ACCE6B50ED2D1359582A70A8B8503C569623EE90C18C6B33542796207,Tester/logs/20261010.log,3019091,2026-06-01,16:30,B152PR,"GI	0	18:16:55.754	Core 04	2026.06.01 16:30:00   [SRJ-IND] B152PR sym=USDJPY bar=2026.06.01 16:25 z1=65,B,156.672,156.773,2026.05.11 04:10,1,2026.05.12 08:55,157.714,156.726"
1693,JUNE0525-B157,1617DC1ACCE6B50ED2D1359582A70A8B8503C569623EE90C18C6B33542796207,Tester/logs/20261010.log,3019092,2026-06-01,16:30,B152PR,"OL	0	18:16:55.754	Core 04	2026.06.01 16:30:00   [SRJ-IND] B152PR sym=USDJPY bar=2026.06.01 16:25 z1=78,B,156.578,156.584,2026.05.11 00:35,1,2026.05.11 00:40,156.644,156.537"
1694,JUNE0525-B157,1617DC1ACCE6B50ED2D1359582A70A8B8503C569623EE90C18C6B33542796207,Tester/logs/20261010.log,3019093,2026-06-01,16:30,B152PR,"IQ	0	18:16:55.754	Core 04	2026.06.01 16:30:00   [SRJ-IND] B152PR sym=USDJPY bar=2026.06.01 16:25 z1=212,B,157.028,157.060,2026.05.11 19:20,1,2026.05.12 00:00,157.152,157.050"
1695,JUNE0525-B157,1617DC1ACCE6B50ED2D1359582A70A8B8503C569623EE90C18C6B33542796207,Tester/logs/20261010.log,3019094,2026-06-01,16:30,B152PR,"MK	0	18:16:55.754	Core 04	2026.06.01 16:30:00   [SRJ-IND] B152PR sym=USDJPY bar=2026.06.01 16:25 z1=256,B,157.172,157.178,2026.05.12 01:25,1,2026.05.12 08:55,157.714,156.726"
1696,JUNE0525-B157,1617DC1ACCE6B50ED2D1359582A70A8B8503C569623EE90C18C6B33542796207,Tester/logs/20261010.log,3019095,2026-06-01,16:30,B152PR,"GM	0	18:16:55.754	Core 04	2026.06.01 16:30:00   [SRJ-IND] B152PR sym=USDJPY bar=2026.06.01 16:25 z1=261,B,157.184,157.192,2026.05.12 03:00,1,2026.05.12 08:55,157.714,156.726"
1697,JUNE0525-B157,1617DC1ACCE6B50ED2D1359582A70A8B8503C569623EE90C18C6B33542796207,Tester/logs/20261010.log,3019096,2026-06-01,16:30,B152PR,"OG	0	18:16:55.754	Core 04	2026.06.01 16:30:00   [SRJ-IND] B152PR sym=USDJPY bar=2026.06.01 16:25 z1=313,B,157.331,157.497,2026.05.12 10:00,1,2026.05.12 10:10,157.546,157.487"
1698,JUNE0525-B157,1617DC1ACCE6B50ED2D1359582A70A8B8503C569623EE90C18C6B33542796207,Tester/logs/20261010.log,3019097,2026-06-01,16:30,B152PR,"JI	0	18:16:55.754	Core 04	2026.06.01 16:30:00   [SRJ-IND] B152PR sym=USDJPY bar=2026.06.01 16:25 z1=414,B,157.517,157.589,2026.05.13 01:10,1,2026.05.13 01:20,157.607,157.587"
1699,JUNE0525-B157,1617DC1ACCE6B50ED2D1359582A70A8B8503C569623EE90C18C6B33542796207,Tester/logs/20261010.log,3019098,2026-06-01,16:30,B152PR,"IR	0	18:16:55.754	Core 04	2026.06.01 16:30:00   [SRJ-IND] B152PR sym=USDJPY bar=2026.06.01 16:25 z1=447,B,157.562,157.648,2026.05.13 06:20,1,2026.05.13 06:25,157.662,157.648"
1700,JUNE0525-B157,1617DC1ACCE6B50ED2D1359582A70A8B8503C569623EE90C18C6B33542796207,Tester/logs/20261010.log,3019099,2026-06-01,16:30,B152PR,"FD	0	18:16:55.754	Core 04	2026.06.01 16:30:00   [SRJ-IND] B152PR sym=USDJPY bar=2026.06.01 16:25 z1=449,B,157.599,157.654,2026.05.13 05:15,1,2026.05.13 05:45,157.687,157.652"
1701,JUNE0525-B157,1617DC1ACCE6B50ED2D1359582A70A8B8503C569623EE90C18C6B33542796207,Tester/logs/20261010.log,3019100,2026-06-01,16:30,B152PR,"ON	0	18:16:55.754	Core 04	2026.06.01 16:30:00   [SRJ-IND] B152PR sym=USDJPY bar=2026.06.01 16:25 z1=460,B,157.645,157.660,2026.05.13 07:05,1,2026.05.14 00:25,157.812,157.650"
1702,JUNE0525-B157,1617DC1ACCE6B50ED2D1359582A70A8B8503C569623EE90C18C6B33542796207,Tester/logs/20261010.log,3019101,2026-06-01,16:30,B152PR,"KP	0	18:16:55.754	Core 04	2026.06.01 16:30:00   [SRJ-IND] B152PR sym=USDJPY bar=2026.06.01 16:25 z1=696,B,157.568,158.167,2026.05.14 18:05,1,2026.05.14 18:10,158.191,158.119"
1703,JUNE0525-B157,1617DC1ACCE6B50ED2D1359582A70A8B8503C569623EE90C18C6B33542796207,Tester/logs/20261010.log,3019102,2026-06-01,16:30,B152PR,"OJ	0	18:16:55.754	Core 04	2026.06.01 16:30:00   [SRJ-IND] B152PR sym=USDJPY bar=2026.06.01 16:25 z1=714,B,158.107,158.142,2026.05.14 19:30,1,2026.05.14 20:00,158.169,158.142"
1704,JUNE0525-B157,1617DC1ACCE6B50ED2D1359582A70A8B8503C569623EE90C18C6B33542796207,Tester/logs/20261010.log,3019103,2026-06-01,16:30,B152PR,"RO	0	18:16:55.754	Core 04	2026.06.01 16:30:00   [SRJ-IND] B152PR sym=USDJPY bar=2026.06.01 16:25 z1=1405,B,158.735,158.769,2026.05.20 19:00,1,2026.05.20 19:05,158.816,158.753"
1705,JUNE0525-B157,1617DC1ACCE6B50ED2D1359582A70A8B8503C569623EE90C18C6B33542796207,Tester/logs/20261010.log,3019104,2026-06-01,16:30,B152PR,"DE	0	18:16:55.754	Core 04	2026.06.01 16:30:00   [SRJ-IND] B152PR sym=USDJPY bar=2026.06.01 16:25 z1=1779,B,158.756,158.800,2026.05.25 06:45,1,2026.05.26 00:00,158.887,158.784"
1706,JUNE0525-B157,1617DC1ACCE6B50ED2D1359582A70A8B8503C569623EE90C18C6B33542796207,Tester/logs/20261010.log,3019105,2026-06-01,16:30,B152PR,"IK	0	18:16:55.754	Core 04	2026.06.01 16:30:00   [SRJ-IND] B152PR sym=USDJPY bar=2026.06.01 16:25 z1=1780,B,158.789,158.814,2026.05.25 04:50,1,2026.05.26 00:00,158.887,158.784"
1707,JUNE0525-B157,1617DC1ACCE6B50ED2D1359582A70A8B8503C569623EE90C18C6B33542796207,Tester/logs/20261010.log,3019106,2026-06-01,16:30,B152PR,"PQ	0	18:16:55.754	Core 04	2026.06.01 16:30:00   [SRJ-IND] B152PR sym=USDJPY bar=2026.06.01 16:25 z1=1949,B,158.916,158.934,2026.05.26 07:25,1,2026.05.26 07:30,158.942,158.934"
1708,JUNE0525-B157,1617DC1ACCE6B50ED2D1359582A70A8B8503C569623EE90C18C6B33542796207,Tester/logs/20261010.log,3019107,2026-06-01,16:30,B152PR,"IG	0	18:16:55.754	Core 04	2026.06.01 16:30:00   [SRJ-IND] B152PR sym=USDJPY bar=2026.06.01 16:25 z1=2509,B,159.134,159.195,2026.05.29 19:10,1,2026.05.29 19:35,159.215,159.186"
1709,JUNE0525-B157,1617DC1ACCE6B50ED2D1359582A70A8B8503C569623EE90C18C6B33542796207,Tester/logs/20261010.log,3019108,2026-06-01,16:30,B152PR,"HO	0	18:16:55.754	Core 04	2026.06.01 16:30:00   [SRJ-IND] B152PR sym=USDJPY bar=2026.06.01 16:25 bull=1 bear=0 nz=17"
1710,JUNE0525-B157,1617DC1ACCE6B50ED2D1359582A70A8B8503C569623EE90C18C6B33542796207,Tester/logs/20261010.log,3019115,2026-06-01,16:30,CONFIRMPOLL,"OH	0	18:16:55.754	Core 04	2026.06.01 16:30:00   [SRJ-EA] CONFIRMPOLL bar=2026.06.01 16:25 anchor=Monthly-POC dir=SHORT oppCandle=1 bodyDir=0 body=18pts doji=0 touchAttr=0 confirm=0 shadow=true"
1711,JUNE0525-B157,1617DC1ACCE6B50ED2D1359582A70A8B8503C569623EE90C18C6B33542796207,Tester/logs/20261010.log,3019119,2026-06-01,16:35,B152PR,"NM	0	18:16:55.754	Core 04	2026.06.01 16:35:00   [SRJ-IND] B152PR sym=USDJPY bar=2026.06.01 16:30 z1=65,B,156.672,156.773,2026.05.11 04:10,1,2026.05.12 08:55,157.714,156.726"
1712,JUNE0525-B157,1617DC1ACCE6B50ED2D1359582A70A8B8503C569623EE90C18C6B33542796207,Tester/logs/20261010.log,3019120,2026-06-01,16:35,B152PR,"NS	0	18:16:55.754	Core 04	2026.06.01 16:35:00   [SRJ-IND] B152PR sym=USDJPY bar=2026.06.01 16:30 z1=78,B,156.578,156.584,2026.05.11 00:35,1,2026.05.11 00:40,156.644,156.537"
1713,JUNE0525-B157,1617DC1ACCE6B50ED2D1359582A70A8B8503C569623EE90C18C6B33542796207,Tester/logs/20261010.log,3019121,2026-06-01,16:35,B152PR,"LJ	0	18:16:55.754	Core 04	2026.06.01 16:35:00   [SRJ-IND] B152PR sym=USDJPY bar=2026.06.01 16:30 z1=212,B,157.028,157.060,2026.05.11 19:20,1,2026.05.12 00:00,157.152,157.050"
1714,JUNE0525-B157,1617DC1ACCE6B50ED2D1359582A70A8B8503C569623EE90C18C6B33542796207,Tester/logs/20261010.log,3019122,2026-06-01,16:35,B152PR,"LL	0	18:16:55.754	Core 04	2026.06.01 16:35:00   [SRJ-IND] B152PR sym=USDJPY bar=2026.06.01 16:30 z1=256,B,157.172,157.178,2026.05.12 01:25,1,2026.05.12 08:55,157.714,156.726"
1715,JUNE0525-B157,1617DC1ACCE6B50ED2D1359582A70A8B8503C569623EE90C18C6B33542796207,Tester/logs/20261010.log,3019123,2026-06-01,16:35,B152PR,"FF	0	18:16:55.754	Core 04	2026.06.01 16:35:00   [SRJ-IND] B152PR sym=USDJPY bar=2026.06.01 16:30 z1=261,B,157.184,157.192,2026.05.12 03:00,1,2026.05.12 08:55,157.714,156.726"
1716,JUNE0525-B157,1617DC1ACCE6B50ED2D1359582A70A8B8503C569623EE90C18C6B33542796207,Tester/logs/20261010.log,3019124,2026-06-01,16:35,B152PR,"RH	0	18:16:55.754	Core 04	2026.06.01 16:35:00   [SRJ-IND] B152PR sym=USDJPY bar=2026.06.01 16:30 z1=313,B,157.331,157.497,2026.05.12 10:00,1,2026.05.12 10:10,157.546,157.487"
1717,JUNE0525-B157,1617DC1ACCE6B50ED2D1359582A70A8B8503C569623EE90C18C6B33542796207,Tester/logs/20261010.log,3019125,2026-06-01,16:35,B152PR,"KM	0	18:16:55.754	Core 04	2026.06.01 16:35:00   [SRJ-IND] B152PR sym=USDJPY bar=2026.06.01 16:30 z1=414,B,157.517,157.589,2026.05.13 01:10,1,2026.05.13 01:20,157.607,157.587"
1718,JUNE0525-B157,1617DC1ACCE6B50ED2D1359582A70A8B8503C569623EE90C18C6B33542796207,Tester/logs/20261010.log,3019126,2026-06-01,16:35,B152PR,"HG	0	18:16:55.754	Core 04	2026.06.01 16:35:00   [SRJ-IND] B152PR sym=USDJPY bar=2026.06.01 16:30 z1=447,B,157.562,157.648,2026.05.13 06:20,1,2026.05.13 06:25,157.662,157.648"
1719,JUNE0525-B157,1617DC1ACCE6B50ED2D1359582A70A8B8503C569623EE90C18C6B33542796207,Tester/logs/20261010.log,3019127,2026-06-01,16:35,B152PR,"GI	0	18:16:55.754	Core 04	2026.06.01 16:35:00   [SRJ-IND] B152PR sym=USDJPY bar=2026.06.01 16:30 z1=449,B,157.599,157.654,2026.05.13 05:15,1,2026.05.13 05:45,157.687,157.652"
1720,JUNE0525-B157,1617DC1ACCE6B50ED2D1359582A70A8B8503C569623EE90C18C6B33542796207,Tester/logs/20261010.log,3019128,2026-06-01,16:35,B152PR,"RS	0	18:16:55.754	Core 04	2026.06.01 16:35:00   [SRJ-IND] B152PR sym=USDJPY bar=2026.06.01 16:30 z1=460,B,157.645,157.660,2026.05.13 07:05,1,2026.05.14 00:25,157.812,157.650"
1721,JUNE0525-B157,1617DC1ACCE6B50ED2D1359582A70A8B8503C569623EE90C18C6B33542796207,Tester/logs/20261010.log,3019129,2026-06-01,16:35,B152PR,"JE	0	18:16:55.754	Core 04	2026.06.01 16:35:00   [SRJ-IND] B152PR sym=USDJPY bar=2026.06.01 16:30 z1=696,B,157.568,158.167,2026.05.14 18:05,1,2026.05.14 18:10,158.191,158.119"
1722,JUNE0525-B157,1617DC1ACCE6B50ED2D1359582A70A8B8503C569623EE90C18C6B33542796207,Tester/logs/20261010.log,3019130,2026-06-01,16:35,B152PR,"RO	0	18:16:55.754	Core 04	2026.06.01 16:35:00   [SRJ-IND] B152PR sym=USDJPY bar=2026.06.01 16:30 z1=714,B,158.107,158.142,2026.05.14 19:30,1,2026.05.14 20:00,158.169,158.142"
1723,JUNE0525-B157,1617DC1ACCE6B50ED2D1359582A70A8B8503C569623EE90C18C6B33542796207,Tester/logs/20261010.log,3019131,2026-06-01,16:35,B152PR,"KR	0	18:16:55.754	Core 04	2026.06.01 16:35:00   [SRJ-IND] B152PR sym=USDJPY bar=2026.06.01 16:30 z1=1405,B,158.735,158.769,2026.05.20 19:00,1,2026.05.20 19:05,158.816,158.753"
1724,JUNE0525-B157,1617DC1ACCE6B50ED2D1359582A70A8B8503C569623EE90C18C6B33542796207,Tester/logs/20261010.log,3019132,2026-06-01,16:35,B152PR,"IH	0	18:16:55.754	Core 04	2026.06.01 16:35:00   [SRJ-IND] B152PR sym=USDJPY bar=2026.06.01 16:30 z1=1779,B,158.756,158.800,2026.05.25 06:45,1,2026.05.26 00:00,158.887,158.784"
1725,JUNE0525-B157,1617DC1ACCE6B50ED2D1359582A70A8B8503C569623EE90C18C6B33542796207,Tester/logs/20261010.log,3019133,2026-06-01,16:35,B152PR,"DN	0	18:16:55.754	Core 04	2026.06.01 16:35:00   [SRJ-IND] B152PR sym=USDJPY bar=2026.06.01 16:30 z1=1780,B,158.789,158.814,2026.05.25 04:50,1,2026.05.26 00:00,158.887,158.784"
1726,JUNE0525-B157,1617DC1ACCE6B50ED2D1359582A70A8B8503C569623EE90C18C6B33542796207,Tester/logs/20261010.log,3019134,2026-06-01,16:35,B152PR,"MD	0	18:16:55.754	Core 04	2026.06.01 16:35:00   [SRJ-IND] B152PR sym=USDJPY bar=2026.06.01 16:30 z1=1949,B,158.916,158.934,2026.05.26 07:25,1,2026.05.26 07:30,158.942,158.934"
1727,JUNE0525-B157,1617DC1ACCE6B50ED2D1359582A70A8B8503C569623EE90C18C6B33542796207,Tester/logs/20261010.log,3019135,2026-06-01,16:35,B152PR,"DJ	0	18:16:55.754	Core 04	2026.06.01 16:35:00   [SRJ-IND] B152PR sym=USDJPY bar=2026.06.01 16:30 z1=2509,B,159.134,159.195,2026.05.29 19:10,1,2026.05.29 19:35,159.215,159.186"
1728,JUNE0525-B157,1617DC1ACCE6B50ED2D1359582A70A8B8503C569623EE90C18C6B33542796207,Tester/logs/20261010.log,3019136,2026-06-01,16:35,B152PR,"ER	0	18:16:55.754	Core 04	2026.06.01 16:35:00   [SRJ-IND] B152PR sym=USDJPY bar=2026.06.01 16:30 bull=1 bear=0 nz=17"
1729,JUNE0525-B157,1617DC1ACCE6B50ED2D1359582A70A8B8503C569623EE90C18C6B33542796207,Tester/logs/20261010.log,3019142,2026-06-01,16:35,CONFIRMPOLL,"KE	0	18:16:55.754	Core 04	2026.06.01 16:35:00   [SRJ-EA] CONFIRMPOLL bar=2026.06.01 16:30 anchor=Monthly-POC dir=SHORT oppCandle=1 bodyDir=0 body=33pts doji=0 touchAttr=0 confirm=0 shadow=true"
1730,JUNE0525-B157,1617DC1ACCE6B50ED2D1359582A70A8B8503C569623EE90C18C6B33542796207,Tester/logs/20261010.log,3019146,2026-06-01,16:40,B152PR,"KP	0	18:16:55.754	Core 04	2026.06.01 16:40:00   [SRJ-IND] B152PR sym=USDJPY bar=2026.06.01 16:35 z1=65,B,156.672,156.773,2026.05.11 04:10,1,2026.05.12 08:55,157.714,156.726"
1731,JUNE0525-B157,1617DC1ACCE6B50ED2D1359582A70A8B8503C569623EE90C18C6B33542796207,Tester/logs/20261010.log,3019147,2026-06-01,16:40,B152PR,"CF	0	18:16:55.754	Core 04	2026.06.01 16:40:00   [SRJ-IND] B152PR sym=USDJPY bar=2026.06.01 16:35 z1=78,B,156.578,156.584,2026.05.11 00:35,1,2026.05.11 00:40,156.644,156.537"
1732,JUNE0525-B157,1617DC1ACCE6B50ED2D1359582A70A8B8503C569623EE90C18C6B33542796207,Tester/logs/20261010.log,3019148,2026-06-01,16:40,B152PR,"MO	0	18:16:55.754	Core 04	2026.06.01 16:40:00   [SRJ-IND] B152PR sym=USDJPY bar=2026.06.01 16:35 z1=212,B,157.028,157.060,2026.05.11 19:20,1,2026.05.12 00:00,157.152,157.050"
1733,JUNE0525-B157,1617DC1ACCE6B50ED2D1359582A70A8B8503C569623EE90C18C6B33542796207,Tester/logs/20261010.log,3019149,2026-06-01,16:40,B152PR,"MQ	0	18:16:55.754	Core 04	2026.06.01 16:40:00   [SRJ-IND] B152PR sym=USDJPY bar=2026.06.01 16:35 z1=256,B,157.172,157.178,2026.05.12 01:25,1,2026.05.12 08:55,157.714,156.726"
1734,JUNE0525-B157,1617DC1ACCE6B50ED2D1359582A70A8B8503C569623EE90C18C6B33542796207,Tester/logs/20261010.log,3019150,2026-06-01,16:40,B152PR,"KJ	0	18:16:55.754	Core 04	2026.06.01 16:40:00   [SRJ-IND] B152PR sym=USDJPY bar=2026.06.01 16:35 z1=261,B,157.184,157.192,2026.05.12 03:00,1,2026.05.12 08:55,157.714,156.726"
1735,JUNE0525-B157,1617DC1ACCE6B50ED2D1359582A70A8B8503C569623EE90C18C6B33542796207,Tester/logs/20261010.log,3019151,2026-06-01,16:40,B152PR,"GL	0	18:16:55.754	Core 04	2026.06.01 16:40:00   [SRJ-IND] B152PR sym=USDJPY bar=2026.06.01 16:35 z1=313,B,157.331,157.497,2026.05.12 10:00,1,2026.05.12 10:10,157.546,157.487"
1736,JUNE0525-B157,1617DC1ACCE6B50ED2D1359582A70A8B8503C569623EE90C18C6B33542796207,Tester/logs/20261010.log,3019152,2026-06-01,16:40,B152PR,"NF	0	18:16:55.754	Core 04	2026.06.01 16:40:00   [SRJ-IND] B152PR sym=USDJPY bar=2026.06.01 16:35 z1=414,B,157.517,157.589,2026.05.13 01:10,1,2026.05.13 01:20,157.607,157.587"
1737,JUNE0525-B157,1617DC1ACCE6B50ED2D1359582A70A8B8503C569623EE90C18C6B33542796207,Tester/logs/20261010.log,3019153,2026-06-01,16:40,B152PR,"IH	0	18:16:55.754	Core 04	2026.06.01 16:40:00   [SRJ-IND] B152PR sym=USDJPY bar=2026.06.01 16:35 z1=447,B,157.562,157.648,2026.05.13 06:20,1,2026.05.13 06:25,157.662,157.648"
1738,JUNE0525-B157,1617DC1ACCE6B50ED2D1359582A70A8B8503C569623EE90C18C6B33542796207,Tester/logs/20261010.log,3019154,2026-06-01,16:40,B152PR,"RR	0	18:16:55.754	Core 04	2026.06.01 16:40:00   [SRJ-IND] B152PR sym=USDJPY bar=2026.06.01 16:35 z1=449,B,157.599,157.654,2026.05.13 05:15,1,2026.05.13 05:45,157.687,157.652"
1739,JUNE0525-B157,1617DC1ACCE6B50ED2D1359582A70A8B8503C569623EE90C18C6B33542796207,Tester/logs/20261010.log,3019155,2026-06-01,16:40,B152PR,"GD	0	18:16:55.754	Core 04	2026.06.01 16:40:00   [SRJ-IND] B152PR sym=USDJPY bar=2026.06.01 16:35 z1=460,B,157.645,157.660,2026.05.13 07:05,1,2026.05.14 00:25,157.812,157.650"
1740,JUNE0525-B157,1617DC1ACCE6B50ED2D1359582A70A8B8503C569623EE90C18C6B33542796207,Tester/logs/20261010.log,3019156,2026-06-01,16:40,B152PR,"GN	0	18:16:55.754	Core 04	2026.06.01 16:40:00   [SRJ-IND] B152PR sym=USDJPY bar=2026.06.01 16:35 z1=696,B,157.568,158.167,2026.05.14 18:05,1,2026.05.14 18:10,158.191,158.119"
1741,JUNE0525-B157,1617DC1ACCE6B50ED2D1359582A70A8B8503C569623EE90C18C6B33542796207,Tester/logs/20261010.log,3019157,2026-06-01,16:40,B152PR,"OP	0	18:16:55.754	Core 04	2026.06.01 16:40:00   [SRJ-IND] B152PR sym=USDJPY bar=2026.06.01 16:35 z1=714,B,158.107,158.142,2026.05.14 19:30,1,2026.05.14 20:00,158.169,158.142"
1742,JUNE0525-B157,1617DC1ACCE6B50ED2D1359582A70A8B8503C569623EE90C18C6B33542796207,Tester/logs/20261010.log,3019158,2026-06-01,16:40,B152PR,"FF	0	18:16:55.754	Core 04	2026.06.01 16:40:00   [SRJ-IND] B152PR sym=USDJPY bar=2026.06.01 16:35 z1=1405,B,158.735,158.769,2026.05.20 19:00,1,2026.05.20 19:05,158.816,158.753"
1743,JUNE0525-B157,1617DC1ACCE6B50ED2D1359582A70A8B8503C569623EE90C18C6B33542796207,Tester/logs/20261010.log,3019159,2026-06-01,16:40,B152PR,"PL	0	18:16:55.754	Core 04	2026.06.01 16:40:00   [SRJ-IND] B152PR sym=USDJPY bar=2026.06.01 16:35 z1=1779,B,158.756,158.800,2026.05.25 06:45,1,2026.05.26 00:00,158.887,158.784"
1744,JUNE0525-B157,1617DC1ACCE6B50ED2D1359582A70A8B8503C569623EE90C18C6B33542796207,Tester/logs/20261010.log,3019160,2026-06-01,16:40,B152PR,"MR	0	18:16:55.754	Core 04	2026.06.01 16:40:00   [SRJ-IND] B152PR sym=USDJPY bar=2026.06.01 16:35 z1=1780,B,158.789,158.814,2026.05.25 04:50,1,2026.05.26 00:00,158.887,158.784"
1745,JUNE0525-B157,1617DC1ACCE6B50ED2D1359582A70A8B8503C569623EE90C18C6B33542796207,Tester/logs/20261010.log,3019161,2026-06-01,16:40,B152PR,"DH	0	18:16:55.754	Core 04	2026.06.01 16:40:00   [SRJ-IND] B152PR sym=USDJPY bar=2026.06.01 16:35 z1=1949,B,158.916,158.934,2026.05.26 07:25,1,2026.05.26 07:30,158.942,158.934"
1746,JUNE0525-B157,1617DC1ACCE6B50ED2D1359582A70A8B8503C569623EE90C18C6B33542796207,Tester/logs/20261010.log,3019162,2026-06-01,16:40,B152PR,"MN	0	18:16:55.754	Core 04	2026.06.01 16:40:00   [SRJ-IND] B152PR sym=USDJPY bar=2026.06.01 16:35 z1=2509,B,159.134,159.195,2026.05.29 19:10,1,2026.05.29 19:35,159.215,159.186"
1747,JUNE0525-B157,1617DC1ACCE6B50ED2D1359582A70A8B8503C569623EE90C18C6B33542796207,Tester/logs/20261010.log,3019163,2026-06-01,16:40,B152PR,"LF	0	18:16:55.754	Core 04	2026.06.01 16:40:00   [SRJ-IND] B152PR sym=USDJPY bar=2026.06.01 16:35 bull=1 bear=0 nz=17"
1748,JUNE0525-B157,1617DC1ACCE6B50ED2D1359582A70A8B8503C569623EE90C18C6B33542796207,Tester/logs/20261010.log,3019167,2026-06-01,16:40,CQDRECHECK,"KK	0	18:16:55.754	Core 04	2026.06.01 16:40:00   [SRJ-EA] CQDRECHECK shift=2 passA=-1.0 passB=-1.0 diff=0 bar=2026.06.01 16:30 state=S1_REGIME dir=SHORT divLatch=1 hit1=0 hit2=393 mism=0"
1749,JUNE0525-B157,1617DC1ACCE6B50ED2D1359582A70A8B8503C569623EE90C18C6B33542796207,Tester/logs/20261010.log,3019171,2026-06-01,16:40,CONFIRMPOLL,"OI	0	18:16:55.754	Core 04	2026.06.01 16:40:00   [SRJ-EA] CONFIRMPOLL bar=2026.06.01 16:35 anchor=Monthly-POC dir=SHORT oppCandle=1 bodyDir=1 body=46pts doji=0 touchAttr=0 confirm=0 shadow=true"
1750,JUNE0525-B157,1617DC1ACCE6B50ED2D1359582A70A8B8503C569623EE90C18C6B33542796207,Tester/logs/20261010.log,3019173,2026-06-01,16:40,ABORT,"QJ	0	18:16:55.754	Core 04	2026.06.01 16:40:00   [SRJ-EA] 2026.06.01 16:40:00 ABORT reason=HOLDER_EXPIRED state=S1_REGIME poi=Monthly-POC dir=SHORT"
1751,JUNE0525-B157,1617DC1ACCE6B50ED2D1359582A70A8B8503C569623EE90C18C6B33542796207,Tester/logs/20261010.log,3019174,2026-06-01,16:40,A6REFUSED,"EI	0	18:16:55.754	Core 04	2026.06.01 16:40:00   [SRJ-EA] A6REFUSED class=ABSENT_DECLINED bar=2026.06.01 16:40 state=S1_REGIME dir=SHORT predicate=HOLDER_EXPIRED"
1752,JUNE0525-B157,1617DC1ACCE6B50ED2D1359582A70A8B8503C569623EE90C18C6B33542796207,Tester/logs/20261010.log,3019175,2026-06-01,16:40,STATE,"HD	0	18:16:55.754	Core 04	2026.06.01 16:40:00   [SRJ-EA] 2026.06.01 16:40:00 STATE S1_REGIME->ABORT dir=SHORT poi=Monthly-POC"
1753,JUNE0525-B157,1617DC1ACCE6B50ED2D1359582A70A8B8503C569623EE90C18C6B33542796207,Tester/logs/20261010.log,3019178,2026-06-01,16:45,B152PR,"DN	0	18:16:55.754	Core 04	2026.06.01 16:45:00   [SRJ-IND] B152PR sym=USDJPY bar=2026.06.01 16:40 z1=65,B,156.672,156.773,2026.05.11 04:10,1,2026.05.12 08:55,157.714,156.726"
1754,JUNE0525-B157,1617DC1ACCE6B50ED2D1359582A70A8B8503C569623EE90C18C6B33542796207,Tester/logs/20261010.log,3019179,2026-06-01,16:45,B152PR,"DD	0	18:16:55.754	Core 04	2026.06.01 16:45:00   [SRJ-IND] B152PR sym=USDJPY bar=2026.06.01 16:40 z1=78,B,156.578,156.584,2026.05.11 00:35,1,2026.05.11 00:40,156.644,156.537"
1755,JUNE0525-B157,1617DC1ACCE6B50ED2D1359582A70A8B8503C569623EE90C18C6B33542796207,Tester/logs/20261010.log,3019180,2026-06-01,16:45,B152PR,"FH	0	18:16:55.754	Core 04	2026.06.01 16:45:00   [SRJ-IND] B152PR sym=USDJPY bar=2026.06.01 16:40 z1=212,B,157.028,157.060,2026.05.11 19:20,1,2026.05.12 00:00,157.152,157.050"
1756,JUNE0525-B157,1617DC1ACCE6B50ED2D1359582A70A8B8503C569623EE90C18C6B33542796207,Tester/logs/20261010.log,3019181,2026-06-01,16:45,B152PR,"JR	0	18:16:55.754	Core 04	2026.06.01 16:45:00   [SRJ-IND] B152PR sym=USDJPY bar=2026.06.01 16:40 z1=256,B,157.172,157.178,2026.05.12 01:25,1,2026.05.12 08:55,157.714,156.726"
1757,JUNE0525-B157,1617DC1ACCE6B50ED2D1359582A70A8B8503C569623EE90C18C6B33542796207,Tester/logs/20261010.log,3019182,2026-06-01,16:45,B152PR,"LD	0	18:16:55.754	Core 04	2026.06.01 16:45:00   [SRJ-IND] B152PR sym=USDJPY bar=2026.06.01 16:40 z1=261,B,157.184,157.192,2026.05.12 03:00,1,2026.05.12 08:55,157.714,156.726"
1758,JUNE0525-B157,1617DC1ACCE6B50ED2D1359582A70A8B8503C569623EE90C18C6B33542796207,Tester/logs/20261010.log,3019183,2026-06-01,16:45,B152PR,"LN	0	18:16:55.754	Core 04	2026.06.01 16:45:00   [SRJ-IND] B152PR sym=USDJPY bar=2026.06.01 16:40 z1=313,B,157.331,157.497,2026.05.12 10:00,1,2026.05.12 10:10,157.546,157.487"
1759,JUNE0525-B157,1617DC1ACCE6B50ED2D1359582A70A8B8503C569623EE90C18C6B33542796207,Tester/logs/20261010.log,3019184,2026-06-01,16:45,B152PR,"EP	0	18:16:55.754	Core 04	2026.06.01 16:45:00   [SRJ-IND] B152PR sym=USDJPY bar=2026.06.01 16:40 z1=414,B,157.517,157.589,2026.05.13 01:10,1,2026.05.13 01:20,157.607,157.587"
1760,JUNE0525-B157,1617DC1ACCE6B50ED2D1359582A70A8B8503C569623EE90C18C6B33542796207,Tester/logs/20261010.log,3019185,2026-06-01,16:45,B152PR,"NJ	0	18:16:55.754	Core 04	2026.06.01 16:45:00   [SRJ-IND] B152PR sym=USDJPY bar=2026.06.01 16:40 z1=447,B,157.562,157.648,2026.05.13 06:20,1,2026.05.13 06:25,157.662,157.648"
1761,JUNE0525-B157,1617DC1ACCE6B50ED2D1359582A70A8B8503C569623EE90C18C6B33542796207,Tester/logs/20261010.log,3019186,2026-06-01,16:45,B152PR,"QL	0	18:16:55.754	Core 04	2026.06.01 16:45:00   [SRJ-IND] B152PR sym=USDJPY bar=2026.06.01 16:40 z1=449,B,157.599,157.654,2026.05.13 05:15,1,2026.05.13 05:45,157.687,157.652"
1762,JUNE0525-B157,1617DC1ACCE6B50ED2D1359582A70A8B8503C569623EE90C18C6B33542796207,Tester/logs/20261010.log,3019187,2026-06-01,16:45,B152PR,"LQ	0	18:16:55.754	Core 04	2026.06.01 16:45:00   [SRJ-IND] B152PR sym=USDJPY bar=2026.06.01 16:40 z1=460,B,157.645,157.660,2026.05.13 07:05,1,2026.05.14 00:25,157.812,157.650"
1763,JUNE0525-B157,1617DC1ACCE6B50ED2D1359582A70A8B8503C569623EE90C18C6B33542796207,Tester/logs/20261010.log,3019188,2026-06-01,16:45,B152PR,"PK	0	18:16:55.754	Core 04	2026.06.01 16:45:00   [SRJ-IND] B152PR sym=USDJPY bar=2026.06.01 16:40 z1=696,B,157.568,158.167,2026.05.14 18:05,1,2026.05.14 18:10,158.191,158.119"
1764,JUNE0525-B157,1617DC1ACCE6B50ED2D1359582A70A8B8503C569623EE90C18C6B33542796207,Tester/logs/20261010.log,3019189,2026-06-01,16:45,B152PR,"DM	0	18:16:55.754	Core 04	2026.06.01 16:45:00   [SRJ-IND] B152PR sym=USDJPY bar=2026.06.01 16:40 z1=714,B,158.107,158.142,2026.05.14 19:30,1,2026.05.14 20:00,158.169,158.142"
1765,JUNE0525-B157,1617DC1ACCE6B50ED2D1359582A70A8B8503C569623EE90C18C6B33542796207,Tester/logs/20261010.log,3019190,2026-06-01,16:45,B152PR,"ED	0	18:16:55.754	Core 04	2026.06.01 16:45:00   [SRJ-IND] B152PR sym=USDJPY bar=2026.06.01 16:40 z1=1405,B,158.735,158.769,2026.05.20 19:00,1,2026.05.20 19:05,158.816,158.753"
1766,JUNE0525-B157,1617DC1ACCE6B50ED2D1359582A70A8B8503C569623EE90C18C6B33542796207,Tester/logs/20261010.log,3019191,2026-06-01,16:45,B152PR,"OJ	0	18:16:55.754	Core 04	2026.06.01 16:45:00   [SRJ-IND] B152PR sym=USDJPY bar=2026.06.01 16:40 z1=1779,B,158.756,158.800,2026.05.25 06:45,1,2026.05.26 00:00,158.887,158.784"
1767,JUNE0525-B157,1617DC1ACCE6B50ED2D1359582A70A8B8503C569623EE90C18C6B33542796207,Tester/logs/20261010.log,3019192,2026-06-01,16:45,B152PR,"NP	0	18:16:55.754	Core 04	2026.06.01 16:45:00   [SRJ-IND] B152PR sym=USDJPY bar=2026.06.01 16:40 z1=1780,B,158.789,158.814,2026.05.25 04:50,1,2026.05.26 00:00,158.887,158.784"
1768,JUNE0525-B157,1617DC1ACCE6B50ED2D1359582A70A8B8503C569623EE90C18C6B33542796207,Tester/logs/20261010.log,3019193,2026-06-01,16:45,B152PR,"CF	0	18:16:55.754	Core 04	2026.06.01 16:45:00   [SRJ-IND] B152PR sym=USDJPY bar=2026.06.01 16:40 z1=1949,B,158.916,158.934,2026.05.26 07:25,1,2026.05.26 07:30,158.942,158.934"
1769,JUNE0525-B157,1617DC1ACCE6B50ED2D1359582A70A8B8503C569623EE90C18C6B33542796207,Tester/logs/20261010.log,3019194,2026-06-01,16:45,B152PR,"NL	0	18:16:55.754	Core 04	2026.06.01 16:45:00   [SRJ-IND] B152PR sym=USDJPY bar=2026.06.01 16:40 z1=2509,B,159.134,159.195,2026.05.29 19:10,1,2026.05.29 19:35,159.215,159.186"
1770,JUNE0525-B157,1617DC1ACCE6B50ED2D1359582A70A8B8503C569623EE90C18C6B33542796207,Tester/logs/20261010.log,3019195,2026-06-01,16:45,B152PR,"KP	0	18:16:55.754	Core 04	2026.06.01 16:45:00   [SRJ-IND] B152PR sym=USDJPY bar=2026.06.01 16:40 bull=1 bear=0 nz=17"
1771,JUNE0525-B157,1617DC1ACCE6B50ED2D1359582A70A8B8503C569623EE90C18C6B33542796207,Tester/logs/20261010.log,3019203,2026-06-01,16:50,B152PR,"OR	0	18:16:55.754	Core 04	2026.06.01 16:50:00   [SRJ-IND] B152PR sym=USDJPY bar=2026.06.01 16:45 z1=65,B,156.672,156.773,2026.05.11 04:10,1,2026.05.12 08:55,157.714,156.726"
1772,JUNE0525-B157,1617DC1ACCE6B50ED2D1359582A70A8B8503C569623EE90C18C6B33542796207,Tester/logs/20261010.log,3019204,2026-06-01,16:50,B152PR,"GH	0	18:16:55.754	Core 04	2026.06.01 16:50:00   [SRJ-IND] B152PR sym=USDJPY bar=2026.06.01 16:45 z1=78,B,156.578,156.584,2026.05.11 00:35,1,2026.05.11 00:40,156.644,156.537"
1773,JUNE0525-B157,1617DC1ACCE6B50ED2D1359582A70A8B8503C569623EE90C18C6B33542796207,Tester/logs/20261010.log,3019205,2026-06-01,16:50,B152PR,"QM	0	18:16:55.754	Core 04	2026.06.01 16:50:00   [SRJ-IND] B152PR sym=USDJPY bar=2026.06.01 16:45 z1=212,B,157.028,157.060,2026.05.11 19:20,1,2026.05.12 00:00,157.152,157.050"
1774,JUNE0525-B157,1617DC1ACCE6B50ED2D1359582A70A8B8503C569623EE90C18C6B33542796207,Tester/logs/20261010.log,3019206,2026-06-01,16:50,B152PR,"EF	0	18:16:55.754	Core 04	2026.06.01 16:50:00   [SRJ-IND] B152PR sym=USDJPY bar=2026.06.01 16:45 z1=256,B,157.172,157.178,2026.05.12 01:25,1,2026.05.12 08:55,157.714,156.726"
1775,JUNE0525-B157,1617DC1ACCE6B50ED2D1359582A70A8B8503C569623EE90C18C6B33542796207,Tester/logs/20261010.log,3019207,2026-06-01,16:50,B152PR,"OH	0	18:16:55.754	Core 04	2026.06.01 16:50:00   [SRJ-IND] B152PR sym=USDJPY bar=2026.06.01 16:45 z1=261,B,157.184,157.192,2026.05.12 03:00,1,2026.05.12 08:55,157.714,156.726"
1776,JUNE0525-B157,1617DC1ACCE6B50ED2D1359582A70A8B8503C569623EE90C18C6B33542796207,Tester/logs/20261010.log,3019208,2026-06-01,16:50,B152PR,"GR	0	18:16:55.754	Core 04	2026.06.01 16:50:00   [SRJ-IND] B152PR sym=USDJPY bar=2026.06.01 16:45 z1=313,B,157.331,157.497,2026.05.12 10:00,1,2026.05.12 10:10,157.546,157.487"
1777,JUNE0525-B157,1617DC1ACCE6B50ED2D1359582A70A8B8503C569623EE90C18C6B33542796207,Tester/logs/20261010.log,3019209,2026-06-01,16:50,B152PR,"RD	0	18:16:55.754	Core 04	2026.06.01 16:50:00   [SRJ-IND] B152PR sym=USDJPY bar=2026.06.01 16:45 z1=414,B,157.517,157.589,2026.05.13 01:10,1,2026.05.13 01:20,157.607,157.587"
1778,JUNE0525-B157,1617DC1ACCE6B50ED2D1359582A70A8B8503C569623EE90C18C6B33542796207,Tester/logs/20261010.log,3019210,2026-06-01,16:50,B152PR,"QN	0	18:16:55.754	Core 04	2026.06.01 16:50:00   [SRJ-IND] B152PR sym=USDJPY bar=2026.06.01 16:45 z1=447,B,157.562,157.648,2026.05.13 06:20,1,2026.05.13 06:25,157.662,157.648"
1779,JUNE0525-B157,1617DC1ACCE6B50ED2D1359582A70A8B8503C569623EE90C18C6B33542796207,Tester/logs/20261010.log,3019211,2026-06-01,16:50,B152PR,"NP	0	18:16:55.754	Core 04	2026.06.01 16:50:00   [SRJ-IND] B152PR sym=USDJPY bar=2026.06.01 16:45 z1=449,B,157.599,157.654,2026.05.13 05:15,1,2026.05.13 05:45,157.687,157.652"
1780,JUNE0525-B157,1617DC1ACCE6B50ED2D1359582A70A8B8503C569623EE90C18C6B33542796207,Tester/logs/20261010.log,3019212,2026-06-01,16:50,B152PR,"GJ	0	18:16:55.754	Core 04	2026.06.01 16:50:00   [SRJ-IND] B152PR sym=USDJPY bar=2026.06.01 16:45 z1=460,B,157.645,157.660,2026.05.13 07:05,1,2026.05.14 00:25,157.812,157.650"
1781,JUNE0525-B157,1617DC1ACCE6B50ED2D1359582A70A8B8503C569623EE90C18C6B33542796207,Tester/logs/20261010.log,3019213,2026-06-01,16:50,B152PR,"CL	0	18:16:55.754	Core 04	2026.06.01 16:50:00   [SRJ-IND] B152PR sym=USDJPY bar=2026.06.01 16:45 z1=696,B,157.568,158.167,2026.05.14 18:05,1,2026.05.14 18:10,158.191,158.119"
1782,JUNE0525-B157,1617DC1ACCE6B50ED2D1359582A70A8B8503C569623EE90C18C6B33542796207,Tester/logs/20261010.log,3019214,2026-06-01,16:50,B152PR,"GQ	0	18:16:55.754	Core 04	2026.06.01 16:50:00   [SRJ-IND] B152PR sym=USDJPY bar=2026.06.01 16:45 z1=714,B,158.107,158.142,2026.05.14 19:30,1,2026.05.14 20:00,158.169,158.142"
1783,JUNE0525-B157,1617DC1ACCE6B50ED2D1359582A70A8B8503C569623EE90C18C6B33542796207,Tester/logs/20261010.log,3019215,2026-06-01,16:50,B152PR,"JH	0	18:16:55.754	Core 04	2026.06.01 16:50:00   [SRJ-IND] B152PR sym=USDJPY bar=2026.06.01 16:45 z1=1405,B,158.735,158.769,2026.05.20 19:00,1,2026.05.20 19:05,158.816,158.753"
1784,JUNE0525-B157,1617DC1ACCE6B50ED2D1359582A70A8B8503C569623EE90C18C6B33542796207,Tester/logs/20261010.log,3019216,2026-06-01,16:50,B152PR,"LN	0	18:16:55.754	Core 04	2026.06.01 16:50:00   [SRJ-IND] B152PR sym=USDJPY bar=2026.06.01 16:45 z1=1779,B,158.756,158.800,2026.05.25 06:45,1,2026.05.26 00:00,158.887,158.784"
1785,JUNE0525-B157,1617DC1ACCE6B50ED2D1359582A70A8B8503C569623EE90C18C6B33542796207,Tester/logs/20261010.log,3019217,2026-06-01,16:50,B152PR,"QD	0	18:16:55.754	Core 04	2026.06.01 16:50:00   [SRJ-IND] B152PR sym=USDJPY bar=2026.06.01 16:45 z1=1780,B,158.789,158.814,2026.05.25 04:50,1,2026.05.26 00:00,158.887,158.784"
1786,JUNE0525-B157,1617DC1ACCE6B50ED2D1359582A70A8B8503C569623EE90C18C6B33542796207,Tester/logs/20261010.log,3019218,2026-06-01,16:50,B152PR,"HJ	0	18:16:55.754	Core 04	2026.06.01 16:50:00   [SRJ-IND] B152PR sym=USDJPY bar=2026.06.01 16:45 z1=1949,B,158.916,158.934,2026.05.26 07:25,1,2026.05.26 07:30,158.942,158.934"
1787,JUNE0525-B157,1617DC1ACCE6B50ED2D1359582A70A8B8503C569623EE90C18C6B33542796207,Tester/logs/20261010.log,3019219,2026-06-01,16:50,B152PR,"QP	0	18:16:55.754	Core 04	2026.06.01 16:50:00   [SRJ-IND] B152PR sym=USDJPY bar=2026.06.01 16:45 z1=2509,B,159.134,159.195,2026.05.29 19:10,1,2026.05.29 19:35,159.215,159.186"
1788,JUNE0525-B157,1617DC1ACCE6B50ED2D1359582A70A8B8503C569623EE90C18C6B33542796207,Tester/logs/20261010.log,3019220,2026-06-01,16:50,B152PR,"PD	0	18:16:55.754	Core 04	2026.06.01 16:50:00   [SRJ-IND] B152PR sym=USDJPY bar=2026.06.01 16:45 bull=1 bear=0 nz=17"
1789,JUNE0525-B157,1617DC1ACCE6B50ED2D1359582A70A8B8503C569623EE90C18C6B33542796207,Tester/logs/20261010.log,3019227,2026-06-01,16:55,B152PR,"RF	0	18:16:55.754	Core 04	2026.06.01 16:55:00   [SRJ-IND] B152PR sym=USDJPY bar=2026.06.01 16:50 z1=65,B,156.672,156.773,2026.05.11 04:10,1,2026.05.12 08:55,157.714,156.726"
1790,JUNE0525-B157,1617DC1ACCE6B50ED2D1359582A70A8B8503C569623EE90C18C6B33542796207,Tester/logs/20261010.log,3019228,2026-06-01,16:55,B152PR,"JL	0	18:16:55.754	Core 04	2026.06.01 16:55:00   [SRJ-IND] B152PR sym=USDJPY bar=2026.06.01 16:50 z1=78,B,156.578,156.584,2026.05.11 00:35,1,2026.05.11 00:40,156.644,156.537"
1791,JUNE0525-B157,1617DC1ACCE6B50ED2D1359582A70A8B8503C569623EE90C18C6B33542796207,Tester/logs/20261010.log,3019229,2026-06-01,16:55,B152PR,"PQ	0	18:16:55.754	Core 04	2026.06.01 16:55:00   [SRJ-IND] B152PR sym=USDJPY bar=2026.06.01 16:50 z1=212,B,157.028,157.060,2026.05.11 19:20,1,2026.05.12 00:00,157.152,157.050"
1792,JUNE0525-B157,1617DC1ACCE6B50ED2D1359582A70A8B8503C569623EE90C18C6B33542796207,Tester/logs/20261010.log,3019230,2026-06-01,16:55,B152PR,"PK	0	18:16:55.754	Core 04	2026.06.01 16:55:00   [SRJ-IND] B152PR sym=USDJPY bar=2026.06.01 16:50 z1=256,B,157.172,157.178,2026.05.12 01:25,1,2026.05.12 08:55,157.714,156.726"
1793,JUNE0525-B157,1617DC1ACCE6B50ED2D1359582A70A8B8503C569623EE90C18C6B33542796207,Tester/logs/20261010.log,3019231,2026-06-01,16:55,B152PR,"RL	0	18:16:55.754	Core 04	2026.06.01 16:55:00   [SRJ-IND] B152PR sym=USDJPY bar=2026.06.01 16:50 z1=261,B,157.184,157.192,2026.05.12 03:00,1,2026.05.12 08:55,157.714,156.726"
1794,JUNE0525-B157,1617DC1ACCE6B50ED2D1359582A70A8B8503C569623EE90C18C6B33542796207,Tester/logs/20261010.log,3019232,2026-06-01,16:55,B152PR,"FF	0	18:16:55.754	Core 04	2026.06.01 16:55:00   [SRJ-IND] B152PR sym=USDJPY bar=2026.06.01 16:50 z1=313,B,157.331,157.497,2026.05.12 10:00,1,2026.05.12 10:10,157.546,157.487"
1795,JUNE0525-B157,1617DC1ACCE6B50ED2D1359582A70A8B8503C569623EE90C18C6B33542796207,Tester/logs/20261010.log,3019233,2026-06-01,16:55,B152PR,"OH	0	18:16:55.754	Core 04	2026.06.01 16:55:00   [SRJ-IND] B152PR sym=USDJPY bar=2026.06.01 16:50 z1=414,B,157.517,157.589,2026.05.13 01:10,1,2026.05.13 01:20,157.607,157.587"
1796,JUNE0525-B157,1617DC1ACCE6B50ED2D1359582A70A8B8503C569623EE90C18C6B33542796207,Tester/logs/20261010.log,3019234,2026-06-01,16:55,B152PR,"DR	0	18:16:55.754	Core 04	2026.06.01 16:55:00   [SRJ-IND] B152PR sym=USDJPY bar=2026.06.01 16:50 z1=447,B,157.562,157.648,2026.05.13 06:20,1,2026.05.13 06:25,157.662,157.648"
1797,JUNE0525-B157,1617DC1ACCE6B50ED2D1359582A70A8B8503C569623EE90C18C6B33542796207,Tester/logs/20261010.log,3019235,2026-06-01,16:55,B152PR,"KD	0	18:16:55.754	Core 04	2026.06.01 16:55:00   [SRJ-IND] B152PR sym=USDJPY bar=2026.06.01 16:50 z1=449,B,157.599,157.654,2026.05.13 05:15,1,2026.05.13 05:45,157.687,157.652"
1798,JUNE0525-B157,1617DC1ACCE6B50ED2D1359582A70A8B8503C569623EE90C18C6B33542796207,Tester/logs/20261010.log,3019236,2026-06-01,16:55,B152PR,"FN	0	18:16:55.754	Core 04	2026.06.01 16:55:00   [SRJ-IND] B152PR sym=USDJPY bar=2026.06.01 16:50 z1=460,B,157.645,157.660,2026.05.13 07:05,1,2026.05.14 00:25,157.812,157.650"
1799,JUNE0525-B157,1617DC1ACCE6B50ED2D1359582A70A8B8503C569623EE90C18C6B33542796207,Tester/logs/20261010.log,3019237,2026-06-01,16:55,B152PR,"FP	0	18:16:55.754	Core 04	2026.06.01 16:55:00   [SRJ-IND] B152PR sym=USDJPY bar=2026.06.01 16:50 z1=696,B,157.568,158.167,2026.05.14 18:05,1,2026.05.14 18:10,158.191,158.119"
1800,JUNE0525-B157,1617DC1ACCE6B50ED2D1359582A70A8B8503C569623EE90C18C6B33542796207,Tester/logs/20261010.log,3019238,2026-06-01,16:55,B152PR,"NJ	0	18:16:55.754	Core 04	2026.06.01 16:55:00   [SRJ-IND] B152PR sym=USDJPY bar=2026.06.01 16:50 z1=714,B,158.107,158.142,2026.05.14 19:30,1,2026.05.14 20:00,158.169,158.142"
1801,JUNE0525-B157,1617DC1ACCE6B50ED2D1359582A70A8B8503C569623EE90C18C6B33542796207,Tester/logs/20261010.log,3019239,2026-06-01,16:55,B152PR,"GL	0	18:16:55.754	Core 04	2026.06.01 16:55:00   [SRJ-IND] B152PR sym=USDJPY bar=2026.06.01 16:50 z1=1405,B,158.735,158.769,2026.05.20 19:00,1,2026.05.20 19:05,158.816,158.753"
1802,JUNE0525-B157,1617DC1ACCE6B50ED2D1359582A70A8B8503C569623EE90C18C6B33542796207,Tester/logs/20261010.log,3019240,2026-06-01,16:55,B152PR,"MR	0	18:16:55.754	Core 04	2026.06.01 16:55:00   [SRJ-IND] B152PR sym=USDJPY bar=2026.06.01 16:50 z1=1779,B,158.756,158.800,2026.05.25 06:45,1,2026.05.26 00:00,158.887,158.784"
1803,JUNE0525-B157,1617DC1ACCE6B50ED2D1359582A70A8B8503C569623EE90C18C6B33542796207,Tester/logs/20261010.log,3019241,2026-06-01,16:55,B152PR,"PH	0	18:16:55.754	Core 04	2026.06.01 16:55:00   [SRJ-IND] B152PR sym=USDJPY bar=2026.06.01 16:50 z1=1780,B,158.789,158.814,2026.05.25 04:50,1,2026.05.26 00:00,158.887,158.784"
1804,JUNE0525-B157,1617DC1ACCE6B50ED2D1359582A70A8B8503C569623EE90C18C6B33542796207,Tester/logs/20261010.log,3019242,2026-06-01,16:55,B152PR,"IN	0	18:16:55.754	Core 04	2026.06.01 16:55:00   [SRJ-IND] B152PR sym=USDJPY bar=2026.06.01 16:50 z1=1949,B,158.916,158.934,2026.05.26 07:25,1,2026.05.26 07:30,158.942,158.934"
1805,JUNE0525-B157,1617DC1ACCE6B50ED2D1359582A70A8B8503C569623EE90C18C6B33542796207,Tester/logs/20261010.log,3019243,2026-06-01,16:55,B152PR,"PD	0	18:16:55.754	Core 04	2026.06.01 16:55:00   [SRJ-IND] B152PR sym=USDJPY bar=2026.06.01 16:50 z1=2509,B,159.134,159.195,2026.05.29 19:10,1,2026.05.29 19:35,159.215,159.186"
1806,JUNE0525-B157,1617DC1ACCE6B50ED2D1359582A70A8B8503C569623EE90C18C6B33542796207,Tester/logs/20261010.log,3019244,2026-06-01,16:55,B152PR,"QH	0	18:16:55.754	Core 04	2026.06.01 16:55:00   [SRJ-IND] B152PR sym=USDJPY bar=2026.06.01 16:50 bull=1 bear=0 nz=17"
1807,JUNE0525-B157,1617DC1ACCE6B50ED2D1359582A70A8B8503C569623EE90C18C6B33542796207,Tester/logs/20261010.log,3019251,2026-06-01,17:00,B152PR,"PJ	0	18:16:55.754	Core 04	2026.06.01 17:00:00   [SRJ-IND] B152PR sym=USDJPY bar=2026.06.01 16:55 z1=65,B,156.672,156.773,2026.05.11 04:10,1,2026.05.12 08:55,157.714,156.726"
1808,JUNE0525-B157,1617DC1ACCE6B50ED2D1359582A70A8B8503C569623EE90C18C6B33542796207,Tester/logs/20261010.log,3019252,2026-06-01,17:00,B152PR,"PP	0	18:16:55.754	Core 04	2026.06.01 17:00:00   [SRJ-IND] B152PR sym=USDJPY bar=2026.06.01 16:55 z1=78,B,156.578,156.584,2026.05.11 00:35,1,2026.05.11 00:40,156.644,156.537"
1809,JUNE0525-B157,1617DC1ACCE6B50ED2D1359582A70A8B8503C569623EE90C18C6B33542796207,Tester/logs/20261010.log,3019253,2026-06-01,17:00,B152PR,"RE	0	18:16:55.754	Core 04	2026.06.01 17:00:00   [SRJ-IND] B152PR sym=USDJPY bar=2026.06.01 16:55 z1=212,B,157.028,157.060,2026.05.11 19:20,1,2026.05.12 00:00,157.152,157.050"
1810,JUNE0525-B157,1617DC1ACCE6B50ED2D1359582A70A8B8503C569623EE90C18C6B33542796207,Tester/logs/20261010.log,3019254,2026-06-01,17:00,B152PR,"NO	0	18:16:55.754	Core 04	2026.06.01 17:00:00   [SRJ-IND] B152PR sym=USDJPY bar=2026.06.01 16:55 z1=256,B,157.172,157.178,2026.05.12 01:25,1,2026.05.12 08:55,157.714,156.726"
1811,JUNE0525-B157,1617DC1ACCE6B50ED2D1359582A70A8B8503C569623EE90C18C6B33542796207,Tester/logs/20261010.log,3019255,2026-06-01,17:00,B152PR,"HQ	0	18:16:55.754	Core 04	2026.06.01 17:00:00   [SRJ-IND] B152PR sym=USDJPY bar=2026.06.01 16:55 z1=261,B,157.184,157.192,2026.05.12 03:00,1,2026.05.12 08:55,157.714,156.726"
1812,JUNE0525-B157,1617DC1ACCE6B50ED2D1359582A70A8B8503C569623EE90C18C6B33542796207,Tester/logs/20261010.log,3019256,2026-06-01,17:00,B152PR,"HJ	0	18:16:55.754	Core 04	2026.06.01 17:00:00   [SRJ-IND] B152PR sym=USDJPY bar=2026.06.01 16:55 z1=313,B,157.331,157.497,2026.05.12 10:00,1,2026.05.12 10:10,157.546,157.487"
1813,JUNE0525-B157,1617DC1ACCE6B50ED2D1359582A70A8B8503C569623EE90C18C6B33542796207,Tester/logs/20261010.log,3019257,2026-06-01,17:00,B152PR,"QL	0	18:16:55.754	Core 04	2026.06.01 17:00:00   [SRJ-IND] B152PR sym=USDJPY bar=2026.06.01 16:55 z1=414,B,157.517,157.589,2026.05.13 01:10,1,2026.05.13 01:20,157.607,157.587"
1814,JUNE0525-B157,1617DC1ACCE6B50ED2D1359582A70A8B8503C569623EE90C18C6B33542796207,Tester/logs/20261010.log,3019258,2026-06-01,17:00,B152PR,"JF	0	18:16:55.754	Core 04	2026.06.01 17:00:00   [SRJ-IND] B152PR sym=USDJPY bar=2026.06.01 16:55 z1=447,B,157.562,157.648,2026.05.13 06:20,1,2026.05.13 06:25,157.662,157.648"
1815,JUNE0525-B157,1617DC1ACCE6B50ED2D1359582A70A8B8503C569623EE90C18C6B33542796207,Tester/logs/20261010.log,3019259,2026-06-01,17:00,B152PR,"EH	0	18:16:55.754	Core 04	2026.06.01 17:00:00   [SRJ-IND] B152PR sym=USDJPY bar=2026.06.01 16:55 z1=449,B,157.599,157.654,2026.05.13 05:15,1,2026.05.13 05:45,157.687,157.652"
1816,JUNE0525-B157,1617DC1ACCE6B50ED2D1359582A70A8B8503C569623EE90C18C6B33542796207,Tester/logs/20261010.log,3019260,2026-06-01,17:00,B152PR,"HR	0	18:16:55.754	Core 04	2026.06.01 17:00:00   [SRJ-IND] B152PR sym=USDJPY bar=2026.06.01 16:55 z1=460,B,157.645,157.660,2026.05.13 07:05,1,2026.05.14 00:25,157.812,157.650"
1817,JUNE0525-B157,1617DC1ACCE6B50ED2D1359582A70A8B8503C569623EE90C18C6B33542796207,Tester/logs/20261010.log,3019261,2026-06-01,17:00,B152PR,"DD	0	18:16:55.754	Core 04	2026.06.01 17:00:00   [SRJ-IND] B152PR sym=USDJPY bar=2026.06.01 16:55 z1=696,B,157.568,158.167,2026.05.14 18:05,1,2026.05.14 18:10,158.191,158.119"
1818,JUNE0525-B157,1617DC1ACCE6B50ED2D1359582A70A8B8503C569623EE90C18C6B33542796207,Tester/logs/20261010.log,3019262,2026-06-01,17:00,B152PR,"PN	0	18:16:55.754	Core 04	2026.06.01 17:00:00   [SRJ-IND] B152PR sym=USDJPY bar=2026.06.01 16:55 z1=714,B,158.107,158.142,2026.05.14 19:30,1,2026.05.14 20:00,158.169,158.142"
1819,JUNE0525-B157,1617DC1ACCE6B50ED2D1359582A70A8B8503C569623EE90C18C6B33542796207,Tester/logs/20261010.log,3019263,2026-06-01,17:00,B152PR,"QS	0	18:16:55.754	Core 04	2026.06.01 17:00:00   [SRJ-IND] B152PR sym=USDJPY bar=2026.06.01 16:55 z1=1405,B,158.735,158.769,2026.05.20 19:00,1,2026.05.20 19:05,158.816,158.753"
1820,JUNE0525-B157,1617DC1ACCE6B50ED2D1359582A70A8B8503C569623EE90C18C6B33542796207,Tester/logs/20261010.log,3019264,2026-06-01,17:00,B152PR,"CI	0	18:16:55.754	Core 04	2026.06.01 17:00:00   [SRJ-IND] B152PR sym=USDJPY bar=2026.06.01 16:55 z1=1779,B,158.756,158.800,2026.05.25 06:45,1,2026.05.26 00:00,158.887,158.784"
1821,JUNE0525-B157,1617DC1ACCE6B50ED2D1359582A70A8B8503C569623EE90C18C6B33542796207,Tester/logs/20261010.log,3019265,2026-06-01,17:00,B152PR,"JO	0	18:16:55.754	Core 04	2026.06.01 17:00:00   [SRJ-IND] B152PR sym=USDJPY bar=2026.06.01 16:55 z1=1780,B,158.789,158.814,2026.05.25 04:50,1,2026.05.26 00:00,158.887,158.784"
1822,JUNE0525-B157,1617DC1ACCE6B50ED2D1359582A70A8B8503C569623EE90C18C6B33542796207,Tester/logs/20261010.log,3019266,2026-06-01,17:00,B152PR,"OE	0	18:16:55.754	Core 04	2026.06.01 17:00:00   [SRJ-IND] B152PR sym=USDJPY bar=2026.06.01 16:55 z1=1949,B,158.916,158.934,2026.05.26 07:25,1,2026.05.26 07:30,158.942,158.934"
1823,JUNE0525-B157,1617DC1ACCE6B50ED2D1359582A70A8B8503C569623EE90C18C6B33542796207,Tester/logs/20261010.log,3019267,2026-06-01,17:00,B152PR,"JK	0	18:16:55.754	Core 04	2026.06.01 17:00:00   [SRJ-IND] B152PR sym=USDJPY bar=2026.06.01 16:55 z1=2509,B,159.134,159.195,2026.05.29 19:10,1,2026.05.29 19:35,159.215,159.186"
1824,JUNE0525-B157,1617DC1ACCE6B50ED2D1359582A70A8B8503C569623EE90C18C6B33542796207,Tester/logs/20261010.log,3019268,2026-06-01,17:00,B152PR,"GS	0	18:16:55.754	Core 04	2026.06.01 17:00:00   [SRJ-IND] B152PR sym=USDJPY bar=2026.06.01 16:55 bull=1 bear=0 nz=17"
1825,JUNE0525-B157,1617DC1ACCE6B50ED2D1359582A70A8B8503C569623EE90C18C6B33542796207,Tester/logs/20261010.log,3019276,2026-06-01,17:05,B152PR,"HQ	0	18:16:55.754	Core 04	2026.06.01 17:05:00   [SRJ-IND] B152PR sym=USDJPY bar=2026.06.01 17:00 z1=65,B,156.672,156.773,2026.05.11 04:10,1,2026.05.12 08:55,157.714,156.726"
1826,JUNE0525-B157,1617DC1ACCE6B50ED2D1359582A70A8B8503C569623EE90C18C6B33542796207,Tester/logs/20261010.log,3019277,2026-06-01,17:05,B152PR,"PD	0	18:16:55.754	Core 04	2026.06.01 17:05:00   [SRJ-IND] B152PR sym=USDJPY bar=2026.06.01 17:00 z1=78,B,156.578,156.584,2026.05.11 00:35,1,2026.05.11 00:40,156.644,156.537"
1827,JUNE0525-B157,1617DC1ACCE6B50ED2D1359582A70A8B8503C569623EE90C18C6B33542796207,Tester/logs/20261010.log,3019278,2026-06-01,17:05,B152PR,"JI	0	18:16:55.754	Core 04	2026.06.01 17:05:00   [SRJ-IND] B152PR sym=USDJPY bar=2026.06.01 17:00 z1=212,B,157.028,157.060,2026.05.11 19:20,1,2026.05.12 00:00,157.152,157.050"
1828,JUNE0525-B157,1617DC1ACCE6B50ED2D1359582A70A8B8503C569623EE90C18C6B33542796207,Tester/logs/20261010.log,3019279,2026-06-01,17:05,B152PR,"NS	0	18:16:55.754	Core 04	2026.06.01 17:05:00   [SRJ-IND] B152PR sym=USDJPY bar=2026.06.01 17:00 z1=256,B,157.172,157.178,2026.05.12 01:25,1,2026.05.12 08:55,157.714,156.726"
1829,JUNE0525-B157,1617DC1ACCE6B50ED2D1359582A70A8B8503C569623EE90C18C6B33542796207,Tester/logs/20261010.log,3019280,2026-06-01,17:05,B152PR,"HE	0	18:16:55.754	Core 04	2026.06.01 17:05:00   [SRJ-IND] B152PR sym=USDJPY bar=2026.06.01 17:00 z1=261,B,157.184,157.192,2026.05.12 03:00,1,2026.05.12 08:55,157.714,156.726"
1830,JUNE0525-B157,1617DC1ACCE6B50ED2D1359582A70A8B8503C569623EE90C18C6B33542796207,Tester/logs/20261010.log,3019281,2026-06-01,17:05,B152PR,"PO	0	18:16:55.754	Core 04	2026.06.01 17:05:00   [SRJ-IND] B152PR sym=USDJPY bar=2026.06.01 17:00 z1=313,B,157.331,157.497,2026.05.12 10:00,1,2026.05.12 10:10,157.546,157.487"
1831,JUNE0525-B157,1617DC1ACCE6B50ED2D1359582A70A8B8503C569623EE90C18C6B33542796207,Tester/logs/20261010.log,3019282,2026-06-01,17:05,B152PR,"IQ	0	18:16:55.754	Core 04	2026.06.01 17:05:00   [SRJ-IND] B152PR sym=USDJPY bar=2026.06.01 17:00 z1=414,B,157.517,157.589,2026.05.13 01:10,1,2026.05.13 01:20,157.607,157.587"
1832,JUNE0525-B157,1617DC1ACCE6B50ED2D1359582A70A8B8503C569623EE90C18C6B33542796207,Tester/logs/20261010.log,3019283,2026-06-01,17:05,B152PR,"JJ	0	18:16:55.754	Core 04	2026.06.01 17:05:00   [SRJ-IND] B152PR sym=USDJPY bar=2026.06.01 17:00 z1=447,B,157.562,157.648,2026.05.13 06:20,1,2026.05.13 06:25,157.662,157.648"
1833,JUNE0525-B157,1617DC1ACCE6B50ED2D1359582A70A8B8503C569623EE90C18C6B33542796207,Tester/logs/20261010.log,3019284,2026-06-01,17:05,B152PR,"EL	0	18:16:55.754	Core 04	2026.06.01 17:05:00   [SRJ-IND] B152PR sym=USDJPY bar=2026.06.01 17:00 z1=449,B,157.599,157.654,2026.05.13 05:15,1,2026.05.13 05:45,157.687,157.652"
1834,JUNE0525-B157,1617DC1ACCE6B50ED2D1359582A70A8B8503C569623EE90C18C6B33542796207,Tester/logs/20261010.log,3019285,2026-06-01,17:05,B152PR,"PF	0	18:16:55.754	Core 04	2026.06.01 17:05:00   [SRJ-IND] B152PR sym=USDJPY bar=2026.06.01 17:00 z1=460,B,157.645,157.660,2026.05.13 07:05,1,2026.05.14 00:25,157.812,157.650"
1835,JUNE0525-B157,1617DC1ACCE6B50ED2D1359582A70A8B8503C569623EE90C18C6B33542796207,Tester/logs/20261010.log,3019286,2026-06-01,17:05,B152PR,"LH	0	18:16:55.754	Core 04	2026.06.01 17:05:00   [SRJ-IND] B152PR sym=USDJPY bar=2026.06.01 17:00 z1=696,B,157.568,158.167,2026.05.14 18:05,1,2026.05.14 18:10,158.191,158.119"
1836,JUNE0525-B157,1617DC1ACCE6B50ED2D1359582A70A8B8503C569623EE90C18C6B33542796207,Tester/logs/20261010.log,3019287,2026-06-01,17:05,B152PR,"PR	0	18:16:55.754	Core 04	2026.06.01 17:05:00   [SRJ-IND] B152PR sym=USDJPY bar=2026.06.01 17:00 z1=714,B,158.107,158.142,2026.05.14 19:30,1,2026.05.14 20:00,158.169,158.142"
1837,JUNE0525-B157,1617DC1ACCE6B50ED2D1359582A70A8B8503C569623EE90C18C6B33542796207,Tester/logs/20261010.log,3019288,2026-06-01,17:05,B152PR,"QG	0	18:16:55.754	Core 04	2026.06.01 17:05:00   [SRJ-IND] B152PR sym=USDJPY bar=2026.06.01 17:00 z1=1405,B,158.735,158.769,2026.05.20 19:00,1,2026.05.20 19:05,158.816,158.753"
1838,JUNE0525-B157,1617DC1ACCE6B50ED2D1359582A70A8B8503C569623EE90C18C6B33542796207,Tester/logs/20261010.log,3019289,2026-06-01,17:05,B152PR,"CM	0	18:16:55.754	Core 04	2026.06.01 17:05:00   [SRJ-IND] B152PR sym=USDJPY bar=2026.06.01 17:00 z1=1779,B,158.756,158.800,2026.05.25 06:45,1,2026.05.26 00:00,158.887,158.784"
1839,JUNE0525-B157,1617DC1ACCE6B50ED2D1359582A70A8B8503C569623EE90C18C6B33542796207,Tester/logs/20261010.log,3019290,2026-06-01,17:05,B152PR,"JS	0	18:16:55.754	Core 04	2026.06.01 17:05:00   [SRJ-IND] B152PR sym=USDJPY bar=2026.06.01 17:00 z1=1780,B,158.789,158.814,2026.05.25 04:50,1,2026.05.26 00:00,158.887,158.784"
1840,JUNE0525-B157,1617DC1ACCE6B50ED2D1359582A70A8B8503C569623EE90C18C6B33542796207,Tester/logs/20261010.log,3019291,2026-06-01,17:05,B152PR,"OI	0	18:16:55.754	Core 04	2026.06.01 17:05:00   [SRJ-IND] B152PR sym=USDJPY bar=2026.06.01 17:00 z1=1949,B,158.916,158.934,2026.05.26 07:25,1,2026.05.26 07:30,158.942,158.934"
1841,JUNE0525-B157,1617DC1ACCE6B50ED2D1359582A70A8B8503C569623EE90C18C6B33542796207,Tester/logs/20261010.log,3019292,2026-06-01,17:05,B152PR,"JO	0	18:16:55.754	Core 04	2026.06.01 17:05:00   [SRJ-IND] B152PR sym=USDJPY bar=2026.06.01 17:00 z1=2509,B,159.134,159.195,2026.05.29 19:10,1,2026.05.29 19:35,159.215,159.186"
1842,JUNE0525-B157,1617DC1ACCE6B50ED2D1359582A70A8B8503C569623EE90C18C6B33542796207,Tester/logs/20261010.log,3019293,2026-06-01,17:05,B152PR,"GG	0	18:16:55.754	Core 04	2026.06.01 17:05:00   [SRJ-IND] B152PR sym=USDJPY bar=2026.06.01 17:00 bull=1 bear=0 nz=17"
1843,JUNE0525-B157,1617DC1ACCE6B50ED2D1359582A70A8B8503C569623EE90C18C6B33542796207,Tester/logs/20261010.log,3019304,2026-06-01,17:10,B152PR,"IM	0	18:16:55.754	Core 04	2026.06.01 17:10:00   [SRJ-IND] B152PR sym=USDJPY bar=2026.06.01 17:05 z1=65,B,156.672,156.773,2026.05.11 04:10,1,2026.05.12 08:55,157.714,156.726"
1844,JUNE0525-B157,1617DC1ACCE6B50ED2D1359582A70A8B8503C569623EE90C18C6B33542796207,Tester/logs/20261010.log,3019305,2026-06-01,17:10,B152PR,"QP	0	18:16:55.754	Core 04	2026.06.01 17:10:00   [SRJ-IND] B152PR sym=USDJPY bar=2026.06.01 17:05 z1=78,B,156.578,156.584,2026.05.11 00:35,1,2026.05.11 00:40,156.644,156.537"
1845,JUNE0525-B157,1617DC1ACCE6B50ED2D1359582A70A8B8503C569623EE90C18C6B33542796207,Tester/logs/20261010.log,3019306,2026-06-01,17:10,B152PR,"GE	0	18:16:55.754	Core 04	2026.06.01 17:10:00   [SRJ-IND] B152PR sym=USDJPY bar=2026.06.01 17:05 z1=212,B,157.028,157.060,2026.05.11 19:20,1,2026.05.12 00:00,157.152,157.050"
1846,JUNE0525-B157,1617DC1ACCE6B50ED2D1359582A70A8B8503C569623EE90C18C6B33542796207,Tester/logs/20261010.log,3019307,2026-06-01,17:10,B152PR,"GO	0	18:16:55.754	Core 04	2026.06.01 17:10:00   [SRJ-IND] B152PR sym=USDJPY bar=2026.06.01 17:05 z1=256,B,157.172,157.178,2026.05.12 01:25,1,2026.05.12 08:55,157.714,156.726"
1847,JUNE0525-B157,1617DC1ACCE6B50ED2D1359582A70A8B8503C569623EE90C18C6B33542796207,Tester/logs/20261010.log,3019308,2026-06-01,17:10,B152PR,"IQ	0	18:16:55.754	Core 04	2026.06.01 17:10:00   [SRJ-IND] B152PR sym=USDJPY bar=2026.06.01 17:05 z1=261,B,157.184,157.192,2026.05.12 03:00,1,2026.05.12 08:55,157.714,156.726"
1848,JUNE0525-B157,1617DC1ACCE6B50ED2D1359582A70A8B8503C569623EE90C18C6B33542796207,Tester/logs/20261010.log,3019309,2026-06-01,17:10,B152PR,"MK	0	18:16:55.754	Core 04	2026.06.01 17:10:00   [SRJ-IND] B152PR sym=USDJPY bar=2026.06.01 17:05 z1=313,B,157.331,157.497,2026.05.12 10:00,1,2026.05.12 10:10,157.546,157.487"
1849,JUNE0525-B157,1617DC1ACCE6B50ED2D1359582A70A8B8503C569623EE90C18C6B33542796207,Tester/logs/20261010.log,3019310,2026-06-01,17:10,B152PR,"HM	0	18:16:55.754	Core 04	2026.06.01 17:10:00   [SRJ-IND] B152PR sym=USDJPY bar=2026.06.01 17:05 z1=414,B,157.517,157.589,2026.05.13 01:10,1,2026.05.13 01:20,157.607,157.587"
1850,JUNE0525-B157,1617DC1ACCE6B50ED2D1359582A70A8B8503C569623EE90C18C6B33542796207,Tester/logs/20261010.log,3019311,2026-06-01,17:10,B152PR,"KG	0	18:16:55.754	Core 04	2026.06.01 17:10:00   [SRJ-IND] B152PR sym=USDJPY bar=2026.06.01 17:05 z1=447,B,157.562,157.648,2026.05.13 06:20,1,2026.05.13 06:25,157.662,157.648"
1851,JUNE0525-B157,1617DC1ACCE6B50ED2D1359582A70A8B8503C569623EE90C18C6B33542796207,Tester/logs/20261010.log,3019312,2026-06-01,17:10,B152PR,"DH	0	18:16:55.754	Core 04	2026.06.01 17:10:00   [SRJ-IND] B152PR sym=USDJPY bar=2026.06.01 17:05 z1=449,B,157.599,157.654,2026.05.13 05:15,1,2026.05.13 05:45,157.687,157.652"
1852,JUNE0525-B157,1617DC1ACCE6B50ED2D1359582A70A8B8503C569623EE90C18C6B33542796207,Tester/logs/20261010.log,3019313,2026-06-01,17:10,B152PR,"MR	0	18:16:55.754	Core 04	2026.06.01 17:10:00   [SRJ-IND] B152PR sym=USDJPY bar=2026.06.01 17:05 z1=460,B,157.645,157.660,2026.05.13 07:05,1,2026.05.14 00:25,157.812,157.650"
1853,JUNE0525-B157,1617DC1ACCE6B50ED2D1359582A70A8B8503C569623EE90C18C6B33542796207,Tester/logs/20261010.log,3019314,2026-06-01,17:10,B152PR,"MD	0	18:16:55.754	Core 04	2026.06.01 17:10:00   [SRJ-IND] B152PR sym=USDJPY bar=2026.06.01 17:05 z1=696,B,157.568,158.167,2026.05.14 18:05,1,2026.05.14 18:10,158.191,158.119"
1854,JUNE0525-B157,1617DC1ACCE6B50ED2D1359582A70A8B8503C569623EE90C18C6B33542796207,Tester/logs/20261010.log,3019315,2026-06-01,17:10,B152PR,"EN	0	18:16:55.754	Core 04	2026.06.01 17:10:00   [SRJ-IND] B152PR sym=USDJPY bar=2026.06.01 17:05 z1=714,B,158.107,158.142,2026.05.14 19:30,1,2026.05.14 20:00,158.169,158.142"
1855,JUNE0525-B157,1617DC1ACCE6B50ED2D1359582A70A8B8503C569623EE90C18C6B33542796207,Tester/logs/20261010.log,3019316,2026-06-01,17:10,B152PR,"PS	0	18:16:55.754	Core 04	2026.06.01 17:10:00   [SRJ-IND] B152PR sym=USDJPY bar=2026.06.01 17:05 z1=1405,B,158.735,158.769,2026.05.20 19:00,1,2026.05.20 19:05,158.816,158.753"
1856,JUNE0525-B157,1617DC1ACCE6B50ED2D1359582A70A8B8503C569623EE90C18C6B33542796207,Tester/logs/20261010.log,3019317,2026-06-01,17:10,B152PR,"FI	0	18:16:55.754	Core 04	2026.06.01 17:10:00   [SRJ-IND] B152PR sym=USDJPY bar=2026.06.01 17:05 z1=1779,B,158.756,158.800,2026.05.25 06:45,1,2026.05.26 00:00,158.887,158.784"
1857,JUNE0525-B157,1617DC1ACCE6B50ED2D1359582A70A8B8503C569623EE90C18C6B33542796207,Tester/logs/20261010.log,3019318,2026-06-01,17:10,B152PR,"GO	0	18:16:55.754	Core 04	2026.06.01 17:10:00   [SRJ-IND] B152PR sym=USDJPY bar=2026.06.01 17:05 z1=1780,B,158.789,158.814,2026.05.25 04:50,1,2026.05.26 00:00,158.887,158.784"
1858,JUNE0525-B157,1617DC1ACCE6B50ED2D1359582A70A8B8503C569623EE90C18C6B33542796207,Tester/logs/20261010.log,3019319,2026-06-01,17:10,B152PR,"RE	0	18:16:55.754	Core 04	2026.06.01 17:10:00   [SRJ-IND] B152PR sym=USDJPY bar=2026.06.01 17:05 z1=1949,B,158.916,158.934,2026.05.26 07:25,1,2026.05.26 07:30,158.942,158.934"
1859,JUNE0525-B157,1617DC1ACCE6B50ED2D1359582A70A8B8503C569623EE90C18C6B33542796207,Tester/logs/20261010.log,3019320,2026-06-01,17:10,B152PR,"GK	0	18:16:55.754	Core 04	2026.06.01 17:10:00   [SRJ-IND] B152PR sym=USDJPY bar=2026.06.01 17:05 z1=2509,B,159.134,159.195,2026.05.29 19:10,1,2026.05.29 19:35,159.215,159.186"
1860,JUNE0525-B157,1617DC1ACCE6B50ED2D1359582A70A8B8503C569623EE90C18C6B33542796207,Tester/logs/20261010.log,3019321,2026-06-01,17:10,B152PR,"JS	0	18:16:55.754	Core 04	2026.06.01 17:10:00   [SRJ-IND] B152PR sym=USDJPY bar=2026.06.01 17:05 bull=1 bear=0 nz=17"
1861,JUNE0525-B157,1617DC1ACCE6B50ED2D1359582A70A8B8503C569623EE90C18C6B33542796207,Tester/logs/20261010.log,3019329,2026-06-01,17:15,B152PR,"FF	0	18:16:55.754	Core 04	2026.06.01 17:15:00   [SRJ-IND] B152PR sym=USDJPY bar=2026.06.01 17:10 z1=65,B,156.672,156.773,2026.05.11 04:10,1,2026.05.12 08:55,157.714,156.726"
1862,JUNE0525-B157,1617DC1ACCE6B50ED2D1359582A70A8B8503C569623EE90C18C6B33542796207,Tester/logs/20261010.log,3019330,2026-06-01,17:15,B152PR,"FL	0	18:16:55.754	Core 04	2026.06.01 17:15:00   [SRJ-IND] B152PR sym=USDJPY bar=2026.06.01 17:10 z1=78,B,156.578,156.584,2026.05.11 00:35,1,2026.05.11 00:40,156.644,156.537"
1863,JUNE0525-B157,1617DC1ACCE6B50ED2D1359582A70A8B8503C569623EE90C18C6B33542796207,Tester/logs/20261010.log,3019331,2026-06-01,17:15,B152PR,"DP	0	18:16:55.754	Core 04	2026.06.01 17:15:00   [SRJ-IND] B152PR sym=USDJPY bar=2026.06.01 17:10 z1=212,B,157.028,157.060,2026.05.11 19:20,1,2026.05.12 00:00,157.152,157.050"
1864,JUNE0525-B157,1617DC1ACCE6B50ED2D1359582A70A8B8503C569623EE90C18C6B33542796207,Tester/logs/20261010.log,3019332,2026-06-01,17:15,B152PR,"DJ	0	18:16:55.754	Core 04	2026.06.01 17:15:00   [SRJ-IND] B152PR sym=USDJPY bar=2026.06.01 17:10 z1=256,B,157.172,157.178,2026.05.12 01:25,1,2026.05.12 08:55,157.714,156.726"
1865,JUNE0525-B157,1617DC1ACCE6B50ED2D1359582A70A8B8503C569623EE90C18C6B33542796207,Tester/logs/20261010.log,3019333,2026-06-01,17:15,B152PR,"NL	0	18:16:55.754	Core 04	2026.06.01 17:15:00   [SRJ-IND] B152PR sym=USDJPY bar=2026.06.01 17:10 z1=261,B,157.184,157.192,2026.05.12 03:00,1,2026.05.12 08:55,157.714,156.726"
1866,JUNE0525-B157,1617DC1ACCE6B50ED2D1359582A70A8B8503C569623EE90C18C6B33542796207,Tester/logs/20261010.log,3019334,2026-06-01,17:15,B152PR,"JF	0	18:16:55.754	Core 04	2026.06.01 17:15:00   [SRJ-IND] B152PR sym=USDJPY bar=2026.06.01 17:10 z1=313,B,157.331,157.497,2026.05.12 10:00,1,2026.05.12 10:10,157.546,157.487"
1867,JUNE0525-B157,1617DC1ACCE6B50ED2D1359582A70A8B8503C569623EE90C18C6B33542796207,Tester/logs/20261010.log,3019335,2026-06-01,17:15,B152PR,"CH	0	18:16:55.754	Core 04	2026.06.01 17:15:00   [SRJ-IND] B152PR sym=USDJPY bar=2026.06.01 17:10 z1=414,B,157.517,157.589,2026.05.13 01:10,1,2026.05.13 01:20,157.607,157.587"
1868,JUNE0525-B157,1617DC1ACCE6B50ED2D1359582A70A8B8503C569623EE90C18C6B33542796207,Tester/logs/20261010.log,3019336,2026-06-01,17:15,B152PR,"PR	0	18:16:55.754	Core 04	2026.06.01 17:15:00   [SRJ-IND] B152PR sym=USDJPY bar=2026.06.01 17:10 z1=447,B,157.562,157.648,2026.05.13 06:20,1,2026.05.13 06:25,157.662,157.648"
1869,JUNE0525-B157,1617DC1ACCE6B50ED2D1359582A70A8B8503C569623EE90C18C6B33542796207,Tester/logs/20261010.log,3019337,2026-06-01,17:15,B152PR,"OD	0	18:16:55.754	Core 04	2026.06.01 17:15:00   [SRJ-IND] B152PR sym=USDJPY bar=2026.06.01 17:10 z1=449,B,157.599,157.654,2026.05.13 05:15,1,2026.05.13 05:45,157.687,157.652"
1870,JUNE0525-B157,1617DC1ACCE6B50ED2D1359582A70A8B8503C569623EE90C18C6B33542796207,Tester/logs/20261010.log,3019338,2026-06-01,17:15,B152PR,"JN	0	18:16:55.754	Core 04	2026.06.01 17:15:00   [SRJ-IND] B152PR sym=USDJPY bar=2026.06.01 17:10 z1=460,B,157.645,157.660,2026.05.13 07:05,1,2026.05.14 00:25,157.812,157.650"
1871,JUNE0525-B157,1617DC1ACCE6B50ED2D1359582A70A8B8503C569623EE90C18C6B33542796207,Tester/logs/20261010.log,3019339,2026-06-01,17:15,B152PR,"RS	0	18:16:55.754	Core 04	2026.06.01 17:15:00   [SRJ-IND] B152PR sym=USDJPY bar=2026.06.01 17:10 z1=696,B,157.568,158.167,2026.05.14 18:05,1,2026.05.14 18:10,158.191,158.119"
1872,JUNE0525-B157,1617DC1ACCE6B50ED2D1359582A70A8B8503C569623EE90C18C6B33542796207,Tester/logs/20261010.log,3019340,2026-06-01,17:15,B152PR,"JE	0	18:16:55.754	Core 04	2026.06.01 17:15:00   [SRJ-IND] B152PR sym=USDJPY bar=2026.06.01 17:10 z1=714,B,158.107,158.142,2026.05.14 19:30,1,2026.05.14 20:00,158.169,158.142"
1873,JUNE0525-B157,1617DC1ACCE6B50ED2D1359582A70A8B8503C569623EE90C18C6B33542796207,Tester/logs/20261010.log,3019341,2026-06-01,17:15,B152PR,"CL	0	18:16:55.754	Core 04	2026.06.01 17:15:00   [SRJ-IND] B152PR sym=USDJPY bar=2026.06.01 17:10 z1=1405,B,158.735,158.769,2026.05.20 19:00,1,2026.05.20 19:05,158.816,158.753"
1874,JUNE0525-B157,1617DC1ACCE6B50ED2D1359582A70A8B8503C569623EE90C18C6B33542796207,Tester/logs/20261010.log,3019342,2026-06-01,17:15,B152PR,"QR	0	18:16:55.754	Core 04	2026.06.01 17:15:00   [SRJ-IND] B152PR sym=USDJPY bar=2026.06.01 17:10 z1=1779,B,158.756,158.800,2026.05.25 06:45,1,2026.05.26 00:00,158.887,158.784"
1875,JUNE0525-B157,1617DC1ACCE6B50ED2D1359582A70A8B8503C569623EE90C18C6B33542796207,Tester/logs/20261010.log,3019343,2026-06-01,17:15,B152PR,"LH	0	18:16:55.754	Core 04	2026.06.01 17:15:00   [SRJ-IND] B152PR sym=USDJPY bar=2026.06.01 17:10 z1=1780,B,158.789,158.814,2026.05.25 04:50,1,2026.05.26 00:00,158.887,158.784"
1876,JUNE0525-B157,1617DC1ACCE6B50ED2D1359582A70A8B8503C569623EE90C18C6B33542796207,Tester/logs/20261010.log,3019344,2026-06-01,17:15,B152PR,"EN	0	18:16:55.754	Core 04	2026.06.01 17:15:00   [SRJ-IND] B152PR sym=USDJPY bar=2026.06.01 17:10 z1=1949,B,158.916,158.934,2026.05.26 07:25,1,2026.05.26 07:30,158.942,158.934"
1877,JUNE0525-B157,1617DC1ACCE6B50ED2D1359582A70A8B8503C569623EE90C18C6B33542796207,Tester/logs/20261010.log,3019345,2026-06-01,17:15,B152PR,"LD	0	18:16:55.754	Core 04	2026.06.01 17:15:00   [SRJ-IND] B152PR sym=USDJPY bar=2026.06.01 17:10 z1=2509,B,159.134,159.195,2026.05.29 19:10,1,2026.05.29 19:35,159.215,159.186"
1878,JUNE0525-B157,1617DC1ACCE6B50ED2D1359582A70A8B8503C569623EE90C18C6B33542796207,Tester/logs/20261010.log,3019346,2026-06-01,17:15,B152PR,"MH	0	18:16:55.754	Core 04	2026.06.01 17:15:00   [SRJ-IND] B152PR sym=USDJPY bar=2026.06.01 17:10 bull=1 bear=0 nz=17"
1879,JUNE0525-B157,1617DC1ACCE6B50ED2D1359582A70A8B8503C569623EE90C18C6B33542796207,Tester/logs/20261010.log,3019354,2026-06-01,17:20,B152PR,"KJ	0	18:16:55.754	Core 04	2026.06.01 17:20:00   [SRJ-IND] B152PR sym=USDJPY bar=2026.06.01 17:15 z1=65,B,156.672,156.773,2026.05.11 04:10,1,2026.05.12 08:55,157.714,156.726"
1880,JUNE0525-B157,1617DC1ACCE6B50ED2D1359582A70A8B8503C569623EE90C18C6B33542796207,Tester/logs/20261010.log,3019355,2026-06-01,17:20,B152PR,"KP	0	18:16:55.754	Core 04	2026.06.01 17:20:00   [SRJ-IND] B152PR sym=USDJPY bar=2026.06.01 17:15 z1=78,B,156.578,156.584,2026.05.11 00:35,1,2026.05.11 00:40,156.644,156.537"
1881,JUNE0525-B157,1617DC1ACCE6B50ED2D1359582A70A8B8503C569623EE90C18C6B33542796207,Tester/logs/20261010.log,3019356,2026-06-01,17:20,B152PR,"ME	0	18:16:55.754	Core 04	2026.06.01 17:20:00   [SRJ-IND] B152PR sym=USDJPY bar=2026.06.01 17:15 z1=212,B,157.028,157.060,2026.05.11 19:20,1,2026.05.12 00:00,157.152,157.050"
1882,JUNE0525-B157,1617DC1ACCE6B50ED2D1359582A70A8B8503C569623EE90C18C6B33542796207,Tester/logs/20261010.log,3019357,2026-06-01,17:20,B152PR,"MO	0	18:16:55.754	Core 04	2026.06.01 17:20:00   [SRJ-IND] B152PR sym=USDJPY bar=2026.06.01 17:15 z1=256,B,157.172,157.178,2026.05.12 01:25,1,2026.05.12 08:55,157.714,156.726"
1883,JUNE0525-B157,1617DC1ACCE6B50ED2D1359582A70A8B8503C569623EE90C18C6B33542796207,Tester/logs/20261010.log,3019358,2026-06-01,17:20,B152PR,"CQ	0	18:16:55.754	Core 04	2026.06.01 17:20:00   [SRJ-IND] B152PR sym=USDJPY bar=2026.06.01 17:15 z1=261,B,157.184,157.192,2026.05.12 03:00,1,2026.05.12 08:55,157.714,156.726"
1884,JUNE0525-B157,1617DC1ACCE6B50ED2D1359582A70A8B8503C569623EE90C18C6B33542796207,Tester/logs/20261010.log,3019359,2026-06-01,17:20,B152PR,"OK	0	18:16:55.754	Core 04	2026.06.01 17:20:00   [SRJ-IND] B152PR sym=USDJPY bar=2026.06.01 17:15 z1=313,B,157.331,157.497,2026.05.12 10:00,1,2026.05.12 10:10,157.546,157.487"
1885,JUNE0525-B157,1617DC1ACCE6B50ED2D1359582A70A8B8503C569623EE90C18C6B33542796207,Tester/logs/20261010.log,3019360,2026-06-01,17:20,B152PR,"NL	0	18:16:55.754	Core 04	2026.06.01 17:20:00   [SRJ-IND] B152PR sym=USDJPY bar=2026.06.01 17:15 z1=414,B,157.517,157.589,2026.05.13 01:10,1,2026.05.13 01:20,157.607,157.587"
1886,JUNE0525-B157,1617DC1ACCE6B50ED2D1359582A70A8B8503C569623EE90C18C6B33542796207,Tester/logs/20261010.log,3019361,2026-06-01,17:20,B152PR,"IF	0	18:16:55.754	Core 04	2026.06.01 17:20:00   [SRJ-IND] B152PR sym=USDJPY bar=2026.06.01 17:15 z1=447,B,157.562,157.648,2026.05.13 06:20,1,2026.05.13 06:25,157.662,157.648"
1887,JUNE0525-B157,1617DC1ACCE6B50ED2D1359582A70A8B8503C569623EE90C18C6B33542796207,Tester/logs/20261010.log,3019362,2026-06-01,17:20,B152PR,"JH	0	18:16:55.754	Core 04	2026.06.01 17:20:00   [SRJ-IND] B152PR sym=USDJPY bar=2026.06.01 17:15 z1=449,B,157.599,157.654,2026.05.13 05:15,1,2026.05.13 05:45,157.687,157.652"
1888,JUNE0525-B157,1617DC1ACCE6B50ED2D1359582A70A8B8503C569623EE90C18C6B33542796207,Tester/logs/20261010.log,3019363,2026-06-01,17:20,B152PR,"OR	0	18:16:55.754	Core 04	2026.06.01 17:20:00   [SRJ-IND] B152PR sym=USDJPY bar=2026.06.01 17:15 z1=460,B,157.645,157.660,2026.05.13 07:05,1,2026.05.14 00:25,157.812,157.650"
1889,JUNE0525-B157,1617DC1ACCE6B50ED2D1359582A70A8B8503C569623EE90C18C6B33542796207,Tester/logs/20261010.log,3019364,2026-06-01,17:20,B152PR,"GD	0	18:16:55.754	Core 04	2026.06.01 17:20:00   [SRJ-IND] B152PR sym=USDJPY bar=2026.06.01 17:15 z1=696,B,157.568,158.167,2026.05.14 18:05,1,2026.05.14 18:10,158.191,158.119"
1890,JUNE0525-B157,1617DC1ACCE6B50ED2D1359582A70A8B8503C569623EE90C18C6B33542796207,Tester/logs/20261010.log,3019365,2026-06-01,17:20,B152PR,"ON	0	18:16:55.754	Core 04	2026.06.01 17:20:00   [SRJ-IND] B152PR sym=USDJPY bar=2026.06.01 17:15 z1=714,B,158.107,158.142,2026.05.14 19:30,1,2026.05.14 20:00,158.169,158.142"
1891,JUNE0525-B157,1617DC1ACCE6B50ED2D1359582A70A8B8503C569623EE90C18C6B33542796207,Tester/logs/20261010.log,3019366,2026-06-01,17:20,B152PR,"NS	0	18:16:55.754	Core 04	2026.06.01 17:20:00   [SRJ-IND] B152PR sym=USDJPY bar=2026.06.01 17:15 z1=1405,B,158.735,158.769,2026.05.20 19:00,1,2026.05.20 19:05,158.816,158.753"
1892,JUNE0525-B157,1617DC1ACCE6B50ED2D1359582A70A8B8503C569623EE90C18C6B33542796207,Tester/logs/20261010.log,3019367,2026-06-01,17:20,B152PR,"HI	0	18:16:55.754	Core 04	2026.06.01 17:20:00   [SRJ-IND] B152PR sym=USDJPY bar=2026.06.01 17:15 z1=1779,B,158.756,158.800,2026.05.25 06:45,1,2026.05.26 00:00,158.887,158.784"
1893,JUNE0525-B157,1617DC1ACCE6B50ED2D1359582A70A8B8503C569623EE90C18C6B33542796207,Tester/logs/20261010.log,3019368,2026-06-01,17:20,B152PR,"EO	0	18:16:55.754	Core 04	2026.06.01 17:20:00   [SRJ-IND] B152PR sym=USDJPY bar=2026.06.01 17:15 z1=1780,B,158.789,158.814,2026.05.25 04:50,1,2026.05.26 00:00,158.887,158.784"
1894,JUNE0525-B157,1617DC1ACCE6B50ED2D1359582A70A8B8503C569623EE90C18C6B33542796207,Tester/logs/20261010.log,3019369,2026-06-01,17:20,B152PR,"LE	0	18:16:55.754	Core 04	2026.06.01 17:20:00   [SRJ-IND] B152PR sym=USDJPY bar=2026.06.01 17:15 z1=1949,B,158.916,158.934,2026.05.26 07:25,1,2026.05.26 07:30,158.942,158.934"
1895,JUNE0525-B157,1617DC1ACCE6B50ED2D1359582A70A8B8503C569623EE90C18C6B33542796207,Tester/logs/20261010.log,3019370,2026-06-01,17:20,B152PR,"EK	0	18:16:55.754	Core 04	2026.06.01 17:20:00   [SRJ-IND] B152PR sym=USDJPY bar=2026.06.01 17:15 z1=2509,B,159.134,159.195,2026.05.29 19:10,1,2026.05.29 19:35,159.215,159.186"
1896,JUNE0525-B157,1617DC1ACCE6B50ED2D1359582A70A8B8503C569623EE90C18C6B33542796207,Tester/logs/20261010.log,3019371,2026-06-01,17:20,B152PR,"DS	0	18:16:55.754	Core 04	2026.06.01 17:20:00   [SRJ-IND] B152PR sym=USDJPY bar=2026.06.01 17:15 bull=1 bear=0 nz=17"
1897,JUNE0525-B157,1617DC1ACCE6B50ED2D1359582A70A8B8503C569623EE90C18C6B33542796207,Tester/logs/20261010.log,3019375,2026-06-01,17:20,CQDRECHECK,"ES	0	18:16:55.754	Core 04	2026.06.01 17:20:00   [SRJ-EA] CQDRECHECK shift=2 passA=1.0 passB=1.0 diff=0 bar=2026.06.01 17:10 state=IDLE dir=NONE divLatch=0 hit1=0 hit2=394 mism=0"
1898,JUNE0525-B157,1617DC1ACCE6B50ED2D1359582A70A8B8503C569623EE90C18C6B33542796207,Tester/logs/20261010.log,3019380,2026-06-01,17:25,B152PR,"DG	0	18:16:55.754	Core 04	2026.06.01 17:25:00   [SRJ-IND] B152PR sym=USDJPY bar=2026.06.01 17:20 z1=65,B,156.672,156.773,2026.05.11 04:10,1,2026.05.12 08:55,157.714,156.726"
1899,JUNE0525-B157,1617DC1ACCE6B50ED2D1359582A70A8B8503C569623EE90C18C6B33542796207,Tester/logs/20261010.log,3019381,2026-06-01,17:25,B152PR,"DM	0	18:16:55.754	Core 04	2026.06.01 17:25:00   [SRJ-IND] B152PR sym=USDJPY bar=2026.06.01 17:20 z1=78,B,156.578,156.584,2026.05.11 00:35,1,2026.05.11 00:40,156.644,156.537"
1900,JUNE0525-B157,1617DC1ACCE6B50ED2D1359582A70A8B8503C569623EE90C18C6B33542796207,Tester/logs/20261010.log,3019382,2026-06-01,17:25,B152PR,"FS	0	18:16:55.754	Core 04	2026.06.01 17:25:00   [SRJ-IND] B152PR sym=USDJPY bar=2026.06.01 17:20 z1=212,B,157.028,157.060,2026.05.11 19:20,1,2026.05.12 00:00,157.152,157.050"
1901,JUNE0525-B157,1617DC1ACCE6B50ED2D1359582A70A8B8503C569623EE90C18C6B33542796207,Tester/logs/20261010.log,3019383,2026-06-01,17:25,B152PR,"JE	0	18:16:55.754	Core 04	2026.06.01 17:25:00   [SRJ-IND] B152PR sym=USDJPY bar=2026.06.01 17:20 z1=256,B,157.172,157.178,2026.05.12 01:25,1,2026.05.12 08:55,157.714,156.726"
1902,JUNE0525-B157,1617DC1ACCE6B50ED2D1359582A70A8B8503C569623EE90C18C6B33542796207,Tester/logs/20261010.log,3019384,2026-06-01,17:25,B152PR,"LO	0	18:16:55.754	Core 04	2026.06.01 17:25:00   [SRJ-IND] B152PR sym=USDJPY bar=2026.06.01 17:20 z1=261,B,157.184,157.192,2026.05.12 03:00,1,2026.05.12 08:55,157.714,156.726"
1903,JUNE0525-B157,1617DC1ACCE6B50ED2D1359582A70A8B8503C569623EE90C18C6B33542796207,Tester/logs/20261010.log,3019385,2026-06-01,17:25,B152PR,"LQ	0	18:16:55.754	Core 04	2026.06.01 17:25:00   [SRJ-IND] B152PR sym=USDJPY bar=2026.06.01 17:20 z1=313,B,157.331,157.497,2026.05.12 10:00,1,2026.05.12 10:10,157.546,157.487"
1904,JUNE0525-B157,1617DC1ACCE6B50ED2D1359582A70A8B8503C569623EE90C18C6B33542796207,Tester/logs/20261010.log,3019386,2026-06-01,17:25,B152PR,"EK	0	18:16:55.754	Core 04	2026.06.01 17:25:00   [SRJ-IND] B152PR sym=USDJPY bar=2026.06.01 17:20 z1=414,B,157.517,157.589,2026.05.13 01:10,1,2026.05.13 01:20,157.607,157.587"
1905,JUNE0525-B157,1617DC1ACCE6B50ED2D1359582A70A8B8503C569623EE90C18C6B33542796207,Tester/logs/20261010.log,3019387,2026-06-01,17:25,B152PR,"NM	0	18:16:55.754	Core 04	2026.06.01 17:25:00   [SRJ-IND] B152PR sym=USDJPY bar=2026.06.01 17:20 z1=447,B,157.562,157.648,2026.05.13 06:20,1,2026.05.13 06:25,157.662,157.648"
1906,JUNE0525-B157,1617DC1ACCE6B50ED2D1359582A70A8B8503C569623EE90C18C6B33542796207,Tester/logs/20261010.log,3019388,2026-06-01,17:25,B152PR,"QG	0	18:16:55.754	Core 04	2026.06.01 17:25:00   [SRJ-IND] B152PR sym=USDJPY bar=2026.06.01 17:20 z1=449,B,157.599,157.654,2026.05.13 05:15,1,2026.05.13 05:45,157.687,157.652"
1907,JUNE0525-B157,1617DC1ACCE6B50ED2D1359582A70A8B8503C569623EE90C18C6B33542796207,Tester/logs/20261010.log,3019389,2026-06-01,17:25,B152PR,"LH	0	18:16:55.754	Core 04	2026.06.01 17:25:00   [SRJ-IND] B152PR sym=USDJPY bar=2026.06.01 17:20 z1=460,B,157.645,157.660,2026.05.13 07:05,1,2026.05.14 00:25,157.812,157.650"
1908,JUNE0525-B157,1617DC1ACCE6B50ED2D1359582A70A8B8503C569623EE90C18C6B33542796207,Tester/logs/20261010.log,3019390,2026-06-01,17:25,B152PR,"PR	0	18:16:55.754	Core 04	2026.06.01 17:25:00   [SRJ-IND] B152PR sym=USDJPY bar=2026.06.01 17:20 z1=696,B,157.568,158.167,2026.05.14 18:05,1,2026.05.14 18:10,158.191,158.119"
1909,JUNE0525-B157,1617DC1ACCE6B50ED2D1359582A70A8B8503C569623EE90C18C6B33542796207,Tester/logs/20261010.log,3019391,2026-06-01,17:25,B152PR,"DD	0	18:16:55.754	Core 04	2026.06.01 17:25:00   [SRJ-IND] B152PR sym=USDJPY bar=2026.06.01 17:20 z1=714,B,158.107,158.142,2026.05.14 19:30,1,2026.05.14 20:00,158.169,158.142"
1910,JUNE0525-B157,1617DC1ACCE6B50ED2D1359582A70A8B8503C569623EE90C18C6B33542796207,Tester/logs/20261010.log,3019392,2026-06-01,17:25,B152PR,"EM	0	18:16:55.754	Core 04	2026.06.01 17:25:00   [SRJ-IND] B152PR sym=USDJPY bar=2026.06.01 17:20 z1=1405,B,158.735,158.769,2026.05.20 19:00,1,2026.05.20 19:05,158.816,158.753"
1911,JUNE0525-B157,1617DC1ACCE6B50ED2D1359582A70A8B8503C569623EE90C18C6B33542796207,Tester/logs/20261010.log,3019393,2026-06-01,17:25,B152PR,"OS	0	18:16:55.754	Core 04	2026.06.01 17:25:00   [SRJ-IND] B152PR sym=USDJPY bar=2026.06.01 17:20 z1=1779,B,158.756,158.800,2026.05.25 06:45,1,2026.05.26 00:00,158.887,158.784"
1912,JUNE0525-B157,1617DC1ACCE6B50ED2D1359582A70A8B8503C569623EE90C18C6B33542796207,Tester/logs/20261010.log,3019394,2026-06-01,17:25,B152PR,"NI	0	18:16:55.754	Core 04	2026.06.01 17:25:00   [SRJ-IND] B152PR sym=USDJPY bar=2026.06.01 17:20 z1=1780,B,158.789,158.814,2026.05.25 04:50,1,2026.05.26 00:00,158.887,158.784"
1913,JUNE0525-B157,1617DC1ACCE6B50ED2D1359582A70A8B8503C569623EE90C18C6B33542796207,Tester/logs/20261010.log,3019395,2026-06-01,17:25,B152PR,"CO	0	18:16:55.754	Core 04	2026.06.01 17:25:00   [SRJ-IND] B152PR sym=USDJPY bar=2026.06.01 17:20 z1=1949,B,158.916,158.934,2026.05.26 07:25,1,2026.05.26 07:30,158.942,158.934"
1914,JUNE0525-B157,1617DC1ACCE6B50ED2D1359582A70A8B8503C569623EE90C18C6B33542796207,Tester/logs/20261010.log,3019396,2026-06-01,17:25,B152PR,"NE	0	18:16:55.754	Core 04	2026.06.01 17:25:00   [SRJ-IND] B152PR sym=USDJPY bar=2026.06.01 17:20 z1=2509,B,159.134,159.195,2026.05.29 19:10,1,2026.05.29 19:35,159.215,159.186"
1915,JUNE0525-B157,1617DC1ACCE6B50ED2D1359582A70A8B8503C569623EE90C18C6B33542796207,Tester/logs/20261010.log,3019397,2026-06-01,17:25,B152PR,"KI	0	18:16:55.754	Core 04	2026.06.01 17:25:00   [SRJ-IND] B152PR sym=USDJPY bar=2026.06.01 17:20 bull=1 bear=0 nz=17"
1916,JUNE0525-B157,1617DC1ACCE6B50ED2D1359582A70A8B8503C569623EE90C18C6B33542796207,Tester/logs/20261010.log,3019401,2026-06-01,17:25,CQDRECHECK,"HI	0	18:16:55.754	Core 04	2026.06.01 17:25:00   [SRJ-EA] CQDRECHECK shift=2 passA=1.0 passB=1.0 diff=0 bar=2026.06.01 17:15 state=IDLE dir=NONE divLatch=0 hit1=0 hit2=395 mism=0"
1917,JUNE0525-B157,1617DC1ACCE6B50ED2D1359582A70A8B8503C569623EE90C18C6B33542796207,Tester/logs/20261010.log,3019406,2026-06-01,17:30,B152PR,"QQ	0	18:16:55.754	Core 04	2026.06.01 17:30:00   [SRJ-IND] B152PR sym=USDJPY bar=2026.06.01 17:25 z1=65,B,156.672,156.773,2026.05.11 04:10,1,2026.05.12 08:55,157.714,156.726"
1918,JUNE0525-B157,1617DC1ACCE6B50ED2D1359582A70A8B8503C569623EE90C18C6B33542796207,Tester/logs/20261010.log,3019407,2026-06-01,17:30,B152PR,"IG	0	18:16:55.754	Core 04	2026.06.01 17:30:00   [SRJ-IND] B152PR sym=USDJPY bar=2026.06.01 17:25 z1=78,B,156.578,156.584,2026.05.11 00:35,1,2026.05.11 00:40,156.644,156.537"
1919,JUNE0525-B157,1617DC1ACCE6B50ED2D1359582A70A8B8503C569623EE90C18C6B33542796207,Tester/logs/20261010.log,3019408,2026-06-01,17:30,B152PR,"ON	0	18:16:55.754	Core 04	2026.06.01 17:30:00   [SRJ-IND] B152PR sym=USDJPY bar=2026.06.01 17:25 z1=212,B,157.028,157.060,2026.05.11 19:20,1,2026.05.12 00:00,157.152,157.050"
1920,JUNE0525-B157,1617DC1ACCE6B50ED2D1359582A70A8B8503C569623EE90C18C6B33542796207,Tester/logs/20261010.log,3019409,2026-06-01,17:30,B152PR,"OP	0	18:16:55.754	Core 04	2026.06.01 17:30:00   [SRJ-IND] B152PR sym=USDJPY bar=2026.06.01 17:25 z1=256,B,157.172,157.178,2026.05.12 01:25,1,2026.05.12 08:55,157.714,156.726"
1921,JUNE0525-B157,1617DC1ACCE6B50ED2D1359582A70A8B8503C569623EE90C18C6B33542796207,Tester/logs/20261010.log,3019410,2026-06-01,17:30,B152PR,"QE	0	18:16:55.754	Core 04	2026.06.01 17:30:00   [SRJ-IND] B152PR sym=USDJPY bar=2026.06.01 17:25 z1=261,B,157.184,157.192,2026.05.12 03:00,1,2026.05.12 08:55,157.714,156.726"
1922,JUNE0525-B157,1617DC1ACCE6B50ED2D1359582A70A8B8503C569623EE90C18C6B33542796207,Tester/logs/20261010.log,3019411,2026-06-01,17:30,B152PR,"EO	0	18:16:55.754	Core 04	2026.06.01 17:30:00   [SRJ-IND] B152PR sym=USDJPY bar=2026.06.01 17:25 z1=313,B,157.331,157.497,2026.05.12 10:00,1,2026.05.12 10:10,157.546,157.487"
1923,JUNE0525-B157,1617DC1ACCE6B50ED2D1359582A70A8B8503C569623EE90C18C6B33542796207,Tester/logs/20261010.log,3019412,2026-06-01,17:30,B152PR,"PQ	0	18:16:55.754	Core 04	2026.06.01 17:30:00   [SRJ-IND] B152PR sym=USDJPY bar=2026.06.01 17:25 z1=414,B,157.517,157.589,2026.05.13 01:10,1,2026.05.13 01:20,157.607,157.587"
1924,JUNE0525-B157,1617DC1ACCE6B50ED2D1359582A70A8B8503C569623EE90C18C6B33542796207,Tester/logs/20261010.log,3019413,2026-06-01,17:30,B152PR,"CK	0	18:16:55.754	Core 04	2026.06.01 17:30:00   [SRJ-IND] B152PR sym=USDJPY bar=2026.06.01 17:25 z1=447,B,157.562,157.648,2026.05.13 06:20,1,2026.05.13 06:25,157.662,157.648"
1925,JUNE0525-B157,1617DC1ACCE6B50ED2D1359582A70A8B8503C569623EE90C18C6B33542796207,Tester/logs/20261010.log,3019414,2026-06-01,17:30,B152PR,"LM	0	18:16:55.754	Core 04	2026.06.01 17:30:00   [SRJ-IND] B152PR sym=USDJPY bar=2026.06.01 17:25 z1=449,B,157.599,157.654,2026.05.13 05:15,1,2026.05.13 05:45,157.687,157.652"
1926,JUNE0525-B157,1617DC1ACCE6B50ED2D1359582A70A8B8503C569623EE90C18C6B33542796207,Tester/logs/20261010.log,3019415,2026-06-01,17:30,B152PR,"EG	0	18:16:55.754	Core 04	2026.06.01 17:30:00   [SRJ-IND] B152PR sym=USDJPY bar=2026.06.01 17:25 z1=460,B,157.645,157.660,2026.05.13 07:05,1,2026.05.14 00:25,157.812,157.650"
1927,JUNE0525-B157,1617DC1ACCE6B50ED2D1359582A70A8B8503C569623EE90C18C6B33542796207,Tester/logs/20261010.log,3019416,2026-06-01,17:30,B152PR,"EI	0	18:16:55.754	Core 04	2026.06.01 17:30:00   [SRJ-IND] B152PR sym=USDJPY bar=2026.06.01 17:25 z1=696,B,157.568,158.167,2026.05.14 18:05,1,2026.05.14 18:10,158.191,158.119"
1928,JUNE0525-B157,1617DC1ACCE6B50ED2D1359582A70A8B8503C569623EE90C18C6B33542796207,Tester/logs/20261010.log,3019417,2026-06-01,17:30,B152PR,"MS	0	18:16:55.754	Core 04	2026.06.01 17:30:00   [SRJ-IND] B152PR sym=USDJPY bar=2026.06.01 17:25 z1=714,B,158.107,158.142,2026.05.14 19:30,1,2026.05.14 20:00,158.169,158.142"
1929,JUNE0525-B157,1617DC1ACCE6B50ED2D1359582A70A8B8503C569623EE90C18C6B33542796207,Tester/logs/20261010.log,3019418,2026-06-01,17:30,B152PR,"HG	0	18:16:55.754	Core 04	2026.06.01 17:30:00   [SRJ-IND] B152PR sym=USDJPY bar=2026.06.01 17:25 z1=1405,B,158.735,158.769,2026.05.20 19:00,1,2026.05.20 19:05,158.816,158.753"
1930,JUNE0525-B157,1617DC1ACCE6B50ED2D1359582A70A8B8503C569623EE90C18C6B33542796207,Tester/logs/20261010.log,3019419,2026-06-01,17:30,B152PR,"NM	0	18:16:55.754	Core 04	2026.06.01 17:30:00   [SRJ-IND] B152PR sym=USDJPY bar=2026.06.01 17:25 z1=1779,B,158.756,158.800,2026.05.25 06:45,1,2026.05.26 00:00,158.887,158.784"
1931,JUNE0525-B157,1617DC1ACCE6B50ED2D1359582A70A8B8503C569623EE90C18C6B33542796207,Tester/logs/20261010.log,3019420,2026-06-01,17:30,B152PR,"OS	0	18:16:55.754	Core 04	2026.06.01 17:30:00   [SRJ-IND] B152PR sym=USDJPY bar=2026.06.01 17:25 z1=1780,B,158.789,158.814,2026.05.25 04:50,1,2026.05.26 00:00,158.887,158.784"
1932,JUNE0525-B157,1617DC1ACCE6B50ED2D1359582A70A8B8503C569623EE90C18C6B33542796207,Tester/logs/20261010.log,3019421,2026-06-01,17:30,B152PR,"JI	0	18:16:55.754	Core 04	2026.06.01 17:30:00   [SRJ-IND] B152PR sym=USDJPY bar=2026.06.01 17:25 z1=1949,B,158.916,158.934,2026.05.26 07:25,1,2026.05.26 07:30,158.942,158.934"
1933,JUNE0525-B157,1617DC1ACCE6B50ED2D1359582A70A8B8503C569623EE90C18C6B33542796207,Tester/logs/20261010.log,3019422,2026-06-01,17:30,B152PR,"OO	0	18:16:55.754	Core 04	2026.06.01 17:30:00   [SRJ-IND] B152PR sym=USDJPY bar=2026.06.01 17:25 z1=2509,B,159.134,159.195,2026.05.29 19:10,1,2026.05.29 19:35,159.215,159.186"
1934,JUNE0525-B157,1617DC1ACCE6B50ED2D1359582A70A8B8503C569623EE90C18C6B33542796207,Tester/logs/20261010.log,3019423,2026-06-01,17:30,B152PR,"RG	0	18:16:55.754	Core 04	2026.06.01 17:30:00   [SRJ-IND] B152PR sym=USDJPY bar=2026.06.01 17:25 bull=1 bear=0 nz=17"
1935,JUNE0525-B157,1617DC1ACCE6B50ED2D1359582A70A8B8503C569623EE90C18C6B33542796207,Tester/logs/20261010.log,3019431,2026-06-01,17:35,B152PR,"HD	0	18:16:55.754	Core 04	2026.06.01 17:35:00   [SRJ-IND] B152PR sym=USDJPY bar=2026.06.01 17:30 z1=65,B,156.672,156.773,2026.05.11 04:10,1,2026.05.12 08:55,157.714,156.726"
1936,JUNE0525-B157,1617DC1ACCE6B50ED2D1359582A70A8B8503C569623EE90C18C6B33542796207,Tester/logs/20261010.log,3019432,2026-06-01,17:35,B152PR,"PK	0	18:16:55.754	Core 04	2026.06.01 17:35:00   [SRJ-IND] B152PR sym=USDJPY bar=2026.06.01 17:30 z1=78,B,156.578,156.584,2026.05.11 00:35,1,2026.05.11 00:40,156.644,156.537"
1937,JUNE0525-B157,1617DC1ACCE6B50ED2D1359582A70A8B8503C569623EE90C18C6B33542796207,Tester/logs/20261010.log,3019433,2026-06-01,17:35,B152PR,"JR	0	18:16:55.754	Core 04	2026.06.01 17:35:00   [SRJ-IND] B152PR sym=USDJPY bar=2026.06.01 17:30 z1=212,B,157.028,157.060,2026.05.11 19:20,1,2026.05.12 00:00,157.152,157.050"
1938,JUNE0525-B157,1617DC1ACCE6B50ED2D1359582A70A8B8503C569623EE90C18C6B33542796207,Tester/logs/20261010.log,3019434,2026-06-01,17:35,B152PR,"ND	0	18:16:55.754	Core 04	2026.06.01 17:35:00   [SRJ-IND] B152PR sym=USDJPY bar=2026.06.01 17:30 z1=256,B,157.172,157.178,2026.05.12 01:25,1,2026.05.12 08:55,157.714,156.726"
1939,JUNE0525-B157,1617DC1ACCE6B50ED2D1359582A70A8B8503C569623EE90C18C6B33542796207,Tester/logs/20261010.log,3019435,2026-06-01,17:35,B152PR,"HN	0	18:16:55.754	Core 04	2026.06.01 17:35:00   [SRJ-IND] B152PR sym=USDJPY bar=2026.06.01 17:30 z1=261,B,157.184,157.192,2026.05.12 03:00,1,2026.05.12 08:55,157.714,156.726"
1940,JUNE0525-B157,1617DC1ACCE6B50ED2D1359582A70A8B8503C569623EE90C18C6B33542796207,Tester/logs/20261010.log,3019436,2026-06-01,17:35,B152PR,"PP	0	18:16:55.754	Core 04	2026.06.01 17:35:00   [SRJ-IND] B152PR sym=USDJPY bar=2026.06.01 17:30 z1=313,B,157.331,157.497,2026.05.12 10:00,1,2026.05.12 10:10,157.546,157.487"
1941,JUNE0525-B157,1617DC1ACCE6B50ED2D1359582A70A8B8503C569623EE90C18C6B33542796207,Tester/logs/20261010.log,3019437,2026-06-01,17:35,B152PR,"IJ	0	18:16:55.754	Core 04	2026.06.01 17:35:00   [SRJ-IND] B152PR sym=USDJPY bar=2026.06.01 17:30 z1=414,B,157.517,157.589,2026.05.13 01:10,1,2026.05.13 01:20,157.607,157.587"
1942,JUNE0525-B157,1617DC1ACCE6B50ED2D1359582A70A8B8503C569623EE90C18C6B33542796207,Tester/logs/20261010.log,3019438,2026-06-01,17:35,B152PR,"JO	0	18:16:55.754	Core 04	2026.06.01 17:35:00   [SRJ-IND] B152PR sym=USDJPY bar=2026.06.01 17:30 z1=447,B,157.562,157.648,2026.05.13 06:20,1,2026.05.13 06:25,157.662,157.648"
1943,JUNE0525-B157,1617DC1ACCE6B50ED2D1359582A70A8B8503C569623EE90C18C6B33542796207,Tester/logs/20261010.log,3019439,2026-06-01,17:35,B152PR,"EQ	0	18:16:55.754	Core 04	2026.06.01 17:35:00   [SRJ-IND] B152PR sym=USDJPY bar=2026.06.01 17:30 z1=449,B,157.599,157.654,2026.05.13 05:15,1,2026.05.13 05:45,157.687,157.652"
1944,JUNE0525-B157,1617DC1ACCE6B50ED2D1359582A70A8B8503C569623EE90C18C6B33542796207,Tester/logs/20261010.log,3019440,2026-06-01,17:35,B152PR,"PK	0	18:16:55.754	Core 04	2026.06.01 17:35:00   [SRJ-IND] B152PR sym=USDJPY bar=2026.06.01 17:30 z1=460,B,157.645,157.660,2026.05.13 07:05,1,2026.05.14 00:25,157.812,157.650"
1945,JUNE0525-B157,1617DC1ACCE6B50ED2D1359582A70A8B8503C569623EE90C18C6B33542796207,Tester/logs/20261010.log,3019441,2026-06-01,17:35,B152PR,"LM	0	18:16:55.754	Core 04	2026.06.01 17:35:00   [SRJ-IND] B152PR sym=USDJPY bar=2026.06.01 17:30 z1=696,B,157.568,158.167,2026.05.14 18:05,1,2026.05.14 18:10,158.191,158.119"
1946,JUNE0525-B157,1617DC1ACCE6B50ED2D1359582A70A8B8503C569623EE90C18C6B33542796207,Tester/logs/20261010.log,3019442,2026-06-01,17:35,B152PR,"PG	0	18:16:55.754	Core 04	2026.06.01 17:35:00   [SRJ-IND] B152PR sym=USDJPY bar=2026.06.01 17:30 z1=714,B,158.107,158.142,2026.05.14 19:30,1,2026.05.14 20:00,158.169,158.142"
1947,JUNE0525-B157,1617DC1ACCE6B50ED2D1359582A70A8B8503C569623EE90C18C6B33542796207,Tester/logs/20261010.log,3019443,2026-06-01,17:35,B152PR,"QJ	0	18:16:55.754	Core 04	2026.06.01 17:35:00   [SRJ-IND] B152PR sym=USDJPY bar=2026.06.01 17:30 z1=1405,B,158.735,158.769,2026.05.20 19:00,1,2026.05.20 19:05,158.816,158.753"
1948,JUNE0525-B157,1617DC1ACCE6B50ED2D1359582A70A8B8503C569623EE90C18C6B33542796207,Tester/logs/20261010.log,3019444,2026-06-01,17:35,B152PR,"CP	0	18:16:55.754	Core 04	2026.06.01 17:35:00   [SRJ-IND] B152PR sym=USDJPY bar=2026.06.01 17:30 z1=1779,B,158.756,158.800,2026.05.25 06:45,1,2026.05.26 00:00,158.887,158.784"
1949,JUNE0525-B157,1617DC1ACCE6B50ED2D1359582A70A8B8503C569623EE90C18C6B33542796207,Tester/logs/20261010.log,3019445,2026-06-01,17:35,B152PR,"JF	0	18:16:55.754	Core 04	2026.06.01 17:35:00   [SRJ-IND] B152PR sym=USDJPY bar=2026.06.01 17:30 z1=1780,B,158.789,158.814,2026.05.25 04:50,1,2026.05.26 00:00,158.887,158.784"
1950,JUNE0525-B157,1617DC1ACCE6B50ED2D1359582A70A8B8503C569623EE90C18C6B33542796207,Tester/logs/20261010.log,3019446,2026-06-01,17:35,B152PR,"OL	0	18:16:55.754	Core 04	2026.06.01 17:35:00   [SRJ-IND] B152PR sym=USDJPY bar=2026.06.01 17:30 z1=1949,B,158.916,158.934,2026.05.26 07:25,1,2026.05.26 07:30,158.942,158.934"
1951,JUNE0525-B157,1617DC1ACCE6B50ED2D1359582A70A8B8503C569623EE90C18C6B33542796207,Tester/logs/20261010.log,3019447,2026-06-01,17:35,B152PR,"JR	0	18:16:55.754	Core 04	2026.06.01 17:35:00   [SRJ-IND] B152PR sym=USDJPY bar=2026.06.01 17:30 z1=2509,B,159.134,159.195,2026.05.29 19:10,1,2026.05.29 19:35,159.215,159.186"
1952,JUNE0525-B157,1617DC1ACCE6B50ED2D1359582A70A8B8503C569623EE90C18C6B33542796207,Tester/logs/20261010.log,3019448,2026-06-01,17:35,B152PR,"GJ	0	18:16:55.754	Core 04	2026.06.01 17:35:00   [SRJ-IND] B152PR sym=USDJPY bar=2026.06.01 17:30 bull=1 bear=0 nz=17"
1953,JUNE0525-B157,1617DC1ACCE6B50ED2D1359582A70A8B8503C569623EE90C18C6B33542796207,Tester/logs/20261010.log,3019455,2026-06-01,17:40,B152PR,"IH	0	18:16:55.754	Core 04	2026.06.01 17:40:00   [SRJ-IND] B152PR sym=USDJPY bar=2026.06.01 17:35 z1=65,B,156.672,156.773,2026.05.11 04:10,1,2026.05.12 08:55,157.714,156.726"
1954,JUNE0525-B157,1617DC1ACCE6B50ED2D1359582A70A8B8503C569623EE90C18C6B33542796207,Tester/logs/20261010.log,3019456,2026-06-01,17:40,B152PR,"IN	0	18:16:55.754	Core 04	2026.06.01 17:40:00   [SRJ-IND] B152PR sym=USDJPY bar=2026.06.01 17:35 z1=78,B,156.578,156.584,2026.05.11 00:35,1,2026.05.11 00:40,156.644,156.537"
1955,JUNE0525-B157,1617DC1ACCE6B50ED2D1359582A70A8B8503C569623EE90C18C6B33542796207,Tester/logs/20261010.log,3019457,2026-06-01,17:40,B152PR,"GF	0	18:16:55.754	Core 04	2026.06.01 17:40:00   [SRJ-IND] B152PR sym=USDJPY bar=2026.06.01 17:35 z1=212,B,157.028,157.060,2026.05.11 19:20,1,2026.05.12 00:00,157.152,157.050"
1956,JUNE0525-B157,1617DC1ACCE6B50ED2D1359582A70A8B8503C569623EE90C18C6B33542796207,Tester/logs/20261010.log,3019458,2026-06-01,17:40,B152PR,"CH	0	18:16:55.754	Core 04	2026.06.01 17:40:00   [SRJ-IND] B152PR sym=USDJPY bar=2026.06.01 17:35 z1=256,B,157.172,157.178,2026.05.12 01:25,1,2026.05.12 08:55,157.714,156.726"
1957,JUNE0525-B157,1617DC1ACCE6B50ED2D1359582A70A8B8503C569623EE90C18C6B33542796207,Tester/logs/20261010.log,3019459,2026-06-01,17:40,B152PR,"QR	0	18:16:55.754	Core 04	2026.06.01 17:40:00   [SRJ-IND] B152PR sym=USDJPY bar=2026.06.01 17:35 z1=261,B,157.184,157.192,2026.05.12 03:00,1,2026.05.12 08:55,157.714,156.726"
1958,JUNE0525-B157,1617DC1ACCE6B50ED2D1359582A70A8B8503C569623EE90C18C6B33542796207,Tester/logs/20261010.log,3019460,2026-06-01,17:40,B152PR,"QD	0	18:16:55.754	Core 04	2026.06.01 17:40:00   [SRJ-IND] B152PR sym=USDJPY bar=2026.06.01 17:35 z1=313,B,157.331,157.497,2026.05.12 10:00,1,2026.05.12 10:10,157.546,157.487"
1959,JUNE0525-B157,1617DC1ACCE6B50ED2D1359582A70A8B8503C569623EE90C18C6B33542796207,Tester/logs/20261010.log,3019461,2026-06-01,17:40,B152PR,"HN	0	18:16:55.754	Core 04	2026.06.01 17:40:00   [SRJ-IND] B152PR sym=USDJPY bar=2026.06.01 17:35 z1=414,B,157.517,157.589,2026.05.13 01:10,1,2026.05.13 01:20,157.607,157.587"
1960,JUNE0525-B157,1617DC1ACCE6B50ED2D1359582A70A8B8503C569623EE90C18C6B33542796207,Tester/logs/20261010.log,3019462,2026-06-01,17:40,B152PR,"OP	0	18:16:55.754	Core 04	2026.06.01 17:40:00   [SRJ-IND] B152PR sym=USDJPY bar=2026.06.01 17:35 z1=447,B,157.562,157.648,2026.05.13 06:20,1,2026.05.13 06:25,157.662,157.648"
1961,JUNE0525-B157,1617DC1ACCE6B50ED2D1359582A70A8B8503C569623EE90C18C6B33542796207,Tester/logs/20261010.log,3019463,2026-06-01,17:40,B152PR,"LJ	0	18:16:55.754	Core 04	2026.06.01 17:40:00   [SRJ-IND] B152PR sym=USDJPY bar=2026.06.01 17:35 z1=449,B,157.599,157.654,2026.05.13 05:15,1,2026.05.13 05:45,157.687,157.652"
1962,JUNE0525-B157,1617DC1ACCE6B50ED2D1359582A70A8B8503C569623EE90C18C6B33542796207,Tester/logs/20261010.log,3019464,2026-06-01,17:40,B152PR,"QO	0	18:16:55.754	Core 04	2026.06.01 17:40:00   [SRJ-IND] B152PR sym=USDJPY bar=2026.06.01 17:35 z1=460,B,157.645,157.660,2026.05.13 07:05,1,2026.05.14 00:25,157.812,157.650"
1963,JUNE0525-B157,1617DC1ACCE6B50ED2D1359582A70A8B8503C569623EE90C18C6B33542796207,Tester/logs/20261010.log,3019465,2026-06-01,17:40,B152PR,"MQ	0	18:16:55.754	Core 04	2026.06.01 17:40:00   [SRJ-IND] B152PR sym=USDJPY bar=2026.06.01 17:35 z1=696,B,157.568,158.167,2026.05.14 18:05,1,2026.05.14 18:10,158.191,158.119"
1964,JUNE0525-B157,1617DC1ACCE6B50ED2D1359582A70A8B8503C569623EE90C18C6B33542796207,Tester/logs/20261010.log,3019466,2026-06-01,17:40,B152PR,"IK	0	18:16:55.754	Core 04	2026.06.01 17:40:00   [SRJ-IND] B152PR sym=USDJPY bar=2026.06.01 17:35 z1=714,B,158.107,158.142,2026.05.14 19:30,1,2026.05.14 20:00,158.169,158.142"
1965,JUNE0525-B157,1617DC1ACCE6B50ED2D1359582A70A8B8503C569623EE90C18C6B33542796207,Tester/logs/20261010.log,3019467,2026-06-01,17:40,B152PR,"HN	0	18:16:55.754	Core 04	2026.06.01 17:40:00   [SRJ-IND] B152PR sym=USDJPY bar=2026.06.01 17:35 z1=1405,B,158.735,158.769,2026.05.20 19:00,1,2026.05.20 19:05,158.816,158.753"
1966,JUNE0525-B157,1617DC1ACCE6B50ED2D1359582A70A8B8503C569623EE90C18C6B33542796207,Tester/logs/20261010.log,3019468,2026-06-01,17:40,B152PR,"ND	0	18:16:55.754	Core 04	2026.06.01 17:40:00   [SRJ-IND] B152PR sym=USDJPY bar=2026.06.01 17:35 z1=1779,B,158.756,158.800,2026.05.25 06:45,1,2026.05.26 00:00,158.887,158.784"
1967,JUNE0525-B157,1617DC1ACCE6B50ED2D1359582A70A8B8503C569623EE90C18C6B33542796207,Tester/logs/20261010.log,3019469,2026-06-01,17:40,B152PR,"OJ	0	18:16:55.754	Core 04	2026.06.01 17:40:00   [SRJ-IND] B152PR sym=USDJPY bar=2026.06.01 17:35 z1=1780,B,158.789,158.814,2026.05.25 04:50,1,2026.05.26 00:00,158.887,158.784"
1968,JUNE0525-B157,1617DC1ACCE6B50ED2D1359582A70A8B8503C569623EE90C18C6B33542796207,Tester/logs/20261010.log,3019470,2026-06-01,17:40,B152PR,"JP	0	18:16:55.754	Core 04	2026.06.01 17:40:00   [SRJ-IND] B152PR sym=USDJPY bar=2026.06.01 17:35 z1=1949,B,158.916,158.934,2026.05.26 07:25,1,2026.05.26 07:30,158.942,158.934"
1969,JUNE0525-B157,1617DC1ACCE6B50ED2D1359582A70A8B8503C569623EE90C18C6B33542796207,Tester/logs/20261010.log,3019471,2026-06-01,17:40,B152PR,"OF	0	18:16:55.754	Core 04	2026.06.01 17:40:00   [SRJ-IND] B152PR sym=USDJPY bar=2026.06.01 17:35 z1=2509,B,159.134,159.195,2026.05.29 19:10,1,2026.05.29 19:35,159.215,159.186"
1970,JUNE0525-B157,1617DC1ACCE6B50ED2D1359582A70A8B8503C569623EE90C18C6B33542796207,Tester/logs/20261010.log,3019472,2026-06-01,17:40,B152PR,"RN	0	18:16:55.754	Core 04	2026.06.01 17:40:00   [SRJ-IND] B152PR sym=USDJPY bar=2026.06.01 17:35 bull=1 bear=0 nz=17"
1971,JUNE0525-B157,1617DC1ACCE6B50ED2D1359582A70A8B8503C569623EE90C18C6B33542796207,Tester/logs/20261010.log,3019476,2026-06-01,17:40,CQDRECHECK,"EL	0	18:16:55.754	Core 04	2026.06.01 17:40:00   [SRJ-EA] CQDRECHECK shift=2 passA=-2.0 passB=-2.0 diff=0 bar=2026.06.01 17:30 state=IDLE dir=NONE divLatch=0 hit1=0 hit2=396 mism=0"
1972,JUNE0525-B157,1617DC1ACCE6B50ED2D1359582A70A8B8503C569623EE90C18C6B33542796207,Tester/logs/20261010.log,3019482,2026-06-01,17:45,B152PR,"JP	0	18:16:55.754	Core 04	2026.06.01 17:45:02   [SRJ-IND] B152PR sym=USDJPY bar=2026.06.01 17:40 z1=65,B,156.672,156.773,2026.05.11 04:10,1,2026.05.12 08:55,157.714,156.726"
1973,JUNE0525-B157,1617DC1ACCE6B50ED2D1359582A70A8B8503C569623EE90C18C6B33542796207,Tester/logs/20261010.log,3019483,2026-06-01,17:45,B152PR,"RG	0	18:16:55.754	Core 04	2026.06.01 17:45:02   [SRJ-IND] B152PR sym=USDJPY bar=2026.06.01 17:40 z1=78,B,156.578,156.584,2026.05.11 00:35,1,2026.05.11 00:40,156.644,156.537"
1974,JUNE0525-B157,1617DC1ACCE6B50ED2D1359582A70A8B8503C569623EE90C18C6B33542796207,Tester/logs/20261010.log,3019484,2026-06-01,17:45,B152PR,"HN	0	18:16:55.754	Core 04	2026.06.01 17:45:02   [SRJ-IND] B152PR sym=USDJPY bar=2026.06.01 17:40 z1=212,B,157.028,157.060,2026.05.11 19:20,1,2026.05.12 00:00,157.152,157.050"
1975,JUNE0525-B157,1617DC1ACCE6B50ED2D1359582A70A8B8503C569623EE90C18C6B33542796207,Tester/logs/20261010.log,3019485,2026-06-01,17:45,B152PR,"LP	0	18:16:55.754	Core 04	2026.06.01 17:45:02   [SRJ-IND] B152PR sym=USDJPY bar=2026.06.01 17:40 z1=256,B,157.172,157.178,2026.05.12 01:25,1,2026.05.12 08:55,157.714,156.726"
1976,JUNE0525-B157,1617DC1ACCE6B50ED2D1359582A70A8B8503C569623EE90C18C6B33542796207,Tester/logs/20261010.log,3019486,2026-06-01,17:45,B152PR,"JJ	0	18:16:55.754	Core 04	2026.06.01 17:45:02   [SRJ-IND] B152PR sym=USDJPY bar=2026.06.01 17:40 z1=261,B,157.184,157.192,2026.05.12 03:00,1,2026.05.12 08:55,157.714,156.726"
1977,JUNE0525-B157,1617DC1ACCE6B50ED2D1359582A70A8B8503C569623EE90C18C6B33542796207,Tester/logs/20261010.log,3019487,2026-06-01,17:45,B152PR,"RL	0	18:16:55.754	Core 04	2026.06.01 17:45:02   [SRJ-IND] B152PR sym=USDJPY bar=2026.06.01 17:40 z1=313,B,157.331,157.497,2026.05.12 10:00,1,2026.05.12 10:10,157.546,157.487"
1978,JUNE0525-B157,1617DC1ACCE6B50ED2D1359582A70A8B8503C569623EE90C18C6B33542796207,Tester/logs/20261010.log,3019488,2026-06-01,17:45,B152PR,"GF	0	18:16:55.754	Core 04	2026.06.01 17:45:02   [SRJ-IND] B152PR sym=USDJPY bar=2026.06.01 17:40 z1=414,B,157.517,157.589,2026.05.13 01:10,1,2026.05.13 01:20,157.607,157.587"
1979,JUNE0525-B157,1617DC1ACCE6B50ED2D1359582A70A8B8503C569623EE90C18C6B33542796207,Tester/logs/20261010.log,3019489,2026-06-01,17:45,B152PR,"HK	0	18:16:55.754	Core 04	2026.06.01 17:45:02   [SRJ-IND] B152PR sym=USDJPY bar=2026.06.01 17:40 z1=447,B,157.562,157.648,2026.05.13 06:20,1,2026.05.13 06:25,157.662,157.648"
1980,JUNE0525-B157,1617DC1ACCE6B50ED2D1359582A70A8B8503C569623EE90C18C6B33542796207,Tester/logs/20261010.log,3019490,2026-06-01,17:45,B152PR,"CM	0	18:16:55.754	Core 04	2026.06.01 17:45:02   [SRJ-IND] B152PR sym=USDJPY bar=2026.06.01 17:40 z1=449,B,157.599,157.654,2026.05.13 05:15,1,2026.05.13 05:45,157.687,157.652"
1981,JUNE0525-B157,1617DC1ACCE6B50ED2D1359582A70A8B8503C569623EE90C18C6B33542796207,Tester/logs/20261010.log,3019491,2026-06-01,17:45,B152PR,"RG	0	18:16:55.754	Core 04	2026.06.01 17:45:02   [SRJ-IND] B152PR sym=USDJPY bar=2026.06.01 17:40 z1=460,B,157.645,157.660,2026.05.13 07:05,1,2026.05.14 00:25,157.812,157.650"
1982,JUNE0525-B157,1617DC1ACCE6B50ED2D1359582A70A8B8503C569623EE90C18C6B33542796207,Tester/logs/20261010.log,3019492,2026-06-01,17:45,B152PR,"NI	0	18:16:55.754	Core 04	2026.06.01 17:45:02   [SRJ-IND] B152PR sym=USDJPY bar=2026.06.01 17:40 z1=696,B,157.568,158.167,2026.05.14 18:05,1,2026.05.14 18:10,158.191,158.119"
1983,JUNE0525-B157,1617DC1ACCE6B50ED2D1359582A70A8B8503C569623EE90C18C6B33542796207,Tester/logs/20261010.log,3019493,2026-06-01,17:45,B152PR,"RS	0	18:16:55.754	Core 04	2026.06.01 17:45:02   [SRJ-IND] B152PR sym=USDJPY bar=2026.06.01 17:40 z1=714,B,158.107,158.142,2026.05.14 19:30,1,2026.05.14 20:00,158.169,158.142"
1984,JUNE0525-B157,1617DC1ACCE6B50ED2D1359582A70A8B8503C569623EE90C18C6B33542796207,Tester/logs/20261010.log,3019494,2026-06-01,17:45,B152PR,"OF	0	18:16:55.754	Core 04	2026.06.01 17:45:02   [SRJ-IND] B152PR sym=USDJPY bar=2026.06.01 17:40 z1=1405,B,158.735,158.769,2026.05.20 19:00,1,2026.05.20 19:05,158.816,158.753"
1985,JUNE0525-B157,1617DC1ACCE6B50ED2D1359582A70A8B8503C569623EE90C18C6B33542796207,Tester/logs/20261010.log,3019495,2026-06-01,17:45,B152PR,"EL	0	18:16:55.754	Core 04	2026.06.01 17:45:02   [SRJ-IND] B152PR sym=USDJPY bar=2026.06.01 17:40 z1=1779,B,158.756,158.800,2026.05.25 06:45,1,2026.05.26 00:00,158.887,158.784"
1986,JUNE0525-B157,1617DC1ACCE6B50ED2D1359582A70A8B8503C569623EE90C18C6B33542796207,Tester/logs/20261010.log,3019496,2026-06-01,17:45,B152PR,"HR	0	18:16:55.754	Core 04	2026.06.01 17:45:02   [SRJ-IND] B152PR sym=USDJPY bar=2026.06.01 17:40 z1=1780,B,158.789,158.814,2026.05.25 04:50,1,2026.05.26 00:00,158.887,158.784"
1987,JUNE0525-B157,1617DC1ACCE6B50ED2D1359582A70A8B8503C569623EE90C18C6B33542796207,Tester/logs/20261010.log,3019497,2026-06-01,17:45,B152PR,"QH	0	18:16:55.754	Core 04	2026.06.01 17:45:02   [SRJ-IND] B152PR sym=USDJPY bar=2026.06.01 17:40 z1=1949,B,158.916,158.934,2026.05.26 07:25,1,2026.05.26 07:30,158.942,158.934"
1988,JUNE0525-B157,1617DC1ACCE6B50ED2D1359582A70A8B8503C569623EE90C18C6B33542796207,Tester/logs/20261010.log,3019498,2026-06-01,17:45,B152PR,"HN	0	18:16:55.754	Core 04	2026.06.01 17:45:02   [SRJ-IND] B152PR sym=USDJPY bar=2026.06.01 17:40 z1=2509,B,159.134,159.195,2026.05.29 19:10,1,2026.05.29 19:35,159.215,159.186"
1989,JUNE0525-B157,1617DC1ACCE6B50ED2D1359582A70A8B8503C569623EE90C18C6B33542796207,Tester/logs/20261010.log,3019499,2026-06-01,17:45,B152PR,"IF	0	18:16:55.754	Core 04	2026.06.01 17:45:02   [SRJ-IND] B152PR sym=USDJPY bar=2026.06.01 17:40 bull=1 bear=0 nz=17"
1990,JUNE0525-B157,1617DC1ACCE6B50ED2D1359582A70A8B8503C569623EE90C18C6B33542796207,Tester/logs/20261010.log,3019507,2026-06-01,17:50,B152PR,"ED	0	18:16:55.754	Core 04	2026.06.01 17:50:00   [SRJ-IND] B152PR sym=USDJPY bar=2026.06.01 17:45 z1=65,B,156.672,156.773,2026.05.11 04:10,1,2026.05.12 08:55,157.714,156.726"
1991,JUNE0525-B157,1617DC1ACCE6B50ED2D1359582A70A8B8503C569623EE90C18C6B33542796207,Tester/logs/20261010.log,3019508,2026-06-01,17:50,B152PR,"EJ	0	18:16:55.754	Core 04	2026.06.01 17:50:00   [SRJ-IND] B152PR sym=USDJPY bar=2026.06.01 17:45 z1=78,B,156.578,156.584,2026.05.11 00:35,1,2026.05.11 00:40,156.644,156.537"
1992,JUNE0525-B157,1617DC1ACCE6B50ED2D1359582A70A8B8503C569623EE90C18C6B33542796207,Tester/logs/20261010.log,3019509,2026-06-01,17:50,B152PR,"CR	0	18:16:55.754	Core 04	2026.06.01 17:50:00   [SRJ-IND] B152PR sym=USDJPY bar=2026.06.01 17:45 z1=212,B,157.028,157.060,2026.05.11 19:20,1,2026.05.12 00:00,157.152,157.050"
1993,JUNE0525-B157,1617DC1ACCE6B50ED2D1359582A70A8B8503C569623EE90C18C6B33542796207,Tester/logs/20261010.log,3019510,2026-06-01,17:50,B152PR,"CD	0	18:16:55.754	Core 04	2026.06.01 17:50:00   [SRJ-IND] B152PR sym=USDJPY bar=2026.06.01 17:45 z1=256,B,157.172,157.178,2026.05.12 01:25,1,2026.05.12 08:55,157.714,156.726"
1994,JUNE0525-B157,1617DC1ACCE6B50ED2D1359582A70A8B8503C569623EE90C18C6B33542796207,Tester/logs/20261010.log,3019511,2026-06-01,17:50,B152PR,"MN	0	18:16:55.754	Core 04	2026.06.01 17:50:00   [SRJ-IND] B152PR sym=USDJPY bar=2026.06.01 17:45 z1=261,B,157.184,157.192,2026.05.12 03:00,1,2026.05.12 08:55,157.714,156.726"
1995,JUNE0525-B157,1617DC1ACCE6B50ED2D1359582A70A8B8503C569623EE90C18C6B33542796207,Tester/logs/20261010.log,3019512,2026-06-01,17:50,B152PR,"IP	0	18:16:55.754	Core 04	2026.06.01 17:50:00   [SRJ-IND] B152PR sym=USDJPY bar=2026.06.01 17:45 z1=313,B,157.331,157.497,2026.05.12 10:00,1,2026.05.12 10:10,157.546,157.487"
1996,JUNE0525-B157,1617DC1ACCE6B50ED2D1359582A70A8B8503C569623EE90C18C6B33542796207,Tester/logs/20261010.log,3019513,2026-06-01,17:50,B152PR,"DJ	0	18:16:55.754	Core 04	2026.06.01 17:50:00   [SRJ-IND] B152PR sym=USDJPY bar=2026.06.01 17:45 z1=414,B,157.517,157.589,2026.05.13 01:10,1,2026.05.13 01:20,157.607,157.587"
1997,JUNE0525-B157,1617DC1ACCE6B50ED2D1359582A70A8B8503C569623EE90C18C6B33542796207,Tester/logs/20261010.log,3019514,2026-06-01,17:50,B152PR,"OL	0	18:16:55.754	Core 04	2026.06.01 17:50:00   [SRJ-IND] B152PR sym=USDJPY bar=2026.06.01 17:45 z1=447,B,157.562,157.648,2026.05.13 06:20,1,2026.05.13 06:25,157.662,157.648"
1998,JUNE0525-B157,1617DC1ACCE6B50ED2D1359582A70A8B8503C569623EE90C18C6B33542796207,Tester/logs/20261010.log,3019515,2026-06-01,17:50,B152PR,"PF	0	18:16:55.754	Core 04	2026.06.01 17:50:00   [SRJ-IND] B152PR sym=USDJPY bar=2026.06.01 17:45 z1=449,B,157.599,157.654,2026.05.13 05:15,1,2026.05.13 05:45,157.687,157.652"
1999,JUNE0525-B157,1617DC1ACCE6B50ED2D1359582A70A8B8503C569623EE90C18C6B33542796207,Tester/logs/20261010.log,3019516,2026-06-01,17:50,B152PR,"IH	0	18:16:55.754	Core 04	2026.06.01 17:50:00   [SRJ-IND] B152PR sym=USDJPY bar=2026.06.01 17:45 z1=460,B,157.645,157.660,2026.05.13 07:05,1,2026.05.14 00:25,157.812,157.650"
2000,JUNE0525-B157,1617DC1ACCE6B50ED2D1359582A70A8B8503C569623EE90C18C6B33542796207,Tester/logs/20261010.log,3019517,2026-06-01,17:50,B152PR,"QM	0	18:16:55.754	Core 04	2026.06.01 17:50:00   [SRJ-IND] B152PR sym=USDJPY bar=2026.06.01 17:45 z1=696,B,157.568,158.167,2026.05.14 18:05,1,2026.05.14 18:10,158.191,158.119"
2001,JUNE0525-B157,1617DC1ACCE6B50ED2D1359582A70A8B8503C569623EE90C18C6B33542796207,Tester/logs/20261010.log,3019518,2026-06-01,17:50,B152PR,"IG	0	18:16:55.754	Core 04	2026.06.01 17:50:00   [SRJ-IND] B152PR sym=USDJPY bar=2026.06.01 17:45 z1=714,B,158.107,158.142,2026.05.14 19:30,1,2026.05.14 20:00,158.169,158.142"
2002,JUNE0525-B157,1617DC1ACCE6B50ED2D1359582A70A8B8503C569623EE90C18C6B33542796207,Tester/logs/20261010.log,3019519,2026-06-01,17:50,B152PR,"DJ	0	18:16:55.754	Core 04	2026.06.01 17:50:00   [SRJ-IND] B152PR sym=USDJPY bar=2026.06.01 17:45 z1=1405,B,158.735,158.769,2026.05.20 19:00,1,2026.05.20 19:05,158.816,158.753"
2003,JUNE0525-B157,1617DC1ACCE6B50ED2D1359582A70A8B8503C569623EE90C18C6B33542796207,Tester/logs/20261010.log,3019520,2026-06-01,17:50,B152PR,"RP	0	18:16:55.754	Core 04	2026.06.01 17:50:00   [SRJ-IND] B152PR sym=USDJPY bar=2026.06.01 17:45 z1=1779,B,158.756,158.800,2026.05.25 06:45,1,2026.05.26 00:00,158.887,158.784"
2004,JUNE0525-B157,1617DC1ACCE6B50ED2D1359582A70A8B8503C569623EE90C18C6B33542796207,Tester/logs/20261010.log,3019521,2026-06-01,17:50,B152PR,"KF	0	18:16:55.754	Core 04	2026.06.01 17:50:00   [SRJ-IND] B152PR sym=USDJPY bar=2026.06.01 17:45 z1=1780,B,158.789,158.814,2026.05.25 04:50,1,2026.05.26 00:00,158.887,158.784"
2005,JUNE0525-B157,1617DC1ACCE6B50ED2D1359582A70A8B8503C569623EE90C18C6B33542796207,Tester/logs/20261010.log,3019522,2026-06-01,17:50,B152PR,"FL	0	18:16:55.754	Core 04	2026.06.01 17:50:00   [SRJ-IND] B152PR sym=USDJPY bar=2026.06.01 17:45 z1=1949,B,158.916,158.934,2026.05.26 07:25,1,2026.05.26 07:30,158.942,158.934"
2006,JUNE0525-B157,1617DC1ACCE6B50ED2D1359582A70A8B8503C569623EE90C18C6B33542796207,Tester/logs/20261010.log,3019523,2026-06-01,17:50,B152PR,"KR	0	18:16:55.754	Core 04	2026.06.01 17:50:00   [SRJ-IND] B152PR sym=USDJPY bar=2026.06.01 17:45 z1=2509,B,159.134,159.195,2026.05.29 19:10,1,2026.05.29 19:35,159.215,159.186"
2007,JUNE0525-B157,1617DC1ACCE6B50ED2D1359582A70A8B8503C569623EE90C18C6B33542796207,Tester/logs/20261010.log,3019524,2026-06-01,17:50,B152PR,"NJ	0	18:16:55.754	Core 04	2026.06.01 17:50:00   [SRJ-IND] B152PR sym=USDJPY bar=2026.06.01 17:45 bull=1 bear=0 nz=17"
2008,JUNE0525-B157,1617DC1ACCE6B50ED2D1359582A70A8B8503C569623EE90C18C6B33542796207,Tester/logs/20261010.log,3019528,2026-06-01,17:50,CQDRECHECK,"NH	0	18:16:55.754	Core 04	2026.06.01 17:50:00   [SRJ-EA] CQDRECHECK shift=2 passA=1.0 passB=1.0 diff=0 bar=2026.06.01 17:40 state=IDLE dir=NONE divLatch=0 hit1=0 hit2=397 mism=0"
2009,JUNE0525-B157,1617DC1ACCE6B50ED2D1359582A70A8B8503C569623EE90C18C6B33542796207,Tester/logs/20261010.log,3019533,2026-06-01,17:55,B152PR,"LN	0	18:16:55.754	Core 04	2026.06.01 17:55:00   [SRJ-IND] B152PR sym=USDJPY bar=2026.06.01 17:50 z1=65,B,156.672,156.773,2026.05.11 04:10,1,2026.05.12 08:55,157.714,156.726"
2010,JUNE0525-B157,1617DC1ACCE6B50ED2D1359582A70A8B8503C569623EE90C18C6B33542796207,Tester/logs/20261010.log,3019534,2026-06-01,17:55,B152PR,"LD	0	18:16:55.754	Core 04	2026.06.01 17:55:00   [SRJ-IND] B152PR sym=USDJPY bar=2026.06.01 17:50 z1=78,B,156.578,156.584,2026.05.11 00:35,1,2026.05.11 00:40,156.644,156.537"
2011,JUNE0525-B157,1617DC1ACCE6B50ED2D1359582A70A8B8503C569623EE90C18C6B33542796207,Tester/logs/20261010.log,3019535,2026-06-01,17:55,B152PR,"NI	0	18:16:55.754	Core 04	2026.06.01 17:55:00   [SRJ-IND] B152PR sym=USDJPY bar=2026.06.01 17:50 z1=212,B,157.028,157.060,2026.05.11 19:20,1,2026.05.12 00:00,157.152,157.050"
2012,JUNE0525-B157,1617DC1ACCE6B50ED2D1359582A70A8B8503C569623EE90C18C6B33542796207,Tester/logs/20261010.log,3019536,2026-06-01,17:55,B152PR,"RS	0	18:16:55.754	Core 04	2026.06.01 17:55:00   [SRJ-IND] B152PR sym=USDJPY bar=2026.06.01 17:50 z1=256,B,157.172,157.178,2026.05.12 01:25,1,2026.05.12 08:55,157.714,156.726"
2013,JUNE0525-B157,1617DC1ACCE6B50ED2D1359582A70A8B8503C569623EE90C18C6B33542796207,Tester/logs/20261010.log,3019537,2026-06-01,17:55,B152PR,"DE	0	18:16:55.754	Core 04	2026.06.01 17:55:00   [SRJ-IND] B152PR sym=USDJPY bar=2026.06.01 17:50 z1=261,B,157.184,157.192,2026.05.12 03:00,1,2026.05.12 08:55,157.714,156.726"
2014,JUNE0525-B157,1617DC1ACCE6B50ED2D1359582A70A8B8503C569623EE90C18C6B33542796207,Tester/logs/20261010.log,3019538,2026-06-01,17:55,B152PR,"DN	0	18:16:55.754	Core 04	2026.06.01 17:55:00   [SRJ-IND] B152PR sym=USDJPY bar=2026.06.01 17:50 z1=313,B,157.331,157.497,2026.05.12 10:00,1,2026.05.12 10:10,157.546,157.487"
2015,JUNE0525-B157,1617DC1ACCE6B50ED2D1359582A70A8B8503C569623EE90C18C6B33542796207,Tester/logs/20261010.log,3019539,2026-06-01,17:55,B152PR,"MP	0	18:16:55.754	Core 04	2026.06.01 17:55:00   [SRJ-IND] B152PR sym=USDJPY bar=2026.06.01 17:50 z1=414,B,157.517,157.589,2026.05.13 01:10,1,2026.05.13 01:20,157.607,157.587"
2016,JUNE0525-B157,1617DC1ACCE6B50ED2D1359582A70A8B8503C569623EE90C18C6B33542796207,Tester/logs/20261010.log,3019540,2026-06-01,17:55,B152PR,"FJ	0	18:16:55.754	Core 04	2026.06.01 17:55:00   [SRJ-IND] B152PR sym=USDJPY bar=2026.06.01 17:50 z1=447,B,157.562,157.648,2026.05.13 06:20,1,2026.05.13 06:25,157.662,157.648"
2017,JUNE0525-B157,1617DC1ACCE6B50ED2D1359582A70A8B8503C569623EE90C18C6B33542796207,Tester/logs/20261010.log,3019541,2026-06-01,17:55,B152PR,"IL	0	18:16:55.754	Core 04	2026.06.01 17:55:00   [SRJ-IND] B152PR sym=USDJPY bar=2026.06.01 17:50 z1=449,B,157.599,157.654,2026.05.13 05:15,1,2026.05.13 05:45,157.687,157.652"
2018,JUNE0525-B157,1617DC1ACCE6B50ED2D1359582A70A8B8503C569623EE90C18C6B33542796207,Tester/logs/20261010.log,3019542,2026-06-01,17:55,B152PR,"DF	0	18:16:55.754	Core 04	2026.06.01 17:55:00   [SRJ-IND] B152PR sym=USDJPY bar=2026.06.01 17:50 z1=460,B,157.645,157.660,2026.05.13 07:05,1,2026.05.14 00:25,157.812,157.650"
2019,JUNE0525-B157,1617DC1ACCE6B50ED2D1359582A70A8B8503C569623EE90C18C6B33542796207,Tester/logs/20261010.log,3019543,2026-06-01,17:55,B152PR,"HH	0	18:16:55.754	Core 04	2026.06.01 17:55:00   [SRJ-IND] B152PR sym=USDJPY bar=2026.06.01 17:50 z1=696,B,157.568,158.167,2026.05.14 18:05,1,2026.05.14 18:10,158.191,158.119"
2020,JUNE0525-B157,1617DC1ACCE6B50ED2D1359582A70A8B8503C569623EE90C18C6B33542796207,Tester/logs/20261010.log,3019544,2026-06-01,17:55,B152PR,"LR	0	18:16:55.754	Core 04	2026.06.01 17:55:00   [SRJ-IND] B152PR sym=USDJPY bar=2026.06.01 17:50 z1=714,B,158.107,158.142,2026.05.14 19:30,1,2026.05.14 20:00,158.169,158.142"
2021,JUNE0525-B157,1617DC1ACCE6B50ED2D1359582A70A8B8503C569623EE90C18C6B33542796207,Tester/logs/20261010.log,3019545,2026-06-01,17:55,B152PR,"MG	0	18:16:55.754	Core 04	2026.06.01 17:55:00   [SRJ-IND] B152PR sym=USDJPY bar=2026.06.01 17:50 z1=1405,B,158.735,158.769,2026.05.20 19:00,1,2026.05.20 19:05,158.816,158.753"
2022,JUNE0525-B157,1617DC1ACCE6B50ED2D1359582A70A8B8503C569623EE90C18C6B33542796207,Tester/logs/20261010.log,3019546,2026-06-01,17:55,B152PR,"GM	0	18:16:55.754	Core 04	2026.06.01 17:55:00   [SRJ-IND] B152PR sym=USDJPY bar=2026.06.01 17:50 z1=1779,B,158.756,158.800,2026.05.25 06:45,1,2026.05.26 00:00,158.887,158.784"
2023,JUNE0525-B157,1617DC1ACCE6B50ED2D1359582A70A8B8503C569623EE90C18C6B33542796207,Tester/logs/20261010.log,3019547,2026-06-01,17:55,B152PR,"FS	0	18:16:55.754	Core 04	2026.06.01 17:55:00   [SRJ-IND] B152PR sym=USDJPY bar=2026.06.01 17:50 z1=1780,B,158.789,158.814,2026.05.25 04:50,1,2026.05.26 00:00,158.887,158.784"
2024,JUNE0525-B157,1617DC1ACCE6B50ED2D1359582A70A8B8503C569623EE90C18C6B33542796207,Tester/logs/20261010.log,3019548,2026-06-01,17:55,B152PR,"KI	0	18:16:55.754	Core 04	2026.06.01 17:55:00   [SRJ-IND] B152PR sym=USDJPY bar=2026.06.01 17:50 z1=1949,B,158.916,158.934,2026.05.26 07:25,1,2026.05.26 07:30,158.942,158.934"
2025,JUNE0525-B157,1617DC1ACCE6B50ED2D1359582A70A8B8503C569623EE90C18C6B33542796207,Tester/logs/20261010.log,3019549,2026-06-01,17:55,B152PR,"FO	0	18:16:55.754	Core 04	2026.06.01 17:55:00   [SRJ-IND] B152PR sym=USDJPY bar=2026.06.01 17:50 z1=2509,B,159.134,159.195,2026.05.29 19:10,1,2026.05.29 19:35,159.215,159.186"
2026,JUNE0525-B157,1617DC1ACCE6B50ED2D1359582A70A8B8503C569623EE90C18C6B33542796207,Tester/logs/20261010.log,3019550,2026-06-01,17:55,B152PR,"CG	0	18:16:55.754	Core 04	2026.06.01 17:55:00   [SRJ-IND] B152PR sym=USDJPY bar=2026.06.01 17:50 bull=1 bear=0 nz=17"
2027,JUNE0525-B157,1617DC1ACCE6B50ED2D1359582A70A8B8503C569623EE90C18C6B33542796207,Tester/logs/20261010.log,3019558,2026-06-01,18:00,B152PR,"NP	0	18:16:55.754	Core 04	2026.06.01 18:00:00   [SRJ-IND] B152PR sym=USDJPY bar=2026.06.01 17:55 z1=65,B,156.672,156.773,2026.05.11 04:10,1,2026.05.12 08:55,157.714,156.726"
2028,JUNE0525-B157,1617DC1ACCE6B50ED2D1359582A70A8B8503C569623EE90C18C6B33542796207,Tester/logs/20261010.log,3019559,2026-06-01,18:00,B152PR,"NF	0	18:16:55.754	Core 04	2026.06.01 18:00:00   [SRJ-IND] B152PR sym=USDJPY bar=2026.06.01 17:55 z1=78,B,156.578,156.584,2026.05.11 00:35,1,2026.05.11 00:40,156.644,156.537"
2029,JUNE0525-B157,1617DC1ACCE6B50ED2D1359582A70A8B8503C569623EE90C18C6B33542796207,Tester/logs/20261010.log,3019560,2026-06-01,18:00,B152PR,"LN	0	18:16:55.754	Core 04	2026.06.01 18:00:00   [SRJ-IND] B152PR sym=USDJPY bar=2026.06.01 17:55 z1=212,B,157.028,157.060,2026.05.11 19:20,1,2026.05.12 00:00,157.152,157.050"
2030,JUNE0525-B157,1617DC1ACCE6B50ED2D1359582A70A8B8503C569623EE90C18C6B33542796207,Tester/logs/20261010.log,3019561,2026-06-01,18:00,B152PR,"PP	0	18:16:55.754	Core 04	2026.06.01 18:00:00   [SRJ-IND] B152PR sym=USDJPY bar=2026.06.01 17:55 z1=256,B,157.172,157.178,2026.05.12 01:25,1,2026.05.12 08:55,157.714,156.726"
2031,JUNE0525-B157,1617DC1ACCE6B50ED2D1359582A70A8B8503C569623EE90C18C6B33542796207,Tester/logs/20261010.log,3019562,2026-06-01,18:00,B152PR,"FJ	0	18:16:55.754	Core 04	2026.06.01 18:00:00   [SRJ-IND] B152PR sym=USDJPY bar=2026.06.01 17:55 z1=261,B,157.184,157.192,2026.05.12 03:00,1,2026.05.12 08:55,157.714,156.726"
2032,JUNE0525-B157,1617DC1ACCE6B50ED2D1359582A70A8B8503C569623EE90C18C6B33542796207,Tester/logs/20261010.log,3019563,2026-06-01,18:00,B152PR,"FL	0	18:16:55.754	Core 04	2026.06.01 18:00:00   [SRJ-IND] B152PR sym=USDJPY bar=2026.06.01 17:55 z1=313,B,157.331,157.497,2026.05.12 10:00,1,2026.05.12 10:10,157.546,157.487"
2033,JUNE0525-B157,1617DC1ACCE6B50ED2D1359582A70A8B8503C569623EE90C18C6B33542796207,Tester/logs/20261010.log,3019564,2026-06-01,18:00,B152PR,"KF	0	18:16:55.754	Core 04	2026.06.01 18:00:00   [SRJ-IND] B152PR sym=USDJPY bar=2026.06.01 17:55 z1=414,B,157.517,157.589,2026.05.13 01:10,1,2026.05.13 01:20,157.607,157.587"
2034,JUNE0525-B157,1617DC1ACCE6B50ED2D1359582A70A8B8503C569623EE90C18C6B33542796207,Tester/logs/20261010.log,3019565,2026-06-01,18:00,B152PR,"DH	0	18:16:55.754	Core 04	2026.06.01 18:00:00   [SRJ-IND] B152PR sym=USDJPY bar=2026.06.01 17:55 z1=447,B,157.562,157.648,2026.05.13 06:20,1,2026.05.13 06:25,157.662,157.648"
2035,JUNE0525-B157,1617DC1ACCE6B50ED2D1359582A70A8B8503C569623EE90C18C6B33542796207,Tester/logs/20261010.log,3019566,2026-06-01,18:00,B152PR,"GR	0	18:16:55.754	Core 04	2026.06.01 18:00:00   [SRJ-IND] B152PR sym=USDJPY bar=2026.06.01 17:55 z1=449,B,157.599,157.654,2026.05.13 05:15,1,2026.05.13 05:45,157.687,157.652"
2036,JUNE0525-B157,1617DC1ACCE6B50ED2D1359582A70A8B8503C569623EE90C18C6B33542796207,Tester/logs/20261010.log,3019567,2026-06-01,18:00,B152PR,"FG	0	18:16:55.754	Core 04	2026.06.01 18:00:00   [SRJ-IND] B152PR sym=USDJPY bar=2026.06.01 17:55 z1=460,B,157.645,157.660,2026.05.13 07:05,1,2026.05.14 00:25,157.812,157.650"
2037,JUNE0525-B157,1617DC1ACCE6B50ED2D1359582A70A8B8503C569623EE90C18C6B33542796207,Tester/logs/20261010.log,3019568,2026-06-01,18:00,B152PR,"JI	0	18:16:55.754	Core 04	2026.06.01 18:00:00   [SRJ-IND] B152PR sym=USDJPY bar=2026.06.01 17:55 z1=696,B,157.568,158.167,2026.05.14 18:05,1,2026.05.14 18:10,158.191,158.119"
2038,JUNE0525-B157,1617DC1ACCE6B50ED2D1359582A70A8B8503C569623EE90C18C6B33542796207,Tester/logs/20261010.log,3019569,2026-06-01,18:00,B152PR,"NS	0	18:16:55.754	Core 04	2026.06.01 18:00:00   [SRJ-IND] B152PR sym=USDJPY bar=2026.06.01 17:55 z1=714,B,158.107,158.142,2026.05.14 19:30,1,2026.05.14 20:00,158.169,158.142"
2039,JUNE0525-B157,1617DC1ACCE6B50ED2D1359582A70A8B8503C569623EE90C18C6B33542796207,Tester/logs/20261010.log,3019570,2026-06-01,18:00,B152PR,"KF	0	18:16:55.754	Core 04	2026.06.01 18:00:00   [SRJ-IND] B152PR sym=USDJPY bar=2026.06.01 17:55 z1=1405,B,158.735,158.769,2026.05.20 19:00,1,2026.05.20 19:05,158.816,158.753"
2040,JUNE0525-B157,1617DC1ACCE6B50ED2D1359582A70A8B8503C569623EE90C18C6B33542796207,Tester/logs/20261010.log,3019571,2026-06-01,18:00,B152PR,"IL	0	18:16:55.754	Core 04	2026.06.01 18:00:00   [SRJ-IND] B152PR sym=USDJPY bar=2026.06.01 17:55 z1=1779,B,158.756,158.800,2026.05.25 06:45,1,2026.05.26 00:00,158.887,158.784"
2041,JUNE0525-B157,1617DC1ACCE6B50ED2D1359582A70A8B8503C569623EE90C18C6B33542796207,Tester/logs/20261010.log,3019572,2026-06-01,18:00,B152PR,"DR	0	18:16:55.754	Core 04	2026.06.01 18:00:00   [SRJ-IND] B152PR sym=USDJPY bar=2026.06.01 17:55 z1=1780,B,158.789,158.814,2026.05.25 04:50,1,2026.05.26 00:00,158.887,158.784"
2042,JUNE0525-B157,1617DC1ACCE6B50ED2D1359582A70A8B8503C569623EE90C18C6B33542796207,Tester/logs/20261010.log,3019573,2026-06-01,18:00,B152PR,"MH	0	18:16:55.754	Core 04	2026.06.01 18:00:00   [SRJ-IND] B152PR sym=USDJPY bar=2026.06.01 17:55 z1=1949,B,158.916,158.934,2026.05.26 07:25,1,2026.05.26 07:30,158.942,158.934"
2043,JUNE0525-B157,1617DC1ACCE6B50ED2D1359582A70A8B8503C569623EE90C18C6B33542796207,Tester/logs/20261010.log,3019574,2026-06-01,18:00,B152PR,"DN	0	18:16:55.754	Core 04	2026.06.01 18:00:00   [SRJ-IND] B152PR sym=USDJPY bar=2026.06.01 17:55 z1=2509,B,159.134,159.195,2026.05.29 19:10,1,2026.05.29 19:35,159.215,159.186"
2044,JUNE0525-B157,1617DC1ACCE6B50ED2D1359582A70A8B8503C569623EE90C18C6B33542796207,Tester/logs/20261010.log,3019575,2026-06-01,18:00,B152PR,"EF	0	18:16:55.754	Core 04	2026.06.01 18:00:00   [SRJ-IND] B152PR sym=USDJPY bar=2026.06.01 17:55 bull=1 bear=0 nz=17"
2045,JUNE0525-B157,1617DC1ACCE6B50ED2D1359582A70A8B8503C569623EE90C18C6B33542796207,Tester/logs/20261010.log,3019583,2026-06-01,18:05,B152PR,"RD	0	18:16:55.754	Core 04	2026.06.01 18:05:00   [SRJ-IND] B152PR sym=USDJPY bar=2026.06.01 18:00 z1=65,B,156.672,156.773,2026.05.11 04:10,1,2026.05.12 08:55,157.714,156.726"
2046,JUNE0525-B157,1617DC1ACCE6B50ED2D1359582A70A8B8503C569623EE90C18C6B33542796207,Tester/logs/20261010.log,3019584,2026-06-01,18:05,B152PR,"JJ	0	18:16:55.754	Core 04	2026.06.01 18:05:00   [SRJ-IND] B152PR sym=USDJPY bar=2026.06.01 18:00 z1=78,B,156.578,156.584,2026.05.11 00:35,1,2026.05.11 00:40,156.644,156.537"
2047,JUNE0525-B157,1617DC1ACCE6B50ED2D1359582A70A8B8503C569623EE90C18C6B33542796207,Tester/logs/20261010.log,3019585,2026-06-01,18:05,B152PR,"PS	0	18:16:55.754	Core 04	2026.06.01 18:05:00   [SRJ-IND] B152PR sym=USDJPY bar=2026.06.01 18:00 z1=212,B,157.028,157.060,2026.05.11 19:20,1,2026.05.12 00:00,157.152,157.050"
2048,JUNE0525-B157,1617DC1ACCE6B50ED2D1359582A70A8B8503C569623EE90C18C6B33542796207,Tester/logs/20261010.log,3019586,2026-06-01,18:05,B152PR,"PE	0	18:16:55.754	Core 04	2026.06.01 18:05:00   [SRJ-IND] B152PR sym=USDJPY bar=2026.06.01 18:00 z1=256,B,157.172,157.178,2026.05.12 01:25,1,2026.05.12 08:55,157.714,156.726"
2049,JUNE0525-B157,1617DC1ACCE6B50ED2D1359582A70A8B8503C569623EE90C18C6B33542796207,Tester/logs/20261010.log,3019587,2026-06-01,18:05,B152PR,"RN	0	18:16:55.754	Core 04	2026.06.01 18:05:00   [SRJ-IND] B152PR sym=USDJPY bar=2026.06.01 18:00 z1=261,B,157.184,157.192,2026.05.12 03:00,1,2026.05.12 08:55,157.714,156.726"
2050,JUNE0525-B157,1617DC1ACCE6B50ED2D1359582A70A8B8503C569623EE90C18C6B33542796207,Tester/logs/20261010.log,3019588,2026-06-01,18:05,B152PR,"FP	0	18:16:55.754	Core 04	2026.06.01 18:05:00   [SRJ-IND] B152PR sym=USDJPY bar=2026.06.01 18:00 z1=313,B,157.331,157.497,2026.05.12 10:00,1,2026.05.12 10:10,157.546,157.487"
2051,JUNE0525-B157,1617DC1ACCE6B50ED2D1359582A70A8B8503C569623EE90C18C6B33542796207,Tester/logs/20261010.log,3019589,2026-06-01,18:05,B152PR,"OJ	0	18:16:55.754	Core 04	2026.06.01 18:05:00   [SRJ-IND] B152PR sym=USDJPY bar=2026.06.01 18:00 z1=414,B,157.517,157.589,2026.05.13 01:10,1,2026.05.13 01:20,157.607,157.587"
2052,JUNE0525-B157,1617DC1ACCE6B50ED2D1359582A70A8B8503C569623EE90C18C6B33542796207,Tester/logs/20261010.log,3019590,2026-06-01,18:05,B152PR,"DL	0	18:16:55.754	Core 04	2026.06.01 18:05:00   [SRJ-IND] B152PR sym=USDJPY bar=2026.06.01 18:00 z1=447,B,157.562,157.648,2026.05.13 06:20,1,2026.05.13 06:25,157.662,157.648"
2053,JUNE0525-B157,1617DC1ACCE6B50ED2D1359582A70A8B8503C569623EE90C18C6B33542796207,Tester/logs/20261010.log,3019591,2026-06-01,18:05,B152PR,"KF	0	18:16:55.754	Core 04	2026.06.01 18:05:00   [SRJ-IND] B152PR sym=USDJPY bar=2026.06.01 18:00 z1=449,B,157.599,157.654,2026.05.13 05:15,1,2026.05.13 05:45,157.687,157.652"
2054,JUNE0525-B157,1617DC1ACCE6B50ED2D1359582A70A8B8503C569623EE90C18C6B33542796207,Tester/logs/20261010.log,3019592,2026-06-01,18:05,B152PR,"FH	0	18:16:55.754	Core 04	2026.06.01 18:05:00   [SRJ-IND] B152PR sym=USDJPY bar=2026.06.01 18:00 z1=460,B,157.645,157.660,2026.05.13 07:05,1,2026.05.14 00:25,157.812,157.650"
2055,JUNE0525-B157,1617DC1ACCE6B50ED2D1359582A70A8B8503C569623EE90C18C6B33542796207,Tester/logs/20261010.log,3019593,2026-06-01,18:05,B152PR,"FR	0	18:16:55.754	Core 04	2026.06.01 18:05:00   [SRJ-IND] B152PR sym=USDJPY bar=2026.06.01 18:00 z1=696,B,157.568,158.167,2026.05.14 18:05,1,2026.05.14 18:10,158.191,158.119"
2056,JUNE0525-B157,1617DC1ACCE6B50ED2D1359582A70A8B8503C569623EE90C18C6B33542796207,Tester/logs/20261010.log,3019594,2026-06-01,18:05,B152PR,"ND	0	18:16:55.754	Core 04	2026.06.01 18:05:00   [SRJ-IND] B152PR sym=USDJPY bar=2026.06.01 18:00 z1=714,B,158.107,158.142,2026.05.14 19:30,1,2026.05.14 20:00,158.169,158.142"
2057,JUNE0525-B157,1617DC1ACCE6B50ED2D1359582A70A8B8503C569623EE90C18C6B33542796207,Tester/logs/20261010.log,3019595,2026-06-01,18:05,B152PR,"GJ	0	18:16:55.754	Core 04	2026.06.01 18:05:00   [SRJ-IND] B152PR sym=USDJPY bar=2026.06.01 18:00 z1=1405,B,158.735,158.769,2026.05.20 19:00,1,2026.05.20 19:05,158.816,158.753"
2058,JUNE0525-B157,1617DC1ACCE6B50ED2D1359582A70A8B8503C569623EE90C18C6B33542796207,Tester/logs/20261010.log,3019596,2026-06-01,18:05,B152PR,"MP	0	18:16:55.754	Core 04	2026.06.01 18:05:00   [SRJ-IND] B152PR sym=USDJPY bar=2026.06.01 18:00 z1=1779,B,158.756,158.800,2026.05.25 06:45,1,2026.05.26 00:00,158.887,158.784"
2059,JUNE0525-B157,1617DC1ACCE6B50ED2D1359582A70A8B8503C569623EE90C18C6B33542796207,Tester/logs/20261010.log,3019597,2026-06-01,18:05,B152PR,"PF	0	18:16:55.754	Core 04	2026.06.01 18:05:00   [SRJ-IND] B152PR sym=USDJPY bar=2026.06.01 18:00 z1=1780,B,158.789,158.814,2026.05.25 04:50,1,2026.05.26 00:00,158.887,158.784"
2060,JUNE0525-B157,1617DC1ACCE6B50ED2D1359582A70A8B8503C569623EE90C18C6B33542796207,Tester/logs/20261010.log,3019598,2026-06-01,18:05,B152PR,"IL	0	18:16:55.754	Core 04	2026.06.01 18:05:00   [SRJ-IND] B152PR sym=USDJPY bar=2026.06.01 18:00 z1=1949,B,158.916,158.934,2026.05.26 07:25,1,2026.05.26 07:30,158.942,158.934"
2061,JUNE0525-B157,1617DC1ACCE6B50ED2D1359582A70A8B8503C569623EE90C18C6B33542796207,Tester/logs/20261010.log,3019599,2026-06-01,18:05,B152PR,"PR	0	18:16:55.754	Core 04	2026.06.01 18:05:00   [SRJ-IND] B152PR sym=USDJPY bar=2026.06.01 18:00 z1=2509,B,159.134,159.195,2026.05.29 19:10,1,2026.05.29 19:35,159.215,159.186"
2062,JUNE0525-B157,1617DC1ACCE6B50ED2D1359582A70A8B8503C569623EE90C18C6B33542796207,Tester/logs/20261010.log,3019600,2026-06-01,18:05,B152PR,"QJ	0	18:16:55.754	Core 04	2026.06.01 18:05:00   [SRJ-IND] B152PR sym=USDJPY bar=2026.06.01 18:00 bull=1 bear=0 nz=17"
2063,JUNE0525-B157,1617DC1ACCE6B50ED2D1359582A70A8B8503C569623EE90C18C6B33542796207,Tester/logs/20261010.log,3019609,2026-06-01,18:10,B152PR,"KR	0	18:16:55.754	Core 04	2026.06.01 18:10:00   [SRJ-IND] B152PR sym=USDJPY bar=2026.06.01 18:05 z1=65,B,156.672,156.773,2026.05.11 04:10,1,2026.05.12 08:55,157.714,156.726"
2064,JUNE0525-B157,1617DC1ACCE6B50ED2D1359582A70A8B8503C569623EE90C18C6B33542796207,Tester/logs/20261010.log,3019610,2026-06-01,18:10,B152PR,"KH	0	18:16:55.754	Core 04	2026.06.01 18:10:00   [SRJ-IND] B152PR sym=USDJPY bar=2026.06.01 18:05 z1=78,B,156.578,156.584,2026.05.11 00:35,1,2026.05.11 00:40,156.644,156.537"
2065,JUNE0525-B157,1617DC1ACCE6B50ED2D1359582A70A8B8503C569623EE90C18C6B33542796207,Tester/logs/20261010.log,3019611,2026-06-01,18:10,B152PR,"MM	0	18:16:55.754	Core 04	2026.06.01 18:10:00   [SRJ-IND] B152PR sym=USDJPY bar=2026.06.01 18:05 z1=212,B,157.028,157.060,2026.05.11 19:20,1,2026.05.12 00:00,157.152,157.050"
2066,JUNE0525-B157,1617DC1ACCE6B50ED2D1359582A70A8B8503C569623EE90C18C6B33542796207,Tester/logs/20261010.log,3019612,2026-06-01,18:10,B152PR,"QG	0	18:16:55.754	Core 04	2026.06.01 18:10:00   [SRJ-IND] B152PR sym=USDJPY bar=2026.06.01 18:05 z1=256,B,157.172,157.178,2026.05.12 01:25,1,2026.05.12 08:55,157.714,156.726"
2067,JUNE0525-B157,1617DC1ACCE6B50ED2D1359582A70A8B8503C569623EE90C18C6B33542796207,Tester/logs/20261010.log,3019613,2026-06-01,18:10,B152PR,"CI	0	18:16:55.754	Core 04	2026.06.01 18:10:00   [SRJ-IND] B152PR sym=USDJPY bar=2026.06.01 18:05 z1=261,B,157.184,157.192,2026.05.12 03:00,1,2026.05.12 08:55,157.714,156.726"
2068,JUNE0525-B157,1617DC1ACCE6B50ED2D1359582A70A8B8503C569623EE90C18C6B33542796207,Tester/logs/20261010.log,3019614,2026-06-01,18:10,B152PR,"CR	0	18:16:55.754	Core 04	2026.06.01 18:10:00   [SRJ-IND] B152PR sym=USDJPY bar=2026.06.01 18:05 z1=313,B,157.331,157.497,2026.05.12 10:00,1,2026.05.12 10:10,157.546,157.487"
2069,JUNE0525-B157,1617DC1ACCE6B50ED2D1359582A70A8B8503C569623EE90C18C6B33542796207,Tester/logs/20261010.log,3019615,2026-06-01,18:10,B152PR,"ND	0	18:16:55.754	Core 04	2026.06.01 18:10:00   [SRJ-IND] B152PR sym=USDJPY bar=2026.06.01 18:05 z1=414,B,157.517,157.589,2026.05.13 01:10,1,2026.05.13 01:20,157.607,157.587"
2070,JUNE0525-B157,1617DC1ACCE6B50ED2D1359582A70A8B8503C569623EE90C18C6B33542796207,Tester/logs/20261010.log,3019616,2026-06-01,18:10,B152PR,"EN	0	18:16:55.754	Core 04	2026.06.01 18:10:00   [SRJ-IND] B152PR sym=USDJPY bar=2026.06.01 18:05 z1=447,B,157.562,157.648,2026.05.13 06:20,1,2026.05.13 06:25,157.662,157.648"
2071,JUNE0525-B157,1617DC1ACCE6B50ED2D1359582A70A8B8503C569623EE90C18C6B33542796207,Tester/logs/20261010.log,3019617,2026-06-01,18:10,B152PR,"JP	0	18:16:55.754	Core 04	2026.06.01 18:10:00   [SRJ-IND] B152PR sym=USDJPY bar=2026.06.01 18:05 z1=449,B,157.599,157.654,2026.05.13 05:15,1,2026.05.13 05:45,157.687,157.652"
2072,JUNE0525-B157,1617DC1ACCE6B50ED2D1359582A70A8B8503C569623EE90C18C6B33542796207,Tester/logs/20261010.log,3019618,2026-06-01,18:10,B152PR,"CJ	0	18:16:55.754	Core 04	2026.06.01 18:10:00   [SRJ-IND] B152PR sym=USDJPY bar=2026.06.01 18:05 z1=460,B,157.645,157.660,2026.05.13 07:05,1,2026.05.14 00:25,157.812,157.650"
2073,JUNE0525-B157,1617DC1ACCE6B50ED2D1359582A70A8B8503C569623EE90C18C6B33542796207,Tester/logs/20261010.log,3019619,2026-06-01,18:10,B152PR,"GL	0	18:16:55.754	Core 04	2026.06.01 18:10:00   [SRJ-IND] B152PR sym=USDJPY bar=2026.06.01 18:05 z1=696,B,157.568,158.167,2026.05.14 18:05,1,2026.05.14 18:10,158.191,158.119"
2074,JUNE0525-B157,1617DC1ACCE6B50ED2D1359582A70A8B8503C569623EE90C18C6B33542796207,Tester/logs/20261010.log,3019620,2026-06-01,18:10,B152PR,"KF	0	18:16:55.754	Core 04	2026.06.01 18:10:00   [SRJ-IND] B152PR sym=USDJPY bar=2026.06.01 18:05 z1=714,B,158.107,158.142,2026.05.14 19:30,1,2026.05.14 20:00,158.169,158.142"
2075,JUNE0525-B157,1617DC1ACCE6B50ED2D1359582A70A8B8503C569623EE90C18C6B33542796207,Tester/logs/20261010.log,3019621,2026-06-01,18:10,B152PR,"NK	0	18:16:55.754	Core 04	2026.06.01 18:10:00   [SRJ-IND] B152PR sym=USDJPY bar=2026.06.01 18:05 z1=1405,B,158.735,158.769,2026.05.20 19:00,1,2026.05.20 19:05,158.816,158.753"
2076,JUNE0525-B157,1617DC1ACCE6B50ED2D1359582A70A8B8503C569623EE90C18C6B33542796207,Tester/logs/20261010.log,3019622,2026-06-01,18:10,B152PR,"HQ	0	18:16:55.754	Core 04	2026.06.01 18:10:00   [SRJ-IND] B152PR sym=USDJPY bar=2026.06.01 18:05 z1=1779,B,158.756,158.800,2026.05.25 06:45,1,2026.05.26 00:00,158.887,158.784"
2077,JUNE0525-B157,1617DC1ACCE6B50ED2D1359582A70A8B8503C569623EE90C18C6B33542796207,Tester/logs/20261010.log,3019623,2026-06-01,18:10,B152PR,"EG	0	18:16:55.754	Core 04	2026.06.01 18:10:00   [SRJ-IND] B152PR sym=USDJPY bar=2026.06.01 18:05 z1=1780,B,158.789,158.814,2026.05.25 04:50,1,2026.05.26 00:00,158.887,158.784"
2078,JUNE0525-B157,1617DC1ACCE6B50ED2D1359582A70A8B8503C569623EE90C18C6B33542796207,Tester/logs/20261010.log,3019624,2026-06-01,18:10,B152PR,"LM	0	18:16:55.754	Core 04	2026.06.01 18:10:00   [SRJ-IND] B152PR sym=USDJPY bar=2026.06.01 18:05 z1=1949,B,158.916,158.934,2026.05.26 07:25,1,2026.05.26 07:30,158.942,158.934"
2079,JUNE0525-B157,1617DC1ACCE6B50ED2D1359582A70A8B8503C569623EE90C18C6B33542796207,Tester/logs/20261010.log,3019625,2026-06-01,18:10,B152PR,"ES	0	18:16:55.754	Core 04	2026.06.01 18:10:00   [SRJ-IND] B152PR sym=USDJPY bar=2026.06.01 18:05 z1=2509,B,159.134,159.195,2026.05.29 19:10,1,2026.05.29 19:35,159.215,159.186"
2080,JUNE0525-B157,1617DC1ACCE6B50ED2D1359582A70A8B8503C569623EE90C18C6B33542796207,Tester/logs/20261010.log,3019626,2026-06-01,18:10,B152PR,"DK	0	18:16:55.754	Core 04	2026.06.01 18:10:00   [SRJ-IND] B152PR sym=USDJPY bar=2026.06.01 18:05 bull=1 bear=0 nz=17"
2081,JUNE0525-B157,1617DC1ACCE6B50ED2D1359582A70A8B8503C569623EE90C18C6B33542796207,Tester/logs/20261010.log,3019634,2026-06-01,18:15,B152PR,"LE	0	18:16:55.754	Core 04	2026.06.01 18:15:00   [SRJ-IND] B152PR sym=USDJPY bar=2026.06.01 18:10 z1=65,B,156.672,156.773,2026.05.11 04:10,1,2026.05.12 08:55,157.714,156.726"
2082,JUNE0525-B157,1617DC1ACCE6B50ED2D1359582A70A8B8503C569623EE90C18C6B33542796207,Tester/logs/20261010.log,3019635,2026-06-01,18:15,B152PR,"LK	0	18:16:55.754	Core 04	2026.06.01 18:15:00   [SRJ-IND] B152PR sym=USDJPY bar=2026.06.01 18:10 z1=78,B,156.578,156.584,2026.05.11 00:35,1,2026.05.11 00:40,156.644,156.537"
2083,JUNE0525-B157,1617DC1ACCE6B50ED2D1359582A70A8B8503C569623EE90C18C6B33542796207,Tester/logs/20261010.log,3019636,2026-06-01,18:15,B152PR,"NR	0	18:16:55.754	Core 04	2026.06.01 18:15:00   [SRJ-IND] B152PR sym=USDJPY bar=2026.06.01 18:10 z1=212,B,157.028,157.060,2026.05.11 19:20,1,2026.05.12 00:00,157.152,157.050"
2084,JUNE0525-B157,1617DC1ACCE6B50ED2D1359582A70A8B8503C569623EE90C18C6B33542796207,Tester/logs/20261010.log,3019637,2026-06-01,18:15,B152PR,"RD	0	18:16:55.754	Core 04	2026.06.01 18:15:00   [SRJ-IND] B152PR sym=USDJPY bar=2026.06.01 18:10 z1=256,B,157.172,157.178,2026.05.12 01:25,1,2026.05.12 08:55,157.714,156.726"
2085,JUNE0525-B157,1617DC1ACCE6B50ED2D1359582A70A8B8503C569623EE90C18C6B33542796207,Tester/logs/20261010.log,3019638,2026-06-01,18:15,B152PR,"DN	0	18:16:55.754	Core 04	2026.06.01 18:15:00   [SRJ-IND] B152PR sym=USDJPY bar=2026.06.01 18:10 z1=261,B,157.184,157.192,2026.05.12 03:00,1,2026.05.12 08:55,157.714,156.726"
2086,JUNE0525-B157,1617DC1ACCE6B50ED2D1359582A70A8B8503C569623EE90C18C6B33542796207,Tester/logs/20261010.log,3019639,2026-06-01,18:15,B152PR,"DS	0	18:16:55.754	Core 04	2026.06.01 18:15:00   [SRJ-IND] B152PR sym=USDJPY bar=2026.06.01 18:10 z1=313,B,157.331,157.497,2026.05.12 10:00,1,2026.05.12 10:10,157.546,157.487"
2087,JUNE0525-B157,1617DC1ACCE6B50ED2D1359582A70A8B8503C569623EE90C18C6B33542796207,Tester/logs/20261010.log,3019640,2026-06-01,18:15,B152PR,"ME	0	18:16:55.754	Core 04	2026.06.01 18:15:00   [SRJ-IND] B152PR sym=USDJPY bar=2026.06.01 18:10 z1=414,B,157.517,157.589,2026.05.13 01:10,1,2026.05.13 01:20,157.607,157.587"
2088,JUNE0525-B157,1617DC1ACCE6B50ED2D1359582A70A8B8503C569623EE90C18C6B33542796207,Tester/logs/20261010.log,3019641,2026-06-01,18:15,B152PR,"FO	0	18:16:55.754	Core 04	2026.06.01 18:15:00   [SRJ-IND] B152PR sym=USDJPY bar=2026.06.01 18:10 z1=447,B,157.562,157.648,2026.05.13 06:20,1,2026.05.13 06:25,157.662,157.648"
2089,JUNE0525-B157,1617DC1ACCE6B50ED2D1359582A70A8B8503C569623EE90C18C6B33542796207,Tester/logs/20261010.log,3019642,2026-06-01,18:15,B152PR,"IQ	0	18:16:55.754	Core 04	2026.06.01 18:15:00   [SRJ-IND] B152PR sym=USDJPY bar=2026.06.01 18:10 z1=449,B,157.599,157.654,2026.05.13 05:15,1,2026.05.13 05:45,157.687,157.652"
2090,JUNE0525-B157,1617DC1ACCE6B50ED2D1359582A70A8B8503C569623EE90C18C6B33542796207,Tester/logs/20261010.log,3019643,2026-06-01,18:15,B152PR,"DK	0	18:16:55.754	Core 04	2026.06.01 18:15:00   [SRJ-IND] B152PR sym=USDJPY bar=2026.06.01 18:10 z1=460,B,157.645,157.660,2026.05.13 07:05,1,2026.05.14 00:25,157.812,157.650"
2091,JUNE0525-B157,1617DC1ACCE6B50ED2D1359582A70A8B8503C569623EE90C18C6B33542796207,Tester/logs/20261010.log,3019644,2026-06-01,18:15,B152PR,"HM	0	18:16:55.754	Core 04	2026.06.01 18:15:00   [SRJ-IND] B152PR sym=USDJPY bar=2026.06.01 18:10 z1=696,B,157.568,158.167,2026.05.14 18:05,1,2026.05.14 18:10,158.191,158.119"
2092,JUNE0525-B157,1617DC1ACCE6B50ED2D1359582A70A8B8503C569623EE90C18C6B33542796207,Tester/logs/20261010.log,3019645,2026-06-01,18:15,B152PR,"LG	0	18:16:55.754	Core 04	2026.06.01 18:15:00   [SRJ-IND] B152PR sym=USDJPY bar=2026.06.01 18:10 z1=714,B,158.107,158.142,2026.05.14 19:30,1,2026.05.14 20:00,158.169,158.142"
2093,JUNE0525-B157,1617DC1ACCE6B50ED2D1359582A70A8B8503C569623EE90C18C6B33542796207,Tester/logs/20261010.log,3019646,2026-06-01,18:15,B152PR,"MJ	0	18:16:55.754	Core 04	2026.06.01 18:15:00   [SRJ-IND] B152PR sym=USDJPY bar=2026.06.01 18:10 z1=1405,B,158.735,158.769,2026.05.20 19:00,1,2026.05.20 19:05,158.816,158.753"
2094,JUNE0525-B157,1617DC1ACCE6B50ED2D1359582A70A8B8503C569623EE90C18C6B33542796207,Tester/logs/20261010.log,3019647,2026-06-01,18:15,B152PR,"GP	0	18:16:55.754	Core 04	2026.06.01 18:15:00   [SRJ-IND] B152PR sym=USDJPY bar=2026.06.01 18:10 z1=1779,B,158.756,158.800,2026.05.25 06:45,1,2026.05.26 00:00,158.887,158.784"
2095,JUNE0525-B157,1617DC1ACCE6B50ED2D1359582A70A8B8503C569623EE90C18C6B33542796207,Tester/logs/20261010.log,3019648,2026-06-01,18:15,B152PR,"FF	0	18:16:55.754	Core 04	2026.06.01 18:15:00   [SRJ-IND] B152PR sym=USDJPY bar=2026.06.01 18:10 z1=1780,B,158.789,158.814,2026.05.25 04:50,1,2026.05.26 00:00,158.887,158.784"
2096,JUNE0525-B157,1617DC1ACCE6B50ED2D1359582A70A8B8503C569623EE90C18C6B33542796207,Tester/logs/20261010.log,3019649,2026-06-01,18:15,B152PR,"KL	0	18:16:55.754	Core 04	2026.06.01 18:15:00   [SRJ-IND] B152PR sym=USDJPY bar=2026.06.01 18:10 z1=1949,B,158.916,158.934,2026.05.26 07:25,1,2026.05.26 07:30,158.942,158.934"
2097,JUNE0525-B157,1617DC1ACCE6B50ED2D1359582A70A8B8503C569623EE90C18C6B33542796207,Tester/logs/20261010.log,3019650,2026-06-01,18:15,B152PR,"FR	0	18:16:55.754	Core 04	2026.06.01 18:15:00   [SRJ-IND] B152PR sym=USDJPY bar=2026.06.01 18:10 z1=2509,B,159.134,159.195,2026.05.29 19:10,1,2026.05.29 19:35,159.215,159.186"
2098,JUNE0525-B157,1617DC1ACCE6B50ED2D1359582A70A8B8503C569623EE90C18C6B33542796207,Tester/logs/20261010.log,3019651,2026-06-01,18:15,B152PR,"CJ	0	18:16:55.754	Core 04	2026.06.01 18:15:00   [SRJ-IND] B152PR sym=USDJPY bar=2026.06.01 18:10 bull=1 bear=0 nz=17"
2099,JUNE0525-B157,1617DC1ACCE6B50ED2D1359582A70A8B8503C569623EE90C18C6B33542796207,Tester/logs/20261010.log,3019656,2026-06-01,18:15,CQDRECHECK,"OH	0	18:16:55.754	Core 04	2026.06.01 18:15:00   [SRJ-EA] CQDRECHECK shift=2 passA=1.0 passB=1.0 diff=0 bar=2026.06.01 18:05 state=IDLE dir=NONE divLatch=0 hit1=0 hit2=398 mism=0"
2100,JUNE0525-B157,1617DC1ACCE6B50ED2D1359582A70A8B8503C569623EE90C18C6B33542796207,Tester/logs/20261010.log,3019662,2026-06-01,18:20,B152PR,"GF	0	18:16:55.754	Core 04	2026.06.01 18:20:00   [SRJ-IND] B152PR sym=USDJPY bar=2026.06.01 18:15 z1=65,B,156.672,156.773,2026.05.11 04:10,1,2026.05.12 08:55,157.714,156.726"
2101,JUNE0525-B157,1617DC1ACCE6B50ED2D1359582A70A8B8503C569623EE90C18C6B33542796207,Tester/logs/20261010.log,3019663,2026-06-01,18:20,B152PR,"OM	0	18:16:55.754	Core 04	2026.06.01 18:20:00   [SRJ-IND] B152PR sym=USDJPY bar=2026.06.01 18:15 z1=78,B,156.578,156.584,2026.05.11 00:35,1,2026.05.11 00:40,156.644,156.537"
2102,JUNE0525-B157,1617DC1ACCE6B50ED2D1359582A70A8B8503C569623EE90C18C6B33542796207,Tester/logs/20261010.log,3019664,2026-06-01,18:20,B152PR,"IP	0	18:16:55.754	Core 04	2026.06.01 18:20:00   [SRJ-IND] B152PR sym=USDJPY bar=2026.06.01 18:15 z1=212,B,157.028,157.060,2026.05.11 19:20,1,2026.05.12 00:00,157.152,157.050"
2103,JUNE0525-B157,1617DC1ACCE6B50ED2D1359582A70A8B8503C569623EE90C18C6B33542796207,Tester/logs/20261010.log,3019665,2026-06-01,18:20,B152PR,"IJ	0	18:16:55.754	Core 04	2026.06.01 18:20:00   [SRJ-IND] B152PR sym=USDJPY bar=2026.06.01 18:15 z1=256,B,157.172,157.178,2026.05.12 01:25,1,2026.05.12 08:55,157.714,156.726"
2104,JUNE0525-B157,1617DC1ACCE6B50ED2D1359582A70A8B8503C569623EE90C18C6B33542796207,Tester/logs/20261010.log,3019666,2026-06-01,18:20,B152PR,"GL	0	18:16:55.754	Core 04	2026.06.01 18:20:00   [SRJ-IND] B152PR sym=USDJPY bar=2026.06.01 18:15 z1=261,B,157.184,157.192,2026.05.12 03:00,1,2026.05.12 08:55,157.714,156.726"
2105,JUNE0525-B157,1617DC1ACCE6B50ED2D1359582A70A8B8503C569623EE90C18C6B33542796207,Tester/logs/20261010.log,3019667,2026-06-01,18:20,B152PR,"KF	0	18:16:55.754	Core 04	2026.06.01 18:20:00   [SRJ-IND] B152PR sym=USDJPY bar=2026.06.01 18:15 z1=313,B,157.331,157.497,2026.05.12 10:00,1,2026.05.12 10:10,157.546,157.487"
2106,JUNE0525-B157,1617DC1ACCE6B50ED2D1359582A70A8B8503C569623EE90C18C6B33542796207,Tester/logs/20261010.log,3019668,2026-06-01,18:20,B152PR,"JH	0	18:16:55.754	Core 04	2026.06.01 18:20:00   [SRJ-IND] B152PR sym=USDJPY bar=2026.06.01 18:15 z1=414,B,157.517,157.589,2026.05.13 01:10,1,2026.05.13 01:20,157.607,157.587"
2107,JUNE0525-B157,1617DC1ACCE6B50ED2D1359582A70A8B8503C569623EE90C18C6B33542796207,Tester/logs/20261010.log,3019669,2026-06-01,18:20,B152PR,"MR	0	18:16:55.754	Core 04	2026.06.01 18:20:00   [SRJ-IND] B152PR sym=USDJPY bar=2026.06.01 18:15 z1=447,B,157.562,157.648,2026.05.13 06:20,1,2026.05.13 06:25,157.662,157.648"
2108,JUNE0525-B157,1617DC1ACCE6B50ED2D1359582A70A8B8503C569623EE90C18C6B33542796207,Tester/logs/20261010.log,3019670,2026-06-01,18:20,B152PR,"FG	0	18:16:55.754	Core 04	2026.06.01 18:20:00   [SRJ-IND] B152PR sym=USDJPY bar=2026.06.01 18:15 z1=449,B,157.599,157.654,2026.05.13 05:15,1,2026.05.13 05:45,157.687,157.652"
2109,JUNE0525-B157,1617DC1ACCE6B50ED2D1359582A70A8B8503C569623EE90C18C6B33542796207,Tester/logs/20261010.log,3019671,2026-06-01,18:20,B152PR,"KI	0	18:16:55.754	Core 04	2026.06.01 18:20:00   [SRJ-IND] B152PR sym=USDJPY bar=2026.06.01 18:15 z1=460,B,157.645,157.660,2026.05.13 07:05,1,2026.05.14 00:25,157.812,157.650"
2110,JUNE0525-B157,1617DC1ACCE6B50ED2D1359582A70A8B8503C569623EE90C18C6B33542796207,Tester/logs/20261010.log,3019672,2026-06-01,18:20,B152PR,"KS	0	18:16:55.754	Core 04	2026.06.01 18:20:00   [SRJ-IND] B152PR sym=USDJPY bar=2026.06.01 18:15 z1=696,B,157.568,158.167,2026.05.14 18:05,1,2026.05.14 18:10,158.191,158.119"
2111,JUNE0525-B157,1617DC1ACCE6B50ED2D1359582A70A8B8503C569623EE90C18C6B33542796207,Tester/logs/20261010.log,3019673,2026-06-01,18:20,B152PR,"CE	0	18:16:55.754	Core 04	2026.06.01 18:20:00   [SRJ-IND] B152PR sym=USDJPY bar=2026.06.01 18:15 z1=714,B,158.107,158.142,2026.05.14 19:30,1,2026.05.14 20:00,158.169,158.142"
2112,JUNE0525-B157,1617DC1ACCE6B50ED2D1359582A70A8B8503C569623EE90C18C6B33542796207,Tester/logs/20261010.log,3019674,2026-06-01,18:20,B152PR,"RL	0	18:16:55.754	Core 04	2026.06.01 18:20:00   [SRJ-IND] B152PR sym=USDJPY bar=2026.06.01 18:15 z1=1405,B,158.735,158.769,2026.05.20 19:00,1,2026.05.20 19:05,158.816,158.753"
2113,JUNE0525-B157,1617DC1ACCE6B50ED2D1359582A70A8B8503C569623EE90C18C6B33542796207,Tester/logs/20261010.log,3019675,2026-06-01,18:20,B152PR,"DR	0	18:16:55.754	Core 04	2026.06.01 18:20:00   [SRJ-IND] B152PR sym=USDJPY bar=2026.06.01 18:15 z1=1779,B,158.756,158.800,2026.05.25 06:45,1,2026.05.26 00:00,158.887,158.784"
2114,JUNE0525-B157,1617DC1ACCE6B50ED2D1359582A70A8B8503C569623EE90C18C6B33542796207,Tester/logs/20261010.log,3019676,2026-06-01,18:20,B152PR,"IH	0	18:16:55.754	Core 04	2026.06.01 18:20:00   [SRJ-IND] B152PR sym=USDJPY bar=2026.06.01 18:15 z1=1780,B,158.789,158.814,2026.05.25 04:50,1,2026.05.26 00:00,158.887,158.784"
2115,JUNE0525-B157,1617DC1ACCE6B50ED2D1359582A70A8B8503C569623EE90C18C6B33542796207,Tester/logs/20261010.log,3019677,2026-06-01,18:20,B152PR,"PN	0	18:16:55.754	Core 04	2026.06.01 18:20:00   [SRJ-IND] B152PR sym=USDJPY bar=2026.06.01 18:15 z1=1949,B,158.916,158.934,2026.05.26 07:25,1,2026.05.26 07:30,158.942,158.934"
2116,JUNE0525-B157,1617DC1ACCE6B50ED2D1359582A70A8B8503C569623EE90C18C6B33542796207,Tester/logs/20261010.log,3019678,2026-06-01,18:20,B152PR,"ID	0	18:16:55.754	Core 04	2026.06.01 18:20:00   [SRJ-IND] B152PR sym=USDJPY bar=2026.06.01 18:15 z1=2509,B,159.134,159.195,2026.05.29 19:10,1,2026.05.29 19:35,159.215,159.186"
2117,JUNE0525-B157,1617DC1ACCE6B50ED2D1359582A70A8B8503C569623EE90C18C6B33542796207,Tester/logs/20261010.log,3019679,2026-06-01,18:20,B152PR,"HH	0	18:16:55.754	Core 04	2026.06.01 18:20:00   [SRJ-IND] B152PR sym=USDJPY bar=2026.06.01 18:15 bull=1 bear=0 nz=17"
2118,JUNE0525-B157,1617DC1ACCE6B50ED2D1359582A70A8B8503C569623EE90C18C6B33542796207,Tester/logs/20261010.log,3019687,2026-06-01,18:25,B152PR,"LR	0	18:16:55.754	Core 04	2026.06.01 18:25:00   [SRJ-IND] B152PR sym=USDJPY bar=2026.06.01 18:20 z1=65,B,156.672,156.773,2026.05.11 04:10,1,2026.05.12 08:55,157.714,156.726"
2119,JUNE0525-B157,1617DC1ACCE6B50ED2D1359582A70A8B8503C569623EE90C18C6B33542796207,Tester/logs/20261010.log,3019688,2026-06-01,18:25,B152PR,"LH	0	18:16:55.754	Core 04	2026.06.01 18:25:00   [SRJ-IND] B152PR sym=USDJPY bar=2026.06.01 18:20 z1=78,B,156.578,156.584,2026.05.11 00:35,1,2026.05.11 00:40,156.644,156.537"
2120,JUNE0525-B157,1617DC1ACCE6B50ED2D1359582A70A8B8503C569623EE90C18C6B33542796207,Tester/logs/20261010.log,3019689,2026-06-01,18:25,B152PR,"NM	0	18:16:55.754	Core 04	2026.06.01 18:25:00   [SRJ-IND] B152PR sym=USDJPY bar=2026.06.01 18:20 z1=212,B,157.028,157.060,2026.05.11 19:20,1,2026.05.12 00:00,157.152,157.050"
2121,JUNE0525-B157,1617DC1ACCE6B50ED2D1359582A70A8B8503C569623EE90C18C6B33542796207,Tester/logs/20261010.log,3019690,2026-06-01,18:25,B152PR,"RG	0	18:16:55.754	Core 04	2026.06.01 18:25:00   [SRJ-IND] B152PR sym=USDJPY bar=2026.06.01 18:20 z1=256,B,157.172,157.178,2026.05.12 01:25,1,2026.05.12 08:55,157.714,156.726"
2122,JUNE0525-B157,1617DC1ACCE6B50ED2D1359582A70A8B8503C569623EE90C18C6B33542796207,Tester/logs/20261010.log,3019691,2026-06-01,18:25,B152PR,"DI	0	18:16:55.754	Core 04	2026.06.01 18:25:00   [SRJ-IND] B152PR sym=USDJPY bar=2026.06.01 18:20 z1=261,B,157.184,157.192,2026.05.12 03:00,1,2026.05.12 08:55,157.714,156.726"
2123,JUNE0525-B157,1617DC1ACCE6B50ED2D1359582A70A8B8503C569623EE90C18C6B33542796207,Tester/logs/20261010.log,3019692,2026-06-01,18:25,B152PR,"DR	0	18:16:55.754	Core 04	2026.06.01 18:25:00   [SRJ-IND] B152PR sym=USDJPY bar=2026.06.01 18:20 z1=313,B,157.331,157.497,2026.05.12 10:00,1,2026.05.12 10:10,157.546,157.487"
2124,JUNE0525-B157,1617DC1ACCE6B50ED2D1359582A70A8B8503C569623EE90C18C6B33542796207,Tester/logs/20261010.log,3019693,2026-06-01,18:25,B152PR,"MD	0	18:16:55.754	Core 04	2026.06.01 18:25:00   [SRJ-IND] B152PR sym=USDJPY bar=2026.06.01 18:20 z1=414,B,157.517,157.589,2026.05.13 01:10,1,2026.05.13 01:20,157.607,157.587"
2125,JUNE0525-B157,1617DC1ACCE6B50ED2D1359582A70A8B8503C569623EE90C18C6B33542796207,Tester/logs/20261010.log,3019694,2026-06-01,18:25,B152PR,"FN	0	18:16:55.754	Core 04	2026.06.01 18:25:00   [SRJ-IND] B152PR sym=USDJPY bar=2026.06.01 18:20 z1=447,B,157.562,157.648,2026.05.13 06:20,1,2026.05.13 06:25,157.662,157.648"
2126,JUNE0525-B157,1617DC1ACCE6B50ED2D1359582A70A8B8503C569623EE90C18C6B33542796207,Tester/logs/20261010.log,3019695,2026-06-01,18:25,B152PR,"IP	0	18:16:55.754	Core 04	2026.06.01 18:25:00   [SRJ-IND] B152PR sym=USDJPY bar=2026.06.01 18:20 z1=449,B,157.599,157.654,2026.05.13 05:15,1,2026.05.13 05:45,157.687,157.652"
2127,JUNE0525-B157,1617DC1ACCE6B50ED2D1359582A70A8B8503C569623EE90C18C6B33542796207,Tester/logs/20261010.log,3019696,2026-06-01,18:25,B152PR,"DJ	0	18:16:55.754	Core 04	2026.06.01 18:25:00   [SRJ-IND] B152PR sym=USDJPY bar=2026.06.01 18:20 z1=460,B,157.645,157.660,2026.05.13 07:05,1,2026.05.14 00:25,157.812,157.650"
2128,JUNE0525-B157,1617DC1ACCE6B50ED2D1359582A70A8B8503C569623EE90C18C6B33542796207,Tester/logs/20261010.log,3019697,2026-06-01,18:25,B152PR,"HL	0	18:16:55.754	Core 04	2026.06.01 18:25:00   [SRJ-IND] B152PR sym=USDJPY bar=2026.06.01 18:20 z1=696,B,157.568,158.167,2026.05.14 18:05,1,2026.05.14 18:10,158.191,158.119"
2129,JUNE0525-B157,1617DC1ACCE6B50ED2D1359582A70A8B8503C569623EE90C18C6B33542796207,Tester/logs/20261010.log,3019698,2026-06-01,18:25,B152PR,"LF	0	18:16:55.754	Core 04	2026.06.01 18:25:00   [SRJ-IND] B152PR sym=USDJPY bar=2026.06.01 18:20 z1=714,B,158.107,158.142,2026.05.14 19:30,1,2026.05.14 20:00,158.169,158.142"
2130,JUNE0525-B157,1617DC1ACCE6B50ED2D1359582A70A8B8503C569623EE90C18C6B33542796207,Tester/logs/20261010.log,3019699,2026-06-01,18:25,B152PR,"MK	0	18:16:55.754	Core 04	2026.06.01 18:25:00   [SRJ-IND] B152PR sym=USDJPY bar=2026.06.01 18:20 z1=1405,B,158.735,158.769,2026.05.20 19:00,1,2026.05.20 19:05,158.816,158.753"
2131,JUNE0525-B157,1617DC1ACCE6B50ED2D1359582A70A8B8503C569623EE90C18C6B33542796207,Tester/logs/20261010.log,3019700,2026-06-01,18:25,B152PR,"GQ	0	18:16:55.754	Core 04	2026.06.01 18:25:00   [SRJ-IND] B152PR sym=USDJPY bar=2026.06.01 18:20 z1=1779,B,158.756,158.800,2026.05.25 06:45,1,2026.05.26 00:00,158.887,158.784"
2132,JUNE0525-B157,1617DC1ACCE6B50ED2D1359582A70A8B8503C569623EE90C18C6B33542796207,Tester/logs/20261010.log,3019701,2026-06-01,18:25,B152PR,"FG	0	18:16:55.754	Core 04	2026.06.01 18:25:00   [SRJ-IND] B152PR sym=USDJPY bar=2026.06.01 18:20 z1=1780,B,158.789,158.814,2026.05.25 04:50,1,2026.05.26 00:00,158.887,158.784"
2133,JUNE0525-B157,1617DC1ACCE6B50ED2D1359582A70A8B8503C569623EE90C18C6B33542796207,Tester/logs/20261010.log,3019702,2026-06-01,18:25,B152PR,"KM	0	18:16:55.754	Core 04	2026.06.01 18:25:00   [SRJ-IND] B152PR sym=USDJPY bar=2026.06.01 18:20 z1=1949,B,158.916,158.934,2026.05.26 07:25,1,2026.05.26 07:30,158.942,158.934"
2134,JUNE0525-B157,1617DC1ACCE6B50ED2D1359582A70A8B8503C569623EE90C18C6B33542796207,Tester/logs/20261010.log,3019703,2026-06-01,18:25,B152PR,"FS	0	18:16:55.754	Core 04	2026.06.01 18:25:00   [SRJ-IND] B152PR sym=USDJPY bar=2026.06.01 18:20 z1=2509,B,159.134,159.195,2026.05.29 19:10,1,2026.05.29 19:35,159.215,159.186"
2135,JUNE0525-B157,1617DC1ACCE6B50ED2D1359582A70A8B8503C569623EE90C18C6B33542796207,Tester/logs/20261010.log,3019704,2026-06-01,18:25,B152PR,"LH	0	18:16:55.754	Core 04	2026.06.01 18:25:00   [SRJ-IND] B152PR sym=USDJPY bar=2026.06.01 18:20 z1=2661,S,159.654,159.726,2026.06.01 18:15,1,2026.06.01 18:20,159.657,159.630"
2136,JUNE0525-B157,1617DC1ACCE6B50ED2D1359582A70A8B8503C569623EE90C18C6B33542796207,Tester/logs/20261010.log,3019705,2026-06-01,18:25,B152PR,"QM	0	18:16:55.754	Core 04	2026.06.01 18:25:00   [SRJ-IND] B152PR sym=USDJPY bar=2026.06.01 18:20 bull=1 bear=1 nz=18"
2137,JUNE0525-B157,1617DC1ACCE6B50ED2D1359582A70A8B8503C569623EE90C18C6B33542796207,Tester/logs/20261010.log,3019712,2026-06-01,18:30,B152PR,"ML	0	18:16:55.754	Core 04	2026.06.01 18:30:00   [SRJ-IND] B152PR sym=USDJPY bar=2026.06.01 18:25 z1=65,B,156.672,156.773,2026.05.11 04:10,1,2026.05.12 08:55,157.714,156.726"
2138,JUNE0525-B157,1617DC1ACCE6B50ED2D1359582A70A8B8503C569623EE90C18C6B33542796207,Tester/logs/20261010.log,3019713,2026-06-01,18:30,B152PR,"MR	0	18:16:55.754	Core 04	2026.06.01 18:30:00   [SRJ-IND] B152PR sym=USDJPY bar=2026.06.01 18:25 z1=78,B,156.578,156.584,2026.05.11 00:35,1,2026.05.11 00:40,156.644,156.537"
2139,JUNE0525-B157,1617DC1ACCE6B50ED2D1359582A70A8B8503C569623EE90C18C6B33542796207,Tester/logs/20261010.log,3019714,2026-06-01,18:30,B152PR,"KK	0	18:16:55.754	Core 04	2026.06.01 18:30:00   [SRJ-IND] B152PR sym=USDJPY bar=2026.06.01 18:25 z1=212,B,157.028,157.060,2026.05.11 19:20,1,2026.05.12 00:00,157.152,157.050"
2140,JUNE0525-B157,1617DC1ACCE6B50ED2D1359582A70A8B8503C569623EE90C18C6B33542796207,Tester/logs/20261010.log,3019715,2026-06-01,18:30,B152PR,"KM	0	18:16:55.754	Core 04	2026.06.01 18:30:00   [SRJ-IND] B152PR sym=USDJPY bar=2026.06.01 18:25 z1=256,B,157.172,157.178,2026.05.12 01:25,1,2026.05.12 08:55,157.714,156.726"
2141,JUNE0525-B157,1617DC1ACCE6B50ED2D1359582A70A8B8503C569623EE90C18C6B33542796207,Tester/logs/20261010.log,3019716,2026-06-01,18:30,B152PR,"EG	0	18:16:55.754	Core 04	2026.06.01 18:30:00   [SRJ-IND] B152PR sym=USDJPY bar=2026.06.01 18:25 z1=261,B,157.184,157.192,2026.05.12 03:00,1,2026.05.12 08:55,157.714,156.726"
2142,JUNE0525-B157,1617DC1ACCE6B50ED2D1359582A70A8B8503C569623EE90C18C6B33542796207,Tester/logs/20261010.log,3019717,2026-06-01,18:30,B152PR,"QI	0	18:16:55.754	Core 04	2026.06.01 18:30:00   [SRJ-IND] B152PR sym=USDJPY bar=2026.06.01 18:25 z1=313,B,157.331,157.497,2026.05.12 10:00,1,2026.05.12 10:10,157.546,157.487"
2143,JUNE0525-B157,1617DC1ACCE6B50ED2D1359582A70A8B8503C569623EE90C18C6B33542796207,Tester/logs/20261010.log,3019718,2026-06-01,18:30,B152PR,"LR	0	18:16:55.754	Core 04	2026.06.01 18:30:00   [SRJ-IND] B152PR sym=USDJPY bar=2026.06.01 18:25 z1=414,B,157.517,157.589,2026.05.13 01:10,1,2026.05.13 01:20,157.607,157.587"
2144,JUNE0525-B157,1617DC1ACCE6B50ED2D1359582A70A8B8503C569623EE90C18C6B33542796207,Tester/logs/20261010.log,3019719,2026-06-01,18:30,B152PR,"GD	0	18:16:55.754	Core 04	2026.06.01 18:30:00   [SRJ-IND] B152PR sym=USDJPY bar=2026.06.01 18:25 z1=447,B,157.562,157.648,2026.05.13 06:20,1,2026.05.13 06:25,157.662,157.648"
2145,JUNE0525-B157,1617DC1ACCE6B50ED2D1359582A70A8B8503C569623EE90C18C6B33542796207,Tester/logs/20261010.log,3019720,2026-06-01,18:30,B152PR,"HN	0	18:16:55.754	Core 04	2026.06.01 18:30:00   [SRJ-IND] B152PR sym=USDJPY bar=2026.06.01 18:25 z1=449,B,157.599,157.654,2026.05.13 05:15,1,2026.05.13 05:45,157.687,157.652"
2146,JUNE0525-B157,1617DC1ACCE6B50ED2D1359582A70A8B8503C569623EE90C18C6B33542796207,Tester/logs/20261010.log,3019721,2026-06-01,18:30,B152PR,"QP	0	18:16:55.754	Core 04	2026.06.01 18:30:00   [SRJ-IND] B152PR sym=USDJPY bar=2026.06.01 18:25 z1=460,B,157.645,157.660,2026.05.13 07:05,1,2026.05.14 00:25,157.812,157.650"
2147,JUNE0525-B157,1617DC1ACCE6B50ED2D1359582A70A8B8503C569623EE90C18C6B33542796207,Tester/logs/20261010.log,3019722,2026-06-01,18:30,B152PR,"IJ	0	18:16:55.754	Core 04	2026.06.01 18:30:00   [SRJ-IND] B152PR sym=USDJPY bar=2026.06.01 18:25 z1=696,B,157.568,158.167,2026.05.14 18:05,1,2026.05.14 18:10,158.191,158.119"
2148,JUNE0525-B157,1617DC1ACCE6B50ED2D1359582A70A8B8503C569623EE90C18C6B33542796207,Tester/logs/20261010.log,3019723,2026-06-01,18:30,B152PR,"QL	0	18:16:55.754	Core 04	2026.06.01 18:30:00   [SRJ-IND] B152PR sym=USDJPY bar=2026.06.01 18:25 z1=714,B,158.107,158.142,2026.05.14 19:30,1,2026.05.14 20:00,158.169,158.142"
2149,JUNE0525-B157,1617DC1ACCE6B50ED2D1359582A70A8B8503C569623EE90C18C6B33542796207,Tester/logs/20261010.log,3019724,2026-06-01,18:30,B152PR,"LE	0	18:16:55.754	Core 04	2026.06.01 18:30:00   [SRJ-IND] B152PR sym=USDJPY bar=2026.06.01 18:25 z1=1405,B,158.735,158.769,2026.05.20 19:00,1,2026.05.20 19:05,158.816,158.753"
2150,JUNE0525-B157,1617DC1ACCE6B50ED2D1359582A70A8B8503C569623EE90C18C6B33542796207,Tester/logs/20261010.log,3019725,2026-06-01,18:30,B152PR,"JK	0	18:16:55.754	Core 04	2026.06.01 18:30:00   [SRJ-IND] B152PR sym=USDJPY bar=2026.06.01 18:25 z1=1779,B,158.756,158.800,2026.05.25 06:45,1,2026.05.26 00:00,158.887,158.784"
2151,JUNE0525-B157,1617DC1ACCE6B50ED2D1359582A70A8B8503C569623EE90C18C6B33542796207,Tester/logs/20261010.log,3019726,2026-06-01,18:30,B152PR,"CQ	0	18:16:55.754	Core 04	2026.06.01 18:30:00   [SRJ-IND] B152PR sym=USDJPY bar=2026.06.01 18:25 z1=1780,B,158.789,158.814,2026.05.25 04:50,1,2026.05.26 00:00,158.887,158.784"
2152,JUNE0525-B157,1617DC1ACCE6B50ED2D1359582A70A8B8503C569623EE90C18C6B33542796207,Tester/logs/20261010.log,3019727,2026-06-01,18:30,B152PR,"NG	0	18:16:55.754	Core 04	2026.06.01 18:30:00   [SRJ-IND] B152PR sym=USDJPY bar=2026.06.01 18:25 z1=1949,B,158.916,158.934,2026.05.26 07:25,1,2026.05.26 07:30,158.942,158.934"
2153,JUNE0525-B157,1617DC1ACCE6B50ED2D1359582A70A8B8503C569623EE90C18C6B33542796207,Tester/logs/20261010.log,3019728,2026-06-01,18:30,B152PR,"CM	0	18:16:55.754	Core 04	2026.06.01 18:30:00   [SRJ-IND] B152PR sym=USDJPY bar=2026.06.01 18:25 z1=2509,B,159.134,159.195,2026.05.29 19:10,1,2026.05.29 19:35,159.215,159.186"
2154,JUNE0525-B157,1617DC1ACCE6B50ED2D1359582A70A8B8503C569623EE90C18C6B33542796207,Tester/logs/20261010.log,3019729,2026-06-01,18:30,B152PR,"MR	0	18:16:55.754	Core 04	2026.06.01 18:30:00   [SRJ-IND] B152PR sym=USDJPY bar=2026.06.01 18:25 z1=2661,S,159.654,159.726,2026.06.01 18:15,1,2026.06.01 18:20,159.657,159.630"
2155,JUNE0525-B157,1617DC1ACCE6B50ED2D1359582A70A8B8503C569623EE90C18C6B33542796207,Tester/logs/20261010.log,3019730,2026-06-01,18:30,B152PR,"PK	0	18:16:55.754	Core 04	2026.06.01 18:30:00   [SRJ-IND] B152PR sym=USDJPY bar=2026.06.01 18:25 bull=1 bear=1 nz=18"
2156,JUNE0525-B157,1617DC1ACCE6B50ED2D1359582A70A8B8503C569623EE90C18C6B33542796207,Tester/logs/20261010.log,3019735,2026-06-01,18:30,CQDRECHECK,"RK	0	18:16:55.754	Core 04	2026.06.01 18:30:00   [SRJ-EA] CQDRECHECK shift=2 passA=1.0 passB=1.0 diff=0 bar=2026.06.01 18:20 state=IDLE dir=NONE divLatch=0 hit1=0 hit2=399 mism=0"
2157,JUNE0525-B157,1617DC1ACCE6B50ED2D1359582A70A8B8503C569623EE90C18C6B33542796207,Tester/logs/20261010.log,3019741,2026-06-01,18:35,B152PR,"PJ	0	18:16:55.754	Core 04	2026.06.01 18:35:00   [SRJ-IND] B152PR sym=USDJPY bar=2026.06.01 18:30 z1=65,B,156.672,156.773,2026.05.11 04:10,1,2026.05.12 08:55,157.714,156.726"
2158,JUNE0525-B157,1617DC1ACCE6B50ED2D1359582A70A8B8503C569623EE90C18C6B33542796207,Tester/logs/20261010.log,3019742,2026-06-01,18:35,B152PR,"HP	0	18:16:55.754	Core 04	2026.06.01 18:35:00   [SRJ-IND] B152PR sym=USDJPY bar=2026.06.01 18:30 z1=78,B,156.578,156.584,2026.05.11 00:35,1,2026.05.11 00:40,156.644,156.537"
2159,JUNE0525-B157,1617DC1ACCE6B50ED2D1359582A70A8B8503C569623EE90C18C6B33542796207,Tester/logs/20261010.log,3019743,2026-06-01,18:35,B152PR,"RE	0	18:16:55.754	Core 04	2026.06.01 18:35:00   [SRJ-IND] B152PR sym=USDJPY bar=2026.06.01 18:30 z1=212,B,157.028,157.060,2026.05.11 19:20,1,2026.05.12 00:00,157.152,157.050"
2160,JUNE0525-B157,1617DC1ACCE6B50ED2D1359582A70A8B8503C569623EE90C18C6B33542796207,Tester/logs/20261010.log,3019744,2026-06-01,18:35,B152PR,"FN	0	18:16:55.754	Core 04	2026.06.01 18:35:00   [SRJ-IND] B152PR sym=USDJPY bar=2026.06.01 18:30 z1=256,B,157.172,157.178,2026.05.12 01:25,1,2026.05.12 08:55,157.714,156.726"
2161,JUNE0525-B157,1617DC1ACCE6B50ED2D1359582A70A8B8503C569623EE90C18C6B33542796207,Tester/logs/20261010.log,3019745,2026-06-01,18:35,B152PR,"PP	0	18:16:55.754	Core 04	2026.06.01 18:35:00   [SRJ-IND] B152PR sym=USDJPY bar=2026.06.01 18:30 z1=261,B,157.184,157.192,2026.05.12 03:00,1,2026.05.12 08:55,157.714,156.726"
2162,JUNE0525-B157,1617DC1ACCE6B50ED2D1359582A70A8B8503C569623EE90C18C6B33542796207,Tester/logs/20261010.log,3019746,2026-06-01,18:35,B152PR,"HJ	0	18:16:55.754	Core 04	2026.06.01 18:35:00   [SRJ-IND] B152PR sym=USDJPY bar=2026.06.01 18:30 z1=313,B,157.331,157.497,2026.05.12 10:00,1,2026.05.12 10:10,157.546,157.487"
2163,JUNE0525-B157,1617DC1ACCE6B50ED2D1359582A70A8B8503C569623EE90C18C6B33542796207,Tester/logs/20261010.log,3019747,2026-06-01,18:35,B152PR,"QL	0	18:16:55.754	Core 04	2026.06.01 18:35:00   [SRJ-IND] B152PR sym=USDJPY bar=2026.06.01 18:30 z1=414,B,157.517,157.589,2026.05.13 01:10,1,2026.05.13 01:20,157.607,157.587"
2164,JUNE0525-B157,1617DC1ACCE6B50ED2D1359582A70A8B8503C569623EE90C18C6B33542796207,Tester/logs/20261010.log,3019748,2026-06-01,18:35,B152PR,"RF	0	18:16:55.754	Core 04	2026.06.01 18:35:00   [SRJ-IND] B152PR sym=USDJPY bar=2026.06.01 18:30 z1=447,B,157.562,157.648,2026.05.13 06:20,1,2026.05.13 06:25,157.662,157.648"
2165,JUNE0525-B157,1617DC1ACCE6B50ED2D1359582A70A8B8503C569623EE90C18C6B33542796207,Tester/logs/20261010.log,3019749,2026-06-01,18:35,B152PR,"MH	0	18:16:55.754	Core 04	2026.06.01 18:35:00   [SRJ-IND] B152PR sym=USDJPY bar=2026.06.01 18:30 z1=449,B,157.599,157.654,2026.05.13 05:15,1,2026.05.13 05:45,157.687,157.652"
2166,JUNE0525-B157,1617DC1ACCE6B50ED2D1359582A70A8B8503C569623EE90C18C6B33542796207,Tester/logs/20261010.log,3019750,2026-06-01,18:35,B152PR,"HR	0	18:16:55.754	Core 04	2026.06.01 18:35:00   [SRJ-IND] B152PR sym=USDJPY bar=2026.06.01 18:30 z1=460,B,157.645,157.660,2026.05.13 07:05,1,2026.05.14 00:25,157.812,157.650"
2167,JUNE0525-B157,1617DC1ACCE6B50ED2D1359582A70A8B8503C569623EE90C18C6B33542796207,Tester/logs/20261010.log,3019751,2026-06-01,18:35,B152PR,"DD	0	18:16:55.754	Core 04	2026.06.01 18:35:00   [SRJ-IND] B152PR sym=USDJPY bar=2026.06.01 18:30 z1=696,B,157.568,158.167,2026.05.14 18:05,1,2026.05.14 18:10,158.191,158.119"
2168,JUNE0525-B157,1617DC1ACCE6B50ED2D1359582A70A8B8503C569623EE90C18C6B33542796207,Tester/logs/20261010.log,3019752,2026-06-01,18:35,B152PR,"HI	0	18:16:55.754	Core 04	2026.06.01 18:35:00   [SRJ-IND] B152PR sym=USDJPY bar=2026.06.01 18:30 z1=714,B,158.107,158.142,2026.05.14 19:30,1,2026.05.14 20:00,158.169,158.142"
2169,JUNE0525-B157,1617DC1ACCE6B50ED2D1359582A70A8B8503C569623EE90C18C6B33542796207,Tester/logs/20261010.log,3019753,2026-06-01,18:35,B152PR,"IP	0	18:16:55.754	Core 04	2026.06.01 18:35:00   [SRJ-IND] B152PR sym=USDJPY bar=2026.06.01 18:30 z1=1405,B,158.735,158.769,2026.05.20 19:00,1,2026.05.20 19:05,158.816,158.753"
2170,JUNE0525-B157,1617DC1ACCE6B50ED2D1359582A70A8B8503C569623EE90C18C6B33542796207,Tester/logs/20261010.log,3019754,2026-06-01,18:35,B152PR,"KF	0	18:16:55.754	Core 04	2026.06.01 18:35:00   [SRJ-IND] B152PR sym=USDJPY bar=2026.06.01 18:30 z1=1779,B,158.756,158.800,2026.05.25 06:45,1,2026.05.26 00:00,158.887,158.784"
2171,JUNE0525-B157,1617DC1ACCE6B50ED2D1359582A70A8B8503C569623EE90C18C6B33542796207,Tester/logs/20261010.log,3019755,2026-06-01,18:35,B152PR,"RL	0	18:16:55.754	Core 04	2026.06.01 18:35:00   [SRJ-IND] B152PR sym=USDJPY bar=2026.06.01 18:30 z1=1780,B,158.789,158.814,2026.05.25 04:50,1,2026.05.26 00:00,158.887,158.784"
2172,JUNE0525-B157,1617DC1ACCE6B50ED2D1359582A70A8B8503C569623EE90C18C6B33542796207,Tester/logs/20261010.log,3019756,2026-06-01,18:35,B152PR,"GR	0	18:16:55.754	Core 04	2026.06.01 18:35:00   [SRJ-IND] B152PR sym=USDJPY bar=2026.06.01 18:30 z1=1949,B,158.916,158.934,2026.05.26 07:25,1,2026.05.26 07:30,158.942,158.934"
2173,JUNE0525-B157,1617DC1ACCE6B50ED2D1359582A70A8B8503C569623EE90C18C6B33542796207,Tester/logs/20261010.log,3019757,2026-06-01,18:35,B152PR,"RH	0	18:16:55.754	Core 04	2026.06.01 18:35:00   [SRJ-IND] B152PR sym=USDJPY bar=2026.06.01 18:30 z1=2509,B,159.134,159.195,2026.05.29 19:10,1,2026.05.29 19:35,159.215,159.186"
2174,JUNE0525-B157,1617DC1ACCE6B50ED2D1359582A70A8B8503C569623EE90C18C6B33542796207,Tester/logs/20261010.log,3019758,2026-06-01,18:35,B152PR,"HO	0	18:16:55.754	Core 04	2026.06.01 18:35:00   [SRJ-IND] B152PR sym=USDJPY bar=2026.06.01 18:30 z1=2661,S,159.654,159.726,2026.06.01 18:15,1,2026.06.01 18:20,159.657,159.630"
2175,JUNE0525-B157,1617DC1ACCE6B50ED2D1359582A70A8B8503C569623EE90C18C6B33542796207,Tester/logs/20261010.log,3019759,2026-06-01,18:35,B152PR,"EF	0	18:16:55.754	Core 04	2026.06.01 18:35:00   [SRJ-IND] B152PR sym=USDJPY bar=2026.06.01 18:30 bull=1 bear=1 nz=18"
2176,JUNE0525-B157,1617DC1ACCE6B50ED2D1359582A70A8B8503C569623EE90C18C6B33542796207,Tester/logs/20261010.log,3019766,2026-06-01,18:40,B152PR,"KD	0	18:16:55.754	Core 04	2026.06.01 18:40:00   [SRJ-IND] B152PR sym=USDJPY bar=2026.06.01 18:35 z1=65,B,156.672,156.773,2026.05.11 04:10,1,2026.05.12 08:55,157.714,156.726"
2177,JUNE0525-B157,1617DC1ACCE6B50ED2D1359582A70A8B8503C569623EE90C18C6B33542796207,Tester/logs/20261010.log,3019767,2026-06-01,18:40,B152PR,"CJ	0	18:16:55.754	Core 04	2026.06.01 18:40:00   [SRJ-IND] B152PR sym=USDJPY bar=2026.06.01 18:35 z1=78,B,156.578,156.584,2026.05.11 00:35,1,2026.05.11 00:40,156.644,156.537"
2178,JUNE0525-B157,1617DC1ACCE6B50ED2D1359582A70A8B8503C569623EE90C18C6B33542796207,Tester/logs/20261010.log,3019768,2026-06-01,18:40,B152PR,"MS	0	18:16:55.754	Core 04	2026.06.01 18:40:00   [SRJ-IND] B152PR sym=USDJPY bar=2026.06.01 18:35 z1=212,B,157.028,157.060,2026.05.11 19:20,1,2026.05.12 00:00,157.152,157.050"
2179,JUNE0525-B157,1617DC1ACCE6B50ED2D1359582A70A8B8503C569623EE90C18C6B33542796207,Tester/logs/20261010.log,3019769,2026-06-01,18:40,B152PR,"ME	0	18:16:55.754	Core 04	2026.06.01 18:40:00   [SRJ-IND] B152PR sym=USDJPY bar=2026.06.01 18:35 z1=256,B,157.172,157.178,2026.05.12 01:25,1,2026.05.12 08:55,157.714,156.726"
2180,JUNE0525-B157,1617DC1ACCE6B50ED2D1359582A70A8B8503C569623EE90C18C6B33542796207,Tester/logs/20261010.log,3019770,2026-06-01,18:40,B152PR,"KN	0	18:16:55.754	Core 04	2026.06.01 18:40:00   [SRJ-IND] B152PR sym=USDJPY bar=2026.06.01 18:35 z1=261,B,157.184,157.192,2026.05.12 03:00,1,2026.05.12 08:55,157.714,156.726"
2181,JUNE0525-B157,1617DC1ACCE6B50ED2D1359582A70A8B8503C569623EE90C18C6B33542796207,Tester/logs/20261010.log,3019771,2026-06-01,18:40,B152PR,"GP	0	18:16:55.754	Core 04	2026.06.01 18:40:00   [SRJ-IND] B152PR sym=USDJPY bar=2026.06.01 18:35 z1=313,B,157.331,157.497,2026.05.12 10:00,1,2026.05.12 10:10,157.546,157.487"
2182,JUNE0525-B157,1617DC1ACCE6B50ED2D1359582A70A8B8503C569623EE90C18C6B33542796207,Tester/logs/20261010.log,3019772,2026-06-01,18:40,B152PR,"NJ	0	18:16:55.754	Core 04	2026.06.01 18:40:00   [SRJ-IND] B152PR sym=USDJPY bar=2026.06.01 18:35 z1=414,B,157.517,157.589,2026.05.13 01:10,1,2026.05.13 01:20,157.607,157.587"
2183,JUNE0525-B157,1617DC1ACCE6B50ED2D1359582A70A8B8503C569623EE90C18C6B33542796207,Tester/logs/20261010.log,3019773,2026-06-01,18:40,B152PR,"IL	0	18:16:55.754	Core 04	2026.06.01 18:40:00   [SRJ-IND] B152PR sym=USDJPY bar=2026.06.01 18:35 z1=447,B,157.562,157.648,2026.05.13 06:20,1,2026.05.13 06:25,157.662,157.648"
2184,JUNE0525-B157,1617DC1ACCE6B50ED2D1359582A70A8B8503C569623EE90C18C6B33542796207,Tester/logs/20261010.log,3019774,2026-06-01,18:40,B152PR,"RF	0	18:16:55.754	Core 04	2026.06.01 18:40:00   [SRJ-IND] B152PR sym=USDJPY bar=2026.06.01 18:35 z1=449,B,157.599,157.654,2026.05.13 05:15,1,2026.05.13 05:45,157.687,157.652"
2185,JUNE0525-B157,1617DC1ACCE6B50ED2D1359582A70A8B8503C569623EE90C18C6B33542796207,Tester/logs/20261010.log,3019775,2026-06-01,18:40,B152PR,"GH	0	18:16:55.754	Core 04	2026.06.01 18:40:00   [SRJ-IND] B152PR sym=USDJPY bar=2026.06.01 18:35 z1=460,B,157.645,157.660,2026.05.13 07:05,1,2026.05.14 00:25,157.812,157.650"
2186,JUNE0525-B157,1617DC1ACCE6B50ED2D1359582A70A8B8503C569623EE90C18C6B33542796207,Tester/logs/20261010.log,3019776,2026-06-01,18:40,B152PR,"GR	0	18:16:55.754	Core 04	2026.06.01 18:40:00   [SRJ-IND] B152PR sym=USDJPY bar=2026.06.01 18:35 z1=696,B,157.568,158.167,2026.05.14 18:05,1,2026.05.14 18:10,158.191,158.119"
2187,JUNE0525-B157,1617DC1ACCE6B50ED2D1359582A70A8B8503C569623EE90C18C6B33542796207,Tester/logs/20261010.log,3019777,2026-06-01,18:40,B152PR,"OD	0	18:16:55.754	Core 04	2026.06.01 18:40:00   [SRJ-IND] B152PR sym=USDJPY bar=2026.06.01 18:35 z1=714,B,158.107,158.142,2026.05.14 19:30,1,2026.05.14 20:00,158.169,158.142"
2188,JUNE0525-B157,1617DC1ACCE6B50ED2D1359582A70A8B8503C569623EE90C18C6B33542796207,Tester/logs/20261010.log,3019778,2026-06-01,18:40,B152PR,"FJ	0	18:16:55.754	Core 04	2026.06.01 18:40:00   [SRJ-IND] B152PR sym=USDJPY bar=2026.06.01 18:35 z1=1405,B,158.735,158.769,2026.05.20 19:00,1,2026.05.20 19:05,158.816,158.753"
2189,JUNE0525-B157,1617DC1ACCE6B50ED2D1359582A70A8B8503C569623EE90C18C6B33542796207,Tester/logs/20261010.log,3019779,2026-06-01,18:40,B152PR,"PP	0	18:16:55.754	Core 04	2026.06.01 18:40:00   [SRJ-IND] B152PR sym=USDJPY bar=2026.06.01 18:35 z1=1779,B,158.756,158.800,2026.05.25 06:45,1,2026.05.26 00:00,158.887,158.784"
2190,JUNE0525-B157,1617DC1ACCE6B50ED2D1359582A70A8B8503C569623EE90C18C6B33542796207,Tester/logs/20261010.log,3019780,2026-06-01,18:40,B152PR,"MF	0	18:16:55.754	Core 04	2026.06.01 18:40:00   [SRJ-IND] B152PR sym=USDJPY bar=2026.06.01 18:35 z1=1780,B,158.789,158.814,2026.05.25 04:50,1,2026.05.26 00:00,158.887,158.784"
2191,JUNE0525-B157,1617DC1ACCE6B50ED2D1359582A70A8B8503C569623EE90C18C6B33542796207,Tester/logs/20261010.log,3019781,2026-06-01,18:40,B152PR,"DL	0	18:16:55.754	Core 04	2026.06.01 18:40:00   [SRJ-IND] B152PR sym=USDJPY bar=2026.06.01 18:35 z1=1949,B,158.916,158.934,2026.05.26 07:25,1,2026.05.26 07:30,158.942,158.934"
2192,JUNE0525-B157,1617DC1ACCE6B50ED2D1359582A70A8B8503C569623EE90C18C6B33542796207,Tester/logs/20261010.log,3019782,2026-06-01,18:40,B152PR,"MR	0	18:16:55.754	Core 04	2026.06.01 18:40:00   [SRJ-IND] B152PR sym=USDJPY bar=2026.06.01 18:35 z1=2509,B,159.134,159.195,2026.05.29 19:10,1,2026.05.29 19:35,159.215,159.186"
2193,JUNE0525-B157,1617DC1ACCE6B50ED2D1359582A70A8B8503C569623EE90C18C6B33542796207,Tester/logs/20261010.log,3019783,2026-06-01,18:40,B152PR,"CI	0	18:16:55.754	Core 04	2026.06.01 18:40:00   [SRJ-IND] B152PR sym=USDJPY bar=2026.06.01 18:35 z1=2661,S,159.654,159.726,2026.06.01 18:15,1,2026.06.01 18:20,159.657,159.630"
2194,JUNE0525-B157,1617DC1ACCE6B50ED2D1359582A70A8B8503C569623EE90C18C6B33542796207,Tester/logs/20261010.log,3019784,2026-06-01,18:40,B152PR,"JL	0	18:16:55.754	Core 04	2026.06.01 18:40:00   [SRJ-IND] B152PR sym=USDJPY bar=2026.06.01 18:35 bull=1 bear=1 nz=18"
2195,JUNE0525-B157,1617DC1ACCE6B50ED2D1359582A70A8B8503C569623EE90C18C6B33542796207,Tester/logs/20261010.log,3019788,2026-06-01,18:40,CQDRECHECK,"CR	0	18:16:55.754	Core 04	2026.06.01 18:40:00   [SRJ-EA] CQDRECHECK shift=2 passA=1.0 passB=1.0 diff=0 bar=2026.06.01 18:30 state=IDLE dir=NONE divLatch=0 hit1=0 hit2=400 mism=0"
2196,JUNE0525-B157,1617DC1ACCE6B50ED2D1359582A70A8B8503C569623EE90C18C6B33542796207,Tester/logs/20261010.log,3019793,2026-06-01,18:45,B152PR,"ED	0	18:16:55.754	Core 04	2026.06.01 18:45:09   [SRJ-IND] B152PR sym=USDJPY bar=2026.06.01 18:40 z1=65,B,156.672,156.773,2026.05.11 04:10,1,2026.05.12 08:55,157.714,156.726"
2197,JUNE0525-B157,1617DC1ACCE6B50ED2D1359582A70A8B8503C569623EE90C18C6B33542796207,Tester/logs/20261010.log,3019794,2026-06-01,18:45,B152PR,"EJ	0	18:16:55.754	Core 04	2026.06.01 18:45:09   [SRJ-IND] B152PR sym=USDJPY bar=2026.06.01 18:40 z1=78,B,156.578,156.584,2026.05.11 00:35,1,2026.05.11 00:40,156.644,156.537"
2198,JUNE0525-B157,1617DC1ACCE6B50ED2D1359582A70A8B8503C569623EE90C18C6B33542796207,Tester/logs/20261010.log,3019795,2026-06-01,18:45,B152PR,"CS	0	18:16:55.754	Core 04	2026.06.01 18:45:09   [SRJ-IND] B152PR sym=USDJPY bar=2026.06.01 18:40 z1=212,B,157.028,157.060,2026.05.11 19:20,1,2026.05.12 00:00,157.152,157.050"
2199,JUNE0525-B157,1617DC1ACCE6B50ED2D1359582A70A8B8503C569623EE90C18C6B33542796207,Tester/logs/20261010.log,3019796,2026-06-01,18:45,B152PR,"CE	0	18:16:55.754	Core 04	2026.06.01 18:45:09   [SRJ-IND] B152PR sym=USDJPY bar=2026.06.01 18:40 z1=256,B,157.172,157.178,2026.05.12 01:25,1,2026.05.12 08:55,157.714,156.726"
2200,JUNE0525-B157,1617DC1ACCE6B50ED2D1359582A70A8B8503C569623EE90C18C6B33542796207,Tester/logs/20261010.log,3019797,2026-06-01,18:45,B152PR,"MO	0	18:16:55.754	Core 04	2026.06.01 18:45:09   [SRJ-IND] B152PR sym=USDJPY bar=2026.06.01 18:40 z1=261,B,157.184,157.192,2026.05.12 03:00,1,2026.05.12 08:55,157.714,156.726"
2201,JUNE0525-B157,1617DC1ACCE6B50ED2D1359582A70A8B8503C569623EE90C18C6B33542796207,Tester/logs/20261010.log,3019798,2026-06-01,18:45,B152PR,"IQ	0	18:16:55.754	Core 04	2026.06.01 18:45:09   [SRJ-IND] B152PR sym=USDJPY bar=2026.06.01 18:40 z1=313,B,157.331,157.497,2026.05.12 10:00,1,2026.05.12 10:10,157.546,157.487"
2202,JUNE0525-B157,1617DC1ACCE6B50ED2D1359582A70A8B8503C569623EE90C18C6B33542796207,Tester/logs/20261010.log,3019799,2026-06-01,18:45,B152PR,"DJ	0	18:16:55.754	Core 04	2026.06.01 18:45:09   [SRJ-IND] B152PR sym=USDJPY bar=2026.06.01 18:40 z1=414,B,157.517,157.589,2026.05.13 01:10,1,2026.05.13 01:20,157.607,157.587"
2203,JUNE0525-B157,1617DC1ACCE6B50ED2D1359582A70A8B8503C569623EE90C18C6B33542796207,Tester/logs/20261010.log,3019800,2026-06-01,18:45,B152PR,"OL	0	18:16:55.754	Core 04	2026.06.01 18:45:09   [SRJ-IND] B152PR sym=USDJPY bar=2026.06.01 18:40 z1=447,B,157.562,157.648,2026.05.13 06:20,1,2026.05.13 06:25,157.662,157.648"
2204,JUNE0525-B157,1617DC1ACCE6B50ED2D1359582A70A8B8503C569623EE90C18C6B33542796207,Tester/logs/20261010.log,3019801,2026-06-01,18:45,B152PR,"PF	0	18:16:55.754	Core 04	2026.06.01 18:45:09   [SRJ-IND] B152PR sym=USDJPY bar=2026.06.01 18:40 z1=449,B,157.599,157.654,2026.05.13 05:15,1,2026.05.13 05:45,157.687,157.652"
2205,JUNE0525-B157,1617DC1ACCE6B50ED2D1359582A70A8B8503C569623EE90C18C6B33542796207,Tester/logs/20261010.log,3019802,2026-06-01,18:45,B152PR,"IH	0	18:16:55.754	Core 04	2026.06.01 18:45:09   [SRJ-IND] B152PR sym=USDJPY bar=2026.06.01 18:40 z1=460,B,157.645,157.660,2026.05.13 07:05,1,2026.05.14 00:25,157.812,157.650"
2206,JUNE0525-B157,1617DC1ACCE6B50ED2D1359582A70A8B8503C569623EE90C18C6B33542796207,Tester/logs/20261010.log,3019803,2026-06-01,18:45,B152PR,"QR	0	18:16:55.754	Core 04	2026.06.01 18:45:09   [SRJ-IND] B152PR sym=USDJPY bar=2026.06.01 18:40 z1=696,B,157.568,158.167,2026.05.14 18:05,1,2026.05.14 18:10,158.191,158.119"
2207,JUNE0525-B157,1617DC1ACCE6B50ED2D1359582A70A8B8503C569623EE90C18C6B33542796207,Tester/logs/20261010.log,3019804,2026-06-01,18:45,B152PR,"ID	0	18:16:55.754	Core 04	2026.06.01 18:45:09   [SRJ-IND] B152PR sym=USDJPY bar=2026.06.01 18:40 z1=714,B,158.107,158.142,2026.05.14 19:30,1,2026.05.14 20:00,158.169,158.142"
2208,JUNE0525-B157,1617DC1ACCE6B50ED2D1359582A70A8B8503C569623EE90C18C6B33542796207,Tester/logs/20261010.log,3019805,2026-06-01,18:45,B152PR,"DM	0	18:16:55.754	Core 04	2026.06.01 18:45:09   [SRJ-IND] B152PR sym=USDJPY bar=2026.06.01 18:40 z1=1405,B,158.735,158.769,2026.05.20 19:00,1,2026.05.20 19:05,158.816,158.753"
2209,JUNE0525-B157,1617DC1ACCE6B50ED2D1359582A70A8B8503C569623EE90C18C6B33542796207,Tester/logs/20261010.log,3019806,2026-06-01,18:45,B152PR,"RS	0	18:16:55.754	Core 04	2026.06.01 18:45:09   [SRJ-IND] B152PR sym=USDJPY bar=2026.06.01 18:40 z1=1779,B,158.756,158.800,2026.05.25 06:45,1,2026.05.26 00:00,158.887,158.784"
2210,JUNE0525-B157,1617DC1ACCE6B50ED2D1359582A70A8B8503C569623EE90C18C6B33542796207,Tester/logs/20261010.log,3019807,2026-06-01,18:45,B152PR,"KI	0	18:16:55.754	Core 04	2026.06.01 18:45:09   [SRJ-IND] B152PR sym=USDJPY bar=2026.06.01 18:40 z1=1780,B,158.789,158.814,2026.05.25 04:50,1,2026.05.26 00:00,158.887,158.784"
2211,JUNE0525-B157,1617DC1ACCE6B50ED2D1359582A70A8B8503C569623EE90C18C6B33542796207,Tester/logs/20261010.log,3019808,2026-06-01,18:45,B152PR,"FO	0	18:16:55.754	Core 04	2026.06.01 18:45:09   [SRJ-IND] B152PR sym=USDJPY bar=2026.06.01 18:40 z1=1949,B,158.916,158.934,2026.05.26 07:25,1,2026.05.26 07:30,158.942,158.934"
2212,JUNE0525-B157,1617DC1ACCE6B50ED2D1359582A70A8B8503C569623EE90C18C6B33542796207,Tester/logs/20261010.log,3019809,2026-06-01,18:45,B152PR,"KE	0	18:16:55.754	Core 04	2026.06.01 18:45:09   [SRJ-IND] B152PR sym=USDJPY bar=2026.06.01 18:40 z1=2509,B,159.134,159.195,2026.05.29 19:10,1,2026.05.29 19:35,159.215,159.186"
2213,JUNE0525-B157,1617DC1ACCE6B50ED2D1359582A70A8B8503C569623EE90C18C6B33542796207,Tester/logs/20261010.log,3019810,2026-06-01,18:45,B152PR,"EJ	0	18:16:55.754	Core 04	2026.06.01 18:45:09   [SRJ-IND] B152PR sym=USDJPY bar=2026.06.01 18:40 z1=2661,S,159.654,159.726,2026.06.01 18:15,1,2026.06.01 18:20,159.657,159.630"
2214,JUNE0525-B157,1617DC1ACCE6B50ED2D1359582A70A8B8503C569623EE90C18C6B33542796207,Tester/logs/20261010.log,3019811,2026-06-01,18:45,B152PR,"HS	0	18:16:55.754	Core 04	2026.06.01 18:45:09   [SRJ-IND] B152PR sym=USDJPY bar=2026.06.01 18:40 bull=1 bear=1 nz=18"
2215,JUNE0525-B157,1617DC1ACCE6B50ED2D1359582A70A8B8503C569623EE90C18C6B33542796207,Tester/logs/20261010.log,3019821,2026-06-01,18:50,B152PR,"DK	0	18:16:55.754	Core 04	2026.06.01 18:50:07   [SRJ-IND] B152PR sym=USDJPY bar=2026.06.01 18:45 z1=65,B,156.672,156.773,2026.05.11 04:10,1,2026.05.12 08:55,157.714,156.726"
2216,JUNE0525-B157,1617DC1ACCE6B50ED2D1359582A70A8B8503C569623EE90C18C6B33542796207,Tester/logs/20261010.log,3019822,2026-06-01,18:50,B152PR,"LN	0	18:16:55.754	Core 04	2026.06.01 18:50:07   [SRJ-IND] B152PR sym=USDJPY bar=2026.06.01 18:45 z1=78,B,156.578,156.584,2026.05.11 00:35,1,2026.05.11 00:40,156.644,156.537"
2217,JUNE0525-B157,1617DC1ACCE6B50ED2D1359582A70A8B8503C569623EE90C18C6B33542796207,Tester/logs/20261010.log,3019823,2026-06-01,18:50,B152PR,"FG	0	18:16:55.754	Core 04	2026.06.01 18:50:07   [SRJ-IND] B152PR sym=USDJPY bar=2026.06.01 18:45 z1=212,B,157.028,157.060,2026.05.11 19:20,1,2026.05.12 00:00,157.152,157.050"
2218,JUNE0525-B157,1617DC1ACCE6B50ED2D1359582A70A8B8503C569623EE90C18C6B33542796207,Tester/logs/20261010.log,3019824,2026-06-01,18:50,B152PR,"FI	0	18:16:55.754	Core 04	2026.06.01 18:50:07   [SRJ-IND] B152PR sym=USDJPY bar=2026.06.01 18:45 z1=256,B,157.172,157.178,2026.05.12 01:25,1,2026.05.12 08:55,157.714,156.726"
2219,JUNE0525-B157,1617DC1ACCE6B50ED2D1359582A70A8B8503C569623EE90C18C6B33542796207,Tester/logs/20261010.log,3019825,2026-06-01,18:50,B152PR,"DS	0	18:16:55.754	Core 04	2026.06.01 18:50:07   [SRJ-IND] B152PR sym=USDJPY bar=2026.06.01 18:45 z1=261,B,157.184,157.192,2026.05.12 03:00,1,2026.05.12 08:55,157.714,156.726"
2220,JUNE0525-B157,1617DC1ACCE6B50ED2D1359582A70A8B8503C569623EE90C18C6B33542796207,Tester/logs/20261010.log,3019826,2026-06-01,18:50,B152PR,"PE	0	18:16:55.754	Core 04	2026.06.01 18:50:07   [SRJ-IND] B152PR sym=USDJPY bar=2026.06.01 18:45 z1=313,B,157.331,157.497,2026.05.12 10:00,1,2026.05.12 10:10,157.546,157.487"
2221,JUNE0525-B157,1617DC1ACCE6B50ED2D1359582A70A8B8503C569623EE90C18C6B33542796207,Tester/logs/20261010.log,3019827,2026-06-01,18:50,B152PR,"EO	0	18:16:55.754	Core 04	2026.06.01 18:50:07   [SRJ-IND] B152PR sym=USDJPY bar=2026.06.01 18:45 z1=414,B,157.517,157.589,2026.05.13 01:10,1,2026.05.13 01:20,157.607,157.587"
2222,JUNE0525-B157,1617DC1ACCE6B50ED2D1359582A70A8B8503C569623EE90C18C6B33542796207,Tester/logs/20261010.log,3019828,2026-06-01,18:50,B152PR,"RQ	0	18:16:55.754	Core 04	2026.06.01 18:50:07   [SRJ-IND] B152PR sym=USDJPY bar=2026.06.01 18:45 z1=447,B,157.562,157.648,2026.05.13 06:20,1,2026.05.13 06:25,157.662,157.648"
2223,JUNE0525-B157,1617DC1ACCE6B50ED2D1359582A70A8B8503C569623EE90C18C6B33542796207,Tester/logs/20261010.log,3019829,2026-06-01,18:50,B152PR,"IJ	0	18:16:55.754	Core 04	2026.06.01 18:50:07   [SRJ-IND] B152PR sym=USDJPY bar=2026.06.01 18:45 z1=449,B,157.599,157.654,2026.05.13 05:15,1,2026.05.13 05:45,157.687,157.652"
2224,JUNE0525-B157,1617DC1ACCE6B50ED2D1359582A70A8B8503C569623EE90C18C6B33542796207,Tester/logs/20261010.log,3019830,2026-06-01,18:50,B152PR,"PL	0	18:16:55.754	Core 04	2026.06.01 18:50:07   [SRJ-IND] B152PR sym=USDJPY bar=2026.06.01 18:45 z1=460,B,157.645,157.660,2026.05.13 07:05,1,2026.05.14 00:25,157.812,157.650"
2225,JUNE0525-B157,1617DC1ACCE6B50ED2D1359582A70A8B8503C569623EE90C18C6B33542796207,Tester/logs/20261010.log,3019831,2026-06-01,18:50,B152PR,"PF	0	18:16:55.754	Core 04	2026.06.01 18:50:07   [SRJ-IND] B152PR sym=USDJPY bar=2026.06.01 18:45 z1=696,B,157.568,158.167,2026.05.14 18:05,1,2026.05.14 18:10,158.191,158.119"
2226,JUNE0525-B157,1617DC1ACCE6B50ED2D1359582A70A8B8503C569623EE90C18C6B33542796207,Tester/logs/20261010.log,3019832,2026-06-01,18:50,B152PR,"HH	0	18:16:55.754	Core 04	2026.06.01 18:50:07   [SRJ-IND] B152PR sym=USDJPY bar=2026.06.01 18:45 z1=714,B,158.107,158.142,2026.05.14 19:30,1,2026.05.14 20:00,158.169,158.142"
2227,JUNE0525-B157,1617DC1ACCE6B50ED2D1359582A70A8B8503C569623EE90C18C6B33542796207,Tester/logs/20261010.log,3019833,2026-06-01,18:50,B152PR,"MQ	0	18:16:55.754	Core 04	2026.06.01 18:50:07   [SRJ-IND] B152PR sym=USDJPY bar=2026.06.01 18:45 z1=1405,B,158.735,158.769,2026.05.20 19:00,1,2026.05.20 19:05,158.816,158.753"
2228,JUNE0525-B157,1617DC1ACCE6B50ED2D1359582A70A8B8503C569623EE90C18C6B33542796207,Tester/logs/20261010.log,3019834,2026-06-01,18:50,B152PR,"GG	0	18:16:55.754	Core 04	2026.06.01 18:50:07   [SRJ-IND] B152PR sym=USDJPY bar=2026.06.01 18:45 z1=1779,B,158.756,158.800,2026.05.25 06:45,1,2026.05.26 00:00,158.887,158.784"
2229,JUNE0525-B157,1617DC1ACCE6B50ED2D1359582A70A8B8503C569623EE90C18C6B33542796207,Tester/logs/20261010.log,3019835,2026-06-01,18:50,B152PR,"FM	0	18:16:55.754	Core 04	2026.06.01 18:50:07   [SRJ-IND] B152PR sym=USDJPY bar=2026.06.01 18:45 z1=1780,B,158.789,158.814,2026.05.25 04:50,1,2026.05.26 00:00,158.887,158.784"
2230,JUNE0525-B157,1617DC1ACCE6B50ED2D1359582A70A8B8503C569623EE90C18C6B33542796207,Tester/logs/20261010.log,3019836,2026-06-01,18:50,B152PR,"KS	0	18:16:55.754	Core 04	2026.06.01 18:50:07   [SRJ-IND] B152PR sym=USDJPY bar=2026.06.01 18:45 z1=1949,B,158.916,158.934,2026.05.26 07:25,1,2026.05.26 07:30,158.942,158.934"
2231,JUNE0525-B157,1617DC1ACCE6B50ED2D1359582A70A8B8503C569623EE90C18C6B33542796207,Tester/logs/20261010.log,3019837,2026-06-01,18:50,B152PR,"FI	0	18:16:55.754	Core 04	2026.06.01 18:50:07   [SRJ-IND] B152PR sym=USDJPY bar=2026.06.01 18:45 z1=2509,B,159.134,159.195,2026.05.29 19:10,1,2026.05.29 19:35,159.215,159.186"
2232,JUNE0525-B157,1617DC1ACCE6B50ED2D1359582A70A8B8503C569623EE90C18C6B33542796207,Tester/logs/20261010.log,3019838,2026-06-01,18:50,B152PR,"LN	0	18:16:55.754	Core 04	2026.06.01 18:50:07   [SRJ-IND] B152PR sym=USDJPY bar=2026.06.01 18:45 z1=2661,S,159.654,159.726,2026.06.01 18:15,1,2026.06.01 18:20,159.657,159.630"
2233,JUNE0525-B157,1617DC1ACCE6B50ED2D1359582A70A8B8503C569623EE90C18C6B33542796207,Tester/logs/20261010.log,3019839,2026-06-01,18:50,B152PR,"QG	0	18:16:55.754	Core 04	2026.06.01 18:50:07   [SRJ-IND] B152PR sym=USDJPY bar=2026.06.01 18:45 bull=1 bear=1 nz=18"
2234,JUNE0525-B157,1617DC1ACCE6B50ED2D1359582A70A8B8503C569623EE90C18C6B33542796207,Tester/logs/20261010.log,3019848,2026-06-01,18:55,B152PR,"PH	0	18:16:55.754	Core 04	2026.06.01 18:55:00   [SRJ-IND] B152PR sym=USDJPY bar=2026.06.01 18:50 z1=65,B,156.672,156.773,2026.05.11 04:10,1,2026.05.12 08:55,157.714,156.726"
2235,JUNE0525-B157,1617DC1ACCE6B50ED2D1359582A70A8B8503C569623EE90C18C6B33542796207,Tester/logs/20261010.log,3019849,2026-06-01,18:55,B152PR,"HN	0	18:16:55.754	Core 04	2026.06.01 18:55:00   [SRJ-IND] B152PR sym=USDJPY bar=2026.06.01 18:50 z1=78,B,156.578,156.584,2026.05.11 00:35,1,2026.05.11 00:40,156.644,156.537"
2236,JUNE0525-B157,1617DC1ACCE6B50ED2D1359582A70A8B8503C569623EE90C18C6B33542796207,Tester/logs/20261010.log,3019850,2026-06-01,18:55,B152PR,"RG	0	18:16:55.754	Core 04	2026.06.01 18:55:00   [SRJ-IND] B152PR sym=USDJPY bar=2026.06.01 18:50 z1=212,B,157.028,157.060,2026.05.11 19:20,1,2026.05.12 00:00,157.152,157.050"
2237,JUNE0525-B157,1617DC1ACCE6B50ED2D1359582A70A8B8503C569623EE90C18C6B33542796207,Tester/logs/20261010.log,3019851,2026-06-01,18:55,B152PR,"FH	0	18:16:55.754	Core 04	2026.06.01 18:55:00   [SRJ-IND] B152PR sym=USDJPY bar=2026.06.01 18:50 z1=256,B,157.172,157.178,2026.05.12 01:25,1,2026.05.12 08:55,157.714,156.726"
2238,JUNE0525-B157,1617DC1ACCE6B50ED2D1359582A70A8B8503C569623EE90C18C6B33542796207,Tester/logs/20261010.log,3019852,2026-06-01,18:55,B152PR,"PR	0	18:16:55.754	Core 04	2026.06.01 18:55:00   [SRJ-IND] B152PR sym=USDJPY bar=2026.06.01 18:50 z1=261,B,157.184,157.192,2026.05.12 03:00,1,2026.05.12 08:55,157.714,156.726"
2239,JUNE0525-B157,1617DC1ACCE6B50ED2D1359582A70A8B8503C569623EE90C18C6B33542796207,Tester/logs/20261010.log,3019853,2026-06-01,18:55,B152PR,"HD	0	18:16:55.754	Core 04	2026.06.01 18:55:00   [SRJ-IND] B152PR sym=USDJPY bar=2026.06.01 18:50 z1=313,B,157.331,157.497,2026.05.12 10:00,1,2026.05.12 10:10,157.546,157.487"
2240,JUNE0525-B157,1617DC1ACCE6B50ED2D1359582A70A8B8503C569623EE90C18C6B33542796207,Tester/logs/20261010.log,3019854,2026-06-01,18:55,B152PR,"QN	0	18:16:55.754	Core 04	2026.06.01 18:55:00   [SRJ-IND] B152PR sym=USDJPY bar=2026.06.01 18:50 z1=414,B,157.517,157.589,2026.05.13 01:10,1,2026.05.13 01:20,157.607,157.587"
2241,JUNE0525-B157,1617DC1ACCE6B50ED2D1359582A70A8B8503C569623EE90C18C6B33542796207,Tester/logs/20261010.log,3019855,2026-06-01,18:55,B152PR,"RP	0	18:16:55.754	Core 04	2026.06.01 18:55:00   [SRJ-IND] B152PR sym=USDJPY bar=2026.06.01 18:50 z1=447,B,157.562,157.648,2026.05.13 06:20,1,2026.05.13 06:25,157.662,157.648"
2242,JUNE0525-B157,1617DC1ACCE6B50ED2D1359582A70A8B8503C569623EE90C18C6B33542796207,Tester/logs/20261010.log,3019856,2026-06-01,18:55,B152PR,"MJ	0	18:16:55.754	Core 04	2026.06.01 18:55:00   [SRJ-IND] B152PR sym=USDJPY bar=2026.06.01 18:50 z1=449,B,157.599,157.654,2026.05.13 05:15,1,2026.05.13 05:45,157.687,157.652"
2243,JUNE0525-B157,1617DC1ACCE6B50ED2D1359582A70A8B8503C569623EE90C18C6B33542796207,Tester/logs/20261010.log,3019857,2026-06-01,18:55,B152PR,"HL	0	18:16:55.754	Core 04	2026.06.01 18:55:00   [SRJ-IND] B152PR sym=USDJPY bar=2026.06.01 18:50 z1=460,B,157.645,157.660,2026.05.13 07:05,1,2026.05.14 00:25,157.812,157.650"
2244,JUNE0525-B157,1617DC1ACCE6B50ED2D1359582A70A8B8503C569623EE90C18C6B33542796207,Tester/logs/20261010.log,3019858,2026-06-01,18:55,B152PR,"DF	0	18:16:55.754	Core 04	2026.06.01 18:55:00   [SRJ-IND] B152PR sym=USDJPY bar=2026.06.01 18:50 z1=696,B,157.568,158.167,2026.05.14 18:05,1,2026.05.14 18:10,158.191,158.119"
2245,JUNE0525-B157,1617DC1ACCE6B50ED2D1359582A70A8B8503C569623EE90C18C6B33542796207,Tester/logs/20261010.log,3019859,2026-06-01,18:55,B152PR,"HK	0	18:16:55.754	Core 04	2026.06.01 18:55:00   [SRJ-IND] B152PR sym=USDJPY bar=2026.06.01 18:50 z1=714,B,158.107,158.142,2026.05.14 19:30,1,2026.05.14 20:00,158.169,158.142"
2246,JUNE0525-B157,1617DC1ACCE6B50ED2D1359582A70A8B8503C569623EE90C18C6B33542796207,Tester/logs/20261010.log,3019860,2026-06-01,18:55,B152PR,"IN	0	18:16:55.754	Core 04	2026.06.01 18:55:00   [SRJ-IND] B152PR sym=USDJPY bar=2026.06.01 18:50 z1=1405,B,158.735,158.769,2026.05.20 19:00,1,2026.05.20 19:05,158.816,158.753"
2247,JUNE0525-B157,1617DC1ACCE6B50ED2D1359582A70A8B8503C569623EE90C18C6B33542796207,Tester/logs/20261010.log,3019861,2026-06-01,18:55,B152PR,"KD	0	18:16:55.754	Core 04	2026.06.01 18:55:00   [SRJ-IND] B152PR sym=USDJPY bar=2026.06.01 18:50 z1=1779,B,158.756,158.800,2026.05.25 06:45,1,2026.05.26 00:00,158.887,158.784"
2248,JUNE0525-B157,1617DC1ACCE6B50ED2D1359582A70A8B8503C569623EE90C18C6B33542796207,Tester/logs/20261010.log,3019862,2026-06-01,18:55,B152PR,"RJ	0	18:16:55.754	Core 04	2026.06.01 18:55:00   [SRJ-IND] B152PR sym=USDJPY bar=2026.06.01 18:50 z1=1780,B,158.789,158.814,2026.05.25 04:50,1,2026.05.26 00:00,158.887,158.784"
2249,JUNE0525-B157,1617DC1ACCE6B50ED2D1359582A70A8B8503C569623EE90C18C6B33542796207,Tester/logs/20261010.log,3019863,2026-06-01,18:55,B152PR,"GP	0	18:16:55.754	Core 04	2026.06.01 18:55:00   [SRJ-IND] B152PR sym=USDJPY bar=2026.06.01 18:50 z1=1949,B,158.916,158.934,2026.05.26 07:25,1,2026.05.26 07:30,158.942,158.934"
2250,JUNE0525-B157,1617DC1ACCE6B50ED2D1359582A70A8B8503C569623EE90C18C6B33542796207,Tester/logs/20261010.log,3019864,2026-06-01,18:55,B152PR,"RF	0	18:16:55.754	Core 04	2026.06.01 18:55:00   [SRJ-IND] B152PR sym=USDJPY bar=2026.06.01 18:50 z1=2509,B,159.134,159.195,2026.05.29 19:10,1,2026.05.29 19:35,159.215,159.186"
2251,JUNE0525-B157,1617DC1ACCE6B50ED2D1359582A70A8B8503C569623EE90C18C6B33542796207,Tester/logs/20261010.log,3019865,2026-06-01,18:55,B152PR,"HM	0	18:16:55.754	Core 04	2026.06.01 18:55:00   [SRJ-IND] B152PR sym=USDJPY bar=2026.06.01 18:50 z1=2661,S,159.654,159.726,2026.06.01 18:15,1,2026.06.01 18:20,159.657,159.630"
2252,JUNE0525-B157,1617DC1ACCE6B50ED2D1359582A70A8B8503C569623EE90C18C6B33542796207,Tester/logs/20261010.log,3019866,2026-06-01,18:55,B152PR,"EP	0	18:16:55.754	Core 04	2026.06.01 18:55:00   [SRJ-IND] B152PR sym=USDJPY bar=2026.06.01 18:50 bull=1 bear=1 nz=18"
2253,JUNE0525-B157,1617DC1ACCE6B50ED2D1359582A70A8B8503C569623EE90C18C6B33542796207,Tester/logs/20261010.log,3019873,2026-06-01,19:00,B152PR,"LR	0	18:16:55.754	Core 04	2026.06.01 19:00:00   [SRJ-IND] B152PR sym=USDJPY bar=2026.06.01 18:55 z1=65,B,156.672,156.773,2026.05.11 04:10,1,2026.05.12 08:55,157.714,156.726"
2254,JUNE0525-B157,1617DC1ACCE6B50ED2D1359582A70A8B8503C569623EE90C18C6B33542796207,Tester/logs/20261010.log,3019874,2026-06-01,19:00,B152PR,"DH	0	18:16:55.754	Core 04	2026.06.01 19:00:00   [SRJ-IND] B152PR sym=USDJPY bar=2026.06.01 18:55 z1=78,B,156.578,156.584,2026.05.11 00:35,1,2026.05.11 00:40,156.644,156.537"
2255,JUNE0525-B157,1617DC1ACCE6B50ED2D1359582A70A8B8503C569623EE90C18C6B33542796207,Tester/logs/20261010.log,3019875,2026-06-01,19:00,B152PR,"NM	0	18:16:55.754	Core 04	2026.06.01 19:00:00   [SRJ-IND] B152PR sym=USDJPY bar=2026.06.01 18:55 z1=212,B,157.028,157.060,2026.05.11 19:20,1,2026.05.12 00:00,157.152,157.050"
2256,JUNE0525-B157,1617DC1ACCE6B50ED2D1359582A70A8B8503C569623EE90C18C6B33542796207,Tester/logs/20261010.log,3019876,2026-06-01,19:00,B152PR,"JF	0	18:16:55.754	Core 04	2026.06.01 19:00:00   [SRJ-IND] B152PR sym=USDJPY bar=2026.06.01 18:55 z1=256,B,157.172,157.178,2026.05.12 01:25,1,2026.05.12 08:55,157.714,156.726"
2257,JUNE0525-B157,1617DC1ACCE6B50ED2D1359582A70A8B8503C569623EE90C18C6B33542796207,Tester/logs/20261010.log,3019877,2026-06-01,19:00,B152PR,"LH	0	18:16:55.754	Core 04	2026.06.01 19:00:00   [SRJ-IND] B152PR sym=USDJPY bar=2026.06.01 18:55 z1=261,B,157.184,157.192,2026.05.12 03:00,1,2026.05.12 08:55,157.714,156.726"
2258,JUNE0525-B157,1617DC1ACCE6B50ED2D1359582A70A8B8503C569623EE90C18C6B33542796207,Tester/logs/20261010.log,3019878,2026-06-01,19:00,B152PR,"DR	0	18:16:55.754	Core 04	2026.06.01 19:00:00   [SRJ-IND] B152PR sym=USDJPY bar=2026.06.01 18:55 z1=313,B,157.331,157.497,2026.05.12 10:00,1,2026.05.12 10:10,157.546,157.487"
2259,JUNE0525-B157,1617DC1ACCE6B50ED2D1359582A70A8B8503C569623EE90C18C6B33542796207,Tester/logs/20261010.log,3019879,2026-06-01,19:00,B152PR,"MD	0	18:16:55.754	Core 04	2026.06.01 19:00:00   [SRJ-IND] B152PR sym=USDJPY bar=2026.06.01 18:55 z1=414,B,157.517,157.589,2026.05.13 01:10,1,2026.05.13 01:20,157.607,157.587"
2260,JUNE0525-B157,1617DC1ACCE6B50ED2D1359582A70A8B8503C569623EE90C18C6B33542796207,Tester/logs/20261010.log,3019880,2026-06-01,19:00,B152PR,"NN	0	18:16:55.754	Core 04	2026.06.01 19:00:00   [SRJ-IND] B152PR sym=USDJPY bar=2026.06.01 18:55 z1=447,B,157.562,157.648,2026.05.13 06:20,1,2026.05.13 06:25,157.662,157.648"
2261,JUNE0525-B157,1617DC1ACCE6B50ED2D1359582A70A8B8503C569623EE90C18C6B33542796207,Tester/logs/20261010.log,3019881,2026-06-01,19:00,B152PR,"QP	0	18:16:55.754	Core 04	2026.06.01 19:00:00   [SRJ-IND] B152PR sym=USDJPY bar=2026.06.01 18:55 z1=449,B,157.599,157.654,2026.05.13 05:15,1,2026.05.13 05:45,157.687,157.652"
2262,JUNE0525-B157,1617DC1ACCE6B50ED2D1359582A70A8B8503C569623EE90C18C6B33542796207,Tester/logs/20261010.log,3019882,2026-06-01,19:00,B152PR,"DJ	0	18:16:55.754	Core 04	2026.06.01 19:00:00   [SRJ-IND] B152PR sym=USDJPY bar=2026.06.01 18:55 z1=460,B,157.645,157.660,2026.05.13 07:05,1,2026.05.14 00:25,157.812,157.650"
2263,JUNE0525-B157,1617DC1ACCE6B50ED2D1359582A70A8B8503C569623EE90C18C6B33542796207,Tester/logs/20261010.log,3019883,2026-06-01,19:00,B152PR,"HL	0	18:16:55.754	Core 04	2026.06.01 19:00:00   [SRJ-IND] B152PR sym=USDJPY bar=2026.06.01 18:55 z1=696,B,157.568,158.167,2026.05.14 18:05,1,2026.05.14 18:10,158.191,158.119"
2264,JUNE0525-B157,1617DC1ACCE6B50ED2D1359582A70A8B8503C569623EE90C18C6B33542796207,Tester/logs/20261010.log,3019884,2026-06-01,19:00,B152PR,"DQ	0	18:16:55.754	Core 04	2026.06.01 19:00:00   [SRJ-IND] B152PR sym=USDJPY bar=2026.06.01 18:55 z1=714,B,158.107,158.142,2026.05.14 19:30,1,2026.05.14 20:00,158.169,158.142"
2265,JUNE0525-B157,1617DC1ACCE6B50ED2D1359582A70A8B8503C569623EE90C18C6B33542796207,Tester/logs/20261010.log,3019885,2026-06-01,19:00,B152PR,"EH	0	18:16:55.754	Core 04	2026.06.01 19:00:00   [SRJ-IND] B152PR sym=USDJPY bar=2026.06.01 18:55 z1=1405,B,158.735,158.769,2026.05.20 19:00,1,2026.05.20 19:05,158.816,158.753"
2266,JUNE0525-B157,1617DC1ACCE6B50ED2D1359582A70A8B8503C569623EE90C18C6B33542796207,Tester/logs/20261010.log,3019886,2026-06-01,19:00,B152PR,"ON	0	18:16:55.754	Core 04	2026.06.01 19:00:00   [SRJ-IND] B152PR sym=USDJPY bar=2026.06.01 18:55 z1=1779,B,158.756,158.800,2026.05.25 06:45,1,2026.05.26 00:00,158.887,158.784"
2267,JUNE0525-B157,1617DC1ACCE6B50ED2D1359582A70A8B8503C569623EE90C18C6B33542796207,Tester/logs/20261010.log,3019887,2026-06-01,19:00,B152PR,"ND	0	18:16:55.754	Core 04	2026.06.01 19:00:00   [SRJ-IND] B152PR sym=USDJPY bar=2026.06.01 18:55 z1=1780,B,158.789,158.814,2026.05.25 04:50,1,2026.05.26 00:00,158.887,158.784"
2268,JUNE0525-B157,1617DC1ACCE6B50ED2D1359582A70A8B8503C569623EE90C18C6B33542796207,Tester/logs/20261010.log,3019888,2026-06-01,19:00,B152PR,"CJ	0	18:16:55.754	Core 04	2026.06.01 19:00:00   [SRJ-IND] B152PR sym=USDJPY bar=2026.06.01 18:55 z1=1949,B,158.916,158.934,2026.05.26 07:25,1,2026.05.26 07:30,158.942,158.934"
2269,JUNE0525-B157,1617DC1ACCE6B50ED2D1359582A70A8B8503C569623EE90C18C6B33542796207,Tester/logs/20261010.log,3019889,2026-06-01,19:00,B152PR,"NP	0	18:16:55.754	Core 04	2026.06.01 19:00:00   [SRJ-IND] B152PR sym=USDJPY bar=2026.06.01 18:55 z1=2509,B,159.134,159.195,2026.05.29 19:10,1,2026.05.29 19:35,159.215,159.186"
2270,JUNE0525-B157,1617DC1ACCE6B50ED2D1359582A70A8B8503C569623EE90C18C6B33542796207,Tester/logs/20261010.log,3019890,2026-06-01,19:00,B152PR,"DG	0	18:16:55.754	Core 04	2026.06.01 19:00:00   [SRJ-IND] B152PR sym=USDJPY bar=2026.06.01 18:55 z1=2661,S,159.654,159.726,2026.06.01 18:15,1,2026.06.01 18:20,159.657,159.630"
2271,JUNE0525-B157,1617DC1ACCE6B50ED2D1359582A70A8B8503C569623EE90C18C6B33542796207,Tester/logs/20261010.log,3019891,2026-06-01,19:00,B152PR,"IN	0	18:16:55.754	Core 04	2026.06.01 19:00:00   [SRJ-IND] B152PR sym=USDJPY bar=2026.06.01 18:55 bull=1 bear=1 nz=18"
