pack_line,run,ea_sha,journal_file,journal_line,server_date,server_time,tag,raw
1,RECON62-B160,1617DC1ACCE6B50ED2D1359582A70A8B8503C569623EE90C18C6B33542796207,Tester/logs/20261010.log,5936837,2026-09-03,09:00,B152PR,"QN	0	21:33:07.350	Core 04	2026.09.03 09:00:00   [SRJ-IND] B152PR sym=EURUSD bar=2026.09.03 08:55 z1=305,B,1.15201,1.15225,2026.08.13 10:45,1,2026.08.13 11:00,1.15264,1.15225"
2,RECON62-B160,1617DC1ACCE6B50ED2D1359582A70A8B8503C569623EE90C18C6B33542796207,Tester/logs/20261010.log,5936838,2026-09-03,09:00,B152PR,"MP	0	21:33:07.350	Core 04	2026.09.03 09:00:00   [SRJ-IND] B152PR sym=EURUSD bar=2026.09.03 08:55 z1=405,B,1.15248,1.15263,2026.08.14 00:25,1,2026.08.14 00:50,1.15276,1.15259"
3,RECON62-B160,1617DC1ACCE6B50ED2D1359582A70A8B8503C569623EE90C18C6B33542796207,Tester/logs/20261010.log,5936839,2026-09-03,09:00,B152PR,"HJ	0	21:33:07.350	Core 04	2026.09.03 09:00:00   [SRJ-IND] B152PR sym=EURUSD bar=2026.09.03 08:55 z1=435,B,1.15357,1.15373,2026.08.14 06:30,1,2026.08.14 06:35,1.15382,1.15367"
4,RECON62-B160,1617DC1ACCE6B50ED2D1359582A70A8B8503C569623EE90C18C6B33542796207,Tester/logs/20261010.log,5936840,2026-09-03,09:00,B152PR,"JL	0	21:33:07.350	Core 04	2026.09.03 09:00:00   [SRJ-IND] B152PR sym=EURUSD bar=2026.09.03 08:55 z1=484,B,1.15504,1.15532,2026.08.14 11:45,1,2026.08.14 11:50,1.15549,1.15520"
5,RECON62-B160,1617DC1ACCE6B50ED2D1359582A70A8B8503C569623EE90C18C6B33542796207,Tester/logs/20261010.log,5936841,2026-09-03,09:00,B152PR,"JD	0	21:33:07.350	Core 04	2026.09.03 09:00:00   [SRJ-IND] B152PR sym=EURUSD bar=2026.09.03 08:55 z1=1389,S,1.17072,1.17107,2026.08.21 13:55,1,2026.08.21 14:20,1.17098,1.17032"
6,RECON62-B160,1617DC1ACCE6B50ED2D1359582A70A8B8503C569623EE90C18C6B33542796207,Tester/logs/20261010.log,5936842,2026-09-03,09:00,B152PR,"CJ	0	21:33:07.350	Core 04	2026.09.03 09:00:00   [SRJ-IND] B152PR sym=EURUSD bar=2026.09.03 08:55 z1=1481,S,1.16836,1.16871,2026.08.24 04:10,1,2026.08.24 05:10,1.16841,1.16818"
7,RECON62-B160,1617DC1ACCE6B50ED2D1359582A70A8B8503C569623EE90C18C6B33542796207,Tester/logs/20261010.log,5936843,2026-09-03,09:00,B152PR,"NP	0	21:33:07.350	Core 04	2026.09.03 09:00:00   [SRJ-IND] B152PR sym=EURUSD bar=2026.09.03 08:55 z1=1484,S,1.16822,1.16855,2026.08.24 04:20,1,2026.08.24 05:00,1.16831,1.16810"
8,RECON62-B160,1617DC1ACCE6B50ED2D1359582A70A8B8503C569623EE90C18C6B33542796207,Tester/logs/20261010.log,5936844,2026-09-03,09:00,B152PR,"DF	0	21:33:07.350	Core 04	2026.09.03 09:00:00   [SRJ-IND] B152PR sym=EURUSD bar=2026.09.03 08:55 z1=1516,S,1.16800,1.16817,2026.08.24 08:45,1,2026.08.24 08:55,1.16812,1.16783"
9,RECON62-B160,1617DC1ACCE6B50ED2D1359582A70A8B8503C569623EE90C18C6B33542796207,Tester/logs/20261010.log,5936845,2026-09-03,09:00,B152PR,"DL	0	21:33:07.350	Core 04	2026.09.03 09:00:00   [SRJ-IND] B152PR sym=EURUSD bar=2026.09.03 08:55 z1=1704,S,1.16580,1.16647,2026.08.26 16:00,1,2026.08.26 16:30,1.16587,1.16541"
10,RECON62-B160,1617DC1ACCE6B50ED2D1359582A70A8B8503C569623EE90C18C6B33542796207,Tester/logs/20261010.log,5936846,2026-09-03,09:00,B152PR,"GR	0	21:33:07.350	Core 04	2026.09.03 09:00:00   [SRJ-IND] B152PR sym=EURUSD bar=2026.09.03 08:55 z1=1728,S,1.16596,1.16624,2026.08.26 16:00,1,2026.08.27 16:25,1.16598,1.16561"
11,RECON62-B160,1617DC1ACCE6B50ED2D1359582A70A8B8503C569623EE90C18C6B33542796207,Tester/logs/20261010.log,5936847,2026-09-03,09:00,B152PR,"KH	0	21:33:07.350	Core 04	2026.09.03 09:00:00   [SRJ-IND] B152PR sym=EURUSD bar=2026.09.03 08:55 z1=1784,S,1.16754,1.16787,2026.08.25 23:40,1,2026.08.25 23:50,1.16758,1.16746"
12,RECON62-B160,1617DC1ACCE6B50ED2D1359582A70A8B8503C569623EE90C18C6B33542796207,Tester/logs/20261010.log,5936848,2026-09-03,09:00,B152PR,"ON	0	21:33:07.350	Core 04	2026.09.03 09:00:00   [SRJ-IND] B152PR sym=EURUSD bar=2026.09.03 08:55 z1=1866,S,1.16723,1.16738,2026.08.26 12:00,1,2026.08.26 15:10,1.16732,1.16692"
13,RECON62-B160,1617DC1ACCE6B50ED2D1359582A70A8B8503C569623EE90C18C6B33542796207,Tester/logs/20261010.log,5936849,2026-09-03,09:00,B152PR,"GD	0	21:33:07.350	Core 04	2026.09.03 09:00:00   [SRJ-IND] B152PR sym=EURUSD bar=2026.09.03 08:55 z1=2109,S,1.16505,1.16537,2026.08.28 05:05,1,2026.08.28 05:55,1.16507,1.16497"
14,RECON62-B160,1617DC1ACCE6B50ED2D1359582A70A8B8503C569623EE90C18C6B33542796207,Tester/logs/20261010.log,5936850,2026-09-03,09:00,B152PR,"PJ	0	21:33:07.350	Core 04	2026.09.03 09:00:00   [SRJ-IND] B152PR sym=EURUSD bar=2026.09.03 08:55 z1=2149,S,1.16492,1.16507,2026.08.28 06:40,1,2026.08.28 14:00,1.16494,1.16471"
15,RECON62-B160,1617DC1ACCE6B50ED2D1359582A70A8B8503C569623EE90C18C6B33542796207,Tester/logs/20261010.log,5936851,2026-09-03,09:00,B152PR,"FP	0	21:33:07.350	Core 04	2026.09.03 09:00:00   [SRJ-IND] B152PR sym=EURUSD bar=2026.09.03 08:55 z1=2470,S,1.16100,1.16129,2026.09.01 08:20,1,2026.09.01 08:45,1.16100,1.16081"
16,RECON62-B160,1617DC1ACCE6B50ED2D1359582A70A8B8503C569623EE90C18C6B33542796207,Tester/logs/20261010.log,5936852,2026-09-03,09:00,B152PR,"RF	0	21:33:07.350	Core 04	2026.09.03 09:00:00   [SRJ-IND] B152PR sym=EURUSD bar=2026.09.03 08:55 z1=2494,S,1.16073,1.16096,2026.09.01 10:20,1,2026.09.01 17:10,1.16081,1.16044"
17,RECON62-B160,1617DC1ACCE6B50ED2D1359582A70A8B8503C569623EE90C18C6B33542796207,Tester/logs/20261010.log,5936853,2026-09-03,09:00,B152PR,"FL	0	21:33:07.350	Core 04	2026.09.03 09:00:00   [SRJ-IND] B152PR sym=EURUSD bar=2026.09.03 08:55 z1=2495,S,1.16081,1.16100,2026.09.01 09:15,1,2026.09.01 17:10,1.16081,1.16044"
18,RECON62-B160,1617DC1ACCE6B50ED2D1359582A70A8B8503C569623EE90C18C6B33542796207,Tester/logs/20261010.log,5936854,2026-09-03,09:00,B152PR,"LS	0	21:33:07.350	Core 04	2026.09.03 09:00:00   [SRJ-IND] B152PR sym=EURUSD bar=2026.09.03 08:55 z1=2792,B,1.15906,1.15944,2026.09.03 06:15,1,2026.09.03 06:20,1.15956,1.15943"
19,RECON62-B160,1617DC1ACCE6B50ED2D1359582A70A8B8503C569623EE90C18C6B33542796207,Tester/logs/20261010.log,5936855,2026-09-03,09:00,B152PR,"HK	0	21:33:07.350	Core 04	2026.09.03 09:00:00   [SRJ-IND] B152PR sym=EURUSD bar=2026.09.03 08:55 bull=1 bear=1 nz=18"
20,RECON62-B160,1617DC1ACCE6B50ED2D1359582A70A8B8503C569623EE90C18C6B33542796207,Tester/logs/20261010.log,5936860,2026-09-03,09:00,CQDRECHECK,"MK	0	21:33:07.350	Core 04	2026.09.03 09:00:00   [SRJ-EA] CQDRECHECK shift=2 passA=2.0 passB=2.0 diff=0 bar=2026.09.03 08:50 state=IDLE dir=NONE divLatch=0 hit1=0 hit2=496 mism=0"
21,RECON62-B160,1617DC1ACCE6B50ED2D1359582A70A8B8503C569623EE90C18C6B33542796207,Tester/logs/20261010.log,5936865,2026-09-03,09:05,B152PR,"IL	0	21:33:07.350	Core 04	2026.09.03 09:05:00   [SRJ-IND] B152PR sym=EURUSD bar=2026.09.03 09:00 z1=305,B,1.15201,1.15225,2026.08.13 10:45,1,2026.08.13 11:00,1.15264,1.15225"
22,RECON62-B160,1617DC1ACCE6B50ED2D1359582A70A8B8503C569623EE90C18C6B33542796207,Tester/logs/20261010.log,5936866,2026-09-03,09:05,B152PR,"MQ	0	21:33:07.350	Core 04	2026.09.03 09:05:00   [SRJ-IND] B152PR sym=EURUSD bar=2026.09.03 09:00 z1=405,B,1.15248,1.15263,2026.08.14 00:25,1,2026.08.14 00:50,1.15276,1.15259"
23,RECON62-B160,1617DC1ACCE6B50ED2D1359582A70A8B8503C569623EE90C18C6B33542796207,Tester/logs/20261010.log,5936867,2026-09-03,09:05,B152PR,"HK	0	21:33:07.350	Core 04	2026.09.03 09:05:00   [SRJ-IND] B152PR sym=EURUSD bar=2026.09.03 09:00 z1=435,B,1.15357,1.15373,2026.08.14 06:30,1,2026.08.14 06:35,1.15382,1.15367"
24,RECON62-B160,1617DC1ACCE6B50ED2D1359582A70A8B8503C569623EE90C18C6B33542796207,Tester/logs/20261010.log,5936868,2026-09-03,09:05,B152PR,"RM	0	21:33:07.350	Core 04	2026.09.03 09:05:00   [SRJ-IND] B152PR sym=EURUSD bar=2026.09.03 09:00 z1=484,B,1.15504,1.15532,2026.08.14 11:45,1,2026.08.14 11:50,1.15549,1.15520"
25,RECON62-B160,1617DC1ACCE6B50ED2D1359582A70A8B8503C569623EE90C18C6B33542796207,Tester/logs/20261010.log,5936869,2026-09-03,09:05,B152PR,"RE	0	21:33:07.350	Core 04	2026.09.03 09:05:00   [SRJ-IND] B152PR sym=EURUSD bar=2026.09.03 09:00 z1=1389,S,1.17072,1.17107,2026.08.21 13:55,1,2026.08.21 14:20,1.17098,1.17032"
26,RECON62-B160,1617DC1ACCE6B50ED2D1359582A70A8B8503C569623EE90C18C6B33542796207,Tester/logs/20261010.log,5936870,2026-09-03,09:05,B152PR,"KK	0	21:33:07.350	Core 04	2026.09.03 09:05:00   [SRJ-IND] B152PR sym=EURUSD bar=2026.09.03 09:00 z1=1481,S,1.16836,1.16871,2026.08.24 04:10,1,2026.08.24 05:10,1.16841,1.16818"
27,RECON62-B160,1617DC1ACCE6B50ED2D1359582A70A8B8503C569623EE90C18C6B33542796207,Tester/logs/20261010.log,5936871,2026-09-03,09:05,B152PR,"FQ	0	21:33:07.350	Core 04	2026.09.03 09:05:00   [SRJ-IND] B152PR sym=EURUSD bar=2026.09.03 09:00 z1=1484,S,1.16822,1.16855,2026.08.24 04:20,1,2026.08.24 05:00,1.16831,1.16810"
28,RECON62-B160,1617DC1ACCE6B50ED2D1359582A70A8B8503C569623EE90C18C6B33542796207,Tester/logs/20261010.log,5936872,2026-09-03,09:05,B152PR,"LG	0	21:33:07.350	Core 04	2026.09.03 09:05:00   [SRJ-IND] B152PR sym=EURUSD bar=2026.09.03 09:00 z1=1516,S,1.16800,1.16817,2026.08.24 08:45,1,2026.08.24 08:55,1.16812,1.16783"
29,RECON62-B160,1617DC1ACCE6B50ED2D1359582A70A8B8503C569623EE90C18C6B33542796207,Tester/logs/20261010.log,5936873,2026-09-03,09:05,B152PR,"LM	0	21:33:07.350	Core 04	2026.09.03 09:05:00   [SRJ-IND] B152PR sym=EURUSD bar=2026.09.03 09:00 z1=1704,S,1.16580,1.16647,2026.08.26 16:00,1,2026.08.26 16:30,1.16587,1.16541"
30,RECON62-B160,1617DC1ACCE6B50ED2D1359582A70A8B8503C569623EE90C18C6B33542796207,Tester/logs/20261010.log,5936874,2026-09-03,09:05,B152PR,"OS	0	21:33:07.350	Core 04	2026.09.03 09:05:00   [SRJ-IND] B152PR sym=EURUSD bar=2026.09.03 09:00 z1=1728,S,1.16596,1.16624,2026.08.26 16:00,1,2026.08.27 16:25,1.16598,1.16561"
31,RECON62-B160,1617DC1ACCE6B50ED2D1359582A70A8B8503C569623EE90C18C6B33542796207,Tester/logs/20261010.log,5936875,2026-09-03,09:05,B152PR,"CI	0	21:33:07.350	Core 04	2026.09.03 09:05:00   [SRJ-IND] B152PR sym=EURUSD bar=2026.09.03 09:00 z1=1784,S,1.16754,1.16787,2026.08.25 23:40,1,2026.08.25 23:50,1.16758,1.16746"
32,RECON62-B160,1617DC1ACCE6B50ED2D1359582A70A8B8503C569623EE90C18C6B33542796207,Tester/logs/20261010.log,5936876,2026-09-03,09:05,B152PR,"GO	0	21:33:07.350	Core 04	2026.09.03 09:05:00   [SRJ-IND] B152PR sym=EURUSD bar=2026.09.03 09:00 z1=1866,S,1.16723,1.16738,2026.08.26 12:00,1,2026.08.26 15:10,1.16732,1.16692"
33,RECON62-B160,1617DC1ACCE6B50ED2D1359582A70A8B8503C569623EE90C18C6B33542796207,Tester/logs/20261010.log,5936877,2026-09-03,09:05,B152PR,"OE	0	21:33:07.350	Core 04	2026.09.03 09:05:00   [SRJ-IND] B152PR sym=EURUSD bar=2026.09.03 09:00 z1=2109,S,1.16505,1.16537,2026.08.28 05:05,1,2026.08.28 05:55,1.16507,1.16497"
34,RECON62-B160,1617DC1ACCE6B50ED2D1359582A70A8B8503C569623EE90C18C6B33542796207,Tester/logs/20261010.log,5936878,2026-09-03,09:05,B152PR,"HK	0	21:33:07.350	Core 04	2026.09.03 09:05:00   [SRJ-IND] B152PR sym=EURUSD bar=2026.09.03 09:00 z1=2149,S,1.16492,1.16507,2026.08.28 06:40,1,2026.08.28 14:00,1.16494,1.16471"
35,RECON62-B160,1617DC1ACCE6B50ED2D1359582A70A8B8503C569623EE90C18C6B33542796207,Tester/logs/20261010.log,5936879,2026-09-03,09:05,B152PR,"NQ	0	21:33:07.350	Core 04	2026.09.03 09:05:00   [SRJ-IND] B152PR sym=EURUSD bar=2026.09.03 09:00 z1=2470,S,1.16100,1.16129,2026.09.01 08:20,1,2026.09.01 08:45,1.16100,1.16081"
36,RECON62-B160,1617DC1ACCE6B50ED2D1359582A70A8B8503C569623EE90C18C6B33542796207,Tester/logs/20261010.log,5936880,2026-09-03,09:05,B152PR,"JG	0	21:33:07.350	Core 04	2026.09.03 09:05:00   [SRJ-IND] B152PR sym=EURUSD bar=2026.09.03 09:00 z1=2494,S,1.16073,1.16096,2026.09.01 10:20,1,2026.09.01 17:10,1.16081,1.16044"
37,RECON62-B160,1617DC1ACCE6B50ED2D1359582A70A8B8503C569623EE90C18C6B33542796207,Tester/logs/20261010.log,5936881,2026-09-03,09:05,B152PR,"NM	0	21:33:07.350	Core 04	2026.09.03 09:05:00   [SRJ-IND] B152PR sym=EURUSD bar=2026.09.03 09:00 z1=2495,S,1.16081,1.16100,2026.09.01 09:15,1,2026.09.01 17:10,1.16081,1.16044"
38,RECON62-B160,1617DC1ACCE6B50ED2D1359582A70A8B8503C569623EE90C18C6B33542796207,Tester/logs/20261010.log,5936882,2026-09-03,09:05,B152PR,"DR	0	21:33:07.350	Core 04	2026.09.03 09:05:00   [SRJ-IND] B152PR sym=EURUSD bar=2026.09.03 09:00 z1=2792,B,1.15906,1.15944,2026.09.03 06:15,1,2026.09.03 06:20,1.15956,1.15943"
39,RECON62-B160,1617DC1ACCE6B50ED2D1359582A70A8B8503C569623EE90C18C6B33542796207,Tester/logs/20261010.log,5936883,2026-09-03,09:05,B152PR,"PJ	0	21:33:07.350	Core 04	2026.09.03 09:05:00   [SRJ-IND] B152PR sym=EURUSD bar=2026.09.03 09:00 bull=1 bear=1 nz=18"
40,RECON62-B160,1617DC1ACCE6B50ED2D1359582A70A8B8503C569623EE90C18C6B33542796207,Tester/logs/20261010.log,5936890,2026-09-03,09:05,CONFIRMPOLL,"RK	0	21:33:07.350	Core 04	2026.09.03 09:05:00   [SRJ-EA] CONFIRMPOLL bar=2026.09.03 09:00 anchor=Yearly-POC dir=LONG oppCandle=0 bodyDir=0 body=11pts doji=0 touchAttr=1 confirm=0 shadow=true"
41,RECON62-B160,1617DC1ACCE6B50ED2D1359582A70A8B8503C569623EE90C18C6B33542796207,Tester/logs/20261010.log,5936892,2026-09-03,09:05,STATE,"IR	0	21:33:07.350	Core 04	2026.09.03 09:05:00   [SRJ-EA] 2026.09.03 09:05:00 STATE IDLE->S1_REGIME dir=LONG poi=Yearly-POC"
42,RECON62-B160,1617DC1ACCE6B50ED2D1359582A70A8B8503C569623EE90C18C6B33542796207,Tester/logs/20261010.log,5936893,2026-09-03,09:05,ANCHOR_ELECT,"JP	0	21:33:07.350	Core 04	2026.09.03 09:05:00   [SRJ-EA] ANCHOR_ELECT bar=2026.09.03 09:00 action=SEED poi=Yearly-POC rank=2 tier=1 dir=LONG"
43,RECON62-B160,1617DC1ACCE6B50ED2D1359582A70A8B8503C569623EE90C18C6B33542796207,Tester/logs/20261010.log,5936902,2026-09-03,09:05,STATE,"CM	0	21:33:07.350	Core 04	2026.09.03 09:05:00   [SRJ-EA] 2026.09.03 09:05:00 STATE S1_REGIME->S2_LTF_ALIGN dir=LONG poi=Yearly-POC"
44,RECON62-B160,1617DC1ACCE6B50ED2D1359582A70A8B8503C569623EE90C18C6B33542796207,Tester/logs/20261010.log,5936903,2026-09-03,09:05,STATE,"DQ	0	21:33:07.350	Core 04	2026.09.03 09:05:00   [SRJ-EA] 2026.09.03 09:05:00 STATE S2_LTF_ALIGN->S3_ZONE_WAIT dir=LONG poi=Yearly-POC"
45,RECON62-B160,1617DC1ACCE6B50ED2D1359582A70A8B8503C569623EE90C18C6B33542796207,Tester/logs/20261010.log,5936907,2026-09-03,09:05,XOBPROMO,"GG	0	21:33:07.350	Core 04	2026.09.03 09:05:00   [SRJ-EA] XOBPROMO bar=2026.09.03 09:00 site=S3PICK xobId=2793 raw=1788415800.0 promoT=2026.09.03 06:10"
46,RECON62-B160,1617DC1ACCE6B50ED2D1359582A70A8B8503C569623EE90C18C6B33542796207,Tester/logs/20261010.log,5936908,2026-09-03,09:05,ZONEPICK,"CJ	0	21:33:07.350	Core 04	2026.09.03 09:05:00   [SRJ-EA] ZONEPICK bar=2026.09.03 09:00 dir=LONG haveFvg=0 fvgInPlay=0 haveXob=1 xobInPlay=0 downgraded=0 fvg=--- xob=1.15907-1.15933"
47,RECON62-B160,1617DC1ACCE6B50ED2D1359582A70A8B8503C569623EE90C18C6B33542796207,Tester/logs/20261010.log,5936923,2026-09-03,09:05,INPLAYCOMMIT,"FF	0	21:33:07.350	Core 04	2026.09.03 09:05:00   [SRJ-EA] INPLAYCOMMIT bar=2026.09.03 09:00 dir=LONG zoneSrc=XOB zoneLo=1.15907 zoneHi=1.15933 promoT=2026.09.03 06:10 applied=1 bounded=1 scanned=37 swings=5 hits=1 firstShift=37 firstVal=1.15907 commitVia=SWING legacy=0 legacyVia=none committed=1 changed=1 haveStop=1"
48,RECON62-B160,1617DC1ACCE6B50ED2D1359582A70A8B8503C569623EE90C18C6B33542796207,Tester/logs/20261010.log,5936924,2026-09-03,09:05,STATE,"GM	0	21:33:07.350	Core 04	2026.09.03 09:05:00   [SRJ-EA] 2026.09.03 09:05:00 STATE S3_ZONE_WAIT->S4_ARMED dir=LONG poi=Yearly-POC"
49,RECON62-B160,1617DC1ACCE6B50ED2D1359582A70A8B8503C569623EE90C18C6B33542796207,Tester/logs/20261010.log,5936933,2026-09-03,09:10,B152PR,"RF	0	21:33:07.350	Core 04	2026.09.03 09:10:00   [SRJ-IND] B152PR sym=EURUSD bar=2026.09.03 09:05 z1=305,B,1.15201,1.15225,2026.08.13 10:45,1,2026.08.13 11:00,1.15264,1.15225"
50,RECON62-B160,1617DC1ACCE6B50ED2D1359582A70A8B8503C569623EE90C18C6B33542796207,Tester/logs/20261010.log,5936934,2026-09-03,09:10,B152PR,"FH	0	21:33:07.350	Core 04	2026.09.03 09:10:00   [SRJ-IND] B152PR sym=EURUSD bar=2026.09.03 09:05 z1=405,B,1.15248,1.15263,2026.08.14 00:25,1,2026.08.14 00:50,1.15276,1.15259"
51,RECON62-B160,1617DC1ACCE6B50ED2D1359582A70A8B8503C569623EE90C18C6B33542796207,Tester/logs/20261010.log,5936935,2026-09-03,09:10,B152PR,"OR	0	21:33:07.350	Core 04	2026.09.03 09:10:00   [SRJ-IND] B152PR sym=EURUSD bar=2026.09.03 09:05 z1=435,B,1.15357,1.15373,2026.08.14 06:30,1,2026.08.14 06:35,1.15382,1.15367"
52,RECON62-B160,1617DC1ACCE6B50ED2D1359582A70A8B8503C569623EE90C18C6B33542796207,Tester/logs/20261010.log,5936936,2026-09-03,09:10,B152PR,"ID	0	21:33:07.350	Core 04	2026.09.03 09:10:00   [SRJ-IND] B152PR sym=EURUSD bar=2026.09.03 09:05 z1=484,B,1.15504,1.15532,2026.08.14 11:45,1,2026.08.14 11:50,1.15549,1.15520"
53,RECON62-B160,1617DC1ACCE6B50ED2D1359582A70A8B8503C569623EE90C18C6B33542796207,Tester/logs/20261010.log,5936937,2026-09-03,09:10,B152PR,"IL	0	21:33:07.350	Core 04	2026.09.03 09:10:00   [SRJ-IND] B152PR sym=EURUSD bar=2026.09.03 09:05 z1=1389,S,1.17072,1.17107,2026.08.21 13:55,1,2026.08.21 14:20,1.17098,1.17032"
54,RECON62-B160,1617DC1ACCE6B50ED2D1359582A70A8B8503C569623EE90C18C6B33542796207,Tester/logs/20261010.log,5936938,2026-09-03,09:10,B152PR,"DR	0	21:33:07.350	Core 04	2026.09.03 09:10:00   [SRJ-IND] B152PR sym=EURUSD bar=2026.09.03 09:05 z1=1481,S,1.16836,1.16871,2026.08.24 04:10,1,2026.08.24 05:10,1.16841,1.16818"
55,RECON62-B160,1617DC1ACCE6B50ED2D1359582A70A8B8503C569623EE90C18C6B33542796207,Tester/logs/20261010.log,5936939,2026-09-03,09:10,B152PR,"MH	0	21:33:07.350	Core 04	2026.09.03 09:10:00   [SRJ-IND] B152PR sym=EURUSD bar=2026.09.03 09:05 z1=1484,S,1.16822,1.16855,2026.08.24 04:20,1,2026.08.24 05:00,1.16831,1.16810"
56,RECON62-B160,1617DC1ACCE6B50ED2D1359582A70A8B8503C569623EE90C18C6B33542796207,Tester/logs/20261010.log,5936940,2026-09-03,09:10,B152PR,"CN	0	21:33:07.350	Core 04	2026.09.03 09:10:00   [SRJ-IND] B152PR sym=EURUSD bar=2026.09.03 09:05 z1=1516,S,1.16800,1.16817,2026.08.24 08:45,1,2026.08.24 08:55,1.16812,1.16783"
57,RECON62-B160,1617DC1ACCE6B50ED2D1359582A70A8B8503C569623EE90C18C6B33542796207,Tester/logs/20261010.log,5936941,2026-09-03,09:10,B152PR,"CD	0	21:33:07.350	Core 04	2026.09.03 09:10:00   [SRJ-IND] B152PR sym=EURUSD bar=2026.09.03 09:05 z1=1704,S,1.16580,1.16647,2026.08.26 16:00,1,2026.08.26 16:30,1.16587,1.16541"
58,RECON62-B160,1617DC1ACCE6B50ED2D1359582A70A8B8503C569623EE90C18C6B33542796207,Tester/logs/20261010.log,5936942,2026-09-03,09:10,B152PR,"HJ	0	21:33:07.350	Core 04	2026.09.03 09:10:00   [SRJ-IND] B152PR sym=EURUSD bar=2026.09.03 09:05 z1=1728,S,1.16596,1.16624,2026.08.26 16:00,1,2026.08.27 16:25,1.16598,1.16561"
59,RECON62-B160,1617DC1ACCE6B50ED2D1359582A70A8B8503C569623EE90C18C6B33542796207,Tester/logs/20261010.log,5936943,2026-09-03,09:10,B152PR,"LP	0	21:33:07.350	Core 04	2026.09.03 09:10:00   [SRJ-IND] B152PR sym=EURUSD bar=2026.09.03 09:05 z1=1784,S,1.16754,1.16787,2026.08.25 23:40,1,2026.08.25 23:50,1.16758,1.16746"
60,RECON62-B160,1617DC1ACCE6B50ED2D1359582A70A8B8503C569623EE90C18C6B33542796207,Tester/logs/20261010.log,5936944,2026-09-03,09:10,B152PR,"PF	0	21:33:07.350	Core 04	2026.09.03 09:10:00   [SRJ-IND] B152PR sym=EURUSD bar=2026.09.03 09:05 z1=1866,S,1.16723,1.16738,2026.08.26 12:00,1,2026.08.26 15:10,1.16732,1.16692"
61,RECON62-B160,1617DC1ACCE6B50ED2D1359582A70A8B8503C569623EE90C18C6B33542796207,Tester/logs/20261010.log,5936945,2026-09-03,09:10,B152PR,"HL	0	21:33:07.350	Core 04	2026.09.03 09:10:00   [SRJ-IND] B152PR sym=EURUSD bar=2026.09.03 09:05 z1=2109,S,1.16505,1.16537,2026.08.28 05:05,1,2026.08.28 05:55,1.16507,1.16497"
62,RECON62-B160,1617DC1ACCE6B50ED2D1359582A70A8B8503C569623EE90C18C6B33542796207,Tester/logs/20261010.log,5936946,2026-09-03,09:10,B152PR,"OR	0	21:33:07.350	Core 04	2026.09.03 09:10:00   [SRJ-IND] B152PR sym=EURUSD bar=2026.09.03 09:05 z1=2149,S,1.16492,1.16507,2026.08.28 06:40,1,2026.08.28 14:00,1.16494,1.16471"
63,RECON62-B160,1617DC1ACCE6B50ED2D1359582A70A8B8503C569623EE90C18C6B33542796207,Tester/logs/20261010.log,5936947,2026-09-03,09:10,B152PR,"EH	0	21:33:07.350	Core 04	2026.09.03 09:10:00   [SRJ-IND] B152PR sym=EURUSD bar=2026.09.03 09:05 z1=2470,S,1.16100,1.16129,2026.09.01 08:20,1,2026.09.01 08:45,1.16100,1.16081"
64,RECON62-B160,1617DC1ACCE6B50ED2D1359582A70A8B8503C569623EE90C18C6B33542796207,Tester/logs/20261010.log,5936948,2026-09-03,09:10,B152PR,"QN	0	21:33:07.350	Core 04	2026.09.03 09:10:00   [SRJ-IND] B152PR sym=EURUSD bar=2026.09.03 09:05 z1=2494,S,1.16073,1.16096,2026.09.01 10:20,1,2026.09.01 17:10,1.16081,1.16044"
65,RECON62-B160,1617DC1ACCE6B50ED2D1359582A70A8B8503C569623EE90C18C6B33542796207,Tester/logs/20261010.log,5936949,2026-09-03,09:10,B152PR,"ED	0	21:33:07.350	Core 04	2026.09.03 09:10:00   [SRJ-IND] B152PR sym=EURUSD bar=2026.09.03 09:05 z1=2495,S,1.16081,1.16100,2026.09.01 09:15,1,2026.09.01 17:10,1.16081,1.16044"
66,RECON62-B160,1617DC1ACCE6B50ED2D1359582A70A8B8503C569623EE90C18C6B33542796207,Tester/logs/20261010.log,5936950,2026-09-03,09:10,B152PR,"KK	0	21:33:07.350	Core 04	2026.09.03 09:10:00   [SRJ-IND] B152PR sym=EURUSD bar=2026.09.03 09:05 z1=2792,B,1.15906,1.15944,2026.09.03 06:15,1,2026.09.03 06:20,1.15956,1.15943"
67,RECON62-B160,1617DC1ACCE6B50ED2D1359582A70A8B8503C569623EE90C18C6B33542796207,Tester/logs/20261010.log,5936951,2026-09-03,09:10,B152PR,"GS	0	21:33:07.350	Core 04	2026.09.03 09:10:00   [SRJ-IND] B152PR sym=EURUSD bar=2026.09.03 09:05 bull=1 bear=1 nz=18"
68,RECON62-B160,1617DC1ACCE6B50ED2D1359582A70A8B8503C569623EE90C18C6B33542796207,Tester/logs/20261010.log,5937090,2026-09-03,09:10,CONFIRMPOLL,"ME	0	21:33:07.350	Core 04	2026.09.03 09:10:00   [SRJ-EA] CONFIRMPOLL bar=2026.09.03 09:05 anchor=Yearly-POC dir=LONG oppCandle=1 bodyDir=0 body=9pts doji=0 touchAttr=1 confirm=0 shadow=true"
69,RECON62-B160,1617DC1ACCE6B50ED2D1359582A70A8B8503C569623EE90C18C6B33542796207,Tester/logs/20261010.log,5937097,2026-09-03,09:15,B152PR,"EI	0	21:33:07.350	Core 04	2026.09.03 09:15:00   [SRJ-IND] B152PR sym=EURUSD bar=2026.09.03 09:10 z1=305,B,1.15201,1.15225,2026.08.13 10:45,1,2026.08.13 11:00,1.15264,1.15225"
70,RECON62-B160,1617DC1ACCE6B50ED2D1359582A70A8B8503C569623EE90C18C6B33542796207,Tester/logs/20261010.log,5937098,2026-09-03,09:15,B152PR,"IS	0	21:33:07.350	Core 04	2026.09.03 09:15:00   [SRJ-IND] B152PR sym=EURUSD bar=2026.09.03 09:10 z1=405,B,1.15248,1.15263,2026.08.14 00:25,1,2026.08.14 00:50,1.15276,1.15259"
71,RECON62-B160,1617DC1ACCE6B50ED2D1359582A70A8B8503C569623EE90C18C6B33542796207,Tester/logs/20261010.log,5937099,2026-09-03,09:15,B152PR,"LE	0	21:33:07.350	Core 04	2026.09.03 09:15:00   [SRJ-IND] B152PR sym=EURUSD bar=2026.09.03 09:10 z1=435,B,1.15357,1.15373,2026.08.14 06:30,1,2026.08.14 06:35,1.15382,1.15367"
72,RECON62-B160,1617DC1ACCE6B50ED2D1359582A70A8B8503C569623EE90C18C6B33542796207,Tester/logs/20261010.log,5937100,2026-09-03,09:15,B152PR,"NN	0	21:33:07.350	Core 04	2026.09.03 09:15:00   [SRJ-IND] B152PR sym=EURUSD bar=2026.09.03 09:10 z1=484,B,1.15504,1.15532,2026.08.14 11:45,1,2026.08.14 11:50,1.15549,1.15520"
73,RECON62-B160,1617DC1ACCE6B50ED2D1359582A70A8B8503C569623EE90C18C6B33542796207,Tester/logs/20261010.log,5937101,2026-09-03,09:15,B152PR,"NR	0	21:33:07.350	Core 04	2026.09.03 09:15:00   [SRJ-IND] B152PR sym=EURUSD bar=2026.09.03 09:10 z1=1389,S,1.17072,1.17107,2026.08.21 13:55,1,2026.08.21 14:20,1.17098,1.17032"
74,RECON62-B160,1617DC1ACCE6B50ED2D1359582A70A8B8503C569623EE90C18C6B33542796207,Tester/logs/20261010.log,5937102,2026-09-03,09:15,B152PR,"OH	0	21:33:07.350	Core 04	2026.09.03 09:15:00   [SRJ-IND] B152PR sym=EURUSD bar=2026.09.03 09:10 z1=1481,S,1.16836,1.16871,2026.08.24 04:10,1,2026.08.24 05:10,1.16841,1.16818"
75,RECON62-B160,1617DC1ACCE6B50ED2D1359582A70A8B8503C569623EE90C18C6B33542796207,Tester/logs/20261010.log,5937103,2026-09-03,09:15,B152PR,"JN	0	21:33:07.350	Core 04	2026.09.03 09:15:00   [SRJ-IND] B152PR sym=EURUSD bar=2026.09.03 09:10 z1=1484,S,1.16822,1.16855,2026.08.24 04:20,1,2026.08.24 05:00,1.16831,1.16810"
76,RECON62-B160,1617DC1ACCE6B50ED2D1359582A70A8B8503C569623EE90C18C6B33542796207,Tester/logs/20261010.log,5937104,2026-09-03,09:15,B152PR,"PD	0	21:33:07.350	Core 04	2026.09.03 09:15:00   [SRJ-IND] B152PR sym=EURUSD bar=2026.09.03 09:10 z1=1516,S,1.16800,1.16817,2026.08.24 08:45,1,2026.08.24 08:55,1.16812,1.16783"
77,RECON62-B160,1617DC1ACCE6B50ED2D1359582A70A8B8503C569623EE90C18C6B33542796207,Tester/logs/20261010.log,5937105,2026-09-03,09:15,B152PR,"PJ	0	21:33:07.350	Core 04	2026.09.03 09:15:00   [SRJ-IND] B152PR sym=EURUSD bar=2026.09.03 09:10 z1=1704,S,1.16580,1.16647,2026.08.26 16:00,1,2026.08.26 16:30,1.16587,1.16541"
78,RECON62-B160,1617DC1ACCE6B50ED2D1359582A70A8B8503C569623EE90C18C6B33542796207,Tester/logs/20261010.log,5937106,2026-09-03,09:15,B152PR,"KP	0	21:33:07.350	Core 04	2026.09.03 09:15:00   [SRJ-IND] B152PR sym=EURUSD bar=2026.09.03 09:10 z1=1728,S,1.16596,1.16624,2026.08.26 16:00,1,2026.08.27 16:25,1.16598,1.16561"
79,RECON62-B160,1617DC1ACCE6B50ED2D1359582A70A8B8503C569623EE90C18C6B33542796207,Tester/logs/20261010.log,5937107,2026-09-03,09:15,B152PR,"GF	0	21:33:07.350	Core 04	2026.09.03 09:15:00   [SRJ-IND] B152PR sym=EURUSD bar=2026.09.03 09:10 z1=1784,S,1.16754,1.16787,2026.08.25 23:40,1,2026.08.25 23:50,1.16758,1.16746"
80,RECON62-B160,1617DC1ACCE6B50ED2D1359582A70A8B8503C569623EE90C18C6B33542796207,Tester/logs/20261010.log,5937108,2026-09-03,09:15,B152PR,"CL	0	21:33:07.350	Core 04	2026.09.03 09:15:00   [SRJ-IND] B152PR sym=EURUSD bar=2026.09.03 09:10 z1=1866,S,1.16723,1.16738,2026.08.26 12:00,1,2026.08.26 15:10,1.16732,1.16692"
81,RECON62-B160,1617DC1ACCE6B50ED2D1359582A70A8B8503C569623EE90C18C6B33542796207,Tester/logs/20261010.log,5937109,2026-09-03,09:15,B152PR,"KR	0	21:33:07.350	Core 04	2026.09.03 09:15:00   [SRJ-IND] B152PR sym=EURUSD bar=2026.09.03 09:10 z1=2109,S,1.16505,1.16537,2026.08.28 05:05,1,2026.08.28 05:55,1.16507,1.16497"
82,RECON62-B160,1617DC1ACCE6B50ED2D1359582A70A8B8503C569623EE90C18C6B33542796207,Tester/logs/20261010.log,5937110,2026-09-03,09:15,B152PR,"DH	0	21:33:07.350	Core 04	2026.09.03 09:15:00   [SRJ-IND] B152PR sym=EURUSD bar=2026.09.03 09:10 z1=2149,S,1.16492,1.16507,2026.08.28 06:40,1,2026.08.28 14:00,1.16494,1.16471"
83,RECON62-B160,1617DC1ACCE6B50ED2D1359582A70A8B8503C569623EE90C18C6B33542796207,Tester/logs/20261010.log,5937111,2026-09-03,09:15,B152PR,"RN	0	21:33:07.350	Core 04	2026.09.03 09:15:00   [SRJ-IND] B152PR sym=EURUSD bar=2026.09.03 09:10 z1=2470,S,1.16100,1.16129,2026.09.01 08:20,1,2026.09.01 08:45,1.16100,1.16081"
84,RECON62-B160,1617DC1ACCE6B50ED2D1359582A70A8B8503C569623EE90C18C6B33542796207,Tester/logs/20261010.log,5937112,2026-09-03,09:15,B152PR,"FD	0	21:33:07.350	Core 04	2026.09.03 09:15:00   [SRJ-IND] B152PR sym=EURUSD bar=2026.09.03 09:10 z1=2494,S,1.16073,1.16096,2026.09.01 10:20,1,2026.09.01 17:10,1.16081,1.16044"
85,RECON62-B160,1617DC1ACCE6B50ED2D1359582A70A8B8503C569623EE90C18C6B33542796207,Tester/logs/20261010.log,5937113,2026-09-03,09:15,B152PR,"RJ	0	21:33:07.350	Core 04	2026.09.03 09:15:00   [SRJ-IND] B152PR sym=EURUSD bar=2026.09.03 09:10 z1=2495,S,1.16081,1.16100,2026.09.01 09:15,1,2026.09.01 17:10,1.16081,1.16044"
86,RECON62-B160,1617DC1ACCE6B50ED2D1359582A70A8B8503C569623EE90C18C6B33542796207,Tester/logs/20261010.log,5937114,2026-09-03,09:15,B152PR,"HQ	0	21:33:07.350	Core 04	2026.09.03 09:15:00   [SRJ-IND] B152PR sym=EURUSD bar=2026.09.03 09:10 z1=2792,B,1.15906,1.15944,2026.09.03 06:15,1,2026.09.03 06:20,1.15956,1.15943"
87,RECON62-B160,1617DC1ACCE6B50ED2D1359582A70A8B8503C569623EE90C18C6B33542796207,Tester/logs/20261010.log,5937115,2026-09-03,09:15,B152PR,"LE	0	21:33:07.350	Core 04	2026.09.03 09:15:00   [SRJ-IND] B152PR sym=EURUSD bar=2026.09.03 09:10 bull=1 bear=1 nz=18"
88,RECON62-B160,1617DC1ACCE6B50ED2D1359582A70A8B8503C569623EE90C18C6B33542796207,Tester/logs/20261010.log,5937256,2026-09-03,09:15,CONFIRMPOLL,"JF	0	21:33:07.350	Core 04	2026.09.03 09:15:00   [SRJ-EA] CONFIRMPOLL bar=2026.09.03 09:10 anchor=Yearly-POC dir=LONG oppCandle=1 bodyDir=0 body=9pts doji=0 touchAttr=1 confirm=0 shadow=true"
89,RECON62-B160,1617DC1ACCE6B50ED2D1359582A70A8B8503C569623EE90C18C6B33542796207,Tester/logs/20261010.log,5937264,2026-09-03,09:20,B152PR,"JL	0	21:33:07.350	Core 04	2026.09.03 09:20:00   [SRJ-IND] B152PR sym=EURUSD bar=2026.09.03 09:15 z1=305,B,1.15201,1.15225,2026.08.13 10:45,1,2026.08.13 11:00,1.15264,1.15225"
90,RECON62-B160,1617DC1ACCE6B50ED2D1359582A70A8B8503C569623EE90C18C6B33542796207,Tester/logs/20261010.log,5937265,2026-09-03,09:20,B152PR,"JF	0	21:33:07.350	Core 04	2026.09.03 09:20:00   [SRJ-IND] B152PR sym=EURUSD bar=2026.09.03 09:15 z1=405,B,1.15248,1.15263,2026.08.14 00:25,1,2026.08.14 00:50,1.15276,1.15259"
91,RECON62-B160,1617DC1ACCE6B50ED2D1359582A70A8B8503C569623EE90C18C6B33542796207,Tester/logs/20261010.log,5937266,2026-09-03,09:20,B152PR,"GK	0	21:33:07.350	Core 04	2026.09.03 09:20:00   [SRJ-IND] B152PR sym=EURUSD bar=2026.09.03 09:15 z1=435,B,1.15357,1.15373,2026.08.14 06:30,1,2026.08.14 06:35,1.15382,1.15367"
92,RECON62-B160,1617DC1ACCE6B50ED2D1359582A70A8B8503C569623EE90C18C6B33542796207,Tester/logs/20261010.log,5937267,2026-09-03,09:20,B152PR,"MM	0	21:33:07.350	Core 04	2026.09.03 09:20:00   [SRJ-IND] B152PR sym=EURUSD bar=2026.09.03 09:15 z1=484,B,1.15504,1.15532,2026.08.14 11:45,1,2026.08.14 11:50,1.15549,1.15520"
93,RECON62-B160,1617DC1ACCE6B50ED2D1359582A70A8B8503C569623EE90C18C6B33542796207,Tester/logs/20261010.log,5937268,2026-09-03,09:20,B152PR,"QE	0	21:33:07.350	Core 04	2026.09.03 09:20:00   [SRJ-IND] B152PR sym=EURUSD bar=2026.09.03 09:15 z1=1389,S,1.17072,1.17107,2026.08.21 13:55,1,2026.08.21 14:20,1.17098,1.17032"
94,RECON62-B160,1617DC1ACCE6B50ED2D1359582A70A8B8503C569623EE90C18C6B33542796207,Tester/logs/20261010.log,5937269,2026-09-03,09:20,B152PR,"LK	0	21:33:07.350	Core 04	2026.09.03 09:20:00   [SRJ-IND] B152PR sym=EURUSD bar=2026.09.03 09:15 z1=1481,S,1.16836,1.16871,2026.08.24 04:10,1,2026.08.24 05:10,1.16841,1.16818"
95,RECON62-B160,1617DC1ACCE6B50ED2D1359582A70A8B8503C569623EE90C18C6B33542796207,Tester/logs/20261010.log,5937270,2026-09-03,09:20,B152PR,"EQ	0	21:33:07.350	Core 04	2026.09.03 09:20:00   [SRJ-IND] B152PR sym=EURUSD bar=2026.09.03 09:15 z1=1484,S,1.16822,1.16855,2026.08.24 04:20,1,2026.08.24 05:00,1.16831,1.16810"
96,RECON62-B160,1617DC1ACCE6B50ED2D1359582A70A8B8503C569623EE90C18C6B33542796207,Tester/logs/20261010.log,5937271,2026-09-03,09:20,B152PR,"KG	0	21:33:07.350	Core 04	2026.09.03 09:20:00   [SRJ-IND] B152PR sym=EURUSD bar=2026.09.03 09:15 z1=1516,S,1.16800,1.16817,2026.08.24 08:45,1,2026.08.24 08:55,1.16812,1.16783"
97,RECON62-B160,1617DC1ACCE6B50ED2D1359582A70A8B8503C569623EE90C18C6B33542796207,Tester/logs/20261010.log,5937272,2026-09-03,09:20,B152PR,"KM	0	21:33:07.350	Core 04	2026.09.03 09:20:00   [SRJ-IND] B152PR sym=EURUSD bar=2026.09.03 09:15 z1=1704,S,1.16580,1.16647,2026.08.26 16:00,1,2026.08.26 16:30,1.16587,1.16541"
98,RECON62-B160,1617DC1ACCE6B50ED2D1359582A70A8B8503C569623EE90C18C6B33542796207,Tester/logs/20261010.log,5937273,2026-09-03,09:20,B152PR,"PS	0	21:33:07.350	Core 04	2026.09.03 09:20:00   [SRJ-IND] B152PR sym=EURUSD bar=2026.09.03 09:15 z1=1728,S,1.16596,1.16624,2026.08.26 16:00,1,2026.08.27 16:25,1.16598,1.16561"
99,RECON62-B160,1617DC1ACCE6B50ED2D1359582A70A8B8503C569623EE90C18C6B33542796207,Tester/logs/20261010.log,5937274,2026-09-03,09:20,B152PR,"DI	0	21:33:07.350	Core 04	2026.09.03 09:20:00   [SRJ-IND] B152PR sym=EURUSD bar=2026.09.03 09:15 z1=1784,S,1.16754,1.16787,2026.08.25 23:40,1,2026.08.25 23:50,1.16758,1.16746"
100,RECON62-B160,1617DC1ACCE6B50ED2D1359582A70A8B8503C569623EE90C18C6B33542796207,Tester/logs/20261010.log,5937275,2026-09-03,09:20,B152PR,"HO	0	21:33:07.350	Core 04	2026.09.03 09:20:00   [SRJ-IND] B152PR sym=EURUSD bar=2026.09.03 09:15 z1=1866,S,1.16723,1.16738,2026.08.26 12:00,1,2026.08.26 15:10,1.16732,1.16692"
101,RECON62-B160,1617DC1ACCE6B50ED2D1359582A70A8B8503C569623EE90C18C6B33542796207,Tester/logs/20261010.log,5937276,2026-09-03,09:20,B152PR,"PE	0	21:33:07.350	Core 04	2026.09.03 09:20:00   [SRJ-IND] B152PR sym=EURUSD bar=2026.09.03 09:15 z1=2109,S,1.16505,1.16537,2026.08.28 05:05,1,2026.08.28 05:55,1.16507,1.16497"
102,RECON62-B160,1617DC1ACCE6B50ED2D1359582A70A8B8503C569623EE90C18C6B33542796207,Tester/logs/20261010.log,5937277,2026-09-03,09:20,B152PR,"GK	0	21:33:07.350	Core 04	2026.09.03 09:20:00   [SRJ-IND] B152PR sym=EURUSD bar=2026.09.03 09:15 z1=2149,S,1.16492,1.16507,2026.08.28 06:40,1,2026.08.28 14:00,1.16494,1.16471"
103,RECON62-B160,1617DC1ACCE6B50ED2D1359582A70A8B8503C569623EE90C18C6B33542796207,Tester/logs/20261010.log,5937278,2026-09-03,09:20,B152PR,"MQ	0	21:33:07.350	Core 04	2026.09.03 09:20:00   [SRJ-IND] B152PR sym=EURUSD bar=2026.09.03 09:15 z1=2470,S,1.16100,1.16129,2026.09.01 08:20,1,2026.09.01 08:45,1.16100,1.16081"
104,RECON62-B160,1617DC1ACCE6B50ED2D1359582A70A8B8503C569623EE90C18C6B33542796207,Tester/logs/20261010.log,5937279,2026-09-03,09:20,B152PR,"IG	0	21:33:07.350	Core 04	2026.09.03 09:20:00   [SRJ-IND] B152PR sym=EURUSD bar=2026.09.03 09:15 z1=2494,S,1.16073,1.16096,2026.09.01 10:20,1,2026.09.01 17:10,1.16081,1.16044"
105,RECON62-B160,1617DC1ACCE6B50ED2D1359582A70A8B8503C569623EE90C18C6B33542796207,Tester/logs/20261010.log,5937280,2026-09-03,09:20,B152PR,"MM	0	21:33:07.350	Core 04	2026.09.03 09:20:00   [SRJ-IND] B152PR sym=EURUSD bar=2026.09.03 09:15 z1=2495,S,1.16081,1.16100,2026.09.01 09:15,1,2026.09.01 17:10,1.16081,1.16044"
106,RECON62-B160,1617DC1ACCE6B50ED2D1359582A70A8B8503C569623EE90C18C6B33542796207,Tester/logs/20261010.log,5937281,2026-09-03,09:20,B152PR,"CR	0	21:33:07.350	Core 04	2026.09.03 09:20:00   [SRJ-IND] B152PR sym=EURUSD bar=2026.09.03 09:15 z1=2792,B,1.15906,1.15944,2026.09.03 06:15,1,2026.09.03 06:20,1.15956,1.15943"
107,RECON62-B160,1617DC1ACCE6B50ED2D1359582A70A8B8503C569623EE90C18C6B33542796207,Tester/logs/20261010.log,5937282,2026-09-03,09:20,B152PR,"OJ	0	21:33:07.350	Core 04	2026.09.03 09:20:00   [SRJ-IND] B152PR sym=EURUSD bar=2026.09.03 09:15 bull=1 bear=1 nz=18"
108,RECON62-B160,1617DC1ACCE6B50ED2D1359582A70A8B8503C569623EE90C18C6B33542796207,Tester/logs/20261010.log,5937419,2026-09-03,09:20,CQDRECHECK,"GG	0	21:33:07.350	Core 04	2026.09.03 09:20:00   [SRJ-EA] CQDRECHECK shift=2 passA=2.0 passB=2.0 diff=0 bar=2026.09.03 09:10 state=S4_ARMED dir=LONG divLatch=1 hit1=0 hit2=497 mism=0"
109,RECON62-B160,1617DC1ACCE6B50ED2D1359582A70A8B8503C569623EE90C18C6B33542796207,Tester/logs/20261010.log,5937427,2026-09-03,09:20,CONFIRMPOLL,"FS	0	21:33:07.350	Core 04	2026.09.03 09:20:00   [SRJ-EA] CONFIRMPOLL bar=2026.09.03 09:15 anchor=Yearly-POC dir=LONG oppCandle=1 bodyDir=0 body=3pts doji=0 touchAttr=0 confirm=0 shadow=true"
110,RECON62-B160,1617DC1ACCE6B50ED2D1359582A70A8B8503C569623EE90C18C6B33542796207,Tester/logs/20261010.log,5937436,2026-09-03,09:25,B152PR,"GD	0	21:33:07.350	Core 04	2026.09.03 09:25:00   [SRJ-IND] B152PR sym=EURUSD bar=2026.09.03 09:20 z1=305,B,1.15201,1.15225,2026.08.13 10:45,1,2026.08.13 11:00,1.15264,1.15225"
111,RECON62-B160,1617DC1ACCE6B50ED2D1359582A70A8B8503C569623EE90C18C6B33542796207,Tester/logs/20261010.log,5937437,2026-09-03,09:25,B152PR,"GN	0	21:33:07.350	Core 04	2026.09.03 09:25:00   [SRJ-IND] B152PR sym=EURUSD bar=2026.09.03 09:20 z1=405,B,1.15248,1.15263,2026.08.14 00:25,1,2026.08.14 00:50,1.15276,1.15259"
112,RECON62-B160,1617DC1ACCE6B50ED2D1359582A70A8B8503C569623EE90C18C6B33542796207,Tester/logs/20261010.log,5937438,2026-09-03,09:25,B152PR,"JS	0	21:33:07.350	Core 04	2026.09.03 09:25:00   [SRJ-IND] B152PR sym=EURUSD bar=2026.09.03 09:20 z1=435,B,1.15357,1.15373,2026.08.14 06:30,1,2026.08.14 06:35,1.15382,1.15367"
113,RECON62-B160,1617DC1ACCE6B50ED2D1359582A70A8B8503C569623EE90C18C6B33542796207,Tester/logs/20261010.log,5937439,2026-09-03,09:25,B152PR,"LE	0	21:33:07.350	Core 04	2026.09.03 09:25:00   [SRJ-IND] B152PR sym=EURUSD bar=2026.09.03 09:20 z1=484,B,1.15504,1.15532,2026.08.14 11:45,1,2026.08.14 11:50,1.15549,1.15520"
114,RECON62-B160,1617DC1ACCE6B50ED2D1359582A70A8B8503C569623EE90C18C6B33542796207,Tester/logs/20261010.log,5937440,2026-09-03,09:25,B152PR,"PM	0	21:33:07.350	Core 04	2026.09.03 09:25:00   [SRJ-IND] B152PR sym=EURUSD bar=2026.09.03 09:20 z1=1389,S,1.17072,1.17107,2026.08.21 13:55,1,2026.08.21 14:20,1.17098,1.17032"
115,RECON62-B160,1617DC1ACCE6B50ED2D1359582A70A8B8503C569623EE90C18C6B33542796207,Tester/logs/20261010.log,5937441,2026-09-03,09:25,B152PR,"MS	0	21:33:07.350	Core 04	2026.09.03 09:25:00   [SRJ-IND] B152PR sym=EURUSD bar=2026.09.03 09:20 z1=1481,S,1.16836,1.16871,2026.08.24 04:10,1,2026.08.24 05:10,1.16841,1.16818"
116,RECON62-B160,1617DC1ACCE6B50ED2D1359582A70A8B8503C569623EE90C18C6B33542796207,Tester/logs/20261010.log,5937442,2026-09-03,09:25,B152PR,"DI	0	21:33:07.350	Core 04	2026.09.03 09:25:00   [SRJ-IND] B152PR sym=EURUSD bar=2026.09.03 09:20 z1=1484,S,1.16822,1.16855,2026.08.24 04:20,1,2026.08.24 05:00,1.16831,1.16810"
117,RECON62-B160,1617DC1ACCE6B50ED2D1359582A70A8B8503C569623EE90C18C6B33542796207,Tester/logs/20261010.log,5937443,2026-09-03,09:25,B152PR,"NO	0	21:33:07.350	Core 04	2026.09.03 09:25:00   [SRJ-IND] B152PR sym=EURUSD bar=2026.09.03 09:20 z1=1516,S,1.16800,1.16817,2026.08.24 08:45,1,2026.08.24 08:55,1.16812,1.16783"
118,RECON62-B160,1617DC1ACCE6B50ED2D1359582A70A8B8503C569623EE90C18C6B33542796207,Tester/logs/20261010.log,5937444,2026-09-03,09:25,B152PR,"NE	0	21:33:07.350	Core 04	2026.09.03 09:25:00   [SRJ-IND] B152PR sym=EURUSD bar=2026.09.03 09:20 z1=1704,S,1.16580,1.16647,2026.08.26 16:00,1,2026.08.26 16:30,1.16587,1.16541"
119,RECON62-B160,1617DC1ACCE6B50ED2D1359582A70A8B8503C569623EE90C18C6B33542796207,Tester/logs/20261010.log,5937445,2026-09-03,09:25,B152PR,"QK	0	21:33:07.350	Core 04	2026.09.03 09:25:00   [SRJ-IND] B152PR sym=EURUSD bar=2026.09.03 09:20 z1=1728,S,1.16596,1.16624,2026.08.26 16:00,1,2026.08.27 16:25,1.16598,1.16561"
120,RECON62-B160,1617DC1ACCE6B50ED2D1359582A70A8B8503C569623EE90C18C6B33542796207,Tester/logs/20261010.log,5937446,2026-09-03,09:25,B152PR,"EQ	0	21:33:07.350	Core 04	2026.09.03 09:25:00   [SRJ-IND] B152PR sym=EURUSD bar=2026.09.03 09:20 z1=1784,S,1.16754,1.16787,2026.08.25 23:40,1,2026.08.25 23:50,1.16758,1.16746"
121,RECON62-B160,1617DC1ACCE6B50ED2D1359582A70A8B8503C569623EE90C18C6B33542796207,Tester/logs/20261010.log,5937447,2026-09-03,09:25,B152PR,"IG	0	21:33:07.350	Core 04	2026.09.03 09:25:00   [SRJ-IND] B152PR sym=EURUSD bar=2026.09.03 09:20 z1=1866,S,1.16723,1.16738,2026.08.26 12:00,1,2026.08.26 15:10,1.16732,1.16692"
122,RECON62-B160,1617DC1ACCE6B50ED2D1359582A70A8B8503C569623EE90C18C6B33542796207,Tester/logs/20261010.log,5937448,2026-09-03,09:25,B152PR,"QM	0	21:33:07.350	Core 04	2026.09.03 09:25:00   [SRJ-IND] B152PR sym=EURUSD bar=2026.09.03 09:20 z1=2109,S,1.16505,1.16537,2026.08.28 05:05,1,2026.08.28 05:55,1.16507,1.16497"
123,RECON62-B160,1617DC1ACCE6B50ED2D1359582A70A8B8503C569623EE90C18C6B33542796207,Tester/logs/20261010.log,5937449,2026-09-03,09:25,B152PR,"JS	0	21:33:07.350	Core 04	2026.09.03 09:25:00   [SRJ-IND] B152PR sym=EURUSD bar=2026.09.03 09:20 z1=2149,S,1.16492,1.16507,2026.08.28 06:40,1,2026.08.28 14:00,1.16494,1.16471"
124,RECON62-B160,1617DC1ACCE6B50ED2D1359582A70A8B8503C569623EE90C18C6B33542796207,Tester/logs/20261010.log,5937450,2026-09-03,09:25,B152PR,"LI	0	21:33:07.350	Core 04	2026.09.03 09:25:00   [SRJ-IND] B152PR sym=EURUSD bar=2026.09.03 09:20 z1=2470,S,1.16100,1.16129,2026.09.01 08:20,1,2026.09.01 08:45,1.16100,1.16081"
125,RECON62-B160,1617DC1ACCE6B50ED2D1359582A70A8B8503C569623EE90C18C6B33542796207,Tester/logs/20261010.log,5937451,2026-09-03,09:25,B152PR,"HO	0	21:33:07.350	Core 04	2026.09.03 09:25:00   [SRJ-IND] B152PR sym=EURUSD bar=2026.09.03 09:20 z1=2494,S,1.16073,1.16096,2026.09.01 10:20,1,2026.09.01 17:10,1.16081,1.16044"
126,RECON62-B160,1617DC1ACCE6B50ED2D1359582A70A8B8503C569623EE90C18C6B33542796207,Tester/logs/20261010.log,5937452,2026-09-03,09:25,B152PR,"LE	0	21:33:07.350	Core 04	2026.09.03 09:25:00   [SRJ-IND] B152PR sym=EURUSD bar=2026.09.03 09:20 z1=2495,S,1.16081,1.16100,2026.09.01 09:15,1,2026.09.01 17:10,1.16081,1.16044"
127,RECON62-B160,1617DC1ACCE6B50ED2D1359582A70A8B8503C569623EE90C18C6B33542796207,Tester/logs/20261010.log,5937453,2026-09-03,09:25,B152PR,"FJ	0	21:33:07.350	Core 04	2026.09.03 09:25:00   [SRJ-IND] B152PR sym=EURUSD bar=2026.09.03 09:20 z1=2792,B,1.15906,1.15944,2026.09.03 06:15,1,2026.09.03 06:20,1.15956,1.15943"
128,RECON62-B160,1617DC1ACCE6B50ED2D1359582A70A8B8503C569623EE90C18C6B33542796207,Tester/logs/20261010.log,5937454,2026-09-03,09:25,B152PR,"RR	0	21:33:07.350	Core 04	2026.09.03 09:25:00   [SRJ-IND] B152PR sym=EURUSD bar=2026.09.03 09:20 bull=1 bear=1 nz=18"
129,RECON62-B160,1617DC1ACCE6B50ED2D1359582A70A8B8503C569623EE90C18C6B33542796207,Tester/logs/20261010.log,5937458,2026-09-03,09:25,ABORT,"FG	0	21:33:07.350	Core 04	2026.09.03 09:25:00   [SRJ-EA] 2026.09.03 09:25:00 ABORT reason=FRESH_OB_DEAD state=S4_ARMED poi=Yearly-POC dir=LONG"
130,RECON62-B160,1617DC1ACCE6B50ED2D1359582A70A8B8503C569623EE90C18C6B33542796207,Tester/logs/20261010.log,5937459,2026-09-03,09:25,A6REFUSED,"KO	0	21:33:07.350	Core 04	2026.09.03 09:25:00   [SRJ-EA] A6REFUSED class=ABSENT_DECLINED bar=2026.09.03 09:25 state=S4_ARMED dir=LONG predicate=FRESH_OB_DEAD"
131,RECON62-B160,1617DC1ACCE6B50ED2D1359582A70A8B8503C569623EE90C18C6B33542796207,Tester/logs/20261010.log,5937461,2026-09-03,09:25,STATE,"FQ	0	21:33:07.350	Core 04	2026.09.03 09:25:00   [SRJ-EA] 2026.09.03 09:25:00 STATE S4_ARMED->ABORT dir=LONG poi=Yearly-POC"
132,RECON62-B160,1617DC1ACCE6B50ED2D1359582A70A8B8503C569623EE90C18C6B33542796207,Tester/logs/20261010.log,5937463,2026-09-03,09:30,B152PR,"JK	0	21:33:07.350	Core 04	2026.09.03 09:30:00   [SRJ-IND] B152PR sym=EURUSD bar=2026.09.03 09:25 z1=305,B,1.15201,1.15225,2026.08.13 10:45,1,2026.08.13 11:00,1.15264,1.15225"
133,RECON62-B160,1617DC1ACCE6B50ED2D1359582A70A8B8503C569623EE90C18C6B33542796207,Tester/logs/20261010.log,5937464,2026-09-03,09:30,B152PR,"NL	0	21:33:07.350	Core 04	2026.09.03 09:30:00   [SRJ-IND] B152PR sym=EURUSD bar=2026.09.03 09:25 z1=405,B,1.15248,1.15263,2026.08.14 00:25,1,2026.08.14 00:50,1.15276,1.15259"
134,RECON62-B160,1617DC1ACCE6B50ED2D1359582A70A8B8503C569623EE90C18C6B33542796207,Tester/logs/20261010.log,5937465,2026-09-03,09:30,B152PR,"GF	0	21:33:07.350	Core 04	2026.09.03 09:30:00   [SRJ-IND] B152PR sym=EURUSD bar=2026.09.03 09:25 z1=435,B,1.15357,1.15373,2026.08.14 06:30,1,2026.08.14 06:35,1.15382,1.15367"
135,RECON62-B160,1617DC1ACCE6B50ED2D1359582A70A8B8503C569623EE90C18C6B33542796207,Tester/logs/20261010.log,5937466,2026-09-03,09:30,B152PR,"QH	0	21:33:07.350	Core 04	2026.09.03 09:30:00   [SRJ-IND] B152PR sym=EURUSD bar=2026.09.03 09:25 z1=484,B,1.15504,1.15532,2026.08.14 11:45,1,2026.08.14 11:50,1.15549,1.15520"
136,RECON62-B160,1617DC1ACCE6B50ED2D1359582A70A8B8503C569623EE90C18C6B33542796207,Tester/logs/20261010.log,5937467,2026-09-03,09:30,B152PR,"QP	0	21:33:07.350	Core 04	2026.09.03 09:30:00   [SRJ-IND] B152PR sym=EURUSD bar=2026.09.03 09:25 z1=1389,S,1.17072,1.17107,2026.08.21 13:55,1,2026.08.21 14:20,1.17098,1.17032"
137,RECON62-B160,1617DC1ACCE6B50ED2D1359582A70A8B8503C569623EE90C18C6B33542796207,Tester/logs/20261010.log,5937468,2026-09-03,09:30,B152PR,"LF	0	21:33:07.350	Core 04	2026.09.03 09:30:00   [SRJ-IND] B152PR sym=EURUSD bar=2026.09.03 09:25 z1=1481,S,1.16836,1.16871,2026.08.24 04:10,1,2026.08.24 05:10,1.16841,1.16818"
138,RECON62-B160,1617DC1ACCE6B50ED2D1359582A70A8B8503C569623EE90C18C6B33542796207,Tester/logs/20261010.log,5937469,2026-09-03,09:30,B152PR,"EL	0	21:33:07.350	Core 04	2026.09.03 09:30:00   [SRJ-IND] B152PR sym=EURUSD bar=2026.09.03 09:25 z1=1484,S,1.16822,1.16855,2026.08.24 04:20,1,2026.08.24 05:00,1.16831,1.16810"
139,RECON62-B160,1617DC1ACCE6B50ED2D1359582A70A8B8503C569623EE90C18C6B33542796207,Tester/logs/20261010.log,5937470,2026-09-03,09:30,B152PR,"KR	0	21:33:07.350	Core 04	2026.09.03 09:30:00   [SRJ-IND] B152PR sym=EURUSD bar=2026.09.03 09:25 z1=1516,S,1.16800,1.16817,2026.08.24 08:45,1,2026.08.24 08:55,1.16812,1.16783"
140,RECON62-B160,1617DC1ACCE6B50ED2D1359582A70A8B8503C569623EE90C18C6B33542796207,Tester/logs/20261010.log,5937471,2026-09-03,09:30,B152PR,"KH	0	21:33:07.350	Core 04	2026.09.03 09:30:00   [SRJ-IND] B152PR sym=EURUSD bar=2026.09.03 09:25 z1=1704,S,1.16580,1.16647,2026.08.26 16:00,1,2026.08.26 16:30,1.16587,1.16541"
141,RECON62-B160,1617DC1ACCE6B50ED2D1359582A70A8B8503C569623EE90C18C6B33542796207,Tester/logs/20261010.log,5937472,2026-09-03,09:30,B152PR,"PN	0	21:33:07.350	Core 04	2026.09.03 09:30:00   [SRJ-IND] B152PR sym=EURUSD bar=2026.09.03 09:25 z1=1728,S,1.16596,1.16624,2026.08.26 16:00,1,2026.08.27 16:25,1.16598,1.16561"
142,RECON62-B160,1617DC1ACCE6B50ED2D1359582A70A8B8503C569623EE90C18C6B33542796207,Tester/logs/20261010.log,5937473,2026-09-03,09:30,B152PR,"DD	0	21:33:07.350	Core 04	2026.09.03 09:30:00   [SRJ-IND] B152PR sym=EURUSD bar=2026.09.03 09:25 z1=1784,S,1.16754,1.16787,2026.08.25 23:40,1,2026.08.25 23:50,1.16758,1.16746"
143,RECON62-B160,1617DC1ACCE6B50ED2D1359582A70A8B8503C569623EE90C18C6B33542796207,Tester/logs/20261010.log,5937474,2026-09-03,09:30,B152PR,"HJ	0	21:33:07.350	Core 04	2026.09.03 09:30:00   [SRJ-IND] B152PR sym=EURUSD bar=2026.09.03 09:25 z1=1866,S,1.16723,1.16738,2026.08.26 12:00,1,2026.08.26 15:10,1.16732,1.16692"
144,RECON62-B160,1617DC1ACCE6B50ED2D1359582A70A8B8503C569623EE90C18C6B33542796207,Tester/logs/20261010.log,5937475,2026-09-03,09:30,B152PR,"PP	0	21:33:07.350	Core 04	2026.09.03 09:30:00   [SRJ-IND] B152PR sym=EURUSD bar=2026.09.03 09:25 z1=2109,S,1.16505,1.16537,2026.08.28 05:05,1,2026.08.28 05:55,1.16507,1.16497"
145,RECON62-B160,1617DC1ACCE6B50ED2D1359582A70A8B8503C569623EE90C18C6B33542796207,Tester/logs/20261010.log,5937476,2026-09-03,09:30,B152PR,"GF	0	21:33:07.350	Core 04	2026.09.03 09:30:00   [SRJ-IND] B152PR sym=EURUSD bar=2026.09.03 09:25 z1=2149,S,1.16492,1.16507,2026.08.28 06:40,1,2026.08.28 14:00,1.16494,1.16471"
146,RECON62-B160,1617DC1ACCE6B50ED2D1359582A70A8B8503C569623EE90C18C6B33542796207,Tester/logs/20261010.log,5937477,2026-09-03,09:30,B152PR,"ML	0	21:33:07.350	Core 04	2026.09.03 09:30:00   [SRJ-IND] B152PR sym=EURUSD bar=2026.09.03 09:25 z1=2470,S,1.16100,1.16129,2026.09.01 08:20,1,2026.09.01 08:45,1.16100,1.16081"
147,RECON62-B160,1617DC1ACCE6B50ED2D1359582A70A8B8503C569623EE90C18C6B33542796207,Tester/logs/20261010.log,5937478,2026-09-03,09:30,B152PR,"IR	0	21:33:07.350	Core 04	2026.09.03 09:30:00   [SRJ-IND] B152PR sym=EURUSD bar=2026.09.03 09:25 z1=2494,S,1.16073,1.16096,2026.09.01 10:20,1,2026.09.01 17:10,1.16081,1.16044"
148,RECON62-B160,1617DC1ACCE6B50ED2D1359582A70A8B8503C569623EE90C18C6B33542796207,Tester/logs/20261010.log,5937479,2026-09-03,09:30,B152PR,"MH	0	21:33:07.350	Core 04	2026.09.03 09:30:00   [SRJ-IND] B152PR sym=EURUSD bar=2026.09.03 09:25 z1=2495,S,1.16081,1.16100,2026.09.01 09:15,1,2026.09.01 17:10,1.16081,1.16044"
149,RECON62-B160,1617DC1ACCE6B50ED2D1359582A70A8B8503C569623EE90C18C6B33542796207,Tester/logs/20261010.log,5937480,2026-09-03,09:30,B152PR,"CO	0	21:33:07.350	Core 04	2026.09.03 09:30:00   [SRJ-IND] B152PR sym=EURUSD bar=2026.09.03 09:25 z1=2792,B,1.15906,1.15944,2026.09.03 06:15,1,2026.09.03 06:20,1.15956,1.15943"
150,RECON62-B160,1617DC1ACCE6B50ED2D1359582A70A8B8503C569623EE90C18C6B33542796207,Tester/logs/20261010.log,5937481,2026-09-03,09:30,B152PR,"OG	0	21:33:07.350	Core 04	2026.09.03 09:30:00   [SRJ-IND] B152PR sym=EURUSD bar=2026.09.03 09:25 bull=1 bear=1 nz=18"
151,RECON62-B160,1617DC1ACCE6B50ED2D1359582A70A8B8503C569623EE90C18C6B33542796207,Tester/logs/20261010.log,5937491,2026-09-03,09:35,B152PR,"MI	0	21:33:07.350	Core 04	2026.09.03 09:35:00   [SRJ-IND] B152PR sym=EURUSD bar=2026.09.03 09:30 z1=305,B,1.15201,1.15225,2026.08.13 10:45,1,2026.08.13 11:00,1.15264,1.15225"
152,RECON62-B160,1617DC1ACCE6B50ED2D1359582A70A8B8503C569623EE90C18C6B33542796207,Tester/logs/20261010.log,5937492,2026-09-03,09:35,B152PR,"QS	0	21:33:07.350	Core 04	2026.09.03 09:35:00   [SRJ-IND] B152PR sym=EURUSD bar=2026.09.03 09:30 z1=405,B,1.15248,1.15263,2026.08.14 00:25,1,2026.08.14 00:50,1.15276,1.15259"
153,RECON62-B160,1617DC1ACCE6B50ED2D1359582A70A8B8503C569623EE90C18C6B33542796207,Tester/logs/20261010.log,5937493,2026-09-03,09:35,B152PR,"DE	0	21:33:07.350	Core 04	2026.09.03 09:35:00   [SRJ-IND] B152PR sym=EURUSD bar=2026.09.03 09:30 z1=435,B,1.15357,1.15373,2026.08.14 06:30,1,2026.08.14 06:35,1.15382,1.15367"
154,RECON62-B160,1617DC1ACCE6B50ED2D1359582A70A8B8503C569623EE90C18C6B33542796207,Tester/logs/20261010.log,5937494,2026-09-03,09:35,B152PR,"FO	0	21:33:07.350	Core 04	2026.09.03 09:35:00   [SRJ-IND] B152PR sym=EURUSD bar=2026.09.03 09:30 z1=484,B,1.15504,1.15532,2026.08.14 11:45,1,2026.08.14 11:50,1.15549,1.15520"
155,RECON62-B160,1617DC1ACCE6B50ED2D1359582A70A8B8503C569623EE90C18C6B33542796207,Tester/logs/20261010.log,5937495,2026-09-03,09:35,B152PR,"FS	0	21:33:07.350	Core 04	2026.09.03 09:35:00   [SRJ-IND] B152PR sym=EURUSD bar=2026.09.03 09:30 z1=1389,S,1.17072,1.17107,2026.08.21 13:55,1,2026.08.21 14:20,1.17098,1.17032"
156,RECON62-B160,1617DC1ACCE6B50ED2D1359582A70A8B8503C569623EE90C18C6B33542796207,Tester/logs/20261010.log,5937496,2026-09-03,09:35,B152PR,"GI	0	21:33:07.350	Core 04	2026.09.03 09:35:00   [SRJ-IND] B152PR sym=EURUSD bar=2026.09.03 09:30 z1=1481,S,1.16836,1.16871,2026.08.24 04:10,1,2026.08.24 05:10,1.16841,1.16818"
157,RECON62-B160,1617DC1ACCE6B50ED2D1359582A70A8B8503C569623EE90C18C6B33542796207,Tester/logs/20261010.log,5937497,2026-09-03,09:35,B152PR,"RO	0	21:33:07.350	Core 04	2026.09.03 09:35:00   [SRJ-IND] B152PR sym=EURUSD bar=2026.09.03 09:30 z1=1484,S,1.16822,1.16855,2026.08.24 04:20,1,2026.08.24 05:00,1.16831,1.16810"
158,RECON62-B160,1617DC1ACCE6B50ED2D1359582A70A8B8503C569623EE90C18C6B33542796207,Tester/logs/20261010.log,5937498,2026-09-03,09:35,B152PR,"HE	0	21:33:07.350	Core 04	2026.09.03 09:35:00   [SRJ-IND] B152PR sym=EURUSD bar=2026.09.03 09:30 z1=1516,S,1.16800,1.16817,2026.08.24 08:45,1,2026.08.24 08:55,1.16812,1.16783"
159,RECON62-B160,1617DC1ACCE6B50ED2D1359582A70A8B8503C569623EE90C18C6B33542796207,Tester/logs/20261010.log,5937499,2026-09-03,09:35,B152PR,"HK	0	21:33:07.350	Core 04	2026.09.03 09:35:00   [SRJ-IND] B152PR sym=EURUSD bar=2026.09.03 09:30 z1=1704,S,1.16580,1.16647,2026.08.26 16:00,1,2026.08.26 16:30,1.16587,1.16541"
160,RECON62-B160,1617DC1ACCE6B50ED2D1359582A70A8B8503C569623EE90C18C6B33542796207,Tester/logs/20261010.log,5937500,2026-09-03,09:35,B152PR,"CQ	0	21:33:07.350	Core 04	2026.09.03 09:35:00   [SRJ-IND] B152PR sym=EURUSD bar=2026.09.03 09:30 z1=1728,S,1.16596,1.16624,2026.08.26 16:00,1,2026.08.27 16:25,1.16598,1.16561"
161,RECON62-B160,1617DC1ACCE6B50ED2D1359582A70A8B8503C569623EE90C18C6B33542796207,Tester/logs/20261010.log,5937501,2026-09-03,09:35,B152PR,"OG	0	21:33:07.350	Core 04	2026.09.03 09:35:00   [SRJ-IND] B152PR sym=EURUSD bar=2026.09.03 09:30 z1=1784,S,1.16754,1.16787,2026.08.25 23:40,1,2026.08.25 23:50,1.16758,1.16746"
162,RECON62-B160,1617DC1ACCE6B50ED2D1359582A70A8B8503C569623EE90C18C6B33542796207,Tester/logs/20261010.log,5937502,2026-09-03,09:35,B152PR,"KM	0	21:33:07.350	Core 04	2026.09.03 09:35:00   [SRJ-IND] B152PR sym=EURUSD bar=2026.09.03 09:30 z1=1866,S,1.16723,1.16738,2026.08.26 12:00,1,2026.08.26 15:10,1.16732,1.16692"
163,RECON62-B160,1617DC1ACCE6B50ED2D1359582A70A8B8503C569623EE90C18C6B33542796207,Tester/logs/20261010.log,5937503,2026-09-03,09:35,B152PR,"CS	0	21:33:07.350	Core 04	2026.09.03 09:35:00   [SRJ-IND] B152PR sym=EURUSD bar=2026.09.03 09:30 z1=2109,S,1.16505,1.16537,2026.08.28 05:05,1,2026.08.28 05:55,1.16507,1.16497"
164,RECON62-B160,1617DC1ACCE6B50ED2D1359582A70A8B8503C569623EE90C18C6B33542796207,Tester/logs/20261010.log,5937504,2026-09-03,09:35,B152PR,"LI	0	21:33:07.350	Core 04	2026.09.03 09:35:00   [SRJ-IND] B152PR sym=EURUSD bar=2026.09.03 09:30 z1=2149,S,1.16492,1.16507,2026.08.28 06:40,1,2026.08.28 14:00,1.16494,1.16471"
165,RECON62-B160,1617DC1ACCE6B50ED2D1359582A70A8B8503C569623EE90C18C6B33542796207,Tester/logs/20261010.log,5937505,2026-09-03,09:35,B152PR,"JO	0	21:33:07.350	Core 04	2026.09.03 09:35:00   [SRJ-IND] B152PR sym=EURUSD bar=2026.09.03 09:30 z1=2470,S,1.16100,1.16129,2026.09.01 08:20,1,2026.09.01 08:45,1.16100,1.16081"
166,RECON62-B160,1617DC1ACCE6B50ED2D1359582A70A8B8503C569623EE90C18C6B33542796207,Tester/logs/20261010.log,5937506,2026-09-03,09:35,B152PR,"NE	0	21:33:07.350	Core 04	2026.09.03 09:35:00   [SRJ-IND] B152PR sym=EURUSD bar=2026.09.03 09:30 z1=2494,S,1.16073,1.16096,2026.09.01 10:20,1,2026.09.01 17:10,1.16081,1.16044"
167,RECON62-B160,1617DC1ACCE6B50ED2D1359582A70A8B8503C569623EE90C18C6B33542796207,Tester/logs/20261010.log,5937507,2026-09-03,09:35,B152PR,"JK	0	21:33:07.350	Core 04	2026.09.03 09:35:00   [SRJ-IND] B152PR sym=EURUSD bar=2026.09.03 09:30 z1=2495,S,1.16081,1.16100,2026.09.01 09:15,1,2026.09.01 17:10,1.16081,1.16044"
168,RECON62-B160,1617DC1ACCE6B50ED2D1359582A70A8B8503C569623EE90C18C6B33542796207,Tester/logs/20261010.log,5937508,2026-09-03,09:35,B152PR,"PP	0	21:33:07.350	Core 04	2026.09.03 09:35:00   [SRJ-IND] B152PR sym=EURUSD bar=2026.09.03 09:30 z1=2792,B,1.15906,1.15944,2026.09.03 06:15,1,2026.09.03 06:20,1.15956,1.15943"
169,RECON62-B160,1617DC1ACCE6B50ED2D1359582A70A8B8503C569623EE90C18C6B33542796207,Tester/logs/20261010.log,5937509,2026-09-03,09:35,B152PR,"DD	0	21:33:07.350	Core 04	2026.09.03 09:35:00   [SRJ-IND] B152PR sym=EURUSD bar=2026.09.03 09:30 bull=1 bear=1 nz=18"
170,RECON62-B160,1617DC1ACCE6B50ED2D1359582A70A8B8503C569623EE90C18C6B33542796207,Tester/logs/20261010.log,5937513,2026-09-03,09:35,CQDRECHECK,"FJ	0	21:33:07.350	Core 04	2026.09.03 09:35:00   [SRJ-EA] CQDRECHECK shift=2 passA=-1.0 passB=-1.0 diff=0 bar=2026.09.03 09:25 state=IDLE dir=NONE divLatch=0 hit1=0 hit2=498 mism=0"
171,RECON62-B160,1617DC1ACCE6B50ED2D1359582A70A8B8503C569623EE90C18C6B33542796207,Tester/logs/20261010.log,5937518,2026-09-03,09:40,B152PR,"DH	0	21:33:07.350	Core 04	2026.09.03 09:40:00   [SRJ-IND] B152PR sym=EURUSD bar=2026.09.03 09:35 z1=305,B,1.15201,1.15225,2026.08.13 10:45,1,2026.08.13 11:00,1.15264,1.15225"
172,RECON62-B160,1617DC1ACCE6B50ED2D1359582A70A8B8503C569623EE90C18C6B33542796207,Tester/logs/20261010.log,5937519,2026-09-03,09:40,B152PR,"PM	0	21:33:07.350	Core 04	2026.09.03 09:40:00   [SRJ-IND] B152PR sym=EURUSD bar=2026.09.03 09:35 z1=405,B,1.15248,1.15263,2026.08.14 00:25,1,2026.08.14 00:50,1.15276,1.15259"
173,RECON62-B160,1617DC1ACCE6B50ED2D1359582A70A8B8503C569623EE90C18C6B33542796207,Tester/logs/20261010.log,5937520,2026-09-03,09:40,B152PR,"EG	0	21:33:07.350	Core 04	2026.09.03 09:40:00   [SRJ-IND] B152PR sym=EURUSD bar=2026.09.03 09:35 z1=435,B,1.15357,1.15373,2026.08.14 06:30,1,2026.08.14 06:35,1.15382,1.15367"
174,RECON62-B160,1617DC1ACCE6B50ED2D1359582A70A8B8503C569623EE90C18C6B33542796207,Tester/logs/20261010.log,5937521,2026-09-03,09:40,B152PR,"KI	0	21:33:07.350	Core 04	2026.09.03 09:40:00   [SRJ-IND] B152PR sym=EURUSD bar=2026.09.03 09:35 z1=484,B,1.15504,1.15532,2026.08.14 11:45,1,2026.08.14 11:50,1.15549,1.15520"
175,RECON62-B160,1617DC1ACCE6B50ED2D1359582A70A8B8503C569623EE90C18C6B33542796207,Tester/logs/20261010.log,5937522,2026-09-03,09:40,B152PR,"KQ	0	21:33:07.350	Core 04	2026.09.03 09:40:00   [SRJ-IND] B152PR sym=EURUSD bar=2026.09.03 09:35 z1=1389,S,1.17072,1.17107,2026.08.21 13:55,1,2026.08.21 14:20,1.17098,1.17032"
176,RECON62-B160,1617DC1ACCE6B50ED2D1359582A70A8B8503C569623EE90C18C6B33542796207,Tester/logs/20261010.log,5937523,2026-09-03,09:40,B152PR,"RG	0	21:33:07.350	Core 04	2026.09.03 09:40:00   [SRJ-IND] B152PR sym=EURUSD bar=2026.09.03 09:35 z1=1481,S,1.16836,1.16871,2026.08.24 04:10,1,2026.08.24 05:10,1.16841,1.16818"
177,RECON62-B160,1617DC1ACCE6B50ED2D1359582A70A8B8503C569623EE90C18C6B33542796207,Tester/logs/20261010.log,5937524,2026-09-03,09:40,B152PR,"GM	0	21:33:07.350	Core 04	2026.09.03 09:40:00   [SRJ-IND] B152PR sym=EURUSD bar=2026.09.03 09:35 z1=1484,S,1.16822,1.16855,2026.08.24 04:20,1,2026.08.24 05:00,1.16831,1.16810"
178,RECON62-B160,1617DC1ACCE6B50ED2D1359582A70A8B8503C569623EE90C18C6B33542796207,Tester/logs/20261010.log,5937525,2026-09-03,09:40,B152PR,"QS	0	21:33:07.350	Core 04	2026.09.03 09:40:00   [SRJ-IND] B152PR sym=EURUSD bar=2026.09.03 09:35 z1=1516,S,1.16800,1.16817,2026.08.24 08:45,1,2026.08.24 08:55,1.16812,1.16783"
179,RECON62-B160,1617DC1ACCE6B50ED2D1359582A70A8B8503C569623EE90C18C6B33542796207,Tester/logs/20261010.log,5937526,2026-09-03,09:40,B152PR,"QI	0	21:33:07.350	Core 04	2026.09.03 09:40:00   [SRJ-IND] B152PR sym=EURUSD bar=2026.09.03 09:35 z1=1704,S,1.16580,1.16647,2026.08.26 16:00,1,2026.08.26 16:30,1.16587,1.16541"
180,RECON62-B160,1617DC1ACCE6B50ED2D1359582A70A8B8503C569623EE90C18C6B33542796207,Tester/logs/20261010.log,5937527,2026-09-03,09:40,B152PR,"NO	0	21:33:07.350	Core 04	2026.09.03 09:40:00   [SRJ-IND] B152PR sym=EURUSD bar=2026.09.03 09:35 z1=1728,S,1.16596,1.16624,2026.08.26 16:00,1,2026.08.27 16:25,1.16598,1.16561"
181,RECON62-B160,1617DC1ACCE6B50ED2D1359582A70A8B8503C569623EE90C18C6B33542796207,Tester/logs/20261010.log,5937528,2026-09-03,09:40,B152PR,"JE	0	21:33:07.350	Core 04	2026.09.03 09:40:00   [SRJ-IND] B152PR sym=EURUSD bar=2026.09.03 09:35 z1=1784,S,1.16754,1.16787,2026.08.25 23:40,1,2026.08.25 23:50,1.16758,1.16746"
182,RECON62-B160,1617DC1ACCE6B50ED2D1359582A70A8B8503C569623EE90C18C6B33542796207,Tester/logs/20261010.log,5937529,2026-09-03,09:40,B152PR,"FK	0	21:33:07.350	Core 04	2026.09.03 09:40:00   [SRJ-IND] B152PR sym=EURUSD bar=2026.09.03 09:35 z1=1866,S,1.16723,1.16738,2026.08.26 12:00,1,2026.08.26 15:10,1.16732,1.16692"
183,RECON62-B160,1617DC1ACCE6B50ED2D1359582A70A8B8503C569623EE90C18C6B33542796207,Tester/logs/20261010.log,5937530,2026-09-03,09:40,B152PR,"NQ	0	21:33:07.350	Core 04	2026.09.03 09:40:00   [SRJ-IND] B152PR sym=EURUSD bar=2026.09.03 09:35 z1=2109,S,1.16505,1.16537,2026.08.28 05:05,1,2026.08.28 05:55,1.16507,1.16497"
184,RECON62-B160,1617DC1ACCE6B50ED2D1359582A70A8B8503C569623EE90C18C6B33542796207,Tester/logs/20261010.log,5937531,2026-09-03,09:40,B152PR,"EG	0	21:33:07.350	Core 04	2026.09.03 09:40:00   [SRJ-IND] B152PR sym=EURUSD bar=2026.09.03 09:35 z1=2149,S,1.16492,1.16507,2026.08.28 06:40,1,2026.08.28 14:00,1.16494,1.16471"
185,RECON62-B160,1617DC1ACCE6B50ED2D1359582A70A8B8503C569623EE90C18C6B33542796207,Tester/logs/20261010.log,5937532,2026-09-03,09:40,B152PR,"OM	0	21:33:07.350	Core 04	2026.09.03 09:40:00   [SRJ-IND] B152PR sym=EURUSD bar=2026.09.03 09:35 z1=2470,S,1.16100,1.16129,2026.09.01 08:20,1,2026.09.01 08:45,1.16100,1.16081"
186,RECON62-B160,1617DC1ACCE6B50ED2D1359582A70A8B8503C569623EE90C18C6B33542796207,Tester/logs/20261010.log,5937533,2026-09-03,09:40,B152PR,"CS	0	21:33:07.350	Core 04	2026.09.03 09:40:00   [SRJ-IND] B152PR sym=EURUSD bar=2026.09.03 09:35 z1=2494,S,1.16073,1.16096,2026.09.01 10:20,1,2026.09.01 17:10,1.16081,1.16044"
187,RECON62-B160,1617DC1ACCE6B50ED2D1359582A70A8B8503C569623EE90C18C6B33542796207,Tester/logs/20261010.log,5937534,2026-09-03,09:40,B152PR,"OI	0	21:33:07.350	Core 04	2026.09.03 09:40:00   [SRJ-IND] B152PR sym=EURUSD bar=2026.09.03 09:35 z1=2495,S,1.16081,1.16100,2026.09.01 09:15,1,2026.09.01 17:10,1.16081,1.16044"
188,RECON62-B160,1617DC1ACCE6B50ED2D1359582A70A8B8503C569623EE90C18C6B33542796207,Tester/logs/20261010.log,5937535,2026-09-03,09:40,B152PR,"IN	0	21:33:07.350	Core 04	2026.09.03 09:40:00   [SRJ-IND] B152PR sym=EURUSD bar=2026.09.03 09:35 z1=2792,B,1.15906,1.15944,2026.09.03 06:15,1,2026.09.03 06:20,1.15956,1.15943"
189,RECON62-B160,1617DC1ACCE6B50ED2D1359582A70A8B8503C569623EE90C18C6B33542796207,Tester/logs/20261010.log,5937536,2026-09-03,09:40,B152PR,"MF	0	21:33:07.350	Core 04	2026.09.03 09:40:00   [SRJ-IND] B152PR sym=EURUSD bar=2026.09.03 09:35 bull=1 bear=1 nz=18"
190,RECON62-B160,1617DC1ACCE6B50ED2D1359582A70A8B8503C569623EE90C18C6B33542796207,Tester/logs/20261010.log,5937543,2026-09-03,09:45,B152PR,"KS	0	21:33:07.350	Core 04	2026.09.03 09:45:00   [SRJ-IND] B152PR sym=EURUSD bar=2026.09.03 09:40 z1=305,B,1.15201,1.15225,2026.08.13 10:45,1,2026.08.13 11:00,1.15264,1.15225"
191,RECON62-B160,1617DC1ACCE6B50ED2D1359582A70A8B8503C569623EE90C18C6B33542796207,Tester/logs/20261010.log,5937544,2026-09-03,09:45,B152PR,"KE	0	21:33:07.350	Core 04	2026.09.03 09:45:00   [SRJ-IND] B152PR sym=EURUSD bar=2026.09.03 09:40 z1=405,B,1.15248,1.15263,2026.08.14 00:25,1,2026.08.14 00:50,1.15276,1.15259"
192,RECON62-B160,1617DC1ACCE6B50ED2D1359582A70A8B8503C569623EE90C18C6B33542796207,Tester/logs/20261010.log,5937545,2026-09-03,09:45,B152PR,"FO	0	21:33:07.350	Core 04	2026.09.03 09:45:00   [SRJ-IND] B152PR sym=EURUSD bar=2026.09.03 09:40 z1=435,B,1.15357,1.15373,2026.08.14 06:30,1,2026.08.14 06:35,1.15382,1.15367"
193,RECON62-B160,1617DC1ACCE6B50ED2D1359582A70A8B8503C569623EE90C18C6B33542796207,Tester/logs/20261010.log,5937546,2026-09-03,09:45,B152PR,"PQ	0	21:33:07.350	Core 04	2026.09.03 09:45:00   [SRJ-IND] B152PR sym=EURUSD bar=2026.09.03 09:40 z1=484,B,1.15504,1.15532,2026.08.14 11:45,1,2026.08.14 11:50,1.15549,1.15520"
194,RECON62-B160,1617DC1ACCE6B50ED2D1359582A70A8B8503C569623EE90C18C6B33542796207,Tester/logs/20261010.log,5937547,2026-09-03,09:45,B152PR,"DI	0	21:33:07.350	Core 04	2026.09.03 09:45:00   [SRJ-IND] B152PR sym=EURUSD bar=2026.09.03 09:40 z1=1389,S,1.17072,1.17107,2026.08.21 13:55,1,2026.08.21 14:20,1.17098,1.17032"
195,RECON62-B160,1617DC1ACCE6B50ED2D1359582A70A8B8503C569623EE90C18C6B33542796207,Tester/logs/20261010.log,5937548,2026-09-03,09:45,B152PR,"IO	0	21:33:07.350	Core 04	2026.09.03 09:45:00   [SRJ-IND] B152PR sym=EURUSD bar=2026.09.03 09:40 z1=1481,S,1.16836,1.16871,2026.08.24 04:10,1,2026.08.24 05:10,1.16841,1.16818"
196,RECON62-B160,1617DC1ACCE6B50ED2D1359582A70A8B8503C569623EE90C18C6B33542796207,Tester/logs/20261010.log,5937549,2026-09-03,09:45,B152PR,"PE	0	21:33:07.350	Core 04	2026.09.03 09:45:00   [SRJ-IND] B152PR sym=EURUSD bar=2026.09.03 09:40 z1=1484,S,1.16822,1.16855,2026.08.24 04:20,1,2026.08.24 05:00,1.16831,1.16810"
197,RECON62-B160,1617DC1ACCE6B50ED2D1359582A70A8B8503C569623EE90C18C6B33542796207,Tester/logs/20261010.log,5937550,2026-09-03,09:45,B152PR,"JK	0	21:33:07.350	Core 04	2026.09.03 09:45:00   [SRJ-IND] B152PR sym=EURUSD bar=2026.09.03 09:40 z1=1516,S,1.16800,1.16817,2026.08.24 08:45,1,2026.08.24 08:55,1.16812,1.16783"
198,RECON62-B160,1617DC1ACCE6B50ED2D1359582A70A8B8503C569623EE90C18C6B33542796207,Tester/logs/20261010.log,5937551,2026-09-03,09:45,B152PR,"JQ	0	21:33:07.350	Core 04	2026.09.03 09:45:00   [SRJ-IND] B152PR sym=EURUSD bar=2026.09.03 09:40 z1=1704,S,1.16580,1.16647,2026.08.26 16:00,1,2026.08.26 16:30,1.16587,1.16541"
199,RECON62-B160,1617DC1ACCE6B50ED2D1359582A70A8B8503C569623EE90C18C6B33542796207,Tester/logs/20261010.log,5937552,2026-09-03,09:45,B152PR,"EG	0	21:33:07.350	Core 04	2026.09.03 09:45:00   [SRJ-IND] B152PR sym=EURUSD bar=2026.09.03 09:40 z1=1728,S,1.16596,1.16624,2026.08.26 16:00,1,2026.08.27 16:25,1.16598,1.16561"
200,RECON62-B160,1617DC1ACCE6B50ED2D1359582A70A8B8503C569623EE90C18C6B33542796207,Tester/logs/20261010.log,5937553,2026-09-03,09:45,B152PR,"QM	0	21:33:07.350	Core 04	2026.09.03 09:45:00   [SRJ-IND] B152PR sym=EURUSD bar=2026.09.03 09:40 z1=1784,S,1.16754,1.16787,2026.08.25 23:40,1,2026.08.25 23:50,1.16758,1.16746"
201,RECON62-B160,1617DC1ACCE6B50ED2D1359582A70A8B8503C569623EE90C18C6B33542796207,Tester/logs/20261010.log,5937554,2026-09-03,09:45,B152PR,"MS	0	21:33:07.350	Core 04	2026.09.03 09:45:00   [SRJ-IND] B152PR sym=EURUSD bar=2026.09.03 09:40 z1=1866,S,1.16723,1.16738,2026.08.26 12:00,1,2026.08.26 15:10,1.16732,1.16692"
202,RECON62-B160,1617DC1ACCE6B50ED2D1359582A70A8B8503C569623EE90C18C6B33542796207,Tester/logs/20261010.log,5937555,2026-09-03,09:45,B152PR,"EI	0	21:33:07.350	Core 04	2026.09.03 09:45:00   [SRJ-IND] B152PR sym=EURUSD bar=2026.09.03 09:40 z1=2109,S,1.16505,1.16537,2026.08.28 05:05,1,2026.08.28 05:55,1.16507,1.16497"
203,RECON62-B160,1617DC1ACCE6B50ED2D1359582A70A8B8503C569623EE90C18C6B33542796207,Tester/logs/20261010.log,5937556,2026-09-03,09:45,B152PR,"NO	0	21:33:07.350	Core 04	2026.09.03 09:45:00   [SRJ-IND] B152PR sym=EURUSD bar=2026.09.03 09:40 z1=2149,S,1.16492,1.16507,2026.08.28 06:40,1,2026.08.28 14:00,1.16494,1.16471"
204,RECON62-B160,1617DC1ACCE6B50ED2D1359582A70A8B8503C569623EE90C18C6B33542796207,Tester/logs/20261010.log,5937557,2026-09-03,09:45,B152PR,"HE	0	21:33:07.350	Core 04	2026.09.03 09:45:00   [SRJ-IND] B152PR sym=EURUSD bar=2026.09.03 09:40 z1=2470,S,1.16100,1.16129,2026.09.01 08:20,1,2026.09.01 08:45,1.16100,1.16081"
205,RECON62-B160,1617DC1ACCE6B50ED2D1359582A70A8B8503C569623EE90C18C6B33542796207,Tester/logs/20261010.log,5937558,2026-09-03,09:45,B152PR,"LK	0	21:33:07.350	Core 04	2026.09.03 09:45:00   [SRJ-IND] B152PR sym=EURUSD bar=2026.09.03 09:40 z1=2494,S,1.16073,1.16096,2026.09.01 10:20,1,2026.09.01 17:10,1.16081,1.16044"
206,RECON62-B160,1617DC1ACCE6B50ED2D1359582A70A8B8503C569623EE90C18C6B33542796207,Tester/logs/20261010.log,5937559,2026-09-03,09:45,B152PR,"HQ	0	21:33:07.350	Core 04	2026.09.03 09:45:00   [SRJ-IND] B152PR sym=EURUSD bar=2026.09.03 09:40 z1=2495,S,1.16081,1.16100,2026.09.01 09:15,1,2026.09.01 17:10,1.16081,1.16044"
207,RECON62-B160,1617DC1ACCE6B50ED2D1359582A70A8B8503C569623EE90C18C6B33542796207,Tester/logs/20261010.log,5937560,2026-09-03,09:45,B152PR,"RF	0	21:33:07.350	Core 04	2026.09.03 09:45:00   [SRJ-IND] B152PR sym=EURUSD bar=2026.09.03 09:40 z1=2792,B,1.15906,1.15944,2026.09.03 06:15,1,2026.09.03 06:20,1.15956,1.15943"
208,RECON62-B160,1617DC1ACCE6B50ED2D1359582A70A8B8503C569623EE90C18C6B33542796207,Tester/logs/20261010.log,5937561,2026-09-03,09:45,B152PR,"FN	0	21:33:07.350	Core 04	2026.09.03 09:45:00   [SRJ-IND] B152PR sym=EURUSD bar=2026.09.03 09:40 bull=1 bear=1 nz=18"
209,RECON62-B160,1617DC1ACCE6B50ED2D1359582A70A8B8503C569623EE90C18C6B33542796207,Tester/logs/20261010.log,5937569,2026-09-03,09:50,B152PR,"LK	0	21:33:07.350	Core 04	2026.09.03 09:50:00   [SRJ-IND] B152PR sym=EURUSD bar=2026.09.03 09:45 z1=305,B,1.15201,1.15225,2026.08.13 10:45,1,2026.08.13 11:00,1.15264,1.15225"
210,RECON62-B160,1617DC1ACCE6B50ED2D1359582A70A8B8503C569623EE90C18C6B33542796207,Tester/logs/20261010.log,5937570,2026-09-03,09:50,B152PR,"LM	0	21:33:07.350	Core 04	2026.09.03 09:50:00   [SRJ-IND] B152PR sym=EURUSD bar=2026.09.03 09:45 z1=405,B,1.15248,1.15263,2026.08.14 00:25,1,2026.08.14 00:50,1.15276,1.15259"
211,RECON62-B160,1617DC1ACCE6B50ED2D1359582A70A8B8503C569623EE90C18C6B33542796207,Tester/logs/20261010.log,5937571,2026-09-03,09:50,B152PR,"EG	0	21:33:07.350	Core 04	2026.09.03 09:50:00   [SRJ-IND] B152PR sym=EURUSD bar=2026.09.03 09:45 z1=435,B,1.15357,1.15373,2026.08.14 06:30,1,2026.08.14 06:35,1.15382,1.15367"
212,RECON62-B160,1617DC1ACCE6B50ED2D1359582A70A8B8503C569623EE90C18C6B33542796207,Tester/logs/20261010.log,5937572,2026-09-03,09:50,B152PR,"OI	0	21:33:07.350	Core 04	2026.09.03 09:50:00   [SRJ-IND] B152PR sym=EURUSD bar=2026.09.03 09:45 z1=484,B,1.15504,1.15532,2026.08.14 11:45,1,2026.08.14 11:50,1.15549,1.15520"
213,RECON62-B160,1617DC1ACCE6B50ED2D1359582A70A8B8503C569623EE90C18C6B33542796207,Tester/logs/20261010.log,5937573,2026-09-03,09:50,B152PR,"CQ	0	21:33:07.350	Core 04	2026.09.03 09:50:00   [SRJ-IND] B152PR sym=EURUSD bar=2026.09.03 09:45 z1=1389,S,1.17072,1.17107,2026.08.21 13:55,1,2026.08.21 14:20,1.17098,1.17032"
214,RECON62-B160,1617DC1ACCE6B50ED2D1359582A70A8B8503C569623EE90C18C6B33542796207,Tester/logs/20261010.log,5937574,2026-09-03,09:50,B152PR,"JG	0	21:33:07.350	Core 04	2026.09.03 09:50:00   [SRJ-IND] B152PR sym=EURUSD bar=2026.09.03 09:45 z1=1481,S,1.16836,1.16871,2026.08.24 04:10,1,2026.08.24 05:10,1.16841,1.16818"
215,RECON62-B160,1617DC1ACCE6B50ED2D1359582A70A8B8503C569623EE90C18C6B33542796207,Tester/logs/20261010.log,5937575,2026-09-03,09:50,B152PR,"OM	0	21:33:07.350	Core 04	2026.09.03 09:50:00   [SRJ-IND] B152PR sym=EURUSD bar=2026.09.03 09:45 z1=1484,S,1.16822,1.16855,2026.08.24 04:20,1,2026.08.24 05:00,1.16831,1.16810"
216,RECON62-B160,1617DC1ACCE6B50ED2D1359582A70A8B8503C569623EE90C18C6B33542796207,Tester/logs/20261010.log,5937576,2026-09-03,09:50,B152PR,"IS	0	21:33:07.350	Core 04	2026.09.03 09:50:00   [SRJ-IND] B152PR sym=EURUSD bar=2026.09.03 09:45 z1=1516,S,1.16800,1.16817,2026.08.24 08:45,1,2026.08.24 08:55,1.16812,1.16783"
217,RECON62-B160,1617DC1ACCE6B50ED2D1359582A70A8B8503C569623EE90C18C6B33542796207,Tester/logs/20261010.log,5937577,2026-09-03,09:50,B152PR,"II	0	21:33:07.350	Core 04	2026.09.03 09:50:00   [SRJ-IND] B152PR sym=EURUSD bar=2026.09.03 09:45 z1=1704,S,1.16580,1.16647,2026.08.26 16:00,1,2026.08.26 16:30,1.16587,1.16541"
218,RECON62-B160,1617DC1ACCE6B50ED2D1359582A70A8B8503C569623EE90C18C6B33542796207,Tester/logs/20261010.log,5937578,2026-09-03,09:50,B152PR,"FO	0	21:33:07.350	Core 04	2026.09.03 09:50:00   [SRJ-IND] B152PR sym=EURUSD bar=2026.09.03 09:45 z1=1728,S,1.16596,1.16624,2026.08.26 16:00,1,2026.08.27 16:25,1.16598,1.16561"
219,RECON62-B160,1617DC1ACCE6B50ED2D1359582A70A8B8503C569623EE90C18C6B33542796207,Tester/logs/20261010.log,5937579,2026-09-03,09:50,B152PR,"RE	0	21:33:07.350	Core 04	2026.09.03 09:50:00   [SRJ-IND] B152PR sym=EURUSD bar=2026.09.03 09:45 z1=1784,S,1.16754,1.16787,2026.08.25 23:40,1,2026.08.25 23:50,1.16758,1.16746"
220,RECON62-B160,1617DC1ACCE6B50ED2D1359582A70A8B8503C569623EE90C18C6B33542796207,Tester/logs/20261010.log,5937580,2026-09-03,09:50,B152PR,"NK	0	21:33:07.350	Core 04	2026.09.03 09:50:00   [SRJ-IND] B152PR sym=EURUSD bar=2026.09.03 09:45 z1=1866,S,1.16723,1.16738,2026.08.26 12:00,1,2026.08.26 15:10,1.16732,1.16692"
221,RECON62-B160,1617DC1ACCE6B50ED2D1359582A70A8B8503C569623EE90C18C6B33542796207,Tester/logs/20261010.log,5937581,2026-09-03,09:50,B152PR,"FQ	0	21:33:07.350	Core 04	2026.09.03 09:50:00   [SRJ-IND] B152PR sym=EURUSD bar=2026.09.03 09:45 z1=2109,S,1.16505,1.16537,2026.08.28 05:05,1,2026.08.28 05:55,1.16507,1.16497"
222,RECON62-B160,1617DC1ACCE6B50ED2D1359582A70A8B8503C569623EE90C18C6B33542796207,Tester/logs/20261010.log,5937582,2026-09-03,09:50,B152PR,"MG	0	21:33:07.350	Core 04	2026.09.03 09:50:00   [SRJ-IND] B152PR sym=EURUSD bar=2026.09.03 09:45 z1=2149,S,1.16492,1.16507,2026.08.28 06:40,1,2026.08.28 14:00,1.16494,1.16471"
223,RECON62-B160,1617DC1ACCE6B50ED2D1359582A70A8B8503C569623EE90C18C6B33542796207,Tester/logs/20261010.log,5937583,2026-09-03,09:50,B152PR,"GM	0	21:33:07.350	Core 04	2026.09.03 09:50:00   [SRJ-IND] B152PR sym=EURUSD bar=2026.09.03 09:45 z1=2470,S,1.16100,1.16129,2026.09.01 08:20,1,2026.09.01 08:45,1.16100,1.16081"
224,RECON62-B160,1617DC1ACCE6B50ED2D1359582A70A8B8503C569623EE90C18C6B33542796207,Tester/logs/20261010.log,5937584,2026-09-03,09:50,B152PR,"KS	0	21:33:07.350	Core 04	2026.09.03 09:50:00   [SRJ-IND] B152PR sym=EURUSD bar=2026.09.03 09:45 z1=2494,S,1.16073,1.16096,2026.09.01 10:20,1,2026.09.01 17:10,1.16081,1.16044"
225,RECON62-B160,1617DC1ACCE6B50ED2D1359582A70A8B8503C569623EE90C18C6B33542796207,Tester/logs/20261010.log,5937585,2026-09-03,09:50,B152PR,"GI	0	21:33:07.350	Core 04	2026.09.03 09:50:00   [SRJ-IND] B152PR sym=EURUSD bar=2026.09.03 09:45 z1=2495,S,1.16081,1.16100,2026.09.01 09:15,1,2026.09.01 17:10,1.16081,1.16044"
226,RECON62-B160,1617DC1ACCE6B50ED2D1359582A70A8B8503C569623EE90C18C6B33542796207,Tester/logs/20261010.log,5937586,2026-09-03,09:50,B152PR,"QN	0	21:33:07.350	Core 04	2026.09.03 09:50:00   [SRJ-IND] B152PR sym=EURUSD bar=2026.09.03 09:45 z1=2792,B,1.15906,1.15944,2026.09.03 06:15,1,2026.09.03 06:20,1.15956,1.15943"
227,RECON62-B160,1617DC1ACCE6B50ED2D1359582A70A8B8503C569623EE90C18C6B33542796207,Tester/logs/20261010.log,5937587,2026-09-03,09:50,B152PR,"EF	0	21:33:07.350	Core 04	2026.09.03 09:50:00   [SRJ-IND] B152PR sym=EURUSD bar=2026.09.03 09:45 bull=1 bear=1 nz=18"
228,RECON62-B160,1617DC1ACCE6B50ED2D1359582A70A8B8503C569623EE90C18C6B33542796207,Tester/logs/20261010.log,5937594,2026-09-03,09:55,B152PR,"MS	0	21:33:07.350	Core 04	2026.09.03 09:55:00   [SRJ-IND] B152PR sym=EURUSD bar=2026.09.03 09:50 z1=305,B,1.15201,1.15225,2026.08.13 10:45,1,2026.08.13 11:00,1.15264,1.15225"
229,RECON62-B160,1617DC1ACCE6B50ED2D1359582A70A8B8503C569623EE90C18C6B33542796207,Tester/logs/20261010.log,5937595,2026-09-03,09:55,B152PR,"QE	0	21:33:07.350	Core 04	2026.09.03 09:55:00   [SRJ-IND] B152PR sym=EURUSD bar=2026.09.03 09:50 z1=405,B,1.15248,1.15263,2026.08.14 00:25,1,2026.08.14 00:50,1.15276,1.15259"
230,RECON62-B160,1617DC1ACCE6B50ED2D1359582A70A8B8503C569623EE90C18C6B33542796207,Tester/logs/20261010.log,5937596,2026-09-03,09:55,B152PR,"DO	0	21:33:07.350	Core 04	2026.09.03 09:55:00   [SRJ-IND] B152PR sym=EURUSD bar=2026.09.03 09:50 z1=435,B,1.15357,1.15373,2026.08.14 06:30,1,2026.08.14 06:35,1.15382,1.15367"
231,RECON62-B160,1617DC1ACCE6B50ED2D1359582A70A8B8503C569623EE90C18C6B33542796207,Tester/logs/20261010.log,5937597,2026-09-03,09:55,B152PR,"FQ	0	21:33:07.350	Core 04	2026.09.03 09:55:00   [SRJ-IND] B152PR sym=EURUSD bar=2026.09.03 09:50 z1=484,B,1.15504,1.15532,2026.08.14 11:45,1,2026.08.14 11:50,1.15549,1.15520"
232,RECON62-B160,1617DC1ACCE6B50ED2D1359582A70A8B8503C569623EE90C18C6B33542796207,Tester/logs/20261010.log,5937598,2026-09-03,09:55,B152PR,"FI	0	21:33:07.350	Core 04	2026.09.03 09:55:00   [SRJ-IND] B152PR sym=EURUSD bar=2026.09.03 09:50 z1=1389,S,1.17072,1.17107,2026.08.21 13:55,1,2026.08.21 14:20,1.17098,1.17032"
233,RECON62-B160,1617DC1ACCE6B50ED2D1359582A70A8B8503C569623EE90C18C6B33542796207,Tester/logs/20261010.log,5937599,2026-09-03,09:55,B152PR,"GO	0	21:33:07.350	Core 04	2026.09.03 09:55:00   [SRJ-IND] B152PR sym=EURUSD bar=2026.09.03 09:50 z1=1481,S,1.16836,1.16871,2026.08.24 04:10,1,2026.08.24 05:10,1.16841,1.16818"
234,RECON62-B160,1617DC1ACCE6B50ED2D1359582A70A8B8503C569623EE90C18C6B33542796207,Tester/logs/20261010.log,5937600,2026-09-03,09:55,B152PR,"RE	0	21:33:07.350	Core 04	2026.09.03 09:55:00   [SRJ-IND] B152PR sym=EURUSD bar=2026.09.03 09:50 z1=1484,S,1.16822,1.16855,2026.08.24 04:20,1,2026.08.24 05:00,1.16831,1.16810"
235,RECON62-B160,1617DC1ACCE6B50ED2D1359582A70A8B8503C569623EE90C18C6B33542796207,Tester/logs/20261010.log,5937601,2026-09-03,09:55,B152PR,"HK	0	21:33:07.350	Core 04	2026.09.03 09:55:00   [SRJ-IND] B152PR sym=EURUSD bar=2026.09.03 09:50 z1=1516,S,1.16800,1.16817,2026.08.24 08:45,1,2026.08.24 08:55,1.16812,1.16783"
236,RECON62-B160,1617DC1ACCE6B50ED2D1359582A70A8B8503C569623EE90C18C6B33542796207,Tester/logs/20261010.log,5937602,2026-09-03,09:55,B152PR,"HQ	0	21:33:07.350	Core 04	2026.09.03 09:55:00   [SRJ-IND] B152PR sym=EURUSD bar=2026.09.03 09:50 z1=1704,S,1.16580,1.16647,2026.08.26 16:00,1,2026.08.26 16:30,1.16587,1.16541"
237,RECON62-B160,1617DC1ACCE6B50ED2D1359582A70A8B8503C569623EE90C18C6B33542796207,Tester/logs/20261010.log,5937603,2026-09-03,09:55,B152PR,"CG	0	21:33:07.350	Core 04	2026.09.03 09:55:00   [SRJ-IND] B152PR sym=EURUSD bar=2026.09.03 09:50 z1=1728,S,1.16596,1.16624,2026.08.26 16:00,1,2026.08.27 16:25,1.16598,1.16561"
238,RECON62-B160,1617DC1ACCE6B50ED2D1359582A70A8B8503C569623EE90C18C6B33542796207,Tester/logs/20261010.log,5937604,2026-09-03,09:55,B152PR,"OM	0	21:33:07.350	Core 04	2026.09.03 09:55:00   [SRJ-IND] B152PR sym=EURUSD bar=2026.09.03 09:50 z1=1784,S,1.16754,1.16787,2026.08.25 23:40,1,2026.08.25 23:50,1.16758,1.16746"
239,RECON62-B160,1617DC1ACCE6B50ED2D1359582A70A8B8503C569623EE90C18C6B33542796207,Tester/logs/20261010.log,5937605,2026-09-03,09:55,B152PR,"KS	0	21:33:07.350	Core 04	2026.09.03 09:55:00   [SRJ-IND] B152PR sym=EURUSD bar=2026.09.03 09:50 z1=1866,S,1.16723,1.16738,2026.08.26 12:00,1,2026.08.26 15:10,1.16732,1.16692"
240,RECON62-B160,1617DC1ACCE6B50ED2D1359582A70A8B8503C569623EE90C18C6B33542796207,Tester/logs/20261010.log,5937606,2026-09-03,09:55,B152PR,"CI	0	21:33:07.350	Core 04	2026.09.03 09:55:00   [SRJ-IND] B152PR sym=EURUSD bar=2026.09.03 09:50 z1=2109,S,1.16505,1.16537,2026.08.28 05:05,1,2026.08.28 05:55,1.16507,1.16497"
241,RECON62-B160,1617DC1ACCE6B50ED2D1359582A70A8B8503C569623EE90C18C6B33542796207,Tester/logs/20261010.log,5937607,2026-09-03,09:55,B152PR,"LO	0	21:33:07.350	Core 04	2026.09.03 09:55:00   [SRJ-IND] B152PR sym=EURUSD bar=2026.09.03 09:50 z1=2149,S,1.16492,1.16507,2026.08.28 06:40,1,2026.08.28 14:00,1.16494,1.16471"
242,RECON62-B160,1617DC1ACCE6B50ED2D1359582A70A8B8503C569623EE90C18C6B33542796207,Tester/logs/20261010.log,5937608,2026-09-03,09:55,B152PR,"JE	0	21:33:07.350	Core 04	2026.09.03 09:55:00   [SRJ-IND] B152PR sym=EURUSD bar=2026.09.03 09:50 z1=2470,S,1.16100,1.16129,2026.09.01 08:20,1,2026.09.01 08:45,1.16100,1.16081"
243,RECON62-B160,1617DC1ACCE6B50ED2D1359582A70A8B8503C569623EE90C18C6B33542796207,Tester/logs/20261010.log,5937609,2026-09-03,09:55,B152PR,"NK	0	21:33:07.350	Core 04	2026.09.03 09:55:00   [SRJ-IND] B152PR sym=EURUSD bar=2026.09.03 09:50 z1=2494,S,1.16073,1.16096,2026.09.01 10:20,1,2026.09.01 17:10,1.16081,1.16044"
244,RECON62-B160,1617DC1ACCE6B50ED2D1359582A70A8B8503C569623EE90C18C6B33542796207,Tester/logs/20261010.log,5937610,2026-09-03,09:55,B152PR,"JQ	0	21:33:07.350	Core 04	2026.09.03 09:55:00   [SRJ-IND] B152PR sym=EURUSD bar=2026.09.03 09:50 z1=2495,S,1.16081,1.16100,2026.09.01 09:15,1,2026.09.01 17:10,1.16081,1.16044"
245,RECON62-B160,1617DC1ACCE6B50ED2D1359582A70A8B8503C569623EE90C18C6B33542796207,Tester/logs/20261010.log,5937611,2026-09-03,09:55,B152PR,"PF	0	21:33:07.350	Core 04	2026.09.03 09:55:00   [SRJ-IND] B152PR sym=EURUSD bar=2026.09.03 09:50 z1=2792,B,1.15906,1.15944,2026.09.03 06:15,1,2026.09.03 06:20,1.15956,1.15943"
246,RECON62-B160,1617DC1ACCE6B50ED2D1359582A70A8B8503C569623EE90C18C6B33542796207,Tester/logs/20261010.log,5937612,2026-09-03,09:55,B152PR,"DN	0	21:33:07.350	Core 04	2026.09.03 09:55:00   [SRJ-IND] B152PR sym=EURUSD bar=2026.09.03 09:50 bull=1 bear=1 nz=18"
247,RECON62-B160,1617DC1ACCE6B50ED2D1359582A70A8B8503C569623EE90C18C6B33542796207,Tester/logs/20261010.log,5937621,2026-09-03,10:00,B152PR,"DQ	0	21:33:07.350	Core 04	2026.09.03 10:00:00   [SRJ-IND] B152PR sym=EURUSD bar=2026.09.03 09:55 z1=305,B,1.15201,1.15225,2026.08.13 10:45,1,2026.08.13 11:00,1.15264,1.15225"
248,RECON62-B160,1617DC1ACCE6B50ED2D1359582A70A8B8503C569623EE90C18C6B33542796207,Tester/logs/20261010.log,5937622,2026-09-03,10:00,B152PR,"DK	0	21:33:07.350	Core 04	2026.09.03 10:00:00   [SRJ-IND] B152PR sym=EURUSD bar=2026.09.03 09:55 z1=405,B,1.15248,1.15263,2026.08.14 00:25,1,2026.08.14 00:50,1.15276,1.15259"
249,RECON62-B160,1617DC1ACCE6B50ED2D1359582A70A8B8503C569623EE90C18C6B33542796207,Tester/logs/20261010.log,5937623,2026-09-03,10:00,B152PR,"EM	0	21:33:07.350	Core 04	2026.09.03 10:00:00   [SRJ-IND] B152PR sym=EURUSD bar=2026.09.03 09:55 z1=435,B,1.15357,1.15373,2026.08.14 06:30,1,2026.08.14 06:35,1.15382,1.15367"
250,RECON62-B160,1617DC1ACCE6B50ED2D1359582A70A8B8503C569623EE90C18C6B33542796207,Tester/logs/20261010.log,5937624,2026-09-03,10:00,B152PR,"OG	0	21:33:07.350	Core 04	2026.09.03 10:00:00   [SRJ-IND] B152PR sym=EURUSD bar=2026.09.03 09:55 z1=484,B,1.15504,1.15532,2026.08.14 11:45,1,2026.08.14 11:50,1.15549,1.15520"
251,RECON62-B160,1617DC1ACCE6B50ED2D1359582A70A8B8503C569623EE90C18C6B33542796207,Tester/logs/20261010.log,5937625,2026-09-03,10:00,B152PR,"KK	0	21:33:07.350	Core 04	2026.09.03 10:00:00   [SRJ-IND] B152PR sym=EURUSD bar=2026.09.03 09:55 z1=1389,S,1.17072,1.17107,2026.08.21 13:55,1,2026.08.21 14:20,1.17098,1.17032"
252,RECON62-B160,1617DC1ACCE6B50ED2D1359582A70A8B8503C569623EE90C18C6B33542796207,Tester/logs/20261010.log,5937626,2026-09-03,10:00,B152PR,"RQ	0	21:33:07.350	Core 04	2026.09.03 10:00:00   [SRJ-IND] B152PR sym=EURUSD bar=2026.09.03 09:55 z1=1481,S,1.16836,1.16871,2026.08.24 04:10,1,2026.08.24 05:10,1.16841,1.16818"
253,RECON62-B160,1617DC1ACCE6B50ED2D1359582A70A8B8503C569623EE90C18C6B33542796207,Tester/logs/20261010.log,5937627,2026-09-03,10:00,B152PR,"GG	0	21:33:07.350	Core 04	2026.09.03 10:00:00   [SRJ-IND] B152PR sym=EURUSD bar=2026.09.03 09:55 z1=1484,S,1.16822,1.16855,2026.08.24 04:20,1,2026.08.24 05:00,1.16831,1.16810"
254,RECON62-B160,1617DC1ACCE6B50ED2D1359582A70A8B8503C569623EE90C18C6B33542796207,Tester/logs/20261010.log,5937628,2026-09-03,10:00,B152PR,"QM	0	21:33:07.350	Core 04	2026.09.03 10:00:00   [SRJ-IND] B152PR sym=EURUSD bar=2026.09.03 09:55 z1=1516,S,1.16800,1.16817,2026.08.24 08:45,1,2026.08.24 08:55,1.16812,1.16783"
255,RECON62-B160,1617DC1ACCE6B50ED2D1359582A70A8B8503C569623EE90C18C6B33542796207,Tester/logs/20261010.log,5937629,2026-09-03,10:00,B152PR,"QS	0	21:33:07.350	Core 04	2026.09.03 10:00:00   [SRJ-IND] B152PR sym=EURUSD bar=2026.09.03 09:55 z1=1704,S,1.16580,1.16647,2026.08.26 16:00,1,2026.08.26 16:30,1.16587,1.16541"
256,RECON62-B160,1617DC1ACCE6B50ED2D1359582A70A8B8503C569623EE90C18C6B33542796207,Tester/logs/20261010.log,5937630,2026-09-03,10:00,B152PR,"NI	0	21:33:07.350	Core 04	2026.09.03 10:00:00   [SRJ-IND] B152PR sym=EURUSD bar=2026.09.03 09:55 z1=1728,S,1.16596,1.16624,2026.08.26 16:00,1,2026.08.27 16:25,1.16598,1.16561"
257,RECON62-B160,1617DC1ACCE6B50ED2D1359582A70A8B8503C569623EE90C18C6B33542796207,Tester/logs/20261010.log,5937631,2026-09-03,10:00,B152PR,"JO	0	21:33:07.350	Core 04	2026.09.03 10:00:00   [SRJ-IND] B152PR sym=EURUSD bar=2026.09.03 09:55 z1=1784,S,1.16754,1.16787,2026.08.25 23:40,1,2026.08.25 23:50,1.16758,1.16746"
258,RECON62-B160,1617DC1ACCE6B50ED2D1359582A70A8B8503C569623EE90C18C6B33542796207,Tester/logs/20261010.log,5937632,2026-09-03,10:00,B152PR,"FE	0	21:33:07.350	Core 04	2026.09.03 10:00:00   [SRJ-IND] B152PR sym=EURUSD bar=2026.09.03 09:55 z1=1866,S,1.16723,1.16738,2026.08.26 12:00,1,2026.08.26 15:10,1.16732,1.16692"
259,RECON62-B160,1617DC1ACCE6B50ED2D1359582A70A8B8503C569623EE90C18C6B33542796207,Tester/logs/20261010.log,5937633,2026-09-03,10:00,B152PR,"NK	0	21:33:07.350	Core 04	2026.09.03 10:00:00   [SRJ-IND] B152PR sym=EURUSD bar=2026.09.03 09:55 z1=2109,S,1.16505,1.16537,2026.08.28 05:05,1,2026.08.28 05:55,1.16507,1.16497"
260,RECON62-B160,1617DC1ACCE6B50ED2D1359582A70A8B8503C569623EE90C18C6B33542796207,Tester/logs/20261010.log,5937634,2026-09-03,10:00,B152PR,"EQ	0	21:33:07.350	Core 04	2026.09.03 10:00:00   [SRJ-IND] B152PR sym=EURUSD bar=2026.09.03 09:55 z1=2149,S,1.16492,1.16507,2026.08.28 06:40,1,2026.08.28 14:00,1.16494,1.16471"
261,RECON62-B160,1617DC1ACCE6B50ED2D1359582A70A8B8503C569623EE90C18C6B33542796207,Tester/logs/20261010.log,5937635,2026-09-03,10:00,B152PR,"OG	0	21:33:07.350	Core 04	2026.09.03 10:00:00   [SRJ-IND] B152PR sym=EURUSD bar=2026.09.03 09:55 z1=2470,S,1.16100,1.16129,2026.09.01 08:20,1,2026.09.01 08:45,1.16100,1.16081"
262,RECON62-B160,1617DC1ACCE6B50ED2D1359582A70A8B8503C569623EE90C18C6B33542796207,Tester/logs/20261010.log,5937636,2026-09-03,10:00,B152PR,"CM	0	21:33:07.350	Core 04	2026.09.03 10:00:00   [SRJ-IND] B152PR sym=EURUSD bar=2026.09.03 09:55 z1=2494,S,1.16073,1.16096,2026.09.01 10:20,1,2026.09.01 17:10,1.16081,1.16044"
263,RECON62-B160,1617DC1ACCE6B50ED2D1359582A70A8B8503C569623EE90C18C6B33542796207,Tester/logs/20261010.log,5937637,2026-09-03,10:00,B152PR,"OS	0	21:33:07.350	Core 04	2026.09.03 10:00:00   [SRJ-IND] B152PR sym=EURUSD bar=2026.09.03 09:55 z1=2495,S,1.16081,1.16100,2026.09.01 09:15,1,2026.09.01 17:10,1.16081,1.16044"
264,RECON62-B160,1617DC1ACCE6B50ED2D1359582A70A8B8503C569623EE90C18C6B33542796207,Tester/logs/20261010.log,5937638,2026-09-03,10:00,B152PR,"IH	0	21:33:07.350	Core 04	2026.09.03 10:00:00   [SRJ-IND] B152PR sym=EURUSD bar=2026.09.03 09:55 z1=2792,B,1.15906,1.15944,2026.09.03 06:15,1,2026.09.03 06:20,1.15956,1.15943"
265,RECON62-B160,1617DC1ACCE6B50ED2D1359582A70A8B8503C569623EE90C18C6B33542796207,Tester/logs/20261010.log,5937639,2026-09-03,10:00,B152PR,"ML	0	21:33:07.350	Core 04	2026.09.03 10:00:00   [SRJ-IND] B152PR sym=EURUSD bar=2026.09.03 09:55 bull=1 bear=1 nz=18"
266,RECON62-B160,1617DC1ACCE6B50ED2D1359582A70A8B8503C569623EE90C18C6B33542796207,Tester/logs/20261010.log,5937655,2026-09-03,10:05,B152PR,"KR	0	21:33:07.350	Core 04	2026.09.03 10:05:00   [SRJ-IND] B152PR sym=EURUSD bar=2026.09.03 10:00 z1=305,B,1.15201,1.15225,2026.08.13 10:45,1,2026.08.13 11:00,1.15264,1.15225"
267,RECON62-B160,1617DC1ACCE6B50ED2D1359582A70A8B8503C569623EE90C18C6B33542796207,Tester/logs/20261010.log,5937656,2026-09-03,10:05,B152PR,"KD	0	21:33:07.350	Core 04	2026.09.03 10:05:00   [SRJ-IND] B152PR sym=EURUSD bar=2026.09.03 10:00 z1=405,B,1.15248,1.15263,2026.08.14 00:25,1,2026.08.14 00:50,1.15276,1.15259"
268,RECON62-B160,1617DC1ACCE6B50ED2D1359582A70A8B8503C569623EE90C18C6B33542796207,Tester/logs/20261010.log,5937657,2026-09-03,10:05,B152PR,"FN	0	21:33:07.350	Core 04	2026.09.03 10:05:00   [SRJ-IND] B152PR sym=EURUSD bar=2026.09.03 10:00 z1=435,B,1.15357,1.15373,2026.08.14 06:30,1,2026.08.14 06:35,1.15382,1.15367"
269,RECON62-B160,1617DC1ACCE6B50ED2D1359582A70A8B8503C569623EE90C18C6B33542796207,Tester/logs/20261010.log,5937658,2026-09-03,10:05,B152PR,"PP	0	21:33:07.350	Core 04	2026.09.03 10:05:00   [SRJ-IND] B152PR sym=EURUSD bar=2026.09.03 10:00 z1=484,B,1.15504,1.15532,2026.08.14 11:45,1,2026.08.14 11:50,1.15549,1.15520"
270,RECON62-B160,1617DC1ACCE6B50ED2D1359582A70A8B8503C569623EE90C18C6B33542796207,Tester/logs/20261010.log,5937659,2026-09-03,10:05,B152PR,"DH	0	21:33:07.350	Core 04	2026.09.03 10:05:00   [SRJ-IND] B152PR sym=EURUSD bar=2026.09.03 10:00 z1=1389,S,1.17072,1.17107,2026.08.21 13:55,1,2026.08.21 14:20,1.17098,1.17032"
271,RECON62-B160,1617DC1ACCE6B50ED2D1359582A70A8B8503C569623EE90C18C6B33542796207,Tester/logs/20261010.log,5937660,2026-09-03,10:05,B152PR,"IN	0	21:33:07.350	Core 04	2026.09.03 10:05:00   [SRJ-IND] B152PR sym=EURUSD bar=2026.09.03 10:00 z1=1481,S,1.16836,1.16871,2026.08.24 04:10,1,2026.08.24 05:10,1.16841,1.16818"
272,RECON62-B160,1617DC1ACCE6B50ED2D1359582A70A8B8503C569623EE90C18C6B33542796207,Tester/logs/20261010.log,5937661,2026-09-03,10:05,B152PR,"PD	0	21:33:07.350	Core 04	2026.09.03 10:05:00   [SRJ-IND] B152PR sym=EURUSD bar=2026.09.03 10:00 z1=1484,S,1.16822,1.16855,2026.08.24 04:20,1,2026.08.24 05:00,1.16831,1.16810"
273,RECON62-B160,1617DC1ACCE6B50ED2D1359582A70A8B8503C569623EE90C18C6B33542796207,Tester/logs/20261010.log,5937662,2026-09-03,10:05,B152PR,"JJ	0	21:33:07.350	Core 04	2026.09.03 10:05:00   [SRJ-IND] B152PR sym=EURUSD bar=2026.09.03 10:00 z1=1516,S,1.16800,1.16817,2026.08.24 08:45,1,2026.08.24 08:55,1.16812,1.16783"
274,RECON62-B160,1617DC1ACCE6B50ED2D1359582A70A8B8503C569623EE90C18C6B33542796207,Tester/logs/20261010.log,5937663,2026-09-03,10:05,B152PR,"JP	0	21:33:07.350	Core 04	2026.09.03 10:05:00   [SRJ-IND] B152PR sym=EURUSD bar=2026.09.03 10:00 z1=1704,S,1.16580,1.16647,2026.08.26 16:00,1,2026.08.26 16:30,1.16587,1.16541"
275,RECON62-B160,1617DC1ACCE6B50ED2D1359582A70A8B8503C569623EE90C18C6B33542796207,Tester/logs/20261010.log,5937664,2026-09-03,10:05,B152PR,"EF	0	21:33:07.350	Core 04	2026.09.03 10:05:00   [SRJ-IND] B152PR sym=EURUSD bar=2026.09.03 10:00 z1=1728,S,1.16596,1.16624,2026.08.26 16:00,1,2026.08.27 16:25,1.16598,1.16561"
276,RECON62-B160,1617DC1ACCE6B50ED2D1359582A70A8B8503C569623EE90C18C6B33542796207,Tester/logs/20261010.log,5937665,2026-09-03,10:05,B152PR,"QL	0	21:33:07.350	Core 04	2026.09.03 10:05:00   [SRJ-IND] B152PR sym=EURUSD bar=2026.09.03 10:00 z1=1784,S,1.16754,1.16787,2026.08.25 23:40,1,2026.08.25 23:50,1.16758,1.16746"
277,RECON62-B160,1617DC1ACCE6B50ED2D1359582A70A8B8503C569623EE90C18C6B33542796207,Tester/logs/20261010.log,5937666,2026-09-03,10:05,B152PR,"MR	0	21:33:07.350	Core 04	2026.09.03 10:05:00   [SRJ-IND] B152PR sym=EURUSD bar=2026.09.03 10:00 z1=1866,S,1.16723,1.16738,2026.08.26 12:00,1,2026.08.26 15:10,1.16732,1.16692"
278,RECON62-B160,1617DC1ACCE6B50ED2D1359582A70A8B8503C569623EE90C18C6B33542796207,Tester/logs/20261010.log,5937667,2026-09-03,10:05,B152PR,"EH	0	21:33:07.350	Core 04	2026.09.03 10:05:00   [SRJ-IND] B152PR sym=EURUSD bar=2026.09.03 10:00 z1=2109,S,1.16505,1.16537,2026.08.28 05:05,1,2026.08.28 05:55,1.16507,1.16497"
279,RECON62-B160,1617DC1ACCE6B50ED2D1359582A70A8B8503C569623EE90C18C6B33542796207,Tester/logs/20261010.log,5937668,2026-09-03,10:05,B152PR,"NN	0	21:33:07.350	Core 04	2026.09.03 10:05:00   [SRJ-IND] B152PR sym=EURUSD bar=2026.09.03 10:00 z1=2149,S,1.16492,1.16507,2026.08.28 06:40,1,2026.08.28 14:00,1.16494,1.16471"
280,RECON62-B160,1617DC1ACCE6B50ED2D1359582A70A8B8503C569623EE90C18C6B33542796207,Tester/logs/20261010.log,5937669,2026-09-03,10:05,B152PR,"RE	0	21:33:07.350	Core 04	2026.09.03 10:05:00   [SRJ-IND] B152PR sym=EURUSD bar=2026.09.03 10:00 z1=2792,B,1.15906,1.15944,2026.09.03 06:15,1,2026.09.03 06:20,1.15956,1.15943"
281,RECON62-B160,1617DC1ACCE6B50ED2D1359582A70A8B8503C569623EE90C18C6B33542796207,Tester/logs/20261010.log,5937670,2026-09-03,10:05,B152PR,"QI	0	21:33:07.350	Core 04	2026.09.03 10:05:00   [SRJ-IND] B152PR sym=EURUSD bar=2026.09.03 10:00 bull=1 bear=1 nz=15"
282,RECON62-B160,1617DC1ACCE6B50ED2D1359582A70A8B8503C569623EE90C18C6B33542796207,Tester/logs/20261010.log,5937675,2026-09-03,10:05,CQDRECHECK,"CQ	0	21:33:07.350	Core 04	2026.09.03 10:05:00   [SRJ-EA] CQDRECHECK shift=2 passA=2.0 passB=2.0 diff=0 bar=2026.09.03 09:55 state=IDLE dir=NONE divLatch=0 hit1=0 hit2=499 mism=0"
283,RECON62-B160,1617DC1ACCE6B50ED2D1359582A70A8B8503C569623EE90C18C6B33542796207,Tester/logs/20261010.log,5937683,2026-09-03,10:10,B152PR,"LH	0	21:33:07.350	Core 04	2026.09.03 10:10:00   [SRJ-IND] B152PR sym=EURUSD bar=2026.09.03 10:05 z1=305,B,1.15201,1.15225,2026.08.13 10:45,1,2026.08.13 11:00,1.15264,1.15225"
284,RECON62-B160,1617DC1ACCE6B50ED2D1359582A70A8B8503C569623EE90C18C6B33542796207,Tester/logs/20261010.log,5937684,2026-09-03,10:10,B152PR,"LR	0	21:33:07.350	Core 04	2026.09.03 10:10:00   [SRJ-IND] B152PR sym=EURUSD bar=2026.09.03 10:05 z1=405,B,1.15248,1.15263,2026.08.14 00:25,1,2026.08.14 00:50,1.15276,1.15259"
285,RECON62-B160,1617DC1ACCE6B50ED2D1359582A70A8B8503C569623EE90C18C6B33542796207,Tester/logs/20261010.log,5937685,2026-09-03,10:10,B152PR,"ED	0	21:33:07.350	Core 04	2026.09.03 10:10:00   [SRJ-IND] B152PR sym=EURUSD bar=2026.09.03 10:05 z1=435,B,1.15357,1.15373,2026.08.14 06:30,1,2026.08.14 06:35,1.15382,1.15367"
286,RECON62-B160,1617DC1ACCE6B50ED2D1359582A70A8B8503C569623EE90C18C6B33542796207,Tester/logs/20261010.log,5937686,2026-09-03,10:10,B152PR,"ON	0	21:33:07.350	Core 04	2026.09.03 10:10:00   [SRJ-IND] B152PR sym=EURUSD bar=2026.09.03 10:05 z1=484,B,1.15504,1.15532,2026.08.14 11:45,1,2026.08.14 11:50,1.15549,1.15520"
287,RECON62-B160,1617DC1ACCE6B50ED2D1359582A70A8B8503C569623EE90C18C6B33542796207,Tester/logs/20261010.log,5937687,2026-09-03,10:10,B152PR,"CR	0	21:33:07.350	Core 04	2026.09.03 10:10:00   [SRJ-IND] B152PR sym=EURUSD bar=2026.09.03 10:05 z1=1389,S,1.17072,1.17107,2026.08.21 13:55,1,2026.08.21 14:20,1.17098,1.17032"
288,RECON62-B160,1617DC1ACCE6B50ED2D1359582A70A8B8503C569623EE90C18C6B33542796207,Tester/logs/20261010.log,5937688,2026-09-03,10:10,B152PR,"JH	0	21:33:07.350	Core 04	2026.09.03 10:10:00   [SRJ-IND] B152PR sym=EURUSD bar=2026.09.03 10:05 z1=1481,S,1.16836,1.16871,2026.08.24 04:10,1,2026.08.24 05:10,1.16841,1.16818"
289,RECON62-B160,1617DC1ACCE6B50ED2D1359582A70A8B8503C569623EE90C18C6B33542796207,Tester/logs/20261010.log,5937689,2026-09-03,10:10,B152PR,"ON	0	21:33:07.350	Core 04	2026.09.03 10:10:00   [SRJ-IND] B152PR sym=EURUSD bar=2026.09.03 10:05 z1=1484,S,1.16822,1.16855,2026.08.24 04:20,1,2026.08.24 05:00,1.16831,1.16810"
290,RECON62-B160,1617DC1ACCE6B50ED2D1359582A70A8B8503C569623EE90C18C6B33542796207,Tester/logs/20261010.log,5937690,2026-09-03,10:10,B152PR,"ID	0	21:33:07.350	Core 04	2026.09.03 10:10:00   [SRJ-IND] B152PR sym=EURUSD bar=2026.09.03 10:05 z1=1516,S,1.16800,1.16817,2026.08.24 08:45,1,2026.08.24 08:55,1.16812,1.16783"
291,RECON62-B160,1617DC1ACCE6B50ED2D1359582A70A8B8503C569623EE90C18C6B33542796207,Tester/logs/20261010.log,5937691,2026-09-03,10:10,B152PR,"IJ	0	21:33:07.350	Core 04	2026.09.03 10:10:00   [SRJ-IND] B152PR sym=EURUSD bar=2026.09.03 10:05 z1=1704,S,1.16580,1.16647,2026.08.26 16:00,1,2026.08.26 16:30,1.16587,1.16541"
292,RECON62-B160,1617DC1ACCE6B50ED2D1359582A70A8B8503C569623EE90C18C6B33542796207,Tester/logs/20261010.log,5937692,2026-09-03,10:10,B152PR,"FP	0	21:33:07.350	Core 04	2026.09.03 10:10:00   [SRJ-IND] B152PR sym=EURUSD bar=2026.09.03 10:05 z1=1728,S,1.16596,1.16624,2026.08.26 16:00,1,2026.08.27 16:25,1.16598,1.16561"
293,RECON62-B160,1617DC1ACCE6B50ED2D1359582A70A8B8503C569623EE90C18C6B33542796207,Tester/logs/20261010.log,5937693,2026-09-03,10:10,B152PR,"RF	0	21:33:07.350	Core 04	2026.09.03 10:10:00   [SRJ-IND] B152PR sym=EURUSD bar=2026.09.03 10:05 z1=1784,S,1.16754,1.16787,2026.08.25 23:40,1,2026.08.25 23:50,1.16758,1.16746"
294,RECON62-B160,1617DC1ACCE6B50ED2D1359582A70A8B8503C569623EE90C18C6B33542796207,Tester/logs/20261010.log,5937694,2026-09-03,10:10,B152PR,"NL	0	21:33:07.350	Core 04	2026.09.03 10:10:00   [SRJ-IND] B152PR sym=EURUSD bar=2026.09.03 10:05 z1=1866,S,1.16723,1.16738,2026.08.26 12:00,1,2026.08.26 15:10,1.16732,1.16692"
295,RECON62-B160,1617DC1ACCE6B50ED2D1359582A70A8B8503C569623EE90C18C6B33542796207,Tester/logs/20261010.log,5937695,2026-09-03,10:10,B152PR,"FR	0	21:33:07.350	Core 04	2026.09.03 10:10:00   [SRJ-IND] B152PR sym=EURUSD bar=2026.09.03 10:05 z1=2109,S,1.16505,1.16537,2026.08.28 05:05,1,2026.08.28 05:55,1.16507,1.16497"
296,RECON62-B160,1617DC1ACCE6B50ED2D1359582A70A8B8503C569623EE90C18C6B33542796207,Tester/logs/20261010.log,5937696,2026-09-03,10:10,B152PR,"MH	0	21:33:07.350	Core 04	2026.09.03 10:10:00   [SRJ-IND] B152PR sym=EURUSD bar=2026.09.03 10:05 z1=2149,S,1.16492,1.16507,2026.08.28 06:40,1,2026.08.28 14:00,1.16494,1.16471"
297,RECON62-B160,1617DC1ACCE6B50ED2D1359582A70A8B8503C569623EE90C18C6B33542796207,Tester/logs/20261010.log,5937697,2026-09-03,10:10,B152PR,"QO	0	21:33:07.350	Core 04	2026.09.03 10:10:00   [SRJ-IND] B152PR sym=EURUSD bar=2026.09.03 10:05 z1=2792,B,1.15906,1.15944,2026.09.03 06:15,1,2026.09.03 06:20,1.15956,1.15943"
298,RECON62-B160,1617DC1ACCE6B50ED2D1359582A70A8B8503C569623EE90C18C6B33542796207,Tester/logs/20261010.log,5937698,2026-09-03,10:10,B152PR,"RG	0	21:33:07.350	Core 04	2026.09.03 10:10:00   [SRJ-IND] B152PR sym=EURUSD bar=2026.09.03 10:05 bull=1 bear=1 nz=15"
299,RECON62-B160,1617DC1ACCE6B50ED2D1359582A70A8B8503C569623EE90C18C6B33542796207,Tester/logs/20261010.log,5937703,2026-09-03,10:10,CQDRECHECK,"PO	0	21:33:07.350	Core 04	2026.09.03 10:10:00   [SRJ-EA] CQDRECHECK shift=2 passA=2.0 passB=2.0 diff=0 bar=2026.09.03 10:00 state=IDLE dir=NONE divLatch=0 hit1=0 hit2=500 mism=0"
300,RECON62-B160,1617DC1ACCE6B50ED2D1359582A70A8B8503C569623EE90C18C6B33542796207,Tester/logs/20261010.log,5937709,2026-09-03,10:15,B152PR,"NN	0	21:33:07.350	Core 04	2026.09.03 10:15:01   [SRJ-IND] B152PR sym=EURUSD bar=2026.09.03 10:10 z1=305,B,1.15201,1.15225,2026.08.13 10:45,1,2026.08.13 11:00,1.15264,1.15225"
301,RECON62-B160,1617DC1ACCE6B50ED2D1359582A70A8B8503C569623EE90C18C6B33542796207,Tester/logs/20261010.log,5937710,2026-09-03,10:15,B152PR,"RP	0	21:33:07.350	Core 04	2026.09.03 10:15:01   [SRJ-IND] B152PR sym=EURUSD bar=2026.09.03 10:10 z1=405,B,1.15248,1.15263,2026.08.14 00:25,1,2026.08.14 00:50,1.15276,1.15259"
302,RECON62-B160,1617DC1ACCE6B50ED2D1359582A70A8B8503C569623EE90C18C6B33542796207,Tester/logs/20261010.log,5937711,2026-09-03,10:15,B152PR,"CJ	0	21:33:07.350	Core 04	2026.09.03 10:15:01   [SRJ-IND] B152PR sym=EURUSD bar=2026.09.03 10:10 z1=435,B,1.15357,1.15373,2026.08.14 06:30,1,2026.08.14 06:35,1.15382,1.15367"
303,RECON62-B160,1617DC1ACCE6B50ED2D1359582A70A8B8503C569623EE90C18C6B33542796207,Tester/logs/20261010.log,5937712,2026-09-03,10:15,B152PR,"EL	0	21:33:07.350	Core 04	2026.09.03 10:15:01   [SRJ-IND] B152PR sym=EURUSD bar=2026.09.03 10:10 z1=484,B,1.15504,1.15532,2026.08.14 11:45,1,2026.08.14 11:50,1.15549,1.15520"
304,RECON62-B160,1617DC1ACCE6B50ED2D1359582A70A8B8503C569623EE90C18C6B33542796207,Tester/logs/20261010.log,5937713,2026-09-03,10:15,B152PR,"ED	0	21:33:07.350	Core 04	2026.09.03 10:15:01   [SRJ-IND] B152PR sym=EURUSD bar=2026.09.03 10:10 z1=1389,S,1.17072,1.17107,2026.08.21 13:55,1,2026.08.21 14:20,1.17098,1.17032"
305,RECON62-B160,1617DC1ACCE6B50ED2D1359582A70A8B8503C569623EE90C18C6B33542796207,Tester/logs/20261010.log,5937714,2026-09-03,10:15,B152PR,"HJ	0	21:33:07.350	Core 04	2026.09.03 10:15:01   [SRJ-IND] B152PR sym=EURUSD bar=2026.09.03 10:10 z1=1481,S,1.16836,1.16871,2026.08.24 04:10,1,2026.08.24 05:10,1.16841,1.16818"
306,RECON62-B160,1617DC1ACCE6B50ED2D1359582A70A8B8503C569623EE90C18C6B33542796207,Tester/logs/20261010.log,5937715,2026-09-03,10:15,B152PR,"QP	0	21:33:07.350	Core 04	2026.09.03 10:15:01   [SRJ-IND] B152PR sym=EURUSD bar=2026.09.03 10:10 z1=1484,S,1.16822,1.16855,2026.08.24 04:20,1,2026.08.24 05:00,1.16831,1.16810"
307,RECON62-B160,1617DC1ACCE6B50ED2D1359582A70A8B8503C569623EE90C18C6B33542796207,Tester/logs/20261010.log,5937716,2026-09-03,10:15,B152PR,"GF	0	21:33:07.350	Core 04	2026.09.03 10:15:01   [SRJ-IND] B152PR sym=EURUSD bar=2026.09.03 10:10 z1=1516,S,1.16800,1.16817,2026.08.24 08:45,1,2026.08.24 08:55,1.16812,1.16783"
308,RECON62-B160,1617DC1ACCE6B50ED2D1359582A70A8B8503C569623EE90C18C6B33542796207,Tester/logs/20261010.log,5937717,2026-09-03,10:15,B152PR,"GL	0	21:33:07.350	Core 04	2026.09.03 10:15:01   [SRJ-IND] B152PR sym=EURUSD bar=2026.09.03 10:10 z1=1704,S,1.16580,1.16647,2026.08.26 16:00,1,2026.08.26 16:30,1.16587,1.16541"
309,RECON62-B160,1617DC1ACCE6B50ED2D1359582A70A8B8503C569623EE90C18C6B33542796207,Tester/logs/20261010.log,5937718,2026-09-03,10:15,B152PR,"DR	0	21:33:07.350	Core 04	2026.09.03 10:15:01   [SRJ-IND] B152PR sym=EURUSD bar=2026.09.03 10:10 z1=1728,S,1.16596,1.16624,2026.08.26 16:00,1,2026.08.27 16:25,1.16598,1.16561"
310,RECON62-B160,1617DC1ACCE6B50ED2D1359582A70A8B8503C569623EE90C18C6B33542796207,Tester/logs/20261010.log,5937719,2026-09-03,10:15,B152PR,"PH	0	21:33:07.350	Core 04	2026.09.03 10:15:01   [SRJ-IND] B152PR sym=EURUSD bar=2026.09.03 10:10 z1=1784,S,1.16754,1.16787,2026.08.25 23:40,1,2026.08.25 23:50,1.16758,1.16746"
311,RECON62-B160,1617DC1ACCE6B50ED2D1359582A70A8B8503C569623EE90C18C6B33542796207,Tester/logs/20261010.log,5937720,2026-09-03,10:15,B152PR,"LN	0	21:33:07.350	Core 04	2026.09.03 10:15:01   [SRJ-IND] B152PR sym=EURUSD bar=2026.09.03 10:10 z1=1866,S,1.16723,1.16738,2026.08.26 12:00,1,2026.08.26 15:10,1.16732,1.16692"
312,RECON62-B160,1617DC1ACCE6B50ED2D1359582A70A8B8503C569623EE90C18C6B33542796207,Tester/logs/20261010.log,5937721,2026-09-03,10:15,B152PR,"DD	0	21:33:07.350	Core 04	2026.09.03 10:15:01   [SRJ-IND] B152PR sym=EURUSD bar=2026.09.03 10:10 z1=2109,S,1.16505,1.16537,2026.08.28 05:05,1,2026.08.28 05:55,1.16507,1.16497"
313,RECON62-B160,1617DC1ACCE6B50ED2D1359582A70A8B8503C569623EE90C18C6B33542796207,Tester/logs/20261010.log,5937722,2026-09-03,10:15,B152PR,"KJ	0	21:33:07.350	Core 04	2026.09.03 10:15:01   [SRJ-IND] B152PR sym=EURUSD bar=2026.09.03 10:10 z1=2149,S,1.16492,1.16507,2026.08.28 06:40,1,2026.08.28 14:00,1.16494,1.16471"
314,RECON62-B160,1617DC1ACCE6B50ED2D1359582A70A8B8503C569623EE90C18C6B33542796207,Tester/logs/20261010.log,5937723,2026-09-03,10:15,B152PR,"OQ	0	21:33:07.350	Core 04	2026.09.03 10:15:01   [SRJ-IND] B152PR sym=EURUSD bar=2026.09.03 10:10 z1=2792,B,1.15906,1.15944,2026.09.03 06:15,1,2026.09.03 06:20,1.15956,1.15943"
315,RECON62-B160,1617DC1ACCE6B50ED2D1359582A70A8B8503C569623EE90C18C6B33542796207,Tester/logs/20261010.log,5937724,2026-09-03,10:15,B152PR,"PE	0	21:33:07.350	Core 04	2026.09.03 10:15:01   [SRJ-IND] B152PR sym=EURUSD bar=2026.09.03 10:10 bull=1 bear=1 nz=15"
316,RECON62-B160,1617DC1ACCE6B50ED2D1359582A70A8B8503C569623EE90C18C6B33542796207,Tester/logs/20261010.log,5937733,2026-09-03,10:20,B152PR,"DM	0	21:33:07.350	Core 04	2026.09.03 10:20:00   [SRJ-IND] B152PR sym=EURUSD bar=2026.09.03 10:15 z1=305,B,1.15201,1.15225,2026.08.13 10:45,1,2026.08.13 11:00,1.15264,1.15225"
317,RECON62-B160,1617DC1ACCE6B50ED2D1359582A70A8B8503C569623EE90C18C6B33542796207,Tester/logs/20261010.log,5937734,2026-09-03,10:20,B152PR,"HG	0	21:33:07.350	Core 04	2026.09.03 10:20:00   [SRJ-IND] B152PR sym=EURUSD bar=2026.09.03 10:15 z1=405,B,1.15248,1.15263,2026.08.14 00:25,1,2026.08.14 00:50,1.15276,1.15259"
318,RECON62-B160,1617DC1ACCE6B50ED2D1359582A70A8B8503C569623EE90C18C6B33542796207,Tester/logs/20261010.log,5937735,2026-09-03,10:20,B152PR,"MI	0	21:33:07.350	Core 04	2026.09.03 10:20:00   [SRJ-IND] B152PR sym=EURUSD bar=2026.09.03 10:15 z1=435,B,1.15357,1.15373,2026.08.14 06:30,1,2026.08.14 06:35,1.15382,1.15367"
319,RECON62-B160,1617DC1ACCE6B50ED2D1359582A70A8B8503C569623EE90C18C6B33542796207,Tester/logs/20261010.log,5937736,2026-09-03,10:20,B152PR,"KR	0	21:33:07.350	Core 04	2026.09.03 10:20:00   [SRJ-IND] B152PR sym=EURUSD bar=2026.09.03 10:15 z1=484,B,1.15504,1.15532,2026.08.14 11:45,1,2026.08.14 11:50,1.15549,1.15520"
320,RECON62-B160,1617DC1ACCE6B50ED2D1359582A70A8B8503C569623EE90C18C6B33542796207,Tester/logs/20261010.log,5937737,2026-09-03,10:20,B152PR,"KF	0	21:33:07.350	Core 04	2026.09.03 10:20:00   [SRJ-IND] B152PR sym=EURUSD bar=2026.09.03 10:15 z1=1389,S,1.17072,1.17107,2026.08.21 13:55,1,2026.08.21 14:20,1.17098,1.17032"
321,RECON62-B160,1617DC1ACCE6B50ED2D1359582A70A8B8503C569623EE90C18C6B33542796207,Tester/logs/20261010.log,5937738,2026-09-03,10:20,B152PR,"RL	0	21:33:07.350	Core 04	2026.09.03 10:20:00   [SRJ-IND] B152PR sym=EURUSD bar=2026.09.03 10:15 z1=1481,S,1.16836,1.16871,2026.08.24 04:10,1,2026.08.24 05:10,1.16841,1.16818"
322,RECON62-B160,1617DC1ACCE6B50ED2D1359582A70A8B8503C569623EE90C18C6B33542796207,Tester/logs/20261010.log,5937739,2026-09-03,10:20,B152PR,"GR	0	21:33:07.350	Core 04	2026.09.03 10:20:00   [SRJ-IND] B152PR sym=EURUSD bar=2026.09.03 10:15 z1=1484,S,1.16822,1.16855,2026.08.24 04:20,1,2026.08.24 05:00,1.16831,1.16810"
323,RECON62-B160,1617DC1ACCE6B50ED2D1359582A70A8B8503C569623EE90C18C6B33542796207,Tester/logs/20261010.log,5937740,2026-09-03,10:20,B152PR,"QH	0	21:33:07.350	Core 04	2026.09.03 10:20:00   [SRJ-IND] B152PR sym=EURUSD bar=2026.09.03 10:15 z1=1516,S,1.16800,1.16817,2026.08.24 08:45,1,2026.08.24 08:55,1.16812,1.16783"
324,RECON62-B160,1617DC1ACCE6B50ED2D1359582A70A8B8503C569623EE90C18C6B33542796207,Tester/logs/20261010.log,5937741,2026-09-03,10:20,B152PR,"QN	0	21:33:07.350	Core 04	2026.09.03 10:20:00   [SRJ-IND] B152PR sym=EURUSD bar=2026.09.03 10:15 z1=1704,S,1.16580,1.16647,2026.08.26 16:00,1,2026.08.26 16:30,1.16587,1.16541"
325,RECON62-B160,1617DC1ACCE6B50ED2D1359582A70A8B8503C569623EE90C18C6B33542796207,Tester/logs/20261010.log,5937742,2026-09-03,10:20,B152PR,"ND	0	21:33:07.350	Core 04	2026.09.03 10:20:00   [SRJ-IND] B152PR sym=EURUSD bar=2026.09.03 10:15 z1=1728,S,1.16596,1.16624,2026.08.26 16:00,1,2026.08.27 16:25,1.16598,1.16561"
326,RECON62-B160,1617DC1ACCE6B50ED2D1359582A70A8B8503C569623EE90C18C6B33542796207,Tester/logs/20261010.log,5937743,2026-09-03,10:20,B152PR,"JJ	0	21:33:07.350	Core 04	2026.09.03 10:20:00   [SRJ-IND] B152PR sym=EURUSD bar=2026.09.03 10:15 z1=1784,S,1.16754,1.16787,2026.08.25 23:40,1,2026.08.25 23:50,1.16758,1.16746"
327,RECON62-B160,1617DC1ACCE6B50ED2D1359582A70A8B8503C569623EE90C18C6B33542796207,Tester/logs/20261010.log,5937744,2026-09-03,10:20,B152PR,"FP	0	21:33:07.350	Core 04	2026.09.03 10:20:00   [SRJ-IND] B152PR sym=EURUSD bar=2026.09.03 10:15 z1=1866,S,1.16723,1.16738,2026.08.26 12:00,1,2026.08.26 15:10,1.16732,1.16692"
328,RECON62-B160,1617DC1ACCE6B50ED2D1359582A70A8B8503C569623EE90C18C6B33542796207,Tester/logs/20261010.log,5937745,2026-09-03,10:20,B152PR,"NF	0	21:33:07.350	Core 04	2026.09.03 10:20:00   [SRJ-IND] B152PR sym=EURUSD bar=2026.09.03 10:15 z1=2109,S,1.16505,1.16537,2026.08.28 05:05,1,2026.08.28 05:55,1.16507,1.16497"
329,RECON62-B160,1617DC1ACCE6B50ED2D1359582A70A8B8503C569623EE90C18C6B33542796207,Tester/logs/20261010.log,5937746,2026-09-03,10:20,B152PR,"EL	0	21:33:07.350	Core 04	2026.09.03 10:20:00   [SRJ-IND] B152PR sym=EURUSD bar=2026.09.03 10:15 z1=2149,S,1.16492,1.16507,2026.08.28 06:40,1,2026.08.28 14:00,1.16494,1.16471"
330,RECON62-B160,1617DC1ACCE6B50ED2D1359582A70A8B8503C569623EE90C18C6B33542796207,Tester/logs/20261010.log,5937747,2026-09-03,10:20,B152PR,"IS	0	21:33:07.350	Core 04	2026.09.03 10:20:00   [SRJ-IND] B152PR sym=EURUSD bar=2026.09.03 10:15 z1=2792,B,1.15906,1.15944,2026.09.03 06:15,1,2026.09.03 06:20,1.15956,1.15943"
331,RECON62-B160,1617DC1ACCE6B50ED2D1359582A70A8B8503C569623EE90C18C6B33542796207,Tester/logs/20261010.log,5937748,2026-09-03,10:20,B152PR,"JK	0	21:33:07.350	Core 04	2026.09.03 10:20:00   [SRJ-IND] B152PR sym=EURUSD bar=2026.09.03 10:15 bull=1 bear=1 nz=15"
332,RECON62-B160,1617DC1ACCE6B50ED2D1359582A70A8B8503C569623EE90C18C6B33542796207,Tester/logs/20261010.log,5937756,2026-09-03,10:25,B152PR,"KO	0	21:33:07.350	Core 04	2026.09.03 10:25:00   [SRJ-IND] B152PR sym=EURUSD bar=2026.09.03 10:20 z1=305,B,1.15201,1.15225,2026.08.13 10:45,1,2026.08.13 11:00,1.15264,1.15225"
333,RECON62-B160,1617DC1ACCE6B50ED2D1359582A70A8B8503C569623EE90C18C6B33542796207,Tester/logs/20261010.log,5937757,2026-09-03,10:25,B152PR,"KQ	0	21:33:07.350	Core 04	2026.09.03 10:25:00   [SRJ-IND] B152PR sym=EURUSD bar=2026.09.03 10:20 z1=405,B,1.15248,1.15263,2026.08.14 00:25,1,2026.08.14 00:50,1.15276,1.15259"
334,RECON62-B160,1617DC1ACCE6B50ED2D1359582A70A8B8503C569623EE90C18C6B33542796207,Tester/logs/20261010.log,5937758,2026-09-03,10:25,B152PR,"FK	0	21:33:07.350	Core 04	2026.09.03 10:25:00   [SRJ-IND] B152PR sym=EURUSD bar=2026.09.03 10:20 z1=435,B,1.15357,1.15373,2026.08.14 06:30,1,2026.08.14 06:35,1.15382,1.15367"
335,RECON62-B160,1617DC1ACCE6B50ED2D1359582A70A8B8503C569623EE90C18C6B33542796207,Tester/logs/20261010.log,5937759,2026-09-03,10:25,B152PR,"PM	0	21:33:07.350	Core 04	2026.09.03 10:25:00   [SRJ-IND] B152PR sym=EURUSD bar=2026.09.03 10:20 z1=484,B,1.15504,1.15532,2026.08.14 11:45,1,2026.08.14 11:50,1.15549,1.15520"
336,RECON62-B160,1617DC1ACCE6B50ED2D1359582A70A8B8503C569623EE90C18C6B33542796207,Tester/logs/20261010.log,5937760,2026-09-03,10:25,B152PR,"DE	0	21:33:07.350	Core 04	2026.09.03 10:25:00   [SRJ-IND] B152PR sym=EURUSD bar=2026.09.03 10:20 z1=1389,S,1.17072,1.17107,2026.08.21 13:55,1,2026.08.21 14:20,1.17098,1.17032"
337,RECON62-B160,1617DC1ACCE6B50ED2D1359582A70A8B8503C569623EE90C18C6B33542796207,Tester/logs/20261010.log,5937761,2026-09-03,10:25,B152PR,"IK	0	21:33:07.350	Core 04	2026.09.03 10:25:00   [SRJ-IND] B152PR sym=EURUSD bar=2026.09.03 10:20 z1=1481,S,1.16836,1.16871,2026.08.24 04:10,1,2026.08.24 05:10,1.16841,1.16818"
338,RECON62-B160,1617DC1ACCE6B50ED2D1359582A70A8B8503C569623EE90C18C6B33542796207,Tester/logs/20261010.log,5937762,2026-09-03,10:25,B152PR,"PQ	0	21:33:07.350	Core 04	2026.09.03 10:25:00   [SRJ-IND] B152PR sym=EURUSD bar=2026.09.03 10:20 z1=1484,S,1.16822,1.16855,2026.08.24 04:20,1,2026.08.24 05:00,1.16831,1.16810"
339,RECON62-B160,1617DC1ACCE6B50ED2D1359582A70A8B8503C569623EE90C18C6B33542796207,Tester/logs/20261010.log,5937763,2026-09-03,10:25,B152PR,"JG	0	21:33:07.350	Core 04	2026.09.03 10:25:00   [SRJ-IND] B152PR sym=EURUSD bar=2026.09.03 10:20 z1=1516,S,1.16800,1.16817,2026.08.24 08:45,1,2026.08.24 08:55,1.16812,1.16783"
340,RECON62-B160,1617DC1ACCE6B50ED2D1359582A70A8B8503C569623EE90C18C6B33542796207,Tester/logs/20261010.log,5937764,2026-09-03,10:25,B152PR,"JM	0	21:33:07.350	Core 04	2026.09.03 10:25:00   [SRJ-IND] B152PR sym=EURUSD bar=2026.09.03 10:20 z1=1704,S,1.16580,1.16647,2026.08.26 16:00,1,2026.08.26 16:30,1.16587,1.16541"
341,RECON62-B160,1617DC1ACCE6B50ED2D1359582A70A8B8503C569623EE90C18C6B33542796207,Tester/logs/20261010.log,5937765,2026-09-03,10:25,B152PR,"ES	0	21:33:07.350	Core 04	2026.09.03 10:25:00   [SRJ-IND] B152PR sym=EURUSD bar=2026.09.03 10:20 z1=1728,S,1.16596,1.16624,2026.08.26 16:00,1,2026.08.27 16:25,1.16598,1.16561"
342,RECON62-B160,1617DC1ACCE6B50ED2D1359582A70A8B8503C569623EE90C18C6B33542796207,Tester/logs/20261010.log,5937766,2026-09-03,10:25,B152PR,"QI	0	21:33:07.350	Core 04	2026.09.03 10:25:00   [SRJ-IND] B152PR sym=EURUSD bar=2026.09.03 10:20 z1=1784,S,1.16754,1.16787,2026.08.25 23:40,1,2026.08.25 23:50,1.16758,1.16746"
343,RECON62-B160,1617DC1ACCE6B50ED2D1359582A70A8B8503C569623EE90C18C6B33542796207,Tester/logs/20261010.log,5937767,2026-09-03,10:25,B152PR,"MO	0	21:33:07.350	Core 04	2026.09.03 10:25:00   [SRJ-IND] B152PR sym=EURUSD bar=2026.09.03 10:20 z1=1866,S,1.16723,1.16738,2026.08.26 12:00,1,2026.08.26 15:10,1.16732,1.16692"
344,RECON62-B160,1617DC1ACCE6B50ED2D1359582A70A8B8503C569623EE90C18C6B33542796207,Tester/logs/20261010.log,5937768,2026-09-03,10:25,B152PR,"EE	0	21:33:07.350	Core 04	2026.09.03 10:25:00   [SRJ-IND] B152PR sym=EURUSD bar=2026.09.03 10:20 z1=2109,S,1.16505,1.16537,2026.08.28 05:05,1,2026.08.28 05:55,1.16507,1.16497"
345,RECON62-B160,1617DC1ACCE6B50ED2D1359582A70A8B8503C569623EE90C18C6B33542796207,Tester/logs/20261010.log,5937769,2026-09-03,10:25,B152PR,"NK	0	21:33:07.350	Core 04	2026.09.03 10:25:00   [SRJ-IND] B152PR sym=EURUSD bar=2026.09.03 10:20 z1=2149,S,1.16492,1.16507,2026.08.28 06:40,1,2026.08.28 14:00,1.16494,1.16471"
346,RECON62-B160,1617DC1ACCE6B50ED2D1359582A70A8B8503C569623EE90C18C6B33542796207,Tester/logs/20261010.log,5937770,2026-09-03,10:25,B152PR,"RP	0	21:33:07.350	Core 04	2026.09.03 10:25:00   [SRJ-IND] B152PR sym=EURUSD bar=2026.09.03 10:20 z1=2792,B,1.15906,1.15944,2026.09.03 06:15,1,2026.09.03 06:20,1.15956,1.15943"
347,RECON62-B160,1617DC1ACCE6B50ED2D1359582A70A8B8503C569623EE90C18C6B33542796207,Tester/logs/20261010.log,5937771,2026-09-03,10:25,B152PR,"QD	0	21:33:07.350	Core 04	2026.09.03 10:25:00   [SRJ-IND] B152PR sym=EURUSD bar=2026.09.03 10:20 bull=1 bear=1 nz=15"
348,RECON62-B160,1617DC1ACCE6B50ED2D1359582A70A8B8503C569623EE90C18C6B33542796207,Tester/logs/20261010.log,5937775,2026-09-03,10:25,CQDRECHECK,"IJ	0	21:33:07.350	Core 04	2026.09.03 10:25:00   [SRJ-EA] CQDRECHECK shift=2 passA=2.0 passB=2.0 diff=0 bar=2026.09.03 10:15 state=IDLE dir=NONE divLatch=0 hit1=0 hit2=501 mism=0"
349,RECON62-B160,1617DC1ACCE6B50ED2D1359582A70A8B8503C569623EE90C18C6B33542796207,Tester/logs/20261010.log,5937781,2026-09-03,10:30,B152PR,"JE	0	21:33:07.350	Core 04	2026.09.03 10:30:00   [SRJ-IND] B152PR sym=EURUSD bar=2026.09.03 10:25 z1=305,B,1.15201,1.15225,2026.08.13 10:45,1,2026.08.13 11:00,1.15264,1.15225"
350,RECON62-B160,1617DC1ACCE6B50ED2D1359582A70A8B8503C569623EE90C18C6B33542796207,Tester/logs/20261010.log,5937782,2026-09-03,10:30,B152PR,"NN	0	21:33:07.350	Core 04	2026.09.03 10:30:00   [SRJ-IND] B152PR sym=EURUSD bar=2026.09.03 10:25 z1=405,B,1.15248,1.15263,2026.08.14 00:25,1,2026.08.14 00:50,1.15276,1.15259"
351,RECON62-B160,1617DC1ACCE6B50ED2D1359582A70A8B8503C569623EE90C18C6B33542796207,Tester/logs/20261010.log,5937783,2026-09-03,10:30,B152PR,"GP	0	21:33:07.350	Core 04	2026.09.03 10:30:00   [SRJ-IND] B152PR sym=EURUSD bar=2026.09.03 10:25 z1=435,B,1.15357,1.15373,2026.08.14 06:30,1,2026.08.14 06:35,1.15382,1.15367"
352,RECON62-B160,1617DC1ACCE6B50ED2D1359582A70A8B8503C569623EE90C18C6B33542796207,Tester/logs/20261010.log,5937784,2026-09-03,10:30,B152PR,"QJ	0	21:33:07.350	Core 04	2026.09.03 10:30:00   [SRJ-IND] B152PR sym=EURUSD bar=2026.09.03 10:25 z1=484,B,1.15504,1.15532,2026.08.14 11:45,1,2026.08.14 11:50,1.15549,1.15520"
353,RECON62-B160,1617DC1ACCE6B50ED2D1359582A70A8B8503C569623EE90C18C6B33542796207,Tester/logs/20261010.log,5937785,2026-09-03,10:30,B152PR,"QN	0	21:33:07.350	Core 04	2026.09.03 10:30:00   [SRJ-IND] B152PR sym=EURUSD bar=2026.09.03 10:25 z1=1389,S,1.17072,1.17107,2026.08.21 13:55,1,2026.08.21 14:20,1.17098,1.17032"
354,RECON62-B160,1617DC1ACCE6B50ED2D1359582A70A8B8503C569623EE90C18C6B33542796207,Tester/logs/20261010.log,5937786,2026-09-03,10:30,B152PR,"LD	0	21:33:07.350	Core 04	2026.09.03 10:30:00   [SRJ-IND] B152PR sym=EURUSD bar=2026.09.03 10:25 z1=1481,S,1.16836,1.16871,2026.08.24 04:10,1,2026.08.24 05:10,1.16841,1.16818"
355,RECON62-B160,1617DC1ACCE6B50ED2D1359582A70A8B8503C569623EE90C18C6B33542796207,Tester/logs/20261010.log,5937787,2026-09-03,10:30,B152PR,"EJ	0	21:33:07.350	Core 04	2026.09.03 10:30:00   [SRJ-IND] B152PR sym=EURUSD bar=2026.09.03 10:25 z1=1484,S,1.16822,1.16855,2026.08.24 04:20,1,2026.08.24 05:00,1.16831,1.16810"
356,RECON62-B160,1617DC1ACCE6B50ED2D1359582A70A8B8503C569623EE90C18C6B33542796207,Tester/logs/20261010.log,5937788,2026-09-03,10:30,B152PR,"KP	0	21:33:07.350	Core 04	2026.09.03 10:30:00   [SRJ-IND] B152PR sym=EURUSD bar=2026.09.03 10:25 z1=1516,S,1.16800,1.16817,2026.08.24 08:45,1,2026.08.24 08:55,1.16812,1.16783"
357,RECON62-B160,1617DC1ACCE6B50ED2D1359582A70A8B8503C569623EE90C18C6B33542796207,Tester/logs/20261010.log,5937789,2026-09-03,10:30,B152PR,"KF	0	21:33:07.350	Core 04	2026.09.03 10:30:00   [SRJ-IND] B152PR sym=EURUSD bar=2026.09.03 10:25 z1=1704,S,1.16580,1.16647,2026.08.26 16:00,1,2026.08.26 16:30,1.16587,1.16541"
358,RECON62-B160,1617DC1ACCE6B50ED2D1359582A70A8B8503C569623EE90C18C6B33542796207,Tester/logs/20261010.log,5937790,2026-09-03,10:30,B152PR,"PL	0	21:33:07.350	Core 04	2026.09.03 10:30:00   [SRJ-IND] B152PR sym=EURUSD bar=2026.09.03 10:25 z1=1728,S,1.16596,1.16624,2026.08.26 16:00,1,2026.08.27 16:25,1.16598,1.16561"
359,RECON62-B160,1617DC1ACCE6B50ED2D1359582A70A8B8503C569623EE90C18C6B33542796207,Tester/logs/20261010.log,5937791,2026-09-03,10:30,B152PR,"DR	0	21:33:07.350	Core 04	2026.09.03 10:30:00   [SRJ-IND] B152PR sym=EURUSD bar=2026.09.03 10:25 z1=1784,S,1.16754,1.16787,2026.08.25 23:40,1,2026.08.25 23:50,1.16758,1.16746"
360,RECON62-B160,1617DC1ACCE6B50ED2D1359582A70A8B8503C569623EE90C18C6B33542796207,Tester/logs/20261010.log,5937792,2026-09-03,10:30,B152PR,"HH	0	21:33:07.350	Core 04	2026.09.03 10:30:00   [SRJ-IND] B152PR sym=EURUSD bar=2026.09.03 10:25 z1=1866,S,1.16723,1.16738,2026.08.26 12:00,1,2026.08.26 15:10,1.16732,1.16692"
361,RECON62-B160,1617DC1ACCE6B50ED2D1359582A70A8B8503C569623EE90C18C6B33542796207,Tester/logs/20261010.log,5937793,2026-09-03,10:30,B152PR,"PN	0	21:33:07.350	Core 04	2026.09.03 10:30:00   [SRJ-IND] B152PR sym=EURUSD bar=2026.09.03 10:25 z1=2109,S,1.16505,1.16537,2026.08.28 05:05,1,2026.08.28 05:55,1.16507,1.16497"
362,RECON62-B160,1617DC1ACCE6B50ED2D1359582A70A8B8503C569623EE90C18C6B33542796207,Tester/logs/20261010.log,5937794,2026-09-03,10:30,B152PR,"GD	0	21:33:07.350	Core 04	2026.09.03 10:30:00   [SRJ-IND] B152PR sym=EURUSD bar=2026.09.03 10:25 z1=2149,S,1.16492,1.16507,2026.08.28 06:40,1,2026.08.28 14:00,1.16494,1.16471"
363,RECON62-B160,1617DC1ACCE6B50ED2D1359582A70A8B8503C569623EE90C18C6B33542796207,Tester/logs/20261010.log,5937795,2026-09-03,10:30,B152PR,"CK	0	21:33:07.350	Core 04	2026.09.03 10:30:00   [SRJ-IND] B152PR sym=EURUSD bar=2026.09.03 10:25 z1=2792,B,1.15906,1.15944,2026.09.03 06:15,1,2026.09.03 06:20,1.15956,1.15943"
364,RECON62-B160,1617DC1ACCE6B50ED2D1359582A70A8B8503C569623EE90C18C6B33542796207,Tester/logs/20261010.log,5937796,2026-09-03,10:30,B152PR,"DS	0	21:33:07.350	Core 04	2026.09.03 10:30:00   [SRJ-IND] B152PR sym=EURUSD bar=2026.09.03 10:25 bull=1 bear=1 nz=15"
365,RECON62-B160,1617DC1ACCE6B50ED2D1359582A70A8B8503C569623EE90C18C6B33542796207,Tester/logs/20261010.log,5937804,2026-09-03,10:35,B152PR,"IO	0	21:33:07.350	Core 04	2026.09.03 10:35:00   [SRJ-IND] B152PR sym=EURUSD bar=2026.09.03 10:30 z1=305,B,1.15201,1.15225,2026.08.13 10:45,1,2026.08.13 11:00,1.15264,1.15225"
366,RECON62-B160,1617DC1ACCE6B50ED2D1359582A70A8B8503C569623EE90C18C6B33542796207,Tester/logs/20261010.log,5937805,2026-09-03,10:35,B152PR,"MP	0	21:33:07.350	Core 04	2026.09.03 10:35:00   [SRJ-IND] B152PR sym=EURUSD bar=2026.09.03 10:30 z1=405,B,1.15248,1.15263,2026.08.14 00:25,1,2026.08.14 00:50,1.15276,1.15259"
367,RECON62-B160,1617DC1ACCE6B50ED2D1359582A70A8B8503C569623EE90C18C6B33542796207,Tester/logs/20261010.log,5937806,2026-09-03,10:35,B152PR,"HJ	0	21:33:07.350	Core 04	2026.09.03 10:35:00   [SRJ-IND] B152PR sym=EURUSD bar=2026.09.03 10:30 z1=435,B,1.15357,1.15373,2026.08.14 06:30,1,2026.08.14 06:35,1.15382,1.15367"
368,RECON62-B160,1617DC1ACCE6B50ED2D1359582A70A8B8503C569623EE90C18C6B33542796207,Tester/logs/20261010.log,5937807,2026-09-03,10:35,B152PR,"RL	0	21:33:07.350	Core 04	2026.09.03 10:35:00   [SRJ-IND] B152PR sym=EURUSD bar=2026.09.03 10:30 z1=484,B,1.15504,1.15532,2026.08.14 11:45,1,2026.08.14 11:50,1.15549,1.15520"
369,RECON62-B160,1617DC1ACCE6B50ED2D1359582A70A8B8503C569623EE90C18C6B33542796207,Tester/logs/20261010.log,5937808,2026-09-03,10:35,B152PR,"RD	0	21:33:07.350	Core 04	2026.09.03 10:35:00   [SRJ-IND] B152PR sym=EURUSD bar=2026.09.03 10:30 z1=1389,S,1.17072,1.17107,2026.08.21 13:55,1,2026.08.21 14:20,1.17098,1.17032"
370,RECON62-B160,1617DC1ACCE6B50ED2D1359582A70A8B8503C569623EE90C18C6B33542796207,Tester/logs/20261010.log,5937809,2026-09-03,10:35,B152PR,"KJ	0	21:33:07.350	Core 04	2026.09.03 10:35:00   [SRJ-IND] B152PR sym=EURUSD bar=2026.09.03 10:30 z1=1481,S,1.16836,1.16871,2026.08.24 04:10,1,2026.08.24 05:10,1.16841,1.16818"
371,RECON62-B160,1617DC1ACCE6B50ED2D1359582A70A8B8503C569623EE90C18C6B33542796207,Tester/logs/20261010.log,5937810,2026-09-03,10:35,B152PR,"FP	0	21:33:07.350	Core 04	2026.09.03 10:35:00   [SRJ-IND] B152PR sym=EURUSD bar=2026.09.03 10:30 z1=1484,S,1.16822,1.16855,2026.08.24 04:20,1,2026.08.24 05:00,1.16831,1.16810"
372,RECON62-B160,1617DC1ACCE6B50ED2D1359582A70A8B8503C569623EE90C18C6B33542796207,Tester/logs/20261010.log,5937811,2026-09-03,10:35,B152PR,"LF	0	21:33:07.350	Core 04	2026.09.03 10:35:00   [SRJ-IND] B152PR sym=EURUSD bar=2026.09.03 10:30 z1=1516,S,1.16800,1.16817,2026.08.24 08:45,1,2026.08.24 08:55,1.16812,1.16783"
373,RECON62-B160,1617DC1ACCE6B50ED2D1359582A70A8B8503C569623EE90C18C6B33542796207,Tester/logs/20261010.log,5937812,2026-09-03,10:35,B152PR,"LL	0	21:33:07.350	Core 04	2026.09.03 10:35:00   [SRJ-IND] B152PR sym=EURUSD bar=2026.09.03 10:30 z1=1704,S,1.16580,1.16647,2026.08.26 16:00,1,2026.08.26 16:30,1.16587,1.16541"
374,RECON62-B160,1617DC1ACCE6B50ED2D1359582A70A8B8503C569623EE90C18C6B33542796207,Tester/logs/20261010.log,5937813,2026-09-03,10:35,B152PR,"OR	0	21:33:07.350	Core 04	2026.09.03 10:35:00   [SRJ-IND] B152PR sym=EURUSD bar=2026.09.03 10:30 z1=1728,S,1.16596,1.16624,2026.08.26 16:00,1,2026.08.27 16:25,1.16598,1.16561"
375,RECON62-B160,1617DC1ACCE6B50ED2D1359582A70A8B8503C569623EE90C18C6B33542796207,Tester/logs/20261010.log,5937814,2026-09-03,10:35,B152PR,"CH	0	21:33:07.350	Core 04	2026.09.03 10:35:00   [SRJ-IND] B152PR sym=EURUSD bar=2026.09.03 10:30 z1=1784,S,1.16754,1.16787,2026.08.25 23:40,1,2026.08.25 23:50,1.16758,1.16746"
376,RECON62-B160,1617DC1ACCE6B50ED2D1359582A70A8B8503C569623EE90C18C6B33542796207,Tester/logs/20261010.log,5937815,2026-09-03,10:35,B152PR,"GN	0	21:33:07.350	Core 04	2026.09.03 10:35:00   [SRJ-IND] B152PR sym=EURUSD bar=2026.09.03 10:30 z1=1866,S,1.16723,1.16738,2026.08.26 12:00,1,2026.08.26 15:10,1.16732,1.16692"
377,RECON62-B160,1617DC1ACCE6B50ED2D1359582A70A8B8503C569623EE90C18C6B33542796207,Tester/logs/20261010.log,5937816,2026-09-03,10:35,B152PR,"OD	0	21:33:07.350	Core 04	2026.09.03 10:35:00   [SRJ-IND] B152PR sym=EURUSD bar=2026.09.03 10:30 z1=2109,S,1.16505,1.16537,2026.08.28 05:05,1,2026.08.28 05:55,1.16507,1.16497"
378,RECON62-B160,1617DC1ACCE6B50ED2D1359582A70A8B8503C569623EE90C18C6B33542796207,Tester/logs/20261010.log,5937817,2026-09-03,10:35,B152PR,"HJ	0	21:33:07.350	Core 04	2026.09.03 10:35:00   [SRJ-IND] B152PR sym=EURUSD bar=2026.09.03 10:30 z1=2149,S,1.16492,1.16507,2026.08.28 06:40,1,2026.08.28 14:00,1.16494,1.16471"
379,RECON62-B160,1617DC1ACCE6B50ED2D1359582A70A8B8503C569623EE90C18C6B33542796207,Tester/logs/20261010.log,5937818,2026-09-03,10:35,B152PR,"DQ	0	21:33:07.350	Core 04	2026.09.03 10:35:00   [SRJ-IND] B152PR sym=EURUSD bar=2026.09.03 10:30 z1=2792,B,1.15906,1.15944,2026.09.03 06:15,1,2026.09.03 06:20,1.15956,1.15943"
380,RECON62-B160,1617DC1ACCE6B50ED2D1359582A70A8B8503C569623EE90C18C6B33542796207,Tester/logs/20261010.log,5937819,2026-09-03,10:35,B152PR,"CE	0	21:33:07.350	Core 04	2026.09.03 10:35:00   [SRJ-IND] B152PR sym=EURUSD bar=2026.09.03 10:30 bull=1 bear=1 nz=15"
381,RECON62-B160,1617DC1ACCE6B50ED2D1359582A70A8B8503C569623EE90C18C6B33542796207,Tester/logs/20261010.log,5937823,2026-09-03,10:35,CQDRECHECK,"NE	0	21:33:07.350	Core 04	2026.09.03 10:35:00   [SRJ-EA] CQDRECHECK shift=2 passA=2.0 passB=2.0 diff=0 bar=2026.09.03 10:25 state=IDLE dir=NONE divLatch=0 hit1=0 hit2=502 mism=0"
382,RECON62-B160,1617DC1ACCE6B50ED2D1359582A70A8B8503C569623EE90C18C6B33542796207,Tester/logs/20261010.log,5937828,2026-09-03,10:40,B152PR,"EK	0	21:33:07.350	Core 04	2026.09.03 10:40:01   [SRJ-IND] B152PR sym=EURUSD bar=2026.09.03 10:35 z1=305,B,1.15201,1.15225,2026.08.13 10:45,1,2026.08.13 11:00,1.15264,1.15225"
383,RECON62-B160,1617DC1ACCE6B50ED2D1359582A70A8B8503C569623EE90C18C6B33542796207,Tester/logs/20261010.log,5937829,2026-09-03,10:40,B152PR,"EM	0	21:33:07.350	Core 04	2026.09.03 10:40:01   [SRJ-IND] B152PR sym=EURUSD bar=2026.09.03 10:35 z1=405,B,1.15248,1.15263,2026.08.14 00:25,1,2026.08.14 00:50,1.15276,1.15259"
384,RECON62-B160,1617DC1ACCE6B50ED2D1359582A70A8B8503C569623EE90C18C6B33542796207,Tester/logs/20261010.log,5937830,2026-09-03,10:40,B152PR,"DF	0	21:33:07.350	Core 04	2026.09.03 10:40:01   [SRJ-IND] B152PR sym=EURUSD bar=2026.09.03 10:35 z1=435,B,1.15357,1.15373,2026.08.14 06:30,1,2026.08.14 06:35,1.15382,1.15367"
385,RECON62-B160,1617DC1ACCE6B50ED2D1359582A70A8B8503C569623EE90C18C6B33542796207,Tester/logs/20261010.log,5937831,2026-09-03,10:40,B152PR,"RH	0	21:33:07.350	Core 04	2026.09.03 10:40:01   [SRJ-IND] B152PR sym=EURUSD bar=2026.09.03 10:35 z1=484,B,1.15504,1.15532,2026.08.14 11:45,1,2026.08.14 11:50,1.15549,1.15520"
386,RECON62-B160,1617DC1ACCE6B50ED2D1359582A70A8B8503C569623EE90C18C6B33542796207,Tester/logs/20261010.log,5937832,2026-09-03,10:40,B152PR,"NP	0	21:33:07.350	Core 04	2026.09.03 10:40:01   [SRJ-IND] B152PR sym=EURUSD bar=2026.09.03 10:35 z1=1389,S,1.17072,1.17107,2026.08.21 13:55,1,2026.08.21 14:20,1.17098,1.17032"
387,RECON62-B160,1617DC1ACCE6B50ED2D1359582A70A8B8503C569623EE90C18C6B33542796207,Tester/logs/20261010.log,5937833,2026-09-03,10:40,B152PR,"OF	0	21:33:07.350	Core 04	2026.09.03 10:40:01   [SRJ-IND] B152PR sym=EURUSD bar=2026.09.03 10:35 z1=1481,S,1.16836,1.16871,2026.08.24 04:10,1,2026.08.24 05:10,1.16841,1.16818"
388,RECON62-B160,1617DC1ACCE6B50ED2D1359582A70A8B8503C569623EE90C18C6B33542796207,Tester/logs/20261010.log,5937834,2026-09-03,10:40,B152PR,"JL	0	21:33:07.350	Core 04	2026.09.03 10:40:01   [SRJ-IND] B152PR sym=EURUSD bar=2026.09.03 10:35 z1=1484,S,1.16822,1.16855,2026.08.24 04:20,1,2026.08.24 05:00,1.16831,1.16810"
389,RECON62-B160,1617DC1ACCE6B50ED2D1359582A70A8B8503C569623EE90C18C6B33542796207,Tester/logs/20261010.log,5937835,2026-09-03,10:40,B152PR,"PR	0	21:33:07.350	Core 04	2026.09.03 10:40:01   [SRJ-IND] B152PR sym=EURUSD bar=2026.09.03 10:35 z1=1516,S,1.16800,1.16817,2026.08.24 08:45,1,2026.08.24 08:55,1.16812,1.16783"
390,RECON62-B160,1617DC1ACCE6B50ED2D1359582A70A8B8503C569623EE90C18C6B33542796207,Tester/logs/20261010.log,5937836,2026-09-03,10:40,B152PR,"PH	0	21:33:07.350	Core 04	2026.09.03 10:40:01   [SRJ-IND] B152PR sym=EURUSD bar=2026.09.03 10:35 z1=1704,S,1.16580,1.16647,2026.08.26 16:00,1,2026.08.26 16:30,1.16587,1.16541"
391,RECON62-B160,1617DC1ACCE6B50ED2D1359582A70A8B8503C569623EE90C18C6B33542796207,Tester/logs/20261010.log,5937837,2026-09-03,10:40,B152PR,"KN	0	21:33:07.350	Core 04	2026.09.03 10:40:01   [SRJ-IND] B152PR sym=EURUSD bar=2026.09.03 10:35 z1=1728,S,1.16596,1.16624,2026.08.26 16:00,1,2026.08.27 16:25,1.16598,1.16561"
392,RECON62-B160,1617DC1ACCE6B50ED2D1359582A70A8B8503C569623EE90C18C6B33542796207,Tester/logs/20261010.log,5937838,2026-09-03,10:40,B152PR,"GD	0	21:33:07.350	Core 04	2026.09.03 10:40:01   [SRJ-IND] B152PR sym=EURUSD bar=2026.09.03 10:35 z1=1784,S,1.16754,1.16787,2026.08.25 23:40,1,2026.08.25 23:50,1.16758,1.16746"
393,RECON62-B160,1617DC1ACCE6B50ED2D1359582A70A8B8503C569623EE90C18C6B33542796207,Tester/logs/20261010.log,5937839,2026-09-03,10:40,B152PR,"CJ	0	21:33:07.350	Core 04	2026.09.03 10:40:01   [SRJ-IND] B152PR sym=EURUSD bar=2026.09.03 10:35 z1=1866,S,1.16723,1.16738,2026.08.26 12:00,1,2026.08.26 15:10,1.16732,1.16692"
394,RECON62-B160,1617DC1ACCE6B50ED2D1359582A70A8B8503C569623EE90C18C6B33542796207,Tester/logs/20261010.log,5937840,2026-09-03,10:40,B152PR,"KP	0	21:33:07.350	Core 04	2026.09.03 10:40:01   [SRJ-IND] B152PR sym=EURUSD bar=2026.09.03 10:35 z1=2109,S,1.16505,1.16537,2026.08.28 05:05,1,2026.08.28 05:55,1.16507,1.16497"
395,RECON62-B160,1617DC1ACCE6B50ED2D1359582A70A8B8503C569623EE90C18C6B33542796207,Tester/logs/20261010.log,5937841,2026-09-03,10:40,B152PR,"DF	0	21:33:07.350	Core 04	2026.09.03 10:40:01   [SRJ-IND] B152PR sym=EURUSD bar=2026.09.03 10:35 z1=2149,S,1.16492,1.16507,2026.08.28 06:40,1,2026.08.28 14:00,1.16494,1.16471"
396,RECON62-B160,1617DC1ACCE6B50ED2D1359582A70A8B8503C569623EE90C18C6B33542796207,Tester/logs/20261010.log,5937842,2026-09-03,10:40,B152PR,"HM	0	21:33:07.350	Core 04	2026.09.03 10:40:01   [SRJ-IND] B152PR sym=EURUSD bar=2026.09.03 10:35 z1=2792,B,1.15906,1.15944,2026.09.03 06:15,1,2026.09.03 06:20,1.15956,1.15943"
397,RECON62-B160,1617DC1ACCE6B50ED2D1359582A70A8B8503C569623EE90C18C6B33542796207,Tester/logs/20261010.log,5937843,2026-09-03,10:40,B152PR,"GQ	0	21:33:07.350	Core 04	2026.09.03 10:40:01   [SRJ-IND] B152PR sym=EURUSD bar=2026.09.03 10:35 bull=1 bear=1 nz=15"
398,RECON62-B160,1617DC1ACCE6B50ED2D1359582A70A8B8503C569623EE90C18C6B33542796207,Tester/logs/20261010.log,5937851,2026-09-03,10:45,B152PR,"MI	0	21:33:07.350	Core 04	2026.09.03 10:45:02   [SRJ-IND] B152PR sym=EURUSD bar=2026.09.03 10:40 z1=305,B,1.15201,1.15225,2026.08.13 10:45,1,2026.08.13 11:00,1.15264,1.15225"
399,RECON62-B160,1617DC1ACCE6B50ED2D1359582A70A8B8503C569623EE90C18C6B33542796207,Tester/logs/20261010.log,5937852,2026-09-03,10:45,B152PR,"MS	0	21:33:07.350	Core 04	2026.09.03 10:45:02   [SRJ-IND] B152PR sym=EURUSD bar=2026.09.03 10:40 z1=405,B,1.15248,1.15263,2026.08.14 00:25,1,2026.08.14 00:50,1.15276,1.15259"
400,RECON62-B160,1617DC1ACCE6B50ED2D1359582A70A8B8503C569623EE90C18C6B33542796207,Tester/logs/20261010.log,5937853,2026-09-03,10:45,B152PR,"DE	0	21:33:07.350	Core 04	2026.09.03 10:45:02   [SRJ-IND] B152PR sym=EURUSD bar=2026.09.03 10:40 z1=435,B,1.15357,1.15373,2026.08.14 06:30,1,2026.08.14 06:35,1.15382,1.15367"
401,RECON62-B160,1617DC1ACCE6B50ED2D1359582A70A8B8503C569623EE90C18C6B33542796207,Tester/logs/20261010.log,5937854,2026-09-03,10:45,B152PR,"RO	0	21:33:07.350	Core 04	2026.09.03 10:45:02   [SRJ-IND] B152PR sym=EURUSD bar=2026.09.03 10:40 z1=484,B,1.15504,1.15532,2026.08.14 11:45,1,2026.08.14 11:50,1.15549,1.15520"
402,RECON62-B160,1617DC1ACCE6B50ED2D1359582A70A8B8503C569623EE90C18C6B33542796207,Tester/logs/20261010.log,5937855,2026-09-03,10:45,B152PR,"FS	0	21:33:07.350	Core 04	2026.09.03 10:45:02   [SRJ-IND] B152PR sym=EURUSD bar=2026.09.03 10:40 z1=1389,S,1.17072,1.17107,2026.08.21 13:55,1,2026.08.21 14:20,1.17098,1.17032"
403,RECON62-B160,1617DC1ACCE6B50ED2D1359582A70A8B8503C569623EE90C18C6B33542796207,Tester/logs/20261010.log,5937856,2026-09-03,10:45,B152PR,"GI	0	21:33:07.350	Core 04	2026.09.03 10:45:02   [SRJ-IND] B152PR sym=EURUSD bar=2026.09.03 10:40 z1=1481,S,1.16836,1.16871,2026.08.24 04:10,1,2026.08.24 05:10,1.16841,1.16818"
404,RECON62-B160,1617DC1ACCE6B50ED2D1359582A70A8B8503C569623EE90C18C6B33542796207,Tester/logs/20261010.log,5937857,2026-09-03,10:45,B152PR,"RO	0	21:33:07.350	Core 04	2026.09.03 10:45:02   [SRJ-IND] B152PR sym=EURUSD bar=2026.09.03 10:40 z1=1484,S,1.16822,1.16855,2026.08.24 04:20,1,2026.08.24 05:00,1.16831,1.16810"
405,RECON62-B160,1617DC1ACCE6B50ED2D1359582A70A8B8503C569623EE90C18C6B33542796207,Tester/logs/20261010.log,5937858,2026-09-03,10:45,B152PR,"HE	0	21:33:07.350	Core 04	2026.09.03 10:45:02   [SRJ-IND] B152PR sym=EURUSD bar=2026.09.03 10:40 z1=1516,S,1.16800,1.16817,2026.08.24 08:45,1,2026.08.24 08:55,1.16812,1.16783"
406,RECON62-B160,1617DC1ACCE6B50ED2D1359582A70A8B8503C569623EE90C18C6B33542796207,Tester/logs/20261010.log,5937859,2026-09-03,10:45,B152PR,"HK	0	21:33:07.350	Core 04	2026.09.03 10:45:02   [SRJ-IND] B152PR sym=EURUSD bar=2026.09.03 10:40 z1=1704,S,1.16580,1.16647,2026.08.26 16:00,1,2026.08.26 16:30,1.16587,1.16541"
407,RECON62-B160,1617DC1ACCE6B50ED2D1359582A70A8B8503C569623EE90C18C6B33542796207,Tester/logs/20261010.log,5937860,2026-09-03,10:45,B152PR,"CQ	0	21:33:07.350	Core 04	2026.09.03 10:45:02   [SRJ-IND] B152PR sym=EURUSD bar=2026.09.03 10:40 z1=1728,S,1.16596,1.16624,2026.08.26 16:00,1,2026.08.27 16:25,1.16598,1.16561"
408,RECON62-B160,1617DC1ACCE6B50ED2D1359582A70A8B8503C569623EE90C18C6B33542796207,Tester/logs/20261010.log,5937861,2026-09-03,10:45,B152PR,"OG	0	21:33:07.350	Core 04	2026.09.03 10:45:02   [SRJ-IND] B152PR sym=EURUSD bar=2026.09.03 10:40 z1=1784,S,1.16754,1.16787,2026.08.25 23:40,1,2026.08.25 23:50,1.16758,1.16746"
409,RECON62-B160,1617DC1ACCE6B50ED2D1359582A70A8B8503C569623EE90C18C6B33542796207,Tester/logs/20261010.log,5937862,2026-09-03,10:45,B152PR,"KM	0	21:33:07.350	Core 04	2026.09.03 10:45:02   [SRJ-IND] B152PR sym=EURUSD bar=2026.09.03 10:40 z1=1866,S,1.16723,1.16738,2026.08.26 12:00,1,2026.08.26 15:10,1.16732,1.16692"
410,RECON62-B160,1617DC1ACCE6B50ED2D1359582A70A8B8503C569623EE90C18C6B33542796207,Tester/logs/20261010.log,5937863,2026-09-03,10:45,B152PR,"CS	0	21:33:07.350	Core 04	2026.09.03 10:45:02   [SRJ-IND] B152PR sym=EURUSD bar=2026.09.03 10:40 z1=2109,S,1.16505,1.16537,2026.08.28 05:05,1,2026.08.28 05:55,1.16507,1.16497"
411,RECON62-B160,1617DC1ACCE6B50ED2D1359582A70A8B8503C569623EE90C18C6B33542796207,Tester/logs/20261010.log,5937864,2026-09-03,10:45,B152PR,"LI	0	21:33:07.350	Core 04	2026.09.03 10:45:02   [SRJ-IND] B152PR sym=EURUSD bar=2026.09.03 10:40 z1=2149,S,1.16492,1.16507,2026.08.28 06:40,1,2026.08.28 14:00,1.16494,1.16471"
412,RECON62-B160,1617DC1ACCE6B50ED2D1359582A70A8B8503C569623EE90C18C6B33542796207,Tester/logs/20261010.log,5937865,2026-09-03,10:45,B152PR,"PN	0	21:33:07.350	Core 04	2026.09.03 10:45:02   [SRJ-IND] B152PR sym=EURUSD bar=2026.09.03 10:40 z1=2792,B,1.15906,1.15944,2026.09.03 06:15,1,2026.09.03 06:20,1.15956,1.15943"
413,RECON62-B160,1617DC1ACCE6B50ED2D1359582A70A8B8503C569623EE90C18C6B33542796207,Tester/logs/20261010.log,5937866,2026-09-03,10:45,B152PR,"OF	0	21:33:07.350	Core 04	2026.09.03 10:45:02   [SRJ-IND] B152PR sym=EURUSD bar=2026.09.03 10:40 bull=1 bear=1 nz=15"
414,RECON62-B160,1617DC1ACCE6B50ED2D1359582A70A8B8503C569623EE90C18C6B33542796207,Tester/logs/20261010.log,5937871,2026-09-03,10:45,CQDRECHECK,"OD	0	21:33:07.350	Core 04	2026.09.03 10:45:02   [SRJ-EA] CQDRECHECK shift=2 passA=2.0 passB=2.0 diff=0 bar=2026.09.03 10:35 state=IDLE dir=NONE divLatch=0 hit1=0 hit2=503 mism=0"
415,RECON62-B160,1617DC1ACCE6B50ED2D1359582A70A8B8503C569623EE90C18C6B33542796207,Tester/logs/20261010.log,5937877,2026-09-03,10:50,B152PR,"HR	0	21:33:07.350	Core 04	2026.09.03 10:50:00   [SRJ-IND] B152PR sym=EURUSD bar=2026.09.03 10:45 z1=305,B,1.15201,1.15225,2026.08.13 10:45,1,2026.08.13 11:00,1.15264,1.15225"
416,RECON62-B160,1617DC1ACCE6B50ED2D1359582A70A8B8503C569623EE90C18C6B33542796207,Tester/logs/20261010.log,5937878,2026-09-03,10:50,B152PR,"HD	0	21:33:07.350	Core 04	2026.09.03 10:50:00   [SRJ-IND] B152PR sym=EURUSD bar=2026.09.03 10:45 z1=405,B,1.15248,1.15263,2026.08.14 00:25,1,2026.08.14 00:50,1.15276,1.15259"
417,RECON62-B160,1617DC1ACCE6B50ED2D1359582A70A8B8503C569623EE90C18C6B33542796207,Tester/logs/20261010.log,5937879,2026-09-03,10:50,B152PR,"II	0	21:33:07.350	Core 04	2026.09.03 10:50:00   [SRJ-IND] B152PR sym=EURUSD bar=2026.09.03 10:45 z1=435,B,1.15357,1.15373,2026.08.14 06:30,1,2026.08.14 06:35,1.15382,1.15367"
418,RECON62-B160,1617DC1ACCE6B50ED2D1359582A70A8B8503C569623EE90C18C6B33542796207,Tester/logs/20261010.log,5937880,2026-09-03,10:50,B152PR,"KS	0	21:33:07.350	Core 04	2026.09.03 10:50:00   [SRJ-IND] B152PR sym=EURUSD bar=2026.09.03 10:45 z1=484,B,1.15504,1.15532,2026.08.14 11:45,1,2026.08.14 11:50,1.15549,1.15520"
419,RECON62-B160,1617DC1ACCE6B50ED2D1359582A70A8B8503C569623EE90C18C6B33542796207,Tester/logs/20261010.log,5937881,2026-09-03,10:50,B152PR,"OG	0	21:33:07.350	Core 04	2026.09.03 10:50:00   [SRJ-IND] B152PR sym=EURUSD bar=2026.09.03 10:45 z1=1389,S,1.17072,1.17107,2026.08.21 13:55,1,2026.08.21 14:20,1.17098,1.17032"
420,RECON62-B160,1617DC1ACCE6B50ED2D1359582A70A8B8503C569623EE90C18C6B33542796207,Tester/logs/20261010.log,5937882,2026-09-03,10:50,B152PR,"NM	0	21:33:07.350	Core 04	2026.09.03 10:50:00   [SRJ-IND] B152PR sym=EURUSD bar=2026.09.03 10:45 z1=1481,S,1.16836,1.16871,2026.08.24 04:10,1,2026.08.24 05:10,1.16841,1.16818"
421,RECON62-B160,1617DC1ACCE6B50ED2D1359582A70A8B8503C569623EE90C18C6B33542796207,Tester/logs/20261010.log,5937883,2026-09-03,10:50,B152PR,"CS	0	21:33:07.350	Core 04	2026.09.03 10:50:00   [SRJ-IND] B152PR sym=EURUSD bar=2026.09.03 10:45 z1=1484,S,1.16822,1.16855,2026.08.24 04:20,1,2026.08.24 05:00,1.16831,1.16810"
422,RECON62-B160,1617DC1ACCE6B50ED2D1359582A70A8B8503C569623EE90C18C6B33542796207,Tester/logs/20261010.log,5937884,2026-09-03,10:50,B152PR,"MI	0	21:33:07.350	Core 04	2026.09.03 10:50:00   [SRJ-IND] B152PR sym=EURUSD bar=2026.09.03 10:45 z1=1516,S,1.16800,1.16817,2026.08.24 08:45,1,2026.08.24 08:55,1.16812,1.16783"
423,RECON62-B160,1617DC1ACCE6B50ED2D1359582A70A8B8503C569623EE90C18C6B33542796207,Tester/logs/20261010.log,5937885,2026-09-03,10:50,B152PR,"MO	0	21:33:07.350	Core 04	2026.09.03 10:50:00   [SRJ-IND] B152PR sym=EURUSD bar=2026.09.03 10:45 z1=1704,S,1.16580,1.16647,2026.08.26 16:00,1,2026.08.26 16:30,1.16587,1.16541"
424,RECON62-B160,1617DC1ACCE6B50ED2D1359582A70A8B8503C569623EE90C18C6B33542796207,Tester/logs/20261010.log,5937886,2026-09-03,10:50,B152PR,"RE	0	21:33:07.350	Core 04	2026.09.03 10:50:00   [SRJ-IND] B152PR sym=EURUSD bar=2026.09.03 10:45 z1=1728,S,1.16596,1.16624,2026.08.26 16:00,1,2026.08.27 16:25,1.16598,1.16561"
425,RECON62-B160,1617DC1ACCE6B50ED2D1359582A70A8B8503C569623EE90C18C6B33542796207,Tester/logs/20261010.log,5937887,2026-09-03,10:50,B152PR,"FK	0	21:33:07.350	Core 04	2026.09.03 10:50:00   [SRJ-IND] B152PR sym=EURUSD bar=2026.09.03 10:45 z1=1784,S,1.16754,1.16787,2026.08.25 23:40,1,2026.08.25 23:50,1.16758,1.16746"
426,RECON62-B160,1617DC1ACCE6B50ED2D1359582A70A8B8503C569623EE90C18C6B33542796207,Tester/logs/20261010.log,5937888,2026-09-03,10:50,B152PR,"JQ	0	21:33:07.350	Core 04	2026.09.03 10:50:00   [SRJ-IND] B152PR sym=EURUSD bar=2026.09.03 10:45 z1=1866,S,1.16723,1.16738,2026.08.26 12:00,1,2026.08.26 15:10,1.16732,1.16692"
427,RECON62-B160,1617DC1ACCE6B50ED2D1359582A70A8B8503C569623EE90C18C6B33542796207,Tester/logs/20261010.log,5937889,2026-09-03,10:50,B152PR,"RG	0	21:33:07.350	Core 04	2026.09.03 10:50:00   [SRJ-IND] B152PR sym=EURUSD bar=2026.09.03 10:45 z1=2109,S,1.16505,1.16537,2026.08.28 05:05,1,2026.08.28 05:55,1.16507,1.16497"
428,RECON62-B160,1617DC1ACCE6B50ED2D1359582A70A8B8503C569623EE90C18C6B33542796207,Tester/logs/20261010.log,5937890,2026-09-03,10:50,B152PR,"IM	0	21:33:07.350	Core 04	2026.09.03 10:50:00   [SRJ-IND] B152PR sym=EURUSD bar=2026.09.03 10:45 z1=2149,S,1.16492,1.16507,2026.08.28 06:40,1,2026.08.28 14:00,1.16494,1.16471"
429,RECON62-B160,1617DC1ACCE6B50ED2D1359582A70A8B8503C569623EE90C18C6B33542796207,Tester/logs/20261010.log,5937891,2026-09-03,10:50,B152PR,"ER	0	21:33:07.350	Core 04	2026.09.03 10:50:00   [SRJ-IND] B152PR sym=EURUSD bar=2026.09.03 10:45 z1=2792,B,1.15906,1.15944,2026.09.03 06:15,1,2026.09.03 06:20,1.15956,1.15943"
430,RECON62-B160,1617DC1ACCE6B50ED2D1359582A70A8B8503C569623EE90C18C6B33542796207,Tester/logs/20261010.log,5937892,2026-09-03,10:50,B152PR,"FJ	0	21:33:07.350	Core 04	2026.09.03 10:50:00   [SRJ-IND] B152PR sym=EURUSD bar=2026.09.03 10:45 bull=1 bear=1 nz=15"
431,RECON62-B160,1617DC1ACCE6B50ED2D1359582A70A8B8503C569623EE90C18C6B33542796207,Tester/logs/20261010.log,5937897,2026-09-03,10:50,CQDRECHECK,"FQ	0	21:33:07.350	Core 04	2026.09.03 10:50:00   [SRJ-EA] CQDRECHECK shift=2 passA=2.0 passB=2.0 diff=0 bar=2026.09.03 10:40 state=IDLE dir=NONE divLatch=0 hit1=0 hit2=504 mism=0"
432,RECON62-B160,1617DC1ACCE6B50ED2D1359582A70A8B8503C569623EE90C18C6B33542796207,Tester/logs/20261010.log,5937902,2026-09-03,10:55,B152PR,"IG	0	21:33:07.350	Core 04	2026.09.03 10:55:00   [SRJ-IND] B152PR sym=EURUSD bar=2026.09.03 10:50 z1=305,B,1.15201,1.15225,2026.08.13 10:45,1,2026.08.13 11:00,1.15264,1.15225"
433,RECON62-B160,1617DC1ACCE6B50ED2D1359582A70A8B8503C569623EE90C18C6B33542796207,Tester/logs/20261010.log,5937903,2026-09-03,10:55,B152PR,"MH	0	21:33:07.350	Core 04	2026.09.03 10:55:00   [SRJ-IND] B152PR sym=EURUSD bar=2026.09.03 10:50 z1=405,B,1.15248,1.15263,2026.08.14 00:25,1,2026.08.14 00:50,1.15276,1.15259"
434,RECON62-B160,1617DC1ACCE6B50ED2D1359582A70A8B8503C569623EE90C18C6B33542796207,Tester/logs/20261010.log,5937904,2026-09-03,10:55,B152PR,"HR	0	21:33:07.350	Core 04	2026.09.03 10:55:00   [SRJ-IND] B152PR sym=EURUSD bar=2026.09.03 10:50 z1=435,B,1.15357,1.15373,2026.08.14 06:30,1,2026.08.14 06:35,1.15382,1.15367"
435,RECON62-B160,1617DC1ACCE6B50ED2D1359582A70A8B8503C569623EE90C18C6B33542796207,Tester/logs/20261010.log,5937905,2026-09-03,10:55,B152PR,"RD	0	21:33:07.350	Core 04	2026.09.03 10:55:00   [SRJ-IND] B152PR sym=EURUSD bar=2026.09.03 10:50 z1=484,B,1.15504,1.15532,2026.08.14 11:45,1,2026.08.14 11:50,1.15549,1.15520"
436,RECON62-B160,1617DC1ACCE6B50ED2D1359582A70A8B8503C569623EE90C18C6B33542796207,Tester/logs/20261010.log,5937906,2026-09-03,10:55,B152PR,"RL	0	21:33:07.350	Core 04	2026.09.03 10:55:00   [SRJ-IND] B152PR sym=EURUSD bar=2026.09.03 10:50 z1=1389,S,1.17072,1.17107,2026.08.21 13:55,1,2026.08.21 14:20,1.17098,1.17032"
437,RECON62-B160,1617DC1ACCE6B50ED2D1359582A70A8B8503C569623EE90C18C6B33542796207,Tester/logs/20261010.log,5937907,2026-09-03,10:55,B152PR,"KR	0	21:33:07.350	Core 04	2026.09.03 10:55:00   [SRJ-IND] B152PR sym=EURUSD bar=2026.09.03 10:50 z1=1481,S,1.16836,1.16871,2026.08.24 04:10,1,2026.08.24 05:10,1.16841,1.16818"
438,RECON62-B160,1617DC1ACCE6B50ED2D1359582A70A8B8503C569623EE90C18C6B33542796207,Tester/logs/20261010.log,5937908,2026-09-03,10:55,B152PR,"FH	0	21:33:07.350	Core 04	2026.09.03 10:55:00   [SRJ-IND] B152PR sym=EURUSD bar=2026.09.03 10:50 z1=1484,S,1.16822,1.16855,2026.08.24 04:20,1,2026.08.24 05:00,1.16831,1.16810"
439,RECON62-B160,1617DC1ACCE6B50ED2D1359582A70A8B8503C569623EE90C18C6B33542796207,Tester/logs/20261010.log,5937909,2026-09-03,10:55,B152PR,"LN	0	21:33:07.350	Core 04	2026.09.03 10:55:00   [SRJ-IND] B152PR sym=EURUSD bar=2026.09.03 10:50 z1=1516,S,1.16800,1.16817,2026.08.24 08:45,1,2026.08.24 08:55,1.16812,1.16783"
440,RECON62-B160,1617DC1ACCE6B50ED2D1359582A70A8B8503C569623EE90C18C6B33542796207,Tester/logs/20261010.log,5937910,2026-09-03,10:55,B152PR,"LD	0	21:33:07.350	Core 04	2026.09.03 10:55:00   [SRJ-IND] B152PR sym=EURUSD bar=2026.09.03 10:50 z1=1704,S,1.16580,1.16647,2026.08.26 16:00,1,2026.08.26 16:30,1.16587,1.16541"
441,RECON62-B160,1617DC1ACCE6B50ED2D1359582A70A8B8503C569623EE90C18C6B33542796207,Tester/logs/20261010.log,5937911,2026-09-03,10:55,B152PR,"OJ	0	21:33:07.350	Core 04	2026.09.03 10:55:00   [SRJ-IND] B152PR sym=EURUSD bar=2026.09.03 10:50 z1=1728,S,1.16596,1.16624,2026.08.26 16:00,1,2026.08.27 16:25,1.16598,1.16561"
442,RECON62-B160,1617DC1ACCE6B50ED2D1359582A70A8B8503C569623EE90C18C6B33542796207,Tester/logs/20261010.log,5937912,2026-09-03,10:55,B152PR,"CP	0	21:33:07.350	Core 04	2026.09.03 10:55:00   [SRJ-IND] B152PR sym=EURUSD bar=2026.09.03 10:50 z1=1784,S,1.16754,1.16787,2026.08.25 23:40,1,2026.08.25 23:50,1.16758,1.16746"
443,RECON62-B160,1617DC1ACCE6B50ED2D1359582A70A8B8503C569623EE90C18C6B33542796207,Tester/logs/20261010.log,5937913,2026-09-03,10:55,B152PR,"GF	0	21:33:07.350	Core 04	2026.09.03 10:55:00   [SRJ-IND] B152PR sym=EURUSD bar=2026.09.03 10:50 z1=1866,S,1.16723,1.16738,2026.08.26 12:00,1,2026.08.26 15:10,1.16732,1.16692"
444,RECON62-B160,1617DC1ACCE6B50ED2D1359582A70A8B8503C569623EE90C18C6B33542796207,Tester/logs/20261010.log,5937914,2026-09-03,10:55,B152PR,"OL	0	21:33:07.350	Core 04	2026.09.03 10:55:00   [SRJ-IND] B152PR sym=EURUSD bar=2026.09.03 10:50 z1=2109,S,1.16505,1.16537,2026.08.28 05:05,1,2026.08.28 05:55,1.16507,1.16497"
445,RECON62-B160,1617DC1ACCE6B50ED2D1359582A70A8B8503C569623EE90C18C6B33542796207,Tester/logs/20261010.log,5937915,2026-09-03,10:55,B152PR,"HR	0	21:33:07.350	Core 04	2026.09.03 10:55:00   [SRJ-IND] B152PR sym=EURUSD bar=2026.09.03 10:50 z1=2149,S,1.16492,1.16507,2026.08.28 06:40,1,2026.08.28 14:00,1.16494,1.16471"
446,RECON62-B160,1617DC1ACCE6B50ED2D1359582A70A8B8503C569623EE90C18C6B33542796207,Tester/logs/20261010.log,5937916,2026-09-03,10:55,B152PR,"DI	0	21:33:07.350	Core 04	2026.09.03 10:55:00   [SRJ-IND] B152PR sym=EURUSD bar=2026.09.03 10:50 z1=2792,B,1.15906,1.15944,2026.09.03 06:15,1,2026.09.03 06:20,1.15956,1.15943"
447,RECON62-B160,1617DC1ACCE6B50ED2D1359582A70A8B8503C569623EE90C18C6B33542796207,Tester/logs/20261010.log,5937917,2026-09-03,10:55,B152PR,"GN	0	21:33:07.350	Core 04	2026.09.03 10:55:00   [SRJ-IND] B152PR sym=EURUSD bar=2026.09.03 10:50 z1=2825,S,1.16044,1.16063,2026.09.03 10:45,1,2026.09.03 10:50,1.16051,1.16017"
448,RECON62-B160,1617DC1ACCE6B50ED2D1359582A70A8B8503C569623EE90C18C6B33542796207,Tester/logs/20261010.log,5937918,2026-09-03,10:55,B152PR,"FG	0	21:33:07.350	Core 04	2026.09.03 10:55:00   [SRJ-IND] B152PR sym=EURUSD bar=2026.09.03 10:50 bull=1 bear=1 nz=16"
449,RECON62-B160,1617DC1ACCE6B50ED2D1359582A70A8B8503C569623EE90C18C6B33542796207,Tester/logs/20261010.log,5937926,2026-09-03,11:00,B152PR,"CL	0	21:33:07.350	Core 04	2026.09.03 11:00:00   [SRJ-IND] B152PR sym=EURUSD bar=2026.09.03 10:55 z1=305,B,1.15201,1.15225,2026.08.13 10:45,1,2026.08.13 11:00,1.15264,1.15225"
450,RECON62-B160,1617DC1ACCE6B50ED2D1359582A70A8B8503C569623EE90C18C6B33542796207,Tester/logs/20261010.log,5937927,2026-09-03,11:00,B152PR,"CF	0	21:33:07.350	Core 04	2026.09.03 11:00:00   [SRJ-IND] B152PR sym=EURUSD bar=2026.09.03 10:55 z1=405,B,1.15248,1.15263,2026.08.14 00:25,1,2026.08.14 00:50,1.15276,1.15259"
451,RECON62-B160,1617DC1ACCE6B50ED2D1359582A70A8B8503C569623EE90C18C6B33542796207,Tester/logs/20261010.log,5937928,2026-09-03,11:00,B152PR,"FK	0	21:33:07.350	Core 04	2026.09.03 11:00:00   [SRJ-IND] B152PR sym=EURUSD bar=2026.09.03 10:55 z1=435,B,1.15357,1.15373,2026.08.14 06:30,1,2026.08.14 06:35,1.15382,1.15367"
452,RECON62-B160,1617DC1ACCE6B50ED2D1359582A70A8B8503C569623EE90C18C6B33542796207,Tester/logs/20261010.log,5937929,2026-09-03,11:00,B152PR,"PM	0	21:33:07.350	Core 04	2026.09.03 11:00:00   [SRJ-IND] B152PR sym=EURUSD bar=2026.09.03 10:55 z1=484,B,1.15504,1.15532,2026.08.14 11:45,1,2026.08.14 11:50,1.15549,1.15520"
453,RECON62-B160,1617DC1ACCE6B50ED2D1359582A70A8B8503C569623EE90C18C6B33542796207,Tester/logs/20261010.log,5937930,2026-09-03,11:00,B152PR,"LE	0	21:33:07.350	Core 04	2026.09.03 11:00:00   [SRJ-IND] B152PR sym=EURUSD bar=2026.09.03 10:55 z1=1389,S,1.17072,1.17107,2026.08.21 13:55,1,2026.08.21 14:20,1.17098,1.17032"
454,RECON62-B160,1617DC1ACCE6B50ED2D1359582A70A8B8503C569623EE90C18C6B33542796207,Tester/logs/20261010.log,5937931,2026-09-03,11:00,B152PR,"QK	0	21:33:07.350	Core 04	2026.09.03 11:00:00   [SRJ-IND] B152PR sym=EURUSD bar=2026.09.03 10:55 z1=1481,S,1.16836,1.16871,2026.08.24 04:10,1,2026.08.24 05:10,1.16841,1.16818"
455,RECON62-B160,1617DC1ACCE6B50ED2D1359582A70A8B8503C569623EE90C18C6B33542796207,Tester/logs/20261010.log,5937932,2026-09-03,11:00,B152PR,"HQ	0	21:33:07.350	Core 04	2026.09.03 11:00:00   [SRJ-IND] B152PR sym=EURUSD bar=2026.09.03 10:55 z1=1484,S,1.16822,1.16855,2026.08.24 04:20,1,2026.08.24 05:00,1.16831,1.16810"
456,RECON62-B160,1617DC1ACCE6B50ED2D1359582A70A8B8503C569623EE90C18C6B33542796207,Tester/logs/20261010.log,5937933,2026-09-03,11:00,B152PR,"RG	0	21:33:07.350	Core 04	2026.09.03 11:00:00   [SRJ-IND] B152PR sym=EURUSD bar=2026.09.03 10:55 z1=1516,S,1.16800,1.16817,2026.08.24 08:45,1,2026.08.24 08:55,1.16812,1.16783"
457,RECON62-B160,1617DC1ACCE6B50ED2D1359582A70A8B8503C569623EE90C18C6B33542796207,Tester/logs/20261010.log,5937934,2026-09-03,11:00,B152PR,"RM	0	21:33:07.350	Core 04	2026.09.03 11:00:00   [SRJ-IND] B152PR sym=EURUSD bar=2026.09.03 10:55 z1=1704,S,1.16580,1.16647,2026.08.26 16:00,1,2026.08.26 16:30,1.16587,1.16541"
458,RECON62-B160,1617DC1ACCE6B50ED2D1359582A70A8B8503C569623EE90C18C6B33542796207,Tester/logs/20261010.log,5937935,2026-09-03,11:00,B152PR,"MS	0	21:33:07.350	Core 04	2026.09.03 11:00:00   [SRJ-IND] B152PR sym=EURUSD bar=2026.09.03 10:55 z1=1728,S,1.16596,1.16624,2026.08.26 16:00,1,2026.08.27 16:25,1.16598,1.16561"
459,RECON62-B160,1617DC1ACCE6B50ED2D1359582A70A8B8503C569623EE90C18C6B33542796207,Tester/logs/20261010.log,5937936,2026-09-03,11:00,B152PR,"II	0	21:33:07.350	Core 04	2026.09.03 11:00:00   [SRJ-IND] B152PR sym=EURUSD bar=2026.09.03 10:55 z1=1784,S,1.16754,1.16787,2026.08.25 23:40,1,2026.08.25 23:50,1.16758,1.16746"
460,RECON62-B160,1617DC1ACCE6B50ED2D1359582A70A8B8503C569623EE90C18C6B33542796207,Tester/logs/20261010.log,5937937,2026-09-03,11:00,B152PR,"EO	0	21:33:07.350	Core 04	2026.09.03 11:00:00   [SRJ-IND] B152PR sym=EURUSD bar=2026.09.03 10:55 z1=1866,S,1.16723,1.16738,2026.08.26 12:00,1,2026.08.26 15:10,1.16732,1.16692"
461,RECON62-B160,1617DC1ACCE6B50ED2D1359582A70A8B8503C569623EE90C18C6B33542796207,Tester/logs/20261010.log,5937938,2026-09-03,11:00,B152PR,"ME	0	21:33:07.350	Core 04	2026.09.03 11:00:00   [SRJ-IND] B152PR sym=EURUSD bar=2026.09.03 10:55 z1=2109,S,1.16505,1.16537,2026.08.28 05:05,1,2026.08.28 05:55,1.16507,1.16497"
462,RECON62-B160,1617DC1ACCE6B50ED2D1359582A70A8B8503C569623EE90C18C6B33542796207,Tester/logs/20261010.log,5937939,2026-09-03,11:00,B152PR,"FK	0	21:33:07.350	Core 04	2026.09.03 11:00:00   [SRJ-IND] B152PR sym=EURUSD bar=2026.09.03 10:55 z1=2149,S,1.16492,1.16507,2026.08.28 06:40,1,2026.08.28 14:00,1.16494,1.16471"
463,RECON62-B160,1617DC1ACCE6B50ED2D1359582A70A8B8503C569623EE90C18C6B33542796207,Tester/logs/20261010.log,5937940,2026-09-03,11:00,B152PR,"JP	0	21:33:07.350	Core 04	2026.09.03 11:00:00   [SRJ-IND] B152PR sym=EURUSD bar=2026.09.03 10:55 z1=2792,B,1.15906,1.15944,2026.09.03 06:15,1,2026.09.03 06:20,1.15956,1.15943"
464,RECON62-B160,1617DC1ACCE6B50ED2D1359582A70A8B8503C569623EE90C18C6B33542796207,Tester/logs/20261010.log,5937941,2026-09-03,11:00,B152PR,"EG	0	21:33:07.350	Core 04	2026.09.03 11:00:00   [SRJ-IND] B152PR sym=EURUSD bar=2026.09.03 10:55 z1=2825,S,1.16044,1.16063,2026.09.03 10:45,1,2026.09.03 10:50,1.16051,1.16017"
465,RECON62-B160,1617DC1ACCE6B50ED2D1359582A70A8B8503C569623EE90C18C6B33542796207,Tester/logs/20261010.log,5937942,2026-09-03,11:00,B152PR,"HN	0	21:33:07.350	Core 04	2026.09.03 11:00:00   [SRJ-IND] B152PR sym=EURUSD bar=2026.09.03 10:55 bull=1 bear=1 nz=16"
466,RECON62-B160,1617DC1ACCE6B50ED2D1359582A70A8B8503C569623EE90C18C6B33542796207,Tester/logs/20261010.log,5937950,2026-09-03,11:00,CONFIRMPOLL,"ED	0	21:33:07.350	Core 04	2026.09.03 11:00:00   [SRJ-EA] CONFIRMPOLL bar=2026.09.03 10:55 anchor=Daily-POC dir=SHORT oppCandle=1 bodyDir=1 body=7pts doji=0 touchAttr=0 confirm=0 shadow=true"
467,RECON62-B160,1617DC1ACCE6B50ED2D1359582A70A8B8503C569623EE90C18C6B33542796207,Tester/logs/20261010.log,5937952,2026-09-03,11:00,STATE,"LD	0	21:33:07.350	Core 04	2026.09.03 11:00:00   [SRJ-EA] 2026.09.03 11:00:00 STATE IDLE->S1_REGIME dir=SHORT poi=Daily-POC"
468,RECON62-B160,1617DC1ACCE6B50ED2D1359582A70A8B8503C569623EE90C18C6B33542796207,Tester/logs/20261010.log,5937953,2026-09-03,11:00,ANCHOR_ELECT,"NE	0	21:33:07.350	Core 04	2026.09.03 11:00:00   [SRJ-EA] ANCHOR_ELECT bar=2026.09.03 10:55 action=SEED poi=Daily-POC rank=10 tier=5 dir=SHORT"
469,RECON62-B160,1617DC1ACCE6B50ED2D1359582A70A8B8503C569623EE90C18C6B33542796207,Tester/logs/20261010.log,5937962,2026-09-03,11:00,STATE,"LK	0	21:33:07.350	Core 04	2026.09.03 11:00:00   [SRJ-EA] 2026.09.03 11:00:00 STATE S1_REGIME->S2_LTF_ALIGN dir=SHORT poi=Daily-POC"
470,RECON62-B160,1617DC1ACCE6B50ED2D1359582A70A8B8503C569623EE90C18C6B33542796207,Tester/logs/20261010.log,5937963,2026-09-03,11:00,STATE,"KI	0	21:33:07.350	Core 04	2026.09.03 11:00:00   [SRJ-EA] 2026.09.03 11:00:00 STATE S2_LTF_ALIGN->S3_ZONE_WAIT dir=SHORT poi=Daily-POC"
471,RECON62-B160,1617DC1ACCE6B50ED2D1359582A70A8B8503C569623EE90C18C6B33542796207,Tester/logs/20261010.log,5937967,2026-09-03,11:00,XOBPROMO,"JJ	0	21:33:07.350	Core 04	2026.09.03 11:00:00   [SRJ-EA] XOBPROMO bar=2026.09.03 10:55 site=S3PICK xobId=2825 raw=1788432300.0 promoT=2026.09.03 10:45"
472,RECON62-B160,1617DC1ACCE6B50ED2D1359582A70A8B8503C569623EE90C18C6B33542796207,Tester/logs/20261010.log,5937968,2026-09-03,11:00,ZONEPICK,"FP	0	21:33:07.350	Core 04	2026.09.03 11:00:00   [SRJ-EA] ZONEPICK bar=2026.09.03 10:55 dir=SHORT haveFvg=0 fvgInPlay=0 haveXob=1 xobInPlay=1 downgraded=0 fvg=--- xob=1.16044-1.16063"
473,RECON62-B160,1617DC1ACCE6B50ED2D1359582A70A8B8503C569623EE90C18C6B33542796207,Tester/logs/20261010.log,5937983,2026-09-03,11:00,INPLAYCOMMIT,"DK	0	21:33:07.350	Core 04	2026.09.03 11:00:00   [SRJ-EA] INPLAYCOMMIT bar=2026.09.03 10:55 dir=SHORT zoneSrc=XOB zoneLo=1.16044 zoneHi=1.16063 promoT=2026.09.03 10:45 applied=1 bounded=1 scanned=4 swings=1 hits=0 firstShift=-1 firstVal=- commitVia=BAR legacy=1 legacyVia=BAR committed=1 changed=0 haveStop=1"
474,RECON62-B160,1617DC1ACCE6B50ED2D1359582A70A8B8503C569623EE90C18C6B33542796207,Tester/logs/20261010.log,5937984,2026-09-03,11:00,STATE,"LO	0	21:33:07.350	Core 04	2026.09.03 11:00:00   [SRJ-EA] 2026.09.03 11:00:00 STATE S3_ZONE_WAIT->S4_ARMED dir=SHORT poi=Daily-POC"
475,RECON62-B160,1617DC1ACCE6B50ED2D1359582A70A8B8503C569623EE90C18C6B33542796207,Tester/logs/20261010.log,5937987,2026-09-03,11:00,B60C,"JH	0	21:33:07.350	Core 04	2026.09.03 11:00:00   [SRJ-EA] B60C bar=2026.09.03 10:55 dir=SHORT poi=Daily-POC rt=2026.09.03 10:55 rSh=1 rBar=2026.09.03 10:55 cSrc=RETEST xt=1 zxob=1.16044-1.16063 xpromo=2026.09.03 10:45 - C satisfied by the retest candle ([B-61 C2][B-129 XT])"
476,RECON62-B160,1617DC1ACCE6B50ED2D1359582A70A8B8503C569623EE90C18C6B33542796207,Tester/logs/20261010.log,5937989,2026-09-03,11:00,STATE,"HO	0	21:33:07.350	Core 04	2026.09.03 11:00:00   [SRJ-EA] 2026.09.03 11:00:00 STATE S4_ARMED->S5_GATE_CHECK dir=SHORT poi=Daily-POC"
477,RECON62-B160,1617DC1ACCE6B50ED2D1359582A70A8B8503C569623EE90C18C6B33542796207,Tester/logs/20261010.log,5937990,2026-09-03,11:00,D130LATCH,"GD	0	21:33:07.350	Core 04	2026.09.03 11:00:00   [SRJ-EA] D130LATCH pass=2026.09.03 11:00:00 confBar=2026.09.03 10:55 dir=SHORT verdict=2 verdictBar=2026.09.03 10:40 walkShift=4 oppPassed=NA oppBar=NA"
478,RECON62-B160,1617DC1ACCE6B50ED2D1359582A70A8B8503C569623EE90C18C6B33542796207,Tester/logs/20261010.log,5937991,2026-09-03,11:00,CONFIRM_DIV_WAIT,"LL	0	21:33:07.350	Core 04	2026.09.03 11:00:00   [SRJ-EA] CONFIRM_DIV_WAIT bar=2026.09.03 10:55 dir=SHORT verdict=2"
479,RECON62-B160,1617DC1ACCE6B50ED2D1359582A70A8B8503C569623EE90C18C6B33542796207,Tester/logs/20261010.log,5937993,2026-09-03,11:00,ABORT,"NE	0	21:33:07.350	Core 04	2026.09.03 11:00:00   [SRJ-EA] 2026.09.03 11:00:00 ABORT reason=DIV_FALLBACK state=S5_GATE_CHECK poi=Daily-POC dir=SHORT"
480,RECON62-B160,1617DC1ACCE6B50ED2D1359582A70A8B8503C569623EE90C18C6B33542796207,Tester/logs/20261010.log,5937994,2026-09-03,11:00,A6REFUSED,"NS	0	21:33:07.350	Core 04	2026.09.03 11:00:00   [SRJ-EA] A6REFUSED class=ABSENT_DECLINED bar=2026.09.03 11:00 state=S5_GATE_CHECK dir=SHORT predicate=DIV_FALLBACK"
481,RECON62-B160,1617DC1ACCE6B50ED2D1359582A70A8B8503C569623EE90C18C6B33542796207,Tester/logs/20261010.log,5937996,2026-09-03,11:00,STATE,"CL	0	21:33:07.350	Core 04	2026.09.03 11:00:00   [SRJ-EA] 2026.09.03 11:00:00 STATE S5_GATE_CHECK->ABORT dir=SHORT poi=Daily-POC"
482,RECON62-B160,1617DC1ACCE6B50ED2D1359582A70A8B8503C569623EE90C18C6B33542796207,Tester/logs/20261010.log,5937999,2026-09-03,11:05,B152PR,"HL	0	21:33:07.350	Core 04	2026.09.03 11:05:01   [SRJ-IND] B152PR sym=EURUSD bar=2026.09.03 11:00 z1=305,B,1.15201,1.15225,2026.08.13 10:45,1,2026.08.13 11:00,1.15264,1.15225"
483,RECON62-B160,1617DC1ACCE6B50ED2D1359582A70A8B8503C569623EE90C18C6B33542796207,Tester/logs/20261010.log,5938000,2026-09-03,11:05,B152PR,"HF	0	21:33:07.350	Core 04	2026.09.03 11:05:01   [SRJ-IND] B152PR sym=EURUSD bar=2026.09.03 11:00 z1=405,B,1.15248,1.15263,2026.08.14 00:25,1,2026.08.14 00:50,1.15276,1.15259"
484,RECON62-B160,1617DC1ACCE6B50ED2D1359582A70A8B8503C569623EE90C18C6B33542796207,Tester/logs/20261010.log,5938001,2026-09-03,11:05,B152PR,"IK	0	21:33:07.350	Core 04	2026.09.03 11:05:01   [SRJ-IND] B152PR sym=EURUSD bar=2026.09.03 11:00 z1=435,B,1.15357,1.15373,2026.08.14 06:30,1,2026.08.14 06:35,1.15382,1.15367"
485,RECON62-B160,1617DC1ACCE6B50ED2D1359582A70A8B8503C569623EE90C18C6B33542796207,Tester/logs/20261010.log,5938002,2026-09-03,11:05,B152PR,"KM	0	21:33:07.350	Core 04	2026.09.03 11:05:01   [SRJ-IND] B152PR sym=EURUSD bar=2026.09.03 11:00 z1=484,B,1.15504,1.15532,2026.08.14 11:45,1,2026.08.14 11:50,1.15549,1.15520"
486,RECON62-B160,1617DC1ACCE6B50ED2D1359582A70A8B8503C569623EE90C18C6B33542796207,Tester/logs/20261010.log,5938003,2026-09-03,11:05,B152PR,"OE	0	21:33:07.350	Core 04	2026.09.03 11:05:01   [SRJ-IND] B152PR sym=EURUSD bar=2026.09.03 11:00 z1=1389,S,1.17072,1.17107,2026.08.21 13:55,1,2026.08.21 14:20,1.17098,1.17032"
487,RECON62-B160,1617DC1ACCE6B50ED2D1359582A70A8B8503C569623EE90C18C6B33542796207,Tester/logs/20261010.log,5938004,2026-09-03,11:05,B152PR,"NK	0	21:33:07.350	Core 04	2026.09.03 11:05:01   [SRJ-IND] B152PR sym=EURUSD bar=2026.09.03 11:00 z1=1481,S,1.16836,1.16871,2026.08.24 04:10,1,2026.08.24 05:10,1.16841,1.16818"
488,RECON62-B160,1617DC1ACCE6B50ED2D1359582A70A8B8503C569623EE90C18C6B33542796207,Tester/logs/20261010.log,5938005,2026-09-03,11:05,B152PR,"CQ	0	21:33:07.350	Core 04	2026.09.03 11:05:01   [SRJ-IND] B152PR sym=EURUSD bar=2026.09.03 11:00 z1=1484,S,1.16822,1.16855,2026.08.24 04:20,1,2026.08.24 05:00,1.16831,1.16810"
489,RECON62-B160,1617DC1ACCE6B50ED2D1359582A70A8B8503C569623EE90C18C6B33542796207,Tester/logs/20261010.log,5938006,2026-09-03,11:05,B152PR,"MG	0	21:33:07.350	Core 04	2026.09.03 11:05:01   [SRJ-IND] B152PR sym=EURUSD bar=2026.09.03 11:00 z1=1516,S,1.16800,1.16817,2026.08.24 08:45,1,2026.08.24 08:55,1.16812,1.16783"
490,RECON62-B160,1617DC1ACCE6B50ED2D1359582A70A8B8503C569623EE90C18C6B33542796207,Tester/logs/20261010.log,5938007,2026-09-03,11:05,B152PR,"MM	0	21:33:07.350	Core 04	2026.09.03 11:05:01   [SRJ-IND] B152PR sym=EURUSD bar=2026.09.03 11:00 z1=1704,S,1.16580,1.16647,2026.08.26 16:00,1,2026.08.26 16:30,1.16587,1.16541"
491,RECON62-B160,1617DC1ACCE6B50ED2D1359582A70A8B8503C569623EE90C18C6B33542796207,Tester/logs/20261010.log,5938008,2026-09-03,11:05,B152PR,"RS	0	21:33:07.350	Core 04	2026.09.03 11:05:01   [SRJ-IND] B152PR sym=EURUSD bar=2026.09.03 11:00 z1=1728,S,1.16596,1.16624,2026.08.26 16:00,1,2026.08.27 16:25,1.16598,1.16561"
492,RECON62-B160,1617DC1ACCE6B50ED2D1359582A70A8B8503C569623EE90C18C6B33542796207,Tester/logs/20261010.log,5938009,2026-09-03,11:05,B152PR,"FI	0	21:33:07.350	Core 04	2026.09.03 11:05:01   [SRJ-IND] B152PR sym=EURUSD bar=2026.09.03 11:00 z1=1784,S,1.16754,1.16787,2026.08.25 23:40,1,2026.08.25 23:50,1.16758,1.16746"
493,RECON62-B160,1617DC1ACCE6B50ED2D1359582A70A8B8503C569623EE90C18C6B33542796207,Tester/logs/20261010.log,5938010,2026-09-03,11:05,B152PR,"JO	0	21:33:07.350	Core 04	2026.09.03 11:05:01   [SRJ-IND] B152PR sym=EURUSD bar=2026.09.03 11:00 z1=1866,S,1.16723,1.16738,2026.08.26 12:00,1,2026.08.26 15:10,1.16732,1.16692"
494,RECON62-B160,1617DC1ACCE6B50ED2D1359582A70A8B8503C569623EE90C18C6B33542796207,Tester/logs/20261010.log,5938011,2026-09-03,11:05,B152PR,"RE	0	21:33:07.350	Core 04	2026.09.03 11:05:01   [SRJ-IND] B152PR sym=EURUSD bar=2026.09.03 11:00 z1=2109,S,1.16505,1.16537,2026.08.28 05:05,1,2026.08.28 05:55,1.16507,1.16497"
495,RECON62-B160,1617DC1ACCE6B50ED2D1359582A70A8B8503C569623EE90C18C6B33542796207,Tester/logs/20261010.log,5938012,2026-09-03,11:05,B152PR,"IK	0	21:33:07.350	Core 04	2026.09.03 11:05:01   [SRJ-IND] B152PR sym=EURUSD bar=2026.09.03 11:00 z1=2149,S,1.16492,1.16507,2026.08.28 06:40,1,2026.08.28 14:00,1.16494,1.16471"
496,RECON62-B160,1617DC1ACCE6B50ED2D1359582A70A8B8503C569623EE90C18C6B33542796207,Tester/logs/20261010.log,5938013,2026-09-03,11:05,B152PR,"EP	0	21:33:07.350	Core 04	2026.09.03 11:05:01   [SRJ-IND] B152PR sym=EURUSD bar=2026.09.03 11:00 z1=2792,B,1.15906,1.15944,2026.09.03 06:15,1,2026.09.03 06:20,1.15956,1.15943"
497,RECON62-B160,1617DC1ACCE6B50ED2D1359582A70A8B8503C569623EE90C18C6B33542796207,Tester/logs/20261010.log,5938014,2026-09-03,11:05,B152PR,"JG	0	21:33:07.350	Core 04	2026.09.03 11:05:01   [SRJ-IND] B152PR sym=EURUSD bar=2026.09.03 11:00 z1=2825,S,1.16044,1.16063,2026.09.03 10:45,1,2026.09.03 10:50,1.16051,1.16017"
498,RECON62-B160,1617DC1ACCE6B50ED2D1359582A70A8B8503C569623EE90C18C6B33542796207,Tester/logs/20261010.log,5938015,2026-09-03,11:05,B152PR,"CN	0	21:33:07.350	Core 04	2026.09.03 11:05:01   [SRJ-IND] B152PR sym=EURUSD bar=2026.09.03 11:00 bull=1 bear=1 nz=16"
499,RECON62-B160,1617DC1ACCE6B50ED2D1359582A70A8B8503C569623EE90C18C6B33542796207,Tester/logs/20261010.log,5938026,2026-09-03,11:10,B152PR,"LO	0	21:33:07.350	Core 04	2026.09.03 11:10:00   [SRJ-IND] B152PR sym=EURUSD bar=2026.09.03 11:05 z1=305,B,1.15201,1.15225,2026.08.13 10:45,1,2026.08.13 11:00,1.15264,1.15225"
500,RECON62-B160,1617DC1ACCE6B50ED2D1359582A70A8B8503C569623EE90C18C6B33542796207,Tester/logs/20261010.log,5938027,2026-09-03,11:10,B152PR,"LQ	0	21:33:07.350	Core 04	2026.09.03 11:10:00   [SRJ-IND] B152PR sym=EURUSD bar=2026.09.03 11:05 z1=405,B,1.15248,1.15263,2026.08.14 00:25,1,2026.08.14 00:50,1.15276,1.15259"
501,RECON62-B160,1617DC1ACCE6B50ED2D1359582A70A8B8503C569623EE90C18C6B33542796207,Tester/logs/20261010.log,5938028,2026-09-03,11:10,B152PR,"EK	0	21:33:07.350	Core 04	2026.09.03 11:10:00   [SRJ-IND] B152PR sym=EURUSD bar=2026.09.03 11:05 z1=435,B,1.15357,1.15373,2026.08.14 06:30,1,2026.08.14 06:35,1.15382,1.15367"
502,RECON62-B160,1617DC1ACCE6B50ED2D1359582A70A8B8503C569623EE90C18C6B33542796207,Tester/logs/20261010.log,5938029,2026-09-03,11:10,B152PR,"OM	0	21:33:07.350	Core 04	2026.09.03 11:10:00   [SRJ-IND] B152PR sym=EURUSD bar=2026.09.03 11:05 z1=484,B,1.15504,1.15532,2026.08.14 11:45,1,2026.08.14 11:50,1.15549,1.15520"
503,RECON62-B160,1617DC1ACCE6B50ED2D1359582A70A8B8503C569623EE90C18C6B33542796207,Tester/logs/20261010.log,5938030,2026-09-03,11:10,B152PR,"CE	0	21:33:07.350	Core 04	2026.09.03 11:10:00   [SRJ-IND] B152PR sym=EURUSD bar=2026.09.03 11:05 z1=1389,S,1.17072,1.17107,2026.08.21 13:55,1,2026.08.21 14:20,1.17098,1.17032"
504,RECON62-B160,1617DC1ACCE6B50ED2D1359582A70A8B8503C569623EE90C18C6B33542796207,Tester/logs/20261010.log,5938031,2026-09-03,11:10,B152PR,"JK	0	21:33:07.350	Core 04	2026.09.03 11:10:00   [SRJ-IND] B152PR sym=EURUSD bar=2026.09.03 11:05 z1=1481,S,1.16836,1.16871,2026.08.24 04:10,1,2026.08.24 05:10,1.16841,1.16818"
505,RECON62-B160,1617DC1ACCE6B50ED2D1359582A70A8B8503C569623EE90C18C6B33542796207,Tester/logs/20261010.log,5938032,2026-09-03,11:10,B152PR,"OQ	0	21:33:07.350	Core 04	2026.09.03 11:10:00   [SRJ-IND] B152PR sym=EURUSD bar=2026.09.03 11:05 z1=1484,S,1.16822,1.16855,2026.08.24 04:20,1,2026.08.24 05:00,1.16831,1.16810"
506,RECON62-B160,1617DC1ACCE6B50ED2D1359582A70A8B8503C569623EE90C18C6B33542796207,Tester/logs/20261010.log,5938033,2026-09-03,11:10,B152PR,"IG	0	21:33:07.350	Core 04	2026.09.03 11:10:00   [SRJ-IND] B152PR sym=EURUSD bar=2026.09.03 11:05 z1=1516,S,1.16800,1.16817,2026.08.24 08:45,1,2026.08.24 08:55,1.16812,1.16783"
507,RECON62-B160,1617DC1ACCE6B50ED2D1359582A70A8B8503C569623EE90C18C6B33542796207,Tester/logs/20261010.log,5938034,2026-09-03,11:10,B152PR,"IM	0	21:33:07.350	Core 04	2026.09.03 11:10:00   [SRJ-IND] B152PR sym=EURUSD bar=2026.09.03 11:05 z1=1704,S,1.16580,1.16647,2026.08.26 16:00,1,2026.08.26 16:30,1.16587,1.16541"
508,RECON62-B160,1617DC1ACCE6B50ED2D1359582A70A8B8503C569623EE90C18C6B33542796207,Tester/logs/20261010.log,5938035,2026-09-03,11:10,B152PR,"FS	0	21:33:07.350	Core 04	2026.09.03 11:10:00   [SRJ-IND] B152PR sym=EURUSD bar=2026.09.03 11:05 z1=1728,S,1.16596,1.16624,2026.08.26 16:00,1,2026.08.27 16:25,1.16598,1.16561"
509,RECON62-B160,1617DC1ACCE6B50ED2D1359582A70A8B8503C569623EE90C18C6B33542796207,Tester/logs/20261010.log,5938036,2026-09-03,11:10,B152PR,"RI	0	21:33:07.350	Core 04	2026.09.03 11:10:00   [SRJ-IND] B152PR sym=EURUSD bar=2026.09.03 11:05 z1=1784,S,1.16754,1.16787,2026.08.25 23:40,1,2026.08.25 23:50,1.16758,1.16746"
510,RECON62-B160,1617DC1ACCE6B50ED2D1359582A70A8B8503C569623EE90C18C6B33542796207,Tester/logs/20261010.log,5938037,2026-09-03,11:10,B152PR,"NO	0	21:33:07.350	Core 04	2026.09.03 11:10:00   [SRJ-IND] B152PR sym=EURUSD bar=2026.09.03 11:05 z1=1866,S,1.16723,1.16738,2026.08.26 12:00,1,2026.08.26 15:10,1.16732,1.16692"
511,RECON62-B160,1617DC1ACCE6B50ED2D1359582A70A8B8503C569623EE90C18C6B33542796207,Tester/logs/20261010.log,5938038,2026-09-03,11:10,B152PR,"FE	0	21:33:07.350	Core 04	2026.09.03 11:10:00   [SRJ-IND] B152PR sym=EURUSD bar=2026.09.03 11:05 z1=2109,S,1.16505,1.16537,2026.08.28 05:05,1,2026.08.28 05:55,1.16507,1.16497"
512,RECON62-B160,1617DC1ACCE6B50ED2D1359582A70A8B8503C569623EE90C18C6B33542796207,Tester/logs/20261010.log,5938039,2026-09-03,11:10,B152PR,"MK	0	21:33:07.350	Core 04	2026.09.03 11:10:00   [SRJ-IND] B152PR sym=EURUSD bar=2026.09.03 11:05 z1=2149,S,1.16492,1.16507,2026.08.28 06:40,1,2026.08.28 14:00,1.16494,1.16471"
513,RECON62-B160,1617DC1ACCE6B50ED2D1359582A70A8B8503C569623EE90C18C6B33542796207,Tester/logs/20261010.log,5938040,2026-09-03,11:10,B152PR,"QP	0	21:33:07.350	Core 04	2026.09.03 11:10:00   [SRJ-IND] B152PR sym=EURUSD bar=2026.09.03 11:05 z1=2792,B,1.15906,1.15944,2026.09.03 06:15,1,2026.09.03 06:20,1.15956,1.15943"
514,RECON62-B160,1617DC1ACCE6B50ED2D1359582A70A8B8503C569623EE90C18C6B33542796207,Tester/logs/20261010.log,5938041,2026-09-03,11:10,B152PR,"RD	0	21:33:07.350	Core 04	2026.09.03 11:10:00   [SRJ-IND] B152PR sym=EURUSD bar=2026.09.03 11:05 bull=1 bear=1 nz=15"
515,RECON62-B160,1617DC1ACCE6B50ED2D1359582A70A8B8503C569623EE90C18C6B33542796207,Tester/logs/20261010.log,5938046,2026-09-03,11:10,CQDRECHECK,"KR	0	21:33:07.350	Core 04	2026.09.03 11:10:00   [SRJ-EA] CQDRECHECK shift=2 passA=2.0 passB=2.0 diff=0 bar=2026.09.03 11:00 state=IDLE dir=NONE divLatch=0 hit1=0 hit2=505 mism=0"
516,RECON62-B160,1617DC1ACCE6B50ED2D1359582A70A8B8503C569623EE90C18C6B33542796207,Tester/logs/20261010.log,5938051,2026-09-03,11:10,CONFIRMPOLL,"FO	0	21:33:07.350	Core 04	2026.09.03 11:10:00   [SRJ-EA] CONFIRMPOLL bar=2026.09.03 11:05 anchor=Daily-POC dir=SHORT oppCandle=1 bodyDir=0 body=20pts doji=0 touchAttr=0 confirm=0 shadow=true"
517,RECON62-B160,1617DC1ACCE6B50ED2D1359582A70A8B8503C569623EE90C18C6B33542796207,Tester/logs/20261010.log,5938056,2026-09-03,11:15,B152PR,"GK	0	21:33:07.350	Core 04	2026.09.03 11:15:00   [SRJ-IND] B152PR sym=EURUSD bar=2026.09.03 11:10 z1=305,B,1.15201,1.15225,2026.08.13 10:45,1,2026.08.13 11:00,1.15264,1.15225"
518,RECON62-B160,1617DC1ACCE6B50ED2D1359582A70A8B8503C569623EE90C18C6B33542796207,Tester/logs/20261010.log,5938057,2026-09-03,11:15,B152PR,"GM	0	21:33:07.350	Core 04	2026.09.03 11:15:00   [SRJ-IND] B152PR sym=EURUSD bar=2026.09.03 11:10 z1=405,B,1.15248,1.15263,2026.08.14 00:25,1,2026.08.14 00:50,1.15276,1.15259"
519,RECON62-B160,1617DC1ACCE6B50ED2D1359582A70A8B8503C569623EE90C18C6B33542796207,Tester/logs/20261010.log,5938058,2026-09-03,11:15,B152PR,"JF	0	21:33:07.350	Core 04	2026.09.03 11:15:00   [SRJ-IND] B152PR sym=EURUSD bar=2026.09.03 11:10 z1=435,B,1.15357,1.15373,2026.08.14 06:30,1,2026.08.14 06:35,1.15382,1.15367"
520,RECON62-B160,1617DC1ACCE6B50ED2D1359582A70A8B8503C569623EE90C18C6B33542796207,Tester/logs/20261010.log,5938059,2026-09-03,11:15,B152PR,"LH	0	21:33:07.350	Core 04	2026.09.03 11:15:00   [SRJ-IND] B152PR sym=EURUSD bar=2026.09.03 11:10 z1=484,B,1.15504,1.15532,2026.08.14 11:45,1,2026.08.14 11:50,1.15549,1.15520"
521,RECON62-B160,1617DC1ACCE6B50ED2D1359582A70A8B8503C569623EE90C18C6B33542796207,Tester/logs/20261010.log,5938060,2026-09-03,11:15,B152PR,"PP	0	21:33:07.350	Core 04	2026.09.03 11:15:00   [SRJ-IND] B152PR sym=EURUSD bar=2026.09.03 11:10 z1=1389,S,1.17072,1.17107,2026.08.21 13:55,1,2026.08.21 14:20,1.17098,1.17032"
522,RECON62-B160,1617DC1ACCE6B50ED2D1359582A70A8B8503C569623EE90C18C6B33542796207,Tester/logs/20261010.log,5938061,2026-09-03,11:15,B152PR,"MF	0	21:33:07.350	Core 04	2026.09.03 11:15:00   [SRJ-IND] B152PR sym=EURUSD bar=2026.09.03 11:10 z1=1481,S,1.16836,1.16871,2026.08.24 04:10,1,2026.08.24 05:10,1.16841,1.16818"
523,RECON62-B160,1617DC1ACCE6B50ED2D1359582A70A8B8503C569623EE90C18C6B33542796207,Tester/logs/20261010.log,5938062,2026-09-03,11:15,B152PR,"DL	0	21:33:07.350	Core 04	2026.09.03 11:15:00   [SRJ-IND] B152PR sym=EURUSD bar=2026.09.03 11:10 z1=1484,S,1.16822,1.16855,2026.08.24 04:20,1,2026.08.24 05:00,1.16831,1.16810"
524,RECON62-B160,1617DC1ACCE6B50ED2D1359582A70A8B8503C569623EE90C18C6B33542796207,Tester/logs/20261010.log,5938063,2026-09-03,11:15,B152PR,"NR	0	21:33:07.350	Core 04	2026.09.03 11:15:00   [SRJ-IND] B152PR sym=EURUSD bar=2026.09.03 11:10 z1=1516,S,1.16800,1.16817,2026.08.24 08:45,1,2026.08.24 08:55,1.16812,1.16783"
525,RECON62-B160,1617DC1ACCE6B50ED2D1359582A70A8B8503C569623EE90C18C6B33542796207,Tester/logs/20261010.log,5938064,2026-09-03,11:15,B152PR,"NH	0	21:33:07.350	Core 04	2026.09.03 11:15:00   [SRJ-IND] B152PR sym=EURUSD bar=2026.09.03 11:10 z1=1704,S,1.16580,1.16647,2026.08.26 16:00,1,2026.08.26 16:30,1.16587,1.16541"
526,RECON62-B160,1617DC1ACCE6B50ED2D1359582A70A8B8503C569623EE90C18C6B33542796207,Tester/logs/20261010.log,5938065,2026-09-03,11:15,B152PR,"QN	0	21:33:07.350	Core 04	2026.09.03 11:15:00   [SRJ-IND] B152PR sym=EURUSD bar=2026.09.03 11:10 z1=1728,S,1.16596,1.16624,2026.08.26 16:00,1,2026.08.27 16:25,1.16598,1.16561"
527,RECON62-B160,1617DC1ACCE6B50ED2D1359582A70A8B8503C569623EE90C18C6B33542796207,Tester/logs/20261010.log,5938066,2026-09-03,11:15,B152PR,"ED	0	21:33:07.350	Core 04	2026.09.03 11:15:00   [SRJ-IND] B152PR sym=EURUSD bar=2026.09.03 11:10 z1=1784,S,1.16754,1.16787,2026.08.25 23:40,1,2026.08.25 23:50,1.16758,1.16746"
528,RECON62-B160,1617DC1ACCE6B50ED2D1359582A70A8B8503C569623EE90C18C6B33542796207,Tester/logs/20261010.log,5938067,2026-09-03,11:15,B152PR,"IJ	0	21:33:07.350	Core 04	2026.09.03 11:15:00   [SRJ-IND] B152PR sym=EURUSD bar=2026.09.03 11:10 z1=1866,S,1.16723,1.16738,2026.08.26 12:00,1,2026.08.26 15:10,1.16732,1.16692"
529,RECON62-B160,1617DC1ACCE6B50ED2D1359582A70A8B8503C569623EE90C18C6B33542796207,Tester/logs/20261010.log,5938068,2026-09-03,11:15,B152PR,"QP	0	21:33:07.350	Core 04	2026.09.03 11:15:00   [SRJ-IND] B152PR sym=EURUSD bar=2026.09.03 11:10 z1=2109,S,1.16505,1.16537,2026.08.28 05:05,1,2026.08.28 05:55,1.16507,1.16497"
530,RECON62-B160,1617DC1ACCE6B50ED2D1359582A70A8B8503C569623EE90C18C6B33542796207,Tester/logs/20261010.log,5938069,2026-09-03,11:15,B152PR,"JF	0	21:33:07.350	Core 04	2026.09.03 11:15:00   [SRJ-IND] B152PR sym=EURUSD bar=2026.09.03 11:10 z1=2149,S,1.16492,1.16507,2026.08.28 06:40,1,2026.08.28 14:00,1.16494,1.16471"
531,RECON62-B160,1617DC1ACCE6B50ED2D1359582A70A8B8503C569623EE90C18C6B33542796207,Tester/logs/20261010.log,5938070,2026-09-03,11:15,B152PR,"FM	0	21:33:07.350	Core 04	2026.09.03 11:15:00   [SRJ-IND] B152PR sym=EURUSD bar=2026.09.03 11:10 z1=2792,B,1.15906,1.15944,2026.09.03 06:15,1,2026.09.03 06:20,1.15956,1.15943"
532,RECON62-B160,1617DC1ACCE6B50ED2D1359582A70A8B8503C569623EE90C18C6B33542796207,Tester/logs/20261010.log,5938071,2026-09-03,11:15,B152PR,"RS	0	21:33:07.350	Core 04	2026.09.03 11:15:00   [SRJ-IND] B152PR sym=EURUSD bar=2026.09.03 11:10 z1=2810,B,1.15975,1.16004,2026.09.03 10:05,1,2026.09.03 11:10,1.16057,1.15995"
533,RECON62-B160,1617DC1ACCE6B50ED2D1359582A70A8B8503C569623EE90C18C6B33542796207,Tester/logs/20261010.log,5938072,2026-09-03,11:15,B152PR,"NI	0	21:33:07.350	Core 04	2026.09.03 11:15:00   [SRJ-IND] B152PR sym=EURUSD bar=2026.09.03 11:10 z1=2811,B,1.15976,1.16002,2026.09.03 10:05,1,2026.09.03 11:10,1.16057,1.15995"
534,RECON62-B160,1617DC1ACCE6B50ED2D1359582A70A8B8503C569623EE90C18C6B33542796207,Tester/logs/20261010.log,5938073,2026-09-03,11:15,B152PR,"CM	0	21:33:07.350	Core 04	2026.09.03 11:15:00   [SRJ-IND] B152PR sym=EURUSD bar=2026.09.03 11:10 bull=1 bear=1 nz=17"
535,RECON62-B160,1617DC1ACCE6B50ED2D1359582A70A8B8503C569623EE90C18C6B33542796207,Tester/logs/20261010.log,5938078,2026-09-03,11:15,CQDRECHECK,"NM	0	21:33:07.350	Core 04	2026.09.03 11:15:00   [SRJ-EA] CQDRECHECK shift=2 passA=-1.0 passB=-1.0 diff=0 bar=2026.09.03 11:05 state=IDLE dir=NONE divLatch=0 hit1=0 hit2=506 mism=0"
536,RECON62-B160,1617DC1ACCE6B50ED2D1359582A70A8B8503C569623EE90C18C6B33542796207,Tester/logs/20261010.log,5938084,2026-09-03,11:20,B152PR,"LO	0	21:33:07.350	Core 04	2026.09.03 11:20:00   [SRJ-IND] B152PR sym=EURUSD bar=2026.09.03 11:15 z1=305,B,1.15201,1.15225,2026.08.13 10:45,1,2026.08.13 11:00,1.15264,1.15225"
537,RECON62-B160,1617DC1ACCE6B50ED2D1359582A70A8B8503C569623EE90C18C6B33542796207,Tester/logs/20261010.log,5938085,2026-09-03,11:20,B152PR,"PQ	0	21:33:07.350	Core 04	2026.09.03 11:20:00   [SRJ-IND] B152PR sym=EURUSD bar=2026.09.03 11:15 z1=405,B,1.15248,1.15263,2026.08.14 00:25,1,2026.08.14 00:50,1.15276,1.15259"
538,RECON62-B160,1617DC1ACCE6B50ED2D1359582A70A8B8503C569623EE90C18C6B33542796207,Tester/logs/20261010.log,5938086,2026-09-03,11:20,B152PR,"EK	0	21:33:07.350	Core 04	2026.09.03 11:20:00   [SRJ-IND] B152PR sym=EURUSD bar=2026.09.03 11:15 z1=435,B,1.15357,1.15373,2026.08.14 06:30,1,2026.08.14 06:35,1.15382,1.15367"
539,RECON62-B160,1617DC1ACCE6B50ED2D1359582A70A8B8503C569623EE90C18C6B33542796207,Tester/logs/20261010.log,5938087,2026-09-03,11:20,B152PR,"CM	0	21:33:07.350	Core 04	2026.09.03 11:20:00   [SRJ-IND] B152PR sym=EURUSD bar=2026.09.03 11:15 z1=484,B,1.15504,1.15532,2026.08.14 11:45,1,2026.08.14 11:50,1.15549,1.15520"
540,RECON62-B160,1617DC1ACCE6B50ED2D1359582A70A8B8503C569623EE90C18C6B33542796207,Tester/logs/20261010.log,5938088,2026-09-03,11:20,B152PR,"CE	0	21:33:07.350	Core 04	2026.09.03 11:20:00   [SRJ-IND] B152PR sym=EURUSD bar=2026.09.03 11:15 z1=1389,S,1.17072,1.17107,2026.08.21 13:55,1,2026.08.21 14:20,1.17098,1.17032"
541,RECON62-B160,1617DC1ACCE6B50ED2D1359582A70A8B8503C569623EE90C18C6B33542796207,Tester/logs/20261010.log,5938089,2026-09-03,11:20,B152PR,"JK	0	21:33:07.350	Core 04	2026.09.03 11:20:00   [SRJ-IND] B152PR sym=EURUSD bar=2026.09.03 11:15 z1=1481,S,1.16836,1.16871,2026.08.24 04:10,1,2026.08.24 05:10,1.16841,1.16818"
542,RECON62-B160,1617DC1ACCE6B50ED2D1359582A70A8B8503C569623EE90C18C6B33542796207,Tester/logs/20261010.log,5938090,2026-09-03,11:20,B152PR,"OQ	0	21:33:07.350	Core 04	2026.09.03 11:20:00   [SRJ-IND] B152PR sym=EURUSD bar=2026.09.03 11:15 z1=1484,S,1.16822,1.16855,2026.08.24 04:20,1,2026.08.24 05:00,1.16831,1.16810"
543,RECON62-B160,1617DC1ACCE6B50ED2D1359582A70A8B8503C569623EE90C18C6B33542796207,Tester/logs/20261010.log,5938091,2026-09-03,11:20,B152PR,"IG	0	21:33:07.350	Core 04	2026.09.03 11:20:00   [SRJ-IND] B152PR sym=EURUSD bar=2026.09.03 11:15 z1=1516,S,1.16800,1.16817,2026.08.24 08:45,1,2026.08.24 08:55,1.16812,1.16783"
544,RECON62-B160,1617DC1ACCE6B50ED2D1359582A70A8B8503C569623EE90C18C6B33542796207,Tester/logs/20261010.log,5938092,2026-09-03,11:20,B152PR,"IM	0	21:33:07.350	Core 04	2026.09.03 11:20:00   [SRJ-IND] B152PR sym=EURUSD bar=2026.09.03 11:15 z1=1704,S,1.16580,1.16647,2026.08.26 16:00,1,2026.08.26 16:30,1.16587,1.16541"
545,RECON62-B160,1617DC1ACCE6B50ED2D1359582A70A8B8503C569623EE90C18C6B33542796207,Tester/logs/20261010.log,5938093,2026-09-03,11:20,B152PR,"FS	0	21:33:07.350	Core 04	2026.09.03 11:20:00   [SRJ-IND] B152PR sym=EURUSD bar=2026.09.03 11:15 z1=1728,S,1.16596,1.16624,2026.08.26 16:00,1,2026.08.27 16:25,1.16598,1.16561"
546,RECON62-B160,1617DC1ACCE6B50ED2D1359582A70A8B8503C569623EE90C18C6B33542796207,Tester/logs/20261010.log,5938094,2026-09-03,11:20,B152PR,"RI	0	21:33:07.350	Core 04	2026.09.03 11:20:00   [SRJ-IND] B152PR sym=EURUSD bar=2026.09.03 11:15 z1=1784,S,1.16754,1.16787,2026.08.25 23:40,1,2026.08.25 23:50,1.16758,1.16746"
547,RECON62-B160,1617DC1ACCE6B50ED2D1359582A70A8B8503C569623EE90C18C6B33542796207,Tester/logs/20261010.log,5938095,2026-09-03,11:20,B152PR,"NO	0	21:33:07.350	Core 04	2026.09.03 11:20:00   [SRJ-IND] B152PR sym=EURUSD bar=2026.09.03 11:15 z1=1866,S,1.16723,1.16738,2026.08.26 12:00,1,2026.08.26 15:10,1.16732,1.16692"
548,RECON62-B160,1617DC1ACCE6B50ED2D1359582A70A8B8503C569623EE90C18C6B33542796207,Tester/logs/20261010.log,5938096,2026-09-03,11:20,B152PR,"FE	0	21:33:07.350	Core 04	2026.09.03 11:20:00   [SRJ-IND] B152PR sym=EURUSD bar=2026.09.03 11:15 z1=2109,S,1.16505,1.16537,2026.08.28 05:05,1,2026.08.28 05:55,1.16507,1.16497"
549,RECON62-B160,1617DC1ACCE6B50ED2D1359582A70A8B8503C569623EE90C18C6B33542796207,Tester/logs/20261010.log,5938097,2026-09-03,11:20,B152PR,"MK	0	21:33:07.350	Core 04	2026.09.03 11:20:00   [SRJ-IND] B152PR sym=EURUSD bar=2026.09.03 11:15 z1=2149,S,1.16492,1.16507,2026.08.28 06:40,1,2026.08.28 14:00,1.16494,1.16471"
550,RECON62-B160,1617DC1ACCE6B50ED2D1359582A70A8B8503C569623EE90C18C6B33542796207,Tester/logs/20261010.log,5938098,2026-09-03,11:20,B152PR,"QP	0	21:33:07.350	Core 04	2026.09.03 11:20:00   [SRJ-IND] B152PR sym=EURUSD bar=2026.09.03 11:15 z1=2792,B,1.15906,1.15944,2026.09.03 06:15,1,2026.09.03 06:20,1.15956,1.15943"
551,RECON62-B160,1617DC1ACCE6B50ED2D1359582A70A8B8503C569623EE90C18C6B33542796207,Tester/logs/20261010.log,5938099,2026-09-03,11:20,B152PR,"EF	0	21:33:07.350	Core 04	2026.09.03 11:20:00   [SRJ-IND] B152PR sym=EURUSD bar=2026.09.03 11:15 z1=2810,B,1.15975,1.16004,2026.09.03 10:05,1,2026.09.03 11:10,1.16057,1.15995"
552,RECON62-B160,1617DC1ACCE6B50ED2D1359582A70A8B8503C569623EE90C18C6B33542796207,Tester/logs/20261010.log,5938100,2026-09-03,11:20,B152PR,"IL	0	21:33:07.350	Core 04	2026.09.03 11:20:00   [SRJ-IND] B152PR sym=EURUSD bar=2026.09.03 11:15 z1=2811,B,1.15976,1.16002,2026.09.03 10:05,1,2026.09.03 11:10,1.16057,1.15995"
553,RECON62-B160,1617DC1ACCE6B50ED2D1359582A70A8B8503C569623EE90C18C6B33542796207,Tester/logs/20261010.log,5938101,2026-09-03,11:20,B152PR,"PP	0	21:33:07.350	Core 04	2026.09.03 11:20:00   [SRJ-IND] B152PR sym=EURUSD bar=2026.09.03 11:15 bull=1 bear=1 nz=17"
554,RECON62-B160,1617DC1ACCE6B50ED2D1359582A70A8B8503C569623EE90C18C6B33542796207,Tester/logs/20261010.log,5938106,2026-09-03,11:20,CQDRECHECK,"MN	0	21:33:07.350	Core 04	2026.09.03 11:20:00   [SRJ-EA] CQDRECHECK shift=2 passA=2.0 passB=2.0 diff=0 bar=2026.09.03 11:10 state=IDLE dir=NONE divLatch=0 hit1=0 hit2=507 mism=0"
555,RECON62-B160,1617DC1ACCE6B50ED2D1359582A70A8B8503C569623EE90C18C6B33542796207,Tester/logs/20261010.log,5938111,2026-09-03,11:25,B152PR,"GL	0	21:33:07.350	Core 04	2026.09.03 11:25:00   [SRJ-IND] B152PR sym=EURUSD bar=2026.09.03 11:20 z1=305,B,1.15201,1.15225,2026.08.13 10:45,1,2026.08.13 11:00,1.15264,1.15225"
556,RECON62-B160,1617DC1ACCE6B50ED2D1359582A70A8B8503C569623EE90C18C6B33542796207,Tester/logs/20261010.log,5938112,2026-09-03,11:25,B152PR,"GF	0	21:33:07.350	Core 04	2026.09.03 11:25:00   [SRJ-IND] B152PR sym=EURUSD bar=2026.09.03 11:20 z1=405,B,1.15248,1.15263,2026.08.14 00:25,1,2026.08.14 00:50,1.15276,1.15259"
557,RECON62-B160,1617DC1ACCE6B50ED2D1359582A70A8B8503C569623EE90C18C6B33542796207,Tester/logs/20261010.log,5938113,2026-09-03,11:25,B152PR,"JK	0	21:33:07.350	Core 04	2026.09.03 11:25:00   [SRJ-IND] B152PR sym=EURUSD bar=2026.09.03 11:20 z1=435,B,1.15357,1.15373,2026.08.14 06:30,1,2026.08.14 06:35,1.15382,1.15367"
558,RECON62-B160,1617DC1ACCE6B50ED2D1359582A70A8B8503C569623EE90C18C6B33542796207,Tester/logs/20261010.log,5938114,2026-09-03,11:25,B152PR,"LM	0	21:33:07.350	Core 04	2026.09.03 11:25:00   [SRJ-IND] B152PR sym=EURUSD bar=2026.09.03 11:20 z1=484,B,1.15504,1.15532,2026.08.14 11:45,1,2026.08.14 11:50,1.15549,1.15520"
559,RECON62-B160,1617DC1ACCE6B50ED2D1359582A70A8B8503C569623EE90C18C6B33542796207,Tester/logs/20261010.log,5938115,2026-09-03,11:25,B152PR,"PE	0	21:33:07.350	Core 04	2026.09.03 11:25:00   [SRJ-IND] B152PR sym=EURUSD bar=2026.09.03 11:20 z1=1389,S,1.17072,1.17107,2026.08.21 13:55,1,2026.08.21 14:20,1.17098,1.17032"
560,RECON62-B160,1617DC1ACCE6B50ED2D1359582A70A8B8503C569623EE90C18C6B33542796207,Tester/logs/20261010.log,5938116,2026-09-03,11:25,B152PR,"MK	0	21:33:07.350	Core 04	2026.09.03 11:25:00   [SRJ-IND] B152PR sym=EURUSD bar=2026.09.03 11:20 z1=1481,S,1.16836,1.16871,2026.08.24 04:10,1,2026.08.24 05:10,1.16841,1.16818"
561,RECON62-B160,1617DC1ACCE6B50ED2D1359582A70A8B8503C569623EE90C18C6B33542796207,Tester/logs/20261010.log,5938117,2026-09-03,11:25,B152PR,"DQ	0	21:33:07.350	Core 04	2026.09.03 11:25:00   [SRJ-IND] B152PR sym=EURUSD bar=2026.09.03 11:20 z1=1484,S,1.16822,1.16855,2026.08.24 04:20,1,2026.08.24 05:00,1.16831,1.16810"
562,RECON62-B160,1617DC1ACCE6B50ED2D1359582A70A8B8503C569623EE90C18C6B33542796207,Tester/logs/20261010.log,5938118,2026-09-03,11:25,B152PR,"NG	0	21:33:07.350	Core 04	2026.09.03 11:25:00   [SRJ-IND] B152PR sym=EURUSD bar=2026.09.03 11:20 z1=1516,S,1.16800,1.16817,2026.08.24 08:45,1,2026.08.24 08:55,1.16812,1.16783"
563,RECON62-B160,1617DC1ACCE6B50ED2D1359582A70A8B8503C569623EE90C18C6B33542796207,Tester/logs/20261010.log,5938119,2026-09-03,11:25,B152PR,"NM	0	21:33:07.350	Core 04	2026.09.03 11:25:00   [SRJ-IND] B152PR sym=EURUSD bar=2026.09.03 11:20 z1=1704,S,1.16580,1.16647,2026.08.26 16:00,1,2026.08.26 16:30,1.16587,1.16541"
564,RECON62-B160,1617DC1ACCE6B50ED2D1359582A70A8B8503C569623EE90C18C6B33542796207,Tester/logs/20261010.log,5938120,2026-09-03,11:25,B152PR,"QS	0	21:33:07.350	Core 04	2026.09.03 11:25:00   [SRJ-IND] B152PR sym=EURUSD bar=2026.09.03 11:20 z1=1728,S,1.16596,1.16624,2026.08.26 16:00,1,2026.08.27 16:25,1.16598,1.16561"
565,RECON62-B160,1617DC1ACCE6B50ED2D1359582A70A8B8503C569623EE90C18C6B33542796207,Tester/logs/20261010.log,5938121,2026-09-03,11:25,B152PR,"EI	0	21:33:07.350	Core 04	2026.09.03 11:25:00   [SRJ-IND] B152PR sym=EURUSD bar=2026.09.03 11:20 z1=1784,S,1.16754,1.16787,2026.08.25 23:40,1,2026.08.25 23:50,1.16758,1.16746"
566,RECON62-B160,1617DC1ACCE6B50ED2D1359582A70A8B8503C569623EE90C18C6B33542796207,Tester/logs/20261010.log,5938122,2026-09-03,11:25,B152PR,"IO	0	21:33:07.350	Core 04	2026.09.03 11:25:00   [SRJ-IND] B152PR sym=EURUSD bar=2026.09.03 11:20 z1=1866,S,1.16723,1.16738,2026.08.26 12:00,1,2026.08.26 15:10,1.16732,1.16692"
567,RECON62-B160,1617DC1ACCE6B50ED2D1359582A70A8B8503C569623EE90C18C6B33542796207,Tester/logs/20261010.log,5938123,2026-09-03,11:25,B152PR,"QE	0	21:33:07.350	Core 04	2026.09.03 11:25:00   [SRJ-IND] B152PR sym=EURUSD bar=2026.09.03 11:20 z1=2109,S,1.16505,1.16537,2026.08.28 05:05,1,2026.08.28 05:55,1.16507,1.16497"
568,RECON62-B160,1617DC1ACCE6B50ED2D1359582A70A8B8503C569623EE90C18C6B33542796207,Tester/logs/20261010.log,5938124,2026-09-03,11:25,B152PR,"JK	0	21:33:07.350	Core 04	2026.09.03 11:25:00   [SRJ-IND] B152PR sym=EURUSD bar=2026.09.03 11:20 z1=2149,S,1.16492,1.16507,2026.08.28 06:40,1,2026.08.28 14:00,1.16494,1.16471"
569,RECON62-B160,1617DC1ACCE6B50ED2D1359582A70A8B8503C569623EE90C18C6B33542796207,Tester/logs/20261010.log,5938125,2026-09-03,11:25,B152PR,"FP	0	21:33:07.350	Core 04	2026.09.03 11:25:00   [SRJ-IND] B152PR sym=EURUSD bar=2026.09.03 11:20 z1=2792,B,1.15906,1.15944,2026.09.03 06:15,1,2026.09.03 06:20,1.15956,1.15943"
570,RECON62-B160,1617DC1ACCE6B50ED2D1359582A70A8B8503C569623EE90C18C6B33542796207,Tester/logs/20261010.log,5938126,2026-09-03,11:25,B152PR,"RF	0	21:33:07.350	Core 04	2026.09.03 11:25:00   [SRJ-IND] B152PR sym=EURUSD bar=2026.09.03 11:20 z1=2810,B,1.15975,1.16004,2026.09.03 10:05,1,2026.09.03 11:10,1.16057,1.15995"
571,RECON62-B160,1617DC1ACCE6B50ED2D1359582A70A8B8503C569623EE90C18C6B33542796207,Tester/logs/20261010.log,5938127,2026-09-03,11:25,B152PR,"NL	0	21:33:07.350	Core 04	2026.09.03 11:25:00   [SRJ-IND] B152PR sym=EURUSD bar=2026.09.03 11:20 z1=2811,B,1.15976,1.16002,2026.09.03 10:05,1,2026.09.03 11:10,1.16057,1.15995"
572,RECON62-B160,1617DC1ACCE6B50ED2D1359582A70A8B8503C569623EE90C18C6B33542796207,Tester/logs/20261010.log,5938128,2026-09-03,11:25,B152PR,"CP	0	21:33:07.350	Core 04	2026.09.03 11:25:00   [SRJ-IND] B152PR sym=EURUSD bar=2026.09.03 11:20 bull=1 bear=1 nz=17"
573,RECON62-B160,1617DC1ACCE6B50ED2D1359582A70A8B8503C569623EE90C18C6B33542796207,Tester/logs/20261010.log,5938136,2026-09-03,11:30,B152PR,"LN	0	21:33:07.350	Core 04	2026.09.03 11:30:00   [SRJ-IND] B152PR sym=EURUSD bar=2026.09.03 11:25 z1=305,B,1.15201,1.15225,2026.08.13 10:45,1,2026.08.13 11:00,1.15264,1.15225"
574,RECON62-B160,1617DC1ACCE6B50ED2D1359582A70A8B8503C569623EE90C18C6B33542796207,Tester/logs/20261010.log,5938137,2026-09-03,11:30,B152PR,"LP	0	21:33:07.350	Core 04	2026.09.03 11:30:00   [SRJ-IND] B152PR sym=EURUSD bar=2026.09.03 11:25 z1=405,B,1.15248,1.15263,2026.08.14 00:25,1,2026.08.14 00:50,1.15276,1.15259"
575,RECON62-B160,1617DC1ACCE6B50ED2D1359582A70A8B8503C569623EE90C18C6B33542796207,Tester/logs/20261010.log,5938138,2026-09-03,11:30,B152PR,"EJ	0	21:33:07.350	Core 04	2026.09.03 11:30:00   [SRJ-IND] B152PR sym=EURUSD bar=2026.09.03 11:25 z1=435,B,1.15357,1.15373,2026.08.14 06:30,1,2026.08.14 06:35,1.15382,1.15367"
576,RECON62-B160,1617DC1ACCE6B50ED2D1359582A70A8B8503C569623EE90C18C6B33542796207,Tester/logs/20261010.log,5938139,2026-09-03,11:30,B152PR,"OL	0	21:33:07.350	Core 04	2026.09.03 11:30:00   [SRJ-IND] B152PR sym=EURUSD bar=2026.09.03 11:25 z1=484,B,1.15504,1.15532,2026.08.14 11:45,1,2026.08.14 11:50,1.15549,1.15520"
577,RECON62-B160,1617DC1ACCE6B50ED2D1359582A70A8B8503C569623EE90C18C6B33542796207,Tester/logs/20261010.log,5938140,2026-09-03,11:30,B152PR,"CD	0	21:33:07.350	Core 04	2026.09.03 11:30:00   [SRJ-IND] B152PR sym=EURUSD bar=2026.09.03 11:25 z1=1389,S,1.17072,1.17107,2026.08.21 13:55,1,2026.08.21 14:20,1.17098,1.17032"
578,RECON62-B160,1617DC1ACCE6B50ED2D1359582A70A8B8503C569623EE90C18C6B33542796207,Tester/logs/20261010.log,5938141,2026-09-03,11:30,B152PR,"JJ	0	21:33:07.350	Core 04	2026.09.03 11:30:00   [SRJ-IND] B152PR sym=EURUSD bar=2026.09.03 11:25 z1=1481,S,1.16836,1.16871,2026.08.24 04:10,1,2026.08.24 05:10,1.16841,1.16818"
579,RECON62-B160,1617DC1ACCE6B50ED2D1359582A70A8B8503C569623EE90C18C6B33542796207,Tester/logs/20261010.log,5938142,2026-09-03,11:30,B152PR,"OP	0	21:33:07.350	Core 04	2026.09.03 11:30:00   [SRJ-IND] B152PR sym=EURUSD bar=2026.09.03 11:25 z1=1484,S,1.16822,1.16855,2026.08.24 04:20,1,2026.08.24 05:00,1.16831,1.16810"
580,RECON62-B160,1617DC1ACCE6B50ED2D1359582A70A8B8503C569623EE90C18C6B33542796207,Tester/logs/20261010.log,5938143,2026-09-03,11:30,B152PR,"IF	0	21:33:07.350	Core 04	2026.09.03 11:30:00   [SRJ-IND] B152PR sym=EURUSD bar=2026.09.03 11:25 z1=1516,S,1.16800,1.16817,2026.08.24 08:45,1,2026.08.24 08:55,1.16812,1.16783"
581,RECON62-B160,1617DC1ACCE6B50ED2D1359582A70A8B8503C569623EE90C18C6B33542796207,Tester/logs/20261010.log,5938144,2026-09-03,11:30,B152PR,"IL	0	21:33:07.350	Core 04	2026.09.03 11:30:00   [SRJ-IND] B152PR sym=EURUSD bar=2026.09.03 11:25 z1=1704,S,1.16580,1.16647,2026.08.26 16:00,1,2026.08.26 16:30,1.16587,1.16541"
582,RECON62-B160,1617DC1ACCE6B50ED2D1359582A70A8B8503C569623EE90C18C6B33542796207,Tester/logs/20261010.log,5938145,2026-09-03,11:30,B152PR,"FR	0	21:33:07.350	Core 04	2026.09.03 11:30:00   [SRJ-IND] B152PR sym=EURUSD bar=2026.09.03 11:25 z1=1728,S,1.16596,1.16624,2026.08.26 16:00,1,2026.08.27 16:25,1.16598,1.16561"
583,RECON62-B160,1617DC1ACCE6B50ED2D1359582A70A8B8503C569623EE90C18C6B33542796207,Tester/logs/20261010.log,5938146,2026-09-03,11:30,B152PR,"RH	0	21:33:07.350	Core 04	2026.09.03 11:30:00   [SRJ-IND] B152PR sym=EURUSD bar=2026.09.03 11:25 z1=1784,S,1.16754,1.16787,2026.08.25 23:40,1,2026.08.25 23:50,1.16758,1.16746"
584,RECON62-B160,1617DC1ACCE6B50ED2D1359582A70A8B8503C569623EE90C18C6B33542796207,Tester/logs/20261010.log,5938147,2026-09-03,11:30,B152PR,"NN	0	21:33:07.350	Core 04	2026.09.03 11:30:00   [SRJ-IND] B152PR sym=EURUSD bar=2026.09.03 11:25 z1=1866,S,1.16723,1.16738,2026.08.26 12:00,1,2026.08.26 15:10,1.16732,1.16692"
585,RECON62-B160,1617DC1ACCE6B50ED2D1359582A70A8B8503C569623EE90C18C6B33542796207,Tester/logs/20261010.log,5938148,2026-09-03,11:30,B152PR,"FD	0	21:33:07.350	Core 04	2026.09.03 11:30:00   [SRJ-IND] B152PR sym=EURUSD bar=2026.09.03 11:25 z1=2109,S,1.16505,1.16537,2026.08.28 05:05,1,2026.08.28 05:55,1.16507,1.16497"
586,RECON62-B160,1617DC1ACCE6B50ED2D1359582A70A8B8503C569623EE90C18C6B33542796207,Tester/logs/20261010.log,5938149,2026-09-03,11:30,B152PR,"MJ	0	21:33:07.350	Core 04	2026.09.03 11:30:00   [SRJ-IND] B152PR sym=EURUSD bar=2026.09.03 11:25 z1=2149,S,1.16492,1.16507,2026.08.28 06:40,1,2026.08.28 14:00,1.16494,1.16471"
587,RECON62-B160,1617DC1ACCE6B50ED2D1359582A70A8B8503C569623EE90C18C6B33542796207,Tester/logs/20261010.log,5938150,2026-09-03,11:30,B152PR,"QQ	0	21:33:07.350	Core 04	2026.09.03 11:30:00   [SRJ-IND] B152PR sym=EURUSD bar=2026.09.03 11:25 z1=2792,B,1.15906,1.15944,2026.09.03 06:15,1,2026.09.03 06:20,1.15956,1.15943"
588,RECON62-B160,1617DC1ACCE6B50ED2D1359582A70A8B8503C569623EE90C18C6B33542796207,Tester/logs/20261010.log,5938151,2026-09-03,11:30,B152PR,"EG	0	21:33:07.350	Core 04	2026.09.03 11:30:00   [SRJ-IND] B152PR sym=EURUSD bar=2026.09.03 11:25 z1=2810,B,1.15975,1.16004,2026.09.03 10:05,1,2026.09.03 11:10,1.16057,1.15995"
589,RECON62-B160,1617DC1ACCE6B50ED2D1359582A70A8B8503C569623EE90C18C6B33542796207,Tester/logs/20261010.log,5938152,2026-09-03,11:30,B152PR,"IM	0	21:33:07.350	Core 04	2026.09.03 11:30:00   [SRJ-IND] B152PR sym=EURUSD bar=2026.09.03 11:25 z1=2811,B,1.15976,1.16002,2026.09.03 10:05,1,2026.09.03 11:10,1.16057,1.15995"
590,RECON62-B160,1617DC1ACCE6B50ED2D1359582A70A8B8503C569623EE90C18C6B33542796207,Tester/logs/20261010.log,5938153,2026-09-03,11:30,B152PR,"PQ	0	21:33:07.350	Core 04	2026.09.03 11:30:00   [SRJ-IND] B152PR sym=EURUSD bar=2026.09.03 11:25 bull=1 bear=1 nz=17"
591,RECON62-B160,1617DC1ACCE6B50ED2D1359582A70A8B8503C569623EE90C18C6B33542796207,Tester/logs/20261010.log,5938161,2026-09-03,11:35,B152PR,"PL	0	21:33:07.350	Core 04	2026.09.03 11:35:01   [SRJ-IND] B152PR sym=EURUSD bar=2026.09.03 11:30 z1=305,B,1.15201,1.15225,2026.08.13 10:45,1,2026.08.13 11:00,1.15264,1.15225"
592,RECON62-B160,1617DC1ACCE6B50ED2D1359582A70A8B8503C569623EE90C18C6B33542796207,Tester/logs/20261010.log,5938162,2026-09-03,11:35,B152PR,"PF	0	21:33:07.350	Core 04	2026.09.03 11:35:01   [SRJ-IND] B152PR sym=EURUSD bar=2026.09.03 11:30 z1=405,B,1.15248,1.15263,2026.08.14 00:25,1,2026.08.14 00:50,1.15276,1.15259"
593,RECON62-B160,1617DC1ACCE6B50ED2D1359582A70A8B8503C569623EE90C18C6B33542796207,Tester/logs/20261010.log,5938163,2026-09-03,11:35,B152PR,"QH	0	21:33:07.350	Core 04	2026.09.03 11:35:01   [SRJ-IND] B152PR sym=EURUSD bar=2026.09.03 11:30 z1=435,B,1.15357,1.15373,2026.08.14 06:30,1,2026.08.14 06:35,1.15382,1.15367"
594,RECON62-B160,1617DC1ACCE6B50ED2D1359582A70A8B8503C569623EE90C18C6B33542796207,Tester/logs/20261010.log,5938164,2026-09-03,11:35,B152PR,"CR	0	21:33:07.350	Core 04	2026.09.03 11:35:01   [SRJ-IND] B152PR sym=EURUSD bar=2026.09.03 11:30 z1=484,B,1.15504,1.15532,2026.08.14 11:45,1,2026.08.14 11:50,1.15549,1.15520"
595,RECON62-B160,1617DC1ACCE6B50ED2D1359582A70A8B8503C569623EE90C18C6B33542796207,Tester/logs/20261010.log,5938165,2026-09-03,11:35,B152PR,"GF	0	21:33:07.350	Core 04	2026.09.03 11:35:01   [SRJ-IND] B152PR sym=EURUSD bar=2026.09.03 11:30 z1=1389,S,1.17072,1.17107,2026.08.21 13:55,1,2026.08.21 14:20,1.17098,1.17032"
596,RECON62-B160,1617DC1ACCE6B50ED2D1359582A70A8B8503C569623EE90C18C6B33542796207,Tester/logs/20261010.log,5938166,2026-09-03,11:35,B152PR,"FL	0	21:33:07.350	Core 04	2026.09.03 11:35:01   [SRJ-IND] B152PR sym=EURUSD bar=2026.09.03 11:30 z1=1481,S,1.16836,1.16871,2026.08.24 04:10,1,2026.08.24 05:10,1.16841,1.16818"
597,RECON62-B160,1617DC1ACCE6B50ED2D1359582A70A8B8503C569623EE90C18C6B33542796207,Tester/logs/20261010.log,5938167,2026-09-03,11:35,B152PR,"KR	0	21:33:07.350	Core 04	2026.09.03 11:35:01   [SRJ-IND] B152PR sym=EURUSD bar=2026.09.03 11:30 z1=1484,S,1.16822,1.16855,2026.08.24 04:20,1,2026.08.24 05:00,1.16831,1.16810"
598,RECON62-B160,1617DC1ACCE6B50ED2D1359582A70A8B8503C569623EE90C18C6B33542796207,Tester/logs/20261010.log,5938168,2026-09-03,11:35,B152PR,"EH	0	21:33:07.350	Core 04	2026.09.03 11:35:01   [SRJ-IND] B152PR sym=EURUSD bar=2026.09.03 11:30 z1=1516,S,1.16800,1.16817,2026.08.24 08:45,1,2026.08.24 08:55,1.16812,1.16783"
599,RECON62-B160,1617DC1ACCE6B50ED2D1359582A70A8B8503C569623EE90C18C6B33542796207,Tester/logs/20261010.log,5938169,2026-09-03,11:35,B152PR,"EN	0	21:33:07.350	Core 04	2026.09.03 11:35:01   [SRJ-IND] B152PR sym=EURUSD bar=2026.09.03 11:30 z1=1704,S,1.16580,1.16647,2026.08.26 16:00,1,2026.08.26 16:30,1.16587,1.16541"
600,RECON62-B160,1617DC1ACCE6B50ED2D1359582A70A8B8503C569623EE90C18C6B33542796207,Tester/logs/20261010.log,5938170,2026-09-03,11:35,B152PR,"JD	0	21:33:07.350	Core 04	2026.09.03 11:35:01   [SRJ-IND] B152PR sym=EURUSD bar=2026.09.03 11:30 z1=1728,S,1.16596,1.16624,2026.08.26 16:00,1,2026.08.27 16:25,1.16598,1.16561"
601,RECON62-B160,1617DC1ACCE6B50ED2D1359582A70A8B8503C569623EE90C18C6B33542796207,Tester/logs/20261010.log,5938171,2026-09-03,11:35,B152PR,"NJ	0	21:33:07.350	Core 04	2026.09.03 11:35:01   [SRJ-IND] B152PR sym=EURUSD bar=2026.09.03 11:30 z1=1784,S,1.16754,1.16787,2026.08.25 23:40,1,2026.08.25 23:50,1.16758,1.16746"
602,RECON62-B160,1617DC1ACCE6B50ED2D1359582A70A8B8503C569623EE90C18C6B33542796207,Tester/logs/20261010.log,5938172,2026-09-03,11:35,B152PR,"RP	0	21:33:07.350	Core 04	2026.09.03 11:35:01   [SRJ-IND] B152PR sym=EURUSD bar=2026.09.03 11:30 z1=1866,S,1.16723,1.16738,2026.08.26 12:00,1,2026.08.26 15:10,1.16732,1.16692"
603,RECON62-B160,1617DC1ACCE6B50ED2D1359582A70A8B8503C569623EE90C18C6B33542796207,Tester/logs/20261010.log,5938173,2026-09-03,11:35,B152PR,"JF	0	21:33:07.350	Core 04	2026.09.03 11:35:01   [SRJ-IND] B152PR sym=EURUSD bar=2026.09.03 11:30 z1=2109,S,1.16505,1.16537,2026.08.28 05:05,1,2026.08.28 05:55,1.16507,1.16497"
604,RECON62-B160,1617DC1ACCE6B50ED2D1359582A70A8B8503C569623EE90C18C6B33542796207,Tester/logs/20261010.log,5938174,2026-09-03,11:35,B152PR,"QL	0	21:33:07.350	Core 04	2026.09.03 11:35:01   [SRJ-IND] B152PR sym=EURUSD bar=2026.09.03 11:30 z1=2149,S,1.16492,1.16507,2026.08.28 06:40,1,2026.08.28 14:00,1.16494,1.16471"
605,RECON62-B160,1617DC1ACCE6B50ED2D1359582A70A8B8503C569623EE90C18C6B33542796207,Tester/logs/20261010.log,5938175,2026-09-03,11:35,B152PR,"MS	0	21:33:07.350	Core 04	2026.09.03 11:35:01   [SRJ-IND] B152PR sym=EURUSD bar=2026.09.03 11:30 z1=2792,B,1.15906,1.15944,2026.09.03 06:15,1,2026.09.03 06:20,1.15956,1.15943"
606,RECON62-B160,1617DC1ACCE6B50ED2D1359582A70A8B8503C569623EE90C18C6B33542796207,Tester/logs/20261010.log,5938176,2026-09-03,11:35,B152PR,"II	0	21:33:07.350	Core 04	2026.09.03 11:35:01   [SRJ-IND] B152PR sym=EURUSD bar=2026.09.03 11:30 z1=2810,B,1.15975,1.16004,2026.09.03 10:05,1,2026.09.03 11:10,1.16057,1.15995"
607,RECON62-B160,1617DC1ACCE6B50ED2D1359582A70A8B8503C569623EE90C18C6B33542796207,Tester/logs/20261010.log,5938177,2026-09-03,11:35,B152PR,"EO	0	21:33:07.350	Core 04	2026.09.03 11:35:01   [SRJ-IND] B152PR sym=EURUSD bar=2026.09.03 11:30 z1=2811,B,1.15976,1.16002,2026.09.03 10:05,1,2026.09.03 11:10,1.16057,1.15995"
608,RECON62-B160,1617DC1ACCE6B50ED2D1359582A70A8B8503C569623EE90C18C6B33542796207,Tester/logs/20261010.log,5938178,2026-09-03,11:35,B152PR,"LG	0	21:33:07.350	Core 04	2026.09.03 11:35:01   [SRJ-IND] B152PR sym=EURUSD bar=2026.09.03 11:30 bull=1 bear=1 nz=17"
609,RECON62-B160,1617DC1ACCE6B50ED2D1359582A70A8B8503C569623EE90C18C6B33542796207,Tester/logs/20261010.log,5938185,2026-09-03,11:40,B152PR,"FR	0	21:33:07.350	Core 04	2026.09.03 11:40:00   [SRJ-IND] B152PR sym=EURUSD bar=2026.09.03 11:35 z1=305,B,1.15201,1.15225,2026.08.13 10:45,1,2026.08.13 11:00,1.15264,1.15225"
610,RECON62-B160,1617DC1ACCE6B50ED2D1359582A70A8B8503C569623EE90C18C6B33542796207,Tester/logs/20261010.log,5938186,2026-09-03,11:40,B152PR,"FD	0	21:33:07.350	Core 04	2026.09.03 11:40:00   [SRJ-IND] B152PR sym=EURUSD bar=2026.09.03 11:35 z1=405,B,1.15248,1.15263,2026.08.14 00:25,1,2026.08.14 00:50,1.15276,1.15259"
611,RECON62-B160,1617DC1ACCE6B50ED2D1359582A70A8B8503C569623EE90C18C6B33542796207,Tester/logs/20261010.log,5938187,2026-09-03,11:40,B152PR,"CI	0	21:33:07.350	Core 04	2026.09.03 11:40:00   [SRJ-IND] B152PR sym=EURUSD bar=2026.09.03 11:35 z1=435,B,1.15357,1.15373,2026.08.14 06:30,1,2026.08.14 06:35,1.15382,1.15367"
612,RECON62-B160,1617DC1ACCE6B50ED2D1359582A70A8B8503C569623EE90C18C6B33542796207,Tester/logs/20261010.log,5938188,2026-09-03,11:40,B152PR,"QS	0	21:33:07.350	Core 04	2026.09.03 11:40:00   [SRJ-IND] B152PR sym=EURUSD bar=2026.09.03 11:35 z1=484,B,1.15504,1.15532,2026.08.14 11:45,1,2026.08.14 11:50,1.15549,1.15520"
613,RECON62-B160,1617DC1ACCE6B50ED2D1359582A70A8B8503C569623EE90C18C6B33542796207,Tester/logs/20261010.log,5938189,2026-09-03,11:40,B152PR,"MG	0	21:33:07.350	Core 04	2026.09.03 11:40:00   [SRJ-IND] B152PR sym=EURUSD bar=2026.09.03 11:35 z1=1389,S,1.17072,1.17107,2026.08.21 13:55,1,2026.08.21 14:20,1.17098,1.17032"
614,RECON62-B160,1617DC1ACCE6B50ED2D1359582A70A8B8503C569623EE90C18C6B33542796207,Tester/logs/20261010.log,5938190,2026-09-03,11:40,B152PR,"PM	0	21:33:07.350	Core 04	2026.09.03 11:40:00   [SRJ-IND] B152PR sym=EURUSD bar=2026.09.03 11:35 z1=1481,S,1.16836,1.16871,2026.08.24 04:10,1,2026.08.24 05:10,1.16841,1.16818"
615,RECON62-B160,1617DC1ACCE6B50ED2D1359582A70A8B8503C569623EE90C18C6B33542796207,Tester/logs/20261010.log,5938191,2026-09-03,11:40,B152PR,"IS	0	21:33:07.350	Core 04	2026.09.03 11:40:00   [SRJ-IND] B152PR sym=EURUSD bar=2026.09.03 11:35 z1=1484,S,1.16822,1.16855,2026.08.24 04:20,1,2026.08.24 05:00,1.16831,1.16810"
616,RECON62-B160,1617DC1ACCE6B50ED2D1359582A70A8B8503C569623EE90C18C6B33542796207,Tester/logs/20261010.log,5938192,2026-09-03,11:40,B152PR,"OI	0	21:33:07.350	Core 04	2026.09.03 11:40:00   [SRJ-IND] B152PR sym=EURUSD bar=2026.09.03 11:35 z1=1516,S,1.16800,1.16817,2026.08.24 08:45,1,2026.08.24 08:55,1.16812,1.16783"
617,RECON62-B160,1617DC1ACCE6B50ED2D1359582A70A8B8503C569623EE90C18C6B33542796207,Tester/logs/20261010.log,5938193,2026-09-03,11:40,B152PR,"OO	0	21:33:07.350	Core 04	2026.09.03 11:40:00   [SRJ-IND] B152PR sym=EURUSD bar=2026.09.03 11:35 z1=1704,S,1.16580,1.16647,2026.08.26 16:00,1,2026.08.26 16:30,1.16587,1.16541"
618,RECON62-B160,1617DC1ACCE6B50ED2D1359582A70A8B8503C569623EE90C18C6B33542796207,Tester/logs/20261010.log,5938194,2026-09-03,11:40,B152PR,"LE	0	21:33:07.350	Core 04	2026.09.03 11:40:00   [SRJ-IND] B152PR sym=EURUSD bar=2026.09.03 11:35 z1=1728,S,1.16596,1.16624,2026.08.26 16:00,1,2026.08.27 16:25,1.16598,1.16561"
619,RECON62-B160,1617DC1ACCE6B50ED2D1359582A70A8B8503C569623EE90C18C6B33542796207,Tester/logs/20261010.log,5938195,2026-09-03,11:40,B152PR,"HK	0	21:33:07.350	Core 04	2026.09.03 11:40:00   [SRJ-IND] B152PR sym=EURUSD bar=2026.09.03 11:35 z1=1784,S,1.16754,1.16787,2026.08.25 23:40,1,2026.08.25 23:50,1.16758,1.16746"
620,RECON62-B160,1617DC1ACCE6B50ED2D1359582A70A8B8503C569623EE90C18C6B33542796207,Tester/logs/20261010.log,5938196,2026-09-03,11:40,B152PR,"DQ	0	21:33:07.350	Core 04	2026.09.03 11:40:00   [SRJ-IND] B152PR sym=EURUSD bar=2026.09.03 11:35 z1=1866,S,1.16723,1.16738,2026.08.26 12:00,1,2026.08.26 15:10,1.16732,1.16692"
621,RECON62-B160,1617DC1ACCE6B50ED2D1359582A70A8B8503C569623EE90C18C6B33542796207,Tester/logs/20261010.log,5938197,2026-09-03,11:40,B152PR,"LG	0	21:33:07.350	Core 04	2026.09.03 11:40:00   [SRJ-IND] B152PR sym=EURUSD bar=2026.09.03 11:35 z1=2109,S,1.16505,1.16537,2026.08.28 05:05,1,2026.08.28 05:55,1.16507,1.16497"
622,RECON62-B160,1617DC1ACCE6B50ED2D1359582A70A8B8503C569623EE90C18C6B33542796207,Tester/logs/20261010.log,5938198,2026-09-03,11:40,B152PR,"CM	0	21:33:07.350	Core 04	2026.09.03 11:40:00   [SRJ-IND] B152PR sym=EURUSD bar=2026.09.03 11:35 z1=2149,S,1.16492,1.16507,2026.08.28 06:40,1,2026.08.28 14:00,1.16494,1.16471"
623,RECON62-B160,1617DC1ACCE6B50ED2D1359582A70A8B8503C569623EE90C18C6B33542796207,Tester/logs/20261010.log,5938199,2026-09-03,11:40,B152PR,"GR	0	21:33:07.350	Core 04	2026.09.03 11:40:00   [SRJ-IND] B152PR sym=EURUSD bar=2026.09.03 11:35 z1=2792,B,1.15906,1.15944,2026.09.03 06:15,1,2026.09.03 06:20,1.15956,1.15943"
624,RECON62-B160,1617DC1ACCE6B50ED2D1359582A70A8B8503C569623EE90C18C6B33542796207,Tester/logs/20261010.log,5938200,2026-09-03,11:40,B152PR,"KH	0	21:33:07.350	Core 04	2026.09.03 11:40:00   [SRJ-IND] B152PR sym=EURUSD bar=2026.09.03 11:35 z1=2810,B,1.15975,1.16004,2026.09.03 10:05,1,2026.09.03 11:10,1.16057,1.15995"
625,RECON62-B160,1617DC1ACCE6B50ED2D1359582A70A8B8503C569623EE90C18C6B33542796207,Tester/logs/20261010.log,5938201,2026-09-03,11:40,B152PR,"ON	0	21:33:07.350	Core 04	2026.09.03 11:40:00   [SRJ-IND] B152PR sym=EURUSD bar=2026.09.03 11:35 z1=2811,B,1.15976,1.16002,2026.09.03 10:05,1,2026.09.03 11:10,1.16057,1.15995"
626,RECON62-B160,1617DC1ACCE6B50ED2D1359582A70A8B8503C569623EE90C18C6B33542796207,Tester/logs/20261010.log,5938202,2026-09-03,11:40,B152PR,"JF	0	21:33:07.350	Core 04	2026.09.03 11:40:00   [SRJ-IND] B152PR sym=EURUSD bar=2026.09.03 11:35 bull=1 bear=1 nz=17"
627,RECON62-B160,1617DC1ACCE6B50ED2D1359582A70A8B8503C569623EE90C18C6B33542796207,Tester/logs/20261010.log,5938212,2026-09-03,11:45,B152PR,"LJ	0	21:33:07.350	Core 04	2026.09.03 11:45:03   [SRJ-IND] B152PR sym=EURUSD bar=2026.09.03 11:40 z1=305,B,1.15201,1.15225,2026.08.13 10:45,1,2026.08.13 11:00,1.15264,1.15225"
628,RECON62-B160,1617DC1ACCE6B50ED2D1359582A70A8B8503C569623EE90C18C6B33542796207,Tester/logs/20261010.log,5938213,2026-09-03,11:45,B152PR,"PL	0	21:33:07.350	Core 04	2026.09.03 11:45:03   [SRJ-IND] B152PR sym=EURUSD bar=2026.09.03 11:40 z1=405,B,1.15248,1.15263,2026.08.14 00:25,1,2026.08.14 00:50,1.15276,1.15259"
629,RECON62-B160,1617DC1ACCE6B50ED2D1359582A70A8B8503C569623EE90C18C6B33542796207,Tester/logs/20261010.log,5938214,2026-09-03,11:45,B152PR,"EF	0	21:33:07.350	Core 04	2026.09.03 11:45:03   [SRJ-IND] B152PR sym=EURUSD bar=2026.09.03 11:40 z1=435,B,1.15357,1.15373,2026.08.14 06:30,1,2026.08.14 06:35,1.15382,1.15367"
630,RECON62-B160,1617DC1ACCE6B50ED2D1359582A70A8B8503C569623EE90C18C6B33542796207,Tester/logs/20261010.log,5938215,2026-09-03,11:45,B152PR,"CH	0	21:33:07.350	Core 04	2026.09.03 11:45:03   [SRJ-IND] B152PR sym=EURUSD bar=2026.09.03 11:40 z1=484,B,1.15504,1.15532,2026.08.14 11:45,1,2026.08.14 11:50,1.15549,1.15520"
631,RECON62-B160,1617DC1ACCE6B50ED2D1359582A70A8B8503C569623EE90C18C6B33542796207,Tester/logs/20261010.log,5938216,2026-09-03,11:45,B152PR,"CP	0	21:33:07.350	Core 04	2026.09.03 11:45:03   [SRJ-IND] B152PR sym=EURUSD bar=2026.09.03 11:40 z1=1389,S,1.17072,1.17107,2026.08.21 13:55,1,2026.08.21 14:20,1.17098,1.17032"
632,RECON62-B160,1617DC1ACCE6B50ED2D1359582A70A8B8503C569623EE90C18C6B33542796207,Tester/logs/20261010.log,5938217,2026-09-03,11:45,B152PR,"JF	0	21:33:07.350	Core 04	2026.09.03 11:45:03   [SRJ-IND] B152PR sym=EURUSD bar=2026.09.03 11:40 z1=1481,S,1.16836,1.16871,2026.08.24 04:10,1,2026.08.24 05:10,1.16841,1.16818"
633,RECON62-B160,1617DC1ACCE6B50ED2D1359582A70A8B8503C569623EE90C18C6B33542796207,Tester/logs/20261010.log,5938218,2026-09-03,11:45,B152PR,"OL	0	21:33:07.350	Core 04	2026.09.03 11:45:03   [SRJ-IND] B152PR sym=EURUSD bar=2026.09.03 11:40 z1=1484,S,1.16822,1.16855,2026.08.24 04:20,1,2026.08.24 05:00,1.16831,1.16810"
634,RECON62-B160,1617DC1ACCE6B50ED2D1359582A70A8B8503C569623EE90C18C6B33542796207,Tester/logs/20261010.log,5938219,2026-09-03,11:45,B152PR,"IR	0	21:33:07.350	Core 04	2026.09.03 11:45:03   [SRJ-IND] B152PR sym=EURUSD bar=2026.09.03 11:40 z1=1516,S,1.16800,1.16817,2026.08.24 08:45,1,2026.08.24 08:55,1.16812,1.16783"
635,RECON62-B160,1617DC1ACCE6B50ED2D1359582A70A8B8503C569623EE90C18C6B33542796207,Tester/logs/20261010.log,5938220,2026-09-03,11:45,B152PR,"IH	0	21:33:07.350	Core 04	2026.09.03 11:45:03   [SRJ-IND] B152PR sym=EURUSD bar=2026.09.03 11:40 z1=1704,S,1.16580,1.16647,2026.08.26 16:00,1,2026.08.26 16:30,1.16587,1.16541"
636,RECON62-B160,1617DC1ACCE6B50ED2D1359582A70A8B8503C569623EE90C18C6B33542796207,Tester/logs/20261010.log,5938221,2026-09-03,11:45,B152PR,"FN	0	21:33:07.350	Core 04	2026.09.03 11:45:03   [SRJ-IND] B152PR sym=EURUSD bar=2026.09.03 11:40 z1=1728,S,1.16596,1.16624,2026.08.26 16:00,1,2026.08.27 16:25,1.16598,1.16561"
637,RECON62-B160,1617DC1ACCE6B50ED2D1359582A70A8B8503C569623EE90C18C6B33542796207,Tester/logs/20261010.log,5938222,2026-09-03,11:45,B152PR,"RD	0	21:33:07.350	Core 04	2026.09.03 11:45:03   [SRJ-IND] B152PR sym=EURUSD bar=2026.09.03 11:40 z1=1784,S,1.16754,1.16787,2026.08.25 23:40,1,2026.08.25 23:50,1.16758,1.16746"
638,RECON62-B160,1617DC1ACCE6B50ED2D1359582A70A8B8503C569623EE90C18C6B33542796207,Tester/logs/20261010.log,5938223,2026-09-03,11:45,B152PR,"NJ	0	21:33:07.350	Core 04	2026.09.03 11:45:03   [SRJ-IND] B152PR sym=EURUSD bar=2026.09.03 11:40 z1=1866,S,1.16723,1.16738,2026.08.26 12:00,1,2026.08.26 15:10,1.16732,1.16692"
639,RECON62-B160,1617DC1ACCE6B50ED2D1359582A70A8B8503C569623EE90C18C6B33542796207,Tester/logs/20261010.log,5938224,2026-09-03,11:45,B152PR,"FP	0	21:33:07.350	Core 04	2026.09.03 11:45:03   [SRJ-IND] B152PR sym=EURUSD bar=2026.09.03 11:40 z1=2109,S,1.16505,1.16537,2026.08.28 05:05,1,2026.08.28 05:55,1.16507,1.16497"
640,RECON62-B160,1617DC1ACCE6B50ED2D1359582A70A8B8503C569623EE90C18C6B33542796207,Tester/logs/20261010.log,5938225,2026-09-03,11:45,B152PR,"MF	0	21:33:07.350	Core 04	2026.09.03 11:45:03   [SRJ-IND] B152PR sym=EURUSD bar=2026.09.03 11:40 z1=2149,S,1.16492,1.16507,2026.08.28 06:40,1,2026.08.28 14:00,1.16494,1.16471"
641,RECON62-B160,1617DC1ACCE6B50ED2D1359582A70A8B8503C569623EE90C18C6B33542796207,Tester/logs/20261010.log,5938226,2026-09-03,11:45,B152PR,"QM	0	21:33:07.350	Core 04	2026.09.03 11:45:03   [SRJ-IND] B152PR sym=EURUSD bar=2026.09.03 11:40 z1=2792,B,1.15906,1.15944,2026.09.03 06:15,1,2026.09.03 06:20,1.15956,1.15943"
642,RECON62-B160,1617DC1ACCE6B50ED2D1359582A70A8B8503C569623EE90C18C6B33542796207,Tester/logs/20261010.log,5938227,2026-09-03,11:45,B152PR,"ES	0	21:33:07.350	Core 04	2026.09.03 11:45:03   [SRJ-IND] B152PR sym=EURUSD bar=2026.09.03 11:40 z1=2810,B,1.15975,1.16004,2026.09.03 10:05,1,2026.09.03 11:10,1.16057,1.15995"
643,RECON62-B160,1617DC1ACCE6B50ED2D1359582A70A8B8503C569623EE90C18C6B33542796207,Tester/logs/20261010.log,5938228,2026-09-03,11:45,B152PR,"II	0	21:33:07.350	Core 04	2026.09.03 11:45:03   [SRJ-IND] B152PR sym=EURUSD bar=2026.09.03 11:40 z1=2811,B,1.15976,1.16002,2026.09.03 10:05,1,2026.09.03 11:10,1.16057,1.15995"
644,RECON62-B160,1617DC1ACCE6B50ED2D1359582A70A8B8503C569623EE90C18C6B33542796207,Tester/logs/20261010.log,5938229,2026-09-03,11:45,B152PR,"PM	0	21:33:07.350	Core 04	2026.09.03 11:45:03   [SRJ-IND] B152PR sym=EURUSD bar=2026.09.03 11:40 bull=1 bear=1 nz=17"
645,RECON62-B160,1617DC1ACCE6B50ED2D1359582A70A8B8503C569623EE90C18C6B33542796207,Tester/logs/20261010.log,5938241,2026-09-03,11:50,B152PR,"RP	0	21:33:07.350	Core 04	2026.09.03 11:50:02   [SRJ-IND] B152PR sym=EURUSD bar=2026.09.03 11:45 z1=305,B,1.15201,1.15225,2026.08.13 10:45,1,2026.08.13 11:00,1.15264,1.15225"
646,RECON62-B160,1617DC1ACCE6B50ED2D1359582A70A8B8503C569623EE90C18C6B33542796207,Tester/logs/20261010.log,5938242,2026-09-03,11:50,B152PR,"RJ	0	21:33:07.350	Core 04	2026.09.03 11:50:02   [SRJ-IND] B152PR sym=EURUSD bar=2026.09.03 11:45 z1=405,B,1.15248,1.15263,2026.08.14 00:25,1,2026.08.14 00:50,1.15276,1.15259"
647,RECON62-B160,1617DC1ACCE6B50ED2D1359582A70A8B8503C569623EE90C18C6B33542796207,Tester/logs/20261010.log,5938243,2026-09-03,11:50,B152PR,"OL	0	21:33:07.350	Core 04	2026.09.03 11:50:02   [SRJ-IND] B152PR sym=EURUSD bar=2026.09.03 11:45 z1=435,B,1.15357,1.15373,2026.08.14 06:30,1,2026.08.14 06:35,1.15382,1.15367"
648,RECON62-B160,1617DC1ACCE6B50ED2D1359582A70A8B8503C569623EE90C18C6B33542796207,Tester/logs/20261010.log,5938244,2026-09-03,11:50,B152PR,"EF	0	21:33:07.350	Core 04	2026.09.03 11:50:02   [SRJ-IND] B152PR sym=EURUSD bar=2026.09.03 11:45 z1=484,B,1.15504,1.15532,2026.08.14 11:45,1,2026.08.14 11:50,1.15549,1.15520"
649,RECON62-B160,1617DC1ACCE6B50ED2D1359582A70A8B8503C569623EE90C18C6B33542796207,Tester/logs/20261010.log,5938245,2026-09-03,11:50,B152PR,"IJ	0	21:33:07.350	Core 04	2026.09.03 11:50:02   [SRJ-IND] B152PR sym=EURUSD bar=2026.09.03 11:45 z1=1389,S,1.17072,1.17107,2026.08.21 13:55,1,2026.08.21 14:20,1.17098,1.17032"
650,RECON62-B160,1617DC1ACCE6B50ED2D1359582A70A8B8503C569623EE90C18C6B33542796207,Tester/logs/20261010.log,5938246,2026-09-03,11:50,B152PR,"DP	0	21:33:07.350	Core 04	2026.09.03 11:50:02   [SRJ-IND] B152PR sym=EURUSD bar=2026.09.03 11:45 z1=1481,S,1.16836,1.16871,2026.08.24 04:10,1,2026.08.24 05:10,1.16841,1.16818"
651,RECON62-B160,1617DC1ACCE6B50ED2D1359582A70A8B8503C569623EE90C18C6B33542796207,Tester/logs/20261010.log,5938247,2026-09-03,11:50,B152PR,"MF	0	21:33:07.350	Core 04	2026.09.03 11:50:02   [SRJ-IND] B152PR sym=EURUSD bar=2026.09.03 11:45 z1=1484,S,1.16822,1.16855,2026.08.24 04:20,1,2026.08.24 05:00,1.16831,1.16810"
652,RECON62-B160,1617DC1ACCE6B50ED2D1359582A70A8B8503C569623EE90C18C6B33542796207,Tester/logs/20261010.log,5938248,2026-09-03,11:50,B152PR,"CL	0	21:33:07.350	Core 04	2026.09.03 11:50:02   [SRJ-IND] B152PR sym=EURUSD bar=2026.09.03 11:45 z1=1516,S,1.16800,1.16817,2026.08.24 08:45,1,2026.08.24 08:55,1.16812,1.16783"
653,RECON62-B160,1617DC1ACCE6B50ED2D1359582A70A8B8503C569623EE90C18C6B33542796207,Tester/logs/20261010.log,5938249,2026-09-03,11:50,B152PR,"CR	0	21:33:07.350	Core 04	2026.09.03 11:50:02   [SRJ-IND] B152PR sym=EURUSD bar=2026.09.03 11:45 z1=1704,S,1.16580,1.16647,2026.08.26 16:00,1,2026.08.26 16:30,1.16587,1.16541"
654,RECON62-B160,1617DC1ACCE6B50ED2D1359582A70A8B8503C569623EE90C18C6B33542796207,Tester/logs/20261010.log,5938250,2026-09-03,11:50,B152PR,"HH	0	21:33:07.350	Core 04	2026.09.03 11:50:02   [SRJ-IND] B152PR sym=EURUSD bar=2026.09.03 11:45 z1=1728,S,1.16596,1.16624,2026.08.26 16:00,1,2026.08.27 16:25,1.16598,1.16561"
655,RECON62-B160,1617DC1ACCE6B50ED2D1359582A70A8B8503C569623EE90C18C6B33542796207,Tester/logs/20261010.log,5938251,2026-09-03,11:50,B152PR,"LN	0	21:33:07.350	Core 04	2026.09.03 11:50:02   [SRJ-IND] B152PR sym=EURUSD bar=2026.09.03 11:45 z1=1784,S,1.16754,1.16787,2026.08.25 23:40,1,2026.08.25 23:50,1.16758,1.16746"
656,RECON62-B160,1617DC1ACCE6B50ED2D1359582A70A8B8503C569623EE90C18C6B33542796207,Tester/logs/20261010.log,5938252,2026-09-03,11:50,B152PR,"PD	0	21:33:07.350	Core 04	2026.09.03 11:50:02   [SRJ-IND] B152PR sym=EURUSD bar=2026.09.03 11:45 z1=1866,S,1.16723,1.16738,2026.08.26 12:00,1,2026.08.26 15:10,1.16732,1.16692"
657,RECON62-B160,1617DC1ACCE6B50ED2D1359582A70A8B8503C569623EE90C18C6B33542796207,Tester/logs/20261010.log,5938253,2026-09-03,11:50,B152PR,"HJ	0	21:33:07.350	Core 04	2026.09.03 11:50:02   [SRJ-IND] B152PR sym=EURUSD bar=2026.09.03 11:45 z1=2109,S,1.16505,1.16537,2026.08.28 05:05,1,2026.08.28 05:55,1.16507,1.16497"
658,RECON62-B160,1617DC1ACCE6B50ED2D1359582A70A8B8503C569623EE90C18C6B33542796207,Tester/logs/20261010.log,5938254,2026-09-03,11:50,B152PR,"OP	0	21:33:07.350	Core 04	2026.09.03 11:50:02   [SRJ-IND] B152PR sym=EURUSD bar=2026.09.03 11:45 z1=2149,S,1.16492,1.16507,2026.08.28 06:40,1,2026.08.28 14:00,1.16494,1.16471"
659,RECON62-B160,1617DC1ACCE6B50ED2D1359582A70A8B8503C569623EE90C18C6B33542796207,Tester/logs/20261010.log,5938255,2026-09-03,11:50,B152PR,"KG	0	21:33:07.350	Core 04	2026.09.03 11:50:02   [SRJ-IND] B152PR sym=EURUSD bar=2026.09.03 11:45 z1=2792,B,1.15906,1.15944,2026.09.03 06:15,1,2026.09.03 06:20,1.15956,1.15943"
660,RECON62-B160,1617DC1ACCE6B50ED2D1359582A70A8B8503C569623EE90C18C6B33542796207,Tester/logs/20261010.log,5938256,2026-09-03,11:50,B152PR,"GM	0	21:33:07.350	Core 04	2026.09.03 11:50:02   [SRJ-IND] B152PR sym=EURUSD bar=2026.09.03 11:45 z1=2810,B,1.15975,1.16004,2026.09.03 10:05,1,2026.09.03 11:10,1.16057,1.15995"
661,RECON62-B160,1617DC1ACCE6B50ED2D1359582A70A8B8503C569623EE90C18C6B33542796207,Tester/logs/20261010.log,5938257,2026-09-03,11:50,B152PR,"CS	0	21:33:07.350	Core 04	2026.09.03 11:50:02   [SRJ-IND] B152PR sym=EURUSD bar=2026.09.03 11:45 z1=2811,B,1.15976,1.16002,2026.09.03 10:05,1,2026.09.03 11:10,1.16057,1.15995"
662,RECON62-B160,1617DC1ACCE6B50ED2D1359582A70A8B8503C569623EE90C18C6B33542796207,Tester/logs/20261010.log,5938258,2026-09-03,11:50,B152PR,"NK	0	21:33:07.350	Core 04	2026.09.03 11:50:02   [SRJ-IND] B152PR sym=EURUSD bar=2026.09.03 11:45 bull=1 bear=1 nz=17"
663,RECON62-B160,1617DC1ACCE6B50ED2D1359582A70A8B8503C569623EE90C18C6B33542796207,Tester/logs/20261010.log,5938267,2026-09-03,11:55,B152PR,"KG	0	21:33:07.350	Core 04	2026.09.03 11:55:00   [SRJ-IND] B152PR sym=EURUSD bar=2026.09.03 11:50 z1=305,B,1.15201,1.15225,2026.08.13 10:45,1,2026.08.13 11:00,1.15264,1.15225"
664,RECON62-B160,1617DC1ACCE6B50ED2D1359582A70A8B8503C569623EE90C18C6B33542796207,Tester/logs/20261010.log,5938268,2026-09-03,11:55,B152PR,"KI	0	21:33:07.350	Core 04	2026.09.03 11:55:00   [SRJ-IND] B152PR sym=EURUSD bar=2026.09.03 11:50 z1=405,B,1.15248,1.15263,2026.08.14 00:25,1,2026.08.14 00:50,1.15276,1.15259"
665,RECON62-B160,1617DC1ACCE6B50ED2D1359582A70A8B8503C569623EE90C18C6B33542796207,Tester/logs/20261010.log,5938269,2026-09-03,11:55,B152PR,"FS	0	21:33:07.350	Core 04	2026.09.03 11:55:00   [SRJ-IND] B152PR sym=EURUSD bar=2026.09.03 11:50 z1=435,B,1.15357,1.15373,2026.08.14 06:30,1,2026.08.14 06:35,1.15382,1.15367"
666,RECON62-B160,1617DC1ACCE6B50ED2D1359582A70A8B8503C569623EE90C18C6B33542796207,Tester/logs/20261010.log,5938270,2026-09-03,11:55,B152PR,"PE	0	21:33:07.350	Core 04	2026.09.03 11:55:00   [SRJ-IND] B152PR sym=EURUSD bar=2026.09.03 11:50 z1=484,B,1.15504,1.15532,2026.08.14 11:45,1,2026.08.14 11:50,1.15549,1.15520"
667,RECON62-B160,1617DC1ACCE6B50ED2D1359582A70A8B8503C569623EE90C18C6B33542796207,Tester/logs/20261010.log,5938271,2026-09-03,11:55,B152PR,"DM	0	21:33:07.350	Core 04	2026.09.03 11:55:00   [SRJ-IND] B152PR sym=EURUSD bar=2026.09.03 11:50 z1=1389,S,1.17072,1.17107,2026.08.21 13:55,1,2026.08.21 14:20,1.17098,1.17032"
668,RECON62-B160,1617DC1ACCE6B50ED2D1359582A70A8B8503C569623EE90C18C6B33542796207,Tester/logs/20261010.log,5938272,2026-09-03,11:55,B152PR,"IS	0	21:33:07.350	Core 04	2026.09.03 11:55:00   [SRJ-IND] B152PR sym=EURUSD bar=2026.09.03 11:50 z1=1481,S,1.16836,1.16871,2026.08.24 04:10,1,2026.08.24 05:10,1.16841,1.16818"
669,RECON62-B160,1617DC1ACCE6B50ED2D1359582A70A8B8503C569623EE90C18C6B33542796207,Tester/logs/20261010.log,5938273,2026-09-03,11:55,B152PR,"PI	0	21:33:07.350	Core 04	2026.09.03 11:55:00   [SRJ-IND] B152PR sym=EURUSD bar=2026.09.03 11:50 z1=1484,S,1.16822,1.16855,2026.08.24 04:20,1,2026.08.24 05:00,1.16831,1.16810"
670,RECON62-B160,1617DC1ACCE6B50ED2D1359582A70A8B8503C569623EE90C18C6B33542796207,Tester/logs/20261010.log,5938274,2026-09-03,11:55,B152PR,"JO	0	21:33:07.350	Core 04	2026.09.03 11:55:00   [SRJ-IND] B152PR sym=EURUSD bar=2026.09.03 11:50 z1=1516,S,1.16800,1.16817,2026.08.24 08:45,1,2026.08.24 08:55,1.16812,1.16783"
671,RECON62-B160,1617DC1ACCE6B50ED2D1359582A70A8B8503C569623EE90C18C6B33542796207,Tester/logs/20261010.log,5938275,2026-09-03,11:55,B152PR,"JE	0	21:33:07.350	Core 04	2026.09.03 11:55:00   [SRJ-IND] B152PR sym=EURUSD bar=2026.09.03 11:50 z1=1704,S,1.16580,1.16647,2026.08.26 16:00,1,2026.08.26 16:30,1.16587,1.16541"
672,RECON62-B160,1617DC1ACCE6B50ED2D1359582A70A8B8503C569623EE90C18C6B33542796207,Tester/logs/20261010.log,5938276,2026-09-03,11:55,B152PR,"EK	0	21:33:07.350	Core 04	2026.09.03 11:55:00   [SRJ-IND] B152PR sym=EURUSD bar=2026.09.03 11:50 z1=1728,S,1.16596,1.16624,2026.08.26 16:00,1,2026.08.27 16:25,1.16598,1.16561"
673,RECON62-B160,1617DC1ACCE6B50ED2D1359582A70A8B8503C569623EE90C18C6B33542796207,Tester/logs/20261010.log,5938277,2026-09-03,11:55,B152PR,"QQ	0	21:33:07.350	Core 04	2026.09.03 11:55:00   [SRJ-IND] B152PR sym=EURUSD bar=2026.09.03 11:50 z1=1784,S,1.16754,1.16787,2026.08.25 23:40,1,2026.08.25 23:50,1.16758,1.16746"
674,RECON62-B160,1617DC1ACCE6B50ED2D1359582A70A8B8503C569623EE90C18C6B33542796207,Tester/logs/20261010.log,5938278,2026-09-03,11:55,B152PR,"MG	0	21:33:07.350	Core 04	2026.09.03 11:55:00   [SRJ-IND] B152PR sym=EURUSD bar=2026.09.03 11:50 z1=1866,S,1.16723,1.16738,2026.08.26 12:00,1,2026.08.26 15:10,1.16732,1.16692"
675,RECON62-B160,1617DC1ACCE6B50ED2D1359582A70A8B8503C569623EE90C18C6B33542796207,Tester/logs/20261010.log,5938279,2026-09-03,11:55,B152PR,"EM	0	21:33:07.350	Core 04	2026.09.03 11:55:00   [SRJ-IND] B152PR sym=EURUSD bar=2026.09.03 11:50 z1=2109,S,1.16505,1.16537,2026.08.28 05:05,1,2026.08.28 05:55,1.16507,1.16497"
676,RECON62-B160,1617DC1ACCE6B50ED2D1359582A70A8B8503C569623EE90C18C6B33542796207,Tester/logs/20261010.log,5938280,2026-09-03,11:55,B152PR,"NS	0	21:33:07.350	Core 04	2026.09.03 11:55:00   [SRJ-IND] B152PR sym=EURUSD bar=2026.09.03 11:50 z1=2149,S,1.16492,1.16507,2026.08.28 06:40,1,2026.08.28 14:00,1.16494,1.16471"
677,RECON62-B160,1617DC1ACCE6B50ED2D1359582A70A8B8503C569623EE90C18C6B33542796207,Tester/logs/20261010.log,5938281,2026-09-03,11:55,B152PR,"RH	0	21:33:07.350	Core 04	2026.09.03 11:55:00   [SRJ-IND] B152PR sym=EURUSD bar=2026.09.03 11:50 z1=2792,B,1.15906,1.15944,2026.09.03 06:15,1,2026.09.03 06:20,1.15956,1.15943"
678,RECON62-B160,1617DC1ACCE6B50ED2D1359582A70A8B8503C569623EE90C18C6B33542796207,Tester/logs/20261010.log,5938282,2026-09-03,11:55,B152PR,"FN	0	21:33:07.350	Core 04	2026.09.03 11:55:00   [SRJ-IND] B152PR sym=EURUSD bar=2026.09.03 11:50 z1=2810,B,1.15975,1.16004,2026.09.03 10:05,1,2026.09.03 11:10,1.16057,1.15995"
679,RECON62-B160,1617DC1ACCE6B50ED2D1359582A70A8B8503C569623EE90C18C6B33542796207,Tester/logs/20261010.log,5938283,2026-09-03,11:55,B152PR,"JD	0	21:33:07.350	Core 04	2026.09.03 11:55:00   [SRJ-IND] B152PR sym=EURUSD bar=2026.09.03 11:50 z1=2811,B,1.15976,1.16002,2026.09.03 10:05,1,2026.09.03 11:10,1.16057,1.15995"
680,RECON62-B160,1617DC1ACCE6B50ED2D1359582A70A8B8503C569623EE90C18C6B33542796207,Tester/logs/20261010.log,5938284,2026-09-03,11:55,B152PR,"OH	0	21:33:07.350	Core 04	2026.09.03 11:55:00   [SRJ-IND] B152PR sym=EURUSD bar=2026.09.03 11:50 bull=1 bear=1 nz=17"
681,RECON62-B160,1617DC1ACCE6B50ED2D1359582A70A8B8503C569623EE90C18C6B33542796207,Tester/logs/20261010.log,5938291,2026-09-03,12:00,B152PR,"GE	0	21:33:07.350	Core 04	2026.09.03 12:00:00   [SRJ-IND] B152PR sym=EURUSD bar=2026.09.03 11:55 z1=305,B,1.15201,1.15225,2026.08.13 10:45,1,2026.08.13 11:00,1.15264,1.15225"
682,RECON62-B160,1617DC1ACCE6B50ED2D1359582A70A8B8503C569623EE90C18C6B33542796207,Tester/logs/20261010.log,5938292,2026-09-03,12:00,B152PR,"CO	0	21:33:07.350	Core 04	2026.09.03 12:00:00   [SRJ-IND] B152PR sym=EURUSD bar=2026.09.03 11:55 z1=405,B,1.15248,1.15263,2026.08.14 00:25,1,2026.08.14 00:50,1.15276,1.15259"
683,RECON62-B160,1617DC1ACCE6B50ED2D1359582A70A8B8503C569623EE90C18C6B33542796207,Tester/logs/20261010.log,5938293,2026-09-03,12:00,B152PR,"RQ	0	21:33:07.350	Core 04	2026.09.03 12:00:00   [SRJ-IND] B152PR sym=EURUSD bar=2026.09.03 11:55 z1=435,B,1.15357,1.15373,2026.08.14 06:30,1,2026.08.14 06:35,1.15382,1.15367"
684,RECON62-B160,1617DC1ACCE6B50ED2D1359582A70A8B8503C569623EE90C18C6B33542796207,Tester/logs/20261010.log,5938294,2026-09-03,12:00,B152PR,"PJ	0	21:33:07.350	Core 04	2026.09.03 12:00:00   [SRJ-IND] B152PR sym=EURUSD bar=2026.09.03 11:55 z1=484,B,1.15504,1.15532,2026.08.14 11:45,1,2026.08.14 11:50,1.15549,1.15520"
685,RECON62-B160,1617DC1ACCE6B50ED2D1359582A70A8B8503C569623EE90C18C6B33542796207,Tester/logs/20261010.log,5938295,2026-09-03,12:00,B152PR,"PN	0	21:33:07.350	Core 04	2026.09.03 12:00:00   [SRJ-IND] B152PR sym=EURUSD bar=2026.09.03 11:55 z1=1389,S,1.17072,1.17107,2026.08.21 13:55,1,2026.08.21 14:20,1.17098,1.17032"
686,RECON62-B160,1617DC1ACCE6B50ED2D1359582A70A8B8503C569623EE90C18C6B33542796207,Tester/logs/20261010.log,5938296,2026-09-03,12:00,B152PR,"MD	0	21:33:07.350	Core 04	2026.09.03 12:00:00   [SRJ-IND] B152PR sym=EURUSD bar=2026.09.03 11:55 z1=1481,S,1.16836,1.16871,2026.08.24 04:10,1,2026.08.24 05:10,1.16841,1.16818"
687,RECON62-B160,1617DC1ACCE6B50ED2D1359582A70A8B8503C569623EE90C18C6B33542796207,Tester/logs/20261010.log,5938297,2026-09-03,12:00,B152PR,"DJ	0	21:33:07.350	Core 04	2026.09.03 12:00:00   [SRJ-IND] B152PR sym=EURUSD bar=2026.09.03 11:55 z1=1484,S,1.16822,1.16855,2026.08.24 04:20,1,2026.08.24 05:00,1.16831,1.16810"
688,RECON62-B160,1617DC1ACCE6B50ED2D1359582A70A8B8503C569623EE90C18C6B33542796207,Tester/logs/20261010.log,5938298,2026-09-03,12:00,B152PR,"NP	0	21:33:07.350	Core 04	2026.09.03 12:00:00   [SRJ-IND] B152PR sym=EURUSD bar=2026.09.03 11:55 z1=1516,S,1.16800,1.16817,2026.08.24 08:45,1,2026.08.24 08:55,1.16812,1.16783"
689,RECON62-B160,1617DC1ACCE6B50ED2D1359582A70A8B8503C569623EE90C18C6B33542796207,Tester/logs/20261010.log,5938299,2026-09-03,12:00,B152PR,"NF	0	21:33:07.350	Core 04	2026.09.03 12:00:00   [SRJ-IND] B152PR sym=EURUSD bar=2026.09.03 11:55 z1=1704,S,1.16580,1.16647,2026.08.26 16:00,1,2026.08.26 16:30,1.16587,1.16541"
690,RECON62-B160,1617DC1ACCE6B50ED2D1359582A70A8B8503C569623EE90C18C6B33542796207,Tester/logs/20261010.log,5938300,2026-09-03,12:00,B152PR,"QL	0	21:33:07.350	Core 04	2026.09.03 12:00:00   [SRJ-IND] B152PR sym=EURUSD bar=2026.09.03 11:55 z1=1728,S,1.16596,1.16624,2026.08.26 16:00,1,2026.08.27 16:25,1.16598,1.16561"
691,RECON62-B160,1617DC1ACCE6B50ED2D1359582A70A8B8503C569623EE90C18C6B33542796207,Tester/logs/20261010.log,5938301,2026-09-03,12:00,B152PR,"ER	0	21:33:07.350	Core 04	2026.09.03 12:00:00   [SRJ-IND] B152PR sym=EURUSD bar=2026.09.03 11:55 z1=1784,S,1.16754,1.16787,2026.08.25 23:40,1,2026.08.25 23:50,1.16758,1.16746"
692,RECON62-B160,1617DC1ACCE6B50ED2D1359582A70A8B8503C569623EE90C18C6B33542796207,Tester/logs/20261010.log,5938302,2026-09-03,12:00,B152PR,"IH	0	21:33:07.350	Core 04	2026.09.03 12:00:00   [SRJ-IND] B152PR sym=EURUSD bar=2026.09.03 11:55 z1=1866,S,1.16723,1.16738,2026.08.26 12:00,1,2026.08.26 15:10,1.16732,1.16692"
693,RECON62-B160,1617DC1ACCE6B50ED2D1359582A70A8B8503C569623EE90C18C6B33542796207,Tester/logs/20261010.log,5938303,2026-09-03,12:00,B152PR,"QN	0	21:33:07.350	Core 04	2026.09.03 12:00:00   [SRJ-IND] B152PR sym=EURUSD bar=2026.09.03 11:55 z1=2109,S,1.16505,1.16537,2026.08.28 05:05,1,2026.08.28 05:55,1.16507,1.16497"
694,RECON62-B160,1617DC1ACCE6B50ED2D1359582A70A8B8503C569623EE90C18C6B33542796207,Tester/logs/20261010.log,5938304,2026-09-03,12:00,B152PR,"JD	0	21:33:07.350	Core 04	2026.09.03 12:00:00   [SRJ-IND] B152PR sym=EURUSD bar=2026.09.03 11:55 z1=2149,S,1.16492,1.16507,2026.08.28 06:40,1,2026.08.28 14:00,1.16494,1.16471"
695,RECON62-B160,1617DC1ACCE6B50ED2D1359582A70A8B8503C569623EE90C18C6B33542796207,Tester/logs/20261010.log,5938305,2026-09-03,12:00,B152PR,"FK	0	21:33:07.350	Core 04	2026.09.03 12:00:00   [SRJ-IND] B152PR sym=EURUSD bar=2026.09.03 11:55 z1=2792,B,1.15906,1.15944,2026.09.03 06:15,1,2026.09.03 06:20,1.15956,1.15943"
696,RECON62-B160,1617DC1ACCE6B50ED2D1359582A70A8B8503C569623EE90C18C6B33542796207,Tester/logs/20261010.log,5938306,2026-09-03,12:00,B152PR,"RQ	0	21:33:07.350	Core 04	2026.09.03 12:00:00   [SRJ-IND] B152PR sym=EURUSD bar=2026.09.03 11:55 z1=2810,B,1.15975,1.16004,2026.09.03 10:05,1,2026.09.03 11:10,1.16057,1.15995"
697,RECON62-B160,1617DC1ACCE6B50ED2D1359582A70A8B8503C569623EE90C18C6B33542796207,Tester/logs/20261010.log,5938307,2026-09-03,12:00,B152PR,"NG	0	21:33:07.350	Core 04	2026.09.03 12:00:00   [SRJ-IND] B152PR sym=EURUSD bar=2026.09.03 11:55 z1=2811,B,1.15976,1.16002,2026.09.03 10:05,1,2026.09.03 11:10,1.16057,1.15995"
698,RECON62-B160,1617DC1ACCE6B50ED2D1359582A70A8B8503C569623EE90C18C6B33542796207,Tester/logs/20261010.log,5938308,2026-09-03,12:00,B152PR,"CO	0	21:33:07.350	Core 04	2026.09.03 12:00:00   [SRJ-IND] B152PR sym=EURUSD bar=2026.09.03 11:55 bull=1 bear=1 nz=17"
699,RECON62-B160,1617DC1ACCE6B50ED2D1359582A70A8B8503C569623EE90C18C6B33542796207,Tester/logs/20261010.log,5938313,2026-09-03,12:00,CQDRECHECK,"CO	0	21:33:07.350	Core 04	2026.09.03 12:00:00   [SRJ-EA] CQDRECHECK shift=2 passA=-1.0 passB=-1.0 diff=0 bar=2026.09.03 11:50 state=IDLE dir=NONE divLatch=0 hit1=0 hit2=508 mism=0"
700,RECON62-B160,1617DC1ACCE6B50ED2D1359582A70A8B8503C569623EE90C18C6B33542796207,Tester/logs/20261010.log,5938834,2026-09-03,14:00,B152PR,"RR	0	21:33:13.457	Core 04	2026.09.03 14:00:00   [SRJ-IND] B152PR sym=EURUSD bar=2026.09.03 13:55 z1=305,B,1.15201,1.15225,2026.08.13 10:45,1,2026.08.13 11:00,1.15264,1.15225"
701,RECON62-B160,1617DC1ACCE6B50ED2D1359582A70A8B8503C569623EE90C18C6B33542796207,Tester/logs/20261010.log,5938835,2026-09-03,14:00,B152PR,"RD	0	21:33:13.457	Core 04	2026.09.03 14:00:00   [SRJ-IND] B152PR sym=EURUSD bar=2026.09.03 13:55 z1=405,B,1.15248,1.15263,2026.08.14 00:25,1,2026.08.14 00:50,1.15276,1.15259"
702,RECON62-B160,1617DC1ACCE6B50ED2D1359582A70A8B8503C569623EE90C18C6B33542796207,Tester/logs/20261010.log,5938836,2026-09-03,14:00,B152PR,"GN	0	21:33:13.457	Core 04	2026.09.03 14:00:00   [SRJ-IND] B152PR sym=EURUSD bar=2026.09.03 13:55 z1=435,B,1.15357,1.15373,2026.08.14 06:30,1,2026.08.14 06:35,1.15382,1.15367"
703,RECON62-B160,1617DC1ACCE6B50ED2D1359582A70A8B8503C569623EE90C18C6B33542796207,Tester/logs/20261010.log,5938837,2026-09-03,14:00,B152PR,"MP	0	21:33:13.457	Core 04	2026.09.03 14:00:00   [SRJ-IND] B152PR sym=EURUSD bar=2026.09.03 13:55 z1=484,B,1.15504,1.15532,2026.08.14 11:45,1,2026.08.14 11:50,1.15549,1.15520"
704,RECON62-B160,1617DC1ACCE6B50ED2D1359582A70A8B8503C569623EE90C18C6B33542796207,Tester/logs/20261010.log,5938838,2026-09-03,14:00,B152PR,"IH	0	21:33:13.457	Core 04	2026.09.03 14:00:00   [SRJ-IND] B152PR sym=EURUSD bar=2026.09.03 13:55 z1=1389,S,1.17072,1.17107,2026.08.21 13:55,1,2026.08.21 14:20,1.17098,1.17032"
705,RECON62-B160,1617DC1ACCE6B50ED2D1359582A70A8B8503C569623EE90C18C6B33542796207,Tester/logs/20261010.log,5938839,2026-09-03,14:00,B152PR,"DN	0	21:33:13.457	Core 04	2026.09.03 14:00:00   [SRJ-IND] B152PR sym=EURUSD bar=2026.09.03 13:55 z1=1481,S,1.16836,1.16871,2026.08.24 04:10,1,2026.08.24 05:10,1.16841,1.16818"
706,RECON62-B160,1617DC1ACCE6B50ED2D1359582A70A8B8503C569623EE90C18C6B33542796207,Tester/logs/20261010.log,5938840,2026-09-03,14:00,B152PR,"MD	0	21:33:13.457	Core 04	2026.09.03 14:00:00   [SRJ-IND] B152PR sym=EURUSD bar=2026.09.03 13:55 z1=1484,S,1.16822,1.16855,2026.08.24 04:20,1,2026.08.24 05:00,1.16831,1.16810"
707,RECON62-B160,1617DC1ACCE6B50ED2D1359582A70A8B8503C569623EE90C18C6B33542796207,Tester/logs/20261010.log,5938841,2026-09-03,14:00,B152PR,"CJ	0	21:33:13.457	Core 04	2026.09.03 14:00:00   [SRJ-IND] B152PR sym=EURUSD bar=2026.09.03 13:55 z1=1516,S,1.16800,1.16817,2026.08.24 08:45,1,2026.08.24 08:55,1.16812,1.16783"
708,RECON62-B160,1617DC1ACCE6B50ED2D1359582A70A8B8503C569623EE90C18C6B33542796207,Tester/logs/20261010.log,5938842,2026-09-03,14:00,B152PR,"CP	0	21:33:13.457	Core 04	2026.09.03 14:00:00   [SRJ-IND] B152PR sym=EURUSD bar=2026.09.03 13:55 z1=1704,S,1.16580,1.16647,2026.08.26 16:00,1,2026.08.26 16:30,1.16587,1.16541"
709,RECON62-B160,1617DC1ACCE6B50ED2D1359582A70A8B8503C569623EE90C18C6B33542796207,Tester/logs/20261010.log,5938843,2026-09-03,14:00,B152PR,"HF	0	21:33:13.457	Core 04	2026.09.03 14:00:00   [SRJ-IND] B152PR sym=EURUSD bar=2026.09.03 13:55 z1=1728,S,1.16596,1.16624,2026.08.26 16:00,1,2026.08.27 16:25,1.16598,1.16561"
710,RECON62-B160,1617DC1ACCE6B50ED2D1359582A70A8B8503C569623EE90C18C6B33542796207,Tester/logs/20261010.log,5938844,2026-09-03,14:00,B152PR,"LL	0	21:33:13.457	Core 04	2026.09.03 14:00:00   [SRJ-IND] B152PR sym=EURUSD bar=2026.09.03 13:55 z1=1784,S,1.16754,1.16787,2026.08.25 23:40,1,2026.08.25 23:50,1.16758,1.16746"
711,RECON62-B160,1617DC1ACCE6B50ED2D1359582A70A8B8503C569623EE90C18C6B33542796207,Tester/logs/20261010.log,5938845,2026-09-03,14:00,B152PR,"PR	0	21:33:13.457	Core 04	2026.09.03 14:00:00   [SRJ-IND] B152PR sym=EURUSD bar=2026.09.03 13:55 z1=1866,S,1.16723,1.16738,2026.08.26 12:00,1,2026.08.26 15:10,1.16732,1.16692"
712,RECON62-B160,1617DC1ACCE6B50ED2D1359582A70A8B8503C569623EE90C18C6B33542796207,Tester/logs/20261010.log,5938846,2026-09-03,14:00,B152PR,"HH	0	21:33:13.457	Core 04	2026.09.03 14:00:00   [SRJ-IND] B152PR sym=EURUSD bar=2026.09.03 13:55 z1=2109,S,1.16505,1.16537,2026.08.28 05:05,1,2026.08.28 05:55,1.16507,1.16497"
713,RECON62-B160,1617DC1ACCE6B50ED2D1359582A70A8B8503C569623EE90C18C6B33542796207,Tester/logs/20261010.log,5938847,2026-09-03,14:00,B152PR,"ON	0	21:33:13.457	Core 04	2026.09.03 14:00:00   [SRJ-IND] B152PR sym=EURUSD bar=2026.09.03 13:55 z1=2149,S,1.16492,1.16507,2026.08.28 06:40,1,2026.08.28 14:00,1.16494,1.16471"
714,RECON62-B160,1617DC1ACCE6B50ED2D1359582A70A8B8503C569623EE90C18C6B33542796207,Tester/logs/20261010.log,5938848,2026-09-03,14:00,B152PR,"KE	0	21:33:13.457	Core 04	2026.09.03 14:00:00   [SRJ-IND] B152PR sym=EURUSD bar=2026.09.03 13:55 z1=2792,B,1.15906,1.15944,2026.09.03 06:15,1,2026.09.03 06:20,1.15956,1.15943"
715,RECON62-B160,1617DC1ACCE6B50ED2D1359582A70A8B8503C569623EE90C18C6B33542796207,Tester/logs/20261010.log,5938849,2026-09-03,14:00,B152PR,"LI	0	21:33:13.457	Core 04	2026.09.03 14:00:00   [SRJ-IND] B152PR sym=EURUSD bar=2026.09.03 13:55 bull=1 bear=1 nz=15"
716,RECON62-B160,1617DC1ACCE6B50ED2D1359582A70A8B8503C569623EE90C18C6B33542796207,Tester/logs/20261010.log,5938855,2026-09-03,14:05,B152PR,"JN	0	21:33:13.457	Core 04	2026.09.03 14:05:00   [SRJ-IND] B152PR sym=EURUSD bar=2026.09.03 14:00 z1=305,B,1.15201,1.15225,2026.08.13 10:45,1,2026.08.13 11:00,1.15264,1.15225"
717,RECON62-B160,1617DC1ACCE6B50ED2D1359582A70A8B8503C569623EE90C18C6B33542796207,Tester/logs/20261010.log,5938856,2026-09-03,14:05,B152PR,"FP	0	21:33:13.457	Core 04	2026.09.03 14:05:00   [SRJ-IND] B152PR sym=EURUSD bar=2026.09.03 14:00 z1=405,B,1.15248,1.15263,2026.08.14 00:25,1,2026.08.14 00:50,1.15276,1.15259"
718,RECON62-B160,1617DC1ACCE6B50ED2D1359582A70A8B8503C569623EE90C18C6B33542796207,Tester/logs/20261010.log,5938857,2026-09-03,14:05,B152PR,"OJ	0	21:33:13.457	Core 04	2026.09.03 14:05:00   [SRJ-IND] B152PR sym=EURUSD bar=2026.09.03 14:00 z1=435,B,1.15357,1.15373,2026.08.14 06:30,1,2026.08.14 06:35,1.15382,1.15367"
719,RECON62-B160,1617DC1ACCE6B50ED2D1359582A70A8B8503C569623EE90C18C6B33542796207,Tester/logs/20261010.log,5938858,2026-09-03,14:05,B152PR,"QO	0	21:33:13.457	Core 04	2026.09.03 14:05:00   [SRJ-IND] B152PR sym=EURUSD bar=2026.09.03 14:00 z1=484,B,1.15504,1.15532,2026.08.14 11:45,1,2026.08.14 11:50,1.15549,1.15520"
720,RECON62-B160,1617DC1ACCE6B50ED2D1359582A70A8B8503C569623EE90C18C6B33542796207,Tester/logs/20261010.log,5938859,2026-09-03,14:05,B152PR,"QS	0	21:33:13.457	Core 04	2026.09.03 14:05:00   [SRJ-IND] B152PR sym=EURUSD bar=2026.09.03 14:00 z1=1389,S,1.17072,1.17107,2026.08.21 13:55,1,2026.08.21 14:20,1.17098,1.17032"
721,RECON62-B160,1617DC1ACCE6B50ED2D1359582A70A8B8503C569623EE90C18C6B33542796207,Tester/logs/20261010.log,5938860,2026-09-03,14:05,B152PR,"LI	0	21:33:13.457	Core 04	2026.09.03 14:05:00   [SRJ-IND] B152PR sym=EURUSD bar=2026.09.03 14:00 z1=1481,S,1.16836,1.16871,2026.08.24 04:10,1,2026.08.24 05:10,1.16841,1.16818"
722,RECON62-B160,1617DC1ACCE6B50ED2D1359582A70A8B8503C569623EE90C18C6B33542796207,Tester/logs/20261010.log,5938861,2026-09-03,14:05,B152PR,"EO	0	21:33:13.457	Core 04	2026.09.03 14:05:00   [SRJ-IND] B152PR sym=EURUSD bar=2026.09.03 14:00 z1=1484,S,1.16822,1.16855,2026.08.24 04:20,1,2026.08.24 05:00,1.16831,1.16810"
723,RECON62-B160,1617DC1ACCE6B50ED2D1359582A70A8B8503C569623EE90C18C6B33542796207,Tester/logs/20261010.log,5938862,2026-09-03,14:05,B152PR,"KE	0	21:33:13.457	Core 04	2026.09.03 14:05:00   [SRJ-IND] B152PR sym=EURUSD bar=2026.09.03 14:00 z1=1516,S,1.16800,1.16817,2026.08.24 08:45,1,2026.08.24 08:55,1.16812,1.16783"
724,RECON62-B160,1617DC1ACCE6B50ED2D1359582A70A8B8503C569623EE90C18C6B33542796207,Tester/logs/20261010.log,5938863,2026-09-03,14:05,B152PR,"KK	0	21:33:13.457	Core 04	2026.09.03 14:05:00   [SRJ-IND] B152PR sym=EURUSD bar=2026.09.03 14:00 z1=1704,S,1.16580,1.16647,2026.08.26 16:00,1,2026.08.26 16:30,1.16587,1.16541"
725,RECON62-B160,1617DC1ACCE6B50ED2D1359582A70A8B8503C569623EE90C18C6B33542796207,Tester/logs/20261010.log,5938864,2026-09-03,14:05,B152PR,"PQ	0	21:33:13.457	Core 04	2026.09.03 14:05:00   [SRJ-IND] B152PR sym=EURUSD bar=2026.09.03 14:00 z1=1728,S,1.16596,1.16624,2026.08.26 16:00,1,2026.08.27 16:25,1.16598,1.16561"
726,RECON62-B160,1617DC1ACCE6B50ED2D1359582A70A8B8503C569623EE90C18C6B33542796207,Tester/logs/20261010.log,5938865,2026-09-03,14:05,B152PR,"DG	0	21:33:13.457	Core 04	2026.09.03 14:05:00   [SRJ-IND] B152PR sym=EURUSD bar=2026.09.03 14:00 z1=1784,S,1.16754,1.16787,2026.08.25 23:40,1,2026.08.25 23:50,1.16758,1.16746"
727,RECON62-B160,1617DC1ACCE6B50ED2D1359582A70A8B8503C569623EE90C18C6B33542796207,Tester/logs/20261010.log,5938866,2026-09-03,14:05,B152PR,"HM	0	21:33:13.457	Core 04	2026.09.03 14:05:00   [SRJ-IND] B152PR sym=EURUSD bar=2026.09.03 14:00 z1=1866,S,1.16723,1.16738,2026.08.26 12:00,1,2026.08.26 15:10,1.16732,1.16692"
728,RECON62-B160,1617DC1ACCE6B50ED2D1359582A70A8B8503C569623EE90C18C6B33542796207,Tester/logs/20261010.log,5938867,2026-09-03,14:05,B152PR,"PS	0	21:33:13.457	Core 04	2026.09.03 14:05:00   [SRJ-IND] B152PR sym=EURUSD bar=2026.09.03 14:00 z1=2109,S,1.16505,1.16537,2026.08.28 05:05,1,2026.08.28 05:55,1.16507,1.16497"
729,RECON62-B160,1617DC1ACCE6B50ED2D1359582A70A8B8503C569623EE90C18C6B33542796207,Tester/logs/20261010.log,5938868,2026-09-03,14:05,B152PR,"GI	0	21:33:13.457	Core 04	2026.09.03 14:05:00   [SRJ-IND] B152PR sym=EURUSD bar=2026.09.03 14:00 z1=2149,S,1.16492,1.16507,2026.08.28 06:40,1,2026.08.28 14:00,1.16494,1.16471"
730,RECON62-B160,1617DC1ACCE6B50ED2D1359582A70A8B8503C569623EE90C18C6B33542796207,Tester/logs/20261010.log,5938869,2026-09-03,14:05,B152PR,"CN	0	21:33:13.457	Core 04	2026.09.03 14:05:00   [SRJ-IND] B152PR sym=EURUSD bar=2026.09.03 14:00 z1=2792,B,1.15906,1.15944,2026.09.03 06:15,1,2026.09.03 06:20,1.15956,1.15943"
731,RECON62-B160,1617DC1ACCE6B50ED2D1359582A70A8B8503C569623EE90C18C6B33542796207,Tester/logs/20261010.log,5938870,2026-09-03,14:05,B152PR,"DF	0	21:33:13.457	Core 04	2026.09.03 14:05:00   [SRJ-IND] B152PR sym=EURUSD bar=2026.09.03 14:00 bull=1 bear=1 nz=15"
732,RECON62-B160,1617DC1ACCE6B50ED2D1359582A70A8B8503C569623EE90C18C6B33542796207,Tester/logs/20261010.log,5938874,2026-09-03,14:05,CQDRECHECK,"QD	0	21:33:13.457	Core 04	2026.09.03 14:05:00   [SRJ-EA] CQDRECHECK shift=2 passA=-1.0 passB=-1.0 diff=0 bar=2026.09.03 13:55 state=IDLE dir=NONE divLatch=0 hit1=0 hit2=512 mism=0"
733,RECON62-B160,1617DC1ACCE6B50ED2D1359582A70A8B8503C569623EE90C18C6B33542796207,Tester/logs/20261010.log,5938881,2026-09-03,14:10,B152PR,"IP	0	21:33:13.457	Core 04	2026.09.03 14:10:00   [SRJ-IND] B152PR sym=EURUSD bar=2026.09.03 14:05 z1=305,B,1.15201,1.15225,2026.08.13 10:45,1,2026.08.13 11:00,1.15264,1.15225"
734,RECON62-B160,1617DC1ACCE6B50ED2D1359582A70A8B8503C569623EE90C18C6B33542796207,Tester/logs/20261010.log,5938882,2026-09-03,14:10,B152PR,"EJ	0	21:33:13.457	Core 04	2026.09.03 14:10:00   [SRJ-IND] B152PR sym=EURUSD bar=2026.09.03 14:05 z1=405,B,1.15248,1.15263,2026.08.14 00:25,1,2026.08.14 00:50,1.15276,1.15259"
735,RECON62-B160,1617DC1ACCE6B50ED2D1359582A70A8B8503C569623EE90C18C6B33542796207,Tester/logs/20261010.log,5938883,2026-09-03,14:10,B152PR,"PL	0	21:33:13.457	Core 04	2026.09.03 14:10:00   [SRJ-IND] B152PR sym=EURUSD bar=2026.09.03 14:05 z1=435,B,1.15357,1.15373,2026.08.14 06:30,1,2026.08.14 06:35,1.15382,1.15367"
736,RECON62-B160,1617DC1ACCE6B50ED2D1359582A70A8B8503C569623EE90C18C6B33542796207,Tester/logs/20261010.log,5938884,2026-09-03,14:10,B152PR,"RQ	0	21:33:13.457	Core 04	2026.09.03 14:10:00   [SRJ-IND] B152PR sym=EURUSD bar=2026.09.03 14:05 z1=484,B,1.15504,1.15532,2026.08.14 11:45,1,2026.08.14 11:50,1.15549,1.15520"
737,RECON62-B160,1617DC1ACCE6B50ED2D1359582A70A8B8503C569623EE90C18C6B33542796207,Tester/logs/20261010.log,5938885,2026-09-03,14:10,B152PR,"RI	0	21:33:13.457	Core 04	2026.09.03 14:10:00   [SRJ-IND] B152PR sym=EURUSD bar=2026.09.03 14:05 z1=1389,S,1.17072,1.17107,2026.08.21 13:55,1,2026.08.21 14:20,1.17098,1.17032"
738,RECON62-B160,1617DC1ACCE6B50ED2D1359582A70A8B8503C569623EE90C18C6B33542796207,Tester/logs/20261010.log,5938886,2026-09-03,14:10,B152PR,"KO	0	21:33:13.457	Core 04	2026.09.03 14:10:00   [SRJ-IND] B152PR sym=EURUSD bar=2026.09.03 14:05 z1=1481,S,1.16836,1.16871,2026.08.24 04:10,1,2026.08.24 05:10,1.16841,1.16818"
739,RECON62-B160,1617DC1ACCE6B50ED2D1359582A70A8B8503C569623EE90C18C6B33542796207,Tester/logs/20261010.log,5938887,2026-09-03,14:10,B152PR,"FE	0	21:33:13.457	Core 04	2026.09.03 14:10:00   [SRJ-IND] B152PR sym=EURUSD bar=2026.09.03 14:05 z1=1484,S,1.16822,1.16855,2026.08.24 04:20,1,2026.08.24 05:00,1.16831,1.16810"
740,RECON62-B160,1617DC1ACCE6B50ED2D1359582A70A8B8503C569623EE90C18C6B33542796207,Tester/logs/20261010.log,5938888,2026-09-03,14:10,B152PR,"LK	0	21:33:13.457	Core 04	2026.09.03 14:10:00   [SRJ-IND] B152PR sym=EURUSD bar=2026.09.03 14:05 z1=1516,S,1.16800,1.16817,2026.08.24 08:45,1,2026.08.24 08:55,1.16812,1.16783"
741,RECON62-B160,1617DC1ACCE6B50ED2D1359582A70A8B8503C569623EE90C18C6B33542796207,Tester/logs/20261010.log,5938889,2026-09-03,14:10,B152PR,"LQ	0	21:33:13.457	Core 04	2026.09.03 14:10:00   [SRJ-IND] B152PR sym=EURUSD bar=2026.09.03 14:05 z1=1704,S,1.16580,1.16647,2026.08.26 16:00,1,2026.08.26 16:30,1.16587,1.16541"
742,RECON62-B160,1617DC1ACCE6B50ED2D1359582A70A8B8503C569623EE90C18C6B33542796207,Tester/logs/20261010.log,5938890,2026-09-03,14:10,B152PR,"OG	0	21:33:13.457	Core 04	2026.09.03 14:10:00   [SRJ-IND] B152PR sym=EURUSD bar=2026.09.03 14:05 z1=1728,S,1.16596,1.16624,2026.08.26 16:00,1,2026.08.27 16:25,1.16598,1.16561"
743,RECON62-B160,1617DC1ACCE6B50ED2D1359582A70A8B8503C569623EE90C18C6B33542796207,Tester/logs/20261010.log,5938891,2026-09-03,14:10,B152PR,"CM	0	21:33:13.457	Core 04	2026.09.03 14:10:00   [SRJ-IND] B152PR sym=EURUSD bar=2026.09.03 14:05 z1=1784,S,1.16754,1.16787,2026.08.25 23:40,1,2026.08.25 23:50,1.16758,1.16746"
744,RECON62-B160,1617DC1ACCE6B50ED2D1359582A70A8B8503C569623EE90C18C6B33542796207,Tester/logs/20261010.log,5938892,2026-09-03,14:10,B152PR,"GS	0	21:33:13.457	Core 04	2026.09.03 14:10:00   [SRJ-IND] B152PR sym=EURUSD bar=2026.09.03 14:05 z1=1866,S,1.16723,1.16738,2026.08.26 12:00,1,2026.08.26 15:10,1.16732,1.16692"
745,RECON62-B160,1617DC1ACCE6B50ED2D1359582A70A8B8503C569623EE90C18C6B33542796207,Tester/logs/20261010.log,5938893,2026-09-03,14:10,B152PR,"OI	0	21:33:13.457	Core 04	2026.09.03 14:10:00   [SRJ-IND] B152PR sym=EURUSD bar=2026.09.03 14:05 z1=2109,S,1.16505,1.16537,2026.08.28 05:05,1,2026.08.28 05:55,1.16507,1.16497"
746,RECON62-B160,1617DC1ACCE6B50ED2D1359582A70A8B8503C569623EE90C18C6B33542796207,Tester/logs/20261010.log,5938894,2026-09-03,14:10,B152PR,"HO	0	21:33:13.457	Core 04	2026.09.03 14:10:00   [SRJ-IND] B152PR sym=EURUSD bar=2026.09.03 14:05 z1=2149,S,1.16492,1.16507,2026.08.28 06:40,1,2026.08.28 14:00,1.16494,1.16471"
747,RECON62-B160,1617DC1ACCE6B50ED2D1359582A70A8B8503C569623EE90C18C6B33542796207,Tester/logs/20261010.log,5938895,2026-09-03,14:10,B152PR,"DD	0	21:33:13.457	Core 04	2026.09.03 14:10:00   [SRJ-IND] B152PR sym=EURUSD bar=2026.09.03 14:05 z1=2792,B,1.15906,1.15944,2026.09.03 06:15,1,2026.09.03 06:20,1.15956,1.15943"
748,RECON62-B160,1617DC1ACCE6B50ED2D1359582A70A8B8503C569623EE90C18C6B33542796207,Tester/logs/20261010.log,5938896,2026-09-03,14:10,B152PR,"CH	0	21:33:13.457	Core 04	2026.09.03 14:10:00   [SRJ-IND] B152PR sym=EURUSD bar=2026.09.03 14:05 bull=1 bear=1 nz=15"
749,RECON62-B160,1617DC1ACCE6B50ED2D1359582A70A8B8503C569623EE90C18C6B33542796207,Tester/logs/20261010.log,5938903,2026-09-03,14:10,CONFIRMPOLL,"HH	0	21:33:13.457	Core 04	2026.09.03 14:10:00   [SRJ-EA] CONFIRMPOLL bar=2026.09.03 14:05 anchor=Daily-POC dir=LONG oppCandle=1 bodyDir=1 body=24pts doji=0 touchAttr=1 confirm=1 shadow=true"
750,RECON62-B160,1617DC1ACCE6B50ED2D1359582A70A8B8503C569623EE90C18C6B33542796207,Tester/logs/20261010.log,5938905,2026-09-03,14:10,STATE,"OK	0	21:33:13.457	Core 04	2026.09.03 14:10:00   [SRJ-EA] 2026.09.03 14:10:00 STATE IDLE->S1_REGIME dir=LONG poi=Daily-POC"
751,RECON62-B160,1617DC1ACCE6B50ED2D1359582A70A8B8503C569623EE90C18C6B33542796207,Tester/logs/20261010.log,5938906,2026-09-03,14:10,ANCHOR_ELECT,"HK	0	21:33:13.457	Core 04	2026.09.03 14:10:00   [SRJ-EA] ANCHOR_ELECT bar=2026.09.03 14:05 action=SEED poi=Daily-POC rank=10 tier=5 dir=LONG"
752,RECON62-B160,1617DC1ACCE6B50ED2D1359582A70A8B8503C569623EE90C18C6B33542796207,Tester/logs/20261010.log,5938918,2026-09-03,14:10,STATE,"MH	0	21:33:13.457	Core 04	2026.09.03 14:10:00   [SRJ-EA] 2026.09.03 14:10:00 STATE S1_REGIME->S2_LTF_ALIGN dir=LONG poi=Daily-POC"
753,RECON62-B160,1617DC1ACCE6B50ED2D1359582A70A8B8503C569623EE90C18C6B33542796207,Tester/logs/20261010.log,5938919,2026-09-03,14:10,STATE,"HE	0	21:33:13.457	Core 04	2026.09.03 14:10:00   [SRJ-EA] 2026.09.03 14:10:00 STATE S2_LTF_ALIGN->S3_ZONE_WAIT dir=LONG poi=Daily-POC"
754,RECON62-B160,1617DC1ACCE6B50ED2D1359582A70A8B8503C569623EE90C18C6B33542796207,Tester/logs/20261010.log,5938924,2026-09-03,14:10,XOBPROMO,"CR	0	21:33:13.457	Core 04	2026.09.03 14:10:00   [SRJ-EA] XOBPROMO bar=2026.09.03 14:05 site=S3PICK xobId=2793 raw=1788415800.0 promoT=2026.09.03 06:10"
755,RECON62-B160,1617DC1ACCE6B50ED2D1359582A70A8B8503C569623EE90C18C6B33542796207,Tester/logs/20261010.log,5938925,2026-09-03,14:10,ZONEPICK,"GE	0	21:33:13.457	Core 04	2026.09.03 14:10:00   [SRJ-EA] ZONEPICK bar=2026.09.03 14:05 dir=LONG haveFvg=0 fvgInPlay=0 haveXob=1 xobInPlay=0 downgraded=0 fvg=--- xob=1.15907-1.15933"
756,RECON62-B160,1617DC1ACCE6B50ED2D1359582A70A8B8503C569623EE90C18C6B33542796207,Tester/logs/20261010.log,5938940,2026-09-03,14:10,INPLAYCOMMIT,"FE	0	21:33:13.457	Core 04	2026.09.03 14:10:00   [SRJ-EA] INPLAYCOMMIT bar=2026.09.03 14:05 dir=LONG zoneSrc=XOB zoneLo=1.15907 zoneHi=1.15933 promoT=2026.09.03 06:10 applied=1 bounded=1 scanned=98 swings=18 hits=1 firstShift=98 firstVal=1.15907 commitVia=SWING legacy=0 legacyVia=none committed=1 changed=1 haveStop=1"
757,RECON62-B160,1617DC1ACCE6B50ED2D1359582A70A8B8503C569623EE90C18C6B33542796207,Tester/logs/20261010.log,5938941,2026-09-03,14:10,STATE,"KP	0	21:33:13.457	Core 04	2026.09.03 14:10:00   [SRJ-EA] 2026.09.03 14:10:00 STATE S3_ZONE_WAIT->S4_ARMED dir=LONG poi=Daily-POC"
758,RECON62-B160,1617DC1ACCE6B50ED2D1359582A70A8B8503C569623EE90C18C6B33542796207,Tester/logs/20261010.log,5938945,2026-09-03,14:10,B60C,"QI	0	21:33:13.457	Core 04	2026.09.03 14:10:00   [SRJ-EA] B60C bar=2026.09.03 14:05 dir=LONG poi=Daily-POC rt=2026.09.03 14:05 rSh=1 rBar=2026.09.03 14:05 cSrc=BOTH xt=0 zxob=1.15907-1.15933 xpromo=2026.09.03 06:10 - C satisfied by retest and prior candles ([B-61 C2][B-129 XT])"
759,RECON62-B160,1617DC1ACCE6B50ED2D1359582A70A8B8503C569623EE90C18C6B33542796207,Tester/logs/20261010.log,5938951,2026-09-03,14:10,B60C,"OQ	0	21:33:13.457	Core 04	2026.09.03 14:10:00   [SRJ-EA] B60C bar=2026.09.03 14:05 dir=LONG poi=Daily-POC rt=2026.09.03 14:05 rSh=1 rBar=2026.09.03 14:05 cSrc=BOTH xt=0 zxob=1.15907-1.15933 xpromo=2026.09.03 06:10 - C satisfied by retest and prior candles ([B-61 C2][B-129 XT])"
760,RECON62-B160,1617DC1ACCE6B50ED2D1359582A70A8B8503C569623EE90C18C6B33542796207,Tester/logs/20261010.log,5938952,2026-09-03,14:10,STATE,"KD	0	21:33:13.457	Core 04	2026.09.03 14:10:00   [SRJ-EA] 2026.09.03 14:10:00 STATE S4_ARMED->S5_GATE_CHECK dir=LONG poi=Daily-POC"
761,RECON62-B160,1617DC1ACCE6B50ED2D1359582A70A8B8503C569623EE90C18C6B33542796207,Tester/logs/20261010.log,5938953,2026-09-03,14:10,D130LATCH,"CI	0	21:33:13.457	Core 04	2026.09.03 14:10:00   [SRJ-EA] D130LATCH pass=2026.09.03 14:10:00 confBar=2026.09.03 14:05 dir=LONG verdict=-1 verdictBar=2026.09.03 13:55 walkShift=3 oppPassed=NA oppBar=NA"
762,RECON62-B160,1617DC1ACCE6B50ED2D1359582A70A8B8503C569623EE90C18C6B33542796207,Tester/logs/20261010.log,5938954,2026-09-03,14:10,CONFIRM_DIV_WAIT,"PQ	0	21:33:13.457	Core 04	2026.09.03 14:10:00   [SRJ-EA] CONFIRM_DIV_WAIT bar=2026.09.03 14:05 dir=LONG verdict=-1"
763,RECON62-B160,1617DC1ACCE6B50ED2D1359582A70A8B8503C569623EE90C18C6B33542796207,Tester/logs/20261010.log,5938956,2026-09-03,14:10,ABORT,"KI	0	21:33:13.457	Core 04	2026.09.03 14:10:00   [SRJ-EA] 2026.09.03 14:10:00 ABORT reason=DIV_FALLBACK state=S5_GATE_CHECK poi=Daily-POC dir=LONG"
764,RECON62-B160,1617DC1ACCE6B50ED2D1359582A70A8B8503C569623EE90C18C6B33542796207,Tester/logs/20261010.log,5938957,2026-09-03,14:10,A6REFUSED,"ML	0	21:33:13.457	Core 04	2026.09.03 14:10:00   [SRJ-EA] A6REFUSED class=ABSENT_DECLINED bar=2026.09.03 14:10 state=S5_GATE_CHECK dir=LONG predicate=DIV_FALLBACK"
765,RECON62-B160,1617DC1ACCE6B50ED2D1359582A70A8B8503C569623EE90C18C6B33542796207,Tester/logs/20261010.log,5938959,2026-09-03,14:10,STATE,"DP	0	21:33:13.457	Core 04	2026.09.03 14:10:00   [SRJ-EA] 2026.09.03 14:10:00 STATE S5_GATE_CHECK->ABORT dir=LONG poi=Daily-POC"
766,RECON62-B160,1617DC1ACCE6B50ED2D1359582A70A8B8503C569623EE90C18C6B33542796207,Tester/logs/20261010.log,5938964,2026-09-03,14:15,B152PR,"OJ	0	21:33:13.457	Core 04	2026.09.03 14:15:03   [SRJ-IND] B152PR sym=EURUSD bar=2026.09.03 14:10 z1=305,B,1.15201,1.15225,2026.08.13 10:45,1,2026.08.13 11:00,1.15264,1.15225"
767,RECON62-B160,1617DC1ACCE6B50ED2D1359582A70A8B8503C569623EE90C18C6B33542796207,Tester/logs/20261010.log,5938965,2026-09-03,14:15,B152PR,"KL	0	21:33:13.457	Core 04	2026.09.03 14:15:03   [SRJ-IND] B152PR sym=EURUSD bar=2026.09.03 14:10 z1=405,B,1.15248,1.15263,2026.08.14 00:25,1,2026.08.14 00:50,1.15276,1.15259"
768,RECON62-B160,1617DC1ACCE6B50ED2D1359582A70A8B8503C569623EE90C18C6B33542796207,Tester/logs/20261010.log,5938966,2026-09-03,14:15,B152PR,"JF	0	21:33:13.457	Core 04	2026.09.03 14:15:03   [SRJ-IND] B152PR sym=EURUSD bar=2026.09.03 14:10 z1=435,B,1.15357,1.15373,2026.08.14 06:30,1,2026.08.14 06:35,1.15382,1.15367"
769,RECON62-B160,1617DC1ACCE6B50ED2D1359582A70A8B8503C569623EE90C18C6B33542796207,Tester/logs/20261010.log,5938967,2026-09-03,14:15,B152PR,"HH	0	21:33:13.457	Core 04	2026.09.03 14:15:03   [SRJ-IND] B152PR sym=EURUSD bar=2026.09.03 14:10 z1=484,B,1.15504,1.15532,2026.08.14 11:45,1,2026.08.14 11:50,1.15549,1.15520"
770,RECON62-B160,1617DC1ACCE6B50ED2D1359582A70A8B8503C569623EE90C18C6B33542796207,Tester/logs/20261010.log,5938968,2026-09-03,14:15,B152PR,"HP	0	21:33:13.457	Core 04	2026.09.03 14:15:03   [SRJ-IND] B152PR sym=EURUSD bar=2026.09.03 14:10 z1=1389,S,1.17072,1.17107,2026.08.21 13:55,1,2026.08.21 14:20,1.17098,1.17032"
771,RECON62-B160,1617DC1ACCE6B50ED2D1359582A70A8B8503C569623EE90C18C6B33542796207,Tester/logs/20261010.log,5938969,2026-09-03,14:15,B152PR,"EF	0	21:33:13.457	Core 04	2026.09.03 14:15:03   [SRJ-IND] B152PR sym=EURUSD bar=2026.09.03 14:10 z1=1481,S,1.16836,1.16871,2026.08.24 04:10,1,2026.08.24 05:10,1.16841,1.16818"
772,RECON62-B160,1617DC1ACCE6B50ED2D1359582A70A8B8503C569623EE90C18C6B33542796207,Tester/logs/20261010.log,5938970,2026-09-03,14:15,B152PR,"LL	0	21:33:13.457	Core 04	2026.09.03 14:15:03   [SRJ-IND] B152PR sym=EURUSD bar=2026.09.03 14:10 z1=1484,S,1.16822,1.16855,2026.08.24 04:20,1,2026.08.24 05:00,1.16831,1.16810"
773,RECON62-B160,1617DC1ACCE6B50ED2D1359582A70A8B8503C569623EE90C18C6B33542796207,Tester/logs/20261010.log,5938971,2026-09-03,14:15,B152PR,"FR	0	21:33:13.457	Core 04	2026.09.03 14:15:03   [SRJ-IND] B152PR sym=EURUSD bar=2026.09.03 14:10 z1=1516,S,1.16800,1.16817,2026.08.24 08:45,1,2026.08.24 08:55,1.16812,1.16783"
774,RECON62-B160,1617DC1ACCE6B50ED2D1359582A70A8B8503C569623EE90C18C6B33542796207,Tester/logs/20261010.log,5938972,2026-09-03,14:15,B152PR,"FH	0	21:33:13.457	Core 04	2026.09.03 14:15:03   [SRJ-IND] B152PR sym=EURUSD bar=2026.09.03 14:10 z1=1704,S,1.16580,1.16647,2026.08.26 16:00,1,2026.08.26 16:30,1.16587,1.16541"
775,RECON62-B160,1617DC1ACCE6B50ED2D1359582A70A8B8503C569623EE90C18C6B33542796207,Tester/logs/20261010.log,5938973,2026-09-03,14:15,B152PR,"IN	0	21:33:13.457	Core 04	2026.09.03 14:15:03   [SRJ-IND] B152PR sym=EURUSD bar=2026.09.03 14:10 z1=1728,S,1.16596,1.16624,2026.08.26 16:00,1,2026.08.27 16:25,1.16598,1.16561"
776,RECON62-B160,1617DC1ACCE6B50ED2D1359582A70A8B8503C569623EE90C18C6B33542796207,Tester/logs/20261010.log,5938974,2026-09-03,14:15,B152PR,"MD	0	21:33:13.457	Core 04	2026.09.03 14:15:03   [SRJ-IND] B152PR sym=EURUSD bar=2026.09.03 14:10 z1=1784,S,1.16754,1.16787,2026.08.25 23:40,1,2026.08.25 23:50,1.16758,1.16746"
777,RECON62-B160,1617DC1ACCE6B50ED2D1359582A70A8B8503C569623EE90C18C6B33542796207,Tester/logs/20261010.log,5938975,2026-09-03,14:15,B152PR,"QJ	0	21:33:13.457	Core 04	2026.09.03 14:15:03   [SRJ-IND] B152PR sym=EURUSD bar=2026.09.03 14:10 z1=1866,S,1.16723,1.16738,2026.08.26 12:00,1,2026.08.26 15:10,1.16732,1.16692"
778,RECON62-B160,1617DC1ACCE6B50ED2D1359582A70A8B8503C569623EE90C18C6B33542796207,Tester/logs/20261010.log,5938976,2026-09-03,14:15,B152PR,"IP	0	21:33:13.457	Core 04	2026.09.03 14:15:03   [SRJ-IND] B152PR sym=EURUSD bar=2026.09.03 14:10 z1=2109,S,1.16505,1.16537,2026.08.28 05:05,1,2026.08.28 05:55,1.16507,1.16497"
779,RECON62-B160,1617DC1ACCE6B50ED2D1359582A70A8B8503C569623EE90C18C6B33542796207,Tester/logs/20261010.log,5938977,2026-09-03,14:15,B152PR,"RF	0	21:33:13.457	Core 04	2026.09.03 14:15:03   [SRJ-IND] B152PR sym=EURUSD bar=2026.09.03 14:10 z1=2149,S,1.16492,1.16507,2026.08.28 06:40,1,2026.08.28 14:00,1.16494,1.16471"
780,RECON62-B160,1617DC1ACCE6B50ED2D1359582A70A8B8503C569623EE90C18C6B33542796207,Tester/logs/20261010.log,5938978,2026-09-03,14:15,B152PR,"NM	0	21:33:13.457	Core 04	2026.09.03 14:15:03   [SRJ-IND] B152PR sym=EURUSD bar=2026.09.03 14:10 z1=2792,B,1.15906,1.15944,2026.09.03 06:15,1,2026.09.03 06:20,1.15956,1.15943"
781,RECON62-B160,1617DC1ACCE6B50ED2D1359582A70A8B8503C569623EE90C18C6B33542796207,Tester/logs/20261010.log,5938979,2026-09-03,14:15,B152PR,"MQ	0	21:33:13.457	Core 04	2026.09.03 14:15:03   [SRJ-IND] B152PR sym=EURUSD bar=2026.09.03 14:10 bull=1 bear=1 nz=15"
782,RECON62-B160,1617DC1ACCE6B50ED2D1359582A70A8B8503C569623EE90C18C6B33542796207,Tester/logs/20261010.log,5938989,2026-09-03,14:20,B152PR,"KF	0	21:33:13.457	Core 04	2026.09.03 14:20:00   [SRJ-IND] B152PR sym=EURUSD bar=2026.09.03 14:15 z1=305,B,1.15201,1.15225,2026.08.13 10:45,1,2026.08.13 11:00,1.15264,1.15225"
783,RECON62-B160,1617DC1ACCE6B50ED2D1359582A70A8B8503C569623EE90C18C6B33542796207,Tester/logs/20261010.log,5938990,2026-09-03,14:20,B152PR,"GH	0	21:33:13.457	Core 04	2026.09.03 14:20:00   [SRJ-IND] B152PR sym=EURUSD bar=2026.09.03 14:15 z1=405,B,1.15248,1.15263,2026.08.14 00:25,1,2026.08.14 00:50,1.15276,1.15259"
784,RECON62-B160,1617DC1ACCE6B50ED2D1359582A70A8B8503C569623EE90C18C6B33542796207,Tester/logs/20261010.log,5938991,2026-09-03,14:20,B152PR,"NR	0	21:33:13.457	Core 04	2026.09.03 14:20:00   [SRJ-IND] B152PR sym=EURUSD bar=2026.09.03 14:15 z1=435,B,1.15357,1.15373,2026.08.14 06:30,1,2026.08.14 06:35,1.15382,1.15367"
785,RECON62-B160,1617DC1ACCE6B50ED2D1359582A70A8B8503C569623EE90C18C6B33542796207,Tester/logs/20261010.log,5938992,2026-09-03,14:20,B152PR,"DD	0	21:33:13.457	Core 04	2026.09.03 14:20:00   [SRJ-IND] B152PR sym=EURUSD bar=2026.09.03 14:15 z1=484,B,1.15504,1.15532,2026.08.14 11:45,1,2026.08.14 11:50,1.15549,1.15520"
786,RECON62-B160,1617DC1ACCE6B50ED2D1359582A70A8B8503C569623EE90C18C6B33542796207,Tester/logs/20261010.log,5938993,2026-09-03,14:20,B152PR,"DL	0	21:33:13.457	Core 04	2026.09.03 14:20:00   [SRJ-IND] B152PR sym=EURUSD bar=2026.09.03 14:15 z1=1389,S,1.17072,1.17107,2026.08.21 13:55,1,2026.08.21 14:20,1.17098,1.17032"
787,RECON62-B160,1617DC1ACCE6B50ED2D1359582A70A8B8503C569623EE90C18C6B33542796207,Tester/logs/20261010.log,5938994,2026-09-03,14:20,B152PR,"IR	0	21:33:13.457	Core 04	2026.09.03 14:20:00   [SRJ-IND] B152PR sym=EURUSD bar=2026.09.03 14:15 z1=1481,S,1.16836,1.16871,2026.08.24 04:10,1,2026.08.24 05:10,1.16841,1.16818"
788,RECON62-B160,1617DC1ACCE6B50ED2D1359582A70A8B8503C569623EE90C18C6B33542796207,Tester/logs/20261010.log,5938995,2026-09-03,14:20,B152PR,"PH	0	21:33:13.457	Core 04	2026.09.03 14:20:00   [SRJ-IND] B152PR sym=EURUSD bar=2026.09.03 14:15 z1=1484,S,1.16822,1.16855,2026.08.24 04:20,1,2026.08.24 05:00,1.16831,1.16810"
789,RECON62-B160,1617DC1ACCE6B50ED2D1359582A70A8B8503C569623EE90C18C6B33542796207,Tester/logs/20261010.log,5938996,2026-09-03,14:20,B152PR,"JN	0	21:33:13.457	Core 04	2026.09.03 14:20:00   [SRJ-IND] B152PR sym=EURUSD bar=2026.09.03 14:15 z1=1516,S,1.16800,1.16817,2026.08.24 08:45,1,2026.08.24 08:55,1.16812,1.16783"
790,RECON62-B160,1617DC1ACCE6B50ED2D1359582A70A8B8503C569623EE90C18C6B33542796207,Tester/logs/20261010.log,5938997,2026-09-03,14:20,B152PR,"JD	0	21:33:13.457	Core 04	2026.09.03 14:20:00   [SRJ-IND] B152PR sym=EURUSD bar=2026.09.03 14:15 z1=1704,S,1.16580,1.16647,2026.08.26 16:00,1,2026.08.26 16:30,1.16587,1.16541"
791,RECON62-B160,1617DC1ACCE6B50ED2D1359582A70A8B8503C569623EE90C18C6B33542796207,Tester/logs/20261010.log,5938998,2026-09-03,14:20,B152PR,"EJ	0	21:33:13.457	Core 04	2026.09.03 14:20:00   [SRJ-IND] B152PR sym=EURUSD bar=2026.09.03 14:15 z1=1728,S,1.16596,1.16624,2026.08.26 16:00,1,2026.08.27 16:25,1.16598,1.16561"
792,RECON62-B160,1617DC1ACCE6B50ED2D1359582A70A8B8503C569623EE90C18C6B33542796207,Tester/logs/20261010.log,5938999,2026-09-03,14:20,B152PR,"QP	0	21:33:13.457	Core 04	2026.09.03 14:20:00   [SRJ-IND] B152PR sym=EURUSD bar=2026.09.03 14:15 z1=1784,S,1.16754,1.16787,2026.08.25 23:40,1,2026.08.25 23:50,1.16758,1.16746"
793,RECON62-B160,1617DC1ACCE6B50ED2D1359582A70A8B8503C569623EE90C18C6B33542796207,Tester/logs/20261010.log,5939000,2026-09-03,14:20,B152PR,"MF	0	21:33:13.457	Core 04	2026.09.03 14:20:00   [SRJ-IND] B152PR sym=EURUSD bar=2026.09.03 14:15 z1=1866,S,1.16723,1.16738,2026.08.26 12:00,1,2026.08.26 15:10,1.16732,1.16692"
794,RECON62-B160,1617DC1ACCE6B50ED2D1359582A70A8B8503C569623EE90C18C6B33542796207,Tester/logs/20261010.log,5939001,2026-09-03,14:20,B152PR,"EL	0	21:33:13.457	Core 04	2026.09.03 14:20:00   [SRJ-IND] B152PR sym=EURUSD bar=2026.09.03 14:15 z1=2109,S,1.16505,1.16537,2026.08.28 05:05,1,2026.08.28 05:55,1.16507,1.16497"
795,RECON62-B160,1617DC1ACCE6B50ED2D1359582A70A8B8503C569623EE90C18C6B33542796207,Tester/logs/20261010.log,5939002,2026-09-03,14:20,B152PR,"NR	0	21:33:13.457	Core 04	2026.09.03 14:20:00   [SRJ-IND] B152PR sym=EURUSD bar=2026.09.03 14:15 z1=2149,S,1.16492,1.16507,2026.08.28 06:40,1,2026.08.28 14:00,1.16494,1.16471"
796,RECON62-B160,1617DC1ACCE6B50ED2D1359582A70A8B8503C569623EE90C18C6B33542796207,Tester/logs/20261010.log,5939003,2026-09-03,14:20,B152PR,"RI	0	21:33:13.457	Core 04	2026.09.03 14:20:00   [SRJ-IND] B152PR sym=EURUSD bar=2026.09.03 14:15 z1=2792,B,1.15906,1.15944,2026.09.03 06:15,1,2026.09.03 06:20,1.15956,1.15943"
797,RECON62-B160,1617DC1ACCE6B50ED2D1359582A70A8B8503C569623EE90C18C6B33542796207,Tester/logs/20261010.log,5939004,2026-09-03,14:20,B152PR,"QM	0	21:33:13.457	Core 04	2026.09.03 14:20:00   [SRJ-IND] B152PR sym=EURUSD bar=2026.09.03 14:15 bull=1 bear=1 nz=15"
798,RECON62-B160,1617DC1ACCE6B50ED2D1359582A70A8B8503C569623EE90C18C6B33542796207,Tester/logs/20261010.log,5939013,2026-09-03,14:25,B152PR,"RH	0	21:33:13.457	Core 04	2026.09.03 14:25:00   [SRJ-IND] B152PR sym=EURUSD bar=2026.09.03 14:20 z1=305,B,1.15201,1.15225,2026.08.13 10:45,1,2026.08.13 11:00,1.15264,1.15225"
799,RECON62-B160,1617DC1ACCE6B50ED2D1359582A70A8B8503C569623EE90C18C6B33542796207,Tester/logs/20261010.log,5939014,2026-09-03,14:25,B152PR,"NR	0	21:33:13.457	Core 04	2026.09.03 14:25:00   [SRJ-IND] B152PR sym=EURUSD bar=2026.09.03 14:20 z1=405,B,1.15248,1.15263,2026.08.14 00:25,1,2026.08.14 00:50,1.15276,1.15259"
800,RECON62-B160,1617DC1ACCE6B50ED2D1359582A70A8B8503C569623EE90C18C6B33542796207,Tester/logs/20261010.log,5939015,2026-09-03,14:25,B152PR,"GD	0	21:33:13.457	Core 04	2026.09.03 14:25:00   [SRJ-IND] B152PR sym=EURUSD bar=2026.09.03 14:20 z1=435,B,1.15357,1.15373,2026.08.14 06:30,1,2026.08.14 06:35,1.15382,1.15367"
801,RECON62-B160,1617DC1ACCE6B50ED2D1359582A70A8B8503C569623EE90C18C6B33542796207,Tester/logs/20261010.log,5939016,2026-09-03,14:25,B152PR,"IN	0	21:33:13.457	Core 04	2026.09.03 14:25:00   [SRJ-IND] B152PR sym=EURUSD bar=2026.09.03 14:20 z1=484,B,1.15504,1.15532,2026.08.14 11:45,1,2026.08.14 11:50,1.15549,1.15520"
802,RECON62-B160,1617DC1ACCE6B50ED2D1359582A70A8B8503C569623EE90C18C6B33542796207,Tester/logs/20261010.log,5939017,2026-09-03,14:25,B152PR,"IR	0	21:33:13.457	Core 04	2026.09.03 14:25:00   [SRJ-IND] B152PR sym=EURUSD bar=2026.09.03 14:20 z1=1389,S,1.17072,1.17107,2026.08.21 13:55,1,2026.08.21 14:20,1.17098,1.17032"
803,RECON62-B160,1617DC1ACCE6B50ED2D1359582A70A8B8503C569623EE90C18C6B33542796207,Tester/logs/20261010.log,5939018,2026-09-03,14:25,B152PR,"DH	0	21:33:13.457	Core 04	2026.09.03 14:25:00   [SRJ-IND] B152PR sym=EURUSD bar=2026.09.03 14:20 z1=1481,S,1.16836,1.16871,2026.08.24 04:10,1,2026.08.24 05:10,1.16841,1.16818"
804,RECON62-B160,1617DC1ACCE6B50ED2D1359582A70A8B8503C569623EE90C18C6B33542796207,Tester/logs/20261010.log,5939019,2026-09-03,14:25,B152PR,"MN	0	21:33:13.457	Core 04	2026.09.03 14:25:00   [SRJ-IND] B152PR sym=EURUSD bar=2026.09.03 14:20 z1=1484,S,1.16822,1.16855,2026.08.24 04:20,1,2026.08.24 05:00,1.16831,1.16810"
805,RECON62-B160,1617DC1ACCE6B50ED2D1359582A70A8B8503C569623EE90C18C6B33542796207,Tester/logs/20261010.log,5939020,2026-09-03,14:25,B152PR,"CD	0	21:33:13.457	Core 04	2026.09.03 14:25:00   [SRJ-IND] B152PR sym=EURUSD bar=2026.09.03 14:20 z1=1516,S,1.16800,1.16817,2026.08.24 08:45,1,2026.08.24 08:55,1.16812,1.16783"
806,RECON62-B160,1617DC1ACCE6B50ED2D1359582A70A8B8503C569623EE90C18C6B33542796207,Tester/logs/20261010.log,5939021,2026-09-03,14:25,B152PR,"CJ	0	21:33:13.457	Core 04	2026.09.03 14:25:00   [SRJ-IND] B152PR sym=EURUSD bar=2026.09.03 14:20 z1=1704,S,1.16580,1.16647,2026.08.26 16:00,1,2026.08.26 16:30,1.16587,1.16541"
807,RECON62-B160,1617DC1ACCE6B50ED2D1359582A70A8B8503C569623EE90C18C6B33542796207,Tester/logs/20261010.log,5939022,2026-09-03,14:25,B152PR,"HP	0	21:33:13.457	Core 04	2026.09.03 14:25:00   [SRJ-IND] B152PR sym=EURUSD bar=2026.09.03 14:20 z1=1728,S,1.16596,1.16624,2026.08.26 16:00,1,2026.08.27 16:25,1.16598,1.16561"
808,RECON62-B160,1617DC1ACCE6B50ED2D1359582A70A8B8503C569623EE90C18C6B33542796207,Tester/logs/20261010.log,5939023,2026-09-03,14:25,B152PR,"LF	0	21:33:13.457	Core 04	2026.09.03 14:25:00   [SRJ-IND] B152PR sym=EURUSD bar=2026.09.03 14:20 z1=1784,S,1.16754,1.16787,2026.08.25 23:40,1,2026.08.25 23:50,1.16758,1.16746"
809,RECON62-B160,1617DC1ACCE6B50ED2D1359582A70A8B8503C569623EE90C18C6B33542796207,Tester/logs/20261010.log,5939024,2026-09-03,14:25,B152PR,"PL	0	21:33:13.457	Core 04	2026.09.03 14:25:00   [SRJ-IND] B152PR sym=EURUSD bar=2026.09.03 14:20 z1=1866,S,1.16723,1.16738,2026.08.26 12:00,1,2026.08.26 15:10,1.16732,1.16692"
810,RECON62-B160,1617DC1ACCE6B50ED2D1359582A70A8B8503C569623EE90C18C6B33542796207,Tester/logs/20261010.log,5939025,2026-09-03,14:25,B152PR,"HR	0	21:33:13.457	Core 04	2026.09.03 14:25:00   [SRJ-IND] B152PR sym=EURUSD bar=2026.09.03 14:20 z1=2109,S,1.16505,1.16537,2026.08.28 05:05,1,2026.08.28 05:55,1.16507,1.16497"
811,RECON62-B160,1617DC1ACCE6B50ED2D1359582A70A8B8503C569623EE90C18C6B33542796207,Tester/logs/20261010.log,5939026,2026-09-03,14:25,B152PR,"OH	0	21:33:13.457	Core 04	2026.09.03 14:25:00   [SRJ-IND] B152PR sym=EURUSD bar=2026.09.03 14:20 z1=2149,S,1.16492,1.16507,2026.08.28 06:40,1,2026.08.28 14:00,1.16494,1.16471"
812,RECON62-B160,1617DC1ACCE6B50ED2D1359582A70A8B8503C569623EE90C18C6B33542796207,Tester/logs/20261010.log,5939027,2026-09-03,14:25,B152PR,"KO	0	21:33:13.457	Core 04	2026.09.03 14:25:00   [SRJ-IND] B152PR sym=EURUSD bar=2026.09.03 14:20 z1=2792,B,1.15906,1.15944,2026.09.03 06:15,1,2026.09.03 06:20,1.15956,1.15943"
813,RECON62-B160,1617DC1ACCE6B50ED2D1359582A70A8B8503C569623EE90C18C6B33542796207,Tester/logs/20261010.log,5939028,2026-09-03,14:25,B152PR,"LG	0	21:33:13.457	Core 04	2026.09.03 14:25:00   [SRJ-IND] B152PR sym=EURUSD bar=2026.09.03 14:20 bull=1 bear=1 nz=15"
814,RECON62-B160,1617DC1ACCE6B50ED2D1359582A70A8B8503C569623EE90C18C6B33542796207,Tester/logs/20261010.log,5939032,2026-09-03,14:25,CQDRECHECK,"GG	0	21:33:13.457	Core 04	2026.09.03 14:25:00   [SRJ-EA] CQDRECHECK shift=2 passA=-1.0 passB=-1.0 diff=0 bar=2026.09.03 14:15 state=IDLE dir=NONE divLatch=0 hit1=0 hit2=513 mism=0"
815,RECON62-B160,1617DC1ACCE6B50ED2D1359582A70A8B8503C569623EE90C18C6B33542796207,Tester/logs/20261010.log,5939038,2026-09-03,14:30,B152PR,"EF	0	21:33:13.457	Core 04	2026.09.03 14:30:00   [SRJ-IND] B152PR sym=EURUSD bar=2026.09.03 14:25 z1=305,B,1.15201,1.15225,2026.08.13 10:45,1,2026.08.13 11:00,1.15264,1.15225"
816,RECON62-B160,1617DC1ACCE6B50ED2D1359582A70A8B8503C569623EE90C18C6B33542796207,Tester/logs/20261010.log,5939039,2026-09-03,14:30,B152PR,"QK	0	21:33:13.457	Core 04	2026.09.03 14:30:00   [SRJ-IND] B152PR sym=EURUSD bar=2026.09.03 14:25 z1=405,B,1.15248,1.15263,2026.08.14 00:25,1,2026.08.14 00:50,1.15276,1.15259"
817,RECON62-B160,1617DC1ACCE6B50ED2D1359582A70A8B8503C569623EE90C18C6B33542796207,Tester/logs/20261010.log,5939040,2026-09-03,14:30,B152PR,"DM	0	21:33:13.457	Core 04	2026.09.03 14:30:00   [SRJ-IND] B152PR sym=EURUSD bar=2026.09.03 14:25 z1=435,B,1.15357,1.15373,2026.08.14 06:30,1,2026.08.14 06:35,1.15382,1.15367"
818,RECON62-B160,1617DC1ACCE6B50ED2D1359582A70A8B8503C569623EE90C18C6B33542796207,Tester/logs/20261010.log,5939041,2026-09-03,14:30,B152PR,"NG	0	21:33:13.457	Core 04	2026.09.03 14:30:00   [SRJ-IND] B152PR sym=EURUSD bar=2026.09.03 14:25 z1=484,B,1.15504,1.15532,2026.08.14 11:45,1,2026.08.14 11:50,1.15549,1.15520"
819,RECON62-B160,1617DC1ACCE6B50ED2D1359582A70A8B8503C569623EE90C18C6B33542796207,Tester/logs/20261010.log,5939042,2026-09-03,14:30,B152PR,"NK	0	21:33:13.457	Core 04	2026.09.03 14:30:00   [SRJ-IND] B152PR sym=EURUSD bar=2026.09.03 14:25 z1=1389,S,1.17072,1.17107,2026.08.21 13:55,1,2026.08.21 14:20,1.17098,1.17032"
820,RECON62-B160,1617DC1ACCE6B50ED2D1359582A70A8B8503C569623EE90C18C6B33542796207,Tester/logs/20261010.log,5939043,2026-09-03,14:30,B152PR,"OQ	0	21:33:13.457	Core 04	2026.09.03 14:30:00   [SRJ-IND] B152PR sym=EURUSD bar=2026.09.03 14:25 z1=1481,S,1.16836,1.16871,2026.08.24 04:10,1,2026.08.24 05:10,1.16841,1.16818"
821,RECON62-B160,1617DC1ACCE6B50ED2D1359582A70A8B8503C569623EE90C18C6B33542796207,Tester/logs/20261010.log,5939044,2026-09-03,14:30,B152PR,"JG	0	21:33:13.457	Core 04	2026.09.03 14:30:00   [SRJ-IND] B152PR sym=EURUSD bar=2026.09.03 14:25 z1=1484,S,1.16822,1.16855,2026.08.24 04:20,1,2026.08.24 05:00,1.16831,1.16810"
822,RECON62-B160,1617DC1ACCE6B50ED2D1359582A70A8B8503C569623EE90C18C6B33542796207,Tester/logs/20261010.log,5939045,2026-09-03,14:30,B152PR,"PM	0	21:33:13.457	Core 04	2026.09.03 14:30:00   [SRJ-IND] B152PR sym=EURUSD bar=2026.09.03 14:25 z1=1516,S,1.16800,1.16817,2026.08.24 08:45,1,2026.08.24 08:55,1.16812,1.16783"
823,RECON62-B160,1617DC1ACCE6B50ED2D1359582A70A8B8503C569623EE90C18C6B33542796207,Tester/logs/20261010.log,5939046,2026-09-03,14:30,B152PR,"PS	0	21:33:13.457	Core 04	2026.09.03 14:30:00   [SRJ-IND] B152PR sym=EURUSD bar=2026.09.03 14:25 z1=1704,S,1.16580,1.16647,2026.08.26 16:00,1,2026.08.26 16:30,1.16587,1.16541"
824,RECON62-B160,1617DC1ACCE6B50ED2D1359582A70A8B8503C569623EE90C18C6B33542796207,Tester/logs/20261010.log,5939047,2026-09-03,14:30,B152PR,"KI	0	21:33:13.457	Core 04	2026.09.03 14:30:00   [SRJ-IND] B152PR sym=EURUSD bar=2026.09.03 14:25 z1=1728,S,1.16596,1.16624,2026.08.26 16:00,1,2026.08.27 16:25,1.16598,1.16561"
825,RECON62-B160,1617DC1ACCE6B50ED2D1359582A70A8B8503C569623EE90C18C6B33542796207,Tester/logs/20261010.log,5939048,2026-09-03,14:30,B152PR,"GO	0	21:33:13.457	Core 04	2026.09.03 14:30:00   [SRJ-IND] B152PR sym=EURUSD bar=2026.09.03 14:25 z1=1784,S,1.16754,1.16787,2026.08.25 23:40,1,2026.08.25 23:50,1.16758,1.16746"
826,RECON62-B160,1617DC1ACCE6B50ED2D1359582A70A8B8503C569623EE90C18C6B33542796207,Tester/logs/20261010.log,5939049,2026-09-03,14:30,B152PR,"CE	0	21:33:13.457	Core 04	2026.09.03 14:30:00   [SRJ-IND] B152PR sym=EURUSD bar=2026.09.03 14:25 z1=1866,S,1.16723,1.16738,2026.08.26 12:00,1,2026.08.26 15:10,1.16732,1.16692"
827,RECON62-B160,1617DC1ACCE6B50ED2D1359582A70A8B8503C569623EE90C18C6B33542796207,Tester/logs/20261010.log,5939050,2026-09-03,14:30,B152PR,"KK	0	21:33:13.457	Core 04	2026.09.03 14:30:00   [SRJ-IND] B152PR sym=EURUSD bar=2026.09.03 14:25 z1=2109,S,1.16505,1.16537,2026.08.28 05:05,1,2026.08.28 05:55,1.16507,1.16497"
828,RECON62-B160,1617DC1ACCE6B50ED2D1359582A70A8B8503C569623EE90C18C6B33542796207,Tester/logs/20261010.log,5939051,2026-09-03,14:30,B152PR,"DQ	0	21:33:13.457	Core 04	2026.09.03 14:30:00   [SRJ-IND] B152PR sym=EURUSD bar=2026.09.03 14:25 z1=2149,S,1.16492,1.16507,2026.08.28 06:40,1,2026.08.28 14:00,1.16494,1.16471"
829,RECON62-B160,1617DC1ACCE6B50ED2D1359582A70A8B8503C569623EE90C18C6B33542796207,Tester/logs/20261010.log,5939052,2026-09-03,14:30,B152PR,"HF	0	21:33:13.457	Core 04	2026.09.03 14:30:00   [SRJ-IND] B152PR sym=EURUSD bar=2026.09.03 14:25 z1=2792,B,1.15906,1.15944,2026.09.03 06:15,1,2026.09.03 06:20,1.15956,1.15943"
830,RECON62-B160,1617DC1ACCE6B50ED2D1359582A70A8B8503C569623EE90C18C6B33542796207,Tester/logs/20261010.log,5939053,2026-09-03,14:30,B152PR,"GN	0	21:33:13.457	Core 04	2026.09.03 14:30:00   [SRJ-IND] B152PR sym=EURUSD bar=2026.09.03 14:25 bull=1 bear=1 nz=15"
831,RECON62-B160,1617DC1ACCE6B50ED2D1359582A70A8B8503C569623EE90C18C6B33542796207,Tester/logs/20261010.log,5939062,2026-09-03,14:35,B152PR,"RD	0	21:33:13.457	Core 04	2026.09.03 14:35:00   [SRJ-IND] B152PR sym=EURUSD bar=2026.09.03 14:30 z1=305,B,1.15201,1.15225,2026.08.13 10:45,1,2026.08.13 11:00,1.15264,1.15225"
832,RECON62-B160,1617DC1ACCE6B50ED2D1359582A70A8B8503C569623EE90C18C6B33542796207,Tester/logs/20261010.log,5939063,2026-09-03,14:35,B152PR,"NN	0	21:33:13.457	Core 04	2026.09.03 14:35:00   [SRJ-IND] B152PR sym=EURUSD bar=2026.09.03 14:30 z1=405,B,1.15248,1.15263,2026.08.14 00:25,1,2026.08.14 00:50,1.15276,1.15259"
833,RECON62-B160,1617DC1ACCE6B50ED2D1359582A70A8B8503C569623EE90C18C6B33542796207,Tester/logs/20261010.log,5939064,2026-09-03,14:35,B152PR,"GP	0	21:33:13.457	Core 04	2026.09.03 14:35:00   [SRJ-IND] B152PR sym=EURUSD bar=2026.09.03 14:30 z1=435,B,1.15357,1.15373,2026.08.14 06:30,1,2026.08.14 06:35,1.15382,1.15367"
834,RECON62-B160,1617DC1ACCE6B50ED2D1359582A70A8B8503C569623EE90C18C6B33542796207,Tester/logs/20261010.log,5939065,2026-09-03,14:35,B152PR,"IJ	0	21:33:13.457	Core 04	2026.09.03 14:35:00   [SRJ-IND] B152PR sym=EURUSD bar=2026.09.03 14:30 z1=484,B,1.15504,1.15532,2026.08.14 11:45,1,2026.08.14 11:50,1.15549,1.15520"
835,RECON62-B160,1617DC1ACCE6B50ED2D1359582A70A8B8503C569623EE90C18C6B33542796207,Tester/logs/20261010.log,5939066,2026-09-03,14:35,B152PR,"IN	0	21:33:13.457	Core 04	2026.09.03 14:35:00   [SRJ-IND] B152PR sym=EURUSD bar=2026.09.03 14:30 z1=1389,S,1.17072,1.17107,2026.08.21 13:55,1,2026.08.21 14:20,1.17098,1.17032"
836,RECON62-B160,1617DC1ACCE6B50ED2D1359582A70A8B8503C569623EE90C18C6B33542796207,Tester/logs/20261010.log,5939067,2026-09-03,14:35,B152PR,"DD	0	21:33:13.457	Core 04	2026.09.03 14:35:00   [SRJ-IND] B152PR sym=EURUSD bar=2026.09.03 14:30 z1=1481,S,1.16836,1.16871,2026.08.24 04:10,1,2026.08.24 05:10,1.16841,1.16818"
837,RECON62-B160,1617DC1ACCE6B50ED2D1359582A70A8B8503C569623EE90C18C6B33542796207,Tester/logs/20261010.log,5939068,2026-09-03,14:35,B152PR,"MJ	0	21:33:13.457	Core 04	2026.09.03 14:35:00   [SRJ-IND] B152PR sym=EURUSD bar=2026.09.03 14:30 z1=1484,S,1.16822,1.16855,2026.08.24 04:20,1,2026.08.24 05:00,1.16831,1.16810"
838,RECON62-B160,1617DC1ACCE6B50ED2D1359582A70A8B8503C569623EE90C18C6B33542796207,Tester/logs/20261010.log,5939069,2026-09-03,14:35,B152PR,"CP	0	21:33:13.457	Core 04	2026.09.03 14:35:00   [SRJ-IND] B152PR sym=EURUSD bar=2026.09.03 14:30 z1=1516,S,1.16800,1.16817,2026.08.24 08:45,1,2026.08.24 08:55,1.16812,1.16783"
839,RECON62-B160,1617DC1ACCE6B50ED2D1359582A70A8B8503C569623EE90C18C6B33542796207,Tester/logs/20261010.log,5939070,2026-09-03,14:35,B152PR,"CF	0	21:33:13.457	Core 04	2026.09.03 14:35:00   [SRJ-IND] B152PR sym=EURUSD bar=2026.09.03 14:30 z1=1704,S,1.16580,1.16647,2026.08.26 16:00,1,2026.08.26 16:30,1.16587,1.16541"
840,RECON62-B160,1617DC1ACCE6B50ED2D1359582A70A8B8503C569623EE90C18C6B33542796207,Tester/logs/20261010.log,5939071,2026-09-03,14:35,B152PR,"HL	0	21:33:13.457	Core 04	2026.09.03 14:35:00   [SRJ-IND] B152PR sym=EURUSD bar=2026.09.03 14:30 z1=1728,S,1.16596,1.16624,2026.08.26 16:00,1,2026.08.27 16:25,1.16598,1.16561"
841,RECON62-B160,1617DC1ACCE6B50ED2D1359582A70A8B8503C569623EE90C18C6B33542796207,Tester/logs/20261010.log,5939072,2026-09-03,14:35,B152PR,"LR	0	21:33:13.457	Core 04	2026.09.03 14:35:00   [SRJ-IND] B152PR sym=EURUSD bar=2026.09.03 14:30 z1=1784,S,1.16754,1.16787,2026.08.25 23:40,1,2026.08.25 23:50,1.16758,1.16746"
842,RECON62-B160,1617DC1ACCE6B50ED2D1359582A70A8B8503C569623EE90C18C6B33542796207,Tester/logs/20261010.log,5939073,2026-09-03,14:35,B152PR,"PH	0	21:33:13.457	Core 04	2026.09.03 14:35:00   [SRJ-IND] B152PR sym=EURUSD bar=2026.09.03 14:30 z1=1866,S,1.16723,1.16738,2026.08.26 12:00,1,2026.08.26 15:10,1.16732,1.16692"
843,RECON62-B160,1617DC1ACCE6B50ED2D1359582A70A8B8503C569623EE90C18C6B33542796207,Tester/logs/20261010.log,5939074,2026-09-03,14:35,B152PR,"HN	0	21:33:13.457	Core 04	2026.09.03 14:35:00   [SRJ-IND] B152PR sym=EURUSD bar=2026.09.03 14:30 z1=2109,S,1.16505,1.16537,2026.08.28 05:05,1,2026.08.28 05:55,1.16507,1.16497"
844,RECON62-B160,1617DC1ACCE6B50ED2D1359582A70A8B8503C569623EE90C18C6B33542796207,Tester/logs/20261010.log,5939075,2026-09-03,14:35,B152PR,"OD	0	21:33:13.457	Core 04	2026.09.03 14:35:00   [SRJ-IND] B152PR sym=EURUSD bar=2026.09.03 14:30 z1=2149,S,1.16492,1.16507,2026.08.28 06:40,1,2026.08.28 14:00,1.16494,1.16471"
845,RECON62-B160,1617DC1ACCE6B50ED2D1359582A70A8B8503C569623EE90C18C6B33542796207,Tester/logs/20261010.log,5939076,2026-09-03,14:35,B152PR,"KK	0	21:33:13.457	Core 04	2026.09.03 14:35:00   [SRJ-IND] B152PR sym=EURUSD bar=2026.09.03 14:30 z1=2792,B,1.15906,1.15944,2026.09.03 06:15,1,2026.09.03 06:20,1.15956,1.15943"
846,RECON62-B160,1617DC1ACCE6B50ED2D1359582A70A8B8503C569623EE90C18C6B33542796207,Tester/logs/20261010.log,5939077,2026-09-03,14:35,B152PR,"LS	0	21:33:13.457	Core 04	2026.09.03 14:35:00   [SRJ-IND] B152PR sym=EURUSD bar=2026.09.03 14:30 bull=1 bear=1 nz=15"
847,RECON62-B160,1617DC1ACCE6B50ED2D1359582A70A8B8503C569623EE90C18C6B33542796207,Tester/logs/20261010.log,5939084,2026-09-03,14:35,CONFIRMPOLL,"QO	0	21:33:13.457	Core 04	2026.09.03 14:35:00   [SRJ-EA] CONFIRMPOLL bar=2026.09.03 14:30 anchor=Daily-POC dir=LONG oppCandle=1 bodyDir=0 body=3pts doji=0 touchAttr=0 confirm=0 shadow=true"
848,RECON62-B160,1617DC1ACCE6B50ED2D1359582A70A8B8503C569623EE90C18C6B33542796207,Tester/logs/20261010.log,5939088,2026-09-03,14:40,B152PR,"GG	0	21:33:13.457	Core 04	2026.09.03 14:40:02   [SRJ-IND] B152PR sym=EURUSD bar=2026.09.03 14:35 z1=305,B,1.15201,1.15225,2026.08.13 10:45,1,2026.08.13 11:00,1.15264,1.15225"
849,RECON62-B160,1617DC1ACCE6B50ED2D1359582A70A8B8503C569623EE90C18C6B33542796207,Tester/logs/20261010.log,5939089,2026-09-03,14:40,B152PR,"GI	0	21:33:13.457	Core 04	2026.09.03 14:40:02   [SRJ-IND] B152PR sym=EURUSD bar=2026.09.03 14:35 z1=405,B,1.15248,1.15263,2026.08.14 00:25,1,2026.08.14 00:50,1.15276,1.15259"
850,RECON62-B160,1617DC1ACCE6B50ED2D1359582A70A8B8503C569623EE90C18C6B33542796207,Tester/logs/20261010.log,5939090,2026-09-03,14:40,B152PR,"JR	0	21:33:13.457	Core 04	2026.09.03 14:40:02   [SRJ-IND] B152PR sym=EURUSD bar=2026.09.03 14:35 z1=435,B,1.15357,1.15373,2026.08.14 06:30,1,2026.08.14 06:35,1.15382,1.15367"
851,RECON62-B160,1617DC1ACCE6B50ED2D1359582A70A8B8503C569623EE90C18C6B33542796207,Tester/logs/20261010.log,5939091,2026-09-03,14:40,B152PR,"LD	0	21:33:13.457	Core 04	2026.09.03 14:40:02   [SRJ-IND] B152PR sym=EURUSD bar=2026.09.03 14:35 z1=484,B,1.15504,1.15532,2026.08.14 11:45,1,2026.08.14 11:50,1.15549,1.15520"
852,RECON62-B160,1617DC1ACCE6B50ED2D1359582A70A8B8503C569623EE90C18C6B33542796207,Tester/logs/20261010.log,5939092,2026-09-03,14:40,B152PR,"PL	0	21:33:13.457	Core 04	2026.09.03 14:40:02   [SRJ-IND] B152PR sym=EURUSD bar=2026.09.03 14:35 z1=1389,S,1.17072,1.17107,2026.08.21 13:55,1,2026.08.21 14:20,1.17098,1.17032"
853,RECON62-B160,1617DC1ACCE6B50ED2D1359582A70A8B8503C569623EE90C18C6B33542796207,Tester/logs/20261010.log,5939093,2026-09-03,14:40,B152PR,"MR	0	21:33:13.457	Core 04	2026.09.03 14:40:02   [SRJ-IND] B152PR sym=EURUSD bar=2026.09.03 14:35 z1=1481,S,1.16836,1.16871,2026.08.24 04:10,1,2026.08.24 05:10,1.16841,1.16818"
854,RECON62-B160,1617DC1ACCE6B50ED2D1359582A70A8B8503C569623EE90C18C6B33542796207,Tester/logs/20261010.log,5939094,2026-09-03,14:40,B152PR,"DH	0	21:33:13.457	Core 04	2026.09.03 14:40:02   [SRJ-IND] B152PR sym=EURUSD bar=2026.09.03 14:35 z1=1484,S,1.16822,1.16855,2026.08.24 04:20,1,2026.08.24 05:00,1.16831,1.16810"
855,RECON62-B160,1617DC1ACCE6B50ED2D1359582A70A8B8503C569623EE90C18C6B33542796207,Tester/logs/20261010.log,5939095,2026-09-03,14:40,B152PR,"NN	0	21:33:13.457	Core 04	2026.09.03 14:40:02   [SRJ-IND] B152PR sym=EURUSD bar=2026.09.03 14:35 z1=1516,S,1.16800,1.16817,2026.08.24 08:45,1,2026.08.24 08:55,1.16812,1.16783"
856,RECON62-B160,1617DC1ACCE6B50ED2D1359582A70A8B8503C569623EE90C18C6B33542796207,Tester/logs/20261010.log,5939096,2026-09-03,14:40,B152PR,"ND	0	21:33:13.457	Core 04	2026.09.03 14:40:02   [SRJ-IND] B152PR sym=EURUSD bar=2026.09.03 14:35 z1=1704,S,1.16580,1.16647,2026.08.26 16:00,1,2026.08.26 16:30,1.16587,1.16541"
857,RECON62-B160,1617DC1ACCE6B50ED2D1359582A70A8B8503C569623EE90C18C6B33542796207,Tester/logs/20261010.log,5939097,2026-09-03,14:40,B152PR,"QJ	0	21:33:13.457	Core 04	2026.09.03 14:40:02   [SRJ-IND] B152PR sym=EURUSD bar=2026.09.03 14:35 z1=1728,S,1.16596,1.16624,2026.08.26 16:00,1,2026.08.27 16:25,1.16598,1.16561"
858,RECON62-B160,1617DC1ACCE6B50ED2D1359582A70A8B8503C569623EE90C18C6B33542796207,Tester/logs/20261010.log,5939098,2026-09-03,14:40,B152PR,"EP	0	21:33:13.457	Core 04	2026.09.03 14:40:02   [SRJ-IND] B152PR sym=EURUSD bar=2026.09.03 14:35 z1=1784,S,1.16754,1.16787,2026.08.25 23:40,1,2026.08.25 23:50,1.16758,1.16746"
859,RECON62-B160,1617DC1ACCE6B50ED2D1359582A70A8B8503C569623EE90C18C6B33542796207,Tester/logs/20261010.log,5939099,2026-09-03,14:40,B152PR,"IF	0	21:33:13.457	Core 04	2026.09.03 14:40:02   [SRJ-IND] B152PR sym=EURUSD bar=2026.09.03 14:35 z1=1866,S,1.16723,1.16738,2026.08.26 12:00,1,2026.08.26 15:10,1.16732,1.16692"
860,RECON62-B160,1617DC1ACCE6B50ED2D1359582A70A8B8503C569623EE90C18C6B33542796207,Tester/logs/20261010.log,5939100,2026-09-03,14:40,B152PR,"QL	0	21:33:13.457	Core 04	2026.09.03 14:40:02   [SRJ-IND] B152PR sym=EURUSD bar=2026.09.03 14:35 z1=2109,S,1.16505,1.16537,2026.08.28 05:05,1,2026.08.28 05:55,1.16507,1.16497"
861,RECON62-B160,1617DC1ACCE6B50ED2D1359582A70A8B8503C569623EE90C18C6B33542796207,Tester/logs/20261010.log,5939101,2026-09-03,14:40,B152PR,"JR	0	21:33:13.457	Core 04	2026.09.03 14:40:02   [SRJ-IND] B152PR sym=EURUSD bar=2026.09.03 14:35 z1=2149,S,1.16492,1.16507,2026.08.28 06:40,1,2026.08.28 14:00,1.16494,1.16471"
862,RECON62-B160,1617DC1ACCE6B50ED2D1359582A70A8B8503C569623EE90C18C6B33542796207,Tester/logs/20261010.log,5939102,2026-09-03,14:40,B152PR,"FI	0	21:33:13.457	Core 04	2026.09.03 14:40:02   [SRJ-IND] B152PR sym=EURUSD bar=2026.09.03 14:35 z1=2792,B,1.15906,1.15944,2026.09.03 06:15,1,2026.09.03 06:20,1.15956,1.15943"
863,RECON62-B160,1617DC1ACCE6B50ED2D1359582A70A8B8503C569623EE90C18C6B33542796207,Tester/logs/20261010.log,5939103,2026-09-03,14:40,B152PR,"EM	0	21:33:13.457	Core 04	2026.09.03 14:40:02   [SRJ-IND] B152PR sym=EURUSD bar=2026.09.03 14:35 bull=1 bear=1 nz=15"
864,RECON62-B160,1617DC1ACCE6B50ED2D1359582A70A8B8503C569623EE90C18C6B33542796207,Tester/logs/20261010.log,5939110,2026-09-03,14:45,B152PR,"RH	0	21:33:13.457	Core 04	2026.09.03 14:45:00   [SRJ-IND] B152PR sym=EURUSD bar=2026.09.03 14:40 z1=305,B,1.15201,1.15225,2026.08.13 10:45,1,2026.08.13 11:00,1.15264,1.15225"
865,RECON62-B160,1617DC1ACCE6B50ED2D1359582A70A8B8503C569623EE90C18C6B33542796207,Tester/logs/20261010.log,5939111,2026-09-03,14:45,B152PR,"NR	0	21:33:13.457	Core 04	2026.09.03 14:45:00   [SRJ-IND] B152PR sym=EURUSD bar=2026.09.03 14:40 z1=405,B,1.15248,1.15263,2026.08.14 00:25,1,2026.08.14 00:50,1.15276,1.15259"
866,RECON62-B160,1617DC1ACCE6B50ED2D1359582A70A8B8503C569623EE90C18C6B33542796207,Tester/logs/20261010.log,5939112,2026-09-03,14:45,B152PR,"GD	0	21:33:13.457	Core 04	2026.09.03 14:45:00   [SRJ-IND] B152PR sym=EURUSD bar=2026.09.03 14:40 z1=435,B,1.15357,1.15373,2026.08.14 06:30,1,2026.08.14 06:35,1.15382,1.15367"
867,RECON62-B160,1617DC1ACCE6B50ED2D1359582A70A8B8503C569623EE90C18C6B33542796207,Tester/logs/20261010.log,5939113,2026-09-03,14:45,B152PR,"IN	0	21:33:13.457	Core 04	2026.09.03 14:45:00   [SRJ-IND] B152PR sym=EURUSD bar=2026.09.03 14:40 z1=484,B,1.15504,1.15532,2026.08.14 11:45,1,2026.08.14 11:50,1.15549,1.15520"
868,RECON62-B160,1617DC1ACCE6B50ED2D1359582A70A8B8503C569623EE90C18C6B33542796207,Tester/logs/20261010.log,5939114,2026-09-03,14:45,B152PR,"IR	0	21:33:13.457	Core 04	2026.09.03 14:45:00   [SRJ-IND] B152PR sym=EURUSD bar=2026.09.03 14:40 z1=1389,S,1.17072,1.17107,2026.08.21 13:55,1,2026.08.21 14:20,1.17098,1.17032"
869,RECON62-B160,1617DC1ACCE6B50ED2D1359582A70A8B8503C569623EE90C18C6B33542796207,Tester/logs/20261010.log,5939115,2026-09-03,14:45,B152PR,"DH	0	21:33:13.457	Core 04	2026.09.03 14:45:00   [SRJ-IND] B152PR sym=EURUSD bar=2026.09.03 14:40 z1=1481,S,1.16836,1.16871,2026.08.24 04:10,1,2026.08.24 05:10,1.16841,1.16818"
870,RECON62-B160,1617DC1ACCE6B50ED2D1359582A70A8B8503C569623EE90C18C6B33542796207,Tester/logs/20261010.log,5939116,2026-09-03,14:45,B152PR,"MN	0	21:33:13.457	Core 04	2026.09.03 14:45:00   [SRJ-IND] B152PR sym=EURUSD bar=2026.09.03 14:40 z1=1484,S,1.16822,1.16855,2026.08.24 04:20,1,2026.08.24 05:00,1.16831,1.16810"
871,RECON62-B160,1617DC1ACCE6B50ED2D1359582A70A8B8503C569623EE90C18C6B33542796207,Tester/logs/20261010.log,5939117,2026-09-03,14:45,B152PR,"CD	0	21:33:13.457	Core 04	2026.09.03 14:45:00   [SRJ-IND] B152PR sym=EURUSD bar=2026.09.03 14:40 z1=1516,S,1.16800,1.16817,2026.08.24 08:45,1,2026.08.24 08:55,1.16812,1.16783"
872,RECON62-B160,1617DC1ACCE6B50ED2D1359582A70A8B8503C569623EE90C18C6B33542796207,Tester/logs/20261010.log,5939118,2026-09-03,14:45,B152PR,"CJ	0	21:33:13.457	Core 04	2026.09.03 14:45:00   [SRJ-IND] B152PR sym=EURUSD bar=2026.09.03 14:40 z1=1704,S,1.16580,1.16647,2026.08.26 16:00,1,2026.08.26 16:30,1.16587,1.16541"
873,RECON62-B160,1617DC1ACCE6B50ED2D1359582A70A8B8503C569623EE90C18C6B33542796207,Tester/logs/20261010.log,5939119,2026-09-03,14:45,B152PR,"HP	0	21:33:13.457	Core 04	2026.09.03 14:45:00   [SRJ-IND] B152PR sym=EURUSD bar=2026.09.03 14:40 z1=1728,S,1.16596,1.16624,2026.08.26 16:00,1,2026.08.27 16:25,1.16598,1.16561"
874,RECON62-B160,1617DC1ACCE6B50ED2D1359582A70A8B8503C569623EE90C18C6B33542796207,Tester/logs/20261010.log,5939120,2026-09-03,14:45,B152PR,"LF	0	21:33:13.457	Core 04	2026.09.03 14:45:00   [SRJ-IND] B152PR sym=EURUSD bar=2026.09.03 14:40 z1=1784,S,1.16754,1.16787,2026.08.25 23:40,1,2026.08.25 23:50,1.16758,1.16746"
875,RECON62-B160,1617DC1ACCE6B50ED2D1359582A70A8B8503C569623EE90C18C6B33542796207,Tester/logs/20261010.log,5939121,2026-09-03,14:45,B152PR,"PL	0	21:33:13.457	Core 04	2026.09.03 14:45:00   [SRJ-IND] B152PR sym=EURUSD bar=2026.09.03 14:40 z1=1866,S,1.16723,1.16738,2026.08.26 12:00,1,2026.08.26 15:10,1.16732,1.16692"
876,RECON62-B160,1617DC1ACCE6B50ED2D1359582A70A8B8503C569623EE90C18C6B33542796207,Tester/logs/20261010.log,5939122,2026-09-03,14:45,B152PR,"HR	0	21:33:13.457	Core 04	2026.09.03 14:45:00   [SRJ-IND] B152PR sym=EURUSD bar=2026.09.03 14:40 z1=2109,S,1.16505,1.16537,2026.08.28 05:05,1,2026.08.28 05:55,1.16507,1.16497"
877,RECON62-B160,1617DC1ACCE6B50ED2D1359582A70A8B8503C569623EE90C18C6B33542796207,Tester/logs/20261010.log,5939123,2026-09-03,14:45,B152PR,"OH	0	21:33:13.457	Core 04	2026.09.03 14:45:00   [SRJ-IND] B152PR sym=EURUSD bar=2026.09.03 14:40 z1=2149,S,1.16492,1.16507,2026.08.28 06:40,1,2026.08.28 14:00,1.16494,1.16471"
878,RECON62-B160,1617DC1ACCE6B50ED2D1359582A70A8B8503C569623EE90C18C6B33542796207,Tester/logs/20261010.log,5939124,2026-09-03,14:45,B152PR,"KO	0	21:33:13.457	Core 04	2026.09.03 14:45:00   [SRJ-IND] B152PR sym=EURUSD bar=2026.09.03 14:40 z1=2792,B,1.15906,1.15944,2026.09.03 06:15,1,2026.09.03 06:20,1.15956,1.15943"
879,RECON62-B160,1617DC1ACCE6B50ED2D1359582A70A8B8503C569623EE90C18C6B33542796207,Tester/logs/20261010.log,5939125,2026-09-03,14:45,B152PR,"LG	0	21:33:13.457	Core 04	2026.09.03 14:45:00   [SRJ-IND] B152PR sym=EURUSD bar=2026.09.03 14:40 bull=1 bear=1 nz=15"
880,RECON62-B160,1617DC1ACCE6B50ED2D1359582A70A8B8503C569623EE90C18C6B33542796207,Tester/logs/20261010.log,5939136,2026-09-03,14:50,B152PR,"KE	0	21:33:13.457	Core 04	2026.09.03 14:50:02   [SRJ-IND] B152PR sym=EURUSD bar=2026.09.03 14:45 z1=305,B,1.15201,1.15225,2026.08.13 10:45,1,2026.08.13 11:00,1.15264,1.15225"
881,RECON62-B160,1617DC1ACCE6B50ED2D1359582A70A8B8503C569623EE90C18C6B33542796207,Tester/logs/20261010.log,5939137,2026-09-03,14:50,B152PR,"GO	0	21:33:13.457	Core 04	2026.09.03 14:50:02   [SRJ-IND] B152PR sym=EURUSD bar=2026.09.03 14:45 z1=405,B,1.15248,1.15263,2026.08.14 00:25,1,2026.08.14 00:50,1.15276,1.15259"
882,RECON62-B160,1617DC1ACCE6B50ED2D1359582A70A8B8503C569623EE90C18C6B33542796207,Tester/logs/20261010.log,5939138,2026-09-03,14:50,B152PR,"NQ	0	21:33:13.457	Core 04	2026.09.03 14:50:02   [SRJ-IND] B152PR sym=EURUSD bar=2026.09.03 14:45 z1=435,B,1.15357,1.15373,2026.08.14 06:30,1,2026.08.14 06:35,1.15382,1.15367"
883,RECON62-B160,1617DC1ACCE6B50ED2D1359582A70A8B8503C569623EE90C18C6B33542796207,Tester/logs/20261010.log,5939139,2026-09-03,14:50,B152PR,"DK	0	21:33:13.457	Core 04	2026.09.03 14:50:02   [SRJ-IND] B152PR sym=EURUSD bar=2026.09.03 14:45 z1=484,B,1.15504,1.15532,2026.08.14 11:45,1,2026.08.14 11:50,1.15549,1.15520"
884,RECON62-B160,1617DC1ACCE6B50ED2D1359582A70A8B8503C569623EE90C18C6B33542796207,Tester/logs/20261010.log,5939140,2026-09-03,14:50,B152PR,"DO	0	21:33:13.457	Core 04	2026.09.03 14:50:02   [SRJ-IND] B152PR sym=EURUSD bar=2026.09.03 14:45 z1=1389,S,1.17072,1.17107,2026.08.21 13:55,1,2026.08.21 14:20,1.17098,1.17032"
885,RECON62-B160,1617DC1ACCE6B50ED2D1359582A70A8B8503C569623EE90C18C6B33542796207,Tester/logs/20261010.log,5939141,2026-09-03,14:50,B152PR,"IE	0	21:33:13.457	Core 04	2026.09.03 14:50:02   [SRJ-IND] B152PR sym=EURUSD bar=2026.09.03 14:45 z1=1481,S,1.16836,1.16871,2026.08.24 04:10,1,2026.08.24 05:10,1.16841,1.16818"
886,RECON62-B160,1617DC1ACCE6B50ED2D1359582A70A8B8503C569623EE90C18C6B33542796207,Tester/logs/20261010.log,5939142,2026-09-03,14:50,B152PR,"PK	0	21:33:13.457	Core 04	2026.09.03 14:50:02   [SRJ-IND] B152PR sym=EURUSD bar=2026.09.03 14:45 z1=1484,S,1.16822,1.16855,2026.08.24 04:20,1,2026.08.24 05:00,1.16831,1.16810"
887,RECON62-B160,1617DC1ACCE6B50ED2D1359582A70A8B8503C569623EE90C18C6B33542796207,Tester/logs/20261010.log,5939143,2026-09-03,14:50,B152PR,"JQ	0	21:33:13.457	Core 04	2026.09.03 14:50:02   [SRJ-IND] B152PR sym=EURUSD bar=2026.09.03 14:45 z1=1516,S,1.16800,1.16817,2026.08.24 08:45,1,2026.08.24 08:55,1.16812,1.16783"
888,RECON62-B160,1617DC1ACCE6B50ED2D1359582A70A8B8503C569623EE90C18C6B33542796207,Tester/logs/20261010.log,5939144,2026-09-03,14:50,B152PR,"JG	0	21:33:13.457	Core 04	2026.09.03 14:50:02   [SRJ-IND] B152PR sym=EURUSD bar=2026.09.03 14:45 z1=1704,S,1.16580,1.16647,2026.08.26 16:00,1,2026.08.26 16:30,1.16587,1.16541"
889,RECON62-B160,1617DC1ACCE6B50ED2D1359582A70A8B8503C569623EE90C18C6B33542796207,Tester/logs/20261010.log,5939145,2026-09-03,14:50,B152PR,"EM	0	21:33:13.457	Core 04	2026.09.03 14:50:02   [SRJ-IND] B152PR sym=EURUSD bar=2026.09.03 14:45 z1=1728,S,1.16596,1.16624,2026.08.26 16:00,1,2026.08.27 16:25,1.16598,1.16561"
890,RECON62-B160,1617DC1ACCE6B50ED2D1359582A70A8B8503C569623EE90C18C6B33542796207,Tester/logs/20261010.log,5939146,2026-09-03,14:50,B152PR,"QS	0	21:33:13.457	Core 04	2026.09.03 14:50:02   [SRJ-IND] B152PR sym=EURUSD bar=2026.09.03 14:45 z1=1784,S,1.16754,1.16787,2026.08.25 23:40,1,2026.08.25 23:50,1.16758,1.16746"
891,RECON62-B160,1617DC1ACCE6B50ED2D1359582A70A8B8503C569623EE90C18C6B33542796207,Tester/logs/20261010.log,5939147,2026-09-03,14:50,B152PR,"MI	0	21:33:13.457	Core 04	2026.09.03 14:50:02   [SRJ-IND] B152PR sym=EURUSD bar=2026.09.03 14:45 z1=1866,S,1.16723,1.16738,2026.08.26 12:00,1,2026.08.26 15:10,1.16732,1.16692"
892,RECON62-B160,1617DC1ACCE6B50ED2D1359582A70A8B8503C569623EE90C18C6B33542796207,Tester/logs/20261010.log,5939148,2026-09-03,14:50,B152PR,"EO	0	21:33:13.457	Core 04	2026.09.03 14:50:02   [SRJ-IND] B152PR sym=EURUSD bar=2026.09.03 14:45 z1=2109,S,1.16505,1.16537,2026.08.28 05:05,1,2026.08.28 05:55,1.16507,1.16497"
893,RECON62-B160,1617DC1ACCE6B50ED2D1359582A70A8B8503C569623EE90C18C6B33542796207,Tester/logs/20261010.log,5939149,2026-09-03,14:50,B152PR,"NE	0	21:33:13.457	Core 04	2026.09.03 14:50:02   [SRJ-IND] B152PR sym=EURUSD bar=2026.09.03 14:45 z1=2149,S,1.16492,1.16507,2026.08.28 06:40,1,2026.08.28 14:00,1.16494,1.16471"
894,RECON62-B160,1617DC1ACCE6B50ED2D1359582A70A8B8503C569623EE90C18C6B33542796207,Tester/logs/20261010.log,5939150,2026-09-03,14:50,B152PR,"RJ	0	21:33:13.457	Core 04	2026.09.03 14:50:02   [SRJ-IND] B152PR sym=EURUSD bar=2026.09.03 14:45 z1=2792,B,1.15906,1.15944,2026.09.03 06:15,1,2026.09.03 06:20,1.15956,1.15943"
895,RECON62-B160,1617DC1ACCE6B50ED2D1359582A70A8B8503C569623EE90C18C6B33542796207,Tester/logs/20261010.log,5939151,2026-09-03,14:50,B152PR,"QR	0	21:33:13.457	Core 04	2026.09.03 14:50:02   [SRJ-IND] B152PR sym=EURUSD bar=2026.09.03 14:45 bull=1 bear=1 nz=15"
896,RECON62-B160,1617DC1ACCE6B50ED2D1359582A70A8B8503C569623EE90C18C6B33542796207,Tester/logs/20261010.log,5939159,2026-09-03,14:55,B152PR,"PK	0	21:33:13.457	Core 04	2026.09.03 14:55:00   [SRJ-IND] B152PR sym=EURUSD bar=2026.09.03 14:50 z1=305,B,1.15201,1.15225,2026.08.13 10:45,1,2026.08.13 11:00,1.15264,1.15225"
897,RECON62-B160,1617DC1ACCE6B50ED2D1359582A70A8B8503C569623EE90C18C6B33542796207,Tester/logs/20261010.log,5939160,2026-09-03,14:55,B152PR,"PM	0	21:33:13.457	Core 04	2026.09.03 14:55:00   [SRJ-IND] B152PR sym=EURUSD bar=2026.09.03 14:50 z1=405,B,1.15248,1.15263,2026.08.14 00:25,1,2026.08.14 00:50,1.15276,1.15259"
898,RECON62-B160,1617DC1ACCE6B50ED2D1359582A70A8B8503C569623EE90C18C6B33542796207,Tester/logs/20261010.log,5939161,2026-09-03,14:55,B152PR,"IG	0	21:33:13.457	Core 04	2026.09.03 14:55:00   [SRJ-IND] B152PR sym=EURUSD bar=2026.09.03 14:50 z1=435,B,1.15357,1.15373,2026.08.14 06:30,1,2026.08.14 06:35,1.15382,1.15367"
899,RECON62-B160,1617DC1ACCE6B50ED2D1359582A70A8B8503C569623EE90C18C6B33542796207,Tester/logs/20261010.log,5939162,2026-09-03,14:55,B152PR,"KI	0	21:33:13.457	Core 04	2026.09.03 14:55:00   [SRJ-IND] B152PR sym=EURUSD bar=2026.09.03 14:50 z1=484,B,1.15504,1.15532,2026.08.14 11:45,1,2026.08.14 11:50,1.15549,1.15520"
900,RECON62-B160,1617DC1ACCE6B50ED2D1359582A70A8B8503C569623EE90C18C6B33542796207,Tester/logs/20261010.log,5939163,2026-09-03,14:55,B152PR,"GQ	0	21:33:13.457	Core 04	2026.09.03 14:55:00   [SRJ-IND] B152PR sym=EURUSD bar=2026.09.03 14:50 z1=1389,S,1.17072,1.17107,2026.08.21 13:55,1,2026.08.21 14:20,1.17098,1.17032"
901,RECON62-B160,1617DC1ACCE6B50ED2D1359582A70A8B8503C569623EE90C18C6B33542796207,Tester/logs/20261010.log,5939164,2026-09-03,14:55,B152PR,"FG	0	21:33:13.457	Core 04	2026.09.03 14:55:00   [SRJ-IND] B152PR sym=EURUSD bar=2026.09.03 14:50 z1=1481,S,1.16836,1.16871,2026.08.24 04:10,1,2026.08.24 05:10,1.16841,1.16818"
902,RECON62-B160,1617DC1ACCE6B50ED2D1359582A70A8B8503C569623EE90C18C6B33542796207,Tester/logs/20261010.log,5939165,2026-09-03,14:55,B152PR,"KM	0	21:33:13.457	Core 04	2026.09.03 14:55:00   [SRJ-IND] B152PR sym=EURUSD bar=2026.09.03 14:50 z1=1484,S,1.16822,1.16855,2026.08.24 04:20,1,2026.08.24 05:00,1.16831,1.16810"
903,RECON62-B160,1617DC1ACCE6B50ED2D1359582A70A8B8503C569623EE90C18C6B33542796207,Tester/logs/20261010.log,5939166,2026-09-03,14:55,B152PR,"ES	0	21:33:13.457	Core 04	2026.09.03 14:55:00   [SRJ-IND] B152PR sym=EURUSD bar=2026.09.03 14:50 z1=1516,S,1.16800,1.16817,2026.08.24 08:45,1,2026.08.24 08:55,1.16812,1.16783"
904,RECON62-B160,1617DC1ACCE6B50ED2D1359582A70A8B8503C569623EE90C18C6B33542796207,Tester/logs/20261010.log,5939167,2026-09-03,14:55,B152PR,"EI	0	21:33:13.457	Core 04	2026.09.03 14:55:00   [SRJ-IND] B152PR sym=EURUSD bar=2026.09.03 14:50 z1=1704,S,1.16580,1.16647,2026.08.26 16:00,1,2026.08.26 16:30,1.16587,1.16541"
905,RECON62-B160,1617DC1ACCE6B50ED2D1359582A70A8B8503C569623EE90C18C6B33542796207,Tester/logs/20261010.log,5939168,2026-09-03,14:55,B152PR,"JO	0	21:33:13.457	Core 04	2026.09.03 14:55:00   [SRJ-IND] B152PR sym=EURUSD bar=2026.09.03 14:50 z1=1728,S,1.16596,1.16624,2026.08.26 16:00,1,2026.08.27 16:25,1.16598,1.16561"
906,RECON62-B160,1617DC1ACCE6B50ED2D1359582A70A8B8503C569623EE90C18C6B33542796207,Tester/logs/20261010.log,5939169,2026-09-03,14:55,B152PR,"NE	0	21:33:13.457	Core 04	2026.09.03 14:55:00   [SRJ-IND] B152PR sym=EURUSD bar=2026.09.03 14:50 z1=1784,S,1.16754,1.16787,2026.08.25 23:40,1,2026.08.25 23:50,1.16758,1.16746"
907,RECON62-B160,1617DC1ACCE6B50ED2D1359582A70A8B8503C569623EE90C18C6B33542796207,Tester/logs/20261010.log,5939170,2026-09-03,14:55,B152PR,"RK	0	21:33:13.457	Core 04	2026.09.03 14:55:00   [SRJ-IND] B152PR sym=EURUSD bar=2026.09.03 14:50 z1=1866,S,1.16723,1.16738,2026.08.26 12:00,1,2026.08.26 15:10,1.16732,1.16692"
908,RECON62-B160,1617DC1ACCE6B50ED2D1359582A70A8B8503C569623EE90C18C6B33542796207,Tester/logs/20261010.log,5939171,2026-09-03,14:55,B152PR,"JQ	0	21:33:13.457	Core 04	2026.09.03 14:55:00   [SRJ-IND] B152PR sym=EURUSD bar=2026.09.03 14:50 z1=2109,S,1.16505,1.16537,2026.08.28 05:05,1,2026.08.28 05:55,1.16507,1.16497"
909,RECON62-B160,1617DC1ACCE6B50ED2D1359582A70A8B8503C569623EE90C18C6B33542796207,Tester/logs/20261010.log,5939172,2026-09-03,14:55,B152PR,"QG	0	21:33:13.457	Core 04	2026.09.03 14:55:00   [SRJ-IND] B152PR sym=EURUSD bar=2026.09.03 14:50 z1=2149,S,1.16492,1.16507,2026.08.28 06:40,1,2026.08.28 14:00,1.16494,1.16471"
910,RECON62-B160,1617DC1ACCE6B50ED2D1359582A70A8B8503C569623EE90C18C6B33542796207,Tester/logs/20261010.log,5939173,2026-09-03,14:55,B152PR,"ML	0	21:33:13.457	Core 04	2026.09.03 14:55:00   [SRJ-IND] B152PR sym=EURUSD bar=2026.09.03 14:50 z1=2792,B,1.15906,1.15944,2026.09.03 06:15,1,2026.09.03 06:20,1.15956,1.15943"
911,RECON62-B160,1617DC1ACCE6B50ED2D1359582A70A8B8503C569623EE90C18C6B33542796207,Tester/logs/20261010.log,5939174,2026-09-03,14:55,B152PR,"NP	0	21:33:13.457	Core 04	2026.09.03 14:55:00   [SRJ-IND] B152PR sym=EURUSD bar=2026.09.03 14:50 bull=1 bear=1 nz=15"
912,RECON62-B160,1617DC1ACCE6B50ED2D1359582A70A8B8503C569623EE90C18C6B33542796207,Tester/logs/20261010.log,5939181,2026-09-03,15:00,B152PR,"RM	0	21:33:13.457	Core 04	2026.09.03 15:00:00   [SRJ-IND] B152PR sym=EURUSD bar=2026.09.03 14:55 z1=305,B,1.15201,1.15225,2026.08.13 10:45,1,2026.08.13 11:00,1.15264,1.15225"
913,RECON62-B160,1617DC1ACCE6B50ED2D1359582A70A8B8503C569623EE90C18C6B33542796207,Tester/logs/20261010.log,5939182,2026-09-03,15:00,B152PR,"FG	0	21:33:13.457	Core 04	2026.09.03 15:00:00   [SRJ-IND] B152PR sym=EURUSD bar=2026.09.03 14:55 z1=405,B,1.15248,1.15263,2026.08.14 00:25,1,2026.08.14 00:50,1.15276,1.15259"
914,RECON62-B160,1617DC1ACCE6B50ED2D1359582A70A8B8503C569623EE90C18C6B33542796207,Tester/logs/20261010.log,5939183,2026-09-03,15:00,B152PR,"OI	0	21:33:13.457	Core 04	2026.09.03 15:00:00   [SRJ-IND] B152PR sym=EURUSD bar=2026.09.03 14:55 z1=435,B,1.15357,1.15373,2026.08.14 06:30,1,2026.08.14 06:35,1.15382,1.15367"
915,RECON62-B160,1617DC1ACCE6B50ED2D1359582A70A8B8503C569623EE90C18C6B33542796207,Tester/logs/20261010.log,5939184,2026-09-03,15:00,B152PR,"IS	0	21:33:13.457	Core 04	2026.09.03 15:00:00   [SRJ-IND] B152PR sym=EURUSD bar=2026.09.03 14:55 z1=484,B,1.15504,1.15532,2026.08.14 11:45,1,2026.08.14 11:50,1.15549,1.15520"
916,RECON62-B160,1617DC1ACCE6B50ED2D1359582A70A8B8503C569623EE90C18C6B33542796207,Tester/logs/20261010.log,5939185,2026-09-03,15:00,B152PR,"IG	0	21:33:13.457	Core 04	2026.09.03 15:00:00   [SRJ-IND] B152PR sym=EURUSD bar=2026.09.03 14:55 z1=1389,S,1.17072,1.17107,2026.08.21 13:55,1,2026.08.21 14:20,1.17098,1.17032"
917,RECON62-B160,1617DC1ACCE6B50ED2D1359582A70A8B8503C569623EE90C18C6B33542796207,Tester/logs/20261010.log,5939186,2026-09-03,15:00,B152PR,"DM	0	21:33:13.457	Core 04	2026.09.03 15:00:00   [SRJ-IND] B152PR sym=EURUSD bar=2026.09.03 14:55 z1=1481,S,1.16836,1.16871,2026.08.24 04:10,1,2026.08.24 05:10,1.16841,1.16818"
918,RECON62-B160,1617DC1ACCE6B50ED2D1359582A70A8B8503C569623EE90C18C6B33542796207,Tester/logs/20261010.log,5939187,2026-09-03,15:00,B152PR,"MS	0	21:33:13.457	Core 04	2026.09.03 15:00:00   [SRJ-IND] B152PR sym=EURUSD bar=2026.09.03 14:55 z1=1484,S,1.16822,1.16855,2026.08.24 04:20,1,2026.08.24 05:00,1.16831,1.16810"
919,RECON62-B160,1617DC1ACCE6B50ED2D1359582A70A8B8503C569623EE90C18C6B33542796207,Tester/logs/20261010.log,5939188,2026-09-03,15:00,B152PR,"CI	0	21:33:13.457	Core 04	2026.09.03 15:00:00   [SRJ-IND] B152PR sym=EURUSD bar=2026.09.03 14:55 z1=1516,S,1.16800,1.16817,2026.08.24 08:45,1,2026.08.24 08:55,1.16812,1.16783"
920,RECON62-B160,1617DC1ACCE6B50ED2D1359582A70A8B8503C569623EE90C18C6B33542796207,Tester/logs/20261010.log,5939189,2026-09-03,15:00,B152PR,"CO	0	21:33:13.457	Core 04	2026.09.03 15:00:00   [SRJ-IND] B152PR sym=EURUSD bar=2026.09.03 14:55 z1=1704,S,1.16580,1.16647,2026.08.26 16:00,1,2026.08.26 16:30,1.16587,1.16541"
921,RECON62-B160,1617DC1ACCE6B50ED2D1359582A70A8B8503C569623EE90C18C6B33542796207,Tester/logs/20261010.log,5939190,2026-09-03,15:00,B152PR,"HE	0	21:33:13.457	Core 04	2026.09.03 15:00:00   [SRJ-IND] B152PR sym=EURUSD bar=2026.09.03 14:55 z1=1728,S,1.16596,1.16624,2026.08.26 16:00,1,2026.08.27 16:25,1.16598,1.16561"
922,RECON62-B160,1617DC1ACCE6B50ED2D1359582A70A8B8503C569623EE90C18C6B33542796207,Tester/logs/20261010.log,5939191,2026-09-03,15:00,B152PR,"LK	0	21:33:13.457	Core 04	2026.09.03 15:00:00   [SRJ-IND] B152PR sym=EURUSD bar=2026.09.03 14:55 z1=1784,S,1.16754,1.16787,2026.08.25 23:40,1,2026.08.25 23:50,1.16758,1.16746"
923,RECON62-B160,1617DC1ACCE6B50ED2D1359582A70A8B8503C569623EE90C18C6B33542796207,Tester/logs/20261010.log,5939192,2026-09-03,15:00,B152PR,"PQ	0	21:33:13.457	Core 04	2026.09.03 15:00:00   [SRJ-IND] B152PR sym=EURUSD bar=2026.09.03 14:55 z1=1866,S,1.16723,1.16738,2026.08.26 12:00,1,2026.08.26 15:10,1.16732,1.16692"
924,RECON62-B160,1617DC1ACCE6B50ED2D1359582A70A8B8503C569623EE90C18C6B33542796207,Tester/logs/20261010.log,5939193,2026-09-03,15:00,B152PR,"HG	0	21:33:13.457	Core 04	2026.09.03 15:00:00   [SRJ-IND] B152PR sym=EURUSD bar=2026.09.03 14:55 z1=2109,S,1.16505,1.16537,2026.08.28 05:05,1,2026.08.28 05:55,1.16507,1.16497"
925,RECON62-B160,1617DC1ACCE6B50ED2D1359582A70A8B8503C569623EE90C18C6B33542796207,Tester/logs/20261010.log,5939194,2026-09-03,15:00,B152PR,"OM	0	21:33:13.457	Core 04	2026.09.03 15:00:00   [SRJ-IND] B152PR sym=EURUSD bar=2026.09.03 14:55 z1=2149,S,1.16492,1.16507,2026.08.28 06:40,1,2026.08.28 14:00,1.16494,1.16471"
926,RECON62-B160,1617DC1ACCE6B50ED2D1359582A70A8B8503C569623EE90C18C6B33542796207,Tester/logs/20261010.log,5939195,2026-09-03,15:00,B152PR,"KR	0	21:33:13.457	Core 04	2026.09.03 15:00:00   [SRJ-IND] B152PR sym=EURUSD bar=2026.09.03 14:55 z1=2792,B,1.15906,1.15944,2026.09.03 06:15,1,2026.09.03 06:20,1.15956,1.15943"
927,RECON62-B160,1617DC1ACCE6B50ED2D1359582A70A8B8503C569623EE90C18C6B33542796207,Tester/logs/20261010.log,5939196,2026-09-03,15:00,B152PR,"LJ	0	21:33:13.457	Core 04	2026.09.03 15:00:00   [SRJ-IND] B152PR sym=EURUSD bar=2026.09.03 14:55 bull=1 bear=1 nz=15"
928,RECON62-B160,1617DC1ACCE6B50ED2D1359582A70A8B8503C569623EE90C18C6B33542796207,Tester/logs/20261010.log,5939201,2026-09-03,15:00,CQDRECHECK,"MK	0	21:33:13.457	Core 04	2026.09.03 15:00:00   [SRJ-EA] CQDRECHECK shift=2 passA=-1.0 passB=-1.0 diff=0 bar=2026.09.03 14:50 state=IDLE dir=NONE divLatch=0 hit1=0 hit2=514 mism=0"
929,RECON62-B160,1617DC1ACCE6B50ED2D1359582A70A8B8503C569623EE90C18C6B33542796207,Tester/logs/20261010.log,5939207,2026-09-03,15:05,B152PR,"QJ	0	21:33:13.457	Core 04	2026.09.03 15:05:01   [SRJ-IND] B152PR sym=EURUSD bar=2026.09.03 15:00 z1=305,B,1.15201,1.15225,2026.08.13 10:45,1,2026.08.13 11:00,1.15264,1.15225"
930,RECON62-B160,1617DC1ACCE6B50ED2D1359582A70A8B8503C569623EE90C18C6B33542796207,Tester/logs/20261010.log,5939208,2026-09-03,15:05,B152PR,"ML	0	21:33:13.457	Core 04	2026.09.03 15:05:01   [SRJ-IND] B152PR sym=EURUSD bar=2026.09.03 15:00 z1=405,B,1.15248,1.15263,2026.08.14 00:25,1,2026.08.14 00:50,1.15276,1.15259"
931,RECON62-B160,1617DC1ACCE6B50ED2D1359582A70A8B8503C569623EE90C18C6B33542796207,Tester/logs/20261010.log,5939209,2026-09-03,15:05,B152PR,"HF	0	21:33:13.457	Core 04	2026.09.03 15:05:01   [SRJ-IND] B152PR sym=EURUSD bar=2026.09.03 15:00 z1=435,B,1.15357,1.15373,2026.08.14 06:30,1,2026.08.14 06:35,1.15382,1.15367"
932,RECON62-B160,1617DC1ACCE6B50ED2D1359582A70A8B8503C569623EE90C18C6B33542796207,Tester/logs/20261010.log,5939210,2026-09-03,15:05,B152PR,"JH	0	21:33:13.457	Core 04	2026.09.03 15:05:01   [SRJ-IND] B152PR sym=EURUSD bar=2026.09.03 15:00 z1=484,B,1.15504,1.15532,2026.08.14 11:45,1,2026.08.14 11:50,1.15549,1.15520"
933,RECON62-B160,1617DC1ACCE6B50ED2D1359582A70A8B8503C569623EE90C18C6B33542796207,Tester/logs/20261010.log,5939211,2026-09-03,15:05,B152PR,"JP	0	21:33:13.457	Core 04	2026.09.03 15:05:01   [SRJ-IND] B152PR sym=EURUSD bar=2026.09.03 15:00 z1=1389,S,1.17072,1.17107,2026.08.21 13:55,1,2026.08.21 14:20,1.17098,1.17032"
934,RECON62-B160,1617DC1ACCE6B50ED2D1359582A70A8B8503C569623EE90C18C6B33542796207,Tester/logs/20261010.log,5939212,2026-09-03,15:05,B152PR,"CF	0	21:33:13.457	Core 04	2026.09.03 15:05:01   [SRJ-IND] B152PR sym=EURUSD bar=2026.09.03 15:00 z1=1481,S,1.16836,1.16871,2026.08.24 04:10,1,2026.08.24 05:10,1.16841,1.16818"
935,RECON62-B160,1617DC1ACCE6B50ED2D1359582A70A8B8503C569623EE90C18C6B33542796207,Tester/logs/20261010.log,5939213,2026-09-03,15:05,B152PR,"NL	0	21:33:13.457	Core 04	2026.09.03 15:05:01   [SRJ-IND] B152PR sym=EURUSD bar=2026.09.03 15:00 z1=1484,S,1.16822,1.16855,2026.08.24 04:20,1,2026.08.24 05:00,1.16831,1.16810"
936,RECON62-B160,1617DC1ACCE6B50ED2D1359582A70A8B8503C569623EE90C18C6B33542796207,Tester/logs/20261010.log,5939214,2026-09-03,15:05,B152PR,"DR	0	21:33:13.457	Core 04	2026.09.03 15:05:01   [SRJ-IND] B152PR sym=EURUSD bar=2026.09.03 15:00 z1=1516,S,1.16800,1.16817,2026.08.24 08:45,1,2026.08.24 08:55,1.16812,1.16783"
937,RECON62-B160,1617DC1ACCE6B50ED2D1359582A70A8B8503C569623EE90C18C6B33542796207,Tester/logs/20261010.log,5939215,2026-09-03,15:05,B152PR,"DH	0	21:33:13.457	Core 04	2026.09.03 15:05:01   [SRJ-IND] B152PR sym=EURUSD bar=2026.09.03 15:00 z1=1704,S,1.16580,1.16647,2026.08.26 16:00,1,2026.08.26 16:30,1.16587,1.16541"
938,RECON62-B160,1617DC1ACCE6B50ED2D1359582A70A8B8503C569623EE90C18C6B33542796207,Tester/logs/20261010.log,5939216,2026-09-03,15:05,B152PR,"GN	0	21:33:13.457	Core 04	2026.09.03 15:05:01   [SRJ-IND] B152PR sym=EURUSD bar=2026.09.03 15:00 z1=1728,S,1.16596,1.16624,2026.08.26 16:00,1,2026.08.27 16:25,1.16598,1.16561"
939,RECON62-B160,1617DC1ACCE6B50ED2D1359582A70A8B8503C569623EE90C18C6B33542796207,Tester/logs/20261010.log,5939217,2026-09-03,15:05,B152PR,"KD	0	21:33:13.457	Core 04	2026.09.03 15:05:01   [SRJ-IND] B152PR sym=EURUSD bar=2026.09.03 15:00 z1=1784,S,1.16754,1.16787,2026.08.25 23:40,1,2026.08.25 23:50,1.16758,1.16746"
940,RECON62-B160,1617DC1ACCE6B50ED2D1359582A70A8B8503C569623EE90C18C6B33542796207,Tester/logs/20261010.log,5939218,2026-09-03,15:05,B152PR,"OJ	0	21:33:13.457	Core 04	2026.09.03 15:05:01   [SRJ-IND] B152PR sym=EURUSD bar=2026.09.03 15:00 z1=1866,S,1.16723,1.16738,2026.08.26 12:00,1,2026.08.26 15:10,1.16732,1.16692"
941,RECON62-B160,1617DC1ACCE6B50ED2D1359582A70A8B8503C569623EE90C18C6B33542796207,Tester/logs/20261010.log,5939219,2026-09-03,15:05,B152PR,"GP	0	21:33:13.457	Core 04	2026.09.03 15:05:01   [SRJ-IND] B152PR sym=EURUSD bar=2026.09.03 15:00 z1=2109,S,1.16505,1.16537,2026.08.28 05:05,1,2026.08.28 05:55,1.16507,1.16497"
942,RECON62-B160,1617DC1ACCE6B50ED2D1359582A70A8B8503C569623EE90C18C6B33542796207,Tester/logs/20261010.log,5939220,2026-09-03,15:05,B152PR,"PF	0	21:33:13.457	Core 04	2026.09.03 15:05:01   [SRJ-IND] B152PR sym=EURUSD bar=2026.09.03 15:00 z1=2149,S,1.16492,1.16507,2026.08.28 06:40,1,2026.08.28 14:00,1.16494,1.16471"
943,RECON62-B160,1617DC1ACCE6B50ED2D1359582A70A8B8503C569623EE90C18C6B33542796207,Tester/logs/20261010.log,5939221,2026-09-03,15:05,B152PR,"CL	0	21:33:13.457	Core 04	2026.09.03 15:05:01   [SRJ-IND] B152PR sym=EURUSD bar=2026.09.03 15:00 z1=2455,S,1.16150,1.16174,2026.09.01 04:55,1,2026.09.03 15:00,1.16156,1.16112"
944,RECON62-B160,1617DC1ACCE6B50ED2D1359582A70A8B8503C569623EE90C18C6B33542796207,Tester/logs/20261010.log,5939222,2026-09-03,15:05,B152PR,"LS	0	21:33:13.457	Core 04	2026.09.03 15:05:01   [SRJ-IND] B152PR sym=EURUSD bar=2026.09.03 15:00 z1=2792,B,1.15906,1.15944,2026.09.03 06:15,1,2026.09.03 06:20,1.15956,1.15943"
945,RECON62-B160,1617DC1ACCE6B50ED2D1359582A70A8B8503C569623EE90C18C6B33542796207,Tester/logs/20261010.log,5939223,2026-09-03,15:05,B152PR,"NK	0	21:33:13.457	Core 04	2026.09.03 15:05:01   [SRJ-IND] B152PR sym=EURUSD bar=2026.09.03 15:00 bull=1 bear=1 nz=16"
946,RECON62-B160,1617DC1ACCE6B50ED2D1359582A70A8B8503C569623EE90C18C6B33542796207,Tester/logs/20261010.log,5939232,2026-09-03,15:10,B152PR,"IL	0	21:33:13.457	Core 04	2026.09.03 15:10:00   [SRJ-IND] B152PR sym=EURUSD bar=2026.09.03 15:05 z1=305,B,1.15201,1.15225,2026.08.13 10:45,1,2026.08.13 11:00,1.15264,1.15225"
947,RECON62-B160,1617DC1ACCE6B50ED2D1359582A70A8B8503C569623EE90C18C6B33542796207,Tester/logs/20261010.log,5939233,2026-09-03,15:10,B152PR,"EF	0	21:33:13.457	Core 04	2026.09.03 15:10:00   [SRJ-IND] B152PR sym=EURUSD bar=2026.09.03 15:05 z1=405,B,1.15248,1.15263,2026.08.14 00:25,1,2026.08.14 00:50,1.15276,1.15259"
948,RECON62-B160,1617DC1ACCE6B50ED2D1359582A70A8B8503C569623EE90C18C6B33542796207,Tester/logs/20261010.log,5939234,2026-09-03,15:10,B152PR,"PH	0	21:33:13.457	Core 04	2026.09.03 15:10:00   [SRJ-IND] B152PR sym=EURUSD bar=2026.09.03 15:05 z1=435,B,1.15357,1.15373,2026.08.14 06:30,1,2026.08.14 06:35,1.15382,1.15367"
949,RECON62-B160,1617DC1ACCE6B50ED2D1359582A70A8B8503C569623EE90C18C6B33542796207,Tester/logs/20261010.log,5939235,2026-09-03,15:10,B152PR,"RM	0	21:33:13.457	Core 04	2026.09.03 15:10:00   [SRJ-IND] B152PR sym=EURUSD bar=2026.09.03 15:05 z1=484,B,1.15504,1.15532,2026.08.14 11:45,1,2026.08.14 11:50,1.15549,1.15520"
950,RECON62-B160,1617DC1ACCE6B50ED2D1359582A70A8B8503C569623EE90C18C6B33542796207,Tester/logs/20261010.log,5939236,2026-09-03,15:10,B152PR,"RE	0	21:33:13.457	Core 04	2026.09.03 15:10:00   [SRJ-IND] B152PR sym=EURUSD bar=2026.09.03 15:05 z1=1389,S,1.17072,1.17107,2026.08.21 13:55,1,2026.08.21 14:20,1.17098,1.17032"
951,RECON62-B160,1617DC1ACCE6B50ED2D1359582A70A8B8503C569623EE90C18C6B33542796207,Tester/logs/20261010.log,5939237,2026-09-03,15:10,B152PR,"KK	0	21:33:13.457	Core 04	2026.09.03 15:10:00   [SRJ-IND] B152PR sym=EURUSD bar=2026.09.03 15:05 z1=1481,S,1.16836,1.16871,2026.08.24 04:10,1,2026.08.24 05:10,1.16841,1.16818"
952,RECON62-B160,1617DC1ACCE6B50ED2D1359582A70A8B8503C569623EE90C18C6B33542796207,Tester/logs/20261010.log,5939238,2026-09-03,15:10,B152PR,"FQ	0	21:33:13.457	Core 04	2026.09.03 15:10:00   [SRJ-IND] B152PR sym=EURUSD bar=2026.09.03 15:05 z1=1484,S,1.16822,1.16855,2026.08.24 04:20,1,2026.08.24 05:00,1.16831,1.16810"
953,RECON62-B160,1617DC1ACCE6B50ED2D1359582A70A8B8503C569623EE90C18C6B33542796207,Tester/logs/20261010.log,5939239,2026-09-03,15:10,B152PR,"LG	0	21:33:13.457	Core 04	2026.09.03 15:10:00   [SRJ-IND] B152PR sym=EURUSD bar=2026.09.03 15:05 z1=1516,S,1.16800,1.16817,2026.08.24 08:45,1,2026.08.24 08:55,1.16812,1.16783"
954,RECON62-B160,1617DC1ACCE6B50ED2D1359582A70A8B8503C569623EE90C18C6B33542796207,Tester/logs/20261010.log,5939240,2026-09-03,15:10,B152PR,"LM	0	21:33:13.457	Core 04	2026.09.03 15:10:00   [SRJ-IND] B152PR sym=EURUSD bar=2026.09.03 15:05 z1=1704,S,1.16580,1.16647,2026.08.26 16:00,1,2026.08.26 16:30,1.16587,1.16541"
955,RECON62-B160,1617DC1ACCE6B50ED2D1359582A70A8B8503C569623EE90C18C6B33542796207,Tester/logs/20261010.log,5939241,2026-09-03,15:10,B152PR,"OS	0	21:33:13.457	Core 04	2026.09.03 15:10:00   [SRJ-IND] B152PR sym=EURUSD bar=2026.09.03 15:05 z1=1728,S,1.16596,1.16624,2026.08.26 16:00,1,2026.08.27 16:25,1.16598,1.16561"
956,RECON62-B160,1617DC1ACCE6B50ED2D1359582A70A8B8503C569623EE90C18C6B33542796207,Tester/logs/20261010.log,5939242,2026-09-03,15:10,B152PR,"CI	0	21:33:13.457	Core 04	2026.09.03 15:10:00   [SRJ-IND] B152PR sym=EURUSD bar=2026.09.03 15:05 z1=1784,S,1.16754,1.16787,2026.08.25 23:40,1,2026.08.25 23:50,1.16758,1.16746"
957,RECON62-B160,1617DC1ACCE6B50ED2D1359582A70A8B8503C569623EE90C18C6B33542796207,Tester/logs/20261010.log,5939243,2026-09-03,15:10,B152PR,"GO	0	21:33:13.457	Core 04	2026.09.03 15:10:00   [SRJ-IND] B152PR sym=EURUSD bar=2026.09.03 15:05 z1=1866,S,1.16723,1.16738,2026.08.26 12:00,1,2026.08.26 15:10,1.16732,1.16692"
958,RECON62-B160,1617DC1ACCE6B50ED2D1359582A70A8B8503C569623EE90C18C6B33542796207,Tester/logs/20261010.log,5939244,2026-09-03,15:10,B152PR,"OE	0	21:33:13.457	Core 04	2026.09.03 15:10:00   [SRJ-IND] B152PR sym=EURUSD bar=2026.09.03 15:05 z1=2109,S,1.16505,1.16537,2026.08.28 05:05,1,2026.08.28 05:55,1.16507,1.16497"
959,RECON62-B160,1617DC1ACCE6B50ED2D1359582A70A8B8503C569623EE90C18C6B33542796207,Tester/logs/20261010.log,5939245,2026-09-03,15:10,B152PR,"HK	0	21:33:13.457	Core 04	2026.09.03 15:10:00   [SRJ-IND] B152PR sym=EURUSD bar=2026.09.03 15:05 z1=2149,S,1.16492,1.16507,2026.08.28 06:40,1,2026.08.28 14:00,1.16494,1.16471"
960,RECON62-B160,1617DC1ACCE6B50ED2D1359582A70A8B8503C569623EE90C18C6B33542796207,Tester/logs/20261010.log,5939246,2026-09-03,15:10,B152PR,"KQ	0	21:33:13.457	Core 04	2026.09.03 15:10:00   [SRJ-IND] B152PR sym=EURUSD bar=2026.09.03 15:05 z1=2455,S,1.16150,1.16174,2026.09.01 04:55,1,2026.09.03 15:00,1.16156,1.16112"
961,RECON62-B160,1617DC1ACCE6B50ED2D1359582A70A8B8503C569623EE90C18C6B33542796207,Tester/logs/20261010.log,5939247,2026-09-03,15:10,B152PR,"DG	0	21:33:13.457	Core 04	2026.09.03 15:10:00   [SRJ-IND] B152PR sym=EURUSD bar=2026.09.03 15:05 z1=2460,S,1.16165,1.16217,2026.09.01 04:10,1,2026.09.03 15:05,1.16169,1.16137"
962,RECON62-B160,1617DC1ACCE6B50ED2D1359582A70A8B8503C569623EE90C18C6B33542796207,Tester/logs/20261010.log,5939248,2026-09-03,15:10,B152PR,"DL	0	21:33:13.457	Core 04	2026.09.03 15:10:00   [SRJ-IND] B152PR sym=EURUSD bar=2026.09.03 15:05 z1=2792,B,1.15906,1.15944,2026.09.03 06:15,1,2026.09.03 06:20,1.15956,1.15943"
963,RECON62-B160,1617DC1ACCE6B50ED2D1359582A70A8B8503C569623EE90C18C6B33542796207,Tester/logs/20261010.log,5939249,2026-09-03,15:10,B152PR,"EP	0	21:33:13.457	Core 04	2026.09.03 15:10:00   [SRJ-IND] B152PR sym=EURUSD bar=2026.09.03 15:05 bull=1 bear=1 nz=17"
964,RECON62-B160,1617DC1ACCE6B50ED2D1359582A70A8B8503C569623EE90C18C6B33542796207,Tester/logs/20261010.log,5939256,2026-09-03,15:15,B152PR,"PM	0	21:33:13.457	Core 04	2026.09.03 15:15:00   [SRJ-IND] B152PR sym=EURUSD bar=2026.09.03 15:10 z1=305,B,1.15201,1.15225,2026.08.13 10:45,1,2026.08.13 11:00,1.15264,1.15225"
965,RECON62-B160,1617DC1ACCE6B50ED2D1359582A70A8B8503C569623EE90C18C6B33542796207,Tester/logs/20261010.log,5939257,2026-09-03,15:15,B152PR,"PG	0	21:33:13.457	Core 04	2026.09.03 15:15:00   [SRJ-IND] B152PR sym=EURUSD bar=2026.09.03 15:10 z1=405,B,1.15248,1.15263,2026.08.14 00:25,1,2026.08.14 00:50,1.15276,1.15259"
966,RECON62-B160,1617DC1ACCE6B50ED2D1359582A70A8B8503C569623EE90C18C6B33542796207,Tester/logs/20261010.log,5939258,2026-09-03,15:15,B152PR,"II	0	21:33:13.457	Core 04	2026.09.03 15:15:00   [SRJ-IND] B152PR sym=EURUSD bar=2026.09.03 15:10 z1=435,B,1.15357,1.15373,2026.08.14 06:30,1,2026.08.14 06:35,1.15382,1.15367"
967,RECON62-B160,1617DC1ACCE6B50ED2D1359582A70A8B8503C569623EE90C18C6B33542796207,Tester/logs/20261010.log,5939259,2026-09-03,15:15,B152PR,"KS	0	21:33:13.457	Core 04	2026.09.03 15:15:00   [SRJ-IND] B152PR sym=EURUSD bar=2026.09.03 15:10 z1=484,B,1.15504,1.15532,2026.08.14 11:45,1,2026.08.14 11:50,1.15549,1.15520"
968,RECON62-B160,1617DC1ACCE6B50ED2D1359582A70A8B8503C569623EE90C18C6B33542796207,Tester/logs/20261010.log,5939260,2026-09-03,15:15,B152PR,"GG	0	21:33:13.457	Core 04	2026.09.03 15:15:00   [SRJ-IND] B152PR sym=EURUSD bar=2026.09.03 15:10 z1=1389,S,1.17072,1.17107,2026.08.21 13:55,1,2026.08.21 14:20,1.17098,1.17032"
969,RECON62-B160,1617DC1ACCE6B50ED2D1359582A70A8B8503C569623EE90C18C6B33542796207,Tester/logs/20261010.log,5939261,2026-09-03,15:15,B152PR,"FM	0	21:33:13.457	Core 04	2026.09.03 15:15:00   [SRJ-IND] B152PR sym=EURUSD bar=2026.09.03 15:10 z1=1481,S,1.16836,1.16871,2026.08.24 04:10,1,2026.08.24 05:10,1.16841,1.16818"
970,RECON62-B160,1617DC1ACCE6B50ED2D1359582A70A8B8503C569623EE90C18C6B33542796207,Tester/logs/20261010.log,5939262,2026-09-03,15:15,B152PR,"KS	0	21:33:13.457	Core 04	2026.09.03 15:15:00   [SRJ-IND] B152PR sym=EURUSD bar=2026.09.03 15:10 z1=1484,S,1.16822,1.16855,2026.08.24 04:20,1,2026.08.24 05:00,1.16831,1.16810"
971,RECON62-B160,1617DC1ACCE6B50ED2D1359582A70A8B8503C569623EE90C18C6B33542796207,Tester/logs/20261010.log,5939263,2026-09-03,15:15,B152PR,"EI	0	21:33:13.457	Core 04	2026.09.03 15:15:00   [SRJ-IND] B152PR sym=EURUSD bar=2026.09.03 15:10 z1=1516,S,1.16800,1.16817,2026.08.24 08:45,1,2026.08.24 08:55,1.16812,1.16783"
972,RECON62-B160,1617DC1ACCE6B50ED2D1359582A70A8B8503C569623EE90C18C6B33542796207,Tester/logs/20261010.log,5939264,2026-09-03,15:15,B152PR,"EO	0	21:33:13.457	Core 04	2026.09.03 15:15:00   [SRJ-IND] B152PR sym=EURUSD bar=2026.09.03 15:10 z1=1704,S,1.16580,1.16647,2026.08.26 16:00,1,2026.08.26 16:30,1.16587,1.16541"
973,RECON62-B160,1617DC1ACCE6B50ED2D1359582A70A8B8503C569623EE90C18C6B33542796207,Tester/logs/20261010.log,5939265,2026-09-03,15:15,B152PR,"JE	0	21:33:13.457	Core 04	2026.09.03 15:15:00   [SRJ-IND] B152PR sym=EURUSD bar=2026.09.03 15:10 z1=1728,S,1.16596,1.16624,2026.08.26 16:00,1,2026.08.27 16:25,1.16598,1.16561"
974,RECON62-B160,1617DC1ACCE6B50ED2D1359582A70A8B8503C569623EE90C18C6B33542796207,Tester/logs/20261010.log,5939266,2026-09-03,15:15,B152PR,"NK	0	21:33:13.457	Core 04	2026.09.03 15:15:00   [SRJ-IND] B152PR sym=EURUSD bar=2026.09.03 15:10 z1=1784,S,1.16754,1.16787,2026.08.25 23:40,1,2026.08.25 23:50,1.16758,1.16746"
975,RECON62-B160,1617DC1ACCE6B50ED2D1359582A70A8B8503C569623EE90C18C6B33542796207,Tester/logs/20261010.log,5939267,2026-09-03,15:15,B152PR,"RQ	0	21:33:13.457	Core 04	2026.09.03 15:15:00   [SRJ-IND] B152PR sym=EURUSD bar=2026.09.03 15:10 z1=1866,S,1.16723,1.16738,2026.08.26 12:00,1,2026.08.26 15:10,1.16732,1.16692"
976,RECON62-B160,1617DC1ACCE6B50ED2D1359582A70A8B8503C569623EE90C18C6B33542796207,Tester/logs/20261010.log,5939268,2026-09-03,15:15,B152PR,"JG	0	21:33:13.457	Core 04	2026.09.03 15:15:00   [SRJ-IND] B152PR sym=EURUSD bar=2026.09.03 15:10 z1=2109,S,1.16505,1.16537,2026.08.28 05:05,1,2026.08.28 05:55,1.16507,1.16497"
977,RECON62-B160,1617DC1ACCE6B50ED2D1359582A70A8B8503C569623EE90C18C6B33542796207,Tester/logs/20261010.log,5939269,2026-09-03,15:15,B152PR,"QM	0	21:33:13.457	Core 04	2026.09.03 15:15:00   [SRJ-IND] B152PR sym=EURUSD bar=2026.09.03 15:10 z1=2149,S,1.16492,1.16507,2026.08.28 06:40,1,2026.08.28 14:00,1.16494,1.16471"
978,RECON62-B160,1617DC1ACCE6B50ED2D1359582A70A8B8503C569623EE90C18C6B33542796207,Tester/logs/20261010.log,5939270,2026-09-03,15:15,B152PR,"FS	0	21:33:13.457	Core 04	2026.09.03 15:15:00   [SRJ-IND] B152PR sym=EURUSD bar=2026.09.03 15:10 z1=2455,S,1.16150,1.16174,2026.09.01 04:55,1,2026.09.03 15:00,1.16156,1.16112"
979,RECON62-B160,1617DC1ACCE6B50ED2D1359582A70A8B8503C569623EE90C18C6B33542796207,Tester/logs/20261010.log,5939271,2026-09-03,15:15,B152PR,"MI	0	21:33:13.457	Core 04	2026.09.03 15:15:00   [SRJ-IND] B152PR sym=EURUSD bar=2026.09.03 15:10 z1=2460,S,1.16165,1.16217,2026.09.01 04:10,1,2026.09.03 15:05,1.16169,1.16137"
980,RECON62-B160,1617DC1ACCE6B50ED2D1359582A70A8B8503C569623EE90C18C6B33542796207,Tester/logs/20261010.log,5939272,2026-09-03,15:15,B152PR,"MN	0	21:33:13.457	Core 04	2026.09.03 15:15:00   [SRJ-IND] B152PR sym=EURUSD bar=2026.09.03 15:10 z1=2792,B,1.15906,1.15944,2026.09.03 06:15,1,2026.09.03 06:20,1.15956,1.15943"
981,RECON62-B160,1617DC1ACCE6B50ED2D1359582A70A8B8503C569623EE90C18C6B33542796207,Tester/logs/20261010.log,5939273,2026-09-03,15:15,B152PR,"LF	0	21:33:13.457	Core 04	2026.09.03 15:15:00   [SRJ-IND] B152PR sym=EURUSD bar=2026.09.03 15:10 bull=1 bear=1 nz=17"
982,RECON62-B160,1617DC1ACCE6B50ED2D1359582A70A8B8503C569623EE90C18C6B33542796207,Tester/logs/20261010.log,5939278,2026-09-03,15:15,CQDRECHECK,"GD	0	21:33:13.457	Core 04	2026.09.03 15:15:00   [SRJ-EA] CQDRECHECK shift=2 passA=-1.0 passB=-1.0 diff=0 bar=2026.09.03 15:05 state=IDLE dir=NONE divLatch=0 hit1=0 hit2=515 mism=0"
983,RECON62-B160,1617DC1ACCE6B50ED2D1359582A70A8B8503C569623EE90C18C6B33542796207,Tester/logs/20261010.log,5939283,2026-09-03,15:20,B152PR,"CJ	0	21:33:13.457	Core 04	2026.09.03 15:20:00   [SRJ-IND] B152PR sym=EURUSD bar=2026.09.03 15:15 z1=305,B,1.15201,1.15225,2026.08.13 10:45,1,2026.08.13 11:00,1.15264,1.15225"
984,RECON62-B160,1617DC1ACCE6B50ED2D1359582A70A8B8503C569623EE90C18C6B33542796207,Tester/logs/20261010.log,5939284,2026-09-03,15:20,B152PR,"OO	0	21:33:13.457	Core 04	2026.09.03 15:20:00   [SRJ-IND] B152PR sym=EURUSD bar=2026.09.03 15:15 z1=405,B,1.15248,1.15263,2026.08.14 00:25,1,2026.08.14 00:50,1.15276,1.15259"
985,RECON62-B160,1617DC1ACCE6B50ED2D1359582A70A8B8503C569623EE90C18C6B33542796207,Tester/logs/20261010.log,5939285,2026-09-03,15:20,B152PR,"FQ	0	21:33:13.457	Core 04	2026.09.03 15:20:00   [SRJ-IND] B152PR sym=EURUSD bar=2026.09.03 15:15 z1=435,B,1.15357,1.15373,2026.08.14 06:30,1,2026.08.14 06:35,1.15382,1.15367"
986,RECON62-B160,1617DC1ACCE6B50ED2D1359582A70A8B8503C569623EE90C18C6B33542796207,Tester/logs/20261010.log,5939286,2026-09-03,15:20,B152PR,"LK	0	21:33:13.457	Core 04	2026.09.03 15:20:00   [SRJ-IND] B152PR sym=EURUSD bar=2026.09.03 15:15 z1=484,B,1.15504,1.15532,2026.08.14 11:45,1,2026.08.14 11:50,1.15549,1.15520"
987,RECON62-B160,1617DC1ACCE6B50ED2D1359582A70A8B8503C569623EE90C18C6B33542796207,Tester/logs/20261010.log,5939287,2026-09-03,15:20,B152PR,"LO	0	21:33:13.457	Core 04	2026.09.03 15:20:00   [SRJ-IND] B152PR sym=EURUSD bar=2026.09.03 15:15 z1=1389,S,1.17072,1.17107,2026.08.21 13:55,1,2026.08.21 14:20,1.17098,1.17032"
988,RECON62-B160,1617DC1ACCE6B50ED2D1359582A70A8B8503C569623EE90C18C6B33542796207,Tester/logs/20261010.log,5939288,2026-09-03,15:20,B152PR,"QE	0	21:33:13.457	Core 04	2026.09.03 15:20:00   [SRJ-IND] B152PR sym=EURUSD bar=2026.09.03 15:15 z1=1481,S,1.16836,1.16871,2026.08.24 04:10,1,2026.08.24 05:10,1.16841,1.16818"
989,RECON62-B160,1617DC1ACCE6B50ED2D1359582A70A8B8503C569623EE90C18C6B33542796207,Tester/logs/20261010.log,5939289,2026-09-03,15:20,B152PR,"HK	0	21:33:13.457	Core 04	2026.09.03 15:20:00   [SRJ-IND] B152PR sym=EURUSD bar=2026.09.03 15:15 z1=1484,S,1.16822,1.16855,2026.08.24 04:20,1,2026.08.24 05:00,1.16831,1.16810"
990,RECON62-B160,1617DC1ACCE6B50ED2D1359582A70A8B8503C569623EE90C18C6B33542796207,Tester/logs/20261010.log,5939290,2026-09-03,15:20,B152PR,"RQ	0	21:33:13.457	Core 04	2026.09.03 15:20:00   [SRJ-IND] B152PR sym=EURUSD bar=2026.09.03 15:15 z1=1516,S,1.16800,1.16817,2026.08.24 08:45,1,2026.08.24 08:55,1.16812,1.16783"
991,RECON62-B160,1617DC1ACCE6B50ED2D1359582A70A8B8503C569623EE90C18C6B33542796207,Tester/logs/20261010.log,5939291,2026-09-03,15:20,B152PR,"RG	0	21:33:13.457	Core 04	2026.09.03 15:20:00   [SRJ-IND] B152PR sym=EURUSD bar=2026.09.03 15:15 z1=1704,S,1.16580,1.16647,2026.08.26 16:00,1,2026.08.26 16:30,1.16587,1.16541"
992,RECON62-B160,1617DC1ACCE6B50ED2D1359582A70A8B8503C569623EE90C18C6B33542796207,Tester/logs/20261010.log,5939292,2026-09-03,15:20,B152PR,"MM	0	21:33:13.457	Core 04	2026.09.03 15:20:00   [SRJ-IND] B152PR sym=EURUSD bar=2026.09.03 15:15 z1=1728,S,1.16596,1.16624,2026.08.26 16:00,1,2026.08.27 16:25,1.16598,1.16561"
993,RECON62-B160,1617DC1ACCE6B50ED2D1359582A70A8B8503C569623EE90C18C6B33542796207,Tester/logs/20261010.log,5939293,2026-09-03,15:20,B152PR,"IS	0	21:33:13.457	Core 04	2026.09.03 15:20:00   [SRJ-IND] B152PR sym=EURUSD bar=2026.09.03 15:15 z1=1784,S,1.16754,1.16787,2026.08.25 23:40,1,2026.08.25 23:50,1.16758,1.16746"
994,RECON62-B160,1617DC1ACCE6B50ED2D1359582A70A8B8503C569623EE90C18C6B33542796207,Tester/logs/20261010.log,5939294,2026-09-03,15:20,B152PR,"EI	0	21:33:13.457	Core 04	2026.09.03 15:20:00   [SRJ-IND] B152PR sym=EURUSD bar=2026.09.03 15:15 z1=1866,S,1.16723,1.16738,2026.08.26 12:00,1,2026.08.26 15:10,1.16732,1.16692"
995,RECON62-B160,1617DC1ACCE6B50ED2D1359582A70A8B8503C569623EE90C18C6B33542796207,Tester/logs/20261010.log,5939295,2026-09-03,15:20,B152PR,"MO	0	21:33:13.457	Core 04	2026.09.03 15:20:00   [SRJ-IND] B152PR sym=EURUSD bar=2026.09.03 15:15 z1=2109,S,1.16505,1.16537,2026.08.28 05:05,1,2026.08.28 05:55,1.16507,1.16497"
996,RECON62-B160,1617DC1ACCE6B50ED2D1359582A70A8B8503C569623EE90C18C6B33542796207,Tester/logs/20261010.log,5939296,2026-09-03,15:20,B152PR,"FE	0	21:33:13.457	Core 04	2026.09.03 15:20:00   [SRJ-IND] B152PR sym=EURUSD bar=2026.09.03 15:15 z1=2149,S,1.16492,1.16507,2026.08.28 06:40,1,2026.08.28 14:00,1.16494,1.16471"
997,RECON62-B160,1617DC1ACCE6B50ED2D1359582A70A8B8503C569623EE90C18C6B33542796207,Tester/logs/20261010.log,5939297,2026-09-03,15:20,B152PR,"QK	0	21:33:13.457	Core 04	2026.09.03 15:20:00   [SRJ-IND] B152PR sym=EURUSD bar=2026.09.03 15:15 z1=2455,S,1.16150,1.16174,2026.09.01 04:55,1,2026.09.03 15:00,1.16156,1.16112"
998,RECON62-B160,1617DC1ACCE6B50ED2D1359582A70A8B8503C569623EE90C18C6B33542796207,Tester/logs/20261010.log,5939298,2026-09-03,15:20,B152PR,"JQ	0	21:33:13.457	Core 04	2026.09.03 15:20:00   [SRJ-IND] B152PR sym=EURUSD bar=2026.09.03 15:15 z1=2460,S,1.16165,1.16217,2026.09.01 04:10,1,2026.09.03 15:05,1.16169,1.16137"
999,RECON62-B160,1617DC1ACCE6B50ED2D1359582A70A8B8503C569623EE90C18C6B33542796207,Tester/logs/20261010.log,5939299,2026-09-03,15:20,B152PR,"JF	0	21:33:13.457	Core 04	2026.09.03 15:20:00   [SRJ-IND] B152PR sym=EURUSD bar=2026.09.03 15:15 z1=2792,B,1.15906,1.15944,2026.09.03 06:15,1,2026.09.03 06:20,1.15956,1.15943"
1000,RECON62-B160,1617DC1ACCE6B50ED2D1359582A70A8B8503C569623EE90C18C6B33542796207,Tester/logs/20261010.log,5939300,2026-09-03,15:20,B152PR,"GN	0	21:33:13.457	Core 04	2026.09.03 15:20:00   [SRJ-IND] B152PR sym=EURUSD bar=2026.09.03 15:15 bull=1 bear=1 nz=17"
1001,RECON62-B160,1617DC1ACCE6B50ED2D1359582A70A8B8503C569623EE90C18C6B33542796207,Tester/logs/20261010.log,5939304,2026-09-03,15:20,CQDRECHECK,"DL	0	21:33:13.457	Core 04	2026.09.03 15:20:00   [SRJ-EA] CQDRECHECK shift=2 passA=2.0 passB=2.0 diff=0 bar=2026.09.03 15:10 state=IDLE dir=NONE divLatch=0 hit1=0 hit2=516 mism=0"
1002,RECON62-B160,1617DC1ACCE6B50ED2D1359582A70A8B8503C569623EE90C18C6B33542796207,Tester/logs/20261010.log,5939309,2026-09-03,15:25,B152PR,"NM	0	21:33:13.457	Core 04	2026.09.03 15:25:00   [SRJ-IND] B152PR sym=EURUSD bar=2026.09.03 15:20 z1=305,B,1.15201,1.15225,2026.08.13 10:45,1,2026.08.13 11:00,1.15264,1.15225"
1003,RECON62-B160,1617DC1ACCE6B50ED2D1359582A70A8B8503C569623EE90C18C6B33542796207,Tester/logs/20261010.log,5939310,2026-09-03,15:25,B152PR,"JG	0	21:33:13.457	Core 04	2026.09.03 15:25:00   [SRJ-IND] B152PR sym=EURUSD bar=2026.09.03 15:20 z1=405,B,1.15248,1.15263,2026.08.14 00:25,1,2026.08.14 00:50,1.15276,1.15259"
1004,RECON62-B160,1617DC1ACCE6B50ED2D1359582A70A8B8503C569623EE90C18C6B33542796207,Tester/logs/20261010.log,5939311,2026-09-03,15:25,B152PR,"KI	0	21:33:13.457	Core 04	2026.09.03 15:25:00   [SRJ-IND] B152PR sym=EURUSD bar=2026.09.03 15:20 z1=435,B,1.15357,1.15373,2026.08.14 06:30,1,2026.08.14 06:35,1.15382,1.15367"
1005,RECON62-B160,1617DC1ACCE6B50ED2D1359582A70A8B8503C569623EE90C18C6B33542796207,Tester/logs/20261010.log,5939312,2026-09-03,15:25,B152PR,"ES	0	21:33:13.457	Core 04	2026.09.03 15:25:00   [SRJ-IND] B152PR sym=EURUSD bar=2026.09.03 15:20 z1=484,B,1.15504,1.15532,2026.08.14 11:45,1,2026.08.14 11:50,1.15549,1.15520"
1006,RECON62-B160,1617DC1ACCE6B50ED2D1359582A70A8B8503C569623EE90C18C6B33542796207,Tester/logs/20261010.log,5939313,2026-09-03,15:25,B152PR,"EG	0	21:33:13.457	Core 04	2026.09.03 15:25:00   [SRJ-IND] B152PR sym=EURUSD bar=2026.09.03 15:20 z1=1389,S,1.17072,1.17107,2026.08.21 13:55,1,2026.08.21 14:20,1.17098,1.17032"
1007,RECON62-B160,1617DC1ACCE6B50ED2D1359582A70A8B8503C569623EE90C18C6B33542796207,Tester/logs/20261010.log,5939314,2026-09-03,15:25,B152PR,"HM	0	21:33:13.457	Core 04	2026.09.03 15:25:00   [SRJ-IND] B152PR sym=EURUSD bar=2026.09.03 15:20 z1=1481,S,1.16836,1.16871,2026.08.24 04:10,1,2026.08.24 05:10,1.16841,1.16818"
1008,RECON62-B160,1617DC1ACCE6B50ED2D1359582A70A8B8503C569623EE90C18C6B33542796207,Tester/logs/20261010.log,5939315,2026-09-03,15:25,B152PR,"QS	0	21:33:13.457	Core 04	2026.09.03 15:25:00   [SRJ-IND] B152PR sym=EURUSD bar=2026.09.03 15:20 z1=1484,S,1.16822,1.16855,2026.08.24 04:20,1,2026.08.24 05:00,1.16831,1.16810"
1009,RECON62-B160,1617DC1ACCE6B50ED2D1359582A70A8B8503C569623EE90C18C6B33542796207,Tester/logs/20261010.log,5939316,2026-09-03,15:25,B152PR,"GI	0	21:33:13.457	Core 04	2026.09.03 15:25:00   [SRJ-IND] B152PR sym=EURUSD bar=2026.09.03 15:20 z1=1516,S,1.16800,1.16817,2026.08.24 08:45,1,2026.08.24 08:55,1.16812,1.16783"
1010,RECON62-B160,1617DC1ACCE6B50ED2D1359582A70A8B8503C569623EE90C18C6B33542796207,Tester/logs/20261010.log,5939317,2026-09-03,15:25,B152PR,"GO	0	21:33:13.457	Core 04	2026.09.03 15:25:00   [SRJ-IND] B152PR sym=EURUSD bar=2026.09.03 15:20 z1=1704,S,1.16580,1.16647,2026.08.26 16:00,1,2026.08.26 16:30,1.16587,1.16541"
1011,RECON62-B160,1617DC1ACCE6B50ED2D1359582A70A8B8503C569623EE90C18C6B33542796207,Tester/logs/20261010.log,5939318,2026-09-03,15:25,B152PR,"DE	0	21:33:13.457	Core 04	2026.09.03 15:25:00   [SRJ-IND] B152PR sym=EURUSD bar=2026.09.03 15:20 z1=1728,S,1.16596,1.16624,2026.08.26 16:00,1,2026.08.27 16:25,1.16598,1.16561"
1012,RECON62-B160,1617DC1ACCE6B50ED2D1359582A70A8B8503C569623EE90C18C6B33542796207,Tester/logs/20261010.log,5939319,2026-09-03,15:25,B152PR,"PK	0	21:33:13.457	Core 04	2026.09.03 15:25:00   [SRJ-IND] B152PR sym=EURUSD bar=2026.09.03 15:20 z1=1784,S,1.16754,1.16787,2026.08.25 23:40,1,2026.08.25 23:50,1.16758,1.16746"
1013,RECON62-B160,1617DC1ACCE6B50ED2D1359582A70A8B8503C569623EE90C18C6B33542796207,Tester/logs/20261010.log,5939320,2026-09-03,15:25,B152PR,"LQ	0	21:33:13.457	Core 04	2026.09.03 15:25:00   [SRJ-IND] B152PR sym=EURUSD bar=2026.09.03 15:20 z1=1866,S,1.16723,1.16738,2026.08.26 12:00,1,2026.08.26 15:10,1.16732,1.16692"
1014,RECON62-B160,1617DC1ACCE6B50ED2D1359582A70A8B8503C569623EE90C18C6B33542796207,Tester/logs/20261010.log,5939321,2026-09-03,15:25,B152PR,"DG	0	21:33:13.457	Core 04	2026.09.03 15:25:00   [SRJ-IND] B152PR sym=EURUSD bar=2026.09.03 15:20 z1=2109,S,1.16505,1.16537,2026.08.28 05:05,1,2026.08.28 05:55,1.16507,1.16497"
1015,RECON62-B160,1617DC1ACCE6B50ED2D1359582A70A8B8503C569623EE90C18C6B33542796207,Tester/logs/20261010.log,5939322,2026-09-03,15:25,B152PR,"KM	0	21:33:13.457	Core 04	2026.09.03 15:25:00   [SRJ-IND] B152PR sym=EURUSD bar=2026.09.03 15:20 z1=2149,S,1.16492,1.16507,2026.08.28 06:40,1,2026.08.28 14:00,1.16494,1.16471"
1016,RECON62-B160,1617DC1ACCE6B50ED2D1359582A70A8B8503C569623EE90C18C6B33542796207,Tester/logs/20261010.log,5939323,2026-09-03,15:25,B152PR,"HS	0	21:33:13.457	Core 04	2026.09.03 15:25:00   [SRJ-IND] B152PR sym=EURUSD bar=2026.09.03 15:20 z1=2455,S,1.16150,1.16174,2026.09.01 04:55,1,2026.09.03 15:00,1.16156,1.16112"
1017,RECON62-B160,1617DC1ACCE6B50ED2D1359582A70A8B8503C569623EE90C18C6B33542796207,Tester/logs/20261010.log,5939324,2026-09-03,15:25,B152PR,"OI	0	21:33:13.457	Core 04	2026.09.03 15:25:00   [SRJ-IND] B152PR sym=EURUSD bar=2026.09.03 15:20 z1=2460,S,1.16165,1.16217,2026.09.01 04:10,1,2026.09.03 15:05,1.16169,1.16137"
1018,RECON62-B160,1617DC1ACCE6B50ED2D1359582A70A8B8503C569623EE90C18C6B33542796207,Tester/logs/20261010.log,5939325,2026-09-03,15:25,B152PR,"ON	0	21:33:13.457	Core 04	2026.09.03 15:25:00   [SRJ-IND] B152PR sym=EURUSD bar=2026.09.03 15:20 z1=2792,B,1.15906,1.15944,2026.09.03 06:15,1,2026.09.03 06:20,1.15956,1.15943"
1019,RECON62-B160,1617DC1ACCE6B50ED2D1359582A70A8B8503C569623EE90C18C6B33542796207,Tester/logs/20261010.log,5939326,2026-09-03,15:25,B152PR,"RF	0	21:33:13.457	Core 04	2026.09.03 15:25:00   [SRJ-IND] B152PR sym=EURUSD bar=2026.09.03 15:20 bull=1 bear=1 nz=17"
1020,RECON62-B160,1617DC1ACCE6B50ED2D1359582A70A8B8503C569623EE90C18C6B33542796207,Tester/logs/20261010.log,5939333,2026-09-03,15:30,B152PR,"OR	0	21:33:13.457	Core 04	2026.09.03 15:30:00   [SRJ-IND] B152PR sym=EURUSD bar=2026.09.03 15:25 z1=305,B,1.15201,1.15225,2026.08.13 10:45,1,2026.08.13 11:00,1.15264,1.15225"
1021,RECON62-B160,1617DC1ACCE6B50ED2D1359582A70A8B8503C569623EE90C18C6B33542796207,Tester/logs/20261010.log,5939334,2026-09-03,15:30,B152PR,"OD	0	21:33:13.457	Core 04	2026.09.03 15:30:00   [SRJ-IND] B152PR sym=EURUSD bar=2026.09.03 15:25 z1=405,B,1.15248,1.15263,2026.08.14 00:25,1,2026.08.14 00:50,1.15276,1.15259"
1022,RECON62-B160,1617DC1ACCE6B50ED2D1359582A70A8B8503C569623EE90C18C6B33542796207,Tester/logs/20261010.log,5939335,2026-09-03,15:30,B152PR,"JN	0	21:33:13.457	Core 04	2026.09.03 15:30:00   [SRJ-IND] B152PR sym=EURUSD bar=2026.09.03 15:25 z1=435,B,1.15357,1.15373,2026.08.14 06:30,1,2026.08.14 06:35,1.15382,1.15367"
1023,RECON62-B160,1617DC1ACCE6B50ED2D1359582A70A8B8503C569623EE90C18C6B33542796207,Tester/logs/20261010.log,5939336,2026-09-03,15:30,B152PR,"LP	0	21:33:13.457	Core 04	2026.09.03 15:30:00   [SRJ-IND] B152PR sym=EURUSD bar=2026.09.03 15:25 z1=484,B,1.15504,1.15532,2026.08.14 11:45,1,2026.08.14 11:50,1.15549,1.15520"
1024,RECON62-B160,1617DC1ACCE6B50ED2D1359582A70A8B8503C569623EE90C18C6B33542796207,Tester/logs/20261010.log,5939337,2026-09-03,15:30,B152PR,"HH	0	21:33:13.457	Core 04	2026.09.03 15:30:00   [SRJ-IND] B152PR sym=EURUSD bar=2026.09.03 15:25 z1=1389,S,1.17072,1.17107,2026.08.21 13:55,1,2026.08.21 14:20,1.17098,1.17032"
1025,RECON62-B160,1617DC1ACCE6B50ED2D1359582A70A8B8503C569623EE90C18C6B33542796207,Tester/logs/20261010.log,5939338,2026-09-03,15:30,B152PR,"EN	0	21:33:13.457	Core 04	2026.09.03 15:30:00   [SRJ-IND] B152PR sym=EURUSD bar=2026.09.03 15:25 z1=1481,S,1.16836,1.16871,2026.08.24 04:10,1,2026.08.24 05:10,1.16841,1.16818"
1026,RECON62-B160,1617DC1ACCE6B50ED2D1359582A70A8B8503C569623EE90C18C6B33542796207,Tester/logs/20261010.log,5939339,2026-09-03,15:30,B152PR,"LD	0	21:33:13.457	Core 04	2026.09.03 15:30:00   [SRJ-IND] B152PR sym=EURUSD bar=2026.09.03 15:25 z1=1484,S,1.16822,1.16855,2026.08.24 04:20,1,2026.08.24 05:00,1.16831,1.16810"
1027,RECON62-B160,1617DC1ACCE6B50ED2D1359582A70A8B8503C569623EE90C18C6B33542796207,Tester/logs/20261010.log,5939340,2026-09-03,15:30,B152PR,"FJ	0	21:33:13.457	Core 04	2026.09.03 15:30:00   [SRJ-IND] B152PR sym=EURUSD bar=2026.09.03 15:25 z1=1516,S,1.16800,1.16817,2026.08.24 08:45,1,2026.08.24 08:55,1.16812,1.16783"
1028,RECON62-B160,1617DC1ACCE6B50ED2D1359582A70A8B8503C569623EE90C18C6B33542796207,Tester/logs/20261010.log,5939341,2026-09-03,15:30,B152PR,"FP	0	21:33:13.457	Core 04	2026.09.03 15:30:00   [SRJ-IND] B152PR sym=EURUSD bar=2026.09.03 15:25 z1=1704,S,1.16580,1.16647,2026.08.26 16:00,1,2026.08.26 16:30,1.16587,1.16541"
1029,RECON62-B160,1617DC1ACCE6B50ED2D1359582A70A8B8503C569623EE90C18C6B33542796207,Tester/logs/20261010.log,5939342,2026-09-03,15:30,B152PR,"IF	0	21:33:13.457	Core 04	2026.09.03 15:30:00   [SRJ-IND] B152PR sym=EURUSD bar=2026.09.03 15:25 z1=1728,S,1.16596,1.16624,2026.08.26 16:00,1,2026.08.27 16:25,1.16598,1.16561"
1030,RECON62-B160,1617DC1ACCE6B50ED2D1359582A70A8B8503C569623EE90C18C6B33542796207,Tester/logs/20261010.log,5939343,2026-09-03,15:30,B152PR,"ML	0	21:33:13.457	Core 04	2026.09.03 15:30:00   [SRJ-IND] B152PR sym=EURUSD bar=2026.09.03 15:25 z1=1784,S,1.16754,1.16787,2026.08.25 23:40,1,2026.08.25 23:50,1.16758,1.16746"
1031,RECON62-B160,1617DC1ACCE6B50ED2D1359582A70A8B8503C569623EE90C18C6B33542796207,Tester/logs/20261010.log,5939344,2026-09-03,15:30,B152PR,"QR	0	21:33:13.457	Core 04	2026.09.03 15:30:00   [SRJ-IND] B152PR sym=EURUSD bar=2026.09.03 15:25 z1=1866,S,1.16723,1.16738,2026.08.26 12:00,1,2026.08.26 15:10,1.16732,1.16692"
1032,RECON62-B160,1617DC1ACCE6B50ED2D1359582A70A8B8503C569623EE90C18C6B33542796207,Tester/logs/20261010.log,5939345,2026-09-03,15:30,B152PR,"IH	0	21:33:13.457	Core 04	2026.09.03 15:30:00   [SRJ-IND] B152PR sym=EURUSD bar=2026.09.03 15:25 z1=2109,S,1.16505,1.16537,2026.08.28 05:05,1,2026.08.28 05:55,1.16507,1.16497"
1033,RECON62-B160,1617DC1ACCE6B50ED2D1359582A70A8B8503C569623EE90C18C6B33542796207,Tester/logs/20261010.log,5939346,2026-09-03,15:30,B152PR,"RN	0	21:33:13.457	Core 04	2026.09.03 15:30:00   [SRJ-IND] B152PR sym=EURUSD bar=2026.09.03 15:25 z1=2149,S,1.16492,1.16507,2026.08.28 06:40,1,2026.08.28 14:00,1.16494,1.16471"
1034,RECON62-B160,1617DC1ACCE6B50ED2D1359582A70A8B8503C569623EE90C18C6B33542796207,Tester/logs/20261010.log,5939347,2026-09-03,15:30,B152PR,"ED	0	21:33:13.457	Core 04	2026.09.03 15:30:00   [SRJ-IND] B152PR sym=EURUSD bar=2026.09.03 15:25 z1=2455,S,1.16150,1.16174,2026.09.01 04:55,1,2026.09.03 15:00,1.16156,1.16112"
1035,RECON62-B160,1617DC1ACCE6B50ED2D1359582A70A8B8503C569623EE90C18C6B33542796207,Tester/logs/20261010.log,5939348,2026-09-03,15:30,B152PR,"NJ	0	21:33:13.457	Core 04	2026.09.03 15:30:00   [SRJ-IND] B152PR sym=EURUSD bar=2026.09.03 15:25 z1=2460,S,1.16165,1.16217,2026.09.01 04:10,1,2026.09.03 15:05,1.16169,1.16137"
1036,RECON62-B160,1617DC1ACCE6B50ED2D1359582A70A8B8503C569623EE90C18C6B33542796207,Tester/logs/20261010.log,5939349,2026-09-03,15:30,B152PR,"NQ	0	21:33:13.457	Core 04	2026.09.03 15:30:00   [SRJ-IND] B152PR sym=EURUSD bar=2026.09.03 15:25 z1=2792,B,1.15906,1.15944,2026.09.03 06:15,1,2026.09.03 06:20,1.15956,1.15943"
1037,RECON62-B160,1617DC1ACCE6B50ED2D1359582A70A8B8503C569623EE90C18C6B33542796207,Tester/logs/20261010.log,5939350,2026-09-03,15:30,B152PR,"KE	0	21:33:13.457	Core 04	2026.09.03 15:30:00   [SRJ-IND] B152PR sym=EURUSD bar=2026.09.03 15:25 bull=1 bear=1 nz=17"
1038,RECON62-B160,1617DC1ACCE6B50ED2D1359582A70A8B8503C569623EE90C18C6B33542796207,Tester/logs/20261010.log,5939355,2026-09-03,15:30,CQDRECHECK,"EE	0	21:33:13.457	Core 04	2026.09.03 15:30:00   [SRJ-EA] CQDRECHECK shift=2 passA=2.0 passB=2.0 diff=0 bar=2026.09.03 15:20 state=IDLE dir=NONE divLatch=0 hit1=0 hit2=517 mism=0"
1039,RECON62-B160,1617DC1ACCE6B50ED2D1359582A70A8B8503C569623EE90C18C6B33542796207,Tester/logs/20261010.log,5939364,2026-09-03,15:35,B152PR,"LN	0	21:33:13.457	Core 04	2026.09.03 15:35:00   [SRJ-IND] B152PR sym=EURUSD bar=2026.09.03 15:30 z1=305,B,1.15201,1.15225,2026.08.13 10:45,1,2026.08.13 11:00,1.15264,1.15225"
1040,RECON62-B160,1617DC1ACCE6B50ED2D1359582A70A8B8503C569623EE90C18C6B33542796207,Tester/logs/20261010.log,5939365,2026-09-03,15:35,B152PR,"LP	0	21:33:13.457	Core 04	2026.09.03 15:35:00   [SRJ-IND] B152PR sym=EURUSD bar=2026.09.03 15:30 z1=405,B,1.15248,1.15263,2026.08.14 00:25,1,2026.08.14 00:50,1.15276,1.15259"
1041,RECON62-B160,1617DC1ACCE6B50ED2D1359582A70A8B8503C569623EE90C18C6B33542796207,Tester/logs/20261010.log,5939366,2026-09-03,15:35,B152PR,"MJ	0	21:33:13.457	Core 04	2026.09.03 15:35:00   [SRJ-IND] B152PR sym=EURUSD bar=2026.09.03 15:30 z1=435,B,1.15357,1.15373,2026.08.14 06:30,1,2026.08.14 06:35,1.15382,1.15367"
1042,RECON62-B160,1617DC1ACCE6B50ED2D1359582A70A8B8503C569623EE90C18C6B33542796207,Tester/logs/20261010.log,5939367,2026-09-03,15:35,B152PR,"GL	0	21:33:13.457	Core 04	2026.09.03 15:35:00   [SRJ-IND] B152PR sym=EURUSD bar=2026.09.03 15:30 z1=484,B,1.15504,1.15532,2026.08.14 11:45,1,2026.08.14 11:50,1.15549,1.15520"
1043,RECON62-B160,1617DC1ACCE6B50ED2D1359582A70A8B8503C569623EE90C18C6B33542796207,Tester/logs/20261010.log,5939368,2026-09-03,15:35,B152PR,"CD	0	21:33:13.457	Core 04	2026.09.03 15:35:00   [SRJ-IND] B152PR sym=EURUSD bar=2026.09.03 15:30 z1=1389,S,1.17072,1.17107,2026.08.21 13:55,1,2026.08.21 14:20,1.17098,1.17032"
1044,RECON62-B160,1617DC1ACCE6B50ED2D1359582A70A8B8503C569623EE90C18C6B33542796207,Tester/logs/20261010.log,5939369,2026-09-03,15:35,B152PR,"JJ	0	21:33:13.457	Core 04	2026.09.03 15:35:00   [SRJ-IND] B152PR sym=EURUSD bar=2026.09.03 15:30 z1=1481,S,1.16836,1.16871,2026.08.24 04:10,1,2026.08.24 05:10,1.16841,1.16818"
1045,RECON62-B160,1617DC1ACCE6B50ED2D1359582A70A8B8503C569623EE90C18C6B33542796207,Tester/logs/20261010.log,5939370,2026-09-03,15:35,B152PR,"OP	0	21:33:13.457	Core 04	2026.09.03 15:35:00   [SRJ-IND] B152PR sym=EURUSD bar=2026.09.03 15:30 z1=1484,S,1.16822,1.16855,2026.08.24 04:20,1,2026.08.24 05:00,1.16831,1.16810"
1046,RECON62-B160,1617DC1ACCE6B50ED2D1359582A70A8B8503C569623EE90C18C6B33542796207,Tester/logs/20261010.log,5939371,2026-09-03,15:35,B152PR,"IF	0	21:33:13.457	Core 04	2026.09.03 15:35:00   [SRJ-IND] B152PR sym=EURUSD bar=2026.09.03 15:30 z1=1516,S,1.16800,1.16817,2026.08.24 08:45,1,2026.08.24 08:55,1.16812,1.16783"
1047,RECON62-B160,1617DC1ACCE6B50ED2D1359582A70A8B8503C569623EE90C18C6B33542796207,Tester/logs/20261010.log,5939372,2026-09-03,15:35,B152PR,"IL	0	21:33:13.457	Core 04	2026.09.03 15:35:00   [SRJ-IND] B152PR sym=EURUSD bar=2026.09.03 15:30 z1=1704,S,1.16580,1.16647,2026.08.26 16:00,1,2026.08.26 16:30,1.16587,1.16541"
1048,RECON62-B160,1617DC1ACCE6B50ED2D1359582A70A8B8503C569623EE90C18C6B33542796207,Tester/logs/20261010.log,5939373,2026-09-03,15:35,B152PR,"FR	0	21:33:13.457	Core 04	2026.09.03 15:35:00   [SRJ-IND] B152PR sym=EURUSD bar=2026.09.03 15:30 z1=1728,S,1.16596,1.16624,2026.08.26 16:00,1,2026.08.27 16:25,1.16598,1.16561"
1049,RECON62-B160,1617DC1ACCE6B50ED2D1359582A70A8B8503C569623EE90C18C6B33542796207,Tester/logs/20261010.log,5939374,2026-09-03,15:35,B152PR,"RH	0	21:33:13.457	Core 04	2026.09.03 15:35:00   [SRJ-IND] B152PR sym=EURUSD bar=2026.09.03 15:30 z1=1784,S,1.16754,1.16787,2026.08.25 23:40,1,2026.08.25 23:50,1.16758,1.16746"
1050,RECON62-B160,1617DC1ACCE6B50ED2D1359582A70A8B8503C569623EE90C18C6B33542796207,Tester/logs/20261010.log,5939375,2026-09-03,15:35,B152PR,"NN	0	21:33:13.457	Core 04	2026.09.03 15:35:00   [SRJ-IND] B152PR sym=EURUSD bar=2026.09.03 15:30 z1=1866,S,1.16723,1.16738,2026.08.26 12:00,1,2026.08.26 15:10,1.16732,1.16692"
1051,RECON62-B160,1617DC1ACCE6B50ED2D1359582A70A8B8503C569623EE90C18C6B33542796207,Tester/logs/20261010.log,5939376,2026-09-03,15:35,B152PR,"FD	0	21:33:13.457	Core 04	2026.09.03 15:35:00   [SRJ-IND] B152PR sym=EURUSD bar=2026.09.03 15:30 z1=2109,S,1.16505,1.16537,2026.08.28 05:05,1,2026.08.28 05:55,1.16507,1.16497"
1052,RECON62-B160,1617DC1ACCE6B50ED2D1359582A70A8B8503C569623EE90C18C6B33542796207,Tester/logs/20261010.log,5939377,2026-09-03,15:35,B152PR,"MJ	0	21:33:13.457	Core 04	2026.09.03 15:35:00   [SRJ-IND] B152PR sym=EURUSD bar=2026.09.03 15:30 z1=2149,S,1.16492,1.16507,2026.08.28 06:40,1,2026.08.28 14:00,1.16494,1.16471"
1053,RECON62-B160,1617DC1ACCE6B50ED2D1359582A70A8B8503C569623EE90C18C6B33542796207,Tester/logs/20261010.log,5939378,2026-09-03,15:35,B152PR,"QQ	0	21:33:13.457	Core 04	2026.09.03 15:35:00   [SRJ-IND] B152PR sym=EURUSD bar=2026.09.03 15:30 z1=2792,B,1.15906,1.15944,2026.09.03 06:15,1,2026.09.03 06:20,1.15956,1.15943"
1054,RECON62-B160,1617DC1ACCE6B50ED2D1359582A70A8B8503C569623EE90C18C6B33542796207,Tester/logs/20261010.log,5939379,2026-09-03,15:35,B152PR,"RE	0	21:33:13.457	Core 04	2026.09.03 15:35:00   [SRJ-IND] B152PR sym=EURUSD bar=2026.09.03 15:30 bull=1 bear=1 nz=15"
1055,RECON62-B160,1617DC1ACCE6B50ED2D1359582A70A8B8503C569623EE90C18C6B33542796207,Tester/logs/20261010.log,5939383,2026-09-03,15:35,CQDRECHECK,"JD	0	21:33:13.457	Core 04	2026.09.03 15:35:00   [SRJ-EA] CQDRECHECK shift=2 passA=2.0 passB=2.0 diff=0 bar=2026.09.03 15:25 state=IDLE dir=NONE divLatch=0 hit1=0 hit2=518 mism=0"
1056,RECON62-B160,1617DC1ACCE6B50ED2D1359582A70A8B8503C569623EE90C18C6B33542796207,Tester/logs/20261010.log,5939389,2026-09-03,15:40,B152PR,"KF	0	21:33:13.457	Core 04	2026.09.03 15:40:00   [SRJ-IND] B152PR sym=EURUSD bar=2026.09.03 15:35 z1=305,B,1.15201,1.15225,2026.08.13 10:45,1,2026.08.13 11:00,1.15264,1.15225"
1057,RECON62-B160,1617DC1ACCE6B50ED2D1359582A70A8B8503C569623EE90C18C6B33542796207,Tester/logs/20261010.log,5939390,2026-09-03,15:40,B152PR,"OH	0	21:33:13.457	Core 04	2026.09.03 15:40:00   [SRJ-IND] B152PR sym=EURUSD bar=2026.09.03 15:35 z1=405,B,1.15248,1.15263,2026.08.14 00:25,1,2026.08.14 00:50,1.15276,1.15259"
1058,RECON62-B160,1617DC1ACCE6B50ED2D1359582A70A8B8503C569623EE90C18C6B33542796207,Tester/logs/20261010.log,5939391,2026-09-03,15:40,B152PR,"FR	0	21:33:13.457	Core 04	2026.09.03 15:40:00   [SRJ-IND] B152PR sym=EURUSD bar=2026.09.03 15:35 z1=435,B,1.15357,1.15373,2026.08.14 06:30,1,2026.08.14 06:35,1.15382,1.15367"
1059,RECON62-B160,1617DC1ACCE6B50ED2D1359582A70A8B8503C569623EE90C18C6B33542796207,Tester/logs/20261010.log,5939392,2026-09-03,15:40,B152PR,"DD	0	21:33:13.457	Core 04	2026.09.03 15:40:00   [SRJ-IND] B152PR sym=EURUSD bar=2026.09.03 15:35 z1=484,B,1.15504,1.15532,2026.08.14 11:45,1,2026.08.14 11:50,1.15549,1.15520"
1060,RECON62-B160,1617DC1ACCE6B50ED2D1359582A70A8B8503C569623EE90C18C6B33542796207,Tester/logs/20261010.log,5939393,2026-09-03,15:40,B152PR,"DL	0	21:33:13.457	Core 04	2026.09.03 15:40:00   [SRJ-IND] B152PR sym=EURUSD bar=2026.09.03 15:35 z1=1389,S,1.17072,1.17107,2026.08.21 13:55,1,2026.08.21 14:20,1.17098,1.17032"
1061,RECON62-B160,1617DC1ACCE6B50ED2D1359582A70A8B8503C569623EE90C18C6B33542796207,Tester/logs/20261010.log,5939394,2026-09-03,15:40,B152PR,"IR	0	21:33:13.457	Core 04	2026.09.03 15:40:00   [SRJ-IND] B152PR sym=EURUSD bar=2026.09.03 15:35 z1=1481,S,1.16836,1.16871,2026.08.24 04:10,1,2026.08.24 05:10,1.16841,1.16818"
1062,RECON62-B160,1617DC1ACCE6B50ED2D1359582A70A8B8503C569623EE90C18C6B33542796207,Tester/logs/20261010.log,5939395,2026-09-03,15:40,B152PR,"PH	0	21:33:13.457	Core 04	2026.09.03 15:40:00   [SRJ-IND] B152PR sym=EURUSD bar=2026.09.03 15:35 z1=1484,S,1.16822,1.16855,2026.08.24 04:20,1,2026.08.24 05:00,1.16831,1.16810"
1063,RECON62-B160,1617DC1ACCE6B50ED2D1359582A70A8B8503C569623EE90C18C6B33542796207,Tester/logs/20261010.log,5939396,2026-09-03,15:40,B152PR,"JN	0	21:33:13.457	Core 04	2026.09.03 15:40:00   [SRJ-IND] B152PR sym=EURUSD bar=2026.09.03 15:35 z1=1516,S,1.16800,1.16817,2026.08.24 08:45,1,2026.08.24 08:55,1.16812,1.16783"
1064,RECON62-B160,1617DC1ACCE6B50ED2D1359582A70A8B8503C569623EE90C18C6B33542796207,Tester/logs/20261010.log,5939397,2026-09-03,15:40,B152PR,"JD	0	21:33:13.457	Core 04	2026.09.03 15:40:00   [SRJ-IND] B152PR sym=EURUSD bar=2026.09.03 15:35 z1=1704,S,1.16580,1.16647,2026.08.26 16:00,1,2026.08.26 16:30,1.16587,1.16541"
1065,RECON62-B160,1617DC1ACCE6B50ED2D1359582A70A8B8503C569623EE90C18C6B33542796207,Tester/logs/20261010.log,5939398,2026-09-03,15:40,B152PR,"EJ	0	21:33:13.457	Core 04	2026.09.03 15:40:00   [SRJ-IND] B152PR sym=EURUSD bar=2026.09.03 15:35 z1=1728,S,1.16596,1.16624,2026.08.26 16:00,1,2026.08.27 16:25,1.16598,1.16561"
1066,RECON62-B160,1617DC1ACCE6B50ED2D1359582A70A8B8503C569623EE90C18C6B33542796207,Tester/logs/20261010.log,5939399,2026-09-03,15:40,B152PR,"QP	0	21:33:13.457	Core 04	2026.09.03 15:40:00   [SRJ-IND] B152PR sym=EURUSD bar=2026.09.03 15:35 z1=1784,S,1.16754,1.16787,2026.08.25 23:40,1,2026.08.25 23:50,1.16758,1.16746"
1067,RECON62-B160,1617DC1ACCE6B50ED2D1359582A70A8B8503C569623EE90C18C6B33542796207,Tester/logs/20261010.log,5939400,2026-09-03,15:40,B152PR,"MF	0	21:33:13.457	Core 04	2026.09.03 15:40:00   [SRJ-IND] B152PR sym=EURUSD bar=2026.09.03 15:35 z1=1866,S,1.16723,1.16738,2026.08.26 12:00,1,2026.08.26 15:10,1.16732,1.16692"
1068,RECON62-B160,1617DC1ACCE6B50ED2D1359582A70A8B8503C569623EE90C18C6B33542796207,Tester/logs/20261010.log,5939401,2026-09-03,15:40,B152PR,"EL	0	21:33:13.457	Core 04	2026.09.03 15:40:00   [SRJ-IND] B152PR sym=EURUSD bar=2026.09.03 15:35 z1=2109,S,1.16505,1.16537,2026.08.28 05:05,1,2026.08.28 05:55,1.16507,1.16497"
1069,RECON62-B160,1617DC1ACCE6B50ED2D1359582A70A8B8503C569623EE90C18C6B33542796207,Tester/logs/20261010.log,5939402,2026-09-03,15:40,B152PR,"NR	0	21:33:13.457	Core 04	2026.09.03 15:40:00   [SRJ-IND] B152PR sym=EURUSD bar=2026.09.03 15:35 z1=2149,S,1.16492,1.16507,2026.08.28 06:40,1,2026.08.28 14:00,1.16494,1.16471"
1070,RECON62-B160,1617DC1ACCE6B50ED2D1359582A70A8B8503C569623EE90C18C6B33542796207,Tester/logs/20261010.log,5939403,2026-09-03,15:40,B152PR,"RI	0	21:33:13.457	Core 04	2026.09.03 15:40:00   [SRJ-IND] B152PR sym=EURUSD bar=2026.09.03 15:35 z1=2792,B,1.15906,1.15944,2026.09.03 06:15,1,2026.09.03 06:20,1.15956,1.15943"
1071,RECON62-B160,1617DC1ACCE6B50ED2D1359582A70A8B8503C569623EE90C18C6B33542796207,Tester/logs/20261010.log,5939404,2026-09-03,15:40,B152PR,"QM	0	21:33:13.457	Core 04	2026.09.03 15:40:00   [SRJ-IND] B152PR sym=EURUSD bar=2026.09.03 15:35 bull=1 bear=1 nz=15"
1072,RECON62-B160,1617DC1ACCE6B50ED2D1359582A70A8B8503C569623EE90C18C6B33542796207,Tester/logs/20261010.log,5939408,2026-09-03,15:40,CQDRECHECK,"MM	0	21:33:13.457	Core 04	2026.09.03 15:40:00   [SRJ-EA] CQDRECHECK shift=2 passA=-1.0 passB=-1.0 diff=0 bar=2026.09.03 15:30 state=IDLE dir=NONE divLatch=0 hit1=0 hit2=519 mism=0"
1073,RECON62-B160,1617DC1ACCE6B50ED2D1359582A70A8B8503C569623EE90C18C6B33542796207,Tester/logs/20261010.log,5939413,2026-09-03,15:45,B152PR,"LR	0	21:33:13.457	Core 04	2026.09.03 15:45:00   [SRJ-IND] B152PR sym=EURUSD bar=2026.09.03 15:40 z1=305,B,1.15201,1.15225,2026.08.13 10:45,1,2026.08.13 11:00,1.15264,1.15225"
1074,RECON62-B160,1617DC1ACCE6B50ED2D1359582A70A8B8503C569623EE90C18C6B33542796207,Tester/logs/20261010.log,5939414,2026-09-03,15:45,B152PR,"LD	0	21:33:13.457	Core 04	2026.09.03 15:45:00   [SRJ-IND] B152PR sym=EURUSD bar=2026.09.03 15:40 z1=405,B,1.15248,1.15263,2026.08.14 00:25,1,2026.08.14 00:50,1.15276,1.15259"
1075,RECON62-B160,1617DC1ACCE6B50ED2D1359582A70A8B8503C569623EE90C18C6B33542796207,Tester/logs/20261010.log,5939415,2026-09-03,15:45,B152PR,"MN	0	21:33:13.457	Core 04	2026.09.03 15:45:00   [SRJ-IND] B152PR sym=EURUSD bar=2026.09.03 15:40 z1=435,B,1.15357,1.15373,2026.08.14 06:30,1,2026.08.14 06:35,1.15382,1.15367"
1076,RECON62-B160,1617DC1ACCE6B50ED2D1359582A70A8B8503C569623EE90C18C6B33542796207,Tester/logs/20261010.log,5939416,2026-09-03,15:45,B152PR,"GP	0	21:33:13.457	Core 04	2026.09.03 15:45:00   [SRJ-IND] B152PR sym=EURUSD bar=2026.09.03 15:40 z1=484,B,1.15504,1.15532,2026.08.14 11:45,1,2026.08.14 11:50,1.15549,1.15520"
1077,RECON62-B160,1617DC1ACCE6B50ED2D1359582A70A8B8503C569623EE90C18C6B33542796207,Tester/logs/20261010.log,5939417,2026-09-03,15:45,B152PR,"CH	0	21:33:13.457	Core 04	2026.09.03 15:45:00   [SRJ-IND] B152PR sym=EURUSD bar=2026.09.03 15:40 z1=1389,S,1.17072,1.17107,2026.08.21 13:55,1,2026.08.21 14:20,1.17098,1.17032"
1078,RECON62-B160,1617DC1ACCE6B50ED2D1359582A70A8B8503C569623EE90C18C6B33542796207,Tester/logs/20261010.log,5939418,2026-09-03,15:45,B152PR,"JN	0	21:33:13.457	Core 04	2026.09.03 15:45:00   [SRJ-IND] B152PR sym=EURUSD bar=2026.09.03 15:40 z1=1481,S,1.16836,1.16871,2026.08.24 04:10,1,2026.08.24 05:10,1.16841,1.16818"
1079,RECON62-B160,1617DC1ACCE6B50ED2D1359582A70A8B8503C569623EE90C18C6B33542796207,Tester/logs/20261010.log,5939419,2026-09-03,15:45,B152PR,"OD	0	21:33:13.457	Core 04	2026.09.03 15:45:00   [SRJ-IND] B152PR sym=EURUSD bar=2026.09.03 15:40 z1=1484,S,1.16822,1.16855,2026.08.24 04:20,1,2026.08.24 05:00,1.16831,1.16810"
1080,RECON62-B160,1617DC1ACCE6B50ED2D1359582A70A8B8503C569623EE90C18C6B33542796207,Tester/logs/20261010.log,5939420,2026-09-03,15:45,B152PR,"IJ	0	21:33:13.457	Core 04	2026.09.03 15:45:00   [SRJ-IND] B152PR sym=EURUSD bar=2026.09.03 15:40 z1=1516,S,1.16800,1.16817,2026.08.24 08:45,1,2026.08.24 08:55,1.16812,1.16783"
1081,RECON62-B160,1617DC1ACCE6B50ED2D1359582A70A8B8503C569623EE90C18C6B33542796207,Tester/logs/20261010.log,5939421,2026-09-03,15:45,B152PR,"IP	0	21:33:13.457	Core 04	2026.09.03 15:45:00   [SRJ-IND] B152PR sym=EURUSD bar=2026.09.03 15:40 z1=1704,S,1.16580,1.16647,2026.08.26 16:00,1,2026.08.26 16:30,1.16587,1.16541"
1082,RECON62-B160,1617DC1ACCE6B50ED2D1359582A70A8B8503C569623EE90C18C6B33542796207,Tester/logs/20261010.log,5939422,2026-09-03,15:45,B152PR,"FF	0	21:33:13.457	Core 04	2026.09.03 15:45:00   [SRJ-IND] B152PR sym=EURUSD bar=2026.09.03 15:40 z1=1728,S,1.16596,1.16624,2026.08.26 16:00,1,2026.08.27 16:25,1.16598,1.16561"
1083,RECON62-B160,1617DC1ACCE6B50ED2D1359582A70A8B8503C569623EE90C18C6B33542796207,Tester/logs/20261010.log,5939423,2026-09-03,15:45,B152PR,"RL	0	21:33:13.457	Core 04	2026.09.03 15:45:00   [SRJ-IND] B152PR sym=EURUSD bar=2026.09.03 15:40 z1=1784,S,1.16754,1.16787,2026.08.25 23:40,1,2026.08.25 23:50,1.16758,1.16746"
1084,RECON62-B160,1617DC1ACCE6B50ED2D1359582A70A8B8503C569623EE90C18C6B33542796207,Tester/logs/20261010.log,5939424,2026-09-03,15:45,B152PR,"NR	0	21:33:13.457	Core 04	2026.09.03 15:45:00   [SRJ-IND] B152PR sym=EURUSD bar=2026.09.03 15:40 z1=1866,S,1.16723,1.16738,2026.08.26 12:00,1,2026.08.26 15:10,1.16732,1.16692"
1085,RECON62-B160,1617DC1ACCE6B50ED2D1359582A70A8B8503C569623EE90C18C6B33542796207,Tester/logs/20261010.log,5939425,2026-09-03,15:45,B152PR,"FH	0	21:33:13.457	Core 04	2026.09.03 15:45:00   [SRJ-IND] B152PR sym=EURUSD bar=2026.09.03 15:40 z1=2109,S,1.16505,1.16537,2026.08.28 05:05,1,2026.08.28 05:55,1.16507,1.16497"
1086,RECON62-B160,1617DC1ACCE6B50ED2D1359582A70A8B8503C569623EE90C18C6B33542796207,Tester/logs/20261010.log,5939426,2026-09-03,15:45,B152PR,"MN	0	21:33:13.457	Core 04	2026.09.03 15:45:00   [SRJ-IND] B152PR sym=EURUSD bar=2026.09.03 15:40 z1=2149,S,1.16492,1.16507,2026.08.28 06:40,1,2026.08.28 14:00,1.16494,1.16471"
1087,RECON62-B160,1617DC1ACCE6B50ED2D1359582A70A8B8503C569623EE90C18C6B33542796207,Tester/logs/20261010.log,5939427,2026-09-03,15:45,B152PR,"QE	0	21:33:13.457	Core 04	2026.09.03 15:45:00   [SRJ-IND] B152PR sym=EURUSD bar=2026.09.03 15:40 z1=2792,B,1.15906,1.15944,2026.09.03 06:15,1,2026.09.03 06:20,1.15956,1.15943"
1088,RECON62-B160,1617DC1ACCE6B50ED2D1359582A70A8B8503C569623EE90C18C6B33542796207,Tester/logs/20261010.log,5939428,2026-09-03,15:45,B152PR,"RI	0	21:33:13.457	Core 04	2026.09.03 15:45:00   [SRJ-IND] B152PR sym=EURUSD bar=2026.09.03 15:40 bull=1 bear=1 nz=15"
1089,RECON62-B160,1617DC1ACCE6B50ED2D1359582A70A8B8503C569623EE90C18C6B33542796207,Tester/logs/20261010.log,5939436,2026-09-03,15:50,B152PR,"GD	0	21:33:13.457	Core 04	2026.09.03 15:50:00   [SRJ-IND] B152PR sym=EURUSD bar=2026.09.03 15:45 z1=305,B,1.15201,1.15225,2026.08.13 10:45,1,2026.08.13 11:00,1.15264,1.15225"
1090,RECON62-B160,1617DC1ACCE6B50ED2D1359582A70A8B8503C569623EE90C18C6B33542796207,Tester/logs/20261010.log,5939437,2026-09-03,15:50,B152PR,"GN	0	21:33:13.457	Core 04	2026.09.03 15:50:00   [SRJ-IND] B152PR sym=EURUSD bar=2026.09.03 15:45 z1=405,B,1.15248,1.15263,2026.08.14 00:25,1,2026.08.14 00:50,1.15276,1.15259"
1091,RECON62-B160,1617DC1ACCE6B50ED2D1359582A70A8B8503C569623EE90C18C6B33542796207,Tester/logs/20261010.log,5939438,2026-09-03,15:50,B152PR,"RP	0	21:33:13.457	Core 04	2026.09.03 15:50:00   [SRJ-IND] B152PR sym=EURUSD bar=2026.09.03 15:45 z1=435,B,1.15357,1.15373,2026.08.14 06:30,1,2026.08.14 06:35,1.15382,1.15367"
1092,RECON62-B160,1617DC1ACCE6B50ED2D1359582A70A8B8503C569623EE90C18C6B33542796207,Tester/logs/20261010.log,5939439,2026-09-03,15:50,B152PR,"DJ	0	21:33:13.457	Core 04	2026.09.03 15:50:00   [SRJ-IND] B152PR sym=EURUSD bar=2026.09.03 15:45 z1=484,B,1.15504,1.15532,2026.08.14 11:45,1,2026.08.14 11:50,1.15549,1.15520"
1093,RECON62-B160,1617DC1ACCE6B50ED2D1359582A70A8B8503C569623EE90C18C6B33542796207,Tester/logs/20261010.log,5939440,2026-09-03,15:50,B152PR,"PM	0	21:33:13.457	Core 04	2026.09.03 15:50:00   [SRJ-IND] B152PR sym=EURUSD bar=2026.09.03 15:45 z1=1389,S,1.17072,1.17107,2026.08.21 13:55,1,2026.08.21 14:20,1.17098,1.17032"
1094,RECON62-B160,1617DC1ACCE6B50ED2D1359582A70A8B8503C569623EE90C18C6B33542796207,Tester/logs/20261010.log,5939441,2026-09-03,15:50,B152PR,"MS	0	21:33:13.457	Core 04	2026.09.03 15:50:00   [SRJ-IND] B152PR sym=EURUSD bar=2026.09.03 15:45 z1=1481,S,1.16836,1.16871,2026.08.24 04:10,1,2026.08.24 05:10,1.16841,1.16818"
1095,RECON62-B160,1617DC1ACCE6B50ED2D1359582A70A8B8503C569623EE90C18C6B33542796207,Tester/logs/20261010.log,5939442,2026-09-03,15:50,B152PR,"DI	0	21:33:13.457	Core 04	2026.09.03 15:50:00   [SRJ-IND] B152PR sym=EURUSD bar=2026.09.03 15:45 z1=1484,S,1.16822,1.16855,2026.08.24 04:20,1,2026.08.24 05:00,1.16831,1.16810"
1096,RECON62-B160,1617DC1ACCE6B50ED2D1359582A70A8B8503C569623EE90C18C6B33542796207,Tester/logs/20261010.log,5939443,2026-09-03,15:50,B152PR,"NO	0	21:33:13.457	Core 04	2026.09.03 15:50:00   [SRJ-IND] B152PR sym=EURUSD bar=2026.09.03 15:45 z1=1516,S,1.16800,1.16817,2026.08.24 08:45,1,2026.08.24 08:55,1.16812,1.16783"
1097,RECON62-B160,1617DC1ACCE6B50ED2D1359582A70A8B8503C569623EE90C18C6B33542796207,Tester/logs/20261010.log,5939444,2026-09-03,15:50,B152PR,"NE	0	21:33:13.457	Core 04	2026.09.03 15:50:00   [SRJ-IND] B152PR sym=EURUSD bar=2026.09.03 15:45 z1=1704,S,1.16580,1.16647,2026.08.26 16:00,1,2026.08.26 16:30,1.16587,1.16541"
1098,RECON62-B160,1617DC1ACCE6B50ED2D1359582A70A8B8503C569623EE90C18C6B33542796207,Tester/logs/20261010.log,5939445,2026-09-03,15:50,B152PR,"QK	0	21:33:13.457	Core 04	2026.09.03 15:50:00   [SRJ-IND] B152PR sym=EURUSD bar=2026.09.03 15:45 z1=1728,S,1.16596,1.16624,2026.08.26 16:00,1,2026.08.27 16:25,1.16598,1.16561"
1099,RECON62-B160,1617DC1ACCE6B50ED2D1359582A70A8B8503C569623EE90C18C6B33542796207,Tester/logs/20261010.log,5939446,2026-09-03,15:50,B152PR,"EQ	0	21:33:13.457	Core 04	2026.09.03 15:50:00   [SRJ-IND] B152PR sym=EURUSD bar=2026.09.03 15:45 z1=1784,S,1.16754,1.16787,2026.08.25 23:40,1,2026.08.25 23:50,1.16758,1.16746"
1100,RECON62-B160,1617DC1ACCE6B50ED2D1359582A70A8B8503C569623EE90C18C6B33542796207,Tester/logs/20261010.log,5939447,2026-09-03,15:50,B152PR,"IG	0	21:33:13.457	Core 04	2026.09.03 15:50:00   [SRJ-IND] B152PR sym=EURUSD bar=2026.09.03 15:45 z1=1866,S,1.16723,1.16738,2026.08.26 12:00,1,2026.08.26 15:10,1.16732,1.16692"
1101,RECON62-B160,1617DC1ACCE6B50ED2D1359582A70A8B8503C569623EE90C18C6B33542796207,Tester/logs/20261010.log,5939448,2026-09-03,15:50,B152PR,"QM	0	21:33:13.457	Core 04	2026.09.03 15:50:00   [SRJ-IND] B152PR sym=EURUSD bar=2026.09.03 15:45 z1=2109,S,1.16505,1.16537,2026.08.28 05:05,1,2026.08.28 05:55,1.16507,1.16497"
1102,RECON62-B160,1617DC1ACCE6B50ED2D1359582A70A8B8503C569623EE90C18C6B33542796207,Tester/logs/20261010.log,5939449,2026-09-03,15:50,B152PR,"JS	0	21:33:13.457	Core 04	2026.09.03 15:50:00   [SRJ-IND] B152PR sym=EURUSD bar=2026.09.03 15:45 z1=2149,S,1.16492,1.16507,2026.08.28 06:40,1,2026.08.28 14:00,1.16494,1.16471"
1103,RECON62-B160,1617DC1ACCE6B50ED2D1359582A70A8B8503C569623EE90C18C6B33542796207,Tester/logs/20261010.log,5939450,2026-09-03,15:50,B152PR,"FH	0	21:33:13.457	Core 04	2026.09.03 15:50:00   [SRJ-IND] B152PR sym=EURUSD bar=2026.09.03 15:45 z1=2792,B,1.15906,1.15944,2026.09.03 06:15,1,2026.09.03 06:20,1.15956,1.15943"
1104,RECON62-B160,1617DC1ACCE6B50ED2D1359582A70A8B8503C569623EE90C18C6B33542796207,Tester/logs/20261010.log,5939451,2026-09-03,15:50,B152PR,"EL	0	21:33:13.457	Core 04	2026.09.03 15:50:00   [SRJ-IND] B152PR sym=EURUSD bar=2026.09.03 15:45 bull=1 bear=1 nz=15"
1105,RECON62-B160,1617DC1ACCE6B50ED2D1359582A70A8B8503C569623EE90C18C6B33542796207,Tester/logs/20261010.log,5939459,2026-09-03,15:55,B152PR,"DK	0	21:33:13.457	Core 04	2026.09.03 15:55:00   [SRJ-IND] B152PR sym=EURUSD bar=2026.09.03 15:50 z1=305,B,1.15201,1.15225,2026.08.13 10:45,1,2026.08.13 11:00,1.15264,1.15225"
1106,RECON62-B160,1617DC1ACCE6B50ED2D1359582A70A8B8503C569623EE90C18C6B33542796207,Tester/logs/20261010.log,5939460,2026-09-03,15:55,B152PR,"DM	0	21:33:13.457	Core 04	2026.09.03 15:55:00   [SRJ-IND] B152PR sym=EURUSD bar=2026.09.03 15:50 z1=405,B,1.15248,1.15263,2026.08.14 00:25,1,2026.08.14 00:50,1.15276,1.15259"
1107,RECON62-B160,1617DC1ACCE6B50ED2D1359582A70A8B8503C569623EE90C18C6B33542796207,Tester/logs/20261010.log,5939461,2026-09-03,15:55,B152PR,"EF	0	21:33:13.457	Core 04	2026.09.03 15:55:00   [SRJ-IND] B152PR sym=EURUSD bar=2026.09.03 15:50 z1=435,B,1.15357,1.15373,2026.08.14 06:30,1,2026.08.14 06:35,1.15382,1.15367"
1108,RECON62-B160,1617DC1ACCE6B50ED2D1359582A70A8B8503C569623EE90C18C6B33542796207,Tester/logs/20261010.log,5939462,2026-09-03,15:55,B152PR,"OH	0	21:33:13.457	Core 04	2026.09.03 15:55:00   [SRJ-IND] B152PR sym=EURUSD bar=2026.09.03 15:50 z1=484,B,1.15504,1.15532,2026.08.14 11:45,1,2026.08.14 11:50,1.15549,1.15520"
1109,RECON62-B160,1617DC1ACCE6B50ED2D1359582A70A8B8503C569623EE90C18C6B33542796207,Tester/logs/20261010.log,5939463,2026-09-03,15:55,B152PR,"KP	0	21:33:13.457	Core 04	2026.09.03 15:55:00   [SRJ-IND] B152PR sym=EURUSD bar=2026.09.03 15:50 z1=1389,S,1.17072,1.17107,2026.08.21 13:55,1,2026.08.21 14:20,1.17098,1.17032"
1110,RECON62-B160,1617DC1ACCE6B50ED2D1359582A70A8B8503C569623EE90C18C6B33542796207,Tester/logs/20261010.log,5939464,2026-09-03,15:55,B152PR,"RF	0	21:33:13.457	Core 04	2026.09.03 15:55:00   [SRJ-IND] B152PR sym=EURUSD bar=2026.09.03 15:50 z1=1481,S,1.16836,1.16871,2026.08.24 04:10,1,2026.08.24 05:10,1.16841,1.16818"
1111,RECON62-B160,1617DC1ACCE6B50ED2D1359582A70A8B8503C569623EE90C18C6B33542796207,Tester/logs/20261010.log,5939465,2026-09-03,15:55,B152PR,"GL	0	21:33:13.457	Core 04	2026.09.03 15:55:00   [SRJ-IND] B152PR sym=EURUSD bar=2026.09.03 15:50 z1=1484,S,1.16822,1.16855,2026.08.24 04:20,1,2026.08.24 05:00,1.16831,1.16810"
1112,RECON62-B160,1617DC1ACCE6B50ED2D1359582A70A8B8503C569623EE90C18C6B33542796207,Tester/logs/20261010.log,5939466,2026-09-03,15:55,B152PR,"QR	0	21:33:13.457	Core 04	2026.09.03 15:55:00   [SRJ-IND] B152PR sym=EURUSD bar=2026.09.03 15:50 z1=1516,S,1.16800,1.16817,2026.08.24 08:45,1,2026.08.24 08:55,1.16812,1.16783"
1113,RECON62-B160,1617DC1ACCE6B50ED2D1359582A70A8B8503C569623EE90C18C6B33542796207,Tester/logs/20261010.log,5939467,2026-09-03,15:55,B152PR,"QH	0	21:33:13.457	Core 04	2026.09.03 15:55:00   [SRJ-IND] B152PR sym=EURUSD bar=2026.09.03 15:50 z1=1704,S,1.16580,1.16647,2026.08.26 16:00,1,2026.08.26 16:30,1.16587,1.16541"
1114,RECON62-B160,1617DC1ACCE6B50ED2D1359582A70A8B8503C569623EE90C18C6B33542796207,Tester/logs/20261010.log,5939468,2026-09-03,15:55,B152PR,"NN	0	21:33:13.457	Core 04	2026.09.03 15:55:00   [SRJ-IND] B152PR sym=EURUSD bar=2026.09.03 15:50 z1=1728,S,1.16596,1.16624,2026.08.26 16:00,1,2026.08.27 16:25,1.16598,1.16561"
1115,RECON62-B160,1617DC1ACCE6B50ED2D1359582A70A8B8503C569623EE90C18C6B33542796207,Tester/logs/20261010.log,5939469,2026-09-03,15:55,B152PR,"JD	0	21:33:13.457	Core 04	2026.09.03 15:55:00   [SRJ-IND] B152PR sym=EURUSD bar=2026.09.03 15:50 z1=1784,S,1.16754,1.16787,2026.08.25 23:40,1,2026.08.25 23:50,1.16758,1.16746"
1116,RECON62-B160,1617DC1ACCE6B50ED2D1359582A70A8B8503C569623EE90C18C6B33542796207,Tester/logs/20261010.log,5939470,2026-09-03,15:55,B152PR,"FJ	0	21:33:13.457	Core 04	2026.09.03 15:55:00   [SRJ-IND] B152PR sym=EURUSD bar=2026.09.03 15:50 z1=1866,S,1.16723,1.16738,2026.08.26 12:00,1,2026.08.26 15:10,1.16732,1.16692"
1117,RECON62-B160,1617DC1ACCE6B50ED2D1359582A70A8B8503C569623EE90C18C6B33542796207,Tester/logs/20261010.log,5939471,2026-09-03,15:55,B152PR,"NP	0	21:33:13.457	Core 04	2026.09.03 15:55:00   [SRJ-IND] B152PR sym=EURUSD bar=2026.09.03 15:50 z1=2109,S,1.16505,1.16537,2026.08.28 05:05,1,2026.08.28 05:55,1.16507,1.16497"
1118,RECON62-B160,1617DC1ACCE6B50ED2D1359582A70A8B8503C569623EE90C18C6B33542796207,Tester/logs/20261010.log,5939472,2026-09-03,15:55,B152PR,"EF	0	21:33:13.457	Core 04	2026.09.03 15:55:00   [SRJ-IND] B152PR sym=EURUSD bar=2026.09.03 15:50 z1=2149,S,1.16492,1.16507,2026.08.28 06:40,1,2026.08.28 14:00,1.16494,1.16471"
1119,RECON62-B160,1617DC1ACCE6B50ED2D1359582A70A8B8503C569623EE90C18C6B33542796207,Tester/logs/20261010.log,5939473,2026-09-03,15:55,B152PR,"IM	0	21:33:13.457	Core 04	2026.09.03 15:55:00   [SRJ-IND] B152PR sym=EURUSD bar=2026.09.03 15:50 z1=2792,B,1.15906,1.15944,2026.09.03 06:15,1,2026.09.03 06:20,1.15956,1.15943"
1120,RECON62-B160,1617DC1ACCE6B50ED2D1359582A70A8B8503C569623EE90C18C6B33542796207,Tester/logs/20261010.log,5939474,2026-09-03,15:55,B152PR,"JQ	0	21:33:13.457	Core 04	2026.09.03 15:55:00   [SRJ-IND] B152PR sym=EURUSD bar=2026.09.03 15:50 bull=1 bear=1 nz=15"
1121,RECON62-B160,1617DC1ACCE6B50ED2D1359582A70A8B8503C569623EE90C18C6B33542796207,Tester/logs/20261010.log,5939481,2026-09-03,16:00,B152PR,"LL	0	21:33:13.457	Core 04	2026.09.03 16:00:00   [SRJ-IND] B152PR sym=EURUSD bar=2026.09.03 15:55 z1=305,B,1.15201,1.15225,2026.08.13 10:45,1,2026.08.13 11:00,1.15264,1.15225"
1122,RECON62-B160,1617DC1ACCE6B50ED2D1359582A70A8B8503C569623EE90C18C6B33542796207,Tester/logs/20261010.log,5939482,2026-09-03,16:00,B152PR,"PF	0	21:33:13.457	Core 04	2026.09.03 16:00:00   [SRJ-IND] B152PR sym=EURUSD bar=2026.09.03 15:55 z1=405,B,1.15248,1.15263,2026.08.14 00:25,1,2026.08.14 00:50,1.15276,1.15259"
1123,RECON62-B160,1617DC1ACCE6B50ED2D1359582A70A8B8503C569623EE90C18C6B33542796207,Tester/logs/20261010.log,5939483,2026-09-03,16:00,B152PR,"EH	0	21:33:13.457	Core 04	2026.09.03 16:00:00   [SRJ-IND] B152PR sym=EURUSD bar=2026.09.03 15:55 z1=435,B,1.15357,1.15373,2026.08.14 06:30,1,2026.08.14 06:35,1.15382,1.15367"
1124,RECON62-B160,1617DC1ACCE6B50ED2D1359582A70A8B8503C569623EE90C18C6B33542796207,Tester/logs/20261010.log,5939484,2026-09-03,16:00,B152PR,"CR	0	21:33:13.457	Core 04	2026.09.03 16:00:00   [SRJ-IND] B152PR sym=EURUSD bar=2026.09.03 15:55 z1=484,B,1.15504,1.15532,2026.08.14 11:45,1,2026.08.14 11:50,1.15549,1.15520"
1125,RECON62-B160,1617DC1ACCE6B50ED2D1359582A70A8B8503C569623EE90C18C6B33542796207,Tester/logs/20261010.log,5939485,2026-09-03,16:00,B152PR,"CF	0	21:33:13.457	Core 04	2026.09.03 16:00:00   [SRJ-IND] B152PR sym=EURUSD bar=2026.09.03 15:55 z1=1389,S,1.17072,1.17107,2026.08.21 13:55,1,2026.08.21 14:20,1.17098,1.17032"
1126,RECON62-B160,1617DC1ACCE6B50ED2D1359582A70A8B8503C569623EE90C18C6B33542796207,Tester/logs/20261010.log,5939486,2026-09-03,16:00,B152PR,"JL	0	21:33:13.457	Core 04	2026.09.03 16:00:00   [SRJ-IND] B152PR sym=EURUSD bar=2026.09.03 15:55 z1=1481,S,1.16836,1.16871,2026.08.24 04:10,1,2026.08.24 05:10,1.16841,1.16818"
1127,RECON62-B160,1617DC1ACCE6B50ED2D1359582A70A8B8503C569623EE90C18C6B33542796207,Tester/logs/20261010.log,5939487,2026-09-03,16:00,B152PR,"OR	0	21:33:13.457	Core 04	2026.09.03 16:00:00   [SRJ-IND] B152PR sym=EURUSD bar=2026.09.03 15:55 z1=1484,S,1.16822,1.16855,2026.08.24 04:20,1,2026.08.24 05:00,1.16831,1.16810"
1128,RECON62-B160,1617DC1ACCE6B50ED2D1359582A70A8B8503C569623EE90C18C6B33542796207,Tester/logs/20261010.log,5939488,2026-09-03,16:00,B152PR,"IH	0	21:33:13.457	Core 04	2026.09.03 16:00:00   [SRJ-IND] B152PR sym=EURUSD bar=2026.09.03 15:55 z1=1516,S,1.16800,1.16817,2026.08.24 08:45,1,2026.08.24 08:55,1.16812,1.16783"
1129,RECON62-B160,1617DC1ACCE6B50ED2D1359582A70A8B8503C569623EE90C18C6B33542796207,Tester/logs/20261010.log,5939489,2026-09-03,16:00,B152PR,"IN	0	21:33:13.457	Core 04	2026.09.03 16:00:00   [SRJ-IND] B152PR sym=EURUSD bar=2026.09.03 15:55 z1=1704,S,1.16580,1.16647,2026.08.26 16:00,1,2026.08.26 16:30,1.16587,1.16541"
1130,RECON62-B160,1617DC1ACCE6B50ED2D1359582A70A8B8503C569623EE90C18C6B33542796207,Tester/logs/20261010.log,5939490,2026-09-03,16:00,B152PR,"FD	0	21:33:13.457	Core 04	2026.09.03 16:00:00   [SRJ-IND] B152PR sym=EURUSD bar=2026.09.03 15:55 z1=1728,S,1.16596,1.16624,2026.08.26 16:00,1,2026.08.27 16:25,1.16598,1.16561"
1131,RECON62-B160,1617DC1ACCE6B50ED2D1359582A70A8B8503C569623EE90C18C6B33542796207,Tester/logs/20261010.log,5939491,2026-09-03,16:00,B152PR,"RJ	0	21:33:13.457	Core 04	2026.09.03 16:00:00   [SRJ-IND] B152PR sym=EURUSD bar=2026.09.03 15:55 z1=1784,S,1.16754,1.16787,2026.08.25 23:40,1,2026.08.25 23:50,1.16758,1.16746"
1132,RECON62-B160,1617DC1ACCE6B50ED2D1359582A70A8B8503C569623EE90C18C6B33542796207,Tester/logs/20261010.log,5939492,2026-09-03,16:00,B152PR,"NP	0	21:33:13.457	Core 04	2026.09.03 16:00:00   [SRJ-IND] B152PR sym=EURUSD bar=2026.09.03 15:55 z1=1866,S,1.16723,1.16738,2026.08.26 12:00,1,2026.08.26 15:10,1.16732,1.16692"
1133,RECON62-B160,1617DC1ACCE6B50ED2D1359582A70A8B8503C569623EE90C18C6B33542796207,Tester/logs/20261010.log,5939493,2026-09-03,16:00,B152PR,"FF	0	21:33:13.457	Core 04	2026.09.03 16:00:00   [SRJ-IND] B152PR sym=EURUSD bar=2026.09.03 15:55 z1=2109,S,1.16505,1.16537,2026.08.28 05:05,1,2026.08.28 05:55,1.16507,1.16497"
1134,RECON62-B160,1617DC1ACCE6B50ED2D1359582A70A8B8503C569623EE90C18C6B33542796207,Tester/logs/20261010.log,5939494,2026-09-03,16:00,B152PR,"ML	0	21:33:13.457	Core 04	2026.09.03 16:00:00   [SRJ-IND] B152PR sym=EURUSD bar=2026.09.03 15:55 z1=2149,S,1.16492,1.16507,2026.08.28 06:40,1,2026.08.28 14:00,1.16494,1.16471"
1135,RECON62-B160,1617DC1ACCE6B50ED2D1359582A70A8B8503C569623EE90C18C6B33542796207,Tester/logs/20261010.log,5939495,2026-09-03,16:00,B152PR,"QS	0	21:33:13.457	Core 04	2026.09.03 16:00:00   [SRJ-IND] B152PR sym=EURUSD bar=2026.09.03 15:55 z1=2792,B,1.15906,1.15944,2026.09.03 06:15,1,2026.09.03 06:20,1.15956,1.15943"
1136,RECON62-B160,1617DC1ACCE6B50ED2D1359582A70A8B8503C569623EE90C18C6B33542796207,Tester/logs/20261010.log,5939496,2026-09-03,16:00,B152PR,"RK	0	21:33:13.457	Core 04	2026.09.03 16:00:00   [SRJ-IND] B152PR sym=EURUSD bar=2026.09.03 15:55 bull=1 bear=1 nz=15"
1137,RECON62-B160,1617DC1ACCE6B50ED2D1359582A70A8B8503C569623EE90C18C6B33542796207,Tester/logs/20261010.log,5939501,2026-09-03,16:00,CQDRECHECK,"FK	0	21:33:13.457	Core 04	2026.09.03 16:00:00   [SRJ-EA] CQDRECHECK shift=2 passA=-1.0 passB=-1.0 diff=0 bar=2026.09.03 15:50 state=IDLE dir=NONE divLatch=0 hit1=0 hit2=520 mism=0"
1138,RECON62-B160,1617DC1ACCE6B50ED2D1359582A70A8B8503C569623EE90C18C6B33542796207,Tester/logs/20261010.log,5939506,2026-09-03,16:05,B152PR,"PH	0	21:33:13.457	Core 04	2026.09.03 16:05:00   [SRJ-IND] B152PR sym=EURUSD bar=2026.09.03 16:00 z1=305,B,1.15201,1.15225,2026.08.13 10:45,1,2026.08.13 11:00,1.15264,1.15225"
1139,RECON62-B160,1617DC1ACCE6B50ED2D1359582A70A8B8503C569623EE90C18C6B33542796207,Tester/logs/20261010.log,5939507,2026-09-03,16:05,B152PR,"PR	0	21:33:13.457	Core 04	2026.09.03 16:05:00   [SRJ-IND] B152PR sym=EURUSD bar=2026.09.03 16:00 z1=405,B,1.15248,1.15263,2026.08.14 00:25,1,2026.08.14 00:50,1.15276,1.15259"
1140,RECON62-B160,1617DC1ACCE6B50ED2D1359582A70A8B8503C569623EE90C18C6B33542796207,Tester/logs/20261010.log,5939508,2026-09-03,16:05,B152PR,"ID	0	21:33:13.457	Core 04	2026.09.03 16:05:00   [SRJ-IND] B152PR sym=EURUSD bar=2026.09.03 16:00 z1=435,B,1.15357,1.15373,2026.08.14 06:30,1,2026.08.14 06:35,1.15382,1.15367"
1141,RECON62-B160,1617DC1ACCE6B50ED2D1359582A70A8B8503C569623EE90C18C6B33542796207,Tester/logs/20261010.log,5939509,2026-09-03,16:05,B152PR,"KN	0	21:33:13.457	Core 04	2026.09.03 16:05:00   [SRJ-IND] B152PR sym=EURUSD bar=2026.09.03 16:00 z1=484,B,1.15504,1.15532,2026.08.14 11:45,1,2026.08.14 11:50,1.15549,1.15520"
1142,RECON62-B160,1617DC1ACCE6B50ED2D1359582A70A8B8503C569623EE90C18C6B33542796207,Tester/logs/20261010.log,5939510,2026-09-03,16:05,B152PR,"GR	0	21:33:13.457	Core 04	2026.09.03 16:05:00   [SRJ-IND] B152PR sym=EURUSD bar=2026.09.03 16:00 z1=1389,S,1.17072,1.17107,2026.08.21 13:55,1,2026.08.21 14:20,1.17098,1.17032"
1143,RECON62-B160,1617DC1ACCE6B50ED2D1359582A70A8B8503C569623EE90C18C6B33542796207,Tester/logs/20261010.log,5939511,2026-09-03,16:05,B152PR,"FH	0	21:33:13.457	Core 04	2026.09.03 16:05:00   [SRJ-IND] B152PR sym=EURUSD bar=2026.09.03 16:00 z1=1481,S,1.16836,1.16871,2026.08.24 04:10,1,2026.08.24 05:10,1.16841,1.16818"
1144,RECON62-B160,1617DC1ACCE6B50ED2D1359582A70A8B8503C569623EE90C18C6B33542796207,Tester/logs/20261010.log,5939512,2026-09-03,16:05,B152PR,"KN	0	21:33:13.457	Core 04	2026.09.03 16:05:00   [SRJ-IND] B152PR sym=EURUSD bar=2026.09.03 16:00 z1=1484,S,1.16822,1.16855,2026.08.24 04:20,1,2026.08.24 05:00,1.16831,1.16810"
1145,RECON62-B160,1617DC1ACCE6B50ED2D1359582A70A8B8503C569623EE90C18C6B33542796207,Tester/logs/20261010.log,5939513,2026-09-03,16:05,B152PR,"ED	0	21:33:13.457	Core 04	2026.09.03 16:05:00   [SRJ-IND] B152PR sym=EURUSD bar=2026.09.03 16:00 z1=1516,S,1.16800,1.16817,2026.08.24 08:45,1,2026.08.24 08:55,1.16812,1.16783"
1146,RECON62-B160,1617DC1ACCE6B50ED2D1359582A70A8B8503C569623EE90C18C6B33542796207,Tester/logs/20261010.log,5939514,2026-09-03,16:05,B152PR,"EJ	0	21:33:13.457	Core 04	2026.09.03 16:05:00   [SRJ-IND] B152PR sym=EURUSD bar=2026.09.03 16:00 z1=1704,S,1.16580,1.16647,2026.08.26 16:00,1,2026.08.26 16:30,1.16587,1.16541"
1147,RECON62-B160,1617DC1ACCE6B50ED2D1359582A70A8B8503C569623EE90C18C6B33542796207,Tester/logs/20261010.log,5939515,2026-09-03,16:05,B152PR,"JP	0	21:33:13.457	Core 04	2026.09.03 16:05:00   [SRJ-IND] B152PR sym=EURUSD bar=2026.09.03 16:00 z1=1728,S,1.16596,1.16624,2026.08.26 16:00,1,2026.08.27 16:25,1.16598,1.16561"
1148,RECON62-B160,1617DC1ACCE6B50ED2D1359582A70A8B8503C569623EE90C18C6B33542796207,Tester/logs/20261010.log,5939516,2026-09-03,16:05,B152PR,"NF	0	21:33:13.457	Core 04	2026.09.03 16:05:00   [SRJ-IND] B152PR sym=EURUSD bar=2026.09.03 16:00 z1=1784,S,1.16754,1.16787,2026.08.25 23:40,1,2026.08.25 23:50,1.16758,1.16746"
1149,RECON62-B160,1617DC1ACCE6B50ED2D1359582A70A8B8503C569623EE90C18C6B33542796207,Tester/logs/20261010.log,5939517,2026-09-03,16:05,B152PR,"RL	0	21:33:13.457	Core 04	2026.09.03 16:05:00   [SRJ-IND] B152PR sym=EURUSD bar=2026.09.03 16:00 z1=1866,S,1.16723,1.16738,2026.08.26 12:00,1,2026.08.26 15:10,1.16732,1.16692"
1150,RECON62-B160,1617DC1ACCE6B50ED2D1359582A70A8B8503C569623EE90C18C6B33542796207,Tester/logs/20261010.log,5939518,2026-09-03,16:05,B152PR,"JR	0	21:33:13.457	Core 04	2026.09.03 16:05:00   [SRJ-IND] B152PR sym=EURUSD bar=2026.09.03 16:00 z1=2109,S,1.16505,1.16537,2026.08.28 05:05,1,2026.08.28 05:55,1.16507,1.16497"
1151,RECON62-B160,1617DC1ACCE6B50ED2D1359582A70A8B8503C569623EE90C18C6B33542796207,Tester/logs/20261010.log,5939519,2026-09-03,16:05,B152PR,"QH	0	21:33:13.457	Core 04	2026.09.03 16:05:00   [SRJ-IND] B152PR sym=EURUSD bar=2026.09.03 16:00 z1=2149,S,1.16492,1.16507,2026.08.28 06:40,1,2026.08.28 14:00,1.16494,1.16471"
1152,RECON62-B160,1617DC1ACCE6B50ED2D1359582A70A8B8503C569623EE90C18C6B33542796207,Tester/logs/20261010.log,5939520,2026-09-03,16:05,B152PR,"MO	0	21:33:13.457	Core 04	2026.09.03 16:05:00   [SRJ-IND] B152PR sym=EURUSD bar=2026.09.03 16:00 z1=2792,B,1.15906,1.15944,2026.09.03 06:15,1,2026.09.03 06:20,1.15956,1.15943"
1153,RECON62-B160,1617DC1ACCE6B50ED2D1359582A70A8B8503C569623EE90C18C6B33542796207,Tester/logs/20261010.log,5939521,2026-09-03,16:05,B152PR,"NG	0	21:33:13.457	Core 04	2026.09.03 16:05:00   [SRJ-IND] B152PR sym=EURUSD bar=2026.09.03 16:00 bull=1 bear=1 nz=15"
1154,RECON62-B160,1617DC1ACCE6B50ED2D1359582A70A8B8503C569623EE90C18C6B33542796207,Tester/logs/20261010.log,5939528,2026-09-03,16:10,B152PR,"MR	0	21:33:13.457	Core 04	2026.09.03 16:10:00   [SRJ-IND] B152PR sym=EURUSD bar=2026.09.03 16:05 z1=305,B,1.15201,1.15225,2026.08.13 10:45,1,2026.08.13 11:00,1.15264,1.15225"
1155,RECON62-B160,1617DC1ACCE6B50ED2D1359582A70A8B8503C569623EE90C18C6B33542796207,Tester/logs/20261010.log,5939529,2026-09-03,16:10,B152PR,"ID	0	21:33:13.457	Core 04	2026.09.03 16:10:00   [SRJ-IND] B152PR sym=EURUSD bar=2026.09.03 16:05 z1=405,B,1.15248,1.15263,2026.08.14 00:25,1,2026.08.14 00:50,1.15276,1.15259"
1156,RECON62-B160,1617DC1ACCE6B50ED2D1359582A70A8B8503C569623EE90C18C6B33542796207,Tester/logs/20261010.log,5939530,2026-09-03,16:10,B152PR,"LN	0	21:33:13.457	Core 04	2026.09.03 16:10:00   [SRJ-IND] B152PR sym=EURUSD bar=2026.09.03 16:05 z1=435,B,1.15357,1.15373,2026.08.14 06:30,1,2026.08.14 06:35,1.15382,1.15367"
1157,RECON62-B160,1617DC1ACCE6B50ED2D1359582A70A8B8503C569623EE90C18C6B33542796207,Tester/logs/20261010.log,5939531,2026-09-03,16:10,B152PR,"FP	0	21:33:13.457	Core 04	2026.09.03 16:10:00   [SRJ-IND] B152PR sym=EURUSD bar=2026.09.03 16:05 z1=484,B,1.15504,1.15532,2026.08.14 11:45,1,2026.08.14 11:50,1.15549,1.15520"
1158,RECON62-B160,1617DC1ACCE6B50ED2D1359582A70A8B8503C569623EE90C18C6B33542796207,Tester/logs/20261010.log,5939532,2026-09-03,16:10,B152PR,"FH	0	21:33:13.457	Core 04	2026.09.03 16:10:00   [SRJ-IND] B152PR sym=EURUSD bar=2026.09.03 16:05 z1=1389,S,1.17072,1.17107,2026.08.21 13:55,1,2026.08.21 14:20,1.17098,1.17032"
1159,RECON62-B160,1617DC1ACCE6B50ED2D1359582A70A8B8503C569623EE90C18C6B33542796207,Tester/logs/20261010.log,5939533,2026-09-03,16:10,B152PR,"GN	0	21:33:13.457	Core 04	2026.09.03 16:10:00   [SRJ-IND] B152PR sym=EURUSD bar=2026.09.03 16:05 z1=1481,S,1.16836,1.16871,2026.08.24 04:10,1,2026.08.24 05:10,1.16841,1.16818"
1160,RECON62-B160,1617DC1ACCE6B50ED2D1359582A70A8B8503C569623EE90C18C6B33542796207,Tester/logs/20261010.log,5939534,2026-09-03,16:10,B152PR,"RD	0	21:33:13.457	Core 04	2026.09.03 16:10:00   [SRJ-IND] B152PR sym=EURUSD bar=2026.09.03 16:05 z1=1484,S,1.16822,1.16855,2026.08.24 04:20,1,2026.08.24 05:00,1.16831,1.16810"
1161,RECON62-B160,1617DC1ACCE6B50ED2D1359582A70A8B8503C569623EE90C18C6B33542796207,Tester/logs/20261010.log,5939535,2026-09-03,16:10,B152PR,"HJ	0	21:33:13.457	Core 04	2026.09.03 16:10:00   [SRJ-IND] B152PR sym=EURUSD bar=2026.09.03 16:05 z1=1516,S,1.16800,1.16817,2026.08.24 08:45,1,2026.08.24 08:55,1.16812,1.16783"
1162,RECON62-B160,1617DC1ACCE6B50ED2D1359582A70A8B8503C569623EE90C18C6B33542796207,Tester/logs/20261010.log,5939536,2026-09-03,16:10,B152PR,"HP	0	21:33:13.457	Core 04	2026.09.03 16:10:00   [SRJ-IND] B152PR sym=EURUSD bar=2026.09.03 16:05 z1=1704,S,1.16580,1.16647,2026.08.26 16:00,1,2026.08.26 16:30,1.16587,1.16541"
1163,RECON62-B160,1617DC1ACCE6B50ED2D1359582A70A8B8503C569623EE90C18C6B33542796207,Tester/logs/20261010.log,5939537,2026-09-03,16:10,B152PR,"CF	0	21:33:13.457	Core 04	2026.09.03 16:10:00   [SRJ-IND] B152PR sym=EURUSD bar=2026.09.03 16:05 z1=1728,S,1.16596,1.16624,2026.08.26 16:00,1,2026.08.27 16:25,1.16598,1.16561"
1164,RECON62-B160,1617DC1ACCE6B50ED2D1359582A70A8B8503C569623EE90C18C6B33542796207,Tester/logs/20261010.log,5939538,2026-09-03,16:10,B152PR,"OL	0	21:33:13.457	Core 04	2026.09.03 16:10:00   [SRJ-IND] B152PR sym=EURUSD bar=2026.09.03 16:05 z1=1784,S,1.16754,1.16787,2026.08.25 23:40,1,2026.08.25 23:50,1.16758,1.16746"
1165,RECON62-B160,1617DC1ACCE6B50ED2D1359582A70A8B8503C569623EE90C18C6B33542796207,Tester/logs/20261010.log,5939539,2026-09-03,16:10,B152PR,"KR	0	21:33:13.457	Core 04	2026.09.03 16:10:00   [SRJ-IND] B152PR sym=EURUSD bar=2026.09.03 16:05 z1=1866,S,1.16723,1.16738,2026.08.26 12:00,1,2026.08.26 15:10,1.16732,1.16692"
1166,RECON62-B160,1617DC1ACCE6B50ED2D1359582A70A8B8503C569623EE90C18C6B33542796207,Tester/logs/20261010.log,5939540,2026-09-03,16:10,B152PR,"CH	0	21:33:13.457	Core 04	2026.09.03 16:10:00   [SRJ-IND] B152PR sym=EURUSD bar=2026.09.03 16:05 z1=2109,S,1.16505,1.16537,2026.08.28 05:05,1,2026.08.28 05:55,1.16507,1.16497"
1167,RECON62-B160,1617DC1ACCE6B50ED2D1359582A70A8B8503C569623EE90C18C6B33542796207,Tester/logs/20261010.log,5939541,2026-09-03,16:10,B152PR,"LN	0	21:33:13.457	Core 04	2026.09.03 16:10:00   [SRJ-IND] B152PR sym=EURUSD bar=2026.09.03 16:05 z1=2149,S,1.16492,1.16507,2026.08.28 06:40,1,2026.08.28 14:00,1.16494,1.16471"
1168,RECON62-B160,1617DC1ACCE6B50ED2D1359582A70A8B8503C569623EE90C18C6B33542796207,Tester/logs/20261010.log,5939542,2026-09-03,16:10,B152PR,"PE	0	21:33:13.457	Core 04	2026.09.03 16:10:00   [SRJ-IND] B152PR sym=EURUSD bar=2026.09.03 16:05 z1=2792,B,1.15906,1.15944,2026.09.03 06:15,1,2026.09.03 06:20,1.15956,1.15943"
1169,RECON62-B160,1617DC1ACCE6B50ED2D1359582A70A8B8503C569623EE90C18C6B33542796207,Tester/logs/20261010.log,5939543,2026-09-03,16:10,B152PR,"OI	0	21:33:13.457	Core 04	2026.09.03 16:10:00   [SRJ-IND] B152PR sym=EURUSD bar=2026.09.03 16:05 bull=1 bear=1 nz=15"
1170,RECON62-B160,1617DC1ACCE6B50ED2D1359582A70A8B8503C569623EE90C18C6B33542796207,Tester/logs/20261010.log,5939550,2026-09-03,16:15,B152PR,"DD	0	21:33:13.457	Core 04	2026.09.03 16:15:00   [SRJ-IND] B152PR sym=EURUSD bar=2026.09.03 16:10 z1=305,B,1.15201,1.15225,2026.08.13 10:45,1,2026.08.13 11:00,1.15264,1.15225"
1171,RECON62-B160,1617DC1ACCE6B50ED2D1359582A70A8B8503C569623EE90C18C6B33542796207,Tester/logs/20261010.log,5939551,2026-09-03,16:15,B152PR,"DN	0	21:33:13.457	Core 04	2026.09.03 16:15:00   [SRJ-IND] B152PR sym=EURUSD bar=2026.09.03 16:10 z1=405,B,1.15248,1.15263,2026.08.14 00:25,1,2026.08.14 00:50,1.15276,1.15259"
1172,RECON62-B160,1617DC1ACCE6B50ED2D1359582A70A8B8503C569623EE90C18C6B33542796207,Tester/logs/20261010.log,5939552,2026-09-03,16:15,B152PR,"ES	0	21:33:13.457	Core 04	2026.09.03 16:15:00   [SRJ-IND] B152PR sym=EURUSD bar=2026.09.03 16:10 z1=435,B,1.15357,1.15373,2026.08.14 06:30,1,2026.08.14 06:35,1.15382,1.15367"
1173,RECON62-B160,1617DC1ACCE6B50ED2D1359582A70A8B8503C569623EE90C18C6B33542796207,Tester/logs/20261010.log,5939553,2026-09-03,16:15,B152PR,"OE	0	21:33:13.457	Core 04	2026.09.03 16:15:00   [SRJ-IND] B152PR sym=EURUSD bar=2026.09.03 16:10 z1=484,B,1.15504,1.15532,2026.08.14 11:45,1,2026.08.14 11:50,1.15549,1.15520"
1174,RECON62-B160,1617DC1ACCE6B50ED2D1359582A70A8B8503C569623EE90C18C6B33542796207,Tester/logs/20261010.log,5939554,2026-09-03,16:15,B152PR,"KM	0	21:33:13.457	Core 04	2026.09.03 16:15:00   [SRJ-IND] B152PR sym=EURUSD bar=2026.09.03 16:10 z1=1389,S,1.17072,1.17107,2026.08.21 13:55,1,2026.08.21 14:20,1.17098,1.17032"
1175,RECON62-B160,1617DC1ACCE6B50ED2D1359582A70A8B8503C569623EE90C18C6B33542796207,Tester/logs/20261010.log,5939555,2026-09-03,16:15,B152PR,"RS	0	21:33:13.457	Core 04	2026.09.03 16:15:00   [SRJ-IND] B152PR sym=EURUSD bar=2026.09.03 16:10 z1=1481,S,1.16836,1.16871,2026.08.24 04:10,1,2026.08.24 05:10,1.16841,1.16818"
1176,RECON62-B160,1617DC1ACCE6B50ED2D1359582A70A8B8503C569623EE90C18C6B33542796207,Tester/logs/20261010.log,5939556,2026-09-03,16:15,B152PR,"GI	0	21:33:13.457	Core 04	2026.09.03 16:15:00   [SRJ-IND] B152PR sym=EURUSD bar=2026.09.03 16:10 z1=1484,S,1.16822,1.16855,2026.08.24 04:20,1,2026.08.24 05:00,1.16831,1.16810"
1177,RECON62-B160,1617DC1ACCE6B50ED2D1359582A70A8B8503C569623EE90C18C6B33542796207,Tester/logs/20261010.log,5939557,2026-09-03,16:15,B152PR,"QO	0	21:33:13.457	Core 04	2026.09.03 16:15:00   [SRJ-IND] B152PR sym=EURUSD bar=2026.09.03 16:10 z1=1516,S,1.16800,1.16817,2026.08.24 08:45,1,2026.08.24 08:55,1.16812,1.16783"
1178,RECON62-B160,1617DC1ACCE6B50ED2D1359582A70A8B8503C569623EE90C18C6B33542796207,Tester/logs/20261010.log,5939558,2026-09-03,16:15,B152PR,"QE	0	21:33:13.457	Core 04	2026.09.03 16:15:00   [SRJ-IND] B152PR sym=EURUSD bar=2026.09.03 16:10 z1=1704,S,1.16580,1.16647,2026.08.26 16:00,1,2026.08.26 16:30,1.16587,1.16541"
1179,RECON62-B160,1617DC1ACCE6B50ED2D1359582A70A8B8503C569623EE90C18C6B33542796207,Tester/logs/20261010.log,5939559,2026-09-03,16:15,B152PR,"NK	0	21:33:13.457	Core 04	2026.09.03 16:15:00   [SRJ-IND] B152PR sym=EURUSD bar=2026.09.03 16:10 z1=1728,S,1.16596,1.16624,2026.08.26 16:00,1,2026.08.27 16:25,1.16598,1.16561"
1180,RECON62-B160,1617DC1ACCE6B50ED2D1359582A70A8B8503C569623EE90C18C6B33542796207,Tester/logs/20261010.log,5939560,2026-09-03,16:15,B152PR,"JQ	0	21:33:13.457	Core 04	2026.09.03 16:15:00   [SRJ-IND] B152PR sym=EURUSD bar=2026.09.03 16:10 z1=1784,S,1.16754,1.16787,2026.08.25 23:40,1,2026.08.25 23:50,1.16758,1.16746"
1181,RECON62-B160,1617DC1ACCE6B50ED2D1359582A70A8B8503C569623EE90C18C6B33542796207,Tester/logs/20261010.log,5939561,2026-09-03,16:15,B152PR,"FG	0	21:33:13.457	Core 04	2026.09.03 16:15:00   [SRJ-IND] B152PR sym=EURUSD bar=2026.09.03 16:10 z1=1866,S,1.16723,1.16738,2026.08.26 12:00,1,2026.08.26 15:10,1.16732,1.16692"
1182,RECON62-B160,1617DC1ACCE6B50ED2D1359582A70A8B8503C569623EE90C18C6B33542796207,Tester/logs/20261010.log,5939562,2026-09-03,16:15,B152PR,"NM	0	21:33:13.457	Core 04	2026.09.03 16:15:00   [SRJ-IND] B152PR sym=EURUSD bar=2026.09.03 16:10 z1=2109,S,1.16505,1.16537,2026.08.28 05:05,1,2026.08.28 05:55,1.16507,1.16497"
1183,RECON62-B160,1617DC1ACCE6B50ED2D1359582A70A8B8503C569623EE90C18C6B33542796207,Tester/logs/20261010.log,5939563,2026-09-03,16:15,B152PR,"ES	0	21:33:13.457	Core 04	2026.09.03 16:15:00   [SRJ-IND] B152PR sym=EURUSD bar=2026.09.03 16:10 z1=2149,S,1.16492,1.16507,2026.08.28 06:40,1,2026.08.28 14:00,1.16494,1.16471"
1184,RECON62-B160,1617DC1ACCE6B50ED2D1359582A70A8B8503C569623EE90C18C6B33542796207,Tester/logs/20261010.log,5939564,2026-09-03,16:15,B152PR,"IH	0	21:33:13.457	Core 04	2026.09.03 16:15:00   [SRJ-IND] B152PR sym=EURUSD bar=2026.09.03 16:10 z1=2792,B,1.15906,1.15944,2026.09.03 06:15,1,2026.09.03 06:20,1.15956,1.15943"
1185,RECON62-B160,1617DC1ACCE6B50ED2D1359582A70A8B8503C569623EE90C18C6B33542796207,Tester/logs/20261010.log,5939565,2026-09-03,16:15,B152PR,"JL	0	21:33:13.457	Core 04	2026.09.03 16:15:00   [SRJ-IND] B152PR sym=EURUSD bar=2026.09.03 16:10 bull=1 bear=1 nz=15"
1186,RECON62-B160,1617DC1ACCE6B50ED2D1359582A70A8B8503C569623EE90C18C6B33542796207,Tester/logs/20261010.log,5939570,2026-09-03,16:15,CQDRECHECK,"FR	0	21:33:13.457	Core 04	2026.09.03 16:15:00   [SRJ-EA] CQDRECHECK shift=2 passA=2.0 passB=2.0 diff=0 bar=2026.09.03 16:05 state=IDLE dir=NONE divLatch=0 hit1=0 hit2=521 mism=0"
1187,RECON62-B160,1617DC1ACCE6B50ED2D1359582A70A8B8503C569623EE90C18C6B33542796207,Tester/logs/20261010.log,5939575,2026-09-03,16:20,B152PR,"OS	0	21:33:13.457	Core 04	2026.09.03 16:20:00   [SRJ-IND] B152PR sym=EURUSD bar=2026.09.03 16:15 z1=305,B,1.15201,1.15225,2026.08.13 10:45,1,2026.08.13 11:00,1.15264,1.15225"
1188,RECON62-B160,1617DC1ACCE6B50ED2D1359582A70A8B8503C569623EE90C18C6B33542796207,Tester/logs/20261010.log,5939576,2026-09-03,16:20,B152PR,"KE	0	21:33:13.457	Core 04	2026.09.03 16:20:00   [SRJ-IND] B152PR sym=EURUSD bar=2026.09.03 16:15 z1=405,B,1.15248,1.15263,2026.08.14 00:25,1,2026.08.14 00:50,1.15276,1.15259"
1189,RECON62-B160,1617DC1ACCE6B50ED2D1359582A70A8B8503C569623EE90C18C6B33542796207,Tester/logs/20261010.log,5939577,2026-09-03,16:20,B152PR,"JO	0	21:33:13.457	Core 04	2026.09.03 16:20:00   [SRJ-IND] B152PR sym=EURUSD bar=2026.09.03 16:15 z1=435,B,1.15357,1.15373,2026.08.14 06:30,1,2026.08.14 06:35,1.15382,1.15367"
1190,RECON62-B160,1617DC1ACCE6B50ED2D1359582A70A8B8503C569623EE90C18C6B33542796207,Tester/logs/20261010.log,5939578,2026-09-03,16:20,B152PR,"HQ	0	21:33:13.457	Core 04	2026.09.03 16:20:00   [SRJ-IND] B152PR sym=EURUSD bar=2026.09.03 16:15 z1=484,B,1.15504,1.15532,2026.08.14 11:45,1,2026.08.14 11:50,1.15549,1.15520"
1191,RECON62-B160,1617DC1ACCE6B50ED2D1359582A70A8B8503C569623EE90C18C6B33542796207,Tester/logs/20261010.log,5939579,2026-09-03,16:20,B152PR,"HI	0	21:33:13.457	Core 04	2026.09.03 16:20:00   [SRJ-IND] B152PR sym=EURUSD bar=2026.09.03 16:15 z1=1389,S,1.17072,1.17107,2026.08.21 13:55,1,2026.08.21 14:20,1.17098,1.17032"
1192,RECON62-B160,1617DC1ACCE6B50ED2D1359582A70A8B8503C569623EE90C18C6B33542796207,Tester/logs/20261010.log,5939580,2026-09-03,16:20,B152PR,"EO	0	21:33:13.457	Core 04	2026.09.03 16:20:00   [SRJ-IND] B152PR sym=EURUSD bar=2026.09.03 16:15 z1=1481,S,1.16836,1.16871,2026.08.24 04:10,1,2026.08.24 05:10,1.16841,1.16818"
1193,RECON62-B160,1617DC1ACCE6B50ED2D1359582A70A8B8503C569623EE90C18C6B33542796207,Tester/logs/20261010.log,5939581,2026-09-03,16:20,B152PR,"LE	0	21:33:13.457	Core 04	2026.09.03 16:20:00   [SRJ-IND] B152PR sym=EURUSD bar=2026.09.03 16:15 z1=1484,S,1.16822,1.16855,2026.08.24 04:20,1,2026.08.24 05:00,1.16831,1.16810"
1194,RECON62-B160,1617DC1ACCE6B50ED2D1359582A70A8B8503C569623EE90C18C6B33542796207,Tester/logs/20261010.log,5939582,2026-09-03,16:20,B152PR,"FK	0	21:33:13.457	Core 04	2026.09.03 16:20:00   [SRJ-IND] B152PR sym=EURUSD bar=2026.09.03 16:15 z1=1516,S,1.16800,1.16817,2026.08.24 08:45,1,2026.08.24 08:55,1.16812,1.16783"
1195,RECON62-B160,1617DC1ACCE6B50ED2D1359582A70A8B8503C569623EE90C18C6B33542796207,Tester/logs/20261010.log,5939583,2026-09-03,16:20,B152PR,"FQ	0	21:33:13.457	Core 04	2026.09.03 16:20:00   [SRJ-IND] B152PR sym=EURUSD bar=2026.09.03 16:15 z1=1704,S,1.16580,1.16647,2026.08.26 16:00,1,2026.08.26 16:30,1.16587,1.16541"
1196,RECON62-B160,1617DC1ACCE6B50ED2D1359582A70A8B8503C569623EE90C18C6B33542796207,Tester/logs/20261010.log,5939584,2026-09-03,16:20,B152PR,"IG	0	21:33:13.457	Core 04	2026.09.03 16:20:00   [SRJ-IND] B152PR sym=EURUSD bar=2026.09.03 16:15 z1=1728,S,1.16596,1.16624,2026.08.26 16:00,1,2026.08.27 16:25,1.16598,1.16561"
1197,RECON62-B160,1617DC1ACCE6B50ED2D1359582A70A8B8503C569623EE90C18C6B33542796207,Tester/logs/20261010.log,5939585,2026-09-03,16:20,B152PR,"MM	0	21:33:13.457	Core 04	2026.09.03 16:20:00   [SRJ-IND] B152PR sym=EURUSD bar=2026.09.03 16:15 z1=1784,S,1.16754,1.16787,2026.08.25 23:40,1,2026.08.25 23:50,1.16758,1.16746"
1198,RECON62-B160,1617DC1ACCE6B50ED2D1359582A70A8B8503C569623EE90C18C6B33542796207,Tester/logs/20261010.log,5939586,2026-09-03,16:20,B152PR,"QS	0	21:33:13.457	Core 04	2026.09.03 16:20:00   [SRJ-IND] B152PR sym=EURUSD bar=2026.09.03 16:15 z1=1866,S,1.16723,1.16738,2026.08.26 12:00,1,2026.08.26 15:10,1.16732,1.16692"
1199,RECON62-B160,1617DC1ACCE6B50ED2D1359582A70A8B8503C569623EE90C18C6B33542796207,Tester/logs/20261010.log,5939587,2026-09-03,16:20,B152PR,"II	0	21:33:13.457	Core 04	2026.09.03 16:20:00   [SRJ-IND] B152PR sym=EURUSD bar=2026.09.03 16:15 z1=2109,S,1.16505,1.16537,2026.08.28 05:05,1,2026.08.28 05:55,1.16507,1.16497"
1200,RECON62-B160,1617DC1ACCE6B50ED2D1359582A70A8B8503C569623EE90C18C6B33542796207,Tester/logs/20261010.log,5939588,2026-09-03,16:20,B152PR,"RO	0	21:33:13.457	Core 04	2026.09.03 16:20:00   [SRJ-IND] B152PR sym=EURUSD bar=2026.09.03 16:15 z1=2149,S,1.16492,1.16507,2026.08.28 06:40,1,2026.08.28 14:00,1.16494,1.16471"
1201,RECON62-B160,1617DC1ACCE6B50ED2D1359582A70A8B8503C569623EE90C18C6B33542796207,Tester/logs/20261010.log,5939589,2026-09-03,16:20,B152PR,"ND	0	21:33:13.457	Core 04	2026.09.03 16:20:00   [SRJ-IND] B152PR sym=EURUSD bar=2026.09.03 16:15 z1=2792,B,1.15906,1.15944,2026.09.03 06:15,1,2026.09.03 06:20,1.15956,1.15943"
1202,RECON62-B160,1617DC1ACCE6B50ED2D1359582A70A8B8503C569623EE90C18C6B33542796207,Tester/logs/20261010.log,5939590,2026-09-03,16:20,B152PR,"MH	0	21:33:13.457	Core 04	2026.09.03 16:20:00   [SRJ-IND] B152PR sym=EURUSD bar=2026.09.03 16:15 bull=1 bear=1 nz=15"
1203,RECON62-B160,1617DC1ACCE6B50ED2D1359582A70A8B8503C569623EE90C18C6B33542796207,Tester/logs/20261010.log,5939594,2026-09-03,16:20,CQDRECHECK,"MI	0	21:33:13.457	Core 04	2026.09.03 16:20:00   [SRJ-EA] CQDRECHECK shift=2 passA=2.0 passB=2.0 diff=0 bar=2026.09.03 16:10 state=IDLE dir=NONE divLatch=0 hit1=0 hit2=522 mism=0"
1204,RECON62-B160,1617DC1ACCE6B50ED2D1359582A70A8B8503C569623EE90C18C6B33542796207,Tester/logs/20261010.log,5939599,2026-09-03,16:25,B152PR,"JO	0	21:33:13.457	Core 04	2026.09.03 16:25:00   [SRJ-IND] B152PR sym=EURUSD bar=2026.09.03 16:20 z1=305,B,1.15201,1.15225,2026.08.13 10:45,1,2026.08.13 11:00,1.15264,1.15225"
1205,RECON62-B160,1617DC1ACCE6B50ED2D1359582A70A8B8503C569623EE90C18C6B33542796207,Tester/logs/20261010.log,5939600,2026-09-03,16:25,B152PR,"FQ	0	21:33:13.457	Core 04	2026.09.03 16:25:00   [SRJ-IND] B152PR sym=EURUSD bar=2026.09.03 16:20 z1=405,B,1.15248,1.15263,2026.08.14 00:25,1,2026.08.14 00:50,1.15276,1.15259"
1206,RECON62-B160,1617DC1ACCE6B50ED2D1359582A70A8B8503C569623EE90C18C6B33542796207,Tester/logs/20261010.log,5939601,2026-09-03,16:25,B152PR,"OK	0	21:33:13.457	Core 04	2026.09.03 16:25:00   [SRJ-IND] B152PR sym=EURUSD bar=2026.09.03 16:20 z1=435,B,1.15357,1.15373,2026.08.14 06:30,1,2026.08.14 06:35,1.15382,1.15367"
1207,RECON62-B160,1617DC1ACCE6B50ED2D1359582A70A8B8503C569623EE90C18C6B33542796207,Tester/logs/20261010.log,5939602,2026-09-03,16:25,B152PR,"QL	0	21:33:13.457	Core 04	2026.09.03 16:25:00   [SRJ-IND] B152PR sym=EURUSD bar=2026.09.03 16:20 z1=484,B,1.15504,1.15532,2026.08.14 11:45,1,2026.08.14 11:50,1.15549,1.15520"
1208,RECON62-B160,1617DC1ACCE6B50ED2D1359582A70A8B8503C569623EE90C18C6B33542796207,Tester/logs/20261010.log,5939603,2026-09-03,16:25,B152PR,"QD	0	21:33:13.457	Core 04	2026.09.03 16:25:00   [SRJ-IND] B152PR sym=EURUSD bar=2026.09.03 16:20 z1=1389,S,1.17072,1.17107,2026.08.21 13:55,1,2026.08.21 14:20,1.17098,1.17032"
1209,RECON62-B160,1617DC1ACCE6B50ED2D1359582A70A8B8503C569623EE90C18C6B33542796207,Tester/logs/20261010.log,5939604,2026-09-03,16:25,B152PR,"LJ	0	21:33:13.457	Core 04	2026.09.03 16:25:00   [SRJ-IND] B152PR sym=EURUSD bar=2026.09.03 16:20 z1=1481,S,1.16836,1.16871,2026.08.24 04:10,1,2026.08.24 05:10,1.16841,1.16818"
1210,RECON62-B160,1617DC1ACCE6B50ED2D1359582A70A8B8503C569623EE90C18C6B33542796207,Tester/logs/20261010.log,5939605,2026-09-03,16:25,B152PR,"EP	0	21:33:13.457	Core 04	2026.09.03 16:25:00   [SRJ-IND] B152PR sym=EURUSD bar=2026.09.03 16:20 z1=1484,S,1.16822,1.16855,2026.08.24 04:20,1,2026.08.24 05:00,1.16831,1.16810"
1211,RECON62-B160,1617DC1ACCE6B50ED2D1359582A70A8B8503C569623EE90C18C6B33542796207,Tester/logs/20261010.log,5939606,2026-09-03,16:25,B152PR,"KF	0	21:33:13.457	Core 04	2026.09.03 16:25:00   [SRJ-IND] B152PR sym=EURUSD bar=2026.09.03 16:20 z1=1516,S,1.16800,1.16817,2026.08.24 08:45,1,2026.08.24 08:55,1.16812,1.16783"
1212,RECON62-B160,1617DC1ACCE6B50ED2D1359582A70A8B8503C569623EE90C18C6B33542796207,Tester/logs/20261010.log,5939607,2026-09-03,16:25,B152PR,"KL	0	21:33:13.457	Core 04	2026.09.03 16:25:00   [SRJ-IND] B152PR sym=EURUSD bar=2026.09.03 16:20 z1=1704,S,1.16580,1.16647,2026.08.26 16:00,1,2026.08.26 16:30,1.16587,1.16541"
1213,RECON62-B160,1617DC1ACCE6B50ED2D1359582A70A8B8503C569623EE90C18C6B33542796207,Tester/logs/20261010.log,5939608,2026-09-03,16:25,B152PR,"PR	0	21:33:13.457	Core 04	2026.09.03 16:25:00   [SRJ-IND] B152PR sym=EURUSD bar=2026.09.03 16:20 z1=1728,S,1.16596,1.16624,2026.08.26 16:00,1,2026.08.27 16:25,1.16598,1.16561"
1214,RECON62-B160,1617DC1ACCE6B50ED2D1359582A70A8B8503C569623EE90C18C6B33542796207,Tester/logs/20261010.log,5939609,2026-09-03,16:25,B152PR,"DH	0	21:33:13.457	Core 04	2026.09.03 16:25:00   [SRJ-IND] B152PR sym=EURUSD bar=2026.09.03 16:20 z1=1784,S,1.16754,1.16787,2026.08.25 23:40,1,2026.08.25 23:50,1.16758,1.16746"
1215,RECON62-B160,1617DC1ACCE6B50ED2D1359582A70A8B8503C569623EE90C18C6B33542796207,Tester/logs/20261010.log,5939610,2026-09-03,16:25,B152PR,"HN	0	21:33:13.457	Core 04	2026.09.03 16:25:00   [SRJ-IND] B152PR sym=EURUSD bar=2026.09.03 16:20 z1=1866,S,1.16723,1.16738,2026.08.26 12:00,1,2026.08.26 15:10,1.16732,1.16692"
1216,RECON62-B160,1617DC1ACCE6B50ED2D1359582A70A8B8503C569623EE90C18C6B33542796207,Tester/logs/20261010.log,5939611,2026-09-03,16:25,B152PR,"PD	0	21:33:13.457	Core 04	2026.09.03 16:25:00   [SRJ-IND] B152PR sym=EURUSD bar=2026.09.03 16:20 z1=2109,S,1.16505,1.16537,2026.08.28 05:05,1,2026.08.28 05:55,1.16507,1.16497"
1217,RECON62-B160,1617DC1ACCE6B50ED2D1359582A70A8B8503C569623EE90C18C6B33542796207,Tester/logs/20261010.log,5939612,2026-09-03,16:25,B152PR,"GJ	0	21:33:13.457	Core 04	2026.09.03 16:25:00   [SRJ-IND] B152PR sym=EURUSD bar=2026.09.03 16:20 z1=2149,S,1.16492,1.16507,2026.08.28 06:40,1,2026.08.28 14:00,1.16494,1.16471"
1218,RECON62-B160,1617DC1ACCE6B50ED2D1359582A70A8B8503C569623EE90C18C6B33542796207,Tester/logs/20261010.log,5939613,2026-09-03,16:25,B152PR,"CQ	0	21:33:13.457	Core 04	2026.09.03 16:25:00   [SRJ-IND] B152PR sym=EURUSD bar=2026.09.03 16:20 z1=2792,B,1.15906,1.15944,2026.09.03 06:15,1,2026.09.03 06:20,1.15956,1.15943"
1219,RECON62-B160,1617DC1ACCE6B50ED2D1359582A70A8B8503C569623EE90C18C6B33542796207,Tester/logs/20261010.log,5939614,2026-09-03,16:25,B152PR,"DE	0	21:33:13.457	Core 04	2026.09.03 16:25:00   [SRJ-IND] B152PR sym=EURUSD bar=2026.09.03 16:20 bull=1 bear=1 nz=15"
1220,RECON62-B160,1617DC1ACCE6B50ED2D1359582A70A8B8503C569623EE90C18C6B33542796207,Tester/logs/20261010.log,5939618,2026-09-03,16:25,CQDRECHECK,"FE	0	21:33:13.457	Core 04	2026.09.03 16:25:00   [SRJ-EA] CQDRECHECK shift=2 passA=2.0 passB=2.0 diff=0 bar=2026.09.03 16:15 state=IDLE dir=NONE divLatch=0 hit1=0 hit2=523 mism=0"
1221,RECON62-B160,1617DC1ACCE6B50ED2D1359582A70A8B8503C569623EE90C18C6B33542796207,Tester/logs/20261010.log,5939623,2026-09-03,16:30,B152PR,"QJ	0	21:33:13.457	Core 04	2026.09.03 16:30:00   [SRJ-IND] B152PR sym=EURUSD bar=2026.09.03 16:25 z1=305,B,1.15201,1.15225,2026.08.13 10:45,1,2026.08.13 11:00,1.15264,1.15225"
1222,RECON62-B160,1617DC1ACCE6B50ED2D1359582A70A8B8503C569623EE90C18C6B33542796207,Tester/logs/20261010.log,5939624,2026-09-03,16:30,B152PR,"ML	0	21:33:13.457	Core 04	2026.09.03 16:30:00   [SRJ-IND] B152PR sym=EURUSD bar=2026.09.03 16:25 z1=405,B,1.15248,1.15263,2026.08.14 00:25,1,2026.08.14 00:50,1.15276,1.15259"
1223,RECON62-B160,1617DC1ACCE6B50ED2D1359582A70A8B8503C569623EE90C18C6B33542796207,Tester/logs/20261010.log,5939625,2026-09-03,16:30,B152PR,"HF	0	21:33:13.457	Core 04	2026.09.03 16:30:00   [SRJ-IND] B152PR sym=EURUSD bar=2026.09.03 16:25 z1=435,B,1.15357,1.15373,2026.08.14 06:30,1,2026.08.14 06:35,1.15382,1.15367"
1224,RECON62-B160,1617DC1ACCE6B50ED2D1359582A70A8B8503C569623EE90C18C6B33542796207,Tester/logs/20261010.log,5939626,2026-09-03,16:30,B152PR,"JH	0	21:33:13.457	Core 04	2026.09.03 16:30:00   [SRJ-IND] B152PR sym=EURUSD bar=2026.09.03 16:25 z1=484,B,1.15504,1.15532,2026.08.14 11:45,1,2026.08.14 11:50,1.15549,1.15520"
1225,RECON62-B160,1617DC1ACCE6B50ED2D1359582A70A8B8503C569623EE90C18C6B33542796207,Tester/logs/20261010.log,5939627,2026-09-03,16:30,B152PR,"JP	0	21:33:13.457	Core 04	2026.09.03 16:30:00   [SRJ-IND] B152PR sym=EURUSD bar=2026.09.03 16:25 z1=1389,S,1.17072,1.17107,2026.08.21 13:55,1,2026.08.21 14:20,1.17098,1.17032"
1226,RECON62-B160,1617DC1ACCE6B50ED2D1359582A70A8B8503C569623EE90C18C6B33542796207,Tester/logs/20261010.log,5939628,2026-09-03,16:30,B152PR,"CF	0	21:33:13.457	Core 04	2026.09.03 16:30:00   [SRJ-IND] B152PR sym=EURUSD bar=2026.09.03 16:25 z1=1481,S,1.16836,1.16871,2026.08.24 04:10,1,2026.08.24 05:10,1.16841,1.16818"
1227,RECON62-B160,1617DC1ACCE6B50ED2D1359582A70A8B8503C569623EE90C18C6B33542796207,Tester/logs/20261010.log,5939629,2026-09-03,16:30,B152PR,"NL	0	21:33:13.457	Core 04	2026.09.03 16:30:00   [SRJ-IND] B152PR sym=EURUSD bar=2026.09.03 16:25 z1=1484,S,1.16822,1.16855,2026.08.24 04:20,1,2026.08.24 05:00,1.16831,1.16810"
1228,RECON62-B160,1617DC1ACCE6B50ED2D1359582A70A8B8503C569623EE90C18C6B33542796207,Tester/logs/20261010.log,5939630,2026-09-03,16:30,B152PR,"DR	0	21:33:13.457	Core 04	2026.09.03 16:30:00   [SRJ-IND] B152PR sym=EURUSD bar=2026.09.03 16:25 z1=1516,S,1.16800,1.16817,2026.08.24 08:45,1,2026.08.24 08:55,1.16812,1.16783"
1229,RECON62-B160,1617DC1ACCE6B50ED2D1359582A70A8B8503C569623EE90C18C6B33542796207,Tester/logs/20261010.log,5939631,2026-09-03,16:30,B152PR,"DH	0	21:33:13.457	Core 04	2026.09.03 16:30:00   [SRJ-IND] B152PR sym=EURUSD bar=2026.09.03 16:25 z1=1704,S,1.16580,1.16647,2026.08.26 16:00,1,2026.08.26 16:30,1.16587,1.16541"
1230,RECON62-B160,1617DC1ACCE6B50ED2D1359582A70A8B8503C569623EE90C18C6B33542796207,Tester/logs/20261010.log,5939632,2026-09-03,16:30,B152PR,"GN	0	21:33:13.457	Core 04	2026.09.03 16:30:00   [SRJ-IND] B152PR sym=EURUSD bar=2026.09.03 16:25 z1=1728,S,1.16596,1.16624,2026.08.26 16:00,1,2026.08.27 16:25,1.16598,1.16561"
1231,RECON62-B160,1617DC1ACCE6B50ED2D1359582A70A8B8503C569623EE90C18C6B33542796207,Tester/logs/20261010.log,5939633,2026-09-03,16:30,B152PR,"KD	0	21:33:13.457	Core 04	2026.09.03 16:30:00   [SRJ-IND] B152PR sym=EURUSD bar=2026.09.03 16:25 z1=1784,S,1.16754,1.16787,2026.08.25 23:40,1,2026.08.25 23:50,1.16758,1.16746"
1232,RECON62-B160,1617DC1ACCE6B50ED2D1359582A70A8B8503C569623EE90C18C6B33542796207,Tester/logs/20261010.log,5939634,2026-09-03,16:30,B152PR,"OJ	0	21:33:13.457	Core 04	2026.09.03 16:30:00   [SRJ-IND] B152PR sym=EURUSD bar=2026.09.03 16:25 z1=1866,S,1.16723,1.16738,2026.08.26 12:00,1,2026.08.26 15:10,1.16732,1.16692"
1233,RECON62-B160,1617DC1ACCE6B50ED2D1359582A70A8B8503C569623EE90C18C6B33542796207,Tester/logs/20261010.log,5939635,2026-09-03,16:30,B152PR,"GP	0	21:33:13.457	Core 04	2026.09.03 16:30:00   [SRJ-IND] B152PR sym=EURUSD bar=2026.09.03 16:25 z1=2109,S,1.16505,1.16537,2026.08.28 05:05,1,2026.08.28 05:55,1.16507,1.16497"
1234,RECON62-B160,1617DC1ACCE6B50ED2D1359582A70A8B8503C569623EE90C18C6B33542796207,Tester/logs/20261010.log,5939636,2026-09-03,16:30,B152PR,"PF	0	21:33:13.457	Core 04	2026.09.03 16:30:00   [SRJ-IND] B152PR sym=EURUSD bar=2026.09.03 16:25 z1=2149,S,1.16492,1.16507,2026.08.28 06:40,1,2026.08.28 14:00,1.16494,1.16471"
1235,RECON62-B160,1617DC1ACCE6B50ED2D1359582A70A8B8503C569623EE90C18C6B33542796207,Tester/logs/20261010.log,5939637,2026-09-03,16:30,B152PR,"LM	0	21:33:13.457	Core 04	2026.09.03 16:30:00   [SRJ-IND] B152PR sym=EURUSD bar=2026.09.03 16:25 z1=2792,B,1.15906,1.15944,2026.09.03 06:15,1,2026.09.03 06:20,1.15956,1.15943"
1236,RECON62-B160,1617DC1ACCE6B50ED2D1359582A70A8B8503C569623EE90C18C6B33542796207,Tester/logs/20261010.log,5939638,2026-09-03,16:30,B152PR,"KQ	0	21:33:13.457	Core 04	2026.09.03 16:30:00   [SRJ-IND] B152PR sym=EURUSD bar=2026.09.03 16:25 bull=1 bear=1 nz=15"
1237,RECON62-B160,1617DC1ACCE6B50ED2D1359582A70A8B8503C569623EE90C18C6B33542796207,Tester/logs/20261010.log,5939646,2026-09-03,16:35,B152PR,"JL	0	21:33:13.457	Core 04	2026.09.03 16:35:00   [SRJ-IND] B152PR sym=EURUSD bar=2026.09.03 16:30 z1=305,B,1.15201,1.15225,2026.08.13 10:45,1,2026.08.13 11:00,1.15264,1.15225"
1238,RECON62-B160,1617DC1ACCE6B50ED2D1359582A70A8B8503C569623EE90C18C6B33542796207,Tester/logs/20261010.log,5939647,2026-09-03,16:35,B152PR,"FF	0	21:33:13.457	Core 04	2026.09.03 16:35:00   [SRJ-IND] B152PR sym=EURUSD bar=2026.09.03 16:30 z1=405,B,1.15248,1.15263,2026.08.14 00:25,1,2026.08.14 00:50,1.15276,1.15259"
1239,RECON62-B160,1617DC1ACCE6B50ED2D1359582A70A8B8503C569623EE90C18C6B33542796207,Tester/logs/20261010.log,5939648,2026-09-03,16:35,B152PR,"OH	0	21:33:13.457	Core 04	2026.09.03 16:35:00   [SRJ-IND] B152PR sym=EURUSD bar=2026.09.03 16:30 z1=435,B,1.15357,1.15373,2026.08.14 06:30,1,2026.08.14 06:35,1.15382,1.15367"
1240,RECON62-B160,1617DC1ACCE6B50ED2D1359582A70A8B8503C569623EE90C18C6B33542796207,Tester/logs/20261010.log,5939649,2026-09-03,16:35,B152PR,"QM	0	21:33:13.457	Core 04	2026.09.03 16:35:00   [SRJ-IND] B152PR sym=EURUSD bar=2026.09.03 16:30 z1=484,B,1.15504,1.15532,2026.08.14 11:45,1,2026.08.14 11:50,1.15549,1.15520"
1241,RECON62-B160,1617DC1ACCE6B50ED2D1359582A70A8B8503C569623EE90C18C6B33542796207,Tester/logs/20261010.log,5939650,2026-09-03,16:35,B152PR,"QE	0	21:33:13.457	Core 04	2026.09.03 16:35:00   [SRJ-IND] B152PR sym=EURUSD bar=2026.09.03 16:30 z1=1389,S,1.17072,1.17107,2026.08.21 13:55,1,2026.08.21 14:20,1.17098,1.17032"
1242,RECON62-B160,1617DC1ACCE6B50ED2D1359582A70A8B8503C569623EE90C18C6B33542796207,Tester/logs/20261010.log,5939651,2026-09-03,16:35,B152PR,"LK	0	21:33:13.457	Core 04	2026.09.03 16:35:00   [SRJ-IND] B152PR sym=EURUSD bar=2026.09.03 16:30 z1=1481,S,1.16836,1.16871,2026.08.24 04:10,1,2026.08.24 05:10,1.16841,1.16818"
1243,RECON62-B160,1617DC1ACCE6B50ED2D1359582A70A8B8503C569623EE90C18C6B33542796207,Tester/logs/20261010.log,5939652,2026-09-03,16:35,B152PR,"EQ	0	21:33:13.457	Core 04	2026.09.03 16:35:00   [SRJ-IND] B152PR sym=EURUSD bar=2026.09.03 16:30 z1=1484,S,1.16822,1.16855,2026.08.24 04:20,1,2026.08.24 05:00,1.16831,1.16810"
1244,RECON62-B160,1617DC1ACCE6B50ED2D1359582A70A8B8503C569623EE90C18C6B33542796207,Tester/logs/20261010.log,5939653,2026-09-03,16:35,B152PR,"KG	0	21:33:13.457	Core 04	2026.09.03 16:35:00   [SRJ-IND] B152PR sym=EURUSD bar=2026.09.03 16:30 z1=1516,S,1.16800,1.16817,2026.08.24 08:45,1,2026.08.24 08:55,1.16812,1.16783"
1245,RECON62-B160,1617DC1ACCE6B50ED2D1359582A70A8B8503C569623EE90C18C6B33542796207,Tester/logs/20261010.log,5939654,2026-09-03,16:35,B152PR,"KM	0	21:33:13.457	Core 04	2026.09.03 16:35:00   [SRJ-IND] B152PR sym=EURUSD bar=2026.09.03 16:30 z1=1704,S,1.16580,1.16647,2026.08.26 16:00,1,2026.08.26 16:30,1.16587,1.16541"
1246,RECON62-B160,1617DC1ACCE6B50ED2D1359582A70A8B8503C569623EE90C18C6B33542796207,Tester/logs/20261010.log,5939655,2026-09-03,16:35,B152PR,"PS	0	21:33:13.457	Core 04	2026.09.03 16:35:00   [SRJ-IND] B152PR sym=EURUSD bar=2026.09.03 16:30 z1=1728,S,1.16596,1.16624,2026.08.26 16:00,1,2026.08.27 16:25,1.16598,1.16561"
1247,RECON62-B160,1617DC1ACCE6B50ED2D1359582A70A8B8503C569623EE90C18C6B33542796207,Tester/logs/20261010.log,5939656,2026-09-03,16:35,B152PR,"DI	0	21:33:13.457	Core 04	2026.09.03 16:35:00   [SRJ-IND] B152PR sym=EURUSD bar=2026.09.03 16:30 z1=1784,S,1.16754,1.16787,2026.08.25 23:40,1,2026.08.25 23:50,1.16758,1.16746"
1248,RECON62-B160,1617DC1ACCE6B50ED2D1359582A70A8B8503C569623EE90C18C6B33542796207,Tester/logs/20261010.log,5939657,2026-09-03,16:35,B152PR,"HO	0	21:33:13.457	Core 04	2026.09.03 16:35:00   [SRJ-IND] B152PR sym=EURUSD bar=2026.09.03 16:30 z1=1866,S,1.16723,1.16738,2026.08.26 12:00,1,2026.08.26 15:10,1.16732,1.16692"
1249,RECON62-B160,1617DC1ACCE6B50ED2D1359582A70A8B8503C569623EE90C18C6B33542796207,Tester/logs/20261010.log,5939658,2026-09-03,16:35,B152PR,"PE	0	21:33:13.457	Core 04	2026.09.03 16:35:00   [SRJ-IND] B152PR sym=EURUSD bar=2026.09.03 16:30 z1=2109,S,1.16505,1.16537,2026.08.28 05:05,1,2026.08.28 05:55,1.16507,1.16497"
1250,RECON62-B160,1617DC1ACCE6B50ED2D1359582A70A8B8503C569623EE90C18C6B33542796207,Tester/logs/20261010.log,5939659,2026-09-03,16:35,B152PR,"GK	0	21:33:13.457	Core 04	2026.09.03 16:35:00   [SRJ-IND] B152PR sym=EURUSD bar=2026.09.03 16:30 z1=2149,S,1.16492,1.16507,2026.08.28 06:40,1,2026.08.28 14:00,1.16494,1.16471"
1251,RECON62-B160,1617DC1ACCE6B50ED2D1359582A70A8B8503C569623EE90C18C6B33542796207,Tester/logs/20261010.log,5939660,2026-09-03,16:35,B152PR,"CP	0	21:33:13.457	Core 04	2026.09.03 16:35:00   [SRJ-IND] B152PR sym=EURUSD bar=2026.09.03 16:30 z1=2792,B,1.15906,1.15944,2026.09.03 06:15,1,2026.09.03 06:20,1.15956,1.15943"
1252,RECON62-B160,1617DC1ACCE6B50ED2D1359582A70A8B8503C569623EE90C18C6B33542796207,Tester/logs/20261010.log,5939661,2026-09-03,16:35,B152PR,"DD	0	21:33:13.457	Core 04	2026.09.03 16:35:00   [SRJ-IND] B152PR sym=EURUSD bar=2026.09.03 16:30 bull=1 bear=1 nz=15"
1253,RECON62-B160,1617DC1ACCE6B50ED2D1359582A70A8B8503C569623EE90C18C6B33542796207,Tester/logs/20261010.log,5939668,2026-09-03,16:40,B152PR,"QQ	0	21:33:13.457	Core 04	2026.09.03 16:40:00   [SRJ-IND] B152PR sym=EURUSD bar=2026.09.03 16:35 z1=305,B,1.15201,1.15225,2026.08.13 10:45,1,2026.08.13 11:00,1.15264,1.15225"
1254,RECON62-B160,1617DC1ACCE6B50ED2D1359582A70A8B8503C569623EE90C18C6B33542796207,Tester/logs/20261010.log,5939669,2026-09-03,16:40,B152PR,"QK	0	21:33:13.457	Core 04	2026.09.03 16:40:00   [SRJ-IND] B152PR sym=EURUSD bar=2026.09.03 16:35 z1=405,B,1.15248,1.15263,2026.08.14 00:25,1,2026.08.14 00:50,1.15276,1.15259"
1255,RECON62-B160,1617DC1ACCE6B50ED2D1359582A70A8B8503C569623EE90C18C6B33542796207,Tester/logs/20261010.log,5939670,2026-09-03,16:40,B152PR,"PM	0	21:33:13.457	Core 04	2026.09.03 16:40:00   [SRJ-IND] B152PR sym=EURUSD bar=2026.09.03 16:35 z1=435,B,1.15357,1.15373,2026.08.14 06:30,1,2026.08.14 06:35,1.15382,1.15367"
1256,RECON62-B160,1617DC1ACCE6B50ED2D1359582A70A8B8503C569623EE90C18C6B33542796207,Tester/logs/20261010.log,5939671,2026-09-03,16:40,B152PR,"FG	0	21:33:13.457	Core 04	2026.09.03 16:40:00   [SRJ-IND] B152PR sym=EURUSD bar=2026.09.03 16:35 z1=484,B,1.15504,1.15532,2026.08.14 11:45,1,2026.08.14 11:50,1.15549,1.15520"
1257,RECON62-B160,1617DC1ACCE6B50ED2D1359582A70A8B8503C569623EE90C18C6B33542796207,Tester/logs/20261010.log,5939672,2026-09-03,16:40,B152PR,"JK	0	21:33:13.457	Core 04	2026.09.03 16:40:00   [SRJ-IND] B152PR sym=EURUSD bar=2026.09.03 16:35 z1=1389,S,1.17072,1.17107,2026.08.21 13:55,1,2026.08.21 14:20,1.17098,1.17032"
1258,RECON62-B160,1617DC1ACCE6B50ED2D1359582A70A8B8503C569623EE90C18C6B33542796207,Tester/logs/20261010.log,5939673,2026-09-03,16:40,B152PR,"CQ	0	21:33:13.457	Core 04	2026.09.03 16:40:00   [SRJ-IND] B152PR sym=EURUSD bar=2026.09.03 16:35 z1=1481,S,1.16836,1.16871,2026.08.24 04:10,1,2026.08.24 05:10,1.16841,1.16818"
1259,RECON62-B160,1617DC1ACCE6B50ED2D1359582A70A8B8503C569623EE90C18C6B33542796207,Tester/logs/20261010.log,5939674,2026-09-03,16:40,B152PR,"NG	0	21:33:13.457	Core 04	2026.09.03 16:40:00   [SRJ-IND] B152PR sym=EURUSD bar=2026.09.03 16:35 z1=1484,S,1.16822,1.16855,2026.08.24 04:20,1,2026.08.24 05:00,1.16831,1.16810"
1260,RECON62-B160,1617DC1ACCE6B50ED2D1359582A70A8B8503C569623EE90C18C6B33542796207,Tester/logs/20261010.log,5939675,2026-09-03,16:40,B152PR,"DM	0	21:33:13.457	Core 04	2026.09.03 16:40:00   [SRJ-IND] B152PR sym=EURUSD bar=2026.09.03 16:35 z1=1516,S,1.16800,1.16817,2026.08.24 08:45,1,2026.08.24 08:55,1.16812,1.16783"
1261,RECON62-B160,1617DC1ACCE6B50ED2D1359582A70A8B8503C569623EE90C18C6B33542796207,Tester/logs/20261010.log,5939676,2026-09-03,16:40,B152PR,"DS	0	21:33:13.457	Core 04	2026.09.03 16:40:00   [SRJ-IND] B152PR sym=EURUSD bar=2026.09.03 16:35 z1=1704,S,1.16580,1.16647,2026.08.26 16:00,1,2026.08.26 16:30,1.16587,1.16541"
1262,RECON62-B160,1617DC1ACCE6B50ED2D1359582A70A8B8503C569623EE90C18C6B33542796207,Tester/logs/20261010.log,5939677,2026-09-03,16:40,B152PR,"GI	0	21:33:13.457	Core 04	2026.09.03 16:40:00   [SRJ-IND] B152PR sym=EURUSD bar=2026.09.03 16:35 z1=1728,S,1.16596,1.16624,2026.08.26 16:00,1,2026.08.27 16:25,1.16598,1.16561"
1263,RECON62-B160,1617DC1ACCE6B50ED2D1359582A70A8B8503C569623EE90C18C6B33542796207,Tester/logs/20261010.log,5939678,2026-09-03,16:40,B152PR,"KO	0	21:33:13.457	Core 04	2026.09.03 16:40:00   [SRJ-IND] B152PR sym=EURUSD bar=2026.09.03 16:35 z1=1784,S,1.16754,1.16787,2026.08.25 23:40,1,2026.08.25 23:50,1.16758,1.16746"
1264,RECON62-B160,1617DC1ACCE6B50ED2D1359582A70A8B8503C569623EE90C18C6B33542796207,Tester/logs/20261010.log,5939679,2026-09-03,16:40,B152PR,"OE	0	21:33:13.457	Core 04	2026.09.03 16:40:00   [SRJ-IND] B152PR sym=EURUSD bar=2026.09.03 16:35 z1=1866,S,1.16723,1.16738,2026.08.26 12:00,1,2026.08.26 15:10,1.16732,1.16692"
1265,RECON62-B160,1617DC1ACCE6B50ED2D1359582A70A8B8503C569623EE90C18C6B33542796207,Tester/logs/20261010.log,5939680,2026-09-03,16:40,B152PR,"GK	0	21:33:13.457	Core 04	2026.09.03 16:40:00   [SRJ-IND] B152PR sym=EURUSD bar=2026.09.03 16:35 z1=2109,S,1.16505,1.16537,2026.08.28 05:05,1,2026.08.28 05:55,1.16507,1.16497"
1266,RECON62-B160,1617DC1ACCE6B50ED2D1359582A70A8B8503C569623EE90C18C6B33542796207,Tester/logs/20261010.log,5939681,2026-09-03,16:40,B152PR,"PQ	0	21:33:13.457	Core 04	2026.09.03 16:40:00   [SRJ-IND] B152PR sym=EURUSD bar=2026.09.03 16:35 z1=2149,S,1.16492,1.16507,2026.08.28 06:40,1,2026.08.28 14:00,1.16494,1.16471"
1267,RECON62-B160,1617DC1ACCE6B50ED2D1359582A70A8B8503C569623EE90C18C6B33542796207,Tester/logs/20261010.log,5939682,2026-09-03,16:40,B152PR,"LF	0	21:33:13.457	Core 04	2026.09.03 16:40:00   [SRJ-IND] B152PR sym=EURUSD bar=2026.09.03 16:35 z1=2792,B,1.15906,1.15944,2026.09.03 06:15,1,2026.09.03 06:20,1.15956,1.15943"
1268,RECON62-B160,1617DC1ACCE6B50ED2D1359582A70A8B8503C569623EE90C18C6B33542796207,Tester/logs/20261010.log,5939683,2026-09-03,16:40,B152PR,"KN	0	21:33:13.457	Core 04	2026.09.03 16:40:00   [SRJ-IND] B152PR sym=EURUSD bar=2026.09.03 16:35 bull=1 bear=1 nz=15"
1269,RECON62-B160,1617DC1ACCE6B50ED2D1359582A70A8B8503C569623EE90C18C6B33542796207,Tester/logs/20261010.log,5939687,2026-09-03,16:40,CQDRECHECK,"QO	0	21:33:13.457	Core 04	2026.09.03 16:40:00   [SRJ-EA] CQDRECHECK shift=2 passA=2.0 passB=2.0 diff=0 bar=2026.09.03 16:30 state=IDLE dir=NONE divLatch=0 hit1=0 hit2=524 mism=0"
1270,RECON62-B160,1617DC1ACCE6B50ED2D1359582A70A8B8503C569623EE90C18C6B33542796207,Tester/logs/20261010.log,5939694,2026-09-03,16:45,B152PR,"FK	0	21:33:13.457	Core 04	2026.09.03 16:45:00   [SRJ-IND] B152PR sym=EURUSD bar=2026.09.03 16:40 z1=305,B,1.15201,1.15225,2026.08.13 10:45,1,2026.08.13 11:00,1.15264,1.15225"
1271,RECON62-B160,1617DC1ACCE6B50ED2D1359582A70A8B8503C569623EE90C18C6B33542796207,Tester/logs/20261010.log,5939695,2026-09-03,16:45,B152PR,"RL	0	21:33:13.457	Core 04	2026.09.03 16:45:00   [SRJ-IND] B152PR sym=EURUSD bar=2026.09.03 16:40 z1=405,B,1.15248,1.15263,2026.08.14 00:25,1,2026.08.14 00:50,1.15276,1.15259"
1272,RECON62-B160,1617DC1ACCE6B50ED2D1359582A70A8B8503C569623EE90C18C6B33542796207,Tester/logs/20261010.log,5939696,2026-09-03,16:45,B152PR,"CF	0	21:33:13.457	Core 04	2026.09.03 16:45:00   [SRJ-IND] B152PR sym=EURUSD bar=2026.09.03 16:40 z1=435,B,1.15357,1.15373,2026.08.14 06:30,1,2026.08.14 06:35,1.15382,1.15367"
1273,RECON62-B160,1617DC1ACCE6B50ED2D1359582A70A8B8503C569623EE90C18C6B33542796207,Tester/logs/20261010.log,5939697,2026-09-03,16:45,B152PR,"MH	0	21:33:13.457	Core 04	2026.09.03 16:45:00   [SRJ-IND] B152PR sym=EURUSD bar=2026.09.03 16:40 z1=484,B,1.15504,1.15532,2026.08.14 11:45,1,2026.08.14 11:50,1.15549,1.15520"
1274,RECON62-B160,1617DC1ACCE6B50ED2D1359582A70A8B8503C569623EE90C18C6B33542796207,Tester/logs/20261010.log,5939698,2026-09-03,16:45,B152PR,"MP	0	21:33:13.457	Core 04	2026.09.03 16:45:00   [SRJ-IND] B152PR sym=EURUSD bar=2026.09.03 16:40 z1=1389,S,1.17072,1.17107,2026.08.21 13:55,1,2026.08.21 14:20,1.17098,1.17032"
1275,RECON62-B160,1617DC1ACCE6B50ED2D1359582A70A8B8503C569623EE90C18C6B33542796207,Tester/logs/20261010.log,5939699,2026-09-03,16:45,B152PR,"PF	0	21:33:13.457	Core 04	2026.09.03 16:45:00   [SRJ-IND] B152PR sym=EURUSD bar=2026.09.03 16:40 z1=1481,S,1.16836,1.16871,2026.08.24 04:10,1,2026.08.24 05:10,1.16841,1.16818"
1276,RECON62-B160,1617DC1ACCE6B50ED2D1359582A70A8B8503C569623EE90C18C6B33542796207,Tester/logs/20261010.log,5939700,2026-09-03,16:45,B152PR,"IL	0	21:33:13.457	Core 04	2026.09.03 16:45:00   [SRJ-IND] B152PR sym=EURUSD bar=2026.09.03 16:40 z1=1484,S,1.16822,1.16855,2026.08.24 04:20,1,2026.08.24 05:00,1.16831,1.16810"
1277,RECON62-B160,1617DC1ACCE6B50ED2D1359582A70A8B8503C569623EE90C18C6B33542796207,Tester/logs/20261010.log,5939701,2026-09-03,16:45,B152PR,"OR	0	21:33:13.457	Core 04	2026.09.03 16:45:00   [SRJ-IND] B152PR sym=EURUSD bar=2026.09.03 16:40 z1=1516,S,1.16800,1.16817,2026.08.24 08:45,1,2026.08.24 08:55,1.16812,1.16783"
1278,RECON62-B160,1617DC1ACCE6B50ED2D1359582A70A8B8503C569623EE90C18C6B33542796207,Tester/logs/20261010.log,5939702,2026-09-03,16:45,B152PR,"OH	0	21:33:13.457	Core 04	2026.09.03 16:45:00   [SRJ-IND] B152PR sym=EURUSD bar=2026.09.03 16:40 z1=1704,S,1.16580,1.16647,2026.08.26 16:00,1,2026.08.26 16:30,1.16587,1.16541"
1279,RECON62-B160,1617DC1ACCE6B50ED2D1359582A70A8B8503C569623EE90C18C6B33542796207,Tester/logs/20261010.log,5939703,2026-09-03,16:45,B152PR,"LN	0	21:33:13.457	Core 04	2026.09.03 16:45:00   [SRJ-IND] B152PR sym=EURUSD bar=2026.09.03 16:40 z1=1728,S,1.16596,1.16624,2026.08.26 16:00,1,2026.08.27 16:25,1.16598,1.16561"
1280,RECON62-B160,1617DC1ACCE6B50ED2D1359582A70A8B8503C569623EE90C18C6B33542796207,Tester/logs/20261010.log,5939704,2026-09-03,16:45,B152PR,"HD	0	21:33:13.457	Core 04	2026.09.03 16:45:00   [SRJ-IND] B152PR sym=EURUSD bar=2026.09.03 16:40 z1=1784,S,1.16754,1.16787,2026.08.25 23:40,1,2026.08.25 23:50,1.16758,1.16746"
1281,RECON62-B160,1617DC1ACCE6B50ED2D1359582A70A8B8503C569623EE90C18C6B33542796207,Tester/logs/20261010.log,5939705,2026-09-03,16:45,B152PR,"DJ	0	21:33:13.457	Core 04	2026.09.03 16:45:00   [SRJ-IND] B152PR sym=EURUSD bar=2026.09.03 16:40 z1=1866,S,1.16723,1.16738,2026.08.26 12:00,1,2026.08.26 15:10,1.16732,1.16692"
1282,RECON62-B160,1617DC1ACCE6B50ED2D1359582A70A8B8503C569623EE90C18C6B33542796207,Tester/logs/20261010.log,5939706,2026-09-03,16:45,B152PR,"LP	0	21:33:13.457	Core 04	2026.09.03 16:45:00   [SRJ-IND] B152PR sym=EURUSD bar=2026.09.03 16:40 z1=2109,S,1.16505,1.16537,2026.08.28 05:05,1,2026.08.28 05:55,1.16507,1.16497"
1283,RECON62-B160,1617DC1ACCE6B50ED2D1359582A70A8B8503C569623EE90C18C6B33542796207,Tester/logs/20261010.log,5939707,2026-09-03,16:45,B152PR,"CF	0	21:33:13.457	Core 04	2026.09.03 16:45:00   [SRJ-IND] B152PR sym=EURUSD bar=2026.09.03 16:40 z1=2149,S,1.16492,1.16507,2026.08.28 06:40,1,2026.08.28 14:00,1.16494,1.16471"
1284,RECON62-B160,1617DC1ACCE6B50ED2D1359582A70A8B8503C569623EE90C18C6B33542796207,Tester/logs/20261010.log,5939708,2026-09-03,16:45,B152PR,"GM	0	21:33:13.457	Core 04	2026.09.03 16:45:00   [SRJ-IND] B152PR sym=EURUSD bar=2026.09.03 16:40 z1=2792,B,1.15906,1.15944,2026.09.03 06:15,1,2026.09.03 06:20,1.15956,1.15943"
1285,RECON62-B160,1617DC1ACCE6B50ED2D1359582A70A8B8503C569623EE90C18C6B33542796207,Tester/logs/20261010.log,5939709,2026-09-03,16:45,B152PR,"HQ	0	21:33:13.457	Core 04	2026.09.03 16:45:00   [SRJ-IND] B152PR sym=EURUSD bar=2026.09.03 16:40 bull=1 bear=1 nz=15"
1286,RECON62-B160,1617DC1ACCE6B50ED2D1359582A70A8B8503C569623EE90C18C6B33542796207,Tester/logs/20261010.log,5939714,2026-09-03,16:45,CQDRECHECK,"JQ	0	21:33:13.457	Core 04	2026.09.03 16:45:00   [SRJ-EA] CQDRECHECK shift=2 passA=2.0 passB=2.0 diff=0 bar=2026.09.03 16:35 state=IDLE dir=NONE divLatch=0 hit1=0 hit2=525 mism=0"
1287,RECON62-B160,1617DC1ACCE6B50ED2D1359582A70A8B8503C569623EE90C18C6B33542796207,Tester/logs/20261010.log,5939723,2026-09-03,16:50,B152PR,"JR	0	21:33:13.457	Core 04	2026.09.03 16:50:01   [SRJ-IND] B152PR sym=EURUSD bar=2026.09.03 16:45 z1=305,B,1.15201,1.15225,2026.08.13 10:45,1,2026.08.13 11:00,1.15264,1.15225"
1288,RECON62-B160,1617DC1ACCE6B50ED2D1359582A70A8B8503C569623EE90C18C6B33542796207,Tester/logs/20261010.log,5939724,2026-09-03,16:50,B152PR,"FD	0	21:33:13.457	Core 04	2026.09.03 16:50:01   [SRJ-IND] B152PR sym=EURUSD bar=2026.09.03 16:45 z1=405,B,1.15248,1.15263,2026.08.14 00:25,1,2026.08.14 00:50,1.15276,1.15259"
1289,RECON62-B160,1617DC1ACCE6B50ED2D1359582A70A8B8503C569623EE90C18C6B33542796207,Tester/logs/20261010.log,5939725,2026-09-03,16:50,B152PR,"ON	0	21:33:13.457	Core 04	2026.09.03 16:50:01   [SRJ-IND] B152PR sym=EURUSD bar=2026.09.03 16:45 z1=435,B,1.15357,1.15373,2026.08.14 06:30,1,2026.08.14 06:35,1.15382,1.15367"
1290,RECON62-B160,1617DC1ACCE6B50ED2D1359582A70A8B8503C569623EE90C18C6B33542796207,Tester/logs/20261010.log,5939726,2026-09-03,16:50,B152PR,"QS	0	21:33:13.457	Core 04	2026.09.03 16:50:01   [SRJ-IND] B152PR sym=EURUSD bar=2026.09.03 16:45 z1=484,B,1.15504,1.15532,2026.08.14 11:45,1,2026.08.14 11:50,1.15549,1.15520"
1291,RECON62-B160,1617DC1ACCE6B50ED2D1359582A70A8B8503C569623EE90C18C6B33542796207,Tester/logs/20261010.log,5939727,2026-09-03,16:50,B152PR,"QG	0	21:33:13.457	Core 04	2026.09.03 16:50:01   [SRJ-IND] B152PR sym=EURUSD bar=2026.09.03 16:45 z1=1389,S,1.17072,1.17107,2026.08.21 13:55,1,2026.08.21 14:20,1.17098,1.17032"
1292,RECON62-B160,1617DC1ACCE6B50ED2D1359582A70A8B8503C569623EE90C18C6B33542796207,Tester/logs/20261010.log,5939728,2026-09-03,16:50,B152PR,"LM	0	21:33:13.457	Core 04	2026.09.03 16:50:01   [SRJ-IND] B152PR sym=EURUSD bar=2026.09.03 16:45 z1=1481,S,1.16836,1.16871,2026.08.24 04:10,1,2026.08.24 05:10,1.16841,1.16818"
1293,RECON62-B160,1617DC1ACCE6B50ED2D1359582A70A8B8503C569623EE90C18C6B33542796207,Tester/logs/20261010.log,5939729,2026-09-03,16:50,B152PR,"ES	0	21:33:13.457	Core 04	2026.09.03 16:50:01   [SRJ-IND] B152PR sym=EURUSD bar=2026.09.03 16:45 z1=1484,S,1.16822,1.16855,2026.08.24 04:20,1,2026.08.24 05:00,1.16831,1.16810"
1294,RECON62-B160,1617DC1ACCE6B50ED2D1359582A70A8B8503C569623EE90C18C6B33542796207,Tester/logs/20261010.log,5939730,2026-09-03,16:50,B152PR,"KI	0	21:33:13.457	Core 04	2026.09.03 16:50:01   [SRJ-IND] B152PR sym=EURUSD bar=2026.09.03 16:45 z1=1516,S,1.16800,1.16817,2026.08.24 08:45,1,2026.08.24 08:55,1.16812,1.16783"
1295,RECON62-B160,1617DC1ACCE6B50ED2D1359582A70A8B8503C569623EE90C18C6B33542796207,Tester/logs/20261010.log,5939731,2026-09-03,16:50,B152PR,"KO	0	21:33:13.457	Core 04	2026.09.03 16:50:01   [SRJ-IND] B152PR sym=EURUSD bar=2026.09.03 16:45 z1=1704,S,1.16580,1.16647,2026.08.26 16:00,1,2026.08.26 16:30,1.16587,1.16541"
1296,RECON62-B160,1617DC1ACCE6B50ED2D1359582A70A8B8503C569623EE90C18C6B33542796207,Tester/logs/20261010.log,5939732,2026-09-03,16:50,B152PR,"PE	0	21:33:13.457	Core 04	2026.09.03 16:50:01   [SRJ-IND] B152PR sym=EURUSD bar=2026.09.03 16:45 z1=1728,S,1.16596,1.16624,2026.08.26 16:00,1,2026.08.27 16:25,1.16598,1.16561"
1297,RECON62-B160,1617DC1ACCE6B50ED2D1359582A70A8B8503C569623EE90C18C6B33542796207,Tester/logs/20261010.log,5939733,2026-09-03,16:50,B152PR,"DK	0	21:33:13.457	Core 04	2026.09.03 16:50:01   [SRJ-IND] B152PR sym=EURUSD bar=2026.09.03 16:45 z1=1784,S,1.16754,1.16787,2026.08.25 23:40,1,2026.08.25 23:50,1.16758,1.16746"
1298,RECON62-B160,1617DC1ACCE6B50ED2D1359582A70A8B8503C569623EE90C18C6B33542796207,Tester/logs/20261010.log,5939734,2026-09-03,16:50,B152PR,"HQ	0	21:33:13.457	Core 04	2026.09.03 16:50:01   [SRJ-IND] B152PR sym=EURUSD bar=2026.09.03 16:45 z1=1866,S,1.16723,1.16738,2026.08.26 12:00,1,2026.08.26 15:10,1.16732,1.16692"
1299,RECON62-B160,1617DC1ACCE6B50ED2D1359582A70A8B8503C569623EE90C18C6B33542796207,Tester/logs/20261010.log,5939735,2026-09-03,16:50,B152PR,"PG	0	21:33:13.457	Core 04	2026.09.03 16:50:01   [SRJ-IND] B152PR sym=EURUSD bar=2026.09.03 16:45 z1=2109,S,1.16505,1.16537,2026.08.28 05:05,1,2026.08.28 05:55,1.16507,1.16497"
1300,RECON62-B160,1617DC1ACCE6B50ED2D1359582A70A8B8503C569623EE90C18C6B33542796207,Tester/logs/20261010.log,5939736,2026-09-03,16:50,B152PR,"GM	0	21:33:13.457	Core 04	2026.09.03 16:50:01   [SRJ-IND] B152PR sym=EURUSD bar=2026.09.03 16:45 z1=2149,S,1.16492,1.16507,2026.08.28 06:40,1,2026.08.28 14:00,1.16494,1.16471"
1301,RECON62-B160,1617DC1ACCE6B50ED2D1359582A70A8B8503C569623EE90C18C6B33542796207,Tester/logs/20261010.log,5939737,2026-09-03,16:50,B152PR,"CR	0	21:33:13.457	Core 04	2026.09.03 16:50:01   [SRJ-IND] B152PR sym=EURUSD bar=2026.09.03 16:45 z1=2792,B,1.15906,1.15944,2026.09.03 06:15,1,2026.09.03 06:20,1.15956,1.15943"
1302,RECON62-B160,1617DC1ACCE6B50ED2D1359582A70A8B8503C569623EE90C18C6B33542796207,Tester/logs/20261010.log,5939738,2026-09-03,16:50,B152PR,"DJ	0	21:33:13.457	Core 04	2026.09.03 16:50:01   [SRJ-IND] B152PR sym=EURUSD bar=2026.09.03 16:45 bull=1 bear=1 nz=15"
1303,RECON62-B160,1617DC1ACCE6B50ED2D1359582A70A8B8503C569623EE90C18C6B33542796207,Tester/logs/20261010.log,5939743,2026-09-03,16:50,CQDRECHECK,"HQ	0	21:33:13.457	Core 04	2026.09.03 16:50:01   [SRJ-EA] CQDRECHECK shift=2 passA=2.0 passB=2.0 diff=0 bar=2026.09.03 16:40 state=IDLE dir=NONE divLatch=0 hit1=0 hit2=526 mism=0"
1304,RECON62-B160,1617DC1ACCE6B50ED2D1359582A70A8B8503C569623EE90C18C6B33542796207,Tester/logs/20261010.log,5939749,2026-09-03,16:55,B152PR,"DK	0	21:33:13.457	Core 04	2026.09.03 16:55:00   [SRJ-IND] B152PR sym=EURUSD bar=2026.09.03 16:50 z1=305,B,1.15201,1.15225,2026.08.13 10:45,1,2026.08.13 11:00,1.15264,1.15225"
1305,RECON62-B160,1617DC1ACCE6B50ED2D1359582A70A8B8503C569623EE90C18C6B33542796207,Tester/logs/20261010.log,5939750,2026-09-03,16:55,B152PR,"DM	0	21:33:13.457	Core 04	2026.09.03 16:55:00   [SRJ-IND] B152PR sym=EURUSD bar=2026.09.03 16:50 z1=405,B,1.15248,1.15263,2026.08.14 00:25,1,2026.08.14 00:50,1.15276,1.15259"
1306,RECON62-B160,1617DC1ACCE6B50ED2D1359582A70A8B8503C569623EE90C18C6B33542796207,Tester/logs/20261010.log,5939751,2026-09-03,16:55,B152PR,"EF	0	21:33:13.457	Core 04	2026.09.03 16:55:00   [SRJ-IND] B152PR sym=EURUSD bar=2026.09.03 16:50 z1=435,B,1.15357,1.15373,2026.08.14 06:30,1,2026.08.14 06:35,1.15382,1.15367"
1307,RECON62-B160,1617DC1ACCE6B50ED2D1359582A70A8B8503C569623EE90C18C6B33542796207,Tester/logs/20261010.log,5939752,2026-09-03,16:55,B152PR,"OH	0	21:33:13.457	Core 04	2026.09.03 16:55:00   [SRJ-IND] B152PR sym=EURUSD bar=2026.09.03 16:50 z1=484,B,1.15504,1.15532,2026.08.14 11:45,1,2026.08.14 11:50,1.15549,1.15520"
1308,RECON62-B160,1617DC1ACCE6B50ED2D1359582A70A8B8503C569623EE90C18C6B33542796207,Tester/logs/20261010.log,5939753,2026-09-03,16:55,B152PR,"KP	0	21:33:13.457	Core 04	2026.09.03 16:55:00   [SRJ-IND] B152PR sym=EURUSD bar=2026.09.03 16:50 z1=1389,S,1.17072,1.17107,2026.08.21 13:55,1,2026.08.21 14:20,1.17098,1.17032"
1309,RECON62-B160,1617DC1ACCE6B50ED2D1359582A70A8B8503C569623EE90C18C6B33542796207,Tester/logs/20261010.log,5939754,2026-09-03,16:55,B152PR,"RF	0	21:33:13.457	Core 04	2026.09.03 16:55:00   [SRJ-IND] B152PR sym=EURUSD bar=2026.09.03 16:50 z1=1481,S,1.16836,1.16871,2026.08.24 04:10,1,2026.08.24 05:10,1.16841,1.16818"
1310,RECON62-B160,1617DC1ACCE6B50ED2D1359582A70A8B8503C569623EE90C18C6B33542796207,Tester/logs/20261010.log,5939755,2026-09-03,16:55,B152PR,"GL	0	21:33:13.457	Core 04	2026.09.03 16:55:00   [SRJ-IND] B152PR sym=EURUSD bar=2026.09.03 16:50 z1=1484,S,1.16822,1.16855,2026.08.24 04:20,1,2026.08.24 05:00,1.16831,1.16810"
1311,RECON62-B160,1617DC1ACCE6B50ED2D1359582A70A8B8503C569623EE90C18C6B33542796207,Tester/logs/20261010.log,5939756,2026-09-03,16:55,B152PR,"QR	0	21:33:13.457	Core 04	2026.09.03 16:55:00   [SRJ-IND] B152PR sym=EURUSD bar=2026.09.03 16:50 z1=1516,S,1.16800,1.16817,2026.08.24 08:45,1,2026.08.24 08:55,1.16812,1.16783"
1312,RECON62-B160,1617DC1ACCE6B50ED2D1359582A70A8B8503C569623EE90C18C6B33542796207,Tester/logs/20261010.log,5939757,2026-09-03,16:55,B152PR,"QH	0	21:33:13.457	Core 04	2026.09.03 16:55:00   [SRJ-IND] B152PR sym=EURUSD bar=2026.09.03 16:50 z1=1704,S,1.16580,1.16647,2026.08.26 16:00,1,2026.08.26 16:30,1.16587,1.16541"
1313,RECON62-B160,1617DC1ACCE6B50ED2D1359582A70A8B8503C569623EE90C18C6B33542796207,Tester/logs/20261010.log,5939758,2026-09-03,16:55,B152PR,"NN	0	21:33:13.457	Core 04	2026.09.03 16:55:00   [SRJ-IND] B152PR sym=EURUSD bar=2026.09.03 16:50 z1=1728,S,1.16596,1.16624,2026.08.26 16:00,1,2026.08.27 16:25,1.16598,1.16561"
1314,RECON62-B160,1617DC1ACCE6B50ED2D1359582A70A8B8503C569623EE90C18C6B33542796207,Tester/logs/20261010.log,5939759,2026-09-03,16:55,B152PR,"JD	0	21:33:13.457	Core 04	2026.09.03 16:55:00   [SRJ-IND] B152PR sym=EURUSD bar=2026.09.03 16:50 z1=1784,S,1.16754,1.16787,2026.08.25 23:40,1,2026.08.25 23:50,1.16758,1.16746"
1315,RECON62-B160,1617DC1ACCE6B50ED2D1359582A70A8B8503C569623EE90C18C6B33542796207,Tester/logs/20261010.log,5939760,2026-09-03,16:55,B152PR,"FJ	0	21:33:13.457	Core 04	2026.09.03 16:55:00   [SRJ-IND] B152PR sym=EURUSD bar=2026.09.03 16:50 z1=1866,S,1.16723,1.16738,2026.08.26 12:00,1,2026.08.26 15:10,1.16732,1.16692"
1316,RECON62-B160,1617DC1ACCE6B50ED2D1359582A70A8B8503C569623EE90C18C6B33542796207,Tester/logs/20261010.log,5939761,2026-09-03,16:55,B152PR,"NP	0	21:33:13.457	Core 04	2026.09.03 16:55:00   [SRJ-IND] B152PR sym=EURUSD bar=2026.09.03 16:50 z1=2109,S,1.16505,1.16537,2026.08.28 05:05,1,2026.08.28 05:55,1.16507,1.16497"
1317,RECON62-B160,1617DC1ACCE6B50ED2D1359582A70A8B8503C569623EE90C18C6B33542796207,Tester/logs/20261010.log,5939762,2026-09-03,16:55,B152PR,"EF	0	21:33:13.457	Core 04	2026.09.03 16:55:00   [SRJ-IND] B152PR sym=EURUSD bar=2026.09.03 16:50 z1=2149,S,1.16492,1.16507,2026.08.28 06:40,1,2026.08.28 14:00,1.16494,1.16471"
1318,RECON62-B160,1617DC1ACCE6B50ED2D1359582A70A8B8503C569623EE90C18C6B33542796207,Tester/logs/20261010.log,5939763,2026-09-03,16:55,B152PR,"IM	0	21:33:13.457	Core 04	2026.09.03 16:55:00   [SRJ-IND] B152PR sym=EURUSD bar=2026.09.03 16:50 z1=2792,B,1.15906,1.15944,2026.09.03 06:15,1,2026.09.03 06:20,1.15956,1.15943"
1319,RECON62-B160,1617DC1ACCE6B50ED2D1359582A70A8B8503C569623EE90C18C6B33542796207,Tester/logs/20261010.log,5939764,2026-09-03,16:55,B152PR,"JQ	0	21:33:13.457	Core 04	2026.09.03 16:55:00   [SRJ-IND] B152PR sym=EURUSD bar=2026.09.03 16:50 bull=1 bear=1 nz=15"
1320,RECON62-B160,1617DC1ACCE6B50ED2D1359582A70A8B8503C569623EE90C18C6B33542796207,Tester/logs/20261010.log,5939769,2026-09-03,16:55,CQDRECHECK,"FN	0	21:33:13.457	Core 04	2026.09.03 16:55:00   [SRJ-EA] CQDRECHECK shift=2 passA=2.0 passB=2.0 diff=0 bar=2026.09.03 16:45 state=IDLE dir=NONE divLatch=0 hit1=0 hit2=527 mism=0"
1321,RECON62-B160,1617DC1ACCE6B50ED2D1359582A70A8B8503C569623EE90C18C6B33542796207,Tester/logs/20261010.log,5939778,2026-09-03,17:00,B152PR,"FP	0	21:33:13.457	Core 04	2026.09.03 17:00:00   [SRJ-IND] B152PR sym=EURUSD bar=2026.09.03 16:55 z1=305,B,1.15201,1.15225,2026.08.13 10:45,1,2026.08.13 11:00,1.15264,1.15225"
1322,RECON62-B160,1617DC1ACCE6B50ED2D1359582A70A8B8503C569623EE90C18C6B33542796207,Tester/logs/20261010.log,5939779,2026-09-03,17:00,B152PR,"JJ	0	21:33:13.457	Core 04	2026.09.03 17:00:00   [SRJ-IND] B152PR sym=EURUSD bar=2026.09.03 16:55 z1=405,B,1.15248,1.15263,2026.08.14 00:25,1,2026.08.14 00:50,1.15276,1.15259"
1323,RECON62-B160,1617DC1ACCE6B50ED2D1359582A70A8B8503C569623EE90C18C6B33542796207,Tester/logs/20261010.log,5939780,2026-09-03,17:00,B152PR,"KL	0	21:33:13.457	Core 04	2026.09.03 17:00:00   [SRJ-IND] B152PR sym=EURUSD bar=2026.09.03 16:55 z1=435,B,1.15357,1.15373,2026.08.14 06:30,1,2026.08.14 06:35,1.15382,1.15367"
1324,RECON62-B160,1617DC1ACCE6B50ED2D1359582A70A8B8503C569623EE90C18C6B33542796207,Tester/logs/20261010.log,5939781,2026-09-03,17:00,B152PR,"MQ	0	21:33:13.457	Core 04	2026.09.03 17:00:00   [SRJ-IND] B152PR sym=EURUSD bar=2026.09.03 16:55 z1=484,B,1.15504,1.15532,2026.08.14 11:45,1,2026.08.14 11:50,1.15549,1.15520"
1325,RECON62-B160,1617DC1ACCE6B50ED2D1359582A70A8B8503C569623EE90C18C6B33542796207,Tester/logs/20261010.log,5939782,2026-09-03,17:00,B152PR,"MI	0	21:33:13.457	Core 04	2026.09.03 17:00:00   [SRJ-IND] B152PR sym=EURUSD bar=2026.09.03 16:55 z1=1389,S,1.17072,1.17107,2026.08.21 13:55,1,2026.08.21 14:20,1.17098,1.17032"
1326,RECON62-B160,1617DC1ACCE6B50ED2D1359582A70A8B8503C569623EE90C18C6B33542796207,Tester/logs/20261010.log,5939783,2026-09-03,17:00,B152PR,"PO	0	21:33:13.457	Core 04	2026.09.03 17:00:00   [SRJ-IND] B152PR sym=EURUSD bar=2026.09.03 16:55 z1=1481,S,1.16836,1.16871,2026.08.24 04:10,1,2026.08.24 05:10,1.16841,1.16818"
1327,RECON62-B160,1617DC1ACCE6B50ED2D1359582A70A8B8503C569623EE90C18C6B33542796207,Tester/logs/20261010.log,5939784,2026-09-03,17:00,B152PR,"IE	0	21:33:13.457	Core 04	2026.09.03 17:00:00   [SRJ-IND] B152PR sym=EURUSD bar=2026.09.03 16:55 z1=1484,S,1.16822,1.16855,2026.08.24 04:20,1,2026.08.24 05:00,1.16831,1.16810"
1328,RECON62-B160,1617DC1ACCE6B50ED2D1359582A70A8B8503C569623EE90C18C6B33542796207,Tester/logs/20261010.log,5939785,2026-09-03,17:00,B152PR,"OK	0	21:33:13.457	Core 04	2026.09.03 17:00:00   [SRJ-IND] B152PR sym=EURUSD bar=2026.09.03 16:55 z1=1516,S,1.16800,1.16817,2026.08.24 08:45,1,2026.08.24 08:55,1.16812,1.16783"
1329,RECON62-B160,1617DC1ACCE6B50ED2D1359582A70A8B8503C569623EE90C18C6B33542796207,Tester/logs/20261010.log,5939786,2026-09-03,17:00,B152PR,"OQ	0	21:33:13.457	Core 04	2026.09.03 17:00:00   [SRJ-IND] B152PR sym=EURUSD bar=2026.09.03 16:55 z1=1704,S,1.16580,1.16647,2026.08.26 16:00,1,2026.08.26 16:30,1.16587,1.16541"
1330,RECON62-B160,1617DC1ACCE6B50ED2D1359582A70A8B8503C569623EE90C18C6B33542796207,Tester/logs/20261010.log,5939787,2026-09-03,17:00,B152PR,"LG	0	21:33:13.457	Core 04	2026.09.03 17:00:00   [SRJ-IND] B152PR sym=EURUSD bar=2026.09.03 16:55 z1=1728,S,1.16596,1.16624,2026.08.26 16:00,1,2026.08.27 16:25,1.16598,1.16561"
1331,RECON62-B160,1617DC1ACCE6B50ED2D1359582A70A8B8503C569623EE90C18C6B33542796207,Tester/logs/20261010.log,5939788,2026-09-03,17:00,B152PR,"HM	0	21:33:13.457	Core 04	2026.09.03 17:00:00   [SRJ-IND] B152PR sym=EURUSD bar=2026.09.03 16:55 z1=1784,S,1.16754,1.16787,2026.08.25 23:40,1,2026.08.25 23:50,1.16758,1.16746"
1332,RECON62-B160,1617DC1ACCE6B50ED2D1359582A70A8B8503C569623EE90C18C6B33542796207,Tester/logs/20261010.log,5939789,2026-09-03,17:00,B152PR,"DS	0	21:33:13.457	Core 04	2026.09.03 17:00:00   [SRJ-IND] B152PR sym=EURUSD bar=2026.09.03 16:55 z1=1866,S,1.16723,1.16738,2026.08.26 12:00,1,2026.08.26 15:10,1.16732,1.16692"
1333,RECON62-B160,1617DC1ACCE6B50ED2D1359582A70A8B8503C569623EE90C18C6B33542796207,Tester/logs/20261010.log,5939790,2026-09-03,17:00,B152PR,"LI	0	21:33:13.457	Core 04	2026.09.03 17:00:00   [SRJ-IND] B152PR sym=EURUSD bar=2026.09.03 16:55 z1=2109,S,1.16505,1.16537,2026.08.28 05:05,1,2026.08.28 05:55,1.16507,1.16497"
1334,RECON62-B160,1617DC1ACCE6B50ED2D1359582A70A8B8503C569623EE90C18C6B33542796207,Tester/logs/20261010.log,5939791,2026-09-03,17:00,B152PR,"CO	0	21:33:13.457	Core 04	2026.09.03 17:00:00   [SRJ-IND] B152PR sym=EURUSD bar=2026.09.03 16:55 z1=2149,S,1.16492,1.16507,2026.08.28 06:40,1,2026.08.28 14:00,1.16494,1.16471"
1335,RECON62-B160,1617DC1ACCE6B50ED2D1359582A70A8B8503C569623EE90C18C6B33542796207,Tester/logs/20261010.log,5939792,2026-09-03,17:00,B152PR,"GD	0	21:33:13.457	Core 04	2026.09.03 17:00:00   [SRJ-IND] B152PR sym=EURUSD bar=2026.09.03 16:55 z1=2792,B,1.15906,1.15944,2026.09.03 06:15,1,2026.09.03 06:20,1.15956,1.15943"
1336,RECON62-B160,1617DC1ACCE6B50ED2D1359582A70A8B8503C569623EE90C18C6B33542796207,Tester/logs/20261010.log,5939793,2026-09-03,17:00,B152PR,"HH	0	21:33:13.457	Core 04	2026.09.03 17:00:00   [SRJ-IND] B152PR sym=EURUSD bar=2026.09.03 16:55 bull=1 bear=1 nz=15"
1337,RECON62-B160,1617DC1ACCE6B50ED2D1359582A70A8B8503C569623EE90C18C6B33542796207,Tester/logs/20261010.log,5939803,2026-09-03,17:05,B152PR,"PO	0	21:33:13.457	Core 04	2026.09.03 17:05:00   [SRJ-IND] B152PR sym=EURUSD bar=2026.09.03 17:00 z1=305,B,1.15201,1.15225,2026.08.13 10:45,1,2026.08.13 11:00,1.15264,1.15225"
1338,RECON62-B160,1617DC1ACCE6B50ED2D1359582A70A8B8503C569623EE90C18C6B33542796207,Tester/logs/20261010.log,5939804,2026-09-03,17:05,B152PR,"PQ	0	21:33:13.457	Core 04	2026.09.03 17:05:00   [SRJ-IND] B152PR sym=EURUSD bar=2026.09.03 17:00 z1=405,B,1.15248,1.15263,2026.08.14 00:25,1,2026.08.14 00:50,1.15276,1.15259"
1339,RECON62-B160,1617DC1ACCE6B50ED2D1359582A70A8B8503C569623EE90C18C6B33542796207,Tester/logs/20261010.log,5939805,2026-09-03,17:05,B152PR,"IK	0	21:33:13.457	Core 04	2026.09.03 17:05:00   [SRJ-IND] B152PR sym=EURUSD bar=2026.09.03 17:00 z1=435,B,1.15357,1.15373,2026.08.14 06:30,1,2026.08.14 06:35,1.15382,1.15367"
1340,RECON62-B160,1617DC1ACCE6B50ED2D1359582A70A8B8503C569623EE90C18C6B33542796207,Tester/logs/20261010.log,5939806,2026-09-03,17:05,B152PR,"KM	0	21:33:13.457	Core 04	2026.09.03 17:05:00   [SRJ-IND] B152PR sym=EURUSD bar=2026.09.03 17:00 z1=484,B,1.15504,1.15532,2026.08.14 11:45,1,2026.08.14 11:50,1.15549,1.15520"
1341,RECON62-B160,1617DC1ACCE6B50ED2D1359582A70A8B8503C569623EE90C18C6B33542796207,Tester/logs/20261010.log,5939807,2026-09-03,17:05,B152PR,"GE	0	21:33:13.457	Core 04	2026.09.03 17:05:00   [SRJ-IND] B152PR sym=EURUSD bar=2026.09.03 17:00 z1=1389,S,1.17072,1.17107,2026.08.21 13:55,1,2026.08.21 14:20,1.17098,1.17032"
1342,RECON62-B160,1617DC1ACCE6B50ED2D1359582A70A8B8503C569623EE90C18C6B33542796207,Tester/logs/20261010.log,5939808,2026-09-03,17:05,B152PR,"FK	0	21:33:13.457	Core 04	2026.09.03 17:05:00   [SRJ-IND] B152PR sym=EURUSD bar=2026.09.03 17:00 z1=1481,S,1.16836,1.16871,2026.08.24 04:10,1,2026.08.24 05:10,1.16841,1.16818"
1343,RECON62-B160,1617DC1ACCE6B50ED2D1359582A70A8B8503C569623EE90C18C6B33542796207,Tester/logs/20261010.log,5939809,2026-09-03,17:05,B152PR,"KQ	0	21:33:13.457	Core 04	2026.09.03 17:05:00   [SRJ-IND] B152PR sym=EURUSD bar=2026.09.03 17:00 z1=1484,S,1.16822,1.16855,2026.08.24 04:20,1,2026.08.24 05:00,1.16831,1.16810"
1344,RECON62-B160,1617DC1ACCE6B50ED2D1359582A70A8B8503C569623EE90C18C6B33542796207,Tester/logs/20261010.log,5939810,2026-09-03,17:05,B152PR,"EG	0	21:33:13.457	Core 04	2026.09.03 17:05:00   [SRJ-IND] B152PR sym=EURUSD bar=2026.09.03 17:00 z1=1516,S,1.16800,1.16817,2026.08.24 08:45,1,2026.08.24 08:55,1.16812,1.16783"
1345,RECON62-B160,1617DC1ACCE6B50ED2D1359582A70A8B8503C569623EE90C18C6B33542796207,Tester/logs/20261010.log,5939811,2026-09-03,17:05,B152PR,"EM	0	21:33:13.457	Core 04	2026.09.03 17:05:00   [SRJ-IND] B152PR sym=EURUSD bar=2026.09.03 17:00 z1=1704,S,1.16580,1.16647,2026.08.26 16:00,1,2026.08.26 16:30,1.16587,1.16541"
1346,RECON62-B160,1617DC1ACCE6B50ED2D1359582A70A8B8503C569623EE90C18C6B33542796207,Tester/logs/20261010.log,5939812,2026-09-03,17:05,B152PR,"JS	0	21:33:13.457	Core 04	2026.09.03 17:05:00   [SRJ-IND] B152PR sym=EURUSD bar=2026.09.03 17:00 z1=1728,S,1.16596,1.16624,2026.08.26 16:00,1,2026.08.27 16:25,1.16598,1.16561"
1347,RECON62-B160,1617DC1ACCE6B50ED2D1359582A70A8B8503C569623EE90C18C6B33542796207,Tester/logs/20261010.log,5939813,2026-09-03,17:05,B152PR,"NI	0	21:33:13.457	Core 04	2026.09.03 17:05:00   [SRJ-IND] B152PR sym=EURUSD bar=2026.09.03 17:00 z1=1784,S,1.16754,1.16787,2026.08.25 23:40,1,2026.08.25 23:50,1.16758,1.16746"
1348,RECON62-B160,1617DC1ACCE6B50ED2D1359582A70A8B8503C569623EE90C18C6B33542796207,Tester/logs/20261010.log,5939814,2026-09-03,17:05,B152PR,"RO	0	21:33:13.457	Core 04	2026.09.03 17:05:00   [SRJ-IND] B152PR sym=EURUSD bar=2026.09.03 17:00 z1=1866,S,1.16723,1.16738,2026.08.26 12:00,1,2026.08.26 15:10,1.16732,1.16692"
1349,RECON62-B160,1617DC1ACCE6B50ED2D1359582A70A8B8503C569623EE90C18C6B33542796207,Tester/logs/20261010.log,5939815,2026-09-03,17:05,B152PR,"JE	0	21:33:13.457	Core 04	2026.09.03 17:05:00   [SRJ-IND] B152PR sym=EURUSD bar=2026.09.03 17:00 z1=2109,S,1.16505,1.16537,2026.08.28 05:05,1,2026.08.28 05:55,1.16507,1.16497"
1350,RECON62-B160,1617DC1ACCE6B50ED2D1359582A70A8B8503C569623EE90C18C6B33542796207,Tester/logs/20261010.log,5939816,2026-09-03,17:05,B152PR,"QK	0	21:33:13.457	Core 04	2026.09.03 17:05:00   [SRJ-IND] B152PR sym=EURUSD bar=2026.09.03 17:00 z1=2149,S,1.16492,1.16507,2026.08.28 06:40,1,2026.08.28 14:00,1.16494,1.16471"
1351,RECON62-B160,1617DC1ACCE6B50ED2D1359582A70A8B8503C569623EE90C18C6B33542796207,Tester/logs/20261010.log,5939817,2026-09-03,17:05,B152PR,"MP	0	21:33:13.457	Core 04	2026.09.03 17:05:00   [SRJ-IND] B152PR sym=EURUSD bar=2026.09.03 17:00 z1=2792,B,1.15906,1.15944,2026.09.03 06:15,1,2026.09.03 06:20,1.15956,1.15943"
1352,RECON62-B160,1617DC1ACCE6B50ED2D1359582A70A8B8503C569623EE90C18C6B33542796207,Tester/logs/20261010.log,5939818,2026-09-03,17:05,B152PR,"ND	0	21:33:13.457	Core 04	2026.09.03 17:05:00   [SRJ-IND] B152PR sym=EURUSD bar=2026.09.03 17:00 bull=1 bear=1 nz=15"
1353,RECON62-B160,1617DC1ACCE6B50ED2D1359582A70A8B8503C569623EE90C18C6B33542796207,Tester/logs/20261010.log,5939822,2026-09-03,17:05,CQDRECHECK,"LJ	0	21:33:13.457	Core 04	2026.09.03 17:05:00   [SRJ-EA] CQDRECHECK shift=2 passA=-1.0 passB=-1.0 diff=0 bar=2026.09.03 16:55 state=IDLE dir=NONE divLatch=0 hit1=0 hit2=528 mism=0"
1354,RECON62-B160,1617DC1ACCE6B50ED2D1359582A70A8B8503C569623EE90C18C6B33542796207,Tester/logs/20261010.log,5939828,2026-09-03,17:10,B152PR,"QH	0	21:33:13.457	Core 04	2026.09.03 17:10:00   [SRJ-IND] B152PR sym=EURUSD bar=2026.09.03 17:05 z1=305,B,1.15201,1.15225,2026.08.13 10:45,1,2026.08.13 11:00,1.15264,1.15225"
1355,RECON62-B160,1617DC1ACCE6B50ED2D1359582A70A8B8503C569623EE90C18C6B33542796207,Tester/logs/20261010.log,5939829,2026-09-03,17:10,B152PR,"MR	0	21:33:13.457	Core 04	2026.09.03 17:10:00   [SRJ-IND] B152PR sym=EURUSD bar=2026.09.03 17:05 z1=405,B,1.15248,1.15263,2026.08.14 00:25,1,2026.08.14 00:50,1.15276,1.15259"
1356,RECON62-B160,1617DC1ACCE6B50ED2D1359582A70A8B8503C569623EE90C18C6B33542796207,Tester/logs/20261010.log,5939830,2026-09-03,17:10,B152PR,"HD	0	21:33:13.457	Core 04	2026.09.03 17:10:00   [SRJ-IND] B152PR sym=EURUSD bar=2026.09.03 17:05 z1=435,B,1.15357,1.15373,2026.08.14 06:30,1,2026.08.14 06:35,1.15382,1.15367"
1357,RECON62-B160,1617DC1ACCE6B50ED2D1359582A70A8B8503C569623EE90C18C6B33542796207,Tester/logs/20261010.log,5939831,2026-09-03,17:10,B152PR,"JN	0	21:33:13.457	Core 04	2026.09.03 17:10:00   [SRJ-IND] B152PR sym=EURUSD bar=2026.09.03 17:05 z1=484,B,1.15504,1.15532,2026.08.14 11:45,1,2026.08.14 11:50,1.15549,1.15520"
1358,RECON62-B160,1617DC1ACCE6B50ED2D1359582A70A8B8503C569623EE90C18C6B33542796207,Tester/logs/20261010.log,5939832,2026-09-03,17:10,B152PR,"JR	0	21:33:13.457	Core 04	2026.09.03 17:10:00   [SRJ-IND] B152PR sym=EURUSD bar=2026.09.03 17:05 z1=1389,S,1.17072,1.17107,2026.08.21 13:55,1,2026.08.21 14:20,1.17098,1.17032"
1359,RECON62-B160,1617DC1ACCE6B50ED2D1359582A70A8B8503C569623EE90C18C6B33542796207,Tester/logs/20261010.log,5939833,2026-09-03,17:10,B152PR,"CH	0	21:33:13.457	Core 04	2026.09.03 17:10:00   [SRJ-IND] B152PR sym=EURUSD bar=2026.09.03 17:05 z1=1481,S,1.16836,1.16871,2026.08.24 04:10,1,2026.08.24 05:10,1.16841,1.16818"
1360,RECON62-B160,1617DC1ACCE6B50ED2D1359582A70A8B8503C569623EE90C18C6B33542796207,Tester/logs/20261010.log,5939834,2026-09-03,17:10,B152PR,"NN	0	21:33:13.457	Core 04	2026.09.03 17:10:00   [SRJ-IND] B152PR sym=EURUSD bar=2026.09.03 17:05 z1=1484,S,1.16822,1.16855,2026.08.24 04:20,1,2026.08.24 05:00,1.16831,1.16810"
1361,RECON62-B160,1617DC1ACCE6B50ED2D1359582A70A8B8503C569623EE90C18C6B33542796207,Tester/logs/20261010.log,5939835,2026-09-03,17:10,B152PR,"DD	0	21:33:13.457	Core 04	2026.09.03 17:10:00   [SRJ-IND] B152PR sym=EURUSD bar=2026.09.03 17:05 z1=1516,S,1.16800,1.16817,2026.08.24 08:45,1,2026.08.24 08:55,1.16812,1.16783"
1362,RECON62-B160,1617DC1ACCE6B50ED2D1359582A70A8B8503C569623EE90C18C6B33542796207,Tester/logs/20261010.log,5939836,2026-09-03,17:10,B152PR,"DJ	0	21:33:13.457	Core 04	2026.09.03 17:10:00   [SRJ-IND] B152PR sym=EURUSD bar=2026.09.03 17:05 z1=1704,S,1.16580,1.16647,2026.08.26 16:00,1,2026.08.26 16:30,1.16587,1.16541"
1363,RECON62-B160,1617DC1ACCE6B50ED2D1359582A70A8B8503C569623EE90C18C6B33542796207,Tester/logs/20261010.log,5939837,2026-09-03,17:10,B152PR,"GP	0	21:33:13.457	Core 04	2026.09.03 17:10:00   [SRJ-IND] B152PR sym=EURUSD bar=2026.09.03 17:05 z1=1728,S,1.16596,1.16624,2026.08.26 16:00,1,2026.08.27 16:25,1.16598,1.16561"
1364,RECON62-B160,1617DC1ACCE6B50ED2D1359582A70A8B8503C569623EE90C18C6B33542796207,Tester/logs/20261010.log,5939838,2026-09-03,17:10,B152PR,"KF	0	21:33:13.457	Core 04	2026.09.03 17:10:00   [SRJ-IND] B152PR sym=EURUSD bar=2026.09.03 17:05 z1=1784,S,1.16754,1.16787,2026.08.25 23:40,1,2026.08.25 23:50,1.16758,1.16746"
1365,RECON62-B160,1617DC1ACCE6B50ED2D1359582A70A8B8503C569623EE90C18C6B33542796207,Tester/logs/20261010.log,5939839,2026-09-03,17:10,B152PR,"OL	0	21:33:13.457	Core 04	2026.09.03 17:10:00   [SRJ-IND] B152PR sym=EURUSD bar=2026.09.03 17:05 z1=1866,S,1.16723,1.16738,2026.08.26 12:00,1,2026.08.26 15:10,1.16732,1.16692"
1366,RECON62-B160,1617DC1ACCE6B50ED2D1359582A70A8B8503C569623EE90C18C6B33542796207,Tester/logs/20261010.log,5939840,2026-09-03,17:10,B152PR,"GR	0	21:33:13.457	Core 04	2026.09.03 17:10:00   [SRJ-IND] B152PR sym=EURUSD bar=2026.09.03 17:05 z1=2109,S,1.16505,1.16537,2026.08.28 05:05,1,2026.08.28 05:55,1.16507,1.16497"
1367,RECON62-B160,1617DC1ACCE6B50ED2D1359582A70A8B8503C569623EE90C18C6B33542796207,Tester/logs/20261010.log,5939841,2026-09-03,17:10,B152PR,"PH	0	21:33:13.457	Core 04	2026.09.03 17:10:00   [SRJ-IND] B152PR sym=EURUSD bar=2026.09.03 17:05 z1=2149,S,1.16492,1.16507,2026.08.28 06:40,1,2026.08.28 14:00,1.16494,1.16471"
1368,RECON62-B160,1617DC1ACCE6B50ED2D1359582A70A8B8503C569623EE90C18C6B33542796207,Tester/logs/20261010.log,5939842,2026-09-03,17:10,B152PR,"LO	0	21:33:13.457	Core 04	2026.09.03 17:10:00   [SRJ-IND] B152PR sym=EURUSD bar=2026.09.03 17:05 z1=2792,B,1.15906,1.15944,2026.09.03 06:15,1,2026.09.03 06:20,1.15956,1.15943"
1369,RECON62-B160,1617DC1ACCE6B50ED2D1359582A70A8B8503C569623EE90C18C6B33542796207,Tester/logs/20261010.log,5939843,2026-09-03,17:10,B152PR,"KG	0	21:33:13.457	Core 04	2026.09.03 17:10:00   [SRJ-IND] B152PR sym=EURUSD bar=2026.09.03 17:05 bull=1 bear=1 nz=15"
1370,RECON62-B160,1617DC1ACCE6B50ED2D1359582A70A8B8503C569623EE90C18C6B33542796207,Tester/logs/20261010.log,5939851,2026-09-03,17:15,B152PR,"LO	0	21:33:13.457	Core 04	2026.09.03 17:15:00   [SRJ-IND] B152PR sym=EURUSD bar=2026.09.03 17:10 z1=305,B,1.15201,1.15225,2026.08.13 10:45,1,2026.08.13 11:00,1.15264,1.15225"
1371,RECON62-B160,1617DC1ACCE6B50ED2D1359582A70A8B8503C569623EE90C18C6B33542796207,Tester/logs/20261010.log,5939852,2026-09-03,17:15,B152PR,"LQ	0	21:33:13.457	Core 04	2026.09.03 17:15:00   [SRJ-IND] B152PR sym=EURUSD bar=2026.09.03 17:10 z1=405,B,1.15248,1.15263,2026.08.14 00:25,1,2026.08.14 00:50,1.15276,1.15259"
1372,RECON62-B160,1617DC1ACCE6B50ED2D1359582A70A8B8503C569623EE90C18C6B33542796207,Tester/logs/20261010.log,5939853,2026-09-03,17:15,B152PR,"MK	0	21:33:13.457	Core 04	2026.09.03 17:15:00   [SRJ-IND] B152PR sym=EURUSD bar=2026.09.03 17:10 z1=435,B,1.15357,1.15373,2026.08.14 06:30,1,2026.08.14 06:35,1.15382,1.15367"
1373,RECON62-B160,1617DC1ACCE6B50ED2D1359582A70A8B8503C569623EE90C18C6B33542796207,Tester/logs/20261010.log,5939854,2026-09-03,17:15,B152PR,"GM	0	21:33:13.457	Core 04	2026.09.03 17:15:00   [SRJ-IND] B152PR sym=EURUSD bar=2026.09.03 17:10 z1=484,B,1.15504,1.15532,2026.08.14 11:45,1,2026.08.14 11:50,1.15549,1.15520"
1374,RECON62-B160,1617DC1ACCE6B50ED2D1359582A70A8B8503C569623EE90C18C6B33542796207,Tester/logs/20261010.log,5939855,2026-09-03,17:15,B152PR,"CE	0	21:33:13.457	Core 04	2026.09.03 17:15:00   [SRJ-IND] B152PR sym=EURUSD bar=2026.09.03 17:10 z1=1389,S,1.17072,1.17107,2026.08.21 13:55,1,2026.08.21 14:20,1.17098,1.17032"
1375,RECON62-B160,1617DC1ACCE6B50ED2D1359582A70A8B8503C569623EE90C18C6B33542796207,Tester/logs/20261010.log,5939856,2026-09-03,17:15,B152PR,"JK	0	21:33:13.457	Core 04	2026.09.03 17:15:00   [SRJ-IND] B152PR sym=EURUSD bar=2026.09.03 17:10 z1=1481,S,1.16836,1.16871,2026.08.24 04:10,1,2026.08.24 05:10,1.16841,1.16818"
1376,RECON62-B160,1617DC1ACCE6B50ED2D1359582A70A8B8503C569623EE90C18C6B33542796207,Tester/logs/20261010.log,5939857,2026-09-03,17:15,B152PR,"OQ	0	21:33:13.457	Core 04	2026.09.03 17:15:00   [SRJ-IND] B152PR sym=EURUSD bar=2026.09.03 17:10 z1=1484,S,1.16822,1.16855,2026.08.24 04:20,1,2026.08.24 05:00,1.16831,1.16810"
1377,RECON62-B160,1617DC1ACCE6B50ED2D1359582A70A8B8503C569623EE90C18C6B33542796207,Tester/logs/20261010.log,5939858,2026-09-03,17:15,B152PR,"IG	0	21:33:13.457	Core 04	2026.09.03 17:15:00   [SRJ-IND] B152PR sym=EURUSD bar=2026.09.03 17:10 z1=1516,S,1.16800,1.16817,2026.08.24 08:45,1,2026.08.24 08:55,1.16812,1.16783"
1378,RECON62-B160,1617DC1ACCE6B50ED2D1359582A70A8B8503C569623EE90C18C6B33542796207,Tester/logs/20261010.log,5939859,2026-09-03,17:15,B152PR,"IM	0	21:33:13.457	Core 04	2026.09.03 17:15:00   [SRJ-IND] B152PR sym=EURUSD bar=2026.09.03 17:10 z1=1704,S,1.16580,1.16647,2026.08.26 16:00,1,2026.08.26 16:30,1.16587,1.16541"
1379,RECON62-B160,1617DC1ACCE6B50ED2D1359582A70A8B8503C569623EE90C18C6B33542796207,Tester/logs/20261010.log,5939860,2026-09-03,17:15,B152PR,"FS	0	21:33:13.457	Core 04	2026.09.03 17:15:00   [SRJ-IND] B152PR sym=EURUSD bar=2026.09.03 17:10 z1=1728,S,1.16596,1.16624,2026.08.26 16:00,1,2026.08.27 16:25,1.16598,1.16561"
1380,RECON62-B160,1617DC1ACCE6B50ED2D1359582A70A8B8503C569623EE90C18C6B33542796207,Tester/logs/20261010.log,5939861,2026-09-03,17:15,B152PR,"RI	0	21:33:13.457	Core 04	2026.09.03 17:15:00   [SRJ-IND] B152PR sym=EURUSD bar=2026.09.03 17:10 z1=1784,S,1.16754,1.16787,2026.08.25 23:40,1,2026.08.25 23:50,1.16758,1.16746"
1381,RECON62-B160,1617DC1ACCE6B50ED2D1359582A70A8B8503C569623EE90C18C6B33542796207,Tester/logs/20261010.log,5939862,2026-09-03,17:15,B152PR,"NO	0	21:33:13.457	Core 04	2026.09.03 17:15:00   [SRJ-IND] B152PR sym=EURUSD bar=2026.09.03 17:10 z1=1866,S,1.16723,1.16738,2026.08.26 12:00,1,2026.08.26 15:10,1.16732,1.16692"
1382,RECON62-B160,1617DC1ACCE6B50ED2D1359582A70A8B8503C569623EE90C18C6B33542796207,Tester/logs/20261010.log,5939863,2026-09-03,17:15,B152PR,"FE	0	21:33:13.457	Core 04	2026.09.03 17:15:00   [SRJ-IND] B152PR sym=EURUSD bar=2026.09.03 17:10 z1=2109,S,1.16505,1.16537,2026.08.28 05:05,1,2026.08.28 05:55,1.16507,1.16497"
1383,RECON62-B160,1617DC1ACCE6B50ED2D1359582A70A8B8503C569623EE90C18C6B33542796207,Tester/logs/20261010.log,5939864,2026-09-03,17:15,B152PR,"MK	0	21:33:13.457	Core 04	2026.09.03 17:15:00   [SRJ-IND] B152PR sym=EURUSD bar=2026.09.03 17:10 z1=2149,S,1.16492,1.16507,2026.08.28 06:40,1,2026.08.28 14:00,1.16494,1.16471"
1384,RECON62-B160,1617DC1ACCE6B50ED2D1359582A70A8B8503C569623EE90C18C6B33542796207,Tester/logs/20261010.log,5939865,2026-09-03,17:15,B152PR,"QP	0	21:33:13.457	Core 04	2026.09.03 17:15:00   [SRJ-IND] B152PR sym=EURUSD bar=2026.09.03 17:10 z1=2792,B,1.15906,1.15944,2026.09.03 06:15,1,2026.09.03 06:20,1.15956,1.15943"
1385,RECON62-B160,1617DC1ACCE6B50ED2D1359582A70A8B8503C569623EE90C18C6B33542796207,Tester/logs/20261010.log,5939866,2026-09-03,17:15,B152PR,"RD	0	21:33:13.457	Core 04	2026.09.03 17:15:00   [SRJ-IND] B152PR sym=EURUSD bar=2026.09.03 17:10 bull=1 bear=1 nz=15"
1386,RECON62-B160,1617DC1ACCE6B50ED2D1359582A70A8B8503C569623EE90C18C6B33542796207,Tester/logs/20261010.log,5939874,2026-09-03,17:20,B152PR,"KF	0	21:33:13.457	Core 04	2026.09.03 17:20:00   [SRJ-IND] B152PR sym=EURUSD bar=2026.09.03 17:15 z1=305,B,1.15201,1.15225,2026.08.13 10:45,1,2026.08.13 11:00,1.15264,1.15225"
1387,RECON62-B160,1617DC1ACCE6B50ED2D1359582A70A8B8503C569623EE90C18C6B33542796207,Tester/logs/20261010.log,5939875,2026-09-03,17:20,B152PR,"GH	0	21:33:13.457	Core 04	2026.09.03 17:20:00   [SRJ-IND] B152PR sym=EURUSD bar=2026.09.03 17:15 z1=405,B,1.15248,1.15263,2026.08.14 00:25,1,2026.08.14 00:50,1.15276,1.15259"
1388,RECON62-B160,1617DC1ACCE6B50ED2D1359582A70A8B8503C569623EE90C18C6B33542796207,Tester/logs/20261010.log,5939876,2026-09-03,17:20,B152PR,"NR	0	21:33:13.457	Core 04	2026.09.03 17:20:00   [SRJ-IND] B152PR sym=EURUSD bar=2026.09.03 17:15 z1=435,B,1.15357,1.15373,2026.08.14 06:30,1,2026.08.14 06:35,1.15382,1.15367"
1389,RECON62-B160,1617DC1ACCE6B50ED2D1359582A70A8B8503C569623EE90C18C6B33542796207,Tester/logs/20261010.log,5939877,2026-09-03,17:20,B152PR,"DD	0	21:33:13.457	Core 04	2026.09.03 17:20:00   [SRJ-IND] B152PR sym=EURUSD bar=2026.09.03 17:15 z1=484,B,1.15504,1.15532,2026.08.14 11:45,1,2026.08.14 11:50,1.15549,1.15520"
1390,RECON62-B160,1617DC1ACCE6B50ED2D1359582A70A8B8503C569623EE90C18C6B33542796207,Tester/logs/20261010.log,5939878,2026-09-03,17:20,B152PR,"DL	0	21:33:13.457	Core 04	2026.09.03 17:20:00   [SRJ-IND] B152PR sym=EURUSD bar=2026.09.03 17:15 z1=1389,S,1.17072,1.17107,2026.08.21 13:55,1,2026.08.21 14:20,1.17098,1.17032"
1391,RECON62-B160,1617DC1ACCE6B50ED2D1359582A70A8B8503C569623EE90C18C6B33542796207,Tester/logs/20261010.log,5939879,2026-09-03,17:20,B152PR,"IR	0	21:33:13.457	Core 04	2026.09.03 17:20:00   [SRJ-IND] B152PR sym=EURUSD bar=2026.09.03 17:15 z1=1481,S,1.16836,1.16871,2026.08.24 04:10,1,2026.08.24 05:10,1.16841,1.16818"
1392,RECON62-B160,1617DC1ACCE6B50ED2D1359582A70A8B8503C569623EE90C18C6B33542796207,Tester/logs/20261010.log,5939880,2026-09-03,17:20,B152PR,"PH	0	21:33:13.457	Core 04	2026.09.03 17:20:00   [SRJ-IND] B152PR sym=EURUSD bar=2026.09.03 17:15 z1=1484,S,1.16822,1.16855,2026.08.24 04:20,1,2026.08.24 05:00,1.16831,1.16810"
1393,RECON62-B160,1617DC1ACCE6B50ED2D1359582A70A8B8503C569623EE90C18C6B33542796207,Tester/logs/20261010.log,5939881,2026-09-03,17:20,B152PR,"JN	0	21:33:13.457	Core 04	2026.09.03 17:20:00   [SRJ-IND] B152PR sym=EURUSD bar=2026.09.03 17:15 z1=1516,S,1.16800,1.16817,2026.08.24 08:45,1,2026.08.24 08:55,1.16812,1.16783"
1394,RECON62-B160,1617DC1ACCE6B50ED2D1359582A70A8B8503C569623EE90C18C6B33542796207,Tester/logs/20261010.log,5939882,2026-09-03,17:20,B152PR,"JD	0	21:33:13.457	Core 04	2026.09.03 17:20:00   [SRJ-IND] B152PR sym=EURUSD bar=2026.09.03 17:15 z1=1704,S,1.16580,1.16647,2026.08.26 16:00,1,2026.08.26 16:30,1.16587,1.16541"
1395,RECON62-B160,1617DC1ACCE6B50ED2D1359582A70A8B8503C569623EE90C18C6B33542796207,Tester/logs/20261010.log,5939883,2026-09-03,17:20,B152PR,"EJ	0	21:33:13.457	Core 04	2026.09.03 17:20:00   [SRJ-IND] B152PR sym=EURUSD bar=2026.09.03 17:15 z1=1728,S,1.16596,1.16624,2026.08.26 16:00,1,2026.08.27 16:25,1.16598,1.16561"
1396,RECON62-B160,1617DC1ACCE6B50ED2D1359582A70A8B8503C569623EE90C18C6B33542796207,Tester/logs/20261010.log,5939884,2026-09-03,17:20,B152PR,"QP	0	21:33:13.457	Core 04	2026.09.03 17:20:00   [SRJ-IND] B152PR sym=EURUSD bar=2026.09.03 17:15 z1=1784,S,1.16754,1.16787,2026.08.25 23:40,1,2026.08.25 23:50,1.16758,1.16746"
1397,RECON62-B160,1617DC1ACCE6B50ED2D1359582A70A8B8503C569623EE90C18C6B33542796207,Tester/logs/20261010.log,5939885,2026-09-03,17:20,B152PR,"MF	0	21:33:13.457	Core 04	2026.09.03 17:20:00   [SRJ-IND] B152PR sym=EURUSD bar=2026.09.03 17:15 z1=1866,S,1.16723,1.16738,2026.08.26 12:00,1,2026.08.26 15:10,1.16732,1.16692"
1398,RECON62-B160,1617DC1ACCE6B50ED2D1359582A70A8B8503C569623EE90C18C6B33542796207,Tester/logs/20261010.log,5939886,2026-09-03,17:20,B152PR,"EL	0	21:33:13.457	Core 04	2026.09.03 17:20:00   [SRJ-IND] B152PR sym=EURUSD bar=2026.09.03 17:15 z1=2109,S,1.16505,1.16537,2026.08.28 05:05,1,2026.08.28 05:55,1.16507,1.16497"
1399,RECON62-B160,1617DC1ACCE6B50ED2D1359582A70A8B8503C569623EE90C18C6B33542796207,Tester/logs/20261010.log,5939887,2026-09-03,17:20,B152PR,"NR	0	21:33:13.457	Core 04	2026.09.03 17:20:00   [SRJ-IND] B152PR sym=EURUSD bar=2026.09.03 17:15 z1=2149,S,1.16492,1.16507,2026.08.28 06:40,1,2026.08.28 14:00,1.16494,1.16471"
1400,RECON62-B160,1617DC1ACCE6B50ED2D1359582A70A8B8503C569623EE90C18C6B33542796207,Tester/logs/20261010.log,5939888,2026-09-03,17:20,B152PR,"RI	0	21:33:13.457	Core 04	2026.09.03 17:20:00   [SRJ-IND] B152PR sym=EURUSD bar=2026.09.03 17:15 z1=2792,B,1.15906,1.15944,2026.09.03 06:15,1,2026.09.03 06:20,1.15956,1.15943"
1401,RECON62-B160,1617DC1ACCE6B50ED2D1359582A70A8B8503C569623EE90C18C6B33542796207,Tester/logs/20261010.log,5939889,2026-09-03,17:20,B152PR,"QM	0	21:33:13.457	Core 04	2026.09.03 17:20:00   [SRJ-IND] B152PR sym=EURUSD bar=2026.09.03 17:15 bull=1 bear=1 nz=15"
1402,RECON62-B160,1617DC1ACCE6B50ED2D1359582A70A8B8503C569623EE90C18C6B33542796207,Tester/logs/20261010.log,5939893,2026-09-03,17:20,CQDRECHECK,"JL	0	21:33:13.457	Core 04	2026.09.03 17:20:00   [SRJ-EA] CQDRECHECK shift=2 passA=-2.0 passB=-2.0 diff=0 bar=2026.09.03 17:10 state=IDLE dir=NONE divLatch=0 hit1=0 hit2=529 mism=0"
1403,RECON62-B160,1617DC1ACCE6B50ED2D1359582A70A8B8503C569623EE90C18C6B33542796207,Tester/logs/20261010.log,5939899,2026-09-03,17:25,B152PR,"DO	0	21:33:13.457	Core 04	2026.09.03 17:25:00   [SRJ-IND] B152PR sym=EURUSD bar=2026.09.03 17:20 z1=305,B,1.15201,1.15225,2026.08.13 10:45,1,2026.08.13 11:00,1.15264,1.15225"
1404,RECON62-B160,1617DC1ACCE6B50ED2D1359582A70A8B8503C569623EE90C18C6B33542796207,Tester/logs/20261010.log,5939900,2026-09-03,17:25,B152PR,"DQ	0	21:33:13.457	Core 04	2026.09.03 17:25:00   [SRJ-IND] B152PR sym=EURUSD bar=2026.09.03 17:20 z1=405,B,1.15248,1.15263,2026.08.14 00:25,1,2026.08.14 00:50,1.15276,1.15259"
1405,RECON62-B160,1617DC1ACCE6B50ED2D1359582A70A8B8503C569623EE90C18C6B33542796207,Tester/logs/20261010.log,5939901,2026-09-03,17:25,B152PR,"EJ	0	21:33:13.457	Core 04	2026.09.03 17:25:00   [SRJ-IND] B152PR sym=EURUSD bar=2026.09.03 17:20 z1=435,B,1.15357,1.15373,2026.08.14 06:30,1,2026.08.14 06:35,1.15382,1.15367"
1406,RECON62-B160,1617DC1ACCE6B50ED2D1359582A70A8B8503C569623EE90C18C6B33542796207,Tester/logs/20261010.log,5939902,2026-09-03,17:25,B152PR,"OL	0	21:33:13.457	Core 04	2026.09.03 17:25:00   [SRJ-IND] B152PR sym=EURUSD bar=2026.09.03 17:20 z1=484,B,1.15504,1.15532,2026.08.14 11:45,1,2026.08.14 11:50,1.15549,1.15520"
1407,RECON62-B160,1617DC1ACCE6B50ED2D1359582A70A8B8503C569623EE90C18C6B33542796207,Tester/logs/20261010.log,5939903,2026-09-03,17:25,B152PR,"KD	0	21:33:13.457	Core 04	2026.09.03 17:25:00   [SRJ-IND] B152PR sym=EURUSD bar=2026.09.03 17:20 z1=1389,S,1.17072,1.17107,2026.08.21 13:55,1,2026.08.21 14:20,1.17098,1.17032"
1408,RECON62-B160,1617DC1ACCE6B50ED2D1359582A70A8B8503C569623EE90C18C6B33542796207,Tester/logs/20261010.log,5939904,2026-09-03,17:25,B152PR,"RJ	0	21:33:13.457	Core 04	2026.09.03 17:25:00   [SRJ-IND] B152PR sym=EURUSD bar=2026.09.03 17:20 z1=1481,S,1.16836,1.16871,2026.08.24 04:10,1,2026.08.24 05:10,1.16841,1.16818"
1409,RECON62-B160,1617DC1ACCE6B50ED2D1359582A70A8B8503C569623EE90C18C6B33542796207,Tester/logs/20261010.log,5939905,2026-09-03,17:25,B152PR,"GP	0	21:33:13.457	Core 04	2026.09.03 17:25:00   [SRJ-IND] B152PR sym=EURUSD bar=2026.09.03 17:20 z1=1484,S,1.16822,1.16855,2026.08.24 04:20,1,2026.08.24 05:00,1.16831,1.16810"
1410,RECON62-B160,1617DC1ACCE6B50ED2D1359582A70A8B8503C569623EE90C18C6B33542796207,Tester/logs/20261010.log,5939906,2026-09-03,17:25,B152PR,"QF	0	21:33:13.457	Core 04	2026.09.03 17:25:00   [SRJ-IND] B152PR sym=EURUSD bar=2026.09.03 17:20 z1=1516,S,1.16800,1.16817,2026.08.24 08:45,1,2026.08.24 08:55,1.16812,1.16783"
1411,RECON62-B160,1617DC1ACCE6B50ED2D1359582A70A8B8503C569623EE90C18C6B33542796207,Tester/logs/20261010.log,5939907,2026-09-03,17:25,B152PR,"QL	0	21:33:13.457	Core 04	2026.09.03 17:25:00   [SRJ-IND] B152PR sym=EURUSD bar=2026.09.03 17:20 z1=1704,S,1.16580,1.16647,2026.08.26 16:00,1,2026.08.26 16:30,1.16587,1.16541"
1412,RECON62-B160,1617DC1ACCE6B50ED2D1359582A70A8B8503C569623EE90C18C6B33542796207,Tester/logs/20261010.log,5939908,2026-09-03,17:25,B152PR,"NR	0	21:33:13.457	Core 04	2026.09.03 17:25:00   [SRJ-IND] B152PR sym=EURUSD bar=2026.09.03 17:20 z1=1728,S,1.16596,1.16624,2026.08.26 16:00,1,2026.08.27 16:25,1.16598,1.16561"
1413,RECON62-B160,1617DC1ACCE6B50ED2D1359582A70A8B8503C569623EE90C18C6B33542796207,Tester/logs/20261010.log,5939909,2026-09-03,17:25,B152PR,"JH	0	21:33:13.457	Core 04	2026.09.03 17:25:00   [SRJ-IND] B152PR sym=EURUSD bar=2026.09.03 17:20 z1=1784,S,1.16754,1.16787,2026.08.25 23:40,1,2026.08.25 23:50,1.16758,1.16746"
1414,RECON62-B160,1617DC1ACCE6B50ED2D1359582A70A8B8503C569623EE90C18C6B33542796207,Tester/logs/20261010.log,5939910,2026-09-03,17:25,B152PR,"FN	0	21:33:13.457	Core 04	2026.09.03 17:25:00   [SRJ-IND] B152PR sym=EURUSD bar=2026.09.03 17:20 z1=1866,S,1.16723,1.16738,2026.08.26 12:00,1,2026.08.26 15:10,1.16732,1.16692"
1415,RECON62-B160,1617DC1ACCE6B50ED2D1359582A70A8B8503C569623EE90C18C6B33542796207,Tester/logs/20261010.log,5939911,2026-09-03,17:25,B152PR,"ND	0	21:33:13.457	Core 04	2026.09.03 17:25:00   [SRJ-IND] B152PR sym=EURUSD bar=2026.09.03 17:20 z1=2109,S,1.16505,1.16537,2026.08.28 05:05,1,2026.08.28 05:55,1.16507,1.16497"
1416,RECON62-B160,1617DC1ACCE6B50ED2D1359582A70A8B8503C569623EE90C18C6B33542796207,Tester/logs/20261010.log,5939912,2026-09-03,17:25,B152PR,"EJ	0	21:33:13.457	Core 04	2026.09.03 17:25:00   [SRJ-IND] B152PR sym=EURUSD bar=2026.09.03 17:20 z1=2149,S,1.16492,1.16507,2026.08.28 06:40,1,2026.08.28 14:00,1.16494,1.16471"
1417,RECON62-B160,1617DC1ACCE6B50ED2D1359582A70A8B8503C569623EE90C18C6B33542796207,Tester/logs/20261010.log,5939913,2026-09-03,17:25,B152PR,"IQ	0	21:33:13.457	Core 04	2026.09.03 17:25:00   [SRJ-IND] B152PR sym=EURUSD bar=2026.09.03 17:20 z1=2792,B,1.15906,1.15944,2026.09.03 06:15,1,2026.09.03 06:20,1.15956,1.15943"
1418,RECON62-B160,1617DC1ACCE6B50ED2D1359582A70A8B8503C569623EE90C18C6B33542796207,Tester/logs/20261010.log,5939914,2026-09-03,17:25,B152PR,"JE	0	21:33:13.457	Core 04	2026.09.03 17:25:00   [SRJ-IND] B152PR sym=EURUSD bar=2026.09.03 17:20 bull=1 bear=1 nz=15"
1419,RECON62-B160,1617DC1ACCE6B50ED2D1359582A70A8B8503C569623EE90C18C6B33542796207,Tester/logs/20261010.log,5939921,2026-09-03,17:25,CONFIRMPOLL,"NQ	0	21:33:13.457	Core 04	2026.09.03 17:25:00   [SRJ-EA] CONFIRMPOLL bar=2026.09.03 17:20 anchor=Daily-POC dir=LONG oppCandle=1 bodyDir=0 body=2pts doji=0 touchAttr=0 confirm=0 shadow=true"
1420,RECON62-B160,1617DC1ACCE6B50ED2D1359582A70A8B8503C569623EE90C18C6B33542796207,Tester/logs/20261010.log,5939928,2026-09-03,17:30,B152PR,"QP	0	21:33:19.565	Core 04	2026.09.03 17:30:00   [SRJ-IND] B152PR sym=EURUSD bar=2026.09.03 17:25 z1=305,B,1.15201,1.15225,2026.08.13 10:45,1,2026.08.13 11:00,1.15264,1.15225"
1421,RECON62-B160,1617DC1ACCE6B50ED2D1359582A70A8B8503C569623EE90C18C6B33542796207,Tester/logs/20261010.log,5939929,2026-09-03,17:30,B152PR,"QJ	0	21:33:19.565	Core 04	2026.09.03 17:30:00   [SRJ-IND] B152PR sym=EURUSD bar=2026.09.03 17:25 z1=405,B,1.15248,1.15263,2026.08.14 00:25,1,2026.08.14 00:50,1.15276,1.15259"
1422,RECON62-B160,1617DC1ACCE6B50ED2D1359582A70A8B8503C569623EE90C18C6B33542796207,Tester/logs/20261010.log,5939930,2026-09-03,17:30,B152PR,"HL	0	21:33:19.565	Core 04	2026.09.03 17:30:00   [SRJ-IND] B152PR sym=EURUSD bar=2026.09.03 17:25 z1=435,B,1.15357,1.15373,2026.08.14 06:30,1,2026.08.14 06:35,1.15382,1.15367"
1423,RECON62-B160,1617DC1ACCE6B50ED2D1359582A70A8B8503C569623EE90C18C6B33542796207,Tester/logs/20261010.log,5939931,2026-09-03,17:30,B152PR,"NF	0	21:33:19.565	Core 04	2026.09.03 17:30:00   [SRJ-IND] B152PR sym=EURUSD bar=2026.09.03 17:25 z1=484,B,1.15504,1.15532,2026.08.14 11:45,1,2026.08.14 11:50,1.15549,1.15520"
1424,RECON62-B160,1617DC1ACCE6B50ED2D1359582A70A8B8503C569623EE90C18C6B33542796207,Tester/logs/20261010.log,5939932,2026-09-03,17:30,B152PR,"JI	0	21:33:19.565	Core 04	2026.09.03 17:30:00   [SRJ-IND] B152PR sym=EURUSD bar=2026.09.03 17:25 z1=1389,S,1.17072,1.17107,2026.08.21 13:55,1,2026.08.21 14:20,1.17098,1.17032"
1425,RECON62-B160,1617DC1ACCE6B50ED2D1359582A70A8B8503C569623EE90C18C6B33542796207,Tester/logs/20261010.log,5939933,2026-09-03,17:30,B152PR,"CO	0	21:33:19.565	Core 04	2026.09.03 17:30:00   [SRJ-IND] B152PR sym=EURUSD bar=2026.09.03 17:25 z1=1481,S,1.16836,1.16871,2026.08.24 04:10,1,2026.08.24 05:10,1.16841,1.16818"
1426,RECON62-B160,1617DC1ACCE6B50ED2D1359582A70A8B8503C569623EE90C18C6B33542796207,Tester/logs/20261010.log,5939934,2026-09-03,17:30,B152PR,"NE	0	21:33:19.565	Core 04	2026.09.03 17:30:00   [SRJ-IND] B152PR sym=EURUSD bar=2026.09.03 17:25 z1=1484,S,1.16822,1.16855,2026.08.24 04:20,1,2026.08.24 05:00,1.16831,1.16810"
1427,RECON62-B160,1617DC1ACCE6B50ED2D1359582A70A8B8503C569623EE90C18C6B33542796207,Tester/logs/20261010.log,5939935,2026-09-03,17:30,B152PR,"DK	0	21:33:19.565	Core 04	2026.09.03 17:30:00   [SRJ-IND] B152PR sym=EURUSD bar=2026.09.03 17:25 z1=1516,S,1.16800,1.16817,2026.08.24 08:45,1,2026.08.24 08:55,1.16812,1.16783"
1428,RECON62-B160,1617DC1ACCE6B50ED2D1359582A70A8B8503C569623EE90C18C6B33542796207,Tester/logs/20261010.log,5939936,2026-09-03,17:30,B152PR,"DQ	0	21:33:19.565	Core 04	2026.09.03 17:30:00   [SRJ-IND] B152PR sym=EURUSD bar=2026.09.03 17:25 z1=1704,S,1.16580,1.16647,2026.08.26 16:00,1,2026.08.26 16:30,1.16587,1.16541"
1429,RECON62-B160,1617DC1ACCE6B50ED2D1359582A70A8B8503C569623EE90C18C6B33542796207,Tester/logs/20261010.log,5939937,2026-09-03,17:30,B152PR,"GG	0	21:33:19.565	Core 04	2026.09.03 17:30:00   [SRJ-IND] B152PR sym=EURUSD bar=2026.09.03 17:25 z1=1728,S,1.16596,1.16624,2026.08.26 16:00,1,2026.08.27 16:25,1.16598,1.16561"
1430,RECON62-B160,1617DC1ACCE6B50ED2D1359582A70A8B8503C569623EE90C18C6B33542796207,Tester/logs/20261010.log,5939938,2026-09-03,17:30,B152PR,"KM	0	21:33:19.565	Core 04	2026.09.03 17:30:00   [SRJ-IND] B152PR sym=EURUSD bar=2026.09.03 17:25 z1=1784,S,1.16754,1.16787,2026.08.25 23:40,1,2026.08.25 23:50,1.16758,1.16746"
1431,RECON62-B160,1617DC1ACCE6B50ED2D1359582A70A8B8503C569623EE90C18C6B33542796207,Tester/logs/20261010.log,5939939,2026-09-03,17:30,B152PR,"OS	0	21:33:19.565	Core 04	2026.09.03 17:30:00   [SRJ-IND] B152PR sym=EURUSD bar=2026.09.03 17:25 z1=1866,S,1.16723,1.16738,2026.08.26 12:00,1,2026.08.26 15:10,1.16732,1.16692"
1432,RECON62-B160,1617DC1ACCE6B50ED2D1359582A70A8B8503C569623EE90C18C6B33542796207,Tester/logs/20261010.log,5939940,2026-09-03,17:30,B152PR,"GI	0	21:33:19.565	Core 04	2026.09.03 17:30:00   [SRJ-IND] B152PR sym=EURUSD bar=2026.09.03 17:25 z1=2109,S,1.16505,1.16537,2026.08.28 05:05,1,2026.08.28 05:55,1.16507,1.16497"
1433,RECON62-B160,1617DC1ACCE6B50ED2D1359582A70A8B8503C569623EE90C18C6B33542796207,Tester/logs/20261010.log,5939941,2026-09-03,17:30,B152PR,"PO	0	21:33:19.565	Core 04	2026.09.03 17:30:00   [SRJ-IND] B152PR sym=EURUSD bar=2026.09.03 17:25 z1=2149,S,1.16492,1.16507,2026.08.28 06:40,1,2026.08.28 14:00,1.16494,1.16471"
1434,RECON62-B160,1617DC1ACCE6B50ED2D1359582A70A8B8503C569623EE90C18C6B33542796207,Tester/logs/20261010.log,5939942,2026-09-03,17:30,B152PR,"LD	0	21:33:19.565	Core 04	2026.09.03 17:30:00   [SRJ-IND] B152PR sym=EURUSD bar=2026.09.03 17:25 z1=2792,B,1.15906,1.15944,2026.09.03 06:15,1,2026.09.03 06:20,1.15956,1.15943"
1435,RECON62-B160,1617DC1ACCE6B50ED2D1359582A70A8B8503C569623EE90C18C6B33542796207,Tester/logs/20261010.log,5939943,2026-09-03,17:30,B152PR,"KH	0	21:33:19.565	Core 04	2026.09.03 17:30:00   [SRJ-IND] B152PR sym=EURUSD bar=2026.09.03 17:25 bull=1 bear=1 nz=15"
1436,RECON62-B160,1617DC1ACCE6B50ED2D1359582A70A8B8503C569623EE90C18C6B33542796207,Tester/logs/20261010.log,5939952,2026-09-03,17:30,CONFIRMPOLL,"PR	0	21:33:19.565	Core 04	2026.09.03 17:30:00   [SRJ-EA] CONFIRMPOLL bar=2026.09.03 17:25 anchor=Daily-POC dir=LONG oppCandle=1 bodyDir=0 body=4pts doji=0 touchAttr=1 confirm=0 shadow=true"
1437,RECON62-B160,1617DC1ACCE6B50ED2D1359582A70A8B8503C569623EE90C18C6B33542796207,Tester/logs/20261010.log,5939957,2026-09-03,17:35,B152PR,"JD	0	21:33:19.565	Core 04	2026.09.03 17:35:00   [SRJ-IND] B152PR sym=EURUSD bar=2026.09.03 17:30 z1=305,B,1.15201,1.15225,2026.08.13 10:45,1,2026.08.13 11:00,1.15264,1.15225"
1438,RECON62-B160,1617DC1ACCE6B50ED2D1359582A70A8B8503C569623EE90C18C6B33542796207,Tester/logs/20261010.log,5939958,2026-09-03,17:35,B152PR,"JN	0	21:33:19.565	Core 04	2026.09.03 17:35:00   [SRJ-IND] B152PR sym=EURUSD bar=2026.09.03 17:30 z1=405,B,1.15248,1.15263,2026.08.14 00:25,1,2026.08.14 00:50,1.15276,1.15259"
1439,RECON62-B160,1617DC1ACCE6B50ED2D1359582A70A8B8503C569623EE90C18C6B33542796207,Tester/logs/20261010.log,5939959,2026-09-03,17:35,B152PR,"OP	0	21:33:19.565	Core 04	2026.09.03 17:35:00   [SRJ-IND] B152PR sym=EURUSD bar=2026.09.03 17:30 z1=435,B,1.15357,1.15373,2026.08.14 06:30,1,2026.08.14 06:35,1.15382,1.15367"
1440,RECON62-B160,1617DC1ACCE6B50ED2D1359582A70A8B8503C569623EE90C18C6B33542796207,Tester/logs/20261010.log,5939960,2026-09-03,17:35,B152PR,"EJ	0	21:33:19.565	Core 04	2026.09.03 17:35:00   [SRJ-IND] B152PR sym=EURUSD bar=2026.09.03 17:30 z1=484,B,1.15504,1.15532,2026.08.14 11:45,1,2026.08.14 11:50,1.15549,1.15520"
1441,RECON62-B160,1617DC1ACCE6B50ED2D1359582A70A8B8503C569623EE90C18C6B33542796207,Tester/logs/20261010.log,5939961,2026-09-03,17:35,B152PR,"QN	0	21:33:19.565	Core 04	2026.09.03 17:35:00   [SRJ-IND] B152PR sym=EURUSD bar=2026.09.03 17:30 z1=1389,S,1.17072,1.17107,2026.08.21 13:55,1,2026.08.21 14:20,1.17098,1.17032"
1442,RECON62-B160,1617DC1ACCE6B50ED2D1359582A70A8B8503C569623EE90C18C6B33542796207,Tester/logs/20261010.log,5939962,2026-09-03,17:35,B152PR,"LD	0	21:33:19.565	Core 04	2026.09.03 17:35:00   [SRJ-IND] B152PR sym=EURUSD bar=2026.09.03 17:30 z1=1481,S,1.16836,1.16871,2026.08.24 04:10,1,2026.08.24 05:10,1.16841,1.16818"
1443,RECON62-B160,1617DC1ACCE6B50ED2D1359582A70A8B8503C569623EE90C18C6B33542796207,Tester/logs/20261010.log,5939963,2026-09-03,17:35,B152PR,"EJ	0	21:33:19.565	Core 04	2026.09.03 17:35:00   [SRJ-IND] B152PR sym=EURUSD bar=2026.09.03 17:30 z1=1484,S,1.16822,1.16855,2026.08.24 04:20,1,2026.08.24 05:00,1.16831,1.16810"
1444,RECON62-B160,1617DC1ACCE6B50ED2D1359582A70A8B8503C569623EE90C18C6B33542796207,Tester/logs/20261010.log,5939964,2026-09-03,17:35,B152PR,"KP	0	21:33:19.565	Core 04	2026.09.03 17:35:00   [SRJ-IND] B152PR sym=EURUSD bar=2026.09.03 17:30 z1=1516,S,1.16800,1.16817,2026.08.24 08:45,1,2026.08.24 08:55,1.16812,1.16783"
1445,RECON62-B160,1617DC1ACCE6B50ED2D1359582A70A8B8503C569623EE90C18C6B33542796207,Tester/logs/20261010.log,5939965,2026-09-03,17:35,B152PR,"KF	0	21:33:19.565	Core 04	2026.09.03 17:35:00   [SRJ-IND] B152PR sym=EURUSD bar=2026.09.03 17:30 z1=1704,S,1.16580,1.16647,2026.08.26 16:00,1,2026.08.26 16:30,1.16587,1.16541"
1446,RECON62-B160,1617DC1ACCE6B50ED2D1359582A70A8B8503C569623EE90C18C6B33542796207,Tester/logs/20261010.log,5939966,2026-09-03,17:35,B152PR,"PL	0	21:33:19.565	Core 04	2026.09.03 17:35:00   [SRJ-IND] B152PR sym=EURUSD bar=2026.09.03 17:30 z1=1728,S,1.16596,1.16624,2026.08.26 16:00,1,2026.08.27 16:25,1.16598,1.16561"
1447,RECON62-B160,1617DC1ACCE6B50ED2D1359582A70A8B8503C569623EE90C18C6B33542796207,Tester/logs/20261010.log,5939967,2026-09-03,17:35,B152PR,"DR	0	21:33:19.565	Core 04	2026.09.03 17:35:00   [SRJ-IND] B152PR sym=EURUSD bar=2026.09.03 17:30 z1=1784,S,1.16754,1.16787,2026.08.25 23:40,1,2026.08.25 23:50,1.16758,1.16746"
1448,RECON62-B160,1617DC1ACCE6B50ED2D1359582A70A8B8503C569623EE90C18C6B33542796207,Tester/logs/20261010.log,5939968,2026-09-03,17:35,B152PR,"HH	0	21:33:19.565	Core 04	2026.09.03 17:35:00   [SRJ-IND] B152PR sym=EURUSD bar=2026.09.03 17:30 z1=1866,S,1.16723,1.16738,2026.08.26 12:00,1,2026.08.26 15:10,1.16732,1.16692"
1449,RECON62-B160,1617DC1ACCE6B50ED2D1359582A70A8B8503C569623EE90C18C6B33542796207,Tester/logs/20261010.log,5939969,2026-09-03,17:35,B152PR,"PN	0	21:33:19.565	Core 04	2026.09.03 17:35:00   [SRJ-IND] B152PR sym=EURUSD bar=2026.09.03 17:30 z1=2109,S,1.16505,1.16537,2026.08.28 05:05,1,2026.08.28 05:55,1.16507,1.16497"
1450,RECON62-B160,1617DC1ACCE6B50ED2D1359582A70A8B8503C569623EE90C18C6B33542796207,Tester/logs/20261010.log,5939970,2026-09-03,17:35,B152PR,"GD	0	21:33:19.565	Core 04	2026.09.03 17:35:00   [SRJ-IND] B152PR sym=EURUSD bar=2026.09.03 17:30 z1=2149,S,1.16492,1.16507,2026.08.28 06:40,1,2026.08.28 14:00,1.16494,1.16471"
1451,RECON62-B160,1617DC1ACCE6B50ED2D1359582A70A8B8503C569623EE90C18C6B33542796207,Tester/logs/20261010.log,5939971,2026-09-03,17:35,B152PR,"CK	0	21:33:19.565	Core 04	2026.09.03 17:35:00   [SRJ-IND] B152PR sym=EURUSD bar=2026.09.03 17:30 z1=2792,B,1.15906,1.15944,2026.09.03 06:15,1,2026.09.03 06:20,1.15956,1.15943"
1452,RECON62-B160,1617DC1ACCE6B50ED2D1359582A70A8B8503C569623EE90C18C6B33542796207,Tester/logs/20261010.log,5939972,2026-09-03,17:35,B152PR,"DS	0	21:33:19.565	Core 04	2026.09.03 17:35:00   [SRJ-IND] B152PR sym=EURUSD bar=2026.09.03 17:30 bull=1 bear=1 nz=15"
1453,RECON62-B160,1617DC1ACCE6B50ED2D1359582A70A8B8503C569623EE90C18C6B33542796207,Tester/logs/20261010.log,5939980,2026-09-03,17:40,B152PR,"IH	0	21:33:19.565	Core 04	2026.09.03 17:40:00   [SRJ-IND] B152PR sym=EURUSD bar=2026.09.03 17:35 z1=305,B,1.15201,1.15225,2026.08.13 10:45,1,2026.08.13 11:00,1.15264,1.15225"
1454,RECON62-B160,1617DC1ACCE6B50ED2D1359582A70A8B8503C569623EE90C18C6B33542796207,Tester/logs/20261010.log,5939981,2026-09-03,17:40,B152PR,"MR	0	21:33:19.565	Core 04	2026.09.03 17:40:00   [SRJ-IND] B152PR sym=EURUSD bar=2026.09.03 17:35 z1=405,B,1.15248,1.15263,2026.08.14 00:25,1,2026.08.14 00:50,1.15276,1.15259"
1455,RECON62-B160,1617DC1ACCE6B50ED2D1359582A70A8B8503C569623EE90C18C6B33542796207,Tester/logs/20261010.log,5939982,2026-09-03,17:40,B152PR,"HD	0	21:33:19.565	Core 04	2026.09.03 17:40:00   [SRJ-IND] B152PR sym=EURUSD bar=2026.09.03 17:35 z1=435,B,1.15357,1.15373,2026.08.14 06:30,1,2026.08.14 06:35,1.15382,1.15367"
1456,RECON62-B160,1617DC1ACCE6B50ED2D1359582A70A8B8503C569623EE90C18C6B33542796207,Tester/logs/20261010.log,5939983,2026-09-03,17:40,B152PR,"RN	0	21:33:19.565	Core 04	2026.09.03 17:40:00   [SRJ-IND] B152PR sym=EURUSD bar=2026.09.03 17:35 z1=484,B,1.15504,1.15532,2026.08.14 11:45,1,2026.08.14 11:50,1.15549,1.15520"
1457,RECON62-B160,1617DC1ACCE6B50ED2D1359582A70A8B8503C569623EE90C18C6B33542796207,Tester/logs/20261010.log,5939984,2026-09-03,17:40,B152PR,"RR	0	21:33:19.565	Core 04	2026.09.03 17:40:00   [SRJ-IND] B152PR sym=EURUSD bar=2026.09.03 17:35 z1=1389,S,1.17072,1.17107,2026.08.21 13:55,1,2026.08.21 14:20,1.17098,1.17032"
1458,RECON62-B160,1617DC1ACCE6B50ED2D1359582A70A8B8503C569623EE90C18C6B33542796207,Tester/logs/20261010.log,5939985,2026-09-03,17:40,B152PR,"KH	0	21:33:19.565	Core 04	2026.09.03 17:40:00   [SRJ-IND] B152PR sym=EURUSD bar=2026.09.03 17:35 z1=1481,S,1.16836,1.16871,2026.08.24 04:10,1,2026.08.24 05:10,1.16841,1.16818"
1459,RECON62-B160,1617DC1ACCE6B50ED2D1359582A70A8B8503C569623EE90C18C6B33542796207,Tester/logs/20261010.log,5939986,2026-09-03,17:40,B152PR,"FN	0	21:33:19.565	Core 04	2026.09.03 17:40:00   [SRJ-IND] B152PR sym=EURUSD bar=2026.09.03 17:35 z1=1484,S,1.16822,1.16855,2026.08.24 04:20,1,2026.08.24 05:00,1.16831,1.16810"
1460,RECON62-B160,1617DC1ACCE6B50ED2D1359582A70A8B8503C569623EE90C18C6B33542796207,Tester/logs/20261010.log,5939987,2026-09-03,17:40,B152PR,"LD	0	21:33:19.565	Core 04	2026.09.03 17:40:00   [SRJ-IND] B152PR sym=EURUSD bar=2026.09.03 17:35 z1=1516,S,1.16800,1.16817,2026.08.24 08:45,1,2026.08.24 08:55,1.16812,1.16783"
1461,RECON62-B160,1617DC1ACCE6B50ED2D1359582A70A8B8503C569623EE90C18C6B33542796207,Tester/logs/20261010.log,5939988,2026-09-03,17:40,B152PR,"LJ	0	21:33:19.565	Core 04	2026.09.03 17:40:00   [SRJ-IND] B152PR sym=EURUSD bar=2026.09.03 17:35 z1=1704,S,1.16580,1.16647,2026.08.26 16:00,1,2026.08.26 16:30,1.16587,1.16541"
1462,RECON62-B160,1617DC1ACCE6B50ED2D1359582A70A8B8503C569623EE90C18C6B33542796207,Tester/logs/20261010.log,5939989,2026-09-03,17:40,B152PR,"OP	0	21:33:19.565	Core 04	2026.09.03 17:40:00   [SRJ-IND] B152PR sym=EURUSD bar=2026.09.03 17:35 z1=1728,S,1.16596,1.16624,2026.08.26 16:00,1,2026.08.27 16:25,1.16598,1.16561"
1463,RECON62-B160,1617DC1ACCE6B50ED2D1359582A70A8B8503C569623EE90C18C6B33542796207,Tester/logs/20261010.log,5939990,2026-09-03,17:40,B152PR,"CF	0	21:33:19.565	Core 04	2026.09.03 17:40:00   [SRJ-IND] B152PR sym=EURUSD bar=2026.09.03 17:35 z1=1784,S,1.16754,1.16787,2026.08.25 23:40,1,2026.08.25 23:50,1.16758,1.16746"
1464,RECON62-B160,1617DC1ACCE6B50ED2D1359582A70A8B8503C569623EE90C18C6B33542796207,Tester/logs/20261010.log,5939991,2026-09-03,17:40,B152PR,"GL	0	21:33:19.565	Core 04	2026.09.03 17:40:00   [SRJ-IND] B152PR sym=EURUSD bar=2026.09.03 17:35 z1=1866,S,1.16723,1.16738,2026.08.26 12:00,1,2026.08.26 15:10,1.16732,1.16692"
1465,RECON62-B160,1617DC1ACCE6B50ED2D1359582A70A8B8503C569623EE90C18C6B33542796207,Tester/logs/20261010.log,5939992,2026-09-03,17:40,B152PR,"OR	0	21:33:19.565	Core 04	2026.09.03 17:40:00   [SRJ-IND] B152PR sym=EURUSD bar=2026.09.03 17:35 z1=2109,S,1.16505,1.16537,2026.08.28 05:05,1,2026.08.28 05:55,1.16507,1.16497"
1466,RECON62-B160,1617DC1ACCE6B50ED2D1359582A70A8B8503C569623EE90C18C6B33542796207,Tester/logs/20261010.log,5939993,2026-09-03,17:40,B152PR,"HH	0	21:33:19.565	Core 04	2026.09.03 17:40:00   [SRJ-IND] B152PR sym=EURUSD bar=2026.09.03 17:35 z1=2149,S,1.16492,1.16507,2026.08.28 06:40,1,2026.08.28 14:00,1.16494,1.16471"
1467,RECON62-B160,1617DC1ACCE6B50ED2D1359582A70A8B8503C569623EE90C18C6B33542796207,Tester/logs/20261010.log,5939994,2026-09-03,17:40,B152PR,"DO	0	21:33:19.565	Core 04	2026.09.03 17:40:00   [SRJ-IND] B152PR sym=EURUSD bar=2026.09.03 17:35 z1=2792,B,1.15906,1.15944,2026.09.03 06:15,1,2026.09.03 06:20,1.15956,1.15943"
1468,RECON62-B160,1617DC1ACCE6B50ED2D1359582A70A8B8503C569623EE90C18C6B33542796207,Tester/logs/20261010.log,5939995,2026-09-03,17:40,B152PR,"PE	0	21:33:19.565	Core 04	2026.09.03 17:40:00   [SRJ-IND] B152PR sym=EURUSD bar=2026.09.03 17:35 z1=2861,B,1.16114,1.16153,2026.09.03 16:45,1,2026.09.03 17:35,1.16191,1.16153"
1469,RECON62-B160,1617DC1ACCE6B50ED2D1359582A70A8B8503C569623EE90C18C6B33542796207,Tester/logs/20261010.log,5939996,2026-09-03,17:40,B152PR,"FI	0	21:33:19.565	Core 04	2026.09.03 17:40:00   [SRJ-IND] B152PR sym=EURUSD bar=2026.09.03 17:35 bull=1 bear=1 nz=16"
1470,RECON62-B160,1617DC1ACCE6B50ED2D1359582A70A8B8503C569623EE90C18C6B33542796207,Tester/logs/20261010.log,5940003,2026-09-03,17:45,B152PR,"LD	0	21:33:19.565	Core 04	2026.09.03 17:45:00   [SRJ-IND] B152PR sym=EURUSD bar=2026.09.03 17:40 z1=305,B,1.15201,1.15225,2026.08.13 10:45,1,2026.08.13 11:00,1.15264,1.15225"
1471,RECON62-B160,1617DC1ACCE6B50ED2D1359582A70A8B8503C569623EE90C18C6B33542796207,Tester/logs/20261010.log,5940004,2026-09-03,17:45,B152PR,"HI	0	21:33:19.565	Core 04	2026.09.03 17:45:00   [SRJ-IND] B152PR sym=EURUSD bar=2026.09.03 17:40 z1=405,B,1.15248,1.15263,2026.08.14 00:25,1,2026.08.14 00:50,1.15276,1.15259"
1472,RECON62-B160,1617DC1ACCE6B50ED2D1359582A70A8B8503C569623EE90C18C6B33542796207,Tester/logs/20261010.log,5940005,2026-09-03,17:45,B152PR,"MS	0	21:33:19.565	Core 04	2026.09.03 17:45:00   [SRJ-IND] B152PR sym=EURUSD bar=2026.09.03 17:40 z1=435,B,1.15357,1.15373,2026.08.14 06:30,1,2026.08.14 06:35,1.15382,1.15367"
1473,RECON62-B160,1617DC1ACCE6B50ED2D1359582A70A8B8503C569623EE90C18C6B33542796207,Tester/logs/20261010.log,5940006,2026-09-03,17:45,B152PR,"CE	0	21:33:19.565	Core 04	2026.09.03 17:45:00   [SRJ-IND] B152PR sym=EURUSD bar=2026.09.03 17:40 z1=484,B,1.15504,1.15532,2026.08.14 11:45,1,2026.08.14 11:50,1.15549,1.15520"
1474,RECON62-B160,1617DC1ACCE6B50ED2D1359582A70A8B8503C569623EE90C18C6B33542796207,Tester/logs/20261010.log,5940007,2026-09-03,17:45,B152PR,"CM	0	21:33:19.565	Core 04	2026.09.03 17:45:00   [SRJ-IND] B152PR sym=EURUSD bar=2026.09.03 17:40 z1=1389,S,1.17072,1.17107,2026.08.21 13:55,1,2026.08.21 14:20,1.17098,1.17032"
1475,RECON62-B160,1617DC1ACCE6B50ED2D1359582A70A8B8503C569623EE90C18C6B33542796207,Tester/logs/20261010.log,5940008,2026-09-03,17:45,B152PR,"JS	0	21:33:19.565	Core 04	2026.09.03 17:45:00   [SRJ-IND] B152PR sym=EURUSD bar=2026.09.03 17:40 z1=1481,S,1.16836,1.16871,2026.08.24 04:10,1,2026.08.24 05:10,1.16841,1.16818"
1476,RECON62-B160,1617DC1ACCE6B50ED2D1359582A70A8B8503C569623EE90C18C6B33542796207,Tester/logs/20261010.log,5940009,2026-09-03,17:45,B152PR,"OI	0	21:33:19.565	Core 04	2026.09.03 17:45:00   [SRJ-IND] B152PR sym=EURUSD bar=2026.09.03 17:40 z1=1484,S,1.16822,1.16855,2026.08.24 04:20,1,2026.08.24 05:00,1.16831,1.16810"
1477,RECON62-B160,1617DC1ACCE6B50ED2D1359582A70A8B8503C569623EE90C18C6B33542796207,Tester/logs/20261010.log,5940010,2026-09-03,17:45,B152PR,"IO	0	21:33:19.565	Core 04	2026.09.03 17:45:00   [SRJ-IND] B152PR sym=EURUSD bar=2026.09.03 17:40 z1=1516,S,1.16800,1.16817,2026.08.24 08:45,1,2026.08.24 08:55,1.16812,1.16783"
1478,RECON62-B160,1617DC1ACCE6B50ED2D1359582A70A8B8503C569623EE90C18C6B33542796207,Tester/logs/20261010.log,5940011,2026-09-03,17:45,B152PR,"IE	0	21:33:19.565	Core 04	2026.09.03 17:45:00   [SRJ-IND] B152PR sym=EURUSD bar=2026.09.03 17:40 z1=1704,S,1.16580,1.16647,2026.08.26 16:00,1,2026.08.26 16:30,1.16587,1.16541"
1479,RECON62-B160,1617DC1ACCE6B50ED2D1359582A70A8B8503C569623EE90C18C6B33542796207,Tester/logs/20261010.log,5940012,2026-09-03,17:45,B152PR,"FK	0	21:33:19.565	Core 04	2026.09.03 17:45:00   [SRJ-IND] B152PR sym=EURUSD bar=2026.09.03 17:40 z1=1728,S,1.16596,1.16624,2026.08.26 16:00,1,2026.08.27 16:25,1.16598,1.16561"
1480,RECON62-B160,1617DC1ACCE6B50ED2D1359582A70A8B8503C569623EE90C18C6B33542796207,Tester/logs/20261010.log,5940013,2026-09-03,17:45,B152PR,"RQ	0	21:33:19.565	Core 04	2026.09.03 17:45:00   [SRJ-IND] B152PR sym=EURUSD bar=2026.09.03 17:40 z1=1784,S,1.16754,1.16787,2026.08.25 23:40,1,2026.08.25 23:50,1.16758,1.16746"
1481,RECON62-B160,1617DC1ACCE6B50ED2D1359582A70A8B8503C569623EE90C18C6B33542796207,Tester/logs/20261010.log,5940014,2026-09-03,17:45,B152PR,"NG	0	21:33:19.565	Core 04	2026.09.03 17:45:00   [SRJ-IND] B152PR sym=EURUSD bar=2026.09.03 17:40 z1=1866,S,1.16723,1.16738,2026.08.26 12:00,1,2026.08.26 15:10,1.16732,1.16692"
1482,RECON62-B160,1617DC1ACCE6B50ED2D1359582A70A8B8503C569623EE90C18C6B33542796207,Tester/logs/20261010.log,5940015,2026-09-03,17:45,B152PR,"FM	0	21:33:19.565	Core 04	2026.09.03 17:45:00   [SRJ-IND] B152PR sym=EURUSD bar=2026.09.03 17:40 z1=2109,S,1.16505,1.16537,2026.08.28 05:05,1,2026.08.28 05:55,1.16507,1.16497"
1483,RECON62-B160,1617DC1ACCE6B50ED2D1359582A70A8B8503C569623EE90C18C6B33542796207,Tester/logs/20261010.log,5940016,2026-09-03,17:45,B152PR,"MS	0	21:33:19.565	Core 04	2026.09.03 17:45:00   [SRJ-IND] B152PR sym=EURUSD bar=2026.09.03 17:40 z1=2149,S,1.16492,1.16507,2026.08.28 06:40,1,2026.08.28 14:00,1.16494,1.16471"
1484,RECON62-B160,1617DC1ACCE6B50ED2D1359582A70A8B8503C569623EE90C18C6B33542796207,Tester/logs/20261010.log,5940017,2026-09-03,17:45,B152PR,"QH	0	21:33:19.565	Core 04	2026.09.03 17:45:00   [SRJ-IND] B152PR sym=EURUSD bar=2026.09.03 17:40 z1=2792,B,1.15906,1.15944,2026.09.03 06:15,1,2026.09.03 06:20,1.15956,1.15943"
1485,RECON62-B160,1617DC1ACCE6B50ED2D1359582A70A8B8503C569623EE90C18C6B33542796207,Tester/logs/20261010.log,5940018,2026-09-03,17:45,B152PR,"EN	0	21:33:19.565	Core 04	2026.09.03 17:45:00   [SRJ-IND] B152PR sym=EURUSD bar=2026.09.03 17:40 z1=2861,B,1.16114,1.16153,2026.09.03 16:45,1,2026.09.03 17:35,1.16191,1.16153"
1486,RECON62-B160,1617DC1ACCE6B50ED2D1359582A70A8B8503C569623EE90C18C6B33542796207,Tester/logs/20261010.log,5940019,2026-09-03,17:45,B152PR,"OF	0	21:33:19.565	Core 04	2026.09.03 17:45:00   [SRJ-IND] B152PR sym=EURUSD bar=2026.09.03 17:40 bull=1 bear=1 nz=16"
1487,RECON62-B160,1617DC1ACCE6B50ED2D1359582A70A8B8503C569623EE90C18C6B33542796207,Tester/logs/20261010.log,5940027,2026-09-03,17:50,B152PR,"ES	0	21:33:19.565	Core 04	2026.09.03 17:50:00   [SRJ-IND] B152PR sym=EURUSD bar=2026.09.03 17:45 z1=305,B,1.15201,1.15225,2026.08.13 10:45,1,2026.08.13 11:00,1.15264,1.15225"
1488,RECON62-B160,1617DC1ACCE6B50ED2D1359582A70A8B8503C569623EE90C18C6B33542796207,Tester/logs/20261010.log,5940028,2026-09-03,17:50,B152PR,"EE	0	21:33:19.565	Core 04	2026.09.03 17:50:00   [SRJ-IND] B152PR sym=EURUSD bar=2026.09.03 17:45 z1=405,B,1.15248,1.15263,2026.08.14 00:25,1,2026.08.14 00:50,1.15276,1.15259"
1489,RECON62-B160,1617DC1ACCE6B50ED2D1359582A70A8B8503C569623EE90C18C6B33542796207,Tester/logs/20261010.log,5940029,2026-09-03,17:50,B152PR,"DO	0	21:33:19.565	Core 04	2026.09.03 17:50:00   [SRJ-IND] B152PR sym=EURUSD bar=2026.09.03 17:45 z1=435,B,1.15357,1.15373,2026.08.14 06:30,1,2026.08.14 06:35,1.15382,1.15367"
1490,RECON62-B160,1617DC1ACCE6B50ED2D1359582A70A8B8503C569623EE90C18C6B33542796207,Tester/logs/20261010.log,5940030,2026-09-03,17:50,B152PR,"RQ	0	21:33:19.565	Core 04	2026.09.03 17:50:00   [SRJ-IND] B152PR sym=EURUSD bar=2026.09.03 17:45 z1=484,B,1.15504,1.15532,2026.08.14 11:45,1,2026.08.14 11:50,1.15549,1.15520"
1491,RECON62-B160,1617DC1ACCE6B50ED2D1359582A70A8B8503C569623EE90C18C6B33542796207,Tester/logs/20261010.log,5940031,2026-09-03,17:50,B152PR,"NI	0	21:33:19.565	Core 04	2026.09.03 17:50:00   [SRJ-IND] B152PR sym=EURUSD bar=2026.09.03 17:45 z1=1389,S,1.17072,1.17107,2026.08.21 13:55,1,2026.08.21 14:20,1.17098,1.17032"
1492,RECON62-B160,1617DC1ACCE6B50ED2D1359582A70A8B8503C569623EE90C18C6B33542796207,Tester/logs/20261010.log,5940032,2026-09-03,17:50,B152PR,"OO	0	21:33:19.565	Core 04	2026.09.03 17:50:00   [SRJ-IND] B152PR sym=EURUSD bar=2026.09.03 17:45 z1=1481,S,1.16836,1.16871,2026.08.24 04:10,1,2026.08.24 05:10,1.16841,1.16818"
1493,RECON62-B160,1617DC1ACCE6B50ED2D1359582A70A8B8503C569623EE90C18C6B33542796207,Tester/logs/20261010.log,5940033,2026-09-03,17:50,B152PR,"JE	0	21:33:19.565	Core 04	2026.09.03 17:50:00   [SRJ-IND] B152PR sym=EURUSD bar=2026.09.03 17:45 z1=1484,S,1.16822,1.16855,2026.08.24 04:20,1,2026.08.24 05:00,1.16831,1.16810"
1494,RECON62-B160,1617DC1ACCE6B50ED2D1359582A70A8B8503C569623EE90C18C6B33542796207,Tester/logs/20261010.log,5940034,2026-09-03,17:50,B152PR,"PK	0	21:33:19.565	Core 04	2026.09.03 17:50:00   [SRJ-IND] B152PR sym=EURUSD bar=2026.09.03 17:45 z1=1516,S,1.16800,1.16817,2026.08.24 08:45,1,2026.08.24 08:55,1.16812,1.16783"
1495,RECON62-B160,1617DC1ACCE6B50ED2D1359582A70A8B8503C569623EE90C18C6B33542796207,Tester/logs/20261010.log,5940035,2026-09-03,17:50,B152PR,"PQ	0	21:33:19.565	Core 04	2026.09.03 17:50:00   [SRJ-IND] B152PR sym=EURUSD bar=2026.09.03 17:45 z1=1704,S,1.16580,1.16647,2026.08.26 16:00,1,2026.08.26 16:30,1.16587,1.16541"
1496,RECON62-B160,1617DC1ACCE6B50ED2D1359582A70A8B8503C569623EE90C18C6B33542796207,Tester/logs/20261010.log,5940036,2026-09-03,17:50,B152PR,"KG	0	21:33:19.565	Core 04	2026.09.03 17:50:00   [SRJ-IND] B152PR sym=EURUSD bar=2026.09.03 17:45 z1=1728,S,1.16596,1.16624,2026.08.26 16:00,1,2026.08.27 16:25,1.16598,1.16561"
1497,RECON62-B160,1617DC1ACCE6B50ED2D1359582A70A8B8503C569623EE90C18C6B33542796207,Tester/logs/20261010.log,5940037,2026-09-03,17:50,B152PR,"GM	0	21:33:19.565	Core 04	2026.09.03 17:50:00   [SRJ-IND] B152PR sym=EURUSD bar=2026.09.03 17:45 z1=1784,S,1.16754,1.16787,2026.08.25 23:40,1,2026.08.25 23:50,1.16758,1.16746"
1498,RECON62-B160,1617DC1ACCE6B50ED2D1359582A70A8B8503C569623EE90C18C6B33542796207,Tester/logs/20261010.log,5940038,2026-09-03,17:50,B152PR,"CS	0	21:33:19.565	Core 04	2026.09.03 17:50:00   [SRJ-IND] B152PR sym=EURUSD bar=2026.09.03 17:45 z1=1866,S,1.16723,1.16738,2026.08.26 12:00,1,2026.08.26 15:10,1.16732,1.16692"
1499,RECON62-B160,1617DC1ACCE6B50ED2D1359582A70A8B8503C569623EE90C18C6B33542796207,Tester/logs/20261010.log,5940039,2026-09-03,17:50,B152PR,"KI	0	21:33:19.565	Core 04	2026.09.03 17:50:00   [SRJ-IND] B152PR sym=EURUSD bar=2026.09.03 17:45 z1=2109,S,1.16505,1.16537,2026.08.28 05:05,1,2026.08.28 05:55,1.16507,1.16497"
1500,RECON62-B160,1617DC1ACCE6B50ED2D1359582A70A8B8503C569623EE90C18C6B33542796207,Tester/logs/20261010.log,5940040,2026-09-03,17:50,B152PR,"DO	0	21:33:19.565	Core 04	2026.09.03 17:50:00   [SRJ-IND] B152PR sym=EURUSD bar=2026.09.03 17:45 z1=2149,S,1.16492,1.16507,2026.08.28 06:40,1,2026.08.28 14:00,1.16494,1.16471"
1501,RECON62-B160,1617DC1ACCE6B50ED2D1359582A70A8B8503C569623EE90C18C6B33542796207,Tester/logs/20261010.log,5940041,2026-09-03,17:50,B152PR,"HD	0	21:33:19.565	Core 04	2026.09.03 17:50:00   [SRJ-IND] B152PR sym=EURUSD bar=2026.09.03 17:45 z1=2792,B,1.15906,1.15944,2026.09.03 06:15,1,2026.09.03 06:20,1.15956,1.15943"
1502,RECON62-B160,1617DC1ACCE6B50ED2D1359582A70A8B8503C569623EE90C18C6B33542796207,Tester/logs/20261010.log,5940042,2026-09-03,17:50,B152PR,"LJ	0	21:33:19.565	Core 04	2026.09.03 17:50:00   [SRJ-IND] B152PR sym=EURUSD bar=2026.09.03 17:45 z1=2861,B,1.16114,1.16153,2026.09.03 16:45,1,2026.09.03 17:35,1.16191,1.16153"
1503,RECON62-B160,1617DC1ACCE6B50ED2D1359582A70A8B8503C569623EE90C18C6B33542796207,Tester/logs/20261010.log,5940043,2026-09-03,17:50,B152PR,"JR	0	21:33:19.565	Core 04	2026.09.03 17:50:00   [SRJ-IND] B152PR sym=EURUSD bar=2026.09.03 17:45 bull=1 bear=1 nz=16"
1504,RECON62-B160,1617DC1ACCE6B50ED2D1359582A70A8B8503C569623EE90C18C6B33542796207,Tester/logs/20261010.log,5940047,2026-09-03,17:50,CQDRECHECK,"FS	0	21:33:19.565	Core 04	2026.09.03 17:50:00   [SRJ-EA] CQDRECHECK shift=2 passA=2.0 passB=2.0 diff=0 bar=2026.09.03 17:40 state=IDLE dir=NONE divLatch=0 hit1=0 hit2=530 mism=0"
1505,RECON62-B160,1617DC1ACCE6B50ED2D1359582A70A8B8503C569623EE90C18C6B33542796207,Tester/logs/20261010.log,5940052,2026-09-03,17:55,B152PR,"NQ	0	21:33:19.565	Core 04	2026.09.03 17:55:00   [SRJ-IND] B152PR sym=EURUSD bar=2026.09.03 17:50 z1=305,B,1.15201,1.15225,2026.08.13 10:45,1,2026.08.13 11:00,1.15264,1.15225"
1506,RECON62-B160,1617DC1ACCE6B50ED2D1359582A70A8B8503C569623EE90C18C6B33542796207,Tester/logs/20261010.log,5940053,2026-09-03,17:55,B152PR,"NK	0	21:33:19.565	Core 04	2026.09.03 17:55:00   [SRJ-IND] B152PR sym=EURUSD bar=2026.09.03 17:50 z1=405,B,1.15248,1.15263,2026.08.14 00:25,1,2026.08.14 00:50,1.15276,1.15259"
1507,RECON62-B160,1617DC1ACCE6B50ED2D1359582A70A8B8503C569623EE90C18C6B33542796207,Tester/logs/20261010.log,5940054,2026-09-03,17:55,B152PR,"KL	0	21:33:19.565	Core 04	2026.09.03 17:55:00   [SRJ-IND] B152PR sym=EURUSD bar=2026.09.03 17:50 z1=435,B,1.15357,1.15373,2026.08.14 06:30,1,2026.08.14 06:35,1.15382,1.15367"
1508,RECON62-B160,1617DC1ACCE6B50ED2D1359582A70A8B8503C569623EE90C18C6B33542796207,Tester/logs/20261010.log,5940055,2026-09-03,17:55,B152PR,"IF	0	21:33:19.565	Core 04	2026.09.03 17:55:00   [SRJ-IND] B152PR sym=EURUSD bar=2026.09.03 17:50 z1=484,B,1.15504,1.15532,2026.08.14 11:45,1,2026.08.14 11:50,1.15549,1.15520"
1509,RECON62-B160,1617DC1ACCE6B50ED2D1359582A70A8B8503C569623EE90C18C6B33542796207,Tester/logs/20261010.log,5940056,2026-09-03,17:55,B152PR,"EJ	0	21:33:19.565	Core 04	2026.09.03 17:55:00   [SRJ-IND] B152PR sym=EURUSD bar=2026.09.03 17:50 z1=1389,S,1.17072,1.17107,2026.08.21 13:55,1,2026.08.21 14:20,1.17098,1.17032"
1510,RECON62-B160,1617DC1ACCE6B50ED2D1359582A70A8B8503C569623EE90C18C6B33542796207,Tester/logs/20261010.log,5940057,2026-09-03,17:55,B152PR,"HP	0	21:33:19.565	Core 04	2026.09.03 17:55:00   [SRJ-IND] B152PR sym=EURUSD bar=2026.09.03 17:50 z1=1481,S,1.16836,1.16871,2026.08.24 04:10,1,2026.08.24 05:10,1.16841,1.16818"
1511,RECON62-B160,1617DC1ACCE6B50ED2D1359582A70A8B8503C569623EE90C18C6B33542796207,Tester/logs/20261010.log,5940058,2026-09-03,17:55,B152PR,"QF	0	21:33:19.565	Core 04	2026.09.03 17:55:00   [SRJ-IND] B152PR sym=EURUSD bar=2026.09.03 17:50 z1=1484,S,1.16822,1.16855,2026.08.24 04:20,1,2026.08.24 05:00,1.16831,1.16810"
1512,RECON62-B160,1617DC1ACCE6B50ED2D1359582A70A8B8503C569623EE90C18C6B33542796207,Tester/logs/20261010.log,5940059,2026-09-03,17:55,B152PR,"GL	0	21:33:19.565	Core 04	2026.09.03 17:55:00   [SRJ-IND] B152PR sym=EURUSD bar=2026.09.03 17:50 z1=1516,S,1.16800,1.16817,2026.08.24 08:45,1,2026.08.24 08:55,1.16812,1.16783"
1513,RECON62-B160,1617DC1ACCE6B50ED2D1359582A70A8B8503C569623EE90C18C6B33542796207,Tester/logs/20261010.log,5940060,2026-09-03,17:55,B152PR,"GR	0	21:33:19.565	Core 04	2026.09.03 17:55:00   [SRJ-IND] B152PR sym=EURUSD bar=2026.09.03 17:50 z1=1704,S,1.16580,1.16647,2026.08.26 16:00,1,2026.08.26 16:30,1.16587,1.16541"
1514,RECON62-B160,1617DC1ACCE6B50ED2D1359582A70A8B8503C569623EE90C18C6B33542796207,Tester/logs/20261010.log,5940061,2026-09-03,17:55,B152PR,"DH	0	21:33:19.565	Core 04	2026.09.03 17:55:00   [SRJ-IND] B152PR sym=EURUSD bar=2026.09.03 17:50 z1=1728,S,1.16596,1.16624,2026.08.26 16:00,1,2026.08.27 16:25,1.16598,1.16561"
1515,RECON62-B160,1617DC1ACCE6B50ED2D1359582A70A8B8503C569623EE90C18C6B33542796207,Tester/logs/20261010.log,5940062,2026-09-03,17:55,B152PR,"PN	0	21:33:19.565	Core 04	2026.09.03 17:55:00   [SRJ-IND] B152PR sym=EURUSD bar=2026.09.03 17:50 z1=1784,S,1.16754,1.16787,2026.08.25 23:40,1,2026.08.25 23:50,1.16758,1.16746"
1516,RECON62-B160,1617DC1ACCE6B50ED2D1359582A70A8B8503C569623EE90C18C6B33542796207,Tester/logs/20261010.log,5940063,2026-09-03,17:55,B152PR,"LD	0	21:33:19.565	Core 04	2026.09.03 17:55:00   [SRJ-IND] B152PR sym=EURUSD bar=2026.09.03 17:50 z1=1866,S,1.16723,1.16738,2026.08.26 12:00,1,2026.08.26 15:10,1.16732,1.16692"
1517,RECON62-B160,1617DC1ACCE6B50ED2D1359582A70A8B8503C569623EE90C18C6B33542796207,Tester/logs/20261010.log,5940064,2026-09-03,17:55,B152PR,"DJ	0	21:33:19.565	Core 04	2026.09.03 17:55:00   [SRJ-IND] B152PR sym=EURUSD bar=2026.09.03 17:50 z1=2109,S,1.16505,1.16537,2026.08.28 05:05,1,2026.08.28 05:55,1.16507,1.16497"
1518,RECON62-B160,1617DC1ACCE6B50ED2D1359582A70A8B8503C569623EE90C18C6B33542796207,Tester/logs/20261010.log,5940065,2026-09-03,17:55,B152PR,"KP	0	21:33:19.565	Core 04	2026.09.03 17:55:00   [SRJ-IND] B152PR sym=EURUSD bar=2026.09.03 17:50 z1=2149,S,1.16492,1.16507,2026.08.28 06:40,1,2026.08.28 14:00,1.16494,1.16471"
1519,RECON62-B160,1617DC1ACCE6B50ED2D1359582A70A8B8503C569623EE90C18C6B33542796207,Tester/logs/20261010.log,5940066,2026-09-03,17:55,B152PR,"OG	0	21:33:19.565	Core 04	2026.09.03 17:55:00   [SRJ-IND] B152PR sym=EURUSD bar=2026.09.03 17:50 z1=2792,B,1.15906,1.15944,2026.09.03 06:15,1,2026.09.03 06:20,1.15956,1.15943"
1520,RECON62-B160,1617DC1ACCE6B50ED2D1359582A70A8B8503C569623EE90C18C6B33542796207,Tester/logs/20261010.log,5940067,2026-09-03,17:55,B152PR,"CM	0	21:33:19.565	Core 04	2026.09.03 17:55:00   [SRJ-IND] B152PR sym=EURUSD bar=2026.09.03 17:50 z1=2861,B,1.16114,1.16153,2026.09.03 16:45,1,2026.09.03 17:35,1.16191,1.16153"
1521,RECON62-B160,1617DC1ACCE6B50ED2D1359582A70A8B8503C569623EE90C18C6B33542796207,Tester/logs/20261010.log,5940068,2026-09-03,17:55,B152PR,"QQ	0	21:33:19.565	Core 04	2026.09.03 17:55:00   [SRJ-IND] B152PR sym=EURUSD bar=2026.09.03 17:50 bull=1 bear=1 nz=16"
1522,RECON62-B160,1617DC1ACCE6B50ED2D1359582A70A8B8503C569623EE90C18C6B33542796207,Tester/logs/20261010.log,5940075,2026-09-03,18:00,B152PR,"NL	0	21:33:19.565	Core 04	2026.09.03 18:00:00   [SRJ-IND] B152PR sym=EURUSD bar=2026.09.03 17:55 z1=305,B,1.15201,1.15225,2026.08.13 10:45,1,2026.08.13 11:00,1.15264,1.15225"
1523,RECON62-B160,1617DC1ACCE6B50ED2D1359582A70A8B8503C569623EE90C18C6B33542796207,Tester/logs/20261010.log,5940076,2026-09-03,18:00,B152PR,"JF	0	21:33:19.565	Core 04	2026.09.03 18:00:00   [SRJ-IND] B152PR sym=EURUSD bar=2026.09.03 17:55 z1=405,B,1.15248,1.15263,2026.08.14 00:25,1,2026.08.14 00:50,1.15276,1.15259"
1524,RECON62-B160,1617DC1ACCE6B50ED2D1359582A70A8B8503C569623EE90C18C6B33542796207,Tester/logs/20261010.log,5940077,2026-09-03,18:00,B152PR,"KH	0	21:33:19.565	Core 04	2026.09.03 18:00:00   [SRJ-IND] B152PR sym=EURUSD bar=2026.09.03 17:55 z1=435,B,1.15357,1.15373,2026.08.14 06:30,1,2026.08.14 06:35,1.15382,1.15367"
1525,RECON62-B160,1617DC1ACCE6B50ED2D1359582A70A8B8503C569623EE90C18C6B33542796207,Tester/logs/20261010.log,5940078,2026-09-03,18:00,B152PR,"ER	0	21:33:19.565	Core 04	2026.09.03 18:00:00   [SRJ-IND] B152PR sym=EURUSD bar=2026.09.03 17:55 z1=484,B,1.15504,1.15532,2026.08.14 11:45,1,2026.08.14 11:50,1.15549,1.15520"
1526,RECON62-B160,1617DC1ACCE6B50ED2D1359582A70A8B8503C569623EE90C18C6B33542796207,Tester/logs/20261010.log,5940079,2026-09-03,18:00,B152PR,"EF	0	21:33:19.565	Core 04	2026.09.03 18:00:00   [SRJ-IND] B152PR sym=EURUSD bar=2026.09.03 17:55 z1=1389,S,1.17072,1.17107,2026.08.21 13:55,1,2026.08.21 14:20,1.17098,1.17032"
1527,RECON62-B160,1617DC1ACCE6B50ED2D1359582A70A8B8503C569623EE90C18C6B33542796207,Tester/logs/20261010.log,5940080,2026-09-03,18:00,B152PR,"HL	0	21:33:19.565	Core 04	2026.09.03 18:00:00   [SRJ-IND] B152PR sym=EURUSD bar=2026.09.03 17:55 z1=1481,S,1.16836,1.16871,2026.08.24 04:10,1,2026.08.24 05:10,1.16841,1.16818"
1528,RECON62-B160,1617DC1ACCE6B50ED2D1359582A70A8B8503C569623EE90C18C6B33542796207,Tester/logs/20261010.log,5940081,2026-09-03,18:00,B152PR,"QR	0	21:33:19.565	Core 04	2026.09.03 18:00:00   [SRJ-IND] B152PR sym=EURUSD bar=2026.09.03 17:55 z1=1484,S,1.16822,1.16855,2026.08.24 04:20,1,2026.08.24 05:00,1.16831,1.16810"
1529,RECON62-B160,1617DC1ACCE6B50ED2D1359582A70A8B8503C569623EE90C18C6B33542796207,Tester/logs/20261010.log,5940082,2026-09-03,18:00,B152PR,"GH	0	21:33:19.565	Core 04	2026.09.03 18:00:00   [SRJ-IND] B152PR sym=EURUSD bar=2026.09.03 17:55 z1=1516,S,1.16800,1.16817,2026.08.24 08:45,1,2026.08.24 08:55,1.16812,1.16783"
1530,RECON62-B160,1617DC1ACCE6B50ED2D1359582A70A8B8503C569623EE90C18C6B33542796207,Tester/logs/20261010.log,5940083,2026-09-03,18:00,B152PR,"GN	0	21:33:19.565	Core 04	2026.09.03 18:00:00   [SRJ-IND] B152PR sym=EURUSD bar=2026.09.03 17:55 z1=1704,S,1.16580,1.16647,2026.08.26 16:00,1,2026.08.26 16:30,1.16587,1.16541"
1531,RECON62-B160,1617DC1ACCE6B50ED2D1359582A70A8B8503C569623EE90C18C6B33542796207,Tester/logs/20261010.log,5940084,2026-09-03,18:00,B152PR,"DD	0	21:33:19.565	Core 04	2026.09.03 18:00:00   [SRJ-IND] B152PR sym=EURUSD bar=2026.09.03 17:55 z1=1728,S,1.16596,1.16624,2026.08.26 16:00,1,2026.08.27 16:25,1.16598,1.16561"
1532,RECON62-B160,1617DC1ACCE6B50ED2D1359582A70A8B8503C569623EE90C18C6B33542796207,Tester/logs/20261010.log,5940085,2026-09-03,18:00,B152PR,"PJ	0	21:33:19.565	Core 04	2026.09.03 18:00:00   [SRJ-IND] B152PR sym=EURUSD bar=2026.09.03 17:55 z1=1784,S,1.16754,1.16787,2026.08.25 23:40,1,2026.08.25 23:50,1.16758,1.16746"
1533,RECON62-B160,1617DC1ACCE6B50ED2D1359582A70A8B8503C569623EE90C18C6B33542796207,Tester/logs/20261010.log,5940086,2026-09-03,18:00,B152PR,"LP	0	21:33:19.565	Core 04	2026.09.03 18:00:00   [SRJ-IND] B152PR sym=EURUSD bar=2026.09.03 17:55 z1=1866,S,1.16723,1.16738,2026.08.26 12:00,1,2026.08.26 15:10,1.16732,1.16692"
1534,RECON62-B160,1617DC1ACCE6B50ED2D1359582A70A8B8503C569623EE90C18C6B33542796207,Tester/logs/20261010.log,5940087,2026-09-03,18:00,B152PR,"DF	0	21:33:19.565	Core 04	2026.09.03 18:00:00   [SRJ-IND] B152PR sym=EURUSD bar=2026.09.03 17:55 z1=2109,S,1.16505,1.16537,2026.08.28 05:05,1,2026.08.28 05:55,1.16507,1.16497"
1535,RECON62-B160,1617DC1ACCE6B50ED2D1359582A70A8B8503C569623EE90C18C6B33542796207,Tester/logs/20261010.log,5940088,2026-09-03,18:00,B152PR,"KL	0	21:33:19.565	Core 04	2026.09.03 18:00:00   [SRJ-IND] B152PR sym=EURUSD bar=2026.09.03 17:55 z1=2149,S,1.16492,1.16507,2026.08.28 06:40,1,2026.08.28 14:00,1.16494,1.16471"
1536,RECON62-B160,1617DC1ACCE6B50ED2D1359582A70A8B8503C569623EE90C18C6B33542796207,Tester/logs/20261010.log,5940089,2026-09-03,18:00,B152PR,"OS	0	21:33:19.565	Core 04	2026.09.03 18:00:00   [SRJ-IND] B152PR sym=EURUSD bar=2026.09.03 17:55 z1=2792,B,1.15906,1.15944,2026.09.03 06:15,1,2026.09.03 06:20,1.15956,1.15943"
1537,RECON62-B160,1617DC1ACCE6B50ED2D1359582A70A8B8503C569623EE90C18C6B33542796207,Tester/logs/20261010.log,5940090,2026-09-03,18:00,B152PR,"CI	0	21:33:19.565	Core 04	2026.09.03 18:00:00   [SRJ-IND] B152PR sym=EURUSD bar=2026.09.03 17:55 z1=2861,B,1.16114,1.16153,2026.09.03 16:45,1,2026.09.03 17:35,1.16191,1.16153"
1538,RECON62-B160,1617DC1ACCE6B50ED2D1359582A70A8B8503C569623EE90C18C6B33542796207,Tester/logs/20261010.log,5940091,2026-09-03,18:00,B152PR,"QM	0	21:33:19.565	Core 04	2026.09.03 18:00:00   [SRJ-IND] B152PR sym=EURUSD bar=2026.09.03 17:55 bull=1 bear=1 nz=16"
1539,RECON62-B160,1617DC1ACCE6B50ED2D1359582A70A8B8503C569623EE90C18C6B33542796207,Tester/logs/20261010.log,5940100,2026-09-03,18:05,B152PR,"ME	0	21:33:19.565	Core 04	2026.09.03 18:05:01   [SRJ-IND] B152PR sym=EURUSD bar=2026.09.03 18:00 z1=305,B,1.15201,1.15225,2026.08.13 10:45,1,2026.08.13 11:00,1.15264,1.15225"
1540,RECON62-B160,1617DC1ACCE6B50ED2D1359582A70A8B8503C569623EE90C18C6B33542796207,Tester/logs/20261010.log,5940101,2026-09-03,18:05,B152PR,"MO	0	21:33:19.565	Core 04	2026.09.03 18:05:01   [SRJ-IND] B152PR sym=EURUSD bar=2026.09.03 18:00 z1=405,B,1.15248,1.15263,2026.08.14 00:25,1,2026.08.14 00:50,1.15276,1.15259"
1541,RECON62-B160,1617DC1ACCE6B50ED2D1359582A70A8B8503C569623EE90C18C6B33542796207,Tester/logs/20261010.log,5940102,2026-09-03,18:05,B152PR,"LP	0	21:33:19.565	Core 04	2026.09.03 18:05:01   [SRJ-IND] B152PR sym=EURUSD bar=2026.09.03 18:00 z1=435,B,1.15357,1.15373,2026.08.14 06:30,1,2026.08.14 06:35,1.15382,1.15367"
1542,RECON62-B160,1617DC1ACCE6B50ED2D1359582A70A8B8503C569623EE90C18C6B33542796207,Tester/logs/20261010.log,5940103,2026-09-03,18:05,B152PR,"JJ	0	21:33:19.565	Core 04	2026.09.03 18:05:01   [SRJ-IND] B152PR sym=EURUSD bar=2026.09.03 18:00 z1=484,B,1.15504,1.15532,2026.08.14 11:45,1,2026.08.14 11:50,1.15549,1.15520"
1543,RECON62-B160,1617DC1ACCE6B50ED2D1359582A70A8B8503C569623EE90C18C6B33542796207,Tester/logs/20261010.log,5940104,2026-09-03,18:05,B152PR,"FN	0	21:33:19.565	Core 04	2026.09.03 18:05:01   [SRJ-IND] B152PR sym=EURUSD bar=2026.09.03 18:00 z1=1389,S,1.17072,1.17107,2026.08.21 13:55,1,2026.08.21 14:20,1.17098,1.17032"
1544,RECON62-B160,1617DC1ACCE6B50ED2D1359582A70A8B8503C569623EE90C18C6B33542796207,Tester/logs/20261010.log,5940105,2026-09-03,18:05,B152PR,"GD	0	21:33:19.565	Core 04	2026.09.03 18:05:01   [SRJ-IND] B152PR sym=EURUSD bar=2026.09.03 18:00 z1=1481,S,1.16836,1.16871,2026.08.24 04:10,1,2026.08.24 05:10,1.16841,1.16818"
1545,RECON62-B160,1617DC1ACCE6B50ED2D1359582A70A8B8503C569623EE90C18C6B33542796207,Tester/logs/20261010.log,5940106,2026-09-03,18:05,B152PR,"RJ	0	21:33:19.565	Core 04	2026.09.03 18:05:01   [SRJ-IND] B152PR sym=EURUSD bar=2026.09.03 18:00 z1=1484,S,1.16822,1.16855,2026.08.24 04:20,1,2026.08.24 05:00,1.16831,1.16810"
1546,RECON62-B160,1617DC1ACCE6B50ED2D1359582A70A8B8503C569623EE90C18C6B33542796207,Tester/logs/20261010.log,5940107,2026-09-03,18:05,B152PR,"HP	0	21:33:19.565	Core 04	2026.09.03 18:05:01   [SRJ-IND] B152PR sym=EURUSD bar=2026.09.03 18:00 z1=1516,S,1.16800,1.16817,2026.08.24 08:45,1,2026.08.24 08:55,1.16812,1.16783"
1547,RECON62-B160,1617DC1ACCE6B50ED2D1359582A70A8B8503C569623EE90C18C6B33542796207,Tester/logs/20261010.log,5940108,2026-09-03,18:05,B152PR,"HF	0	21:33:19.565	Core 04	2026.09.03 18:05:01   [SRJ-IND] B152PR sym=EURUSD bar=2026.09.03 18:00 z1=1704,S,1.16580,1.16647,2026.08.26 16:00,1,2026.08.26 16:30,1.16587,1.16541"
1548,RECON62-B160,1617DC1ACCE6B50ED2D1359582A70A8B8503C569623EE90C18C6B33542796207,Tester/logs/20261010.log,5940109,2026-09-03,18:05,B152PR,"CL	0	21:33:19.565	Core 04	2026.09.03 18:05:01   [SRJ-IND] B152PR sym=EURUSD bar=2026.09.03 18:00 z1=1728,S,1.16596,1.16624,2026.08.26 16:00,1,2026.08.27 16:25,1.16598,1.16561"
1549,RECON62-B160,1617DC1ACCE6B50ED2D1359582A70A8B8503C569623EE90C18C6B33542796207,Tester/logs/20261010.log,5940110,2026-09-03,18:05,B152PR,"OR	0	21:33:19.565	Core 04	2026.09.03 18:05:01   [SRJ-IND] B152PR sym=EURUSD bar=2026.09.03 18:00 z1=1784,S,1.16754,1.16787,2026.08.25 23:40,1,2026.08.25 23:50,1.16758,1.16746"
1550,RECON62-B160,1617DC1ACCE6B50ED2D1359582A70A8B8503C569623EE90C18C6B33542796207,Tester/logs/20261010.log,5940111,2026-09-03,18:05,B152PR,"KH	0	21:33:19.565	Core 04	2026.09.03 18:05:01   [SRJ-IND] B152PR sym=EURUSD bar=2026.09.03 18:00 z1=1866,S,1.16723,1.16738,2026.08.26 12:00,1,2026.08.26 15:10,1.16732,1.16692"
1551,RECON62-B160,1617DC1ACCE6B50ED2D1359582A70A8B8503C569623EE90C18C6B33542796207,Tester/logs/20261010.log,5940112,2026-09-03,18:05,B152PR,"CN	0	21:33:19.565	Core 04	2026.09.03 18:05:01   [SRJ-IND] B152PR sym=EURUSD bar=2026.09.03 18:00 z1=2109,S,1.16505,1.16537,2026.08.28 05:05,1,2026.08.28 05:55,1.16507,1.16497"
1552,RECON62-B160,1617DC1ACCE6B50ED2D1359582A70A8B8503C569623EE90C18C6B33542796207,Tester/logs/20261010.log,5940113,2026-09-03,18:05,B152PR,"LD	0	21:33:19.565	Core 04	2026.09.03 18:05:01   [SRJ-IND] B152PR sym=EURUSD bar=2026.09.03 18:00 z1=2149,S,1.16492,1.16507,2026.08.28 06:40,1,2026.08.28 14:00,1.16494,1.16471"
1553,RECON62-B160,1617DC1ACCE6B50ED2D1359582A70A8B8503C569623EE90C18C6B33542796207,Tester/logs/20261010.log,5940114,2026-09-03,18:05,B152PR,"PK	0	21:33:19.565	Core 04	2026.09.03 18:05:01   [SRJ-IND] B152PR sym=EURUSD bar=2026.09.03 18:00 z1=2792,B,1.15906,1.15944,2026.09.03 06:15,1,2026.09.03 06:20,1.15956,1.15943"
1554,RECON62-B160,1617DC1ACCE6B50ED2D1359582A70A8B8503C569623EE90C18C6B33542796207,Tester/logs/20261010.log,5940115,2026-09-03,18:05,B152PR,"DQ	0	21:33:19.565	Core 04	2026.09.03 18:05:01   [SRJ-IND] B152PR sym=EURUSD bar=2026.09.03 18:00 z1=2861,B,1.16114,1.16153,2026.09.03 16:45,1,2026.09.03 17:35,1.16191,1.16153"
1555,RECON62-B160,1617DC1ACCE6B50ED2D1359582A70A8B8503C569623EE90C18C6B33542796207,Tester/logs/20261010.log,5940116,2026-09-03,18:05,B152PR,"RE	0	21:33:19.565	Core 04	2026.09.03 18:05:01   [SRJ-IND] B152PR sym=EURUSD bar=2026.09.03 18:00 bull=1 bear=1 nz=16"
1556,RECON62-B160,1617DC1ACCE6B50ED2D1359582A70A8B8503C569623EE90C18C6B33542796207,Tester/logs/20261010.log,5940120,2026-09-03,18:05,CQDRECHECK,"QE	0	21:33:19.565	Core 04	2026.09.03 18:05:01   [SRJ-EA] CQDRECHECK shift=2 passA=-2.0 passB=-2.0 diff=0 bar=2026.09.03 17:55 state=IDLE dir=NONE divLatch=0 hit1=0 hit2=531 mism=0"
1557,RECON62-B160,1617DC1ACCE6B50ED2D1359582A70A8B8503C569623EE90C18C6B33542796207,Tester/logs/20261010.log,5940125,2026-09-03,18:05,CONFIRMPOLL,"MD	0	21:33:19.565	Core 04	2026.09.03 18:05:01   [SRJ-EA] CONFIRMPOLL bar=2026.09.03 18:00 anchor=Daily-POC dir=SHORT oppCandle=0 bodyDir=0 body=34pts doji=0 touchAttr=0 confirm=0 shadow=true"
1558,RECON62-B160,1617DC1ACCE6B50ED2D1359582A70A8B8503C569623EE90C18C6B33542796207,Tester/logs/20261010.log,5940127,2026-09-03,18:05,STATE,"IE	0	21:33:19.565	Core 04	2026.09.03 18:05:01   [SRJ-EA] 2026.09.03 18:05:01 STATE IDLE->S1_REGIME dir=SHORT poi=Daily-POC"
1559,RECON62-B160,1617DC1ACCE6B50ED2D1359582A70A8B8503C569623EE90C18C6B33542796207,Tester/logs/20261010.log,5940128,2026-09-03,18:05,ANCHOR_ELECT,"DD	0	21:33:19.565	Core 04	2026.09.03 18:05:01   [SRJ-EA] ANCHOR_ELECT bar=2026.09.03 18:00 action=SEED poi=Daily-POC rank=10 tier=5 dir=SHORT"
1560,RECON62-B160,1617DC1ACCE6B50ED2D1359582A70A8B8503C569623EE90C18C6B33542796207,Tester/logs/20261010.log,5940140,2026-09-03,18:10,B152PR,"IR	0	21:33:19.565	Core 04	2026.09.03 18:10:00   [SRJ-IND] B152PR sym=EURUSD bar=2026.09.03 18:05 z1=305,B,1.15201,1.15225,2026.08.13 10:45,1,2026.08.13 11:00,1.15264,1.15225"
1561,RECON62-B160,1617DC1ACCE6B50ED2D1359582A70A8B8503C569623EE90C18C6B33542796207,Tester/logs/20261010.log,5940141,2026-09-03,18:10,B152PR,"ID	0	21:33:19.565	Core 04	2026.09.03 18:10:00   [SRJ-IND] B152PR sym=EURUSD bar=2026.09.03 18:05 z1=405,B,1.15248,1.15263,2026.08.14 00:25,1,2026.08.14 00:50,1.15276,1.15259"
1562,RECON62-B160,1617DC1ACCE6B50ED2D1359582A70A8B8503C569623EE90C18C6B33542796207,Tester/logs/20261010.log,5940142,2026-09-03,18:10,B152PR,"PN	0	21:33:19.565	Core 04	2026.09.03 18:10:00   [SRJ-IND] B152PR sym=EURUSD bar=2026.09.03 18:05 z1=435,B,1.15357,1.15373,2026.08.14 06:30,1,2026.08.14 06:35,1.15382,1.15367"
1563,RECON62-B160,1617DC1ACCE6B50ED2D1359582A70A8B8503C569623EE90C18C6B33542796207,Tester/logs/20261010.log,5940143,2026-09-03,18:10,B152PR,"FP	0	21:33:19.565	Core 04	2026.09.03 18:10:00   [SRJ-IND] B152PR sym=EURUSD bar=2026.09.03 18:05 z1=484,B,1.15504,1.15532,2026.08.14 11:45,1,2026.08.14 11:50,1.15549,1.15520"
1564,RECON62-B160,1617DC1ACCE6B50ED2D1359582A70A8B8503C569623EE90C18C6B33542796207,Tester/logs/20261010.log,5940144,2026-09-03,18:10,B152PR,"RH	0	21:33:19.565	Core 04	2026.09.03 18:10:00   [SRJ-IND] B152PR sym=EURUSD bar=2026.09.03 18:05 z1=1389,S,1.17072,1.17107,2026.08.21 13:55,1,2026.08.21 14:20,1.17098,1.17032"
1565,RECON62-B160,1617DC1ACCE6B50ED2D1359582A70A8B8503C569623EE90C18C6B33542796207,Tester/logs/20261010.log,5940145,2026-09-03,18:10,B152PR,"KN	0	21:33:19.565	Core 04	2026.09.03 18:10:00   [SRJ-IND] B152PR sym=EURUSD bar=2026.09.03 18:05 z1=1481,S,1.16836,1.16871,2026.08.24 04:10,1,2026.08.24 05:10,1.16841,1.16818"
1566,RECON62-B160,1617DC1ACCE6B50ED2D1359582A70A8B8503C569623EE90C18C6B33542796207,Tester/logs/20261010.log,5940146,2026-09-03,18:10,B152PR,"FD	0	21:33:19.565	Core 04	2026.09.03 18:10:00   [SRJ-IND] B152PR sym=EURUSD bar=2026.09.03 18:05 z1=1484,S,1.16822,1.16855,2026.08.24 04:20,1,2026.08.24 05:00,1.16831,1.16810"
1567,RECON62-B160,1617DC1ACCE6B50ED2D1359582A70A8B8503C569623EE90C18C6B33542796207,Tester/logs/20261010.log,5940147,2026-09-03,18:10,B152PR,"LJ	0	21:33:19.565	Core 04	2026.09.03 18:10:00   [SRJ-IND] B152PR sym=EURUSD bar=2026.09.03 18:05 z1=1516,S,1.16800,1.16817,2026.08.24 08:45,1,2026.08.24 08:55,1.16812,1.16783"
1568,RECON62-B160,1617DC1ACCE6B50ED2D1359582A70A8B8503C569623EE90C18C6B33542796207,Tester/logs/20261010.log,5940148,2026-09-03,18:10,B152PR,"LP	0	21:33:19.565	Core 04	2026.09.03 18:10:00   [SRJ-IND] B152PR sym=EURUSD bar=2026.09.03 18:05 z1=1704,S,1.16580,1.16647,2026.08.26 16:00,1,2026.08.26 16:30,1.16587,1.16541"
1569,RECON62-B160,1617DC1ACCE6B50ED2D1359582A70A8B8503C569623EE90C18C6B33542796207,Tester/logs/20261010.log,5940149,2026-09-03,18:10,B152PR,"OF	0	21:33:19.565	Core 04	2026.09.03 18:10:00   [SRJ-IND] B152PR sym=EURUSD bar=2026.09.03 18:05 z1=1728,S,1.16596,1.16624,2026.08.26 16:00,1,2026.08.27 16:25,1.16598,1.16561"
1570,RECON62-B160,1617DC1ACCE6B50ED2D1359582A70A8B8503C569623EE90C18C6B33542796207,Tester/logs/20261010.log,5940150,2026-09-03,18:10,B152PR,"CL	0	21:33:19.565	Core 04	2026.09.03 18:10:00   [SRJ-IND] B152PR sym=EURUSD bar=2026.09.03 18:05 z1=1784,S,1.16754,1.16787,2026.08.25 23:40,1,2026.08.25 23:50,1.16758,1.16746"
1571,RECON62-B160,1617DC1ACCE6B50ED2D1359582A70A8B8503C569623EE90C18C6B33542796207,Tester/logs/20261010.log,5940151,2026-09-03,18:10,B152PR,"GR	0	21:33:19.565	Core 04	2026.09.03 18:10:00   [SRJ-IND] B152PR sym=EURUSD bar=2026.09.03 18:05 z1=1866,S,1.16723,1.16738,2026.08.26 12:00,1,2026.08.26 15:10,1.16732,1.16692"
1572,RECON62-B160,1617DC1ACCE6B50ED2D1359582A70A8B8503C569623EE90C18C6B33542796207,Tester/logs/20261010.log,5940152,2026-09-03,18:10,B152PR,"OH	0	21:33:19.565	Core 04	2026.09.03 18:10:00   [SRJ-IND] B152PR sym=EURUSD bar=2026.09.03 18:05 z1=2109,S,1.16505,1.16537,2026.08.28 05:05,1,2026.08.28 05:55,1.16507,1.16497"
1573,RECON62-B160,1617DC1ACCE6B50ED2D1359582A70A8B8503C569623EE90C18C6B33542796207,Tester/logs/20261010.log,5940153,2026-09-03,18:10,B152PR,"HN	0	21:33:19.565	Core 04	2026.09.03 18:10:00   [SRJ-IND] B152PR sym=EURUSD bar=2026.09.03 18:05 z1=2149,S,1.16492,1.16507,2026.08.28 06:40,1,2026.08.28 14:00,1.16494,1.16471"
1574,RECON62-B160,1617DC1ACCE6B50ED2D1359582A70A8B8503C569623EE90C18C6B33542796207,Tester/logs/20261010.log,5940154,2026-09-03,18:10,B152PR,"DE	0	21:33:19.565	Core 04	2026.09.03 18:10:00   [SRJ-IND] B152PR sym=EURUSD bar=2026.09.03 18:05 z1=2792,B,1.15906,1.15944,2026.09.03 06:15,1,2026.09.03 06:20,1.15956,1.15943"
1575,RECON62-B160,1617DC1ACCE6B50ED2D1359582A70A8B8503C569623EE90C18C6B33542796207,Tester/logs/20261010.log,5940155,2026-09-03,18:10,B152PR,"PK	0	21:33:19.565	Core 04	2026.09.03 18:10:00   [SRJ-IND] B152PR sym=EURUSD bar=2026.09.03 18:05 z1=2861,B,1.16114,1.16153,2026.09.03 16:45,1,2026.09.03 17:35,1.16191,1.16153"
1576,RECON62-B160,1617DC1ACCE6B50ED2D1359582A70A8B8503C569623EE90C18C6B33542796207,Tester/logs/20261010.log,5940156,2026-09-03,18:10,B152PR,"FS	0	21:33:19.565	Core 04	2026.09.03 18:10:00   [SRJ-IND] B152PR sym=EURUSD bar=2026.09.03 18:05 bull=1 bear=1 nz=16"
1577,RECON62-B160,1617DC1ACCE6B50ED2D1359582A70A8B8503C569623EE90C18C6B33542796207,Tester/logs/20261010.log,5940165,2026-09-03,18:10,CONFIRMPOLL,"FQ	0	21:33:19.565	Core 04	2026.09.03 18:10:00   [SRJ-EA] CONFIRMPOLL bar=2026.09.03 18:05 anchor=Daily-POC dir=SHORT oppCandle=1 bodyDir=0 body=6pts doji=0 touchAttr=1 confirm=0 shadow=true"
1578,RECON62-B160,1617DC1ACCE6B50ED2D1359582A70A8B8503C569623EE90C18C6B33542796207,Tester/logs/20261010.log,5940169,2026-09-03,18:15,B152PR,"NE	0	21:33:19.565	Core 04	2026.09.03 18:15:00   [SRJ-IND] B152PR sym=EURUSD bar=2026.09.03 18:10 z1=305,B,1.15201,1.15225,2026.08.13 10:45,1,2026.08.13 11:00,1.15264,1.15225"
1579,RECON62-B160,1617DC1ACCE6B50ED2D1359582A70A8B8503C569623EE90C18C6B33542796207,Tester/logs/20261010.log,5940170,2026-09-03,18:15,B152PR,"NO	0	21:33:19.565	Core 04	2026.09.03 18:15:00   [SRJ-IND] B152PR sym=EURUSD bar=2026.09.03 18:10 z1=405,B,1.15248,1.15263,2026.08.14 00:25,1,2026.08.14 00:50,1.15276,1.15259"
1580,RECON62-B160,1617DC1ACCE6B50ED2D1359582A70A8B8503C569623EE90C18C6B33542796207,Tester/logs/20261010.log,5940171,2026-09-03,18:15,B152PR,"KP	0	21:33:19.565	Core 04	2026.09.03 18:15:00   [SRJ-IND] B152PR sym=EURUSD bar=2026.09.03 18:10 z1=435,B,1.15357,1.15373,2026.08.14 06:30,1,2026.08.14 06:35,1.15382,1.15367"
1581,RECON62-B160,1617DC1ACCE6B50ED2D1359582A70A8B8503C569623EE90C18C6B33542796207,Tester/logs/20261010.log,5940172,2026-09-03,18:15,B152PR,"IJ	0	21:33:19.565	Core 04	2026.09.03 18:15:00   [SRJ-IND] B152PR sym=EURUSD bar=2026.09.03 18:10 z1=484,B,1.15504,1.15532,2026.08.14 11:45,1,2026.08.14 11:50,1.15549,1.15520"
1582,RECON62-B160,1617DC1ACCE6B50ED2D1359582A70A8B8503C569623EE90C18C6B33542796207,Tester/logs/20261010.log,5940173,2026-09-03,18:15,B152PR,"EN	0	21:33:19.565	Core 04	2026.09.03 18:15:00   [SRJ-IND] B152PR sym=EURUSD bar=2026.09.03 18:10 z1=1389,S,1.17072,1.17107,2026.08.21 13:55,1,2026.08.21 14:20,1.17098,1.17032"
1583,RECON62-B160,1617DC1ACCE6B50ED2D1359582A70A8B8503C569623EE90C18C6B33542796207,Tester/logs/20261010.log,5940174,2026-09-03,18:15,B152PR,"HD	0	21:33:19.565	Core 04	2026.09.03 18:15:00   [SRJ-IND] B152PR sym=EURUSD bar=2026.09.03 18:10 z1=1481,S,1.16836,1.16871,2026.08.24 04:10,1,2026.08.24 05:10,1.16841,1.16818"
1584,RECON62-B160,1617DC1ACCE6B50ED2D1359582A70A8B8503C569623EE90C18C6B33542796207,Tester/logs/20261010.log,5940175,2026-09-03,18:15,B152PR,"QJ	0	21:33:19.565	Core 04	2026.09.03 18:15:00   [SRJ-IND] B152PR sym=EURUSD bar=2026.09.03 18:10 z1=1484,S,1.16822,1.16855,2026.08.24 04:20,1,2026.08.24 05:00,1.16831,1.16810"
1585,RECON62-B160,1617DC1ACCE6B50ED2D1359582A70A8B8503C569623EE90C18C6B33542796207,Tester/logs/20261010.log,5940176,2026-09-03,18:15,B152PR,"GP	0	21:33:19.565	Core 04	2026.09.03 18:15:00   [SRJ-IND] B152PR sym=EURUSD bar=2026.09.03 18:10 z1=1516,S,1.16800,1.16817,2026.08.24 08:45,1,2026.08.24 08:55,1.16812,1.16783"
1586,RECON62-B160,1617DC1ACCE6B50ED2D1359582A70A8B8503C569623EE90C18C6B33542796207,Tester/logs/20261010.log,5940177,2026-09-03,18:15,B152PR,"GF	0	21:33:19.565	Core 04	2026.09.03 18:15:00   [SRJ-IND] B152PR sym=EURUSD bar=2026.09.03 18:10 z1=1704,S,1.16580,1.16647,2026.08.26 16:00,1,2026.08.26 16:30,1.16587,1.16541"
1587,RECON62-B160,1617DC1ACCE6B50ED2D1359582A70A8B8503C569623EE90C18C6B33542796207,Tester/logs/20261010.log,5940178,2026-09-03,18:15,B152PR,"DL	0	21:33:19.565	Core 04	2026.09.03 18:15:00   [SRJ-IND] B152PR sym=EURUSD bar=2026.09.03 18:10 z1=1728,S,1.16596,1.16624,2026.08.26 16:00,1,2026.08.27 16:25,1.16598,1.16561"
1588,RECON62-B160,1617DC1ACCE6B50ED2D1359582A70A8B8503C569623EE90C18C6B33542796207,Tester/logs/20261010.log,5940179,2026-09-03,18:15,B152PR,"PR	0	21:33:19.565	Core 04	2026.09.03 18:15:00   [SRJ-IND] B152PR sym=EURUSD bar=2026.09.03 18:10 z1=1784,S,1.16754,1.16787,2026.08.25 23:40,1,2026.08.25 23:50,1.16758,1.16746"
1589,RECON62-B160,1617DC1ACCE6B50ED2D1359582A70A8B8503C569623EE90C18C6B33542796207,Tester/logs/20261010.log,5940180,2026-09-03,18:15,B152PR,"LH	0	21:33:19.565	Core 04	2026.09.03 18:15:00   [SRJ-IND] B152PR sym=EURUSD bar=2026.09.03 18:10 z1=1866,S,1.16723,1.16738,2026.08.26 12:00,1,2026.08.26 15:10,1.16732,1.16692"
1590,RECON62-B160,1617DC1ACCE6B50ED2D1359582A70A8B8503C569623EE90C18C6B33542796207,Tester/logs/20261010.log,5940181,2026-09-03,18:15,B152PR,"DN	0	21:33:19.565	Core 04	2026.09.03 18:15:00   [SRJ-IND] B152PR sym=EURUSD bar=2026.09.03 18:10 z1=2109,S,1.16505,1.16537,2026.08.28 05:05,1,2026.08.28 05:55,1.16507,1.16497"
1591,RECON62-B160,1617DC1ACCE6B50ED2D1359582A70A8B8503C569623EE90C18C6B33542796207,Tester/logs/20261010.log,5940182,2026-09-03,18:15,B152PR,"KD	0	21:33:19.565	Core 04	2026.09.03 18:15:00   [SRJ-IND] B152PR sym=EURUSD bar=2026.09.03 18:10 z1=2149,S,1.16492,1.16507,2026.08.28 06:40,1,2026.08.28 14:00,1.16494,1.16471"
1592,RECON62-B160,1617DC1ACCE6B50ED2D1359582A70A8B8503C569623EE90C18C6B33542796207,Tester/logs/20261010.log,5940183,2026-09-03,18:15,B152PR,"OK	0	21:33:19.565	Core 04	2026.09.03 18:15:00   [SRJ-IND] B152PR sym=EURUSD bar=2026.09.03 18:10 z1=2792,B,1.15906,1.15944,2026.09.03 06:15,1,2026.09.03 06:20,1.15956,1.15943"
1593,RECON62-B160,1617DC1ACCE6B50ED2D1359582A70A8B8503C569623EE90C18C6B33542796207,Tester/logs/20261010.log,5940184,2026-09-03,18:15,B152PR,"CQ	0	21:33:19.565	Core 04	2026.09.03 18:15:00   [SRJ-IND] B152PR sym=EURUSD bar=2026.09.03 18:10 z1=2861,B,1.16114,1.16153,2026.09.03 16:45,1,2026.09.03 17:35,1.16191,1.16153"
1594,RECON62-B160,1617DC1ACCE6B50ED2D1359582A70A8B8503C569623EE90C18C6B33542796207,Tester/logs/20261010.log,5940185,2026-09-03,18:15,B152PR,"QE	0	21:33:19.565	Core 04	2026.09.03 18:15:00   [SRJ-IND] B152PR sym=EURUSD bar=2026.09.03 18:10 bull=1 bear=1 nz=16"
1595,RECON62-B160,1617DC1ACCE6B50ED2D1359582A70A8B8503C569623EE90C18C6B33542796207,Tester/logs/20261010.log,5940192,2026-09-03,18:15,CONFIRMPOLL,"IQ	0	21:33:19.565	Core 04	2026.09.03 18:15:00   [SRJ-EA] CONFIRMPOLL bar=2026.09.03 18:10 anchor=Daily-POC dir=SHORT oppCandle=1 bodyDir=0 body=17pts doji=0 touchAttr=1 confirm=0 shadow=true"
1596,RECON62-B160,1617DC1ACCE6B50ED2D1359582A70A8B8503C569623EE90C18C6B33542796207,Tester/logs/20261010.log,5940197,2026-09-03,18:20,B152PR,"ES	0	21:33:19.565	Core 04	2026.09.03 18:20:00   [SRJ-IND] B152PR sym=EURUSD bar=2026.09.03 18:15 z1=305,B,1.15201,1.15225,2026.08.13 10:45,1,2026.08.13 11:00,1.15264,1.15225"
1597,RECON62-B160,1617DC1ACCE6B50ED2D1359582A70A8B8503C569623EE90C18C6B33542796207,Tester/logs/20261010.log,5940198,2026-09-03,18:20,B152PR,"QE	0	21:33:19.565	Core 04	2026.09.03 18:20:00   [SRJ-IND] B152PR sym=EURUSD bar=2026.09.03 18:15 z1=405,B,1.15248,1.15263,2026.08.14 00:25,1,2026.08.14 00:50,1.15276,1.15259"
1598,RECON62-B160,1617DC1ACCE6B50ED2D1359582A70A8B8503C569623EE90C18C6B33542796207,Tester/logs/20261010.log,5940199,2026-09-03,18:20,B152PR,"DO	0	21:33:19.565	Core 04	2026.09.03 18:20:00   [SRJ-IND] B152PR sym=EURUSD bar=2026.09.03 18:15 z1=435,B,1.15357,1.15373,2026.08.14 06:30,1,2026.08.14 06:35,1.15382,1.15367"
1599,RECON62-B160,1617DC1ACCE6B50ED2D1359582A70A8B8503C569623EE90C18C6B33542796207,Tester/logs/20261010.log,5940200,2026-09-03,18:20,B152PR,"NQ	0	21:33:19.565	Core 04	2026.09.03 18:20:00   [SRJ-IND] B152PR sym=EURUSD bar=2026.09.03 18:15 z1=484,B,1.15504,1.15532,2026.08.14 11:45,1,2026.08.14 11:50,1.15549,1.15520"
1600,RECON62-B160,1617DC1ACCE6B50ED2D1359582A70A8B8503C569623EE90C18C6B33542796207,Tester/logs/20261010.log,5940201,2026-09-03,18:20,B152PR,"NI	0	21:33:19.565	Core 04	2026.09.03 18:20:00   [SRJ-IND] B152PR sym=EURUSD bar=2026.09.03 18:15 z1=1389,S,1.17072,1.17107,2026.08.21 13:55,1,2026.08.21 14:20,1.17098,1.17032"
1601,RECON62-B160,1617DC1ACCE6B50ED2D1359582A70A8B8503C569623EE90C18C6B33542796207,Tester/logs/20261010.log,5940202,2026-09-03,18:20,B152PR,"OO	0	21:33:19.565	Core 04	2026.09.03 18:20:00   [SRJ-IND] B152PR sym=EURUSD bar=2026.09.03 18:15 z1=1481,S,1.16836,1.16871,2026.08.24 04:10,1,2026.08.24 05:10,1.16841,1.16818"
1602,RECON62-B160,1617DC1ACCE6B50ED2D1359582A70A8B8503C569623EE90C18C6B33542796207,Tester/logs/20261010.log,5940203,2026-09-03,18:20,B152PR,"JE	0	21:33:19.565	Core 04	2026.09.03 18:20:00   [SRJ-IND] B152PR sym=EURUSD bar=2026.09.03 18:15 z1=1484,S,1.16822,1.16855,2026.08.24 04:20,1,2026.08.24 05:00,1.16831,1.16810"
1603,RECON62-B160,1617DC1ACCE6B50ED2D1359582A70A8B8503C569623EE90C18C6B33542796207,Tester/logs/20261010.log,5940204,2026-09-03,18:20,B152PR,"PK	0	21:33:19.565	Core 04	2026.09.03 18:20:00   [SRJ-IND] B152PR sym=EURUSD bar=2026.09.03 18:15 z1=1516,S,1.16800,1.16817,2026.08.24 08:45,1,2026.08.24 08:55,1.16812,1.16783"
1604,RECON62-B160,1617DC1ACCE6B50ED2D1359582A70A8B8503C569623EE90C18C6B33542796207,Tester/logs/20261010.log,5940205,2026-09-03,18:20,B152PR,"PQ	0	21:33:19.565	Core 04	2026.09.03 18:20:00   [SRJ-IND] B152PR sym=EURUSD bar=2026.09.03 18:15 z1=1704,S,1.16580,1.16647,2026.08.26 16:00,1,2026.08.26 16:30,1.16587,1.16541"
1605,RECON62-B160,1617DC1ACCE6B50ED2D1359582A70A8B8503C569623EE90C18C6B33542796207,Tester/logs/20261010.log,5940206,2026-09-03,18:20,B152PR,"KG	0	21:33:19.565	Core 04	2026.09.03 18:20:00   [SRJ-IND] B152PR sym=EURUSD bar=2026.09.03 18:15 z1=1728,S,1.16596,1.16624,2026.08.26 16:00,1,2026.08.27 16:25,1.16598,1.16561"
1606,RECON62-B160,1617DC1ACCE6B50ED2D1359582A70A8B8503C569623EE90C18C6B33542796207,Tester/logs/20261010.log,5940207,2026-09-03,18:20,B152PR,"GM	0	21:33:19.565	Core 04	2026.09.03 18:20:00   [SRJ-IND] B152PR sym=EURUSD bar=2026.09.03 18:15 z1=1784,S,1.16754,1.16787,2026.08.25 23:40,1,2026.08.25 23:50,1.16758,1.16746"
1607,RECON62-B160,1617DC1ACCE6B50ED2D1359582A70A8B8503C569623EE90C18C6B33542796207,Tester/logs/20261010.log,5940208,2026-09-03,18:20,B152PR,"CS	0	21:33:19.565	Core 04	2026.09.03 18:20:00   [SRJ-IND] B152PR sym=EURUSD bar=2026.09.03 18:15 z1=1866,S,1.16723,1.16738,2026.08.26 12:00,1,2026.08.26 15:10,1.16732,1.16692"
1608,RECON62-B160,1617DC1ACCE6B50ED2D1359582A70A8B8503C569623EE90C18C6B33542796207,Tester/logs/20261010.log,5940209,2026-09-03,18:20,B152PR,"KI	0	21:33:19.565	Core 04	2026.09.03 18:20:00   [SRJ-IND] B152PR sym=EURUSD bar=2026.09.03 18:15 z1=2109,S,1.16505,1.16537,2026.08.28 05:05,1,2026.08.28 05:55,1.16507,1.16497"
1609,RECON62-B160,1617DC1ACCE6B50ED2D1359582A70A8B8503C569623EE90C18C6B33542796207,Tester/logs/20261010.log,5940210,2026-09-03,18:20,B152PR,"DO	0	21:33:19.565	Core 04	2026.09.03 18:20:00   [SRJ-IND] B152PR sym=EURUSD bar=2026.09.03 18:15 z1=2149,S,1.16492,1.16507,2026.08.28 06:40,1,2026.08.28 14:00,1.16494,1.16471"
1610,RECON62-B160,1617DC1ACCE6B50ED2D1359582A70A8B8503C569623EE90C18C6B33542796207,Tester/logs/20261010.log,5940211,2026-09-03,18:20,B152PR,"HD	0	21:33:19.565	Core 04	2026.09.03 18:20:00   [SRJ-IND] B152PR sym=EURUSD bar=2026.09.03 18:15 z1=2792,B,1.15906,1.15944,2026.09.03 06:15,1,2026.09.03 06:20,1.15956,1.15943"
1611,RECON62-B160,1617DC1ACCE6B50ED2D1359582A70A8B8503C569623EE90C18C6B33542796207,Tester/logs/20261010.log,5940212,2026-09-03,18:20,B152PR,"LJ	0	21:33:19.565	Core 04	2026.09.03 18:20:00   [SRJ-IND] B152PR sym=EURUSD bar=2026.09.03 18:15 z1=2861,B,1.16114,1.16153,2026.09.03 16:45,1,2026.09.03 17:35,1.16191,1.16153"
1612,RECON62-B160,1617DC1ACCE6B50ED2D1359582A70A8B8503C569623EE90C18C6B33542796207,Tester/logs/20261010.log,5940213,2026-09-03,18:20,B152PR,"JR	0	21:33:19.565	Core 04	2026.09.03 18:20:00   [SRJ-IND] B152PR sym=EURUSD bar=2026.09.03 18:15 bull=1 bear=1 nz=16"
1613,RECON62-B160,1617DC1ACCE6B50ED2D1359582A70A8B8503C569623EE90C18C6B33542796207,Tester/logs/20261010.log,5940225,2026-09-03,18:20,CONFIRMPOLL,"DL	0	21:33:19.565	Core 04	2026.09.03 18:20:00   [SRJ-EA] CONFIRMPOLL bar=2026.09.03 18:15 anchor=Daily-POC dir=LONG oppCandle=0 bodyDir=1 body=2pts doji=0 touchAttr=1 confirm=0 shadow=true"
1614,RECON62-B160,1617DC1ACCE6B50ED2D1359582A70A8B8503C569623EE90C18C6B33542796207,Tester/logs/20261010.log,5940227,2026-09-03,18:20,STATE,"GK	0	21:33:19.565	Core 04	2026.09.03 18:20:00   [SRJ-EA] 2026.09.03 18:20:00 STATE S1_REGIME->S2_LTF_ALIGN dir=LONG poi=Daily-POC"
1615,RECON62-B160,1617DC1ACCE6B50ED2D1359582A70A8B8503C569623EE90C18C6B33542796207,Tester/logs/20261010.log,5940230,2026-09-03,18:20,STATE,"JE	0	21:33:19.565	Core 04	2026.09.03 18:20:00   [SRJ-EA] 2026.09.03 18:20:00 STATE S2_LTF_ALIGN->S3_ZONE_WAIT dir=LONG poi=Daily-POC"
1616,RECON62-B160,1617DC1ACCE6B50ED2D1359582A70A8B8503C569623EE90C18C6B33542796207,Tester/logs/20261010.log,5940234,2026-09-03,18:20,XOBPROMO,"RM	0	21:33:19.565	Core 04	2026.09.03 18:20:00   [SRJ-EA] XOBPROMO bar=2026.09.03 18:15 site=S3PICK xobId=2217 raw=1787936400.0 promoT=2026.08.28 17:00"
1617,RECON62-B160,1617DC1ACCE6B50ED2D1359582A70A8B8503C569623EE90C18C6B33542796207,Tester/logs/20261010.log,5940235,2026-09-03,18:20,ZONEPICK,"EL	0	21:33:19.565	Core 04	2026.09.03 18:20:00   [SRJ-EA] ZONEPICK bar=2026.09.03 18:15 dir=LONG haveFvg=0 fvgInPlay=0 haveXob=1 xobInPlay=0 downgraded=0 fvg=--- xob=1.16415-1.16436"
1618,RECON62-B160,1617DC1ACCE6B50ED2D1359582A70A8B8503C569623EE90C18C6B33542796207,Tester/logs/20261010.log,5940250,2026-09-03,18:20,INPLAYCOMMIT,"RN	0	21:33:19.565	Core 04	2026.09.03 18:20:00   [SRJ-EA] INPLAYCOMMIT bar=2026.09.03 18:15 dir=LONG zoneSrc=XOB zoneLo=1.16415 zoneHi=1.16436 promoT=2026.08.28 17:00 applied=1 bounded=1 scanned=6 swings=1 hits=0 firstShift=-1 firstVal=- commitVia=none legacy=0 legacyVia=none committed=0 changed=0 haveStop=1"
1619,RECON62-B160,1617DC1ACCE6B50ED2D1359582A70A8B8503C569623EE90C18C6B33542796207,Tester/logs/20261010.log,5940256,2026-09-03,18:25,B152PR,"FD	0	21:33:19.565	Core 04	2026.09.03 18:25:00   [SRJ-IND] B152PR sym=EURUSD bar=2026.09.03 18:20 z1=305,B,1.15201,1.15225,2026.08.13 10:45,1,2026.08.13 11:00,1.15264,1.15225"
1620,RECON62-B160,1617DC1ACCE6B50ED2D1359582A70A8B8503C569623EE90C18C6B33542796207,Tester/logs/20261010.log,5940257,2026-09-03,18:25,B152PR,"FN	0	21:33:19.565	Core 04	2026.09.03 18:25:00   [SRJ-IND] B152PR sym=EURUSD bar=2026.09.03 18:20 z1=405,B,1.15248,1.15263,2026.08.14 00:25,1,2026.08.14 00:50,1.15276,1.15259"
1621,RECON62-B160,1617DC1ACCE6B50ED2D1359582A70A8B8503C569623EE90C18C6B33542796207,Tester/logs/20261010.log,5940258,2026-09-03,18:25,B152PR,"CP	0	21:33:19.565	Core 04	2026.09.03 18:25:00   [SRJ-IND] B152PR sym=EURUSD bar=2026.09.03 18:20 z1=435,B,1.15357,1.15373,2026.08.14 06:30,1,2026.08.14 06:35,1.15382,1.15367"
1622,RECON62-B160,1617DC1ACCE6B50ED2D1359582A70A8B8503C569623EE90C18C6B33542796207,Tester/logs/20261010.log,5940259,2026-09-03,18:25,B152PR,"QJ	0	21:33:19.565	Core 04	2026.09.03 18:25:00   [SRJ-IND] B152PR sym=EURUSD bar=2026.09.03 18:20 z1=484,B,1.15504,1.15532,2026.08.14 11:45,1,2026.08.14 11:50,1.15549,1.15520"
1623,RECON62-B160,1617DC1ACCE6B50ED2D1359582A70A8B8503C569623EE90C18C6B33542796207,Tester/logs/20261010.log,5940260,2026-09-03,18:25,B152PR,"MN	0	21:33:19.565	Core 04	2026.09.03 18:25:00   [SRJ-IND] B152PR sym=EURUSD bar=2026.09.03 18:20 z1=1389,S,1.17072,1.17107,2026.08.21 13:55,1,2026.08.21 14:20,1.17098,1.17032"
1624,RECON62-B160,1617DC1ACCE6B50ED2D1359582A70A8B8503C569623EE90C18C6B33542796207,Tester/logs/20261010.log,5940261,2026-09-03,18:25,B152PR,"PD	0	21:33:19.565	Core 04	2026.09.03 18:25:00   [SRJ-IND] B152PR sym=EURUSD bar=2026.09.03 18:20 z1=1481,S,1.16836,1.16871,2026.08.24 04:10,1,2026.08.24 05:10,1.16841,1.16818"
1625,RECON62-B160,1617DC1ACCE6B50ED2D1359582A70A8B8503C569623EE90C18C6B33542796207,Tester/logs/20261010.log,5940262,2026-09-03,18:25,B152PR,"IJ	0	21:33:19.565	Core 04	2026.09.03 18:25:00   [SRJ-IND] B152PR sym=EURUSD bar=2026.09.03 18:20 z1=1484,S,1.16822,1.16855,2026.08.24 04:20,1,2026.08.24 05:00,1.16831,1.16810"
1626,RECON62-B160,1617DC1ACCE6B50ED2D1359582A70A8B8503C569623EE90C18C6B33542796207,Tester/logs/20261010.log,5940263,2026-09-03,18:25,B152PR,"OP	0	21:33:19.565	Core 04	2026.09.03 18:25:00   [SRJ-IND] B152PR sym=EURUSD bar=2026.09.03 18:20 z1=1516,S,1.16800,1.16817,2026.08.24 08:45,1,2026.08.24 08:55,1.16812,1.16783"
1627,RECON62-B160,1617DC1ACCE6B50ED2D1359582A70A8B8503C569623EE90C18C6B33542796207,Tester/logs/20261010.log,5940264,2026-09-03,18:25,B152PR,"OF	0	21:33:19.565	Core 04	2026.09.03 18:25:00   [SRJ-IND] B152PR sym=EURUSD bar=2026.09.03 18:20 z1=1704,S,1.16580,1.16647,2026.08.26 16:00,1,2026.08.26 16:30,1.16587,1.16541"
1628,RECON62-B160,1617DC1ACCE6B50ED2D1359582A70A8B8503C569623EE90C18C6B33542796207,Tester/logs/20261010.log,5940265,2026-09-03,18:25,B152PR,"LL	0	21:33:19.565	Core 04	2026.09.03 18:25:00   [SRJ-IND] B152PR sym=EURUSD bar=2026.09.03 18:20 z1=1728,S,1.16596,1.16624,2026.08.26 16:00,1,2026.08.27 16:25,1.16598,1.16561"
1629,RECON62-B160,1617DC1ACCE6B50ED2D1359582A70A8B8503C569623EE90C18C6B33542796207,Tester/logs/20261010.log,5940266,2026-09-03,18:25,B152PR,"HR	0	21:33:19.565	Core 04	2026.09.03 18:25:00   [SRJ-IND] B152PR sym=EURUSD bar=2026.09.03 18:20 z1=1784,S,1.16754,1.16787,2026.08.25 23:40,1,2026.08.25 23:50,1.16758,1.16746"
1630,RECON62-B160,1617DC1ACCE6B50ED2D1359582A70A8B8503C569623EE90C18C6B33542796207,Tester/logs/20261010.log,5940267,2026-09-03,18:25,B152PR,"DH	0	21:33:19.565	Core 04	2026.09.03 18:25:00   [SRJ-IND] B152PR sym=EURUSD bar=2026.09.03 18:20 z1=1866,S,1.16723,1.16738,2026.08.26 12:00,1,2026.08.26 15:10,1.16732,1.16692"
1631,RECON62-B160,1617DC1ACCE6B50ED2D1359582A70A8B8503C569623EE90C18C6B33542796207,Tester/logs/20261010.log,5940268,2026-09-03,18:25,B152PR,"LN	0	21:33:19.565	Core 04	2026.09.03 18:25:00   [SRJ-IND] B152PR sym=EURUSD bar=2026.09.03 18:20 z1=2109,S,1.16505,1.16537,2026.08.28 05:05,1,2026.08.28 05:55,1.16507,1.16497"
1632,RECON62-B160,1617DC1ACCE6B50ED2D1359582A70A8B8503C569623EE90C18C6B33542796207,Tester/logs/20261010.log,5940269,2026-09-03,18:25,B152PR,"CD	0	21:33:19.565	Core 04	2026.09.03 18:25:00   [SRJ-IND] B152PR sym=EURUSD bar=2026.09.03 18:20 z1=2149,S,1.16492,1.16507,2026.08.28 06:40,1,2026.08.28 14:00,1.16494,1.16471"
1633,RECON62-B160,1617DC1ACCE6B50ED2D1359582A70A8B8503C569623EE90C18C6B33542796207,Tester/logs/20261010.log,5940270,2026-09-03,18:25,B152PR,"GK	0	21:33:19.565	Core 04	2026.09.03 18:25:00   [SRJ-IND] B152PR sym=EURUSD bar=2026.09.03 18:20 z1=2792,B,1.15906,1.15944,2026.09.03 06:15,1,2026.09.03 06:20,1.15956,1.15943"
1634,RECON62-B160,1617DC1ACCE6B50ED2D1359582A70A8B8503C569623EE90C18C6B33542796207,Tester/logs/20261010.log,5940271,2026-09-03,18:25,B152PR,"KQ	0	21:33:19.565	Core 04	2026.09.03 18:25:00   [SRJ-IND] B152PR sym=EURUSD bar=2026.09.03 18:20 z1=2861,B,1.16114,1.16153,2026.09.03 16:45,1,2026.09.03 17:35,1.16191,1.16153"
1635,RECON62-B160,1617DC1ACCE6B50ED2D1359582A70A8B8503C569623EE90C18C6B33542796207,Tester/logs/20261010.log,5940272,2026-09-03,18:25,B152PR,"IE	0	21:33:19.565	Core 04	2026.09.03 18:25:00   [SRJ-IND] B152PR sym=EURUSD bar=2026.09.03 18:20 bull=1 bear=1 nz=16"
1636,RECON62-B160,1617DC1ACCE6B50ED2D1359582A70A8B8503C569623EE90C18C6B33542796207,Tester/logs/20261010.log,5940278,2026-09-03,18:25,FRESHSKIP,"JQ	0	21:33:19.565	Core 04	2026.09.03 18:25:00   [SRJ-EA] FRESHSKIP bar=2026.09.03 18:20 dir=LONG state=S3_ZONE_WAIT poi=Daily-POC reason=PRE_BINDING"
1637,RECON62-B160,1617DC1ACCE6B50ED2D1359582A70A8B8503C569623EE90C18C6B33542796207,Tester/logs/20261010.log,5940419,2026-09-03,18:25,CONFIRMPOLL,"QM	0	21:33:19.565	Core 04	2026.09.03 18:25:00   [SRJ-EA] CONFIRMPOLL bar=2026.09.03 18:20 anchor=Daily-POC dir=LONG oppCandle=0 bodyDir=0 body=9pts doji=0 touchAttr=1 confirm=0 shadow=true"
1638,RECON62-B160,1617DC1ACCE6B50ED2D1359582A70A8B8503C569623EE90C18C6B33542796207,Tester/logs/20261010.log,5940423,2026-09-03,18:25,ABORT,"RP	0	21:33:19.565	Core 04	2026.09.03 18:25:00   [SRJ-EA] 2026.09.03 18:25:00 ABORT reason=LTF_MISALIGN state=S3_ZONE_WAIT poi=Daily-POC dir=LONG"
1639,RECON62-B160,1617DC1ACCE6B50ED2D1359582A70A8B8503C569623EE90C18C6B33542796207,Tester/logs/20261010.log,5940424,2026-09-03,18:25,A6REFUSED,"FN	0	21:33:19.565	Core 04	2026.09.03 18:25:00   [SRJ-EA] A6REFUSED class=ABSENT_DECLINED bar=2026.09.03 18:25 state=S3_ZONE_WAIT dir=LONG predicate=LTF_MISALIGN"
1640,RECON62-B160,1617DC1ACCE6B50ED2D1359582A70A8B8503C569623EE90C18C6B33542796207,Tester/logs/20261010.log,5940425,2026-09-03,18:25,STATE,"NJ	0	21:33:19.565	Core 04	2026.09.03 18:25:00   [SRJ-EA] 2026.09.03 18:25:00 STATE S3_ZONE_WAIT->ABORT dir=LONG poi=Daily-POC"
1641,RECON62-B160,1617DC1ACCE6B50ED2D1359582A70A8B8503C569623EE90C18C6B33542796207,Tester/logs/20261010.log,5940427,2026-09-03,18:25,B60POT,"EK	0	21:33:19.565	Core 04	2026.09.03 18:25:00   [SRJ-EA] B60POT bar=2026.09.03 18:20 dir=LONG poi=Daily-POC ltf=-1.0 - fresh retest kept as potential despite 5m read ([B-61 C1])"
1642,RECON62-B160,1617DC1ACCE6B50ED2D1359582A70A8B8503C569623EE90C18C6B33542796207,Tester/logs/20261010.log,5940428,2026-09-03,18:25,STATE,"GR	0	21:33:19.565	Core 04	2026.09.03 18:25:00   [SRJ-EA] 2026.09.03 18:25:00 STATE ABORT->S1_REGIME dir=LONG poi=Daily-POC"
1643,RECON62-B160,1617DC1ACCE6B50ED2D1359582A70A8B8503C569623EE90C18C6B33542796207,Tester/logs/20261010.log,5940431,2026-09-03,18:30,B152PR,"KG	0	21:33:19.565	Core 04	2026.09.03 18:30:00   [SRJ-IND] B152PR sym=EURUSD bar=2026.09.03 18:25 z1=305,B,1.15201,1.15225,2026.08.13 10:45,1,2026.08.13 11:00,1.15264,1.15225"
1644,RECON62-B160,1617DC1ACCE6B50ED2D1359582A70A8B8503C569623EE90C18C6B33542796207,Tester/logs/20261010.log,5940432,2026-09-03,18:30,B152PR,"GH	0	21:33:19.565	Core 04	2026.09.03 18:30:00   [SRJ-IND] B152PR sym=EURUSD bar=2026.09.03 18:25 z1=405,B,1.15248,1.15263,2026.08.14 00:25,1,2026.08.14 00:50,1.15276,1.15259"
1645,RECON62-B160,1617DC1ACCE6B50ED2D1359582A70A8B8503C569623EE90C18C6B33542796207,Tester/logs/20261010.log,5940433,2026-09-03,18:30,B152PR,"NR	0	21:33:19.565	Core 04	2026.09.03 18:30:00   [SRJ-IND] B152PR sym=EURUSD bar=2026.09.03 18:25 z1=435,B,1.15357,1.15373,2026.08.14 06:30,1,2026.08.14 06:35,1.15382,1.15367"
1646,RECON62-B160,1617DC1ACCE6B50ED2D1359582A70A8B8503C569623EE90C18C6B33542796207,Tester/logs/20261010.log,5940434,2026-09-03,18:30,B152PR,"DD	0	21:33:19.565	Core 04	2026.09.03 18:30:00   [SRJ-IND] B152PR sym=EURUSD bar=2026.09.03 18:25 z1=484,B,1.15504,1.15532,2026.08.14 11:45,1,2026.08.14 11:50,1.15549,1.15520"
1647,RECON62-B160,1617DC1ACCE6B50ED2D1359582A70A8B8503C569623EE90C18C6B33542796207,Tester/logs/20261010.log,5940435,2026-09-03,18:30,B152PR,"DL	0	21:33:19.565	Core 04	2026.09.03 18:30:00   [SRJ-IND] B152PR sym=EURUSD bar=2026.09.03 18:25 z1=1389,S,1.17072,1.17107,2026.08.21 13:55,1,2026.08.21 14:20,1.17098,1.17032"
1648,RECON62-B160,1617DC1ACCE6B50ED2D1359582A70A8B8503C569623EE90C18C6B33542796207,Tester/logs/20261010.log,5940436,2026-09-03,18:30,B152PR,"IR	0	21:33:19.565	Core 04	2026.09.03 18:30:00   [SRJ-IND] B152PR sym=EURUSD bar=2026.09.03 18:25 z1=1481,S,1.16836,1.16871,2026.08.24 04:10,1,2026.08.24 05:10,1.16841,1.16818"
1649,RECON62-B160,1617DC1ACCE6B50ED2D1359582A70A8B8503C569623EE90C18C6B33542796207,Tester/logs/20261010.log,5940437,2026-09-03,18:30,B152PR,"PH	0	21:33:19.565	Core 04	2026.09.03 18:30:00   [SRJ-IND] B152PR sym=EURUSD bar=2026.09.03 18:25 z1=1484,S,1.16822,1.16855,2026.08.24 04:20,1,2026.08.24 05:00,1.16831,1.16810"
1650,RECON62-B160,1617DC1ACCE6B50ED2D1359582A70A8B8503C569623EE90C18C6B33542796207,Tester/logs/20261010.log,5940438,2026-09-03,18:30,B152PR,"JN	0	21:33:19.565	Core 04	2026.09.03 18:30:00   [SRJ-IND] B152PR sym=EURUSD bar=2026.09.03 18:25 z1=1516,S,1.16800,1.16817,2026.08.24 08:45,1,2026.08.24 08:55,1.16812,1.16783"
1651,RECON62-B160,1617DC1ACCE6B50ED2D1359582A70A8B8503C569623EE90C18C6B33542796207,Tester/logs/20261010.log,5940439,2026-09-03,18:30,B152PR,"JD	0	21:33:19.565	Core 04	2026.09.03 18:30:00   [SRJ-IND] B152PR sym=EURUSD bar=2026.09.03 18:25 z1=1704,S,1.16580,1.16647,2026.08.26 16:00,1,2026.08.26 16:30,1.16587,1.16541"
1652,RECON62-B160,1617DC1ACCE6B50ED2D1359582A70A8B8503C569623EE90C18C6B33542796207,Tester/logs/20261010.log,5940440,2026-09-03,18:30,B152PR,"EJ	0	21:33:19.565	Core 04	2026.09.03 18:30:00   [SRJ-IND] B152PR sym=EURUSD bar=2026.09.03 18:25 z1=1728,S,1.16596,1.16624,2026.08.26 16:00,1,2026.08.27 16:25,1.16598,1.16561"
1653,RECON62-B160,1617DC1ACCE6B50ED2D1359582A70A8B8503C569623EE90C18C6B33542796207,Tester/logs/20261010.log,5940441,2026-09-03,18:30,B152PR,"QP	0	21:33:19.565	Core 04	2026.09.03 18:30:00   [SRJ-IND] B152PR sym=EURUSD bar=2026.09.03 18:25 z1=1784,S,1.16754,1.16787,2026.08.25 23:40,1,2026.08.25 23:50,1.16758,1.16746"
1654,RECON62-B160,1617DC1ACCE6B50ED2D1359582A70A8B8503C569623EE90C18C6B33542796207,Tester/logs/20261010.log,5940442,2026-09-03,18:30,B152PR,"MF	0	21:33:19.565	Core 04	2026.09.03 18:30:00   [SRJ-IND] B152PR sym=EURUSD bar=2026.09.03 18:25 z1=1866,S,1.16723,1.16738,2026.08.26 12:00,1,2026.08.26 15:10,1.16732,1.16692"
1655,RECON62-B160,1617DC1ACCE6B50ED2D1359582A70A8B8503C569623EE90C18C6B33542796207,Tester/logs/20261010.log,5940443,2026-09-03,18:30,B152PR,"EL	0	21:33:19.565	Core 04	2026.09.03 18:30:00   [SRJ-IND] B152PR sym=EURUSD bar=2026.09.03 18:25 z1=2109,S,1.16505,1.16537,2026.08.28 05:05,1,2026.08.28 05:55,1.16507,1.16497"
1656,RECON62-B160,1617DC1ACCE6B50ED2D1359582A70A8B8503C569623EE90C18C6B33542796207,Tester/logs/20261010.log,5940444,2026-09-03,18:30,B152PR,"NR	0	21:33:19.565	Core 04	2026.09.03 18:30:00   [SRJ-IND] B152PR sym=EURUSD bar=2026.09.03 18:25 z1=2149,S,1.16492,1.16507,2026.08.28 06:40,1,2026.08.28 14:00,1.16494,1.16471"
1657,RECON62-B160,1617DC1ACCE6B50ED2D1359582A70A8B8503C569623EE90C18C6B33542796207,Tester/logs/20261010.log,5940445,2026-09-03,18:30,B152PR,"RI	0	21:33:19.565	Core 04	2026.09.03 18:30:00   [SRJ-IND] B152PR sym=EURUSD bar=2026.09.03 18:25 z1=2792,B,1.15906,1.15944,2026.09.03 06:15,1,2026.09.03 06:20,1.15956,1.15943"
1658,RECON62-B160,1617DC1ACCE6B50ED2D1359582A70A8B8503C569623EE90C18C6B33542796207,Tester/logs/20261010.log,5940446,2026-09-03,18:30,B152PR,"FO	0	21:33:19.565	Core 04	2026.09.03 18:30:00   [SRJ-IND] B152PR sym=EURUSD bar=2026.09.03 18:25 z1=2861,B,1.16114,1.16153,2026.09.03 16:45,1,2026.09.03 17:35,1.16191,1.16153"
1659,RECON62-B160,1617DC1ACCE6B50ED2D1359582A70A8B8503C569623EE90C18C6B33542796207,Tester/logs/20261010.log,5940447,2026-09-03,18:30,B152PR,"PG	0	21:33:19.565	Core 04	2026.09.03 18:30:00   [SRJ-IND] B152PR sym=EURUSD bar=2026.09.03 18:25 bull=1 bear=1 nz=16"
1660,RECON62-B160,1617DC1ACCE6B50ED2D1359582A70A8B8503C569623EE90C18C6B33542796207,Tester/logs/20261010.log,5940457,2026-09-03,18:30,CONFIRMPOLL,"DR	0	21:33:19.565	Core 04	2026.09.03 18:30:00   [SRJ-EA] CONFIRMPOLL bar=2026.09.03 18:25 anchor=Daily-POC dir=LONG oppCandle=1 bodyDir=1 body=13pts doji=0 touchAttr=1 confirm=1 shadow=true"
1661,RECON62-B160,1617DC1ACCE6B50ED2D1359582A70A8B8503C569623EE90C18C6B33542796207,Tester/logs/20261010.log,5940459,2026-09-03,18:30,STATE,"KL	0	21:33:19.565	Core 04	2026.09.03 18:30:00   [SRJ-EA] 2026.09.03 18:30:00 STATE S1_REGIME->S2_LTF_ALIGN dir=LONG poi=Daily-POC"
1662,RECON62-B160,1617DC1ACCE6B50ED2D1359582A70A8B8503C569623EE90C18C6B33542796207,Tester/logs/20261010.log,5940462,2026-09-03,18:30,STATE,"NQ	0	21:33:19.565	Core 04	2026.09.03 18:30:00   [SRJ-EA] 2026.09.03 18:30:00 STATE S2_LTF_ALIGN->S3_ZONE_WAIT dir=LONG poi=Daily-POC"
1663,RECON62-B160,1617DC1ACCE6B50ED2D1359582A70A8B8503C569623EE90C18C6B33542796207,Tester/logs/20261010.log,5940466,2026-09-03,18:30,XOBPROMO,"JN	0	21:33:19.565	Core 04	2026.09.03 18:30:00   [SRJ-EA] XOBPROMO bar=2026.09.03 18:25 site=S3PICK xobId=2217 raw=1787936400.0 promoT=2026.08.28 17:00"
1664,RECON62-B160,1617DC1ACCE6B50ED2D1359582A70A8B8503C569623EE90C18C6B33542796207,Tester/logs/20261010.log,5940467,2026-09-03,18:30,ZONEPICK,"MQ	0	21:33:19.565	Core 04	2026.09.03 18:30:00   [SRJ-EA] ZONEPICK bar=2026.09.03 18:25 dir=LONG haveFvg=0 fvgInPlay=0 haveXob=1 xobInPlay=0 downgraded=0 fvg=--- xob=1.16415-1.16436"
1665,RECON62-B160,1617DC1ACCE6B50ED2D1359582A70A8B8503C569623EE90C18C6B33542796207,Tester/logs/20261010.log,5940482,2026-09-03,18:30,INPLAYCOMMIT,"JM	0	21:33:19.565	Core 04	2026.09.03 18:30:00   [SRJ-EA] INPLAYCOMMIT bar=2026.09.03 18:25 dir=LONG zoneSrc=XOB zoneLo=1.16415 zoneHi=1.16436 promoT=2026.08.28 17:00 applied=1 bounded=1 scanned=2 swings=1 hits=0 firstShift=-1 firstVal=- commitVia=none legacy=0 legacyVia=none committed=0 changed=0 haveStop=1"
1666,RECON62-B160,1617DC1ACCE6B50ED2D1359582A70A8B8503C569623EE90C18C6B33542796207,Tester/logs/20261010.log,5940484,2026-09-03,18:30,B60C,"ED	0	21:33:19.565	Core 04	2026.09.03 18:30:00   [SRJ-EA] B60C bar=2026.09.03 18:25 dir=LONG poi=Daily-POC rt=2026.09.03 18:20 rSh=2 rBar=2026.09.03 18:20 cSrc=BOTH xt=0 zxob=1.16415-1.16436 xpromo=2026.08.28 17:00 - C satisfied by retest and prior candles ([B-61 C2][B-129 XT])"
1667,RECON62-B160,1617DC1ACCE6B50ED2D1359582A70A8B8503C569623EE90C18C6B33542796207,Tester/logs/20261010.log,5940486,2026-09-03,18:30,STATE,"EN	0	21:33:19.565	Core 04	2026.09.03 18:30:00   [SRJ-EA] 2026.09.03 18:30:00 STATE S3_ZONE_WAIT->S5_GATE_CHECK dir=LONG poi=Daily-POC"
1668,RECON62-B160,1617DC1ACCE6B50ED2D1359582A70A8B8503C569623EE90C18C6B33542796207,Tester/logs/20261010.log,5940488,2026-09-03,18:30,D130LATCH,"PQ	0	21:33:19.565	Core 04	2026.09.03 18:30:00   [SRJ-EA] D130LATCH pass=2026.09.03 18:30:00 confBar=2026.09.03 18:25 dir=LONG verdict=-2 verdictBar=2026.09.03 17:55 walkShift=7 oppPassed=NA oppBar=NA"
1669,RECON62-B160,1617DC1ACCE6B50ED2D1359582A70A8B8503C569623EE90C18C6B33542796207,Tester/logs/20261010.log,5940489,2026-09-03,18:30,CONFIRM_DIV_WAIT,"MI	0	21:33:19.565	Core 04	2026.09.03 18:30:00   [SRJ-EA] CONFIRM_DIV_WAIT bar=2026.09.03 18:25 dir=LONG verdict=-2"
1670,RECON62-B160,1617DC1ACCE6B50ED2D1359582A70A8B8503C569623EE90C18C6B33542796207,Tester/logs/20261010.log,5940491,2026-09-03,18:30,STATE,"KD	0	21:33:19.565	Core 04	2026.09.03 18:30:00   [SRJ-EA] 2026.09.03 18:30:00 STATE S5_GATE_CHECK->S3_ZONE_WAIT dir=LONG poi=Daily-POC"
1671,RECON62-B160,1617DC1ACCE6B50ED2D1359582A70A8B8503C569623EE90C18C6B33542796207,Tester/logs/20261010.log,5940495,2026-09-03,18:35,B152PR,"HD	0	21:33:19.565	Core 04	2026.09.03 18:35:02   [SRJ-IND] B152PR sym=EURUSD bar=2026.09.03 18:30 z1=305,B,1.15201,1.15225,2026.08.13 10:45,1,2026.08.13 11:00,1.15264,1.15225"
1672,RECON62-B160,1617DC1ACCE6B50ED2D1359582A70A8B8503C569623EE90C18C6B33542796207,Tester/logs/20261010.log,5940496,2026-09-03,18:35,B152PR,"HN	0	21:33:19.565	Core 04	2026.09.03 18:35:02   [SRJ-IND] B152PR sym=EURUSD bar=2026.09.03 18:30 z1=405,B,1.15248,1.15263,2026.08.14 00:25,1,2026.08.14 00:50,1.15276,1.15259"
1673,RECON62-B160,1617DC1ACCE6B50ED2D1359582A70A8B8503C569623EE90C18C6B33542796207,Tester/logs/20261010.log,5940497,2026-09-03,18:35,B152PR,"QP	0	21:33:19.565	Core 04	2026.09.03 18:35:02   [SRJ-IND] B152PR sym=EURUSD bar=2026.09.03 18:30 z1=435,B,1.15357,1.15373,2026.08.14 06:30,1,2026.08.14 06:35,1.15382,1.15367"
1674,RECON62-B160,1617DC1ACCE6B50ED2D1359582A70A8B8503C569623EE90C18C6B33542796207,Tester/logs/20261010.log,5940498,2026-09-03,18:35,B152PR,"CJ	0	21:33:19.565	Core 04	2026.09.03 18:35:02   [SRJ-IND] B152PR sym=EURUSD bar=2026.09.03 18:30 z1=484,B,1.15504,1.15532,2026.08.14 11:45,1,2026.08.14 11:50,1.15549,1.15520"
1675,RECON62-B160,1617DC1ACCE6B50ED2D1359582A70A8B8503C569623EE90C18C6B33542796207,Tester/logs/20261010.log,5940499,2026-09-03,18:35,B152PR,"ON	0	21:33:19.565	Core 04	2026.09.03 18:35:02   [SRJ-IND] B152PR sym=EURUSD bar=2026.09.03 18:30 z1=1389,S,1.17072,1.17107,2026.08.21 13:55,1,2026.08.21 14:20,1.17098,1.17032"
1676,RECON62-B160,1617DC1ACCE6B50ED2D1359582A70A8B8503C569623EE90C18C6B33542796207,Tester/logs/20261010.log,5940500,2026-09-03,18:35,B152PR,"ND	0	21:33:19.565	Core 04	2026.09.03 18:35:02   [SRJ-IND] B152PR sym=EURUSD bar=2026.09.03 18:30 z1=1481,S,1.16836,1.16871,2026.08.24 04:10,1,2026.08.24 05:10,1.16841,1.16818"
1677,RECON62-B160,1617DC1ACCE6B50ED2D1359582A70A8B8503C569623EE90C18C6B33542796207,Tester/logs/20261010.log,5940501,2026-09-03,18:35,B152PR,"CJ	0	21:33:19.565	Core 04	2026.09.03 18:35:02   [SRJ-IND] B152PR sym=EURUSD bar=2026.09.03 18:30 z1=1484,S,1.16822,1.16855,2026.08.24 04:20,1,2026.08.24 05:00,1.16831,1.16810"
1678,RECON62-B160,1617DC1ACCE6B50ED2D1359582A70A8B8503C569623EE90C18C6B33542796207,Tester/logs/20261010.log,5940502,2026-09-03,18:35,B152PR,"MP	0	21:33:19.565	Core 04	2026.09.03 18:35:02   [SRJ-IND] B152PR sym=EURUSD bar=2026.09.03 18:30 z1=1516,S,1.16800,1.16817,2026.08.24 08:45,1,2026.08.24 08:55,1.16812,1.16783"
1679,RECON62-B160,1617DC1ACCE6B50ED2D1359582A70A8B8503C569623EE90C18C6B33542796207,Tester/logs/20261010.log,5940503,2026-09-03,18:35,B152PR,"MF	0	21:33:19.565	Core 04	2026.09.03 18:35:02   [SRJ-IND] B152PR sym=EURUSD bar=2026.09.03 18:30 z1=1704,S,1.16580,1.16647,2026.08.26 16:00,1,2026.08.26 16:30,1.16587,1.16541"
1680,RECON62-B160,1617DC1ACCE6B50ED2D1359582A70A8B8503C569623EE90C18C6B33542796207,Tester/logs/20261010.log,5940504,2026-09-03,18:35,B152PR,"RL	0	21:33:19.565	Core 04	2026.09.03 18:35:02   [SRJ-IND] B152PR sym=EURUSD bar=2026.09.03 18:30 z1=1728,S,1.16596,1.16624,2026.08.26 16:00,1,2026.08.27 16:25,1.16598,1.16561"
1681,RECON62-B160,1617DC1ACCE6B50ED2D1359582A70A8B8503C569623EE90C18C6B33542796207,Tester/logs/20261010.log,5940505,2026-09-03,18:35,B152PR,"FR	0	21:33:19.565	Core 04	2026.09.03 18:35:02   [SRJ-IND] B152PR sym=EURUSD bar=2026.09.03 18:30 z1=1784,S,1.16754,1.16787,2026.08.25 23:40,1,2026.08.25 23:50,1.16758,1.16746"
1682,RECON62-B160,1617DC1ACCE6B50ED2D1359582A70A8B8503C569623EE90C18C6B33542796207,Tester/logs/20261010.log,5940506,2026-09-03,18:35,B152PR,"JH	0	21:33:19.565	Core 04	2026.09.03 18:35:02   [SRJ-IND] B152PR sym=EURUSD bar=2026.09.03 18:30 z1=1866,S,1.16723,1.16738,2026.08.26 12:00,1,2026.08.26 15:10,1.16732,1.16692"
1683,RECON62-B160,1617DC1ACCE6B50ED2D1359582A70A8B8503C569623EE90C18C6B33542796207,Tester/logs/20261010.log,5940507,2026-09-03,18:35,B152PR,"RN	0	21:33:19.565	Core 04	2026.09.03 18:35:02   [SRJ-IND] B152PR sym=EURUSD bar=2026.09.03 18:30 z1=2109,S,1.16505,1.16537,2026.08.28 05:05,1,2026.08.28 05:55,1.16507,1.16497"
1684,RECON62-B160,1617DC1ACCE6B50ED2D1359582A70A8B8503C569623EE90C18C6B33542796207,Tester/logs/20261010.log,5940508,2026-09-03,18:35,B152PR,"ID	0	21:33:19.565	Core 04	2026.09.03 18:35:02   [SRJ-IND] B152PR sym=EURUSD bar=2026.09.03 18:30 z1=2149,S,1.16492,1.16507,2026.08.28 06:40,1,2026.08.28 14:00,1.16494,1.16471"
1685,RECON62-B160,1617DC1ACCE6B50ED2D1359582A70A8B8503C569623EE90C18C6B33542796207,Tester/logs/20261010.log,5940509,2026-09-03,18:35,B152PR,"EK	0	21:33:19.565	Core 04	2026.09.03 18:35:02   [SRJ-IND] B152PR sym=EURUSD bar=2026.09.03 18:30 z1=2792,B,1.15906,1.15944,2026.09.03 06:15,1,2026.09.03 06:20,1.15956,1.15943"
1686,RECON62-B160,1617DC1ACCE6B50ED2D1359582A70A8B8503C569623EE90C18C6B33542796207,Tester/logs/20261010.log,5940510,2026-09-03,18:35,B152PR,"QQ	0	21:33:19.565	Core 04	2026.09.03 18:35:02   [SRJ-IND] B152PR sym=EURUSD bar=2026.09.03 18:30 z1=2861,B,1.16114,1.16153,2026.09.03 16:45,1,2026.09.03 17:35,1.16191,1.16153"
1687,RECON62-B160,1617DC1ACCE6B50ED2D1359582A70A8B8503C569623EE90C18C6B33542796207,Tester/logs/20261010.log,5940511,2026-09-03,18:35,B152PR,"CE	0	21:33:19.565	Core 04	2026.09.03 18:35:02   [SRJ-IND] B152PR sym=EURUSD bar=2026.09.03 18:30 bull=1 bear=1 nz=16"
1688,RECON62-B160,1617DC1ACCE6B50ED2D1359582A70A8B8503C569623EE90C18C6B33542796207,Tester/logs/20261010.log,5940516,2026-09-03,18:35,FRESHSKIP,"FG	0	21:33:19.565	Core 04	2026.09.03 18:35:02   [SRJ-EA] FRESHSKIP bar=2026.09.03 18:30 dir=LONG state=S3_ZONE_WAIT poi=Daily-POC reason=PRE_BINDING"
1689,RECON62-B160,1617DC1ACCE6B50ED2D1359582A70A8B8503C569623EE90C18C6B33542796207,Tester/logs/20261010.log,5940656,2026-09-03,18:35,CONFIRMPOLL,"CJ	0	21:33:19.565	Core 04	2026.09.03 18:35:02   [SRJ-EA] CONFIRMPOLL bar=2026.09.03 18:30 anchor=Daily-POC dir=LONG oppCandle=0 bodyDir=1 body=8pts doji=0 touchAttr=1 confirm=0 shadow=true"
1690,RECON62-B160,1617DC1ACCE6B50ED2D1359582A70A8B8503C569623EE90C18C6B33542796207,Tester/logs/20261010.log,5940659,2026-09-03,18:35,XOBPROMO,"PO	0	21:33:19.565	Core 04	2026.09.03 18:35:02   [SRJ-EA] XOBPROMO bar=2026.09.03 18:30 site=S3PICK xobId=2861 raw=1788453900.0 promoT=2026.09.03 16:45"
1691,RECON62-B160,1617DC1ACCE6B50ED2D1359582A70A8B8503C569623EE90C18C6B33542796207,Tester/logs/20261010.log,5940660,2026-09-03,18:35,ZONEPICK,"OR	0	21:33:19.565	Core 04	2026.09.03 18:35:02   [SRJ-EA] ZONEPICK bar=2026.09.03 18:30 dir=LONG haveFvg=0 fvgInPlay=0 haveXob=1 xobInPlay=1 downgraded=0 fvg=--- xob=1.16114-1.16153"
1692,RECON62-B160,1617DC1ACCE6B50ED2D1359582A70A8B8503C569623EE90C18C6B33542796207,Tester/logs/20261010.log,5940669,2026-09-03,18:35,INPLAYCOMMIT,"QI	0	21:33:19.565	Core 04	2026.09.03 18:35:02   [SRJ-EA] INPLAYCOMMIT bar=2026.09.03 18:30 dir=LONG zoneSrc=XOB zoneLo=1.16114 zoneHi=1.16153 promoT=2026.09.03 16:45 applied=1 bounded=1 scanned=37 swings=8 hits=1 firstShift=9 firstVal=1.16132 commitVia=SWING legacy=1 legacyVia=SWINGLEG committed=1 changed=0 haveStop=1"
1693,RECON62-B160,1617DC1ACCE6B50ED2D1359582A70A8B8503C569623EE90C18C6B33542796207,Tester/logs/20261010.log,5940670,2026-09-03,18:35,STATE,"QO	0	21:33:19.565	Core 04	2026.09.03 18:35:02   [SRJ-EA] 2026.09.03 18:35:02 STATE S3_ZONE_WAIT->S4_ARMED dir=LONG poi=Daily-POC"
1694,RECON62-B160,1617DC1ACCE6B50ED2D1359582A70A8B8503C569623EE90C18C6B33542796207,Tester/logs/20261010.log,5940679,2026-09-03,18:40,B152PR,"RQ	0	21:33:19.565	Core 04	2026.09.03 18:40:01   [SRJ-IND] B152PR sym=EURUSD bar=2026.09.03 18:35 z1=305,B,1.15201,1.15225,2026.08.13 10:45,1,2026.08.13 11:00,1.15264,1.15225"
1695,RECON62-B160,1617DC1ACCE6B50ED2D1359582A70A8B8503C569623EE90C18C6B33542796207,Tester/logs/20261010.log,5940680,2026-09-03,18:40,B152PR,"FJ	0	21:33:19.565	Core 04	2026.09.03 18:40:01   [SRJ-IND] B152PR sym=EURUSD bar=2026.09.03 18:35 z1=405,B,1.15248,1.15263,2026.08.14 00:25,1,2026.08.14 00:50,1.15276,1.15259"
1696,RECON62-B160,1617DC1ACCE6B50ED2D1359582A70A8B8503C569623EE90C18C6B33542796207,Tester/logs/20261010.log,5940681,2026-09-03,18:40,B152PR,"OL	0	21:33:19.565	Core 04	2026.09.03 18:40:01   [SRJ-IND] B152PR sym=EURUSD bar=2026.09.03 18:35 z1=435,B,1.15357,1.15373,2026.08.14 06:30,1,2026.08.14 06:35,1.15382,1.15367"
1697,RECON62-B160,1617DC1ACCE6B50ED2D1359582A70A8B8503C569623EE90C18C6B33542796207,Tester/logs/20261010.log,5940682,2026-09-03,18:40,B152PR,"IF	0	21:33:19.565	Core 04	2026.09.03 18:40:01   [SRJ-IND] B152PR sym=EURUSD bar=2026.09.03 18:35 z1=484,B,1.15504,1.15532,2026.08.14 11:45,1,2026.08.14 11:50,1.15549,1.15520"
1698,RECON62-B160,1617DC1ACCE6B50ED2D1359582A70A8B8503C569623EE90C18C6B33542796207,Tester/logs/20261010.log,5940683,2026-09-03,18:40,B152PR,"IJ	0	21:33:19.565	Core 04	2026.09.03 18:40:01   [SRJ-IND] B152PR sym=EURUSD bar=2026.09.03 18:35 z1=1389,S,1.17072,1.17107,2026.08.21 13:55,1,2026.08.21 14:20,1.17098,1.17032"
1699,RECON62-B160,1617DC1ACCE6B50ED2D1359582A70A8B8503C569623EE90C18C6B33542796207,Tester/logs/20261010.log,5940684,2026-09-03,18:40,B152PR,"DP	0	21:33:19.565	Core 04	2026.09.03 18:40:01   [SRJ-IND] B152PR sym=EURUSD bar=2026.09.03 18:35 z1=1481,S,1.16836,1.16871,2026.08.24 04:10,1,2026.08.24 05:10,1.16841,1.16818"
1700,RECON62-B160,1617DC1ACCE6B50ED2D1359582A70A8B8503C569623EE90C18C6B33542796207,Tester/logs/20261010.log,5940685,2026-09-03,18:40,B152PR,"MF	0	21:33:19.565	Core 04	2026.09.03 18:40:01   [SRJ-IND] B152PR sym=EURUSD bar=2026.09.03 18:35 z1=1484,S,1.16822,1.16855,2026.08.24 04:20,1,2026.08.24 05:00,1.16831,1.16810"
1701,RECON62-B160,1617DC1ACCE6B50ED2D1359582A70A8B8503C569623EE90C18C6B33542796207,Tester/logs/20261010.log,5940686,2026-09-03,18:40,B152PR,"CL	0	21:33:19.565	Core 04	2026.09.03 18:40:01   [SRJ-IND] B152PR sym=EURUSD bar=2026.09.03 18:35 z1=1516,S,1.16800,1.16817,2026.08.24 08:45,1,2026.08.24 08:55,1.16812,1.16783"
1702,RECON62-B160,1617DC1ACCE6B50ED2D1359582A70A8B8503C569623EE90C18C6B33542796207,Tester/logs/20261010.log,5940687,2026-09-03,18:40,B152PR,"CR	0	21:33:19.565	Core 04	2026.09.03 18:40:01   [SRJ-IND] B152PR sym=EURUSD bar=2026.09.03 18:35 z1=1704,S,1.16580,1.16647,2026.08.26 16:00,1,2026.08.26 16:30,1.16587,1.16541"
1703,RECON62-B160,1617DC1ACCE6B50ED2D1359582A70A8B8503C569623EE90C18C6B33542796207,Tester/logs/20261010.log,5940688,2026-09-03,18:40,B152PR,"HH	0	21:33:19.565	Core 04	2026.09.03 18:40:01   [SRJ-IND] B152PR sym=EURUSD bar=2026.09.03 18:35 z1=1728,S,1.16596,1.16624,2026.08.26 16:00,1,2026.08.27 16:25,1.16598,1.16561"
1704,RECON62-B160,1617DC1ACCE6B50ED2D1359582A70A8B8503C569623EE90C18C6B33542796207,Tester/logs/20261010.log,5940689,2026-09-03,18:40,B152PR,"LN	0	21:33:19.565	Core 04	2026.09.03 18:40:01   [SRJ-IND] B152PR sym=EURUSD bar=2026.09.03 18:35 z1=1784,S,1.16754,1.16787,2026.08.25 23:40,1,2026.08.25 23:50,1.16758,1.16746"
1705,RECON62-B160,1617DC1ACCE6B50ED2D1359582A70A8B8503C569623EE90C18C6B33542796207,Tester/logs/20261010.log,5940690,2026-09-03,18:40,B152PR,"PD	0	21:33:19.565	Core 04	2026.09.03 18:40:01   [SRJ-IND] B152PR sym=EURUSD bar=2026.09.03 18:35 z1=1866,S,1.16723,1.16738,2026.08.26 12:00,1,2026.08.26 15:10,1.16732,1.16692"
1706,RECON62-B160,1617DC1ACCE6B50ED2D1359582A70A8B8503C569623EE90C18C6B33542796207,Tester/logs/20261010.log,5940691,2026-09-03,18:40,B152PR,"HJ	0	21:33:19.565	Core 04	2026.09.03 18:40:01   [SRJ-IND] B152PR sym=EURUSD bar=2026.09.03 18:35 z1=2109,S,1.16505,1.16537,2026.08.28 05:05,1,2026.08.28 05:55,1.16507,1.16497"
1707,RECON62-B160,1617DC1ACCE6B50ED2D1359582A70A8B8503C569623EE90C18C6B33542796207,Tester/logs/20261010.log,5940692,2026-09-03,18:40,B152PR,"OP	0	21:33:19.565	Core 04	2026.09.03 18:40:01   [SRJ-IND] B152PR sym=EURUSD bar=2026.09.03 18:35 z1=2149,S,1.16492,1.16507,2026.08.28 06:40,1,2026.08.28 14:00,1.16494,1.16471"
1708,RECON62-B160,1617DC1ACCE6B50ED2D1359582A70A8B8503C569623EE90C18C6B33542796207,Tester/logs/20261010.log,5940693,2026-09-03,18:40,B152PR,"KG	0	21:33:19.565	Core 04	2026.09.03 18:40:01   [SRJ-IND] B152PR sym=EURUSD bar=2026.09.03 18:35 z1=2792,B,1.15906,1.15944,2026.09.03 06:15,1,2026.09.03 06:20,1.15956,1.15943"
1709,RECON62-B160,1617DC1ACCE6B50ED2D1359582A70A8B8503C569623EE90C18C6B33542796207,Tester/logs/20261010.log,5940694,2026-09-03,18:40,B152PR,"GM	0	21:33:19.565	Core 04	2026.09.03 18:40:01   [SRJ-IND] B152PR sym=EURUSD bar=2026.09.03 18:35 z1=2861,B,1.16114,1.16153,2026.09.03 16:45,1,2026.09.03 17:35,1.16191,1.16153"
1710,RECON62-B160,1617DC1ACCE6B50ED2D1359582A70A8B8503C569623EE90C18C6B33542796207,Tester/logs/20261010.log,5940695,2026-09-03,18:40,B152PR,"MQ	0	21:33:19.565	Core 04	2026.09.03 18:40:01   [SRJ-IND] B152PR sym=EURUSD bar=2026.09.03 18:35 bull=1 bear=1 nz=16"
1711,RECON62-B160,1617DC1ACCE6B50ED2D1359582A70A8B8503C569623EE90C18C6B33542796207,Tester/logs/20261010.log,5940837,2026-09-03,18:40,CONFIRMPOLL,"LQ	0	21:33:19.565	Core 04	2026.09.03 18:40:01   [SRJ-EA] CONFIRMPOLL bar=2026.09.03 18:35 anchor=Daily-POC dir=LONG oppCandle=0 bodyDir=0 body=52pts doji=0 touchAttr=0 confirm=0 shadow=true"
1712,RECON62-B160,1617DC1ACCE6B50ED2D1359582A70A8B8503C569623EE90C18C6B33542796207,Tester/logs/20261010.log,5940845,2026-09-03,18:45,B152PR,"LJ	0	21:33:19.565	Core 04	2026.09.03 18:45:00   [SRJ-IND] B152PR sym=EURUSD bar=2026.09.03 18:40 z1=305,B,1.15201,1.15225,2026.08.13 10:45,1,2026.08.13 11:00,1.15264,1.15225"
1713,RECON62-B160,1617DC1ACCE6B50ED2D1359582A70A8B8503C569623EE90C18C6B33542796207,Tester/logs/20261010.log,5940846,2026-09-03,18:45,B152PR,"HO	0	21:33:19.565	Core 04	2026.09.03 18:45:00   [SRJ-IND] B152PR sym=EURUSD bar=2026.09.03 18:40 z1=405,B,1.15248,1.15263,2026.08.14 00:25,1,2026.08.14 00:50,1.15276,1.15259"
1714,RECON62-B160,1617DC1ACCE6B50ED2D1359582A70A8B8503C569623EE90C18C6B33542796207,Tester/logs/20261010.log,5940847,2026-09-03,18:45,B152PR,"MQ	0	21:33:19.565	Core 04	2026.09.03 18:45:00   [SRJ-IND] B152PR sym=EURUSD bar=2026.09.03 18:40 z1=435,B,1.15357,1.15373,2026.08.14 06:30,1,2026.08.14 06:35,1.15382,1.15367"
1715,RECON62-B160,1617DC1ACCE6B50ED2D1359582A70A8B8503C569623EE90C18C6B33542796207,Tester/logs/20261010.log,5940848,2026-09-03,18:45,B152PR,"CK	0	21:33:19.565	Core 04	2026.09.03 18:45:00   [SRJ-IND] B152PR sym=EURUSD bar=2026.09.03 18:40 z1=484,B,1.15504,1.15532,2026.08.14 11:45,1,2026.08.14 11:50,1.15549,1.15520"
1716,RECON62-B160,1617DC1ACCE6B50ED2D1359582A70A8B8503C569623EE90C18C6B33542796207,Tester/logs/20261010.log,5940849,2026-09-03,18:45,B152PR,"CO	0	21:33:19.565	Core 04	2026.09.03 18:45:00   [SRJ-IND] B152PR sym=EURUSD bar=2026.09.03 18:40 z1=1389,S,1.17072,1.17107,2026.08.21 13:55,1,2026.08.21 14:20,1.17098,1.17032"
1717,RECON62-B160,1617DC1ACCE6B50ED2D1359582A70A8B8503C569623EE90C18C6B33542796207,Tester/logs/20261010.log,5940850,2026-09-03,18:45,B152PR,"JE	0	21:33:19.565	Core 04	2026.09.03 18:45:00   [SRJ-IND] B152PR sym=EURUSD bar=2026.09.03 18:40 z1=1481,S,1.16836,1.16871,2026.08.24 04:10,1,2026.08.24 05:10,1.16841,1.16818"
1718,RECON62-B160,1617DC1ACCE6B50ED2D1359582A70A8B8503C569623EE90C18C6B33542796207,Tester/logs/20261010.log,5940851,2026-09-03,18:45,B152PR,"OK	0	21:33:19.565	Core 04	2026.09.03 18:45:00   [SRJ-IND] B152PR sym=EURUSD bar=2026.09.03 18:40 z1=1484,S,1.16822,1.16855,2026.08.24 04:20,1,2026.08.24 05:00,1.16831,1.16810"
1719,RECON62-B160,1617DC1ACCE6B50ED2D1359582A70A8B8503C569623EE90C18C6B33542796207,Tester/logs/20261010.log,5940852,2026-09-03,18:45,B152PR,"IQ	0	21:33:19.565	Core 04	2026.09.03 18:45:00   [SRJ-IND] B152PR sym=EURUSD bar=2026.09.03 18:40 z1=1516,S,1.16800,1.16817,2026.08.24 08:45,1,2026.08.24 08:55,1.16812,1.16783"
1720,RECON62-B160,1617DC1ACCE6B50ED2D1359582A70A8B8503C569623EE90C18C6B33542796207,Tester/logs/20261010.log,5940853,2026-09-03,18:45,B152PR,"IG	0	21:33:19.565	Core 04	2026.09.03 18:45:00   [SRJ-IND] B152PR sym=EURUSD bar=2026.09.03 18:40 z1=1704,S,1.16580,1.16647,2026.08.26 16:00,1,2026.08.26 16:30,1.16587,1.16541"
1721,RECON62-B160,1617DC1ACCE6B50ED2D1359582A70A8B8503C569623EE90C18C6B33542796207,Tester/logs/20261010.log,5940854,2026-09-03,18:45,B152PR,"FM	0	21:33:19.565	Core 04	2026.09.03 18:45:00   [SRJ-IND] B152PR sym=EURUSD bar=2026.09.03 18:40 z1=1728,S,1.16596,1.16624,2026.08.26 16:00,1,2026.08.27 16:25,1.16598,1.16561"
1722,RECON62-B160,1617DC1ACCE6B50ED2D1359582A70A8B8503C569623EE90C18C6B33542796207,Tester/logs/20261010.log,5940855,2026-09-03,18:45,B152PR,"RS	0	21:33:19.565	Core 04	2026.09.03 18:45:00   [SRJ-IND] B152PR sym=EURUSD bar=2026.09.03 18:40 z1=1784,S,1.16754,1.16787,2026.08.25 23:40,1,2026.08.25 23:50,1.16758,1.16746"
1723,RECON62-B160,1617DC1ACCE6B50ED2D1359582A70A8B8503C569623EE90C18C6B33542796207,Tester/logs/20261010.log,5940856,2026-09-03,18:45,B152PR,"NI	0	21:33:19.565	Core 04	2026.09.03 18:45:00   [SRJ-IND] B152PR sym=EURUSD bar=2026.09.03 18:40 z1=1866,S,1.16723,1.16738,2026.08.26 12:00,1,2026.08.26 15:10,1.16732,1.16692"
1724,RECON62-B160,1617DC1ACCE6B50ED2D1359582A70A8B8503C569623EE90C18C6B33542796207,Tester/logs/20261010.log,5940857,2026-09-03,18:45,B152PR,"FO	0	21:33:19.565	Core 04	2026.09.03 18:45:00   [SRJ-IND] B152PR sym=EURUSD bar=2026.09.03 18:40 z1=2109,S,1.16505,1.16537,2026.08.28 05:05,1,2026.08.28 05:55,1.16507,1.16497"
1725,RECON62-B160,1617DC1ACCE6B50ED2D1359582A70A8B8503C569623EE90C18C6B33542796207,Tester/logs/20261010.log,5940858,2026-09-03,18:45,B152PR,"ME	0	21:33:19.565	Core 04	2026.09.03 18:45:00   [SRJ-IND] B152PR sym=EURUSD bar=2026.09.03 18:40 z1=2149,S,1.16492,1.16507,2026.08.28 06:40,1,2026.08.28 14:00,1.16494,1.16471"
1726,RECON62-B160,1617DC1ACCE6B50ED2D1359582A70A8B8503C569623EE90C18C6B33542796207,Tester/logs/20261010.log,5940859,2026-09-03,18:45,B152PR,"QJ	0	21:33:19.565	Core 04	2026.09.03 18:45:00   [SRJ-IND] B152PR sym=EURUSD bar=2026.09.03 18:40 z1=2792,B,1.15906,1.15944,2026.09.03 06:15,1,2026.09.03 06:20,1.15956,1.15943"
1727,RECON62-B160,1617DC1ACCE6B50ED2D1359582A70A8B8503C569623EE90C18C6B33542796207,Tester/logs/20261010.log,5940860,2026-09-03,18:45,B152PR,"EP	0	21:33:19.565	Core 04	2026.09.03 18:45:00   [SRJ-IND] B152PR sym=EURUSD bar=2026.09.03 18:40 z1=2861,B,1.16114,1.16153,2026.09.03 16:45,1,2026.09.03 17:35,1.16191,1.16153"
1728,RECON62-B160,1617DC1ACCE6B50ED2D1359582A70A8B8503C569623EE90C18C6B33542796207,Tester/logs/20261010.log,5940861,2026-09-03,18:45,B152PR,"OD	0	21:33:19.565	Core 04	2026.09.03 18:45:00   [SRJ-IND] B152PR sym=EURUSD bar=2026.09.03 18:40 bull=1 bear=1 nz=16"
1729,RECON62-B160,1617DC1ACCE6B50ED2D1359582A70A8B8503C569623EE90C18C6B33542796207,Tester/logs/20261010.log,5940866,2026-09-03,18:45,ABORT,"OR	0	21:33:19.565	Core 04	2026.09.03 18:45:00   [SRJ-EA] 2026.09.03 18:45:00 ABORT reason=FRESH_OPP_FVG state=S4_ARMED poi=Daily-POC dir=LONG"
1730,RECON62-B160,1617DC1ACCE6B50ED2D1359582A70A8B8503C569623EE90C18C6B33542796207,Tester/logs/20261010.log,5940867,2026-09-03,18:45,A6REFUSED,"IP	0	21:33:19.565	Core 04	2026.09.03 18:45:00   [SRJ-EA] A6REFUSED class=ABSENT_DECLINED bar=2026.09.03 18:45 state=S4_ARMED dir=LONG predicate=FRESH_OPP_FVG"
1731,RECON62-B160,1617DC1ACCE6B50ED2D1359582A70A8B8503C569623EE90C18C6B33542796207,Tester/logs/20261010.log,5940869,2026-09-03,18:45,STATE,"HI	0	21:33:19.565	Core 04	2026.09.03 18:45:00   [SRJ-EA] 2026.09.03 18:45:00 STATE S4_ARMED->ABORT dir=LONG poi=Daily-POC"
1732,RECON62-B160,1617DC1ACCE6B50ED2D1359582A70A8B8503C569623EE90C18C6B33542796207,Tester/logs/20261010.log,5940871,2026-09-03,18:50,B152PR,"CL	0	21:33:19.565	Core 04	2026.09.03 18:50:00   [SRJ-IND] B152PR sym=EURUSD bar=2026.09.03 18:45 z1=305,B,1.15201,1.15225,2026.08.13 10:45,1,2026.08.13 11:00,1.15264,1.15225"
1733,RECON62-B160,1617DC1ACCE6B50ED2D1359582A70A8B8503C569623EE90C18C6B33542796207,Tester/logs/20261010.log,5940872,2026-09-03,18:50,B152PR,"OF	0	21:33:19.565	Core 04	2026.09.03 18:50:00   [SRJ-IND] B152PR sym=EURUSD bar=2026.09.03 18:45 z1=405,B,1.15248,1.15263,2026.08.14 00:25,1,2026.08.14 00:50,1.15276,1.15259"
1734,RECON62-B160,1617DC1ACCE6B50ED2D1359582A70A8B8503C569623EE90C18C6B33542796207,Tester/logs/20261010.log,5940873,2026-09-03,18:50,B152PR,"FH	0	21:33:19.565	Core 04	2026.09.03 18:50:00   [SRJ-IND] B152PR sym=EURUSD bar=2026.09.03 18:45 z1=435,B,1.15357,1.15373,2026.08.14 06:30,1,2026.08.14 06:35,1.15382,1.15367"
1735,RECON62-B160,1617DC1ACCE6B50ED2D1359582A70A8B8503C569623EE90C18C6B33542796207,Tester/logs/20261010.log,5940874,2026-09-03,18:50,B152PR,"LR	0	21:33:19.565	Core 04	2026.09.03 18:50:00   [SRJ-IND] B152PR sym=EURUSD bar=2026.09.03 18:45 z1=484,B,1.15504,1.15532,2026.08.14 11:45,1,2026.08.14 11:50,1.15549,1.15520"
1736,RECON62-B160,1617DC1ACCE6B50ED2D1359582A70A8B8503C569623EE90C18C6B33542796207,Tester/logs/20261010.log,5940875,2026-09-03,18:50,B152PR,"LF	0	21:33:19.565	Core 04	2026.09.03 18:50:00   [SRJ-IND] B152PR sym=EURUSD bar=2026.09.03 18:45 z1=1389,S,1.17072,1.17107,2026.08.21 13:55,1,2026.08.21 14:20,1.17098,1.17032"
1737,RECON62-B160,1617DC1ACCE6B50ED2D1359582A70A8B8503C569623EE90C18C6B33542796207,Tester/logs/20261010.log,5940876,2026-09-03,18:50,B152PR,"QL	0	21:33:19.565	Core 04	2026.09.03 18:50:00   [SRJ-IND] B152PR sym=EURUSD bar=2026.09.03 18:45 z1=1481,S,1.16836,1.16871,2026.08.24 04:10,1,2026.08.24 05:10,1.16841,1.16818"
1738,RECON62-B160,1617DC1ACCE6B50ED2D1359582A70A8B8503C569623EE90C18C6B33542796207,Tester/logs/20261010.log,5940877,2026-09-03,18:50,B152PR,"HR	0	21:33:19.565	Core 04	2026.09.03 18:50:00   [SRJ-IND] B152PR sym=EURUSD bar=2026.09.03 18:45 z1=1484,S,1.16822,1.16855,2026.08.24 04:20,1,2026.08.24 05:00,1.16831,1.16810"
1739,RECON62-B160,1617DC1ACCE6B50ED2D1359582A70A8B8503C569623EE90C18C6B33542796207,Tester/logs/20261010.log,5940878,2026-09-03,18:50,B152PR,"RH	0	21:33:19.565	Core 04	2026.09.03 18:50:00   [SRJ-IND] B152PR sym=EURUSD bar=2026.09.03 18:45 z1=1516,S,1.16800,1.16817,2026.08.24 08:45,1,2026.08.24 08:55,1.16812,1.16783"
1740,RECON62-B160,1617DC1ACCE6B50ED2D1359582A70A8B8503C569623EE90C18C6B33542796207,Tester/logs/20261010.log,5940879,2026-09-03,18:50,B152PR,"RN	0	21:33:19.565	Core 04	2026.09.03 18:50:00   [SRJ-IND] B152PR sym=EURUSD bar=2026.09.03 18:45 z1=1704,S,1.16580,1.16647,2026.08.26 16:00,1,2026.08.26 16:30,1.16587,1.16541"
1741,RECON62-B160,1617DC1ACCE6B50ED2D1359582A70A8B8503C569623EE90C18C6B33542796207,Tester/logs/20261010.log,5940880,2026-09-03,18:50,B152PR,"MD	0	21:33:19.565	Core 04	2026.09.03 18:50:00   [SRJ-IND] B152PR sym=EURUSD bar=2026.09.03 18:45 z1=1728,S,1.16596,1.16624,2026.08.26 16:00,1,2026.08.27 16:25,1.16598,1.16561"
1742,RECON62-B160,1617DC1ACCE6B50ED2D1359582A70A8B8503C569623EE90C18C6B33542796207,Tester/logs/20261010.log,5940881,2026-09-03,18:50,B152PR,"IJ	0	21:33:19.565	Core 04	2026.09.03 18:50:00   [SRJ-IND] B152PR sym=EURUSD bar=2026.09.03 18:45 z1=1784,S,1.16754,1.16787,2026.08.25 23:40,1,2026.08.25 23:50,1.16758,1.16746"
1743,RECON62-B160,1617DC1ACCE6B50ED2D1359582A70A8B8503C569623EE90C18C6B33542796207,Tester/logs/20261010.log,5940882,2026-09-03,18:50,B152PR,"EP	0	21:33:19.565	Core 04	2026.09.03 18:50:00   [SRJ-IND] B152PR sym=EURUSD bar=2026.09.03 18:45 z1=1866,S,1.16723,1.16738,2026.08.26 12:00,1,2026.08.26 15:10,1.16732,1.16692"
1744,RECON62-B160,1617DC1ACCE6B50ED2D1359582A70A8B8503C569623EE90C18C6B33542796207,Tester/logs/20261010.log,5940883,2026-09-03,18:50,B152PR,"MF	0	21:33:19.565	Core 04	2026.09.03 18:50:00   [SRJ-IND] B152PR sym=EURUSD bar=2026.09.03 18:45 z1=2109,S,1.16505,1.16537,2026.08.28 05:05,1,2026.08.28 05:55,1.16507,1.16497"
1745,RECON62-B160,1617DC1ACCE6B50ED2D1359582A70A8B8503C569623EE90C18C6B33542796207,Tester/logs/20261010.log,5940884,2026-09-03,18:50,B152PR,"FL	0	21:33:19.565	Core 04	2026.09.03 18:50:00   [SRJ-IND] B152PR sym=EURUSD bar=2026.09.03 18:45 z1=2149,S,1.16492,1.16507,2026.08.28 06:40,1,2026.08.28 14:00,1.16494,1.16471"
1746,RECON62-B160,1617DC1ACCE6B50ED2D1359582A70A8B8503C569623EE90C18C6B33542796207,Tester/logs/20261010.log,5940885,2026-09-03,18:50,B152PR,"JS	0	21:33:19.565	Core 04	2026.09.03 18:50:00   [SRJ-IND] B152PR sym=EURUSD bar=2026.09.03 18:45 z1=2792,B,1.15906,1.15944,2026.09.03 06:15,1,2026.09.03 06:20,1.15956,1.15943"
1747,RECON62-B160,1617DC1ACCE6B50ED2D1359582A70A8B8503C569623EE90C18C6B33542796207,Tester/logs/20261010.log,5940886,2026-09-03,18:50,B152PR,"NI	0	21:33:19.565	Core 04	2026.09.03 18:50:00   [SRJ-IND] B152PR sym=EURUSD bar=2026.09.03 18:45 z1=2861,B,1.16114,1.16153,2026.09.03 16:45,1,2026.09.03 17:35,1.16191,1.16153"
1748,RECON62-B160,1617DC1ACCE6B50ED2D1359582A70A8B8503C569623EE90C18C6B33542796207,Tester/logs/20261010.log,5940887,2026-09-03,18:50,B152PR,"HM	0	21:33:19.565	Core 04	2026.09.03 18:50:00   [SRJ-IND] B152PR sym=EURUSD bar=2026.09.03 18:45 bull=1 bear=1 nz=16"
1749,RECON62-B160,1617DC1ACCE6B50ED2D1359582A70A8B8503C569623EE90C18C6B33542796207,Tester/logs/20261010.log,5940894,2026-09-03,18:55,B152PR,"HK	0	21:33:19.565	Core 04	2026.09.03 18:55:00   [SRJ-IND] B152PR sym=EURUSD bar=2026.09.03 18:50 z1=305,B,1.15201,1.15225,2026.08.13 10:45,1,2026.08.13 11:00,1.15264,1.15225"
1750,RECON62-B160,1617DC1ACCE6B50ED2D1359582A70A8B8503C569623EE90C18C6B33542796207,Tester/logs/20261010.log,5940895,2026-09-03,18:55,B152PR,"DM	0	21:33:19.565	Core 04	2026.09.03 18:55:00   [SRJ-IND] B152PR sym=EURUSD bar=2026.09.03 18:50 z1=405,B,1.15248,1.15263,2026.08.14 00:25,1,2026.08.14 00:50,1.15276,1.15259"
1751,RECON62-B160,1617DC1ACCE6B50ED2D1359582A70A8B8503C569623EE90C18C6B33542796207,Tester/logs/20261010.log,5940896,2026-09-03,18:55,B152PR,"QG	0	21:33:19.565	Core 04	2026.09.03 18:55:00   [SRJ-IND] B152PR sym=EURUSD bar=2026.09.03 18:50 z1=435,B,1.15357,1.15373,2026.08.14 06:30,1,2026.08.14 06:35,1.15382,1.15367"
1752,RECON62-B160,1617DC1ACCE6B50ED2D1359582A70A8B8503C569623EE90C18C6B33542796207,Tester/logs/20261010.log,5940897,2026-09-03,18:55,B152PR,"OI	0	21:33:19.565	Core 04	2026.09.03 18:55:00   [SRJ-IND] B152PR sym=EURUSD bar=2026.09.03 18:50 z1=484,B,1.15504,1.15532,2026.08.14 11:45,1,2026.08.14 11:50,1.15549,1.15520"
1753,RECON62-B160,1617DC1ACCE6B50ED2D1359582A70A8B8503C569623EE90C18C6B33542796207,Tester/logs/20261010.log,5940898,2026-09-03,18:55,B152PR,"OQ	0	21:33:19.565	Core 04	2026.09.03 18:55:00   [SRJ-IND] B152PR sym=EURUSD bar=2026.09.03 18:50 z1=1389,S,1.17072,1.17107,2026.08.21 13:55,1,2026.08.21 14:20,1.17098,1.17032"
1754,RECON62-B160,1617DC1ACCE6B50ED2D1359582A70A8B8503C569623EE90C18C6B33542796207,Tester/logs/20261010.log,5940899,2026-09-03,18:55,B152PR,"NG	0	21:33:19.565	Core 04	2026.09.03 18:55:00   [SRJ-IND] B152PR sym=EURUSD bar=2026.09.03 18:50 z1=1481,S,1.16836,1.16871,2026.08.24 04:10,1,2026.08.24 05:10,1.16841,1.16818"
1755,RECON62-B160,1617DC1ACCE6B50ED2D1359582A70A8B8503C569623EE90C18C6B33542796207,Tester/logs/20261010.log,5940900,2026-09-03,18:55,B152PR,"CM	0	21:33:19.565	Core 04	2026.09.03 18:55:00   [SRJ-IND] B152PR sym=EURUSD bar=2026.09.03 18:50 z1=1484,S,1.16822,1.16855,2026.08.24 04:20,1,2026.08.24 05:00,1.16831,1.16810"
1756,RECON62-B160,1617DC1ACCE6B50ED2D1359582A70A8B8503C569623EE90C18C6B33542796207,Tester/logs/20261010.log,5940901,2026-09-03,18:55,B152PR,"MS	0	21:33:19.565	Core 04	2026.09.03 18:55:00   [SRJ-IND] B152PR sym=EURUSD bar=2026.09.03 18:50 z1=1516,S,1.16800,1.16817,2026.08.24 08:45,1,2026.08.24 08:55,1.16812,1.16783"
1757,RECON62-B160,1617DC1ACCE6B50ED2D1359582A70A8B8503C569623EE90C18C6B33542796207,Tester/logs/20261010.log,5940902,2026-09-03,18:55,B152PR,"MI	0	21:33:19.565	Core 04	2026.09.03 18:55:00   [SRJ-IND] B152PR sym=EURUSD bar=2026.09.03 18:50 z1=1704,S,1.16580,1.16647,2026.08.26 16:00,1,2026.08.26 16:30,1.16587,1.16541"
1758,RECON62-B160,1617DC1ACCE6B50ED2D1359582A70A8B8503C569623EE90C18C6B33542796207,Tester/logs/20261010.log,5940903,2026-09-03,18:55,B152PR,"RO	0	21:33:19.565	Core 04	2026.09.03 18:55:00   [SRJ-IND] B152PR sym=EURUSD bar=2026.09.03 18:50 z1=1728,S,1.16596,1.16624,2026.08.26 16:00,1,2026.08.27 16:25,1.16598,1.16561"
1759,RECON62-B160,1617DC1ACCE6B50ED2D1359582A70A8B8503C569623EE90C18C6B33542796207,Tester/logs/20261010.log,5940904,2026-09-03,18:55,B152PR,"FE	0	21:33:19.565	Core 04	2026.09.03 18:55:00   [SRJ-IND] B152PR sym=EURUSD bar=2026.09.03 18:50 z1=1784,S,1.16754,1.16787,2026.08.25 23:40,1,2026.08.25 23:50,1.16758,1.16746"
1760,RECON62-B160,1617DC1ACCE6B50ED2D1359582A70A8B8503C569623EE90C18C6B33542796207,Tester/logs/20261010.log,5940905,2026-09-03,18:55,B152PR,"JK	0	21:33:19.565	Core 04	2026.09.03 18:55:00   [SRJ-IND] B152PR sym=EURUSD bar=2026.09.03 18:50 z1=1866,S,1.16723,1.16738,2026.08.26 12:00,1,2026.08.26 15:10,1.16732,1.16692"
1761,RECON62-B160,1617DC1ACCE6B50ED2D1359582A70A8B8503C569623EE90C18C6B33542796207,Tester/logs/20261010.log,5940906,2026-09-03,18:55,B152PR,"RQ	0	21:33:19.565	Core 04	2026.09.03 18:55:00   [SRJ-IND] B152PR sym=EURUSD bar=2026.09.03 18:50 z1=2109,S,1.16505,1.16537,2026.08.28 05:05,1,2026.08.28 05:55,1.16507,1.16497"
1762,RECON62-B160,1617DC1ACCE6B50ED2D1359582A70A8B8503C569623EE90C18C6B33542796207,Tester/logs/20261010.log,5940907,2026-09-03,18:55,B152PR,"IG	0	21:33:19.565	Core 04	2026.09.03 18:55:00   [SRJ-IND] B152PR sym=EURUSD bar=2026.09.03 18:50 z1=2149,S,1.16492,1.16507,2026.08.28 06:40,1,2026.08.28 14:00,1.16494,1.16471"
1763,RECON62-B160,1617DC1ACCE6B50ED2D1359582A70A8B8503C569623EE90C18C6B33542796207,Tester/logs/20261010.log,5940908,2026-09-03,18:55,B152PR,"EL	0	21:33:19.565	Core 04	2026.09.03 18:55:00   [SRJ-IND] B152PR sym=EURUSD bar=2026.09.03 18:50 z1=2792,B,1.15906,1.15944,2026.09.03 06:15,1,2026.09.03 06:20,1.15956,1.15943"
1764,RECON62-B160,1617DC1ACCE6B50ED2D1359582A70A8B8503C569623EE90C18C6B33542796207,Tester/logs/20261010.log,5940909,2026-09-03,18:55,B152PR,"QR	0	21:33:19.565	Core 04	2026.09.03 18:55:00   [SRJ-IND] B152PR sym=EURUSD bar=2026.09.03 18:50 z1=2861,B,1.16114,1.16153,2026.09.03 16:45,1,2026.09.03 17:35,1.16191,1.16153"
1765,RECON62-B160,1617DC1ACCE6B50ED2D1359582A70A8B8503C569623EE90C18C6B33542796207,Tester/logs/20261010.log,5940910,2026-09-03,18:55,B152PR,"CJ	0	21:33:19.565	Core 04	2026.09.03 18:55:00   [SRJ-IND] B152PR sym=EURUSD bar=2026.09.03 18:50 bull=1 bear=1 nz=16"
1766,RECON62-B160,1617DC1ACCE6B50ED2D1359582A70A8B8503C569623EE90C18C6B33542796207,Tester/logs/20261010.log,5940918,2026-09-03,19:00,B152PR,"RP	0	21:33:19.565	Core 04	2026.09.03 19:00:00   [SRJ-IND] B152PR sym=EURUSD bar=2026.09.03 18:55 z1=305,B,1.15201,1.15225,2026.08.13 10:45,1,2026.08.13 11:00,1.15264,1.15225"
1767,RECON62-B160,1617DC1ACCE6B50ED2D1359582A70A8B8503C569623EE90C18C6B33542796207,Tester/logs/20261010.log,5940919,2026-09-03,19:00,B152PR,"RJ	0	21:33:19.565	Core 04	2026.09.03 19:00:00   [SRJ-IND] B152PR sym=EURUSD bar=2026.09.03 18:55 z1=405,B,1.15248,1.15263,2026.08.14 00:25,1,2026.08.14 00:50,1.15276,1.15259"
1768,RECON62-B160,1617DC1ACCE6B50ED2D1359582A70A8B8503C569623EE90C18C6B33542796207,Tester/logs/20261010.log,5940920,2026-09-03,19:00,B152PR,"OO	0	21:33:19.565	Core 04	2026.09.03 19:00:00   [SRJ-IND] B152PR sym=EURUSD bar=2026.09.03 18:55 z1=435,B,1.15357,1.15373,2026.08.14 06:30,1,2026.08.14 06:35,1.15382,1.15367"
1769,RECON62-B160,1617DC1ACCE6B50ED2D1359582A70A8B8503C569623EE90C18C6B33542796207,Tester/logs/20261010.log,5940921,2026-09-03,19:00,B152PR,"EQ	0	21:33:19.565	Core 04	2026.09.03 19:00:00   [SRJ-IND] B152PR sym=EURUSD bar=2026.09.03 18:55 z1=484,B,1.15504,1.15532,2026.08.14 11:45,1,2026.08.14 11:50,1.15549,1.15520"
1770,RECON62-B160,1617DC1ACCE6B50ED2D1359582A70A8B8503C569623EE90C18C6B33542796207,Tester/logs/20261010.log,5940922,2026-09-03,19:00,B152PR,"II	0	21:33:19.565	Core 04	2026.09.03 19:00:00   [SRJ-IND] B152PR sym=EURUSD bar=2026.09.03 18:55 z1=1389,S,1.17072,1.17107,2026.08.21 13:55,1,2026.08.21 14:20,1.17098,1.17032"
1771,RECON62-B160,1617DC1ACCE6B50ED2D1359582A70A8B8503C569623EE90C18C6B33542796207,Tester/logs/20261010.log,5940923,2026-09-03,19:00,B152PR,"DO	0	21:33:19.565	Core 04	2026.09.03 19:00:00   [SRJ-IND] B152PR sym=EURUSD bar=2026.09.03 18:55 z1=1481,S,1.16836,1.16871,2026.08.24 04:10,1,2026.08.24 05:10,1.16841,1.16818"
1772,RECON62-B160,1617DC1ACCE6B50ED2D1359582A70A8B8503C569623EE90C18C6B33542796207,Tester/logs/20261010.log,5940924,2026-09-03,19:00,B152PR,"ME	0	21:33:19.565	Core 04	2026.09.03 19:00:00   [SRJ-IND] B152PR sym=EURUSD bar=2026.09.03 18:55 z1=1484,S,1.16822,1.16855,2026.08.24 04:20,1,2026.08.24 05:00,1.16831,1.16810"
1773,RECON62-B160,1617DC1ACCE6B50ED2D1359582A70A8B8503C569623EE90C18C6B33542796207,Tester/logs/20261010.log,5940925,2026-09-03,19:00,B152PR,"CK	0	21:33:19.565	Core 04	2026.09.03 19:00:00   [SRJ-IND] B152PR sym=EURUSD bar=2026.09.03 18:55 z1=1516,S,1.16800,1.16817,2026.08.24 08:45,1,2026.08.24 08:55,1.16812,1.16783"
1774,RECON62-B160,1617DC1ACCE6B50ED2D1359582A70A8B8503C569623EE90C18C6B33542796207,Tester/logs/20261010.log,5940926,2026-09-03,19:00,B152PR,"CQ	0	21:33:19.565	Core 04	2026.09.03 19:00:00   [SRJ-IND] B152PR sym=EURUSD bar=2026.09.03 18:55 z1=1704,S,1.16580,1.16647,2026.08.26 16:00,1,2026.08.26 16:30,1.16587,1.16541"
1775,RECON62-B160,1617DC1ACCE6B50ED2D1359582A70A8B8503C569623EE90C18C6B33542796207,Tester/logs/20261010.log,5940927,2026-09-03,19:00,B152PR,"HG	0	21:33:19.565	Core 04	2026.09.03 19:00:00   [SRJ-IND] B152PR sym=EURUSD bar=2026.09.03 18:55 z1=1728,S,1.16596,1.16624,2026.08.26 16:00,1,2026.08.27 16:25,1.16598,1.16561"
1776,RECON62-B160,1617DC1ACCE6B50ED2D1359582A70A8B8503C569623EE90C18C6B33542796207,Tester/logs/20261010.log,5940928,2026-09-03,19:00,B152PR,"LM	0	21:33:19.565	Core 04	2026.09.03 19:00:00   [SRJ-IND] B152PR sym=EURUSD bar=2026.09.03 18:55 z1=1784,S,1.16754,1.16787,2026.08.25 23:40,1,2026.08.25 23:50,1.16758,1.16746"
1777,RECON62-B160,1617DC1ACCE6B50ED2D1359582A70A8B8503C569623EE90C18C6B33542796207,Tester/logs/20261010.log,5940929,2026-09-03,19:00,B152PR,"PS	0	21:33:19.565	Core 04	2026.09.03 19:00:00   [SRJ-IND] B152PR sym=EURUSD bar=2026.09.03 18:55 z1=1866,S,1.16723,1.16738,2026.08.26 12:00,1,2026.08.26 15:10,1.16732,1.16692"
1778,RECON62-B160,1617DC1ACCE6B50ED2D1359582A70A8B8503C569623EE90C18C6B33542796207,Tester/logs/20261010.log,5940930,2026-09-03,19:00,B152PR,"HI	0	21:33:19.565	Core 04	2026.09.03 19:00:00   [SRJ-IND] B152PR sym=EURUSD bar=2026.09.03 18:55 z1=2109,S,1.16505,1.16537,2026.08.28 05:05,1,2026.08.28 05:55,1.16507,1.16497"
1779,RECON62-B160,1617DC1ACCE6B50ED2D1359582A70A8B8503C569623EE90C18C6B33542796207,Tester/logs/20261010.log,5940931,2026-09-03,19:00,B152PR,"OO	0	21:33:19.565	Core 04	2026.09.03 19:00:00   [SRJ-IND] B152PR sym=EURUSD bar=2026.09.03 18:55 z1=2149,S,1.16492,1.16507,2026.08.28 06:40,1,2026.08.28 14:00,1.16494,1.16471"
1780,RECON62-B160,1617DC1ACCE6B50ED2D1359582A70A8B8503C569623EE90C18C6B33542796207,Tester/logs/20261010.log,5940932,2026-09-03,19:00,B152PR,"KD	0	21:33:19.565	Core 04	2026.09.03 19:00:00   [SRJ-IND] B152PR sym=EURUSD bar=2026.09.03 18:55 z1=2792,B,1.15906,1.15944,2026.09.03 06:15,1,2026.09.03 06:20,1.15956,1.15943"
1781,RECON62-B160,1617DC1ACCE6B50ED2D1359582A70A8B8503C569623EE90C18C6B33542796207,Tester/logs/20261010.log,5940933,2026-09-03,19:00,B152PR,"GJ	0	21:33:19.565	Core 04	2026.09.03 19:00:00   [SRJ-IND] B152PR sym=EURUSD bar=2026.09.03 18:55 z1=2861,B,1.16114,1.16153,2026.09.03 16:45,1,2026.09.03 17:35,1.16191,1.16153"
1782,RECON62-B160,1617DC1ACCE6B50ED2D1359582A70A8B8503C569623EE90C18C6B33542796207,Tester/logs/20261010.log,5940934,2026-09-03,19:00,B152PR,"MR	0	21:33:19.565	Core 04	2026.09.03 19:00:00   [SRJ-IND] B152PR sym=EURUSD bar=2026.09.03 18:55 bull=1 bear=1 nz=16"
